{"type":"FeatureCollection","features":[{"type":"Feature","properties":{"cod_imovel":"RJ-3300308-B54BFCB313704FF4862FE45CA68D70E4","num_area":"39.598200000000000000000000000000","ind_status":"AT","des_condic":"Aguardando analise"},"geometry":{"type":"Polygon","coordinates":[[[-43.8871,-22.5191],[-43.8876,-22.5137],[-43.887,-22.5189],[-43.8871,-22.5191]],[[-43.885,-22.5146],[-43.8797,-22.5171],[-43.8851,-22.5147],[-43.885,-22.5146]],[[-43.88,-22.5173],[-43.8838,-22.5162],[-43.8801,-22.5172],[-43.88,-22.5173]],[[-43.8827,-22.5178],[-43.8872,-22.5163],[-43.8827,-22.5178],[-43.8827,-22.5178]],[[-43.8807,-22.5148],[-43.8847,-22.5141],[-43.8808,-22.5147],[-43.8807,-22.5148]]]}},{"type":"Feature","properties":{"cod_imovel":"RJ-3300308-21E33D3A7BA146188FDD5C5E7C2471D7","num_area":"14.744400000000000000000000000000","ind_status":"PE","des_condic":"Aguardando analise"},"geometry":{"type":"Polygon","coordinates":[[[-44.0168,-22.4813],[-44.0168,-22.4859],[-44.0212,-22.4836],[-44.0179,-22.4814],[-44.0168,-22.4813]]]}},{"type":"Feature","properties":{"cod_imovel":"RJ-3300308-15060EEB7A9C4E73889BE0AE73D1A689","num_area":"22.578800000000000000000000000000","ind_status":"AT","des_condic":"Aguardando analise"},"geometry":{"type":"Polygon","coordinates":[[[-43.8583,-22.3656],[-43.86,-22.3742],[-43.8586,-22.366],[-43.8583,-22.3656]]]}},{"type":"Feature","properties":{"cod_imovel":"RJ-3300308-32F3C734D2F24F63993707D4B6234562","num_area":"188.10290000000000000000000000000","ind_status":"AT","des_condic":"Aguardando analise"},"geometry":{"type":"Polygon","coordinates":[[[-43.7814,-22.4071],[-43.784,-22.4117],[-43.7769,-22.4144],[-43.7858,-22.414],[-43.7848,-22.4108],[-43.7859,-22.4138],[-43.7762,-22.4156],[-43.7913,-22.4259],[-43.7849,-22.4203],[-43.794,-22.4184],[-43.7967,-22.4201],[-43.7849,-22.4203],[-43.7987,-22.4275],[-43.7955,-22.4167],[-43.7822,-22.4076],[-43.7814,-22.4071]],[[-43.7942,-22.4166],[-43.7881,-22.4161],[-43.7937,-22.4167],[-43.7942,-22.4166]],[[-43.7835,-22.4192],[-43.7802,-22.4174],[-43.7857,-22.4154],[-43.7835,-22.4192]],[[-43.794,-22.4217],[-43.7924,-22.425],[-43.7937,-22.4215],[-43.794,-22.4217]]]}},{"type":"Feature","properties":{"cod_imovel":"RJ-3300308-C16896B9E8004A85B7CFD461EE6792E3","num_area":"36.363800000000000000000000000000","ind_status":"PE","des_condic":"Analisado, aguardando atendimento a notificacao"},"geometry":{"type":"Polygon","coordinates":[[[-43.9992,-22.4726],[-44.0051,-22.4753],[-43.9995,-22.4673],[-43.9992,-22.4721],[-43.9992,-22.4726]],[[-44.0036,-22.4692],[-44.0018,-22.4651],[-44.0027,-22.4697],[-44.0036,-22.4692]]]}},{"type":"Feature","properties":{"cod_imovel":"RJ-3300308-EDB5256E52EF4032AE9C106EF91E5C87","num_area":"10.081500000000000000000000000000","ind_status":"AT","des_condic":"Aguardando analise"},"geometry":{"type":"Polygon","coordinates":[[[-43.8548,-22.347],[-43.8493,-22.3421],[-43.855,-22.3467],[-43.8548,-22.347]]]}},{"type":"Feature","properties":{"cod_imovel":"RJ-3300308-B953C0943C7C4D1194F43FC23D6E7468","num_area":"99.855800000000000000000000000000","ind_status":"AT","des_condic":"Aguardando analise"},"geometry":{"type":"Polygon","coordinates":[[[-43.912,-22.4613],[-43.9033,-22.4659],[-43.908,-22.4671],[-43.912,-22.4613],[-43.912,-22.4613]],[[-43.9032,-22.4662],[-43.9025,-22.4718],[-43.9037,-22.4663],[-43.9032,-22.4662]],[[-43.9023,-22.4721],[-43.8995,-22.4732],[-43.9064,-22.4725],[-43.9083,-22.4677],[-43.9041,-22.4667],[-43.9021,-22.4723],[-43.9023,-22.4721]],[[-43.9059,-22.4707],[-43.9093,-22.4698],[-43.9059,-22.4707],[-43.9059,-22.4707]],[[-43.9094,-22.4697],[-43.9168,-22.4647],[-43.9115,-22.465],[-43.9125,-22.4617],[-43.9093,-22.4697],[-43.9094,-22.4697]]]}},{"type":"Feature","properties":{"cod_imovel":"RJ-3300308-901092C7C63242FB9A76E08E156A7869","num_area":"117.72150000000000000000000000000","ind_status":"SU","des_condic":"Aguardando analise, apos revisao ou atendimento da notificacao"},"geometry":{"type":"Polygon","coordinates":[[[-43.7817,-22.3882],[-43.7769,-22.3903],[-43.7832,-22.3971],[-43.7806,-22.3887],[-43.7817,-22.3882]],[[-43.7761,-22.3907],[-43.7826,-22.3987],[-43.7785,-22.3917],[-43.7761,-22.3907]],[[-43.7932,-22.4028],[-43.7917,-22.3948],[-43.7835,-22.391],[-43.7927,-22.4032],[-43.7932,-22.4028]],[[-43.7917,-22.3947],[-43.7924,-22.4008],[-43.8012,-22.3998],[-43.7921,-22.3943],[-43.7917,-22.3947]],[[-43.7964,-22.3946],[-43.8009,-22.3958],[-43.7966,-22.395],[-43.7964,-22.3946]]]}},{"type":"Feature","properties":{"cod_imovel":"RJ-3300308-4E79B4674D3D49049C7F7E8939F200A2","num_area":"12.050200000000000000000000000000","ind_status":"AT","des_condic":"Aguardando analise"},"geometry":{"type":"Polygon","coordinates":[[[-44.0429,-22.4687],[-44.0439,-22.4721],[-44.047,-22.4692],[-44.043,-22.4684],[-44.0429,-22.4687]]]}},{"type":"Feature","properties":{"cod_imovel":"RJ-3300308-2016C115FB6D48BAB07D5F4900DC0109","num_area":"10.717000000000000000000000000000","ind_status":"AT","des_condic":"Aguardando analise"},"geometry":{"type":"Polygon","coordinates":[[[-44.0478,-22.4642],[-44.0523,-22.4626],[-44.0487,-22.4627],[-44.0478,-22.4642]]]}},{"type":"Feature","properties":{"cod_imovel":"RJ-3300308-799F2E487FA542EF818F584E799287A1","num_area":"25.539300000000000000000000000000","ind_status":"AT","des_condic":"Aguardando analise, apos revisao ou atendimento da notificacao"},"geometry":{"type":"Polygon","coordinates":[[[-43.8147,-22.4804],[-43.8117,-22.4845],[-43.817,-22.4861],[-43.8148,-22.4803],[-43.8147,-22.4804]]]}},{"type":"Feature","properties":{"cod_imovel":"RJ-3300308-0FAF4A2C11864AADBD28DD425DC27CA2","num_area":"104.93950000000000000000000000000","ind_status":"AT","des_condic":"Aguardando analise"},"geometry":{"type":"Polygon","coordinates":[[[-44.0011,-22.3316],[-44.0094,-22.3261],[-44.0022,-22.3319],[-44.0092,-22.3304],[-44.0069,-22.3328],[-44.0114,-22.3346],[-44.0127,-22.3224],[-44.0032,-22.3256],[-44.0013,-22.3312],[-44.0011,-22.3316]],[[-44.0043,-22.3334],[-44.0114,-22.3346],[-44.0043,-22.3334],[-44.0043,-22.3334]],[[-44.0088,-22.3238],[-44.0033,-22.3256],[-44.0076,-22.3243],[-44.0088,-22.3238]]]}},{"type":"Feature","properties":{"cod_imovel":"RJ-3300308-A95456986C634080A7EAE77E67CEEA03","num_area":"130.90900000000000000000000000000","ind_status":"SU","des_condic":"Analisado, aguardando atendimento a notificacao"},"geometry":{"type":"Polygon","coordinates":[[[-44.0609,-22.3861],[-44.0605,-22.3738],[-44.053,-22.3736],[-44.0535,-22.3887],[-44.0596,-22.386],[-44.0611,-22.3895],[-44.0609,-22.3861]],[[-44.0535,-22.3864],[-44.0533,-22.3807],[-44.0535,-22.3864],[-44.0535,-22.3864]],[[-44.0605,-22.3733],[-44.0616,-22.3697],[-44.0529,-22.3665],[-44.0603,-22.3713],[-44.0605,-22.3733]],[[-44.0639,-22.3696],[-44.064,-22.3656],[-44.065,-22.3696],[-44.0639,-22.3696]],[[-44.0639,-22.3652],[-44.0601,-22.3604],[-44.0635,-22.3656],[-44.0639,-22.3652]]]}},{"type":"Feature","properties":{"cod_imovel":"RJ-3300308-23F1BBFE4CB642308927B26BD42D2058","num_area":"31.216400000000000000000000000000","ind_status":"AT","des_condic":"Aguardando analise"},"geometry":{"type":"Polygon","coordinates":[[[-43.9304,-22.4582],[-43.9348,-22.4637],[-43.937,-22.4582],[-43.9304,-22.4582],[-43.9304,-22.4582]],[[-43.9291,-22.4604],[-43.9348,-22.4637],[-43.9291,-22.4605],[-43.9291,-22.4604]]]}},{"type":"Feature","properties":{"cod_imovel":"RJ-3300308-18F8C510FC74465CBA6282746278A17E","num_area":"42.686700000000000000000000000000","ind_status":"AT","des_condic":"Em analise"},"geometry":{"type":"Polygon","coordinates":[[[-43.9273,-22.4328],[-43.9333,-22.4292],[-43.9282,-22.4274],[-43.9274,-22.4321],[-43.9273,-22.4328]],[[-43.9307,-22.4336],[-43.9375,-22.4374],[-43.9306,-22.4336],[-43.9307,-22.4336]],[[-43.9429,-22.429],[-43.9378,-22.4328],[-43.9426,-22.4296],[-43.9429,-22.429]],[[-43.937,-22.4313],[-43.9399,-22.4291],[-43.9322,-22.4292],[-43.937,-22.431],[-43.937,-22.4313]]]}},{"type":"Feature","properties":{"cod_imovel":"RJ-3300308-F1FC23937F734E10BF6BF54C5ADFC4B5","num_area":"71.101000000000000000000000000000","ind_status":"AT","des_condic":"Em analise"},"geometry":{"type":"Polygon","coordinates":[[[-44.0063,-22.4632],[-44.0068,-22.4685],[-44.0069,-22.4628],[-44.0063,-22.4632]],[[-44.0065,-22.4698],[-44.0092,-22.4716],[-44.0065,-22.4698],[-44.0065,-22.4698]],[[-44.0081,-22.4722],[-44.0074,-22.4755],[-44.0151,-22.4765],[-44.0086,-22.4719],[-44.0081,-22.4722]],[[-44.0151,-22.4765],[-44.0171,-22.4708],[-44.0106,-22.4714],[-44.0151,-22.4753],[-44.0166,-22.4709],[-44.015,-22.4761],[-44.0151,-22.4765]]]}},{"type":"Feature","properties":{"cod_imovel":"RJ-3300308-06455B9D86E044828ED850E49237F70B","num_area":"87.125600000000000000000000000000","ind_status":"SU","des_condic":"Analisado, aguardando atendimento a notificacao"},"geometry":{"type":"Polygon","coordinates":[[[-43.7677,-22.4088],[-43.7733,-22.4188],[-43.7772,-22.4135],[-43.7747,-22.4102],[-43.7794,-22.4082],[-43.7768,-22.4145],[-43.7816,-22.4063],[-43.7675,-22.4101],[-43.7677,-22.4088]],[[-43.7724,-22.4072],[-43.7791,-22.4061],[-43.7724,-22.4072],[-43.7724,-22.4072]]]}},{"type":"Feature","properties":{"cod_imovel":"RJ-3300308-AB657ABB968C4F5D8B247C563BF8F958","num_area":"67.469600000000000000000000000000","ind_status":"AT","des_condic":"Analisado, aguardando atendimento a notificacao"},"geometry":{"type":"Polygon","coordinates":[[[-43.8868,-22.4988],[-43.8812,-22.497],[-43.8868,-22.4988],[-43.8868,-22.4988]],[[-43.8865,-22.4941],[-43.8812,-22.497],[-43.8865,-22.4941],[-43.8865,-22.4941]],[[-43.883,-22.5038],[-43.8875,-22.5035],[-43.8829,-22.5039],[-43.883,-22.5038]],[[-43.8846,-22.4914],[-43.8821,-22.4933],[-43.8848,-22.4913],[-43.8846,-22.4914]],[[-43.8872,-22.4874],[-43.8862,-22.4926],[-43.8873,-22.4872],[-43.8872,-22.4874]],[[-43.8896,-22.4982],[-43.8896,-22.4906],[-43.8863,-22.5057],[-43.8893,-22.4986],[-43.8896,-22.4982]],[[-43.8882,-22.4894],[-43.8868,-22.4928],[-43.8882,-22.4894],[-43.8882,-22.4894]],[[-43.891,-22.4853],[-43.8873,-22.4854],[-43.891,-22.4855],[-43.891,-22.4853]],[[-43.8909,-22.5026],[-43.8947,-22.5036],[-43.8913,-22.5026],[-43.8909,-22.5026]],[[-43.8927,-22.4894],[-43.8918,-22.493],[-43.8927,-22.4895],[-43.8927,-22.4894]],[[-43.8949,-22.5053],[-43.8916,-22.5043],[-43.8949,-22.5053],[-43.8949,-22.5053]]]}},{"type":"Feature","properties":{"cod_imovel":"RJ-3300308-98AC5303BB4847899E8701054E167867","num_area":"11.384300000000000000000000000000","ind_status":"AT","des_condic":"Analisado, aguardando atendimento a notificacao"},"geometry":{"type":"Polygon","coordinates":[[[-44.0208,-22.4783],[-44.0179,-22.4814],[-44.0207,-22.4792],[-44.0208,-22.4783]]]}},{"type":"Feature","properties":{"cod_imovel":"RJ-3300308-D9125A71BF1E4973A087C88A72347177","num_area":"4.8192000000000000000000000000000","ind_status":"AT","des_condic":"Analisado, aguardando atendimento a notificacao"},"geometry":{"type":"Polygon","coordinates":[[[-44.0169,-22.4775],[-44.0168,-22.4813],[-44.0181,-22.4776],[-44.0169,-22.4775]]]}},{"type":"Feature","properties":{"cod_imovel":"RJ-3300308-72EFA69416B74D338C1C8AEE848C3D8E","num_area":"147.32090000000000000000000000000","ind_status":"AT","des_condic":"Analisado, aguardando atendimento a notificacao"},"geometry":{"type":"Polygon","coordinates":[[[-43.8962,-22.4911],[-43.8948,-22.4876],[-43.8935,-22.4954],[-43.8956,-22.4904],[-43.8962,-22.4911]],[[-43.8974,-22.493],[-43.895,-22.5031],[-43.8935,-22.4955],[-43.8968,-22.5053],[-43.909,-22.4964],[-43.8975,-22.4929],[-43.8974,-22.493]],[[-43.9107,-22.4936],[-43.8979,-22.4923],[-43.9091,-22.4964],[-43.9107,-22.4936]]]}},{"type":"Feature","properties":{"cod_imovel":"RJ-3300308-14ED153EE2644B1CABDE590F5256D9D5","num_area":"117.32810000000000000000000000000","ind_status":"AT","des_condic":"Analisado, aguardando atendimento a notificacao"},"geometry":{"type":"Polygon","coordinates":[[[-44.0423,-22.3395],[-44.047,-22.3355],[-44.0457,-22.3302],[-44.0396,-22.33],[-44.0457,-22.3302],[-44.0418,-22.3239],[-44.035,-22.3346],[-44.0357,-22.3395],[-44.0414,-22.3394],[-44.0396,-22.3337],[-44.0454,-22.3345],[-44.0414,-22.3394],[-44.0423,-22.3395]],[[-44.041,-22.335],[-44.0439,-22.3327],[-44.0411,-22.3351],[-44.041,-22.335]],[[-44.0454,-22.3387],[-44.047,-22.3357],[-44.0456,-22.3383],[-44.0454,-22.3387]]]}},{"type":"Feature","properties":{"cod_imovel":"RJ-3300308-60807CA56CB54554BE2C291C1A01D82E","num_area":"3.8377000000000000000000000000000","ind_status":"AT","des_condic":"Analisado, aguardando atendimento a notificacao"},"geometry":{"type":"Polygon","coordinates":[[[-43.9068,-22.5026],[-43.9087,-22.4992],[-43.9067,-22.5021],[-43.9068,-22.5026]]]}},{"type":"Feature","properties":{"cod_imovel":"RJ-3300308-A54F8DA8B5FC4899A3F53D193599A891","num_area":"350.30170000000000000000000000000","ind_status":"AT","des_condic":"Analisado, aguardando atendimento a notificacao"},"geometry":{"type":"Polygon","coordinates":[[[-44.0588,-22.3252],[-44.0618,-22.3313],[-44.0602,-22.3252],[-44.0588,-22.3252]],[[-44.0588,-22.3339],[-44.0647,-22.3405],[-44.0628,-22.3336],[-44.0588,-22.3337],[-44.0588,-22.3339]],[[-44.0663,-22.3448],[-44.0589,-22.3381],[-44.0598,-22.3464],[-44.0682,-22.3529],[-44.0663,-22.3448],[-44.0663,-22.3448]],[[-44.0651,-22.3283],[-44.0606,-22.3315],[-44.0637,-22.3361],[-44.0673,-22.3351],[-44.0649,-22.3283],[-44.0651,-22.3283]],[[-44.0825,-22.3383],[-44.0639,-22.3355],[-44.0683,-22.3529],[-44.0757,-22.3529],[-44.0795,-22.3482],[-44.0745,-22.3426],[-44.0788,-22.3464],[-44.0826,-22.3388],[-44.0825,-22.3383]],[[-44.0772,-22.3423],[-44.0776,-22.337],[-44.0772,-22.3423],[-44.0772,-22.3423]],[[-44.0746,-22.3479],[-44.0718,-22.3525],[-44.0745,-22.3478],[-44.0746,-22.3479]]]}},{"type":"Feature","properties":{"cod_imovel":"RJ-3300308-BDAA926B4D6A4F1092A2E8DF3E8CB77F","num_area":"114.05410000000000000000000000000","ind_status":"AT","des_condic":"Analisado, aguardando atendimento a notificacao"},"geometry":{"type":"Polygon","coordinates":[[[-43.8876,-22.5136],[-43.8943,-22.514],[-43.8876,-22.5136],[-43.8876,-22.5136]],[[-43.9061,-22.5131],[-43.909,-22.5091],[-43.9063,-22.5128],[-43.9061,-22.5131]],[[-43.895,-22.5055],[-43.8884,-22.5056],[-43.8876,-22.5133],[-43.8989,-22.5142],[-43.8998,-22.5085],[-43.8941,-22.5097],[-43.8969,-22.5054],[-43.895,-22.5055]],[[-43.8991,-22.5142],[-43.9036,-22.5144],[-43.8991,-22.5142],[-43.8991,-22.5142]]]}},{"type":"Feature","properties":{"cod_imovel":"RJ-3300308-9AF5F7BD303E47788350554BDF79A021","num_area":"246.20400000000000000000000000000","ind_status":"AT","des_condic":"Analisado, aguardando atendimento a notificacao"},"geometry":{"type":"Polygon","coordinates":[[[-43.9776,-22.5033],[-43.9701,-22.4998],[-43.9703,-22.5034],[-43.9775,-22.5035],[-43.9776,-22.5033]],[[-43.983,-22.5075],[-43.9773,-22.5054],[-43.9815,-22.51],[-43.9738,-22.5102],[-43.9742,-22.5142],[-43.9709,-22.5077],[-43.9716,-22.5154],[-43.9766,-22.5141],[-43.9754,-22.511],[-43.9808,-22.5132],[-43.983,-22.5075],[-43.983,-22.5075]],[[-43.9894,-22.4914],[-43.987,-22.4876],[-43.9771,-22.4905],[-43.9719,-22.4969],[-43.9759,-22.4997],[-43.9738,-22.4961],[-43.9771,-22.4959],[-43.976,-22.5009],[-43.9787,-22.4962],[-43.9774,-22.5053],[-43.9767,-22.4996],[-43.9827,-22.4964],[-43.9769,-22.4943],[-43.9861,-22.4946],[-43.9791,-22.4909],[-43.9859,-22.4945],[-43.9894,-22.4917],[-43.9894,-22.4914]],[[-43.9814,-22.5098],[-43.9757,-22.5054],[-43.9746,-22.5101],[-43.9814,-22.51],[-43.9814,-22.5098]],[[-43.9909,-22.493],[-43.9826,-22.4968],[-43.9918,-22.4938],[-43.9909,-22.493]]]}},{"type":"Feature","properties":{"cod_imovel":"RJ-3300308-9FA5DFAF657140A79EAAB828D5549864","num_area":"88.729900000000000000000000000000","ind_status":"AT","des_condic":"Aguardando analise"},"geometry":{"type":"Polygon","coordinates":[[[-43.9067,-22.4726],[-43.8971,-22.4777],[-43.9067,-22.4725],[-43.9067,-22.4726]],[[-43.8988,-22.4817],[-43.9027,-22.4864],[-43.8986,-22.4819],[-43.8988,-22.4817]],[[-43.9055,-22.488],[-43.9096,-22.4752],[-43.9072,-22.479],[-43.9083,-22.4762],[-43.9018,-22.4773],[-43.9054,-22.4776],[-43.9052,-22.4879],[-43.9055,-22.488]],[[-43.8971,-22.4778],[-43.8974,-22.4822],[-43.8971,-22.4778],[-43.8971,-22.4778]],[[-43.8984,-22.4855],[-43.9021,-22.4869],[-43.8986,-22.4858],[-43.8984,-22.4855]],[[-43.8978,-22.4883],[-43.9057,-22.4887],[-43.8979,-22.4884],[-43.8978,-22.4883]]]}},{"type":"Feature","properties":{"cod_imovel":"RJ-3300308-72DA13DD8D1343E5841C0329F0D05FA8","num_area":"112.72650000000000000000000000000","ind_status":"AT","des_condic":"Aguardando analise"},"geometry":{"type":"Polygon","coordinates":[[[-43.8745,-22.485],[-43.8798,-22.4961],[-43.8771,-22.4898],[-43.8847,-22.4849],[-43.8777,-22.485],[-43.8763,-22.4895],[-43.8747,-22.4852],[-43.8745,-22.485]],[[-43.8816,-22.493],[-43.8869,-22.4852],[-43.8819,-22.4924],[-43.8816,-22.493]],[[-43.8869,-22.4852],[-43.8889,-22.4817],[-43.8814,-22.4786],[-43.8745,-22.485],[-43.8849,-22.4844],[-43.8851,-22.4803],[-43.8869,-22.4852],[-43.8869,-22.4852]]]}},{"type":"Feature","properties":{"cod_imovel":"RJ-3300308-D43F11DCE7AB4B9299649931F340DCFA","num_area":"484.08510000000000000000000000000","ind_status":"AT","des_condic":"Aguardando analise, apos revisao ou atendimento da notificacao"},"geometry":{"type":"Polygon","coordinates":[[[-43.9674,-22.4903],[-43.9766,-22.487],[-43.9772,-22.4823],[-43.9705,-22.4874],[-43.9724,-22.4826],[-43.9666,-22.4843],[-43.9671,-22.4901],[-43.9674,-22.4903]],[[-43.967,-22.4907],[-43.9629,-22.4913],[-43.9584,-22.4832],[-43.9596,-22.4951],[-43.9699,-22.4977],[-43.9756,-22.4926],[-43.9705,-22.4947],[-43.967,-22.4907],[-43.967,-22.4907]],[[-43.9618,-22.4835],[-43.9665,-22.4837],[-43.9641,-22.4788],[-43.9617,-22.4834],[-43.9618,-22.4835]],[[-43.9665,-22.4837],[-43.9684,-22.477],[-43.9644,-22.4763],[-43.9665,-22.4836],[-43.9665,-22.4837]],[[-43.9684,-22.477],[-43.9703,-22.4742],[-43.9684,-22.477],[-43.9684,-22.477]],[[-43.9703,-22.4742],[-43.969,-22.4706],[-43.9637,-22.473],[-43.9702,-22.4725],[-43.9703,-22.4742]],[[-43.9638,-22.4758],[-43.9671,-22.4757],[-43.9638,-22.4758],[-43.9638,-22.4758]],[[-43.9701,-22.4705],[-43.9628,-22.4707],[-43.9701,-22.4705],[-43.9701,-22.4705]],[[-43.9629,-22.4699],[-43.9522,-22.4669],[-43.9526,-22.4771],[-43.9579,-22.4711],[-43.9579,-22.4764],[-43.964,-22.4742],[-43.9629,-22.4699],[-43.9629,-22.4699]],[[-43.9509,-22.4739],[-43.9472,-22.4772],[-43.9531,-22.4794],[-43.9509,-22.474],[-43.9509,-22.4739]],[[-43.9531,-22.4794],[-43.9617,-22.4834],[-43.9643,-22.4767],[-43.9531,-22.4794],[-43.9531,-22.4794]],[[-43.9756,-22.4926],[-43.986,-22.4865],[-43.9851,-22.4827],[-43.9788,-22.4817],[-43.9778,-22.4896],[-43.9732,-22.4885],[-43.9756,-22.4926],[-43.9756,-22.4926]],[[-43.9843,-22.482],[-43.9788,-22.4813],[-43.9843,-22.482],[-43.9843,-22.482]]]}},{"type":"Feature","properties":{"cod_imovel":"RJ-3300308-D05278FB50FA40B89EF25FAD9250BCE1","num_area":"158.90040000000000000000000000000","ind_status":"AT","des_condic":"Aguardando analise"},"geometry":{"type":"Polygon","coordinates":[[[-43.8768,-22.4733],[-43.8859,-22.4773],[-43.8829,-22.465],[-43.8865,-22.471],[-43.8907,-22.4625],[-43.8862,-22.4653],[-43.8886,-22.4608],[-43.885,-22.4584],[-43.8782,-22.4691],[-43.881,-22.4663],[-43.8812,-22.4717],[-43.8768,-22.4732],[-43.8768,-22.4733]],[[-43.8859,-22.4773],[-43.8915,-22.4787],[-43.889,-22.4736],[-43.8859,-22.4772],[-43.8859,-22.4773]]]}},{"type":"Feature","properties":{"cod_imovel":"RJ-3300308-0C2D1C50A1264F4982EA1587D01D2FFB","num_area":"234.10500000000000000000000000000","ind_status":"AT","des_condic":"Aguardando analise"},"geometry":{"type":"Polygon","coordinates":[[[-43.9097,-22.4703],[-43.9073,-22.4727],[-43.9097,-22.4703],[-43.9097,-22.4703]],[[-43.9225,-22.4731],[-43.9207,-22.4703],[-43.9218,-22.4736],[-43.9225,-22.4731]],[[-43.9145,-22.4694],[-43.9103,-22.4709],[-43.9142,-22.4693],[-43.9145,-22.4694]],[[-43.9201,-22.4711],[-43.9187,-22.4672],[-43.9202,-22.4717],[-43.9201,-22.4711]],[[-43.9172,-22.465],[-43.9144,-22.4688],[-43.9175,-22.4654],[-43.9172,-22.465]],[[-43.9218,-22.4825],[-43.9148,-22.4694],[-43.9064,-22.488],[-43.9133,-22.4769],[-43.9096,-22.4874],[-43.913,-22.4841],[-43.9167,-22.4873],[-43.9163,-22.4794],[-43.9175,-22.4857],[-43.9216,-22.4819],[-43.9218,-22.4825]],[[-43.9227,-22.4794],[-43.9226,-22.4732],[-43.9225,-22.4796],[-43.9227,-22.4794]]]}},{"type":"Feature","properties":{"cod_imovel":"RJ-3300308-044147DB566F4F4A966B9D89B4377453","num_area":"133.77280000000000000000000000000","ind_status":"AT","des_condic":"Aguardando analise"},"geometry":{"type":"Polygon","coordinates":[[[-43.7622,-22.4235],[-43.7676,-22.4224],[-43.7601,-22.417],[-43.762,-22.4235],[-43.7622,-22.4235]],[[-43.7663,-22.4209],[-43.7656,-22.4175],[-43.7663,-22.4209],[-43.7663,-22.4209]],[[-43.7656,-22.4175],[-43.7566,-22.4097],[-43.7581,-22.4163],[-43.7653,-22.4173],[-43.7656,-22.4175]],[[-43.7659,-22.4163],[-43.759,-22.4101],[-43.7657,-22.4162],[-43.7659,-22.4163]],[[-43.7659,-22.4161],[-43.7679,-22.4084],[-43.761,-22.4085],[-43.7669,-22.41],[-43.7637,-22.4117],[-43.7583,-22.4069],[-43.7657,-22.416],[-43.7659,-22.4161]],[[-43.7634,-22.4122],[-43.7659,-22.4161],[-43.7632,-22.4126],[-43.7634,-22.4122]],[[-43.7597,-22.4076],[-43.7626,-22.4056],[-43.7599,-22.4076],[-43.7597,-22.4076]]]}},{"type":"Feature","properties":{"cod_imovel":"RJ-3300308-FBF5ACCD97EA491CB9D0362102C5075F","num_area":"12.194700000000000000000000000000","ind_status":"AT","des_condic":"Aguardando analise"},"geometry":{"type":"Polygon","coordinates":[[[-43.8641,-22.4769],[-43.8597,-22.4801],[-43.8646,-22.4773],[-43.8641,-22.4769]]]}},{"type":"Feature","properties":{"cod_imovel":"RJ-3300308-6C954E4FFF54458ABB3AED162533D88D","num_area":"9.1585000000000000000000000000000","ind_status":"AT","des_condic":"Aguardando analise"},"geometry":{"type":"Polygon","coordinates":[[[-43.9094,-22.4966],[-43.9123,-22.4976],[-43.9097,-22.4937],[-43.9094,-22.4966]]]}},{"type":"Feature","properties":{"cod_imovel":"RJ-3300308-779012C5139C4B21B4824013B2D5FAD9","num_area":"74.720100000000000000000000000000","ind_status":"AT","des_condic":"Aguardando analise"},"geometry":{"type":"Polygon","coordinates":[[[-43.8672,-22.4726],[-43.8626,-22.4725],[-43.8672,-22.4726],[-43.8672,-22.4726]],[[-43.8437,-22.4805],[-43.8381,-22.4825],[-43.847,-22.4822],[-43.8384,-22.4821],[-43.8439,-22.4805],[-43.8437,-22.4805]],[[-43.8364,-22.4827],[-43.8356,-22.4923],[-43.8428,-22.4928],[-43.8437,-22.487],[-43.8387,-22.4887],[-43.8366,-22.4828],[-43.8364,-22.4827]],[[-43.8337,-22.4868],[-43.8385,-22.4888],[-43.8355,-22.4873],[-43.8337,-22.4868]]]}},{"type":"Feature","properties":{"cod_imovel":"RJ-3306206-18791223C1744417B0DFB3DAAED145A5","num_area":"150.32600000000000000000000000000","ind_status":"AT","des_condic":"Aguardando analise"},"geometry":{"type":"Polygon","coordinates":[[[-43.7851,-22.4449],[-43.7792,-22.4389],[-43.7717,-22.443],[-43.7848,-22.4489],[-43.7778,-22.459],[-43.7869,-22.446],[-43.7851,-22.4449]],[[-43.7811,-22.4508],[-43.7765,-22.4472],[-43.7777,-22.4561],[-43.7755,-22.4509],[-43.7723,-22.4558],[-43.7775,-22.4581],[-43.7801,-22.4509],[-43.7811,-22.4508]],[[-43.7717,-22.443],[-43.7762,-22.4477],[-43.7735,-22.4529],[-43.7765,-22.4472],[-43.7717,-22.443],[-43.7717,-22.443]]]}},{"type":"Feature","properties":{"cod_imovel":"RJ-3300308-9A6EAA8918A043D4972173387171B815","num_area":"6.7984000000000000000000000000000","ind_status":"AT","des_condic":"Aguardando analise"},"geometry":{"type":"Polygon","coordinates":[[[-43.9439,-22.5083],[-43.9409,-22.5056],[-43.944,-22.5085],[-43.9439,-22.5083]]]}},{"type":"Feature","properties":{"cod_imovel":"RJ-3300308-680821ECE5414755929D31C340069B35","num_area":"258.47350000000000000000000000000","ind_status":"AT","des_condic":"Analisado, aguardando atendimento a notificacao"},"geometry":{"type":"Polygon","coordinates":[[[-43.7433,-22.3984],[-43.7489,-22.4019],[-43.7516,-22.3987],[-43.7465,-22.3947],[-43.7439,-22.3974],[-43.7433,-22.3984]],[[-43.7631,-22.3925],[-43.7496,-22.4021],[-43.7621,-22.3928],[-43.7631,-22.3925]],[[-43.7578,-22.3958],[-43.7504,-22.3962],[-43.7575,-22.3963],[-43.7578,-22.3958]],[[-43.7535,-22.3893],[-43.7577,-22.3958],[-43.7528,-22.3855],[-43.7518,-22.3897],[-43.7535,-22.3893]],[[-43.7592,-22.3861],[-43.7533,-22.385],[-43.7577,-22.3869],[-43.7592,-22.3861]],[[-43.7656,-22.3784],[-43.7561,-22.3799],[-43.7646,-22.3845],[-43.7658,-22.3775],[-43.7656,-22.3784]],[[-43.7645,-22.3906],[-43.7619,-22.3848],[-43.757,-22.3876],[-43.7636,-22.3908],[-43.7645,-22.3906]],[[-43.7642,-22.3919],[-43.7695,-22.3928],[-43.7642,-22.3919],[-43.7642,-22.3919]],[[-43.7698,-22.3922],[-43.7694,-22.3812],[-43.7649,-22.3853],[-43.7651,-22.3897],[-43.7694,-22.3875],[-43.7672,-22.3907],[-43.7698,-22.3922]]]}},{"type":"Feature","properties":{"cod_imovel":"RJ-3300308-477310FA387A40339CD0F8B936E3F355","num_area":"109.42050000000000000000000000000","ind_status":"AT","des_condic":"Aguardando analise"},"geometry":{"type":"Polygon","coordinates":[[[-43.7779,-22.441],[-43.7723,-22.4419],[-43.7779,-22.4411],[-43.7779,-22.441]],[[-43.7765,-22.4419],[-43.7724,-22.4421],[-43.7844,-22.4518],[-43.7871,-22.446],[-43.7768,-22.442],[-43.7765,-22.4419]],[[-43.7796,-22.4506],[-43.7753,-22.4489],[-43.7776,-22.4531],[-43.7732,-22.4597],[-43.7807,-22.4507],[-43.7796,-22.4506]],[[-43.7812,-22.4581],[-43.7833,-22.4534],[-43.7774,-22.459],[-43.7812,-22.4581],[-43.7812,-22.4581]],[[-43.7737,-22.4458],[-43.7751,-22.4494],[-43.7746,-22.4464],[-43.7737,-22.4458]],[[-43.7757,-22.4516],[-43.7743,-22.4561],[-43.7757,-22.4517],[-43.7757,-22.4516]]]}},{"type":"Feature","properties":{"cod_imovel":"RJ-3300308-8FE4153C5A60412A844EF132AF1F2585","num_area":"29.058900000000000000000000000000","ind_status":"AT","des_condic":"Aguardando analise"},"geometry":{"type":"Polygon","coordinates":[[[-44.0255,-22.4822],[-44.0208,-22.4783],[-44.0251,-22.4826],[-44.0255,-22.4822]],[[-44.0208,-22.4807],[-44.0254,-22.4844],[-44.0208,-22.4807],[-44.0208,-22.4807]]]}},{"type":"Feature","properties":{"cod_imovel":"RJ-3300308-23E485C9C7AE4A0EAFC39F94A97766D2","num_area":"42.407700000000000000000000000000","ind_status":"AT","des_condic":"Aguardando analise"},"geometry":{"type":"Polygon","coordinates":[[[-43.7828,-22.399],[-43.7768,-22.3995],[-43.7827,-22.399],[-43.7828,-22.399]],[[-43.7827,-22.3989],[-43.7785,-22.3996],[-43.7826,-22.3991],[-43.7827,-22.3989]],[[-43.7768,-22.3995],[-43.7662,-22.3998],[-43.7884,-22.4028],[-43.777,-22.3998],[-43.7768,-22.3995]]]}},{"type":"Feature","properties":{"cod_imovel":"RJ-3300308-F7EFEBD11A04460EA032C99FC0572836","num_area":"28.234200000000000000000000000000","ind_status":"AT","des_condic":"Aguardando analise"},"geometry":{"type":"Polygon","coordinates":[[[-44.0256,-22.4844],[-44.0318,-22.4955],[-44.0322,-22.4858],[-44.0257,-22.4843],[-44.0256,-22.4844]],[[-44.0261,-22.485],[-44.0293,-22.4864],[-44.0251,-22.4846],[-44.0261,-22.485]],[[-44.0299,-22.4873],[-44.0307,-22.4964],[-44.0293,-22.4864],[-44.0299,-22.4873]]]}},{"type":"Feature","properties":{"cod_imovel":"RJ-3300308-AA997F1380834671BE93D12D8DE51C04","num_area":"43.675900000000000000000000000000","ind_status":"AT","des_condic":"Aguardando analise"},"geometry":{"type":"Polygon","coordinates":[[[-44.0354,-22.4841],[-44.0318,-22.4963],[-44.0359,-22.4944],[-44.0354,-22.4841]]]}},{"type":"Feature","properties":{"cod_imovel":"RJ-3300308-F113D784574749438D9F8991793CD7F6","num_area":"10.541600000000000000000000000000","ind_status":"AT","des_condic":"Aguardando analise"},"geometry":{"type":"Polygon","coordinates":[[[-43.9403,-22.5091],[-43.9388,-22.5054],[-43.94,-22.5087],[-43.9403,-22.5091]],[[-43.9383,-22.5041],[-43.9357,-22.507],[-43.9383,-22.5042],[-43.9383,-22.5041]],[[-43.9366,-22.5007],[-43.9355,-22.5068],[-43.9368,-22.5005],[-43.9366,-22.5007]]]}},{"type":"Feature","properties":{"cod_imovel":"RJ-3300308-CE7349C4AB3643B8B761C985668C92D3","num_area":"178.08570000000000000000000000000","ind_status":"AT","des_condic":"Aguardando analise"},"geometry":{"type":"Polygon","coordinates":[[[-43.9126,-22.4937],[-43.9114,-22.5087],[-43.9163,-22.5116],[-43.9181,-22.507],[-43.914,-22.5086],[-43.9188,-22.504],[-43.924,-22.5097],[-43.9243,-22.5031],[-43.9178,-22.5042],[-43.9237,-22.4962],[-43.9145,-22.4942],[-43.9153,-22.5016],[-43.9145,-22.4941],[-43.9126,-22.4937]],[[-43.9198,-22.5001],[-43.918,-22.4955],[-43.9198,-22.5001],[-43.9198,-22.5001]],[[-43.9236,-22.5067],[-43.9233,-22.5034],[-43.9235,-22.5068],[-43.9236,-22.5067]],[[-43.916,-22.4941],[-43.92,-22.4945],[-43.916,-22.4941],[-43.916,-22.4941]],[[-43.9203,-22.5117],[-43.924,-22.5098],[-43.9205,-22.5117],[-43.9203,-22.5117]]]}},{"type":"Feature","properties":{"cod_imovel":"RJ-3300308-7C14A7EF31964BB6AA2333911CD59086","num_area":"105.21600000000000000000000000000","ind_status":"AT","des_condic":"Aguardando analise"},"geometry":{"type":"Polygon","coordinates":[[[-43.7924,-22.4592],[-43.7933,-22.4642],[-43.7924,-22.4592],[-43.7924,-22.4592]],[[-43.8016,-22.4629],[-43.8,-22.4603],[-43.8016,-22.4629],[-43.8016,-22.4629]],[[-43.7962,-22.4592],[-43.7925,-22.4591],[-43.796,-22.4592],[-43.7962,-22.4592]],[[-43.7964,-22.4576],[-43.7895,-22.4575],[-43.7964,-22.4576],[-43.7964,-22.4576]],[[-43.7936,-22.4648],[-43.795,-22.471],[-43.7996,-22.4671],[-43.7936,-22.4648],[-43.7936,-22.4648]],[[-43.795,-22.471],[-43.8016,-22.4629],[-43.7931,-22.459],[-43.7994,-22.4647],[-43.795,-22.4709],[-43.795,-22.471]]]}},{"type":"Feature","properties":{"cod_imovel":"RJ-3300308-B1B7A3B2637E42949320CAE5B2AF084F","num_area":"80.082900000000000000000000000000","ind_status":"AT","des_condic":"Aguardando analise"},"geometry":{"type":"Polygon","coordinates":[[[-43.8013,-22.3995],[-43.8126,-22.401],[-43.8136,-22.3955],[-43.8043,-22.3938],[-43.8019,-22.3995],[-43.8013,-22.3995]],[[-43.803,-22.3932],[-43.8014,-22.3967],[-43.8031,-22.3933],[-43.803,-22.3932]],[[-43.8029,-22.4006],[-43.8125,-22.4022],[-43.8038,-22.401],[-43.8029,-22.4006]],[[-43.814,-22.394],[-43.8104,-22.3948],[-43.8139,-22.394],[-43.814,-22.394]]]}},{"type":"Feature","properties":{"cod_imovel":"RJ-3300308-23EC3B53DE1D4B1CB2FD5A55E5689FC1","num_area":"10.083300000000000000000000000000","ind_status":"AT","des_condic":"Aguardando analise"},"geometry":{"type":"Polygon","coordinates":[[[-44.043,-22.4744],[-44.0434,-22.4711],[-44.0428,-22.4743],[-44.043,-22.4744]]]}},{"type":"Feature","properties":{"cod_imovel":"RJ-3300308-9887C9CFE2BC432C9D4CCC1ABDF43AD7","num_area":"704.89340000000000000000000000000","ind_status":"AT","des_condic":"Aguardando analise, apos revisao ou atendimento da notificacao"},"geometry":{"type":"Polygon","coordinates":[[[-43.9269,-22.4502],[-43.9244,-22.4546],[-43.9385,-22.4512],[-43.93,-22.4497],[-43.9351,-22.4447],[-43.9286,-22.4436],[-43.9292,-22.4342],[-43.9326,-22.436],[-43.9227,-22.4339],[-43.9228,-22.4299],[-43.9167,-22.4315],[-43.9129,-22.4361],[-43.9274,-22.4445],[-43.923,-22.4472],[-43.9268,-22.4502],[-43.9269,-22.4502]],[[-43.924,-22.4391],[-43.9185,-22.4357],[-43.924,-22.4352],[-43.9241,-22.4391],[-43.924,-22.4391]],[[-43.9272,-22.4298],[-43.9344,-22.4199],[-43.9237,-22.4141],[-43.9231,-22.4074],[-43.9275,-22.4101],[-43.931,-22.4053],[-43.919,-22.395],[-43.9294,-22.4038],[-43.9236,-22.4047],[-43.9252,-22.4077],[-43.9221,-22.4038],[-43.92,-22.4094],[-43.9119,-22.4032],[-43.9074,-22.4171],[-43.9272,-22.4298],[-43.9272,-22.4298]],[[-43.9221,-22.4202],[-43.9241,-22.418],[-43.9221,-22.4202],[-43.9221,-22.4202]],[[-43.9129,-22.4121],[-43.9146,-22.4087],[-43.913,-22.4121],[-43.9129,-22.4121]],[[-43.9125,-22.4169],[-43.9162,-22.4146],[-43.9126,-22.4169],[-43.9125,-22.4169]],[[-43.9203,-22.4219],[-43.9174,-22.4241],[-43.9125,-22.4184],[-43.9172,-22.4165],[-43.9207,-22.4219],[-43.9203,-22.4219]],[[-43.9138,-22.3979],[-43.9075,-22.3989],[-43.9134,-22.3979],[-43.9138,-22.3979]],[[-43.9003,-22.4031],[-43.8956,-22.4085],[-43.8979,-22.4132],[-43.9033,-22.4109],[-43.8988,-22.4047],[-43.9003,-22.4031]],[[-43.9015,-22.4111],[-43.8976,-22.4063],[-43.9016,-22.4111],[-43.9015,-22.4111]],[[-43.9011,-22.4158],[-43.906,-22.4178],[-43.9078,-22.4122],[-43.9033,-22.4111],[-43.9056,-22.4145],[-43.9012,-22.4158],[-43.9011,-22.4158]],[[-43.9107,-22.4034],[-43.9069,-22.4026],[-43.9106,-22.4032],[-43.9107,-22.4034]],[[-43.9248,-22.4128],[-43.9273,-22.41],[-43.9248,-22.4128],[-43.9248,-22.4128]],[[-43.9136,-22.4373],[-43.9183,-22.4404],[-43.9142,-22.4373],[-43.9136,-22.4373]],[[-43.9241,-22.455],[-43.9226,-22.459],[-43.9287,-22.461],[-43.9309,-22.4554],[-43.9241,-22.4551],[-43.9241,-22.455]],[[-43.9068,-22.4089],[-43.9036,-22.4081],[-43.9068,-22.4089],[-43.9068,-22.4089]]]}},{"type":"Feature","properties":{"cod_imovel":"RJ-3300308-078C93BF2F5046DC83B1CD8F1C411E27","num_area":"81.416200000000000000000000000000","ind_status":"AT","des_condic":"Aguardando analise"},"geometry":{"type":"Polygon","coordinates":[[[-44.0056,-22.4104],[-44.0027,-22.409],[-44.0052,-22.4107],[-44.0056,-22.4104]],[[-44.0087,-22.4063],[-44.0031,-22.4046],[-44.0033,-22.3996],[-44.0021,-22.405],[-43.9972,-22.4063],[-44.0023,-22.4046],[-44.0014,-22.4006],[-43.9959,-22.4061],[-44.004,-22.4094],[-44.0086,-22.4062],[-44.0087,-22.4063]],[[-44.0075,-22.405],[-44.0056,-22.4023],[-44.0074,-22.405],[-44.0075,-22.405]],[[-44.0005,-22.4103],[-44.0051,-22.4108],[-43.9965,-22.4066],[-44.0008,-22.4104],[-44.0005,-22.4103]]]}},{"type":"Feature","properties":{"cod_imovel":"RJ-3300308-B6FD84AEC59A41A9B66BD41D3FE91734","num_area":"37.566500000000000000000000000000","ind_status":"AT","des_condic":"Aguardando analise"},"geometry":{"type":"Polygon","coordinates":[[[-43.9167,-22.4315],[-43.9124,-22.427],[-43.9088,-22.4312],[-43.9161,-22.4323],[-43.9167,-22.4315]]]}},{"type":"Feature","properties":{"cod_imovel":"RJ-3300308-10B8E71CB4DE41CF815F8C779EEB0942","num_area":"385.73220000000000000000000000000","ind_status":"AT","des_condic":"Aguardando analise"},"geometry":{"type":"Polygon","coordinates":[[[-43.8751,-22.4546],[-43.8764,-22.4509],[-43.8751,-22.4537],[-43.8751,-22.4546]],[[-43.8763,-22.4509],[-43.8801,-22.4476],[-43.8681,-22.4512],[-43.8737,-22.4555],[-43.8763,-22.4509],[-43.8763,-22.4509]],[[-43.872,-22.4518],[-43.8754,-22.4512],[-43.872,-22.4519],[-43.872,-22.4518]],[[-43.8786,-22.4471],[-43.8743,-22.4382],[-43.8682,-22.4421],[-43.8731,-22.4494],[-43.8783,-22.4471],[-43.8786,-22.4471]],[[-43.8788,-22.4446],[-43.871,-22.4466],[-43.8785,-22.4447],[-43.8788,-22.4446]],[[-43.8785,-22.4415],[-43.8776,-22.4354],[-43.8699,-22.4345],[-43.878,-22.4414],[-43.8785,-22.4415]],[[-43.8698,-22.4362],[-43.8682,-22.4421],[-43.8729,-22.4377],[-43.8698,-22.4362],[-43.8698,-22.4362]],[[-43.8682,-22.4434],[-43.8637,-22.4467],[-43.8681,-22.4512],[-43.8731,-22.4495],[-43.8683,-22.4434],[-43.8682,-22.4434]],[[-43.8636,-22.4467],[-43.8621,-22.458],[-43.8668,-22.4493],[-43.8637,-22.4467],[-43.8636,-22.4467]],[[-43.8621,-22.458],[-43.8695,-22.4587],[-43.8694,-22.4515],[-43.8637,-22.4511],[-43.8621,-22.4577],[-43.8621,-22.458]],[[-43.8625,-22.4602],[-43.8596,-22.4664],[-43.8683,-22.4593],[-43.8644,-22.4568],[-43.8625,-22.4602],[-43.8625,-22.4602]],[[-43.8649,-22.4655],[-43.871,-22.4613],[-43.8745,-22.4638],[-43.8692,-22.4593],[-43.8649,-22.4655],[-43.8649,-22.4655]],[[-43.8751,-22.4632],[-43.8718,-22.4598],[-43.8746,-22.4554],[-43.8708,-22.4551],[-43.8692,-22.4593],[-43.8752,-22.4626],[-43.8751,-22.4632]],[[-43.8702,-22.458],[-43.8743,-22.4554],[-43.8696,-22.4547],[-43.8702,-22.4579],[-43.8702,-22.458]]]}},{"type":"Feature","properties":{"cod_imovel":"RJ-3300308-7CBB7089552C49C282FC3D6E8B5E4754","num_area":"6.3819000000000000000000000000000","ind_status":"AT","des_condic":"Aguardando analise"},"geometry":{"type":"Polygon","coordinates":[[[-43.8948,-22.4793],[-43.8912,-22.4796],[-43.8958,-22.479],[-43.8948,-22.4793]]]}},{"type":"Feature","properties":{"cod_imovel":"RJ-3300308-86672A86E63C4E7C8A07B7D0F6E8AE90","num_area":"198.89500000000000000000000000000","ind_status":"AT","des_condic":"Aguardando analise"},"geometry":{"type":"Polygon","coordinates":[[[-44.0257,-22.3374],[-44.0381,-22.3296],[-44.035,-22.3145],[-44.0258,-22.3204],[-44.024,-22.3278],[-44.0333,-22.3205],[-44.0357,-22.3252],[-44.0314,-22.3312],[-44.0324,-22.3254],[-44.0236,-22.3291],[-44.025,-22.3373],[-44.0257,-22.3374]],[[-44.0353,-22.3139],[-44.0279,-22.3082],[-44.0361,-22.3064],[-44.0274,-22.3083],[-44.0255,-22.3189],[-44.027,-22.3119],[-44.0354,-22.3136],[-44.0353,-22.3139]]]}},{"type":"Feature","properties":{"cod_imovel":"RJ-3300308-92898FEB488C4D29AB8DB81987FB79AF","num_area":"96.664800000000000000000000000000","ind_status":"AT","des_condic":"Aguardando analise"},"geometry":{"type":"Polygon","coordinates":[[[-43.9976,-22.4868],[-44.0058,-22.4958],[-44.0086,-22.4905],[-44.0008,-22.4876],[-43.9976,-22.4868]],[[-44.0034,-22.4755],[-43.9974,-22.4759],[-43.9972,-22.4839],[-44.0026,-22.4807],[-44.0066,-22.4879],[-44.0101,-22.4821],[-43.9989,-22.4772],[-44.0038,-22.4774],[-44.0034,-22.4755]],[[-44.0059,-22.4882],[-44.0019,-22.4868],[-44.0064,-22.4882],[-44.0059,-22.4882]]]}},{"type":"Feature","properties":{"cod_imovel":"RJ-3300308-CE4653C1A26F4FBE942C651DF41C371D","num_area":"29.263200000000000000000000000000","ind_status":"AT","des_condic":"Aguardando analise"},"geometry":{"type":"Polygon","coordinates":[[[-44.0132,-22.4538],[-44.0106,-22.464],[-44.0133,-22.4539],[-44.0132,-22.4538]]]}},{"type":"Feature","properties":{"cod_imovel":"RJ-3300308-037DA8B5560747528B1E570BBBB04ED9","num_area":"8.8454000000000000000000000000000","ind_status":"AT","des_condic":"Aguardando analise"},"geometry":{"type":"Polygon","coordinates":[[[-44.0191,-22.4692],[-44.0204,-22.4659],[-44.0189,-22.4692],[-44.0191,-22.4692]]]}},{"type":"Feature","properties":{"cod_imovel":"RJ-3300308-ED7F85B70122429B9D1A52EC7811DF99","num_area":"8.9898000000000000000000000000000","ind_status":"AT","des_condic":"Aguardando analise"},"geometry":{"type":"Polygon","coordinates":[[[-44.0112,-22.4631],[-44.0121,-22.4672],[-44.0111,-22.4641],[-44.0112,-22.4631]]]}},{"type":"Feature","properties":{"cod_imovel":"RJ-3300308-470935C4E57944F8A34F5F5158188034","num_area":"54.700600000000000000000000000000","ind_status":"AT","des_condic":"Aguardando analise"},"geometry":{"type":"Polygon","coordinates":[[[-44.0435,-22.3475],[-44.0414,-22.3393],[-44.0433,-22.3476],[-44.0435,-22.3475]],[[-44.0463,-22.3394],[-44.0432,-22.3392],[-44.0469,-22.3387],[-44.0463,-22.3394]],[[-44.0402,-22.3484],[-44.0434,-22.348],[-44.0404,-22.3482],[-44.0402,-22.3484]],[[-44.0404,-22.3453],[-44.0411,-22.3399],[-44.0402,-22.345],[-44.0404,-22.3453]],[[-44.0399,-22.3394],[-44.0373,-22.3487],[-44.0399,-22.3394],[-44.0399,-22.3394]]]}},{"type":"Feature","properties":{"cod_imovel":"RJ-3300308-74F3579928F245358DC1AEA8443AA2FA","num_area":"383.93020000000000000000000000000","ind_status":"AT","des_condic":"Aguardando analise"},"geometry":{"type":"Polygon","coordinates":[[[-43.8459,-22.4898],[-43.8434,-22.4932],[-43.8459,-22.4898],[-43.8459,-22.4898]],[[-43.8449,-22.488],[-43.8497,-22.4893],[-43.845,-22.4879],[-43.8449,-22.488]],[[-43.8466,-22.4866],[-43.8498,-22.485],[-43.8466,-22.4866],[-43.8466,-22.4866]],[[-43.8656,-22.5048],[-43.8631,-22.5009],[-43.8563,-22.5051],[-43.8589,-22.4999],[-43.8537,-22.5033],[-43.852,-22.4995],[-43.8564,-22.5014],[-43.8579,-22.497],[-43.8606,-22.5014],[-43.8644,-22.4992],[-43.8568,-22.4904],[-43.8548,-22.4946],[-43.8486,-22.4927],[-43.8574,-22.5109],[-43.864,-22.5107],[-43.8656,-22.505],[-43.8656,-22.5048]],[[-43.8565,-22.4898],[-43.8507,-22.4878],[-43.8489,-22.4923],[-43.8561,-22.4903],[-43.8565,-22.4898]],[[-43.8537,-22.4873],[-43.8516,-22.4816],[-43.8501,-22.4868],[-43.8538,-22.4874],[-43.8537,-22.4873]],[[-43.8549,-22.5148],[-43.8639,-22.5108],[-43.8552,-22.5144],[-43.8549,-22.5148]],[[-43.8596,-22.5147],[-43.8669,-22.5144],[-43.8599,-22.5141],[-43.8596,-22.5147]],[[-43.8705,-22.509],[-43.8686,-22.5],[-43.8633,-22.501],[-43.8635,-22.5116],[-43.8705,-22.5115],[-43.8705,-22.509]],[[-43.8669,-22.5144],[-43.8705,-22.5124],[-43.8637,-22.5118],[-43.8669,-22.5144],[-43.8669,-22.5144]]]}},{"type":"Feature","properties":{"cod_imovel":"RJ-3300308-0835A32B01724CCEA2F10EFE20CE35FD","num_area":"133.32700000000000000000000000000","ind_status":"AT","des_condic":"Aguardando analise"},"geometry":{"type":"Polygon","coordinates":[[[-43.9275,-22.4712],[-43.9222,-22.4799],[-43.9241,-22.4744],[-43.9241,-22.4786],[-43.9276,-22.473],[-43.9378,-22.4736],[-43.9317,-22.4741],[-43.9378,-22.4735],[-43.9347,-22.4679],[-43.9287,-22.4716],[-43.9388,-22.4665],[-43.9345,-22.4642],[-43.928,-22.4708],[-43.9275,-22.4712]],[[-43.9378,-22.4736],[-43.9414,-22.4723],[-43.939,-22.4682],[-43.9378,-22.4736],[-43.9378,-22.4736]]]}},{"type":"Feature","properties":{"cod_imovel":"RJ-3300308-14C43A178DC04106BFFA4A1852C4C329","num_area":"11.099300000000000000000000000000","ind_status":"AT","des_condic":"Aguardando analise"},"geometry":{"type":"Polygon","coordinates":[[[-43.8697,-22.4704],[-43.8714,-22.4637],[-43.8693,-22.4704],[-43.8697,-22.4704]]]}},{"type":"Feature","properties":{"cod_imovel":"RJ-3300308-C0F3C62E171842EF844FFB5F1A1EE7A9","num_area":"35.754500000000000000000000000000","ind_status":"AT","des_condic":"Aguardando analise"},"geometry":{"type":"Polygon","coordinates":[[[-44.0258,-22.4785],[-44.0258,-22.4748],[-44.0254,-22.4794],[-44.0258,-22.4785]],[[-44.0308,-22.4711],[-44.0235,-22.4664],[-44.026,-22.4717],[-44.0308,-22.471],[-44.0308,-22.4711]]]}},{"type":"Feature","properties":{"cod_imovel":"RJ-3300308-4E04BE3666D44720B1AE6FFB72BCF201","num_area":"109.21850000000000000000000000000","ind_status":"AT","des_condic":"Aguardando analise"},"geometry":{"type":"Polygon","coordinates":[[[-44.0344,-22.4574],[-44.0319,-22.454],[-44.0331,-22.4577],[-44.0344,-22.4574]],[[-44.0254,-22.4568],[-44.0314,-22.4617],[-44.0267,-22.4628],[-44.0315,-22.4636],[-44.0267,-22.4655],[-44.0298,-22.4713],[-44.0338,-22.47],[-44.0319,-22.4542],[-44.0279,-22.4542],[-44.0254,-22.4568]],[[-44.0338,-22.47],[-44.0345,-22.4608],[-44.0336,-22.4699],[-44.0338,-22.47]]]}},{"type":"Feature","properties":{"cod_imovel":"RJ-3300308-83DA6A8A511E46BA961DC030358FB68B","num_area":"46.714100000000000000000000000000","ind_status":"AT","des_condic":"Aguardando analise"},"geometry":{"type":"Polygon","coordinates":[[[-43.9318,-22.5093],[-43.925,-22.5085],[-43.9297,-22.5111],[-43.9239,-22.5146],[-43.9273,-22.5196],[-43.932,-22.5095],[-43.9318,-22.5093]]]}},{"type":"Feature","properties":{"cod_imovel":"RJ-3300308-A44FEB136A724BD7B7AD7F9C5D37DF68","num_area":"125.00120000000000000000000000000","ind_status":"AT","des_condic":"Aguardando analise"},"geometry":{"type":"Polygon","coordinates":[[[-43.9957,-22.3385],[-44.0006,-22.3339],[-43.993,-22.3387],[-43.9933,-22.3315],[-43.9861,-22.3351],[-43.9888,-22.3406],[-43.9955,-22.3384],[-43.9957,-22.3385]],[[-43.9888,-22.3406],[-43.9957,-22.3385],[-43.9893,-22.34],[-43.9888,-22.3406]],[[-44.0017,-22.3357],[-44.0059,-22.3348],[-43.9992,-22.3306],[-44.0014,-22.3354],[-44.0017,-22.3357]],[[-43.9992,-22.3306],[-43.9963,-22.3328],[-43.999,-22.331],[-43.9992,-22.3306]],[[-43.9952,-22.3281],[-43.9899,-22.3306],[-43.9957,-22.3326],[-43.9949,-22.328],[-43.9952,-22.3281]]]}},{"type":"Feature","properties":{"cod_imovel":"RJ-3300308-9C80C4B285444D45B68A5CF9C6E29B2A","num_area":"67.142100000000000000000000000000","ind_status":"AT","des_condic":"Aguardando analise"},"geometry":{"type":"Polygon","coordinates":[[[-44.0083,-22.3446],[-44.0084,-22.34],[-44.008,-22.3443],[-44.0083,-22.3446]],[[-44.008,-22.3397],[-44.0059,-22.3348],[-44.0078,-22.3401],[-44.008,-22.3397]],[[-44.0036,-22.3369],[-44.0037,-22.3407],[-44.0041,-22.3373],[-44.0036,-22.3369]],[[-44.0027,-22.3372],[-43.9997,-22.3419],[-44.0058,-22.3459],[-44.0093,-22.3407],[-44.0019,-22.3425],[-44.0028,-22.3372],[-44.0027,-22.3372]]]}},{"type":"Feature","properties":{"cod_imovel":"RJ-3300308-A748DA0581E545FE826AE0A2BC503237","num_area":"102.23270000000000000000000000000","ind_status":"AT","des_condic":"Aguardando analise"},"geometry":{"type":"Polygon","coordinates":[[[-43.9148,-22.4569],[-43.9108,-22.4605],[-43.9167,-22.4647],[-43.9202,-22.4583],[-43.9149,-22.457],[-43.9148,-22.4569]],[[-43.9152,-22.4634],[-43.918,-22.4619],[-43.9151,-22.4635],[-43.9152,-22.4634]],[[-43.9206,-22.4578],[-43.9267,-22.45],[-43.923,-22.4469],[-43.9153,-22.4563],[-43.9206,-22.4578],[-43.9206,-22.4578]],[[-43.9219,-22.4523],[-43.9239,-22.4478],[-43.9219,-22.4522],[-43.9219,-22.4523]],[[-43.9223,-22.4576],[-43.9267,-22.4501],[-43.9223,-22.4574],[-43.9223,-22.4576]],[[-43.9152,-22.4563],[-43.9195,-22.4577],[-43.9153,-22.4564],[-43.9152,-22.4563]]]}},{"type":"Feature","properties":{"cod_imovel":"RJ-3300308-593117DC62B34D92BFDB39F4D9E70A49","num_area":"120.80650000000000000000000000000","ind_status":"AT","des_condic":"Aguardando analise"},"geometry":{"type":"Polygon","coordinates":[[[-43.8811,-22.4516],[-43.8845,-22.4526],[-43.8814,-22.4516],[-43.8811,-22.4516]],[[-43.8858,-22.4533],[-43.8829,-22.4495],[-43.8856,-22.4532],[-43.8858,-22.4533]],[[-43.8881,-22.4519],[-43.8849,-22.4467],[-43.8878,-22.4518],[-43.8881,-22.4519]],[[-43.8903,-22.453],[-43.8959,-22.4528],[-43.8902,-22.4528],[-43.8903,-22.453]],[[-43.8963,-22.4528],[-43.8865,-22.4479],[-43.8963,-22.4528],[-43.8963,-22.4528]],[[-43.8866,-22.4583],[-43.8902,-22.4552],[-43.8866,-22.4583],[-43.8866,-22.4583]],[[-43.8915,-22.46],[-43.8903,-22.4552],[-43.8915,-22.46],[-43.8915,-22.46]],[[-43.8785,-22.447],[-43.8731,-22.4491],[-43.8701,-22.4453],[-43.8731,-22.4494],[-43.8785,-22.4471],[-43.8785,-22.447]],[[-43.873,-22.4494],[-43.8637,-22.4466],[-43.8671,-22.4509],[-43.8729,-22.4495],[-43.873,-22.4494]],[[-43.8681,-22.4512],[-43.8718,-22.4553],[-43.8689,-22.4507],[-43.8787,-22.4474],[-43.8683,-22.451],[-43.8681,-22.4512]],[[-43.8701,-22.4472],[-43.8682,-22.4434],[-43.8699,-22.4471],[-43.8701,-22.4472]],[[-43.8697,-22.4547],[-43.8691,-22.4592],[-43.8737,-22.4556],[-43.8697,-22.4547],[-43.8697,-22.4547]],[[-43.8689,-22.4591],[-43.8649,-22.4655],[-43.8691,-22.4592],[-43.8689,-22.4591]],[[-43.8636,-22.4467],[-43.8634,-22.4515],[-43.8669,-22.4494],[-43.8638,-22.4469],[-43.8636,-22.4467]],[[-43.8638,-22.4514],[-43.8691,-22.4516],[-43.8695,-22.4582],[-43.8624,-22.458],[-43.864,-22.4514],[-43.8621,-22.4581],[-43.8691,-22.459],[-43.8694,-22.4515],[-43.8638,-22.4514],[-43.8638,-22.4514]],[[-43.8637,-22.4514],[-43.8614,-22.4605],[-43.8637,-22.4515],[-43.8637,-22.4514]],[[-43.8614,-22.4605],[-43.8561,-22.4643],[-43.8539,-22.4581],[-43.856,-22.4645],[-43.8613,-22.4607],[-43.8614,-22.4605]],[[-43.8539,-22.4581],[-43.8546,-22.4636],[-43.8539,-22.4581],[-43.8539,-22.4581]],[[-43.8587,-22.4639],[-43.8653,-22.4571],[-43.8648,-22.4655],[-43.8682,-22.4592],[-43.8644,-22.4569],[-43.8588,-22.4639],[-43.8587,-22.4639]],[[-43.8785,-22.4418],[-43.8738,-22.4411],[-43.878,-22.4416],[-43.8785,-22.4418]],[[-43.8785,-22.4414],[-43.8698,-22.4359],[-43.878,-22.4413],[-43.8785,-22.4414]],[[-43.8698,-22.4363],[-43.8725,-22.4377],[-43.8682,-22.4421],[-43.8728,-22.4377],[-43.8698,-22.4363],[-43.8698,-22.4363]],[[-43.8695,-22.4418],[-43.8744,-22.4384],[-43.8695,-22.4418],[-43.8695,-22.4418]],[[-43.8722,-22.4622],[-43.869,-22.4595],[-43.8719,-22.462],[-43.8722,-22.4622]],[[-43.8723,-22.4619],[-43.8699,-22.4586],[-43.8723,-22.4618],[-43.8723,-22.4619]],[[-43.8871,-22.4569],[-43.8889,-22.4537],[-43.8871,-22.4569],[-43.8871,-22.4569]],[[-43.8858,-22.4534],[-43.8844,-22.4571],[-43.886,-22.4535],[-43.8858,-22.4534]],[[-43.8853,-22.4534],[-43.8845,-22.4579],[-43.8853,-22.4534],[-43.8853,-22.4534]],[[-43.8811,-22.4523],[-43.8817,-22.4556],[-43.8813,-22.4525],[-43.8811,-22.4523]],[[-43.8777,-22.456],[-43.8739,-22.4557],[-43.8787,-22.4593],[-43.8743,-22.4557],[-43.878,-22.4561],[-43.8777,-22.456]],[[-43.8783,-22.4594],[-43.875,-22.4626],[-43.8789,-22.4594],[-43.8783,-22.4594]],[[-43.8738,-22.4557],[-43.878,-22.459],[-43.874,-22.4559],[-43.8738,-22.4557]],[[-43.8938,-22.459],[-43.8957,-22.4552],[-43.8935,-22.4589],[-43.8938,-22.459]]]}},{"type":"Feature","properties":{"cod_imovel":"RJ-3300308-15FA11DB9F6D4C7280697557202DDB9D","num_area":"80.543900000000000000000000000000","ind_status":"AT","des_condic":"Aguardando analise"},"geometry":{"type":"Polygon","coordinates":[[[-43.9861,-22.3221],[-43.9829,-22.3245],[-43.9892,-22.3304],[-43.9958,-22.324],[-43.9862,-22.3221],[-43.9861,-22.3221]],[[-43.9958,-22.324],[-43.987,-22.3227],[-43.9956,-22.3241],[-43.9958,-22.324]],[[-43.9962,-22.3211],[-43.9866,-22.3222],[-43.9958,-22.3216],[-43.9962,-22.3211]]]}},{"type":"Feature","properties":{"cod_imovel":"RJ-3300308-3CDD198BA71F4673AC7AE8DAC94DAFE9","num_area":"2.8310000000000000000000000000000","ind_status":"AT","des_condic":"Aguardando analise"},"geometry":{"type":"Polygon","coordinates":[[[-43.9991,-22.4745],[-44.0027,-22.4751],[-43.999,-22.4741],[-43.9991,-22.4745]]]}},{"type":"Feature","properties":{"cod_imovel":"RJ-3300308-7865E9DC48FE422EA16F69CC71BFC6DA","num_area":"3.6988000000000000000000000000000","ind_status":"AT","des_condic":"Aguardando analise"},"geometry":{"type":"Polygon","coordinates":[[[-44.0028,-22.4753],[-43.9989,-22.474],[-44.0025,-22.4752],[-44.0028,-22.4753]]]}},{"type":"Feature","properties":{"cod_imovel":"RJ-3300308-CE9B3DE930BA4874A5D11EEC31B605C0","num_area":"612.11150000000000000000000000000","ind_status":"AT","des_condic":"Em analise"},"geometry":{"type":"Polygon","coordinates":[[[-43.913,-22.5299],[-43.9126,-22.5253],[-43.8943,-22.514],[-43.8876,-22.5138],[-43.8867,-22.5224],[-43.8905,-22.5227],[-43.8857,-22.5271],[-43.8758,-22.5253],[-43.8901,-22.5393],[-43.8973,-22.5326],[-43.8889,-22.5376],[-43.8839,-22.5293],[-43.8937,-22.5289],[-43.8934,-22.5339],[-43.8977,-22.528],[-43.898,-22.5346],[-43.905,-22.5267],[-43.9059,-22.5342],[-43.913,-22.5302],[-43.913,-22.5299]],[[-43.91,-22.5276],[-43.9067,-22.5304],[-43.9097,-22.5276],[-43.91,-22.5276]],[[-43.8989,-22.5142],[-43.8954,-22.5141],[-43.8988,-22.5144],[-43.8989,-22.5142]],[[-43.9128,-22.5248],[-43.9152,-22.5219],[-43.9044,-22.5167],[-43.9075,-22.5154],[-43.899,-22.5142],[-43.9128,-22.5249],[-43.9128,-22.5248]],[[-43.9073,-22.5174],[-43.9173,-22.5191],[-43.9165,-22.5225],[-43.9224,-22.5158],[-43.9168,-22.5162],[-43.9109,-22.5082],[-43.9068,-22.5172],[-43.9073,-22.5174]],[[-43.9147,-22.5284],[-43.9127,-22.5253],[-43.9145,-22.5284],[-43.9147,-22.5284]],[[-43.9172,-22.5243],[-43.9128,-22.5251],[-43.9172,-22.5243],[-43.9172,-22.5243]]]}},{"type":"Feature","properties":{"cod_imovel":"RJ-3300308-3C7DFEA2AB2A4013A46CCE5A5BA39FA5","num_area":"1.5066000000000000000000000000000","ind_status":"PE","des_condic":"Analisado, aguardando atendimento a notificacao"},"geometry":{"type":"Polygon","coordinates":[[[-43.8597,-22.3636],[-43.8575,-22.3614],[-43.8595,-22.3638],[-43.8597,-22.3636]]]}},{"type":"Feature","properties":{"cod_imovel":"RJ-3300308-1BFACDA1336946A0A8E2C56A17A56D8C","num_area":"28.002200000000000000000000000000","ind_status":"AT","des_condic":"Aguardando analise"},"geometry":{"type":"Polygon","coordinates":[[[-44.0271,-22.4368],[-44.0322,-22.4366],[-44.0274,-22.4369],[-44.0271,-22.4368]],[[-44.0269,-22.4368],[-44.0309,-22.4425],[-44.0322,-22.4366],[-44.0269,-22.4369],[-44.0269,-22.4368]]]}},{"type":"Feature","properties":{"cod_imovel":"RJ-3300308-3CB774BFA85E4D81B15A877D000A514E","num_area":"6.9319000000000000000000000000000","ind_status":"AT","des_condic":"Aguardando analise"},"geometry":{"type":"Polygon","coordinates":[[[-43.797,-22.4591],[-43.7983,-22.462],[-43.797,-22.4591],[-43.797,-22.4591]]]}},{"type":"Feature","properties":{"cod_imovel":"RJ-3300308-320C82A5CB3545378D214EC51BDF2CF6","num_area":"8.2664000000000000000000000000000","ind_status":"AT","des_condic":"Aguardando analise"},"geometry":{"type":"Polygon","coordinates":[[[-44.0164,-22.4675],[-44.0153,-22.4705],[-44.0169,-22.4665],[-44.0164,-22.4675]]]}},{"type":"Feature","properties":{"cod_imovel":"RJ-3300308-0042175C09B04D70814F931406D63092","num_area":"172.76160000000000000000000000000","ind_status":"AT","des_condic":"Aguardando analise"},"geometry":{"type":"Polygon","coordinates":[[[-43.9525,-22.5059],[-43.9434,-22.5103],[-43.9552,-22.5175],[-43.9535,-22.5113],[-43.9564,-22.5183],[-43.9607,-22.5136],[-43.9521,-22.5072],[-43.9525,-22.5059]],[[-43.9498,-22.5087],[-43.9495,-22.5121],[-43.9444,-22.5086],[-43.9486,-22.5086],[-43.9498,-22.5087]],[[-43.9609,-22.5147],[-43.9662,-22.5118],[-43.9585,-22.5083],[-43.9608,-22.5146],[-43.9609,-22.5147]],[[-43.9665,-22.5133],[-43.9626,-22.509],[-43.9664,-22.5127],[-43.9665,-22.5133]],[[-43.9584,-22.5083],[-43.9538,-22.5092],[-43.9585,-22.5086],[-43.9584,-22.5083]]]}},{"type":"Feature","properties":{"cod_imovel":"RJ-3300308-C3379390B12D45AA97F6355EBA81E331","num_area":"12.018900000000000000000000000000","ind_status":"AT","des_condic":"Aguardando analise"},"geometry":{"type":"Polygon","coordinates":[[[-43.8701,-22.4708],[-43.8712,-22.4623],[-43.87,-22.4708],[-43.8701,-22.4708]]]}},{"type":"Feature","properties":{"cod_imovel":"RJ-3300308-6A6084600E534D3380ACDCFC7D67D852","num_area":"57.701900000000000000000000000000","ind_status":"AT","des_condic":"Aguardando analise"},"geometry":{"type":"Polygon","coordinates":[[[-44.0179,-22.4219],[-44.0212,-22.4211],[-44.0177,-22.4221],[-44.0179,-22.4219]],[[-44.0205,-22.4254],[-44.0241,-22.4227],[-44.0207,-22.4214],[-44.0206,-22.4255],[-44.0205,-22.4254]],[[-44.0241,-22.4227],[-44.0333,-22.4168],[-44.0247,-22.4168],[-44.0207,-22.4201],[-44.0241,-22.4227],[-44.0241,-22.4227]]]}},{"type":"Feature","properties":{"cod_imovel":"RJ-3300308-5FD0B6ABDEA04AE1A10ADD6FDD55121D","num_area":"38.445700000000000000000000000000","ind_status":"AT","des_condic":"Aguardando analise"},"geometry":{"type":"Polygon","coordinates":[[[-43.8184,-22.3696],[-43.8114,-22.3727],[-43.8125,-22.3791],[-43.8183,-22.3696],[-43.8184,-22.3696]]]}},{"type":"Feature","properties":{"cod_imovel":"RJ-3300308-CE29AC58FB734A59B9C8601DD0EB2FCB","num_area":"4.6054000000000000000000000000000","ind_status":"AT","des_condic":"Aguardando analise"},"geometry":{"type":"Polygon","coordinates":[[[-43.8771,-22.4659],[-43.8752,-22.4693],[-43.8771,-22.466],[-43.8771,-22.4659]]]}},{"type":"Feature","properties":{"cod_imovel":"RJ-3300308-B86EAB17A2A84942B81E46A5D67A33FB","num_area":"13.829000000000000000000000000000","ind_status":"AT","des_condic":"Aguardando analise"},"geometry":{"type":"Polygon","coordinates":[[[-44.022,-22.3315],[-44.0195,-22.3296],[-44.0197,-22.3352],[-44.0219,-22.3316],[-44.022,-22.3315]],[[-44.0202,-22.3346],[-44.0228,-22.3321],[-44.02,-22.3344],[-44.0202,-22.3346]]]}},{"type":"Feature","properties":{"cod_imovel":"RJ-3300308-422C3FDEE2614572ACE1AEA9FE64227E","num_area":"4.0522000000000000000000000000000","ind_status":"AT","des_condic":"Aguardando analise"},"geometry":{"type":"Polygon","coordinates":[[[-43.83,-22.4171],[-43.8269,-22.4169],[-43.83,-22.4172],[-43.83,-22.4171]]]}},{"type":"Feature","properties":{"cod_imovel":"RJ-3300308-C954A84E5EA14719AA476819956AA788","num_area":"90.470100000000000000000000000000","ind_status":"AT","des_condic":"Aguardando analise"},"geometry":{"type":"Polygon","coordinates":[[[-43.9915,-22.3127],[-43.9892,-22.3206],[-44.0082,-22.3141],[-43.9989,-22.3175],[-44.0032,-22.3122],[-43.9917,-22.3125],[-43.9915,-22.3127]]]}},{"type":"Feature","properties":{"cod_imovel":"RJ-3300308-5208BE1CFB934A6CB2F7975178D33C75","num_area":"25.307000000000000000000000000000","ind_status":"AT","des_condic":"Aguardando analise"},"geometry":{"type":"Polygon","coordinates":[[[-43.9244,-22.5194],[-43.9224,-22.5158],[-43.9204,-22.5192],[-43.9243,-22.5194],[-43.9244,-22.5194]],[[-43.9273,-22.5197],[-43.9241,-22.5179],[-43.9272,-22.5196],[-43.9273,-22.5197]]]}},{"type":"Feature","properties":{"cod_imovel":"RJ-3300308-89915086CFB84CE0A52B06132261CAEB","num_area":"114.97140000000000000000000000000","ind_status":"AT","des_condic":"Aguardando analise"},"geometry":{"type":"Polygon","coordinates":[[[-44.0203,-22.4278],[-44.0125,-22.4287],[-44.0191,-22.4298],[-44.0203,-22.4278]],[[-44.0259,-22.4329],[-44.0219,-22.4279],[-44.0166,-22.4316],[-44.0224,-22.4356],[-44.0256,-22.433],[-44.0259,-22.4329]],[[-44.0249,-22.4236],[-44.0188,-22.4264],[-44.0264,-22.4321],[-44.0255,-22.424],[-44.0249,-22.4236]],[[-44.0266,-22.4249],[-44.0318,-22.4197],[-44.0262,-22.4245],[-44.0266,-22.4249]]]}},{"type":"Feature","properties":{"cod_imovel":"RJ-3300308-9CC82F3EDC46402D98F106C1A0A062D4","num_area":"44.485600000000000000000000000000","ind_status":"AT","des_condic":"Aguardando analise"},"geometry":{"type":"Polygon","coordinates":[[[-44.0702,-22.4559],[-44.074,-22.4583],[-44.0714,-22.4611],[-44.0774,-22.4588],[-44.0767,-22.452],[-44.0717,-22.4567],[-44.0702,-22.4559]]]}},{"type":"Feature","properties":{"cod_imovel":"RJ-3300308-78394ED3ED2549EBB237D71137940572","num_area":"274.83320000000000000000000000000","ind_status":"AT","des_condic":"Aguardando analise"},"geometry":{"type":"Polygon","coordinates":[[[-44.0683,-22.3551],[-44.0586,-22.3494],[-44.0628,-22.352],[-44.0588,-22.3602],[-44.0764,-22.3597],[-44.0684,-22.3551],[-44.0683,-22.3551]],[[-44.0598,-22.3464],[-44.0682,-22.3529],[-44.0637,-22.3479],[-44.0598,-22.3464]],[[-44.0772,-22.3551],[-44.0795,-22.3482],[-44.0681,-22.3536],[-44.0772,-22.3551],[-44.0772,-22.3551]],[[-44.088,-22.3537],[-44.0798,-22.3514],[-44.0754,-22.3578],[-44.0864,-22.3588],[-44.0878,-22.3543],[-44.088,-22.3537]],[[-44.0826,-22.3484],[-44.0807,-22.3515],[-44.088,-22.3536],[-44.0828,-22.3482],[-44.0826,-22.3484]]]}},{"type":"Feature","properties":{"cod_imovel":"RJ-3300308-442D0658281B4E8ABE922E2EDB9FCB97","num_area":"291.45660000000000000000000000000","ind_status":"AT","des_condic":"Analisado, aguardando atendimento a notificacao"},"geometry":{"type":"Polygon","coordinates":[[[-43.828,-22.3611],[-43.8221,-22.361],[-43.8252,-22.3678],[-43.835,-22.3632],[-43.8281,-22.361],[-43.828,-22.3611]],[[-43.8488,-22.3761],[-43.8454,-22.3629],[-43.8326,-22.3603],[-43.836,-22.3676],[-43.8332,-22.3737],[-43.8404,-22.3727],[-43.8413,-22.3767],[-43.8466,-22.3723],[-43.8488,-22.3761],[-43.8488,-22.3761]],[[-43.8403,-22.3652],[-43.8445,-22.3643],[-43.8421,-22.369],[-43.8404,-22.3656],[-43.8403,-22.3652]],[[-43.8451,-22.3627],[-43.8377,-22.3584],[-43.8447,-22.3628],[-43.8451,-22.3627]],[[-43.8322,-22.3602],[-43.8319,-22.3572],[-43.8247,-22.3606],[-43.8322,-22.3602],[-43.8322,-22.3602]],[[-43.8317,-22.3656],[-43.8296,-22.371],[-43.8331,-22.3726],[-43.8359,-22.3676],[-43.835,-22.3633],[-43.8321,-22.365],[-43.8317,-22.3656]],[[-43.8314,-22.3658],[-43.8268,-22.369],[-43.831,-22.3664],[-43.8314,-22.3658]],[[-43.8442,-22.3818],[-43.8483,-22.3757],[-43.8427,-22.3743],[-43.8437,-22.3815],[-43.8442,-22.3818]]]}},{"type":"Feature","properties":{"cod_imovel":"RJ-3300308-8F2E87CDE750420CA63647074DE87EB9","num_area":"12.976900000000000000000000000000","ind_status":"AT","des_condic":"Aguardando analise"},"geometry":{"type":"Polygon","coordinates":[[[-44.0174,-22.4184],[-44.0179,-22.4129],[-44.0174,-22.4183],[-44.0174,-22.4184]]]}},{"type":"Feature","properties":{"cod_imovel":"RJ-3300308-2DBCDDD4E1464BB19ECD930F353C3FD5","num_area":"8.5481000000000000000000000000000","ind_status":"PE","des_condic":"Analisado, aguardando atendimento a notificacao"},"geometry":{"type":"Polygon","coordinates":[[[-43.9527,-22.4798],[-43.9491,-22.4783],[-43.9526,-22.4802],[-43.9527,-22.4798]]]}},{"type":"Feature","properties":{"cod_imovel":"RJ-3300308-77769E010ADC4348B15248E7D3356EB8","num_area":"21.909300000000000000000000000000","ind_status":"AT","des_condic":"Aguardando analise"},"geometry":{"type":"Polygon","coordinates":[[[-44.0455,-22.3296],[-44.0526,-22.3305],[-44.0438,-22.3237],[-44.0452,-22.3285],[-44.0455,-22.3296]],[[-44.0464,-22.3274],[-44.0438,-22.3237],[-44.0464,-22.3275],[-44.0464,-22.3274]]]}},{"type":"Feature","properties":{"cod_imovel":"RJ-3300308-9DE7F98685504FB98D3DD914F1DB07E5","num_area":"181.58680000000000000000000000000","ind_status":"SU","des_condic":"Analisado, aguardando atendimento a notificacao"},"geometry":{"type":"Polygon","coordinates":[[[-43.9744,-22.4292],[-43.9827,-22.4191],[-43.9779,-22.4198],[-43.9806,-22.4151],[-43.9773,-22.4191],[-43.9792,-22.4142],[-43.9722,-22.4189],[-43.9736,-22.4095],[-43.9636,-22.4215],[-43.9743,-22.4291],[-43.9744,-22.4292]]]}},{"type":"Feature","properties":{"cod_imovel":"RJ-3300308-BD1DDAC1415247ABAB94702705C81DD4","num_area":"288.95620000000000000000000000000","ind_status":"SU","des_condic":"Analisado, aguardando atendimento a notificacao"},"geometry":{"type":"Polygon","coordinates":[[[-43.9566,-22.4411],[-43.9472,-22.4573],[-43.9567,-22.448],[-43.9566,-22.4411],[-43.9566,-22.4411]],[[-43.9472,-22.4573],[-43.946,-22.4602],[-43.9472,-22.4573],[-43.9472,-22.4573]],[[-43.9462,-22.4603],[-43.9663,-22.4586],[-43.9625,-22.4571],[-43.9708,-22.4521],[-43.9463,-22.4601],[-43.9462,-22.4603]],[[-43.9663,-22.4522],[-43.9689,-22.445],[-43.9737,-22.4457],[-43.9729,-22.4507],[-43.9756,-22.4455],[-43.9689,-22.4379],[-43.9629,-22.4556],[-43.9663,-22.4525],[-43.9663,-22.4522]],[[-43.961,-22.4574],[-43.9552,-22.4556],[-43.9609,-22.4575],[-43.961,-22.4574]],[[-43.955,-22.4557],[-43.96,-22.4509],[-43.9547,-22.4498],[-43.9473,-22.4573],[-43.9548,-22.4557],[-43.955,-22.4557]]]}},{"type":"Feature","properties":{"cod_imovel":"RJ-3300308-8A91B38F54D9422EA407F59F995658C7","num_area":"9.6514000000000000000000000000000","ind_status":"AT","des_condic":"Aguardando analise"},"geometry":{"type":"Polygon","coordinates":[[[-43.8796,-22.4665],[-43.8763,-22.4674],[-43.8792,-22.4661],[-43.8796,-22.4665]]]}},{"type":"Feature","properties":{"cod_imovel":"RJ-3300308-B865DAD1892B427CB630B80D900899D0","num_area":"23.479600000000000000000000000000","ind_status":"AT","des_condic":"Aguardando analise"},"geometry":{"type":"Polygon","coordinates":[[[-43.8458,-22.446],[-43.8419,-22.4482],[-43.8464,-22.4465],[-43.8458,-22.446]],[[-43.8501,-22.4499],[-43.8432,-22.4492],[-43.8501,-22.4499],[-43.8501,-22.4499]]]}},{"type":"Feature","properties":{"cod_imovel":"RJ-3300308-EC170ABC7A5C49EC82FB0E2EEA1C4F26","num_area":"36.324900000000000000000000000000","ind_status":"AT","des_condic":"Aguardando analise"},"geometry":{"type":"Polygon","coordinates":[[[-43.8861,-22.4028],[-43.8863,-22.4066],[-43.8916,-22.4052],[-43.8913,-22.4002],[-43.8876,-22.402],[-43.8861,-22.4028]]]}},{"type":"Feature","properties":{"cod_imovel":"RJ-3300308-D2D6D1C04937489DBA517777F812E682","num_area":"38.920600000000000000000000000000","ind_status":"AT","des_condic":"Aguardando analise"},"geometry":{"type":"Polygon","coordinates":[[[-43.9929,-22.3568],[-43.9958,-22.36],[-43.9929,-22.3569],[-43.9929,-22.3568]],[[-43.9924,-22.3573],[-43.9823,-22.3661],[-43.9956,-22.3612],[-43.9924,-22.3574],[-43.9924,-22.3573]]]}},{"type":"Feature","properties":{"cod_imovel":"RJ-3300308-C2FBB249A1BE4E5BA73D3C3E02BC0273","num_area":"20.275700000000000000000000000000","ind_status":"AT","des_condic":"Aguardando analise"},"geometry":{"type":"Polygon","coordinates":[[[-44.0223,-22.37],[-44.0251,-22.3722],[-44.0289,-22.3674],[-44.0253,-22.3723],[-44.0298,-22.3667],[-44.0224,-22.3697],[-44.0223,-22.37]],[[-44.0223,-22.37],[-44.025,-22.3726],[-44.0226,-22.3699],[-44.0223,-22.37]]]}},{"type":"Feature","properties":{"cod_imovel":"RJ-3300308-B89B94E92F374665AA99EDED3A886FCD","num_area":"72.441200000000000000000000000000","ind_status":"AT","des_condic":"Aguardando analise"},"geometry":{"type":"Polygon","coordinates":[[[-44.0344,-22.457],[-44.0386,-22.4677],[-44.0382,-22.463],[-44.0417,-22.4634],[-44.038,-22.4538],[-44.0344,-22.457],[-44.0344,-22.457]],[[-44.0393,-22.4573],[-44.036,-22.4603],[-44.0393,-22.4573],[-44.0393,-22.4573]],[[-44.0349,-22.4534],[-44.0344,-22.457],[-44.0355,-22.4538],[-44.0349,-22.4534]]]}},{"type":"Feature","properties":{"cod_imovel":"RJ-3300308-ED5CE542764D4C7FBCAC8B561C0B01C7","num_area":"38.797800000000000000000000000000","ind_status":"AT","des_condic":"Aguardando analise"},"geometry":{"type":"Polygon","coordinates":[[[-43.992,-22.4408],[-43.9897,-22.4477],[-43.9925,-22.4407],[-43.992,-22.4408]],[[-43.9897,-22.4478],[-43.9918,-22.4501],[-43.9958,-22.4414],[-43.9899,-22.4477],[-43.9897,-22.4478]]]}},{"type":"Feature","properties":{"cod_imovel":"RJ-3300308-2BCA0CEB249C4BA5AD4B88057B7BA416","num_area":"8.8249000000000000000000000000000","ind_status":"AT","des_condic":"Aguardando analise"},"geometry":{"type":"Polygon","coordinates":[[[-43.8137,-22.391],[-43.8174,-22.3887],[-43.8139,-22.391],[-43.8137,-22.391]]]}},{"type":"Feature","properties":{"cod_imovel":"RJ-3300308-0B988A1D84E846428AE9E20DDF20CFB1","num_area":"6.1054000000000000000000000000000","ind_status":"AT","des_condic":"Aguardando analise"},"geometry":{"type":"Polygon","coordinates":[[[-43.8303,-22.4186],[-43.8269,-22.4186],[-43.8307,-22.4202],[-43.8303,-22.4186]]]}},{"type":"Feature","properties":{"cod_imovel":"RJ-3300308-ABADC265223A4271BB812E528C57CD37","num_area":"55.076200000000000000000000000000","ind_status":"AT","des_condic":"Aguardando analise"},"geometry":{"type":"Polygon","coordinates":[[[-43.9791,-22.3856],[-43.9739,-22.3809],[-43.978,-22.3807],[-43.9776,-22.3756],[-43.9719,-22.377],[-43.9789,-22.3855],[-43.9791,-22.3856]],[[-43.9775,-22.3751],[-43.9755,-22.3725],[-43.9719,-22.3769],[-43.9775,-22.3751],[-43.9775,-22.3751]]]}},{"type":"Feature","properties":{"cod_imovel":"RJ-3300308-8185A498571C4F268A939A65327E060D","num_area":"148.93590000000000000000000000000","ind_status":"AT","des_condic":"Aguardando analise"},"geometry":{"type":"Polygon","coordinates":[[[-43.7806,-22.4084],[-43.7767,-22.4147],[-43.7848,-22.4114],[-43.7762,-22.4157],[-43.7817,-22.4178],[-43.7711,-22.4221],[-43.7777,-22.4216],[-43.7712,-22.4222],[-43.7753,-22.4262],[-43.7898,-22.4141],[-43.7848,-22.4113],[-43.7901,-22.4138],[-43.7806,-22.4084]]]}},{"type":"Feature","properties":{"cod_imovel":"RJ-3300308-F27FCDEB675244059A6D1D522772D1CD","num_area":"25.657100000000000000000000000000","ind_status":"AT","des_condic":"Aguardando analise"},"geometry":{"type":"Polygon","coordinates":[[[-43.9909,-22.4517],[-43.9883,-22.4577],[-43.9941,-22.4519],[-43.9909,-22.4517]]]}},{"type":"Feature","properties":{"cod_imovel":"RJ-3300308-ACE585459102419F9F735D14F2293FDD","num_area":"15.532000000000000000000000000000","ind_status":"AT","des_condic":"Aguardando analise"},"geometry":{"type":"Polygon","coordinates":[[[-43.9882,-22.3962],[-43.984,-22.3985],[-43.9879,-22.3971],[-43.9882,-22.3962]]]}},{"type":"Feature","properties":{"cod_imovel":"RJ-3300308-528F9EDF803B419A9B10B7D907A3566F","num_area":"13.764200000000000000000000000000","ind_status":"AT","des_condic":"Aguardando analise"},"geometry":{"type":"Polygon","coordinates":[[[-44.0243,-22.3914],[-44.0285,-22.3892],[-44.0247,-22.3909],[-44.0243,-22.3914]]]}},{"type":"Feature","properties":{"cod_imovel":"RJ-3300308-DA2BFFE0C1F2464C955364A3691A8144","num_area":"57.953500000000000000000000000000","ind_status":"AT","des_condic":"Aguardando analise"},"geometry":{"type":"Polygon","coordinates":[[[-43.9877,-22.3478],[-43.9904,-22.345],[-43.9868,-22.3433],[-43.9876,-22.3464],[-43.9877,-22.3478]],[[-43.9953,-22.3475],[-43.9973,-22.3408],[-43.9916,-22.3409],[-43.9911,-22.3469],[-43.9952,-22.3475],[-43.9953,-22.3475]]]}},{"type":"Feature","properties":{"cod_imovel":"RJ-3300308-ADF9E553C226428EBF57329BCA7C58F4","num_area":"53.960200000000000000000000000000","ind_status":"AT","des_condic":"Aguardando analise"},"geometry":{"type":"Polygon","coordinates":[[[-43.9734,-22.3254],[-43.9748,-22.3305],[-43.9816,-22.3308],[-43.9814,-22.325],[-43.9747,-22.3245],[-43.9734,-22.3254]]]}},{"type":"Feature","properties":{"cod_imovel":"RJ-3300308-D67B473D7D7747F7975FCBB709F8222A","num_area":"4.1783000000000000000000000000000","ind_status":"AT","des_condic":"Aguardando analise"},"geometry":{"type":"Polygon","coordinates":[[[-44.0357,-22.4362],[-44.0397,-22.4348],[-44.0359,-22.4364],[-44.0357,-22.4362]]]}},{"type":"Feature","properties":{"cod_imovel":"RJ-3300308-42D6EB6981654B6B8C7B3916AD39AE6C","num_area":"20.131500000000000000000000000000","ind_status":"AT","des_condic":"Aguardando analise"},"geometry":{"type":"Polygon","coordinates":[[[-44.0279,-22.4522],[-44.0292,-22.4463],[-44.0275,-22.4512],[-44.0279,-22.4522]],[[-44.0307,-22.4475],[-44.0243,-22.4496],[-44.0307,-22.4475],[-44.0307,-22.4475]]]}},{"type":"Feature","properties":{"cod_imovel":"RJ-3300308-271A3C13E7F1474D93B7ACC151A178A1","num_area":"28.250800000000000000000000000000","ind_status":"AT","des_condic":"Aguardando analise"},"geometry":{"type":"Polygon","coordinates":[[[-44.065,-22.4568],[-44.0617,-22.4626],[-44.0685,-22.462],[-44.0654,-22.4558],[-44.065,-22.4568]]]}},{"type":"Feature","properties":{"cod_imovel":"RJ-3300308-94B209A43E73487F9C39BC484F9910A4","num_area":"150.91510000000000000000000000000","ind_status":"AT","des_condic":"Aguardando analise"},"geometry":{"type":"Polygon","coordinates":[[[-43.9945,-22.3639],[-43.9995,-22.3705],[-44.0109,-22.3573],[-43.9987,-22.3688],[-44.0001,-22.3634],[-43.9945,-22.3639],[-43.9945,-22.3639]],[[-43.9981,-22.3581],[-43.9956,-22.3612],[-44.0018,-22.3652],[-44.0048,-22.3616],[-44.0038,-22.3652],[-44.0066,-22.3587],[-44.002,-22.3613],[-44.0091,-22.3574],[-43.9982,-22.358],[-43.9981,-22.3581]]]}},{"type":"Feature","properties":{"cod_imovel":"RJ-3300308-404B1F61D4264E429419DC2F486D2C2A","num_area":"21.524500000000000000000000000000","ind_status":"AT","des_condic":"Aguardando analise"},"geometry":{"type":"Polygon","coordinates":[[[-43.9838,-22.4579],[-43.9854,-22.4645],[-43.9885,-22.4612],[-43.9844,-22.458],[-43.9838,-22.4579]]]}},{"type":"Feature","properties":{"cod_imovel":"RJ-3300308-2E895E47EC3D4FD5949E90B2A64B2C16","num_area":"34.728700000000000000000000000000","ind_status":"AT","des_condic":"Aguardando analise"},"geometry":{"type":"Polygon","coordinates":[[[-43.9829,-22.4456],[-43.9798,-22.45],[-43.9878,-22.4528],[-43.9833,-22.4456],[-43.9829,-22.4456]]]}},{"type":"Feature","properties":{"cod_imovel":"RJ-3300308-034751E29988487B9ADCA721929ABA92","num_area":"92.653900000000000000000000000000","ind_status":"AT","des_condic":"Aguardando analise"},"geometry":{"type":"Polygon","coordinates":[[[-44.0506,-22.3894],[-44.0461,-22.4004],[-44.0536,-22.3969],[-44.0466,-22.404],[-44.0551,-22.4],[-44.055,-22.3967],[-44.0518,-22.4003],[-44.055,-22.3906],[-44.0509,-22.3895],[-44.0506,-22.3894]],[[-44.0466,-22.3974],[-44.0441,-22.4019],[-44.0467,-22.3976],[-44.0466,-22.3974]],[[-44.0441,-22.4019],[-44.0425,-22.4052],[-44.0473,-22.4046],[-44.0444,-22.4017],[-44.0441,-22.4019]]]}},{"type":"Feature","properties":{"cod_imovel":"RJ-3300308-E480EC43BA1B422FB0D3D05EF9835B4E","num_area":"39.818500000000000000000000000000","ind_status":"AT","des_condic":"Aguardando analise"},"geometry":{"type":"Polygon","coordinates":[[[-43.9458,-22.4897],[-43.9536,-22.4931],[-43.9543,-22.4868],[-43.9518,-22.4901],[-43.9407,-22.4882],[-43.9458,-22.4897],[-43.9458,-22.4897]]]}},{"type":"Feature","properties":{"cod_imovel":"RJ-3300308-5B0A213EC18045FD9F75E957B8CB59B5","num_area":"9.3512000000000000000000000000000","ind_status":"AT","des_condic":"Aguardando analise"},"geometry":{"type":"Polygon","coordinates":[[[-43.8839,-22.407],[-43.8871,-22.4103],[-43.8844,-22.407],[-43.8839,-22.407]]]}},{"type":"Feature","properties":{"cod_imovel":"RJ-3300308-FFE9EA0CDCDC49849909B4BE81473437","num_area":"16.745800000000000000000000000000","ind_status":"AT","des_condic":"Aguardando analise"},"geometry":{"type":"Polygon","coordinates":[[[-43.997,-22.3971],[-43.9985,-22.401],[-43.9972,-22.3975],[-43.997,-22.3971]],[[-44.0016,-22.4012],[-43.9964,-22.4002],[-43.9991,-22.4023],[-44.0016,-22.4012]]]}},{"type":"Feature","properties":{"cod_imovel":"RJ-3300308-8717E0DE509A427689C80A90A2AE8041","num_area":"14.177100000000000000000000000000","ind_status":"AT","des_condic":"Aguardando analise"},"geometry":{"type":"Polygon","coordinates":[[[-44.0215,-22.3445],[-44.0245,-22.3425],[-44.0186,-22.3402],[-44.0214,-22.3444],[-44.0215,-22.3445]]]}},{"type":"Feature","properties":{"cod_imovel":"RJ-3300308-ACCDF6C886734465A3B724BD9B8DCC9C","num_area":"22.653000000000000000000000000000","ind_status":"AT","des_condic":"Aguardando analise"},"geometry":{"type":"Polygon","coordinates":[[[-44.0189,-22.3456],[-44.014,-22.3404],[-44.0186,-22.3459],[-44.0189,-22.3456]]]}},{"type":"Feature","properties":{"cod_imovel":"RJ-3300308-ED5A05CFA5FB46898DB57CF5D43D66E4","num_area":"21.867000000000000000000000000000","ind_status":"AT","des_condic":"Aguardando analise"},"geometry":{"type":"Polygon","coordinates":[[[-43.8872,-22.374],[-43.8819,-22.3782],[-43.8858,-22.3829],[-43.8861,-22.3777],[-43.8872,-22.374]]]}},{"type":"Feature","properties":{"cod_imovel":"RJ-3300308-E93C955A0E8F4447B54FB7C4D5DA5C28","num_area":"105.44870000000000000000000000000","ind_status":"AT","des_condic":"Aguardando analise"},"geometry":{"type":"Polygon","coordinates":[[[-43.8258,-22.4218],[-43.8316,-22.4208],[-43.8258,-22.4218],[-43.8258,-22.4218]],[[-43.8322,-22.418],[-43.8376,-22.4228],[-43.8324,-22.418],[-43.8322,-22.418]],[[-43.832,-22.4183],[-43.8394,-22.4269],[-43.8321,-22.4183],[-43.832,-22.4183]],[[-43.8392,-22.4272],[-43.8429,-22.43],[-43.8391,-22.427],[-43.8392,-22.4272]],[[-43.8413,-22.4288],[-43.8392,-22.4257],[-43.8412,-22.4287],[-43.8413,-22.4288]],[[-43.8396,-22.4123],[-43.8323,-22.4168],[-43.8399,-22.4124],[-43.8379,-22.4164],[-43.8419,-22.4137],[-43.8412,-22.4173],[-43.8478,-22.4176],[-43.8405,-22.4195],[-43.8482,-22.4189],[-43.8421,-22.4133],[-43.8382,-22.4159],[-43.8396,-22.4123],[-43.8396,-22.4123]],[[-43.8405,-22.4195],[-43.8453,-22.4205],[-43.8436,-22.4236],[-43.848,-22.4192],[-43.8505,-22.4217],[-43.8405,-22.4195],[-43.8405,-22.4195]],[[-43.8471,-22.4262],[-43.8429,-22.4283],[-43.8519,-22.4263],[-43.8488,-22.435],[-43.8407,-22.4375],[-43.8435,-22.4339],[-43.8403,-22.4378],[-43.8446,-22.4341],[-43.8457,-22.438],[-43.8398,-22.4396],[-43.8437,-22.4375],[-43.8498,-22.4434],[-43.8439,-22.4373],[-43.8403,-22.4394],[-43.849,-22.4351],[-43.8522,-22.4263],[-43.8471,-22.4262],[-43.8471,-22.4262]],[[-43.8522,-22.4422],[-43.8459,-22.4387],[-43.8526,-22.4261],[-43.8456,-22.4387],[-43.8522,-22.4422],[-43.8522,-22.4422]],[[-43.8553,-22.4283],[-43.8551,-22.4227],[-43.8552,-22.4283],[-43.8553,-22.4283]],[[-43.8551,-22.4227],[-43.8499,-22.4239],[-43.8531,-22.4266],[-43.8543,-22.4231],[-43.8551,-22.4227]],[[-43.8522,-22.4212],[-43.848,-22.4173],[-43.8521,-22.4212],[-43.8522,-22.4212]]]}},{"type":"Feature","properties":{"cod_imovel":"RJ-3300308-C8C943AFE9D44C229ED72C1041BEF16C","num_area":"3.2278000000000000000000000000000","ind_status":"AT","des_condic":"Aguardando analise"},"geometry":{"type":"Polygon","coordinates":[[[-43.889,-22.4304],[-43.891,-22.4282],[-43.8887,-22.43],[-43.889,-22.4304]]]}},{"type":"Feature","properties":{"cod_imovel":"RJ-3300308-58027927292849919A3669CEC7720FF9","num_area":"4.1132000000000000000000000000000","ind_status":"AT","des_condic":"Aguardando analise"},"geometry":{"type":"Polygon","coordinates":[[[-43.8,-22.5415],[-43.8024,-22.5437],[-43.8,-22.5412],[-43.8,-22.5415]]]}},{"type":"Feature","properties":{"cod_imovel":"RJ-3300308-CB3CC7B7523547FB90AE61A492EB450E","num_area":"36.527200000000000000000000000000","ind_status":"AT","des_condic":"Aguardando analise"},"geometry":{"type":"Polygon","coordinates":[[[-43.945,-22.4801],[-43.9386,-22.4849],[-43.9445,-22.4861],[-43.9453,-22.4807],[-43.945,-22.4801]],[[-43.9395,-22.4798],[-43.9364,-22.4838],[-43.9395,-22.4799],[-43.9395,-22.4798]],[[-43.9391,-22.4851],[-43.944,-22.4858],[-43.9391,-22.4851],[-43.9391,-22.4851]],[[-43.9428,-22.4868],[-43.9455,-22.4829],[-43.9431,-22.4867],[-43.9428,-22.4868]]]}},{"type":"Feature","properties":{"cod_imovel":"RJ-3300308-885BAB0E1A8E44ECB37A02F4FE35405A","num_area":"35.319200000000000000000000000000","ind_status":"AT","des_condic":"Aguardando analise"},"geometry":{"type":"Polygon","coordinates":[[[-43.9506,-22.4901],[-43.9519,-22.4841],[-43.946,-22.4816],[-43.9505,-22.4901],[-43.9506,-22.4901]]]}},{"type":"Feature","properties":{"cod_imovel":"RJ-3300308-CEC9F9C7EE664A3E869F022BC3F43C70","num_area":"167.11990000000000000000000000000","ind_status":"AT","des_condic":"Aguardando analise"},"geometry":{"type":"Polygon","coordinates":[[[-43.9345,-22.4111],[-43.9318,-22.4046],[-43.9272,-22.4143],[-43.9392,-22.4201],[-43.942,-22.4142],[-43.9345,-22.4111],[-43.9345,-22.4111]],[[-43.931,-22.4121],[-43.9291,-22.4146],[-43.931,-22.4121],[-43.931,-22.4121]],[[-43.9284,-22.4156],[-43.9402,-22.4221],[-43.9284,-22.4156],[-43.9284,-22.4156]],[[-43.9365,-22.4038],[-43.9346,-22.4078],[-43.9366,-22.4039],[-43.9365,-22.4038]],[[-43.9383,-22.4052],[-43.9361,-22.4093],[-43.9383,-22.4053],[-43.9383,-22.4052]],[[-43.9402,-22.4221],[-43.9431,-22.4168],[-43.9402,-22.4221],[-43.9402,-22.4221]]]}},{"type":"Feature","properties":{"cod_imovel":"RJ-3300308-2C531836DECB45AC9B41AC5F7FAB84D2","num_area":"46.244000000000000000000000000000","ind_status":"AT","des_condic":"Aguardando analise"},"geometry":{"type":"Polygon","coordinates":[[[-43.8579,-22.394],[-43.8618,-22.3916],[-43.8577,-22.394],[-43.8579,-22.394]],[[-43.8591,-22.3904],[-43.8557,-22.3935],[-43.8566,-22.3891],[-43.8526,-22.3884],[-43.8533,-22.394],[-43.8589,-22.3902],[-43.8591,-22.3904]],[[-43.8525,-22.3884],[-43.85,-22.3921],[-43.8524,-22.3884],[-43.8525,-22.3884]]]}},{"type":"Feature","properties":{"cod_imovel":"RJ-3300308-024EB854F1B74AAE9DE8FAEF531103E5","num_area":"19.430500000000000000000000000000","ind_status":"AT","des_condic":"Aguardando analise"},"geometry":{"type":"Polygon","coordinates":[[[-43.7719,-22.4223],[-43.7773,-22.4233],[-43.7717,-22.4221],[-43.7719,-22.4223]],[[-43.7741,-22.4188],[-43.7718,-22.422],[-43.7741,-22.4189],[-43.7741,-22.4188]]]}},{"type":"Feature","properties":{"cod_imovel":"RJ-3300308-E985C9647B794E9CAF194262BF4ABDA9","num_area":"26.114800000000000000000000000000","ind_status":"AT","des_condic":"Aguardando analise"},"geometry":{"type":"Polygon","coordinates":[[[-44.0372,-22.3448],[-44.0342,-22.3408],[-44.0333,-22.3488],[-44.0372,-22.3451],[-44.0372,-22.3448]],[[-44.0333,-22.3488],[-44.0372,-22.3488],[-44.0333,-22.3488],[-44.0333,-22.3488]]]}},{"type":"Feature","properties":{"cod_imovel":"RJ-3300308-1CE4107800C843F7BE8FC73621BC4D33","num_area":"16.264900000000000000000000000000","ind_status":"AT","des_condic":"Aguardando analise"},"geometry":{"type":"Polygon","coordinates":[[[-44.015,-22.4548],[-44.0127,-22.4632],[-44.0158,-22.4549],[-44.015,-22.4548]]]}},{"type":"Feature","properties":{"cod_imovel":"RJ-3300308-CFF58E2C01504441905F3CC57B677C4F","num_area":"51.481000000000000000000000000000","ind_status":"AT","des_condic":"Aguardando analise"},"geometry":{"type":"Polygon","coordinates":[[[-43.9757,-22.3654],[-43.9829,-22.3612],[-43.9757,-22.3654],[-43.9757,-22.3654]],[[-43.9724,-22.365],[-43.9829,-22.3612],[-43.9823,-22.3574],[-43.9743,-22.363],[-43.9724,-22.365]]]}},{"type":"Feature","properties":{"cod_imovel":"RJ-3300308-16F36E81A9AC4FB980622E8135643DF1","num_area":"54.992400000000000000000000000000","ind_status":"AT","des_condic":"Aguardando analise"},"geometry":{"type":"Polygon","coordinates":[[[-43.9823,-22.3574],[-43.9836,-22.3607],[-43.9885,-22.3559],[-43.9823,-22.3573],[-43.9823,-22.3574]],[[-43.9836,-22.3607],[-43.9923,-22.3574],[-43.9837,-22.3607],[-43.9836,-22.3607]],[[-43.9923,-22.3573],[-43.986,-22.3539],[-43.9923,-22.3573],[-43.9923,-22.3573]]]}},{"type":"Feature","properties":{"cod_imovel":"RJ-3300308-2B8D03248A0B47C097526832D8F1B012","num_area":"9.4711000000000000000000000000000","ind_status":"AT","des_condic":"Aguardando analise"},"geometry":{"type":"Polygon","coordinates":[[[-43.7815,-22.4373],[-43.7855,-22.4377],[-43.7812,-22.4371],[-43.7815,-22.4373]]]}},{"type":"Feature","properties":{"cod_imovel":"RJ-3300308-F2CC5A53FF924094B88568AB063D1D99","num_area":"35.391700000000000000000000000000","ind_status":"AT","des_condic":"Aguardando analise"},"geometry":{"type":"Polygon","coordinates":[[[-43.7892,-22.4617],[-43.7811,-22.4698],[-43.7849,-22.4702],[-43.7891,-22.462],[-43.7892,-22.4617]],[[-43.7824,-22.4687],[-43.7853,-22.4665],[-43.7826,-22.4687],[-43.7824,-22.4687]]]}},{"type":"Feature","properties":{"cod_imovel":"RJ-3300308-0A92AB72B70745989177A39D90E9C023","num_area":"162.39820000000000000000000000000","ind_status":"AT","des_condic":"Aguardando analise"},"geometry":{"type":"Polygon","coordinates":[[[-43.8026,-22.4094],[-43.804,-22.4141],[-43.8093,-22.4139],[-43.7993,-22.4059],[-43.7962,-22.4078],[-43.8026,-22.4093],[-43.8026,-22.4094]],[[-43.8002,-22.4128],[-43.8058,-22.4161],[-43.8004,-22.4128],[-43.8002,-22.4128]],[[-43.805,-22.4164],[-43.8124,-22.4187],[-43.8053,-22.4163],[-43.805,-22.4164]],[[-43.809,-22.4165],[-43.8118,-22.4124],[-43.8088,-22.4166],[-43.809,-22.4165]],[[-43.8157,-22.4147],[-43.8214,-22.4075],[-43.8157,-22.4015],[-43.814,-22.4168],[-43.8157,-22.4147]]]}},{"type":"Feature","properties":{"cod_imovel":"RJ-3300308-E00A40C5D197458E8F9A43D5722DCA25","num_area":"0.6102000000000000000000000000000","ind_status":"AT","des_condic":"Aguardando analise"},"geometry":{"type":"Polygon","coordinates":[[[-43.8031,-22.4893],[-43.8079,-22.4929],[-43.8031,-22.4894],[-43.8031,-22.4893]]]}},{"type":"Feature","properties":{"cod_imovel":"RJ-3300308-0E84D0432EED437C8989C30C3575D55C","num_area":"38.601300000000000000000000000000","ind_status":"AT","des_condic":"Aguardando analise"},"geometry":{"type":"Polygon","coordinates":[[[-44.0329,-22.3576],[-44.0274,-22.3547],[-44.0244,-22.3633],[-44.0281,-22.3648],[-44.0329,-22.3577],[-44.0329,-22.3576]]]}},{"type":"Feature","properties":{"cod_imovel":"RJ-3300308-181B42C01A144C06B18CC9C0580550D5","num_area":"16.915200000000000000000000000000","ind_status":"AT","des_condic":"Aguardando analise"},"geometry":{"type":"Polygon","coordinates":[[[-43.8916,-22.3864],[-43.8868,-22.3861],[-43.8916,-22.3864],[-43.8916,-22.3864]],[[-43.8868,-22.3861],[-43.8924,-22.3882],[-43.8874,-22.3864],[-43.8868,-22.3861]]]}},{"type":"Feature","properties":{"cod_imovel":"RJ-3300308-651DF2E413264259BA5E4C7191CE24A2","num_area":"17.608200000000000000000000000000","ind_status":"AT","des_condic":"Aguardando analise"},"geometry":{"type":"Polygon","coordinates":[[[-44.0362,-22.3796],[-44.0318,-22.3807],[-44.0334,-22.3849],[-44.0363,-22.3794],[-44.0335,-22.3852],[-44.036,-22.3798],[-44.0362,-22.3796]]]}},{"type":"Feature","properties":{"cod_imovel":"RJ-3300308-8E38FC588C8B4DDFBFE3126E673258B5","num_area":"19.918400000000000000000000000000","ind_status":"AT","des_condic":"Aguardando analise"},"geometry":{"type":"Polygon","coordinates":[[[-44.0249,-22.3978],[-44.0217,-22.3962],[-44.0247,-22.3976],[-44.0249,-22.3978]],[[-44.0255,-22.3981],[-44.0238,-22.3931],[-44.0215,-22.3959],[-44.0254,-22.3979],[-44.0255,-22.3981]]]}},{"type":"Feature","properties":{"cod_imovel":"RJ-3300308-61BD913D524045EDB2C377CF109B70C6","num_area":"18.684300000000000000000000000000","ind_status":"AT","des_condic":"Aguardando analise"},"geometry":{"type":"Polygon","coordinates":[[[-43.8349,-22.4752],[-43.8384,-22.4677],[-43.8349,-22.475],[-43.8349,-22.4752]]]}},{"type":"Feature","properties":{"cod_imovel":"RJ-3300308-83CC769DDCDF488BAAEE7726A79F44EE","num_area":"10.784600000000000000000000000000","ind_status":"AT","des_condic":"Aguardando analise"},"geometry":{"type":"Polygon","coordinates":[[[-43.9616,-22.4405],[-43.9582,-22.4416],[-43.9628,-22.4438],[-43.9615,-22.4406],[-43.9616,-22.4405]]]}},{"type":"Feature","properties":{"cod_imovel":"RJ-3300308-73FA13E827C74CB592BCEBA2E15DB976","num_area":"113.76150000000000000000000000000","ind_status":"AT","des_condic":"Aguardando analise"},"geometry":{"type":"Polygon","coordinates":[[[-43.7847,-22.4199],[-43.7705,-22.4295],[-43.7743,-22.4314],[-43.7807,-22.4258],[-43.7917,-22.4297],[-43.7847,-22.4199]]]}},{"type":"Feature","properties":{"cod_imovel":"RJ-3300308-D2CD3A686FD448A0B5AF1840F619470A","num_area":"20.334600000000000000000000000000","ind_status":"AT","des_condic":"Aguardando analise"},"geometry":{"type":"Polygon","coordinates":[[[-44.039,-22.3755],[-44.0341,-22.3764],[-44.0372,-22.3792],[-44.0389,-22.3756],[-44.039,-22.3755]],[[-44.0401,-22.3818],[-44.0364,-22.3793],[-44.04,-22.3819],[-44.0401,-22.3818]],[[-44.041,-22.3752],[-44.0374,-22.3786],[-44.0401,-22.3818],[-44.0411,-22.3753],[-44.041,-22.3752]],[[-44.0456,-22.3705],[-44.0482,-22.3674],[-44.0424,-22.3706],[-44.0456,-22.3706],[-44.0456,-22.3705]]]}},{"type":"Feature","properties":{"cod_imovel":"RJ-3300308-5B1488585F19488E9455EC5DDBE88061","num_area":"39.550200000000000000000000000000","ind_status":"AT","des_condic":"Aguardando analise"},"geometry":{"type":"Polygon","coordinates":[[[-43.8717,-22.4153],[-43.866,-22.4188],[-43.8788,-22.4195],[-43.8719,-22.4153],[-43.8717,-22.4153]]]}},{"type":"Feature","properties":{"cod_imovel":"RJ-3300308-18720865AC2741279F019675F3DBB53B","num_area":"23.479000000000000000000000000000","ind_status":"AT","des_condic":"Aguardando analise"},"geometry":{"type":"Polygon","coordinates":[[[-43.8093,-22.4936],[-43.809,-22.4979],[-43.8135,-22.4934],[-43.8079,-22.4923],[-43.8093,-22.4936]]]}},{"type":"Feature","properties":{"cod_imovel":"RJ-3300308-3986E6397C654CBA9CEE8E7A07335811","num_area":"5.8825000000000000000000000000000","ind_status":"AT","des_condic":"Aguardando analise"},"geometry":{"type":"Polygon","coordinates":[[[-43.937,-22.4538],[-43.9402,-22.4516],[-43.937,-22.4537],[-43.937,-22.4538]]]}},{"type":"Feature","properties":{"cod_imovel":"RJ-3300308-5388F21AC9B84267A0FF285D6C817D1F","num_area":"18.932000000000000000000000000000","ind_status":"AT","des_condic":"Aguardando analise"},"geometry":{"type":"Polygon","coordinates":[[[-43.9874,-22.4601],[-43.9916,-22.4563],[-43.9874,-22.4596],[-43.9874,-22.4601]]]}},{"type":"Feature","properties":{"cod_imovel":"RJ-3300308-CF38E5B1F7384BEA9E5CD9EB8C4E5786","num_area":"8.0143000000000000000000000000000","ind_status":"AT","des_condic":"Aguardando analise"},"geometry":{"type":"Polygon","coordinates":[[[-44.0112,-22.3513],[-44.0078,-22.3511],[-44.0112,-22.3513],[-44.0112,-22.3513]]]}},{"type":"Feature","properties":{"cod_imovel":"RJ-3300308-C7C104C182464E0FB4A12FCFF377C52B","num_area":"15.884800000000000000000000000000","ind_status":"AT","des_condic":"Aguardando analise"},"geometry":{"type":"Polygon","coordinates":[[[-43.9435,-22.3674],[-43.9428,-22.364],[-43.9434,-22.3674],[-43.9435,-22.3674]]]}},{"type":"Feature","properties":{"cod_imovel":"RJ-3300308-9D41D60A401240E29E517CF8ED67F16F","num_area":"75.527900000000000000000000000000","ind_status":"AT","des_condic":"Aguardando analise"},"geometry":{"type":"Polygon","coordinates":[[[-43.9997,-22.3419],[-43.9966,-22.3467],[-44.0007,-22.3499],[-44.0033,-22.3446],[-43.9998,-22.3421],[-43.9997,-22.3419]],[[-43.9941,-22.3502],[-43.9938,-22.3588],[-43.9997,-22.3495],[-43.9947,-22.3501],[-43.9941,-22.3502]]]}},{"type":"Feature","properties":{"cod_imovel":"RJ-3300308-E7C99D5F543E4A139BCE0359D0BBFF36","num_area":"16.672700000000000000000000000000","ind_status":"AT","des_condic":"Aguardando analise"},"geometry":{"type":"Polygon","coordinates":[[[-44.003,-22.3451],[-44.0023,-22.3508],[-44.0041,-22.3457],[-44.003,-22.3451]]]}},{"type":"Feature","properties":{"cod_imovel":"RJ-3300308-126D31DA298B41EDA41ED287D94A5A3E","num_area":"20.358000000000000000000000000000","ind_status":"AT","des_condic":"Aguardando analise"},"geometry":{"type":"Polygon","coordinates":[[[-43.9895,-22.4618],[-43.9918,-22.4647],[-43.9894,-22.4619],[-43.9875,-22.4675],[-43.9922,-22.4681],[-43.9897,-22.462],[-43.9895,-22.4618]]]}},{"type":"Feature","properties":{"cod_imovel":"RJ-3300308-B922ECAEFCE842CCA47077C17A188BED","num_area":"51.249000000000000000000000000000","ind_status":"AT","des_condic":"Aguardando analise"},"geometry":{"type":"Polygon","coordinates":[[[-43.9722,-22.3517],[-43.9742,-22.3481],[-43.9727,-22.3511],[-43.9722,-22.3517]],[[-43.9736,-22.3443],[-43.9782,-22.3468],[-43.9745,-22.3446],[-43.9736,-22.3443]],[[-43.9803,-22.3462],[-43.978,-22.343],[-43.9796,-22.3468],[-43.9803,-22.3462]],[[-43.9812,-22.3504],[-43.9763,-22.3473],[-43.9704,-22.3538],[-43.9802,-22.3512],[-43.9812,-22.3504]]]}},{"type":"Feature","properties":{"cod_imovel":"RJ-3300308-BDFC76D10C614A8BB29452972E0DEF7E","num_area":"11.233100000000000000000000000000","ind_status":"AT","des_condic":"Aguardando analise"},"geometry":{"type":"Polygon","coordinates":[[[-43.9113,-22.5061],[-43.9119,-22.4972],[-43.9112,-22.5062],[-43.9113,-22.5061]],[[-43.9119,-22.4971],[-43.909,-22.5069],[-43.9119,-22.4972],[-43.9119,-22.4971]]]}},{"type":"Feature","properties":{"cod_imovel":"RJ-3300308-0F878D9F70204B7481B623814DA150F1","num_area":"35.393800000000000000000000000000","ind_status":"AT","des_condic":"Aguardando analise"},"geometry":{"type":"Polygon","coordinates":[[[-43.987,-22.4396],[-43.9827,-22.4455],[-43.9874,-22.4484],[-43.9877,-22.4401],[-43.987,-22.4396]],[[-43.9866,-22.4477],[-43.9897,-22.4497],[-43.9867,-22.4479],[-43.9866,-22.4477]]]}},{"type":"Feature","properties":{"cod_imovel":"RJ-3300308-1BCD8F88618C45B597722E06F3924086","num_area":"13.213300000000000000000000000000","ind_status":"AT","des_condic":"Aguardando analise"},"geometry":{"type":"Polygon","coordinates":[[[-43.8945,-22.3511],[-43.8983,-22.353],[-43.8981,-22.3488],[-43.8946,-22.3511],[-43.8945,-22.3511]]]}},{"type":"Feature","properties":{"cod_imovel":"RJ-3300308-BBB43DD64D0A4C31BB91605E8E2F071A","num_area":"314.76230000000000000000000000000","ind_status":"AT","des_condic":"Aguardando analise"},"geometry":{"type":"Polygon","coordinates":[[[-43.9943,-22.4262],[-43.9916,-22.4154],[-43.9838,-22.4169],[-43.9755,-22.4289],[-43.9841,-22.4312],[-43.9812,-22.4334],[-43.9852,-22.436],[-43.9933,-22.4276],[-43.9943,-22.4262]],[[-43.9846,-22.4232],[-43.9892,-22.422],[-43.9798,-22.4271],[-43.9805,-22.433],[-43.9769,-22.43],[-43.992,-22.4182],[-43.9844,-22.422],[-43.9846,-22.4232]],[[-43.9759,-22.4299],[-43.9763,-22.4371],[-43.9802,-22.4332],[-43.9762,-22.4304],[-43.9759,-22.4299]],[[-43.9719,-22.4345],[-43.9706,-22.4427],[-43.9726,-22.4353],[-43.9719,-22.4345]],[[-43.9712,-22.4425],[-43.975,-22.4446],[-43.9738,-22.4363],[-43.9712,-22.4415],[-43.9712,-22.4425]]]}},{"type":"Feature","properties":{"cod_imovel":"RJ-3300308-7252CA6CBA9546ABBF14A5ECD8BE77E6","num_area":"49.835600000000000000000000000000","ind_status":"AT","des_condic":"Aguardando analise"},"geometry":{"type":"Polygon","coordinates":[[[-43.9613,-22.4619],[-43.9559,-22.4617],[-43.9564,-22.4676],[-43.9519,-22.4611],[-43.9572,-22.4684],[-43.9605,-22.461],[-43.9577,-22.4687],[-43.9612,-22.4625],[-43.9613,-22.4619]]]}},{"type":"Feature","properties":{"cod_imovel":"RJ-3300308-2B3DE8249BFA4E3FA94A4ADF0564FB79","num_area":"28.719000000000000000000000000000","ind_status":"AT","des_condic":"Aguardando analise"},"geometry":{"type":"Polygon","coordinates":[[[-43.9538,-22.4927],[-43.9592,-22.495],[-43.9538,-22.4927],[-43.9538,-22.4927]],[[-43.9613,-22.4868],[-43.9595,-22.4834],[-43.9613,-22.4868],[-43.9613,-22.4868]],[[-43.9601,-22.4952],[-43.9592,-22.4842],[-43.9603,-22.4912],[-43.9585,-22.4873],[-43.9562,-22.4902],[-43.9598,-22.4948],[-43.9601,-22.4952]]]}},{"type":"Feature","properties":{"cod_imovel":"RJ-3300308-C4795DDC906C481BB06F5D5B5ABD7B8B","num_area":"6.3305000000000000000000000000000","ind_status":"AT","des_condic":"Aguardando analise"},"geometry":{"type":"Polygon","coordinates":[[[-43.9269,-22.4669],[-43.9301,-22.4665],[-43.9269,-22.4668],[-43.9269,-22.4669]]]}},{"type":"Feature","properties":{"cod_imovel":"RJ-3300308-0024BDDFD4C14B47A68F57DE48384A3C","num_area":"8.0453000000000000000000000000000","ind_status":"AT","des_condic":"Aguardando analise"},"geometry":{"type":"Polygon","coordinates":[[[-43.8284,-22.4149],[-43.8293,-22.419],[-43.8291,-22.4158],[-43.8284,-22.4149]]]}},{"type":"Feature","properties":{"cod_imovel":"RJ-3300308-949F5FE27F18426BB6679EC3975E15B6","num_area":"35.247900000000000000000000000000","ind_status":"AT","des_condic":"Aguardando analise"},"geometry":{"type":"Polygon","coordinates":[[[-43.8709,-22.4112],[-43.8747,-22.4065],[-43.8708,-22.4059],[-43.8703,-22.4113],[-43.8709,-22.4112]],[[-43.8729,-22.4119],[-43.8758,-22.4034],[-43.872,-22.411],[-43.8729,-22.4119]]]}},{"type":"Feature","properties":{"cod_imovel":"RJ-3300308-A003B5EB6CF4419785C1D594C0918EA8","num_area":"23.703400000000000000000000000000","ind_status":"AT","des_condic":"Aguardando analise"},"geometry":{"type":"Polygon","coordinates":[[[-43.946,-22.4599],[-43.9393,-22.4596],[-43.9437,-22.4634],[-43.9423,-22.4578],[-43.9459,-22.4601],[-43.946,-22.4599]]]}},{"type":"Feature","properties":{"cod_imovel":"RJ-3300308-F2E4980673534547B3545BDD4E984612","num_area":"193.24020000000000000000000000000","ind_status":"PE","des_condic":"Aguardando analise"},"geometry":{"type":"Polygon","coordinates":[[[-43.9081,-22.3617],[-43.9128,-22.3683],[-43.9086,-22.3696],[-43.9067,-22.3633],[-43.902,-22.3674],[-43.9153,-22.377],[-43.9291,-22.3835],[-43.9357,-22.3773],[-43.9266,-22.3701],[-43.9357,-22.3773],[-43.9275,-22.3821],[-43.9309,-22.3796],[-43.9223,-22.3658],[-43.9085,-22.361],[-43.9081,-22.3617]],[[-43.9047,-22.3672],[-43.9059,-22.3703],[-43.9047,-22.3671],[-43.9047,-22.3672]],[[-43.918,-22.3712],[-43.9144,-22.3685],[-43.9188,-22.3715],[-43.918,-22.3712]],[[-43.9188,-22.3705],[-43.907,-22.363],[-43.9164,-22.3623],[-43.9247,-22.3703],[-43.9187,-22.3705],[-43.9188,-22.3705]]]}},{"type":"Feature","properties":{"cod_imovel":"RJ-3300308-05AC9EE4404A4863A0F5C0FC8625446B","num_area":"2.2130000000000000000000000000000","ind_status":"AT","des_condic":"Aguardando analise"},"geometry":{"type":"Polygon","coordinates":[[[-43.8066,-22.5497],[-43.8075,-22.5459],[-43.8062,-22.5497],[-43.8066,-22.5497]]]}},{"type":"Feature","properties":{"cod_imovel":"RJ-3300308-BC2811B854D94E8BA3D0D534B8F010F8","num_area":"4.9326000000000000000000000000000","ind_status":"AT","des_condic":"Aguardando analise"},"geometry":{"type":"Polygon","coordinates":[[[-43.8065,-22.4866],[-43.8015,-22.4865],[-43.8063,-22.4868],[-43.8065,-22.4866]]]}},{"type":"Feature","properties":{"cod_imovel":"RJ-3300308-96C6A34F7F904BA188D4867812BB354B","num_area":"25.043000000000000000000000000000","ind_status":"AT","des_condic":"Aguardando analise"},"geometry":{"type":"Polygon","coordinates":[[[-43.8488,-22.5079],[-43.853,-22.5103],[-43.8478,-22.5079],[-43.8489,-22.5156],[-43.8538,-22.512],[-43.8493,-22.508],[-43.8488,-22.5079]]]}},{"type":"Feature","properties":{"cod_imovel":"RJ-3300308-2FBCDD6437374486B1E21D1B5572D02E","num_area":"19.404200000000000000000000000000","ind_status":"AT","des_condic":"Aguardando analise"},"geometry":{"type":"Polygon","coordinates":[[[-43.9918,-22.3982],[-43.9916,-22.4031],[-43.9956,-22.4007],[-43.9922,-22.399],[-43.9918,-22.3982]]]}},{"type":"Feature","properties":{"cod_imovel":"RJ-3300308-005C986A302C4BB1814F326FB558752D","num_area":"32.530500000000000000000000000000","ind_status":"AT","des_condic":"Aguardando analise"},"geometry":{"type":"Polygon","coordinates":[[[-43.9424,-22.4174],[-43.9412,-22.423],[-43.9447,-22.4183],[-43.9463,-22.4226],[-43.9468,-22.4162],[-43.9423,-22.417],[-43.9424,-22.4174]],[[-43.9434,-22.4189],[-43.941,-22.4219],[-43.9434,-22.4189],[-43.9434,-22.4189]]]}},{"type":"Feature","properties":{"cod_imovel":"RJ-3300308-05C0CAF17F1543C1924B7877A5401A0A","num_area":"55.253600000000000000000000000000","ind_status":"AT","des_condic":"Aguardando analise"},"geometry":{"type":"Polygon","coordinates":[[[-43.8842,-22.3498],[-43.8851,-22.3394],[-43.8759,-22.3439],[-43.8831,-22.3492],[-43.8842,-22.3498]]]}},{"type":"Feature","properties":{"cod_imovel":"RJ-3300308-D6A1DE9462904517AE71A8A21C300BC1","num_area":"7.0891000000000000000000000000000","ind_status":"AT","des_condic":"Aguardando analise"},"geometry":{"type":"Polygon","coordinates":[[[-43.8,-22.4789],[-43.8032,-22.4798],[-43.8004,-22.4755],[-43.8004,-22.4788],[-43.8,-22.4789]]]}},{"type":"Feature","properties":{"cod_imovel":"RJ-3300308-044758D94C2148CF8B6D83D3E26708FF","num_area":"12.188300000000000000000000000000","ind_status":"AT","des_condic":"Aguardando analise"},"geometry":{"type":"Polygon","coordinates":[[[-43.8865,-22.3694],[-43.8803,-22.3703],[-43.8869,-22.37],[-43.8865,-22.3694]]]}},{"type":"Feature","properties":{"cod_imovel":"RJ-3300308-8193F1BACC954BA696D528367E6B90D6","num_area":"16.110900000000000000000000000000","ind_status":"AT","des_condic":"Aguardando analise"},"geometry":{"type":"Polygon","coordinates":[[[-43.9547,-22.4847],[-43.9561,-22.4894],[-43.9581,-22.4832],[-43.9547,-22.4846],[-43.9547,-22.4847]]]}},{"type":"Feature","properties":{"cod_imovel":"RJ-3300308-74F1AC84D78D4CAC9CA5E0075E02B9AB","num_area":"46.839200000000000000000000000000","ind_status":"AT","des_condic":"Aguardando analise"},"geometry":{"type":"Polygon","coordinates":[[[-44.0024,-22.4508],[-44.0014,-22.4563],[-44.0101,-22.4559],[-44.0106,-22.4509],[-44.0025,-22.4507],[-44.0024,-22.4508]]]}},{"type":"Feature","properties":{"cod_imovel":"RJ-3300308-8903E00AE4844F139DFD1D708085563A","num_area":"7.2226000000000000000000000000000","ind_status":"AT","des_condic":"Aguardando analise"},"geometry":{"type":"Polygon","coordinates":[[[-43.9882,-22.451],[-43.9918,-22.4501],[-43.9883,-22.4505],[-43.9882,-22.451]]]}},{"type":"Feature","properties":{"cod_imovel":"RJ-3306107-CB9B92C1342E416CB0A05ACBF9112D6B","num_area":"15.706900000000000000000000000000","ind_status":"AT","des_condic":"Aguardando analise"},"geometry":{"type":"Polygon","coordinates":[[[-43.852,-22.3626],[-43.8457,-22.3632],[-43.8505,-22.367],[-43.8522,-22.3624],[-43.852,-22.3626]]]}},{"type":"Feature","properties":{"cod_imovel":"RJ-3300308-03FBDA95B2674FC89F3CE8E289AE7D8A","num_area":"40.737000000000000000000000000000","ind_status":"AT","des_condic":"Aguardando analise"},"geometry":{"type":"Polygon","coordinates":[[[-43.9895,-22.4617],[-43.9937,-22.464],[-43.9932,-22.4569],[-43.9957,-22.4531],[-43.9982,-22.4557],[-43.9937,-22.4577],[-43.9955,-22.4625],[-43.9982,-22.4557],[-43.9958,-22.4531],[-43.9907,-22.46],[-43.9895,-22.4617]]]}},{"type":"Feature","properties":{"cod_imovel":"RJ-3300308-1877C5C72BF34F918640B163F789B313","num_area":"2.0023000000000000000000000000000","ind_status":"AT","des_condic":"Aguardando analise"},"geometry":{"type":"Polygon","coordinates":[[[-43.8252,-22.4192],[-43.8212,-22.4189],[-43.825,-22.4193],[-43.8252,-22.4192]]]}},{"type":"Feature","properties":{"cod_imovel":"RJ-3300308-17DBD15C37D3488A90CF2D4F02F247E9","num_area":"45.262700000000000000000000000000","ind_status":"AT","des_condic":"Aguardando analise"},"geometry":{"type":"Polygon","coordinates":[[[-43.8964,-22.4128],[-43.8937,-22.4156],[-43.8974,-22.4181],[-43.8975,-22.4135],[-43.8964,-22.4128]],[[-43.9023,-22.4165],[-43.8974,-22.4181],[-43.9059,-22.4219],[-43.9041,-22.4177],[-43.9023,-22.4165]]]}},{"type":"Feature","properties":{"cod_imovel":"RJ-3300308-E81B2BCCF2A44CE0852CFB3E89AC97B3","num_area":"9.5887000000000000000000000000000","ind_status":"AT","des_condic":"Aguardando analise"},"geometry":{"type":"Polygon","coordinates":[[[-44.0329,-22.3491],[-44.0343,-22.3421],[-44.0328,-22.3491],[-44.0329,-22.3491]]]}},{"type":"Feature","properties":{"cod_imovel":"RJ-3300308-1E6C252E80FA465483FCFE4C4EB7FF1A","num_area":"22.486100000000000000000000000000","ind_status":"AT","des_condic":"Aguardando analise"},"geometry":{"type":"Polygon","coordinates":[[[-43.9853,-22.3424],[-43.9817,-22.3378],[-43.9798,-22.3455],[-43.9853,-22.3425],[-43.9853,-22.3424]]]}},{"type":"Feature","properties":{"cod_imovel":"RJ-3300308-B13DECF372FE45BF9ECDB204F10E5D40","num_area":"23.528500000000000000000000000000","ind_status":"AT","des_condic":"Aguardando analise"},"geometry":{"type":"Polygon","coordinates":[[[-43.8352,-22.4396],[-43.8303,-22.4363],[-43.8291,-22.4421],[-43.8353,-22.4398],[-43.8352,-22.4396]],[[-43.8319,-22.4399],[-43.8294,-22.4423],[-43.832,-22.4399],[-43.8319,-22.4399]]]}},{"type":"Feature","properties":{"cod_imovel":"RJ-3300308-58BCF7B79A7F4804A3E54BF735A188B2","num_area":"39.682200000000000000000000000000","ind_status":"AT","des_condic":"Aguardando analise"},"geometry":{"type":"Polygon","coordinates":[[[-44.017,-22.4033],[-44.0214,-22.4061],[-44.0177,-22.4033],[-44.017,-22.4033]],[[-44.0168,-22.3999],[-44.0213,-22.4019],[-44.0213,-22.398],[-44.0167,-22.3985],[-44.0168,-22.3999]]]}},{"type":"Feature","properties":{"cod_imovel":"RJ-3300308-96187A4448944488968989D82B988985","num_area":"71.385500000000000000000000000000","ind_status":"AT","des_condic":"Aguardando analise"},"geometry":{"type":"Polygon","coordinates":[[[-43.9933,-22.3797],[-43.9905,-22.3868],[-43.9949,-22.3872],[-43.9904,-22.3917],[-43.9996,-22.3883],[-43.9933,-22.3797],[-43.9933,-22.3797]],[[-43.9953,-22.385],[-43.9943,-22.3816],[-43.9953,-22.385],[-43.9953,-22.385]]]}},{"type":"Feature","properties":{"cod_imovel":"RJ-3300308-9B9F5BC891EE493F910AEC71E4ABDEA0","num_area":"6.0226000000000000000000000000000","ind_status":"AT","des_condic":"Aguardando analise"},"geometry":{"type":"Polygon","coordinates":[[[-43.8459,-22.4934],[-43.8453,-22.4965],[-43.8481,-22.4933],[-43.8459,-22.4934]]]}},{"type":"Feature","properties":{"cod_imovel":"RJ-3300308-B2180B73096447D6BFBA47AA836CEF6B","num_area":"18.780000000000000000000000000000","ind_status":"AT","des_condic":"Aguardando analise"},"geometry":{"type":"Polygon","coordinates":[[[-43.8488,-22.4991],[-43.8519,-22.4991],[-43.8485,-22.4934],[-43.8488,-22.4991],[-43.8488,-22.4991]]]}},{"type":"Feature","properties":{"cod_imovel":"RJ-3300308-45E32606A9C342889D9DDD7352B27954","num_area":"12.137000000000000000000000000000","ind_status":"AT","des_condic":"Aguardando analise"},"geometry":{"type":"Polygon","coordinates":[[[-43.8341,-22.4957],[-43.837,-22.4975],[-43.8342,-22.4957],[-43.8341,-22.4957]],[[-43.8335,-22.492],[-43.8366,-22.4957],[-43.8334,-22.492],[-43.8335,-22.492]]]}},{"type":"Feature","properties":{"cod_imovel":"RJ-3300308-9FF6815C6217413E969635ACDA77425C","num_area":"12.150600000000000000000000000000","ind_status":"AT","des_condic":"Aguardando analise"},"geometry":{"type":"Polygon","coordinates":[[[-44.0225,-22.3967],[-44.0213,-22.4008],[-44.0259,-22.3987],[-44.0226,-22.3968],[-44.0225,-22.3967]]]}},{"type":"Feature","properties":{"cod_imovel":"RJ-3300308-5410A666D4C34E58B9CA486E9677FB58","num_area":"84.337800000000000000000000000000","ind_status":"AT","des_condic":"Aguardando analise"},"geometry":{"type":"Polygon","coordinates":[[[-43.9835,-22.3565],[-43.9824,-22.3496],[-43.9864,-22.3534],[-43.983,-22.3492],[-43.9707,-22.3537],[-43.9774,-22.3594],[-43.9825,-22.3573],[-43.9835,-22.3565]]]}},{"type":"Feature","properties":{"cod_imovel":"RJ-3300308-85A0674B79CF43FC9DC04E87E70FEC77","num_area":"36.488900000000000000000000000000","ind_status":"AT","des_condic":"Aguardando analise"},"geometry":{"type":"Polygon","coordinates":[[[-43.9504,-22.4681],[-43.9525,-22.465],[-43.9444,-22.4631],[-43.9491,-22.4682],[-43.9504,-22.4681]]]}},{"type":"Feature","properties":{"cod_imovel":"RJ-3300308-448EB4D8CE8C4CC981C9CB7A99B1DB94","num_area":"31.474100000000000000000000000000","ind_status":"AT","des_condic":"Aguardando analise"},"geometry":{"type":"Polygon","coordinates":[[[-43.9563,-22.4682],[-43.946,-22.4712],[-43.9563,-22.4682],[-43.9563,-22.4682]]]}},{"type":"Feature","properties":{"cod_imovel":"RJ-3300308-3B58FFEFA954447981E7AE586DE8BA28","num_area":"15.601200000000000000000000000000","ind_status":"AT","des_condic":"Aguardando analise"},"geometry":{"type":"Polygon","coordinates":[[[-44.006,-22.3912],[-44.0,-22.3923],[-44.0058,-22.3913],[-44.006,-22.3912]]]}},{"type":"Feature","properties":{"cod_imovel":"RJ-3300308-122E13974C4646DE86A23993E5FE6920","num_area":"48.578200000000000000000000000000","ind_status":"AT","des_condic":"Aguardando analise"},"geometry":{"type":"Polygon","coordinates":[[[-43.8265,-22.3905],[-43.8282,-22.3953],[-43.8272,-22.3895],[-43.8265,-22.3905]],[[-43.8283,-22.3935],[-43.8296,-22.3884],[-43.8283,-22.3934],[-43.8283,-22.3935]],[[-43.8284,-22.3936],[-43.8299,-22.3968],[-43.8333,-22.3911],[-43.8286,-22.3935],[-43.8284,-22.3936]]]}},{"type":"Feature","properties":{"cod_imovel":"RJ-3300308-CD3624B6CC9141D3BC27446464FC180D","num_area":"47.041600000000000000000000000000","ind_status":"AT","des_condic":"Aguardando analise"},"geometry":{"type":"Polygon","coordinates":[[[-44.0379,-22.3801],[-44.0283,-22.3934],[-44.0357,-22.3839],[-44.0423,-22.3838],[-44.0382,-22.3807],[-44.0379,-22.3801]]]}},{"type":"Feature","properties":{"cod_imovel":"RJ-3300308-849F2AD799974EDE9FD997A3C94552DD","num_area":"33.530100000000000000000000000000","ind_status":"AT","des_condic":"Aguardando analise"},"geometry":{"type":"Polygon","coordinates":[[[-43.9834,-22.3496],[-43.9873,-22.3541],[-43.9922,-22.3474],[-43.9836,-22.3495],[-43.9834,-22.3496]]]}},{"type":"Feature","properties":{"cod_imovel":"RJ-3300308-A864557A41D14CF989BFA0A86B1758B1","num_area":"4.8411000000000000000000000000000","ind_status":"AT","des_condic":"Aguardando analise"},"geometry":{"type":"Polygon","coordinates":[[[-44.0121,-22.3555],[-44.0142,-22.3533],[-44.0121,-22.3556],[-44.0121,-22.3555]]]}},{"type":"Feature","properties":{"cod_imovel":"RJ-3300308-E2F9E59AA8C949BCA7B067463876E782","num_area":"137.23100000000000000000000000000","ind_status":"AT","des_condic":"Aguardando analise"},"geometry":{"type":"Polygon","coordinates":[[[-44.0091,-22.372],[-43.9924,-22.3696],[-43.9874,-22.3793],[-44.0056,-22.3794],[-44.0066,-22.3745],[-44.002,-22.3747],[-44.0091,-22.372],[-44.0091,-22.372]],[[-43.9948,-22.3788],[-43.9994,-22.3754],[-43.9948,-22.3788],[-43.9948,-22.3788]],[[-43.9931,-22.3755],[-43.9922,-22.3797],[-43.993,-22.3757],[-43.9931,-22.3755]]]}},{"type":"Feature","properties":{"cod_imovel":"RJ-3300308-3D149B376EA5494DA77BE86B87C6B025","num_area":"9.9297000000000000000000000000000","ind_status":"AT","des_condic":"Aguardando analise"},"geometry":{"type":"Polygon","coordinates":[[[-44.006,-22.3508],[-44.003,-22.3517],[-44.006,-22.3513],[-44.006,-22.3508]],[[-44.005,-22.3487],[-44.0025,-22.3513],[-44.005,-22.3487],[-44.005,-22.3487]]]}},{"type":"Feature","properties":{"cod_imovel":"RJ-3300308-620BAF51CCDF4729AF79199AFFFE61F5","num_area":"137.48230000000000000000000000000","ind_status":"AT","des_condic":"Aguardando analise"},"geometry":{"type":"Polygon","coordinates":[[[-43.9928,-22.3862],[-43.9881,-22.382],[-43.9841,-22.3854],[-43.9879,-22.3818],[-43.9792,-22.3743],[-43.9746,-22.3814],[-43.9867,-22.3916],[-43.9912,-22.3876],[-43.9853,-22.3882],[-43.9921,-22.3868],[-43.9928,-22.3862]],[[-43.9846,-22.3802],[-43.9809,-22.3817],[-43.9849,-22.3792],[-43.9846,-22.3802]]]}},{"type":"Feature","properties":{"cod_imovel":"RJ-3300308-3FFFEB32061842EF82A371839F9B22D7","num_area":"12.837100000000000000000000000000","ind_status":"AT","des_condic":"Aguardando analise"},"geometry":{"type":"Polygon","coordinates":[[[-44.0302,-22.3536],[-44.0332,-22.3576],[-44.0321,-22.3546],[-44.0302,-22.3536]]]}},{"type":"Feature","properties":{"cod_imovel":"RJ-3300308-D8BEB912889647FCBBEDBD892080F20C","num_area":"13.236200000000000000000000000000","ind_status":"AT","des_condic":"Aguardando analise"},"geometry":{"type":"Polygon","coordinates":[[[-44.0286,-22.3471],[-44.0293,-22.3424],[-44.0271,-22.3451],[-44.0286,-22.3471]]]}},{"type":"Feature","properties":{"cod_imovel":"RJ-3300308-C3963FD8AA8247DF95FA400D71062345","num_area":"24.780000000000000000000000000000","ind_status":"AT","des_condic":"Aguardando analise"},"geometry":{"type":"Polygon","coordinates":[[[-43.8064,-22.3772],[-43.8054,-22.3727],[-43.7979,-22.3748],[-43.8025,-22.3746],[-43.804,-22.3803],[-43.806,-22.3777],[-43.8064,-22.3772]]]}},{"type":"Feature","properties":{"cod_imovel":"RJ-3300308-4FAD91E53E95497CA6AF10C45146C061","num_area":"27.661300000000000000000000000000","ind_status":"AT","des_condic":"Aguardando analise"},"geometry":{"type":"Polygon","coordinates":[[[-43.9818,-22.3376],[-43.9854,-22.3422],[-43.9892,-22.3377],[-43.9821,-22.3374],[-43.9818,-22.3376]]]}},{"type":"Feature","properties":{"cod_imovel":"RJ-3300308-D82AE3BC4F6B4845A1437D2016B84C1D","num_area":"34.011200000000000000000000000000","ind_status":"AT","des_condic":"Aguardando analise"},"geometry":{"type":"Polygon","coordinates":[[[-43.9347,-22.4639],[-43.9399,-22.4668],[-43.9348,-22.4637],[-43.9347,-22.4639]],[[-43.9401,-22.4663],[-43.9423,-22.4623],[-43.9401,-22.4662],[-43.9401,-22.4663]],[[-43.939,-22.4636],[-43.9423,-22.4619],[-43.9391,-22.4596],[-43.9349,-22.4637],[-43.9389,-22.4636],[-43.939,-22.4636]]]}},{"type":"Feature","properties":{"cod_imovel":"RJ-3300308-A3C84B0532CE475988132448B72848F8","num_area":"19.471900000000000000000000000000","ind_status":"AT","des_condic":"Aguardando analise"},"geometry":{"type":"Polygon","coordinates":[[[-43.8516,-22.347],[-43.8488,-22.3416],[-43.8508,-22.3462],[-43.8516,-22.347]],[[-43.8533,-22.3447],[-43.8523,-22.3491],[-43.8536,-22.3446],[-43.8533,-22.3447]]]}},{"type":"Feature","properties":{"cod_imovel":"RJ-3300308-76FA2C836C4D4423B9882BE419DE30DB","num_area":"13.380600000000000000000000000000","ind_status":"AT","des_condic":"Aguardando analise"},"geometry":{"type":"Polygon","coordinates":[[[-43.8845,-22.3697],[-43.8806,-22.3703],[-43.8838,-22.3731],[-43.8855,-22.3695],[-43.8845,-22.3697]]]}},{"type":"Feature","properties":{"cod_imovel":"RJ-3300308-6E2D780471CB49A5BCDD32325A9DE01D","num_area":"15.846700000000000000000000000000","ind_status":"AT","des_condic":"Aguardando analise"},"geometry":{"type":"Polygon","coordinates":[[[-43.868,-22.4062],[-43.8651,-22.4036],[-43.8644,-22.4074],[-43.868,-22.4062],[-43.868,-22.4062]]]}},{"type":"Feature","properties":{"cod_imovel":"RJ-3300308-D11B33A1B47944A5BD75B7FBF4265B12","num_area":"84.955200000000000000000000000000","ind_status":"AT","des_condic":"Aguardando analise"},"geometry":{"type":"Polygon","coordinates":[[[-43.8781,-22.4147],[-43.8751,-22.4156],[-43.8845,-22.4144],[-43.8782,-22.4149],[-43.8781,-22.4147]],[[-43.8858,-22.4201],[-43.8888,-22.4214],[-43.8871,-22.4129],[-43.8853,-22.4197],[-43.8858,-22.4201]],[[-43.8888,-22.4213],[-43.8908,-22.4156],[-43.8887,-22.4211],[-43.8888,-22.4213]],[[-43.885,-22.4157],[-43.883,-22.4185],[-43.885,-22.4157],[-43.885,-22.4157]],[[-43.8766,-22.4162],[-43.88,-22.4184],[-43.8766,-22.4163],[-43.8766,-22.4162]],[[-43.8799,-22.4187],[-43.8769,-22.4237],[-43.8801,-22.4185],[-43.8799,-22.4187]]]}},{"type":"Feature","properties":{"cod_imovel":"RJ-3300308-E0EC80667B1D475DAFB903745A41A672","num_area":"13.240400000000000000000000000000","ind_status":"AT","des_condic":"Aguardando analise"},"geometry":{"type":"Polygon","coordinates":[[[-44.002,-22.4209],[-43.9979,-22.425],[-44.0022,-22.4225],[-44.002,-22.4209]],[[-43.999,-22.4261],[-44.0024,-22.4233],[-43.999,-22.4261],[-43.999,-22.4261]]]}},{"type":"Feature","properties":{"cod_imovel":"RJ-3300308-69CCC44CE11B4ADA8430CF4BBB909322","num_area":"12.294000000000000000000000000000","ind_status":"AT","des_condic":"Aguardando analise"},"geometry":{"type":"Polygon","coordinates":[[[-43.8494,-22.3407],[-43.8556,-22.3396],[-43.8493,-22.3406],[-43.8494,-22.3407]],[[-43.8528,-22.3366],[-43.8482,-22.3386],[-43.852,-22.3369],[-43.8528,-22.3366]]]}},{"type":"Feature","properties":{"cod_imovel":"RJ-3300308-F846A6C17EB14856B0C50F6D68197A33","num_area":"13.395800000000000000000000000000","ind_status":"AT","des_condic":"Aguardando analise"},"geometry":{"type":"Polygon","coordinates":[[[-43.8739,-22.4157],[-43.8675,-22.4129],[-43.8737,-22.4157],[-43.8739,-22.4157]]]}},{"type":"Feature","properties":{"cod_imovel":"RJ-3300308-BEFE75AE6831495B9C5CA11984AAFEE6","num_area":"8.5751000000000000000000000000000","ind_status":"AT","des_condic":"Aguardando analise"},"geometry":{"type":"Polygon","coordinates":[[[-43.9957,-22.3928],[-43.9941,-22.3958],[-43.9967,-22.3928],[-43.9957,-22.3928]]]}},{"type":"Feature","properties":{"cod_imovel":"RJ-3300308-E50DB86E5E6C4D01B634B1289FF453C2","num_area":"16.381200000000000000000000000000","ind_status":"AT","des_condic":"Aguardando analise"},"geometry":{"type":"Polygon","coordinates":[[[-44.0141,-22.404],[-44.0094,-22.4079],[-44.0147,-22.4047],[-44.0141,-22.404]]]}},{"type":"Feature","properties":{"cod_imovel":"RJ-3300308-A1E8C014702944809B59A1DEB41D9487","num_area":"31.781700000000000000000000000000","ind_status":"AT","des_condic":"Aguardando analise"},"geometry":{"type":"Polygon","coordinates":[[[-44.0001,-22.3964],[-44.0011,-22.4006],[-44.0039,-22.3931],[-43.9999,-22.3962],[-44.0001,-22.3964]],[[-44.002,-22.4001],[-44.0044,-22.3947],[-44.0014,-22.4004],[-44.002,-22.4001]]]}},{"type":"Feature","properties":{"cod_imovel":"RJ-3300308-AAE5DA9FAD334DA7AE0BA9333A732752","num_area":"27.213900000000000000000000000000","ind_status":"AT","des_condic":"Aguardando analise"},"geometry":{"type":"Polygon","coordinates":[[[-44.0091,-22.4013],[-44.006,-22.4023],[-44.0087,-22.4064],[-44.0132,-22.4028],[-44.0093,-22.4013],[-44.0091,-22.4013]]]}},{"type":"Feature","properties":{"cod_imovel":"RJ-3300308-B9A0CBB6F47F48C2B7F1612BA893465F","num_area":"59.886900000000000000000000000000","ind_status":"AT","des_condic":"Aguardando analise"},"geometry":{"type":"Polygon","coordinates":[[[-44.0059,-22.392],[-44.0032,-22.3995],[-44.0118,-22.4015],[-44.0069,-22.4006],[-44.0102,-22.3984],[-44.0059,-22.392],[-44.0059,-22.392]]]}},{"type":"Feature","properties":{"cod_imovel":"RJ-3300308-E4989960F1964A1E836B2C383C4E5CC5","num_area":"12.599500000000000000000000000000","ind_status":"AT","des_condic":"Aguardando analise"},"geometry":{"type":"Polygon","coordinates":[[[-44.0383,-22.4013],[-44.035,-22.3977],[-44.0379,-22.4017],[-44.0383,-22.4013]]]}},{"type":"Feature","properties":{"cod_imovel":"RJ-3300308-AAB6867BE78B4BA3ADC29C3C26B1C6E7","num_area":"54.071200000000000000000000000000","ind_status":"AT","des_condic":"Aguardando analise"},"geometry":{"type":"Polygon","coordinates":[[[-43.9849,-22.4365],[-43.9807,-22.4331],[-43.9778,-22.439],[-43.9825,-22.4355],[-43.9806,-22.4436],[-43.9838,-22.4414],[-43.9849,-22.4365]]]}},{"type":"Feature","properties":{"cod_imovel":"RJ-3300308-0B2BB7F8D73C4C7DBA60407BFA03BF79","num_area":"66.920900000000000000000000000000","ind_status":"AT","des_condic":"Aguardando analise"},"geometry":{"type":"Polygon","coordinates":[[[-43.9807,-22.3202],[-43.977,-22.3168],[-43.9801,-22.3205],[-43.9807,-22.3202]],[[-43.9801,-22.3205],[-43.9803,-22.3242],[-43.9807,-22.3202],[-43.9801,-22.3205]],[[-43.9891,-22.3167],[-43.984,-22.3159],[-43.9815,-22.3205],[-43.9888,-22.3167],[-43.9891,-22.3167]],[[-43.9892,-22.3196],[-43.9839,-22.3215],[-43.9893,-22.32],[-43.9892,-22.3196]]]}},{"type":"Feature","properties":{"cod_imovel":"RJ-3300308-C93B09E8766040EB82A75EA16E18DF00","num_area":"13.501300000000000000000000000000","ind_status":"AT","des_condic":"Aguardando analise"},"geometry":{"type":"Polygon","coordinates":[[[-44.0172,-22.3676],[-44.0102,-22.3674],[-44.016,-22.3677],[-44.0172,-22.3676]]]}},{"type":"Feature","properties":{"cod_imovel":"RJ-3300308-3DA5ACECE0ED40219443BA3C02B9A3C1","num_area":"12.811900000000000000000000000000","ind_status":"AT","des_condic":"Aguardando analise"},"geometry":{"type":"Polygon","coordinates":[[[-43.8093,-22.4305],[-43.8145,-22.4293],[-43.8102,-22.4263],[-43.8087,-22.4296],[-43.8093,-22.4305]]]}},{"type":"Feature","properties":{"cod_imovel":"RJ-3300308-526EA500A5334EC4A7D47B203258EEB1","num_area":"25.969900000000000000000000000000","ind_status":"AT","des_condic":"Aguardando analise"},"geometry":{"type":"Polygon","coordinates":[[[-43.9007,-22.358],[-43.9039,-22.3608],[-43.9005,-22.3575],[-43.9007,-22.358]],[[-43.9014,-22.3572],[-43.9038,-22.3531],[-43.8983,-22.3538],[-43.9005,-22.3574],[-43.9014,-22.3572]],[[-43.9034,-22.3526],[-43.8979,-22.3533],[-43.9034,-22.3526],[-43.9034,-22.3526]]]}},{"type":"Feature","properties":{"cod_imovel":"RJ-3300308-6FF05748609C4EA8BE576B04515EA771","num_area":"70.819200000000000000000000000000","ind_status":"AT","des_condic":"Aguardando analise"},"geometry":{"type":"Polygon","coordinates":[[[-43.9753,-22.3311],[-43.9715,-22.3337],[-43.9768,-22.3387],[-43.9756,-22.3313],[-43.9753,-22.3311]],[[-43.9714,-22.3338],[-43.969,-22.338],[-43.9744,-22.3367],[-43.9715,-22.3338],[-43.9714,-22.3338]],[[-43.9715,-22.3385],[-43.9716,-22.3422],[-43.9815,-22.3408],[-43.972,-22.3382],[-43.9715,-22.3385]],[[-43.9716,-22.3416],[-43.9748,-22.342],[-43.9716,-22.3421],[-43.9716,-22.3416]]]}},{"type":"Feature","properties":{"cod_imovel":"RJ-3300308-CFE8A3220E0E420A859274C6E4FA5740","num_area":"75.648400000000000000000000000000","ind_status":"AT","des_condic":"Aguardando analise"},"geometry":{"type":"Polygon","coordinates":[[[-43.875,-22.4082],[-43.8785,-22.415],[-43.8877,-22.4124],[-43.8785,-22.4019],[-43.8755,-22.4066],[-43.875,-22.4082]]]}},{"type":"Feature","properties":{"cod_imovel":"RJ-3300308-E56BCB7E101E472DBAE88E3FDAC853AA","num_area":"13.846200000000000000000000000000","ind_status":"AT","des_condic":"Aguardando analise"},"geometry":{"type":"Polygon","coordinates":[[[-44.0239,-22.3929],[-44.0192,-22.3925],[-44.0238,-22.393],[-44.0239,-22.3929]]]}},{"type":"Feature","properties":{"cod_imovel":"RJ-3300308-B281A9CF054F4E7BAEF15A994E76670B","num_area":"2.3190000000000000000000000000000","ind_status":"AT","des_condic":"Aguardando analise"},"geometry":{"type":"Polygon","coordinates":[[[-43.8139,-22.3959],[-43.8146,-22.3919],[-43.8139,-22.3959],[-43.8139,-22.3959]]]}},{"type":"Feature","properties":{"cod_imovel":"RJ-3300308-22E239F20CEB4DF2B4D7EB75C8726E88","num_area":"9.8314000000000000000000000000000","ind_status":"AT","des_condic":"Aguardando analise"},"geometry":{"type":"Polygon","coordinates":[[[-43.8383,-22.4923],[-43.8366,-22.4957],[-43.8385,-22.4924],[-43.8383,-22.4923]]]}},{"type":"Feature","properties":{"cod_imovel":"RJ-3300308-9C48EF684E3F4A33AB9D80F2DB80EFFA","num_area":"21.307600000000000000000000000000","ind_status":"AT","des_condic":"Aguardando analise"},"geometry":{"type":"Polygon","coordinates":[[[-44.0602,-22.4549],[-44.0555,-22.4578],[-44.0597,-22.4601],[-44.0603,-22.4566],[-44.0602,-22.4549]]]}},{"type":"Feature","properties":{"cod_imovel":"RJ-3300308-898E0D1DB5BC404598F736C1960FB2D1","num_area":"20.727600000000000000000000000000","ind_status":"AT","des_condic":"Aguardando analise"},"geometry":{"type":"Polygon","coordinates":[[[-43.8747,-22.4108],[-43.8772,-22.4005],[-43.8753,-22.4058],[-43.8747,-22.4108]]]}},{"type":"Feature","properties":{"cod_imovel":"RJ-3300308-C74550F79A4B498687F5C63E0492AC4A","num_area":"45.544900000000000000000000000000","ind_status":"AT","des_condic":"Aguardando analise"},"geometry":{"type":"Polygon","coordinates":[[[-43.9466,-22.4157],[-43.9475,-22.4221],[-43.9516,-22.4192],[-43.9477,-22.4267],[-43.9547,-22.4215],[-43.947,-22.4157],[-43.9466,-22.4157]],[[-43.9473,-22.4262],[-43.9441,-22.426],[-43.9465,-22.4294],[-43.9473,-22.4262],[-43.9473,-22.4262]]]}},{"type":"Feature","properties":{"cod_imovel":"RJ-3300308-A3C3234AEBA8408481A3D4498C88670B","num_area":"22.383600000000000000000000000000","ind_status":"AT","des_condic":"Aguardando analise"},"geometry":{"type":"Polygon","coordinates":[[[-43.96,-22.4405],[-43.9584,-22.4351],[-43.956,-22.4389],[-43.9599,-22.4405],[-43.96,-22.4405]]]}},{"type":"Feature","properties":{"cod_imovel":"RJ-3300308-7F16672699954A9E93562429F06E75FF","num_area":"16.585200000000000000000000000000","ind_status":"AT","des_condic":"Aguardando analise"},"geometry":{"type":"Polygon","coordinates":[[[-44.0456,-22.3868],[-44.0425,-22.3837],[-44.0454,-22.3864],[-44.0456,-22.3868]],[[-44.0469,-22.3873],[-44.049,-22.3841],[-44.0451,-22.3836],[-44.0468,-22.3872],[-44.0469,-22.3873]]]}},{"type":"Feature","properties":{"cod_imovel":"RJ-3300308-1ADFF5334B3443D183A79B907D4E136F","num_area":"5.8183000000000000000000000000000","ind_status":"AT","des_condic":"Aguardando analise"},"geometry":{"type":"Polygon","coordinates":[[[-43.866,-22.3996],[-43.8702,-22.3961],[-43.8676,-22.3984],[-43.866,-22.3996]]]}},{"type":"Feature","properties":{"cod_imovel":"RJ-3300308-4BEBC8A4CD8441F4B119BB97BCFE2FD6","num_area":"31.474100000000000000000000000000","ind_status":"CA","des_condic":"Cancelado por duplicidade"},"geometry":{"type":"Polygon","coordinates":[[[-43.9563,-22.4682],[-43.946,-22.4712],[-43.9563,-22.4682],[-43.9563,-22.4682]]]}},{"type":"Feature","properties":{"cod_imovel":"RJ-3300308-C03B381615FC4722B7489B2D98B3F56B","num_area":"39.383000000000000000000000000000","ind_status":"AT","des_condic":"Aguardando analise"},"geometry":{"type":"Polygon","coordinates":[[[-44.0447,-22.4486],[-44.0357,-22.4538],[-44.0456,-22.4501],[-44.0447,-22.4486]]]}},{"type":"Feature","properties":{"cod_imovel":"RJ-3300308-4BB282E0AAA94FD7AB89ABC5DBB155E3","num_area":"84.330500000000000000000000000000","ind_status":"AT","des_condic":"Em analise"},"geometry":{"type":"Polygon","coordinates":[[[-43.975,-22.4079],[-43.9804,-22.411],[-43.9875,-22.405],[-43.9825,-22.401],[-43.9784,-22.4039],[-43.9832,-22.4092],[-43.9752,-22.4076],[-43.975,-22.4079]],[[-43.9857,-22.4075],[-43.9885,-22.4098],[-43.9911,-22.4057],[-43.9858,-22.4075],[-43.9857,-22.4075]],[[-43.9892,-22.405],[-43.9922,-22.4057],[-43.9892,-22.405],[-43.9892,-22.405]],[[-43.9907,-22.4075],[-43.9875,-22.4101],[-43.9907,-22.4075],[-43.9907,-22.4075]]]}},{"type":"Feature","properties":{"cod_imovel":"RJ-3300308-D2AE26E8780A42A28B540DE161705899","num_area":"109.46820000000000000000000000000","ind_status":"AT","des_condic":"Em analise"},"geometry":{"type":"Polygon","coordinates":[[[-43.8581,-22.394],[-43.8587,-22.4091],[-43.8623,-22.4063],[-43.8585,-22.4015],[-43.8641,-22.4035],[-43.8687,-22.3983],[-43.8636,-22.3996],[-43.8657,-22.3963],[-43.8582,-22.3939],[-43.8581,-22.394]]]}},{"type":"Feature","properties":{"cod_imovel":"RJ-3300308-D8CFEE6134C548BFB871E4CC31C855C8","num_area":"133.63490000000000000000000000000","ind_status":"AT","des_condic":"Em analise"},"geometry":{"type":"Polygon","coordinates":[[[-43.9074,-22.3961],[-43.9014,-22.393],[-43.9071,-22.3961],[-43.9074,-22.3961]],[[-43.9197,-22.3942],[-43.9162,-22.3873],[-43.9115,-22.3899],[-43.9074,-22.385],[-43.9077,-22.392],[-43.9029,-22.3911],[-43.9132,-22.3956],[-43.9082,-22.3976],[-43.9197,-22.3943],[-43.9197,-22.3942]]]}},{"type":"Feature","properties":{"cod_imovel":"RJ-3300308-ED9BB8BC37D449E7A9C2A1E8E363103C","num_area":"341.59130000000000000000000000000","ind_status":"AT","des_condic":"Aguardando analise"},"geometry":{"type":"Polygon","coordinates":[[[-43.8828,-22.5137],[-43.882,-22.4952],[-43.8725,-22.4856],[-43.8677,-22.4862],[-43.8583,-22.4952],[-43.8708,-22.5008],[-43.8702,-22.5128],[-43.8824,-22.5105],[-43.8784,-22.5138],[-43.8828,-22.5137]],[[-43.8746,-22.4879],[-43.8603,-22.4946],[-43.8738,-22.487],[-43.8746,-22.4879]],[[-43.8753,-22.5114],[-43.8761,-22.5049],[-43.8815,-22.5065],[-43.8746,-22.5117],[-43.8753,-22.5114]]]}},{"type":"Feature","properties":{"cod_imovel":"RJ-3300308-DF2BB8ECE41246679D12F86B6689EC47","num_area":"92.682500000000000000000000000000","ind_status":"AT","des_condic":"Aguardando analise"},"geometry":{"type":"Polygon","coordinates":[[[-43.9003,-22.4557],[-43.9052,-22.4537],[-43.8966,-22.4496],[-43.9005,-22.453],[-43.898,-22.4571],[-43.9003,-22.4557]],[[-43.9016,-22.4561],[-43.9108,-22.4605],[-43.9148,-22.4569],[-43.9017,-22.4561],[-43.9016,-22.4561]],[[-43.8974,-22.4487],[-43.9136,-22.4558],[-43.8976,-22.449],[-43.8974,-22.4487]],[[-43.8968,-22.4493],[-43.9062,-22.4529],[-43.8969,-22.4494],[-43.8968,-22.4493]],[[-43.9053,-22.4536],[-43.9148,-22.4568],[-43.9056,-22.4535],[-43.9053,-22.4536]]]}},{"type":"Feature","properties":{"cod_imovel":"RJ-3300308-C9C9CF4609D24F5F9296E3FC184E0645","num_area":"16.852400000000000000000000000000","ind_status":"AT","des_condic":"Aguardando analise"},"geometry":{"type":"Polygon","coordinates":[[[-43.8532,-22.4545],[-43.8571,-22.4562],[-43.8532,-22.4545],[-43.8532,-22.4545]],[[-43.8529,-22.4546],[-43.8524,-22.4589],[-43.8529,-22.4546],[-43.8529,-22.4546]]]}},{"type":"Feature","properties":{"cod_imovel":"RJ-3300308-1733EFD0CCAE4F16A5EC63A5845A49B1","num_area":"11.240500000000000000000000000000","ind_status":"AT","des_condic":"Aguardando analise"},"geometry":{"type":"Polygon","coordinates":[[[-43.8802,-22.3617],[-43.8774,-22.3573],[-43.875,-22.3615],[-43.88,-22.3617],[-43.8802,-22.3617]]]}},{"type":"Feature","properties":{"cod_imovel":"RJ-3300308-CB7E75AFDE2D4C2F9C3E70668F184A36","num_area":"105.60980000000000000000000000000","ind_status":"AT","des_condic":"Aguardando analise"},"geometry":{"type":"Polygon","coordinates":[[[-43.866,-22.4189],[-43.8648,-22.4287],[-43.8712,-22.4231],[-43.8817,-22.4303],[-43.884,-22.4277],[-43.8678,-22.4193],[-43.866,-22.4189]],[[-43.8705,-22.4228],[-43.8656,-22.4236],[-43.8701,-22.4225],[-43.8705,-22.4228]]]}},{"type":"Feature","properties":{"cod_imovel":"RJ-3300308-2296A39230954C719DDFA1A4265A449F","num_area":"32.800100000000000000000000000000","ind_status":"AT","des_condic":"Aguardando analise"},"geometry":{"type":"Polygon","coordinates":[[[-44.0218,-22.3333],[-44.0249,-22.3389],[-44.0223,-22.3339],[-44.0218,-22.3333]],[[-44.0202,-22.3347],[-44.02,-22.3401],[-44.0253,-22.3398],[-44.0203,-22.3347],[-44.0202,-22.3347]]]}},{"type":"Feature","properties":{"cod_imovel":"RJ-3300308-1D8D493C187F4E44AD6558A5C7ED743F","num_area":"76.015900000000000000000000000000","ind_status":"AT","des_condic":"Aguardando analise"},"geometry":{"type":"Polygon","coordinates":[[[-43.9301,-22.4623],[-43.9202,-22.4584],[-43.9169,-22.4645],[-43.92,-22.469],[-43.9291,-22.4632],[-43.9248,-22.4617],[-43.93,-22.4624],[-43.9301,-22.4623]]]}},{"type":"Feature","properties":{"cod_imovel":"RJ-3300308-619C8D95EB7A48FAA0C934964D2D54F4","num_area":"16.290500000000000000000000000000","ind_status":"AT","des_condic":"Aguardando analise"},"geometry":{"type":"Polygon","coordinates":[[[-43.8474,-22.4522],[-43.8381,-22.4491],[-43.848,-22.4526],[-43.8474,-22.4522]],[[-43.8411,-22.4497],[-43.8473,-22.4521],[-43.8385,-22.4485],[-43.8416,-22.4497],[-43.8411,-22.4497]]]}},{"type":"Feature","properties":{"cod_imovel":"RJ-3300308-C57F88A79066448B9F859DCC5883D9C1","num_area":"9.3842000000000000000000000000000","ind_status":"AT","des_condic":"Aguardando analise"},"geometry":{"type":"Polygon","coordinates":[[[-43.8115,-22.4378],[-43.8074,-22.4386],[-43.8112,-22.4383],[-43.8115,-22.4378]]]}},{"type":"Feature","properties":{"cod_imovel":"RJ-3300308-B7D2D7A2ABF34566B8A6D63A89E5E672","num_area":"9.1473000000000000000000000000000","ind_status":"AT","des_condic":"Aguardando analise"},"geometry":{"type":"Polygon","coordinates":[[[-43.8256,-22.417],[-43.8216,-22.4185],[-43.826,-22.417],[-43.8256,-22.417]]]}},{"type":"Feature","properties":{"cod_imovel":"RJ-3300308-D824AFDFCD1F49329A9764BF19D96E12","num_area":"6.2670000000000000000000000000000","ind_status":"AT","des_condic":"Aguardando analise"},"geometry":{"type":"Polygon","coordinates":[[[-43.8924,-22.3829],[-43.8982,-22.3836],[-43.8924,-22.3823],[-43.8924,-22.3829]]]}},{"type":"Feature","properties":{"cod_imovel":"RJ-3300308-BB01531E478442DD95228DEA75003600","num_area":"41.120900000000000000000000000000","ind_status":"AT","des_condic":"Aguardando analise"},"geometry":{"type":"Polygon","coordinates":[[[-43.8432,-22.3978],[-43.8421,-22.3931],[-43.8462,-22.3931],[-43.8384,-22.3877],[-43.8341,-22.3917],[-43.8386,-22.3946],[-43.8417,-22.3903],[-43.8403,-22.3957],[-43.8432,-22.3978]],[[-43.841,-22.3897],[-43.8342,-22.3917],[-43.8389,-22.3881],[-43.841,-22.3897]]]}},{"type":"Feature","properties":{"cod_imovel":"RJ-3300308-8FFCEDB01A744D8F93D811A4DCA50167","num_area":"19.481300000000000000000000000000","ind_status":"AT","des_condic":"Aguardando analise"},"geometry":{"type":"Polygon","coordinates":[[[-44.0296,-22.4778],[-44.027,-22.4749],[-44.0258,-22.4784],[-44.0305,-22.4784],[-44.0296,-22.4778]]]}},{"type":"Feature","properties":{"cod_imovel":"RJ-3300308-0A0BC9383B9E46419F49286F747EF13E","num_area":"33.356800000000000000000000000000","ind_status":"AT","des_condic":"Aguardando analise"},"geometry":{"type":"Polygon","coordinates":[[[-43.7761,-22.3982],[-43.7694,-22.393],[-43.7668,-22.3983],[-43.7769,-22.3994],[-43.7761,-22.3982]]]}},{"type":"Feature","properties":{"cod_imovel":"RJ-3300308-FD6D9516BBFF4B8BA5E5A4A37F8FDA5F","num_area":"5.6377000000000000000000000000000","ind_status":"AT","des_condic":"Aguardando analise"},"geometry":{"type":"Polygon","coordinates":[[[-44.0283,-22.3888],[-44.0257,-22.3859],[-44.0283,-22.3889],[-44.0283,-22.3888]]]}},{"type":"Feature","properties":{"cod_imovel":"RJ-3300308-C55202C48CAC4771AB7DC0EFD1A757E7","num_area":"33.457500000000000000000000000000","ind_status":"PE","des_condic":"Analisado, aguardando atendimento a notificacao"},"geometry":{"type":"Polygon","coordinates":[[[-43.9937,-22.4715],[-43.9903,-22.4737],[-43.9937,-22.4715],[-43.9937,-22.4715]],[[-43.9927,-22.4706],[-43.9877,-22.4673],[-43.9848,-22.4702],[-43.99,-22.4711],[-43.9847,-22.4737],[-43.9927,-22.4706],[-43.9927,-22.4706]]]}},{"type":"Feature","properties":{"cod_imovel":"RJ-3300308-EA22C1FBE99C4DC6A3C52815D57FE146","num_area":"158.66610000000000000000000000000","ind_status":"AT","des_condic":"Aguardando analise"},"geometry":{"type":"Polygon","coordinates":[[[-43.8147,-22.3869],[-43.8219,-22.3911],[-43.831,-22.3824],[-43.8191,-22.3809],[-43.816,-22.3861],[-43.826,-22.3827],[-43.818,-22.3865],[-43.8233,-22.3862],[-43.8212,-22.3887],[-43.8148,-22.3869],[-43.8147,-22.3869]],[[-43.8256,-22.3916],[-43.8258,-22.3871],[-43.8255,-22.3916],[-43.8256,-22.3916]],[[-43.8295,-22.3809],[-43.8261,-22.3793],[-43.8295,-22.3809],[-43.8295,-22.3809]],[[-43.8264,-22.3782],[-43.8232,-22.3756],[-43.8187,-22.3794],[-43.8264,-22.3783],[-43.8264,-22.3782]]]}},{"type":"Feature","properties":{"cod_imovel":"RJ-3300308-625F2502BF694380B447917F667D0BC2","num_area":"18.104500000000000000000000000000","ind_status":"AT","des_condic":"Aguardando analise"},"geometry":{"type":"Polygon","coordinates":[[[-43.9886,-22.4616],[-43.9846,-22.4676],[-43.9892,-22.4618],[-43.9886,-22.4616]]]}},{"type":"Feature","properties":{"cod_imovel":"RJ-3300308-04AC369E788F41B28474D59EA0D1B38E","num_area":"20.557700000000000000000000000000","ind_status":"AT","des_condic":"Aguardando analise"},"geometry":{"type":"Polygon","coordinates":[[[-43.8581,-22.373],[-43.8558,-22.3685],[-43.8521,-22.373],[-43.8568,-22.3749],[-43.8581,-22.373]]]}},{"type":"Feature","properties":{"cod_imovel":"RJ-3300308-25BFD3603B5748549EE16C2FCF8F0346","num_area":"68.184400000000000000000000000000","ind_status":"AT","des_condic":"Aguardando analise"},"geometry":{"type":"Polygon","coordinates":[[[-43.8925,-22.3561],[-43.8928,-22.3484],[-43.8876,-22.3552],[-43.8921,-22.356],[-43.8925,-22.3561]],[[-43.8937,-22.355],[-43.8963,-22.3464],[-43.8939,-22.3541],[-43.8937,-22.355]],[[-43.8983,-22.3485],[-43.8973,-22.3444],[-43.8983,-22.3484],[-43.8983,-22.3485]],[[-43.8972,-22.3443],[-43.8923,-22.3478],[-43.8959,-22.3455],[-43.8972,-22.3443]],[[-43.8966,-22.3438],[-43.8913,-22.3432],[-43.8903,-22.3476],[-43.8946,-22.3458],[-43.8966,-22.3438]],[[-43.8948,-22.3456],[-43.8924,-22.3429],[-43.8963,-22.3441],[-43.8948,-22.3456]],[[-43.8903,-22.3477],[-43.8881,-22.3525],[-43.8911,-22.3471],[-43.8903,-22.3477]],[[-43.8882,-22.3525],[-43.8925,-22.3479],[-43.889,-22.3518],[-43.8882,-22.3525]]]}},{"type":"Feature","properties":{"cod_imovel":"RJ-3300308-E3554D38C2404CACB05D2D6D5338AB3A","num_area":"13.093400000000000000000000000000","ind_status":"AT","des_condic":"Aguardando analise"},"geometry":{"type":"Polygon","coordinates":[[[-43.9947,-22.4043],[-43.9968,-22.401],[-43.9948,-22.4042],[-43.9947,-22.4043]]]}},{"type":"Feature","properties":{"cod_imovel":"RJ-3300308-B7E270E8FE4140C5B1FFFCAD3145B623","num_area":"8.3784000000000000000000000000000","ind_status":"AT","des_condic":"Em analise"},"geometry":{"type":"Polygon","coordinates":[[[-43.8829,-22.3865],[-43.8786,-22.3859],[-43.8827,-22.3871],[-43.8829,-22.3865]]]}},{"type":"Feature","properties":{"cod_imovel":"RJ-3300308-04D5C5FF0A824AF09C1A035D55079C83","num_area":"134.98910000000000000000000000000","ind_status":"AT","des_condic":"Aguardando analise"},"geometry":{"type":"Polygon","coordinates":[[[-43.768,-22.4722],[-43.7641,-22.4743],[-43.7681,-22.4727],[-43.768,-22.4722]],[[-43.7636,-22.4745],[-43.7615,-22.4806],[-43.7609,-22.4744],[-43.7497,-22.4714],[-43.7653,-22.4827],[-43.7636,-22.4747],[-43.7636,-22.4745]],[[-43.7558,-22.4748],[-43.753,-22.4719],[-43.7558,-22.4748],[-43.7558,-22.4748]],[[-43.7712,-22.4703],[-43.7508,-22.469],[-43.762,-22.4748],[-43.7705,-22.4705],[-43.7669,-22.4728],[-43.7712,-22.4703]]]}},{"type":"Feature","properties":{"cod_imovel":"RJ-3300308-08102AA048B347249A6935A842268E1C","num_area":"33.322500000000000000000000000000","ind_status":"AT","des_condic":"Aguardando analise"},"geometry":{"type":"Polygon","coordinates":[[[-43.8828,-22.5137],[-43.8876,-22.5133],[-43.8884,-22.5056],[-43.8819,-22.5057],[-43.8824,-22.5104],[-43.888,-22.5088],[-43.8866,-22.5134],[-43.8828,-22.5137]]]}},{"type":"Feature","properties":{"cod_imovel":"RJ-3300308-0B3FC8E5318A4DC4A64EA32D857F8BD3","num_area":"29.397800000000000000000000000000","ind_status":"AT","des_condic":"Aguardando analise"},"geometry":{"type":"Polygon","coordinates":[[[-43.8989,-22.3789],[-43.8909,-22.3775],[-43.8936,-22.3816],[-43.9003,-22.3799],[-43.8989,-22.3789]],[[-43.8998,-22.3804],[-43.8933,-22.3815],[-43.8973,-22.3831],[-43.8998,-22.3804]]]}},{"type":"Feature","properties":{"cod_imovel":"RJ-3300308-0BA5D7B1CDB34089BFB5A693AD7CBAA7","num_area":"17.644500000000000000000000000000","ind_status":"AT","des_condic":"Aguardando analise"},"geometry":{"type":"Polygon","coordinates":[[[-44.0548,-22.3904],[-44.051,-22.389],[-44.0547,-22.3903],[-44.0548,-22.3904]],[[-44.0539,-22.3896],[-44.0533,-22.3834],[-44.0503,-22.3859],[-44.0538,-22.3897],[-44.0539,-22.3896]]]}},{"type":"Feature","properties":{"cod_imovel":"RJ-3300308-0E41B9292FE94530B8A4D4411AFBC811","num_area":"13.134000000000000000000000000000","ind_status":"AT","des_condic":"Aguardando analise"},"geometry":{"type":"Polygon","coordinates":[[[-43.9956,-22.4287],[-43.9925,-22.4281],[-43.9955,-22.4287],[-43.9956,-22.4287]],[[-43.9932,-22.4292],[-43.9961,-22.431],[-43.9932,-22.4292],[-43.9932,-22.4292]]]}},{"type":"Feature","properties":{"cod_imovel":"RJ-3300308-0E6F27279E484A8E897D04BD7991D09E","num_area":"41.393100000000000000000000000000","ind_status":"AT","des_condic":"Aguardando analise"},"geometry":{"type":"Polygon","coordinates":[[[-43.8531,-22.3818],[-43.8495,-22.376],[-43.853,-22.3812],[-43.8531,-22.3818]],[[-43.8534,-22.3813],[-43.855,-22.3741],[-43.8533,-22.3811],[-43.8534,-22.3813]],[[-43.855,-22.3741],[-43.8495,-22.376],[-43.8516,-22.3789],[-43.8545,-22.3752],[-43.855,-22.3741]]]}},{"type":"Feature","properties":{"cod_imovel":"RJ-3300308-0ED1116A489A47319C546602670C8036","num_area":"5.5791000000000000000000000000000","ind_status":"AT","des_condic":"Aguardando analise"},"geometry":{"type":"Polygon","coordinates":[[[-44.0267,-22.3809],[-44.0254,-22.3856],[-44.0268,-22.3808],[-44.0267,-22.3809]],[[-44.0256,-22.3857],[-44.0279,-22.3817],[-44.0255,-22.3855],[-44.0256,-22.3857]]]}},{"type":"Feature","properties":{"cod_imovel":"RJ-3300308-159B89EE707A4DBD8BD1FF7471C17B40","num_area":"42.107700000000000000000000000000","ind_status":"AT","des_condic":"Aguardando analise"},"geometry":{"type":"Polygon","coordinates":[[[-43.8257,-22.4948],[-43.8213,-22.4982],[-43.8224,-22.5044],[-43.8273,-22.5023],[-43.8258,-22.4948],[-43.8257,-22.4948]]]}},{"type":"Feature","properties":{"cod_imovel":"RJ-3300308-1E2441B74112404580D9E80EFB264D7C","num_area":"49.229500000000000000000000000000","ind_status":"AT","des_condic":"Aguardando analise"},"geometry":{"type":"Polygon","coordinates":[[[-43.9399,-22.3699],[-43.9511,-22.3711],[-43.9402,-22.3695],[-43.9399,-22.3699]],[[-43.9481,-22.3729],[-43.9505,-22.3767],[-43.9482,-22.3729],[-43.9481,-22.3729]]]}},{"type":"Feature","properties":{"cod_imovel":"RJ-3300308-1AB94A05F781450C912068350805B89F","num_area":"28.560000000000000000000000000000","ind_status":"AT","des_condic":"Aguardando analise"},"geometry":{"type":"Polygon","coordinates":[[[-43.8316,-22.4884],[-43.8255,-22.4911],[-43.8298,-22.4893],[-43.8316,-22.4884]],[[-43.8319,-22.4916],[-43.8242,-22.4942],[-43.8318,-22.4915],[-43.8319,-22.4916]]]}},{"type":"Feature","properties":{"cod_imovel":"RJ-3300308-1F9029FCA5234E708ED1FF9D10222DF6","num_area":"16.614200000000000000000000000000","ind_status":"AT","des_condic":"Aguardando analise"},"geometry":{"type":"Polygon","coordinates":[[[-43.8871,-22.3468],[-43.8839,-22.3487],[-43.8903,-22.3477],[-43.8871,-22.3468],[-43.8871,-22.3468]],[[-43.884,-22.3488],[-43.8904,-22.3477],[-43.884,-22.3488],[-43.884,-22.3488]]]}},{"type":"Feature","properties":{"cod_imovel":"RJ-3300308-27477D8459034AA4AFD73D02C972935B","num_area":"103.82800000000000000000000000000","ind_status":"AT","des_condic":"Aguardando analise"},"geometry":{"type":"Polygon","coordinates":[[[-43.8082,-22.4671],[-43.7941,-22.4742],[-43.809,-22.4743],[-43.8128,-22.4694],[-43.7954,-22.4745],[-43.8047,-22.4681],[-43.8019,-22.473],[-43.8071,-22.4729],[-43.8082,-22.4671],[-43.8082,-22.4671]]]}},{"type":"Feature","properties":{"cod_imovel":"RJ-3300308-28117547CB874683BC74B465D41476D0","num_area":"16.419500000000000000000000000000","ind_status":"AT","des_condic":"Aguardando analise"},"geometry":{"type":"Polygon","coordinates":[[[-44.0228,-22.3598],[-44.0226,-22.3566],[-44.0226,-22.3598],[-44.0228,-22.3598]],[[-44.0226,-22.3532],[-44.0254,-22.3555],[-44.0231,-22.3533],[-44.0226,-22.3532]],[[-44.0221,-22.3532],[-44.0257,-22.356],[-44.0225,-22.3534],[-44.0221,-22.3532]],[[-44.018,-22.3558],[-44.0216,-22.3558],[-44.0185,-22.356],[-44.018,-22.3558]],[[-44.0184,-22.354],[-44.0181,-22.3505],[-44.0186,-22.3537],[-44.0184,-22.354]],[[-44.0185,-22.3547],[-44.0218,-22.3531],[-44.0185,-22.3547],[-44.0185,-22.3547]],[[-44.0223,-22.3525],[-44.0204,-22.3498],[-44.0223,-22.3526],[-44.0223,-22.3525]],[[-44.0203,-22.3497],[-44.0203,-22.3528],[-44.0203,-22.3497],[-44.0203,-22.3497]]]}},{"type":"Feature","properties":{"cod_imovel":"RJ-3300308-29AADFB4F6A84D03B92565B60A1D93AC","num_area":"97.391800000000000000000000000000","ind_status":"AT","des_condic":"Aguardando analise"},"geometry":{"type":"Polygon","coordinates":[[[-44.0525,-22.348],[-44.0528,-22.3534],[-44.0587,-22.3494],[-44.0525,-22.348],[-44.0525,-22.348]],[[-44.0592,-22.3494],[-44.062,-22.3427],[-44.0592,-22.3494],[-44.0592,-22.3494]],[[-44.0622,-22.3423],[-44.0523,-22.339],[-44.0525,-22.347],[-44.053,-22.3423],[-44.0547,-22.3455],[-44.0569,-22.3421],[-44.0575,-22.3484],[-44.0622,-22.3422],[-44.0622,-22.3423]],[[-44.0523,-22.339],[-44.0586,-22.3399],[-44.0523,-22.339],[-44.0523,-22.339]]]}},{"type":"Feature","properties":{"cod_imovel":"RJ-3300308-2AA0676F69BF4238AB05043B0378ABDA","num_area":"43.916200000000000000000000000000","ind_status":"AT","des_condic":"Aguardando analise"},"geometry":{"type":"Polygon","coordinates":[[[-43.8451,-22.3922],[-43.8376,-22.3873],[-43.8438,-22.3913],[-43.8451,-22.3922]],[[-43.8452,-22.3903],[-43.8487,-22.3896],[-43.8411,-22.3834],[-43.8394,-22.3873],[-43.8452,-22.3903],[-43.8452,-22.3903]]]}},{"type":"Feature","properties":{"cod_imovel":"RJ-3300308-3386A6470ACD460588175A5E9C07983D","num_area":"10.807100000000000000000000000000","ind_status":"AT","des_condic":"Aguardando analise"},"geometry":{"type":"Polygon","coordinates":[[[-44.0088,-22.3545],[-44.0061,-22.3565],[-44.0088,-22.3545],[-44.0088,-22.3545]]]}},{"type":"Feature","properties":{"cod_imovel":"RJ-3300308-33B3B9E749BD4E4186457A8D1B129FD1","num_area":"129.25540000000000000000000000000","ind_status":"PE","des_condic":"Analisado, aguardando atendimento a notificacao"},"geometry":{"type":"Polygon","coordinates":[[[-43.8453,-22.3977],[-43.8494,-22.402],[-43.8514,-22.3964],[-43.8453,-22.3905],[-43.8422,-22.3936],[-43.8456,-22.3973],[-43.8453,-22.3977]],[[-43.8496,-22.3999],[-43.8546,-22.398],[-43.8493,-22.4013],[-43.8564,-22.4069],[-43.8567,-22.3954],[-43.8455,-22.39],[-43.8501,-22.3989],[-43.8496,-22.3999]]]}},{"type":"Feature","properties":{"cod_imovel":"RJ-3300308-34C1E2929FD54A73BD47EE6E8409F53E","num_area":"59.565500000000000000000000000000","ind_status":"AT","des_condic":"Aguardando analise"},"geometry":{"type":"Polygon","coordinates":[[[-43.8751,-22.4261],[-43.8667,-22.4295],[-43.8697,-22.432],[-43.8666,-22.4297],[-43.876,-22.4357],[-43.8724,-22.4329],[-43.875,-22.4261],[-43.8751,-22.4261]],[[-43.876,-22.4322],[-43.8751,-22.4261],[-43.875,-22.4337],[-43.876,-22.4322]]]}},{"type":"Feature","properties":{"cod_imovel":"RJ-3300308-34E13485258B4E26A3B325DCF35CC4D6","num_area":"107.29170000000000000000000000000","ind_status":"PE","des_condic":"Analisado, aguardando atendimento a notificacao"},"geometry":{"type":"Polygon","coordinates":[[[-43.9074,-22.3983],[-43.9013,-22.3934],[-43.8989,-22.4026],[-43.8998,-22.3951],[-43.8956,-22.3999],[-43.8997,-22.4032],[-43.9014,-22.3998],[-43.904,-22.4059],[-43.8998,-22.4034],[-43.8949,-22.4097],[-43.9021,-22.4099],[-43.9073,-22.3986],[-43.9074,-22.3983]],[[-43.9047,-22.3962],[-43.9072,-22.3983],[-43.9043,-22.3964],[-43.9047,-22.3962]],[[-43.9011,-22.4021],[-43.9053,-22.3993],[-43.9019,-22.4018],[-43.9011,-22.4021]],[[-43.8948,-22.4098],[-43.8994,-22.4149],[-43.902,-22.41],[-43.8951,-22.4098],[-43.8948,-22.4098]]]}},{"type":"Feature","properties":{"cod_imovel":"RJ-3300308-3834CCC645104EC1BD26E8DA48D93800","num_area":"137.04620000000000000000000000000","ind_status":"AT","des_condic":"Aguardando analise"},"geometry":{"type":"Polygon","coordinates":[[[-43.884,-22.356],[-43.8833,-22.3514],[-43.8754,-22.3535],[-43.8811,-22.3481],[-43.8784,-22.3459],[-43.8717,-22.3456],[-43.8656,-22.3544],[-43.8744,-22.3517],[-43.8702,-22.3566],[-43.8749,-22.3614],[-43.8838,-22.3557],[-43.884,-22.356]],[[-43.8717,-22.3603],[-43.8735,-22.3638],[-43.8717,-22.3603],[-43.8717,-22.3603]],[[-43.89,-22.3545],[-43.8862,-22.3554],[-43.8895,-22.3546],[-43.89,-22.3545]]]}},{"type":"Feature","properties":{"cod_imovel":"RJ-3300308-4082D65DC067450AB6D1617924EFAD32","num_area":"17.012800000000000000000000000000","ind_status":"AT","des_condic":"Aguardando analise"},"geometry":{"type":"Polygon","coordinates":[[[-43.8744,-22.3837],[-43.8796,-22.3813],[-43.8744,-22.3837],[-43.8744,-22.3837]]]}},{"type":"Feature","properties":{"cod_imovel":"RJ-3300308-41264A4E1C8C44E2A78CAF6B8C7EE8AC","num_area":"47.394400000000000000000000000000","ind_status":"AT","des_condic":"Aguardando analise"},"geometry":{"type":"Polygon","coordinates":[[[-44.047,-22.4577],[-44.0442,-22.4622],[-44.047,-22.4577],[-44.047,-22.4577]],[[-44.0462,-22.458],[-44.0438,-22.4618],[-44.0461,-22.4582],[-44.0462,-22.458]],[[-44.0538,-22.4556],[-44.0472,-22.4584],[-44.0538,-22.4556],[-44.0538,-22.4556]],[[-44.0511,-22.4563],[-44.0473,-22.4577],[-44.0512,-22.4562],[-44.0511,-22.4563]],[[-44.0493,-22.4618],[-44.054,-22.4557],[-44.0496,-22.4614],[-44.0493,-22.4618]],[[-44.0446,-22.4626],[-44.0492,-22.4619],[-44.0448,-22.4623],[-44.0446,-22.4626]],[[-44.0454,-22.4621],[-44.0539,-22.4558],[-44.0454,-22.4621],[-44.0454,-22.4621]],[[-44.0453,-22.462],[-44.047,-22.4587],[-44.0453,-22.4619],[-44.0453,-22.462]],[[-44.0473,-22.4608],[-44.0538,-22.4557],[-44.0474,-22.4606],[-44.0473,-22.4608]]]}},{"type":"Feature","properties":{"cod_imovel":"RJ-3300308-4426AD49270D44E18B8A4E4F569B94E5","num_area":"16.123200000000000000000000000000","ind_status":"AT","des_condic":"Aguardando analise"},"geometry":{"type":"Polygon","coordinates":[[[-43.8423,-22.4475],[-43.8445,-22.45],[-43.8465,-22.4462],[-43.8412,-22.4477],[-43.8423,-22.4475]]]}},{"type":"Feature","properties":{"cod_imovel":"RJ-3300308-443FBCB7F980461B82E9890A67CF267E","num_area":"92.986300000000000000000000000000","ind_status":"AT","des_condic":"Aguardando analise"},"geometry":{"type":"Polygon","coordinates":[[[-44.0341,-22.3741],[-44.0308,-22.3669],[-44.0311,-22.3715],[-44.025,-22.3727],[-44.0338,-22.3751],[-44.0341,-22.3741]],[[-44.0333,-22.376],[-44.0285,-22.3748],[-44.0333,-22.376],[-44.0333,-22.376]],[[-44.0408,-22.3668],[-44.0312,-22.3662],[-44.0358,-22.3669],[-44.0328,-22.3733],[-44.0378,-22.3702],[-44.0337,-22.3756],[-44.0406,-22.3671],[-44.0408,-22.3668]]]}},{"type":"Feature","properties":{"cod_imovel":"RJ-3300308-484A0EAF85F543BB9D2C027A86B6D633","num_area":"111.80380000000000000000000000000","ind_status":"AT","des_condic":"Aguardando analise"},"geometry":{"type":"Polygon","coordinates":[[[-43.7741,-22.455],[-43.7625,-22.4494],[-43.7583,-22.4519],[-43.7677,-22.4603],[-43.7682,-22.456],[-43.7679,-22.4599],[-43.7724,-22.4566],[-43.7677,-22.4604],[-43.7711,-22.4623],[-43.7733,-22.4584],[-43.7741,-22.455]],[[-43.7583,-22.452],[-43.7604,-22.4562],[-43.7583,-22.452],[-43.7583,-22.452]]]}},{"type":"Feature","properties":{"cod_imovel":"RJ-3300308-4984E6338C8C48668678B3A331EA456C","num_area":"75.499300000000000000000000000000","ind_status":"AT","des_condic":"Aguardando analise"},"geometry":{"type":"Polygon","coordinates":[[[-43.9674,-22.3445],[-43.9696,-22.3402],[-43.9788,-22.3402],[-43.9689,-22.3328],[-43.9691,-22.3273],[-43.9678,-22.3405],[-43.9674,-22.3445]]]}},{"type":"Feature","properties":{"cod_imovel":"RJ-3300308-4B401C0D5588488D9D6C67186A36A5FB","num_area":"4.0204000000000000000000000000000","ind_status":"AT","des_condic":"Aguardando analise"},"geometry":{"type":"Polygon","coordinates":[[[-43.9196,-22.4982],[-43.9191,-22.5012],[-43.9196,-22.4982],[-43.9196,-22.4982]]]}},{"type":"Feature","properties":{"cod_imovel":"RJ-3300308-4C6E86CE3F8D4107B58B88A238412729","num_area":"4.9657000000000000000000000000000","ind_status":"AT","des_condic":"Aguardando analise"},"geometry":{"type":"Polygon","coordinates":[[[-43.8743,-22.4725],[-43.8781,-22.4702],[-43.8748,-22.4725],[-43.8743,-22.4725]]]}},{"type":"Feature","properties":{"cod_imovel":"RJ-3300308-4CEE461F31174BC685DC822C4BB8B9A3","num_area":"171.20220000000000000000000000000","ind_status":"PE","des_condic":"Analisado, aguardando atendimento a notificacao"},"geometry":{"type":"Polygon","coordinates":[[[-43.8125,-22.4015],[-43.8029,-22.405],[-43.8152,-22.4049],[-43.8128,-22.4088],[-43.8068,-22.4057],[-43.8043,-22.4091],[-43.8145,-22.4089],[-43.8127,-22.4014],[-43.8125,-22.4015]],[[-43.8038,-22.4077],[-43.7968,-22.4067],[-43.8038,-22.4077],[-43.8038,-22.4077]],[[-43.7974,-22.4049],[-43.7946,-22.4069],[-43.8017,-22.4026],[-43.7974,-22.4049],[-43.7974,-22.4049]],[[-43.7947,-22.4072],[-43.7882,-22.4041],[-43.7871,-22.4099],[-43.7989,-22.4119],[-43.7948,-22.4071],[-43.7947,-22.4072]],[[-43.7872,-22.4093],[-43.7813,-22.4072],[-43.7872,-22.4096],[-43.7872,-22.4093]],[[-43.7849,-22.4102],[-43.7959,-22.4172],[-43.8025,-22.4147],[-43.7959,-22.4172],[-43.785,-22.4102],[-43.7849,-22.4102]]]}},{"type":"Feature","properties":{"cod_imovel":"RJ-3300308-5405D8DC66174426811C33A8E7E8402F","num_area":"48.703200000000000000000000000000","ind_status":"AT","des_condic":"Aguardando analise"},"geometry":{"type":"Polygon","coordinates":[[[-43.8026,-22.5247],[-43.8002,-22.531],[-43.8064,-22.5347],[-43.8094,-22.5292],[-43.8006,-22.5299],[-43.8051,-22.5264],[-43.8026,-22.5247]],[[-43.8078,-22.5282],[-43.8042,-22.5273],[-43.8077,-22.5283],[-43.8078,-22.5282]]]}},{"type":"Feature","properties":{"cod_imovel":"RJ-3300308-67C168B0C7A6419BA3D848985FFD4F68","num_area":"39.574100000000000000000000000000","ind_status":"AT","des_condic":"Aguardando analise"},"geometry":{"type":"Polygon","coordinates":[[[-44.0236,-22.2945],[-44.0192,-22.3014],[-44.0226,-22.3043],[-44.0212,-22.2975],[-44.0236,-22.2945]],[[-44.0237,-22.298],[-44.0229,-22.3047],[-44.0237,-22.2987],[-44.0237,-22.298]],[[-44.0203,-22.2986],[-44.018,-22.3024],[-44.0229,-22.3047],[-44.0203,-22.2986],[-44.0203,-22.2986]]]}},{"type":"Feature","properties":{"cod_imovel":"RJ-3300308-5C305EB070ED48FE9AF33BF05CAFF3A8","num_area":"114.94430000000000000000000000000","ind_status":"AT","des_condic":"Aguardando analise"},"geometry":{"type":"Polygon","coordinates":[[[-43.9795,-22.3857],[-43.9777,-22.3763],[-43.9684,-22.3758],[-43.9776,-22.3751],[-43.9652,-22.3803],[-43.9682,-22.3773],[-43.9791,-22.3857],[-43.9795,-22.3857]],[[-43.9652,-22.3803],[-43.9716,-22.3829],[-43.9676,-22.3857],[-43.9698,-22.3907],[-43.9795,-22.3857],[-43.9705,-22.3788],[-43.9657,-22.3805],[-43.9652,-22.3803]],[[-43.9658,-22.382],[-43.9676,-22.3857],[-43.9661,-22.3821],[-43.9658,-22.382]]]}},{"type":"Feature","properties":{"cod_imovel":"RJ-3300308-5CF17EFCB2504600A1568B29FA20AB87","num_area":"62.336600000000000000000000000000","ind_status":"AT","des_condic":"Aguardando analise"},"geometry":{"type":"Polygon","coordinates":[[[-44.0146,-22.3499],[-44.0127,-22.346],[-44.0142,-22.3504],[-44.0146,-22.3499]],[[-44.0127,-22.346],[-44.0099,-22.342],[-44.0126,-22.3461],[-44.0127,-22.346]],[[-44.0082,-22.3446],[-44.0059,-22.3475],[-44.0116,-22.3557],[-44.0151,-22.348],[-44.0082,-22.3446],[-44.0082,-22.3446]]]}},{"type":"Feature","properties":{"cod_imovel":"RJ-3300308-602FC2EC4FD54BCEB312F123EFEABCAE","num_area":"29.585400000000000000000000000000","ind_status":"AT","des_condic":"Aguardando analise"},"geometry":{"type":"Polygon","coordinates":[[[-44.0353,-22.3485],[-44.0294,-22.3515],[-44.0401,-22.3486],[-44.0353,-22.3485],[-44.0353,-22.3485]]]}},{"type":"Feature","properties":{"cod_imovel":"RJ-3300308-61AFC7B6F8FA442295E048B09946398F","num_area":"8.0884000000000000000000000000000","ind_status":"AT","des_condic":"Aguardando analise"},"geometry":{"type":"Polygon","coordinates":[[[-43.9199,-22.4858],[-43.9234,-22.4866],[-43.9219,-22.4829],[-43.92,-22.4857],[-43.9199,-22.4858]]]}},{"type":"Feature","properties":{"cod_imovel":"RJ-3300308-63A68A60F7DF4991AB16DE4E34DE829A","num_area":"170.18560000000000000000000000000","ind_status":"PE","des_condic":"Analisado, aguardando atendimento a notificacao"},"geometry":{"type":"Polygon","coordinates":[[[-43.931,-22.4052],[-43.9316,-22.3987],[-43.9207,-22.3926],[-43.931,-22.4052],[-43.9305,-22.3977],[-43.931,-22.4052],[-43.931,-22.4052]],[[-43.9318,-22.4046],[-43.9354,-22.3977],[-43.9347,-22.4025],[-43.9428,-22.4057],[-43.9391,-22.4016],[-43.9419,-22.3973],[-43.9265,-22.3946],[-43.9316,-22.4042],[-43.9318,-22.4046]],[[-43.9429,-22.4056],[-43.9392,-22.4018],[-43.9419,-22.3973],[-43.9391,-22.4016],[-43.9427,-22.4055],[-43.9429,-22.4056]],[[-43.9273,-22.3941],[-43.921,-22.3927],[-43.9272,-22.3942],[-43.9273,-22.3941]]]}},{"type":"Feature","properties":{"cod_imovel":"RJ-3300308-681DED99D4E04EF58D428B17DEFB344E","num_area":"95.857500000000000000000000000000","ind_status":"PE","des_condic":"Analisado, aguardando atendimento a notificacao"},"geometry":{"type":"Polygon","coordinates":[[[-43.9145,-22.3505],[-43.904,-22.3523],[-43.9052,-22.3568],[-43.9122,-22.3612],[-43.9172,-22.358],[-43.9161,-22.3509],[-43.9145,-22.3505]]]}},{"type":"Feature","properties":{"cod_imovel":"RJ-3300308-6C7A16FB523147A2B7F106B1101484F1","num_area":"30.666700000000000000000000000000","ind_status":"AT","des_condic":"Aguardando analise"},"geometry":{"type":"Polygon","coordinates":[[[-43.7941,-22.3651],[-43.7957,-22.3699],[-43.7964,-22.3664],[-43.8049,-22.3722],[-43.7972,-22.3668],[-43.7941,-22.3651]],[[-43.7966,-22.3735],[-43.8023,-22.3734],[-43.7992,-22.37],[-43.7974,-22.3733],[-43.7966,-22.3735]],[[-43.8015,-22.372],[-43.7982,-22.3754],[-43.8011,-22.3719],[-43.8015,-22.372]],[[-43.7956,-22.3732],[-43.7982,-22.3754],[-43.7956,-22.373],[-43.7956,-22.3732]]]}},{"type":"Feature","properties":{"cod_imovel":"RJ-3300308-7185F285533448D2B0A8E5370830C809","num_area":"38.714300000000000000000000000000","ind_status":"AT","des_condic":"Aguardando analise"},"geometry":{"type":"Polygon","coordinates":[[[-43.994,-22.3589],[-43.9971,-22.3594],[-43.9939,-22.3588],[-43.994,-22.3589]],[[-44.0037,-22.3526],[-43.9982,-22.3522],[-44.0033,-22.3528],[-44.0037,-22.3526]],[[-43.9974,-22.359],[-44.0027,-22.3538],[-43.998,-22.3526],[-43.9973,-22.3591],[-43.9974,-22.359]]]}},{"type":"Feature","properties":{"cod_imovel":"RJ-3300308-7385533A53C84595A2B8E5A91158FF7E","num_area":"4.6050000000000000000000000000000","ind_status":"AT","des_condic":"Aguardando analise"},"geometry":{"type":"Polygon","coordinates":[[[-43.8523,-22.3492],[-43.8508,-22.3462],[-43.8522,-22.3492],[-43.8523,-22.3492]]]}},{"type":"Feature","properties":{"cod_imovel":"RJ-3300308-742FA0D224AB4E86B6FADD2AD0B4108E","num_area":"77.083700000000000000000000000000","ind_status":"AT","des_condic":"Aguardando analise"},"geometry":{"type":"Polygon","coordinates":[[[-43.8398,-22.4547],[-43.8431,-22.4519],[-43.8381,-22.4492],[-43.8396,-22.4544],[-43.8398,-22.4547]],[[-43.8379,-22.449],[-43.8401,-22.4426],[-43.835,-22.4435],[-43.8403,-22.4419],[-43.8351,-22.44],[-43.8373,-22.45],[-43.8337,-22.4534],[-43.8394,-22.4546],[-43.838,-22.4491],[-43.8379,-22.449]]]}},{"type":"Feature","properties":{"cod_imovel":"RJ-3300308-74DD99B72D7B4B6D9948779FB3E85CBD","num_area":"20.427800000000000000000000000000","ind_status":"AT","des_condic":"Aguardando analise"},"geometry":{"type":"Polygon","coordinates":[[[-44.0349,-22.4707],[-44.0299,-22.4733],[-44.0351,-22.4742],[-44.0349,-22.4707]],[[-44.0318,-22.4707],[-44.0304,-22.4765],[-44.0313,-22.4712],[-44.0318,-22.4707]]]}},{"type":"Feature","properties":{"cod_imovel":"RJ-3300308-74EEC6DF9D39464B96510D3268451D7D","num_area":"212.69040000000000000000000000000","ind_status":"AT","des_condic":"Aguardando analise"},"geometry":{"type":"Polygon","coordinates":[[[-43.8531,-22.4406],[-43.8518,-22.4438],[-43.8531,-22.4403],[-43.8531,-22.4406]],[[-43.859,-22.4356],[-43.8549,-22.4315],[-43.8534,-22.4393],[-43.859,-22.4356],[-43.859,-22.4356]],[[-43.8585,-22.4271],[-43.8566,-22.4321],[-43.8618,-22.4286],[-43.8583,-22.4271],[-43.8585,-22.4271]],[[-43.8633,-22.4335],[-43.8611,-22.4363],[-43.8632,-22.434],[-43.8633,-22.4335]],[[-43.8631,-22.4334],[-43.8625,-22.4289],[-43.8567,-22.4331],[-43.8631,-22.4323],[-43.8631,-22.4334]],[[-43.8632,-22.4363],[-43.8568,-22.4406],[-43.863,-22.4369],[-43.8632,-22.4363]],[[-43.8577,-22.4383],[-43.8616,-22.4393],[-43.8588,-22.4383],[-43.8577,-22.4383]],[[-43.8635,-22.447],[-43.8579,-22.4418],[-43.8574,-22.4515],[-43.8627,-22.4534],[-43.858,-22.4507],[-43.8633,-22.4474],[-43.8635,-22.447]],[[-43.8642,-22.4456],[-43.868,-22.4436],[-43.8662,-22.4378],[-43.8604,-22.4421],[-43.8641,-22.4456],[-43.8642,-22.4456]],[[-43.8679,-22.4339],[-43.8669,-22.437],[-43.875,-22.4358],[-43.8681,-22.4311],[-43.8626,-22.4391],[-43.8671,-22.4341],[-43.8679,-22.4339]],[[-43.8676,-22.4307],[-43.8638,-22.4349],[-43.8665,-22.4312],[-43.8676,-22.4307]],[[-43.8662,-22.4393],[-43.8698,-22.4363],[-43.8661,-22.4394],[-43.8662,-22.4393]]]}},{"type":"Feature","properties":{"cod_imovel":"RJ-3300308-77FCAC7F2EB94D4D81947F7639D5A26F","num_area":"15.696500000000000000000000000000","ind_status":"AT","des_condic":"Aguardando analise"},"geometry":{"type":"Polygon","coordinates":[[[-44.051,-22.3889],[-44.0529,-22.3825],[-44.049,-22.3833],[-44.051,-22.3889],[-44.051,-22.3889]]]}},{"type":"Feature","properties":{"cod_imovel":"RJ-3300308-79E07DE8515F4DC6BF13BB231B0E01C4","num_area":"22.911800000000000000000000000000","ind_status":"AT","des_condic":"Aguardando analise"},"geometry":{"type":"Polygon","coordinates":[[[-43.7867,-22.438],[-43.7888,-22.4349],[-43.7822,-22.433],[-43.7864,-22.4382],[-43.7867,-22.438]]]}},{"type":"Feature","properties":{"cod_imovel":"RJ-3300308-7AF94F439DEB4F3CB2C7C97F0327AAD4","num_area":"177.55430000000000000000000000000","ind_status":"AT","des_condic":"Aguardando analise"},"geometry":{"type":"Polygon","coordinates":[[[-44.0066,-22.3911],[-44.0172,-22.4064],[-44.0141,-22.3941],[-44.0189,-22.3801],[-44.0076,-22.3911],[-44.0066,-22.3911]],[[-44.0065,-22.391],[-44.0163,-22.3836],[-44.0078,-22.3859],[-44.0064,-22.391],[-44.0065,-22.391]],[[-44.0119,-22.3842],[-44.0101,-22.3811],[-44.0077,-22.386],[-44.0118,-22.3842],[-44.0119,-22.3842]]]}},{"type":"Feature","properties":{"cod_imovel":"RJ-3300308-8D07A3E36880479C815DC5F3002B0292","num_area":"130.35480000000000000000000000000","ind_status":"PE","des_condic":"Analisado, aguardando atendimento a notificacao"},"geometry":{"type":"Polygon","coordinates":[[[-43.9258,-22.3676],[-43.9399,-22.3803],[-43.9456,-22.3742],[-43.9372,-22.3743],[-43.9398,-22.3699],[-43.9339,-22.3697],[-43.9364,-22.3673],[-43.932,-22.368],[-43.9298,-22.3624],[-43.9246,-22.3666],[-43.9258,-22.3676]]]}},{"type":"Feature","properties":{"cod_imovel":"RJ-3300308-835E2CCD19EC4A27B180D7A81F7A349A","num_area":"68.398000000000000000000000000000","ind_status":"AT","des_condic":"Aguardando analise"},"geometry":{"type":"Polygon","coordinates":[[[-43.7928,-22.5449],[-43.7923,-22.5491],[-43.7995,-22.5451],[-43.7998,-22.5376],[-43.7963,-22.5366],[-43.7934,-22.5434],[-43.7975,-22.5421],[-43.7928,-22.5447],[-43.7928,-22.5449]],[[-43.7919,-22.5411],[-43.7912,-22.5458],[-43.7921,-22.5411],[-43.7919,-22.5411]]]}},{"type":"Feature","properties":{"cod_imovel":"RJ-3300308-B91D79A86DF84CDBA024D2F98B134A8F","num_area":"39.109000000000000000000000000000","ind_status":"AT","des_condic":"Em analise"},"geometry":{"type":"Polygon","coordinates":[[[-43.9061,-22.4507],[-43.9144,-22.4564],[-43.9172,-22.4529],[-43.9128,-22.4551],[-43.9077,-22.4518],[-43.9105,-22.449],[-43.9062,-22.4503],[-43.9061,-22.4507]],[[-43.914,-22.4519],[-43.9089,-22.4504],[-43.9143,-22.4517],[-43.914,-22.4519]],[[-43.9105,-22.4489],[-43.9081,-22.4468],[-43.9104,-22.4487],[-43.9105,-22.4489]],[[-43.9107,-22.4486],[-43.9176,-22.4519],[-43.9087,-22.4457],[-43.9106,-22.4489],[-43.9107,-22.4486]]]}},{"type":"Feature","properties":{"cod_imovel":"RJ-3300308-83F6720897934B31AEB8338BB21FB6D5","num_area":"9.4830000000000000000000000000000","ind_status":"AT","des_condic":"Aguardando analise"},"geometry":{"type":"Polygon","coordinates":[[[-43.9033,-22.362],[-43.898,-22.362],[-43.903,-22.3626],[-43.9033,-22.362]]]}},{"type":"Feature","properties":{"cod_imovel":"RJ-3300308-971EFD43DB4C4CEEAA779C4CD5FFE6ED","num_area":"19.571600000000000000000000000000","ind_status":"AT","des_condic":"Aguardando analise"},"geometry":{"type":"Polygon","coordinates":[[[-43.8879,-22.3672],[-43.8826,-22.3622],[-43.8876,-22.3676],[-43.8879,-22.3672]]]}},{"type":"Feature","properties":{"cod_imovel":"RJ-3300308-866A7E0341E64A5E826CDA202B17A2DF","num_area":"42.699300000000000000000000000000","ind_status":"AT","des_condic":"Aguardando analise"},"geometry":{"type":"Polygon","coordinates":[[[-44.0527,-22.4548],[-44.0474,-22.4575],[-44.053,-22.4551],[-44.0527,-22.4548]],[[-44.0523,-22.4535],[-44.041,-22.4543],[-44.0459,-22.4581],[-44.0519,-22.4534],[-44.0523,-22.4535]]]}},{"type":"Feature","properties":{"cod_imovel":"RJ-3300308-89EB26BC4D9F4518A693E3DC80DCCD93","num_area":"24.718100000000000000000000000000","ind_status":"AT","des_condic":"Aguardando analise"},"geometry":{"type":"Polygon","coordinates":[[[-43.8907,-22.3774],[-43.8891,-22.3744],[-43.8939,-22.376],[-43.8869,-22.3714],[-43.8907,-22.3774],[-43.8907,-22.3774]],[[-43.8862,-22.3743],[-43.8907,-22.3774],[-43.8858,-22.3736],[-43.8862,-22.3743]]]}},{"type":"Feature","properties":{"cod_imovel":"RJ-3300308-8C591A108D444D0B8DBC94498B8C2445","num_area":"29.977700000000000000000000000000","ind_status":"AT","des_condic":"Aguardando analise"},"geometry":{"type":"Polygon","coordinates":[[[-43.8455,-22.4601],[-43.8403,-22.4624],[-43.8423,-22.4651],[-43.8451,-22.4606],[-43.8455,-22.4601]],[[-43.8402,-22.4625],[-43.8403,-22.4681],[-43.8403,-22.4627],[-43.8402,-22.4625]]]}},{"type":"Feature","properties":{"cod_imovel":"RJ-3300308-8D760B62BE654792838E78277F24C42B","num_area":"26.824200000000000000000000000000","ind_status":"AT","des_condic":"Aguardando analise"},"geometry":{"type":"Polygon","coordinates":[[[-43.8585,-22.3538],[-43.862,-22.3524],[-43.8537,-22.3566],[-43.8585,-22.3538],[-43.8585,-22.3538]]]}},{"type":"Feature","properties":{"cod_imovel":"RJ-3300308-8DCFEDE1B9464BA48DE1B75E673508EF","num_area":"14.710100000000000000000000000000","ind_status":"AT","des_condic":"Aguardando analise"},"geometry":{"type":"Polygon","coordinates":[[[-44.0082,-22.3653],[-44.0129,-22.3648],[-44.0085,-22.365],[-44.0082,-22.3653]]]}},{"type":"Feature","properties":{"cod_imovel":"RJ-3300308-9061201E1446406EB03BC6771E87303C","num_area":"52.672700000000000000000000000000","ind_status":"AT","des_condic":"Aguardando analise"},"geometry":{"type":"Polygon","coordinates":[[[-44.0615,-22.4617],[-44.059,-22.4656],[-44.0615,-22.4618],[-44.0615,-22.4617]],[[-44.06,-22.4607],[-44.0565,-22.4626],[-44.06,-22.4607],[-44.06,-22.4607]],[[-44.0574,-22.4606],[-44.0522,-22.4625],[-44.0527,-22.4685],[-44.0589,-22.4657],[-44.0574,-22.4606],[-44.0574,-22.4606]]]}},{"type":"Feature","properties":{"cod_imovel":"RJ-3300308-90BE75E697FF41FFBAD422976B91250B","num_area":"136.90390000000000000000000000000","ind_status":"AT","des_condic":"Aguardando analise"},"geometry":{"type":"Polygon","coordinates":[[[-43.8079,-22.4188],[-43.7978,-22.4194],[-43.8054,-22.4167],[-43.7998,-22.4126],[-43.796,-22.4176],[-43.7987,-22.4284],[-43.8077,-22.4245],[-43.8077,-22.419],[-43.8079,-22.4188]],[[-43.8075,-22.4249],[-43.8031,-22.4291],[-43.8078,-22.425],[-43.8075,-22.4249]],[[-43.8041,-22.4297],[-43.8092,-22.4256],[-43.8035,-22.4294],[-43.8041,-22.4297]]]}},{"type":"Feature","properties":{"cod_imovel":"RJ-3300308-9D056AEF72FE426A878CA2B996C9687D","num_area":"31.684700000000000000000000000000","ind_status":"AT","des_condic":"Aguardando analise"},"geometry":{"type":"Polygon","coordinates":[[[-43.9869,-22.4578],[-43.9908,-22.4521],[-43.9869,-22.4576],[-43.9869,-22.4578]],[[-43.9877,-22.4536],[-43.9846,-22.4525],[-43.9837,-22.4578],[-43.9877,-22.4536],[-43.9877,-22.4536]],[[-43.9838,-22.4578],[-43.9874,-22.4561],[-43.9838,-22.4578],[-43.9838,-22.4578]]]}},{"type":"Feature","properties":{"cod_imovel":"RJ-3300308-97C21DFB8D9E4A45A9D01E2EAADB9875","num_area":"91.300000000000000000000000000000","ind_status":"AT","des_condic":"Aguardando analise"},"geometry":{"type":"Polygon","coordinates":[[[-43.9298,-22.5152],[-43.9276,-22.519],[-43.9389,-22.5106],[-43.9303,-22.5143],[-43.9298,-22.5152]],[[-43.9346,-22.5249],[-43.9363,-22.5214],[-43.9316,-22.5218],[-43.9346,-22.525],[-43.9346,-22.5249]],[[-43.9347,-22.5207],[-43.9389,-22.5106],[-43.9275,-22.5203],[-43.9347,-22.5207],[-43.9347,-22.5207]],[[-43.9304,-22.5228],[-43.9338,-22.5247],[-43.9306,-22.5229],[-43.9304,-22.5228]]]}},{"type":"Feature","properties":{"cod_imovel":"RJ-3300308-9D03538B46F549B7BDEFD1C493033314","num_area":"32.153900000000000000000000000000","ind_status":"AT","des_condic":"Aguardando analise"},"geometry":{"type":"Polygon","coordinates":[[[-43.9135,-22.3834],[-43.9197,-22.3802],[-43.9101,-22.3842],[-43.9133,-22.3833],[-43.9135,-22.3834]]]}},{"type":"Feature","properties":{"cod_imovel":"RJ-3300308-9D7DF6D4C85D45BBA0E8F59EEA01DB43","num_area":"66.202800000000000000000000000000","ind_status":"PE","des_condic":"Analisado, aguardando atendimento a notificacao"},"geometry":{"type":"Polygon","coordinates":[[[-44.0429,-22.384],[-44.0377,-22.3848],[-44.0392,-22.3924],[-44.0353,-22.3948],[-44.0437,-22.3843],[-44.0429,-22.384]],[[-44.0367,-22.3949],[-44.045,-22.3897],[-44.044,-22.385],[-44.0358,-22.3951],[-44.0367,-22.3949]]]}},{"type":"Feature","properties":{"cod_imovel":"RJ-3300308-A0A1AC9BB5834D63B9CA9820D6F7E85F","num_area":"36.832900000000000000000000000000","ind_status":"AT","des_condic":"Aguardando analise"},"geometry":{"type":"Polygon","coordinates":[[[-44.0181,-22.3551],[-44.0166,-22.3486],[-44.0121,-22.3558],[-44.0162,-22.3597],[-44.0142,-22.3505],[-44.0181,-22.3551],[-44.0181,-22.3551]]]}},{"type":"Feature","properties":{"cod_imovel":"RJ-3300308-A03CEB10E4D94CE7999C6B6931A4A9C4","num_area":"47.022100000000000000000000000000","ind_status":"AT","des_condic":"Aguardando analise"},"geometry":{"type":"Polygon","coordinates":[[[-43.8302,-22.4345],[-43.8339,-22.4326],[-43.8276,-22.4288],[-43.8369,-22.4314],[-43.8268,-22.4285],[-43.8298,-22.4352],[-43.8302,-22.4345]]]}},{"type":"Feature","properties":{"cod_imovel":"RJ-3300308-A17FFC2282CD4155A92ACAF6D9951AD6","num_area":"456.47000000000000000000000000000","ind_status":"SU","des_condic":"Analisado, aguardando atendimento a notificacao"},"geometry":{"type":"Polygon","coordinates":[[[-43.9404,-22.4043],[-43.9395,-22.4074],[-43.9404,-22.4043],[-43.9404,-22.4043]],[[-43.9709,-22.402],[-43.965,-22.4023],[-43.9613,-22.409],[-43.957,-22.405],[-43.9567,-22.411],[-43.9649,-22.4197],[-43.9752,-22.4076],[-43.9688,-22.4067],[-43.971,-22.402],[-43.9709,-22.402]],[[-43.9657,-22.4054],[-43.9663,-22.4096],[-43.9656,-22.4054],[-43.9657,-22.4054]],[[-43.9567,-22.411],[-43.9579,-22.3997],[-43.9523,-22.4081],[-43.949,-22.4033],[-43.9538,-22.3958],[-43.9519,-22.4046],[-43.957,-22.392],[-43.9522,-22.3894],[-43.9559,-22.3928],[-43.9518,-22.3916],[-43.9546,-22.3934],[-43.9399,-22.4085],[-43.9494,-22.4097],[-43.9573,-22.4238],[-43.9634,-22.4198],[-43.9582,-22.4212],[-43.9599,-22.4254],[-43.9649,-22.4197],[-43.9566,-22.411],[-43.9567,-22.411]]]}},{"type":"Feature","properties":{"cod_imovel":"RJ-3300308-A22EEF785D0D42BEB33749235BA8D452","num_area":"74.418400000000000000000000000000","ind_status":"AT","des_condic":"Aguardando analise"},"geometry":{"type":"Polygon","coordinates":[[[-43.7953,-22.4836],[-43.7877,-22.4802],[-43.7965,-22.4816],[-43.7985,-22.4779],[-43.7946,-22.4757],[-43.7907,-22.4742],[-43.787,-22.4799],[-43.7953,-22.4836]],[[-43.7986,-22.4778],[-43.7935,-22.4701],[-43.7908,-22.4742],[-43.7986,-22.4778],[-43.7986,-22.4778]]]}},{"type":"Feature","properties":{"cod_imovel":"RJ-3300308-A33140ECE3054E65BE5FF7B8AF39B726","num_area":"9.9673000000000000000000000000000","ind_status":"AT","des_condic":"Aguardando analise"},"geometry":{"type":"Polygon","coordinates":[[[-43.8816,-22.3834],[-43.8757,-22.3842],[-43.8807,-22.3842],[-43.8816,-22.3834]]]}},{"type":"Feature","properties":{"cod_imovel":"RJ-3300308-A6B4E787FC3D4271A99C1296666F8E67","num_area":"36.847100000000000000000000000000","ind_status":"AT","des_condic":"Aguardando analise"},"geometry":{"type":"Polygon","coordinates":[[[-43.7844,-22.4777],[-43.7891,-22.4769],[-43.7843,-22.4776],[-43.7844,-22.4777]],[[-43.7882,-22.4737],[-43.7837,-22.4732],[-43.7893,-22.4738],[-43.7882,-22.4737]],[[-43.7823,-22.4744],[-43.782,-22.4776],[-43.7885,-22.4765],[-43.7824,-22.4742],[-43.7823,-22.4744]]]}},{"type":"Feature","properties":{"cod_imovel":"RJ-3300308-A7B27121F6544880A5ED2B186F75CB3D","num_area":"61.311900000000000000000000000000","ind_status":"AT","des_condic":"Aguardando analise"},"geometry":{"type":"Polygon","coordinates":[[[-44.0278,-22.4538],[-44.019,-22.4498],[-44.0181,-22.4556],[-44.0239,-22.4584],[-44.0262,-22.4551],[-44.0229,-22.454],[-44.0276,-22.4538],[-44.0278,-22.4538]]]}},{"type":"Feature","properties":{"cod_imovel":"RJ-3300308-A7E2D9319D8545DC89AD0831258D0390","num_area":"11.525200000000000000000000000000","ind_status":"AT","des_condic":"Aguardando analise"},"geometry":{"type":"Polygon","coordinates":[[[-43.9421,-22.3641],[-43.939,-22.3624],[-43.942,-22.3641],[-43.9421,-22.3641]]]}},{"type":"Feature","properties":{"cod_imovel":"RJ-3300308-AA12150D6C3C411AAA27DD3CC6BE4A17","num_area":"86.178100000000000000000000000000","ind_status":"AT","des_condic":"Aguardando analise"},"geometry":{"type":"Polygon","coordinates":[[[-43.829,-22.4111],[-43.8258,-22.4131],[-43.8308,-22.4202],[-43.8393,-22.4113],[-43.8299,-22.4044],[-43.8287,-22.4107],[-43.829,-22.4111]]]}},{"type":"Feature","properties":{"cod_imovel":"RJ-3300308-ADF3265CB1274B368FC0CA98C5494223","num_area":"87.526400000000000000000000000000","ind_status":"PE","des_condic":"Analisado, aguardando atendimento a notificacao"},"geometry":{"type":"Polygon","coordinates":[[[-44.0147,-22.4277],[-44.0184,-22.4263],[-44.0079,-22.4199],[-44.0123,-22.4286],[-44.0147,-22.4277]],[[-44.0174,-22.4255],[-44.013,-22.4236],[-44.0144,-22.4197],[-44.0114,-22.4237],[-44.0172,-22.4259],[-44.0174,-22.4255]],[[-44.0132,-22.4209],[-44.0118,-22.416],[-44.0134,-22.4208],[-44.0132,-22.4209]],[[-44.0131,-22.421],[-44.0072,-22.418],[-44.0132,-22.4212],[-44.0131,-22.421]],[[-44.0188,-22.4262],[-44.0162,-22.4188],[-44.013,-22.4236],[-44.0187,-22.4262],[-44.0188,-22.4262]]]}},{"type":"Feature","properties":{"cod_imovel":"RJ-3300308-AEA277D3B8E0462094D79A154F097D38","num_area":"12.205700000000000000000000000000","ind_status":"AT","des_condic":"Aguardando analise"},"geometry":{"type":"Polygon","coordinates":[[[-43.807,-22.4881],[-43.8129,-22.4912],[-43.8076,-22.4876],[-43.807,-22.4881]]]}},{"type":"Feature","properties":{"cod_imovel":"RJ-3300308-B029DD1238AD406491C8A02F40D2FC2A","num_area":"27.917800000000000000000000000000","ind_status":"AT","des_condic":"Aguardando analise"},"geometry":{"type":"Polygon","coordinates":[[[-44.0215,-22.3448],[-44.0198,-22.3475],[-44.0215,-22.3448],[-44.0215,-22.3448]],[[-44.0217,-22.3475],[-44.0268,-22.3434],[-44.0217,-22.3471],[-44.0217,-22.3475]],[[-44.025,-22.3427],[-44.0219,-22.3446],[-44.0249,-22.3428],[-44.025,-22.3427]]]}},{"type":"Feature","properties":{"cod_imovel":"RJ-3300308-B369C99BF39F403EADFB6A8597CC364E","num_area":"32.829000000000000000000000000000","ind_status":"AT","des_condic":"Aguardando analise"},"geometry":{"type":"Polygon","coordinates":[[[-43.9963,-22.4312],[-44.0031,-22.4301],[-44.0022,-22.4253],[-44.0002,-22.4316],[-43.9964,-22.4312],[-43.9963,-22.4312]],[[-44.0005,-22.4256],[-43.9964,-22.4311],[-44.0002,-22.4316],[-44.0005,-22.4257],[-44.0005,-22.4256]]]}},{"type":"Feature","properties":{"cod_imovel":"RJ-3300308-B37A455E42F048CF8CAF01E9C6E61B9C","num_area":"12.703300000000000000000000000000","ind_status":"AT","des_condic":"Aguardando analise"},"geometry":{"type":"Polygon","coordinates":[[[-43.8805,-22.3703],[-43.8754,-22.3696],[-43.8792,-22.3705],[-43.8805,-22.3703]]]}},{"type":"Feature","properties":{"cod_imovel":"RJ-3300308-B975C0FE2CDE41FE9D9CE41AFB02EEB6","num_area":"6.3782000000000000000000000000000","ind_status":"AT","des_condic":"Aguardando analise"},"geometry":{"type":"Polygon","coordinates":[[[-43.8147,-22.4293],[-43.8147,-22.4337],[-43.8148,-22.4294],[-43.8147,-22.4293]]]}},{"type":"Feature","properties":{"cod_imovel":"RJ-3300308-BAEC5A8601374DEDAA6EECAA408B438B","num_area":"14.457900000000000000000000000000","ind_status":"AT","des_condic":"Aguardando analise"},"geometry":{"type":"Polygon","coordinates":[[[-43.8908,-22.3882],[-43.8899,-22.3936],[-43.8938,-22.3894],[-43.8909,-22.3882],[-43.8908,-22.3882]]]}},{"type":"Feature","properties":{"cod_imovel":"RJ-3300308-BB6D37C96B0C43049785C896EB92079D","num_area":"103.13150000000000000000000000000","ind_status":"AT","des_condic":"Aguardando analise"},"geometry":{"type":"Polygon","coordinates":[[[-43.9872,-22.4373],[-43.9881,-22.4326],[-43.9872,-22.4373],[-43.9872,-22.4373]],[[-43.9877,-22.4375],[-43.9938,-22.4316],[-43.9877,-22.4374],[-43.9877,-22.4375]],[[-43.9939,-22.4337],[-43.9957,-22.4374],[-43.991,-22.4387],[-44.0041,-22.437],[-44.0,-22.4362],[-44.0008,-22.4318],[-43.994,-22.4336],[-43.9939,-22.4337]],[[-43.9919,-22.43],[-43.9893,-22.4322],[-43.993,-22.4307],[-43.9919,-22.43]],[[-43.99,-22.4325],[-43.9933,-22.4308],[-43.9901,-22.4325],[-43.99,-22.4325]],[[-43.9887,-22.4326],[-43.9871,-22.4373],[-43.9887,-22.4328],[-43.9887,-22.4326]]]}},{"type":"Feature","properties":{"cod_imovel":"RJ-3300308-BE66A0BD43CC4F4DAB58A958C4F787E9","num_area":"54.544400000000000000000000000000","ind_status":"AT","des_condic":"Aguardando analise"},"geometry":{"type":"Polygon","coordinates":[[[-43.9815,-22.3406],[-43.9775,-22.3391],[-43.9813,-22.3404],[-43.9815,-22.3406]],[[-43.9815,-22.3393],[-43.9759,-22.3337],[-43.9815,-22.3393],[-43.9815,-22.3393]],[[-43.9815,-22.335],[-43.9815,-22.331],[-43.9755,-22.3312],[-43.9814,-22.335],[-43.9815,-22.335]]]}},{"type":"Feature","properties":{"cod_imovel":"RJ-3300308-CB88CB32A24B46D2A4E6BCCBA65B6C5F","num_area":"8.1190000000000000000000000000000","ind_status":"AT","des_condic":"Aguardando analise"},"geometry":{"type":"Polygon","coordinates":[[[-43.8305,-22.4371],[-43.8276,-22.4395],[-43.8312,-22.4384],[-43.8305,-22.4371]]]}},{"type":"Feature","properties":{"cod_imovel":"RJ-3300308-CC9439B2E82C4CEB839B244306069693","num_area":"63.937100000000000000000000000000","ind_status":"AT","des_condic":"Aguardando analise"},"geometry":{"type":"Polygon","coordinates":[[[-43.8014,-22.4819],[-43.8101,-22.4856],[-43.8141,-22.4794],[-43.8055,-22.4762],[-43.8028,-22.4808],[-43.8097,-22.4832],[-43.8026,-22.4809],[-43.8014,-22.4819]]]}},{"type":"Feature","properties":{"cod_imovel":"RJ-3300308-D0AA6D2D037E4346BF7F204E0295FC29","num_area":"162.06330000000000000000000000000","ind_status":"PE","des_condic":"Analisado, aguardando atendimento a notificacao"},"geometry":{"type":"Polygon","coordinates":[[[-43.9684,-22.4382],[-43.9708,-22.4315],[-43.9755,-22.4312],[-43.9733,-22.4272],[-43.9667,-22.4312],[-43.9699,-22.4319],[-43.9679,-22.4376],[-43.9684,-22.4382]],[[-43.9656,-22.4339],[-43.9679,-22.4368],[-43.9656,-22.434],[-43.9656,-22.4339]],[[-43.9654,-22.4369],[-43.962,-22.4401],[-43.9655,-22.437],[-43.9654,-22.4369]],[[-43.972,-22.4274],[-43.9651,-22.4281],[-43.9715,-22.4271],[-43.9647,-22.4225],[-43.9656,-22.4275],[-43.9582,-22.4275],[-43.9654,-22.4368],[-43.9718,-22.4279],[-43.972,-22.4274]]]}},{"type":"Feature","properties":{"cod_imovel":"RJ-3300308-D9320640239E4783AD6919DA7B33BB91","num_area":"36.555300000000000000000000000000","ind_status":"AT","des_condic":"Aguardando analise"},"geometry":{"type":"Polygon","coordinates":[[[-44.0038,-22.4119],[-44.0115,-22.4159],[-44.0048,-22.4109],[-44.0038,-22.4119]],[[-44.0153,-22.4173],[-44.0168,-22.4146],[-44.0135,-22.4161],[-44.0153,-22.4173]],[[-44.0179,-22.4111],[-44.0145,-22.4097],[-44.0174,-22.4108],[-44.0179,-22.4111]],[[-44.0073,-22.4081],[-44.01,-22.4137],[-44.0073,-22.4081],[-44.0073,-22.4081]],[[-44.0103,-22.4139],[-44.0149,-22.4146],[-44.0113,-22.4142],[-44.0103,-22.4139]],[[-44.0055,-22.4102],[-44.0121,-22.4159],[-44.006,-22.4108],[-44.0055,-22.4102]]]}},{"type":"Feature","properties":{"cod_imovel":"RJ-3300308-D375943CE8FD4142AF00410304D6CFD5","num_area":"25.272200000000000000000000000000","ind_status":"AT","des_condic":"Aguardando analise"},"geometry":{"type":"Polygon","coordinates":[[[-43.8556,-22.3687],[-43.8538,-22.3637],[-43.8503,-22.3673],[-43.8546,-22.3698],[-43.8556,-22.3687]]]}},{"type":"Feature","properties":{"cod_imovel":"RJ-3300308-D669BF7CD6DE46E5986ABAFAD4311951","num_area":"112.10930000000000000000000000000","ind_status":"AT","des_condic":"Aguardando analise"},"geometry":{"type":"Polygon","coordinates":[[[-43.9177,-22.4521],[-43.9198,-22.4418],[-43.9194,-22.4502],[-43.9194,-22.4422],[-43.9145,-22.438],[-43.9087,-22.4449],[-43.9172,-22.4474],[-43.9171,-22.4515],[-43.9132,-22.4485],[-43.9176,-22.452],[-43.9177,-22.4521]],[[-43.9088,-22.4449],[-43.9165,-22.443],[-43.9102,-22.4461],[-43.9088,-22.4449]],[[-43.9199,-22.4491],[-43.9274,-22.4446],[-43.9169,-22.4398],[-43.9212,-22.4418],[-43.9199,-22.4491],[-43.9199,-22.4491]]]}},{"type":"Feature","properties":{"cod_imovel":"RJ-3300308-EB34CC84AA8040E1ACBC5965BABD4616","num_area":"5.5492000000000000000000000000000","ind_status":"AT","des_condic":"Aguardando analise"},"geometry":{"type":"Polygon","coordinates":[[[-43.8625,-22.3725],[-43.8603,-22.3681],[-43.8618,-22.3729],[-43.8625,-22.3725]]]}},{"type":"Feature","properties":{"cod_imovel":"RJ-3300308-F53721F26DF14DC5953619159D53136C","num_area":"16.478800000000000000000000000000","ind_status":"AT","des_condic":"Aguardando analise"},"geometry":{"type":"Polygon","coordinates":[[[-43.9794,-22.4605],[-43.9837,-22.4579],[-43.9795,-22.4605],[-43.9794,-22.4605]]]}},{"type":"Feature","properties":{"cod_imovel":"RJ-3300308-F76E0B691E2A4143ABC2E393E5B8F79B","num_area":"12.547800000000000000000000000000","ind_status":"AT","des_condic":"Aguardando analise"},"geometry":{"type":"Polygon","coordinates":[[[-43.8045,-22.4652],[-43.8091,-22.4639],[-43.8041,-22.4648],[-43.8045,-22.4652]]]}},{"type":"Feature","properties":{"cod_imovel":"RJ-3300308-F8D505A7EB3041C5BB46A31931FB0941","num_area":"21.129900000000000000000000000000","ind_status":"AT","des_condic":"Aguardando analise"},"geometry":{"type":"Polygon","coordinates":[[[-43.8484,-22.3412],[-43.8434,-22.3482],[-43.8499,-22.347],[-43.8487,-22.3423],[-43.8484,-22.3412]]]}},{"type":"Feature","properties":{"cod_imovel":"RJ-3300308-FD877E11A3EC45BBA843F22A4E0B5CA5","num_area":"20.229100000000000000000000000000","ind_status":"AT","des_condic":"Aguardando analise"},"geometry":{"type":"Polygon","coordinates":[[[-43.841,-22.4952],[-43.8372,-22.4958],[-43.8391,-22.4989],[-43.844,-22.4964],[-43.841,-22.4952],[-43.841,-22.4952]]]}},{"type":"Feature","properties":{"cod_imovel":"RJ-3300308-FABE4B4D4FEF4450AD28B452674F53A8","num_area":"132.81100000000000000000000000000","ind_status":"AT","des_condic":"Aguardando analise"},"geometry":{"type":"Polygon","coordinates":[[[-43.7805,-22.4712],[-43.7845,-22.4708],[-43.7806,-22.4712],[-43.7805,-22.4712]],[[-43.7794,-22.4721],[-43.7831,-22.4731],[-43.7796,-22.472],[-43.7794,-22.4721]],[[-43.7893,-22.4738],[-43.7936,-22.4649],[-43.7893,-22.4738],[-43.7893,-22.4738]],[[-43.7882,-22.4642],[-43.7849,-22.4702],[-43.7883,-22.4638],[-43.7882,-22.4642]],[[-43.7811,-22.4698],[-43.7807,-22.4623],[-43.7777,-22.4694],[-43.7823,-22.4701],[-43.7811,-22.4698]],[[-43.7754,-22.4697],[-43.7802,-22.4714],[-43.7755,-22.4698],[-43.7754,-22.4697]],[[-43.7839,-22.473],[-43.7893,-22.4738],[-43.7925,-22.4652],[-43.7893,-22.4618],[-43.7839,-22.4729],[-43.7839,-22.473]]]}},{"type":"Feature","properties":{"cod_imovel":"RJ-3300308-FB0A343B64A14495A8FC8A122EA3060F","num_area":"10.801600000000000000000000000000","ind_status":"AT","des_condic":"Aguardando analise"},"geometry":{"type":"Polygon","coordinates":[[[-43.8779,-22.3654],[-43.8782,-22.3622],[-43.8779,-22.3654],[-43.8779,-22.3654]],[[-43.8775,-22.3624],[-43.8768,-22.3655],[-43.8779,-22.3623],[-43.8775,-22.3624]]]}},{"type":"Feature","properties":{"cod_imovel":"RJ-3300308-FE77BA72DA1645248B0B99466838B14D","num_area":"30.115500000000000000000000000000","ind_status":"AT","des_condic":"Aguardando analise"},"geometry":{"type":"Polygon","coordinates":[[[-44.0254,-22.3398],[-44.0338,-22.3351],[-44.031,-22.3396],[-44.0357,-22.3395],[-44.0363,-22.3361],[-44.0254,-22.3397],[-44.0254,-22.3398]]]}}]}