{"type":"FeatureCollection","features":[{"type":"Feature","properties":{"cod_imovel":"RJ-3302304-2D786FBD26B24963842E4B2CC4119DE6","num_area":"110.15870000000000000000000000000","ind_status":"AT","des_condic":"Aguardando analise"},"geometry":{"type":"Polygon","coordinates":[[[-42.0997,-21.2282],[-42.0879,-21.2321],[-42.0965,-21.2408],[-42.1034,-21.235],[-42.1,-21.2283],[-42.0997,-21.2282]],[[-42.0973,-21.2355],[-42.0951,-21.2334],[-42.0976,-21.2355],[-42.0973,-21.2355]]]}},{"type":"Feature","properties":{"cod_imovel":"RJ-3302304-715CE24CBBEF4DF18459A4640DDE3BC4","num_area":"81.039000000000000000000000000000","ind_status":"AT","des_condic":"Aguardando analise"},"geometry":{"type":"Polygon","coordinates":[[[-42.174,-21.2192],[-42.1623,-21.2154],[-42.1703,-21.2253],[-42.1666,-21.2274],[-42.1739,-21.2253],[-42.174,-21.2194],[-42.174,-21.2192]],[[-42.1718,-21.2307],[-42.1748,-21.2294],[-42.1723,-21.2317],[-42.1718,-21.2307]]]}},{"type":"Feature","properties":{"cod_imovel":"RJ-3302304-2909FE724DD9437C9C991D209B7CBB2D","num_area":"17.116400000000000000000000000000","ind_status":"AT","des_condic":"Aguardando analise"},"geometry":{"type":"Polygon","coordinates":[[[-42.1425,-21.2006],[-42.1467,-21.2061],[-42.1499,-21.2041],[-42.1426,-21.2007],[-42.1425,-21.2006]]]}},{"type":"Feature","properties":{"cod_imovel":"RJ-3302304-394FC34784A24BFAAB849C103A694F8A","num_area":"62.021800000000000000000000000000","ind_status":"AT","des_condic":"Aguardando analise"},"geometry":{"type":"Polygon","coordinates":[[[-42.129,-21.1883],[-42.1371,-21.1949],[-42.1387,-21.1908],[-42.1282,-21.1866],[-42.1387,-21.1908],[-42.1358,-21.1872],[-42.1284,-21.1876],[-42.129,-21.1883]]]}},{"type":"Feature","properties":{"cod_imovel":"RJ-3302304-0E0922CA213547E5A0ED23FA6E34CFA4","num_area":"27.370400000000000000000000000000","ind_status":"AT","des_condic":"Aguardando analise"},"geometry":{"type":"Polygon","coordinates":[[[-42.1421,-21.1922],[-42.1371,-21.1908],[-42.1371,-21.1949],[-42.1418,-21.1923],[-42.1421,-21.1922]],[[-42.1415,-21.1879],[-42.1459,-21.1913],[-42.142,-21.1877],[-42.1415,-21.1879]]]}},{"type":"Feature","properties":{"cod_imovel":"RJ-3302304-8A6C2EB1A2714EAA95B8FC778F16C927","num_area":"68.172400000000000000000000000000","ind_status":"AT","des_condic":"Aguardando analise"},"geometry":{"type":"Polygon","coordinates":[[[-42.2044,-21.2655],[-42.2021,-21.263],[-42.2039,-21.266],[-42.2044,-21.2655]],[[-42.1921,-21.2595],[-42.1972,-21.2589],[-42.1929,-21.2586],[-42.1921,-21.2595]],[[-42.1984,-21.2607],[-42.2017,-21.263],[-42.1987,-21.2606],[-42.1984,-21.2607]],[[-42.1902,-21.2653],[-42.1941,-21.2682],[-42.1903,-21.2651],[-42.1902,-21.2653]],[[-42.1941,-21.2683],[-42.1994,-21.27],[-42.1991,-21.2658],[-42.1921,-21.2662],[-42.1974,-21.2653],[-42.1945,-21.2624],[-42.1904,-21.2651],[-42.1939,-21.268],[-42.1941,-21.2683]],[[-42.198,-21.2699],[-42.1999,-21.2741],[-42.198,-21.2699],[-42.198,-21.2699]],[[-42.1993,-21.2707],[-42.1999,-21.2741],[-42.1994,-21.2707],[-42.1993,-21.2707]]]}},{"type":"Feature","properties":{"cod_imovel":"RJ-3302304-C782861D7A2443D088D1B36794700B65","num_area":"53.284500000000000000000000000000","ind_status":"AT","des_condic":"Aguardando analise"},"geometry":{"type":"Polygon","coordinates":[[[-42.0789,-21.2907],[-42.0799,-21.2956],[-42.0818,-21.285],[-42.0691,-21.2865],[-42.0788,-21.2906],[-42.0789,-21.2907]]]}},{"type":"Feature","properties":{"cod_imovel":"RJ-3302304-B5E50CC716B148299B37760C9CAE4784","num_area":"66.270900000000000000000000000000","ind_status":"AT","des_condic":"Aguardando analise"},"geometry":{"type":"Polygon","coordinates":[[[-42.0891,-21.2759],[-42.0856,-21.2837],[-42.0887,-21.29],[-42.0915,-21.2765],[-42.0935,-21.2795],[-42.0894,-21.276],[-42.0891,-21.2759]]]}},{"type":"Feature","properties":{"cod_imovel":"RJ-3302304-FA21A71B07684A0A9BC753D560C5B71B","num_area":"6.4508000000000000000000000000000","ind_status":"AT","des_condic":"Aguardando analise"},"geometry":{"type":"Polygon","coordinates":[[[-42.1949,-21.1946],[-42.1901,-21.1969],[-42.1949,-21.1947],[-42.1949,-21.1946]]]}},{"type":"Feature","properties":{"cod_imovel":"RJ-3302304-AFAB9BC63ACC44469D0D6CED7D4DF30A","num_area":"121.47750000000000000000000000000","ind_status":"PE","des_condic":"Analisado, aguardando atendimento a notificacao"},"geometry":{"type":"Polygon","coordinates":[[[-42.2132,-21.3098],[-42.2071,-21.3083],[-42.2131,-21.3098],[-42.2132,-21.3098]],[[-42.2118,-21.305],[-42.2093,-21.3067],[-42.2118,-21.305],[-42.2118,-21.305]],[[-42.1961,-21.3145],[-42.2051,-21.3105],[-42.196,-21.3145],[-42.1961,-21.3145]],[[-42.2051,-21.3105],[-42.2115,-21.3109],[-42.2083,-21.3187],[-42.2108,-21.3133],[-42.2072,-21.3109],[-42.2083,-21.3228],[-42.2138,-21.3175],[-42.2133,-21.3101],[-42.2049,-21.3104],[-42.2051,-21.3105]]]}},{"type":"Feature","properties":{"cod_imovel":"RJ-3302304-7C6F785D6A7546D391D49B9970CAD104","num_area":"124.65290000000000000000000000000","ind_status":"AT","des_condic":"Aguardando analise"},"geometry":{"type":"Polygon","coordinates":[[[-42.1549,-21.3075],[-42.1492,-21.3111],[-42.1514,-21.3159],[-42.163,-21.3185],[-42.166,-21.3144],[-42.1555,-21.3076],[-42.1549,-21.3075]],[[-42.1555,-21.3134],[-42.1492,-21.3124],[-42.1555,-21.3134],[-42.1555,-21.3134]],[[-42.1612,-21.3119],[-42.1523,-21.3075],[-42.1606,-21.3116],[-42.1612,-21.3119]]]}},{"type":"Feature","properties":{"cod_imovel":"RJ-3302304-7FD5515292E540F6A7205129639DA103","num_area":"12.375900000000000000000000000000","ind_status":"AT","des_condic":"Aguardando analise, apos revisao ou atendimento da notificacao"},"geometry":{"type":"Polygon","coordinates":[[[-42.0939,-21.2028],[-42.0949,-21.199],[-42.0938,-21.2027],[-42.0939,-21.2028]],[[-42.0949,-21.1994],[-42.0973,-21.2028],[-42.0949,-21.1992],[-42.0949,-21.1994]]]}},{"type":"Feature","properties":{"cod_imovel":"RJ-3302304-F2C2B8ADE3774CFDB081E2B853F10A62","num_area":"13.677900000000000000000000000000","ind_status":"AT","des_condic":"Aguardando analise"},"geometry":{"type":"Polygon","coordinates":[[[-42.1577,-21.1885],[-42.1623,-21.1926],[-42.1577,-21.1884],[-42.1577,-21.1885]]]}},{"type":"Feature","properties":{"cod_imovel":"RJ-3302304-2A5FD50F3A914F68BC02811369CF73B8","num_area":"4.6646000000000000000000000000000","ind_status":"AT","des_condic":"Aguardando analise, apos revisao ou atendimento da notificacao"},"geometry":{"type":"Polygon","coordinates":[[[-42.1182,-21.2408],[-42.1201,-21.2377],[-42.1179,-21.2407],[-42.1182,-21.2408]]]}},{"type":"Feature","properties":{"cod_imovel":"RJ-3302304-AF485A807D0F4C5D955432296B4FDBEB","num_area":"48.223500000000000000000000000000","ind_status":"AT","des_condic":"Aguardando analise"},"geometry":{"type":"Polygon","coordinates":[[[-42.1992,-21.2821],[-42.1977,-21.2778],[-42.1964,-21.2834],[-42.1994,-21.2828],[-42.1992,-21.2821]],[[-42.1971,-21.2824],[-42.1969,-21.2787],[-42.1891,-21.2818],[-42.1965,-21.2872],[-42.1971,-21.2822],[-42.1971,-21.2824]]]}},{"type":"Feature","properties":{"cod_imovel":"RJ-3302304-D01CEA7D7B7443FAA00D9BB2AE5DA92D","num_area":"21.939100000000000000000000000000","ind_status":"AT","des_condic":"Aguardando analise"},"geometry":{"type":"Polygon","coordinates":[[[-42.207,-21.1824],[-42.2046,-21.1748],[-42.2024,-21.1784],[-42.2068,-21.1821],[-42.207,-21.1824]]]}},{"type":"Feature","properties":{"cod_imovel":"RJ-3302304-61FD2C197AF44CCFA185A6DEC0912BFA","num_area":"3.9328000000000000000000000000000","ind_status":"PE","des_condic":"Analisado, aguardando atendimento a notificacao"},"geometry":{"type":"Polygon","coordinates":[[[-42.0838,-21.226],[-42.0803,-21.2258],[-42.0838,-21.2261],[-42.0838,-21.226]]]}},{"type":"Feature","properties":{"cod_imovel":"RJ-3302304-3ED33691E8BD48C0A8B20A31DA4B538D","num_area":"50.740500000000000000000000000000","ind_status":"AT","des_condic":"Aguardando analise"},"geometry":{"type":"Polygon","coordinates":[[[-42.0992,-21.1871],[-42.1013,-21.2017],[-42.1043,-21.1981],[-42.0994,-21.187],[-42.0992,-21.1871]],[[-42.1012,-21.1878],[-42.1016,-21.1845],[-42.1015,-21.1875],[-42.1012,-21.1878]],[[-42.1026,-21.1949],[-42.1044,-21.1981],[-42.1026,-21.1949],[-42.1026,-21.1949]]]}},{"type":"Feature","properties":{"cod_imovel":"RJ-3302304-A728AF7173314262AB24467CC6422792","num_area":"9.3511000000000000000000000000000","ind_status":"AT","des_condic":"Aguardando analise"},"geometry":{"type":"Polygon","coordinates":[[[-42.0631,-21.2211],[-42.0591,-21.2158],[-42.0629,-21.2212],[-42.0631,-21.2211]]]}},{"type":"Feature","properties":{"cod_imovel":"RJ-3302304-3FE0DE8A644D438C9C4C083454E2697D","num_area":"7.1160000000000000000000000000000","ind_status":"PE","des_condic":"Analisado, aguardando atendimento a notificacao"},"geometry":{"type":"Polygon","coordinates":[[[-42.0924,-21.1927],[-42.0879,-21.196],[-42.0923,-21.1927],[-42.0924,-21.1927]]]}},{"type":"Feature","properties":{"cod_imovel":"RJ-3302304-ADC368CFF42245A1BD0BB787A109EA25","num_area":"5.2455000000000000000000000000000","ind_status":"PE","des_condic":"Analisado, aguardando atendimento a notificacao"},"geometry":{"type":"Polygon","coordinates":[[[-42.0844,-21.2265],[-42.0816,-21.2297],[-42.0844,-21.2267],[-42.0844,-21.2265]]]}},{"type":"Feature","properties":{"cod_imovel":"RJ-3302304-695B4755A1964FF1ADEEBD2BA2219437","num_area":"4.9622000000000000000000000000000","ind_status":"PE","des_condic":"Analisado, aguardando atendimento a notificacao"},"geometry":{"type":"Polygon","coordinates":[[[-42.094,-21.2397],[-42.0886,-21.2393],[-42.0944,-21.2397],[-42.094,-21.2397]]]}},{"type":"Feature","properties":{"cod_imovel":"RJ-3302304-87BBC69337234B6AA0B9999E6AC1DB3D","num_area":"23.753900000000000000000000000000","ind_status":"PE","des_condic":"Analisado, aguardando atendimento a notificacao"},"geometry":{"type":"Polygon","coordinates":[[[-42.0933,-21.2368],[-42.0857,-21.2372],[-42.0945,-21.2376],[-42.0933,-21.2368]]]}},{"type":"Feature","properties":{"cod_imovel":"RJ-3302304-610F2CBC340F436397E9D474F3B3F71C","num_area":"6.5908000000000000000000000000000","ind_status":"PE","des_condic":"Analisado, aguardando atendimento a notificacao"},"geometry":{"type":"Polygon","coordinates":[[[-42.1174,-21.2504],[-42.1154,-21.2543],[-42.117,-21.2504],[-42.1174,-21.2504]]]}},{"type":"Feature","properties":{"cod_imovel":"RJ-3302304-F8D6A1938F494A48BCB95D787636E704","num_area":"3.1895000000000000000000000000000","ind_status":"PE","des_condic":"Analisado, aguardando atendimento a notificacao"},"geometry":{"type":"Polygon","coordinates":[[[-42.0837,-21.2234],[-42.0805,-21.2247],[-42.0835,-21.2236],[-42.0837,-21.2234]]]}},{"type":"Feature","properties":{"cod_imovel":"RJ-3302304-AF831BA5809C41B4B9BE342677A69EBF","num_area":"23.992600000000000000000000000000","ind_status":"PE","des_condic":"Analisado, aguardando atendimento a notificacao"},"geometry":{"type":"Polygon","coordinates":[[[-42.1091,-21.258],[-42.1163,-21.257],[-42.1153,-21.254],[-42.1096,-21.2582],[-42.1091,-21.258]]]}},{"type":"Feature","properties":{"cod_imovel":"RJ-3302304-C9D0179DE4D84406A3CBB06E21AB4E23","num_area":"19.001200000000000000000000000000","ind_status":"PE","des_condic":"Analisado, aguardando atendimento a notificacao"},"geometry":{"type":"Polygon","coordinates":[[[-42.0643,-21.2154],[-42.0699,-21.2078],[-42.064,-21.2157],[-42.0643,-21.2154]]]}},{"type":"Feature","properties":{"cod_imovel":"RJ-3302304-0A24FE01AFB14B999125B8B5214D40A7","num_area":"17.987500000000000000000000000000","ind_status":"PE","des_condic":"Analisado, aguardando atendimento a notificacao"},"geometry":{"type":"Polygon","coordinates":[[[-42.1512,-21.2457],[-42.1507,-21.2515],[-42.1546,-21.2471],[-42.1517,-21.2456],[-42.1512,-21.2457]]]}},{"type":"Feature","properties":{"cod_imovel":"RJ-3302304-3686B46A0A7F495AB85F02DB0294987D","num_area":"13.519200000000000000000000000000","ind_status":"PE","des_condic":"Analisado, aguardando atendimento a notificacao"},"geometry":{"type":"Polygon","coordinates":[[[-42.1327,-21.2485],[-42.1268,-21.2551],[-42.1328,-21.2485],[-42.1327,-21.2485]]]}},{"type":"Feature","properties":{"cod_imovel":"RJ-3302304-DDF0C53D3CF348039677C6382B1BE22F","num_area":"7.7116000000000000000000000000000","ind_status":"PE","des_condic":"Analisado, aguardando atendimento a notificacao"},"geometry":{"type":"Polygon","coordinates":[[[-42.0616,-21.2246],[-42.0639,-21.2274],[-42.0622,-21.2237],[-42.0616,-21.2246]]]}},{"type":"Feature","properties":{"cod_imovel":"RJ-3302304-DE0C3422C323468BA7BF084E717419A3","num_area":"38.400600000000000000000000000000","ind_status":"AT","des_condic":"Aguardando analise"},"geometry":{"type":"Polygon","coordinates":[[[-42.143,-21.2063],[-42.1347,-21.2135],[-42.1428,-21.2127],[-42.1438,-21.2055],[-42.143,-21.2063]],[[-42.1404,-21.2119],[-42.1372,-21.2132],[-42.1404,-21.2117],[-42.1404,-21.2119]]]}},{"type":"Feature","properties":{"cod_imovel":"RJ-3302304-FFC4A81530F644DF9143B14F6C8C5D3B","num_area":"14.059800000000000000000000000000","ind_status":"AT","des_condic":"Aguardando analise"},"geometry":{"type":"Polygon","coordinates":[[[-42.0893,-21.341],[-42.0849,-21.3431],[-42.0894,-21.3412],[-42.0893,-21.341]],[[-42.0849,-21.3431],[-42.0879,-21.3436],[-42.0849,-21.3431],[-42.0849,-21.3431]],[[-42.0894,-21.3445],[-42.0934,-21.3437],[-42.0895,-21.3444],[-42.0894,-21.3445]],[[-42.094,-21.3423],[-42.0899,-21.3411],[-42.0939,-21.3422],[-42.094,-21.3423]]]}},{"type":"Feature","properties":{"cod_imovel":"RJ-3302304-7F3B7CE852714A60910F24EE70ACAD22","num_area":"110.49930000000000000000000000000","ind_status":"AT","des_condic":"Aguardando analise"},"geometry":{"type":"Polygon","coordinates":[[[-42.0854,-21.2756],[-42.0844,-21.2847],[-42.0891,-21.2759],[-42.0856,-21.2756],[-42.0854,-21.2756]],[[-42.0818,-21.285],[-42.0809,-21.295],[-42.0886,-21.291],[-42.082,-21.2854],[-42.0818,-21.285]],[[-42.0846,-21.2767],[-42.0763,-21.2842],[-42.0838,-21.2848],[-42.0842,-21.2773],[-42.0846,-21.2767]]]}},{"type":"Feature","properties":{"cod_imovel":"RJ-3302304-53F7FF50F4FF43CA9ECAC4C5EE0B4936","num_area":"6.4532000000000000000000000000000","ind_status":"AT","des_condic":"Aguardando analise"},"geometry":{"type":"Polygon","coordinates":[[[-42.1433,-21.1665],[-42.1435,-21.163],[-42.1431,-21.1663],[-42.1433,-21.1665]]]}},{"type":"Feature","properties":{"cod_imovel":"RJ-3302304-04A70640F52D4B73B9FA59145EAF9FC6","num_area":"13.051500000000000000000000000000","ind_status":"AT","des_condic":"Aguardando analise"},"geometry":{"type":"Polygon","coordinates":[[[-42.1828,-21.2046],[-42.1872,-21.2031],[-42.1842,-21.2005],[-42.1827,-21.2043],[-42.1828,-21.2046]]]}},{"type":"Feature","properties":{"cod_imovel":"RJ-3302304-ED6EB2D513DD471CB8FC117818F8FB7B","num_area":"17.896100000000000000000000000000","ind_status":"AT","des_condic":"Aguardando analise"},"geometry":{"type":"Polygon","coordinates":[[[-42.1221,-21.1684],[-42.1234,-21.1718],[-42.1258,-21.1657],[-42.1221,-21.1678],[-42.1221,-21.1684]]]}},{"type":"Feature","properties":{"cod_imovel":"RJ-3302304-E384277C3E2042BABB230A64F93E3A36","num_area":"3.3374000000000000000000000000000","ind_status":"AT","des_condic":"Aguardando analise"},"geometry":{"type":"Polygon","coordinates":[[[-42.2038,-21.1876],[-42.2003,-21.1867],[-42.2035,-21.1878],[-42.2038,-21.1876]]]}},{"type":"Feature","properties":{"cod_imovel":"RJ-3302304-5CEA1F1F3BDE4428A79D119D680182F7","num_area":"3.9900000000000000000000000000000","ind_status":"AT","des_condic":"Aguardando analise, apos revisao ou atendimento da notificacao"},"geometry":{"type":"Polygon","coordinates":[[[-42.1134,-21.2447],[-42.115,-21.2419],[-42.1132,-21.2445],[-42.1134,-21.2447]]]}},{"type":"Feature","properties":{"cod_imovel":"RJ-3302304-11E33B7A0DE04BB29A73FCF1F5A80426","num_area":"3.2615000000000000000000000000000","ind_status":"PE","des_condic":"Analisado, aguardando atendimento a notificacao"},"geometry":{"type":"Polygon","coordinates":[[[-42.1429,-21.2432],[-42.1465,-21.2434],[-42.1429,-21.2433],[-42.1429,-21.2432]]]}},{"type":"Feature","properties":{"cod_imovel":"RJ-3302304-B8CB30263840439A8554A90F819DE42D","num_area":"7.8161000000000000000000000000000","ind_status":"PE","des_condic":"Analisado, aguardando atendimento a notificacao"},"geometry":{"type":"Polygon","coordinates":[[[-42.0738,-21.2342],[-42.0742,-21.2278],[-42.0737,-21.2336],[-42.0738,-21.2342]]]}},{"type":"Feature","properties":{"cod_imovel":"RJ-3302304-D873822AA12D48BF8E8A40DFC851F47B","num_area":"8.1324000000000000000000000000000","ind_status":"PE","des_condic":"Analisado, aguardando atendimento a notificacao"},"geometry":{"type":"Polygon","coordinates":[[[-42.0741,-21.2259],[-42.0688,-21.2242],[-42.074,-21.2261],[-42.0741,-21.2259]]]}},{"type":"Feature","properties":{"cod_imovel":"RJ-3302304-10785D5CACE244FB940E9CA65BF456D9","num_area":"13.740700000000000000000000000000","ind_status":"PE","des_condic":"Analisado, aguardando atendimento a notificacao"},"geometry":{"type":"Polygon","coordinates":[[[-42.1046,-21.2619],[-42.1018,-21.2637],[-42.1056,-21.2666],[-42.1046,-21.2619]]]}},{"type":"Feature","properties":{"cod_imovel":"RJ-3302304-A37358F7312E4F2B92D88163B9196701","num_area":"17.956600000000000000000000000000","ind_status":"PE","des_condic":"Analisado, aguardando atendimento a notificacao"},"geometry":{"type":"Polygon","coordinates":[[[-42.1306,-21.1652],[-42.1258,-21.1656],[-42.1285,-21.1695],[-42.1306,-21.1652]]]}},{"type":"Feature","properties":{"cod_imovel":"RJ-3302304-85A28F3AA1B345EF8AC1D7973D314810","num_area":"23.412200000000000000000000000000","ind_status":"PE","des_condic":"Analisado, aguardando atendimento a notificacao"},"geometry":{"type":"Polygon","coordinates":[[[-42.1069,-21.2735],[-42.1121,-21.2741],[-42.1119,-21.27],[-42.1061,-21.2692],[-42.1066,-21.2727],[-42.1069,-21.2735]]]}},{"type":"Feature","properties":{"cod_imovel":"RJ-3302304-7523EE30C04F4D5BA5DA9AEC98AE9E2E","num_area":"20.998600000000000000000000000000","ind_status":"PE","des_condic":"Analisado, aguardando atendimento a notificacao"},"geometry":{"type":"Polygon","coordinates":[[[-42.1028,-21.2202],[-42.0979,-21.2232],[-42.1044,-21.2232],[-42.1027,-21.2203],[-42.1028,-21.2202]]]}},{"type":"Feature","properties":{"cod_imovel":"RJ-3302304-2DBE85D95349489A9A50890B64D9B545","num_area":"1.9274000000000000000000000000000","ind_status":"PE","des_condic":"Analisado, aguardando atendimento a notificacao"},"geometry":{"type":"Polygon","coordinates":[[[-42.1035,-21.2576],[-42.103,-21.2531],[-42.1035,-21.2575],[-42.1035,-21.2576]]]}},{"type":"Feature","properties":{"cod_imovel":"RJ-3302304-209FF21B7F384BA4B5A94C4598FD426F","num_area":"2.4169000000000000000000000000000","ind_status":"PE","des_condic":"Analisado, aguardando atendimento a notificacao"},"geometry":{"type":"Polygon","coordinates":[[[-42.0909,-21.2435],[-42.0875,-21.2428],[-42.0909,-21.2435],[-42.0909,-21.2435]]]}},{"type":"Feature","properties":{"cod_imovel":"RJ-3302304-F9191AD03B48477B9178DAE4B2B414C7","num_area":"11.525800000000000000000000000000","ind_status":"PE","des_condic":"Analisado, aguardando atendimento a notificacao"},"geometry":{"type":"Polygon","coordinates":[[[-42.1,-21.2283],[-42.1036,-21.2306],[-42.1065,-21.2266],[-42.1001,-21.2283],[-42.1,-21.2283]]]}},{"type":"Feature","properties":{"cod_imovel":"RJ-3302304-BC391DD368754C1F98D9B1F3B4FE5216","num_area":"4.8141000000000000000000000000000","ind_status":"PE","des_condic":"Analisado, aguardando atendimento a notificacao"},"geometry":{"type":"Polygon","coordinates":[[[-42.1439,-21.2628],[-42.1466,-21.2611],[-42.1439,-21.2627],[-42.1439,-21.2628]]]}},{"type":"Feature","properties":{"cod_imovel":"RJ-3302304-7F5DA85322B1416DA2BE8E017F7EF117","num_area":"18.434300000000000000000000000000","ind_status":"AT","des_condic":"Aguardando analise"},"geometry":{"type":"Polygon","coordinates":[[[-42.1082,-21.2279],[-42.1036,-21.2308],[-42.1082,-21.2279],[-42.1082,-21.2279]]]}},{"type":"Feature","properties":{"cod_imovel":"RJ-3302304-F27C79D4AEE642FB9D363CEFC9CFDCCF","num_area":"29.758800000000000000000000000000","ind_status":"AT","des_condic":"Aguardando analise"},"geometry":{"type":"Polygon","coordinates":[[[-42.1093,-21.2442],[-42.1095,-21.2472],[-42.1156,-21.2436],[-42.1126,-21.2388],[-42.1092,-21.2439],[-42.1093,-21.2442]],[[-42.1097,-21.2414],[-42.1156,-21.2436],[-42.1099,-21.2416],[-42.1097,-21.2414]]]}},{"type":"Feature","properties":{"cod_imovel":"RJ-3302304-23931A16EB984105B5F7F9DB48B11E74","num_area":"13.089800000000000000000000000000","ind_status":"AT","des_condic":"Aguardando analise"},"geometry":{"type":"Polygon","coordinates":[[[-42.1129,-21.2495],[-42.1151,-21.2524],[-42.1129,-21.2494],[-42.1129,-21.2495]]]}},{"type":"Feature","properties":{"cod_imovel":"RJ-3302304-D48E91480616471F9F674F33BA4179AE","num_area":"25.604600000000000000000000000000","ind_status":"CA","des_condic":"Cancelado por solicitacao do proprietario/possuidor"},"geometry":{"type":"Polygon","coordinates":[[[-42.2021,-21.1927],[-42.2036,-21.1877],[-42.2002,-21.1868],[-42.198,-21.1915],[-42.2017,-21.1928],[-42.2021,-21.1927]]]}},{"type":"Feature","properties":{"cod_imovel":"RJ-3302304-E23901A75CA047E1851DC0DB65A1BAB6","num_area":"25.487900000000000000000000000000","ind_status":"AT","des_condic":"Aguardando analise"},"geometry":{"type":"Polygon","coordinates":[[[-42.1218,-21.2135],[-42.1291,-21.2165],[-42.1271,-21.2115],[-42.1217,-21.2129],[-42.1218,-21.2135]]]}},{"type":"Feature","properties":{"cod_imovel":"RJ-3302304-EC6AAC1FD69642C889807FDD6669C8E8","num_area":"99.698700000000000000000000000000","ind_status":"AT","des_condic":"Aguardando analise"},"geometry":{"type":"Polygon","coordinates":[[[-42.1069,-21.2751],[-42.1053,-21.2801],[-42.1069,-21.2753],[-42.1069,-21.2751]],[[-42.1018,-21.2834],[-42.0988,-21.2693],[-42.0924,-21.2727],[-42.0993,-21.2747],[-42.0957,-21.2778],[-42.1005,-21.2843],[-42.1018,-21.2834]],[[-42.1041,-21.281],[-42.1005,-21.276],[-42.1041,-21.281],[-42.1041,-21.281]]]}},{"type":"Feature","properties":{"cod_imovel":"RJ-3302304-2DAAE4B52ABE4D0DA2339EEA21F02D0D","num_area":"24.019600000000000000000000000000","ind_status":"AT","des_condic":"Aguardando analise"},"geometry":{"type":"Polygon","coordinates":[[[-42.126,-21.2547],[-42.1327,-21.2485],[-42.1283,-21.2477],[-42.1258,-21.2546],[-42.126,-21.2547]]]}},{"type":"Feature","properties":{"cod_imovel":"RJ-3302304-97F87A04E25C4B1D97A26090F8D873C0","num_area":"64.626900000000000000000000000000","ind_status":"AT","des_condic":"Aguardando analise"},"geometry":{"type":"Polygon","coordinates":[[[-42.2107,-21.2793],[-42.204,-21.2754],[-42.2029,-21.2836],[-42.206,-21.2794],[-42.2146,-21.2842],[-42.2197,-21.2803],[-42.2108,-21.2795],[-42.2107,-21.2793]],[[-42.2053,-21.2781],[-42.2044,-21.2723],[-42.1955,-21.2757],[-42.2024,-21.2845],[-42.1993,-21.2818],[-42.2051,-21.278],[-42.2053,-21.2781]],[[-42.2045,-21.2717],[-42.2043,-21.2639],[-42.2045,-21.2716],[-42.2045,-21.2717]],[[-42.2042,-21.2747],[-42.2052,-21.2707],[-42.2043,-21.2744],[-42.2042,-21.2747]]]}},{"type":"Feature","properties":{"cod_imovel":"RJ-3302304-0F780512B1B34F69A48716E04F988F99","num_area":"38.082200000000000000000000000000","ind_status":"AT","des_condic":"Aguardando analise"},"geometry":{"type":"Polygon","coordinates":[[[-42.1086,-21.2298],[-42.1072,-21.2373],[-42.1111,-21.2376],[-42.1088,-21.23],[-42.1086,-21.2298]]]}},{"type":"Feature","properties":{"cod_imovel":"RJ-3302304-EB36AA71601945418A2035A69C8BC3E0","num_area":"11.916600000000000000000000000000","ind_status":"AT","des_condic":"Aguardando analise"},"geometry":{"type":"Polygon","coordinates":[[[-42.1922,-21.2126],[-42.1921,-21.2163],[-42.1921,-21.2122],[-42.1922,-21.2126]]]}},{"type":"Feature","properties":{"cod_imovel":"RJ-3302304-E4D8D1A4354E4C13B96265EABC5A171E","num_area":"36.872500000000000000000000000000","ind_status":"AT","des_condic":"Aguardando analise"},"geometry":{"type":"Polygon","coordinates":[[[-42.1617,-21.1742],[-42.1535,-21.179],[-42.1596,-21.1801],[-42.1624,-21.1747],[-42.1617,-21.1742]]]}},{"type":"Feature","properties":{"cod_imovel":"RJ-3302304-8F9FF8E8B97041E19CC53D969EF0A92D","num_area":"14.960500000000000000000000000000","ind_status":"AT","des_condic":"Aguardando analise"},"geometry":{"type":"Polygon","coordinates":[[[-42.1313,-21.2023],[-42.1338,-21.205],[-42.1344,-21.1994],[-42.1316,-21.2024],[-42.1313,-21.2023]]]}},{"type":"Feature","properties":{"cod_imovel":"RJ-3302304-626F41DC04DA4A26B5C34445BF465EE2","num_area":"7.3906000000000000000000000000000","ind_status":"AT","des_condic":"Aguardando analise"},"geometry":{"type":"Polygon","coordinates":[[[-42.1503,-21.2244],[-42.1475,-21.2266],[-42.1503,-21.2244],[-42.1503,-21.2244]]]}},{"type":"Feature","properties":{"cod_imovel":"RJ-3302304-4934813C8E314993BF1B4720A52DE256","num_area":"90.206100000000000000000000000000","ind_status":"AT","des_condic":"Aguardando analise"},"geometry":{"type":"Polygon","coordinates":[[[-42.1711,-21.2109],[-42.1786,-21.2105],[-42.178,-21.2035],[-42.1669,-21.2024],[-42.171,-21.2107],[-42.1711,-21.2109]]]}},{"type":"Feature","properties":{"cod_imovel":"RJ-3302304-034DD85816C24930B7CE4FBA4AEE98B3","num_area":"336.31440000000000000000000000000","ind_status":"AT","des_condic":"Aguardando analise"},"geometry":{"type":"Polygon","coordinates":[[[-42.1654,-21.288],[-42.1555,-21.2841],[-42.1607,-21.2975],[-42.1704,-21.2958],[-42.1738,-21.3],[-42.1797,-21.2923],[-42.1772,-21.2885],[-42.1897,-21.2835],[-42.1842,-21.2803],[-42.1793,-21.2838],[-42.1766,-21.2777],[-42.1703,-21.2828],[-42.1719,-21.2781],[-42.1661,-21.2879],[-42.1654,-21.288]],[[-42.1629,-21.2871],[-42.1563,-21.2878],[-42.1556,-21.2841],[-42.1629,-21.2871]]]}},{"type":"Feature","properties":{"cod_imovel":"RJ-3302304-413B43B75C6F499BBC0C47B6108B08D1","num_area":"24.424000000000000000000000000000","ind_status":"AT","des_condic":"Aguardando analise"},"geometry":{"type":"Polygon","coordinates":[[[-42.1483,-21.2437],[-42.1427,-21.2433],[-42.1424,-21.2501],[-42.1457,-21.2513],[-42.1435,-21.2483],[-42.1478,-21.2453],[-42.1483,-21.2437]]]}},{"type":"Feature","properties":{"cod_imovel":"RJ-3302304-CD295CBB830F43CCBEEA32C0770F9596","num_area":"3.5691000000000000000000000000000","ind_status":"AT","des_condic":"Aguardando analise"},"geometry":{"type":"Polygon","coordinates":[[[-42.1148,-21.2576],[-42.1105,-21.2609],[-42.1145,-21.2578],[-42.1148,-21.2576]]]}},{"type":"Feature","properties":{"cod_imovel":"RJ-3302304-130E7DBC1B204539828CC9334585F537","num_area":"143.74210000000000000000000000000","ind_status":"AT","des_condic":"Aguardando analise"},"geometry":{"type":"Polygon","coordinates":[[[-42.2282,-21.2859],[-42.2271,-21.2807],[-42.2237,-21.2844],[-42.2177,-21.2803],[-42.2067,-21.2897],[-42.2093,-21.2949],[-42.2075,-21.2911],[-42.2221,-21.2903],[-42.2162,-21.2944],[-42.2273,-21.287],[-42.2282,-21.2859]]]}},{"type":"Feature","properties":{"cod_imovel":"RJ-3302304-7D7B27B494C042D8BDED6F80DE941F3C","num_area":"48.402900000000000000000000000000","ind_status":"AT","des_condic":"Aguardando analise"},"geometry":{"type":"Polygon","coordinates":[[[-42.1617,-21.2547],[-42.16,-21.2594],[-42.1636,-21.2606],[-42.1695,-21.2545],[-42.162,-21.2539],[-42.1617,-21.2547]]]}},{"type":"Feature","properties":{"cod_imovel":"RJ-3302304-A603052BD3E14C99BB62407638B35812","num_area":"6.8693000000000000000000000000000","ind_status":"AT","des_condic":"Aguardando analise"},"geometry":{"type":"Polygon","coordinates":[[[-42.1424,-21.2449],[-42.142,-21.2482],[-42.1424,-21.245],[-42.1424,-21.2449]]]}},{"type":"Feature","properties":{"cod_imovel":"RJ-3302304-07A4F803A6414DE9AB9E847BB9AB4F88","num_area":"5.0132000000000000000000000000000","ind_status":"AT","des_condic":"Aguardando analise"},"geometry":{"type":"Polygon","coordinates":[[[-42.0898,-21.2196],[-42.0904,-21.2155],[-42.0894,-21.2196],[-42.0898,-21.2196]]]}},{"type":"Feature","properties":{"cod_imovel":"RJ-3302304-D5FD1444B2A0463BB20679EBC51D3880","num_area":"24.791400000000000000000000000000","ind_status":"AT","des_condic":"Aguardando analise"},"geometry":{"type":"Polygon","coordinates":[[[-42.1549,-21.2063],[-42.1595,-21.2097],[-42.1564,-21.2081],[-42.16,-21.2014],[-42.1556,-21.2045],[-42.1549,-21.2063]]]}},{"type":"Feature","properties":{"cod_imovel":"RJ-3302304-4A4C73E1BBDF4181937EFEDFB839C211","num_area":"16.096400000000000000000000000000","ind_status":"AT","des_condic":"Aguardando analise"},"geometry":{"type":"Polygon","coordinates":[[[-42.055,-21.2252],[-42.0541,-21.2169],[-42.055,-21.2251],[-42.055,-21.2252]]]}},{"type":"Feature","properties":{"cod_imovel":"RJ-3302304-2BA7B26C0F0C42DFB471C60A49BB8CC9","num_area":"15.803600000000000000000000000000","ind_status":"AT","des_condic":"Aguardando analise"},"geometry":{"type":"Polygon","coordinates":[[[-42.0647,-21.2207],[-42.0642,-21.2275],[-42.0678,-21.2249],[-42.0648,-21.2206],[-42.0647,-21.2207]]]}},{"type":"Feature","properties":{"cod_imovel":"RJ-3302304-C3AF845531B9439D9D0C743B258B2C56","num_area":"26.797600000000000000000000000000","ind_status":"AT","des_condic":"Aguardando analise"},"geometry":{"type":"Polygon","coordinates":[[[-42.1345,-21.2012],[-42.1397,-21.2027],[-42.1344,-21.201],[-42.1345,-21.2012]],[[-42.1395,-21.2047],[-42.1449,-21.2025],[-42.1413,-21.2005],[-42.1397,-21.2042],[-42.1395,-21.2047]]]}},{"type":"Feature","properties":{"cod_imovel":"RJ-3302304-B498C5F5B633482DA614A5932C6EA29E","num_area":"13.383600000000000000000000000000","ind_status":"AT","des_condic":"Aguardando analise"},"geometry":{"type":"Polygon","coordinates":[[[-42.12,-21.2533],[-42.1168,-21.2572],[-42.1207,-21.2528],[-42.12,-21.2533]]]}},{"type":"Feature","properties":{"cod_imovel":"RJ-3302304-6DBE7EEBE9DF405DA3828C1FC11EBA5B","num_area":"13.212300000000000000000000000000","ind_status":"AT","des_condic":"Aguardando analise"},"geometry":{"type":"Polygon","coordinates":[[[-42.1442,-21.1911],[-42.1411,-21.188],[-42.1441,-21.1911],[-42.1442,-21.1911]]]}},{"type":"Feature","properties":{"cod_imovel":"RJ-3302304-B0327B83F7B24336B8D17581DADC9C04","num_area":"10.240600000000000000000000000000","ind_status":"AT","des_condic":"Aguardando analise"},"geometry":{"type":"Polygon","coordinates":[[[-42.1496,-21.2233],[-42.1482,-21.2279],[-42.1499,-21.2237],[-42.1496,-21.2233]]]}},{"type":"Feature","properties":{"cod_imovel":"RJ-3302304-8D387505C6654412818DFC2BDFF6ABE3","num_area":"34.534400000000000000000000000000","ind_status":"AT","des_condic":"Aguardando analise"},"geometry":{"type":"Polygon","coordinates":[[[-42.1957,-21.3032],[-42.1921,-21.3038],[-42.1947,-21.3084],[-42.1957,-21.3032],[-42.1957,-21.3032]],[[-42.1964,-21.3074],[-42.2034,-21.3093],[-42.1967,-21.3072],[-42.1964,-21.3074]]]}},{"type":"Feature","properties":{"cod_imovel":"RJ-3302304-910E0722431241FFBB3D1984D438DFCA","num_area":"32.627100000000000000000000000000","ind_status":"AT","des_condic":"Aguardando analise"},"geometry":{"type":"Polygon","coordinates":[[[-42.1784,-21.2262],[-42.1737,-21.2255],[-42.1746,-21.2314],[-42.1796,-21.231],[-42.1783,-21.2265],[-42.1784,-21.2262]]]}},{"type":"Feature","properties":{"cod_imovel":"RJ-3302304-08211E65DECE4D7D8BF06A746B07C8D7","num_area":"25.202800000000000000000000000000","ind_status":"AT","des_condic":"Aguardando analise"},"geometry":{"type":"Polygon","coordinates":[[[-42.1875,-21.1703],[-42.1965,-21.1721],[-42.1876,-21.1702],[-42.1875,-21.1703]]]}},{"type":"Feature","properties":{"cod_imovel":"RJ-3302304-18B4E0615C854EC5B907E1C675B2EFC8","num_area":"19.358400000000000000000000000000","ind_status":"AT","des_condic":"Aguardando analise"},"geometry":{"type":"Polygon","coordinates":[[[-42.0652,-21.2164],[-42.0589,-21.2157],[-42.0723,-21.2217],[-42.0654,-21.2161],[-42.0652,-21.2164]]]}},{"type":"Feature","properties":{"cod_imovel":"RJ-3302304-DB59FEF7826B45C597F93AA141C77C7E","num_area":"26.467000000000000000000000000000","ind_status":"AT","des_condic":"Aguardando analise"},"geometry":{"type":"Polygon","coordinates":[[[-42.1071,-21.3125],[-42.1006,-21.3108],[-42.1029,-21.3148],[-42.1071,-21.3125],[-42.1071,-21.3125]],[[-42.1029,-21.3149],[-42.1066,-21.3173],[-42.1067,-21.3127],[-42.1029,-21.3149],[-42.1029,-21.3149]]]}},{"type":"Feature","properties":{"cod_imovel":"RJ-3302304-ECB82578A406447FAB2BE649DD8B9F0D","num_area":"39.886600000000000000000000000000","ind_status":"AT","des_condic":"Aguardando analise"},"geometry":{"type":"Polygon","coordinates":[[[-42.0921,-21.1935],[-42.0853,-21.2003],[-42.0947,-21.1987],[-42.0922,-21.1937],[-42.0921,-21.1935]]]}},{"type":"Feature","properties":{"cod_imovel":"RJ-3302304-CA690044F0E4410080589088A92372DD","num_area":"103.27920000000000000000000000000","ind_status":"AT","des_condic":"Aguardando analise"},"geometry":{"type":"Polygon","coordinates":[[[-42.0563,-21.1804],[-42.0529,-21.1836],[-42.0749,-21.185],[-42.0744,-21.1794],[-42.0573,-21.1806],[-42.0563,-21.1804]]]}},{"type":"Feature","properties":{"cod_imovel":"RJ-3302304-EFBCF16364BC444EA4719C2CEA5A5CDC","num_area":"196.13170000000000000000000000000","ind_status":"AT","des_condic":"Aguardando analise"},"geometry":{"type":"Polygon","coordinates":[[[-42.0532,-21.1934],[-42.0504,-21.198],[-42.0559,-21.1974],[-42.0533,-21.1935],[-42.0532,-21.1934]],[[-42.0671,-21.184],[-42.0541,-21.1892],[-42.0541,-21.1943],[-42.0668,-21.2019],[-42.0681,-21.1853],[-42.0671,-21.184]]]}},{"type":"Feature","properties":{"cod_imovel":"RJ-3302304-B8713C1EB7484176B395547D3CE54EF4","num_area":"14.822600000000000000000000000000","ind_status":"AT","des_condic":"Aguardando analise"},"geometry":{"type":"Polygon","coordinates":[[[-42.1803,-21.1876],[-42.1757,-21.1858],[-42.1799,-21.1876],[-42.1803,-21.1876]]]}},{"type":"Feature","properties":{"cod_imovel":"RJ-3302304-C437BCDFBB334B5F9A095E7BC4EE86D9","num_area":"4.9790000000000000000000000000000","ind_status":"AT","des_condic":"Aguardando analise"},"geometry":{"type":"Polygon","coordinates":[[[-42.1934,-21.1776],[-42.1899,-21.1799],[-42.1949,-21.1783],[-42.1934,-21.1776]]]}},{"type":"Feature","properties":{"cod_imovel":"RJ-3302304-7236CA3D9502497F95136A7D195B3952","num_area":"13.348200000000000000000000000000","ind_status":"AT","des_condic":"Aguardando analise"},"geometry":{"type":"Polygon","coordinates":[[[-42.0941,-21.2084],[-42.0917,-21.212],[-42.0975,-21.2115],[-42.0944,-21.2086],[-42.0941,-21.2084]]]}},{"type":"Feature","properties":{"cod_imovel":"RJ-3302304-05B87F49635741399616D62A0C733069","num_area":"25.665700000000000000000000000000","ind_status":"AT","des_condic":"Aguardando analise"},"geometry":{"type":"Polygon","coordinates":[[[-42.1442,-21.2001],[-42.1494,-21.2003],[-42.1439,-21.1998],[-42.1442,-21.2001]],[[-42.1495,-21.2002],[-42.149,-21.1966],[-42.1439,-21.1987],[-42.1495,-21.2002],[-42.1495,-21.2002]]]}},{"type":"Feature","properties":{"cod_imovel":"RJ-3302304-EA10E72E57A24C3981A4ECB3ED922049","num_area":"14.591800000000000000000000000000","ind_status":"AT","des_condic":"Aguardando analise"},"geometry":{"type":"Polygon","coordinates":[[[-42.1514,-21.1975],[-42.1545,-21.1933],[-42.1505,-21.1933],[-42.1514,-21.1974],[-42.1514,-21.1975]]]}},{"type":"Feature","properties":{"cod_imovel":"RJ-3302304-A054012319D4493EAF3B54C5E0FCC853","num_area":"4.4512000000000000000000000000000","ind_status":"AT","des_condic":"Aguardando analise"},"geometry":{"type":"Polygon","coordinates":[[[-42.1002,-21.2132],[-42.1041,-21.2138],[-42.1006,-21.2132],[-42.1002,-21.2132]]]}},{"type":"Feature","properties":{"cod_imovel":"RJ-3302304-55EB5D3218C84DEE85B6748FB741180D","num_area":"31.124500000000000000000000000000","ind_status":"AT","des_condic":"Aguardando analise"},"geometry":{"type":"Polygon","coordinates":[[[-42.084,-21.2197],[-42.0744,-21.221],[-42.0803,-21.2248],[-42.084,-21.22],[-42.084,-21.2197]]]}},{"type":"Feature","properties":{"cod_imovel":"RJ-3302304-BC7F3979D2F44EB3BEDD21DDF0CAA26E","num_area":"20.683100000000000000000000000000","ind_status":"AT","des_condic":"Aguardando analise"},"geometry":{"type":"Polygon","coordinates":[[[-42.0875,-21.2184],[-42.0852,-21.2103],[-42.0871,-21.2182],[-42.0875,-21.2184]]]}},{"type":"Feature","properties":{"cod_imovel":"RJ-3302304-7FC327FA10144779929A26DC4F4318FF","num_area":"6.2115000000000000000000000000000","ind_status":"AT","des_condic":"Aguardando analise"},"geometry":{"type":"Polygon","coordinates":[[[-42.1909,-21.1959],[-42.1949,-21.1945],[-42.1909,-21.1959],[-42.1909,-21.1959]]]}},{"type":"Feature","properties":{"cod_imovel":"RJ-3302304-0B5C72714F724D3FACF637547246A681","num_area":"15.368300000000000000000000000000","ind_status":"AT","des_condic":"Aguardando analise"},"geometry":{"type":"Polygon","coordinates":[[[-42.1337,-21.2368],[-42.1293,-21.2373],[-42.1341,-21.237],[-42.1337,-21.2368]]]}},{"type":"Feature","properties":{"cod_imovel":"RJ-3302304-1284D65A4A824FD59724452E37D8E3B9","num_area":"42.994900000000000000000000000000","ind_status":"AT","des_condic":"Aguardando analise"},"geometry":{"type":"Polygon","coordinates":[[[-42.2122,-21.2775],[-42.2099,-21.2697],[-42.2044,-21.2742],[-42.2104,-21.2728],[-42.2039,-21.2754],[-42.2118,-21.278],[-42.2122,-21.2775]]]}},{"type":"Feature","properties":{"cod_imovel":"RJ-3302304-A38ECCB83C124CBCA0EFA2B56B10E0BF","num_area":"18.667400000000000000000000000000","ind_status":"AT","des_condic":"Aguardando analise"},"geometry":{"type":"Polygon","coordinates":[[[-42.1363,-21.2381],[-42.1321,-21.2432],[-42.1386,-21.2423],[-42.1367,-21.2384],[-42.1363,-21.2381]]]}},{"type":"Feature","properties":{"cod_imovel":"RJ-3302304-52F37E4526A54A5FB1CDB218083675F0","num_area":"54.376400000000000000000000000000","ind_status":"AT","des_condic":"Aguardando analise"},"geometry":{"type":"Polygon","coordinates":[[[-42.1097,-21.2275],[-42.1124,-21.2241],[-42.0979,-21.2232],[-42.1093,-21.2265],[-42.1019,-21.2241],[-42.1006,-21.2284],[-42.1095,-21.2274],[-42.1097,-21.2275]]]}},{"type":"Feature","properties":{"cod_imovel":"RJ-3302304-B4CFF790D9DD4F5B831FDBCAB8F4768F","num_area":"36.476400000000000000000000000000","ind_status":"AT","des_condic":"Aguardando analise"},"geometry":{"type":"Polygon","coordinates":[[[-42.0986,-21.2788],[-42.0923,-21.2897],[-42.0986,-21.2796],[-42.0986,-21.2788]]]}},{"type":"Feature","properties":{"cod_imovel":"RJ-3302304-5962805311354D1A80BAE2806A80D845","num_area":"4.9362000000000000000000000000000","ind_status":"AT","des_condic":"Aguardando analise"},"geometry":{"type":"Polygon","coordinates":[[[-42.1344,-21.2477],[-42.1303,-21.2489],[-42.1324,-21.2463],[-42.1344,-21.2477]]]}},{"type":"Feature","properties":{"cod_imovel":"RJ-3302304-ECEC1993FE5240A3B15206852637E489","num_area":"18.946400000000000000000000000000","ind_status":"AT","des_condic":"Aguardando analise"},"geometry":{"type":"Polygon","coordinates":[[[-42.0951,-21.2161],[-42.0886,-21.2133],[-42.0943,-21.2159],[-42.0951,-21.2161]]]}},{"type":"Feature","properties":{"cod_imovel":"RJ-3302304-AFE44EB564504F97A82374A897A5C7FF","num_area":"5.2127000000000000000000000000000","ind_status":"AT","des_condic":"Aguardando analise"},"geometry":{"type":"Polygon","coordinates":[[[-42.0673,-21.2157],[-42.0615,-21.2168],[-42.0669,-21.2154],[-42.0673,-21.2157]]]}},{"type":"Feature","properties":{"cod_imovel":"RJ-3302304-CAFD02BA8DA0473B9E1ACD17634EDDEF","num_area":"38.801500000000000000000000000000","ind_status":"AT","des_condic":"Aguardando analise"},"geometry":{"type":"Polygon","coordinates":[[[-42.0614,-21.2254],[-42.0543,-21.2271],[-42.0551,-21.2331],[-42.0618,-21.2255],[-42.0614,-21.2254]]]}},{"type":"Feature","properties":{"cod_imovel":"RJ-3302304-810864A2C9F1482ABE11FE14C77617F9","num_area":"26.282600000000000000000000000000","ind_status":"AT","des_condic":"Aguardando analise"},"geometry":{"type":"Polygon","coordinates":[[[-42.0585,-21.2324],[-42.067,-21.2309],[-42.0678,-21.225],[-42.0587,-21.2324],[-42.0585,-21.2324]]]}},{"type":"Feature","properties":{"cod_imovel":"RJ-3302304-82B8B1CE6E084751990FB8514B8950C5","num_area":"13.131300000000000000000000000000","ind_status":"AT","des_condic":"Aguardando analise"},"geometry":{"type":"Polygon","coordinates":[[[-42.1427,-21.2341],[-42.1396,-21.2418],[-42.1428,-21.2343],[-42.1427,-21.2341]]]}},{"type":"Feature","properties":{"cod_imovel":"RJ-3302304-BD20656B375D4BCD881596DEB1106EF7","num_area":"6.1609000000000000000000000000000","ind_status":"AT","des_condic":"Aguardando analise"},"geometry":{"type":"Polygon","coordinates":[[[-42.0892,-21.2287],[-42.0859,-21.2273],[-42.0891,-21.2288],[-42.0892,-21.2287]]]}},{"type":"Feature","properties":{"cod_imovel":"RJ-3302304-59BD1CC8B5EC4A8C99EEC2F3DADE8F84","num_area":"26.071400000000000000000000000000","ind_status":"AT","des_condic":"Aguardando analise"},"geometry":{"type":"Polygon","coordinates":[[[-42.0916,-21.2253],[-42.0865,-21.2239],[-42.0944,-21.2286],[-42.0921,-21.2254],[-42.0916,-21.2253]]]}},{"type":"Feature","properties":{"cod_imovel":"RJ-3302304-692E514DDBDA431B85E85EED84C70440","num_area":"6.5057000000000000000000000000000","ind_status":"AT","des_condic":"Aguardando analise"},"geometry":{"type":"Polygon","coordinates":[[[-42.1841,-21.2024],[-42.1802,-21.1964],[-42.1838,-21.2023],[-42.1841,-21.2024]]]}},{"type":"Feature","properties":{"cod_imovel":"RJ-3302304-59347263208541B3A1C538AC66371BC0","num_area":"5.6978000000000000000000000000000","ind_status":"AT","des_condic":"Aguardando analise"},"geometry":{"type":"Polygon","coordinates":[[[-42.1629,-21.205],[-42.1596,-21.2098],[-42.1632,-21.2051],[-42.1629,-21.205]]]}},{"type":"Feature","properties":{"cod_imovel":"RJ-3302304-9DD3F2DDF98B4CECB99600A5A528EE1E","num_area":"20.800400000000000000000000000000","ind_status":"AT","des_condic":"Aguardando analise"},"geometry":{"type":"Polygon","coordinates":[[[-42.1175,-21.2447],[-42.117,-21.2399],[-42.1167,-21.2444],[-42.1175,-21.2447]]]}},{"type":"Feature","properties":{"cod_imovel":"RJ-3302304-433CDE8F28BC4561874DC8BED6F55D30","num_area":"25.620400000000000000000000000000","ind_status":"AT","des_condic":"Aguardando analise"},"geometry":{"type":"Polygon","coordinates":[[[-42.1401,-21.2659],[-42.1359,-21.2662],[-42.138,-21.2716],[-42.1403,-21.267],[-42.1401,-21.2659]],[[-42.1381,-21.2717],[-42.142,-21.2721],[-42.1429,-21.2673],[-42.1381,-21.2717],[-42.1381,-21.2717]]]}},{"type":"Feature","properties":{"cod_imovel":"RJ-3302304-27670060AD32419AB283E0EB94F64693","num_area":"10.675600000000000000000000000000","ind_status":"AT","des_condic":"Aguardando analise"},"geometry":{"type":"Polygon","coordinates":[[[-42.1252,-21.2359],[-42.1299,-21.2335],[-42.126,-21.235],[-42.1252,-21.2359]]]}},{"type":"Feature","properties":{"cod_imovel":"RJ-3302304-878442FD772F4DE89E0804ADDE33E3F0","num_area":"58.500800000000000000000000000000","ind_status":"AT","des_condic":"Aguardando analise"},"geometry":{"type":"Polygon","coordinates":[[[-42.1293,-21.2373],[-42.1241,-21.2364],[-42.1284,-21.2478],[-42.1331,-21.2419],[-42.1294,-21.2379],[-42.1293,-21.2373]]]}},{"type":"Feature","properties":{"cod_imovel":"RJ-3302304-19C2DD7739374D6DBCD28C8C161949C8","num_area":"19.664300000000000000000000000000","ind_status":"AT","des_condic":"Aguardando analise"},"geometry":{"type":"Polygon","coordinates":[[[-42.1412,-21.2521],[-42.135,-21.2479],[-42.1375,-21.2535],[-42.1412,-21.2522],[-42.1412,-21.2521]]]}},{"type":"Feature","properties":{"cod_imovel":"RJ-3302304-4A525BED00D04B44B70D3F51F128C327","num_area":"92.816900000000000000000000000000","ind_status":"AT","des_condic":"Aguardando analise"},"geometry":{"type":"Polygon","coordinates":[[[-42.1879,-21.2674],[-42.1887,-21.2789],[-42.2,-21.2743],[-42.1966,-21.2688],[-42.1879,-21.2674],[-42.1879,-21.2674]],[[-42.1945,-21.2711],[-42.191,-21.2775],[-42.1945,-21.2711],[-42.1945,-21.2711]],[[-42.2,-21.2743],[-42.2023,-21.2715],[-42.2,-21.2743],[-42.2,-21.2743]]]}},{"type":"Feature","properties":{"cod_imovel":"RJ-3302304-B7C9ED6EA070481DAF6886C4A0966CA7","num_area":"24.149100000000000000000000000000","ind_status":"AT","des_condic":"Aguardando analise"},"geometry":{"type":"Polygon","coordinates":[[[-42.1055,-21.2179],[-42.1031,-21.2234],[-42.111,-21.2211],[-42.1055,-21.218],[-42.1055,-21.2179]]]}},{"type":"Feature","properties":{"cod_imovel":"RJ-3302304-AE6AA6AAC8AA4D57A52365980C4C99FB","num_area":"20.926800000000000000000000000000","ind_status":"AT","des_condic":"Aguardando analise"},"geometry":{"type":"Polygon","coordinates":[[[-42.1662,-21.2443],[-42.1703,-21.2487],[-42.1718,-21.2439],[-42.1663,-21.2444],[-42.1662,-21.2443]]]}},{"type":"Feature","properties":{"cod_imovel":"RJ-3302304-1995464A1FBC4272819F82F4ECD371AE","num_area":"9.3902000000000000000000000000000","ind_status":"AT","des_condic":"Aguardando analise"},"geometry":{"type":"Polygon","coordinates":[[[-42.1552,-21.2712],[-42.1557,-21.2657],[-42.1551,-21.2717],[-42.1552,-21.2712]]]}},{"type":"Feature","properties":{"cod_imovel":"RJ-3302304-BFE7F10E92304F0AA92282F2C4B91D5F","num_area":"7.2862000000000000000000000000000","ind_status":"AT","des_condic":"Aguardando analise"},"geometry":{"type":"Polygon","coordinates":[[[-42.1326,-21.2768],[-42.1365,-21.2728],[-42.1325,-21.2768],[-42.1326,-21.2768]]]}},{"type":"Feature","properties":{"cod_imovel":"RJ-3302304-111CA943F35245F9A77CE5903275B277","num_area":"11.018200000000000000000000000000","ind_status":"AT","des_condic":"Aguardando analise"},"geometry":{"type":"Polygon","coordinates":[[[-42.0947,-21.2289],[-42.0896,-21.2282],[-42.0909,-21.232],[-42.0947,-21.2292],[-42.0947,-21.2289]]]}},{"type":"Feature","properties":{"cod_imovel":"RJ-3302304-594C0123C4ED462AA88FAED050C4831A","num_area":"62.125300000000000000000000000000","ind_status":"AT","des_condic":"Aguardando analise"},"geometry":{"type":"Polygon","coordinates":[[[-42.1069,-21.2677],[-42.1197,-21.27],[-42.1135,-21.2674],[-42.1135,-21.2618],[-42.1099,-21.2669],[-42.1069,-21.2677]]]}},{"type":"Feature","properties":{"cod_imovel":"RJ-3302304-76CF21800B8F466E9D68C8532280BAD7","num_area":"6.8814000000000000000000000000000","ind_status":"AT","des_condic":"Aguardando analise"},"geometry":{"type":"Polygon","coordinates":[[[-42.109,-21.2204],[-42.1089,-21.2237],[-42.1093,-21.2206],[-42.109,-21.2204]]]}},{"type":"Feature","properties":{"cod_imovel":"RJ-3302304-DA1923B4E53D4315B37932972B9AAC1D","num_area":"17.636100000000000000000000000000","ind_status":"AT","des_condic":"Aguardando analise"},"geometry":{"type":"Polygon","coordinates":[[[-42.1269,-21.3055],[-42.1227,-21.3083],[-42.1268,-21.3109],[-42.1298,-21.307],[-42.1266,-21.3056],[-42.1269,-21.3055]]]}},{"type":"Feature","properties":{"cod_imovel":"RJ-3302304-CE9B13653D024FE197DDB11C63081CBA","num_area":"3.0852000000000000000000000000000","ind_status":"AT","des_condic":"Aguardando analise"},"geometry":{"type":"Polygon","coordinates":[[[-42.0957,-21.3278],[-42.0976,-21.3307],[-42.0958,-21.3279],[-42.0957,-21.3278]]]}},{"type":"Feature","properties":{"cod_imovel":"RJ-3302304-695AD327CE2B43F4B8CA2D7E53140B26","num_area":"19.767500000000000000000000000000","ind_status":"AT","des_condic":"Aguardando analise"},"geometry":{"type":"Polygon","coordinates":[[[-42.1334,-21.2133],[-42.1288,-21.2055],[-42.133,-21.2133],[-42.1334,-21.2133]]]}},{"type":"Feature","properties":{"cod_imovel":"RJ-3302304-29B2DEA3EE0645B9A64F03F3409DC440","num_area":"48.364000000000000000000000000000","ind_status":"AT","des_condic":"Aguardando analise"},"geometry":{"type":"Polygon","coordinates":[[[-42.1296,-21.2334],[-42.1293,-21.2372],[-42.1397,-21.2368],[-42.13,-21.2332],[-42.1296,-21.2334]]]}},{"type":"Feature","properties":{"cod_imovel":"RJ-3302304-7C65D937FA1A4A43BB978C00735B2390","num_area":"14.482800000000000000000000000000","ind_status":"AT","des_condic":"Aguardando analise"},"geometry":{"type":"Polygon","coordinates":[[[-42.203,-21.2217],[-42.2018,-21.2176],[-42.1999,-21.2252],[-42.203,-21.2217]]]}},{"type":"Feature","properties":{"cod_imovel":"RJ-3302304-3F1959BA2DBE421E8A7515C36BC3D2D8","num_area":"15.756900000000000000000000000000","ind_status":"AT","des_condic":"Aguardando analise"},"geometry":{"type":"Polygon","coordinates":[[[-42.065,-21.2369],[-42.0604,-21.2338],[-42.0644,-21.2373],[-42.065,-21.2369]]]}},{"type":"Feature","properties":{"cod_imovel":"RJ-3302304-B71940552DC64989925123EC8CF169A1","num_area":"28.990500000000000000000000000000","ind_status":"AT","des_condic":"Aguardando analise"},"geometry":{"type":"Polygon","coordinates":[[[-42.083,-21.1875],[-42.082,-21.1823],[-42.0764,-21.1855],[-42.0826,-21.1879],[-42.083,-21.1875]]]}},{"type":"Feature","properties":{"cod_imovel":"RJ-3302304-FD8C917C0EC0461C856212ECA3B0F4D4","num_area":"15.303100000000000000000000000000","ind_status":"AT","des_condic":"Aguardando analise"},"geometry":{"type":"Polygon","coordinates":[[[-42.1207,-21.2449],[-42.1247,-21.2394],[-42.12,-21.2446],[-42.1207,-21.2449]]]}},{"type":"Feature","properties":{"cod_imovel":"RJ-3302304-35044E1C21A14B21B4A665B8A2A10FBF","num_area":"144.27520000000000000000000000000","ind_status":"AT","des_condic":"Aguardando analise"},"geometry":{"type":"Polygon","coordinates":[[[-42.1658,-21.1588],[-42.16,-21.1598],[-42.1695,-21.1637],[-42.1658,-21.1631],[-42.1696,-21.1708],[-42.1665,-21.1785],[-42.1758,-21.1858],[-42.1726,-21.1652],[-42.1666,-21.1588],[-42.1658,-21.1588]]]}},{"type":"Feature","properties":{"cod_imovel":"RJ-3302304-BE9E33FF957941D39603C577F8D63BA4","num_area":"13.331400000000000000000000000000","ind_status":"AT","des_condic":"Aguardando analise"},"geometry":{"type":"Polygon","coordinates":[[[-42.1397,-21.2377],[-42.1401,-21.2327],[-42.1393,-21.2374],[-42.1397,-21.2377]],[[-42.1375,-21.2354],[-42.1395,-21.239],[-42.1376,-21.2358],[-42.1375,-21.2354]]]}},{"type":"Feature","properties":{"cod_imovel":"RJ-3302304-F48D13D5767547D585E924ED77D23A04","num_area":"16.182900000000000000000000000000","ind_status":"AT","des_condic":"Aguardando analise"},"geometry":{"type":"Polygon","coordinates":[[[-42.0757,-21.2713],[-42.075,-21.2661],[-42.0759,-21.2712],[-42.0757,-21.2713]]]}},{"type":"Feature","properties":{"cod_imovel":"RJ-3302304-036D89262D8C4DE38A36B821AAF9AAF0","num_area":"5.9283000000000000000000000000000","ind_status":"AT","des_condic":"Aguardando analise"},"geometry":{"type":"Polygon","coordinates":[[[-42.1031,-21.2782],[-42.1004,-21.2761],[-42.1031,-21.2782],[-42.1031,-21.2782]]]}},{"type":"Feature","properties":{"cod_imovel":"RJ-3302304-08BFBC357B99402FBF71CFA9D2C4465C","num_area":"142.90800000000000000000000000000","ind_status":"AT","des_condic":"Aguardando analise"},"geometry":{"type":"Polygon","coordinates":[[[-42.169,-21.2254],[-42.1721,-21.2374],[-42.184,-21.2466],[-42.1856,-21.2416],[-42.171,-21.2279],[-42.1732,-21.218],[-42.1693,-21.2257],[-42.169,-21.2254]],[[-42.1721,-21.2374],[-42.175,-21.2395],[-42.1725,-21.2373],[-42.1721,-21.2374]],[[-42.1804,-21.2377],[-42.1863,-21.2392],[-42.1803,-21.2375],[-42.1804,-21.2377]]]}},{"type":"Feature","properties":{"cod_imovel":"RJ-3302304-6D7B77570AEC41EA85747B9470A77B62","num_area":"22.654000000000000000000000000000","ind_status":"AT","des_condic":"Aguardando analise"},"geometry":{"type":"Polygon","coordinates":[[[-42.1114,-21.2303],[-42.1144,-21.2253],[-42.1086,-21.2295],[-42.1115,-21.2302],[-42.1114,-21.2303]]]}},{"type":"Feature","properties":{"cod_imovel":"RJ-3302304-9875E4C2ED174FADA8A48C418F1E3A53","num_area":"69.038200000000000000000000000000","ind_status":"AT","des_condic":"Aguardando analise"},"geometry":{"type":"Polygon","coordinates":[[[-42.1472,-21.2058],[-42.1547,-21.211],[-42.1484,-21.2051],[-42.1472,-21.2058]],[[-42.1469,-21.206],[-42.1501,-21.2157],[-42.1608,-21.2172],[-42.147,-21.2061],[-42.1469,-21.206]]]}},{"type":"Feature","properties":{"cod_imovel":"RJ-3302304-E4C1100FBE944A1AB4F43FF8B2A2365D","num_area":"12.333400000000000000000000000000","ind_status":"AT","des_condic":"Aguardando analise"},"geometry":{"type":"Polygon","coordinates":[[[-42.124,-21.2377],[-42.1234,-21.2335],[-42.1198,-21.2356],[-42.124,-21.2377],[-42.124,-21.2377]]]}},{"type":"Feature","properties":{"cod_imovel":"RJ-3302304-3DCCB76CA8A34F40A3F452FCD75BDE0B","num_area":"23.817300000000000000000000000000","ind_status":"AT","des_condic":"Aguardando analise"},"geometry":{"type":"Polygon","coordinates":[[[-42.0765,-21.2834],[-42.0792,-21.2795],[-42.0747,-21.2768],[-42.0765,-21.2834],[-42.0765,-21.2834]]]}},{"type":"Feature","properties":{"cod_imovel":"RJ-3302304-ECA8C107A3034185BFDCFBA34CE999E0","num_area":"11.449400000000000000000000000000","ind_status":"AT","des_condic":"Aguardando analise"},"geometry":{"type":"Polygon","coordinates":[[[-42.1965,-21.2124],[-42.193,-21.2163],[-42.197,-21.2127],[-42.1965,-21.2124]],[[-42.1949,-21.2189],[-42.1968,-21.2156],[-42.1941,-21.2181],[-42.1949,-21.2189]]]}},{"type":"Feature","properties":{"cod_imovel":"RJ-3302304-DCC6D4AFEF1941C6895C374B99E2D2A2","num_area":"16.481100000000000000000000000000","ind_status":"AT","des_condic":"Aguardando analise"},"geometry":{"type":"Polygon","coordinates":[[[-42.1042,-21.2762],[-42.1067,-21.2739],[-42.1013,-21.2724],[-42.1042,-21.2762],[-42.1042,-21.2762]]]}},{"type":"Feature","properties":{"cod_imovel":"RJ-3302304-D9481C1FBA2C44C6BF6C5660C24531BB","num_area":"132.91070000000000000000000000000","ind_status":"AT","des_condic":"Aguardando analise"},"geometry":{"type":"Polygon","coordinates":[[[-42.1358,-21.1723],[-42.1307,-21.1758],[-42.1351,-21.1811],[-42.1485,-21.1793],[-42.1394,-21.1724],[-42.1355,-21.1812],[-42.1363,-21.1735],[-42.1358,-21.1723]],[[-42.1433,-21.1764],[-42.1392,-21.1777],[-42.1433,-21.1764],[-42.1433,-21.1764]],[[-42.1346,-21.1808],[-42.129,-21.1857],[-42.138,-21.187],[-42.138,-21.1814],[-42.1428,-21.1805],[-42.1347,-21.1809],[-42.1346,-21.1808]]]}},{"type":"Feature","properties":{"cod_imovel":"RJ-3302304-A692A98D03764D3EB821EDFA39DE9101","num_area":"17.670300000000000000000000000000","ind_status":"AT","des_condic":"Aguardando analise"},"geometry":{"type":"Polygon","coordinates":[[[-42.1067,-21.2395],[-42.1005,-21.2418],[-42.1066,-21.2395],[-42.1067,-21.2395]]]}},{"type":"Feature","properties":{"cod_imovel":"RJ-3302304-DA47D6B93794493D8ACED8E5740EFB5C","num_area":"18.168500000000000000000000000000","ind_status":"AT","des_condic":"Aguardando analise"},"geometry":{"type":"Polygon","coordinates":[[[-42.1196,-21.2271],[-42.1144,-21.2252],[-42.116,-21.2291],[-42.1195,-21.2271],[-42.1196,-21.2271]]]}},{"type":"Feature","properties":{"cod_imovel":"RJ-3302304-3879B8A014C94E8CB18FAD1D86EA699D","num_area":"20.543700000000000000000000000000","ind_status":"AT","des_condic":"Aguardando analise"},"geometry":{"type":"Polygon","coordinates":[[[-42.1194,-21.2275],[-42.1161,-21.2292],[-42.1253,-21.2276],[-42.1194,-21.2275],[-42.1194,-21.2275]]]}},{"type":"Feature","properties":{"cod_imovel":"RJ-3302304-E2DD23F236B849D5B2675D1EE6CE1D95","num_area":"14.309700000000000000000000000000","ind_status":"AT","des_condic":"Aguardando analise"},"geometry":{"type":"Polygon","coordinates":[[[-42.1908,-21.186],[-42.1857,-21.1843],[-42.1904,-21.1871],[-42.1908,-21.186]]]}},{"type":"Feature","properties":{"cod_imovel":"RJ-3302304-BE2C2526B5E9468EA3F55F08B5F90E84","num_area":"231.20510000000000000000000000000","ind_status":"AT","des_condic":"Aguardando analise"},"geometry":{"type":"Polygon","coordinates":[[[-42.1786,-21.2131],[-42.1735,-21.2149],[-42.1802,-21.2192],[-42.1818,-21.2271],[-42.1996,-21.2254],[-42.1931,-21.2172],[-42.1806,-21.2132],[-42.1786,-21.2131]]]}},{"type":"Feature","properties":{"cod_imovel":"RJ-3302304-40D2179135BD4DB3B5E450D446DB9808","num_area":"12.753200000000000000000000000000","ind_status":"AT","des_condic":"Aguardando analise"},"geometry":{"type":"Polygon","coordinates":[[[-42.158,-21.1845],[-42.1608,-21.1813],[-42.1574,-21.1793],[-42.1579,-21.1841],[-42.158,-21.1845]]]}},{"type":"Feature","properties":{"cod_imovel":"RJ-3302304-4430D4BFBB4F4883B9CE5D238F67520D","num_area":"4.9643000000000000000000000000000","ind_status":"AT","des_condic":"Aguardando analise"},"geometry":{"type":"Polygon","coordinates":[[[-42.1398,-21.2444],[-42.1371,-21.2461],[-42.1398,-21.2447],[-42.1398,-21.2444]]]}},{"type":"Feature","properties":{"cod_imovel":"RJ-3302304-39D5D305A2DC4FA1ABB63AE3F7D0406B","num_area":"8.9495000000000000000000000000000","ind_status":"AT","des_condic":"Aguardando analise"},"geometry":{"type":"Polygon","coordinates":[[[-42.1915,-21.173],[-42.1866,-21.172],[-42.191,-21.1732],[-42.1915,-21.173]]]}},{"type":"Feature","properties":{"cod_imovel":"RJ-3302304-C61B17CF5CB347DB87CF4E922BD70579","num_area":"66.636900000000000000000000000000","ind_status":"AT","des_condic":"Aguardando analise"},"geometry":{"type":"Polygon","coordinates":[[[-42.1011,-21.2017],[-42.0994,-21.2086],[-42.1073,-21.2016],[-42.1114,-21.2063],[-42.1091,-21.1997],[-42.1026,-21.2011],[-42.1011,-21.2017]],[[-42.103,-21.2077],[-42.108,-21.2061],[-42.1049,-21.2073],[-42.103,-21.2077]]]}},{"type":"Feature","properties":{"cod_imovel":"RJ-3302304-04C0A1FF120A46798C538580089DB0AB","num_area":"9.0466000000000000000000000000000","ind_status":"AT","des_condic":"Aguardando analise"},"geometry":{"type":"Polygon","coordinates":[[[-42.1056,-21.2661],[-42.1106,-21.2657],[-42.1047,-21.2611],[-42.1056,-21.2661]]]}},{"type":"Feature","properties":{"cod_imovel":"RJ-3302304-C408263419F045DBBCB89061280D9178","num_area":"208.40840000000000000000000000000","ind_status":"AT","des_condic":"Aguardando analise"},"geometry":{"type":"Polygon","coordinates":[[[-42.1374,-21.2858],[-42.1263,-21.2735],[-42.1166,-21.2831],[-42.1229,-21.2855],[-42.1235,-21.2798],[-42.1268,-21.291],[-42.1176,-21.2862],[-42.1275,-21.2922],[-42.1367,-21.2863],[-42.1374,-21.2858]],[[-42.127,-21.2762],[-42.1265,-21.2812],[-42.1311,-21.2827],[-42.1265,-21.2821],[-42.1266,-21.2768],[-42.127,-21.2762]]]}},{"type":"Feature","properties":{"cod_imovel":"RJ-3302304-514B34168CB04F9B8DF7DB639E4FB536","num_area":"112.01220000000000000000000000000","ind_status":"AT","des_condic":"Aguardando analise"},"geometry":{"type":"Polygon","coordinates":[[[-42.1182,-21.2949],[-42.1195,-21.2904],[-42.1075,-21.2908],[-42.1124,-21.2922],[-42.1082,-21.2924],[-42.109,-21.2976],[-42.1139,-21.2958],[-42.1162,-21.3005],[-42.1182,-21.2948],[-42.1182,-21.2949]],[[-42.1119,-21.3031],[-42.1191,-21.3014],[-42.1088,-21.2986],[-42.1105,-21.3038],[-42.1119,-21.3031]],[[-42.1085,-21.3003],[-42.1063,-21.2968],[-42.1101,-21.304],[-42.1085,-21.3003],[-42.1085,-21.3003]]]}},{"type":"Feature","properties":{"cod_imovel":"RJ-3302304-F407F3C186924B1B82C628ECA97D4CBC","num_area":"12.339900000000000000000000000000","ind_status":"AT","des_condic":"Aguardando analise"},"geometry":{"type":"Polygon","coordinates":[[[-42.1912,-21.1775],[-42.1847,-21.1763],[-42.1893,-21.1763],[-42.1912,-21.1775]]]}},{"type":"Feature","properties":{"cod_imovel":"RJ-3302304-58E8CDE5650944CCA07AE8FE40D73DFB","num_area":"23.531200000000000000000000000000","ind_status":"AT","des_condic":"Aguardando analise"},"geometry":{"type":"Polygon","coordinates":[[[-42.1128,-21.2493],[-42.1053,-21.2518],[-42.1128,-21.2495],[-42.1128,-21.2493]]]}},{"type":"Feature","properties":{"cod_imovel":"RJ-3302304-6671963C2BA54C0796C65D7CDC8FA86C","num_area":"5.0595000000000000000000000000000","ind_status":"AT","des_condic":"Aguardando analise"},"geometry":{"type":"Polygon","coordinates":[[[-42.0875,-21.2423],[-42.093,-21.2429],[-42.0875,-21.2423],[-42.0875,-21.2423]]]}},{"type":"Feature","properties":{"cod_imovel":"RJ-3302304-4B89162F87CE4F7AA9601954EFB2B28A","num_area":"12.945300000000000000000000000000","ind_status":"AT","des_condic":"Aguardando analise"},"geometry":{"type":"Polygon","coordinates":[[[-42.0663,-21.2274],[-42.0709,-21.2305],[-42.0674,-21.2281],[-42.0663,-21.2274]]]}},{"type":"Feature","properties":{"cod_imovel":"RJ-3302304-7842ADC333D64495B74436412A400BCD","num_area":"30.721200000000000000000000000000","ind_status":"AT","des_condic":"Aguardando analise"},"geometry":{"type":"Polygon","coordinates":[[[-42.1948,-21.238],[-42.1866,-21.2421],[-42.192,-21.2412],[-42.1913,-21.2451],[-42.1952,-21.2386],[-42.1948,-21.238]],[[-42.19,-21.2473],[-42.1933,-21.2441],[-42.1903,-21.2477],[-42.19,-21.2473]]]}},{"type":"Feature","properties":{"cod_imovel":"RJ-3302304-B6C01BB3AB994FDC9A84D9D40F29304E","num_area":"3.9674000000000000000000000000000","ind_status":"AT","des_condic":"Aguardando analise"},"geometry":{"type":"Polygon","coordinates":[[[-42.203,-21.3083],[-42.1987,-21.3072],[-42.2029,-21.3082],[-42.203,-21.3083]]]}},{"type":"Feature","properties":{"cod_imovel":"RJ-3302304-2A80E6546EE7499994B20B511A2A4A4B","num_area":"9.4436000000000000000000000000000","ind_status":"AT","des_condic":"Aguardando analise"},"geometry":{"type":"Polygon","coordinates":[[[-42.0895,-21.3338],[-42.0926,-21.3359],[-42.0894,-21.3331],[-42.0895,-21.3338]]]}},{"type":"Feature","properties":{"cod_imovel":"RJ-3302304-D97068ED6AE34A44AA32E361A3126CF7","num_area":"48.058100000000000000000000000000","ind_status":"AT","des_condic":"Aguardando analise"},"geometry":{"type":"Polygon","coordinates":[[[-42.1208,-21.3115],[-42.1293,-21.3065],[-42.1273,-21.3036],[-42.1197,-21.3049],[-42.1203,-21.3114],[-42.1208,-21.3115]]]}},{"type":"Feature","properties":{"cod_imovel":"RJ-3302304-59D0F766C01A48B7B77041CCF4E87F29","num_area":"11.940200000000000000000000000000","ind_status":"AT","des_condic":"Aguardando analise"},"geometry":{"type":"Polygon","coordinates":[[[-42.1909,-21.2099],[-42.1913,-21.2159],[-42.191,-21.21],[-42.1909,-21.2099]]]}},{"type":"Feature","properties":{"cod_imovel":"RJ-3302304-04970DEF7A8C4386833412100AA0AFCC","num_area":"14.727400000000000000000000000000","ind_status":"AT","des_condic":"Aguardando analise"},"geometry":{"type":"Polygon","coordinates":[[[-42.1827,-21.205],[-42.182,-21.2014],[-42.1781,-21.2035],[-42.1819,-21.2054],[-42.1827,-21.205]]]}},{"type":"Feature","properties":{"cod_imovel":"RJ-3302304-721CEF419D06467A8BFA1DB526942F1B","num_area":"34.001300000000000000000000000000","ind_status":"AT","des_condic":"Aguardando analise"},"geometry":{"type":"Polygon","coordinates":[[[-42.0662,-21.2123],[-42.0697,-21.2072],[-42.0663,-21.2038],[-42.0633,-21.2141],[-42.0662,-21.2123]]]}},{"type":"Feature","properties":{"cod_imovel":"RJ-3302304-01C97B06C972413BB9D129D7329A9254","num_area":"43.586400000000000000000000000000","ind_status":"AT","des_condic":"Aguardando analise"},"geometry":{"type":"Polygon","coordinates":[[[-42.1859,-21.1763],[-42.1764,-21.1807],[-42.1829,-21.1837],[-42.1864,-21.1769],[-42.1859,-21.1763]]]}},{"type":"Feature","properties":{"cod_imovel":"RJ-3302304-1F568C6FB8B544958069684DCF512231","num_area":"29.668400000000000000000000000000","ind_status":"AT","des_condic":"Aguardando analise"},"geometry":{"type":"Polygon","coordinates":[[[-42.1797,-21.185],[-42.1826,-21.1831],[-42.1772,-21.1805],[-42.1775,-21.1856],[-42.1797,-21.185]]]}},{"type":"Feature","properties":{"cod_imovel":"RJ-3302304-2AE446CDF06347D9B43D1F729907CCFD","num_area":"87.845400000000000000000000000000","ind_status":"AT","des_condic":"Aguardando analise"},"geometry":{"type":"Polygon","coordinates":[[[-42.1257,-21.1701],[-42.1335,-21.1742],[-42.136,-21.1665],[-42.1221,-21.168],[-42.1227,-21.1721],[-42.1255,-21.1699],[-42.1257,-21.1701]]]}},{"type":"Feature","properties":{"cod_imovel":"RJ-3302304-B26FAF9BC95F456FBFD3228E19D1B656","num_area":"125.60570000000000000000000000000","ind_status":"AT","des_condic":"Aguardando analise"},"geometry":{"type":"Polygon","coordinates":[[[-42.1467,-21.2613],[-42.1454,-21.2704],[-42.1508,-21.2746],[-42.1467,-21.2788],[-42.1406,-21.276],[-42.1414,-21.2802],[-42.1507,-21.2788],[-42.1487,-21.2635],[-42.1467,-21.2613]],[[-42.1449,-21.2667],[-42.1446,-21.2719],[-42.1449,-21.2667],[-42.1449,-21.2667]],[[-42.1438,-21.2705],[-42.1415,-21.2736],[-42.1439,-21.2718],[-42.1438,-21.2705]],[[-42.144,-21.2738],[-42.1411,-21.2752],[-42.1456,-21.2713],[-42.144,-21.2738]]]}},{"type":"Feature","properties":{"cod_imovel":"RJ-3302304-1DD199A2509C43BD97C8E4DE1CEFB154","num_area":"31.741800000000000000000000000000","ind_status":"AT","des_condic":"Aguardando analise"},"geometry":{"type":"Polygon","coordinates":[[[-42.119,-21.2617],[-42.1157,-21.2641],[-42.1176,-21.2667],[-42.1185,-21.262],[-42.1205,-21.2709],[-42.1197,-21.2622],[-42.119,-21.2617]]]}},{"type":"Feature","properties":{"cod_imovel":"RJ-3302304-9D779A0EC40B461C80C832F216A20665","num_area":"90.094500000000000000000000000000","ind_status":"AT","des_condic":"Aguardando analise"},"geometry":{"type":"Polygon","coordinates":[[[-42.0913,-21.27],[-42.0997,-21.2679],[-42.0948,-21.2581],[-42.0888,-21.2615],[-42.0913,-21.2697],[-42.0913,-21.27]]]}},{"type":"Feature","properties":{"cod_imovel":"RJ-3302304-D3093CAF21D44071AF0E697FD602A460","num_area":"7.4260000000000000000000000000000","ind_status":"AT","des_condic":"Aguardando analise"},"geometry":{"type":"Polygon","coordinates":[[[-42.1624,-21.2067],[-42.1601,-21.2093],[-42.1622,-21.207],[-42.1624,-21.2067]],[[-42.1625,-21.2065],[-42.1596,-21.2097],[-42.1624,-21.2067],[-42.1625,-21.2065]]]}},{"type":"Feature","properties":{"cod_imovel":"RJ-3302304-62EADB92465043EEAB7396143F4E0CE3","num_area":"11.744300000000000000000000000000","ind_status":"AT","des_condic":"Aguardando analise"},"geometry":{"type":"Polygon","coordinates":[[[-42.1045,-21.2614],[-42.104,-21.2581],[-42.1035,-21.2612],[-42.1045,-21.2614]]]}},{"type":"Feature","properties":{"cod_imovel":"RJ-3302304-5F548AF6CF044544B3032B0D4CE64156","num_area":"11.260700000000000000000000000000","ind_status":"AT","des_condic":"Aguardando analise"},"geometry":{"type":"Polygon","coordinates":[[[-42.1738,-21.2254],[-42.1779,-21.2251],[-42.1738,-21.2253],[-42.1738,-21.2254]]]}},{"type":"Feature","properties":{"cod_imovel":"RJ-3302304-33BD76DC7AE0480BB709E6B9753B5844","num_area":"157.36000000000000000000000000000","ind_status":"AT","des_condic":"Aguardando analise"},"geometry":{"type":"Polygon","coordinates":[[[-42.105,-21.3066],[-42.1012,-21.3021],[-42.1014,-21.3064],[-42.0974,-21.3034],[-42.0964,-21.3082],[-42.0927,-21.3056],[-42.0867,-21.3099],[-42.1009,-21.3172],[-42.1054,-21.3073],[-42.105,-21.3066]]]}},{"type":"Feature","properties":{"cod_imovel":"RJ-3302304-2CA82B0E3B404769A49B46E9827A78AB","num_area":"16.622400000000000000000000000000","ind_status":"AT","des_condic":"Aguardando analise"},"geometry":{"type":"Polygon","coordinates":[[[-42.1298,-21.2378],[-42.1291,-21.2414],[-42.1351,-21.2398],[-42.1303,-21.2381],[-42.1298,-21.2378]]]}},{"type":"Feature","properties":{"cod_imovel":"RJ-3302304-4C08F5F933B0484294A294462398663C","num_area":"31.975700000000000000000000000000","ind_status":"AT","des_condic":"Aguardando analise"},"geometry":{"type":"Polygon","coordinates":[[[-42.0772,-21.2669],[-42.0744,-21.2722],[-42.0787,-21.2746],[-42.0782,-21.267],[-42.0772,-21.2669]]]}},{"type":"Feature","properties":{"cod_imovel":"RJ-3302304-D7E05864763749159475C2B3395F0080","num_area":"79.996200000000000000000000000000","ind_status":"AT","des_condic":"Aguardando analise"},"geometry":{"type":"Polygon","coordinates":[[[-42.2117,-21.2887],[-42.2095,-21.2791],[-42.2067,-21.2868],[-42.2035,-21.2873],[-42.2087,-21.2795],[-42.1982,-21.2897],[-42.2112,-21.2892],[-42.2117,-21.2887]],[[-42.209,-21.2902],[-42.2109,-21.2854],[-42.2077,-21.2902],[-42.209,-21.2902]]]}},{"type":"Feature","properties":{"cod_imovel":"RJ-3302304-ED6E5D103B1B4EABB347D507EA602C2E","num_area":"13.945200000000000000000000000000","ind_status":"AT","des_condic":"Aguardando analise"},"geometry":{"type":"Polygon","coordinates":[[[-42.118,-21.2124],[-42.1232,-21.2165],[-42.1178,-21.2122],[-42.118,-21.2124]]]}},{"type":"Feature","properties":{"cod_imovel":"RJ-3302304-6FFA068A8B7544088722452EEB7B7E7B","num_area":"40.720000000000000000000000000000","ind_status":"AT","des_condic":"Aguardando analise"},"geometry":{"type":"Polygon","coordinates":[[[-42.1072,-21.2611],[-42.1113,-21.2591],[-42.1032,-21.252],[-42.1072,-21.2607],[-42.1072,-21.2611]]]}},{"type":"Feature","properties":{"cod_imovel":"RJ-3302304-93A5234B90EE4CB79944297CDB4B66CD","num_area":"15.905100000000000000000000000000","ind_status":"AT","des_condic":"Aguardando analise"},"geometry":{"type":"Polygon","coordinates":[[[-42.0837,-21.1869],[-42.0806,-21.1938],[-42.0838,-21.187],[-42.0837,-21.1869]]]}},{"type":"Feature","properties":{"cod_imovel":"RJ-3302304-BE6316472E9D43359EB4FFC6DA544C24","num_area":"55.932000000000000000000000000000","ind_status":"AT","des_condic":"Aguardando analise"},"geometry":{"type":"Polygon","coordinates":[[[-42.0541,-21.2419],[-42.0562,-21.2529],[-42.0606,-21.241],[-42.0518,-21.2362],[-42.0536,-21.2404],[-42.0541,-21.2419]],[[-42.0571,-21.2369],[-42.0537,-21.2355],[-42.0569,-21.2367],[-42.0571,-21.2369]]]}},{"type":"Feature","properties":{"cod_imovel":"RJ-3302304-D7D38E23BE2347B395543F1431DC3DC8","num_area":"8.3984000000000000000000000000000","ind_status":"AT","des_condic":"Aguardando analise"},"geometry":{"type":"Polygon","coordinates":[[[-42.104,-21.2863],[-42.1066,-21.2894],[-42.1039,-21.2866],[-42.104,-21.2863]]]}},{"type":"Feature","properties":{"cod_imovel":"RJ-3302304-2D10524DBCD44676A413A6B50894ABCE","num_area":"48.482600000000000000000000000000","ind_status":"AT","des_condic":"Aguardando analise"},"geometry":{"type":"Polygon","coordinates":[[[-42.1248,-21.3195],[-42.1207,-21.3204],[-42.126,-21.3254],[-42.1303,-21.3193],[-42.1261,-21.3195],[-42.1248,-21.3195]]]}},{"type":"Feature","properties":{"cod_imovel":"RJ-3302304-7DCB212CC61D4BA7A3BBAEC3BB067358","num_area":"22.445900000000000000000000000000","ind_status":"AT","des_condic":"Aguardando analise"},"geometry":{"type":"Polygon","coordinates":[[[-42.1038,-21.2484],[-42.1074,-21.2547],[-42.1042,-21.2483],[-42.1038,-21.2484]]]}},{"type":"Feature","properties":{"cod_imovel":"RJ-3302304-3566BD94DC574F5690B329E61595365F","num_area":"10.294700000000000000000000000000","ind_status":"AT","des_condic":"Aguardando analise"},"geometry":{"type":"Polygon","coordinates":[[[-42.1156,-21.2601],[-42.1111,-21.2619],[-42.1154,-21.2604],[-42.1156,-21.2601]]]}},{"type":"Feature","properties":{"cod_imovel":"RJ-3302304-B5FC89CA92554F348F47297826903141","num_area":"27.204000000000000000000000000000","ind_status":"AT","des_condic":"Aguardando analise"},"geometry":{"type":"Polygon","coordinates":[[[-42.2142,-21.2744],[-42.2106,-21.2818],[-42.2254,-21.2792],[-42.2189,-21.272],[-42.2253,-21.2792],[-42.2141,-21.2779],[-42.2139,-21.2733],[-42.2142,-21.2744]]]}},{"type":"Feature","properties":{"cod_imovel":"RJ-3302304-21550038AC944AAEBDE9FE3C8D06B7D2","num_area":"26.000700000000000000000000000000","ind_status":"AT","des_condic":"Aguardando analise"},"geometry":{"type":"Polygon","coordinates":[[[-42.2043,-21.264],[-42.2052,-21.2707],[-42.2047,-21.2646],[-42.2043,-21.264]],[[-42.2072,-21.2676],[-42.2045,-21.2742],[-42.2073,-21.2676],[-42.2072,-21.2676]],[[-42.2068,-21.2735],[-42.2097,-21.2686],[-42.2068,-21.2735],[-42.2068,-21.2735]]]}},{"type":"Feature","properties":{"cod_imovel":"RJ-3302304-B1860C67ED9641FBB71F63C4173F79D8","num_area":"5.5541000000000000000000000000000","ind_status":"AT","des_condic":"Aguardando analise"},"geometry":{"type":"Polygon","coordinates":[[[-42.1676,-21.2336],[-42.1692,-21.2281],[-42.1672,-21.2335],[-42.1676,-21.2336]]]}},{"type":"Feature","properties":{"cod_imovel":"RJ-3302304-418F3BBE6F0E4DFA9E466572E9449B31","num_area":"38.696400000000000000000000000000","ind_status":"AT","des_condic":"Aguardando analise"},"geometry":{"type":"Polygon","coordinates":[[[-42.1218,-21.2492],[-42.1267,-21.252],[-42.1284,-21.2478],[-42.1263,-21.244],[-42.1226,-21.2477],[-42.1218,-21.2492]]]}},{"type":"Feature","properties":{"cod_imovel":"RJ-3302304-A224B14645554A3182661A77D67258AB","num_area":"31.253800000000000000000000000000","ind_status":"AT","des_condic":"Aguardando analise"},"geometry":{"type":"Polygon","coordinates":[[[-42.1388,-21.2344],[-42.1408,-21.2309],[-42.1378,-21.2339],[-42.14,-21.2304],[-42.1348,-21.227],[-42.1317,-21.2313],[-42.1379,-21.2352],[-42.1388,-21.2344]],[[-42.1353,-21.231],[-42.1393,-21.23],[-42.1355,-21.2315],[-42.1353,-21.231]]]}},{"type":"Feature","properties":{"cod_imovel":"RJ-3302304-9DA32F545AE3495883CB6A5F5AEFF8BE","num_area":"29.623700000000000000000000000000","ind_status":"AT","des_condic":"Aguardando analise"},"geometry":{"type":"Polygon","coordinates":[[[-42.1551,-21.1959],[-42.1612,-21.2],[-42.1598,-21.1931],[-42.1557,-21.1962],[-42.1551,-21.1959]]]}},{"type":"Feature","properties":{"cod_imovel":"RJ-3302304-CF65AF8D543D4531BCBE9E0D159BCBE0","num_area":"5.4801000000000000000000000000000","ind_status":"AT","des_condic":"Aguardando analise"},"geometry":{"type":"Polygon","coordinates":[[[-42.1601,-21.2059],[-42.1623,-21.2037],[-42.1601,-21.2059],[-42.1601,-21.2059]]]}},{"type":"Feature","properties":{"cod_imovel":"RJ-3302304-29FAAFB2B9F24B8DB71BEDE2FF391984","num_area":"266.93840000000000000000000000000","ind_status":"AT","des_condic":"Aguardando analise"},"geometry":{"type":"Polygon","coordinates":[[[-42.1889,-21.1756],[-42.1957,-21.182],[-42.1913,-21.1903],[-42.1949,-21.1931],[-42.2032,-21.1738],[-42.1882,-21.1753],[-42.1889,-21.1756]],[[-42.197,-21.1969],[-42.198,-21.1916],[-42.1968,-21.1968],[-42.197,-21.1969]],[[-42.2002,-21.1868],[-42.2058,-21.1876],[-42.207,-21.1837],[-42.2033,-21.1738],[-42.199,-21.1776],[-42.2003,-21.1863],[-42.2002,-21.1868]]]}},{"type":"Feature","properties":{"cod_imovel":"RJ-3302304-7566820A5FFD4D149E79A5D46A88982E","num_area":"26.851500000000000000000000000000","ind_status":"AT","des_condic":"Aguardando analise"},"geometry":{"type":"Polygon","coordinates":[[[-42.1059,-21.2331],[-42.1023,-21.2317],[-42.1035,-21.2396],[-42.1071,-21.2387],[-42.1059,-21.2333],[-42.1059,-21.2331]]]}},{"type":"Feature","properties":{"cod_imovel":"RJ-3302304-0122EA26A9294684BBB08A5F83578D63","num_area":"8.8747000000000000000000000000000","ind_status":"AT","des_condic":"Aguardando analise"},"geometry":{"type":"Polygon","coordinates":[[[-42.1646,-21.3002],[-42.168,-21.2954],[-42.1635,-21.2963],[-42.1653,-21.2995],[-42.1646,-21.3002]]]}},{"type":"Feature","properties":{"cod_imovel":"RJ-3302304-F0A02345012F44B8A336842D733D1C46","num_area":"8.7300000000000000000000000000000","ind_status":"AT","des_condic":"Aguardando analise"},"geometry":{"type":"Polygon","coordinates":[[[-42.0763,-21.3222],[-42.0801,-21.3238],[-42.0764,-21.322],[-42.0763,-21.3222]]]}},{"type":"Feature","properties":{"cod_imovel":"RJ-3302304-191B97E80D37458EA78AD9A8CB1E710F","num_area":"6.7685000000000000000000000000000","ind_status":"AT","des_condic":"Aguardando analise"},"geometry":{"type":"Polygon","coordinates":[[[-42.1113,-21.2213],[-42.1089,-21.2237],[-42.1114,-21.2214],[-42.1113,-21.2213]]]}},{"type":"Feature","properties":{"cod_imovel":"RJ-3302304-50582B9C9CB14875BC6949F2C25D7300","num_area":"4.2040000000000000000000000000000","ind_status":"AT","des_condic":"Aguardando analise"},"geometry":{"type":"Polygon","coordinates":[[[-42.1203,-21.2383],[-42.1192,-21.2414],[-42.1203,-21.2384],[-42.1203,-21.2383]]]}},{"type":"Feature","properties":{"cod_imovel":"RJ-3302304-D677DD6F772D4C6198277FEE195C741A","num_area":"13.198500000000000000000000000000","ind_status":"AT","des_condic":"Aguardando analise"},"geometry":{"type":"Polygon","coordinates":[[[-42.0773,-21.2231],[-42.0791,-21.2264],[-42.0773,-21.2231],[-42.0773,-21.2231]],[[-42.0777,-21.2263],[-42.0763,-21.2293],[-42.0781,-21.2261],[-42.0777,-21.2263]]]}},{"type":"Feature","properties":{"cod_imovel":"RJ-3302304-DE1DE2669A1B4CF78E8BAEBBF95B4928","num_area":"8.5702000000000000000000000000000","ind_status":"AT","des_condic":"Aguardando analise"},"geometry":{"type":"Polygon","coordinates":[[[-42.0814,-21.2297],[-42.0799,-21.2247],[-42.0814,-21.2297],[-42.0814,-21.2297]],[[-42.0813,-21.2297],[-42.0791,-21.2264],[-42.0813,-21.2297],[-42.0813,-21.2297]]]}},{"type":"Feature","properties":{"cod_imovel":"RJ-3302304-6DCBF63F747E4F2A993465617087A12A","num_area":"71.874000000000000000000000000000","ind_status":"AT","des_condic":"Aguardando analise"},"geometry":{"type":"Polygon","coordinates":[[[-42.0992,-21.2244],[-42.1007,-21.2284],[-42.1129,-21.2246],[-42.0993,-21.2244],[-42.0992,-21.2244]],[[-42.1001,-21.2284],[-42.1036,-21.2308],[-42.1066,-21.2266],[-42.1001,-21.2283],[-42.1001,-21.2284]],[[-42.1029,-21.2233],[-42.0953,-21.2247],[-42.1028,-21.2233],[-42.1029,-21.2233]]]}},{"type":"Feature","properties":{"cod_imovel":"RJ-3302304-D2C58C32753F4C1DAAB9A988E7841849","num_area":"234.09600000000000000000000000000","ind_status":"AT","des_condic":"Aguardando analise"},"geometry":{"type":"Polygon","coordinates":[[[-42.192,-21.2602],[-42.1889,-21.2606],[-42.192,-21.2603],[-42.192,-21.2602]],[[-42.1783,-21.2793],[-42.1832,-21.2783],[-42.1784,-21.279],[-42.1783,-21.2793]],[[-42.19,-21.2648],[-42.1934,-21.2605],[-42.1875,-21.2628],[-42.1899,-21.2649],[-42.19,-21.2648]],[[-42.1875,-21.2627],[-42.1908,-21.2617],[-42.1876,-21.2625],[-42.1875,-21.2627]],[[-42.1694,-21.2641],[-42.169,-21.2679],[-42.1754,-21.2633],[-42.1701,-21.2605],[-42.1694,-21.264],[-42.1694,-21.2641]],[[-42.17,-21.272],[-42.1762,-21.2734],[-42.1699,-21.2682],[-42.1697,-21.2715],[-42.17,-21.272]],[[-42.1872,-21.2646],[-42.1853,-21.2546],[-42.1863,-21.2647],[-42.1872,-21.2646]],[[-42.1906,-21.2742],[-42.1868,-21.2711],[-42.19,-21.2654],[-42.1827,-21.2659],[-42.1902,-21.2742],[-42.1906,-21.2742]],[[-42.173,-21.2672],[-42.1815,-21.275],[-42.1781,-21.2779],[-42.1897,-21.2757],[-42.1857,-21.2726],[-42.1837,-21.2759],[-42.1827,-21.2697],[-42.1802,-21.272],[-42.182,-21.2663],[-42.1787,-21.2708],[-42.1735,-21.2669],[-42.173,-21.2672]]]}},{"type":"Feature","properties":{"cod_imovel":"RJ-3302304-8B619B73A1B14CD082A8165B5AE0E665","num_area":"32.323000000000000000000000000000","ind_status":"AT","des_condic":"Aguardando analise"},"geometry":{"type":"Polygon","coordinates":[[[-42.1629,-21.1928],[-42.1671,-21.1847],[-42.1628,-21.1928],[-42.1629,-21.1928]],[[-42.1653,-21.1898],[-42.1686,-21.1872],[-42.1654,-21.1899],[-42.1653,-21.1898]],[[-42.1688,-21.1872],[-42.1677,-21.1843],[-42.1687,-21.1872],[-42.1688,-21.1872]]]}},{"type":"Feature","properties":{"cod_imovel":"RJ-3302304-C0E347A6E5BB48039BEA98F8396787AA","num_area":"46.502700000000000000000000000000","ind_status":"AT","des_condic":"Analisado, em conformidade com a Lei n 12.651/2012"},"geometry":{"type":"Polygon","coordinates":[[[-42.1422,-21.2511],[-42.1426,-21.2566],[-42.1477,-21.2514],[-42.1427,-21.2504],[-42.1422,-21.2511]],[[-42.1398,-21.255],[-42.1371,-21.2651],[-42.1399,-21.2551],[-42.1398,-21.255]]]}},{"type":"Feature","properties":{"cod_imovel":"RJ-3302304-D06867E6C89A44FAACEB9783AF199204","num_area":"2.8703000000000000000000000000000","ind_status":"AT","des_condic":"Aguardando analise"},"geometry":{"type":"Polygon","coordinates":[[[-42.0853,-21.22],[-42.0849,-21.2169],[-42.0853,-21.2199],[-42.0853,-21.22]]]}},{"type":"Feature","properties":{"cod_imovel":"RJ-3302304-ECD1948AAFD348B9BDAE5B50FA499BE0","num_area":"65.352900000000000000000000000000","ind_status":"AT","des_condic":"Aguardando analise"},"geometry":{"type":"Polygon","coordinates":[[[-42.2132,-21.3099],[-42.2231,-21.3211],[-42.2241,-21.3151],[-42.2133,-21.3097],[-42.2132,-21.3099]],[[-42.2134,-21.3095],[-42.2202,-21.3071],[-42.2132,-21.3097],[-42.2134,-21.3095]]]}},{"type":"Feature","properties":{"cod_imovel":"RJ-3302304-D9410F06F6EF433E902732976BD8671F","num_area":"58.917300000000000000000000000000","ind_status":"CA","des_condic":"Cancelado por decisao administrativa"},"geometry":{"type":"Polygon","coordinates":[[[-42.1587,-21.2979],[-42.1565,-21.2933],[-42.147,-21.2989],[-42.1545,-21.301],[-42.1518,-21.2982],[-42.1551,-21.2979],[-42.1557,-21.3018],[-42.1548,-21.2973],[-42.1586,-21.298],[-42.1587,-21.2979]],[[-42.1571,-21.2961],[-42.153,-21.2949],[-42.1572,-21.2961],[-42.1571,-21.2961]]]}},{"type":"Feature","properties":{"cod_imovel":"RJ-3302304-E3F85FE8B7A248E7A69D740047D7759F","num_area":"21.106800000000000000000000000000","ind_status":"AT","des_condic":"Aguardando analise"},"geometry":{"type":"Polygon","coordinates":[[[-42.2196,-21.3074],[-42.2133,-21.3097],[-42.2206,-21.3133],[-42.2197,-21.3075],[-42.2196,-21.3074]]]}},{"type":"Feature","properties":{"cod_imovel":"RJ-3302304-B825862F75E8424F8ABC83A3D2127FC2","num_area":"15.213500000000000000000000000000","ind_status":"AT","des_condic":"Aguardando analise"},"geometry":{"type":"Polygon","coordinates":[[[-42.087,-21.2263],[-42.0822,-21.23],[-42.0868,-21.2265],[-42.087,-21.2263]]]}},{"type":"Feature","properties":{"cod_imovel":"RJ-3302304-A583C8C66BA34A729D69FF725858072E","num_area":"27.804500000000000000000000000000","ind_status":"AT","des_condic":"Aguardando analise"},"geometry":{"type":"Polygon","coordinates":[[[-42.1969,-21.197],[-42.1901,-21.197],[-42.1952,-21.2012],[-42.1968,-21.1972],[-42.1969,-21.197]]]}},{"type":"Feature","properties":{"cod_imovel":"RJ-3302304-2B9CA0C8D5A946379716E65998093653","num_area":"13.194700000000000000000000000000","ind_status":"AT","des_condic":"Aguardando analise"},"geometry":{"type":"Polygon","coordinates":[[[-42.0594,-21.2398],[-42.056,-21.2334],[-42.0592,-21.2394],[-42.0594,-21.2398]]]}},{"type":"Feature","properties":{"cod_imovel":"RJ-3302304-CBFF8EBD483849D4881632EF595B2E46","num_area":"83.236500000000000000000000000000","ind_status":"AT","des_condic":"Aguardando analise"},"geometry":{"type":"Polygon","coordinates":[[[-42.1468,-21.2519],[-42.1509,-21.2578],[-42.1579,-21.2583],[-42.1468,-21.2519],[-42.1468,-21.2519]],[[-42.1601,-21.2595],[-42.1624,-21.2559],[-42.1545,-21.2557],[-42.1604,-21.2555],[-42.1603,-21.2592],[-42.1601,-21.2595]],[[-42.1623,-21.2529],[-42.1498,-21.2509],[-42.154,-21.2557],[-42.1623,-21.2527],[-42.1623,-21.2529]]]}},{"type":"Feature","properties":{"cod_imovel":"RJ-3302304-597AFF08538E4C5381F23218F066E389","num_area":"28.030400000000000000000000000000","ind_status":"AT","des_condic":"Aguardando analise"},"geometry":{"type":"Polygon","coordinates":[[[-42.05,-21.2034],[-42.0486,-21.2082],[-42.0529,-21.2055],[-42.0503,-21.2037],[-42.05,-21.2034]],[[-42.0529,-21.2055],[-42.0512,-21.1992],[-42.0529,-21.2055],[-42.0529,-21.2055]]]}},{"type":"Feature","properties":{"cod_imovel":"RJ-3302304-9B2AB804C82849ED94C65617D054CFA1","num_area":"10.382800000000000000000000000000","ind_status":"CA","des_condic":"Cancelado por decisao administrativa"},"geometry":{"type":"Polygon","coordinates":[[[-42.1394,-21.2621],[-42.1384,-21.2585],[-42.1395,-21.2622],[-42.1394,-21.2621]]]}},{"type":"Feature","properties":{"cod_imovel":"RJ-3302304-81EC78DFF63A48E88C264CE9314CF16B","num_area":"87.310700000000000000000000000000","ind_status":"AT","des_condic":"Aguardando analise"},"geometry":{"type":"Polygon","coordinates":[[[-42.1754,-21.1954],[-42.1693,-21.186],[-42.1754,-21.1954],[-42.1754,-21.1954]],[[-42.1747,-21.1958],[-42.1688,-21.1872],[-42.1639,-21.1939],[-42.1695,-21.1992],[-42.1732,-21.196],[-42.1747,-21.1958]],[[-42.1701,-21.1925],[-42.1683,-21.1954],[-42.1701,-21.1924],[-42.1701,-21.1925]]]}},{"type":"Feature","properties":{"cod_imovel":"RJ-3302304-0236DEF4296341EE9233E1EFDBD921CE","num_area":"49.311400000000000000000000000000","ind_status":"AT","des_condic":"Aguardando analise"},"geometry":{"type":"Polygon","coordinates":[[[-42.1476,-21.2143],[-42.1459,-21.2065],[-42.1383,-21.2153],[-42.1476,-21.2144],[-42.1476,-21.2143]],[[-42.1476,-21.214],[-42.1467,-21.2061],[-42.1476,-21.2139],[-42.1476,-21.214]]]}},{"type":"Feature","properties":{"cod_imovel":"RJ-3302304-0B8B1DB2EAD94C00AC2BF8895BAAE9E9","num_area":"15.325100000000000000000000000000","ind_status":"AT","des_condic":"Aguardando analise"},"geometry":{"type":"Polygon","coordinates":[[[-42.1871,-21.2151],[-42.1907,-21.2099],[-42.1876,-21.2151],[-42.1871,-21.2151]]]}},{"type":"Feature","properties":{"cod_imovel":"RJ-3302304-0BFDEB8DE9EF4A78A53AF07727CA8A8E","num_area":"47.665100000000000000000000000000","ind_status":"AT","des_condic":"Aguardando analise"},"geometry":{"type":"Polygon","coordinates":[[[-42.1621,-21.1734],[-42.1663,-21.1786],[-42.1696,-21.171],[-42.1645,-21.1673],[-42.1649,-21.1752],[-42.1687,-21.1752],[-42.1625,-21.1728],[-42.1621,-21.1734]]]}},{"type":"Feature","properties":{"cod_imovel":"RJ-3302304-14A4928168A243C192B725BBDD279629","num_area":"69.934900000000000000000000000000","ind_status":"AT","des_condic":"Aguardando analise"},"geometry":{"type":"Polygon","coordinates":[[[-42.1805,-21.2004],[-42.1753,-21.1954],[-42.1773,-21.2017],[-42.1803,-21.2003],[-42.1805,-21.2004]],[[-42.1805,-21.1998],[-42.1753,-21.1954],[-42.1804,-21.1996],[-42.1805,-21.1998]],[[-42.1769,-21.2036],[-42.1805,-21.2005],[-42.1769,-21.2036],[-42.1769,-21.2036]],[[-42.1768,-21.2037],[-42.1753,-21.1954],[-42.1698,-21.1993],[-42.1766,-21.2038],[-42.1768,-21.2037]]]}},{"type":"Feature","properties":{"cod_imovel":"RJ-3302304-15F8528467E9408EBB519AE1B2B0C6A1","num_area":"48.602900000000000000000000000000","ind_status":"AT","des_condic":"Aguardando analise"},"geometry":{"type":"Polygon","coordinates":[[[-42.16,-21.2376],[-42.1559,-21.2406],[-42.1597,-21.238],[-42.16,-21.2376]],[[-42.1565,-21.2413],[-42.1668,-21.2442],[-42.16,-21.2376],[-42.1566,-21.2411],[-42.1565,-21.2413]]]}},{"type":"Feature","properties":{"cod_imovel":"RJ-3302304-1799B78D8A764B7DADCFEB973D5B884F","num_area":"8.2197000000000000000000000000000","ind_status":"AT","des_condic":"Aguardando analise"},"geometry":{"type":"Polygon","coordinates":[[[-42.127,-21.2695],[-42.1297,-21.2718],[-42.1269,-21.2694],[-42.127,-21.2695]]]}},{"type":"Feature","properties":{"cod_imovel":"RJ-3302304-1E0EB0D5C8D04F3789736462D10668B3","num_area":"5.0485000000000000000000000000000","ind_status":"AT","des_condic":"Aguardando analise"},"geometry":{"type":"Polygon","coordinates":[[[-42.0934,-21.2199],[-42.0952,-21.2175],[-42.0934,-21.2199],[-42.0934,-21.2199]]]}},{"type":"Feature","properties":{"cod_imovel":"RJ-3302304-20F8601E767449E0878A942A6459ACF4","num_area":"37.554500000000000000000000000000","ind_status":"AT","des_condic":"Aguardando analise"},"geometry":{"type":"Polygon","coordinates":[[[-42.0962,-21.2096],[-42.0984,-21.2063],[-42.0926,-21.2053],[-42.0962,-21.2096],[-42.0962,-21.2096]],[[-42.0927,-21.2079],[-42.0884,-21.2132],[-42.0931,-21.2079],[-42.0927,-21.2079]]]}},{"type":"Feature","properties":{"cod_imovel":"RJ-3302304-2222EB54E74A471496BC75F95AC50891","num_area":"14.457200000000000000000000000000","ind_status":"AT","des_condic":"Aguardando analise"},"geometry":{"type":"Polygon","coordinates":[[[-42.073,-21.2231],[-42.0692,-21.2238],[-42.0731,-21.2232],[-42.073,-21.2231]]]}},{"type":"Feature","properties":{"cod_imovel":"RJ-3302304-23610726E6EE4ED98991EA02CC14E4ED","num_area":"40.045000000000000000000000000000","ind_status":"AT","des_condic":"Aguardando analise"},"geometry":{"type":"Polygon","coordinates":[[[-42.0901,-21.2726],[-42.0942,-21.2774],[-42.0903,-21.2723],[-42.0901,-21.2726]],[[-42.0934,-21.2779],[-42.0993,-21.2751],[-42.0936,-21.2778],[-42.0934,-21.2779]],[[-42.092,-21.2702],[-42.0969,-21.2704],[-42.0921,-21.2701],[-42.092,-21.2702]]]}},{"type":"Feature","properties":{"cod_imovel":"RJ-3302304-23D305B4EA6D41728E84BDD578303108","num_area":"110.55790000000000000000000000000","ind_status":"AT","des_condic":"Aguardando analise"},"geometry":{"type":"Polygon","coordinates":[[[-42.0988,-21.294],[-42.0942,-21.291],[-42.0797,-21.2995],[-42.0981,-21.2947],[-42.0988,-21.294]],[[-42.0939,-21.2981],[-42.0822,-21.3006],[-42.09,-21.3068],[-42.094,-21.2985],[-42.0939,-21.2981]],[[-42.0949,-21.2959],[-42.0882,-21.2975],[-42.0949,-21.2959],[-42.0949,-21.2959]]]}},{"type":"Feature","properties":{"cod_imovel":"RJ-3302304-28081A494EA54096A5D51FEF209C6077","num_area":"32.343600000000000000000000000000","ind_status":"AT","des_condic":"Aguardando analise"},"geometry":{"type":"Polygon","coordinates":[[[-42.0529,-21.2055],[-42.0492,-21.2094],[-42.0546,-21.2088],[-42.0532,-21.2056],[-42.0529,-21.2055]],[[-42.0546,-21.2088],[-42.0544,-21.2006],[-42.0546,-21.2088],[-42.0546,-21.2088]]]}},{"type":"Feature","properties":{"cod_imovel":"RJ-3302304-2A34247B52E7465B83CFE5F4117C7643","num_area":"7.4524000000000000000000000000000","ind_status":"AT","des_condic":"Aguardando analise"},"geometry":{"type":"Polygon","coordinates":[[[-42.0931,-21.3304],[-42.0976,-21.3315],[-42.0931,-21.3304],[-42.0931,-21.3304]]]}},{"type":"Feature","properties":{"cod_imovel":"RJ-3302304-2B5EB45CAE6944B9B9EA72BC43FF6BB5","num_area":"88.094700000000000000000000000000","ind_status":"AT","des_condic":"Aguardando analise"},"geometry":{"type":"Polygon","coordinates":[[[-42.1233,-21.2334],[-42.1275,-21.2306],[-42.1228,-21.2334],[-42.1233,-21.2334]],[[-42.1249,-21.2302],[-42.1336,-21.2273],[-42.1151,-21.2303],[-42.1245,-21.2299],[-42.1249,-21.2302]],[[-42.1198,-21.2356],[-42.1232,-21.2335],[-42.1157,-21.232],[-42.1195,-21.2354],[-42.1198,-21.2356]],[[-42.1211,-21.2325],[-42.1146,-21.2297],[-42.1211,-21.2327],[-42.1211,-21.2325]],[[-42.116,-21.2292],[-42.1111,-21.2309],[-42.1142,-21.233],[-42.1157,-21.2292],[-42.116,-21.2292]]]}},{"type":"Feature","properties":{"cod_imovel":"RJ-3302304-44A6F3FD2DE446CF86F676B29CB91846","num_area":"25.435300000000000000000000000000","ind_status":"AT","des_condic":"Aguardando analise"},"geometry":{"type":"Polygon","coordinates":[[[-42.1665,-21.2335],[-42.1686,-21.2367],[-42.1666,-21.2336],[-42.1665,-21.2335]],[[-42.1654,-21.2319],[-42.1692,-21.2283],[-42.1655,-21.2311],[-42.1654,-21.2319]]]}},{"type":"Feature","properties":{"cod_imovel":"RJ-3302304-33B5C6B56DDB4FABB89540077565475B","num_area":"10.487900000000000000000000000000","ind_status":"AT","des_condic":"Aguardando analise"},"geometry":{"type":"Polygon","coordinates":[[[-42.1962,-21.2097],[-42.1908,-21.2098],[-42.1961,-21.2094],[-42.1962,-21.2097]]]}},{"type":"Feature","properties":{"cod_imovel":"RJ-3302304-34EF1FFDDE7648B1AC90D598874E423A","num_area":"14.017700000000000000000000000000","ind_status":"AT","des_condic":"Aguardando analise"},"geometry":{"type":"Polygon","coordinates":[[[-42.0791,-21.3118],[-42.0829,-21.3146],[-42.0793,-21.3116],[-42.0791,-21.3118]],[[-42.0823,-21.3117],[-42.0806,-21.3086],[-42.0821,-21.3117],[-42.0823,-21.3117]]]}},{"type":"Feature","properties":{"cod_imovel":"RJ-3302304-4E54AE74752C4BCA8E63E7D38017B494","num_area":"7.0189000000000000000000000000000","ind_status":"AT","des_condic":"Aguardando analise"},"geometry":{"type":"Polygon","coordinates":[[[-42.0686,-21.236],[-42.0648,-21.2352],[-42.0685,-21.236],[-42.0686,-21.236]]]}},{"type":"Feature","properties":{"cod_imovel":"RJ-3302304-393A441EDAEB49A5BF3E421C6C72B1E0","num_area":"29.735300000000000000000000000000","ind_status":"AT","des_condic":"Aguardando analise"},"geometry":{"type":"Polygon","coordinates":[[[-42.0921,-21.2199],[-42.0951,-21.2161],[-42.0892,-21.2167],[-42.0921,-21.2199],[-42.0921,-21.2199]],[[-42.0921,-21.2197],[-42.0886,-21.2185],[-42.0921,-21.2197],[-42.0921,-21.2197]]]}},{"type":"Feature","properties":{"cod_imovel":"RJ-3302304-4644203B00F0404E9461AF8DFF8FD7D2","num_area":"258.35130000000000000000000000000","ind_status":"AT","des_condic":"Aguardando analise"},"geometry":{"type":"Polygon","coordinates":[[[-42.1468,-21.2963],[-42.1421,-21.2925],[-42.147,-21.2931],[-42.1472,-21.2865],[-42.1406,-21.2909],[-42.1467,-21.2965],[-42.1468,-21.2963]],[[-42.1501,-21.2891],[-42.1462,-21.2985],[-42.1549,-21.2938],[-42.1523,-21.2901],[-42.1501,-21.2891]],[[-42.1562,-21.289],[-42.1485,-21.2872],[-42.1562,-21.2898],[-42.1562,-21.289]],[[-42.1549,-21.2895],[-42.1518,-21.2888],[-42.1549,-21.2938],[-42.1594,-21.2921],[-42.1549,-21.2895],[-42.1549,-21.2895]],[[-42.1609,-21.2726],[-42.1584,-21.2769],[-42.1661,-21.2878],[-42.1612,-21.2721],[-42.1609,-21.2726]],[[-42.1731,-21.2738],[-42.1619,-21.2728],[-42.1628,-21.2767],[-42.1699,-21.2738],[-42.1628,-21.2767],[-42.1637,-21.2819],[-42.1732,-21.2741],[-42.1731,-21.2738]]]}},{"type":"Feature","properties":{"cod_imovel":"RJ-3302304-4B5D697D46454B7FAB72F73E12B083E8","num_area":"5.9382000000000000000000000000000","ind_status":"AT","des_condic":"Aguardando analise"},"geometry":{"type":"Polygon","coordinates":[[[-42.1195,-21.2371],[-42.1166,-21.2403],[-42.1195,-21.2372],[-42.1195,-21.2371]]]}},{"type":"Feature","properties":{"cod_imovel":"RJ-3302304-4B81ABEA731A40AD947DF94CBA33C6FF","num_area":"8.9204000000000000000000000000000","ind_status":"AT","des_condic":"Aguardando analise"},"geometry":{"type":"Polygon","coordinates":[[[-42.0929,-21.3302],[-42.0949,-21.335],[-42.0929,-21.3302],[-42.0929,-21.3302]],[[-42.0965,-21.3342],[-42.097,-21.3376],[-42.0968,-21.3339],[-42.0965,-21.3342]]]}},{"type":"Feature","properties":{"cod_imovel":"RJ-3302304-50846E0157E1416299EBF9A33179562F","num_area":"64.901800000000000000000000000000","ind_status":"AT","des_condic":"Aguardando analise"},"geometry":{"type":"Polygon","coordinates":[[[-42.1585,-21.2308],[-42.16,-21.2376],[-42.166,-21.2284],[-42.1585,-21.2308],[-42.1585,-21.2308]],[[-42.16,-21.2376],[-42.1676,-21.2368],[-42.1635,-21.2325],[-42.16,-21.2376],[-42.16,-21.2376]],[[-42.16,-21.2376],[-42.1653,-21.2383],[-42.1601,-21.2376],[-42.16,-21.2376]]]}},{"type":"Feature","properties":{"cod_imovel":"RJ-3302304-585BC847B4C548DBABFFB8C65B760E86","num_area":"29.138200000000000000000000000000","ind_status":"AT","des_condic":"Aguardando analise"},"geometry":{"type":"Polygon","coordinates":[[[-42.1706,-21.1862],[-42.1784,-21.1883],[-42.1724,-21.1856],[-42.1706,-21.1862]],[[-42.1752,-21.1891],[-42.1789,-21.1882],[-42.1752,-21.1891],[-42.1752,-21.1891]],[[-42.1757,-21.1908],[-42.1802,-21.1881],[-42.1721,-21.1885],[-42.175,-21.1912],[-42.1757,-21.1908]],[[-42.1751,-21.1891],[-42.1699,-21.1865],[-42.175,-21.1892],[-42.1751,-21.1891]]]}},{"type":"Feature","properties":{"cod_imovel":"RJ-3302304-5FB9D3AA05BE4F74A737A944C5E3B080","num_area":"154.83780000000000000000000000000","ind_status":"AT","des_condic":"Aguardando analise"},"geometry":{"type":"Polygon","coordinates":[[[-42.1636,-21.2691],[-42.1629,-21.2634],[-42.1558,-21.2705],[-42.1636,-21.2692],[-42.1636,-21.2691]],[[-42.168,-21.2684],[-42.1595,-21.2711],[-42.1679,-21.2684],[-42.168,-21.2684]],[[-42.1689,-21.2708],[-42.1615,-21.2719],[-42.1682,-21.2709],[-42.1689,-21.2708]],[[-42.1689,-21.2679],[-42.1678,-21.2594],[-42.1654,-21.2673],[-42.1688,-21.2679],[-42.1689,-21.2679]],[[-42.1798,-21.2513],[-42.1733,-21.2538],[-42.1767,-21.2494],[-42.1726,-21.2496],[-42.1694,-21.2619],[-42.1798,-21.2518],[-42.1798,-21.2513]]]}},{"type":"Feature","properties":{"cod_imovel":"RJ-3302304-5C6E7900F6C94725B3B729D02712F6F9","num_area":"32.044300000000000000000000000000","ind_status":"AT","des_condic":"Aguardando analise"},"geometry":{"type":"Polygon","coordinates":[[[-42.1643,-21.1791],[-42.1606,-21.1795],[-42.1643,-21.1796],[-42.1643,-21.1791]],[[-42.1614,-21.1805],[-42.1645,-21.1833],[-42.1614,-21.1807],[-42.1614,-21.1805]],[[-42.1601,-21.1824],[-42.1617,-21.187],[-42.1603,-21.1825],[-42.1601,-21.1824]]]}},{"type":"Feature","properties":{"cod_imovel":"RJ-3302304-61B382BCB0D746B49D86135CE4394DC0","num_area":"6.7330000000000000000000000000000","ind_status":"AT","des_condic":"Aguardando analise"},"geometry":{"type":"Polygon","coordinates":[[[-42.1943,-21.2095],[-42.1945,-21.2144],[-42.1974,-21.2118],[-42.1941,-21.2095],[-42.1943,-21.2095]]]}},{"type":"Feature","properties":{"cod_imovel":"RJ-3302304-6362A47C276343EE96E1DF904F8FEB94","num_area":"52.967800000000000000000000000000","ind_status":"AT","des_condic":"Aguardando analise"},"geometry":{"type":"Polygon","coordinates":[[[-42.1987,-21.2139],[-42.2015,-21.2099],[-42.1947,-21.2028],[-42.1896,-21.207],[-42.1981,-21.2078],[-42.1987,-21.214],[-42.1987,-21.2139]]]}},{"type":"Feature","properties":{"cod_imovel":"RJ-3302304-63ACDB5AB18A4043A05B2DFC196E8EB0","num_area":"43.260300000000000000000000000000","ind_status":"AT","des_condic":"Aguardando analise"},"geometry":{"type":"Polygon","coordinates":[[[-42.1073,-21.2376],[-42.1054,-21.2417],[-42.1078,-21.2384],[-42.1073,-21.2376]],[[-42.1053,-21.2418],[-42.1089,-21.2481],[-42.1093,-21.2413],[-42.1054,-21.2418],[-42.1053,-21.2418]],[[-42.1095,-21.2411],[-42.1124,-21.2378],[-42.1071,-21.2373],[-42.1094,-21.2408],[-42.1095,-21.2411]]]}},{"type":"Feature","properties":{"cod_imovel":"RJ-3302304-645762F3677F4F949BC6C74E7B738E3D","num_area":"25.957800000000000000000000000000","ind_status":"AT","des_condic":"Aguardando analise"},"geometry":{"type":"Polygon","coordinates":[[[-42.1909,-21.1857],[-42.1914,-21.1905],[-42.191,-21.1857],[-42.1909,-21.1857]],[[-42.1894,-21.1897],[-42.1926,-21.1932],[-42.1893,-21.19],[-42.1894,-21.1897]],[[-42.1925,-21.1835],[-42.1893,-21.1853],[-42.1925,-21.1839],[-42.1925,-21.1835]]]}},{"type":"Feature","properties":{"cod_imovel":"RJ-3302304-648BF4ED2F0942CA9A4718B3A60D6BD4","num_area":"6.1085000000000000000000000000000","ind_status":"AT","des_condic":"Aguardando analise"},"geometry":{"type":"Polygon","coordinates":[[[-42.1324,-21.2462],[-42.1363,-21.2477],[-42.1318,-21.2461],[-42.1324,-21.2462]]]}},{"type":"Feature","properties":{"cod_imovel":"RJ-3302304-65BD481B58FF446FBEACA3FAA5E24EF9","num_area":"14.072600000000000000000000000000","ind_status":"AT","des_condic":"Aguardando analise"},"geometry":{"type":"Polygon","coordinates":[[[-42.1849,-21.1839],[-42.1799,-21.191],[-42.1849,-21.1839],[-42.1849,-21.1839]]]}},{"type":"Feature","properties":{"cod_imovel":"RJ-3302304-662910768B1A4DD6AF1746DD1FE8693C","num_area":"30.666700000000000000000000000000","ind_status":"AT","des_condic":"Aguardando analise"},"geometry":{"type":"Polygon","coordinates":[[[-42.1617,-21.2122],[-42.1621,-21.2154],[-42.171,-21.2118],[-42.1621,-21.2117],[-42.1617,-21.2122]],[[-42.1671,-21.2147],[-42.1637,-21.2136],[-42.1674,-21.2146],[-42.1671,-21.2147]]]}},{"type":"Feature","properties":{"cod_imovel":"RJ-3302304-6694A13C37CA4A8D806AEFC6808A88B1","num_area":"36.167300000000000000000000000000","ind_status":"AT","des_condic":"Aguardando analise"},"geometry":{"type":"Polygon","coordinates":[[[-42.0853,-21.2682],[-42.0837,-21.263],[-42.0806,-21.2691],[-42.0852,-21.2681],[-42.0853,-21.2682]],[[-42.0811,-21.269],[-42.0847,-21.2682],[-42.0811,-21.269],[-42.0811,-21.269]],[[-42.0807,-21.2695],[-42.0816,-21.2737],[-42.0857,-21.2713],[-42.081,-21.2691],[-42.0807,-21.2695]]]}},{"type":"Feature","properties":{"cod_imovel":"RJ-3302304-6792B47F345D44C896234555A13854C3","num_area":"47.337400000000000000000000000000","ind_status":"AT","des_condic":"Aguardando analise"},"geometry":{"type":"Polygon","coordinates":[[[-42.1,-21.2196],[-42.0922,-21.22],[-42.0999,-21.2197],[-42.1,-21.2196]],[[-42.1005,-21.2199],[-42.0925,-21.2201],[-42.0979,-21.2232],[-42.1001,-21.22],[-42.1005,-21.2199]],[[-42.1019,-21.2192],[-42.0961,-21.2145],[-42.0943,-21.2198],[-42.1018,-21.2194],[-42.1019,-21.2192]],[[-42.1024,-21.2192],[-42.1017,-21.2162],[-42.1023,-21.2193],[-42.1024,-21.2192]]]}},{"type":"Feature","properties":{"cod_imovel":"RJ-3302304-6BD935BCB0BA41EC858B108C5DAE7B88","num_area":"12.392600000000000000000000000000","ind_status":"AT","des_condic":"Aguardando analise"},"geometry":{"type":"Polygon","coordinates":[[[-42.1424,-21.1963],[-42.1424,-21.2008],[-42.1424,-21.1967],[-42.1424,-21.1963]],[[-42.1435,-21.1991],[-42.1467,-21.1965],[-42.1427,-21.1998],[-42.1435,-21.1991]]]}},{"type":"Feature","properties":{"cod_imovel":"RJ-3302304-7040AE8B17DC4A418C2CF8589C1E9BAC","num_area":"33.104100000000000000000000000000","ind_status":"AT","des_condic":"Aguardando analise"},"geometry":{"type":"Polygon","coordinates":[[[-42.1495,-21.188],[-42.1547,-21.1906],[-42.1541,-21.1833],[-42.151,-21.1866],[-42.1541,-21.1832],[-42.1499,-21.1873],[-42.1495,-21.188]]]}},{"type":"Feature","properties":{"cod_imovel":"RJ-3302304-76E9169AE17A4BF0811076FC75C23221","num_area":"17.646600000000000000000000000000","ind_status":"AT","des_condic":"Aguardando analise"},"geometry":{"type":"Polygon","coordinates":[[[-42.1437,-21.2646],[-42.1394,-21.2614],[-42.1437,-21.2646],[-42.1437,-21.2646]],[[-42.1403,-21.2647],[-42.143,-21.2673],[-42.1403,-21.2647],[-42.1403,-21.2647]]]}},{"type":"Feature","properties":{"cod_imovel":"RJ-3302304-7A9608E1915644C6AACDE1593B8595EE","num_area":"96.608400000000000000000000000000","ind_status":"AT","des_condic":"Aguardando analise"},"geometry":{"type":"Polygon","coordinates":[[[-42.1884,-21.1697],[-42.1978,-21.1683],[-42.1904,-21.1704],[-42.2007,-21.1719],[-42.1942,-21.162],[-42.1885,-21.1697],[-42.1884,-21.1697]],[[-42.1942,-21.1619],[-42.1928,-21.1584],[-42.1877,-21.1619],[-42.1914,-21.1652],[-42.1881,-21.1695],[-42.1942,-21.1619],[-42.1942,-21.1619]]]}},{"type":"Feature","properties":{"cod_imovel":"RJ-3302304-7CB308ECF16C48F29657A469010625F8","num_area":"207.43040000000000000000000000000","ind_status":"AT","des_condic":"Aguardando analise"},"geometry":{"type":"Polygon","coordinates":[[[-42.1198,-21.3087],[-42.1274,-21.3012],[-42.1245,-21.3062],[-42.1189,-21.3058],[-42.1249,-21.3043],[-42.1253,-21.2981],[-42.1101,-21.304],[-42.1198,-21.3089],[-42.1198,-21.3087]],[[-42.1097,-21.3089],[-42.106,-21.3106],[-42.1134,-21.3192],[-42.1192,-21.3116],[-42.1102,-21.3088],[-42.1097,-21.3089]]]}},{"type":"Feature","properties":{"cod_imovel":"RJ-3302304-82400CF071354F21B368424EB5C51876","num_area":"9.3168000000000000000000000000000","ind_status":"AT","des_condic":"Aguardando analise"},"geometry":{"type":"Polygon","coordinates":[[[-42.187,-21.2087],[-42.1825,-21.2118],[-42.1872,-21.2086],[-42.187,-21.2087]]]}},{"type":"Feature","properties":{"cod_imovel":"RJ-3302304-878ED8BFC0E04EE2A76B9379F0C176FD","num_area":"74.512600000000000000000000000000","ind_status":"AT","des_condic":"Aguardando analise"},"geometry":{"type":"Polygon","coordinates":[[[-42.1397,-21.1675],[-42.1298,-21.1661],[-42.139,-21.1675],[-42.1397,-21.1675]],[[-42.1298,-21.1661],[-42.13,-21.176],[-42.1352,-21.1685],[-42.1397,-21.1691],[-42.1303,-21.1662],[-42.1298,-21.1661]]]}},{"type":"Feature","properties":{"cod_imovel":"RJ-3302304-93931B84B5DD481E920134EB87ACBDBB","num_area":"8.0761000000000000000000000000000","ind_status":"AT","des_condic":"Aguardando analise"},"geometry":{"type":"Polygon","coordinates":[[[-42.1703,-21.2297],[-42.1679,-21.2337],[-42.171,-21.2307],[-42.1703,-21.2297]]]}},{"type":"Feature","properties":{"cod_imovel":"RJ-3302304-962ABB9C63D04DC4BF61BDEC9A143C37","num_area":"62.124700000000000000000000000000","ind_status":"AT","des_condic":"Aguardando analise"},"geometry":{"type":"Polygon","coordinates":[[[-42.1311,-21.2571],[-42.1295,-21.2613],[-42.1386,-21.2598],[-42.1315,-21.2573],[-42.1311,-21.2571]],[[-42.1385,-21.2537],[-42.1341,-21.2533],[-42.1383,-21.254],[-42.1385,-21.2537]],[[-42.1347,-21.2545],[-42.1311,-21.2571],[-42.135,-21.2546],[-42.1347,-21.2545]],[[-42.1362,-21.2579],[-42.1388,-21.2553],[-42.1362,-21.2579],[-42.1362,-21.2579]]]}},{"type":"Feature","properties":{"cod_imovel":"RJ-3302304-965BA01A98424F1AA0B1A228EA4139AC","num_area":"126.72150000000000000000000000000","ind_status":"AT","des_condic":"Aguardando analise"},"geometry":{"type":"Polygon","coordinates":[[[-42.1544,-21.2425],[-42.1564,-21.2354],[-42.1489,-21.2411],[-42.1541,-21.243],[-42.1544,-21.2425]],[[-42.1566,-21.2353],[-42.1531,-21.2295],[-42.146,-21.2308],[-42.1485,-21.2411],[-42.1566,-21.2353],[-42.1566,-21.2353]],[[-42.1465,-21.2348],[-42.1481,-21.2412],[-42.1467,-21.2353],[-42.1465,-21.2348]],[[-42.1481,-21.2413],[-42.1513,-21.2456],[-42.1482,-21.2412],[-42.1481,-21.2413]],[[-42.1514,-21.2456],[-42.1551,-21.2419],[-42.1489,-21.2411],[-42.1514,-21.2455],[-42.1514,-21.2456]]]}},{"type":"Feature","properties":{"cod_imovel":"RJ-3302304-9AFE8866D7654E0888079191A24D3A97","num_area":"217.95840000000000000000000000000","ind_status":"AT","des_condic":"Aguardando analise"},"geometry":{"type":"Polygon","coordinates":[[[-42.0354,-21.2419],[-42.0326,-21.2456],[-42.0402,-21.2514],[-42.0479,-21.244],[-42.0381,-21.2437],[-42.0409,-21.2479],[-42.0354,-21.2419],[-42.0354,-21.2419]],[[-42.0479,-21.244],[-42.0385,-21.2435],[-42.0479,-21.2439],[-42.0479,-21.244]],[[-42.0482,-21.2433],[-42.0597,-21.2399],[-42.045,-21.2365],[-42.0366,-21.2414],[-42.0426,-21.244],[-42.0436,-21.2395],[-42.05,-21.24],[-42.0482,-21.2433],[-42.0482,-21.2433]]]}},{"type":"Feature","properties":{"cod_imovel":"RJ-3302304-A31A1CC38BF7470C846A38BD6B248B7D","num_area":"52.443300000000000000000000000000","ind_status":"AT","des_condic":"Aguardando analise"},"geometry":{"type":"Polygon","coordinates":[[[-42.0738,-21.2133],[-42.0691,-21.2148],[-42.0737,-21.2133],[-42.0738,-21.2133]],[[-42.0731,-21.2231],[-42.0733,-21.2142],[-42.0694,-21.2163],[-42.0729,-21.2225],[-42.0731,-21.2231]],[[-42.0721,-21.2213],[-42.0671,-21.2173],[-42.0693,-21.2219],[-42.0655,-21.2234],[-42.0724,-21.2216],[-42.0721,-21.2213]]]}},{"type":"Feature","properties":{"cod_imovel":"RJ-3302304-A572F97435454E43916568943238D7D9","num_area":"29.387200000000000000000000000000","ind_status":"AT","des_condic":"Aguardando analise"},"geometry":{"type":"Polygon","coordinates":[[[-42.1281,-21.1873],[-42.1199,-21.1985],[-42.1277,-21.2006],[-42.1213,-21.1968],[-42.1288,-21.1881],[-42.1281,-21.1873]]]}},{"type":"Feature","properties":{"cod_imovel":"RJ-3302304-A65BD113EA3A44C48FE7052194E3BC07","num_area":"13.095300000000000000000000000000","ind_status":"AT","des_condic":"Aguardando analise"},"geometry":{"type":"Polygon","coordinates":[[[-42.1529,-21.1814],[-42.1527,-21.1761],[-42.1529,-21.1811],[-42.1529,-21.1814]],[[-42.1521,-21.1766],[-42.1498,-21.1815],[-42.1523,-21.1768],[-42.1521,-21.1766]]]}},{"type":"Feature","properties":{"cod_imovel":"RJ-3302304-AFB9096E0BD74B37AE67B6030184E1E4","num_area":"12.325100000000000000000000000000","ind_status":"AT","des_condic":"Aguardando analise"},"geometry":{"type":"Polygon","coordinates":[[[-42.1342,-21.2453],[-42.1398,-21.2444],[-42.1343,-21.2452],[-42.1342,-21.2453]]]}},{"type":"Feature","properties":{"cod_imovel":"RJ-3302304-AC210039FD3E43D1AF7E4AF9ADF19A43","num_area":"69.492400000000000000000000000000","ind_status":"AT","des_condic":"Aguardando analise"},"geometry":{"type":"Polygon","coordinates":[[[-42.082,-21.3292],[-42.0894,-21.3269],[-42.0802,-21.3128],[-42.0817,-21.3183],[-42.0768,-21.3178],[-42.0847,-21.3266],[-42.082,-21.3292],[-42.082,-21.3292]]]}},{"type":"Feature","properties":{"cod_imovel":"RJ-3302304-BCF5630D89B844B5A49F0E8D107380EB","num_area":"3.8666000000000000000000000000000","ind_status":"AT","des_condic":"Aguardando analise"},"geometry":{"type":"Polygon","coordinates":[[[-42.0905,-21.332],[-42.0932,-21.3363],[-42.0911,-21.3321],[-42.0905,-21.332]]]}},{"type":"Feature","properties":{"cod_imovel":"RJ-3302304-B1C46D9434134B829118469DBE02127E","num_area":"133.62250000000000000000000000000","ind_status":"PE","des_condic":"Analisado, aguardando atendimento a notificacao"},"geometry":{"type":"Polygon","coordinates":[[[-42.198,-21.3092],[-42.1925,-21.3022],[-42.1934,-21.3122],[-42.1919,-21.3035],[-42.1954,-21.3031],[-42.1885,-21.298],[-42.1879,-21.3052],[-42.1885,-21.298],[-42.184,-21.2979],[-42.1872,-21.3053],[-42.1816,-21.3089],[-42.1859,-21.315],[-42.1876,-21.3089],[-42.1913,-21.3135],[-42.1986,-21.311],[-42.198,-21.3092]],[[-42.1914,-21.3055],[-42.1882,-21.3078],[-42.1897,-21.3005],[-42.19,-21.3054],[-42.1914,-21.3055]]]}},{"type":"Feature","properties":{"cod_imovel":"RJ-3302304-B6D686E29D074DA1A3A1A862302E85F1","num_area":"41.345300000000000000000000000000","ind_status":"AT","des_condic":"Aguardando analise"},"geometry":{"type":"Polygon","coordinates":[[[-42.1564,-21.2024],[-42.1601,-21.2016],[-42.1559,-21.2023],[-42.1564,-21.2024]],[[-42.1595,-21.2008],[-42.155,-21.1959],[-42.1497,-21.1995],[-42.1594,-21.2009],[-42.1595,-21.2008]],[[-42.1547,-21.2021],[-42.1545,-21.2071],[-42.1548,-21.2021],[-42.1547,-21.2021]]]}},{"type":"Feature","properties":{"cod_imovel":"RJ-3302304-B7AB935E3FFF45BE820C4B914324CAB3","num_area":"49.601500000000000000000000000000","ind_status":"AT","des_condic":"Aguardando analise"},"geometry":{"type":"Polygon","coordinates":[[[-42.1934,-21.2033],[-42.1938,-21.2],[-42.1833,-21.1987],[-42.1934,-21.2033],[-42.1934,-21.2033]]]}},{"type":"Feature","properties":{"cod_imovel":"RJ-3302304-D04486685AE14C409B387A80D426249D","num_area":"7.2193000000000000000000000000000","ind_status":"AT","des_condic":"Aguardando analise"},"geometry":{"type":"Polygon","coordinates":[[[-42.1681,-21.2027],[-42.1686,-21.1986],[-42.1679,-21.2026],[-42.1681,-21.2027]]]}},{"type":"Feature","properties":{"cod_imovel":"RJ-3302304-C172261145DF43CFA43FC4317554ADD7","num_area":"161.58850000000000000000000000000","ind_status":"AT","des_condic":"Aguardando analise"},"geometry":{"type":"Polygon","coordinates":[[[-42.1529,-21.1814],[-42.1435,-21.1793],[-42.1474,-21.1844],[-42.143,-21.1804],[-42.1411,-21.1881],[-42.1472,-21.1895],[-42.141,-21.1987],[-42.1449,-21.1912],[-42.1541,-21.1931],[-42.1495,-21.188],[-42.1457,-21.1913],[-42.1529,-21.1815],[-42.1529,-21.1814]],[[-42.1426,-21.192],[-42.1339,-21.1952],[-42.141,-21.1987],[-42.1424,-21.1922],[-42.1426,-21.192]]]}},{"type":"Feature","properties":{"cod_imovel":"RJ-3302304-D2D8265F838C442C9A4DD5BBD0D3C996","num_area":"32.455300000000000000000000000000","ind_status":"AT","des_condic":"Aguardando analise"},"geometry":{"type":"Polygon","coordinates":[[[-42.16,-21.1723],[-42.1529,-21.1736],[-42.1533,-21.1777],[-42.16,-21.1723],[-42.16,-21.1723]]]}},{"type":"Feature","properties":{"cod_imovel":"RJ-3302304-C58D708F6EED43BEAEA3A5169F339B67","num_area":"23.411600000000000000000000000000","ind_status":"AT","des_condic":"Aguardando analise"},"geometry":{"type":"Polygon","coordinates":[[[-42.0605,-21.2255],[-42.0637,-21.2223],[-42.0651,-21.227],[-42.0646,-21.2207],[-42.0605,-21.2251],[-42.0605,-21.2255]],[[-42.0598,-21.2235],[-42.0545,-21.2269],[-42.0598,-21.2235],[-42.0598,-21.2235]]]}},{"type":"Feature","properties":{"cod_imovel":"RJ-3302304-D29C4DD1C3B44605B5E67DBD9ACEB127","num_area":"2.9822000000000000000000000000000","ind_status":"AT","des_condic":"Aguardando analise"},"geometry":{"type":"Polygon","coordinates":[[[-42.1175,-21.2622],[-42.1168,-21.2659],[-42.1178,-21.2624],[-42.1175,-21.2622]]]}},{"type":"Feature","properties":{"cod_imovel":"RJ-3302304-D80085B33A7241EEBAB530D62EF8A668","num_area":"8.8978000000000000000000000000000","ind_status":"AT","des_condic":"Aguardando analise"},"geometry":{"type":"Polygon","coordinates":[[[-42.0919,-21.3314],[-42.096,-21.3375],[-42.0922,-21.3311],[-42.0919,-21.3314]]]}},{"type":"Feature","properties":{"cod_imovel":"RJ-3302304-CD1455126B07494DAD710867863E97F4","num_area":"16.547000000000000000000000000000","ind_status":"AT","des_condic":"Aguardando analise"},"geometry":{"type":"Polygon","coordinates":[[[-42.0778,-21.2262],[-42.0755,-21.2238],[-42.0773,-21.2265],[-42.0778,-21.2262]],[[-42.0745,-21.2267],[-42.075,-21.2303],[-42.0753,-21.2269],[-42.0745,-21.2267]]]}},{"type":"Feature","properties":{"cod_imovel":"RJ-3302304-D3C4CBF15FFE4F478499F53BC86963F4","num_area":"134.26680000000000000000000000000","ind_status":"AT","des_condic":"Aguardando analise"},"geometry":{"type":"Polygon","coordinates":[[[-42.1626,-21.3055],[-42.172,-21.3112],[-42.1712,-21.2959],[-42.1671,-21.2979],[-42.1711,-21.3025],[-42.1628,-21.3055],[-42.1626,-21.3055]],[[-42.1671,-21.298],[-42.1604,-21.3033],[-42.1656,-21.3061],[-42.1698,-21.3017],[-42.1673,-21.2991],[-42.1671,-21.298]]]}},{"type":"Feature","properties":{"cod_imovel":"RJ-3302304-DF5744927B654E2298B9F839DEA3B28C","num_area":"5.0424000000000000000000000000000","ind_status":"AT","des_condic":"Aguardando analise"},"geometry":{"type":"Polygon","coordinates":[[[-42.091,-21.2191],[-42.0906,-21.2155],[-42.09,-21.2191],[-42.091,-21.2191]]]}},{"type":"Feature","properties":{"cod_imovel":"RJ-3302304-E3FEAA20BF114674A27ABFE9504DF652","num_area":"1.8995000000000000000000000000000","ind_status":"PE","des_condic":"Analisado, aguardando atendimento a notificacao"},"geometry":{"type":"Polygon","coordinates":[[[-42.1072,-21.2139],[-42.1101,-21.2194],[-42.1078,-21.214],[-42.1072,-21.2139]]]}},{"type":"Feature","properties":{"cod_imovel":"RJ-3302304-E6B0877F6D9E4857A99288D8043915D0","num_area":"17.824400000000000000000000000000","ind_status":"AT","des_condic":"Aguardando analise"},"geometry":{"type":"Polygon","coordinates":[[[-42.0726,-21.3227],[-42.0773,-21.3208],[-42.0716,-21.319],[-42.0726,-21.3226],[-42.0726,-21.3227]]]}},{"type":"Feature","properties":{"cod_imovel":"RJ-3302304-EB8DB26767154967A876057062C40B44","num_area":"29.040700000000000000000000000000","ind_status":"CA","des_condic":"Cancelado por decisao administrativa"},"geometry":{"type":"Polygon","coordinates":[[[-42.1625,-21.3018],[-42.1568,-21.2993],[-42.1534,-21.3054],[-42.1594,-21.3023],[-42.1625,-21.3018]]]}},{"type":"Feature","properties":{"cod_imovel":"RJ-3302304-EFF00416CF174B558017D972F2E017BC","num_area":"35.189900000000000000000000000000","ind_status":"AT","des_condic":"Aguardando analise"},"geometry":{"type":"Polygon","coordinates":[[[-42.0853,-21.2684],[-42.0905,-21.2715],[-42.0859,-21.2686],[-42.0853,-21.2684]],[[-42.0906,-21.2715],[-42.0838,-21.2629],[-42.0903,-21.2714],[-42.0906,-21.2715]]]}},{"type":"Feature","properties":{"cod_imovel":"RJ-3302304-F081BB65617349BFBB2E6AE8238A060C","num_area":"9.1012000000000000000000000000000","ind_status":"AT","des_condic":"Aguardando analise"},"geometry":{"type":"Polygon","coordinates":[[[-42.1525,-21.1743],[-42.1486,-21.1793],[-42.1524,-21.1749],[-42.1525,-21.1743]]]}},{"type":"Feature","properties":{"cod_imovel":"RJ-3302304-F440EB25764E4AF99CFD3255424B5BE8","num_area":"137.24530000000000000000000000000","ind_status":"AT","des_condic":"Aguardando analise"},"geometry":{"type":"Polygon","coordinates":[[[-42.1478,-21.2831],[-42.1483,-21.2797],[-42.1413,-21.2818],[-42.139,-21.2905],[-42.1473,-21.2833],[-42.1478,-21.2831]],[[-42.1547,-21.2743],[-42.1463,-21.2851],[-42.1609,-21.2727],[-42.1547,-21.2741],[-42.1547,-21.2743]],[[-42.1609,-21.2727],[-42.155,-21.2735],[-42.1607,-21.2725],[-42.1609,-21.2727]]]}},{"type":"Feature","properties":{"cod_imovel":"RJ-3302304-F46C515EEA9C4D3A893B997B923335ED","num_area":"10.190900000000000000000000000000","ind_status":"AT","des_condic":"Aguardando analise"},"geometry":{"type":"Polygon","coordinates":[[[-42.1569,-21.1806],[-42.1537,-21.179],[-42.1569,-21.1805],[-42.1569,-21.1806]]]}},{"type":"Feature","properties":{"cod_imovel":"RJ-3302304-F8B1F1B243AF4200BCA2532D804B412B","num_area":"11.705100000000000000000000000000","ind_status":"AT","des_condic":"Aguardando analise"},"geometry":{"type":"Polygon","coordinates":[[[-42.0726,-21.2258],[-42.0688,-21.2251],[-42.0723,-21.2259],[-42.0726,-21.2258]],[[-42.0686,-21.2261],[-42.0729,-21.2286],[-42.0686,-21.2261],[-42.0686,-21.2261]]]}},{"type":"Feature","properties":{"cod_imovel":"RJ-3302304-FB0A58BA5EC9477194B472928D55B9A1","num_area":"11.631300000000000000000000000000","ind_status":"AT","des_condic":"Aguardando analise"},"geometry":{"type":"Polygon","coordinates":[[[-42.188,-21.2094],[-42.1839,-21.2127],[-42.188,-21.2095],[-42.188,-21.2094]]]}},{"type":"Feature","properties":{"cod_imovel":"RJ-3302304-FDA17D75BA2F46648D97D797B39AD26B","num_area":"96.213300000000000000000000000000","ind_status":"AT","des_condic":"Aguardando analise"},"geometry":{"type":"Polygon","coordinates":[[[-42.1208,-21.2574],[-42.1148,-21.2575],[-42.1162,-21.2611],[-42.1202,-21.2581],[-42.1208,-21.2574]],[[-42.125,-21.2669],[-42.1292,-21.2585],[-42.1208,-21.2574],[-42.1145,-21.2628],[-42.1222,-21.2624],[-42.1245,-21.2668],[-42.125,-21.2669]],[[-42.121,-21.2637],[-42.1217,-21.2693],[-42.125,-21.267],[-42.1215,-21.264],[-42.121,-21.2637]]]}},{"type":"Feature","properties":{"cod_imovel":"RJ-3302304-FEDCBB5FC21F42AAB144BCE4B13DAD82","num_area":"40.701000000000000000000000000000","ind_status":"AT","des_condic":"Aguardando analise"},"geometry":{"type":"Polygon","coordinates":[[[-42.1588,-21.2447],[-42.1715,-21.2521],[-42.158,-21.2445],[-42.1588,-21.2447]],[[-42.1552,-21.2418],[-42.1574,-21.2442],[-42.1554,-21.2419],[-42.1552,-21.2418]]]}}]}