{"type":"FeatureCollection","features":[{"type":"Feature","properties":{"cod_imovel":"RJ-3303906-222FFC0C47624297B134AAC79C17AD9F","num_area":"26.658800000000000000000000000000","ind_status":"AT","des_condic":"Aguardando analise"},"geometry":{"type":"Polygon","coordinates":[[[-43.3003,-22.3781],[-43.3025,-22.3818],[-43.3004,-22.3782],[-43.3003,-22.3781]],[[-43.3117,-22.3799],[-43.3052,-22.3777],[-43.3114,-22.3797],[-43.3117,-22.3799]],[[-43.3018,-22.3868],[-43.3,-22.3827],[-43.3017,-22.3868],[-43.3018,-22.3868]]]}},{"type":"Feature","properties":{"cod_imovel":"RJ-3303906-A61DFBCDA95D478CBA035148B2CD13B9","num_area":"50.317500000000000000000000000000","ind_status":"PE","des_condic":"Em analise"},"geometry":{"type":"Polygon","coordinates":[[[-43.1075,-22.2943],[-43.1014,-22.2974],[-43.1076,-22.2944],[-43.1075,-22.2943]],[[-43.1106,-22.2902],[-43.108,-22.2967],[-43.1135,-22.2967],[-43.1107,-22.2903],[-43.1106,-22.2902]],[[-43.1117,-22.2897],[-43.1078,-22.2887],[-43.1116,-22.2902],[-43.1117,-22.2897]]]}},{"type":"Feature","properties":{"cod_imovel":"RJ-3303906-B1F81537A62C444788C830D1FA468D22","num_area":"13.328400000000000000000000000000","ind_status":"AT","des_condic":"Aguardando analise"},"geometry":{"type":"Polygon","coordinates":[[[-43.2616,-22.3512],[-43.2633,-22.3458],[-43.2604,-22.3506],[-43.2616,-22.3512]]]}},{"type":"Feature","properties":{"cod_imovel":"RJ-3303906-9F3F82922F72457E9D43E0A7B2198FB8","num_area":"11.801400000000000000000000000000","ind_status":"AT","des_condic":"Aguardando analise"},"geometry":{"type":"Polygon","coordinates":[[[-43.0744,-22.3229],[-43.0721,-22.3262],[-43.0745,-22.3228],[-43.0744,-22.3229]],[[-43.0724,-22.3264],[-43.0701,-22.33],[-43.0722,-22.3263],[-43.0724,-22.3264]]]}},{"type":"Feature","properties":{"cod_imovel":"RJ-3303906-FEB199C57F6D4ECE9B9AAE41D3F8B94B","num_area":"2.8654000000000000000000000000000","ind_status":"CA","des_condic":"Cancelado por solicitacao do proprietario/possuidor"},"geometry":{"type":"Polygon","coordinates":[[[-43.1078,-22.2888],[-43.1139,-22.2909],[-43.1079,-22.2885],[-43.1078,-22.2888]]]}},{"type":"Feature","properties":{"cod_imovel":"RJ-3303906-C2DB488FDCC04DC8B2720CC84798DB5C","num_area":"233.90910000000000000000000000000","ind_status":"PE","des_condic":"Aguardando analise, apos revisao ou atendimento da notificacao"},"geometry":{"type":"Polygon","coordinates":[[[-43.173,-22.3653],[-43.1712,-22.3686],[-43.1731,-22.3654],[-43.173,-22.3653]],[[-43.1529,-22.3542],[-43.1582,-22.3449],[-43.1529,-22.3542],[-43.1529,-22.3542]],[[-43.1689,-22.3749],[-43.168,-22.3709],[-43.1687,-22.3747],[-43.1689,-22.3749]],[[-43.1534,-22.3623],[-43.1528,-22.3674],[-43.158,-22.3663],[-43.1589,-22.3614],[-43.1543,-22.3614],[-43.1566,-22.356],[-43.1536,-22.3615],[-43.1534,-22.3623]],[[-43.1757,-22.3751],[-43.1721,-22.3714],[-43.1717,-22.3763],[-43.1756,-22.3752],[-43.1757,-22.3751]],[[-43.1643,-22.344],[-43.1602,-22.3442],[-43.1685,-22.3489],[-43.1646,-22.344],[-43.1643,-22.344]],[[-43.1731,-22.3564],[-43.1717,-22.3507],[-43.1669,-22.3537],[-43.1597,-22.3443],[-43.1575,-22.3527],[-43.1656,-22.3606],[-43.1613,-22.3761],[-43.1657,-22.3777],[-43.1669,-22.3626],[-43.1695,-22.3661],[-43.1667,-22.3578],[-43.1722,-22.3643],[-43.1664,-22.3566],[-43.1729,-22.3565],[-43.1731,-22.3564]]]}},{"type":"Feature","properties":{"cod_imovel":"RJ-3303906-D4602193FAE54EB1A51039031D7D78C3","num_area":"60.356600000000000000000000000000","ind_status":"AT","des_condic":"Aguardando analise"},"geometry":{"type":"Polygon","coordinates":[[[-43.0596,-22.3996],[-43.0582,-22.4045],[-43.0639,-22.4017],[-43.0653,-22.4056],[-43.0679,-22.4011],[-43.0596,-22.3996]],[[-43.0567,-22.4137],[-43.0759,-22.4079],[-43.0721,-22.4058],[-43.0658,-22.4126],[-43.0571,-22.4136],[-43.0567,-22.4137]]]}},{"type":"Feature","properties":{"cod_imovel":"RJ-3303906-CFE7557097C64C10BBA5A3E14A562638","num_area":"3.1694000000000000000000000000000","ind_status":"AT","des_condic":"Aguardando analise"},"geometry":{"type":"Polygon","coordinates":[[[-43.1097,-22.3473],[-43.107,-22.3488],[-43.1098,-22.3475],[-43.1097,-22.3473]]]}},{"type":"Feature","properties":{"cod_imovel":"RJ-3303906-9DCF468B98534AEDB4BF6DAC5B657F2D","num_area":"11.412700000000000000000000000000","ind_status":"AT","des_condic":"Aguardando analise"},"geometry":{"type":"Polygon","coordinates":[[[-43.344,-22.4417],[-43.3437,-22.4378],[-43.3436,-22.4421],[-43.344,-22.4417]],[[-43.3449,-22.4407],[-43.3445,-22.437],[-43.3448,-22.4407],[-43.3449,-22.4407]],[[-43.3436,-22.4377],[-43.3409,-22.4415],[-43.3436,-22.4377],[-43.3436,-22.4377]]]}},{"type":"Feature","properties":{"cod_imovel":"RJ-3303906-A6CDE3F6EDE14D6F95DAB0D1243930EB","num_area":"9.9554000000000000000000000000000","ind_status":"AT","des_condic":"Aguardando analise"},"geometry":{"type":"Polygon","coordinates":[[[-43.0749,-22.3792],[-43.0652,-22.3791],[-43.0749,-22.3792],[-43.0749,-22.3792]]]}},{"type":"Feature","properties":{"cod_imovel":"RJ-3303906-DA1C570F8C4341B094B21A4B4A3F809C","num_area":"56.737300000000000000000000000000","ind_status":"AT","des_condic":"Aguardando analise"},"geometry":{"type":"Polygon","coordinates":[[[-43.2893,-22.3808],[-43.2867,-22.3776],[-43.2848,-22.3804],[-43.2887,-22.381],[-43.2846,-22.3788],[-43.2766,-22.3843],[-43.2773,-22.3791],[-43.2757,-22.3846],[-43.2894,-22.3812],[-43.2893,-22.3808]]]}},{"type":"Feature","properties":{"cod_imovel":"RJ-3303906-23C357F47059412FACCCF85575C7B31C","num_area":"3.0767000000000000000000000000000","ind_status":"AT","des_condic":"Aguardando analise"},"geometry":{"type":"Polygon","coordinates":[[[-43.0304,-22.2794],[-43.0277,-22.2778],[-43.0303,-22.2795],[-43.0304,-22.2794]]]}},{"type":"Feature","properties":{"cod_imovel":"RJ-3303906-70AC9B8E82714A0586471897EA2A7A40","num_area":"5.4986000000000000000000000000000","ind_status":"AT","des_condic":"Aguardando analise"},"geometry":{"type":"Polygon","coordinates":[[[-43.0832,-22.4334],[-43.0809,-22.436],[-43.0834,-22.4336],[-43.0832,-22.4334]],[[-43.0954,-22.4298],[-43.0923,-22.4304],[-43.0953,-22.4299],[-43.0954,-22.4298]]]}},{"type":"Feature","properties":{"cod_imovel":"RJ-3303906-513A68D4E2214236832295718D882510","num_area":"20.240900000000000000000000000000","ind_status":"AT","des_condic":"Aguardando analise"},"geometry":{"type":"Polygon","coordinates":[[[-43.0513,-22.3732],[-43.0562,-22.3704],[-43.0507,-22.3729],[-43.0513,-22.3732]],[[-43.0581,-22.3793],[-43.0619,-22.3743],[-43.0581,-22.3793],[-43.0581,-22.3793]],[[-43.0587,-22.3705],[-43.0567,-22.3732],[-43.0589,-22.3705],[-43.0587,-22.3705]]]}},{"type":"Feature","properties":{"cod_imovel":"RJ-3303906-12BD3103D51F431A8943C86F61696B46","num_area":"8.5456000000000000000000000000000","ind_status":"AT","des_condic":"Aguardando analise"},"geometry":{"type":"Polygon","coordinates":[[[-43.048,-22.3389],[-43.0515,-22.3374],[-43.048,-22.3388],[-43.048,-22.3389]]]}},{"type":"Feature","properties":{"cod_imovel":"RJ-3303906-9E60335484934BFEA76FA2FC12BF26B8","num_area":"21.730200000000000000000000000000","ind_status":"AT","des_condic":"Aguardando analise"},"geometry":{"type":"Polygon","coordinates":[[[-43.0515,-22.3781],[-43.0542,-22.3757],[-43.0513,-22.378],[-43.0515,-22.3781]],[[-43.0529,-22.3777],[-43.0585,-22.3786],[-43.0529,-22.3777],[-43.0529,-22.3777]]]}},{"type":"Feature","properties":{"cod_imovel":"RJ-3303906-2FB55FEF40684BEDA7116996E195A1EC","num_area":"4.4189000000000000000000000000000","ind_status":"AT","des_condic":"Aguardando analise"},"geometry":{"type":"Polygon","coordinates":[[[-43.1227,-22.5083],[-43.1214,-22.5114],[-43.1228,-22.5083],[-43.1227,-22.5083]]]}},{"type":"Feature","properties":{"cod_imovel":"RJ-3303906-B83B04BB14714F259755C40FBC57B9E8","num_area":"168.80630000000000000000000000000","ind_status":"AT","des_condic":"Aguardando analise"},"geometry":{"type":"Polygon","coordinates":[[[-43.0432,-22.3858],[-43.0496,-22.3795],[-43.0347,-22.3852],[-43.0487,-22.3788],[-43.0354,-22.3724],[-43.0438,-22.3747],[-43.0317,-22.3757],[-43.0302,-22.3803],[-43.034,-22.3807],[-43.0322,-22.3779],[-43.0368,-22.3825],[-43.0344,-22.3854],[-43.0396,-22.3858],[-43.0432,-22.3858]],[[-43.0362,-22.3767],[-43.0423,-22.3798],[-43.0362,-22.3767],[-43.0362,-22.3767]]]}},{"type":"Feature","properties":{"cod_imovel":"RJ-3303906-1B208D798D2B4839B972D5CA58831945","num_area":"90.924400000000000000000000000000","ind_status":"PE","des_condic":"Analisado, aguardando atendimento a notificacao"},"geometry":{"type":"Polygon","coordinates":[[[-43.1635,-22.338],[-43.1606,-22.3313],[-43.1647,-22.3342],[-43.1658,-22.3301],[-43.1593,-22.3277],[-43.1597,-22.3379],[-43.1635,-22.338],[-43.1635,-22.338]],[[-43.1598,-22.332],[-43.1591,-22.3275],[-43.1535,-22.3288],[-43.1589,-22.3299],[-43.1577,-22.3367],[-43.1597,-22.332],[-43.1598,-22.332]],[[-43.1576,-22.3279],[-43.1566,-22.3222],[-43.1515,-22.3213],[-43.1583,-22.3277],[-43.1576,-22.3279]]]}},{"type":"Feature","properties":{"cod_imovel":"RJ-3303906-62BEB8A13FEB489CA8AC68DF67CFAEAA","num_area":"90.977800000000000000000000000000","ind_status":"AT","des_condic":"Aguardando analise"},"geometry":{"type":"Polygon","coordinates":[[[-43.0721,-22.3567],[-43.069,-22.3569],[-43.0722,-22.3567],[-43.0721,-22.3567]],[[-43.0637,-22.3638],[-43.0595,-22.3616],[-43.0635,-22.364],[-43.0637,-22.3638]],[[-43.0666,-22.3579],[-43.062,-22.3589],[-43.0659,-22.3612],[-43.0667,-22.3579],[-43.0666,-22.3579]],[[-43.0609,-22.3688],[-43.0678,-22.3691],[-43.0609,-22.3688],[-43.0609,-22.3688]],[[-43.0641,-22.363],[-43.0609,-22.3589],[-43.0641,-22.363],[-43.0641,-22.363]],[[-43.0603,-22.3687],[-43.0638,-22.364],[-43.0582,-22.3662],[-43.0602,-22.3686],[-43.0603,-22.3687]],[[-43.058,-22.3662],[-43.0559,-22.3632],[-43.0537,-22.3674],[-43.058,-22.3662],[-43.058,-22.3662]],[[-43.0548,-22.3677],[-43.0592,-22.3681],[-43.0548,-22.3677],[-43.0548,-22.3677]]]}},{"type":"Feature","properties":{"cod_imovel":"RJ-3303906-43ED123147264A95961A7F4444FB9241","num_area":"10.396400000000000000000000000000","ind_status":"AT","des_condic":"Aguardando analise"},"geometry":{"type":"Polygon","coordinates":[[[-43.0616,-22.3859],[-43.0652,-22.3883],[-43.0618,-22.3858],[-43.0616,-22.3859]],[[-43.0699,-22.3842],[-43.0646,-22.3855],[-43.07,-22.3842],[-43.0699,-22.3842]]]}},{"type":"Feature","properties":{"cod_imovel":"RJ-3303906-1956B4C09EE34FBD9A05E9BCAF2A08AC","num_area":"5.5650000000000000000000000000000","ind_status":"AT","des_condic":"Aguardando analise"},"geometry":{"type":"Polygon","coordinates":[[[-43.2185,-22.3711],[-43.2248,-22.3744],[-43.2187,-22.3712],[-43.2185,-22.3711]]]}},{"type":"Feature","properties":{"cod_imovel":"RJ-3303906-14127F66DB3443DCBEB6DE958E56FF7C","num_area":"74.622400000000000000000000000000","ind_status":"AT","des_condic":"Aguardando analise"},"geometry":{"type":"Polygon","coordinates":[[[-43.0536,-22.2629],[-43.0574,-22.2697],[-43.0589,-22.2655],[-43.0543,-22.2628],[-43.0536,-22.2629]],[[-43.0523,-22.2586],[-43.0585,-22.261],[-43.0585,-22.2567],[-43.0523,-22.2586],[-43.0523,-22.2586]],[[-43.0585,-22.2608],[-43.0601,-22.2682],[-43.0621,-22.256],[-43.0585,-22.2608],[-43.0585,-22.2608]]]}},{"type":"Feature","properties":{"cod_imovel":"RJ-3303906-65DD099B715E4E0B9CD8149EB6925CCE","num_area":"11.414500000000000000000000000000","ind_status":"AT","des_condic":"Aguardando analise"},"geometry":{"type":"Polygon","coordinates":[[[-43.071,-22.3604],[-43.0654,-22.3629],[-43.0709,-22.3604],[-43.071,-22.3604]]]}},{"type":"Feature","properties":{"cod_imovel":"RJ-3303906-DD0CD5FEBDF64A65BF3A1EBBF234E9CB","num_area":"20.006700000000000000000000000000","ind_status":"AT","des_condic":"Aguardando analise"},"geometry":{"type":"Polygon","coordinates":[[[-43.1025,-22.4068],[-43.1003,-22.4102],[-43.1063,-22.4127],[-43.108,-22.4095],[-43.1052,-22.4119],[-43.1026,-22.4067],[-43.1025,-22.4068]]]}},{"type":"Feature","properties":{"cod_imovel":"RJ-3303906-58D0CC4E40A14D36B9471F479CBB487D","num_area":"55.912300000000000000000000000000","ind_status":"AT","des_condic":"Aguardando analise"},"geometry":{"type":"Polygon","coordinates":[[[-43.2172,-22.3432],[-43.2129,-22.3453],[-43.2178,-22.343],[-43.2172,-22.3432]],[[-43.2048,-22.3441],[-43.2063,-22.3393],[-43.2046,-22.3441],[-43.2048,-22.3441]],[[-43.2159,-22.3505],[-43.2118,-22.3483],[-43.216,-22.3504],[-43.2159,-22.3505]],[[-43.2143,-22.3475],[-43.221,-22.3498],[-43.2145,-22.3474],[-43.2143,-22.3475]]]}},{"type":"Feature","properties":{"cod_imovel":"RJ-3303906-2ED6AB55C2694070BB76BCC0D01BDEAF","num_area":"10.603200000000000000000000000000","ind_status":"AT","des_condic":"Aguardando analise"},"geometry":{"type":"Polygon","coordinates":[[[-43.0803,-22.2492],[-43.0782,-22.2519],[-43.0819,-22.2517],[-43.0803,-22.2492]]]}},{"type":"Feature","properties":{"cod_imovel":"RJ-3303906-71C66FFD930A4D08B732FF9745D60D2C","num_area":"21.548400000000000000000000000000","ind_status":"AT","des_condic":"Aguardando analise"},"geometry":{"type":"Polygon","coordinates":[[[-43.1379,-22.315],[-43.139,-22.3185],[-43.138,-22.315],[-43.1379,-22.315]],[[-43.1442,-22.3135],[-43.14,-22.3161],[-43.148,-22.3121],[-43.1443,-22.3135],[-43.1442,-22.3135]]]}},{"type":"Feature","properties":{"cod_imovel":"RJ-3303906-C67A43AB32D64F4D9CC66A0376AC401C","num_area":"3.2868000000000000000000000000000","ind_status":"AT","des_condic":"Analisado, aguardando regularizacao ambiental (Lei n 12.651/2012)"},"geometry":{"type":"Polygon","coordinates":[[[-43.0198,-22.2451],[-43.0211,-22.2484],[-43.0206,-22.2443],[-43.0198,-22.2451]]]}},{"type":"Feature","properties":{"cod_imovel":"RJ-3303906-18D9F4665F624EFAB4F95A19E9864B42","num_area":"19.562400000000000000000000000000","ind_status":"AT","des_condic":"Aguardando analise"},"geometry":{"type":"Polygon","coordinates":[[[-43.0336,-22.3044],[-43.0332,-22.3082],[-43.0337,-22.3044],[-43.0336,-22.3044]],[[-43.055,-22.3184],[-43.0502,-22.3179],[-43.0548,-22.3184],[-43.055,-22.3184]],[[-43.0501,-22.3178],[-43.0381,-22.3185],[-43.0423,-22.3214],[-43.0501,-22.3179],[-43.0501,-22.3178]]]}},{"type":"Feature","properties":{"cod_imovel":"RJ-3303906-F30221D494AD4C3BBC5297E643B5B90C","num_area":"28.394400000000000000000000000000","ind_status":"AT","des_condic":"Aguardando analise"},"geometry":{"type":"Polygon","coordinates":[[[-43.0956,-22.393],[-43.1018,-22.3926],[-43.0956,-22.3883],[-43.0947,-22.3926],[-43.0956,-22.393]]]}},{"type":"Feature","properties":{"cod_imovel":"RJ-3303906-F957C8467D1A4D5D8C2CFBFCF35CE979","num_area":"1.6002000000000000000000000000000","ind_status":"AT","des_condic":"Aguardando analise"},"geometry":{"type":"Polygon","coordinates":[[[-43.0602,-22.2826],[-43.0568,-22.2798],[-43.06,-22.2826],[-43.0602,-22.2826]]]}},{"type":"Feature","properties":{"cod_imovel":"RJ-3303906-F5BBEBEF88DA4CC1B088D553BCB7B7F6","num_area":"4.0241000000000000000000000000000","ind_status":"AT","des_condic":"Aguardando analise"},"geometry":{"type":"Polygon","coordinates":[[[-43.3063,-22.391],[-43.3085,-22.3934],[-43.3065,-22.391],[-43.3063,-22.391]]]}},{"type":"Feature","properties":{"cod_imovel":"RJ-3303906-F288457E492145AC9304F6113E1864FF","num_area":"6.9057000000000000000000000000000","ind_status":"AT","des_condic":"Aguardando analise"},"geometry":{"type":"Polygon","coordinates":[[[-43.1957,-22.3077],[-43.1952,-22.3043],[-43.1938,-22.3075],[-43.1957,-22.3077]]]}},{"type":"Feature","properties":{"cod_imovel":"RJ-3303906-E200D958EA6E4A47B8C29C0357CB004E","num_area":"32.760300000000000000000000000000","ind_status":"AT","des_condic":"Aguardando analise"},"geometry":{"type":"Polygon","coordinates":[[[-43.1971,-22.3274],[-43.1882,-22.3276],[-43.1972,-22.3273],[-43.1971,-22.3274]],[[-43.1879,-22.3279],[-43.1928,-22.3319],[-43.1971,-22.3292],[-43.1879,-22.3279],[-43.1879,-22.3279]]]}},{"type":"Feature","properties":{"cod_imovel":"RJ-3303906-E93650B3DA824DAC9CFC6C2E7C3BF1D1","num_area":"2.1617000000000000000000000000000","ind_status":"AT","des_condic":"Aguardando analise"},"geometry":{"type":"Polygon","coordinates":[[[-43.2384,-22.3272],[-43.2362,-22.3242],[-43.2383,-22.3271],[-43.2384,-22.3272]]]}},{"type":"Feature","properties":{"cod_imovel":"RJ-3303906-E87DC831EA674A83AFBE8A496318BD27","num_area":"17.387100000000000000000000000000","ind_status":"AT","des_condic":"Aguardando analise"},"geometry":{"type":"Polygon","coordinates":[[[-43.1588,-22.3267],[-43.1575,-22.3227],[-43.1603,-22.3276],[-43.162,-22.3219],[-43.1619,-22.3282],[-43.1621,-22.3163],[-43.162,-22.322],[-43.1564,-22.322],[-43.1587,-22.3265],[-43.1588,-22.3267]]]}},{"type":"Feature","properties":{"cod_imovel":"RJ-3303906-E471B379DF614970AF1FA851522589A1","num_area":"8.7338000000000000000000000000000","ind_status":"AT","des_condic":"Aguardando analise"},"geometry":{"type":"Polygon","coordinates":[[[-43.0355,-22.3023],[-43.0339,-22.2979],[-43.0288,-22.2989],[-43.0339,-22.2979],[-43.0288,-22.3011],[-43.0351,-22.3027],[-43.0355,-22.3023]]]}},{"type":"Feature","properties":{"cod_imovel":"RJ-3303906-D7B26B7E2C8B40E3A02F2E5A1F9CBA20","num_area":"24.095500000000000000000000000000","ind_status":"AT","des_condic":"Aguardando analise"},"geometry":{"type":"Polygon","coordinates":[[[-43.0448,-22.375],[-43.0397,-22.3718],[-43.0454,-22.3747],[-43.0448,-22.375]]]}},{"type":"Feature","properties":{"cod_imovel":"RJ-3303906-D95D974551204D94BF4061DA15CFC88B","num_area":"3.8231000000000000000000000000000","ind_status":"AT","des_condic":"Aguardando analise"},"geometry":{"type":"Polygon","coordinates":[[[-43.0612,-22.2995],[-43.0648,-22.2986],[-43.0608,-22.2994],[-43.0612,-22.2995]]]}},{"type":"Feature","properties":{"cod_imovel":"RJ-3303906-D6223BED34F345539AAD3B1911DBDBFA","num_area":"6.2609000000000000000000000000000","ind_status":"AT","des_condic":"Aguardando analise"},"geometry":{"type":"Polygon","coordinates":[[[-43.0176,-22.2815],[-43.0185,-22.2868],[-43.0223,-22.2727],[-43.0189,-22.2806],[-43.0176,-22.2815]]]}},{"type":"Feature","properties":{"cod_imovel":"RJ-3303906-D17DDF014CFD435685F84D7DC7C6C089","num_area":"21.084700000000000000000000000000","ind_status":"AT","des_condic":"Aguardando analise"},"geometry":{"type":"Polygon","coordinates":[[[-43.1305,-22.2995],[-43.1342,-22.2959],[-43.1287,-22.2935],[-43.132,-22.2979],[-43.1305,-22.2995]]]}},{"type":"Feature","properties":{"cod_imovel":"RJ-3303906-BEF574A5FFAB470FB03F7E71BF4A3F45","num_area":"14.899000000000000000000000000000","ind_status":"AT","des_condic":"Aguardando analise"},"geometry":{"type":"Polygon","coordinates":[[[-43.2365,-22.3229],[-43.2351,-22.3282],[-43.2366,-22.3243],[-43.2365,-22.3229]]]}},{"type":"Feature","properties":{"cod_imovel":"RJ-3303906-BE96BFEFEC3A4FC88443C4B075CF55BD","num_area":"7.0541000000000000000000000000000","ind_status":"AT","des_condic":"Aguardando analise"},"geometry":{"type":"Polygon","coordinates":[[[-43.2513,-22.3529],[-43.2544,-22.3517],[-43.2509,-22.3527],[-43.2513,-22.3529]],[[-43.2533,-22.3537],[-43.2568,-22.3531],[-43.2536,-22.3538],[-43.2533,-22.3537]]]}},{"type":"Feature","properties":{"cod_imovel":"RJ-3303906-BB61F8DE1CA84E14A9F77FFF874DE423","num_area":"51.093400000000000000000000000000","ind_status":"AT","des_condic":"Aguardando analise"},"geometry":{"type":"Polygon","coordinates":[[[-43.2266,-22.3281],[-43.2293,-22.3336],[-43.2327,-22.3299],[-43.2289,-22.3236],[-43.2237,-22.3262],[-43.227,-22.3278],[-43.2266,-22.3281]]]}},{"type":"Feature","properties":{"cod_imovel":"RJ-3303906-BAA04391D0174F35A2C868E82C19C970","num_area":"3.3676000000000000000000000000000","ind_status":"AT","des_condic":"Aguardando analise"},"geometry":{"type":"Polygon","coordinates":[[[-43.0059,-22.255],[-43.006,-22.2511],[-43.005,-22.2546],[-43.0059,-22.255]]]}},{"type":"Feature","properties":{"cod_imovel":"RJ-3303906-B59DFC4C5D3845DEB478D629DE40FEA3","num_area":"1.6756000000000000000000000000000","ind_status":"AT","des_condic":"Aguardando analise"},"geometry":{"type":"Polygon","coordinates":[[[-43.1055,-22.3118],[-43.1024,-22.3129],[-43.1057,-22.3119],[-43.1055,-22.3118]]]}},{"type":"Feature","properties":{"cod_imovel":"RJ-3303906-B2A872EC1C744563808934CF2D11BFFC","num_area":"2.1543000000000000000000000000000","ind_status":"AT","des_condic":"Aguardando analise"},"geometry":{"type":"Polygon","coordinates":[[[-43.0566,-22.2841],[-43.0596,-22.2873],[-43.0567,-22.2841],[-43.0566,-22.2841]]]}},{"type":"Feature","properties":{"cod_imovel":"RJ-3303906-B095E733C7AC465E84AE8508CCE0FA5A","num_area":"2.7607000000000000000000000000000","ind_status":"AT","des_condic":"Aguardando analise"},"geometry":{"type":"Polygon","coordinates":[[[-43.2405,-22.3379],[-43.2397,-22.3349],[-43.2397,-22.338],[-43.2405,-22.3379]]]}},{"type":"Feature","properties":{"cod_imovel":"RJ-3303906-B083F0F01FB54409A6E21BA389299288","num_area":"5.2120000000000000000000000000000","ind_status":"AT","des_condic":"Aguardando analise"},"geometry":{"type":"Polygon","coordinates":[[[-43.1008,-22.32],[-43.1009,-22.3232],[-43.1023,-22.319],[-43.1008,-22.32]]]}},{"type":"Feature","properties":{"cod_imovel":"RJ-3303906-A5C8AB832F38403E8842881202331BA5","num_area":"6.4580000000000000000000000000000","ind_status":"AT","des_condic":"Aguardando analise"},"geometry":{"type":"Polygon","coordinates":[[[-43.2632,-22.3427],[-43.2628,-22.3386],[-43.2631,-22.3427],[-43.2632,-22.3427]]]}},{"type":"Feature","properties":{"cod_imovel":"RJ-3303906-A4BEB1FD9EA8429393DE2B20415A0328","num_area":"4.5658000000000000000000000000000","ind_status":"AT","des_condic":"Aguardando analise"},"geometry":{"type":"Polygon","coordinates":[[[-43.219,-22.3286],[-43.2179,-22.325],[-43.2188,-22.3297],[-43.219,-22.3286]]]}},{"type":"Feature","properties":{"cod_imovel":"RJ-3303906-A032C175F75B4828AF695481AC910CBF","num_area":"1.7431000000000000000000000000000","ind_status":"AT","des_condic":"Aguardando analise"},"geometry":{"type":"Polygon","coordinates":[[[-43.0534,-22.2788],[-43.0502,-22.2788],[-43.0532,-22.2795],[-43.0534,-22.2788]]]}},{"type":"Feature","properties":{"cod_imovel":"RJ-3303906-9ABEABA3E86845F4A8CBC8ED2AAC9E36","num_area":"6.2416000000000000000000000000000","ind_status":"AT","des_condic":"Aguardando analise"},"geometry":{"type":"Polygon","coordinates":[[[-43.1754,-22.3358],[-43.179,-22.3374],[-43.1761,-22.3358],[-43.1754,-22.3358]]]}},{"type":"Feature","properties":{"cod_imovel":"RJ-3303906-936C3752DDF64D24B9783385E51E58B7","num_area":"6.2080000000000000000000000000000","ind_status":"AT","des_condic":"Aguardando analise"},"geometry":{"type":"Polygon","coordinates":[[[-43.1621,-22.3163],[-43.1619,-22.3282],[-43.1621,-22.3201],[-43.1621,-22.3163]]]}},{"type":"Feature","properties":{"cod_imovel":"RJ-3303906-900A4E4929F545A3928F83C341540639","num_area":"4.8279000000000000000000000000000","ind_status":"AT","des_condic":"Aguardando analise"},"geometry":{"type":"Polygon","coordinates":[[[-43.2999,-22.3937],[-43.3006,-22.3992],[-43.3002,-22.3939],[-43.2999,-22.3937]]]}},{"type":"Feature","properties":{"cod_imovel":"RJ-3303906-8B0D98835F2946DE81AEFF93A61187BA","num_area":"8.2446000000000000000000000000000","ind_status":"AT","des_condic":"Aguardando analise"},"geometry":{"type":"Polygon","coordinates":[[[-43.3098,-22.3972],[-43.3065,-22.3989],[-43.3098,-22.3972],[-43.3098,-22.3972]]]}},{"type":"Feature","properties":{"cod_imovel":"RJ-3303906-8A99A2BB79B7409CA9B5555236A7EB56","num_area":"15.430300000000000000000000000000","ind_status":"AT","des_condic":"Aguardando analise"},"geometry":{"type":"Polygon","coordinates":[[[-43.0599,-22.2318],[-43.0644,-22.2317],[-43.0603,-22.2313],[-43.0599,-22.2318]],[[-43.0632,-22.2298],[-43.0585,-22.2324],[-43.0632,-22.23],[-43.0632,-22.2298]]]}},{"type":"Feature","properties":{"cod_imovel":"RJ-3303906-554DE024E6334D66A94D4352D933E00E","num_area":"7.0024000000000000000000000000000","ind_status":"AT","des_condic":"Aguardando analise"},"geometry":{"type":"Polygon","coordinates":[[[-43.0222,-22.2143],[-43.0253,-22.2137],[-43.0219,-22.2142],[-43.0222,-22.2143]]]}},{"type":"Feature","properties":{"cod_imovel":"RJ-3303906-3209DAFDE359447D90FFD2B545747ED5","num_area":"32.080900000000000000000000000000","ind_status":"AT","des_condic":"Aguardando analise"},"geometry":{"type":"Polygon","coordinates":[[[-42.981,-22.2508],[-42.9792,-22.2569],[-42.9812,-22.2508],[-42.981,-22.2508]],[[-42.9792,-22.251],[-42.9723,-22.2553],[-42.978,-22.2559],[-42.9792,-22.2511],[-42.9792,-22.251]]]}},{"type":"Feature","properties":{"cod_imovel":"RJ-3303906-49F813BCCBC542A998286D7EF563B052","num_area":"22.604100000000000000000000000000","ind_status":"AT","des_condic":"Aguardando analise"},"geometry":{"type":"Polygon","coordinates":[[[-43.228,-22.3581],[-43.226,-22.3553],[-43.2286,-22.3595],[-43.228,-22.3581]],[[-43.2209,-22.3582],[-43.2263,-22.3612],[-43.2211,-22.3579],[-43.2209,-22.3582]]]}},{"type":"Feature","properties":{"cod_imovel":"RJ-3303906-4E6E0DC6124A482FBFFFB120BBF46346","num_area":"9.7287000000000000000000000000000","ind_status":"AT","des_condic":"Aguardando analise"},"geometry":{"type":"Polygon","coordinates":[[[-43.1,-22.3454],[-43.1044,-22.3449],[-43.1,-22.3454],[-43.1,-22.3454]]]}},{"type":"Feature","properties":{"cod_imovel":"RJ-3303906-418B42256D264E50B497D0D9F9FB39DB","num_area":"1.5071000000000000000000000000000","ind_status":"AT","des_condic":"Aguardando analise"},"geometry":{"type":"Polygon","coordinates":[[[-43.0876,-22.3165],[-43.0898,-22.3137],[-43.0874,-22.3158],[-43.0876,-22.3165]]]}},{"type":"Feature","properties":{"cod_imovel":"RJ-3303906-46FC570F7CF14B38A43331F7CCFEB54A","num_area":"2.2318000000000000000000000000000","ind_status":"AT","des_condic":"Aguardando analise"},"geometry":{"type":"Polygon","coordinates":[[[-43.081,-22.3157],[-43.0771,-22.3148],[-43.0799,-22.3167],[-43.081,-22.3157]]]}},{"type":"Feature","properties":{"cod_imovel":"RJ-3303906-46BEB218CC954E9BBAB3A2310C723AB9","num_area":"4.9733000000000000000000000000000","ind_status":"AT","des_condic":"Aguardando analise"},"geometry":{"type":"Polygon","coordinates":[[[-43.2977,-22.3928],[-43.3009,-22.3927],[-43.2978,-22.3927],[-43.2977,-22.3928]]]}},{"type":"Feature","properties":{"cod_imovel":"RJ-3303906-46766876B5FA4BD98D4FA11F4CA5218D","num_area":"8.6138000000000000000000000000000","ind_status":"AT","des_condic":"Aguardando analise"},"geometry":{"type":"Polygon","coordinates":[[[-43.3003,-22.3806],[-43.2977,-22.3782],[-43.3002,-22.3805],[-43.3003,-22.3806]]]}},{"type":"Feature","properties":{"cod_imovel":"RJ-3303906-3EA9AF76D0404E2A93A401B0C4CF4637","num_area":"11.295500000000000000000000000000","ind_status":"AT","des_condic":"Aguardando analise"},"geometry":{"type":"Polygon","coordinates":[[[-43.2428,-22.3222],[-43.2444,-22.3168],[-43.2417,-22.3223],[-43.2428,-22.3222]]]}},{"type":"Feature","properties":{"cod_imovel":"RJ-3303906-3DC239B744DE47C7B7B3A42E5EBFC6C5","num_area":"9.9757000000000000000000000000000","ind_status":"AT","des_condic":"Aguardando analise"},"geometry":{"type":"Polygon","coordinates":[[[-43.0251,-22.2519],[-43.0201,-22.2574],[-43.025,-22.2521],[-43.0251,-22.2519]]]}},{"type":"Feature","properties":{"cod_imovel":"RJ-3303906-32D42A5E82C543E9BDACE3768C944348","num_area":"4.2263000000000000000000000000000","ind_status":"AT","des_condic":"Aguardando analise"},"geometry":{"type":"Polygon","coordinates":[[[-43.2999,-22.3936],[-43.2996,-22.3972],[-43.301,-22.3945],[-43.2999,-22.3936]]]}},{"type":"Feature","properties":{"cod_imovel":"RJ-3303906-2D1BBDE4E558454A84612F9AA278B5C2","num_area":"3.7937000000000000000000000000000","ind_status":"AT","des_condic":"Aguardando analise"},"geometry":{"type":"Polygon","coordinates":[[[-43.0309,-22.2745],[-43.0336,-22.2715],[-43.0308,-22.2748],[-43.0309,-22.2745]]]}},{"type":"Feature","properties":{"cod_imovel":"RJ-3303906-2A13C8A3ACAF44E8A14C604B666BBD48","num_area":"11.511400000000000000000000000000","ind_status":"AT","des_condic":"Aguardando analise"},"geometry":{"type":"Polygon","coordinates":[[[-43.0335,-22.2089],[-43.0302,-22.2138],[-43.0336,-22.209],[-43.0335,-22.2089]]]}},{"type":"Feature","properties":{"cod_imovel":"RJ-3303906-263EF8428DF541A48433A53A2849018F","num_area":"157.81440000000000000000000000000","ind_status":"AT","des_condic":"Aguardando analise"},"geometry":{"type":"Polygon","coordinates":[[[-43.0485,-22.2345],[-43.0461,-22.2416],[-43.0282,-22.248],[-43.0455,-22.2531],[-43.0468,-22.2405],[-43.052,-22.2365],[-43.049,-22.2345],[-43.0485,-22.2345]],[[-43.0452,-22.242],[-43.0433,-22.2445],[-43.0452,-22.242],[-43.0452,-22.242]],[[-43.0415,-22.2463],[-43.0425,-22.2509],[-43.0415,-22.2463],[-43.0415,-22.2463]],[[-43.0366,-22.249],[-43.0409,-22.2492],[-43.0362,-22.2491],[-43.0366,-22.249]],[[-43.0406,-22.2418],[-43.0461,-22.237],[-43.041,-22.2352],[-43.0326,-22.2423],[-43.0406,-22.2418],[-43.0406,-22.2418]],[[-43.0382,-22.2389],[-43.034,-22.2414],[-43.0382,-22.2389],[-43.0382,-22.2389]]]}},{"type":"Feature","properties":{"cod_imovel":"RJ-3303906-24C208EC709A4A1BACC8009D769AC638","num_area":"2.0057000000000000000000000000000","ind_status":"AT","des_condic":"Aguardando analise"},"geometry":{"type":"Polygon","coordinates":[[[-43.0658,-22.236],[-43.0604,-22.2374],[-43.0654,-22.2359],[-43.0658,-22.236]]]}},{"type":"Feature","properties":{"cod_imovel":"RJ-3303906-242F47350E3F45449CC5BAA1C242ADD3","num_area":"8.1192000000000000000000000000000","ind_status":"AT","des_condic":"Aguardando analise"},"geometry":{"type":"Polygon","coordinates":[[[-43.1872,-22.3153],[-43.19,-22.3179],[-43.1873,-22.3147],[-43.1872,-22.3153]]]}},{"type":"Feature","properties":{"cod_imovel":"RJ-3303906-221B4D43A80E4541B7F2DB6857E7B114","num_area":"87.396000000000000000000000000000","ind_status":"AT","des_condic":"Aguardando analise"},"geometry":{"type":"Polygon","coordinates":[[[-43.2217,-22.333],[-43.2271,-22.3324],[-43.2238,-22.3261],[-43.2286,-22.3165],[-43.2188,-22.3173],[-43.2234,-22.3197],[-43.2199,-22.3196],[-43.2217,-22.333],[-43.2217,-22.333]]]}},{"type":"Feature","properties":{"cod_imovel":"RJ-3303906-14A15968078349CDB102E9D7DA15533A","num_area":"129.88150000000000000000000000000","ind_status":"AT","des_condic":"Aguardando analise"},"geometry":{"type":"Polygon","coordinates":[[[-43.2455,-22.3071],[-43.245,-22.317],[-43.2522,-22.3135],[-43.2458,-22.3068],[-43.2455,-22.3071]],[[-43.2524,-22.3136],[-43.2444,-22.3168],[-43.2458,-22.3242],[-43.2505,-22.3203],[-43.2476,-22.3239],[-43.2509,-22.3252],[-43.2548,-22.3198],[-43.2459,-22.3189],[-43.2499,-22.3167],[-43.2612,-22.3225],[-43.2525,-22.3137],[-43.2524,-22.3136]]]}},{"type":"Feature","properties":{"cod_imovel":"RJ-3303906-142268F2149348F9B6B714F3FAA1C212","num_area":"40.027600000000000000000000000000","ind_status":"AT","des_condic":"Aguardando analise"},"geometry":{"type":"Polygon","coordinates":[[[-43.0763,-22.2377],[-43.0778,-22.232],[-43.0742,-22.2313],[-43.071,-22.2345],[-43.0757,-22.2405],[-43.0763,-22.2377]]]}},{"type":"Feature","properties":{"cod_imovel":"RJ-3303906-12AEDD90D3E44FA287820CA1E9E4F638","num_area":"7.4527000000000000000000000000000","ind_status":"AT","des_condic":"Aguardando analise"},"geometry":{"type":"Polygon","coordinates":[[[-43.1785,-22.3392],[-43.1739,-22.337],[-43.1785,-22.3395],[-43.1785,-22.3392]]]}},{"type":"Feature","properties":{"cod_imovel":"RJ-3303906-111BBDDEF35C41018FF0D3266D7FA854","num_area":"5.2695000000000000000000000000000","ind_status":"AT","des_condic":"Aguardando analise"},"geometry":{"type":"Polygon","coordinates":[[[-43.2989,-22.4026],[-43.2964,-22.4048],[-43.2989,-22.4026],[-43.2989,-22.4026]]]}},{"type":"Feature","properties":{"cod_imovel":"RJ-3303906-0BA5D6F6FD2B421988AE4549F4D90473","num_area":"22.528300000000000000000000000000","ind_status":"AT","des_condic":"Aguardando analise"},"geometry":{"type":"Polygon","coordinates":[[[-43.0298,-22.2135],[-43.0321,-22.2046],[-43.029,-22.213],[-43.0298,-22.2135]]]}},{"type":"Feature","properties":{"cod_imovel":"RJ-3303906-072EA646A1AF48778001BC47FB4D7873","num_area":"7.8599000000000000000000000000000","ind_status":"AT","des_condic":"Aguardando analise"},"geometry":{"type":"Polygon","coordinates":[[[-43.0314,-22.2683],[-43.0362,-22.2763],[-43.0315,-22.2683],[-43.0314,-22.2683]]]}},{"type":"Feature","properties":{"cod_imovel":"RJ-3303906-F414051F5ABD46AAA9BBD12379AF3653","num_area":"19.913700000000000000000000000000","ind_status":"AT","des_condic":"Aguardando analise"},"geometry":{"type":"Polygon","coordinates":[[[-43.095,-22.3555],[-43.0889,-22.3601],[-43.0952,-22.3564],[-43.095,-22.3555]]]}},{"type":"Feature","properties":{"cod_imovel":"RJ-3303856-3E2F718DCA254DFDB0346885B7CCB685","num_area":"6.8960000000000000000000000000000","ind_status":"AT","des_condic":"Aguardando analise"},"geometry":{"type":"Polygon","coordinates":[[[-43.326,-22.4001],[-43.323,-22.3984],[-43.3257,-22.4011],[-43.326,-22.4001]]]}},{"type":"Feature","properties":{"cod_imovel":"RJ-3303906-07EBAF14D8C14F2FADF16CA16106EC14","num_area":"62.749800000000000000000000000000","ind_status":"AT","des_condic":"Aguardando analise"},"geometry":{"type":"Polygon","coordinates":[[[-43.1847,-22.3205],[-43.1618,-22.3121],[-43.1663,-22.3183],[-43.1847,-22.3205],[-43.1847,-22.3205]],[[-43.1688,-22.3154],[-43.1744,-22.3194],[-43.169,-22.3154],[-43.1688,-22.3154]]]}},{"type":"Feature","properties":{"cod_imovel":"RJ-3303906-AA31F8084B904B4C98C32E1C86F4BCC9","num_area":"30.937500000000000000000000000000","ind_status":"AT","des_condic":"Aguardando analise"},"geometry":{"type":"Polygon","coordinates":[[[-43.1743,-22.3226],[-43.1791,-22.3195],[-43.1683,-22.3186],[-43.1735,-22.323],[-43.1743,-22.3226]]]}},{"type":"Feature","properties":{"cod_imovel":"RJ-3303906-E3B4AE9355994862BB5ED664AFB7935E","num_area":"11.658900000000000000000000000000","ind_status":"AT","des_condic":"Aguardando analise"},"geometry":{"type":"Polygon","coordinates":[[[-43.1929,-22.3475],[-43.1975,-22.3459],[-43.1924,-22.3474],[-43.1929,-22.3475]]]}},{"type":"Feature","properties":{"cod_imovel":"RJ-3303906-9246B3016B9C476482945C09E8A29712","num_area":"2.0005000000000000000000000000000","ind_status":"AT","des_condic":"Aguardando analise"},"geometry":{"type":"Polygon","coordinates":[[[-43.1778,-22.3263],[-43.1821,-22.3246],[-43.1778,-22.3259],[-43.1778,-22.3263]]]}},{"type":"Feature","properties":{"cod_imovel":"RJ-3303906-BF6F41E79D464CD2AE48C5D37EC2F72B","num_area":"3.9811000000000000000000000000000","ind_status":"AT","des_condic":"Aguardando analise"},"geometry":{"type":"Polygon","coordinates":[[[-43.1852,-22.3138],[-43.1858,-22.3097],[-43.1852,-22.3137],[-43.1852,-22.3138]]]}},{"type":"Feature","properties":{"cod_imovel":"RJ-3303906-697B2CFCA62E408D8A9B63018F832916","num_area":"10.916200000000000000000000000000","ind_status":"AT","des_condic":"Aguardando analise"},"geometry":{"type":"Polygon","coordinates":[[[-43.1778,-22.3264],[-43.1821,-22.3246],[-43.1768,-22.325],[-43.1778,-22.3264]]]}},{"type":"Feature","properties":{"cod_imovel":"RJ-3303906-0C3A2B1D7D8A4F83AA8DEFC1504A93EA","num_area":"17.300400000000000000000000000000","ind_status":"AT","des_condic":"Aguardando analise, apos revisao ou atendimento da notificacao"},"geometry":{"type":"Polygon","coordinates":[[[-43.0617,-22.3694],[-43.0625,-22.3735],[-43.0621,-22.3697],[-43.0617,-22.3694]],[[-43.0604,-22.3707],[-43.0624,-22.3735],[-43.0604,-22.3707],[-43.0604,-22.3707]]]}},{"type":"Feature","properties":{"cod_imovel":"RJ-3303906-FAE50529BC7C4102AD5BC083CA5EA5CA","num_area":"2.4193000000000000000000000000000","ind_status":"AT","des_condic":"Aguardando analise"},"geometry":{"type":"Polygon","coordinates":[[[-43.0551,-22.4273],[-43.0517,-22.427],[-43.055,-22.4275],[-43.0551,-22.4273]]]}},{"type":"Feature","properties":{"cod_imovel":"RJ-3303906-5CE0CAAE5556466283FAC5C9A283D246","num_area":"7.0658000000000000000000000000000","ind_status":"AT","des_condic":"Aguardando analise"},"geometry":{"type":"Polygon","coordinates":[[[-43.076,-22.3859],[-43.0715,-22.3846],[-43.0761,-22.3859],[-43.076,-22.3859]]]}},{"type":"Feature","properties":{"cod_imovel":"RJ-3303906-07C236A2B3A04539A4D9C3CD316A0C21","num_area":"3.5350000000000000000000000000000","ind_status":"AT","des_condic":"Aguardando analise"},"geometry":{"type":"Polygon","coordinates":[[[-43.1865,-22.3333],[-43.1829,-22.3336],[-43.1864,-22.3334],[-43.1865,-22.3333]]]}},{"type":"Feature","properties":{"cod_imovel":"RJ-3303906-CB365EB531254451B0E4ED83F41DE8C1","num_area":"2.4474000000000000000000000000000","ind_status":"PE","des_condic":"Analisado, aguardando atendimento a notificacao"},"geometry":{"type":"Polygon","coordinates":[[[-43.175,-22.4337],[-43.1777,-22.4352],[-43.175,-22.4337],[-43.175,-22.4337]]]}},{"type":"Feature","properties":{"cod_imovel":"RJ-3303906-E1E78EE6D3D24E24A64B4063585CF552","num_area":"78.330600000000000000000000000000","ind_status":"AT","des_condic":"Aguardando analise"},"geometry":{"type":"Polygon","coordinates":[[[-43.0809,-22.3865],[-43.083,-22.3891],[-43.0808,-22.3863],[-43.0809,-22.3865]],[[-43.0897,-22.3764],[-43.0891,-22.38],[-43.0938,-22.3787],[-43.0899,-22.3756],[-43.0897,-22.3764]],[[-43.089,-22.3852],[-43.0977,-22.3794],[-43.0903,-22.3754],[-43.0945,-22.3793],[-43.0859,-22.3824],[-43.0883,-22.387],[-43.0859,-22.3824],[-43.08,-22.3844],[-43.0887,-22.386],[-43.089,-22.3852]],[[-43.0949,-22.3771],[-43.0989,-22.3783],[-43.0947,-22.3769],[-43.0949,-22.3771]],[[-43.0939,-22.3777],[-43.0911,-22.3755],[-43.0938,-22.3777],[-43.0939,-22.3777]],[[-43.0813,-22.3836],[-43.0777,-22.3818],[-43.0813,-22.3836],[-43.0813,-22.3836]]]}},{"type":"Feature","properties":{"cod_imovel":"RJ-3303906-6B87AA20BDF44DA5A74A1B8F4B1B89F5","num_area":"25.248200000000000000000000000000","ind_status":"AT","des_condic":"Aguardando analise"},"geometry":{"type":"Polygon","coordinates":[[[-43.0749,-22.37],[-43.0786,-22.3677],[-43.069,-22.3653],[-43.075,-22.37],[-43.0749,-22.37]],[[-43.0667,-22.3663],[-43.069,-22.3703],[-43.0667,-22.3663],[-43.0667,-22.3663]],[[-43.069,-22.3703],[-43.0679,-22.3652],[-43.072,-22.364],[-43.0669,-22.3662],[-43.0689,-22.3702],[-43.069,-22.3703]],[[-43.0742,-22.3636],[-43.0705,-22.3637],[-43.0741,-22.3636],[-43.0742,-22.3636]]]}},{"type":"Feature","properties":{"cod_imovel":"RJ-3303906-080943E922CE4D37B864267CE3E5F07F","num_area":"48.116300000000000000000000000000","ind_status":"AT","des_condic":"Aguardando analise"},"geometry":{"type":"Polygon","coordinates":[[[-43.0532,-22.4325],[-43.0559,-22.4338],[-43.0532,-22.4325],[-43.0532,-22.4325]],[[-43.0559,-22.4336],[-43.0578,-22.428],[-43.053,-22.4314],[-43.0558,-22.4336],[-43.0559,-22.4336]],[[-43.0587,-22.4317],[-43.0617,-22.4284],[-43.0579,-22.428],[-43.0587,-22.4317],[-43.0587,-22.4317]],[[-43.0631,-22.4303],[-43.0636,-22.4272],[-43.0631,-22.4303],[-43.0631,-22.4303]]]}},{"type":"Feature","properties":{"cod_imovel":"RJ-3303906-4DD9A93667704B7FB20A1EBD58F714D7","num_area":"16.153200000000000000000000000000","ind_status":"PE","des_condic":"Aguardando analise, apos revisao ou atendimento da notificacao"},"geometry":{"type":"Polygon","coordinates":[[[-43.1324,-22.3155],[-43.1347,-22.319],[-43.1329,-22.3161],[-43.1324,-22.3155]],[[-43.1345,-22.3234],[-43.1407,-22.3232],[-43.1345,-22.3233],[-43.1345,-22.3234]]]}},{"type":"Feature","properties":{"cod_imovel":"RJ-3303906-244C5ADC95ED4DAF861E74CD16B3DDB5","num_area":"5.8679000000000000000000000000000","ind_status":"AT","des_condic":"Aguardando analise"},"geometry":{"type":"Polygon","coordinates":[[[-43.0921,-22.4321],[-43.0894,-22.4403],[-43.0923,-22.4321],[-43.0921,-22.4321]]]}},{"type":"Feature","properties":{"cod_imovel":"RJ-3303906-D2E9B44A6D45468494C81CCABA97E5C9","num_area":"37.567000000000000000000000000000","ind_status":"AT","des_condic":"Aguardando analise"},"geometry":{"type":"Polygon","coordinates":[[[-43.2633,-22.3459],[-43.2624,-22.3489],[-43.2651,-22.3456],[-43.2633,-22.3459]],[[-43.2644,-22.3511],[-43.2702,-22.3477],[-43.2672,-22.3418],[-43.2645,-22.351],[-43.2644,-22.3511]]]}},{"type":"Feature","properties":{"cod_imovel":"RJ-3303906-3DBC2BA7010043BDB7436C7FA89EB4E5","num_area":"2.4929000000000000000000000000000","ind_status":"AT","des_condic":"Aguardando analise"},"geometry":{"type":"Polygon","coordinates":[[[-43.1076,-22.4111],[-43.1052,-22.4132],[-43.1076,-22.4112],[-43.1076,-22.4111]]]}},{"type":"Feature","properties":{"cod_imovel":"RJ-3303906-CCA0C1BB593A4B7FAA240B16E75974C2","num_area":"2.0387000000000000000000000000000","ind_status":"AT","des_condic":"Aguardando analise, apos revisao ou atendimento da notificacao"},"geometry":{"type":"Polygon","coordinates":[[[-43.0871,-22.245],[-43.0906,-22.2447],[-43.0872,-22.245],[-43.0871,-22.245]]]}},{"type":"Feature","properties":{"cod_imovel":"RJ-3303906-541502ED270C4F23B829A25BC2EDEB57","num_area":"11.705800000000000000000000000000","ind_status":"AT","des_condic":"Aguardando analise"},"geometry":{"type":"Polygon","coordinates":[[[-42.9912,-22.2657],[-42.9911,-22.2606],[-42.9878,-22.2633],[-42.9913,-22.2645],[-42.9912,-22.2657]],[[-42.9898,-22.2612],[-42.9875,-22.2633],[-42.9898,-22.2612],[-42.9898,-22.2612]]]}},{"type":"Feature","properties":{"cod_imovel":"RJ-3303906-CE98F68E2C8E48E9AD92464165C0752C","num_area":"13.986500000000000000000000000000","ind_status":"CA","des_condic":"Cancelado por decisao administrativa"},"geometry":{"type":"Polygon","coordinates":[[[-43.0789,-22.2702],[-43.0773,-22.2663],[-43.0789,-22.2703],[-43.0789,-22.2702]],[[-43.0767,-22.2698],[-43.0817,-22.2751],[-43.0783,-22.2702],[-43.0767,-22.2698]]]}},{"type":"Feature","properties":{"cod_imovel":"RJ-3303906-F58C1AF13C6745A18E3FEA79F110087D","num_area":"29.813200000000000000000000000000","ind_status":"AT","des_condic":"Aguardando analise"},"geometry":{"type":"Polygon","coordinates":[[[-43.0786,-22.4385],[-43.0815,-22.4315],[-43.0786,-22.4385],[-43.0786,-22.4385]],[[-43.0906,-22.4285],[-43.0864,-22.4301],[-43.0906,-22.4285],[-43.0906,-22.4285]],[[-43.0893,-22.4274],[-43.0889,-22.4213],[-43.0891,-22.4275],[-43.0893,-22.4274]]]}},{"type":"Feature","properties":{"cod_imovel":"RJ-3303906-746DEBB7F15C42E697A8E9D92BFCB12A","num_area":"1.5746000000000000000000000000000","ind_status":"AT","des_condic":"Aguardando analise"},"geometry":{"type":"Polygon","coordinates":[[[-43.1134,-22.3389],[-43.1158,-22.3362],[-43.1134,-22.3389],[-43.1134,-22.3389]]]}},{"type":"Feature","properties":{"cod_imovel":"RJ-3303906-9236C6B433604E0592EF67F027942E81","num_area":"84.997000000000000000000000000000","ind_status":"AT","des_condic":"Aguardando analise"},"geometry":{"type":"Polygon","coordinates":[[[-43.2976,-22.4329],[-43.2985,-22.4367],[-43.2977,-22.4331],[-43.2976,-22.4329]],[[-43.3133,-22.4356],[-43.3062,-22.4394],[-43.3035,-22.4299],[-43.2976,-22.4325],[-43.3055,-22.4404],[-43.3128,-22.436],[-43.3133,-22.4356]],[[-43.3116,-22.4346],[-43.3052,-22.4348],[-43.3115,-22.4347],[-43.3116,-22.4346]],[[-43.3103,-22.4312],[-43.3152,-22.4291],[-43.3105,-22.4302],[-43.3103,-22.4312]],[[-43.3143,-22.4318],[-43.3133,-22.4356],[-43.3147,-22.4321],[-43.3143,-22.4318]]]}},{"type":"Feature","properties":{"cod_imovel":"RJ-3303906-7251F12098BD4CC7BB6E8BEAA8E778D2","num_area":"43.569900000000000000000000000000","ind_status":"AT","des_condic":"Aguardando analise"},"geometry":{"type":"Polygon","coordinates":[[[-43.3277,-22.4441],[-43.3147,-22.4534],[-43.3171,-22.4559],[-43.3198,-22.4533],[-43.3163,-22.4521],[-43.3278,-22.4442],[-43.3277,-22.4441]]]}},{"type":"Feature","properties":{"cod_imovel":"RJ-3303906-87774EB397954DE3ABF49B5B5601F3F7","num_area":"24.359500000000000000000000000000","ind_status":"AT","des_condic":"Aguardando analise"},"geometry":{"type":"Polygon","coordinates":[[[-43.0807,-22.4142],[-43.0861,-22.4122],[-43.0807,-22.4142],[-43.0807,-22.4142]],[[-43.0787,-22.4188],[-43.081,-22.4264],[-43.0789,-22.4185],[-43.0787,-22.4188]]]}},{"type":"Feature","properties":{"cod_imovel":"RJ-3303906-80F649B5213D45F984AF09FD3DD1224C","num_area":"189.47840000000000000000000000000","ind_status":"AT","des_condic":"Aguardando analise"},"geometry":{"type":"Polygon","coordinates":[[[-43.0299,-22.3912],[-43.0308,-22.3982],[-43.0296,-22.3921],[-43.0359,-22.3966],[-43.0302,-22.3911],[-43.0299,-22.3912]],[[-43.0346,-22.4063],[-43.0453,-22.4033],[-43.0381,-22.4075],[-43.0405,-22.4034],[-43.0369,-22.4051],[-43.0348,-22.4008],[-43.0346,-22.4063],[-43.0346,-22.4063]],[[-43.0326,-22.3906],[-43.038,-22.3973],[-43.0326,-22.3906],[-43.0326,-22.3906]],[[-43.0368,-22.3931],[-43.041,-22.3955],[-43.0366,-22.3929],[-43.0368,-22.3931]],[[-43.0427,-22.3965],[-43.0483,-22.3986],[-43.0411,-22.3956],[-43.0427,-22.3965]],[[-43.0485,-22.4039],[-43.0582,-22.4045],[-43.0614,-22.3953],[-43.0567,-22.3963],[-43.0585,-22.4004],[-43.0567,-22.3964],[-43.0531,-22.4016],[-43.0551,-22.3969],[-43.0496,-22.3989],[-43.0485,-22.4038],[-43.0485,-22.4039]]]}},{"type":"Feature","properties":{"cod_imovel":"RJ-3303906-90124036B6184FC2AD6512FDBBF2D066","num_area":"114.11400000000000000000000000000","ind_status":"AT","des_condic":"Aguardando analise"},"geometry":{"type":"Polygon","coordinates":[[[-43.0565,-22.4214],[-43.0572,-22.4254],[-43.0565,-22.4214],[-43.0565,-22.4214]],[[-43.0685,-22.4337],[-43.0709,-22.4359],[-43.0682,-22.4332],[-43.0685,-22.4337]],[[-43.0701,-22.4259],[-43.066,-22.4292],[-43.07,-22.4291],[-43.0691,-22.4326],[-43.0702,-22.4257],[-43.0701,-22.4259]],[[-43.0705,-22.4256],[-43.0742,-22.4241],[-43.0702,-22.4255],[-43.0705,-22.4256]],[[-43.063,-22.4273],[-43.0671,-22.4241],[-43.0629,-22.4269],[-43.063,-22.4273]],[[-43.0659,-22.4267],[-43.0697,-22.4261],[-43.0659,-22.4264],[-43.0659,-22.4267]],[[-43.0657,-22.423],[-43.062,-22.4254],[-43.0656,-22.423],[-43.0657,-22.423]],[[-43.0669,-22.4369],[-43.0707,-22.4369],[-43.0666,-22.4367],[-43.0669,-22.4369]],[[-43.0566,-22.4287],[-43.0619,-22.4282],[-43.0613,-22.4245],[-43.0565,-22.4288],[-43.0566,-22.4287]],[[-43.0558,-22.419],[-43.039,-22.4209],[-43.0561,-22.4194],[-43.0558,-22.419]]]}},{"type":"Feature","properties":{"cod_imovel":"RJ-3303906-FE2D8284F1FD43A2A03639288F53433E","num_area":"4.7978000000000000000000000000000","ind_status":"AT","des_condic":"Aguardando analise"},"geometry":{"type":"Polygon","coordinates":[[[-43.1019,-22.4539],[-43.099,-22.4533],[-43.102,-22.454],[-43.1019,-22.4539]]]}},{"type":"Feature","properties":{"cod_imovel":"RJ-3303906-E829C2CC091743B89D8E845BA0478E4F","num_area":"33.955800000000000000000000000000","ind_status":"AT","des_condic":"Aguardando analise"},"geometry":{"type":"Polygon","coordinates":[[[-43.057,-22.2848],[-43.0441,-22.2821],[-43.0537,-22.2861],[-43.057,-22.2848]],[[-43.0561,-22.2838],[-43.0445,-22.2815],[-43.0528,-22.2834],[-43.0561,-22.2838]]]}},{"type":"Feature","properties":{"cod_imovel":"RJ-3303906-67D92E6D13EA46688972813E8CE74D88","num_area":"36.822300000000000000000000000000","ind_status":"AT","des_condic":"Aguardando analise"},"geometry":{"type":"Polygon","coordinates":[[[-43.0523,-22.2917],[-43.0447,-22.2844],[-43.0421,-22.2945],[-43.0506,-22.2926],[-43.0467,-22.2857],[-43.051,-22.2924],[-43.0523,-22.2917]]]}},{"type":"Feature","properties":{"cod_imovel":"RJ-3303906-75516680AA8343C2A187CF58E7F0E61F","num_area":"3.0560000000000000000000000000000","ind_status":"AT","des_condic":"Aguardando analise"},"geometry":{"type":"Polygon","coordinates":[[[-43.1437,-22.4995],[-43.1427,-22.4964],[-43.1437,-22.4994],[-43.1437,-22.4995]]]}},{"type":"Feature","properties":{"cod_imovel":"RJ-3303906-B02907864238495C9FF078D2585CA5AF","num_area":"9.1008000000000000000000000000000","ind_status":"AT","des_condic":"Aguardando analise, apos revisao ou atendimento da notificacao"},"geometry":{"type":"Polygon","coordinates":[[[-43.1137,-22.3581],[-43.1231,-22.3575],[-43.1142,-22.3581],[-43.1137,-22.3581]]]}},{"type":"Feature","properties":{"cod_imovel":"RJ-3303906-822B09B0674B4A94A2F52D2C874A4575","num_area":"8.7964000000000000000000000000000","ind_status":"AT","des_condic":"Aguardando analise"},"geometry":{"type":"Polygon","coordinates":[[[-43.2124,-22.3063],[-43.2111,-22.3103],[-43.2126,-22.3063],[-43.2124,-22.3063]]]}},{"type":"Feature","properties":{"cod_imovel":"RJ-3303906-799E03C7772247DC810BE3890BE70EB9","num_area":"18.770500000000000000000000000000","ind_status":"AT","des_condic":"Aguardando analise"},"geometry":{"type":"Polygon","coordinates":[[[-43.3164,-22.4135],[-43.3159,-22.419],[-43.3197,-22.4156],[-43.3165,-22.4134],[-43.3164,-22.4135]]]}},{"type":"Feature","properties":{"cod_imovel":"RJ-3303906-773C3784DEEE48679D263433997A8146","num_area":"2.4127000000000000000000000000000","ind_status":"AT","des_condic":"Aguardando analise"},"geometry":{"type":"Polygon","coordinates":[[[-43.2384,-22.3395],[-43.2391,-22.3348],[-43.2386,-22.3382],[-43.2384,-22.3395]]]}},{"type":"Feature","properties":{"cod_imovel":"RJ-3303906-70D518B635D141D38D7C95FE5FA15481","num_area":"8.0993000000000000000000000000000","ind_status":"AT","des_condic":"Aguardando analise"},"geometry":{"type":"Polygon","coordinates":[[[-43.1875,-22.3093],[-43.1887,-22.3062],[-43.1875,-22.309],[-43.1875,-22.3093]]]}},{"type":"Feature","properties":{"cod_imovel":"RJ-3303906-6629BCC8E3AC4D63B7B683DECE5FD63D","num_area":"1.8083000000000000000000000000000","ind_status":"AT","des_condic":"Aguardando analise"},"geometry":{"type":"Polygon","coordinates":[[[-43.0312,-22.3013],[-43.0351,-22.3027],[-43.0313,-22.3013],[-43.0312,-22.3013]]]}},{"type":"Feature","properties":{"cod_imovel":"RJ-3303906-69E53FCACA634F899675B6A78F7B7F41","num_area":"3.0733000000000000000000000000000","ind_status":"AT","des_condic":"Aguardando analise"},"geometry":{"type":"Polygon","coordinates":[[[-42.9855,-22.2503],[-42.9834,-22.2541],[-42.9854,-22.2505],[-42.9855,-22.2503]]]}},{"type":"Feature","properties":{"cod_imovel":"RJ-3303906-6483275921E24680B0C4581D65EF0DA6","num_area":"7.6971000000000000000000000000000","ind_status":"AT","des_condic":"Aguardando analise"},"geometry":{"type":"Polygon","coordinates":[[[-43.3197,-22.4155],[-43.318,-22.4185],[-43.3198,-22.4154],[-43.3197,-22.4155]]]}},{"type":"Feature","properties":{"cod_imovel":"RJ-3303906-60BBBAAEE75644E4867B404DBCD9015E","num_area":"14.188300000000000000000000000000","ind_status":"AT","des_condic":"Aguardando analise"},"geometry":{"type":"Polygon","coordinates":[[[-43.2209,-22.3586],[-43.2212,-22.3651],[-43.2209,-22.3592],[-43.2209,-22.3586]]]}},{"type":"Feature","properties":{"cod_imovel":"RJ-3303906-60A42D5779914D25849354AF702096BB","num_area":"25.300300000000000000000000000000","ind_status":"AT","des_condic":"Aguardando analise"},"geometry":{"type":"Polygon","coordinates":[[[-43.0256,-22.2093],[-43.028,-22.2158],[-43.0308,-22.2125],[-43.0256,-22.2093]]]}},{"type":"Feature","properties":{"cod_imovel":"RJ-3303906-5D709D04A45F468EA5043E95FE2C4858","num_area":"10.638300000000000000000000000000","ind_status":"AT","des_condic":"Aguardando analise"},"geometry":{"type":"Polygon","coordinates":[[[-43.3404,-22.4154],[-43.3343,-22.4156],[-43.3403,-22.4157],[-43.3404,-22.4154]]]}},{"type":"Feature","properties":{"cod_imovel":"RJ-3303906-5A520C3E83D342B292986162F4CD51DC","num_area":"6.6994000000000000000000000000000","ind_status":"AT","des_condic":"Aguardando analise"},"geometry":{"type":"Polygon","coordinates":[[[-43.0233,-22.26],[-43.0245,-22.2539],[-43.0201,-22.2575],[-43.023,-22.26],[-43.0233,-22.26]]]}},{"type":"Feature","properties":{"cod_imovel":"RJ-3303906-F05F26D1017E4F529C925AC3C94B2739","num_area":"50.972200000000000000000000000000","ind_status":"AT","des_condic":"Aguardando analise"},"geometry":{"type":"Polygon","coordinates":[[[-43.0766,-22.3101],[-43.073,-22.3062],[-43.0733,-22.3106],[-43.0766,-22.3101]],[[-43.0762,-22.3035],[-43.0681,-22.3002],[-43.0739,-22.3031],[-43.0762,-22.3035]],[[-43.0638,-22.3002],[-43.0684,-22.3035],[-43.0631,-22.3007],[-43.0638,-22.3002]],[[-43.0692,-22.3038],[-43.0623,-22.3024],[-43.0689,-22.3069],[-43.0691,-22.3038],[-43.0692,-22.3038]]]}},{"type":"Feature","properties":{"cod_imovel":"RJ-3303906-EC9D6D79A99343BDB18CAEA9223754F6","num_area":"38.948800000000000000000000000000","ind_status":"AT","des_condic":"Aguardando analise"},"geometry":{"type":"Polygon","coordinates":[[[-43.3312,-22.4458],[-43.3293,-22.453],[-43.3359,-22.4461],[-43.332,-22.446],[-43.3312,-22.4458]],[[-43.3276,-22.4513],[-43.3244,-22.456],[-43.3276,-22.4513],[-43.3276,-22.4513]]]}},{"type":"Feature","properties":{"cod_imovel":"RJ-3303906-59C7EAEB01CC40878A7816B8CCAF26B5","num_area":"7.4947000000000000000000000000000","ind_status":"AT","des_condic":"Aguardando analise"},"geometry":{"type":"Polygon","coordinates":[[[-43.2706,-22.393],[-43.273,-22.3906],[-43.2705,-22.3929],[-43.2706,-22.393]],[[-43.272,-22.3908],[-43.2691,-22.39],[-43.272,-22.3908],[-43.272,-22.3908]]]}},{"type":"Feature","properties":{"cod_imovel":"RJ-3303906-972B630254784961995C653E23BF88DF","num_area":"40.890900000000000000000000000000","ind_status":"AT","des_condic":"Aguardando analise"},"geometry":{"type":"Polygon","coordinates":[[[-43.3427,-22.4034],[-43.3383,-22.404],[-43.3429,-22.4035],[-43.3427,-22.4034]],[[-43.3352,-22.4077],[-43.34,-22.4133],[-43.3443,-22.4097],[-43.3387,-22.4116],[-43.3406,-22.4058],[-43.3357,-22.4082],[-43.3352,-22.4077]]]}},{"type":"Feature","properties":{"cod_imovel":"RJ-3303856-25C6938AB59D4FCDAFE9E78EF7D8B7DB","num_area":"12.462500000000000000000000000000","ind_status":"AT","des_condic":"Aguardando analise"},"geometry":{"type":"Polygon","coordinates":[[[-43.3347,-22.4122],[-43.3411,-22.4135],[-43.3359,-22.4124],[-43.3347,-22.4122]]]}},{"type":"Feature","properties":{"cod_imovel":"RJ-3303906-1840DF5131894F3D854E2FA90E8C1785","num_area":"207.43910000000000000000000000000","ind_status":"AT","des_condic":"Aguardando analise"},"geometry":{"type":"Polygon","coordinates":[[[-43.1929,-22.3184],[-43.2017,-22.3222],[-43.193,-22.3184],[-43.1929,-22.3184]],[[-43.2092,-22.3103],[-43.2044,-22.3084],[-43.1928,-22.3178],[-43.201,-22.3141],[-43.2,-22.3193],[-43.2067,-22.3162],[-43.2144,-22.327],[-43.221,-22.3264],[-43.2204,-22.3226],[-43.2163,-22.3241],[-43.2194,-22.3206],[-43.211,-22.3227],[-43.2188,-22.3198],[-43.2145,-22.3136],[-43.211,-22.3181],[-43.207,-22.3162],[-43.2056,-22.3121],[-43.2109,-22.3102],[-43.2092,-22.3103]]]}},{"type":"Feature","properties":{"cod_imovel":"RJ-3303906-C9CEDB6220AC45768703343CD6762ED6","num_area":"9.5121000000000000000000000000000","ind_status":"AT","des_condic":"Aguardando analise"},"geometry":{"type":"Polygon","coordinates":[[[-43.1722,-22.4893],[-43.1664,-22.4877],[-43.1721,-22.4893],[-43.1722,-22.4893]],[[-43.1668,-22.4889],[-43.1665,-22.4928],[-43.1663,-22.4892],[-43.1668,-22.4889]]]}},{"type":"Feature","properties":{"cod_imovel":"RJ-3303906-16E7FF8AD82E4E43BDE521B732058742","num_area":"95.188600000000000000000000000000","ind_status":"AT","des_condic":"Aguardando analise, apos revisao ou atendimento da notificacao"},"geometry":{"type":"Polygon","coordinates":[[[-43.0858,-22.2499],[-43.0836,-22.2569],[-43.0847,-22.2484],[-43.0806,-22.2551],[-43.09,-22.2618],[-43.0927,-22.2538],[-43.0866,-22.2469],[-43.086,-22.25],[-43.0858,-22.2499]]]}},{"type":"Feature","properties":{"cod_imovel":"RJ-3303906-0C227A008A7B41BB859DCCF24817966A","num_area":"17.539500000000000000000000000000","ind_status":"AT","des_condic":"Aguardando analise"},"geometry":{"type":"Polygon","coordinates":[[[-43.3362,-22.4411],[-43.3343,-22.4438],[-43.3361,-22.4412],[-43.3362,-22.4411]],[[-43.3402,-22.4406],[-43.3418,-22.4359],[-43.34,-22.4405],[-43.3402,-22.4406]]]}},{"type":"Feature","properties":{"cod_imovel":"RJ-3303906-92541C8B7E89451F8EA4B2E188C6F314","num_area":"3.6666000000000000000000000000000","ind_status":"AT","des_condic":"Aguardando analise"},"geometry":{"type":"Polygon","coordinates":[[[-43.1715,-22.4347],[-43.1649,-22.4315],[-43.1713,-22.4348],[-43.1715,-22.4347]]]}},{"type":"Feature","properties":{"cod_imovel":"RJ-3303906-D507A1273C2943768D34A06ADCFDBB3D","num_area":"3.2213000000000000000000000000000","ind_status":"AT","des_condic":"Aguardando analise"},"geometry":{"type":"Polygon","coordinates":[[[-43.0896,-22.4281],[-43.0864,-22.4301],[-43.0896,-22.4281],[-43.0896,-22.4281]]]}},{"type":"Feature","properties":{"cod_imovel":"RJ-3303906-F2D0D622FC624A68BFE5C921E8BD69EB","num_area":"4.1252000000000000000000000000000","ind_status":"AT","des_condic":"Aguardando analise"},"geometry":{"type":"Polygon","coordinates":[[[-43.1013,-22.4267],[-43.096,-22.4255],[-43.1031,-22.4327],[-43.1016,-22.427],[-43.1013,-22.4267]]]}},{"type":"Feature","properties":{"cod_imovel":"RJ-3303906-6160D74B391745B48C524762236E31B0","num_area":"8.4826000000000000000000000000000","ind_status":"AT","des_condic":"Aguardando analise"},"geometry":{"type":"Polygon","coordinates":[[[-43.0896,-22.41],[-43.0851,-22.4196],[-43.0897,-22.41],[-43.0896,-22.41]]]}},{"type":"Feature","properties":{"cod_imovel":"RJ-3303906-4A605E4178D54AA5889E4E9B77646F03","num_area":"69.036400000000000000000000000000","ind_status":"AT","des_condic":"Aguardando analise"},"geometry":{"type":"Polygon","coordinates":[[[-43.2909,-22.3986],[-43.2954,-22.3959],[-43.2906,-22.3983],[-43.2909,-22.3986]],[[-43.2952,-22.3971],[-43.2908,-22.4023],[-43.301,-22.4007],[-43.2952,-22.397],[-43.2952,-22.3971]],[[-43.2892,-22.4084],[-43.285,-22.413],[-43.2914,-22.4128],[-43.2853,-22.4121],[-43.293,-22.4088],[-43.2923,-22.4043],[-43.2893,-22.4082],[-43.2892,-22.4084]]]}},{"type":"Feature","properties":{"cod_imovel":"RJ-3303906-FE6D5F67928F4830B9CE989369EDBC6D","num_area":"46.313300000000000000000000000000","ind_status":"AT","des_condic":"Aguardando analise"},"geometry":{"type":"Polygon","coordinates":[[[-43.333,-22.4347],[-43.3368,-22.4324],[-43.3332,-22.435],[-43.333,-22.4347]],[[-43.3318,-22.435],[-43.3207,-22.4334],[-43.3231,-22.4383],[-43.3292,-22.4384],[-43.3263,-22.4409],[-43.3318,-22.435],[-43.3318,-22.435]]]}},{"type":"Feature","properties":{"cod_imovel":"RJ-3303906-6AB8F60BF1B748E98B9FE4E7124EA76A","num_area":"1.5947000000000000000000000000000","ind_status":"AT","des_condic":"Aguardando analise"},"geometry":{"type":"Polygon","coordinates":[[[-43.0924,-22.4193],[-43.0903,-22.422],[-43.0929,-22.4203],[-43.0924,-22.4193]]]}},{"type":"Feature","properties":{"cod_imovel":"RJ-3303906-24C9ACFE013E4A8E9A7C95AB61A29E00","num_area":"90.594600000000000000000000000000","ind_status":"AT","des_condic":"Aguardando analise"},"geometry":{"type":"Polygon","coordinates":[[[-43.1755,-22.4578],[-43.1699,-22.4595],[-43.1732,-22.4673],[-43.1682,-22.4654],[-43.1649,-22.4697],[-43.1725,-22.4698],[-43.1788,-22.4612],[-43.1755,-22.4578]],[[-43.1763,-22.4618],[-43.171,-22.4595],[-43.1763,-22.4618],[-43.1763,-22.4618]],[[-43.1705,-22.4633],[-43.166,-22.4663],[-43.1704,-22.4634],[-43.1705,-22.4633]],[[-43.1758,-22.4668],[-43.1775,-22.4641],[-43.1758,-22.4668],[-43.1758,-22.4668]]]}},{"type":"Feature","properties":{"cod_imovel":"RJ-3303906-67518647E9054CE18D07EC9112CC2F28","num_area":"3.0179000000000000000000000000000","ind_status":"AT","des_condic":"Aguardando analise"},"geometry":{"type":"Polygon","coordinates":[[[-43.2968,-22.4279],[-43.3076,-22.4156],[-43.2968,-22.4279],[-43.2968,-22.4279]]]}},{"type":"Feature","properties":{"cod_imovel":"RJ-3303906-838F0DBFC7A94802AE412F19355FA2EE","num_area":"8.8045000000000000000000000000000","ind_status":"AT","des_condic":"Em analise"},"geometry":{"type":"Polygon","coordinates":[[[-43.1478,-22.3435],[-43.1474,-22.3481],[-43.1481,-22.3436],[-43.1478,-22.3435]]]}},{"type":"Feature","properties":{"cod_imovel":"RJ-3303906-E989BF9957AA4EB4A8D6A8D92638BE3E","num_area":"9.6717000000000000000000000000000","ind_status":"AT","des_condic":"Aguardando analise"},"geometry":{"type":"Polygon","coordinates":[[[-43.0471,-22.4253],[-43.0507,-22.4275],[-43.0478,-22.4254],[-43.0471,-22.4253]],[[-43.0471,-22.4277],[-43.0525,-22.4295],[-43.0472,-22.4277],[-43.0471,-22.4277]]]}},{"type":"Feature","properties":{"cod_imovel":"RJ-3303906-058C20BBCA9B4B62ABAC0C1BA89B0D0A","num_area":"58.305900000000000000000000000000","ind_status":"AT","des_condic":"Aguardando analise"},"geometry":{"type":"Polygon","coordinates":[[[-43.2829,-22.3869],[-43.2755,-22.3851],[-43.2744,-22.3914],[-43.2815,-22.3925],[-43.2829,-22.3869]]]}},{"type":"Feature","properties":{"cod_imovel":"RJ-3303906-E366AE36161F45B8B0D5F8DA5A936B94","num_area":"13.011800000000000000000000000000","ind_status":"AT","des_condic":"Aguardando analise"},"geometry":{"type":"Polygon","coordinates":[[[-43.3322,-22.446],[-43.331,-22.4503],[-43.3326,-22.4461],[-43.3322,-22.446]]]}},{"type":"Feature","properties":{"cod_imovel":"RJ-3303906-38D73BFCCF5740A482123DE866CFEC08","num_area":"1049.3498000000000000000000000000","ind_status":"AT","des_condic":"Aguardando analise"},"geometry":{"type":"Polygon","coordinates":[[[-43.2489,-22.3841],[-43.2492,-22.3785],[-43.2386,-22.3834],[-43.2321,-22.3796],[-43.2366,-22.3801],[-43.233,-22.3741],[-43.2438,-22.374],[-43.2361,-22.3709],[-43.2479,-22.3686],[-43.2472,-22.3625],[-43.2346,-22.3672],[-43.2456,-22.3576],[-43.2348,-22.3587],[-43.2466,-22.3574],[-43.2468,-22.3476],[-43.221,-22.3468],[-43.228,-22.3578],[-43.2326,-22.3825],[-43.2464,-22.3857],[-43.2489,-22.3841]],[[-43.2275,-22.3468],[-43.2201,-22.3456],[-43.2278,-22.3468],[-43.2275,-22.3468]],[[-43.2313,-22.3804],[-43.2268,-22.384],[-43.2313,-22.3803],[-43.2313,-22.3804]],[[-43.24,-22.3393],[-43.2364,-22.344],[-43.2467,-22.347],[-43.2462,-22.3387],[-43.2426,-22.343],[-43.2411,-22.3392],[-43.24,-22.3393]],[[-43.2398,-22.3763],[-43.245,-22.3797],[-43.2399,-22.3762],[-43.2398,-22.3763]],[[-43.248,-22.3738],[-43.2441,-22.3809],[-43.2483,-22.3804],[-43.2473,-22.3688],[-43.2479,-22.3737],[-43.248,-22.3738]],[[-43.2488,-22.3845],[-43.2475,-22.3907],[-43.2488,-22.3845],[-43.2488,-22.3845]],[[-43.2517,-22.3419],[-43.2469,-22.339],[-43.2517,-22.3419],[-43.2517,-22.3419]],[[-43.2475,-22.3566],[-43.2476,-22.3615],[-43.2532,-22.3621],[-43.2476,-22.3565],[-43.2475,-22.3566]],[[-43.2642,-22.4041],[-43.2624,-22.3787],[-43.2591,-22.3841],[-43.2619,-22.3763],[-43.2578,-22.3721],[-43.2612,-22.3723],[-43.2611,-22.3652],[-43.2477,-22.362],[-43.2531,-22.3691],[-43.2478,-22.3698],[-43.2567,-22.3672],[-43.2511,-22.3724],[-43.2584,-22.3776],[-43.2514,-22.3731],[-43.2553,-22.38],[-43.2476,-22.3719],[-43.2554,-22.3818],[-43.2502,-22.3797],[-43.252,-22.3871],[-43.2557,-22.3893],[-43.2549,-22.3834],[-43.2622,-22.3902],[-43.2642,-22.4041],[-43.2642,-22.4041]],[[-43.252,-22.3425],[-43.2473,-22.3425],[-43.2474,-22.3476],[-43.251,-22.3432],[-43.252,-22.3425]],[[-43.2512,-22.3895],[-43.2573,-22.392],[-43.2512,-22.3895],[-43.2512,-22.3895]]]}},{"type":"Feature","properties":{"cod_imovel":"RJ-3303906-206CDAE601E541BC9AB2F8ECFDA84F7A","num_area":"15.911000000000000000000000000000","ind_status":"AT","des_condic":"Aguardando analise"},"geometry":{"type":"Polygon","coordinates":[[[-43.1985,-22.3922],[-43.1986,-22.4015],[-43.2017,-22.4009],[-43.1986,-22.3918],[-43.1985,-22.3922]]]}},{"type":"Feature","properties":{"cod_imovel":"RJ-3303906-C68FCB472D794992B055275C688803FE","num_area":"11.025500000000000000000000000000","ind_status":"AT","des_condic":"Aguardando analise"},"geometry":{"type":"Polygon","coordinates":[[[-43.1996,-22.3938],[-43.2017,-22.4009],[-43.1998,-22.3946],[-43.1996,-22.3938]],[[-43.203,-22.4],[-43.2002,-22.3931],[-43.203,-22.3999],[-43.203,-22.4]]]}},{"type":"Feature","properties":{"cod_imovel":"RJ-3303906-3AE36A8BF5C74C37B83883E64A0D9A1E","num_area":"13.287800000000000000000000000000","ind_status":"AT","des_condic":"Aguardando analise"},"geometry":{"type":"Polygon","coordinates":[[[-43.2002,-22.3931],[-43.2043,-22.3985],[-43.2055,-22.3929],[-43.202,-22.3955],[-43.2002,-22.3931]]]}},{"type":"Feature","properties":{"cod_imovel":"RJ-3303906-03D3A772DC6940B6B549DDD635E7FFB3","num_area":"5.7195000000000000000000000000000","ind_status":"AT","des_condic":"Aguardando analise"},"geometry":{"type":"Polygon","coordinates":[[[-43.2062,-22.3897],[-43.2003,-22.388],[-43.1999,-22.392],[-43.2061,-22.3886],[-43.2062,-22.3897]]]}},{"type":"Feature","properties":{"cod_imovel":"RJ-3303906-CB5B20C27FE34613BCD471C12336E286","num_area":"1.9769000000000000000000000000000","ind_status":"AT","des_condic":"Aguardando analise"},"geometry":{"type":"Polygon","coordinates":[[[-43.2003,-22.388],[-43.1972,-22.3882],[-43.1999,-22.392],[-43.2003,-22.388]]]}},{"type":"Feature","properties":{"cod_imovel":"RJ-3303906-5029BCEEE9D94F69B2559CFF3757F896","num_area":"5.1403000000000000000000000000000","ind_status":"AT","des_condic":"Aguardando analise"},"geometry":{"type":"Polygon","coordinates":[[[-43.2037,-22.3626],[-43.2064,-22.3679],[-43.2034,-22.3638],[-43.2037,-22.3626]]]}},{"type":"Feature","properties":{"cod_imovel":"RJ-3303906-ED571FD850234084B5A1A855201E4C1E","num_area":"14.074600000000000000000000000000","ind_status":"AT","des_condic":"Analisado, aguardando atendimento a notificacao"},"geometry":{"type":"Polygon","coordinates":[[[-43.1305,-22.2883],[-43.1292,-22.2855],[-43.1305,-22.2883],[-43.1305,-22.2883]],[[-43.1348,-22.2883],[-43.1265,-22.2886],[-43.1367,-22.2854],[-43.1347,-22.2883],[-43.1348,-22.2883]]]}},{"type":"Feature","properties":{"cod_imovel":"RJ-3303906-BF6B9495A02347218DFC55CF0CF7DEEF","num_area":"8.8004000000000000000000000000000","ind_status":"AT","des_condic":"Aguardando analise"},"geometry":{"type":"Polygon","coordinates":[[[-43.1944,-22.3884],[-43.1945,-22.3848],[-43.1941,-22.3883],[-43.1944,-22.3884]],[[-43.1988,-22.3881],[-43.1956,-22.3844],[-43.1988,-22.3881],[-43.1988,-22.3881]]]}},{"type":"Feature","properties":{"cod_imovel":"RJ-3303906-79D27C6892704AF08A94357380E44711","num_area":"48.339000000000000000000000000000","ind_status":"AT","des_condic":"Aguardando analise"},"geometry":{"type":"Polygon","coordinates":[[[-43.2718,-22.3898],[-43.2754,-22.3906],[-43.2725,-22.3896],[-43.2718,-22.3898]],[[-43.2722,-22.386],[-43.2681,-22.383],[-43.2726,-22.3863],[-43.2722,-22.386]],[[-43.2645,-22.3851],[-43.2741,-22.3871],[-43.2649,-22.3845],[-43.2645,-22.3851]]]}},{"type":"Feature","properties":{"cod_imovel":"RJ-3303906-B392BA5168954FEB8043A588A64AD8A7","num_area":"8.6313000000000000000000000000000","ind_status":"AT","des_condic":"Aguardando analise"},"geometry":{"type":"Polygon","coordinates":[[[-43.268,-22.4277],[-43.2709,-22.426],[-43.2667,-22.4234],[-43.2678,-22.4276],[-43.268,-22.4277]]]}},{"type":"Feature","properties":{"cod_imovel":"RJ-3303906-B7D517D95941444B8DB3ABE39AFA7C4E","num_area":"53.489400000000000000000000000000","ind_status":"AT","des_condic":"Analisado, aguardando atendimento a notificacao"},"geometry":{"type":"Polygon","coordinates":[[[-43.131,-22.3519],[-43.1214,-22.3505],[-43.1308,-22.3582],[-43.1255,-22.3583],[-43.1324,-22.3603],[-43.1315,-22.352],[-43.131,-22.3519]]]}},{"type":"Feature","properties":{"cod_imovel":"RJ-3303906-BA999F692C004DFD8A33CF2CC20486EC","num_area":"10.482400000000000000000000000000","ind_status":"AT","des_condic":"Aguardando analise"},"geometry":{"type":"Polygon","coordinates":[[[-43.1483,-22.516],[-43.1435,-22.5177],[-43.1483,-22.5167],[-43.1483,-22.516]]]}},{"type":"Feature","properties":{"cod_imovel":"RJ-3303906-7F79288EC89940C980B40AF921A5F882","num_area":"8.3644000000000000000000000000000","ind_status":"AT","des_condic":"Aguardando analise"},"geometry":{"type":"Polygon","coordinates":[[[-43.1463,-22.5],[-43.1435,-22.5031],[-43.1463,-22.5],[-43.1463,-22.5]],[[-43.1432,-22.5029],[-43.1461,-22.5006],[-43.1432,-22.5028],[-43.1432,-22.5029]]]}},{"type":"Feature","properties":{"cod_imovel":"RJ-3303906-1C51E6D88B6E47CF970ED7F8154D63FD","num_area":"0.9054000000000000000000000000000","ind_status":"AT","des_condic":"Aguardando analise"},"geometry":{"type":"Polygon","coordinates":[[[-43.1336,-22.4951],[-43.1321,-22.4907],[-43.1335,-22.4951],[-43.1336,-22.4951]]]}},{"type":"Feature","properties":{"cod_imovel":"RJ-3303906-C139358252094766AEC2EB30991E422A","num_area":"24.748300000000000000000000000000","ind_status":"AT","des_condic":"Aguardando analise"},"geometry":{"type":"Polygon","coordinates":[[[-43.1089,-22.402],[-43.1097,-22.405],[-43.1086,-22.4018],[-43.1089,-22.402]],[[-43.1103,-22.4041],[-43.1151,-22.4068],[-43.1103,-22.4041],[-43.1103,-22.4041]],[[-43.1124,-22.4078],[-43.1122,-22.414],[-43.1124,-22.4078],[-43.1124,-22.4078]],[[-43.1141,-22.4118],[-43.1178,-22.4119],[-43.1142,-22.4117],[-43.1141,-22.4118]]]}},{"type":"Feature","properties":{"cod_imovel":"RJ-3303906-BC1201E8877A450894B21EC1EE99CA3C","num_area":"17.246200000000000000000000000000","ind_status":"AT","des_condic":"Aguardando analise"},"geometry":{"type":"Polygon","coordinates":[[[-43.1025,-22.4676],[-43.0988,-22.472],[-43.1046,-22.472],[-43.1025,-22.4678],[-43.1025,-22.4676]]]}},{"type":"Feature","properties":{"cod_imovel":"RJ-3303906-3449893709AB4E9DAA51A4FE0611C48C","num_area":"33.500200000000000000000000000000","ind_status":"AT","des_condic":"Analisado, aguardando atendimento a notificacao"},"geometry":{"type":"Polygon","coordinates":[[[-43.1246,-22.4037],[-43.1234,-22.4093],[-43.1245,-22.4051],[-43.1328,-22.4059],[-43.1315,-22.4013],[-43.1252,-22.4039],[-43.1246,-22.4037]]]}},{"type":"Feature","properties":{"cod_imovel":"RJ-3303906-D198269225344833A28BB24DD013560D","num_area":"13.879100000000000000000000000000","ind_status":"AT","des_condic":"Aguardando analise"},"geometry":{"type":"Polygon","coordinates":[[[-43.1848,-22.4289],[-43.1831,-22.435],[-43.185,-22.4289],[-43.1848,-22.4289]]]}},{"type":"Feature","properties":{"cod_imovel":"RJ-3303906-A073B49F179B48228B536BEF2F5604A0","num_area":"15.918900000000000000000000000000","ind_status":"AT","des_condic":"Aguardando analise"},"geometry":{"type":"Polygon","coordinates":[[[-43.1822,-22.4298],[-43.1791,-22.4329],[-43.1823,-22.4298],[-43.1822,-22.4298]]]}},{"type":"Feature","properties":{"cod_imovel":"RJ-3303906-A8DE2DBD64A04FE0BEB630DF7DA33855","num_area":"20.451900000000000000000000000000","ind_status":"AT","des_condic":"Aguardando analise"},"geometry":{"type":"Polygon","coordinates":[[[-43.177,-22.4296],[-43.1835,-22.4294],[-43.1775,-22.427],[-43.177,-22.4296]]]}},{"type":"Feature","properties":{"cod_imovel":"RJ-3303906-3A5F7CE88E384F2C975BBBE1F6B539D7","num_area":"24.870200000000000000000000000000","ind_status":"AT","des_condic":"Aguardando analise"},"geometry":{"type":"Polygon","coordinates":[[[-43.1759,-22.427],[-43.171,-22.4329],[-43.1761,-22.4264],[-43.1759,-22.427]]]}},{"type":"Feature","properties":{"cod_imovel":"RJ-3303906-05B8E6819C12455DAA5420ED070E99F2","num_area":"3.4354000000000000000000000000000","ind_status":"AT","des_condic":"Aguardando analise"},"geometry":{"type":"Polygon","coordinates":[[[-43.1763,-22.4334],[-43.1796,-22.4339],[-43.1762,-22.4334],[-43.1763,-22.4334]]]}},{"type":"Feature","properties":{"cod_imovel":"RJ-3303906-F358458D5A654EE9BFA9D7AF380DFDE3","num_area":"60.547700000000000000000000000000","ind_status":"AT","des_condic":"Aguardando analise"},"geometry":{"type":"Polygon","coordinates":[[[-43.1733,-22.433],[-43.1927,-22.4414],[-43.185,-22.4344],[-43.1871,-22.4311],[-43.1831,-22.435],[-43.173,-22.4327],[-43.1733,-22.433]]]}},{"type":"Feature","properties":{"cod_imovel":"RJ-3303906-34D7B14A5FBA4C3A8BD0059B61C164DA","num_area":"14.284900000000000000000000000000","ind_status":"AT","des_condic":"Aguardando analise"},"geometry":{"type":"Polygon","coordinates":[[[-43.2737,-22.4186],[-43.2764,-22.4262],[-43.2767,-22.4217],[-43.2737,-22.4186]]]}},{"type":"Feature","properties":{"cod_imovel":"RJ-3303906-FBC03CB18EC8413C9C0EFFD77E24E043","num_area":"4.4250000000000000000000000000000","ind_status":"AT","des_condic":"Aguardando analise"},"geometry":{"type":"Polygon","coordinates":[[[-43.1318,-22.4957],[-43.1271,-22.4989],[-43.1317,-22.4955],[-43.1318,-22.4957]]]}},{"type":"Feature","properties":{"cod_imovel":"RJ-3303906-D6772F0CD75C4D8E9ED3B8A80ECA8E0B","num_area":"8.5547000000000000000000000000000","ind_status":"AT","des_condic":"Aguardando analise"},"geometry":{"type":"Polygon","coordinates":[[[-43.3648,-22.4491],[-43.3642,-22.4433],[-43.3642,-22.4483],[-43.3648,-22.4491]]]}},{"type":"Feature","properties":{"cod_imovel":"RJ-3303906-B2C744F0329747F48B493EA9DCE130DE","num_area":"156.30270000000000000000000000000","ind_status":"AT","des_condic":"Aguardando analise"},"geometry":{"type":"Polygon","coordinates":[[[-43.2892,-22.4099],[-43.2808,-22.4064],[-43.2889,-22.4101],[-43.2892,-22.4099]],[[-43.2808,-22.4065],[-43.2773,-22.4091],[-43.2811,-22.4068],[-43.2808,-22.4065]],[[-43.2777,-22.4074],[-43.2761,-22.4131],[-43.2694,-22.4124],[-43.2694,-22.4082],[-43.2583,-22.4136],[-43.2652,-22.4175],[-43.283,-22.4158],[-43.2777,-22.4075],[-43.2777,-22.4074]],[[-43.2759,-22.4077],[-43.2721,-22.4099],[-43.2758,-22.4078],[-43.2759,-22.4077]]]}},{"type":"Feature","properties":{"cod_imovel":"RJ-3303906-7B8A3129C4374B2590AFEE7354014994","num_area":"1.8906000000000000000000000000000","ind_status":"AT","des_condic":"Aguardando analise"},"geometry":{"type":"Polygon","coordinates":[[[-43.1327,-22.4949],[-43.1321,-22.492],[-43.1326,-22.495],[-43.1327,-22.4949]]]}},{"type":"Feature","properties":{"cod_imovel":"RJ-3303906-EE45BDDE53034963858EB496F8876F25","num_area":"11.917200000000000000000000000000","ind_status":"AT","des_condic":"Em analise"},"geometry":{"type":"Polygon","coordinates":[[[-43.1448,-22.3433],[-43.1406,-22.3436],[-43.1402,-22.35],[-43.1445,-22.3433],[-43.1448,-22.3433]]]}},{"type":"Feature","properties":{"cod_imovel":"RJ-3303906-A3E6294DFDEC48908BA7856011BC0E50","num_area":"155.39660000000000000000000000000","ind_status":"AT","des_condic":"Analisado, aguardando atendimento a notificacao"},"geometry":{"type":"Polygon","coordinates":[[[-43.1252,-22.3543],[-43.1256,-22.3579],[-43.1248,-22.3536],[-43.1252,-22.3543]],[[-43.1257,-22.3587],[-43.1287,-22.3662],[-43.133,-22.364],[-43.1257,-22.3585],[-43.1257,-22.3587]],[[-43.142,-22.3589],[-43.1511,-22.3546],[-43.1414,-22.3602],[-43.1474,-22.3615],[-43.1527,-22.3548],[-43.1439,-22.3576],[-43.146,-22.3539],[-43.1265,-22.3512],[-43.1316,-22.3562],[-43.1408,-22.3546],[-43.1421,-22.3587],[-43.142,-22.3589]],[[-43.1387,-22.361],[-43.1314,-22.365],[-43.1397,-22.3609],[-43.1387,-22.361]],[[-43.1284,-22.3666],[-43.1285,-22.37],[-43.1314,-22.3651],[-43.1284,-22.3666]]]}},{"type":"Feature","properties":{"cod_imovel":"RJ-3303906-90D94CF63FFA431FB1D6585DD4F425A0","num_area":"29.069900000000000000000000000000","ind_status":"AT","des_condic":"Aguardando analise"},"geometry":{"type":"Polygon","coordinates":[[[-43.3034,-22.4044],[-43.2955,-22.408],[-43.3065,-22.4072],[-43.3034,-22.4044],[-43.3034,-22.4044]],[[-43.2917,-22.4114],[-43.2959,-22.41],[-43.2921,-22.4107],[-43.2917,-22.4114]]]}},{"type":"Feature","properties":{"cod_imovel":"RJ-3303906-EAB328036AD44A5290D1C9D3AF52CACF","num_area":"42.322800000000000000000000000000","ind_status":"AT","des_condic":"Aguardando analise"},"geometry":{"type":"Polygon","coordinates":[[[-43.0799,-22.4244],[-43.0763,-22.4244],[-43.0795,-22.4244],[-43.0799,-22.4244]],[[-43.0731,-22.423],[-43.0754,-22.4254],[-43.0732,-22.423],[-43.0731,-22.423]],[[-43.0756,-22.4256],[-43.0803,-22.4272],[-43.0757,-22.4257],[-43.0756,-22.4256]],[[-43.0754,-22.4227],[-43.0791,-22.4181],[-43.0753,-22.4227],[-43.0754,-22.4227]],[[-43.0787,-22.4123],[-43.0733,-22.4225],[-43.0807,-22.4142],[-43.0787,-22.4123]]]}},{"type":"Feature","properties":{"cod_imovel":"RJ-3303906-9B260AAFF34E4DF1B85EB57A18131AAC","num_area":"3.1513000000000000000000000000000","ind_status":"AT","des_condic":"Aguardando analise"},"geometry":{"type":"Polygon","coordinates":[[[-43.0962,-22.4308],[-43.0982,-22.4333],[-43.0962,-22.4308],[-43.0962,-22.4308]]]}},{"type":"Feature","properties":{"cod_imovel":"RJ-3303906-E898827FA28D4ED6A872348C72AFACFB","num_area":"10.201100000000000000000000000000","ind_status":"AT","des_condic":"Aguardando analise"},"geometry":{"type":"Polygon","coordinates":[[[-43.3561,-22.4322],[-43.3598,-22.4285],[-43.3513,-22.4341],[-43.3559,-22.4317],[-43.3561,-22.4322]]]}},{"type":"Feature","properties":{"cod_imovel":"RJ-3303906-E54E0665DA024D19A9F0CC706ABF0AE0","num_area":"33.526900000000000000000000000000","ind_status":"AT","des_condic":"Aguardando analise"},"geometry":{"type":"Polygon","coordinates":[[[-43.1246,-22.4037],[-43.1234,-22.4093],[-43.1245,-22.4051],[-43.1328,-22.4059],[-43.1315,-22.4013],[-43.1252,-22.4039],[-43.1246,-22.4037]]]}},{"type":"Feature","properties":{"cod_imovel":"RJ-3303906-6CBB93CEE61A4E49BC554C16EFEC53E4","num_area":"17.069400000000000000000000000000","ind_status":"AT","des_condic":"Aguardando analise"},"geometry":{"type":"Polygon","coordinates":[[[-43.2142,-22.3694],[-43.21,-22.3711],[-43.2135,-22.3707],[-43.2142,-22.3694]],[[-43.2093,-22.3653],[-43.2061,-22.3636],[-43.2101,-22.3654],[-43.2093,-22.3653]],[[-43.2119,-22.3666],[-43.209,-22.3656],[-43.2119,-22.3666],[-43.2119,-22.3666]]]}},{"type":"Feature","properties":{"cod_imovel":"RJ-3303906-B5FE714585364DD0AA04BA82C94EC79C","num_area":"44.104600000000000000000000000000","ind_status":"AT","des_condic":"Aguardando analise"},"geometry":{"type":"Polygon","coordinates":[[[-43.0888,-22.4051],[-43.0837,-22.4065],[-43.0843,-22.4111],[-43.0876,-22.406],[-43.0888,-22.4051]],[[-43.0832,-22.4095],[-43.08,-22.4111],[-43.0832,-22.4096],[-43.0832,-22.4095]],[[-43.0799,-22.4113],[-43.086,-22.4122],[-43.0799,-22.4113],[-43.0799,-22.4113]]]}},{"type":"Feature","properties":{"cod_imovel":"RJ-3303906-34E93B7696BD476DBCA5AC9C07E6C80C","num_area":"10.533200000000000000000000000000","ind_status":"AT","des_condic":"Em analise"},"geometry":{"type":"Polygon","coordinates":[[[-43.3402,-22.4456],[-43.3405,-22.4423],[-43.3397,-22.446],[-43.3402,-22.4456]]]}},{"type":"Feature","properties":{"cod_imovel":"RJ-3303906-4CB4335E70254AE4B0F91B2333200B4C","num_area":"7.1490000000000000000000000000000","ind_status":"AT","des_condic":"Aguardando analise"},"geometry":{"type":"Polygon","coordinates":[[[-43.1942,-22.3884],[-43.1969,-22.391],[-43.1943,-22.3884],[-43.1942,-22.3884]]]}},{"type":"Feature","properties":{"cod_imovel":"RJ-3303906-AC0AC431D49B479CB7E41A56855F713B","num_area":"98.322000000000000000000000000000","ind_status":"AT","des_condic":"Analisado, aguardando atendimento a notificacao"},"geometry":{"type":"Polygon","coordinates":[[[-43.2928,-22.4279],[-43.2961,-22.432],[-43.2943,-22.4281],[-43.2965,-22.4313],[-43.2991,-22.4274],[-43.2928,-22.4278],[-43.2928,-22.4279]],[[-43.2992,-22.4273],[-43.2951,-22.4265],[-43.2992,-22.4273],[-43.2992,-22.4273]],[[-43.3047,-22.4224],[-43.3095,-22.4133],[-43.3047,-22.4223],[-43.3047,-22.4224]],[[-43.3059,-22.4145],[-43.2932,-22.4215],[-43.3062,-22.4152],[-43.3059,-22.4145]]]}},{"type":"Feature","properties":{"cod_imovel":"RJ-3303906-4608F6B3E0C6415FAEA533C0194A4F52","num_area":"4.5099000000000000000000000000000","ind_status":"AT","des_condic":"Aguardando analise"},"geometry":{"type":"Polygon","coordinates":[[[-43.2032,-22.3085],[-43.201,-22.3109],[-43.2032,-22.3085],[-43.2032,-22.3085]]]}},{"type":"Feature","properties":{"cod_imovel":"RJ-3303906-93EB7670A6E64E53BD52F8144004A18C","num_area":"3.4795000000000000000000000000000","ind_status":"AT","des_condic":"Aguardando analise"},"geometry":{"type":"Polygon","coordinates":[[[-43.0546,-22.3098],[-43.0568,-22.3123],[-43.0546,-22.3098],[-43.0546,-22.3098]]]}},{"type":"Feature","properties":{"cod_imovel":"RJ-3303906-8255B8F6CBAE49C8AF368B797207952A","num_area":"5.1907000000000000000000000000000","ind_status":"AT","des_condic":"Aguardando analise"},"geometry":{"type":"Polygon","coordinates":[[[-43.0755,-22.3497],[-43.0797,-22.3538],[-43.0755,-22.3496],[-43.0755,-22.3497]]]}},{"type":"Feature","properties":{"cod_imovel":"RJ-3303906-2533A2E283C3431898DCCC251CD54C8E","num_area":"18.898900000000000000000000000000","ind_status":"AT","des_condic":"Aguardando analise"},"geometry":{"type":"Polygon","coordinates":[[[-43.201,-22.3109],[-43.1917,-22.3136],[-43.201,-22.311],[-43.201,-22.3109]]]}},{"type":"Feature","properties":{"cod_imovel":"RJ-3303906-E42D81F3109D4B6CAEB89857518CEFEA","num_area":"3.1829000000000000000000000000000","ind_status":"AT","des_condic":"Aguardando analise"},"geometry":{"type":"Polygon","coordinates":[[[-43.2116,-22.38],[-43.2097,-22.383],[-43.2118,-22.3803],[-43.2116,-22.38]]]}},{"type":"Feature","properties":{"cod_imovel":"RJ-3303906-C32E7C94C8A04CF39824603982653E07","num_area":"15.080300000000000000000000000000","ind_status":"AT","des_condic":"Aguardando analise"},"geometry":{"type":"Polygon","coordinates":[[[-43.0247,-22.215],[-43.0271,-22.2098],[-43.0217,-22.2142],[-43.0247,-22.215]]]}},{"type":"Feature","properties":{"cod_imovel":"RJ-3303906-3520C07E89C449EAAEC28ECC6BB3811F","num_area":"6.7640000000000000000000000000000","ind_status":"AT","des_condic":"Aguardando analise"},"geometry":{"type":"Polygon","coordinates":[[[-42.9918,-22.2441],[-42.9926,-22.2476],[-42.9918,-22.2443],[-42.9918,-22.2441]]]}},{"type":"Feature","properties":{"cod_imovel":"RJ-3303906-5E1FE1CF895C4555A76646352BCD53CF","num_area":"5.1908000000000000000000000000000","ind_status":"AT","des_condic":"Aguardando analise"},"geometry":{"type":"Polygon","coordinates":[[[-43.2728,-22.4308],[-43.271,-22.4269],[-43.2686,-22.4308],[-43.2721,-22.429],[-43.2728,-22.4308]]]}},{"type":"Feature","properties":{"cod_imovel":"RJ-3303906-187781E201E44092B6131BA2518EC7E7","num_area":"10.489600000000000000000000000000","ind_status":"AT","des_condic":"Aguardando analise"},"geometry":{"type":"Polygon","coordinates":[[[-43.0758,-22.3185],[-43.0729,-22.3215],[-43.0758,-22.3184],[-43.0758,-22.3185]]]}},{"type":"Feature","properties":{"cod_imovel":"RJ-3303906-1C965D99F2F6488CB005BB71188ACF74","num_area":"6.0137000000000000000000000000000","ind_status":"AT","des_condic":"Aguardando analise"},"geometry":{"type":"Polygon","coordinates":[[[-43.2473,-22.3476],[-43.251,-22.3498],[-43.2476,-22.3482],[-43.2473,-22.3476]]]}},{"type":"Feature","properties":{"cod_imovel":"RJ-3303906-76E86677704447679472CB1FEEA9DC47","num_area":"5.0793000000000000000000000000000","ind_status":"AT","des_condic":"Aguardando analise"},"geometry":{"type":"Polygon","coordinates":[[[-43.2939,-22.4298],[-43.2929,-22.4331],[-43.2939,-22.43],[-43.2939,-22.4298]]]}},{"type":"Feature","properties":{"cod_imovel":"RJ-3303906-EABD44D57F8E4494979D72E7C68D959E","num_area":"4.8386000000000000000000000000000","ind_status":"AT","des_condic":"Aguardando analise"},"geometry":{"type":"Polygon","coordinates":[[[-43.3036,-22.4193],[-43.2989,-22.4206],[-43.3019,-22.4213],[-43.3036,-22.4193]]]}},{"type":"Feature","properties":{"cod_imovel":"RJ-3303906-EAF6BD917721479590453DAA089DF970","num_area":"0.1625000000000000000000000000000","ind_status":"AT","des_condic":"Aguardando analise"},"geometry":{"type":"Polygon","coordinates":[[[-43.3536,-22.4363],[-43.3587,-22.4392],[-43.3613,-22.4352],[-43.3574,-22.4339],[-43.3613,-22.4352],[-43.3587,-22.4392],[-43.3536,-22.4363],[-43.3536,-22.4363]]]}},{"type":"Feature","properties":{"cod_imovel":"RJ-3303906-D072751E9C584538BFACBBF595CF1BE5","num_area":"7.4783000000000000000000000000000","ind_status":"AT","des_condic":"Aguardando analise"},"geometry":{"type":"Polygon","coordinates":[[[-43.2935,-22.4279],[-43.2923,-22.4327],[-43.2934,-22.428],[-43.2935,-22.4279]]]}},{"type":"Feature","properties":{"cod_imovel":"RJ-3303906-85E3224E98B44AE8BD952B3AD915543F","num_area":"9.8234000000000000000000000000000","ind_status":"AT","des_condic":"Aguardando analise, apos revisao ou atendimento da notificacao"},"geometry":{"type":"Polygon","coordinates":[[[-43.1655,-22.4412],[-43.1646,-22.4451],[-43.1657,-22.4411],[-43.1655,-22.4412]]]}},{"type":"Feature","properties":{"cod_imovel":"RJ-3303906-23805E2ACFF34C0A8D7B6E99777A4D96","num_area":"54.556800000000000000000000000000","ind_status":"AT","des_condic":"Aguardando analise, apos revisao ou atendimento da notificacao"},"geometry":{"type":"Polygon","coordinates":[[[-43.1508,-22.4294],[-43.1398,-22.4149],[-43.1468,-22.4245],[-43.1435,-22.4265],[-43.1507,-22.4294],[-43.1508,-22.4294]]]}},{"type":"Feature","properties":{"cod_imovel":"RJ-3300225-EFD0B7B477AF42B5A4925ECA040A978C","num_area":"93.342700000000000000000000000000","ind_status":"AT","des_condic":"Aguardando analise"},"geometry":{"type":"Polygon","coordinates":[[[-43.0925,-22.2645],[-43.09,-22.2669],[-43.1019,-22.2708],[-43.0925,-22.2645],[-43.0925,-22.2645]],[[-43.0901,-22.2677],[-43.0844,-22.2693],[-43.0905,-22.2709],[-43.0902,-22.2678],[-43.0901,-22.2677]],[[-43.0989,-22.2743],[-43.1062,-22.2811],[-43.1119,-22.2769],[-43.1168,-22.28],[-43.1118,-22.2739],[-43.1056,-22.2737],[-43.1048,-22.2794],[-43.1002,-22.2751],[-43.0989,-22.2743]],[[-43.0926,-22.2806],[-43.1062,-22.2811],[-43.096,-22.2813],[-43.0986,-22.2782],[-43.0944,-22.277],[-43.0928,-22.2806],[-43.0926,-22.2806]],[[-43.1074,-22.2731],[-43.1029,-22.2732],[-43.1068,-22.2729],[-43.1074,-22.2731]]]}},{"type":"Feature","properties":{"cod_imovel":"RJ-3303906-0CEBE6F805DC450CB66AF713504DCAC8","num_area":"34.081500000000000000000000000000","ind_status":"AT","des_condic":"Aguardando analise"},"geometry":{"type":"Polygon","coordinates":[[[-43.1684,-22.3298],[-43.1665,-22.3352],[-43.1728,-22.3347],[-43.1722,-22.3294],[-43.1684,-22.3298],[-43.1684,-22.3298]],[[-43.1722,-22.3294],[-43.1692,-22.3299],[-43.1722,-22.3292],[-43.1722,-22.3294]]]}},{"type":"Feature","properties":{"cod_imovel":"RJ-3303906-E8AC18D9C3144CF5BF900DBE45E52066","num_area":"165.28580000000000000000000000000","ind_status":"AT","des_condic":"Em analise"},"geometry":{"type":"Polygon","coordinates":[[[-43.2214,-22.3171],[-43.2271,-22.3155],[-43.2217,-22.3165],[-43.2214,-22.3171]],[[-43.2366,-22.3113],[-43.2263,-22.31],[-43.2237,-22.305],[-43.2146,-22.3101],[-43.2211,-22.317],[-43.2236,-22.3132],[-43.2189,-22.3058],[-43.227,-22.3165],[-43.2317,-22.316],[-43.2264,-22.3101],[-43.2317,-22.3163],[-43.2364,-22.3116],[-43.2366,-22.3113]],[[-43.2151,-22.3119],[-43.2173,-22.3167],[-43.2153,-22.3123],[-43.2151,-22.3119]]]}},{"type":"Feature","properties":{"cod_imovel":"RJ-3303906-F4A25A2721714C6FAA806B7FD3229858","num_area":"2.3459000000000000000000000000000","ind_status":"AT","des_condic":"Aguardando analise"},"geometry":{"type":"Polygon","coordinates":[[[-43.0349,-22.263],[-43.0384,-22.2618],[-43.0348,-22.2629],[-43.0349,-22.263]]]}},{"type":"Feature","properties":{"cod_imovel":"RJ-3303906-B68BE64CD08B4927AB63E6A8CAFECAEE","num_area":"13.841500000000000000000000000000","ind_status":"AT","des_condic":"Aguardando analise"},"geometry":{"type":"Polygon","coordinates":[[[-43.0229,-22.321],[-43.028,-22.3236],[-43.0246,-22.3212],[-43.0229,-22.321]]]}},{"type":"Feature","properties":{"cod_imovel":"RJ-3303906-B31B6C913072470692A9CB30671E5E2F","num_area":"55.982400000000000000000000000000","ind_status":"AT","des_condic":"Aguardando analise"},"geometry":{"type":"Polygon","coordinates":[[[-43.0189,-22.296],[-43.0141,-22.2936],[-43.0189,-22.296],[-43.0189,-22.296]],[[-43.0147,-22.3013],[-43.0231,-22.307],[-43.0289,-22.301],[-43.0221,-22.2974],[-43.0269,-22.3012],[-43.0198,-22.3044],[-43.0148,-22.3013],[-43.0147,-22.3013]],[[-43.0123,-22.2962],[-43.0181,-22.2986],[-43.0129,-22.2964],[-43.0123,-22.2962]]]}},{"type":"Feature","properties":{"cod_imovel":"RJ-3303906-4C2DCFFA412F4F6CA3A289500A978B4E","num_area":"13.058900000000000000000000000000","ind_status":"AT","des_condic":"Aguardando analise"},"geometry":{"type":"Polygon","coordinates":[[[-43.1972,-22.3431],[-43.1896,-22.3437],[-43.1977,-22.3437],[-43.1972,-22.3431]]]}},{"type":"Feature","properties":{"cod_imovel":"RJ-3303906-BCC73A2ABBE94ED0A173A453141588C7","num_area":"228.55420000000000000000000000000","ind_status":"AT","des_condic":"Aguardando analise"},"geometry":{"type":"Polygon","coordinates":[[[-43.0085,-22.268],[-43.0092,-22.2734],[-43.0041,-22.2757],[-43.0068,-22.2686],[-43.0035,-22.2685],[-43.0006,-22.2751],[-42.9997,-22.2714],[-42.9936,-22.2761],[-42.9961,-22.28],[-42.9936,-22.2761],[-42.9885,-22.2779],[-42.9973,-22.281],[-43.0173,-22.2694],[-43.0196,-22.2636],[-43.0179,-22.2674],[-43.0113,-22.2658],[-43.0122,-22.2709],[-43.0113,-22.2658],[-43.0085,-22.268],[-43.0085,-22.268]],[[-43.009,-22.2639],[-43.0048,-22.2596],[-43.0043,-22.2676],[-43.0087,-22.2639],[-43.009,-22.2639]],[[-43.0041,-22.2671],[-42.9993,-22.2663],[-43.0042,-22.2672],[-43.0041,-22.2671]],[[-43.0008,-22.2671],[-42.9939,-22.268],[-43.0016,-22.2682],[-42.994,-22.2742],[-43.0009,-22.2671],[-43.0008,-22.2671]],[[-42.9911,-22.2746],[-42.9944,-22.2749],[-42.9911,-22.2746],[-42.9911,-22.2746]],[[-42.9936,-22.2761],[-42.9997,-22.2706],[-42.9936,-22.276],[-42.9936,-22.2761]],[[-42.9998,-22.2709],[-43.0063,-22.2686],[-42.9998,-22.2709],[-42.9998,-22.2709]],[[-43.01,-22.2621],[-43.0067,-22.2601],[-43.0099,-22.2621],[-43.01,-22.2621]]]}},{"type":"Feature","properties":{"cod_imovel":"RJ-3303906-1722547D33024961ACD5F8B6360296CF","num_area":"10.627400000000000000000000000000","ind_status":"AT","des_condic":"Aguardando analise"},"geometry":{"type":"Polygon","coordinates":[[[-43.3594,-22.4416],[-43.3649,-22.4423],[-43.3594,-22.4416],[-43.3594,-22.4416]],[[-43.3622,-22.444],[-43.3653,-22.4422],[-43.3626,-22.4443],[-43.3622,-22.444]]]}},{"type":"Feature","properties":{"cod_imovel":"RJ-3303906-A00B1503C8994EAE83596CADAE218255","num_area":"9.7713000000000000000000000000000","ind_status":"AT","des_condic":"Aguardando analise"},"geometry":{"type":"Polygon","coordinates":[[[-43.3502,-22.4204],[-43.3468,-22.4211],[-43.3507,-22.4239],[-43.3503,-22.4204],[-43.3502,-22.4204]]]}},{"type":"Feature","properties":{"cod_imovel":"RJ-3303906-23B523A7B9BB4CD9BB1ADFAECF9A163D","num_area":"20.240200000000000000000000000000","ind_status":"AT","des_condic":"Aguardando analise"},"geometry":{"type":"Polygon","coordinates":[[[-43.2511,-22.4733],[-43.2534,-22.471],[-43.2511,-22.4733],[-43.2511,-22.4733]],[[-43.2534,-22.4712],[-43.2582,-22.4722],[-43.2534,-22.4711],[-43.2534,-22.4712]],[[-43.2532,-22.4701],[-43.2502,-22.473],[-43.2534,-22.471],[-43.2532,-22.4701]]]}},{"type":"Feature","properties":{"cod_imovel":"RJ-3303906-72D1C2DCD08146B787BE37ABFBE94330","num_area":"7.3963000000000000000000000000000","ind_status":"AT","des_condic":"Aguardando analise"},"geometry":{"type":"Polygon","coordinates":[[[-43.1258,-22.5111],[-43.1221,-22.5115],[-43.1236,-22.508],[-43.1206,-22.5112],[-43.1257,-22.512],[-43.1258,-22.5111]]]}},{"type":"Feature","properties":{"cod_imovel":"RJ-3303906-49C191546407414389EB44EA7B93D606","num_area":"2.7190000000000000000000000000000","ind_status":"AT","des_condic":"Aguardando analise"},"geometry":{"type":"Polygon","coordinates":[[[-42.9738,-22.2547],[-42.9817,-22.2547],[-42.9738,-22.2547],[-42.9738,-22.2547]]]}},{"type":"Feature","properties":{"cod_imovel":"RJ-3303906-BB9D81D94BE64B93B106030EF3D32BF7","num_area":"1.6130000000000000000000000000000","ind_status":"AT","des_condic":"Aguardando analise"},"geometry":{"type":"Polygon","coordinates":[[[-42.9797,-22.2545],[-42.9719,-22.2537],[-42.9795,-22.2545],[-42.9797,-22.2545]]]}},{"type":"Feature","properties":{"cod_imovel":"RJ-3303906-B6AF85CEF7DE4FCE98BEA13CC8B9C740","num_area":"3.5949000000000000000000000000000","ind_status":"AT","des_condic":"Aguardando analise"},"geometry":{"type":"Polygon","coordinates":[[[-42.9818,-22.2528],[-42.9734,-22.2528],[-42.9799,-22.2525],[-42.9818,-22.2528]]]}},{"type":"Feature","properties":{"cod_imovel":"RJ-3303906-F770BB2425C74154B459DF8335383265","num_area":"21.428900000000000000000000000000","ind_status":"AT","des_condic":"Aguardando analise"},"geometry":{"type":"Polygon","coordinates":[[[-43.0262,-22.2887],[-43.0165,-22.2906],[-43.0262,-22.2887],[-43.0262,-22.2887]],[[-43.0226,-22.2977],[-43.0288,-22.3004],[-43.0248,-22.2923],[-43.024,-22.297],[-43.0226,-22.2977]]]}},{"type":"Feature","properties":{"cod_imovel":"RJ-3303906-1C21602413D84E039B872666A567F471","num_area":"4.5097000000000000000000000000000","ind_status":"AT","des_condic":"Aguardando analise"},"geometry":{"type":"Polygon","coordinates":[[[-42.9914,-22.2664],[-42.9856,-22.2651],[-42.9914,-22.2666],[-42.9914,-22.2664]]]}},{"type":"Feature","properties":{"cod_imovel":"RJ-3303906-9D3B9284A498424BADB00B11B446AEDD","num_area":"0.7064000000000000000000000000000","ind_status":"AT","des_condic":"Aguardando analise"},"geometry":{"type":"Polygon","coordinates":[[[-43.1352,-22.4931],[-43.1341,-22.4898],[-43.1349,-22.4931],[-43.1352,-22.4931]]]}},{"type":"Feature","properties":{"cod_imovel":"RJ-3303906-6701057DF77B4C1290612EDA4965D75A","num_area":"9.7481000000000000000000000000000","ind_status":"AT","des_condic":"Analisado, aguardando atendimento a notificacao"},"geometry":{"type":"Polygon","coordinates":[[[-43.1362,-22.4878],[-43.1362,-22.4939],[-43.1365,-22.489],[-43.1362,-22.4878]],[[-43.1351,-22.4921],[-43.14,-22.4985],[-43.136,-22.4945],[-43.1351,-22.4921]],[[-43.1365,-22.4961],[-43.14,-22.4987],[-43.1369,-22.4961],[-43.1365,-22.4961]]]}},{"type":"Feature","properties":{"cod_imovel":"RJ-3303906-7DC5ACD727AF46F489373AB52194622D","num_area":"1.8794000000000000000000000000000","ind_status":"AT","des_condic":"Aguardando analise"},"geometry":{"type":"Polygon","coordinates":[[[-43.1243,-22.5077],[-43.1231,-22.5114],[-43.1241,-22.5082],[-43.1243,-22.5077]]]}},{"type":"Feature","properties":{"cod_imovel":"RJ-3303906-E071033D20AB4796A5BE7EF939003D7B","num_area":"12.110900000000000000000000000000","ind_status":"AT","des_condic":"Aguardando analise"},"geometry":{"type":"Polygon","coordinates":[[[-43.1449,-22.5106],[-43.1497,-22.5107],[-43.1449,-22.5106],[-43.1449,-22.5106]]]}},{"type":"Feature","properties":{"cod_imovel":"RJ-3303906-F8FAF6F0CB624091B4B00F18CB311DBD","num_area":"1.3502000000000000000000000000000","ind_status":"AT","des_condic":"Aguardando analise"},"geometry":{"type":"Polygon","coordinates":[[[-43.1385,-22.5085],[-43.1347,-22.5096],[-43.1385,-22.5085],[-43.1385,-22.5085]]]}},{"type":"Feature","properties":{"cod_imovel":"RJ-3303906-0BB57F67E9944795A13C4593A876CB2F","num_area":"5.9047000000000000000000000000000","ind_status":"AT","des_condic":"Aguardando analise"},"geometry":{"type":"Polygon","coordinates":[[[-43.1356,-22.5112],[-43.1315,-22.5151],[-43.1356,-22.5114],[-43.1356,-22.5112]]]}},{"type":"Feature","properties":{"cod_imovel":"RJ-3303906-E866BD02EC6946EB8053B9B56395A14D","num_area":"5.1868000000000000000000000000000","ind_status":"AT","des_condic":"Aguardando analise"},"geometry":{"type":"Polygon","coordinates":[[[-43.101,-22.4629],[-43.1031,-22.4669],[-43.101,-22.4629],[-43.101,-22.4629]]]}},{"type":"Feature","properties":{"cod_imovel":"RJ-3303906-DAA232861C144049B942B57E2A3A20A5","num_area":"5.3640000000000000000000000000000","ind_status":"AT","des_condic":"Aguardando analise"},"geometry":{"type":"Polygon","coordinates":[[[-43.093,-22.4612],[-43.0966,-22.4609],[-43.0948,-22.458],[-43.0934,-22.4614],[-43.093,-22.4612]]]}},{"type":"Feature","properties":{"cod_imovel":"RJ-3303906-6998CA4EEC6849C2A07017CB60A9E54F","num_area":"4.2514000000000000000000000000000","ind_status":"AT","des_condic":"Aguardando analise"},"geometry":{"type":"Polygon","coordinates":[[[-43.1066,-22.475],[-43.1051,-22.472],[-43.1064,-22.475],[-43.1066,-22.475]]]}},{"type":"Feature","properties":{"cod_imovel":"RJ-3303906-992994EF66D54D5B801E43DF5585D7E3","num_area":"3.2622000000000000000000000000000","ind_status":"AT","des_condic":"Aguardando analise"},"geometry":{"type":"Polygon","coordinates":[[[-43.1038,-22.454],[-43.1026,-22.4575],[-43.1038,-22.454],[-43.1038,-22.454]]]}},{"type":"Feature","properties":{"cod_imovel":"RJ-3303906-47AC3ED2501D4183B830986F4A3E8D0F","num_area":"16.848800000000000000000000000000","ind_status":"AT","des_condic":"Aguardando analise"},"geometry":{"type":"Polygon","coordinates":[[[-43.2092,-22.3651],[-43.205,-22.3591],[-43.203,-22.3616],[-43.2091,-22.365],[-43.2092,-22.3651]]]}},{"type":"Feature","properties":{"cod_imovel":"RJ-3303906-77DC8F0DA68D4984AF9B780B8F8EA4B5","num_area":"5.0192000000000000000000000000000","ind_status":"AT","des_condic":"Aguardando analise"},"geometry":{"type":"Polygon","coordinates":[[[-43.1968,-22.4688],[-43.2,-22.4707],[-43.1971,-22.4688],[-43.1968,-22.4688]]]}},{"type":"Feature","properties":{"cod_imovel":"RJ-3303906-2888A5FEF0A6407E8E40667CFF9EE48C","num_area":"63.492500000000000000000000000000","ind_status":"AT","des_condic":"Aguardando analise"},"geometry":{"type":"Polygon","coordinates":[[[-43.0575,-22.4172],[-43.0735,-22.4179],[-43.0576,-22.4172],[-43.0575,-22.4172]],[[-43.0576,-22.4175],[-43.0644,-22.42],[-43.0625,-22.4231],[-43.0706,-22.4198],[-43.0576,-22.4175],[-43.0576,-22.4175]],[[-43.0656,-22.423],[-43.0702,-22.4216],[-43.0657,-22.423],[-43.0656,-22.423]],[[-43.0684,-22.4251],[-43.0735,-22.4179],[-43.0684,-22.4251],[-43.0684,-22.4251]]]}},{"type":"Feature","properties":{"cod_imovel":"RJ-3303906-D525A1734AD14426AE2E63F7AEFB1448","num_area":"4.9752000000000000000000000000000","ind_status":"AT","des_condic":"Aguardando analise"},"geometry":{"type":"Polygon","coordinates":[[[-43.309,-22.4178],[-43.3032,-22.4218],[-43.3084,-22.4168],[-43.309,-22.4178]],[[-43.297,-22.4279],[-43.3001,-22.4278],[-43.297,-22.428],[-43.297,-22.4279]]]}},{"type":"Feature","properties":{"cod_imovel":"RJ-3303906-5C83A5FB42B642EBBF134D8A31D58F4D","num_area":"3.1094000000000000000000000000000","ind_status":"AT","des_condic":"Aguardando analise"},"geometry":{"type":"Polygon","coordinates":[[[-43.3358,-22.4479],[-43.3325,-22.4485],[-43.3355,-22.448],[-43.3358,-22.4479]],[[-43.3325,-22.4485],[-43.3297,-22.4525],[-43.3325,-22.4486],[-43.3325,-22.4485]]]}},{"type":"Feature","properties":{"cod_imovel":"RJ-3303906-3DE8FE5A302047DA93E9F57C6D1505A5","num_area":"0.3748000000000000000000000000000","ind_status":"AT","des_condic":"Aguardando analise"},"geometry":{"type":"Polygon","coordinates":[[[-43.275,-22.4777],[-43.2727,-22.4757],[-43.275,-22.4776],[-43.275,-22.4777]]]}},{"type":"Feature","properties":{"cod_imovel":"RJ-3303906-CB305A7E44E04194B35FBF7459832F32","num_area":"8.7613000000000000000000000000000","ind_status":"AT","des_condic":"Aguardando analise"},"geometry":{"type":"Polygon","coordinates":[[[-43.1098,-22.4725],[-43.106,-22.4724],[-43.1096,-22.4728],[-43.1098,-22.4725]],[[-43.1069,-22.4737],[-43.1103,-22.4763],[-43.107,-22.4733],[-43.1069,-22.4737]]]}},{"type":"Feature","properties":{"cod_imovel":"RJ-3303906-CFF864F0706044F5AA2E31CB077ABECD","num_area":"84.660200000000000000000000000000","ind_status":"AT","des_condic":"Aguardando analise"},"geometry":{"type":"Polygon","coordinates":[[[-43.1597,-22.3895],[-43.17,-22.3878],[-43.1625,-22.3816],[-43.1523,-22.3864],[-43.1596,-22.3888],[-43.1597,-22.3895]],[[-43.1641,-22.3862],[-43.1597,-22.3906],[-43.1667,-22.3842],[-43.1642,-22.3862],[-43.1641,-22.3862]]]}},{"type":"Feature","properties":{"cod_imovel":"RJ-3303906-942B50F32F234E0280BE03C70514A24F","num_area":"14.529300000000000000000000000000","ind_status":"AT","des_condic":"Aguardando analise"},"geometry":{"type":"Polygon","coordinates":[[[-43.287,-22.4055],[-43.2887,-22.401],[-43.2869,-22.4054],[-43.287,-22.4055]]]}},{"type":"Feature","properties":{"cod_imovel":"RJ-3303906-B798B56ED7914F57B53D9559ADA185BF","num_area":"23.392900000000000000000000000000","ind_status":"AT","des_condic":"Aguardando analise"},"geometry":{"type":"Polygon","coordinates":[[[-43.3522,-22.4203],[-43.3585,-22.4219],[-43.3522,-22.4203],[-43.3522,-22.4203]],[[-43.3516,-22.4234],[-43.352,-22.4282],[-43.3578,-22.4284],[-43.3583,-22.4234],[-43.3525,-22.4211],[-43.358,-22.427],[-43.3512,-22.4252],[-43.3516,-22.4234]]]}},{"type":"Feature","properties":{"cod_imovel":"RJ-3303906-1184FA2116544E5698AF919C6BB7EE6A","num_area":"16.071700000000000000000000000000","ind_status":"PE","des_condic":"Analisado, aguardando atendimento a notificacao"},"geometry":{"type":"Polygon","coordinates":[[[-43.0957,-22.4025],[-43.0947,-22.4069],[-43.0957,-22.4026],[-43.0957,-22.4025]],[[-43.093,-22.4034],[-43.0939,-22.4073],[-43.093,-22.4036],[-43.093,-22.4034]]]}},{"type":"Feature","properties":{"cod_imovel":"RJ-3303906-376D17BD80834BF5B9C7E907AEB65C72","num_area":"4.2728000000000000000000000000000","ind_status":"PE","des_condic":"Analisado, aguardando atendimento a notificacao"},"geometry":{"type":"Polygon","coordinates":[[[-43.2414,-22.3236],[-43.2419,-22.327],[-43.2414,-22.3236],[-43.2414,-22.3236]]]}},{"type":"Feature","properties":{"cod_imovel":"RJ-3303906-6C134548F97441688C8297B5B61D411A","num_area":"92.086500000000000000000000000000","ind_status":"AT","des_condic":"Aguardando analise"},"geometry":{"type":"Polygon","coordinates":[[[-43.0509,-22.2123],[-43.0469,-22.21],[-43.0507,-22.2126],[-43.0509,-22.2123]],[[-43.0466,-22.2088],[-43.0449,-22.2123],[-43.0464,-22.2092],[-43.0466,-22.2088]],[[-43.0438,-22.2095],[-43.0435,-22.2172],[-43.0292,-22.2214],[-43.026,-22.228],[-43.0292,-22.222],[-43.033,-22.2256],[-43.0494,-22.2159],[-43.0507,-22.2126],[-43.0438,-22.2097],[-43.0438,-22.2095]],[[-43.0497,-22.2118],[-43.0478,-22.2152],[-43.0496,-22.2119],[-43.0497,-22.2118]],[[-43.0447,-22.2179],[-43.0463,-22.2138],[-43.0447,-22.2185],[-43.0447,-22.2179]]]}},{"type":"Feature","properties":{"cod_imovel":"RJ-3303906-FBA23266C37E49A586D03FE22A5D1E72","num_area":"45.072700000000000000000000000000","ind_status":"AT","des_condic":"Aguardando analise"},"geometry":{"type":"Polygon","coordinates":[[[-43.2008,-22.3554],[-43.2075,-22.361],[-43.2117,-22.3578],[-43.2105,-22.3524],[-43.206,-22.3588],[-43.2031,-22.353],[-43.2008,-22.3554]],[[-43.2055,-22.3562],[-43.2101,-22.3522],[-43.2061,-22.3561],[-43.2055,-22.3562]],[[-43.2071,-22.3512],[-43.2037,-22.3523],[-43.2067,-22.3517],[-43.2071,-22.3512]]]}},{"type":"Feature","properties":{"cod_imovel":"RJ-3303906-7B1FBEEB79A147F6A6392A3A0BBEE3CD","num_area":"33.915600000000000000000000000000","ind_status":"AT","des_condic":"Analisado, aguardando atendimento a notificacao"},"geometry":{"type":"Polygon","coordinates":[[[-43.3149,-22.434],[-43.3102,-22.4385],[-43.3151,-22.434],[-43.3149,-22.434]],[[-43.31,-22.4382],[-43.3044,-22.4429],[-43.3101,-22.4385],[-43.31,-22.4382]]]}},{"type":"Feature","properties":{"cod_imovel":"RJ-3303906-B8C705B6BCE9411AAACC46B914D55503","num_area":"13.079800000000000000000000000000","ind_status":"AT","des_condic":"Aguardando analise"},"geometry":{"type":"Polygon","coordinates":[[[-43.2195,-22.3593],[-43.219,-22.3558],[-43.2198,-22.3591],[-43.2195,-22.3593]],[[-43.2152,-22.3568],[-43.2112,-22.359],[-43.2169,-22.3599],[-43.2158,-22.3647],[-43.217,-22.3597],[-43.2152,-22.3568]]]}},{"type":"Feature","properties":{"cod_imovel":"RJ-3303906-CF70A3BD440A490E9A88B183815D37E4","num_area":"37.708100000000000000000000000000","ind_status":"AT","des_condic":"Aguardando analise"},"geometry":{"type":"Polygon","coordinates":[[[-43.2763,-22.3714],[-43.2798,-22.3719],[-43.2763,-22.3713],[-43.2763,-22.3714]],[[-43.2863,-22.3685],[-43.2817,-22.3673],[-43.2861,-22.3685],[-43.2863,-22.3685]],[[-43.2873,-22.3709],[-43.2811,-22.3731],[-43.2858,-22.3705],[-43.2886,-22.3755],[-43.2872,-22.371],[-43.2873,-22.3709]]]}},{"type":"Feature","properties":{"cod_imovel":"RJ-3303906-E3AE0B3E61B345079BE26AC2A50CB2E2","num_area":"2.7456000000000000000000000000000","ind_status":"AT","des_condic":"Aguardando analise"},"geometry":{"type":"Polygon","coordinates":[[[-42.9842,-22.2473],[-42.989,-22.2455],[-42.9842,-22.2472],[-42.9842,-22.2473]]]}},{"type":"Feature","properties":{"cod_imovel":"RJ-3303906-DBEDCE7F44B94DCAB3409306332FC02E","num_area":"21.665700000000000000000000000000","ind_status":"AT","des_condic":"Aguardando analise"},"geometry":{"type":"Polygon","coordinates":[[[-43.1876,-22.3827],[-43.1922,-22.3806],[-43.1899,-22.3751],[-43.188,-22.3812],[-43.1876,-22.3827]]]}},{"type":"Feature","properties":{"cod_imovel":"RJ-3303906-EA45DAF909AA418C842B451189F4A1BE","num_area":"27.411600000000000000000000000000","ind_status":"AT","des_condic":"Aguardando analise"},"geometry":{"type":"Polygon","coordinates":[[[-43.196,-22.3407],[-43.2017,-22.3455],[-43.2025,-22.3397],[-43.1962,-22.3406],[-43.196,-22.3407]]]}},{"type":"Feature","properties":{"cod_imovel":"RJ-3303906-694CBA37F51644D6BF897DDC7698F9ED","num_area":"14.893700000000000000000000000000","ind_status":"AT","des_condic":"Aguardando analise"},"geometry":{"type":"Polygon","coordinates":[[[-43.2366,-22.5498],[-43.2448,-22.554],[-43.2366,-22.5498],[-43.2366,-22.5498]]]}},{"type":"Feature","properties":{"cod_imovel":"RJ-3303906-666260C17ABF4AE49F8FBCA1A249D26E","num_area":"4.1813000000000000000000000000000","ind_status":"AT","des_condic":"Aguardando analise"},"geometry":{"type":"Polygon","coordinates":[[[-43.2916,-22.3758],[-43.2891,-22.3787],[-43.2919,-22.3759],[-43.2916,-22.3758]],[[-43.2907,-22.3786],[-43.2926,-22.3761],[-43.2907,-22.3785],[-43.2907,-22.3786]]]}},{"type":"Feature","properties":{"cod_imovel":"RJ-3303906-42516B273C864093B0EF85BF1C30C34F","num_area":"3.0021000000000000000000000000000","ind_status":"AT","des_condic":"Aguardando analise"},"geometry":{"type":"Polygon","coordinates":[[[-43.2657,-22.3424],[-43.2627,-22.3388],[-43.2656,-22.3424],[-43.2657,-22.3424]]]}},{"type":"Feature","properties":{"cod_imovel":"RJ-3303906-0F0A6F3C4A01446590F678B0EAB768BD","num_area":"2.1619000000000000000000000000000","ind_status":"AT","des_condic":"Aguardando analise"},"geometry":{"type":"Polygon","coordinates":[[[-43.2363,-22.3251],[-43.2388,-22.327],[-43.2363,-22.3242],[-43.2363,-22.3251]]]}},{"type":"Feature","properties":{"cod_imovel":"RJ-3303906-3D1D91C4C92F482182101E69D44DECD7","num_area":"1.9963000000000000000000000000000","ind_status":"AT","des_condic":"Aguardando analise"},"geometry":{"type":"Polygon","coordinates":[[[-43.2677,-22.4277],[-43.2651,-22.43],[-43.2677,-22.4278],[-43.2677,-22.4277]]]}},{"type":"Feature","properties":{"cod_imovel":"RJ-3303906-7FF832843F2643F38E88D0172BD002F9","num_area":"10.491400000000000000000000000000","ind_status":"AT","des_condic":"Aguardando analise"},"geometry":{"type":"Polygon","coordinates":[[[-42.9987,-22.2572],[-42.9948,-22.2561],[-42.9986,-22.2575],[-42.9987,-22.2572]],[[-42.9928,-22.2517],[-42.9978,-22.2552],[-42.9922,-22.2521],[-42.9928,-22.2517]],[[-42.9939,-22.2555],[-42.9992,-22.2563],[-42.9939,-22.2554],[-42.9939,-22.2555]]]}},{"type":"Feature","properties":{"cod_imovel":"RJ-3303906-E8D6ABBB5B23466C878C5888155AE8A9","num_area":"8.3682000000000000000000000000000","ind_status":"AT","des_condic":"Aguardando analise"},"geometry":{"type":"Polygon","coordinates":[[[-43.1215,-22.5112],[-43.1224,-22.5063],[-43.1205,-22.5138],[-43.1215,-22.5112]]]}},{"type":"Feature","properties":{"cod_imovel":"RJ-3303906-B985632F5CBE4BA9B64A78E04DB11E28","num_area":"8.0184000000000000000000000000000","ind_status":"AT","des_condic":"Aguardando analise"},"geometry":{"type":"Polygon","coordinates":[[[-43.0973,-22.4613],[-43.0946,-22.4637],[-43.0975,-22.4614],[-43.0973,-22.4613]]]}},{"type":"Feature","properties":{"cod_imovel":"RJ-3303906-99438535C95141C2B60B81A58A5F89BE","num_area":"3.5020000000000000000000000000000","ind_status":"AT","des_condic":"Aguardando analise"},"geometry":{"type":"Polygon","coordinates":[[[-43.2447,-22.3188],[-43.244,-22.3219],[-43.2452,-22.3189],[-43.2447,-22.3188]]]}},{"type":"Feature","properties":{"cod_imovel":"RJ-3303906-7FB7BD4D059647948096664C20259897","num_area":"14.682300000000000000000000000000","ind_status":"AT","des_condic":"Aguardando analise"},"geometry":{"type":"Polygon","coordinates":[[[-43.1191,-22.3568],[-43.1225,-22.3562],[-43.1172,-22.3571],[-43.1191,-22.3568]],[[-43.1179,-22.3563],[-43.1086,-22.3547],[-43.113,-22.3549],[-43.11,-22.3583],[-43.1177,-22.3565],[-43.1179,-22.3563]]]}},{"type":"Feature","properties":{"cod_imovel":"RJ-3303906-72A78FDE9016448A9AFD60E798ADB34F","num_area":"2.1437000000000000000000000000000","ind_status":"AT","des_condic":"Aguardando analise, apos revisao ou atendimento da notificacao"},"geometry":{"type":"Polygon","coordinates":[[[-43.0948,-22.3635],[-43.0912,-22.3647],[-43.0948,-22.3635],[-43.0948,-22.3635]]]}},{"type":"Feature","properties":{"cod_imovel":"RJ-3303906-F1D28CBF5F5E4793B8152FCAE70271A4","num_area":"3.0138000000000000000000000000000","ind_status":"PE","des_condic":"Analisado, aguardando atendimento a notificacao"},"geometry":{"type":"Polygon","coordinates":[[[-43.0916,-22.3442],[-43.0944,-22.3427],[-43.0917,-22.3441],[-43.0916,-22.3442]]]}},{"type":"Feature","properties":{"cod_imovel":"RJ-3303906-2AE448EFE42A4A298E824CE4CE07CD3E","num_area":"7.0281000000000000000000000000000","ind_status":"AT","des_condic":"Aguardando analise, apos revisao ou atendimento da notificacao"},"geometry":{"type":"Polygon","coordinates":[[[-43.0053,-22.2723],[-43.0088,-22.2734],[-43.0054,-22.2721],[-43.0053,-22.2723]]]}},{"type":"Feature","properties":{"cod_imovel":"RJ-3303906-3016D84A758548BDB43BC1B05691483A","num_area":"10.761000000000000000000000000000","ind_status":"AT","des_condic":"Aguardando analise"},"geometry":{"type":"Polygon","coordinates":[[[-43.023,-22.2638],[-43.0198,-22.2626],[-43.0226,-22.2637],[-43.023,-22.2638]]]}},{"type":"Feature","properties":{"cod_imovel":"RJ-3303906-FF7E2687979847C297E685AF2D382FAB","num_area":"8.1337000000000000000000000000000","ind_status":"AT","des_condic":"Aguardando analise, apos revisao ou atendimento da notificacao"},"geometry":{"type":"Polygon","coordinates":[[[-43.0462,-22.3003],[-43.0429,-22.3046],[-43.0462,-22.3004],[-43.0462,-22.3003]]]}},{"type":"Feature","properties":{"cod_imovel":"RJ-3303906-F703F004B5BD473F859DD116C9C26B75","num_area":"5.5947000000000000000000000000000","ind_status":"AT","des_condic":"Aguardando analise, apos revisao ou atendimento da notificacao"},"geometry":{"type":"Polygon","coordinates":[[[-43.0596,-22.2969],[-43.0563,-22.2953],[-43.059,-22.2972],[-43.0596,-22.2969]]]}},{"type":"Feature","properties":{"cod_imovel":"RJ-3303906-633CBA3649A64D9699170BCCAF1B05C7","num_area":"18.518800000000000000000000000000","ind_status":"AT","des_condic":"Aguardando analise"},"geometry":{"type":"Polygon","coordinates":[[[-43.1588,-22.3267],[-43.1615,-22.3282],[-43.1569,-22.3214],[-43.1587,-22.3265],[-43.1588,-22.3267]],[[-43.1583,-22.3199],[-43.1617,-22.3282],[-43.1579,-22.3203],[-43.1583,-22.3199]]]}},{"type":"Feature","properties":{"cod_imovel":"RJ-3303906-58A18F774A134898BEB4B2CC9C42C94E","num_area":"1.3788000000000000000000000000000","ind_status":"AT","des_condic":"Aguardando analise"},"geometry":{"type":"Polygon","coordinates":[[[-42.9791,-22.2514],[-42.973,-22.2522],[-42.9791,-22.2514],[-42.9791,-22.2514]]]}},{"type":"Feature","properties":{"cod_imovel":"RJ-3302908-22591179F7204B17B4DD4289D1F9B6C7","num_area":"16.046400000000000000000000000000","ind_status":"AT","des_condic":"Aguardando analise, apos revisao ou atendimento da notificacao"},"geometry":{"type":"Polygon","coordinates":[[[-43.3442,-22.4424],[-43.3497,-22.4447],[-43.3443,-22.4422],[-43.3442,-22.4424]],[[-43.3462,-22.442],[-43.3497,-22.4447],[-43.3462,-22.442],[-43.3462,-22.442]]]}},{"type":"Feature","properties":{"cod_imovel":"RJ-3303906-52E3618F858647DD91A4D492D7B91726","num_area":"43.387500000000000000000000000000","ind_status":"PE","des_condic":"Analisado, aguardando atendimento a notificacao"},"geometry":{"type":"Polygon","coordinates":[[[-43.2452,-22.3337],[-43.253,-22.3365],[-43.2565,-22.3316],[-43.2459,-22.3333],[-43.2452,-22.3337]],[[-43.2521,-22.3361],[-43.2549,-22.3297],[-43.2523,-22.3361],[-43.2521,-22.3361]]]}},{"type":"Feature","properties":{"cod_imovel":"RJ-3303906-602F4A187C8047738A3D980FF604219E","num_area":"15.087200000000000000000000000000","ind_status":"AT","des_condic":"Aguardando analise"},"geometry":{"type":"Polygon","coordinates":[[[-43.2593,-22.3526],[-43.2506,-22.356],[-43.2633,-22.3535],[-43.2594,-22.3526],[-43.2593,-22.3526]]]}},{"type":"Feature","properties":{"cod_imovel":"RJ-3303906-463CBF7932074AACA8BC270290220EC1","num_area":"49.798300000000000000000000000000","ind_status":"AT","des_condic":"Aguardando analise"},"geometry":{"type":"Polygon","coordinates":[[[-43.2607,-22.3532],[-43.2492,-22.3564],[-43.2535,-22.3633],[-43.2607,-22.3532],[-43.2607,-22.3532]]]}},{"type":"Feature","properties":{"cod_imovel":"RJ-3303906-2551B37301034850B018F9F96EF081EA","num_area":"11.200600000000000000000000000000","ind_status":"AT","des_condic":"Aguardando analise"},"geometry":{"type":"Polygon","coordinates":[[[-43.3472,-22.4296],[-43.3446,-22.4274],[-43.347,-22.4292],[-43.3472,-22.4296]]]}},{"type":"Feature","properties":{"cod_imovel":"RJ-3303906-F132AF9206754F8386556D14C3841E41","num_area":"123.45780000000000000000000000000","ind_status":"AT","des_condic":"Aguardando analise"},"geometry":{"type":"Polygon","coordinates":[[[-43.0168,-22.2905],[-42.9988,-22.2894],[-43.0104,-22.2948],[-43.0142,-22.2899],[-43.0125,-22.2951],[-43.0163,-22.2911],[-43.0168,-22.2905]],[[-42.9946,-22.2877],[-42.9845,-22.2869],[-42.9962,-22.2949],[-42.9947,-22.2877],[-42.9946,-22.2877]],[[-43.003,-22.2953],[-43.0085,-22.3015],[-43.0053,-22.2966],[-43.0098,-22.2963],[-43.0034,-22.2955],[-43.003,-22.2953]]]}},{"type":"Feature","properties":{"cod_imovel":"RJ-3303906-D895A18C27934CB399B2E3D422D6649F","num_area":"24.115900000000000000000000000000","ind_status":"AT","des_condic":"Aguardando analise"},"geometry":{"type":"Polygon","coordinates":[[[-43.266,-22.3424],[-43.2684,-22.3353],[-43.2665,-22.3418],[-43.266,-22.3424]],[[-43.2663,-22.3347],[-43.2659,-22.3424],[-43.2668,-22.3346],[-43.2663,-22.3347]]]}},{"type":"Feature","properties":{"cod_imovel":"RJ-3303906-82A899025A824EDE81D36B67737696A3","num_area":"13.569900000000000000000000000000","ind_status":"AT","des_condic":"Aguardando analise"},"geometry":{"type":"Polygon","coordinates":[[[-42.9923,-22.2561],[-42.9874,-22.2564],[-42.9923,-22.2561],[-42.9923,-22.2561]],[[-42.9875,-22.2562],[-42.9895,-22.2591],[-42.9875,-22.2562],[-42.9875,-22.2562]],[[-42.9883,-22.2591],[-42.9846,-22.2613],[-42.9884,-22.2591],[-42.9883,-22.2591]],[[-42.9873,-22.2592],[-42.9841,-22.2612],[-42.9871,-22.2592],[-42.9873,-22.2592]]]}},{"type":"Feature","properties":{"cod_imovel":"RJ-3303906-F56B8F5805F54D85BB90A7429828ECE7","num_area":"1.4962000000000000000000000000000","ind_status":"AT","des_condic":"Aguardando analise"},"geometry":{"type":"Polygon","coordinates":[[[-43.0941,-22.3003],[-43.0913,-22.3017],[-43.0942,-22.3003],[-43.0941,-22.3003]]]}},{"type":"Feature","properties":{"cod_imovel":"RJ-3303906-8DCA27F3C98645958B3AD0988693BA50","num_area":"48.228900000000000000000000000000","ind_status":"AT","des_condic":"Aguardando analise"},"geometry":{"type":"Polygon","coordinates":[[[-43.0433,-22.2913],[-43.0418,-22.2793],[-43.0425,-22.2902],[-43.0433,-22.2913]],[[-43.0442,-22.2903],[-43.0445,-22.2844],[-43.0486,-22.2872],[-43.044,-22.2832],[-43.0443,-22.2902],[-43.0442,-22.2903]],[[-43.0446,-22.2814],[-43.0443,-22.278],[-43.0439,-22.2811],[-43.0446,-22.2814]]]}},{"type":"Feature","properties":{"cod_imovel":"RJ-3303906-2C7C2F6832C04CE694051D272083A1B1","num_area":"110.63380000000000000000000000000","ind_status":"AT","des_condic":"Aguardando analise"},"geometry":{"type":"Polygon","coordinates":[[[-43.0384,-22.212],[-43.0293,-22.2162],[-43.0316,-22.2232],[-43.0415,-22.22],[-43.0404,-22.207],[-43.0383,-22.2123],[-43.0384,-22.212]]]}},{"type":"Feature","properties":{"cod_imovel":"RJ-3303906-FAD9AEFA55524854BD83C67C8C32A7C3","num_area":"3.9607000000000000000000000000000","ind_status":"AT","des_condic":"Aguardando analise"},"geometry":{"type":"Polygon","coordinates":[[[-43.3096,-22.4122],[-43.3129,-22.4111],[-43.3095,-22.4114],[-43.3096,-22.4122]]]}},{"type":"Feature","properties":{"cod_imovel":"RJ-3303906-8CD4CC8B6CF34552BD13AD3E4A7EFAD0","num_area":"56.825100000000000000000000000000","ind_status":"AT","des_condic":"Aguardando analise"},"geometry":{"type":"Polygon","coordinates":[[[-43.3132,-22.4036],[-43.3155,-22.3995],[-43.3132,-22.4033],[-43.3132,-22.4036]],[[-43.3134,-22.3978],[-43.3103,-22.4038],[-43.3144,-22.3982],[-43.3134,-22.3978]],[[-43.3184,-22.3965],[-43.3137,-22.3973],[-43.318,-22.3966],[-43.3184,-22.3965]],[[-43.3232,-22.4012],[-43.3154,-22.3983],[-43.3217,-22.401],[-43.3232,-22.4012]]]}},{"type":"Feature","properties":{"cod_imovel":"RJ-3303906-3B1D98576555438DA8E85CA49D89EFD3","num_area":"4.6060000000000000000000000000000","ind_status":"AT","des_condic":"Aguardando analise"},"geometry":{"type":"Polygon","coordinates":[[[-43.0995,-22.3304],[-43.1038,-22.3276],[-43.0994,-22.3296],[-43.0995,-22.3304]]]}},{"type":"Feature","properties":{"cod_imovel":"RJ-3303906-775756E8517844E6B31BB8B7EA6A81C9","num_area":"28.322900000000000000000000000000","ind_status":"AT","des_condic":"Aguardando analise"},"geometry":{"type":"Polygon","coordinates":[[[-43.187,-22.3212],[-43.1897,-22.3272],[-43.1921,-22.3222],[-43.1874,-22.3213],[-43.187,-22.3212]]]}},{"type":"Feature","properties":{"cod_imovel":"RJ-3303906-DE8473FE0AF9496E910ACEC91C23C7AB","num_area":"3.7671000000000000000000000000000","ind_status":"AT","des_condic":"Aguardando analise"},"geometry":{"type":"Polygon","coordinates":[[[-43.1857,-22.3191],[-43.1916,-22.3212],[-43.1859,-22.3191],[-43.1857,-22.3191]]]}},{"type":"Feature","properties":{"cod_imovel":"RJ-3303906-EBFDF119D5AE44ADA4BC719AF3E57BE4","num_area":"6.9057000000000000000000000000000","ind_status":"CA","des_condic":"Cancelado por duplicidade"},"geometry":{"type":"Polygon","coordinates":[[[-43.1957,-22.3077],[-43.1952,-22.3043],[-43.1938,-22.3075],[-43.1957,-22.3077]]]}},{"type":"Feature","properties":{"cod_imovel":"RJ-3303906-DAB45243E0A142068A4A6A558C997140","num_area":"6.9057000000000000000000000000000","ind_status":"CA","des_condic":"Cancelado por duplicidade"},"geometry":{"type":"Polygon","coordinates":[[[-43.1957,-22.3077],[-43.1952,-22.3043],[-43.1938,-22.3075],[-43.1957,-22.3077]]]}},{"type":"Feature","properties":{"cod_imovel":"RJ-3303906-CAAF604DA71748E9BC35DBBB1B6550B5","num_area":"6.9057000000000000000000000000000","ind_status":"CA","des_condic":"Cancelado por duplicidade"},"geometry":{"type":"Polygon","coordinates":[[[-43.1957,-22.3077],[-43.1952,-22.3043],[-43.1938,-22.3075],[-43.1957,-22.3077]]]}},{"type":"Feature","properties":{"cod_imovel":"RJ-3303906-9FADA32DE9BE4A54BCC7A71179C5F2F0","num_area":"6.9057000000000000000000000000000","ind_status":"CA","des_condic":"Cancelado por duplicidade"},"geometry":{"type":"Polygon","coordinates":[[[-43.1957,-22.3077],[-43.1952,-22.3043],[-43.1938,-22.3075],[-43.1957,-22.3077]]]}},{"type":"Feature","properties":{"cod_imovel":"RJ-3303906-222FFC0C47624297B134AAC79C17AD9F","num_area":"26.687100000000000000000000000000","ind_status":"CA","des_condic":"Cancelado por duplicidade"},"geometry":{"type":"Polygon","coordinates":[[[-43.3101,-22.3775],[-43.3052,-22.3777],[-43.3101,-22.3775],[-43.3101,-22.3775]],[[-43.3,-22.383],[-43.3021,-22.3868],[-43.2999,-22.3829],[-43.3,-22.383]]]}},{"type":"Feature","properties":{"cod_imovel":"RJ-3303906-4B9A5A1F79B147CA80CBDB04DC0F8765","num_area":"6.9057000000000000000000000000000","ind_status":"CA","des_condic":"Cancelado por duplicidade"},"geometry":{"type":"Polygon","coordinates":[[[-43.1957,-22.3077],[-43.1952,-22.3043],[-43.1938,-22.3075],[-43.1957,-22.3077]]]}},{"type":"Feature","properties":{"cod_imovel":"RJ-3303906-9F225B192A0240BEAD27A76DF4892AC3","num_area":"12.160000000000000000000000000000","ind_status":"PE","des_condic":"Analisado, aguardando atendimento a notificacao"},"geometry":{"type":"Polygon","coordinates":[[[-43.0858,-22.277],[-43.085,-22.2833],[-43.0858,-22.277],[-43.0858,-22.277]]]}},{"type":"Feature","properties":{"cod_imovel":"RJ-3303906-0D1428F2880A4ED696144A0E405953DA","num_area":"13.585400000000000000000000000000","ind_status":"AT","des_condic":"Analisado, aguardando atendimento a notificacao"},"geometry":{"type":"Polygon","coordinates":[[[-43.085,-22.2431],[-43.0815,-22.2384],[-43.0847,-22.2431],[-43.085,-22.2431]]]}},{"type":"Feature","properties":{"cod_imovel":"RJ-3303906-340780C84145413AAF66986D28B87563","num_area":"8.5846000000000000000000000000000","ind_status":"AT","des_condic":"Analisado, aguardando atendimento a notificacao"},"geometry":{"type":"Polygon","coordinates":[[[-43.1202,-22.2969],[-43.1227,-22.2896],[-43.1205,-22.2958],[-43.1202,-22.2969]]]}},{"type":"Feature","properties":{"cod_imovel":"RJ-3303906-F1187ECFE7D143B3A36CE8D9F576D690","num_area":"10.046100000000000000000000000000","ind_status":"PE","des_condic":"Analisado, aguardando atendimento a notificacao"},"geometry":{"type":"Polygon","coordinates":[[[-43.1405,-22.3266],[-43.1377,-22.3241],[-43.1405,-22.3266],[-43.1405,-22.3266]]]}},{"type":"Feature","properties":{"cod_imovel":"RJ-3303906-9F45F9F3835B4524B36A059CF046FE97","num_area":"2.0396000000000000000000000000000","ind_status":"AT","des_condic":"Analisado, aguardando atendimento a notificacao"},"geometry":{"type":"Polygon","coordinates":[[[-43.1273,-22.3629],[-43.1298,-22.3647],[-43.1273,-22.3628],[-43.1273,-22.3629]]]}},{"type":"Feature","properties":{"cod_imovel":"RJ-3303906-FE57DD33288F4EEE96C422BB86094974","num_area":"2.3779000000000000000000000000000","ind_status":"AT","des_condic":"Aguardando analise"},"geometry":{"type":"Polygon","coordinates":[[[-43.073,-22.374],[-43.081,-22.3756],[-43.0749,-22.3735],[-43.073,-22.374]]]}},{"type":"Feature","properties":{"cod_imovel":"RJ-3303906-F044CE69D8464C9C9EE0961E786E2C78","num_area":"13.281800000000000000000000000000","ind_status":"AT","des_condic":"Aguardando analise"},"geometry":{"type":"Polygon","coordinates":[[[-43.0746,-22.3564],[-43.0677,-22.354],[-43.0737,-22.3566],[-43.0746,-22.3564]]]}},{"type":"Feature","properties":{"cod_imovel":"RJ-3303906-45C84319691342599EA1350AA2878134","num_area":"4.8506000000000000000000000000000","ind_status":"AT","des_condic":"Aguardando analise"},"geometry":{"type":"Polygon","coordinates":[[[-43.0563,-22.4215],[-43.0566,-22.4247],[-43.0563,-22.4215],[-43.0563,-22.4215]]]}},{"type":"Feature","properties":{"cod_imovel":"RJ-3303906-C036F16E7C0E4549AB5663748F749E25","num_area":"2.8582000000000000000000000000000","ind_status":"AT","des_condic":"Aguardando analise"},"geometry":{"type":"Polygon","coordinates":[[[-43.0894,-22.3956],[-43.0862,-22.3945],[-43.0893,-22.3956],[-43.0894,-22.3956]]]}},{"type":"Feature","properties":{"cod_imovel":"RJ-3303906-58260EE287614E0AA9AF280F97D0F7A2","num_area":"2.2375000000000000000000000000000","ind_status":"AT","des_condic":"Aguardando analise"},"geometry":{"type":"Polygon","coordinates":[[[-43.0628,-22.3734],[-43.0677,-22.3721],[-43.0629,-22.3733],[-43.0628,-22.3734]]]}},{"type":"Feature","properties":{"cod_imovel":"RJ-3303906-BEFAD7DE83E1468083AFFEAC4994E859","num_area":"206.52130000000000000000000000000","ind_status":"PE","des_condic":"Analisado, aguardando atendimento a notificacao"},"geometry":{"type":"Polygon","coordinates":[[[-43.2355,-22.3433],[-43.2231,-22.3335],[-43.2247,-22.3429],[-43.2235,-22.3342],[-43.2191,-22.3327],[-43.2178,-22.3393],[-43.2231,-22.3432],[-43.2182,-22.3362],[-43.2117,-22.3365],[-43.2147,-22.3421],[-43.2113,-22.3393],[-43.2075,-22.3442],[-43.2092,-22.3368],[-43.2048,-22.3444],[-43.2103,-22.3456],[-43.2048,-22.3444],[-43.2082,-22.3401],[-43.2087,-22.3457],[-43.217,-22.3422],[-43.2268,-22.347],[-43.2239,-22.3455],[-43.2274,-22.3413],[-43.2329,-22.3449],[-43.2286,-22.3453],[-43.2365,-22.3446],[-43.2355,-22.3433]],[[-43.223,-22.3419],[-43.2219,-22.3389],[-43.2231,-22.3419],[-43.223,-22.3419]]]}},{"type":"Feature","properties":{"cod_imovel":"RJ-3303906-57299EB791664048A6AFE2356420F0D8","num_area":"1.8133000000000000000000000000000","ind_status":"AT","des_condic":"Aguardando analise"},"geometry":{"type":"Polygon","coordinates":[[[-43.0971,-22.4063],[-43.1001,-22.4039],[-43.097,-22.4051],[-43.0971,-22.4063]]]}},{"type":"Feature","properties":{"cod_imovel":"RJ-3303906-AB8A4385E16E4670A038314FEA70E7F7","num_area":"2.6277000000000000000000000000000","ind_status":"AT","des_condic":"Aguardando analise"},"geometry":{"type":"Polygon","coordinates":[[[-43.0516,-22.4189],[-43.0475,-22.4187],[-43.0517,-22.4191],[-43.0516,-22.4189]]]}},{"type":"Feature","properties":{"cod_imovel":"RJ-3303906-323BE6807B544ED4B1C1D316B2EEF9F3","num_area":"5.3285000000000000000000000000000","ind_status":"AT","des_condic":"Aguardando analise"},"geometry":{"type":"Polygon","coordinates":[[[-43.0914,-22.3649],[-43.0905,-22.3725],[-43.0914,-22.365],[-43.0914,-22.3649]]]}},{"type":"Feature","properties":{"cod_imovel":"RJ-3303906-00F2C0C7CB514915A5DA09C37F53FD72","num_area":"4.2169000000000000000000000000000","ind_status":"AT","des_condic":"Aguardando analise"},"geometry":{"type":"Polygon","coordinates":[[[-43.0303,-22.2688],[-43.0258,-22.2737],[-43.0301,-22.269],[-43.0303,-22.2688]]]}},{"type":"Feature","properties":{"cod_imovel":"RJ-3303906-07ACB3FE4DEA425EBD225576B2865530","num_area":"18.580200000000000000000000000000","ind_status":"AT","des_condic":"Aguardando analise"},"geometry":{"type":"Polygon","coordinates":[[[-43.1077,-22.3376],[-43.111,-22.3395],[-43.1106,-22.3338],[-43.1078,-22.3369],[-43.1077,-22.3376]],[[-43.1106,-22.3338],[-43.1109,-22.3378],[-43.1097,-22.3337],[-43.1106,-22.3338]]]}},{"type":"Feature","properties":{"cod_imovel":"RJ-3303906-6767A0F79D044CA7BCB0E883326E6CE6","num_area":"41.816800000000000000000000000000","ind_status":"AT","des_condic":"Aguardando analise"},"geometry":{"type":"Polygon","coordinates":[[[-43.0174,-22.2902],[-43.016,-22.2803],[-43.0101,-22.2867],[-43.0172,-22.29],[-43.0174,-22.2902]],[[-43.0136,-22.2876],[-43.0164,-22.2805],[-43.0137,-22.2877],[-43.0136,-22.2876]]]}},{"type":"Feature","properties":{"cod_imovel":"RJ-3303906-F59BB907FDAB42F19536E315B12A258A","num_area":"51.395000000000000000000000000000","ind_status":"AT","des_condic":"Aguardando analise"},"geometry":{"type":"Polygon","coordinates":[[[-43.2386,-22.4701],[-43.242,-22.4571],[-43.2381,-22.4699],[-43.2386,-22.4701]],[[-43.2403,-22.4564],[-43.2413,-22.4528],[-43.2401,-22.4564],[-43.2403,-22.4564]],[[-43.2404,-22.4565],[-43.2436,-22.4572],[-43.2462,-22.4489],[-43.2412,-22.4553],[-43.2404,-22.4565]]]}},{"type":"Feature","properties":{"cod_imovel":"RJ-3303906-84501223BD0047CC99236EE975665F40","num_area":"3.9278000000000000000000000000000","ind_status":"AT","des_condic":"Aguardando analise"},"geometry":{"type":"Polygon","coordinates":[[[-43.1023,-22.4632],[-43.1067,-22.466],[-43.1027,-22.4635],[-43.1023,-22.4632]]]}},{"type":"Feature","properties":{"cod_imovel":"RJ-3303906-EEFBD1F4A20341CD980B946FF110D741","num_area":"6.9057000000000000000000000000000","ind_status":"CA","des_condic":"Cancelado por duplicidade"},"geometry":{"type":"Polygon","coordinates":[[[-43.1957,-22.3077],[-43.1952,-22.3043],[-43.1938,-22.3075],[-43.1957,-22.3077]]]}},{"type":"Feature","properties":{"cod_imovel":"RJ-3303906-8D73E7C3A79E496CBC8CA843C1300D90","num_area":"3.9265000000000000000000000000000","ind_status":"AT","des_condic":"Aguardando analise"},"geometry":{"type":"Polygon","coordinates":[[[-43.3283,-22.4502],[-43.3314,-22.4457],[-43.3282,-22.4502],[-43.3283,-22.4502]]]}},{"type":"Feature","properties":{"cod_imovel":"RJ-3303906-F9F4BE13981442AF9F0D3279FECF70C3","num_area":"129.67500000000000000000000000000","ind_status":"AT","des_condic":"Aguardando analise"},"geometry":{"type":"Polygon","coordinates":[[[-43.1894,-22.3396],[-43.1935,-22.3376],[-43.1877,-22.334],[-43.1893,-22.3391],[-43.1894,-22.3396]],[[-43.1956,-22.3391],[-43.2012,-22.3356],[-43.1975,-22.3291],[-43.2005,-22.3322],[-43.19,-22.3341],[-43.1978,-22.3346],[-43.1984,-22.3386],[-43.1956,-22.3391]],[[-43.197,-22.3294],[-43.1908,-22.3312],[-43.197,-22.3294],[-43.197,-22.3294]],[[-43.1909,-22.3309],[-43.1864,-22.3301],[-43.187,-22.3342],[-43.1894,-22.3305],[-43.1909,-22.3309]],[[-43.1985,-22.3386],[-43.2014,-22.3368],[-43.1987,-22.3385],[-43.1985,-22.3386]],[[-43.1863,-22.33],[-43.1799,-22.3374],[-43.1874,-22.3371],[-43.1866,-22.3308],[-43.1863,-22.33]],[[-43.1799,-22.3374],[-43.1786,-22.3402],[-43.1799,-22.3374],[-43.1799,-22.3374]],[[-43.1786,-22.3402],[-43.188,-22.339],[-43.1791,-22.34],[-43.1786,-22.3402]],[[-43.1879,-22.3397],[-43.187,-22.3343],[-43.1879,-22.3396],[-43.1879,-22.3397]]]}},{"type":"Feature","properties":{"cod_imovel":"RJ-3303906-2659167B9218418C9CF6E0AE1D6FAB9E","num_area":"9.8716000000000000000000000000000","ind_status":"AT","des_condic":"Aguardando analise"},"geometry":{"type":"Polygon","coordinates":[[[-43.1057,-22.3423],[-43.1069,-22.3458],[-43.1058,-22.3422],[-43.1057,-22.3423]]]}},{"type":"Feature","properties":{"cod_imovel":"RJ-3303906-B7E9FEDC61EF41A9A00E6F1B05BCC605","num_area":"4.1777000000000000000000000000000","ind_status":"AT","des_condic":"Aguardando analise"},"geometry":{"type":"Polygon","coordinates":[[[-43.0905,-22.2977],[-43.0931,-22.2962],[-43.0895,-22.2961],[-43.0905,-22.2977]]]}},{"type":"Feature","properties":{"cod_imovel":"RJ-3303906-E01E2DD80FFA4E088C614EC0B0D5015F","num_area":"46.535200000000000000000000000000","ind_status":"AT","des_condic":"Aguardando analise"},"geometry":{"type":"Polygon","coordinates":[[[-43.0586,-22.304],[-43.0501,-22.2986],[-43.0537,-22.3075],[-43.0589,-22.3079],[-43.0586,-22.304],[-43.0586,-22.304]]]}},{"type":"Feature","properties":{"cod_imovel":"RJ-3303906-73D7E4146E5340C486F46AEF4549348C","num_area":"22.580200000000000000000000000000","ind_status":"AT","des_condic":"Aguardando analise"},"geometry":{"type":"Polygon","coordinates":[[[-43.0813,-22.3607],[-43.089,-22.3547],[-43.0814,-22.3606],[-43.0813,-22.3607]],[[-43.0943,-22.3512],[-43.0875,-22.3555],[-43.0942,-22.3513],[-43.0943,-22.3512]],[[-43.0889,-22.3532],[-43.0831,-22.3551],[-43.0889,-22.3532],[-43.0889,-22.3532]],[[-43.0817,-22.3555],[-43.081,-22.36],[-43.0817,-22.3555],[-43.0817,-22.3555]]]}},{"type":"Feature","properties":{"cod_imovel":"RJ-3303906-B7AABE38FFB246C88A38DF9AC204B15E","num_area":"25.279900000000000000000000000000","ind_status":"AT","des_condic":"Aguardando analise"},"geometry":{"type":"Polygon","coordinates":[[[-43.0487,-22.2973],[-43.0446,-22.2945],[-43.0485,-22.2973],[-43.0487,-22.2973]],[[-43.0393,-22.2936],[-43.0344,-22.2976],[-43.0476,-22.2983],[-43.0405,-22.2966],[-43.0393,-22.2936]]]}},{"type":"Feature","properties":{"cod_imovel":"RJ-3303906-E323A3EEFEA747BFA64649E683DCCB25","num_area":"18.626000000000000000000000000000","ind_status":"AT","des_condic":"Aguardando analise"},"geometry":{"type":"Polygon","coordinates":[[[-43.1026,-22.4161],[-43.1028,-22.4112],[-43.0991,-22.4135],[-43.1027,-22.4161],[-43.1026,-22.4161]]]}},{"type":"Feature","properties":{"cod_imovel":"RJ-3303906-354F7B987D66410990E4A3CC6346DBC7","num_area":"3.0517000000000000000000000000000","ind_status":"AT","des_condic":"Aguardando analise"},"geometry":{"type":"Polygon","coordinates":[[[-43.1031,-22.4333],[-43.1004,-22.4314],[-43.1029,-22.4343],[-43.1031,-22.4333]],[[-43.0995,-22.4322],[-43.1001,-22.4388],[-43.103,-22.4364],[-43.1001,-22.4385],[-43.0995,-22.4322],[-43.0995,-22.4322]],[[-43.1007,-22.4332],[-43.1029,-22.4354],[-43.1009,-22.4332],[-43.1007,-22.4332]]]}},{"type":"Feature","properties":{"cod_imovel":"RJ-3303906-5B5D715D64E14D60AF2963D94E682449","num_area":"1.9717000000000000000000000000000","ind_status":"AT","des_condic":"Aguardando analise"},"geometry":{"type":"Polygon","coordinates":[[[-42.9768,-22.2555],[-42.9732,-22.2554],[-42.9768,-22.2555],[-42.9768,-22.2555]]]}},{"type":"Feature","properties":{"cod_imovel":"RJ-3303906-BD855255E47F4A9D8DA463591624C277","num_area":"1.9263000000000000000000000000000","ind_status":"AT","des_condic":"Aguardando analise"},"geometry":{"type":"Polygon","coordinates":[[[-42.9769,-22.2552],[-42.9733,-22.2552],[-42.9769,-22.2552],[-42.9769,-22.2552]],[[-42.9735,-22.255],[-42.9704,-22.255],[-42.9734,-22.2551],[-42.9735,-22.255]]]}},{"type":"Feature","properties":{"cod_imovel":"RJ-3303906-6724921F3BE844D0B8FB799E4C7757EC","num_area":"8.1460000000000000000000000000000","ind_status":"CA","des_condic":"Cancelado por decisao administrativa"},"geometry":{"type":"Polygon","coordinates":[[[-43.1182,-22.4551],[-43.116,-22.4511],[-43.1182,-22.4551],[-43.1182,-22.4551]]]}},{"type":"Feature","properties":{"cod_imovel":"RJ-3303906-E5319F9660FC4A28B70C7713C973DAC1","num_area":"4.2766000000000000000000000000000","ind_status":"CA","des_condic":"Cancelado por decisao administrativa"},"geometry":{"type":"Polygon","coordinates":[[[-43.1217,-22.4483],[-43.1255,-22.4467],[-43.1217,-22.448],[-43.1217,-22.4483]]]}},{"type":"Feature","properties":{"cod_imovel":"RJ-3303906-6DA452384A084B89AE0ED75C4D7A6DFC","num_area":"33.603100000000000000000000000000","ind_status":"AT","des_condic":"Aguardando analise"},"geometry":{"type":"Polygon","coordinates":[[[-43.2893,-22.3787],[-43.2967,-22.384],[-43.2951,-22.3783],[-43.2903,-22.3786],[-43.2919,-22.3826],[-43.2893,-22.3787],[-43.2893,-22.3787]],[[-43.2948,-22.3853],[-43.2989,-22.3867],[-43.2964,-22.3846],[-43.2948,-22.3853]],[[-43.2991,-22.3846],[-43.2965,-22.3802],[-43.2986,-22.3839],[-43.2991,-22.3846]],[[-43.2954,-22.3786],[-43.2971,-22.3838],[-43.2951,-22.3787],[-43.2954,-22.3786]]]}},{"type":"Feature","properties":{"cod_imovel":"RJ-3303906-AD6ABA424F54407AAC3BAC67E7B9862C","num_area":"11.502200000000000000000000000000","ind_status":"AT","des_condic":"Aguardando analise"},"geometry":{"type":"Polygon","coordinates":[[[-43.0209,-22.2597],[-43.015,-22.2589],[-43.0209,-22.2597],[-43.0209,-22.2597]]]}},{"type":"Feature","properties":{"cod_imovel":"RJ-3303906-EAB969C090F64A73872D2B0164B10AB7","num_area":"11.312100000000000000000000000000","ind_status":"AT","des_condic":"Aguardando analise"},"geometry":{"type":"Polygon","coordinates":[[[-42.9906,-22.2499],[-42.9868,-22.248],[-42.9905,-22.2499],[-42.9906,-22.2499]],[[-42.9921,-22.2518],[-42.9892,-22.2505],[-42.991,-22.253],[-42.9921,-22.2518]]]}},{"type":"Feature","properties":{"cod_imovel":"RJ-3303906-E043B21A3E844776857643C98E4D6EA9","num_area":"176.38410000000000000000000000000","ind_status":"AT","des_condic":"Aguardando analise"},"geometry":{"type":"Polygon","coordinates":[[[-43.0629,-22.2816],[-43.0702,-22.2966],[-43.0829,-22.2874],[-43.0698,-22.2852],[-43.0815,-22.2831],[-43.0629,-22.2816],[-43.0629,-22.2816]]]}},{"type":"Feature","properties":{"cod_imovel":"RJ-3303906-18B8C9B172CB4CDE87DD4F79843CD61C","num_area":"88.355900000000000000000000000000","ind_status":"AT","des_condic":"Aguardando analise"},"geometry":{"type":"Polygon","coordinates":[[[-43.2566,-22.3335],[-43.2537,-22.3411],[-43.26,-22.3464],[-43.2603,-22.339],[-43.2559,-22.3423],[-43.2571,-22.3336],[-43.2566,-22.3335]],[[-43.2593,-22.3491],[-43.2619,-22.3449],[-43.2545,-22.3433],[-43.2589,-22.3489],[-43.2593,-22.3491]]]}},{"type":"Feature","properties":{"cod_imovel":"RJ-3303906-3357C9D185124B4CA500CE5E8E35E752","num_area":"45.051000000000000000000000000000","ind_status":"AT","des_condic":"Aguardando analise"},"geometry":{"type":"Polygon","coordinates":[[[-43.2163,-22.3529],[-43.2226,-22.3522],[-43.2163,-22.3528],[-43.2163,-22.3529]],[[-43.2137,-22.3507],[-43.208,-22.3512],[-43.2137,-22.3538],[-43.2119,-22.3578],[-43.2129,-22.3508],[-43.2137,-22.3507]],[[-43.2153,-22.3568],[-43.2157,-22.3526],[-43.2152,-22.3566],[-43.2153,-22.3568]]]}},{"type":"Feature","properties":{"cod_imovel":"RJ-3303906-11D7770C5C264427875C06CAB203BA5D","num_area":"3.7882000000000000000000000000000","ind_status":"AT","des_condic":"Aguardando analise"},"geometry":{"type":"Polygon","coordinates":[[[-43.1078,-22.4646],[-43.1045,-22.4638],[-43.1076,-22.4651],[-43.1078,-22.4646]]]}},{"type":"Feature","properties":{"cod_imovel":"RJ-3303906-41A530A0BC584F338B0FA43FD07C919D","num_area":"2.4484000000000000000000000000000","ind_status":"AT","des_condic":"Aguardando analise"},"geometry":{"type":"Polygon","coordinates":[[[-43.3116,-22.386],[-43.3045,-22.3901],[-43.3116,-22.386],[-43.3116,-22.386]]]}},{"type":"Feature","properties":{"cod_imovel":"RJ-3303906-4D7820FC6AC94781A1FEA38F10DE4810","num_area":"23.196300000000000000000000000000","ind_status":"AT","des_condic":"Aguardando analise"},"geometry":{"type":"Polygon","coordinates":[[[-43.0432,-22.2814],[-43.0399,-22.2823],[-43.0433,-22.2821],[-43.0432,-22.2814]],[[-43.0415,-22.28],[-43.0401,-22.2858],[-43.0414,-22.2799],[-43.0376,-22.2839],[-43.0412,-22.287],[-43.0415,-22.28],[-43.0415,-22.28]]]}},{"type":"Feature","properties":{"cod_imovel":"RJ-3303906-08278A75586A450CA752483CBE212A0E","num_area":"107.87170000000000000000000000000","ind_status":"AT","des_condic":"Aguardando analise"},"geometry":{"type":"Polygon","coordinates":[[[-43.1851,-22.3516],[-43.1883,-22.343],[-43.183,-22.3434],[-43.1845,-22.3512],[-43.1851,-22.3516]],[[-43.1924,-22.3482],[-43.1885,-22.3435],[-43.1916,-22.3479],[-43.1924,-22.3482]],[[-43.183,-22.3434],[-43.1702,-22.3443],[-43.18,-22.3523],[-43.1822,-22.3468],[-43.1766,-22.3473],[-43.183,-22.3438],[-43.183,-22.3434]],[[-43.1745,-22.3478],[-43.1716,-22.3448],[-43.1744,-22.3477],[-43.1745,-22.3478]]]}},{"type":"Feature","properties":{"cod_imovel":"RJ-3303906-22149EC60033436F9A2892C8906A07B4","num_area":"3.1947000000000000000000000000000","ind_status":"CA","des_condic":"Cancelado por decisao administrativa"},"geometry":{"type":"Polygon","coordinates":[[[-43.132,-22.4478],[-43.1358,-22.4488],[-43.1321,-22.4477],[-43.132,-22.4478]]]}},{"type":"Feature","properties":{"cod_imovel":"RJ-3303906-0C50DC70BF124ED0A64825D20CFEF69A","num_area":"2.1648000000000000000000000000000","ind_status":"CA","des_condic":"Cancelado por decisao administrativa"},"geometry":{"type":"Polygon","coordinates":[[[-43.1244,-22.4454],[-43.1281,-22.4463],[-43.1245,-22.4454],[-43.1244,-22.4454]]]}},{"type":"Feature","properties":{"cod_imovel":"RJ-3303906-1F332CAC02BF4901917D2AA0AFFF05A5","num_area":"2.1538000000000000000000000000000","ind_status":"AT","des_condic":"Aguardando analise"},"geometry":{"type":"Polygon","coordinates":[[[-43.32,-22.429],[-43.322,-22.4317],[-43.3203,-22.4286],[-43.32,-22.429]]]}},{"type":"Feature","properties":{"cod_imovel":"RJ-3303906-E124867F71E142C880541AF8E3B3FC6D","num_area":"5.5068000000000000000000000000000","ind_status":"CA","des_condic":"Cancelado por decisao administrativa"},"geometry":{"type":"Polygon","coordinates":[[[-43.1899,-22.3862],[-43.1924,-22.3826],[-43.19,-22.3856],[-43.1899,-22.3862]]]}},{"type":"Feature","properties":{"cod_imovel":"RJ-3303906-0232D5A330ED4AEDB72B815A25E72ED0","num_area":"32.105300000000000000000000000000","ind_status":"AT","des_condic":"Aguardando analise"},"geometry":{"type":"Polygon","coordinates":[[[-43.0398,-22.2355],[-43.0296,-22.24],[-43.0281,-22.2478],[-43.0383,-22.2373],[-43.0398,-22.2355]]]}},{"type":"Feature","properties":{"cod_imovel":"RJ-3303906-07A026735DC2472793C02F2CD1421037","num_area":"3.3951000000000000000000000000000","ind_status":"AT","des_condic":"Aguardando analise"},"geometry":{"type":"Polygon","coordinates":[[[-43.096,-22.3032],[-43.1036,-22.303],[-43.096,-22.3032],[-43.096,-22.3032]]]}},{"type":"Feature","properties":{"cod_imovel":"RJ-3303906-0D02B059ACC14D17A5846EAFE2C1B205","num_area":"17.791700000000000000000000000000","ind_status":"AT","des_condic":"Aguardando analise"},"geometry":{"type":"Polygon","coordinates":[[[-42.9949,-22.2416],[-42.9924,-22.2475],[-42.9957,-22.2485],[-42.9949,-22.2416],[-42.9949,-22.2416]]]}},{"type":"Feature","properties":{"cod_imovel":"RJ-3303906-0D7DF815FCBE4BB9912EE1B9CF9A3ADD","num_area":"17.641200000000000000000000000000","ind_status":"AT","des_condic":"Aguardando analise"},"geometry":{"type":"Polygon","coordinates":[[[-43.0502,-22.279],[-43.0567,-22.2829],[-43.0504,-22.2791],[-43.0502,-22.279]]]}},{"type":"Feature","properties":{"cod_imovel":"RJ-3303906-1532AB7DAA354B81AA051CFE256399F4","num_area":"6.2430000000000000000000000000000","ind_status":"AT","des_condic":"Aguardando analise"},"geometry":{"type":"Polygon","coordinates":[[[-43.1006,-22.318],[-43.096,-22.3207],[-43.1006,-22.318],[-43.1006,-22.318]]]}},{"type":"Feature","properties":{"cod_imovel":"RJ-3303906-15EF2C74A25844179AC84BDD67DC83FC","num_area":"2.6475000000000000000000000000000","ind_status":"AT","des_condic":"Aguardando analise"},"geometry":{"type":"Polygon","coordinates":[[[-43.1349,-22.4931],[-43.1339,-22.4901],[-43.1346,-22.4933],[-43.1349,-22.4931]]]}},{"type":"Feature","properties":{"cod_imovel":"RJ-3303906-17CD2798C8224BBCA0126469622D4FB0","num_area":"2.8206000000000000000000000000000","ind_status":"AT","des_condic":"Aguardando analise"},"geometry":{"type":"Polygon","coordinates":[[[-43.3108,-22.4288],[-43.3131,-22.4262],[-43.3106,-22.4282],[-43.3108,-22.4288]]]}},{"type":"Feature","properties":{"cod_imovel":"RJ-3303906-17E2B7B779CC47ACA3AB45E4559B271F","num_area":"4.6499000000000000000000000000000","ind_status":"AT","des_condic":"Aguardando analise"},"geometry":{"type":"Polygon","coordinates":[[[-43.2045,-22.4137],[-43.2066,-22.4109],[-43.2039,-22.4136],[-43.2045,-22.4137]]]}},{"type":"Feature","properties":{"cod_imovel":"RJ-3303906-190DCD3F7D514CDFB7B2EE716833E3D1","num_area":"24.295600000000000000000000000000","ind_status":"AT","des_condic":"Aguardando analise"},"geometry":{"type":"Polygon","coordinates":[[[-43.0986,-22.3132],[-43.0953,-22.3094],[-43.0976,-22.3175],[-43.0987,-22.3132],[-43.0986,-22.3132]]]}},{"type":"Feature","properties":{"cod_imovel":"RJ-3303906-192519C8334C40C69BA5A298AEA21167","num_area":"3.3281000000000000000000000000000","ind_status":"AT","des_condic":"Aguardando analise"},"geometry":{"type":"Polygon","coordinates":[[[-43.0611,-22.3004],[-43.0654,-22.2988],[-43.0611,-22.3003],[-43.0611,-22.3004]]]}},{"type":"Feature","properties":{"cod_imovel":"RJ-3303906-1992CF79353A44A49A32634C8C53B809","num_area":"5.1805000000000000000000000000000","ind_status":"AT","des_condic":"Aguardando analise"},"geometry":{"type":"Polygon","coordinates":[[[-43.0801,-22.3239],[-43.0827,-22.32],[-43.08,-22.3232],[-43.0801,-22.3239]],[[-43.0817,-22.32],[-43.08,-22.3232],[-43.0817,-22.32],[-43.0817,-22.32]]]}},{"type":"Feature","properties":{"cod_imovel":"RJ-3303906-1B0B6B71E91B49459D92693B48DA8435","num_area":"24.069600000000000000000000000000","ind_status":"AT","des_condic":"Aguardando analise"},"geometry":{"type":"Polygon","coordinates":[[[-43.0328,-22.2358],[-43.0314,-22.2415],[-43.0326,-22.2356],[-43.0328,-22.2358]],[[-43.0338,-22.2404],[-43.0332,-22.2344],[-43.0338,-22.2404],[-43.0338,-22.2404]]]}},{"type":"Feature","properties":{"cod_imovel":"RJ-3303906-1D63412E6B78466196477A29E7790CB6","num_area":"24.419300000000000000000000000000","ind_status":"AT","des_condic":"Aguardando analise"},"geometry":{"type":"Polygon","coordinates":[[[-43.0282,-22.2446],[-43.0226,-22.2366],[-43.0283,-22.2446],[-43.0282,-22.2446]],[[-43.0306,-22.2361],[-43.0292,-22.2392],[-43.0306,-22.2362],[-43.0306,-22.2361]],[[-43.0324,-22.2383],[-43.03,-22.2347],[-43.0324,-22.2383],[-43.0324,-22.2383]]]}},{"type":"Feature","properties":{"cod_imovel":"RJ-3303906-1EA67083272E41A481E08A6D98B580AB","num_area":"11.407500000000000000000000000000","ind_status":"AT","des_condic":"Aguardando analise"},"geometry":{"type":"Polygon","coordinates":[[[-43.0354,-22.2591],[-43.0374,-22.2557],[-43.0354,-22.2592],[-43.0354,-22.2591]],[[-43.0356,-22.2558],[-43.0326,-22.2545],[-43.033,-22.2588],[-43.0361,-22.2557],[-43.0356,-22.2558]]]}},{"type":"Feature","properties":{"cod_imovel":"RJ-3303906-1F9CD787F8024C9F95C6942A0804CDB3","num_area":"13.205900000000000000000000000000","ind_status":"AT","des_condic":"Aguardando analise"},"geometry":{"type":"Polygon","coordinates":[[[-43.0833,-22.3353],[-43.0782,-22.3386],[-43.0834,-22.3353],[-43.0833,-22.3353]]]}},{"type":"Feature","properties":{"cod_imovel":"RJ-3303906-255E2CA7FB7D44E19F1E26308ADBDAB5","num_area":"79.411500000000000000000000000000","ind_status":"AT","des_condic":"Aguardando analise"},"geometry":{"type":"Polygon","coordinates":[[[-43.3217,-22.4387],[-43.3136,-22.4449],[-43.3183,-22.4503],[-43.3083,-22.4495],[-43.3174,-22.4515],[-43.3237,-22.443],[-43.3218,-22.4389],[-43.3187,-22.4436],[-43.3217,-22.4387],[-43.3217,-22.4387]],[[-43.3201,-22.439],[-43.3107,-22.4456],[-43.3202,-22.4391],[-43.3201,-22.439]],[[-43.3107,-22.4456],[-43.308,-22.4489],[-43.3107,-22.4456],[-43.3107,-22.4456]]]}},{"type":"Feature","properties":{"cod_imovel":"RJ-3303906-2E08C936252646D2B326295E0097BE6D","num_area":"9.9387000000000000000000000000000","ind_status":"AT","des_condic":"Aguardando analise"},"geometry":{"type":"Polygon","coordinates":[[[-43.0598,-22.2939],[-43.056,-22.2958],[-43.0601,-22.2939],[-43.0598,-22.2939]]]}},{"type":"Feature","properties":{"cod_imovel":"RJ-3303906-358350A8E7A54FC2BD74268C6DD4BA43","num_area":"2.0708000000000000000000000000000","ind_status":"CA","des_condic":"Cancelado por decisao administrativa"},"geometry":{"type":"Polygon","coordinates":[[[-43.1275,-22.4535],[-43.1305,-22.4547],[-43.1275,-22.4535],[-43.1275,-22.4535]]]}},{"type":"Feature","properties":{"cod_imovel":"RJ-3303906-35B78244CE79462A9F6735893C96490A","num_area":"12.819900000000000000000000000000","ind_status":"AT","des_condic":"Aguardando analise"},"geometry":{"type":"Polygon","coordinates":[[[-42.9954,-22.2413],[-42.9949,-22.2509],[-42.9983,-22.2518],[-42.9977,-22.2399],[-42.9954,-22.2413]]]}},{"type":"Feature","properties":{"cod_imovel":"RJ-3303906-35CD185DE9D645C0B82F9FA41AE5340E","num_area":"2.7833000000000000000000000000000","ind_status":"AT","des_condic":"Aguardando analise"},"geometry":{"type":"Polygon","coordinates":[[[-43.0891,-22.3483],[-43.0859,-22.3531],[-43.0892,-22.3483],[-43.0891,-22.3483]],[[-43.0859,-22.3531],[-43.0891,-22.3508],[-43.0859,-22.3531],[-43.0859,-22.3531]]]}},{"type":"Feature","properties":{"cod_imovel":"RJ-3303906-44630DD5ED854483BF63F6E58C753843","num_area":"44.505100000000000000000000000000","ind_status":"AT","des_condic":"Aguardando analise"},"geometry":{"type":"Polygon","coordinates":[[[-43.0748,-22.2719],[-43.0796,-22.274],[-43.0757,-22.2719],[-43.0748,-22.2719]],[[-43.0724,-22.2718],[-43.0662,-22.2756],[-43.0779,-22.2759],[-43.0723,-22.2718],[-43.0724,-22.2718]]]}},{"type":"Feature","properties":{"cod_imovel":"RJ-3303906-4506859894014561B01B1FB5B57C4076","num_area":"2.4258000000000000000000000000000","ind_status":"AT","des_condic":"Aguardando analise"},"geometry":{"type":"Polygon","coordinates":[[[-42.9846,-22.2463],[-42.989,-22.2451],[-42.9846,-22.2463],[-42.9846,-22.2463]]]}},{"type":"Feature","properties":{"cod_imovel":"RJ-3303906-45A985923C3441F2B8DC37E4CFDC9ED8","num_area":"2.1531000000000000000000000000000","ind_status":"AT","des_condic":"Aguardando analise"},"geometry":{"type":"Polygon","coordinates":[[[-43.0564,-22.2799],[-43.0573,-22.2829],[-43.0568,-22.2798],[-43.0564,-22.2799]]]}},{"type":"Feature","properties":{"cod_imovel":"RJ-3303906-47033776443647E2A9873CD54348F58D","num_area":"2.8395000000000000000000000000000","ind_status":"AT","des_condic":"Aguardando analise"},"geometry":{"type":"Polygon","coordinates":[[[-43.0345,-22.2713],[-43.0378,-22.27],[-43.0342,-22.2705],[-43.0345,-22.2713]]]}},{"type":"Feature","properties":{"cod_imovel":"RJ-3303906-4B041F29E5F54700A51EEE739A149F47","num_area":"9.1909000000000000000000000000000","ind_status":"AT","des_condic":"Aguardando analise"},"geometry":{"type":"Polygon","coordinates":[[[-43.0567,-22.3007],[-43.0602,-22.3014],[-43.0569,-22.301],[-43.0567,-22.3007]]]}},{"type":"Feature","properties":{"cod_imovel":"RJ-3303906-4D32CFE69D884586B8E97F2FCE57C61E","num_area":"10.716100000000000000000000000000","ind_status":"AT","des_condic":"Aguardando analise"},"geometry":{"type":"Polygon","coordinates":[[[-43.0892,-22.2749],[-43.0893,-22.2803],[-43.09,-22.2757],[-43.0892,-22.2749]]]}},{"type":"Feature","properties":{"cod_imovel":"RJ-3303906-4D5444EC8F154D5BAC34CA73A643E7E6","num_area":"33.354200000000000000000000000000","ind_status":"AT","des_condic":"Aguardando analise"},"geometry":{"type":"Polygon","coordinates":[[[-43.0431,-22.3397],[-43.0454,-22.3425],[-43.0384,-22.3435],[-43.0392,-22.3494],[-43.0455,-22.3425],[-43.0432,-22.3396],[-43.0431,-22.3397]]]}},{"type":"Feature","properties":{"cod_imovel":"RJ-3303906-5039CA348C4F43368E2A43CAA5E1B60E","num_area":"3.6125000000000000000000000000000","ind_status":"AT","des_condic":"Aguardando analise"},"geometry":{"type":"Polygon","coordinates":[[[-43.0709,-22.318],[-43.0667,-22.3191],[-43.0702,-22.3184],[-43.0709,-22.318]]]}},{"type":"Feature","properties":{"cod_imovel":"RJ-3303906-5282B3707DCD4DA6B7AF9D7206664B82","num_area":"84.353100000000000000000000000000","ind_status":"AT","des_condic":"Aguardando analise"},"geometry":{"type":"Polygon","coordinates":[[[-43.2202,-22.3328],[-43.2129,-22.3308],[-43.22,-22.3327],[-43.2202,-22.3328]],[[-43.2103,-22.3271],[-43.2088,-22.3303],[-43.2167,-22.3295],[-43.2102,-22.3273],[-43.2103,-22.3271]],[[-43.2101,-22.3322],[-43.2161,-22.3327],[-43.21,-22.332],[-43.2101,-22.3322]],[[-43.2092,-22.3322],[-43.2101,-22.3368],[-43.2181,-22.3362],[-43.2095,-22.3322],[-43.2092,-22.3322]],[[-43.2181,-22.3362],[-43.2191,-22.3331],[-43.2181,-22.3361],[-43.2181,-22.3362]]]}},{"type":"Feature","properties":{"cod_imovel":"RJ-3303906-534DA090A78E4FCDB0EB5452911AD0D4","num_area":"1.4394000000000000000000000000000","ind_status":"AT","des_condic":"Aguardando analise"},"geometry":{"type":"Polygon","coordinates":[[[-43.0634,-22.2297],[-43.0661,-22.2272],[-43.0633,-22.2296],[-43.0634,-22.2297]]]}},{"type":"Feature","properties":{"cod_imovel":"RJ-3303906-55729ED042B8482791368151B5BBB922","num_area":"6.3116000000000000000000000000000","ind_status":"AT","des_condic":"Aguardando analise"},"geometry":{"type":"Polygon","coordinates":[[[-43.0865,-22.3352],[-43.0919,-22.3342],[-43.0863,-22.3346],[-43.0865,-22.3352]]]}},{"type":"Feature","properties":{"cod_imovel":"RJ-3303906-5725FCD1480A459FBAE7607EFEF91F3C","num_area":"13.325000000000000000000000000000","ind_status":"AT","des_condic":"Aguardando analise"},"geometry":{"type":"Polygon","coordinates":[[[-43.0927,-22.3488],[-43.0879,-22.3531],[-43.0926,-22.349],[-43.0927,-22.3488]]]}},{"type":"Feature","properties":{"cod_imovel":"RJ-3303906-5C9955AC6C6D4302AE2A9750391CF80D","num_area":"15.657000000000000000000000000000","ind_status":"AT","des_condic":"Aguardando analise"},"geometry":{"type":"Polygon","coordinates":[[[-43.1934,-22.3059],[-43.1887,-22.3062],[-43.1927,-22.3117],[-43.1937,-22.307],[-43.1934,-22.3059]]]}},{"type":"Feature","properties":{"cod_imovel":"RJ-3303906-60715E12BF854D26989CDD63D9409A74","num_area":"6.2901000000000000000000000000000","ind_status":"AT","des_condic":"Aguardando analise"},"geometry":{"type":"Polygon","coordinates":[[[-43.0954,-22.3052],[-43.0913,-22.3035],[-43.0954,-22.3053],[-43.0954,-22.3052]]]}},{"type":"Feature","properties":{"cod_imovel":"RJ-3303906-66802DA7F79C42B3BCB3F72E3A3849FE","num_area":"16.097200000000000000000000000000","ind_status":"AT","des_condic":"Aguardando analise"},"geometry":{"type":"Polygon","coordinates":[[[-43.3112,-22.3969],[-43.3072,-22.4029],[-43.3113,-22.3969],[-43.3112,-22.3969]]]}},{"type":"Feature","properties":{"cod_imovel":"RJ-3303906-67FD46D65E044174A5548521BC532D0D","num_area":"1.4208000000000000000000000000000","ind_status":"AT","des_condic":"Aguardando analise"},"geometry":{"type":"Polygon","coordinates":[[[-43.1446,-22.511],[-43.1417,-22.5123],[-43.1446,-22.511],[-43.1446,-22.511]]]}},{"type":"Feature","properties":{"cod_imovel":"RJ-3303906-7DB1866CC1404A059BF1C12E5A1FB522","num_area":"8.0023000000000000000000000000000","ind_status":"AT","des_condic":"Aguardando analise"},"geometry":{"type":"Polygon","coordinates":[[[-43.2989,-22.3965],[-43.2974,-22.3927],[-43.2986,-22.3965],[-43.2989,-22.3965]]]}},{"type":"Feature","properties":{"cod_imovel":"RJ-3303906-7F8B2788D83B433DA9602E36FC2A4CBC","num_area":"3.0026000000000000000000000000000","ind_status":"AT","des_condic":"Aguardando analise"},"geometry":{"type":"Polygon","coordinates":[[[-43.1432,-22.5071],[-43.1393,-22.5092],[-43.1432,-22.5071],[-43.1432,-22.5071]]]}},{"type":"Feature","properties":{"cod_imovel":"RJ-3303906-7FAAA12E2CC34E80B9E15636148F2FA8","num_area":"4.7780000000000000000000000000000","ind_status":"AT","des_condic":"Aguardando analise"},"geometry":{"type":"Polygon","coordinates":[[[-43.3142,-22.4147],[-43.3168,-22.4117],[-43.3142,-22.4147],[-43.3142,-22.4147]]]}},{"type":"Feature","properties":{"cod_imovel":"RJ-3303906-8202638885994A4CA4683743153D74AD","num_area":"7.5835000000000000000000000000000","ind_status":"AT","des_condic":"Aguardando analise"},"geometry":{"type":"Polygon","coordinates":[[[-42.9928,-22.2449],[-42.9921,-22.2412],[-42.9927,-22.245],[-42.9928,-22.2449]]]}},{"type":"Feature","properties":{"cod_imovel":"RJ-3303906-84406C1B644B46F5B62CBD1A884EDAC7","num_area":"21.875000000000000000000000000000","ind_status":"AT","des_condic":"Aguardando analise"},"geometry":{"type":"Polygon","coordinates":[[[-43.2498,-22.3291],[-43.2541,-22.33],[-43.2499,-22.3291],[-43.2498,-22.3291]],[[-43.2417,-22.3229],[-43.2448,-22.3283],[-43.2419,-22.3232],[-43.2417,-22.3229]]]}},{"type":"Feature","properties":{"cod_imovel":"RJ-3303906-84FD4D295B2548F999069A1EB5BB7EF5","num_area":"10.906700000000000000000000000000","ind_status":"AT","des_condic":"Aguardando analise"},"geometry":{"type":"Polygon","coordinates":[[[-43.0258,-22.2127],[-43.0298,-22.2191],[-43.026,-22.2123],[-43.0258,-22.2127]]]}},{"type":"Feature","properties":{"cod_imovel":"RJ-3303906-8A1CFD60C83544D585B0ECECD9340471","num_area":"18.887900000000000000000000000000","ind_status":"SU","des_condic":"Analisado, aguardando regularizacao ambiental (Lei n 12.651/2012)"},"geometry":{"type":"Polygon","coordinates":[[[-43.0598,-22.2207],[-43.0628,-22.2288],[-43.0598,-22.2207],[-43.0598,-22.2207]],[[-43.0629,-22.2289],[-43.0611,-22.219],[-43.0629,-22.2289],[-43.0629,-22.2289]]]}},{"type":"Feature","properties":{"cod_imovel":"RJ-3303906-8D0D268585E3484EB36A352127178426","num_area":"6.7472000000000000000000000000000","ind_status":"AT","des_condic":"Aguardando analise"},"geometry":{"type":"Polygon","coordinates":[[[-43.1261,-22.5194],[-43.1281,-22.5236],[-43.1268,-22.5199],[-43.1261,-22.5194]]]}},{"type":"Feature","properties":{"cod_imovel":"RJ-3303906-8EF890DD56A942279A52BD6D91D7F79E","num_area":"1.6927000000000000000000000000000","ind_status":"AT","des_condic":"Aguardando analise"},"geometry":{"type":"Polygon","coordinates":[[[-42.9894,-22.2398],[-42.9864,-22.2384],[-42.9894,-22.2399],[-42.9894,-22.2398]]]}},{"type":"Feature","properties":{"cod_imovel":"RJ-3303906-9490906E577C450CB05F7EB8ED3EFACB","num_area":"7.9349000000000000000000000000000","ind_status":"AT","des_condic":"Aguardando analise"},"geometry":{"type":"Polygon","coordinates":[[[-43.0904,-22.4642],[-43.0947,-22.4645],[-43.0913,-22.4638],[-43.0904,-22.4642]]]}},{"type":"Feature","properties":{"cod_imovel":"RJ-3303906-95F2ED464C8C49578C3B6FA3A07643F8","num_area":"14.063900000000000000000000000000","ind_status":"AT","des_condic":"Aguardando analise"},"geometry":{"type":"Polygon","coordinates":[[[-43.3153,-22.3944],[-43.3174,-22.3884],[-43.308,-22.3923],[-43.3167,-22.39],[-43.3158,-22.3945],[-43.3153,-22.3944]]]}},{"type":"Feature","properties":{"cod_imovel":"RJ-3303906-9741E3F62BC94EB6850AED52CD573AEB","num_area":"2.3609000000000000000000000000000","ind_status":"AT","des_condic":"Aguardando analise"},"geometry":{"type":"Polygon","coordinates":[[[-43.0959,-22.3027],[-43.1034,-22.3028],[-43.0959,-22.3027],[-43.0959,-22.3027]]]}},{"type":"Feature","properties":{"cod_imovel":"RJ-3303906-9CFB33047A1C43479608821F511361A5","num_area":"52.320700000000000000000000000000","ind_status":"AT","des_condic":"Aguardando analise"},"geometry":{"type":"Polygon","coordinates":[[[-43.2689,-22.3768],[-43.2632,-22.378],[-43.2632,-22.3828],[-43.2728,-22.3867],[-43.2692,-22.3774],[-43.2689,-22.3768]]]}},{"type":"Feature","properties":{"cod_imovel":"RJ-3303906-A21CED57CCC74F42B0CE56867144108A","num_area":"13.134400000000000000000000000000","ind_status":"AT","des_condic":"Aguardando analise"},"geometry":{"type":"Polygon","coordinates":[[[-42.9856,-22.2488],[-42.9904,-22.2522],[-42.9856,-22.2488],[-42.9856,-22.2488]],[[-42.9856,-22.2495],[-42.9926,-22.2547],[-42.9905,-22.2524],[-42.9856,-22.2495]],[[-42.9855,-22.2502],[-42.9853,-22.2545],[-42.9925,-22.2547],[-42.9858,-22.2503],[-42.9855,-22.2502]]]}},{"type":"Feature","properties":{"cod_imovel":"RJ-3303906-A4ED01244BC24C7BA1ACD5408059A88F","num_area":"7.8273000000000000000000000000000","ind_status":"AT","des_condic":"Aguardando analise"},"geometry":{"type":"Polygon","coordinates":[[[-43.0465,-22.3127],[-43.0489,-22.3091],[-43.0469,-22.3122],[-43.0465,-22.3127]]]}},{"type":"Feature","properties":{"cod_imovel":"RJ-3303906-A8C7821BD73F4EEA941DEEBCB5FA93D7","num_area":"2.0041000000000000000000000000000","ind_status":"CA","des_condic":"Cancelado por decisao administrativa"},"geometry":{"type":"Polygon","coordinates":[[[-43.1319,-22.4487],[-43.1314,-22.4518],[-43.132,-22.4486],[-43.1319,-22.4487]]]}},{"type":"Feature","properties":{"cod_imovel":"RJ-3303906-A9DFF0A9D49B441BBAF4B5BC76435B66","num_area":"3.2960000000000000000000000000000","ind_status":"AT","des_condic":"Aguardando analise"},"geometry":{"type":"Polygon","coordinates":[[[-43.1452,-22.4056],[-43.1412,-22.4068],[-43.1447,-22.4057],[-43.1452,-22.4056]]]}},{"type":"Feature","properties":{"cod_imovel":"RJ-3303906-AA5CEA17D3E04A37BBCD23043D310B27","num_area":"8.9823000000000000000000000000000","ind_status":"AT","des_condic":"Aguardando analise"},"geometry":{"type":"Polygon","coordinates":[[[-43.1049,-22.4572],[-43.1057,-22.4603],[-43.1049,-22.4572],[-43.1049,-22.4572]]]}},{"type":"Feature","properties":{"cod_imovel":"RJ-3303906-B21978AFA7694548A89A57BA6B76D818","num_area":"131.58390000000000000000000000000","ind_status":"AT","des_condic":"Aguardando analise"},"geometry":{"type":"Polygon","coordinates":[[[-43.2091,-22.3319],[-43.1999,-22.3278],[-43.2088,-22.3318],[-43.2091,-22.3319]],[[-43.2088,-22.33],[-43.2077,-22.324],[-43.1991,-22.3242],[-43.2082,-22.3301],[-43.2088,-22.33]],[[-43.2086,-22.331],[-43.2,-22.3282],[-43.2098,-22.337],[-43.2035,-22.3304],[-43.2083,-22.3305],[-43.2086,-22.331]],[[-43.2028,-22.3397],[-43.2097,-22.3371],[-43.2037,-22.3355],[-43.2028,-22.3395],[-43.2007,-22.3327],[-43.2028,-22.3394],[-43.2028,-22.3397]],[[-43.2018,-22.3366],[-43.198,-22.3403],[-43.2022,-22.3366],[-43.2018,-22.3366]]]}},{"type":"Feature","properties":{"cod_imovel":"RJ-3303906-B59A90055ADA420589042DB26FE18DDC","num_area":"10.950600000000000000000000000000","ind_status":"AT","des_condic":"Aguardando analise"},"geometry":{"type":"Polygon","coordinates":[[[-43.0396,-22.3014],[-43.0365,-22.3031],[-43.0393,-22.301],[-43.0396,-22.3014]],[[-43.0384,-22.3001],[-43.0354,-22.3028],[-43.0383,-22.3002],[-43.0384,-22.3001]]]}},{"type":"Feature","properties":{"cod_imovel":"RJ-3303906-B5C645E41740444497CDA0164789E3BD","num_area":"21.029400000000000000000000000000","ind_status":"AT","des_condic":"Aguardando analise"},"geometry":{"type":"Polygon","coordinates":[[[-43.1034,-22.3307],[-43.105,-22.3336],[-43.1034,-22.3307],[-43.1034,-22.3307]],[[-43.1067,-22.3345],[-43.1046,-22.3317],[-43.1065,-22.3347],[-43.1067,-22.3345]],[[-43.1086,-22.335],[-43.1055,-22.3304],[-43.107,-22.3352],[-43.1086,-22.335]]]}},{"type":"Feature","properties":{"cod_imovel":"RJ-3303906-C4655C815D5D49D9B80C0B5F1E36633D","num_area":"4.4930000000000000000000000000000","ind_status":"AT","des_condic":"Aguardando analise"},"geometry":{"type":"Polygon","coordinates":[[[-43.0899,-22.3412],[-43.0932,-22.3371],[-43.0898,-22.3412],[-43.0899,-22.3412]]]}},{"type":"Feature","properties":{"cod_imovel":"RJ-3303906-B88DE50C2D6447DE8868EDC2CE714F3B","num_area":"1.2680000000000000000000000000000","ind_status":"AT","des_condic":"Aguardando analise"},"geometry":{"type":"Polygon","coordinates":[[[-43.0968,-22.3079],[-43.1051,-22.3078],[-43.0969,-22.3078],[-43.0968,-22.3079]]]}},{"type":"Feature","properties":{"cod_imovel":"RJ-3303906-B925C0F1893146E9A8522147C69E2488","num_area":"4.2332000000000000000000000000000","ind_status":"AT","des_condic":"Aguardando analise"},"geometry":{"type":"Polygon","coordinates":[[[-43.0653,-22.2754],[-43.066,-22.2789],[-43.0656,-22.2755],[-43.0653,-22.2754]]]}},{"type":"Feature","properties":{"cod_imovel":"RJ-3303906-BCE811CEB23B49C499D5C24849A5D5C7","num_area":"13.526900000000000000000000000000","ind_status":"AT","des_condic":"Aguardando analise"},"geometry":{"type":"Polygon","coordinates":[[[-43.3079,-22.3923],[-43.3121,-22.3915],[-43.3103,-22.3888],[-43.3081,-22.3922],[-43.3079,-22.3923]],[[-43.3165,-22.3856],[-43.3118,-22.3871],[-43.3165,-22.3856],[-43.3165,-22.3856]],[[-43.3139,-22.3911],[-43.3182,-22.3888],[-43.3118,-22.3877],[-43.3137,-22.3906],[-43.3139,-22.3911]]]}},{"type":"Feature","properties":{"cod_imovel":"RJ-3303906-BFC2ADD7925947F685CA57BAB88B90BF","num_area":"2.4536000000000000000000000000000","ind_status":"AT","des_condic":"Aguardando analise"},"geometry":{"type":"Polygon","coordinates":[[[-43.0607,-22.2992],[-43.0665,-22.2974],[-43.0605,-22.2989],[-43.0607,-22.2992]]]}},{"type":"Feature","properties":{"cod_imovel":"RJ-3303906-C09A0D5B3BA64AF6BDD9362EED170C57","num_area":"6.9411000000000000000000000000000","ind_status":"AT","des_condic":"Aguardando analise"},"geometry":{"type":"Polygon","coordinates":[[[-43.0392,-22.3128],[-43.0434,-22.3156],[-43.0393,-22.3129],[-43.0392,-22.3128]]]}},{"type":"Feature","properties":{"cod_imovel":"RJ-3303906-C28BDE4BCA2940CCA73B11BBCA2A107C","num_area":"6.6617000000000000000000000000000","ind_status":"AT","des_condic":"Aguardando analise"},"geometry":{"type":"Polygon","coordinates":[[[-43.0998,-22.3005],[-43.1031,-22.2994],[-43.0994,-22.3],[-43.0998,-22.3005]]]}},{"type":"Feature","properties":{"cod_imovel":"RJ-3303906-C3784E1606344A26AF56A78D2DFAF4E2","num_area":"30.983900000000000000000000000000","ind_status":"AT","des_condic":"Aguardando analise"},"geometry":{"type":"Polygon","coordinates":[[[-43.0611,-22.329],[-43.0634,-22.3219],[-43.0609,-22.328],[-43.0611,-22.329]]]}},{"type":"Feature","properties":{"cod_imovel":"RJ-3303906-C87992721DFD405C863D79A1A71469B9","num_area":"5.1682000000000000000000000000000","ind_status":"AT","des_condic":"Aguardando analise"},"geometry":{"type":"Polygon","coordinates":[[[-43.2408,-22.5451],[-43.2442,-22.5486],[-43.2405,-22.5463],[-43.2408,-22.5451]],[[-43.2404,-22.5464],[-43.2438,-22.5494],[-43.2405,-22.5465],[-43.2404,-22.5464]],[[-43.2399,-22.5482],[-43.243,-22.5512],[-43.2398,-22.5484],[-43.2399,-22.5482]]]}},{"type":"Feature","properties":{"cod_imovel":"RJ-3303906-C966C48840A0486F83EA3A3D98A6487D","num_area":"5.5049000000000000000000000000000","ind_status":"AT","des_condic":"Aguardando analise"},"geometry":{"type":"Polygon","coordinates":[[[-42.9903,-22.2403],[-42.9842,-22.237],[-42.9896,-22.2399],[-42.9903,-22.2403]]]}},{"type":"Feature","properties":{"cod_imovel":"RJ-3303906-CF23423D621F45039D85360F60182035","num_area":"4.5309000000000000000000000000000","ind_status":"AT","des_condic":"Aguardando analise"},"geometry":{"type":"Polygon","coordinates":[[[-43.1003,-22.302],[-43.0952,-22.3011],[-43.1004,-22.302],[-43.1003,-22.302]]]}},{"type":"Feature","properties":{"cod_imovel":"RJ-3303906-D09E734E6EE44D1AA483E4CF0C5A3F6F","num_area":"16.848400000000000000000000000000","ind_status":"AT","des_condic":"Aguardando analise"},"geometry":{"type":"Polygon","coordinates":[[[-43.0543,-22.3134],[-43.0519,-22.3095],[-43.0541,-22.3135],[-43.0543,-22.3134]],[[-43.0538,-22.3136],[-43.0519,-22.3095],[-43.0503,-22.3137],[-43.0538,-22.3136],[-43.0538,-22.3136]]]}},{"type":"Feature","properties":{"cod_imovel":"RJ-3303906-D2844F4D2E2740589626E6923F03AD3C","num_area":"13.725500000000000000000000000000","ind_status":"PE","des_condic":"Analisado, aguardando atendimento a notificacao"},"geometry":{"type":"Polygon","coordinates":[[[-43.0881,-22.3305],[-43.0927,-22.328],[-43.0876,-22.3258],[-43.088,-22.3304],[-43.0881,-22.3305]]]}},{"type":"Feature","properties":{"cod_imovel":"RJ-3303906-D6CFF0A8F3E7490E9BFE3D8A3C5FE1C0","num_area":"44.047300000000000000000000000000","ind_status":"AT","des_condic":"Aguardando analise"},"geometry":{"type":"Polygon","coordinates":[[[-43.0913,-22.2916],[-43.0883,-22.2868],[-43.0812,-22.2896],[-43.0913,-22.2916],[-43.0913,-22.2916]]]}},{"type":"Feature","properties":{"cod_imovel":"RJ-3303906-DD4674D3BA1A436F8C9EDC7829DA5982","num_area":"20.475600000000000000000000000000","ind_status":"AT","des_condic":"Aguardando analise"},"geometry":{"type":"Polygon","coordinates":[[[-43.0225,-22.2454],[-43.027,-22.2494],[-43.026,-22.2427],[-43.0195,-22.2418],[-43.0274,-22.2456],[-43.0226,-22.2454],[-43.0225,-22.2454]]]}},{"type":"Feature","properties":{"cod_imovel":"RJ-3303906-DDCD0039CBA14E47923D552F1DD28EA2","num_area":"71.008700000000000000000000000000","ind_status":"AT","des_condic":"Aguardando analise"},"geometry":{"type":"Polygon","coordinates":[[[-43.0547,-22.2718],[-43.045,-22.268],[-43.0459,-22.2716],[-43.0493,-22.2696],[-43.0448,-22.271],[-43.0443,-22.2773],[-43.0498,-22.2746],[-43.0476,-22.2779],[-43.0525,-22.2787],[-43.0549,-22.2721],[-43.0547,-22.2718]],[[-43.0446,-22.2734],[-43.0476,-22.2744],[-43.0443,-22.277],[-43.0446,-22.2734]],[[-43.0535,-22.2742],[-43.0502,-22.2736],[-43.0544,-22.2716],[-43.0535,-22.2742]]]}},{"type":"Feature","properties":{"cod_imovel":"RJ-3303906-DE1463A21F754B55A372376FBDB549AA","num_area":"40.159800000000000000000000000000","ind_status":"AT","des_condic":"Aguardando analise"},"geometry":{"type":"Polygon","coordinates":[[[-43.0558,-22.3159],[-43.0606,-22.3166],[-43.053,-22.3143],[-43.0559,-22.3153],[-43.0558,-22.3159]],[[-43.0607,-22.3166],[-43.0656,-22.3153],[-43.0594,-22.3124],[-43.0607,-22.3166],[-43.0607,-22.3166]]]}},{"type":"Feature","properties":{"cod_imovel":"RJ-3303906-DF165F69F6874E4DA67A92D72215C4A7","num_area":"9.2913000000000000000000000000000","ind_status":"AT","des_condic":"Aguardando analise"},"geometry":{"type":"Polygon","coordinates":[[[-43.2899,-22.3744],[-43.2892,-22.3787],[-43.2899,-22.3744],[-43.2899,-22.3744]]]}},{"type":"Feature","properties":{"cod_imovel":"RJ-3303906-DF62F6D0B72545ECBEB62F9E9278F02C","num_area":"7.0224000000000000000000000000000","ind_status":"AT","des_condic":"Aguardando analise"},"geometry":{"type":"Polygon","coordinates":[[[-43.1957,-22.4456],[-43.1927,-22.4417],[-43.1954,-22.4454],[-43.1957,-22.4456]],[[-43.1962,-22.4435],[-43.1934,-22.4378],[-43.1927,-22.4415],[-43.1962,-22.4435]]]}},{"type":"Feature","properties":{"cod_imovel":"RJ-3303906-E05A3D2DFD94421786226F079A56CBBB","num_area":"37.185000000000000000000000000000","ind_status":"AT","des_condic":"Aguardando analise"},"geometry":{"type":"Polygon","coordinates":[[[-43.0232,-22.2146],[-43.0184,-22.2205],[-43.0233,-22.2165],[-43.0293,-22.219],[-43.0246,-22.2151],[-43.0232,-22.2146]]]}},{"type":"Feature","properties":{"cod_imovel":"RJ-3303906-E11AEC35604E4A969552ED659BBB19DE","num_area":"4.4082000000000000000000000000000","ind_status":"AT","des_condic":"Aguardando analise"},"geometry":{"type":"Polygon","coordinates":[[[-43.0479,-22.3066],[-43.0423,-22.3113],[-43.0481,-22.3075],[-43.0479,-22.3066]]]}},{"type":"Feature","properties":{"cod_imovel":"RJ-3303906-E5E7280A419C4A44A2DEF821885DBB57","num_area":"4.2078000000000000000000000000000","ind_status":"AT","des_condic":"Aguardando analise"},"geometry":{"type":"Polygon","coordinates":[[[-43.0905,-22.3131],[-43.0816,-22.3083],[-43.0904,-22.3131],[-43.0905,-22.3131]]]}},{"type":"Feature","properties":{"cod_imovel":"RJ-3303906-E719922C2D5C4AE7B29D34372A96F591","num_area":"3.6624000000000000000000000000000","ind_status":"AT","des_condic":"Aguardando analise"},"geometry":{"type":"Polygon","coordinates":[[[-43.0801,-22.3238],[-43.0794,-22.3203],[-43.0801,-22.3238],[-43.0801,-22.3238]]]}},{"type":"Feature","properties":{"cod_imovel":"RJ-3303906-EC1AAE9ED23D4918AC2C6467543BA96D","num_area":"2.8732000000000000000000000000000","ind_status":"AT","des_condic":"Aguardando analise"},"geometry":{"type":"Polygon","coordinates":[[[-43.1035,-22.3052],[-43.0962,-22.3049],[-43.1021,-22.3051],[-43.1035,-22.3052]],[[-43.0967,-22.3049],[-43.1002,-22.3061],[-43.0964,-22.3049],[-43.0967,-22.3049]]]}},{"type":"Feature","properties":{"cod_imovel":"RJ-3303906-EFA1BF85D0F441A5A925B8CED3CADD73","num_area":"9.0524000000000000000000000000000","ind_status":"AT","des_condic":"Aguardando analise"},"geometry":{"type":"Polygon","coordinates":[[[-43.1097,-22.3469],[-43.1108,-22.3501],[-43.11,-22.3469],[-43.1097,-22.3469]],[[-43.1091,-22.3469],[-43.1107,-22.3503],[-43.1092,-22.3469],[-43.1091,-22.3469]]]}},{"type":"Feature","properties":{"cod_imovel":"RJ-3303906-F0728F3F6C15485F86ED9E3161FC1F34","num_area":"77.432100000000000000000000000000","ind_status":"AT","des_condic":"Aguardando analise"},"geometry":{"type":"Polygon","coordinates":[[[-43.0665,-22.2463],[-43.0613,-22.2441],[-43.0543,-22.2527],[-43.0635,-22.2533],[-43.0661,-22.2469],[-43.0665,-22.2463]]]}},{"type":"Feature","properties":{"cod_imovel":"RJ-3303906-F3EE2B22B4114FB4AD4DC511655AFE1F","num_area":"5.9607000000000000000000000000000","ind_status":"AT","des_condic":"Aguardando analise"},"geometry":{"type":"Polygon","coordinates":[[[-43.1493,-22.5094],[-43.1503,-22.5124],[-43.1493,-22.5091],[-43.1493,-22.5094]]]}},{"type":"Feature","properties":{"cod_imovel":"RJ-3303906-F834CDDB15E54782BFA482C903B96DE2","num_area":"3.9482000000000000000000000000000","ind_status":"AT","des_condic":"Aguardando analise"},"geometry":{"type":"Polygon","coordinates":[[[-42.9943,-22.2404],[-42.9932,-22.2439],[-42.9944,-22.2404],[-42.9943,-22.2404]]]}},{"type":"Feature","properties":{"cod_imovel":"RJ-3303906-F955315D488743DEAE02FF46922706D0","num_area":"2.4887000000000000000000000000000","ind_status":"AT","des_condic":"Aguardando analise"},"geometry":{"type":"Polygon","coordinates":[[[-43.1998,-22.4258],[-43.2018,-22.4224],[-43.2,-22.4257],[-43.1998,-22.4258]]]}},{"type":"Feature","properties":{"cod_imovel":"RJ-3303906-F9AFC18661F24303B553A6789DB2D5EC","num_area":"2.3210000000000000000000000000000","ind_status":"AT","des_condic":"Aguardando analise"},"geometry":{"type":"Polygon","coordinates":[[[-43.1387,-22.4994],[-43.1412,-22.5051],[-43.1388,-22.4994],[-43.1387,-22.4994]]]}},{"type":"Feature","properties":{"cod_imovel":"RJ-3303906-FD27050C8D31464EB4004A023233D872","num_area":"11.215400000000000000000000000000","ind_status":"AT","des_condic":"Aguardando analise"},"geometry":{"type":"Polygon","coordinates":[[[-43.1032,-22.3041],[-43.0959,-22.3032],[-43.1035,-22.305],[-43.1032,-22.3041]]]}},{"type":"Feature","properties":{"cod_imovel":"RJ-3303906-8E489759CD59407F9A6605FC144155A6","num_area":"10.823500000000000000000000000000","ind_status":"AT","des_condic":"Aguardando analise"},"geometry":{"type":"Polygon","coordinates":[[[-43.3445,-22.4273],[-43.3416,-22.4236],[-43.3445,-22.4267],[-43.3445,-22.4273]],[[-43.3452,-22.4273],[-43.3468,-22.4241],[-43.3451,-22.4272],[-43.3452,-22.4273]]]}}]}