{"type":"FeatureCollection","features":[{"type":"Feature","properties":{"cod_imovel":"RJ-3304003-190A4EE16CB9439EB21ABA9626B89654","num_area":"514.36880000000000000000000000000","ind_status":"AT","des_condic":"Aguardando analise"},"geometry":{"type":"Polygon","coordinates":[[[-43.9616,-22.6649],[-43.9521,-22.6651],[-43.9545,-22.658],[-43.9459,-22.6623],[-43.9444,-22.6686],[-43.9488,-22.6612],[-43.9512,-22.6676],[-43.9472,-22.6675],[-43.9462,-22.6784],[-43.951,-22.6756],[-43.9485,-22.6662],[-43.9514,-22.6728],[-43.9597,-22.6741],[-43.9537,-22.6732],[-43.9592,-22.6719],[-43.9616,-22.6651],[-43.9616,-22.6649]],[[-43.9549,-22.6705],[-43.9508,-22.6709],[-43.955,-22.6673],[-43.9549,-22.6705],[-43.9549,-22.6705]],[[-43.9591,-22.6715],[-43.9601,-22.6676],[-43.9591,-22.6715],[-43.9591,-22.6715]],[[-43.9481,-22.6717],[-43.9444,-22.6686],[-43.948,-22.672],[-43.9481,-22.6717]],[[-43.9579,-22.6635],[-43.9548,-22.657],[-43.9578,-22.6637],[-43.9579,-22.6635]],[[-43.9552,-22.6567],[-43.958,-22.6552],[-43.9552,-22.6567],[-43.9552,-22.6567]],[[-43.99,-22.6484],[-43.9809,-22.6519],[-43.9765,-22.6482],[-43.9717,-22.65],[-43.9789,-22.6497],[-43.9754,-22.6529],[-43.9717,-22.65],[-43.9653,-22.6524],[-43.9695,-22.6545],[-43.9613,-22.654],[-43.9597,-22.6589],[-43.958,-22.6552],[-43.9555,-22.6608],[-43.9682,-22.6638],[-43.9656,-22.6591],[-43.9736,-22.6566],[-43.965,-22.6618],[-43.9734,-22.664],[-43.9722,-22.6598],[-43.9824,-22.657],[-43.99,-22.6486],[-43.99,-22.6484]],[[-43.9667,-22.656],[-43.9624,-22.6561],[-43.9667,-22.6559],[-43.9667,-22.656]],[[-43.9659,-22.6584],[-43.9628,-22.661],[-43.9659,-22.6584],[-43.9659,-22.6584]],[[-43.9686,-22.662],[-43.9655,-22.6617],[-43.9685,-22.6621],[-43.9686,-22.662]],[[-43.9699,-22.6572],[-43.9707,-22.6542],[-43.9699,-22.6572],[-43.9699,-22.6572]],[[-43.9578,-22.6549],[-43.9641,-22.6512],[-43.9578,-22.6549],[-43.9578,-22.6549]],[[-43.9683,-22.6639],[-43.9607,-22.6638],[-43.9649,-22.666],[-43.961,-22.6661],[-43.9597,-22.6741],[-43.9603,-22.6698],[-43.9641,-22.6751],[-43.9683,-22.6639],[-43.9683,-22.6639]],[[-43.9606,-22.6684],[-43.9637,-22.6699],[-43.9606,-22.6685],[-43.9606,-22.6684]],[[-43.9714,-22.6498],[-43.9603,-22.6539],[-43.9713,-22.6498],[-43.9714,-22.6498]]]}},{"type":"Feature","properties":{"cod_imovel":"RJ-3304409-815769347EF34F7D9B0921C38F2C9074","num_area":"7.6601000000000000000000000000000","ind_status":"AT","des_condic":"Analisado, aguardando atendimento a notificacao"},"geometry":{"type":"Polygon","coordinates":[[[-44.1834,-22.7778],[-44.1851,-22.7751],[-44.1833,-22.7776],[-44.1834,-22.7778]]]}},{"type":"Feature","properties":{"cod_imovel":"RJ-3304409-C45D331A61C94675BA83D6CE9D8F791E","num_area":"45.857600000000000000000000000000","ind_status":"AT","des_condic":"Aguardando analise"},"geometry":{"type":"Polygon","coordinates":[[[-44.1554,-22.8254],[-44.1577,-22.8286],[-44.1554,-22.8255],[-44.1554,-22.8254]],[[-44.1552,-22.8258],[-44.1529,-22.8298],[-44.1552,-22.8258],[-44.1552,-22.8258]],[[-44.1529,-22.8265],[-44.1483,-22.8248],[-44.1501,-22.83],[-44.1529,-22.8266],[-44.1529,-22.8265]],[[-44.1482,-22.8248],[-44.1532,-22.826],[-44.1482,-22.8247],[-44.1482,-22.8248]],[[-44.1552,-22.825],[-44.152,-22.8236],[-44.1551,-22.8251],[-44.1552,-22.825]],[[-44.1519,-22.8236],[-44.1551,-22.8256],[-44.152,-22.8236],[-44.1519,-22.8236]]]}},{"type":"Feature","properties":{"cod_imovel":"RJ-3304409-10ECF63F8B164365A021CEC2FD5D914A","num_area":"4843.0604000000000000000000000000","ind_status":"PE","des_condic":"Em analise"},"geometry":{"type":"Polygon","coordinates":[[[-43.8204,-22.5293],[-43.813,-22.5293],[-43.8233,-22.5339],[-43.8205,-22.5292],[-43.8204,-22.5293]],[[-43.8491,-22.6947],[-43.8585,-22.6976],[-43.8637,-22.6908],[-43.8511,-22.6946],[-43.8441,-22.6874],[-43.8282,-22.6896],[-43.8248,-22.6856],[-43.8393,-22.6804],[-43.8306,-22.6764],[-43.8267,-22.6832],[-43.8177,-22.6769],[-43.8138,-22.6809],[-43.8296,-22.6965],[-43.8395,-22.6947],[-43.8323,-22.695],[-43.829,-22.69],[-43.8479,-22.694],[-43.8491,-22.6947]],[[-43.8181,-22.6804],[-43.8153,-22.6789],[-43.818,-22.6801],[-43.8181,-22.6804]],[[-43.8276,-22.5348],[-43.8349,-22.5358],[-43.8337,-22.5284],[-43.8338,-22.5336],[-43.8281,-22.5297],[-43.8276,-22.5347],[-43.8276,-22.5348]],[[-43.8335,-22.5697],[-43.831,-22.5678],[-43.8335,-22.5698],[-43.8335,-22.5697]],[[-43.8366,-22.5778],[-43.8384,-22.5804],[-43.8365,-22.5776],[-43.8366,-22.5778]],[[-43.8429,-22.6751],[-43.8416,-22.6834],[-43.8428,-22.6757],[-43.8429,-22.6751]],[[-43.8408,-22.5761],[-43.8444,-22.5785],[-43.8431,-22.5738],[-43.8405,-22.5762],[-43.8408,-22.5761]],[[-43.8656,-22.6893],[-43.8688,-22.6882],[-43.8597,-22.6811],[-43.8516,-22.6851],[-43.8526,-22.681],[-43.8473,-22.6842],[-43.8497,-22.6796],[-43.8426,-22.6822],[-43.8486,-22.6855],[-43.8494,-22.6921],[-43.8597,-22.6842],[-43.8647,-22.6879],[-43.8656,-22.6893]],[[-43.8761,-22.6654],[-43.872,-22.6729],[-43.867,-22.6692],[-43.8695,-22.6658],[-43.8603,-22.671],[-43.8612,-22.6647],[-43.8532,-22.6698],[-43.8489,-22.6661],[-43.8433,-22.6747],[-43.8657,-22.6809],[-43.8668,-22.6747],[-43.8739,-22.6749],[-43.8761,-22.6654],[-43.8761,-22.6654]],[[-43.8488,-22.5967],[-43.844,-22.5894],[-43.8488,-22.5967],[-43.8488,-22.5967]],[[-43.8644,-22.6898],[-43.8492,-22.6925],[-43.8644,-22.6897],[-43.8644,-22.6898]],[[-43.8573,-22.5969],[-43.8514,-22.5967],[-43.8537,-22.6],[-43.8573,-22.5969],[-43.8573,-22.5969]],[[-43.8724,-22.6404],[-43.8644,-22.6385],[-43.8608,-22.6519],[-43.8708,-22.6451],[-43.8655,-22.6402],[-43.8724,-22.6404],[-43.8724,-22.6404]],[[-43.8692,-22.665],[-43.8655,-22.666],[-43.8692,-22.6654],[-43.8692,-22.665]],[[-43.8663,-22.6904],[-43.8707,-22.6885],[-43.8663,-22.6903],[-43.8663,-22.6904]],[[-43.8707,-22.6898],[-43.8663,-22.6912],[-43.8707,-22.6898],[-43.8707,-22.6898]],[[-43.8748,-22.6142],[-43.8814,-22.6178],[-43.8671,-22.608],[-43.874,-22.6137],[-43.8748,-22.6142]],[[-43.8694,-22.688],[-43.878,-22.684],[-43.8786,-22.6762],[-43.873,-22.6832],[-43.8788,-22.6752],[-43.8737,-22.6811],[-43.872,-22.675],[-43.8683,-22.6774],[-43.872,-22.6818],[-43.8696,-22.6878],[-43.8694,-22.688]],[[-43.8765,-22.6927],[-43.8685,-22.6973],[-43.8838,-22.6945],[-43.8786,-22.702],[-43.8858,-22.6921],[-43.8791,-22.688],[-43.8792,-22.6924],[-43.8765,-22.6927]],[[-43.8693,-22.7157],[-43.8685,-22.7189],[-43.8759,-22.719],[-43.8706,-22.7161],[-43.8693,-22.7157]],[[-43.8712,-22.7543],[-43.8735,-22.7601],[-43.8802,-22.758],[-43.8746,-22.7553],[-43.8712,-22.7543]],[[-43.8779,-22.6871],[-43.8933,-22.6799],[-43.8919,-22.6751],[-43.8779,-22.6871],[-43.8779,-22.6871]],[[-43.88,-22.6731],[-43.8783,-22.666],[-43.8799,-22.6732],[-43.88,-22.6731]],[[-43.8841,-22.7344],[-43.8878,-22.7391],[-43.889,-22.7307],[-43.898,-22.7328],[-43.8994,-22.7286],[-43.8948,-22.7256],[-43.8891,-22.7296],[-43.893,-22.7234],[-43.8879,-22.727],[-43.8804,-22.7237],[-43.8845,-22.7325],[-43.8841,-22.7344]],[[-43.901,-22.6963],[-43.9039,-22.6907],[-43.8937,-22.6803],[-43.8807,-22.6863],[-43.8873,-22.6835],[-43.8825,-22.6887],[-43.8871,-22.6893],[-43.8948,-22.683],[-43.8925,-22.6896],[-43.9005,-22.6918],[-43.901,-22.6963],[-43.901,-22.6963]],[[-43.8839,-22.7688],[-43.888,-22.7681],[-43.8845,-22.7681],[-43.8839,-22.7688]],[[-43.886,-22.6695],[-43.8853,-22.6791],[-43.8912,-22.6744],[-43.8863,-22.6696],[-43.886,-22.6695]],[[-43.8869,-22.67],[-43.8914,-22.6743],[-43.8975,-22.6695],[-43.8879,-22.6676],[-43.8906,-22.673],[-43.887,-22.666],[-43.8866,-22.6698],[-43.8869,-22.67]],[[-43.8957,-22.7775],[-43.8914,-22.7792],[-43.8992,-22.7864],[-43.8937,-22.7822],[-43.8953,-22.7786],[-43.8957,-22.7775]],[[-43.8925,-22.6746],[-43.8935,-22.6798],[-43.9013,-22.6768],[-43.8925,-22.6746],[-43.8925,-22.6746]],[[-43.894,-22.6802],[-43.8987,-22.6877],[-43.909,-22.6886],[-43.8942,-22.6801],[-43.894,-22.6802]],[[-43.8961,-22.6282],[-43.8942,-22.6254],[-43.8957,-22.628],[-43.8961,-22.6282]],[[-43.9003,-22.6724],[-43.8944,-22.6731],[-43.9003,-22.6724],[-43.9003,-22.6724]],[[-43.9003,-22.7769],[-43.8944,-22.7745],[-43.8996,-22.7772],[-43.9003,-22.7769]],[[-43.8985,-22.6786],[-43.9051,-22.6833],[-43.9015,-22.6783],[-43.9129,-22.6809],[-43.8985,-22.6786],[-43.8985,-22.6786]],[[-43.9192,-22.6944],[-43.9095,-22.6886],[-43.9038,-22.6909],[-43.9109,-22.6918],[-43.9116,-22.6983],[-43.9145,-22.694],[-43.9201,-22.697],[-43.9133,-22.7034],[-43.9272,-22.6996],[-43.9206,-22.6964],[-43.9192,-22.6944]],[[-43.9141,-22.6837],[-43.9063,-22.6841],[-43.9141,-22.6845],[-43.9141,-22.6837]],[[-43.9075,-22.8105],[-43.9273,-22.8238],[-43.925,-22.8178],[-43.9075,-22.8105],[-43.9075,-22.8105]],[[-43.9153,-22.6932],[-43.9216,-22.6932],[-43.9174,-22.6926],[-43.9153,-22.6932]],[[-43.9296,-22.7199],[-43.9235,-22.715],[-43.9232,-22.7204],[-43.9304,-22.7217],[-43.9288,-22.727],[-43.9391,-22.7235],[-43.9296,-22.7199],[-43.9296,-22.7199]],[[-43.9321,-22.6942],[-43.9262,-22.69],[-43.9321,-22.6942],[-43.9321,-22.6942]],[[-43.93,-22.8244],[-43.9444,-22.8221],[-43.9338,-22.8234],[-43.934,-22.8197],[-43.9271,-22.8186],[-43.93,-22.8244],[-43.93,-22.8244]],[[-43.9322,-22.7957],[-43.9354,-22.7984],[-43.9322,-22.7957],[-43.9322,-22.7957]],[[-43.9411,-22.7029],[-43.9385,-22.7113],[-43.9513,-22.7185],[-43.9533,-22.7141],[-43.9408,-22.7106],[-43.9422,-22.7042],[-43.9411,-22.7029]],[[-43.9466,-22.8174],[-43.9519,-22.8147],[-43.9565,-22.8218],[-43.9622,-22.8187],[-43.9548,-22.8177],[-43.9601,-22.8137],[-43.9578,-22.8117],[-43.942,-22.8159],[-43.9462,-22.8168],[-43.9466,-22.8174]],[[-43.9574,-22.714],[-43.9584,-22.7189],[-43.9523,-22.7187],[-43.9448,-22.728],[-43.9592,-22.7204],[-43.9566,-22.7147],[-43.9574,-22.714]],[[-43.9517,-22.8238],[-43.9524,-22.8331],[-43.9565,-22.8295],[-43.9521,-22.823],[-43.9517,-22.8238]],[[-43.9525,-22.8332],[-43.9594,-22.8398],[-43.9683,-22.8389],[-43.9571,-22.8351],[-43.9588,-22.8233],[-43.9528,-22.8231],[-43.9566,-22.8295],[-43.9527,-22.8329],[-43.9525,-22.8332]],[[-43.9584,-22.8226],[-43.9642,-22.8224],[-43.9588,-22.8224],[-43.9584,-22.8226]],[[-43.9659,-22.7882],[-43.9674,-22.7915],[-43.9596,-22.7871],[-43.9606,-22.7951],[-43.9713,-22.7927],[-43.9659,-22.7882],[-43.9659,-22.7882]],[[-43.9594,-22.8399],[-43.9686,-22.8472],[-43.964,-22.8403],[-43.9695,-22.84],[-43.9596,-22.8399],[-43.9594,-22.8399]],[[-43.9649,-22.7656],[-43.9615,-22.7657],[-43.9647,-22.7656],[-43.9649,-22.7656]],[[-43.965,-22.7595],[-43.9624,-22.7632],[-43.965,-22.7595],[-43.965,-22.7595]],[[-43.9672,-22.8121],[-43.9674,-22.806],[-43.9632,-22.8085],[-43.9667,-22.8121],[-43.9672,-22.8121]],[[-43.9686,-22.8332],[-43.9635,-22.8354],[-43.9691,-22.8336],[-43.9686,-22.8332]],[[-43.9647,-22.8224],[-43.9729,-22.8218],[-43.9653,-22.8222],[-43.9647,-22.8224]],[[-43.9672,-22.7619],[-43.9653,-22.7646],[-43.97,-22.7653],[-43.9716,-22.7616],[-43.9673,-22.7615],[-43.9672,-22.7619]],[[-43.983,-22.778],[-43.9861,-22.7702],[-43.981,-22.7659],[-43.9865,-22.763],[-43.9831,-22.7591],[-43.9898,-22.7586],[-43.9858,-22.7541],[-43.9792,-22.7554],[-43.9838,-22.7578],[-43.9787,-22.7684],[-43.977,-22.7638],[-43.9718,-22.7653],[-43.9761,-22.762],[-43.9727,-22.761],[-43.9653,-22.7677],[-43.9834,-22.7717],[-43.9827,-22.7778],[-43.983,-22.778]],[[-43.9713,-22.7844],[-43.9659,-22.7843],[-43.9735,-22.7893],[-43.9713,-22.7844],[-43.9713,-22.7844]],[[-43.9749,-22.8455],[-43.9817,-22.8472],[-43.9692,-22.8432],[-43.9691,-22.8473],[-43.9749,-22.8455],[-43.9749,-22.8455]],[[-43.9741,-22.8375],[-43.9701,-22.8424],[-43.9798,-22.8385],[-43.9741,-22.8372],[-43.9741,-22.8375]],[[-43.9833,-22.7855],[-43.9807,-22.7792],[-43.9726,-22.7821],[-43.9817,-22.7888],[-43.9827,-22.7851],[-43.9833,-22.7855]],[[-43.9793,-22.7934],[-43.9726,-22.7955],[-43.9765,-22.799],[-43.9799,-22.7939],[-43.9793,-22.7934]],[[-43.9731,-22.8218],[-43.9776,-22.8215],[-43.9736,-22.8215],[-43.9731,-22.8218]],[[-43.9816,-22.7348],[-43.9746,-22.7385],[-43.9812,-22.7359],[-43.9816,-22.7348]],[[-43.9782,-22.7562],[-43.9748,-22.7549],[-43.9795,-22.7602],[-43.9781,-22.7559],[-43.9782,-22.7562]],[[-43.9904,-22.8075],[-43.9755,-22.8012],[-43.9912,-22.8081],[-43.9904,-22.8075]],[[-43.9814,-22.8098],[-43.9915,-22.82],[-43.9993,-22.8199],[-43.9814,-22.8098],[-43.9814,-22.8098]],[[-43.9804,-22.8517],[-43.9892,-22.8517],[-43.9814,-22.8511],[-43.9804,-22.8517]],[[-43.9849,-22.7927],[-43.9817,-22.7956],[-43.9844,-22.801],[-43.9867,-22.7936],[-43.9849,-22.7927]],[[-43.9823,-22.8432],[-43.9847,-22.8457],[-43.9824,-22.8429],[-43.9823,-22.8432]],[[-43.9886,-22.7831],[-43.9865,-22.7786],[-43.9827,-22.7812],[-43.9886,-22.7831],[-43.9886,-22.7831]],[[-43.986,-22.7874],[-43.9903,-22.7879],[-43.9864,-22.7876],[-43.986,-22.7874]],[[-44.0091,-22.767],[-44.0054,-22.7629],[-44.0135,-22.7593],[-44.0103,-22.7492],[-43.9991,-22.7559],[-44.0074,-22.7514],[-44.0053,-22.7558],[-44.0123,-22.759],[-44.0052,-22.757],[-43.9973,-22.7587],[-44.0035,-22.7601],[-44.0001,-22.7634],[-43.987,-22.7632],[-43.9898,-22.7699],[-43.9915,-22.7661],[-44.0,-22.7701],[-44.0019,-22.7657],[-44.0066,-22.767],[-44.0069,-22.7742],[-44.0109,-22.772],[-44.0091,-22.7676],[-44.0091,-22.767]],[[-43.9902,-22.7435],[-43.9875,-22.746],[-43.9911,-22.744],[-43.9902,-22.7435]],[[-43.9896,-22.8375],[-43.9894,-22.8413],[-43.9911,-22.8384],[-43.9928,-22.8431],[-43.9972,-22.842],[-43.9896,-22.8375],[-43.9896,-22.8375]],[[-43.9936,-22.8111],[-43.9887,-22.8116],[-43.9943,-22.8117],[-43.9936,-22.8111]],[[-43.9891,-22.852],[-43.9979,-22.8577],[-43.996,-22.85],[-44.0016,-22.8423],[-43.9975,-22.8465],[-43.99,-22.8438],[-43.9953,-22.8499],[-43.9892,-22.8517],[-43.9891,-22.852]],[[-43.9942,-22.7543],[-43.9899,-22.76],[-43.996,-22.7629],[-43.9989,-22.7535],[-43.9942,-22.7543],[-43.9942,-22.7543]],[[-43.9925,-22.7475],[-43.9973,-22.7483],[-43.9923,-22.7465],[-43.9925,-22.7475]],[[-44.0027,-22.842],[-44.0065,-22.8425],[-44.008,-22.8269],[-44.0045,-22.8246],[-44.0038,-22.8309],[-43.9948,-22.8307],[-44.0027,-22.8421],[-44.0027,-22.842]],[[-44.0028,-22.8117],[-43.9989,-22.8086],[-43.9956,-22.8135],[-44.0002,-22.8168],[-44.0032,-22.8128],[-44.0028,-22.8117]],[[-44.0011,-22.847],[-43.9963,-22.8497],[-43.9973,-22.8554],[-44.0013,-22.8474],[-44.0011,-22.847]],[[-44.0025,-22.8203],[-43.9964,-22.8208],[-44.0125,-22.8233],[-44.0163,-22.8195],[-44.004,-22.8203],[-44.0025,-22.8203]],[[-44.0076,-22.7872],[-44.0001,-22.786],[-44.0039,-22.7918],[-44.0076,-22.7872],[-44.0076,-22.7872]],[[-44.0036,-22.8196],[-44.0164,-22.8187],[-44.0041,-22.8193],[-44.0036,-22.8196]],[[-44.0048,-22.857],[-44.009,-22.861],[-44.0116,-22.8543],[-44.0158,-22.8573],[-44.0137,-22.8622],[-44.0214,-22.8584],[-44.0092,-22.8516],[-44.0048,-22.857],[-44.0048,-22.857]],[[-44.039,-22.8057],[-44.0528,-22.8035],[-44.0465,-22.8008],[-44.0517,-22.7995],[-44.0564,-22.804],[-44.0608,-22.7936],[-44.0521,-22.7913],[-44.0544,-22.7849],[-44.0208,-22.7723],[-44.0075,-22.7782],[-44.0255,-22.7778],[-44.0238,-22.7833],[-44.0448,-22.7905],[-44.0312,-22.7895],[-44.0371,-22.7959],[-44.0291,-22.7943],[-44.0322,-22.7989],[-44.0266,-22.7991],[-44.0361,-22.8067],[-44.0357,-22.8157],[-44.0291,-22.8158],[-44.0273,-22.8076],[-44.0282,-22.8162],[-44.039,-22.8132],[-44.039,-22.8057]],[[-44.0428,-22.7984],[-44.0435,-22.8016],[-44.0361,-22.799],[-44.0428,-22.7984],[-44.0428,-22.7984]],[[-44.0511,-22.7953],[-44.057,-22.7993],[-44.0516,-22.7959],[-44.0511,-22.7953]],[[-44.0141,-22.7905],[-44.0085,-22.7881],[-44.0141,-22.7905],[-44.0141,-22.7905]],[[-44.019,-22.7685],[-44.0091,-22.7644],[-44.0107,-22.7689],[-44.0156,-22.7683],[-44.0126,-22.772],[-44.019,-22.7685],[-44.019,-22.7685]],[[-44.0162,-22.8135],[-44.0125,-22.8149],[-44.0165,-22.814],[-44.0162,-22.8135]],[[-44.0278,-22.7949],[-44.0304,-22.7886],[-44.0242,-22.7924],[-44.0221,-22.7882],[-44.02,-22.7938],[-44.0146,-22.7872],[-44.0168,-22.7962],[-44.0273,-22.7953],[-44.0278,-22.7949]],[[-44.0194,-22.7984],[-44.0173,-22.801],[-44.0194,-22.7984],[-44.0194,-22.7984]],[[-44.0293,-22.8237],[-44.0337,-22.8229],[-44.0255,-22.8189],[-44.0279,-22.8221],[-44.0214,-22.8258],[-44.0293,-22.8237],[-44.0293,-22.8237]],[[-44.0237,-22.8356],[-44.0294,-22.8409],[-44.0313,-22.8335],[-44.0345,-22.8353],[-44.0296,-22.8304],[-44.0285,-22.8363],[-44.0235,-22.8354],[-44.0237,-22.8356]],[[-44.0457,-22.8148],[-44.065,-22.8165],[-44.0508,-22.8073],[-44.0655,-22.8134],[-44.06,-22.7986],[-44.0562,-22.8043],[-44.0639,-22.8089],[-44.0397,-22.8035],[-44.0389,-22.8137],[-44.0286,-22.8173],[-44.0444,-22.8152],[-44.0457,-22.8148]],[[-44.0431,-22.8083],[-44.0394,-22.806],[-44.0426,-22.808],[-44.0431,-22.8083]],[[-44.0457,-22.8148],[-44.0446,-22.8085],[-44.0551,-22.8121],[-44.0547,-22.8153],[-44.0466,-22.8131],[-44.0457,-22.8148]],[[-44.0313,-22.838],[-44.0363,-22.8417],[-44.0325,-22.8334],[-44.0313,-22.8378],[-44.0313,-22.838]]]}},{"type":"Feature","properties":{"cod_imovel":"RJ-3304409-67E099D5E4D04EA6A21B040EA512F1DB","num_area":"225.99330000000000000000000000000","ind_status":"PE","des_condic":"Aguardando analise, apos revisao ou atendimento da notificacao"},"geometry":{"type":"Polygon","coordinates":[[[-44.0173,-22.7208],[-44.0173,-22.7272],[-44.0229,-22.725],[-44.0186,-22.7283],[-44.0198,-22.7373],[-44.0093,-22.7319],[-44.0157,-22.7221],[-44.0123,-22.7197],[-44.0082,-22.7325],[-44.0202,-22.7382],[-44.0193,-22.7299],[-44.027,-22.7195],[-44.0173,-22.7208],[-44.0173,-22.7208]],[[-44.0231,-22.7265],[-44.0221,-22.7225],[-44.0231,-22.726],[-44.0231,-22.7265]],[[-44.0281,-22.7107],[-44.0216,-22.7107],[-44.0251,-22.7165],[-44.0213,-22.7195],[-44.0251,-22.7165],[-44.0212,-22.711],[-44.019,-22.7153],[-44.021,-22.7111],[-44.0176,-22.721],[-44.0292,-22.7203],[-44.0286,-22.7094],[-44.0281,-22.7107]],[[-44.0289,-22.7088],[-44.0227,-22.7101],[-44.0287,-22.7093],[-44.0289,-22.7088]],[[-44.0154,-22.7246],[-44.0115,-22.7267],[-44.0155,-22.7245],[-44.0154,-22.7246]]]}},{"type":"Feature","properties":{"cod_imovel":"RJ-3304409-81CBC73F84F445AD827A45EDB1E2C16E","num_area":"44.887000000000000000000000000000","ind_status":"AT","des_condic":"Aguardando analise"},"geometry":{"type":"Polygon","coordinates":[[[-44.1295,-22.6805],[-44.1265,-22.6791],[-44.1296,-22.6806],[-44.1295,-22.6805]],[[-44.1256,-22.6752],[-44.1299,-22.6809],[-44.1341,-22.6777],[-44.1256,-22.6752],[-44.1256,-22.6752]],[[-44.1305,-22.6754],[-44.1343,-22.6774],[-44.1306,-22.6753],[-44.1305,-22.6754]],[[-44.1275,-22.6738],[-44.1307,-22.6751],[-44.1277,-22.6739],[-44.1275,-22.6738]]]}},{"type":"Feature","properties":{"cod_imovel":"RJ-3304409-C3DD654202D14BCEA8802AA4F6CEFEB9","num_area":"211.28060000000000000000000000000","ind_status":"AT","des_condic":"Aguardando analise"},"geometry":{"type":"Polygon","coordinates":[[[-44.0334,-22.8432],[-44.0321,-22.8485],[-44.0224,-22.8489],[-44.0352,-22.855],[-44.0372,-22.8504],[-44.0391,-22.8562],[-44.044,-22.849],[-44.0341,-22.8397],[-44.036,-22.8508],[-44.0333,-22.8425],[-44.0334,-22.8432]],[[-44.0423,-22.8531],[-44.0463,-22.8493],[-44.0422,-22.8531],[-44.0423,-22.8531]],[[-44.0463,-22.8492],[-44.0352,-22.8404],[-44.046,-22.8491],[-44.0463,-22.8492]],[[-44.0407,-22.842],[-44.0454,-22.8376],[-44.0351,-22.8358],[-44.0341,-22.8397],[-44.0407,-22.842],[-44.0407,-22.842]]]}},{"type":"Feature","properties":{"cod_imovel":"RJ-3304409-53BB58E55414439B8BFEEF18F817CFAC","num_area":"135.18030000000000000000000000000","ind_status":"AT","des_condic":"Aguardando analise"},"geometry":{"type":"Polygon","coordinates":[[[-44.0225,-22.8606],[-44.0164,-22.8568],[-44.0223,-22.8606],[-44.0225,-22.8606]],[[-44.0162,-22.8603],[-44.013,-22.8632],[-44.0165,-22.8601],[-44.0162,-22.8603]],[[-44.0167,-22.8584],[-44.014,-22.8554],[-44.0167,-22.8583],[-44.0167,-22.8584]],[[-44.0138,-22.856],[-44.0094,-22.8521],[-44.0084,-22.859],[-44.0045,-22.8567],[-44.0097,-22.8614],[-44.0106,-22.8536],[-44.0138,-22.856],[-44.0138,-22.856]],[[-44.0061,-22.8488],[-43.9999,-22.854],[-44.0059,-22.8551],[-44.0061,-22.8488],[-44.0061,-22.8488]],[[-44.0018,-22.8464],[-43.9977,-22.8477],[-44.0014,-22.8519],[-44.0018,-22.8465],[-44.0018,-22.8464]],[[-44.0306,-22.8651],[-44.0288,-22.8618],[-44.0272,-22.8666],[-44.0305,-22.8652],[-44.0306,-22.8651]],[[-44.0036,-22.8418],[-44.002,-22.8455],[-44.0036,-22.842],[-44.0036,-22.8418]],[[-44.0134,-22.8543],[-44.018,-22.8567],[-44.0135,-22.8543],[-44.0134,-22.8543]],[[-44.0216,-22.8591],[-44.0253,-22.8604],[-44.0216,-22.859],[-44.0216,-22.8591]],[[-44.0318,-22.8651],[-44.0291,-22.862],[-44.0315,-22.865],[-44.0318,-22.8651]]]}},{"type":"Feature","properties":{"cod_imovel":"RJ-3304409-B6F850191D4745C1AE98E8F99E0CAD54","num_area":"17.600800000000000000000000000000","ind_status":"AT","des_condic":"Aguardando analise"},"geometry":{"type":"Polygon","coordinates":[[[-44.1492,-22.8651],[-44.1546,-22.864],[-44.1484,-22.8607],[-44.1491,-22.8651],[-44.1492,-22.8651]]]}},{"type":"Feature","properties":{"cod_imovel":"RJ-3304409-354E1D74417F4AC88CA97B9504A7F4C2","num_area":"562.75230000000000000000000000000","ind_status":"AT","des_condic":"Aguardando analise"},"geometry":{"type":"Polygon","coordinates":[[[-44.06,-22.8505],[-44.055,-22.8491],[-44.0541,-22.8536],[-44.0774,-22.8627],[-44.0754,-22.8574],[-44.0603,-22.8511],[-44.06,-22.8505]],[[-44.0774,-22.8627],[-44.0821,-22.863],[-44.0774,-22.8627],[-44.0774,-22.8627]],[[-44.081,-22.8643],[-44.0774,-22.8654],[-44.091,-22.8682],[-44.0811,-22.8643],[-44.081,-22.8643]],[[-44.0904,-22.8694],[-44.0846,-22.868],[-44.0904,-22.8695],[-44.0904,-22.8694]],[[-44.0865,-22.8703],[-44.082,-22.8677],[-44.0865,-22.8705],[-44.0865,-22.8703]],[[-44.0838,-22.8711],[-44.0787,-22.8749],[-44.0834,-22.8719],[-44.0819,-22.8677],[-44.08,-22.8719],[-44.0807,-22.8663],[-44.0764,-22.8649],[-44.0763,-22.8695],[-44.0762,-22.8639],[-44.0687,-22.8606],[-44.0784,-22.8772],[-44.0838,-22.8712],[-44.0838,-22.8711]],[[-44.0728,-22.87],[-44.0646,-22.86],[-44.0683,-22.8725],[-44.0693,-22.8683],[-44.0727,-22.87],[-44.0728,-22.87]],[[-44.0693,-22.8743],[-44.0655,-22.8768],[-44.0703,-22.8784],[-44.0693,-22.8743],[-44.0693,-22.8743]],[[-44.0659,-22.8758],[-44.0685,-22.8685],[-44.0645,-22.8704],[-44.0659,-22.8758],[-44.0659,-22.8758]],[[-44.0655,-22.87],[-44.0678,-22.8665],[-44.0655,-22.87],[-44.0655,-22.87]],[[-44.0656,-22.8682],[-44.0659,-22.864],[-44.0603,-22.8666],[-44.0656,-22.8659],[-44.0649,-22.8587],[-44.0588,-22.8656],[-44.0626,-22.8569],[-44.0541,-22.8536],[-44.0587,-22.869],[-44.0519,-22.867],[-44.06,-22.8717],[-44.0654,-22.8682],[-44.0656,-22.8682]]]}},{"type":"Feature","properties":{"cod_imovel":"RJ-3304409-1E37B2DE0F6D4BC5B647675300804B66","num_area":"150.42040000000000000000000000000","ind_status":"AT","des_condic":"Aguardando analise, apos revisao ou atendimento da notificacao"},"geometry":{"type":"Polygon","coordinates":[[[-44.0791,-22.847],[-44.0746,-22.8531],[-44.0754,-22.8573],[-44.079,-22.8539],[-44.0791,-22.8597],[-44.0815,-22.8531],[-44.0759,-22.8515],[-44.0925,-22.8498],[-44.0804,-22.8469],[-44.0791,-22.847]],[[-44.0857,-22.8511],[-44.0925,-22.8498],[-44.0857,-22.8511],[-44.0857,-22.8511]],[[-44.0858,-22.8512],[-44.0837,-22.8566],[-44.0933,-22.8562],[-44.0863,-22.8513],[-44.0858,-22.8512]],[[-44.0958,-22.8603],[-44.0904,-22.8598],[-44.0956,-22.8605],[-44.0958,-22.8603]]]}},{"type":"Feature","properties":{"cod_imovel":"RJ-3304409-6A76F650658A4A93B43F9ECC6DD327C0","num_area":"17.619700000000000000000000000000","ind_status":"AT","des_condic":"Aguardando analise"},"geometry":{"type":"Polygon","coordinates":[[[-43.9653,-22.8495],[-43.9646,-22.8464],[-43.9653,-22.8495],[-43.9653,-22.8495]],[[-43.9629,-22.8468],[-43.9638,-22.8512],[-43.9638,-22.8474],[-43.9629,-22.8468]]]}},{"type":"Feature","properties":{"cod_imovel":"RJ-3304409-CE891376DE1448D18CA7088EEC085888","num_area":"18.552100000000000000000000000000","ind_status":"AT","des_condic":"Aguardando analise"},"geometry":{"type":"Polygon","coordinates":[[[-44.2365,-22.9082],[-44.2283,-22.9041],[-44.229,-22.9084],[-44.236,-22.9079],[-44.2365,-22.9082]]]}},{"type":"Feature","properties":{"cod_imovel":"RJ-3304409-4E159B21C0674850B08D4B63A935C415","num_area":"108.23620000000000000000000000000","ind_status":"AT","des_condic":"Aguardando analise"},"geometry":{"type":"Polygon","coordinates":[[[-43.9742,-22.8761],[-43.9575,-22.8679],[-43.9679,-22.8837],[-43.9657,-22.8719],[-43.9742,-22.8761]],[[-43.9641,-22.8753],[-43.9587,-22.8715],[-43.9641,-22.8751],[-43.9641,-22.8753]],[[-43.9635,-22.8757],[-43.9602,-22.8747],[-43.9624,-22.8786],[-43.9634,-22.8756],[-43.9635,-22.8757]],[[-43.9624,-22.8787],[-43.9583,-22.8732],[-43.9577,-22.8779],[-43.9621,-22.8785],[-43.9624,-22.8787]],[[-43.9588,-22.8791],[-43.957,-22.8841],[-43.9588,-22.8793],[-43.9588,-22.8791]],[[-43.9566,-22.8859],[-43.9549,-22.8822],[-43.9562,-22.8858],[-43.9566,-22.8859]]]}},{"type":"Feature","properties":{"cod_imovel":"RJ-3304409-AF45FDE09EE1418BB16AD1715A1C1E4B","num_area":"80.590000000000000000000000000000","ind_status":"AT","des_condic":"Aguardando analise"},"geometry":{"type":"Polygon","coordinates":[[[-44.1332,-22.8649],[-44.1296,-22.8662],[-44.1332,-22.8649],[-44.1332,-22.8649]],[[-44.1335,-22.8643],[-44.1304,-22.8651],[-44.1335,-22.8643],[-44.1335,-22.8643]],[[-44.1436,-22.8666],[-44.1367,-22.864],[-44.1436,-22.8666],[-44.1436,-22.8666]],[[-44.1431,-22.8613],[-44.1388,-22.8606],[-44.1431,-22.8613],[-44.1431,-22.8613]],[[-44.1456,-22.8729],[-44.1425,-22.8671],[-44.1402,-22.8707],[-44.1456,-22.873],[-44.1456,-22.8729]],[[-44.1453,-22.8669],[-44.1409,-22.864],[-44.1453,-22.8669],[-44.1453,-22.8669]],[[-44.1453,-22.8664],[-44.142,-22.8638],[-44.1453,-22.8668],[-44.1453,-22.8664]],[[-44.1503,-22.8654],[-44.1442,-22.8638],[-44.1505,-22.8658],[-44.1503,-22.8654]],[[-44.1452,-22.8676],[-44.1485,-22.8718],[-44.1452,-22.8676],[-44.1452,-22.8676]]]}},{"type":"Feature","properties":{"cod_imovel":"RJ-3304409-DACCC2FB59414C3894D706E7DAEF3E9D","num_area":"4.7614000000000000000000000000000","ind_status":"AT","des_condic":"Aguardando analise"},"geometry":{"type":"Polygon","coordinates":[[[-44.1901,-22.8956],[-44.1903,-22.892],[-44.1897,-22.8953],[-44.1901,-22.8956]]]}},{"type":"Feature","properties":{"cod_imovel":"RJ-3304409-00E4ECA9D22C4B559011059F17DC86FB","num_area":"17.662800000000000000000000000000","ind_status":"AT","des_condic":"Aguardando analise"},"geometry":{"type":"Polygon","coordinates":[[[-44.1966,-22.7142],[-44.1935,-22.7168],[-44.1965,-22.7148],[-44.1966,-22.7142]]]}},{"type":"Feature","properties":{"cod_imovel":"RJ-3304409-5F9E6A1644AC402A8B4A7A31AE9FF000","num_area":"17.885600000000000000000000000000","ind_status":"AT","des_condic":"Aguardando analise"},"geometry":{"type":"Polygon","coordinates":[[[-44.1821,-22.9097],[-44.1769,-22.9132],[-44.1814,-22.9112],[-44.1821,-22.9097]],[[-44.1811,-22.912],[-44.1775,-22.9147],[-44.1811,-22.912],[-44.1811,-22.912]]]}},{"type":"Feature","properties":{"cod_imovel":"RJ-3304409-DC9CF26C70AE4949B46F94E4B4B0F0BE","num_area":"461.45630000000000000000000000000","ind_status":"AT","des_condic":"Aguardando analise"},"geometry":{"type":"Polygon","coordinates":[[[-44.095,-22.8263],[-44.0948,-22.8388],[-44.095,-22.8276],[-44.101,-22.824],[-44.0951,-22.8259],[-44.095,-22.8263]],[[-44.1046,-22.8106],[-44.1001,-22.809],[-44.0953,-22.8211],[-44.1046,-22.8107],[-44.1046,-22.8106]],[[-44.0975,-22.8343],[-44.0941,-22.8368],[-44.0974,-22.8344],[-44.0975,-22.8343]],[[-44.0975,-22.8217],[-44.1024,-22.8207],[-44.0964,-22.8217],[-44.0975,-22.8217]],[[-44.1009,-22.8337],[-44.0958,-22.8377],[-44.0989,-22.8406],[-44.1011,-22.833],[-44.1009,-22.8337]],[[-44.1015,-22.8228],[-44.0965,-22.8232],[-44.1015,-22.8228],[-44.1015,-22.8228]],[[-44.0997,-22.8287],[-44.0986,-22.833],[-44.103,-22.8289],[-44.1013,-22.8238],[-44.0998,-22.8287],[-44.0997,-22.8287]],[[-44.1008,-22.8082],[-44.1029,-22.8006],[-44.0986,-22.8046],[-44.1008,-22.8082],[-44.1008,-22.8082]],[[-44.104,-22.8102],[-44.1014,-22.8065],[-44.104,-22.8103],[-44.104,-22.8102]],[[-44.1015,-22.8319],[-44.1024,-22.8351],[-44.1015,-22.8318],[-44.1015,-22.8319]],[[-44.1062,-22.8181],[-44.1025,-22.8131],[-44.1037,-22.8262],[-44.1061,-22.8183],[-44.1062,-22.8181]],[[-44.1017,-22.843],[-44.105,-22.8447],[-44.1013,-22.8426],[-44.1017,-22.843]],[[-44.1045,-22.8083],[-44.1021,-22.8036],[-44.1045,-22.8083],[-44.1045,-22.8083]],[[-44.1016,-22.7997],[-44.1033,-22.8033],[-44.1017,-22.7998],[-44.1016,-22.7997]],[[-44.1041,-22.8019],[-44.1035,-22.798],[-44.1041,-22.8019],[-44.1041,-22.8019]],[[-44.1182,-22.81],[-44.1155,-22.8048],[-44.1113,-22.8076],[-44.1024,-22.8039],[-44.114,-22.8121],[-44.1182,-22.81],[-44.1182,-22.81]],[[-44.1038,-22.8395],[-44.1075,-22.8324],[-44.1044,-22.8318],[-44.1073,-22.8337],[-44.1041,-22.8328],[-44.1038,-22.8395],[-44.1038,-22.8395]],[[-44.1087,-22.8317],[-44.1033,-22.8235],[-44.1083,-22.8302],[-44.1041,-22.8275],[-44.1028,-22.8317],[-44.1081,-22.8315],[-44.1087,-22.8317]],[[-44.1067,-22.8176],[-44.1046,-22.8085],[-44.1062,-22.8177],[-44.1067,-22.8176]],[[-44.1079,-22.8169],[-44.1049,-22.8078],[-44.1077,-22.8171],[-44.1079,-22.8169]],[[-44.1074,-22.8139],[-44.1084,-22.8099],[-44.1074,-22.8137],[-44.1074,-22.8139]],[[-44.1113,-22.8015],[-44.108,-22.8031],[-44.1138,-22.8032],[-44.1113,-22.8015]]]}},{"type":"Feature","properties":{"cod_imovel":"RJ-3304409-6E06FA0E55074E1A957EB80720439A88","num_area":"99.192000000000000000000000000000","ind_status":"AT","des_condic":"Aguardando analise"},"geometry":{"type":"Polygon","coordinates":[[[-44.261,-22.8062],[-44.2565,-22.8063],[-44.2611,-22.8067],[-44.261,-22.8062]],[[-44.2553,-22.8063],[-44.2508,-22.8057],[-44.2555,-22.8065],[-44.2553,-22.8063]],[[-44.2505,-22.814],[-44.2537,-22.8169],[-44.2573,-22.8109],[-44.2565,-22.8167],[-44.2602,-22.8156],[-44.2611,-22.8067],[-44.249,-22.8052],[-44.2572,-22.808],[-44.2505,-22.8117],[-44.2505,-22.814]]]}},{"type":"Feature","properties":{"cod_imovel":"RJ-3304409-19761C45F21D4D8BB534B6424CDCBB90","num_area":"28.929500000000000000000000000000","ind_status":"AT","des_condic":"Aguardando analise"},"geometry":{"type":"Polygon","coordinates":[[[-44.0506,-22.8597],[-44.0419,-22.86],[-44.0463,-22.864],[-44.0504,-22.8601],[-44.0506,-22.8597]]]}},{"type":"Feature","properties":{"cod_imovel":"RJ-3304409-4E210CD779044A96B129D015059450F3","num_area":"22.291800000000000000000000000000","ind_status":"AT","des_condic":"Aguardando analise"},"geometry":{"type":"Polygon","coordinates":[[[-44.1972,-22.8562],[-44.1966,-22.853],[-44.1968,-22.8563],[-44.1972,-22.8562]],[[-44.1947,-22.8538],[-44.1887,-22.8597],[-44.1946,-22.8539],[-44.1947,-22.8538]]]}},{"type":"Feature","properties":{"cod_imovel":"RJ-3304409-51B53DA295524011B782B5D72DC5846F","num_area":"30.426900000000000000000000000000","ind_status":"AT","des_condic":"Aguardando analise"},"geometry":{"type":"Polygon","coordinates":[[[-44.2187,-22.7814],[-44.2141,-22.7806],[-44.2181,-22.7858],[-44.2186,-22.7815],[-44.2187,-22.7814]],[[-44.2184,-22.7811],[-44.214,-22.7804],[-44.2185,-22.7812],[-44.2184,-22.7811]],[[-44.2215,-22.7824],[-44.218,-22.7818],[-44.2237,-22.7848],[-44.2216,-22.7825],[-44.2215,-22.7824]]]}},{"type":"Feature","properties":{"cod_imovel":"RJ-3304409-0C44EC8BA8D74628B2D1C93020573DE6","num_area":"38.369000000000000000000000000000","ind_status":"AT","des_condic":"Aguardando analise"},"geometry":{"type":"Polygon","coordinates":[[[-44.1712,-22.8386],[-44.1619,-22.8388],[-44.1634,-22.8435],[-44.1712,-22.8387],[-44.1712,-22.8386]],[[-44.1676,-22.8393],[-44.165,-22.8413],[-44.1674,-22.8392],[-44.1676,-22.8393]]]}},{"type":"Feature","properties":{"cod_imovel":"RJ-3304409-BF39A6B6C9F74748B060A0B5D701681C","num_area":"17.979100000000000000000000000000","ind_status":"AT","des_condic":"Aguardando analise"},"geometry":{"type":"Polygon","coordinates":[[[-44.1514,-22.7034],[-44.1462,-22.7027],[-44.1475,-22.709],[-44.1513,-22.7037],[-44.1514,-22.7034]]]}},{"type":"Feature","properties":{"cod_imovel":"RJ-3304409-A7A43A09879E4CDCAC1BB94B1E93AE1A","num_area":"6.4138000000000000000000000000000","ind_status":"AT","des_condic":"Aguardando analise"},"geometry":{"type":"Polygon","coordinates":[[[-44.2234,-22.7947],[-44.2226,-22.791],[-44.2234,-22.7948],[-44.2234,-22.7947]]]}},{"type":"Feature","properties":{"cod_imovel":"RJ-3304409-1E8743CCD48343BA8C5AD6699686422B","num_area":"58.161300000000000000000000000000","ind_status":"AT","des_condic":"Aguardando analise"},"geometry":{"type":"Polygon","coordinates":[[[-44.212,-22.8067],[-44.2056,-22.8084],[-44.2115,-22.8119],[-44.2119,-22.8069],[-44.212,-22.8067]],[[-44.2001,-22.8121],[-44.2106,-22.8127],[-44.2053,-22.8087],[-44.2047,-22.813],[-44.1999,-22.8114],[-44.2001,-22.8121]]]}},{"type":"Feature","properties":{"cod_imovel":"RJ-3304409-8A2F2BF4BC654060B59A5AFF2BF02342","num_area":"21.079600000000000000000000000000","ind_status":"AT","des_condic":"Aguardando analise"},"geometry":{"type":"Polygon","coordinates":[[[-44.1847,-22.7521],[-44.1814,-22.7471],[-44.1843,-22.7522],[-44.1847,-22.7521]],[[-44.1822,-22.7465],[-44.1806,-22.7517],[-44.1821,-22.7466],[-44.1822,-22.7465]]]}},{"type":"Feature","properties":{"cod_imovel":"RJ-3304409-6F9F181896AB4FE0A871CAEE7FAFFFDB","num_area":"24.776000000000000000000000000000","ind_status":"AT","des_condic":"Aguardando analise"},"geometry":{"type":"Polygon","coordinates":[[[-44.1722,-22.8419],[-44.1636,-22.8435],[-44.1723,-22.8428],[-44.1722,-22.8419]]]}},{"type":"Feature","properties":{"cod_imovel":"RJ-3304409-22FE8685A747422EA0848E3B3C1E803D","num_area":"51.200600000000000000000000000000","ind_status":"AT","des_condic":"Aguardando analise"},"geometry":{"type":"Polygon","coordinates":[[[-44.1403,-22.8011],[-44.1365,-22.7988],[-44.1373,-22.8033],[-44.1403,-22.8011],[-44.1403,-22.8011]],[[-44.1435,-22.8127],[-44.1374,-22.8139],[-44.1369,-22.81],[-44.1361,-22.8146],[-44.1435,-22.8129],[-44.1435,-22.8127]],[[-44.1423,-22.8033],[-44.1386,-22.8045],[-44.1423,-22.8035],[-44.1423,-22.8033]],[[-44.1434,-22.8092],[-44.1399,-22.8078],[-44.1434,-22.8093],[-44.1434,-22.8092]]]}},{"type":"Feature","properties":{"cod_imovel":"RJ-3304409-7ABAD3F621CA44308A45CC7BD15B84D1","num_area":"55.381200000000000000000000000000","ind_status":"AT","des_condic":"Aguardando analise"},"geometry":{"type":"Polygon","coordinates":[[[-44.1332,-22.8133],[-44.1348,-22.8163],[-44.134,-22.8036],[-44.1326,-22.8076],[-44.1287,-22.806],[-44.1333,-22.8129],[-44.1332,-22.8133]]]}},{"type":"Feature","properties":{"cod_imovel":"RJ-3304409-3308F65D111E47CFA6001AA5207D20F1","num_area":"8.1891000000000000000000000000000","ind_status":"AT","des_condic":"Aguardando analise"},"geometry":{"type":"Polygon","coordinates":[[[-44.1892,-22.8054],[-44.1859,-22.8086],[-44.1892,-22.8056],[-44.1892,-22.8054]]]}},{"type":"Feature","properties":{"cod_imovel":"RJ-3304409-8D00080DF0F14D558ABC4DE128D1ED67","num_area":"21.465500000000000000000000000000","ind_status":"AT","des_condic":"Aguardando analise"},"geometry":{"type":"Polygon","coordinates":[[[-44.1596,-22.8311],[-44.1588,-22.8374],[-44.1598,-22.8312],[-44.1596,-22.8311]]]}},{"type":"Feature","properties":{"cod_imovel":"RJ-3304409-A6D3768F84684121BF3C7FCFB7823769","num_area":"91.978900000000000000000000000000","ind_status":"AT","des_condic":"Aguardando analise"},"geometry":{"type":"Polygon","coordinates":[[[-44.1655,-22.7061],[-44.1573,-22.7094],[-44.1659,-22.7174],[-44.1705,-22.7114],[-44.1654,-22.7063],[-44.1655,-22.7061]]]}},{"type":"Feature","properties":{"cod_imovel":"RJ-3304409-54FB39A8CB4C44628B97EAA6545D5451","num_area":"24.329300000000000000000000000000","ind_status":"AT","des_condic":"Aguardando analise"},"geometry":{"type":"Polygon","coordinates":[[[-44.1501,-22.7889],[-44.1463,-22.7889],[-44.1468,-22.7933],[-44.1501,-22.7889],[-44.1501,-22.7889]]]}},{"type":"Feature","properties":{"cod_imovel":"RJ-3304409-B5BFF5F644F649C89A93031EE0128240","num_area":"21.991800000000000000000000000000","ind_status":"AT","des_condic":"Aguardando analise"},"geometry":{"type":"Polygon","coordinates":[[[-44.224,-22.8014],[-44.2272,-22.8061],[-44.2274,-22.8008],[-44.2239,-22.8013],[-44.224,-22.8014]]]}},{"type":"Feature","properties":{"cod_imovel":"RJ-3304409-8DD7FF8F902449E7B35BF812FB7BA856","num_area":"5.8983000000000000000000000000000","ind_status":"AT","des_condic":"Aguardando analise"},"geometry":{"type":"Polygon","coordinates":[[[-44.1705,-22.7543],[-44.1745,-22.7537],[-44.1708,-22.7543],[-44.1705,-22.7543]]]}},{"type":"Feature","properties":{"cod_imovel":"RJ-3304409-D46CF415594F4AB6A96BB682B5AAC175","num_area":"75.187500000000000000000000000000","ind_status":"AT","des_condic":"Aguardando analise"},"geometry":{"type":"Polygon","coordinates":[[[-44.1615,-22.822],[-44.1652,-22.8228],[-44.1615,-22.8219],[-44.1615,-22.822]],[[-44.1612,-22.8179],[-44.1572,-22.8224],[-44.1532,-22.8188],[-44.1597,-22.8231],[-44.1608,-22.8185],[-44.1612,-22.8179]],[[-44.1566,-22.8221],[-44.1535,-22.8189],[-44.1511,-22.8218],[-44.1554,-22.822],[-44.1566,-22.8221]],[[-44.1574,-22.8248],[-44.1611,-22.8216],[-44.1573,-22.8246],[-44.1574,-22.8248]],[[-44.1566,-22.8265],[-44.1616,-22.8306],[-44.1565,-22.8264],[-44.1566,-22.8265]],[[-44.164,-22.8309],[-44.1611,-22.823],[-44.1566,-22.8234],[-44.1638,-22.8305],[-44.164,-22.8309]]]}},{"type":"Feature","properties":{"cod_imovel":"RJ-3304409-F68CD6737BAD4EEA830792ECE9253556","num_area":"7.7773000000000000000000000000000","ind_status":"AT","des_condic":"Aguardando analise"},"geometry":{"type":"Polygon","coordinates":[[[-44.1711,-22.7457],[-44.1663,-22.7474],[-44.1711,-22.7458],[-44.1711,-22.7457]]]}},{"type":"Feature","properties":{"cod_imovel":"RJ-3304409-716965AC8FE846679C56A14E56C0CA7C","num_area":"16.695700000000000000000000000000","ind_status":"AT","des_condic":"Aguardando analise"},"geometry":{"type":"Polygon","coordinates":[[[-44.2234,-22.7949],[-44.2208,-22.7927],[-44.2249,-22.7978],[-44.2234,-22.7949],[-44.2234,-22.7949]],[[-44.2212,-22.7965],[-44.2187,-22.7933],[-44.2213,-22.7967],[-44.2212,-22.7965]]]}},{"type":"Feature","properties":{"cod_imovel":"RJ-3304409-792D1C1F2C9041F4B53903A86A27F7BC","num_area":"15.271500000000000000000000000000","ind_status":"AT","des_condic":"Aguardando analise"},"geometry":{"type":"Polygon","coordinates":[[[-43.919,-22.8384],[-43.9194,-22.8336],[-43.9182,-22.8381],[-43.919,-22.8384]]]}},{"type":"Feature","properties":{"cod_imovel":"RJ-3304409-011AE8D98DB346A7990C127350AE6861","num_area":"22.396000000000000000000000000000","ind_status":"AT","des_condic":"Aguardando analise"},"geometry":{"type":"Polygon","coordinates":[[[-44.2027,-22.8611],[-44.1949,-22.8575],[-44.2027,-22.8613],[-44.2027,-22.8611]]]}},{"type":"Feature","properties":{"cod_imovel":"RJ-3304409-14022BA72BDF448FB7E49EF67AFE2205","num_area":"55.410700000000000000000000000000","ind_status":"AT","des_condic":"Aguardando analise"},"geometry":{"type":"Polygon","coordinates":[[[-44.1582,-22.7883],[-44.1549,-22.7867],[-44.1504,-22.7927],[-44.1593,-22.7959],[-44.1585,-22.7883],[-44.1582,-22.7883]]]}},{"type":"Feature","properties":{"cod_imovel":"RJ-3304409-9B961FD2600D4D3A9896FA38EE55FA03","num_area":"3.7920000000000000000000000000000","ind_status":"AT","des_condic":"Aguardando analise"},"geometry":{"type":"Polygon","coordinates":[[[-44.1536,-22.7307],[-44.1531,-22.7343],[-44.1537,-22.7307],[-44.1536,-22.7307]]]}},{"type":"Feature","properties":{"cod_imovel":"RJ-3304409-D1A146577F714E5E929FB94A122AB560","num_area":"348.44650000000000000000000000000","ind_status":"AT","des_condic":"Aguardando analise"},"geometry":{"type":"Polygon","coordinates":[[[-44.1231,-22.7165],[-44.1263,-22.718],[-44.1231,-22.7165],[-44.1231,-22.7165]],[[-44.1253,-22.7163],[-44.125,-22.7203],[-44.1313,-22.7199],[-44.1253,-22.7162],[-44.1253,-22.7163]],[[-44.1259,-22.7154],[-44.1264,-22.7074],[-44.124,-22.7108],[-44.1177,-22.7024],[-44.1076,-22.6995],[-44.1034,-22.7041],[-44.1144,-22.7069],[-44.1097,-22.7066],[-44.1107,-22.7099],[-44.1232,-22.7106],[-44.1195,-22.7136],[-44.1259,-22.7154],[-44.1259,-22.7154]],[[-44.1121,-22.7027],[-44.1192,-22.701],[-44.1121,-22.7027],[-44.1121,-22.7027]],[[-44.1094,-22.7072],[-44.106,-22.707],[-44.1094,-22.7072],[-44.1094,-22.7072]],[[-44.1117,-22.7105],[-44.1157,-22.7103],[-44.1117,-22.7103],[-44.1117,-22.7105]],[[-44.1033,-22.7041],[-44.106,-22.707],[-44.1033,-22.7042],[-44.1033,-22.7041]],[[-44.1194,-22.7135],[-44.123,-22.7158],[-44.1194,-22.7135],[-44.1194,-22.7135]],[[-44.1178,-22.7039],[-44.1278,-22.7052],[-44.1179,-22.7038],[-44.1178,-22.7039]],[[-44.1209,-22.703],[-44.1244,-22.6996],[-44.1142,-22.6982],[-44.1208,-22.703],[-44.1209,-22.703]],[[-44.1264,-22.7073],[-44.1234,-22.7066],[-44.1264,-22.7073],[-44.1264,-22.7073]],[[-44.1273,-22.7039],[-44.1329,-22.7122],[-44.1268,-22.7077],[-44.1315,-22.7138],[-44.1263,-22.7113],[-44.132,-22.7147],[-44.1345,-22.7111],[-44.1273,-22.7039],[-44.1273,-22.7039]],[[-44.1261,-22.7039],[-44.1256,-22.7001],[-44.1261,-22.7039],[-44.1261,-22.7039]]]}},{"type":"Feature","properties":{"cod_imovel":"RJ-3304409-C77D6A1590EC43A98E5432768BCC098A","num_area":"21.216300000000000000000000000000","ind_status":"AT","des_condic":"Aguardando analise"},"geometry":{"type":"Polygon","coordinates":[[[-44.1776,-22.719],[-44.1848,-22.7181],[-44.1776,-22.719],[-44.1776,-22.719]]]}},{"type":"Feature","properties":{"cod_imovel":"RJ-3304409-850CB8BD25434715B67D71157A46FABB","num_area":"87.064100000000000000000000000000","ind_status":"AT","des_condic":"Aguardando analise"},"geometry":{"type":"Polygon","coordinates":[[[-44.1535,-22.799],[-44.1463,-22.7948],[-44.1436,-22.7978],[-44.1486,-22.8039],[-44.1522,-22.8028],[-44.1483,-22.7977],[-44.1535,-22.799],[-44.1535,-22.799]],[[-44.1465,-22.8085],[-44.1445,-22.8128],[-44.1508,-22.8129],[-44.1471,-22.809],[-44.151,-22.8075],[-44.1472,-22.8074],[-44.1465,-22.8085]],[[-44.1537,-22.8138],[-44.1566,-22.8127],[-44.1537,-22.8138],[-44.1537,-22.8138]],[[-44.1594,-22.8122],[-44.1561,-22.8089],[-44.1594,-22.8122],[-44.1594,-22.8122]]]}},{"type":"Feature","properties":{"cod_imovel":"RJ-3304409-CD7270E9C8A24D258A0DFE6DCA4855C0","num_area":"62.231100000000000000000000000000","ind_status":"AT","des_condic":"Aguardando analise"},"geometry":{"type":"Polygon","coordinates":[[[-44.1407,-22.7959],[-44.1443,-22.7946],[-44.1407,-22.7958],[-44.1407,-22.7959]],[[-44.1479,-22.7807],[-44.1362,-22.7892],[-44.137,-22.7967],[-44.1415,-22.79],[-44.1364,-22.7894],[-44.1474,-22.7874],[-44.1479,-22.7807],[-44.1479,-22.7807]]]}},{"type":"Feature","properties":{"cod_imovel":"RJ-3304409-A44D6F3552B14F608D210FB49F69BC65","num_area":"18.675200000000000000000000000000","ind_status":"AT","des_condic":"Aguardando analise"},"geometry":{"type":"Polygon","coordinates":[[[-44.1754,-22.7127],[-44.1712,-22.7155],[-44.1736,-22.7189],[-44.1753,-22.712],[-44.1754,-22.7127]]]}},{"type":"Feature","properties":{"cod_imovel":"RJ-3304409-B6E189BD58CC4DC5AA52EC78FA8AAD3F","num_area":"66.631800000000000000000000000000","ind_status":"AT","des_condic":"Aguardando analise"},"geometry":{"type":"Polygon","coordinates":[[[-44.1192,-22.7993],[-44.1161,-22.8016],[-44.1193,-22.7993],[-44.1192,-22.7993]],[[-44.1246,-22.8143],[-44.1266,-22.811],[-44.1246,-22.8142],[-44.1246,-22.8143]],[[-44.12,-22.8099],[-44.123,-22.8088],[-44.12,-22.8098],[-44.12,-22.8099]],[[-44.1268,-22.8161],[-44.1316,-22.818],[-44.1268,-22.8161],[-44.1268,-22.8161]],[[-44.1175,-22.8063],[-44.1198,-22.8098],[-44.1233,-22.8036],[-44.1176,-22.8063],[-44.1175,-22.8063]],[[-44.1237,-22.8038],[-44.1275,-22.8013],[-44.1293,-22.8047],[-44.1277,-22.8012],[-44.1236,-22.8038],[-44.1237,-22.8038]],[[-44.1226,-22.8129],[-44.1255,-22.8095],[-44.1226,-22.8129],[-44.1226,-22.8129]],[[-44.1255,-22.8095],[-44.1219,-22.8105],[-44.1249,-22.8099],[-44.1255,-22.8095]],[[-44.1257,-22.8095],[-44.1333,-22.8129],[-44.1241,-22.8049],[-44.1257,-22.8094],[-44.1257,-22.8095]]]}},{"type":"Feature","properties":{"cod_imovel":"RJ-3304409-76DCDAFE7EC144AA9CE898403275CD44","num_area":"68.743400000000000000000000000000","ind_status":"AT","des_condic":"Aguardando analise"},"geometry":{"type":"Polygon","coordinates":[[[-44.1538,-22.7159],[-44.1425,-22.7173],[-44.1489,-22.7198],[-44.1538,-22.7159],[-44.1538,-22.7159]],[[-44.1506,-22.7116],[-44.1449,-22.7135],[-44.149,-22.7162],[-44.1506,-22.7117],[-44.1506,-22.7116]],[[-44.153,-22.713],[-44.1504,-22.7148],[-44.153,-22.713],[-44.153,-22.713]],[[-44.1577,-22.7146],[-44.1535,-22.7146],[-44.1577,-22.7146],[-44.1577,-22.7146]]]}},{"type":"Feature","properties":{"cod_imovel":"RJ-3304409-D29463BA5F85403E8ED9BCDFAB9D287A","num_area":"93.338000000000000000000000000000","ind_status":"AT","des_condic":"Aguardando analise"},"geometry":{"type":"Polygon","coordinates":[[[-44.2423,-22.8217],[-44.2331,-22.8226],[-44.235,-22.8196],[-44.2259,-22.8175],[-44.2376,-22.8288],[-44.2427,-22.8224],[-44.2423,-22.8217]],[[-44.2292,-22.8227],[-44.2314,-22.8249],[-44.2292,-22.8227],[-44.2292,-22.8227]]]}},{"type":"Feature","properties":{"cod_imovel":"RJ-3304409-D14CA87455A54C2B86804FFC683D39BE","num_area":"38.260300000000000000000000000000","ind_status":"AT","des_condic":"Aguardando analise"},"geometry":{"type":"Polygon","coordinates":[[[-43.9059,-22.8142],[-43.913,-22.8167],[-43.9039,-22.8091],[-43.9059,-22.8142],[-43.9059,-22.8142]]]}},{"type":"Feature","properties":{"cod_imovel":"RJ-3304409-4E22DC69D2D3474FADE0051ECCAE6821","num_area":"22.946200000000000000000000000000","ind_status":"AT","des_condic":"Aguardando analise"},"geometry":{"type":"Polygon","coordinates":[[[-44.1876,-22.7127],[-44.1849,-22.7205],[-44.1907,-22.7201],[-44.1888,-22.723],[-44.1901,-22.7134],[-44.1876,-22.7127]],[[-44.185,-22.716],[-44.1907,-22.7199],[-44.1851,-22.7167],[-44.185,-22.716]]]}},{"type":"Feature","properties":{"cod_imovel":"RJ-3304409-7B96E4D97F6B4666B19395CC0FB17F09","num_area":"40.096900000000000000000000000000","ind_status":"AT","des_condic":"Aguardando analise"},"geometry":{"type":"Polygon","coordinates":[[[-44.2004,-22.8303],[-44.1979,-22.8237],[-44.1934,-22.8271],[-44.2003,-22.8304],[-44.2004,-22.8303]],[[-44.2019,-22.8337],[-44.1967,-22.8335],[-44.2018,-22.834],[-44.2019,-22.8337]],[[-44.2022,-22.8285],[-44.1993,-22.8313],[-44.2026,-22.8285],[-44.2022,-22.8285]],[[-44.2001,-22.8326],[-44.2064,-22.8301],[-44.1999,-22.8324],[-44.2001,-22.8326]]]}},{"type":"Feature","properties":{"cod_imovel":"RJ-3304409-6E42803A34334123B99BEFB7506A01E6","num_area":"13.929800000000000000000000000000","ind_status":"AT","des_condic":"Aguardando analise"},"geometry":{"type":"Polygon","coordinates":[[[-44.1983,-22.7287],[-44.1976,-22.7251],[-44.1959,-22.7286],[-44.1983,-22.7287]],[[-44.2,-22.7301],[-44.1978,-22.7249],[-44.2,-22.73],[-44.2,-22.7301]]]}},{"type":"Feature","properties":{"cod_imovel":"RJ-3304409-30FCF874D98F4918B23B7D00A68B06FD","num_area":"206.17270000000000000000000000000","ind_status":"AT","des_condic":"Aguardando analise"},"geometry":{"type":"Polygon","coordinates":[[[-44.1783,-22.8281],[-44.1653,-22.8336],[-44.1703,-22.834],[-44.1717,-22.8394],[-44.1704,-22.8343],[-44.1787,-22.8326],[-44.1819,-22.8365],[-44.1784,-22.8283],[-44.1783,-22.8281]],[[-44.166,-22.8344],[-44.1702,-22.8308],[-44.166,-22.8344],[-44.166,-22.8344]],[[-44.1714,-22.8343],[-44.1719,-22.8304],[-44.1718,-22.8341],[-44.1714,-22.8343]],[[-44.1823,-22.8391],[-44.1896,-22.8384],[-44.1807,-22.8322],[-44.1823,-22.8391],[-44.1823,-22.8391]],[[-44.1717,-22.8394],[-44.1731,-22.8446],[-44.1667,-22.8459],[-44.1709,-22.85],[-44.1675,-22.8451],[-44.1766,-22.8469],[-44.1872,-22.8416],[-44.1718,-22.8394],[-44.1717,-22.8394]],[[-44.175,-22.845],[-44.1803,-22.8396],[-44.1746,-22.8446],[-44.175,-22.845]],[[-44.1727,-22.8498],[-44.1759,-22.8511],[-44.1728,-22.8498],[-44.1727,-22.8498]],[[-44.1735,-22.8476],[-44.1793,-22.8519],[-44.1796,-22.8478],[-44.1737,-22.8477],[-44.1735,-22.8476]]]}},{"type":"Feature","properties":{"cod_imovel":"RJ-3304409-475E78B97AC54470AC1E3CA5F1ED3C24","num_area":"17.483500000000000000000000000000","ind_status":"AT","des_condic":"Aguardando analise"},"geometry":{"type":"Polygon","coordinates":[[[-44.217,-22.7426],[-44.2204,-22.7424],[-44.2157,-22.7382],[-44.2168,-22.7423],[-44.217,-22.7426]]]}},{"type":"Feature","properties":{"cod_imovel":"RJ-3304409-5BEA6C8C560C445EBF749391CB4E107E","num_area":"3.9184000000000000000000000000000","ind_status":"AT","des_condic":"Aguardando analise"},"geometry":{"type":"Polygon","coordinates":[[[-44.2303,-22.7801],[-44.2322,-22.7843],[-44.2294,-22.78],[-44.2303,-22.7801]]]}},{"type":"Feature","properties":{"cod_imovel":"RJ-3304409-9CA549A1BD5B4B7CA576A79CCDBAB08A","num_area":"29.316200000000000000000000000000","ind_status":"AT","des_condic":"Aguardando analise"},"geometry":{"type":"Polygon","coordinates":[[[-44.1274,-22.8252],[-44.1331,-22.8259],[-44.1274,-22.8252],[-44.1274,-22.8252]],[[-44.1334,-22.826],[-44.1371,-22.8229],[-44.1262,-22.8244],[-44.1333,-22.8259],[-44.1334,-22.826]]]}},{"type":"Feature","properties":{"cod_imovel":"RJ-3304409-D49B3BD8BD7C40679A7330B8AB62DA28","num_area":"12.787900000000000000000000000000","ind_status":"AT","des_condic":"Analisado, aguardando regularizacao ambiental (Lei n 12.651/2012)"},"geometry":{"type":"Polygon","coordinates":[[[-44.1517,-22.8606],[-44.1543,-22.862],[-44.1515,-22.8605],[-44.1517,-22.8606]],[[-44.1437,-22.857],[-44.1475,-22.8582],[-44.1439,-22.8568],[-44.1437,-22.857]]]}},{"type":"Feature","properties":{"cod_imovel":"RJ-3304409-88F76692BF3B4DD193E4ED99F6C22F67","num_area":"47.798500000000000000000000000000","ind_status":"AT","des_condic":"Aguardando analise"},"geometry":{"type":"Polygon","coordinates":[[[-44.1998,-22.7301],[-44.1883,-22.7251],[-44.1998,-22.7349],[-44.2003,-22.7307],[-44.1956,-22.7307],[-44.2001,-22.7304],[-44.1998,-22.7301]]]}},{"type":"Feature","properties":{"cod_imovel":"RJ-3304409-E7D229912F9642DAB005B1B667D5D251","num_area":"9.6866000000000000000000000000000","ind_status":"AT","des_condic":"Aguardando analise"},"geometry":{"type":"Polygon","coordinates":[[[-44.1558,-22.7364],[-44.1521,-22.7372],[-44.1558,-22.7361],[-44.1558,-22.7364]]]}},{"type":"Feature","properties":{"cod_imovel":"RJ-3304409-168CEB324137444D8589D9C7D3D9193B","num_area":"49.870200000000000000000000000000","ind_status":"AT","des_condic":"Aguardando analise"},"geometry":{"type":"Polygon","coordinates":[[[-44.1772,-22.7406],[-44.1711,-22.7395],[-44.1774,-22.7408],[-44.1772,-22.7406]],[[-44.1647,-22.7354],[-44.1709,-22.7395],[-44.1722,-22.7343],[-44.1631,-22.7339],[-44.1647,-22.7354]]]}},{"type":"Feature","properties":{"cod_imovel":"RJ-3304409-6E516C3550E2423ABA16435A6D8CA2ED","num_area":"61.595300000000000000000000000000","ind_status":"AT","des_condic":"Aguardando analise"},"geometry":{"type":"Polygon","coordinates":[[[-44.2045,-22.7375],[-44.2118,-22.7465],[-44.2215,-22.7486],[-44.2198,-22.7437],[-44.2044,-22.7376],[-44.2045,-22.7375]]]}},{"type":"Feature","properties":{"cod_imovel":"RJ-3304409-75BF90F668BE4FECA72FF1EF77BF5027","num_area":"19.747700000000000000000000000000","ind_status":"AT","des_condic":"Analisado, aguardando atendimento a notificacao"},"geometry":{"type":"Polygon","coordinates":[[[-44.0964,-22.6865],[-44.0989,-22.6843],[-44.0965,-22.6864],[-44.0964,-22.6865]],[[-44.0956,-22.6881],[-44.1039,-22.6841],[-44.0954,-22.688],[-44.0956,-22.6881]],[[-44.1051,-22.6884],[-44.1045,-22.6851],[-44.1126,-22.6897],[-44.1041,-22.6845],[-44.1051,-22.6884],[-44.1051,-22.6884]],[[-44.1041,-22.6844],[-44.1128,-22.6876],[-44.1041,-22.6844],[-44.1041,-22.6844]],[[-44.0992,-22.6841],[-44.0954,-22.6878],[-44.0995,-22.6841],[-44.0992,-22.6841]]]}},{"type":"Feature","properties":{"cod_imovel":"RJ-3304409-40F220200EAC4DC0BBAEA7B3DB08A6F2","num_area":"29.875100000000000000000000000000","ind_status":"AT","des_condic":"Aguardando analise"},"geometry":{"type":"Polygon","coordinates":[[[-44.207,-22.7783],[-44.1986,-22.7747],[-44.204,-22.7813],[-44.207,-22.7786],[-44.207,-22.7783]]]}},{"type":"Feature","properties":{"cod_imovel":"RJ-3304409-AE3C6C6DD81C41BA97696164A0424E9B","num_area":"2.3773000000000000000000000000000","ind_status":"AT","des_condic":"Aguardando analise"},"geometry":{"type":"Polygon","coordinates":[[[-44.2083,-22.7879],[-44.2046,-22.7875],[-44.2084,-22.788],[-44.2083,-22.7879]]]}},{"type":"Feature","properties":{"cod_imovel":"RJ-3304409-4F637A6C0059437186B2CAA04DA73C8C","num_area":"47.877000000000000000000000000000","ind_status":"AT","des_condic":"Aguardando analise"},"geometry":{"type":"Polygon","coordinates":[[[-44.1438,-22.7962],[-44.1379,-22.7979],[-44.1405,-22.8007],[-44.1434,-22.7966],[-44.1406,-22.8008],[-44.1469,-22.8076],[-44.1438,-22.7964],[-44.1438,-22.7962]]]}},{"type":"Feature","properties":{"cod_imovel":"RJ-3304409-C62E47532AD14A0CA329A6A0A69D8DFF","num_area":"42.541800000000000000000000000000","ind_status":"AT","des_condic":"Aguardando analise"},"geometry":{"type":"Polygon","coordinates":[[[-44.1682,-22.7215],[-44.1688,-22.7267],[-44.1748,-22.7245],[-44.1735,-22.7196],[-44.1685,-22.7211],[-44.1682,-22.7215]]]}},{"type":"Feature","properties":{"cod_imovel":"RJ-3304409-C68E932BB8F84DD8AC82F1EB6A9C2787","num_area":"17.493100000000000000000000000000","ind_status":"AT","des_condic":"Aguardando analise"},"geometry":{"type":"Polygon","coordinates":[[[-44.1474,-22.8307],[-44.146,-22.8271],[-44.1474,-22.8307],[-44.1474,-22.8307]],[[-44.1477,-22.8298],[-44.1485,-22.8252],[-44.1477,-22.8298],[-44.1477,-22.8298]]]}},{"type":"Feature","properties":{"cod_imovel":"RJ-3304409-7C610D2920C340BAB7B14CD66C307830","num_area":"64.620900000000000000000000000000","ind_status":"AT","des_condic":"Aguardando analise"},"geometry":{"type":"Polygon","coordinates":[[[-44.186,-22.7358],[-44.1828,-22.7407],[-44.1763,-22.7383],[-44.1834,-22.7472],[-44.186,-22.7376],[-44.1905,-22.7391],[-44.1859,-22.7364],[-44.186,-22.7358]],[[-44.1804,-22.7452],[-44.1834,-22.7472],[-44.1805,-22.7452],[-44.1804,-22.7452]]]}},{"type":"Feature","properties":{"cod_imovel":"RJ-3304409-1C3F65DCFB2A43AC8FAE3378AFCFC0E3","num_area":"16.390200000000000000000000000000","ind_status":"AT","des_condic":"Aguardando analise"},"geometry":{"type":"Polygon","coordinates":[[[-44.1775,-22.7122],[-44.1759,-22.7175],[-44.1801,-22.717],[-44.1788,-22.7133],[-44.1775,-22.7122]]]}},{"type":"Feature","properties":{"cod_imovel":"RJ-3304409-5A81645F47244F32B07B1349A6B19B5B","num_area":"241.20580000000000000000000000000","ind_status":"AT","des_condic":"Aguardando analise"},"geometry":{"type":"Polygon","coordinates":[[[-44.086,-22.7991],[-44.0684,-22.8006],[-44.0923,-22.8128],[-44.0879,-22.8036],[-44.0833,-22.8052],[-44.0879,-22.8023],[-44.086,-22.7991],[-44.086,-22.7991]],[[-44.0882,-22.8091],[-44.0856,-22.8071],[-44.088,-22.8091],[-44.0882,-22.8091]],[[-44.0783,-22.8118],[-44.0917,-22.8138],[-44.0776,-22.8063],[-44.0783,-22.8118],[-44.0783,-22.8118]],[[-44.0888,-22.8048],[-44.088,-22.8019],[-44.0886,-22.8048],[-44.0888,-22.8048]]]}},{"type":"Feature","properties":{"cod_imovel":"RJ-3304409-47799EB4097841EBB20579335EA34D3F","num_area":"27.052000000000000000000000000000","ind_status":"AT","des_condic":"Aguardando analise"},"geometry":{"type":"Polygon","coordinates":[[[-44.1842,-22.7939],[-44.1786,-22.7955],[-44.1817,-22.7978],[-44.1838,-22.794],[-44.1842,-22.7939]],[[-44.1817,-22.7978],[-44.1877,-22.8],[-44.1822,-22.7973],[-44.1817,-22.7978]]]}},{"type":"Feature","properties":{"cod_imovel":"RJ-3304409-164C9555CA534AF7A27B0271CA3D41D9","num_area":"18.323600000000000000000000000000","ind_status":"AT","des_condic":"Aguardando analise"},"geometry":{"type":"Polygon","coordinates":[[[-44.1924,-22.8284],[-44.1978,-22.8294],[-44.1925,-22.8284],[-44.1924,-22.8284]]]}},{"type":"Feature","properties":{"cod_imovel":"RJ-3304409-FB74125383DC4E48AAF70B18401C05EE","num_area":"18.764000000000000000000000000000","ind_status":"AT","des_condic":"Aguardando analise"},"geometry":{"type":"Polygon","coordinates":[[[-44.1795,-22.7917],[-44.1786,-22.7955],[-44.184,-22.7939],[-44.1806,-22.7913],[-44.1795,-22.7917]]]}},{"type":"Feature","properties":{"cod_imovel":"RJ-3304409-CE5638A2C41D4CA1A7032BEBAD68429D","num_area":"22.432500000000000000000000000000","ind_status":"AT","des_condic":"Aguardando analise"},"geometry":{"type":"Polygon","coordinates":[[[-44.1797,-22.7134],[-44.1877,-22.7184],[-44.1799,-22.7134],[-44.1797,-22.7134]],[[-44.1846,-22.713],[-44.1804,-22.7132],[-44.1835,-22.7146],[-44.1846,-22.713]]]}},{"type":"Feature","properties":{"cod_imovel":"RJ-3304409-83199A2E0A0E4A459FDBD13CCA3C41A7","num_area":"28.361300000000000000000000000000","ind_status":"AT","des_condic":"Aguardando analise"},"geometry":{"type":"Polygon","coordinates":[[[-44.1686,-22.7567],[-44.1738,-22.7516],[-44.1685,-22.7565],[-44.1686,-22.7567]],[[-44.1733,-22.7514],[-44.1701,-22.748],[-44.1733,-22.7514],[-44.1733,-22.7514]]]}},{"type":"Feature","properties":{"cod_imovel":"RJ-3304409-9BFF9BC32E7F4951B8B190AB122DB54F","num_area":"15.634900000000000000000000000000","ind_status":"AT","des_condic":"Aguardando analise"},"geometry":{"type":"Polygon","coordinates":[[[-44.2112,-22.7628],[-44.2073,-22.7642],[-44.212,-22.7627],[-44.2112,-22.7628]]]}},{"type":"Feature","properties":{"cod_imovel":"RJ-3304409-ABA0AECEE7D94696A6FE57A33B28A8F8","num_area":"45.331500000000000000000000000000","ind_status":"AT","des_condic":"Aguardando analise"},"geometry":{"type":"Polygon","coordinates":[[[-44.2005,-22.854],[-44.2034,-22.8559],[-44.2005,-22.854],[-44.2005,-22.854]],[[-44.2098,-22.8593],[-44.2005,-22.854],[-44.2092,-22.8592],[-44.2098,-22.8593]],[[-44.2065,-22.8585],[-44.2034,-22.8569],[-44.2063,-22.8583],[-44.2065,-22.8585]],[[-44.2078,-22.861],[-44.2035,-22.8607],[-44.2081,-22.8612],[-44.2078,-22.861]],[[-44.2088,-22.8646],[-44.2117,-22.8619],[-44.2088,-22.8646],[-44.2088,-22.8646]],[[-44.2138,-22.8637],[-44.2145,-22.8605],[-44.2136,-22.8637],[-44.2138,-22.8637]]]}},{"type":"Feature","properties":{"cod_imovel":"RJ-3304409-E55424F2BB4B4318BD6BC3D4B5F3854C","num_area":"38.681800000000000000000000000000","ind_status":"AT","des_condic":"Aguardando analise"},"geometry":{"type":"Polygon","coordinates":[[[-44.1834,-22.7542],[-44.1926,-22.7506],[-44.189,-22.7467],[-44.1835,-22.7542],[-44.1834,-22.7542]],[[-44.1837,-22.7468],[-44.1849,-22.7517],[-44.189,-22.746],[-44.1837,-22.7469],[-44.1837,-22.7468]]]}},{"type":"Feature","properties":{"cod_imovel":"RJ-3304409-6A1B72E590FA436D94525FBCE000D94E","num_area":"32.655000000000000000000000000000","ind_status":"AT","des_condic":"Aguardando analise"},"geometry":{"type":"Polygon","coordinates":[[[-44.1812,-22.7997],[-44.1762,-22.7919],[-44.1706,-22.7964],[-44.1812,-22.7997],[-44.1812,-22.7997]],[[-44.1743,-22.7919],[-44.1735,-22.7959],[-44.1743,-22.792],[-44.1743,-22.7919]],[[-44.1724,-22.7949],[-44.1687,-22.7928],[-44.1724,-22.7949],[-44.1724,-22.7949]]]}},{"type":"Feature","properties":{"cod_imovel":"RJ-3304409-64B0C9E99CB240F58917E51CA77C5502","num_area":"123.91850000000000000000000000000","ind_status":"AT","des_condic":"Aguardando analise"},"geometry":{"type":"Polygon","coordinates":[[[-44.2134,-22.7308],[-44.2144,-22.7377],[-44.224,-22.7439],[-44.2292,-22.7345],[-44.2243,-22.7369],[-44.227,-22.734],[-44.2216,-22.7325],[-44.2205,-22.7376],[-44.2198,-22.7324],[-44.2134,-22.7309],[-44.2134,-22.7308]],[[-44.2191,-22.7351],[-44.2184,-22.7386],[-44.2192,-22.7349],[-44.2191,-22.7351]],[[-44.2148,-22.7407],[-44.2206,-22.7437],[-44.2183,-22.7388],[-44.2147,-22.7406],[-44.2148,-22.7407]]]}},{"type":"Feature","properties":{"cod_imovel":"RJ-3304409-DAC6F7DC624049C5BAD93A209DFD87CA","num_area":"131.83160000000000000000000000000","ind_status":"AT","des_condic":"Aguardando analise"},"geometry":{"type":"Polygon","coordinates":[[[-44.17,-22.7602],[-44.166,-22.7565],[-44.166,-22.7629],[-44.1614,-22.7508],[-44.1637,-22.7631],[-44.1668,-22.765],[-44.1701,-22.7602],[-44.17,-22.7602]],[[-44.1697,-22.7588],[-44.1755,-22.7589],[-44.1696,-22.7587],[-44.1697,-22.7588]],[[-44.1755,-22.7589],[-44.175,-22.7546],[-44.1755,-22.7589],[-44.1755,-22.7589]],[[-44.1702,-22.7565],[-44.1708,-22.7511],[-44.1639,-22.7524],[-44.1702,-22.7565],[-44.1702,-22.7565]],[[-44.1673,-22.7521],[-44.1643,-22.7521],[-44.1673,-22.7521],[-44.1673,-22.7521]],[[-44.1641,-22.7522],[-44.162,-22.7496],[-44.1641,-22.7522],[-44.1641,-22.7522]]]}},{"type":"Feature","properties":{"cod_imovel":"RJ-3304409-C6F21EB3FB8645C69AD1FB3F0BD71A26","num_area":"29.195300000000000000000000000000","ind_status":"AT","des_condic":"Aguardando analise"},"geometry":{"type":"Polygon","coordinates":[[[-44.1861,-22.7846],[-44.1797,-22.7855],[-44.1859,-22.7899],[-44.1861,-22.7848],[-44.1861,-22.7846]]]}},{"type":"Feature","properties":{"cod_imovel":"RJ-3304409-46AFD9E5B946461CBFDC85853D433CCB","num_area":"41.348300000000000000000000000000","ind_status":"AT","des_condic":"Aguardando analise"},"geometry":{"type":"Polygon","coordinates":[[[-44.1615,-22.7684],[-44.1679,-22.774],[-44.1711,-22.7691],[-44.1654,-22.7719],[-44.1671,-22.7681],[-44.1615,-22.7683],[-44.1615,-22.7684]]]}},{"type":"Feature","properties":{"cod_imovel":"RJ-3304409-2183AF44261B4F38926706BAF89A5E67","num_area":"81.267500000000000000000000000000","ind_status":"AT","des_condic":"Aguardando analise"},"geometry":{"type":"Polygon","coordinates":[[[-44.171,-22.7754],[-44.1762,-22.778],[-44.1725,-22.7823],[-44.1766,-22.7803],[-44.1771,-22.7747],[-44.1711,-22.7754],[-44.171,-22.7754]],[[-44.1725,-22.7823],[-44.1765,-22.7916],[-44.1784,-22.7835],[-44.1728,-22.7821],[-44.1725,-22.7823]]]}},{"type":"Feature","properties":{"cod_imovel":"RJ-3304409-B7ED0841D0624ABEA2827A6EA6AC6D49","num_area":"38.682600000000000000000000000000","ind_status":"AT","des_condic":"Aguardando analise"},"geometry":{"type":"Polygon","coordinates":[[[-44.1747,-22.7695],[-44.1835,-22.7727],[-44.178,-22.7664],[-44.1746,-22.7695],[-44.1747,-22.7695]]]}},{"type":"Feature","properties":{"cod_imovel":"RJ-3304409-0131907897314E6688BEE953D1B80791","num_area":"11.038200000000000000000000000000","ind_status":"AT","des_condic":"Aguardando analise"},"geometry":{"type":"Polygon","coordinates":[[[-44.0458,-22.8554],[-44.0473,-22.8588],[-44.0458,-22.8553],[-44.0458,-22.8554]]]}},{"type":"Feature","properties":{"cod_imovel":"RJ-3304409-254DB7540289437C8E7A759F70A2DAAF","num_area":"9.7406000000000000000000000000000","ind_status":"AT","des_condic":"Aguardando analise"},"geometry":{"type":"Polygon","coordinates":[[[-43.9345,-22.848],[-43.9275,-22.8448],[-43.9344,-22.848],[-43.9345,-22.848]]]}},{"type":"Feature","properties":{"cod_imovel":"RJ-3304409-931D54A9EDE04621990D1E8101DE1757","num_area":"38.822800000000000000000000000000","ind_status":"AT","des_condic":"Aguardando analise"},"geometry":{"type":"Polygon","coordinates":[[[-43.9537,-22.8376],[-43.9511,-22.835],[-43.9447,-22.8452],[-43.9537,-22.8376],[-43.9537,-22.8376]]]}},{"type":"Feature","properties":{"cod_imovel":"RJ-3304409-6B15E2D7F77445C3AF9DEE12038A6A4F","num_area":"258.54130000000000000000000000000","ind_status":"AT","des_condic":"Aguardando analise"},"geometry":{"type":"Polygon","coordinates":[[[-43.9526,-22.8224],[-43.9332,-22.8309],[-43.9503,-22.8342],[-43.9485,-22.8273],[-43.952,-22.8335],[-43.9526,-22.8224],[-43.9526,-22.8224]],[[-43.9493,-22.833],[-43.9436,-22.8298],[-43.9492,-22.8328],[-43.9493,-22.833]],[[-43.9495,-22.8367],[-43.9373,-22.8374],[-43.9448,-22.8415],[-43.9495,-22.8367],[-43.9495,-22.8367]],[[-43.9401,-22.8336],[-43.943,-22.835],[-43.9402,-22.8335],[-43.9401,-22.8336]],[[-43.9437,-22.8247],[-43.9402,-22.8272],[-43.9437,-22.8248],[-43.9437,-22.8247]],[[-43.9519,-22.8336],[-43.9471,-22.8349],[-43.9519,-22.8336],[-43.9519,-22.8336]],[[-43.9556,-22.82],[-43.9495,-22.8159],[-43.9498,-22.8209],[-43.9555,-22.82],[-43.9556,-22.82]]]}},{"type":"Feature","properties":{"cod_imovel":"RJ-3304409-388DB8E0E74A4869BD9AB0D245039B0F","num_area":"12.159500000000000000000000000000","ind_status":"AT","des_condic":"Aguardando analise"},"geometry":{"type":"Polygon","coordinates":[[[-44.0789,-22.8223],[-44.0828,-22.822],[-44.0788,-22.8223],[-44.0789,-22.8223]],[[-44.0816,-22.8224],[-44.0788,-22.8209],[-44.0816,-22.8224],[-44.0816,-22.8224]]]}},{"type":"Feature","properties":{"cod_imovel":"RJ-3304409-FC62E6C5F9134A09B4CC31C5EAEAF09A","num_area":"53.337000000000000000000000000000","ind_status":"AT","des_condic":"Analisado, aguardando atendimento a notificacao"},"geometry":{"type":"Polygon","coordinates":[[[-43.9497,-22.8565],[-43.9545,-22.8624],[-43.9595,-22.859],[-43.9557,-22.8612],[-43.9498,-22.8563],[-43.9497,-22.8565]],[[-43.9494,-22.8572],[-43.9462,-22.861],[-43.9513,-22.8629],[-43.9495,-22.8574],[-43.9494,-22.8572]]]}},{"type":"Feature","properties":{"cod_imovel":"RJ-3304409-51ED5439350C4CDFBE53511A4DBA756F","num_area":"22.118100000000000000000000000000","ind_status":"AT","des_condic":"Aguardando analise"},"geometry":{"type":"Polygon","coordinates":[[[-44.2167,-22.9062],[-44.2131,-22.9072],[-44.2167,-22.9062],[-44.2167,-22.9062]],[[-44.2178,-22.9042],[-44.2139,-22.9028],[-44.2173,-22.904],[-44.2178,-22.9042]],[[-44.2242,-22.9075],[-44.2182,-22.9086],[-44.2242,-22.9076],[-44.2242,-22.9075]],[[-44.2225,-22.9074],[-44.2198,-22.9059],[-44.2225,-22.9075],[-44.2225,-22.9074]]]}},{"type":"Feature","properties":{"cod_imovel":"RJ-3304409-B3D0DB0857DA48D7AC97FF51D1D8A4B8","num_area":"12.498600000000000000000000000000","ind_status":"AT","des_condic":"Aguardando analise"},"geometry":{"type":"Polygon","coordinates":[[[-44.0814,-22.8391],[-44.0789,-22.8363],[-44.0754,-22.8405],[-44.0815,-22.8391],[-44.0814,-22.8391]]]}},{"type":"Feature","properties":{"cod_imovel":"RJ-3304409-7B230171B30D4EB182F6E7AEEF89D68B","num_area":"110.93100000000000000000000000000","ind_status":"AT","des_condic":"Aguardando analise"},"geometry":{"type":"Polygon","coordinates":[[[-44.238,-22.7548],[-44.2333,-22.7533],[-44.2381,-22.7549],[-44.238,-22.7548]],[[-44.2288,-22.769],[-44.2267,-22.7721],[-44.2288,-22.769],[-44.2288,-22.769]],[[-44.2267,-22.7724],[-44.2247,-22.78],[-44.2299,-22.775],[-44.2267,-22.7724],[-44.2267,-22.7724]],[[-44.2317,-22.7799],[-44.2391,-22.7846],[-44.2321,-22.7801],[-44.2317,-22.7799]],[[-44.2521,-22.7877],[-44.249,-22.7861],[-44.2517,-22.7874],[-44.2521,-22.7877]],[[-44.2326,-22.7721],[-44.2388,-22.774],[-44.2329,-22.7718],[-44.2326,-22.7721]],[[-44.2418,-22.7675],[-44.2391,-22.7702],[-44.2461,-22.769],[-44.2418,-22.7675],[-44.2418,-22.7675]],[[-44.2475,-22.7633],[-44.2431,-22.7666],[-44.2478,-22.7637],[-44.2475,-22.7633]]]}},{"type":"Feature","properties":{"cod_imovel":"RJ-3304409-D93DDCF2C6BE43239788DCC8A41E1146","num_area":"10.066900000000000000000000000000","ind_status":"AT","des_condic":"Aguardando analise"},"geometry":{"type":"Polygon","coordinates":[[[-43.9527,-22.8367],[-43.9563,-22.8367],[-43.9526,-22.8367],[-43.9527,-22.8367]]]}},{"type":"Feature","properties":{"cod_imovel":"RJ-3304409-EC2053D1EEFB4DA6963FE745640333F9","num_area":"34.273500000000000000000000000000","ind_status":"AT","des_condic":"Aguardando analise"},"geometry":{"type":"Polygon","coordinates":[[[-43.9444,-22.8249],[-43.9506,-22.8216],[-43.9495,-22.8159],[-43.9444,-22.8249],[-43.9444,-22.8249]]]}},{"type":"Feature","properties":{"cod_imovel":"RJ-3304409-E8D0084FA8C24A27BBB4915533125F04","num_area":"37.348500000000000000000000000000","ind_status":"AT","des_condic":"Aguardando analise"},"geometry":{"type":"Polygon","coordinates":[[[-43.9342,-22.8407],[-43.9272,-22.8387],[-43.9281,-22.8439],[-43.9256,-22.8397],[-43.9222,-22.8445],[-43.9338,-22.8409],[-43.9342,-22.8407]]]}},{"type":"Feature","properties":{"cod_imovel":"RJ-3304409-0472453E0C4746A49C4DD26ECA0827DE","num_area":"86.657300000000000000000000000000","ind_status":"AT","des_condic":"Aguardando analise"},"geometry":{"type":"Polygon","coordinates":[[[-44.0353,-22.8234],[-44.0338,-22.8341],[-44.0473,-22.8333],[-44.0345,-22.8271],[-44.0413,-22.8306],[-44.0387,-22.8277],[-44.0426,-22.827],[-44.0351,-22.8258],[-44.0439,-22.8214],[-44.0353,-22.8235],[-44.0353,-22.8234]],[[-44.0426,-22.8207],[-44.0336,-22.8175],[-44.0426,-22.8207],[-44.0426,-22.8207]]]}},{"type":"Feature","properties":{"cod_imovel":"RJ-3304409-BC4D9FC999004AFC881A6A65D493FDB3","num_area":"42.406700000000000000000000000000","ind_status":"AT","des_condic":"Aguardando analise"},"geometry":{"type":"Polygon","coordinates":[[[-44.2047,-22.8952],[-44.1936,-22.8881],[-44.2086,-22.8969],[-44.2047,-22.8954],[-44.2047,-22.8952]]]}},{"type":"Feature","properties":{"cod_imovel":"RJ-3304409-1F807AE5AAFE4F30BA1975DB27E8EFC2","num_area":"53.440500000000000000000000000000","ind_status":"AT","des_condic":"Aguardando analise"},"geometry":{"type":"Polygon","coordinates":[[[-44.0488,-22.8312],[-44.0454,-22.837],[-44.0516,-22.8384],[-44.0538,-22.8345],[-44.0488,-22.8312],[-44.0488,-22.8312]],[[-44.0468,-22.8374],[-44.0508,-22.8415],[-44.0468,-22.8374],[-44.0468,-22.8374]]]}},{"type":"Feature","properties":{"cod_imovel":"RJ-3304409-00AC237137D44296AA7B0B6A479B61BE","num_area":"35.640000000000000000000000000000","ind_status":"AT","des_condic":"Aguardando analise"},"geometry":{"type":"Polygon","coordinates":[[[-44.128,-22.827],[-44.1283,-22.8365],[-44.1323,-22.8323],[-44.128,-22.827],[-44.128,-22.827]]]}},{"type":"Feature","properties":{"cod_imovel":"RJ-3304409-02466DE5D5C04C1492AA1B9F145116C3","num_area":"18.575000000000000000000000000000","ind_status":"AT","des_condic":"Aguardando analise"},"geometry":{"type":"Polygon","coordinates":[[[-44.1876,-22.8807],[-44.1846,-22.88],[-44.1876,-22.8808],[-44.1876,-22.8807]],[[-44.1913,-22.8791],[-44.1883,-22.8817],[-44.192,-22.8788],[-44.1913,-22.8791]],[[-44.1902,-22.8848],[-44.1872,-22.8834],[-44.1902,-22.8848],[-44.1902,-22.8848]]]}},{"type":"Feature","properties":{"cod_imovel":"RJ-3304409-53E20C13537249E0AE139D447E52CE59","num_area":"36.672700000000000000000000000000","ind_status":"AT","des_condic":"Aguardando analise"},"geometry":{"type":"Polygon","coordinates":[[[-44.1878,-22.8995],[-44.2002,-22.9074],[-44.188,-22.8996],[-44.1878,-22.8995]]]}},{"type":"Feature","properties":{"cod_imovel":"RJ-3304409-EE8E6921BFAC4E1DA78E176D6E69B8EA","num_area":"60.761900000000000000000000000000","ind_status":"AT","des_condic":"Analisado, aguardando atendimento a notificacao"},"geometry":{"type":"Polygon","coordinates":[[[-43.9346,-22.848],[-43.9401,-22.8526],[-43.9345,-22.848],[-43.9346,-22.848]],[[-43.9329,-22.8519],[-43.942,-22.856],[-43.9457,-22.8528],[-43.9343,-22.853],[-43.9329,-22.8519]],[[-43.9401,-22.8526],[-43.9342,-22.8521],[-43.9398,-22.8524],[-43.9401,-22.8526]],[[-43.944,-22.8531],[-43.948,-22.8489],[-43.9422,-22.8499],[-43.9464,-22.8478],[-43.9429,-22.8462],[-43.9401,-22.8494],[-43.9441,-22.8531],[-43.944,-22.8531]],[[-43.9401,-22.8494],[-43.9361,-22.848],[-43.9401,-22.8493],[-43.9401,-22.8494]],[[-43.9458,-22.8526],[-43.9483,-22.8491],[-43.9457,-22.8524],[-43.9458,-22.8526]],[[-43.9483,-22.8491],[-43.9487,-22.8446],[-43.9481,-22.849],[-43.9483,-22.8491]]]}},{"type":"Feature","properties":{"cod_imovel":"RJ-3304409-C224359DB98841E28A582D21F62EB6FB","num_area":"24.227400000000000000000000000000","ind_status":"AT","des_condic":"Aguardando analise"},"geometry":{"type":"Polygon","coordinates":[[[-44.0834,-22.8626],[-44.0866,-22.859],[-44.0834,-22.8574],[-44.0792,-22.8595],[-44.0829,-22.8622],[-44.0834,-22.8626]]]}},{"type":"Feature","properties":{"cod_imovel":"RJ-3304409-C78B6CA715FD47509287BDAD522485C3","num_area":"78.850900000000000000000000000000","ind_status":"AT","des_condic":"Aguardando analise"},"geometry":{"type":"Polygon","coordinates":[[[-44.2152,-22.8606],[-44.2145,-22.8637],[-44.2206,-22.861],[-44.2218,-22.8647],[-44.2159,-22.8609],[-44.2152,-22.8606]],[[-44.2146,-22.8646],[-44.2121,-22.872],[-44.223,-22.87],[-44.2219,-22.8649],[-44.2146,-22.8647],[-44.2146,-22.8646]]]}},{"type":"Feature","properties":{"cod_imovel":"RJ-3304409-93561DE36FE941B4ABD3FC9A61570A90","num_area":"16.628300000000000000000000000000","ind_status":"AT","des_condic":"Aguardando analise"},"geometry":{"type":"Polygon","coordinates":[[[-44.0705,-22.8408],[-44.0673,-22.8388],[-44.0702,-22.8408],[-44.0705,-22.8408]],[[-44.0706,-22.8367],[-44.0675,-22.8388],[-44.0706,-22.8367],[-44.0706,-22.8367]]]}},{"type":"Feature","properties":{"cod_imovel":"RJ-3304409-E7918AB2CA5B469880A2D922C212AE3D","num_area":"31.996300000000000000000000000000","ind_status":"AT","des_condic":"Aguardando analise"},"geometry":{"type":"Polygon","coordinates":[[[-44.2371,-22.8143],[-44.2331,-22.812],[-44.2324,-22.819],[-44.2371,-22.8201],[-44.2371,-22.8145],[-44.2371,-22.8143]]]}},{"type":"Feature","properties":{"cod_imovel":"RJ-3304409-818A30F17C50444DB3DBA904BDD89142","num_area":"80.792100000000000000000000000000","ind_status":"AT","des_condic":"Aguardando analise"},"geometry":{"type":"Polygon","coordinates":[[[-44.0926,-22.8282],[-44.0871,-22.8239],[-44.083,-22.8286],[-44.0924,-22.8373],[-44.0931,-22.8286],[-44.0926,-22.8282]],[[-44.092,-22.835],[-44.0925,-22.8301],[-44.0923,-22.835],[-44.092,-22.835]]]}},{"type":"Feature","properties":{"cod_imovel":"RJ-3304409-4CD5E3AA7E6548A4893C2E18DB69A36E","num_area":"87.407000000000000000000000000000","ind_status":"AT","des_condic":"Aguardando analise"},"geometry":{"type":"Polygon","coordinates":[[[-44.2403,-22.808],[-44.2305,-22.8066],[-44.2376,-22.8122],[-44.2401,-22.808],[-44.2403,-22.808]],[[-44.2435,-22.8002],[-44.2374,-22.7984],[-44.2334,-22.805],[-44.242,-22.8077],[-44.2434,-22.8005],[-44.2435,-22.8002]],[[-44.2412,-22.8012],[-44.2365,-22.8004],[-44.2394,-22.8015],[-44.2412,-22.8012]],[[-44.2402,-22.7934],[-44.2372,-22.7918],[-44.2402,-22.7934],[-44.2402,-22.7934]]]}},{"type":"Feature","properties":{"cod_imovel":"RJ-3304409-CA52BFCB09814C12A71FC2D8FB4C8046","num_area":"49.371400000000000000000000000000","ind_status":"AT","des_condic":"Aguardando analise"},"geometry":{"type":"Polygon","coordinates":[[[-43.9054,-22.8132],[-43.9004,-22.8064],[-43.8955,-22.8109],[-43.9054,-22.8132],[-43.9054,-22.8132]],[[-43.9,-22.8145],[-43.9039,-22.8144],[-43.9,-22.8145],[-43.9,-22.8145]]]}},{"type":"Feature","properties":{"cod_imovel":"RJ-3304409-8FA31C1A1392476CA9222F0F5F9C24FE","num_area":"24.594800000000000000000000000000","ind_status":"AT","des_condic":"Aguardando analise"},"geometry":{"type":"Polygon","coordinates":[[[-43.9388,-22.845],[-43.9359,-22.847],[-43.9391,-22.8491],[-43.9426,-22.8465],[-43.9393,-22.8454],[-43.9388,-22.845]]]}},{"type":"Feature","properties":{"cod_imovel":"RJ-3304409-45778125C08C4CFD9CB7272902F24528","num_area":"20.438000000000000000000000000000","ind_status":"AT","des_condic":"Aguardando analise"},"geometry":{"type":"Polygon","coordinates":[[[-44.212,-22.8728],[-44.2047,-22.8659],[-44.2116,-22.8726],[-44.212,-22.8728]]]}},{"type":"Feature","properties":{"cod_imovel":"RJ-3304409-41024675B62649B7A4F252A6E173F27E","num_area":"41.982600000000000000000000000000","ind_status":"AT","des_condic":"Aguardando analise"},"geometry":{"type":"Polygon","coordinates":[[[-44.0774,-22.8266],[-44.0755,-22.8233],[-44.0774,-22.8266],[-44.0774,-22.8266]],[[-44.0752,-22.8236],[-44.0715,-22.824],[-44.0731,-22.8325],[-44.0752,-22.8237],[-44.0752,-22.8236]]]}},{"type":"Feature","properties":{"cod_imovel":"RJ-3304409-813EB7793B5A45238DD7FEF680BEC6EC","num_area":"79.694400000000000000000000000000","ind_status":"AT","des_condic":"Aguardando analise"},"geometry":{"type":"Polygon","coordinates":[[[-44.1093,-22.8229],[-44.1047,-22.8239],[-44.112,-22.8299],[-44.1085,-22.8326],[-44.1146,-22.8276],[-44.1101,-22.8182],[-44.1098,-22.8229],[-44.1093,-22.8229]]]}},{"type":"Feature","properties":{"cod_imovel":"RJ-3304409-24FEF0FA4BCF430F871B7E3205C3C103","num_area":"11.208600000000000000000000000000","ind_status":"AT","des_condic":"Aguardando analise"},"geometry":{"type":"Polygon","coordinates":[[[-44.2097,-22.836],[-44.2061,-22.8346],[-44.2097,-22.8359],[-44.2097,-22.836]],[[-44.2081,-22.8335],[-44.2067,-22.8303],[-44.2081,-22.8333],[-44.2081,-22.8335]]]}},{"type":"Feature","properties":{"cod_imovel":"RJ-3304409-8F21A5EB9B8847F999FAF63CDF995792","num_area":"92.558000000000000000000000000000","ind_status":"AT","des_condic":"Aguardando analise"},"geometry":{"type":"Polygon","coordinates":[[[-44.1183,-22.8402],[-44.1224,-22.8299],[-44.1143,-22.825],[-44.1118,-22.8393],[-44.1183,-22.8402],[-44.1183,-22.8402]],[[-44.1178,-22.8361],[-44.1153,-22.8326],[-44.1181,-22.8358],[-44.1178,-22.8361]]]}},{"type":"Feature","properties":{"cod_imovel":"RJ-3304409-B9B3BB5605C2456A91B0C08C1EBF1F99","num_area":"19.888300000000000000000000000000","ind_status":"AT","des_condic":"Aguardando analise"},"geometry":{"type":"Polygon","coordinates":[[[-44.0933,-22.8284],[-44.0928,-22.8229],[-44.0924,-22.8281],[-44.0933,-22.8284]]]}},{"type":"Feature","properties":{"cod_imovel":"RJ-3304409-CC53E4761B1F416EBC26E99C9F2793CC","num_area":"105.98710000000000000000000000000","ind_status":"AT","des_condic":"Aguardando analise"},"geometry":{"type":"Polygon","coordinates":[[[-44.1567,-22.829],[-44.1478,-22.8298],[-44.1566,-22.8397],[-44.151,-22.836],[-44.1495,-22.8421],[-44.16,-22.842],[-44.1577,-22.8288],[-44.1567,-22.829]]]}},{"type":"Feature","properties":{"cod_imovel":"RJ-3304409-17DBDFBC1A2A41CA9814B5F91AAA808B","num_area":"30.863500000000000000000000000000","ind_status":"AT","des_condic":"Aguardando analise"},"geometry":{"type":"Polygon","coordinates":[[[-44.0744,-22.8576],[-44.0739,-22.852],[-44.0741,-22.8576],[-44.0744,-22.8576]],[[-44.0738,-22.8538],[-44.0677,-22.8506],[-44.0732,-22.8576],[-44.0735,-22.8535],[-44.0738,-22.8538]]]}},{"type":"Feature","properties":{"cod_imovel":"RJ-3304409-2C92FA54FA34477595CB83D8DDB58120","num_area":"17.933900000000000000000000000000","ind_status":"AT","des_condic":"Aguardando analise"},"geometry":{"type":"Polygon","coordinates":[[[-44.1246,-22.8273],[-44.1265,-22.8307],[-44.1285,-22.8264],[-44.1248,-22.8269],[-44.1246,-22.8273]]]}},{"type":"Feature","properties":{"cod_imovel":"RJ-3304409-1A98176602F143FF9B9609CC854146C4","num_area":"22.649200000000000000000000000000","ind_status":"AT","des_condic":"Aguardando analise"},"geometry":{"type":"Polygon","coordinates":[[[-44.1142,-22.8249],[-44.1199,-22.8268],[-44.1142,-22.8249],[-44.1142,-22.8249]],[[-44.1165,-22.8214],[-44.1126,-22.8192],[-44.1164,-22.8216],[-44.1165,-22.8214]]]}},{"type":"Feature","properties":{"cod_imovel":"RJ-3304409-335FF0A38326433EB14CF468C5266EC6","num_area":"217.52620000000000000000000000000","ind_status":"AT","des_condic":"Aguardando analise"},"geometry":{"type":"Polygon","coordinates":[[[-44.0664,-22.8435],[-44.0712,-22.8212],[-44.0663,-22.8214],[-44.0579,-22.8335],[-44.0579,-22.8389],[-44.0663,-22.8434],[-44.0664,-22.8435]],[[-44.0715,-22.8307],[-44.0687,-22.8357],[-44.0607,-22.8302],[-44.0716,-22.8302],[-44.0715,-22.8307]],[[-44.0612,-22.8433],[-44.0594,-22.8376],[-44.0568,-22.849],[-44.0613,-22.8439],[-44.0612,-22.8433]],[[-44.0563,-22.8446],[-44.0598,-22.8459],[-44.056,-22.8456],[-44.0563,-22.8446]],[[-44.0559,-22.8464],[-44.0528,-22.8483],[-44.0557,-22.8466],[-44.0559,-22.8464]],[[-44.0616,-22.8431],[-44.0663,-22.8435],[-44.0611,-22.8388],[-44.0615,-22.843],[-44.0616,-22.8431]]]}},{"type":"Feature","properties":{"cod_imovel":"RJ-3304409-C6E170B6D92449D8992110DE5A790A87","num_area":"12.217000000000000000000000000000","ind_status":"AT","des_condic":"Aguardando analise"},"geometry":{"type":"Polygon","coordinates":[[[-44.0496,-22.8516],[-44.0477,-22.8475],[-44.0493,-22.8513],[-44.0496,-22.8516]],[[-44.0471,-22.85],[-44.0494,-22.8521],[-44.0472,-22.85],[-44.0471,-22.85]]]}},{"type":"Feature","properties":{"cod_imovel":"RJ-3304409-906FE0E7A0D745A39837CF0A23162A82","num_area":"14.132100000000000000000000000000","ind_status":"AT","des_condic":"Aguardando analise"},"geometry":{"type":"Polygon","coordinates":[[[-44.1967,-22.8809],[-44.1974,-22.8779],[-44.1946,-22.8849],[-44.196,-22.8814],[-44.1967,-22.8809]]]}},{"type":"Feature","properties":{"cod_imovel":"RJ-3304409-31531247415943EE81F8050EAC487EFF","num_area":"24.024700000000000000000000000000","ind_status":"AT","des_condic":"Analisado, aguardando atendimento a notificacao"},"geometry":{"type":"Polygon","coordinates":[[[-44.225,-22.8437],[-44.2174,-22.842],[-44.225,-22.8437],[-44.225,-22.8437]],[[-44.2259,-22.8455],[-44.2214,-22.8453],[-44.2259,-22.8455],[-44.2259,-22.8455]]]}},{"type":"Feature","properties":{"cod_imovel":"RJ-3304409-9B2E8179095F49138DD51D23EF0DB3BB","num_area":"36.634600000000000000000000000000","ind_status":"AT","des_condic":"Aguardando analise"},"geometry":{"type":"Polygon","coordinates":[[[-44.0766,-22.8423],[-44.0805,-22.847],[-44.0811,-22.8395],[-44.0755,-22.8412],[-44.0766,-22.8423]]]}},{"type":"Feature","properties":{"cod_imovel":"RJ-3304409-BF3629C881104AE48839A4A1CD13A18E","num_area":"214.61920000000000000000000000000","ind_status":"AT","des_condic":"Aguardando analise"},"geometry":{"type":"Polygon","coordinates":[[[-44.1575,-22.8404],[-44.1536,-22.8425],[-44.1631,-22.843],[-44.1695,-22.8498],[-44.1591,-22.8441],[-44.1438,-22.8494],[-44.1476,-22.8438],[-44.1433,-22.8494],[-44.1543,-22.8619],[-44.1575,-22.8597],[-44.1545,-22.8622],[-44.1636,-22.8574],[-44.154,-22.8586],[-44.1476,-22.8528],[-44.1507,-22.8499],[-44.1635,-22.8535],[-44.1645,-22.8583],[-44.1738,-22.8517],[-44.1579,-22.8405],[-44.1575,-22.8404]],[[-44.1681,-22.8558],[-44.1638,-22.8573],[-44.1643,-22.8535],[-44.1683,-22.8557],[-44.1681,-22.8558]]]}},{"type":"Feature","properties":{"cod_imovel":"RJ-3304409-3FC8ECFD2EE74BFB91A2196787E6BC32","num_area":"11.799400000000000000000000000000","ind_status":"AT","des_condic":"Aguardando analise"},"geometry":{"type":"Polygon","coordinates":[[[-44.0835,-22.8212],[-44.0861,-22.8193],[-44.0829,-22.8206],[-44.0835,-22.8212]]]}},{"type":"Feature","properties":{"cod_imovel":"RJ-3304409-6AEE055C5C6B4B35B74DC2EDA9C34173","num_area":"8.7637000000000000000000000000000","ind_status":"AT","des_condic":"Aguardando analise"},"geometry":{"type":"Polygon","coordinates":[[[-44.2081,-22.8454],[-44.2097,-22.8495],[-44.2082,-22.8454],[-44.2081,-22.8454]]]}},{"type":"Feature","properties":{"cod_imovel":"RJ-3304409-F741F08B7CAD4CEA9F581362CA78A7C0","num_area":"10.194400000000000000000000000000","ind_status":"AT","des_condic":"Aguardando analise"},"geometry":{"type":"Polygon","coordinates":[[[-44.0495,-22.838],[-44.0452,-22.8388],[-44.0496,-22.8419],[-44.0495,-22.8383],[-44.0495,-22.838]]]}},{"type":"Feature","properties":{"cod_imovel":"RJ-3304409-0398A6BB00AC4F86B95A14702F183E68","num_area":"52.971000000000000000000000000000","ind_status":"AT","des_condic":"Aguardando analise"},"geometry":{"type":"Polygon","coordinates":[[[-44.203,-22.8232],[-44.2007,-22.8175],[-44.1948,-22.821],[-44.1995,-22.8258],[-44.203,-22.8225],[-44.203,-22.8232]],[[-44.1964,-22.8178],[-44.1919,-22.8201],[-44.196,-22.8182],[-44.1964,-22.8178]],[[-44.1975,-22.8236],[-44.203,-22.8242],[-44.1974,-22.8237],[-44.1975,-22.8236]]]}},{"type":"Feature","properties":{"cod_imovel":"RJ-3304409-46C4369ECF214AB9AF7959AAF2DFBA2E","num_area":"22.754200000000000000000000000000","ind_status":"AT","des_condic":"Aguardando analise"},"geometry":{"type":"Polygon","coordinates":[[[-44.1478,-22.8308],[-44.1452,-22.8369],[-44.15,-22.8345],[-44.1478,-22.8311],[-44.1478,-22.8308]]]}},{"type":"Feature","properties":{"cod_imovel":"RJ-3304409-472E9753A43C4EDE9400A12BCBF5DA54","num_area":"6.6432000000000000000000000000000","ind_status":"AT","des_condic":"Aguardando analise"},"geometry":{"type":"Polygon","coordinates":[[[-44.2098,-22.8362],[-44.2101,-22.844],[-44.211,-22.8367],[-44.2098,-22.8362]]]}},{"type":"Feature","properties":{"cod_imovel":"RJ-3304409-DEB0C341C29D48AA9EF2064F8BBEFFC4","num_area":"34.690600000000000000000000000000","ind_status":"AT","des_condic":"Aguardando analise"},"geometry":{"type":"Polygon","coordinates":[[[-43.9487,-22.8446],[-43.9525,-22.8453],[-43.9526,-22.841],[-43.9486,-22.8445],[-43.9487,-22.8446]],[[-43.9534,-22.8429],[-43.9578,-22.8416],[-43.9533,-22.8428],[-43.9534,-22.8429]]]}},{"type":"Feature","properties":{"cod_imovel":"RJ-3304409-2E4E96339A884BCFB77AF56F1234A013","num_area":"12.170100000000000000000000000000","ind_status":"AT","des_condic":"Aguardando analise"},"geometry":{"type":"Polygon","coordinates":[[[-44.093,-22.8417],[-44.0854,-22.839],[-44.093,-22.8418],[-44.093,-22.8417]]]}},{"type":"Feature","properties":{"cod_imovel":"RJ-3304409-FF7261B5F4EB4ADBB4AB3D032B2BE1DC","num_area":"7.0702000000000000000000000000000","ind_status":"AT","des_condic":"Aguardando analise"},"geometry":{"type":"Polygon","coordinates":[[[-44.2075,-22.8714],[-44.2082,-22.8753],[-44.2076,-22.8714],[-44.2075,-22.8714]]]}},{"type":"Feature","properties":{"cod_imovel":"RJ-3304409-1A5F636BC82943B8881AD4974A60BAA5","num_area":"6.8509000000000000000000000000000","ind_status":"AT","des_condic":"Aguardando analise"},"geometry":{"type":"Polygon","coordinates":[[[-44.2104,-22.8283],[-44.2069,-22.8272],[-44.2103,-22.8283],[-44.2104,-22.8283]]]}},{"type":"Feature","properties":{"cod_imovel":"RJ-3304409-657860D19CF74B04B58F32D65BF98D07","num_area":"38.399100000000000000000000000000","ind_status":"AT","des_condic":"Aguardando analise"},"geometry":{"type":"Polygon","coordinates":[[[-43.9531,-22.837],[-43.9609,-22.8389],[-43.9541,-22.832],[-43.953,-22.8368],[-43.9531,-22.837]],[[-43.9562,-22.8406],[-43.9609,-22.8389],[-43.9563,-22.8406],[-43.9562,-22.8406]]]}},{"type":"Feature","properties":{"cod_imovel":"RJ-3304409-636313EF58D64A618082D4F960D95959","num_area":"1203.4365000000000000000000000000","ind_status":"AT","des_condic":"Aguardando analise"},"geometry":{"type":"Polygon","coordinates":[[[-44.0586,-22.7642],[-44.0558,-22.7529],[-44.0497,-22.7539],[-44.0554,-22.7516],[-44.0495,-22.7406],[-44.0548,-22.7394],[-44.047,-22.7304],[-44.0357,-22.7247],[-44.0393,-22.729],[-44.0339,-22.7266],[-44.0297,-22.7312],[-44.0231,-22.7265],[-44.0304,-22.7398],[-44.0369,-22.7342],[-44.0366,-22.7378],[-44.0485,-22.7425],[-44.0401,-22.7368],[-44.0357,-22.7389],[-44.0465,-22.753],[-44.053,-22.7545],[-44.0513,-22.7593],[-44.0414,-22.7476],[-44.0333,-22.751],[-44.0471,-22.7561],[-44.0549,-22.7668],[-44.0586,-22.7642]],[[-44.0523,-22.75],[-44.0492,-22.7479],[-44.048,-22.7526],[-44.0492,-22.7479],[-44.0523,-22.75]],[[-44.0752,-22.7816],[-44.0831,-22.7801],[-44.0717,-22.7666],[-44.0592,-22.7626],[-44.0549,-22.7668],[-44.0536,-22.7821],[-44.0746,-22.7816],[-44.0752,-22.7816]],[[-44.0585,-22.7715],[-44.0767,-22.7737],[-44.0581,-22.7716],[-44.0585,-22.7715]],[[-44.0744,-22.7776],[-44.071,-22.779],[-44.0738,-22.7777],[-44.0744,-22.7776]],[[-44.0252,-22.7317],[-44.0303,-22.7398],[-44.0253,-22.7318],[-44.0252,-22.7317]],[[-44.0698,-22.7991],[-44.0736,-22.7939],[-44.0707,-22.7893],[-44.0635,-22.7924],[-44.0705,-22.7934],[-44.0602,-22.7918],[-44.0672,-22.7988],[-44.0655,-22.8083],[-44.0697,-22.7992],[-44.0698,-22.7991]],[[-44.0647,-22.7886],[-44.0605,-22.7866],[-44.0603,-22.7917],[-44.0647,-22.7887],[-44.0647,-22.7886]],[[-44.0679,-22.7893],[-44.0618,-22.7921],[-44.0677,-22.7895],[-44.0679,-22.7893]],[[-44.0677,-22.7862],[-44.0722,-22.7836],[-44.0675,-22.7857],[-44.0677,-22.7862]],[[-44.0812,-22.7686],[-44.0786,-22.7717],[-44.0816,-22.7688],[-44.0812,-22.7686]]]}},{"type":"Feature","properties":{"cod_imovel":"RJ-3304409-6B5E33B2393C436498E8DF464D69D255","num_area":"672.50390000000000000000000000000","ind_status":"AT","des_condic":"Aguardando analise"},"geometry":{"type":"Polygon","coordinates":[[[-44.1382,-22.6897],[-44.1339,-22.6931],[-44.1365,-22.6893],[-44.1324,-22.6892],[-44.1322,-22.6931],[-44.1441,-22.69],[-44.1382,-22.6897],[-44.1382,-22.6897]],[[-44.1323,-22.6902],[-44.1384,-22.6845],[-44.1263,-22.6913],[-44.1323,-22.6901],[-44.1323,-22.6902]],[[-44.1262,-22.6915],[-44.1398,-22.6804],[-44.1345,-22.6774],[-44.129,-22.6821],[-44.1243,-22.6771],[-44.1287,-22.6842],[-44.123,-22.6873],[-44.1263,-22.6913],[-44.1262,-22.6915]],[[-44.1264,-22.6849],[-44.1247,-22.6805],[-44.1226,-22.6839],[-44.1264,-22.6849],[-44.1264,-22.6849]],[[-44.1226,-22.6824],[-44.1236,-22.6778],[-44.1196,-22.6822],[-44.1227,-22.6823],[-44.1226,-22.6824]],[[-44.1196,-22.6824],[-44.1237,-22.676],[-44.1119,-22.6744],[-44.1183,-22.6734],[-44.1141,-22.6693],[-44.1074,-22.6713],[-44.1141,-22.6693],[-44.1063,-22.6694],[-44.1065,-22.6651],[-44.1046,-22.6687],[-44.1032,-22.6645],[-44.1088,-22.6784],[-44.1083,-22.6745],[-44.1094,-22.6781],[-44.1191,-22.6776],[-44.1133,-22.6787],[-44.1173,-22.6837],[-44.1101,-22.6779],[-44.1051,-22.6848],[-44.1189,-22.6837],[-44.1196,-22.6824]],[[-44.1159,-22.6861],[-44.1054,-22.6851],[-44.105,-22.689],[-44.1163,-22.6915],[-44.118,-22.6873],[-44.1159,-22.6861]],[[-44.1328,-22.6978],[-44.1429,-22.6921],[-44.134,-22.6984],[-44.1328,-22.6978]],[[-44.1052,-22.6885],[-44.0986,-22.6948],[-44.1058,-22.6941],[-44.1027,-22.6972],[-44.1125,-22.7014],[-44.1142,-22.6982],[-44.1079,-22.699],[-44.1062,-22.6949],[-44.1137,-22.6981],[-44.106,-22.6896],[-44.1014,-22.6923],[-44.1052,-22.6886],[-44.1052,-22.6885]],[[-44.1405,-22.6886],[-44.1424,-22.6796],[-44.1401,-22.6884],[-44.1405,-22.6886]]]}},{"type":"Feature","properties":{"cod_imovel":"RJ-3304409-389126435C8E4C4C9D0FA69B550A270A","num_area":"400.57130000000000000000000000000","ind_status":"PE","des_condic":"Aguardando analise"},"geometry":{"type":"Polygon","coordinates":[[[-44.0693,-22.6879],[-44.0588,-22.682],[-44.0651,-22.6854],[-44.0576,-22.6866],[-44.06,-22.6893],[-44.0693,-22.688],[-44.0693,-22.6879]],[[-44.0892,-22.6923],[-44.0791,-22.6852],[-44.0815,-22.6919],[-44.078,-22.6839],[-44.0713,-22.6862],[-44.0723,-22.693],[-44.0712,-22.6883],[-44.0633,-22.6893],[-44.0725,-22.6944],[-44.0777,-22.6901],[-44.075,-22.6862],[-44.0817,-22.6931],[-44.0793,-22.6857],[-44.0867,-22.6918],[-44.0824,-22.6955],[-44.0892,-22.6923],[-44.0892,-22.6923]],[[-44.0722,-22.6835],[-44.0686,-22.6796],[-44.0653,-22.6823],[-44.0694,-22.6888],[-44.0722,-22.6835],[-44.0722,-22.6835]],[[-44.0808,-22.678],[-44.0716,-22.6791],[-44.0721,-22.6858],[-44.0808,-22.6782],[-44.0808,-22.678]],[[-44.073,-22.6827],[-44.0754,-22.6802],[-44.0732,-22.6827],[-44.073,-22.6827]],[[-44.0731,-22.6972],[-44.0827,-22.6947],[-44.0777,-22.691],[-44.0731,-22.6971],[-44.0731,-22.6972]],[[-44.0824,-22.6859],[-44.0767,-22.6819],[-44.0824,-22.686],[-44.0824,-22.6859]],[[-44.0806,-22.6787],[-44.0786,-22.6815],[-44.0805,-22.6788],[-44.0806,-22.6787]],[[-44.0971,-22.6834],[-44.0864,-22.6792],[-44.0786,-22.6824],[-44.0885,-22.6843],[-44.0826,-22.6858],[-44.0881,-22.6899],[-44.0911,-22.6849],[-44.0875,-22.6815],[-44.097,-22.6834],[-44.0971,-22.6834]],[[-44.085,-22.679],[-44.0796,-22.6813],[-44.0848,-22.6791],[-44.085,-22.679]],[[-44.0862,-22.6895],[-44.0825,-22.6859],[-44.0859,-22.6897],[-44.0862,-22.6895]],[[-44.0893,-22.6916],[-44.0849,-22.69],[-44.0892,-22.6922],[-44.0893,-22.6916]],[[-44.0894,-22.6911],[-44.0864,-22.6895],[-44.0893,-22.6915],[-44.0894,-22.6911]],[[-44.0978,-22.6836],[-44.0882,-22.6899],[-44.095,-22.685],[-44.0978,-22.6836]]]}},{"type":"Feature","properties":{"cod_imovel":"RJ-3304409-AFF786042FFE43FEAB63AE47A8260E00","num_area":"14.077300000000000000000000000000","ind_status":"AT","des_condic":"Aguardando analise"},"geometry":{"type":"Polygon","coordinates":[[[-44.0898,-22.7489],[-44.09,-22.7541],[-44.0941,-22.7482],[-44.0916,-22.7499],[-44.0898,-22.7489]]]}},{"type":"Feature","properties":{"cod_imovel":"RJ-3304409-781B90EBAEA546229ACD806BC1DB085D","num_area":"13.038600000000000000000000000000","ind_status":"AT","des_condic":"Aguardando analise"},"geometry":{"type":"Polygon","coordinates":[[[-44.0941,-22.7483],[-44.092,-22.7543],[-44.0964,-22.7522],[-44.0931,-22.7501],[-44.0941,-22.7483]]]}},{"type":"Feature","properties":{"cod_imovel":"RJ-3304409-EC7BABA33503455A915E90D9EFBC95B4","num_area":"13.944100000000000000000000000000","ind_status":"AT","des_condic":"Aguardando analise"},"geometry":{"type":"Polygon","coordinates":[[[-44.0987,-22.7537],[-44.0921,-22.7544],[-44.0974,-22.7546],[-44.0987,-22.7537]]]}},{"type":"Feature","properties":{"cod_imovel":"RJ-3304409-2AC2F229AC964ABFB718DC68BD4087C1","num_area":"24.237600000000000000000000000000","ind_status":"AT","des_condic":"Aguardando analise"},"geometry":{"type":"Polygon","coordinates":[[[-44.0893,-22.7493],[-44.0868,-22.7463],[-44.0846,-22.7521],[-44.0888,-22.7498],[-44.0893,-22.7493]],[[-44.0835,-22.7475],[-44.0846,-22.7521],[-44.0838,-22.7478],[-44.0835,-22.7475]]]}},{"type":"Feature","properties":{"cod_imovel":"RJ-3304409-3FB17CA57D434820B51A5D7EC2F5ADA2","num_area":"26.443700000000000000000000000000","ind_status":"AT","des_condic":"Aguardando analise"},"geometry":{"type":"Polygon","coordinates":[[[-44.0352,-22.6773],[-44.0386,-22.6753],[-44.0352,-22.6769],[-44.0352,-22.6773]],[[-44.0325,-22.6751],[-44.0387,-22.673],[-44.0338,-22.669],[-44.0326,-22.675],[-44.0325,-22.6751]]]}},{"type":"Feature","properties":{"cod_imovel":"RJ-3304409-109AB7915613400AB559DA9726354326","num_area":"2.6867000000000000000000000000000","ind_status":"AT","des_condic":"Aguardando analise"},"geometry":{"type":"Polygon","coordinates":[[[-44.1935,-22.8062],[-44.1906,-22.8073],[-44.1935,-22.8062],[-44.1935,-22.8062]]]}},{"type":"Feature","properties":{"cod_imovel":"RJ-3304409-440AA5A8A4D748A086286BD2A1C718F0","num_area":"20.516900000000000000000000000000","ind_status":"AT","des_condic":"Aguardando analise"},"geometry":{"type":"Polygon","coordinates":[[[-44.0758,-22.748],[-44.0726,-22.7499],[-44.0801,-22.7509],[-44.0758,-22.748],[-44.0758,-22.748]]]}},{"type":"Feature","properties":{"cod_imovel":"RJ-3304409-823D28EADCF84261AA4D2633FD3D821D","num_area":"8.1408000000000000000000000000000","ind_status":"AT","des_condic":"Aguardando analise"},"geometry":{"type":"Polygon","coordinates":[[[-44.0951,-22.7528],[-44.0929,-22.7561],[-44.0957,-22.7534],[-44.0951,-22.7528]]]}},{"type":"Feature","properties":{"cod_imovel":"RJ-3304409-31093DC32D5D4AFAB941207E020E3672","num_area":"16.159100000000000000000000000000","ind_status":"AT","des_condic":"Aguardando analise"},"geometry":{"type":"Polygon","coordinates":[[[-44.1411,-22.7367],[-44.1493,-22.7376],[-44.141,-22.7366],[-44.1411,-22.7367]]]}},{"type":"Feature","properties":{"cod_imovel":"RJ-3304409-9A36352F9AA34090874B4A5781F295F0","num_area":"8.4809000000000000000000000000000","ind_status":"AT","des_condic":"Aguardando analise"},"geometry":{"type":"Polygon","coordinates":[[[-44.1942,-22.8517],[-44.1882,-22.8512],[-44.193,-22.852],[-44.1942,-22.8517]],[[-44.188,-22.8499],[-44.1884,-22.853],[-44.1878,-22.8495],[-44.188,-22.8499]]]}},{"type":"Feature","properties":{"cod_imovel":"RJ-3304409-4A5F0F18CAF349E590BDC1C748E7E7E9","num_area":"31.031500000000000000000000000000","ind_status":"AT","des_condic":"Aguardando analise"},"geometry":{"type":"Polygon","coordinates":[[[-44.0927,-22.6519],[-44.0846,-22.648],[-44.0851,-22.654],[-44.0926,-22.6522],[-44.0927,-22.6519]]]}},{"type":"Feature","properties":{"cod_imovel":"RJ-3304409-307A9D55992641BC88C085C646F5426B","num_area":"29.999900000000000000000000000000","ind_status":"AT","des_condic":"Aguardando analise"},"geometry":{"type":"Polygon","coordinates":[[[-44.1497,-22.7546],[-44.1545,-22.7601],[-44.1563,-22.7546],[-44.1498,-22.7545],[-44.1497,-22.7546]],[[-44.1513,-22.7589],[-44.1534,-22.7618],[-44.1514,-22.759],[-44.1513,-22.7589]]]}},{"type":"Feature","properties":{"cod_imovel":"RJ-3304409-7674F57A2E8F467EA7424143CF66AF49","num_area":"31.655200000000000000000000000000","ind_status":"AT","des_condic":"Aguardando analise"},"geometry":{"type":"Polygon","coordinates":[[[-43.9386,-22.8455],[-43.9314,-22.8436],[-43.9386,-22.8455],[-43.9386,-22.8455]],[[-43.9375,-22.8404],[-43.9334,-22.841],[-43.9375,-22.8404],[-43.9375,-22.8404]]]}},{"type":"Feature","properties":{"cod_imovel":"RJ-3304409-DEAC39A7DFA34C11B20AC98614406820","num_area":"7.7868000000000000000000000000000","ind_status":"AT","des_condic":"Aguardando analise"},"geometry":{"type":"Polygon","coordinates":[[[-43.9223,-22.8446],[-43.9193,-22.8475],[-43.9241,-22.8467],[-43.9223,-22.8446]]]}},{"type":"Feature","properties":{"cod_imovel":"RJ-3304409-026B021910D34BCEA0EBE69E80EBA756","num_area":"99.996300000000000000000000000000","ind_status":"AT","des_condic":"Aguardando analise"},"geometry":{"type":"Polygon","coordinates":[[[-43.927,-22.8387],[-43.9222,-22.841],[-43.9269,-22.8388],[-43.927,-22.8387]],[[-43.925,-22.84],[-43.9228,-22.8433],[-43.9249,-22.8402],[-43.925,-22.84]],[[-43.9283,-22.8317],[-43.9233,-22.8301],[-43.9284,-22.8317],[-43.9283,-22.8317]],[[-43.9386,-22.8406],[-43.9371,-22.8372],[-43.932,-22.8403],[-43.9376,-22.8368],[-43.9287,-22.8388],[-43.9369,-22.8369],[-43.934,-22.8342],[-43.9268,-22.8373],[-43.9378,-22.8404],[-43.9386,-22.8406]],[[-43.9383,-22.8361],[-43.934,-22.8335],[-43.9383,-22.8361],[-43.9383,-22.8361]]]}},{"type":"Feature","properties":{"cod_imovel":"RJ-3304409-DAEEE030BCB04243BD7E10DBDDB9E3AC","num_area":"192.23510000000000000000000000000","ind_status":"AT","des_condic":"Aguardando analise"},"geometry":{"type":"Polygon","coordinates":[[[-44.0214,-22.6337],[-44.0174,-22.6406],[-44.0257,-22.6447],[-44.0333,-22.6454],[-44.0281,-22.6446],[-44.0275,-22.6364],[-44.0359,-22.6388],[-44.0356,-22.6432],[-44.0388,-22.6401],[-44.034,-22.6301],[-44.0212,-22.6295],[-44.0213,-22.6325],[-44.0214,-22.6337]],[[-44.0224,-22.6315],[-44.026,-22.6297],[-44.0288,-22.6352],[-44.0246,-22.6347],[-44.0242,-22.6409],[-44.0223,-22.6318],[-44.0224,-22.6315]],[[-44.029,-22.6308],[-44.0327,-22.6342],[-44.0291,-22.6311],[-44.029,-22.6308]],[[-44.0367,-22.6459],[-44.0374,-22.6395],[-44.0337,-22.6442],[-44.0369,-22.6458],[-44.0367,-22.6459]]]}},{"type":"Feature","properties":{"cod_imovel":"RJ-3304409-E50002CC43624E57AE2E85B7509ED1D4","num_area":"6.1778000000000000000000000000000","ind_status":"AT","des_condic":"Aguardando analise"},"geometry":{"type":"Polygon","coordinates":[[[-44.1917,-22.7995],[-44.1957,-22.8019],[-44.1917,-22.7995],[-44.1917,-22.7995]]]}},{"type":"Feature","properties":{"cod_imovel":"RJ-3304409-74352AE3F04D4197B21047408F3D5503","num_area":"5.2164000000000000000000000000000","ind_status":"AT","des_condic":"Aguardando analise"},"geometry":{"type":"Polygon","coordinates":[[[-44.0863,-22.6575],[-44.0862,-22.6609],[-44.0863,-22.6577],[-44.0863,-22.6575]]]}},{"type":"Feature","properties":{"cod_imovel":"RJ-3304409-1D1B6A5519E54C7086F9796FB9CC0DF8","num_area":"9.9744000000000000000000000000000","ind_status":"AT","des_condic":"Aguardando analise"},"geometry":{"type":"Polygon","coordinates":[[[-44.2239,-22.8911],[-44.2207,-22.8897],[-44.2239,-22.8911],[-44.2239,-22.8911]],[[-44.2245,-22.8934],[-44.2216,-22.8915],[-44.2244,-22.8936],[-44.2245,-22.8934]],[[-44.225,-22.8968],[-44.2221,-22.8948],[-44.2248,-22.8967],[-44.225,-22.8968]],[[-44.23,-22.8984],[-44.2267,-22.8972],[-44.2297,-22.8983],[-44.23,-22.8984]]]}},{"type":"Feature","properties":{"cod_imovel":"RJ-3304409-FC10DAD5A08346DB9E60317DF56A165B","num_area":"15.571100000000000000000000000000","ind_status":"AT","des_condic":"Aguardando analise"},"geometry":{"type":"Polygon","coordinates":[[[-44.1746,-22.9014],[-44.1832,-22.9016],[-44.1746,-22.9013],[-44.1746,-22.9014]]]}},{"type":"Feature","properties":{"cod_imovel":"RJ-3304409-385D284C93B140C08B5531EDE64BFF19","num_area":"37.011900000000000000000000000000","ind_status":"AT","des_condic":"Aguardando analise"},"geometry":{"type":"Polygon","coordinates":[[[-43.9623,-22.8402],[-43.9549,-22.8446],[-43.9595,-22.8458],[-43.9623,-22.8405],[-43.9623,-22.8402]]]}},{"type":"Feature","properties":{"cod_imovel":"RJ-3304409-212BC32F58C54630828D5E4E94CFD088","num_area":"18.594800000000000000000000000000","ind_status":"AT","des_condic":"Aguardando analise"},"geometry":{"type":"Polygon","coordinates":[[[-44.0397,-22.8594],[-44.0444,-22.8584],[-44.0407,-22.8546],[-44.0393,-22.8593],[-44.0397,-22.8594]]]}},{"type":"Feature","properties":{"cod_imovel":"RJ-3304409-C88423D8FFA241AEB5DD1579D744646D","num_area":"15.152500000000000000000000000000","ind_status":"AT","des_condic":"Aguardando analise"},"geometry":{"type":"Polygon","coordinates":[[[-44.1839,-22.9089],[-44.1791,-22.9107],[-44.1834,-22.9097],[-44.1839,-22.9089]],[[-44.1825,-22.9073],[-44.1783,-22.9084],[-44.1823,-22.9075],[-44.1825,-22.9073]],[[-44.1794,-22.9098],[-44.1761,-22.9096],[-44.1794,-22.9099],[-44.1794,-22.9098]]]}},{"type":"Feature","properties":{"cod_imovel":"RJ-3304409-D25D962F0614462BA0A80DD4E4E17970","num_area":"27.350400000000000000000000000000","ind_status":"AT","des_condic":"Aguardando analise"},"geometry":{"type":"Polygon","coordinates":[[[-44.0482,-22.8546],[-44.0513,-22.8599],[-44.0519,-22.8534],[-44.0482,-22.8541],[-44.0482,-22.8546]]]}},{"type":"Feature","properties":{"cod_imovel":"RJ-3304409-776EA66BC32F43B19644B7D1B787B296","num_area":"13.249100000000000000000000000000","ind_status":"AT","des_condic":"Aguardando analise"},"geometry":{"type":"Polygon","coordinates":[[[-44.145,-22.8255],[-44.1482,-22.8247],[-44.141,-22.8233],[-44.145,-22.8255],[-44.145,-22.8255]]]}},{"type":"Feature","properties":{"cod_imovel":"RJ-3304409-583B5E63046845F3BA0D866E3A90E115","num_area":"154.31360000000000000000000000000","ind_status":"AT","des_condic":"Aguardando analise"},"geometry":{"type":"Polygon","coordinates":[[[-44.0402,-22.8129],[-44.037,-22.8188],[-44.0517,-22.8223],[-44.0541,-22.8153],[-44.0456,-22.8193],[-44.0489,-22.8151],[-44.0432,-22.8134],[-44.0402,-22.8129]],[[-44.0538,-22.8174],[-44.0568,-22.8238],[-44.0538,-22.8174],[-44.0538,-22.8174]],[[-44.0572,-22.8239],[-44.0541,-22.8153],[-44.0568,-22.8237],[-44.0572,-22.8239]]]}},{"type":"Feature","properties":{"cod_imovel":"RJ-3304409-BFA83E33BB1D4C528C0332A5F1A0F132","num_area":"74.650300000000000000000000000000","ind_status":"AT","des_condic":"Aguardando analise"},"geometry":{"type":"Polygon","coordinates":[[[-44.0613,-22.8149],[-44.0632,-22.8125],[-44.058,-22.8125],[-44.061,-22.8149],[-44.0613,-22.8149]],[[-44.055,-22.8162],[-44.0576,-22.8238],[-44.0611,-22.822],[-44.0565,-22.8115],[-44.055,-22.8158],[-44.055,-22.8162]],[[-44.0618,-22.8217],[-44.0652,-22.8207],[-44.0617,-22.8155],[-44.0618,-22.8217],[-44.0618,-22.8217]]]}},{"type":"Feature","properties":{"cod_imovel":"RJ-3304409-9D8A91E539524300AC440A10430EF994","num_area":"110.56370000000000000000000000000","ind_status":"AT","des_condic":"Aguardando analise"},"geometry":{"type":"Polygon","coordinates":[[[-44.0666,-22.8126],[-44.0612,-22.815],[-44.0743,-22.8159],[-44.0667,-22.8125],[-44.0666,-22.8126]],[[-44.0617,-22.8155],[-44.0655,-22.8179],[-44.0617,-22.8155],[-44.0617,-22.8155]],[[-44.0654,-22.8179],[-44.0691,-22.8214],[-44.069,-22.8152],[-44.0649,-22.8145],[-44.0665,-22.8184],[-44.0654,-22.8179]],[[-44.0692,-22.8214],[-44.0747,-22.8231],[-44.0723,-22.8163],[-44.069,-22.8155],[-44.0691,-22.8211],[-44.0692,-22.8214]],[[-44.075,-22.8232],[-44.0776,-22.8186],[-44.0721,-22.8163],[-44.075,-22.8232],[-44.075,-22.8232]]]}},{"type":"Feature","properties":{"cod_imovel":"RJ-3304409-87CCA654A4A844B6BEAA69025F498A74","num_area":"12.816500000000000000000000000000","ind_status":"AT","des_condic":"Aguardando analise"},"geometry":{"type":"Polygon","coordinates":[[[-44.0739,-22.843],[-44.0753,-22.849],[-44.0791,-22.847],[-44.0743,-22.8435],[-44.0739,-22.843]]]}},{"type":"Feature","properties":{"cod_imovel":"RJ-3304409-62493BD4D0004D52B33CEB676EB385B3","num_area":"19.730400000000000000000000000000","ind_status":"AT","des_condic":"Aguardando analise"},"geometry":{"type":"Polygon","coordinates":[[[-44.0853,-22.8154],[-44.0811,-22.8156],[-44.0885,-22.8205],[-44.0853,-22.8154],[-44.0853,-22.8154]]]}},{"type":"Feature","properties":{"cod_imovel":"RJ-3304409-6624025131734390AB4F50E8B5516CD5","num_area":"41.379800000000000000000000000000","ind_status":"AT","des_condic":"Aguardando analise"},"geometry":{"type":"Polygon","coordinates":[[[-44.0342,-22.8266],[-44.0326,-22.8212],[-44.0247,-22.8217],[-44.0331,-22.826],[-44.0342,-22.8266]],[[-44.0244,-22.8241],[-44.0341,-22.8266],[-44.0244,-22.8237],[-44.0244,-22.8241]]]}},{"type":"Feature","properties":{"cod_imovel":"RJ-3304409-DECB4F1AC3174474AEBF341CC2DB652C","num_area":"11.520400000000000000000000000000","ind_status":"AT","des_condic":"Aguardando analise"},"geometry":{"type":"Polygon","coordinates":[[[-43.9593,-22.8375],[-43.9561,-22.8369],[-43.9593,-22.8375],[-43.9593,-22.8375]],[[-43.9581,-22.8402],[-43.9613,-22.8389],[-43.9581,-22.8401],[-43.9581,-22.8402]]]}},{"type":"Feature","properties":{"cod_imovel":"RJ-3304409-9E9905D18B504E3D8EC76DBBB74B5794","num_area":"14.688600000000000000000000000000","ind_status":"AT","des_condic":"Aguardando analise"},"geometry":{"type":"Polygon","coordinates":[[[-44.0819,-22.8364],[-44.0765,-22.8342],[-44.081,-22.8366],[-44.0819,-22.8364]]]}},{"type":"Feature","properties":{"cod_imovel":"RJ-3304409-F0E6E5B458CF4128B786EFCF9253CDB6","num_area":"22.962500000000000000000000000000","ind_status":"AT","des_condic":"Aguardando analise"},"geometry":{"type":"Polygon","coordinates":[[[-44.1506,-22.8373],[-44.1531,-22.8425],[-44.1561,-22.8407],[-44.1528,-22.8362],[-44.1576,-22.8383],[-44.1505,-22.8368],[-44.1506,-22.8373]]]}},{"type":"Feature","properties":{"cod_imovel":"RJ-3304409-C8692E964E074357A75D14B6188DB66E","num_area":"92.820500000000000000000000000000","ind_status":"AT","des_condic":"Aguardando analise"},"geometry":{"type":"Polygon","coordinates":[[[-44.1418,-22.8241],[-44.1361,-22.8226],[-44.1343,-22.831],[-44.1439,-22.8275],[-44.1426,-22.8244],[-44.1418,-22.8241]],[[-44.1405,-22.8294],[-44.1345,-22.8372],[-44.1409,-22.8353],[-44.1438,-22.8275],[-44.1405,-22.8292],[-44.1405,-22.8294]],[[-44.1366,-22.8317],[-44.1335,-22.8327],[-44.1367,-22.8322],[-44.1366,-22.8317]],[[-44.1409,-22.8353],[-44.1429,-22.83],[-44.1412,-22.8349],[-44.1409,-22.8353]]]}},{"type":"Feature","properties":{"cod_imovel":"RJ-3304409-31216F004F144266BE7EC6D94419DBEA","num_area":"0.4306000000000000000000000000000","ind_status":"AT","des_condic":"Aguardando analise"},"geometry":{"type":"Polygon","coordinates":[[[-44.2149,-22.842],[-44.2147,-22.8452],[-44.2153,-22.8421],[-44.2149,-22.842]]]}},{"type":"Feature","properties":{"cod_imovel":"RJ-3304409-CCEBF19CF52F4A0396F0E4E49EEA3367","num_area":"45.681400000000000000000000000000","ind_status":"AT","des_condic":"Aguardando analise"},"geometry":{"type":"Polygon","coordinates":[[[-44.2081,-22.8841],[-44.2105,-22.8927],[-44.2162,-22.8839],[-44.2132,-22.8807],[-44.2086,-22.8909],[-44.2064,-22.8865],[-44.2126,-22.8809],[-44.208,-22.8842],[-44.2081,-22.8841]],[[-44.2109,-22.8907],[-44.2161,-22.8867],[-44.2104,-22.8905],[-44.2109,-22.8907]],[[-44.2161,-22.878],[-44.212,-22.876],[-44.2086,-22.8834],[-44.2159,-22.8782],[-44.2161,-22.878]],[[-44.2124,-22.8758],[-44.212,-22.8791],[-44.2124,-22.876],[-44.2124,-22.8758]]]}},{"type":"Feature","properties":{"cod_imovel":"RJ-3304409-DF1D6F8122E342178F7A894A83A6C7E3","num_area":"8.9623000000000000000000000000000","ind_status":"AT","des_condic":"Aguardando analise"},"geometry":{"type":"Polygon","coordinates":[[[-44.2167,-22.8834],[-44.2206,-22.8847],[-44.217,-22.883],[-44.2167,-22.8834]]]}},{"type":"Feature","properties":{"cod_imovel":"RJ-3304409-1ADBDD2B34CD4FA19955CEE446575F81","num_area":"120.26490000000000000000000000000","ind_status":"AT","des_condic":"Aguardando analise"},"geometry":{"type":"Polygon","coordinates":[[[-44.1145,-22.8187],[-44.1226,-22.8295],[-44.1269,-22.8231],[-44.1228,-22.8203],[-44.1297,-22.821],[-44.1179,-22.8147],[-44.1143,-22.8183],[-44.1145,-22.8187]],[[-44.1286,-22.8205],[-44.1318,-22.819],[-44.1206,-22.8167],[-44.1262,-22.8194],[-44.1286,-22.8205]]]}},{"type":"Feature","properties":{"cod_imovel":"RJ-3304409-7517F932DE2446578490256F325BF4FE","num_area":"23.577900000000000000000000000000","ind_status":"AT","des_condic":"Aguardando analise"},"geometry":{"type":"Polygon","coordinates":[[[-43.9537,-22.8376],[-43.951,-22.8391],[-43.9562,-22.8406],[-43.9541,-22.8381],[-43.9537,-22.8376]],[[-43.9569,-22.8407],[-43.9609,-22.8392],[-43.9572,-22.8357],[-43.9578,-22.8393],[-43.9538,-22.8376],[-43.9563,-22.8406],[-43.9569,-22.8407]]]}},{"type":"Feature","properties":{"cod_imovel":"RJ-3304409-8F42C19D92DD4268AD3C05A1E112FD19","num_area":"7.0927000000000000000000000000000","ind_status":"AT","des_condic":"Aguardando analise"},"geometry":{"type":"Polygon","coordinates":[[[-44.0756,-22.8409],[-44.0731,-22.843],[-44.0755,-22.8409],[-44.0756,-22.8409]]]}},{"type":"Feature","properties":{"cod_imovel":"RJ-3304409-2E80B30ED9934046BB56561F8AC245AE","num_area":"8.9033000000000000000000000000000","ind_status":"AT","des_condic":"Aguardando analise"},"geometry":{"type":"Polygon","coordinates":[[[-44.2075,-22.8728],[-44.2027,-22.8749],[-44.2076,-22.8729],[-44.2075,-22.8728]]]}},{"type":"Feature","properties":{"cod_imovel":"RJ-3304409-940297E59B084073A076D18E58C1C1DF","num_area":"15.098100000000000000000000000000","ind_status":"AT","des_condic":"Aguardando analise"},"geometry":{"type":"Polygon","coordinates":[[[-44.0529,-22.8485],[-44.0497,-22.8516],[-44.0538,-22.8531],[-44.0526,-22.8489],[-44.0529,-22.8485]],[[-44.0496,-22.8517],[-44.0531,-22.8529],[-44.0499,-22.8519],[-44.0496,-22.8517]]]}},{"type":"Feature","properties":{"cod_imovel":"RJ-3304409-6A0DA01AFE64420E9C90791EEC0B0DC8","num_area":"31.834500000000000000000000000000","ind_status":"AT","des_condic":"Aguardando analise"},"geometry":{"type":"Polygon","coordinates":[[[-44.1373,-22.8446],[-44.1397,-22.8427],[-44.1373,-22.8445],[-44.1373,-22.8446]],[[-44.1438,-22.8294],[-44.1406,-22.8399],[-44.1438,-22.8294],[-44.1438,-22.8294]],[[-44.1398,-22.8384],[-44.1358,-22.8443],[-44.1397,-22.8385],[-44.1398,-22.8384]]]}},{"type":"Feature","properties":{"cod_imovel":"RJ-3304409-844DC319D367446EA93C94E1F9FE9665","num_area":"13.047200000000000000000000000000","ind_status":"AT","des_condic":"Aguardando analise"},"geometry":{"type":"Polygon","coordinates":[[[-44.1859,-22.8997],[-44.1774,-22.899],[-44.1852,-22.8996],[-44.1859,-22.8997]],[[-44.1784,-22.8968],[-44.1826,-22.8978],[-44.1778,-22.8985],[-44.1784,-22.8968]]]}},{"type":"Feature","properties":{"cod_imovel":"RJ-3304409-E3EF94A0CBCD427483C1FEF9A1041CB5","num_area":"53.626800000000000000000000000000","ind_status":"AT","des_condic":"Aguardando analise"},"geometry":{"type":"Polygon","coordinates":[[[-44.1955,-22.8683],[-44.1922,-22.8627],[-44.1845,-22.866],[-44.1947,-22.8684],[-44.1955,-22.8683]]]}},{"type":"Feature","properties":{"cod_imovel":"RJ-3304409-FD102A91F795467394FE5DECC9377DBC","num_area":"7.5445000000000000000000000000000","ind_status":"AT","des_condic":"Aguardando analise"},"geometry":{"type":"Polygon","coordinates":[[[-44.1349,-22.8271],[-44.1307,-22.8271],[-44.1349,-22.8271],[-44.1349,-22.8271]]]}},{"type":"Feature","properties":{"cod_imovel":"RJ-3304409-3FF2C812F9D849089B78081A19525694","num_area":"13.542600000000000000000000000000","ind_status":"AT","des_condic":"Aguardando analise"},"geometry":{"type":"Polygon","coordinates":[[[-44.0614,-22.8523],[-44.0646,-22.8534],[-44.0629,-22.8492],[-44.0608,-22.8516],[-44.0614,-22.8523]]]}},{"type":"Feature","properties":{"cod_imovel":"RJ-3304409-EC2D79EEF40A421AAD5B00781C6674D3","num_area":"11.958700000000000000000000000000","ind_status":"AT","des_condic":"Aguardando analise"},"geometry":{"type":"Polygon","coordinates":[[[-44.063,-22.8493],[-44.0676,-22.8488],[-44.063,-22.8491],[-44.063,-22.8493]]]}},{"type":"Feature","properties":{"cod_imovel":"RJ-3304409-93AE8B9C266C4EC286CAA0CFE2EDA2E9","num_area":"5.5140000000000000000000000000000","ind_status":"AT","des_condic":"Aguardando analise"},"geometry":{"type":"Polygon","coordinates":[[[-44.1744,-22.9005],[-44.1723,-22.9032],[-44.1754,-22.9028],[-44.1744,-22.9005]]]}},{"type":"Feature","properties":{"cod_imovel":"RJ-3304409-A90FD0BCBFC44F7296D97266BE859540","num_area":"9.8339000000000000000000000000000","ind_status":"AT","des_condic":"Aguardando analise"},"geometry":{"type":"Polygon","coordinates":[[[-44.2245,-22.8815],[-44.221,-22.8838],[-44.2245,-22.8816],[-44.2245,-22.8815]]]}},{"type":"Feature","properties":{"cod_imovel":"RJ-3304409-BE79E29EEB3B4C1F828EC06089342218","num_area":"55.432100000000000000000000000000","ind_status":"AT","des_condic":"Aguardando analise"},"geometry":{"type":"Polygon","coordinates":[[[-44.1995,-22.8779],[-44.1968,-22.8811],[-44.2005,-22.8863],[-44.1999,-22.8779],[-44.1995,-22.8779]],[[-44.2005,-22.8863],[-44.2052,-22.8864],[-44.2014,-22.8867],[-44.2005,-22.8863]],[[-44.2017,-22.8801],[-44.207,-22.8804],[-44.2014,-22.8798],[-44.2017,-22.8801]]]}},{"type":"Feature","properties":{"cod_imovel":"RJ-3304409-BA48996760784358A74964B377A1B214","num_area":"18.689200000000000000000000000000","ind_status":"AT","des_condic":"Aguardando analise"},"geometry":{"type":"Polygon","coordinates":[[[-44.0291,-22.7743],[-44.0288,-22.7703],[-44.0281,-22.7737],[-44.0291,-22.7743]],[[-44.0273,-22.7689],[-44.0281,-22.7737],[-44.0273,-22.7689],[-44.0273,-22.7689]]]}},{"type":"Feature","properties":{"cod_imovel":"RJ-3304409-19BC76C756E84E0A8BAAC49764B57FB9","num_area":"18.852100000000000000000000000000","ind_status":"AT","des_condic":"Aguardando analise"},"geometry":{"type":"Polygon","coordinates":[[[-44.076,-22.8138],[-44.0726,-22.8144],[-44.0827,-22.8182],[-44.0761,-22.8139],[-44.076,-22.8138]]]}},{"type":"Feature","properties":{"cod_imovel":"RJ-3304409-6A37F1473BB44BC0A4C7CE4E424616EE","num_area":"31.331900000000000000000000000000","ind_status":"AT","des_condic":"Aguardando analise"},"geometry":{"type":"Polygon","coordinates":[[[-43.9261,-22.8443],[-43.9236,-22.8381],[-43.918,-22.8416],[-43.9197,-22.8446],[-43.9233,-22.8411],[-43.9212,-22.8475],[-43.9263,-22.8449],[-43.9261,-22.8443]]]}},{"type":"Feature","properties":{"cod_imovel":"RJ-3304409-B260DFE5D9544A47B5E3DC93972DD200","num_area":"36.302300000000000000000000000000","ind_status":"AT","des_condic":"Aguardando analise"},"geometry":{"type":"Polygon","coordinates":[[[-43.9663,-22.846],[-43.9678,-22.8488],[-43.9666,-22.8459],[-43.9663,-22.846]],[[-43.9678,-22.8488],[-43.9743,-22.8536],[-43.9678,-22.8488],[-43.9678,-22.8488]],[[-43.9715,-22.8497],[-43.976,-22.8515],[-43.972,-22.8451],[-43.971,-22.8496],[-43.9715,-22.8497]]]}},{"type":"Feature","properties":{"cod_imovel":"RJ-3304409-C738CEB88A5244C8953887A0C8E08D0E","num_area":"57.268100000000000000000000000000","ind_status":"AT","des_condic":"Aguardando analise"},"geometry":{"type":"Polygon","coordinates":[[[-44.047,-22.8478],[-44.0491,-22.8375],[-44.041,-22.8401],[-44.043,-22.8444],[-44.0462,-22.841],[-44.0405,-22.8429],[-44.0455,-22.8465],[-44.047,-22.8478]],[[-44.0484,-22.8383],[-44.0489,-22.8418],[-44.0427,-22.8405],[-44.0475,-22.8387],[-44.0484,-22.8383]]]}},{"type":"Feature","properties":{"cod_imovel":"RJ-3304409-837F71C747544CB8BB29EFE192C27848","num_area":"48.717600000000000000000000000000","ind_status":"AT","des_condic":"Aguardando analise"},"geometry":{"type":"Polygon","coordinates":[[[-44.1266,-22.8379],[-44.1285,-22.8424],[-44.1302,-22.8377],[-44.1269,-22.8377],[-44.1266,-22.8379]],[[-44.1301,-22.8385],[-44.1315,-22.8427],[-44.1302,-22.8383],[-44.1301,-22.8385]],[[-44.1359,-22.8268],[-44.1305,-22.829],[-44.131,-22.8338],[-44.1363,-22.8269],[-44.1359,-22.8268]]]}},{"type":"Feature","properties":{"cod_imovel":"RJ-3304409-2527C2BDDA134E3B9249F9E15C5934B0","num_area":"10.056500000000000000000000000000","ind_status":"AT","des_condic":"Aguardando analise"},"geometry":{"type":"Polygon","coordinates":[[[-44.1174,-22.824],[-44.1199,-22.8268],[-44.1173,-22.8238],[-44.1174,-22.824]],[[-44.1195,-22.8233],[-44.1171,-22.8206],[-44.1192,-22.8232],[-44.1195,-22.8233]]]}},{"type":"Feature","properties":{"cod_imovel":"RJ-3304409-89571522A87B4C1092B024998A1056A0","num_area":"51.045500000000000000000000000000","ind_status":"AT","des_condic":"Aguardando analise"},"geometry":{"type":"Polygon","coordinates":[[[-44.1499,-22.8355],[-44.1495,-22.8426],[-44.1566,-22.8411],[-44.1499,-22.8355],[-44.1499,-22.8355]],[[-44.1498,-22.8353],[-44.1461,-22.8366],[-44.1498,-22.8357],[-44.1498,-22.8353]],[[-44.1484,-22.8371],[-44.1497,-22.8411],[-44.1485,-22.8379],[-44.1484,-22.8371]]]}},{"type":"Feature","properties":{"cod_imovel":"RJ-3304409-C55FFDCE2867483EA83F2C9E7F670F1C","num_area":"23.499800000000000000000000000000","ind_status":"AT","des_condic":"Aguardando analise"},"geometry":{"type":"Polygon","coordinates":[[[-44.1065,-22.8178],[-44.1049,-22.8235],[-44.1067,-22.8178],[-44.1065,-22.8178]],[[-44.1083,-22.823],[-44.1071,-22.8175],[-44.1081,-22.8227],[-44.1083,-22.823]]]}},{"type":"Feature","properties":{"cod_imovel":"RJ-3304409-9976B6B0725C4E16ADB0131036E267E5","num_area":"7.1126000000000000000000000000000","ind_status":"AT","des_condic":"Aguardando analise"},"geometry":{"type":"Polygon","coordinates":[[[-44.2065,-22.8704],[-44.203,-22.8724],[-44.2065,-22.8705],[-44.2065,-22.8704]]]}},{"type":"Feature","properties":{"cod_imovel":"RJ-3304409-5075FBCCE45D451FA4B0B904B6CF310E","num_area":"51.279600000000000000000000000000","ind_status":"AT","des_condic":"Aguardando analise"},"geometry":{"type":"Polygon","coordinates":[[[-44.0508,-22.8415],[-44.0565,-22.8475],[-44.0575,-22.8352],[-44.0516,-22.8385],[-44.0571,-22.8403],[-44.051,-22.8406],[-44.0508,-22.8415]]]}},{"type":"Feature","properties":{"cod_imovel":"RJ-3304409-B1500B992C9749E281D70FFDEA795CBF","num_area":"24.791100000000000000000000000000","ind_status":"AT","des_condic":"Aguardando analise"},"geometry":{"type":"Polygon","coordinates":[[[-44.0795,-22.8306],[-44.0773,-22.828],[-44.0791,-22.8306],[-44.0795,-22.8306]],[[-44.077,-22.8276],[-44.0763,-22.8342],[-44.0769,-22.8276],[-44.077,-22.8276]]]}},{"type":"Feature","properties":{"cod_imovel":"RJ-3304409-128DADC7A4D0414AAC871F2F0F1C2137","num_area":"17.161200000000000000000000000000","ind_status":"AT","des_condic":"Aguardando analise"},"geometry":{"type":"Polygon","coordinates":[[[-44.0558,-22.86],[-44.0518,-22.8555],[-44.0559,-22.8603],[-44.0558,-22.86]],[[-44.0521,-22.861],[-44.0517,-22.8566],[-44.0517,-22.8607],[-44.0521,-22.861]]]}},{"type":"Feature","properties":{"cod_imovel":"RJ-3304409-330B541D0D994AFCAD918FF647002DC1","num_area":"15.758100000000000000000000000000","ind_status":"AT","des_condic":"Aguardando analise"},"geometry":{"type":"Polygon","coordinates":[[[-44.0873,-22.8598],[-44.0842,-22.8631],[-44.0879,-22.8643],[-44.0872,-22.86],[-44.0873,-22.8598]]]}},{"type":"Feature","properties":{"cod_imovel":"RJ-3304409-40C3D37FA8C94B3495F59AB3D080C29C","num_area":"44.255000000000000000000000000000","ind_status":"AT","des_condic":"Aguardando analise"},"geometry":{"type":"Polygon","coordinates":[[[-44.1107,-22.8096],[-44.1158,-22.8136],[-44.1108,-22.8097],[-44.1107,-22.8096]],[[-44.1091,-22.8103],[-44.1113,-22.8182],[-44.1174,-22.8158],[-44.1097,-22.8103],[-44.1091,-22.8103]],[[-44.1089,-22.8106],[-44.1113,-22.8186],[-44.109,-22.8103],[-44.1089,-22.8106]]]}},{"type":"Feature","properties":{"cod_imovel":"RJ-3304409-7DE5DD48E63342CFB8F65882E50E9008","num_area":"4.2169000000000000000000000000000","ind_status":"AT","des_condic":"Aguardando analise"},"geometry":{"type":"Polygon","coordinates":[[[-44.219,-22.9061],[-44.2132,-22.9071],[-44.219,-22.9061],[-44.219,-22.9061]]]}},{"type":"Feature","properties":{"cod_imovel":"RJ-3304409-F80813B786F34040B5CA92CB0195C5E4","num_area":"51.512400000000000000000000000000","ind_status":"AT","des_condic":"Aguardando analise"},"geometry":{"type":"Polygon","coordinates":[[[-44.1388,-22.6524],[-44.135,-22.656],[-44.1362,-22.6517],[-44.132,-22.6539],[-44.1355,-22.651],[-44.1289,-22.6519],[-44.1382,-22.6522],[-44.1308,-22.6491],[-44.1365,-22.647],[-44.1283,-22.6516],[-44.136,-22.6565],[-44.1388,-22.6524],[-44.1388,-22.6524]]]}},{"type":"Feature","properties":{"cod_imovel":"RJ-3304409-D79149D923FE4622B9470987F771E205","num_area":"43.426700000000000000000000000000","ind_status":"AT","des_condic":"Aguardando analise"},"geometry":{"type":"Polygon","coordinates":[[[-44.1984,-22.9082],[-44.1877,-22.9008],[-44.1942,-22.9097],[-44.1944,-22.9058],[-44.1978,-22.9078],[-44.1984,-22.9082]],[[-44.2047,-22.9251],[-44.2034,-22.9285],[-44.1961,-22.9163],[-44.2034,-22.9286],[-44.2047,-22.9252],[-44.2047,-22.9251]],[[-44.2076,-22.9173],[-44.2022,-22.9159],[-44.2076,-22.9175],[-44.2076,-22.9173]],[[-44.2074,-22.918],[-44.2037,-22.9195],[-44.2072,-22.9186],[-44.2074,-22.918]]]}},{"type":"Feature","properties":{"cod_imovel":"RJ-3304409-CA6F558A19DB41F58CAD289FABA34715","num_area":"8.2828000000000000000000000000000","ind_status":"AT","des_condic":"Aguardando analise"},"geometry":{"type":"Polygon","coordinates":[[[-44.2265,-22.7953],[-44.2234,-22.7905],[-44.2265,-22.7954],[-44.2265,-22.7953]]]}},{"type":"Feature","properties":{"cod_imovel":"RJ-3304409-25877C218B5A4C15B37DABD024B12358","num_area":"50.766900000000000000000000000000","ind_status":"AT","des_condic":"Aguardando analise"},"geometry":{"type":"Polygon","coordinates":[[[-44.2597,-22.8129],[-44.2577,-22.8081],[-44.2555,-22.8117],[-44.25,-22.8097],[-44.2531,-22.8171],[-44.2586,-22.8138],[-44.2597,-22.8129]]]}},{"type":"Feature","properties":{"cod_imovel":"RJ-3304409-3B845B40BA944B479F385AB1FDE9C448","num_area":"9.3173000000000000000000000000000","ind_status":"AT","des_condic":"Aguardando analise"},"geometry":{"type":"Polygon","coordinates":[[[-44.007,-22.8597],[-44.0072,-22.8557],[-44.0071,-22.8596],[-44.007,-22.8597]]]}},{"type":"Feature","properties":{"cod_imovel":"RJ-3304409-33C44FEB707E4F319AE1561753AB8B2E","num_area":"7.4911000000000000000000000000000","ind_status":"AT","des_condic":"Aguardando analise"},"geometry":{"type":"Polygon","coordinates":[[[-44.2243,-22.9193],[-44.2204,-22.9151],[-44.2242,-22.919],[-44.2243,-22.9193]]]}},{"type":"Feature","properties":{"cod_imovel":"RJ-3304409-2856AD47AB6E4AFBB7BC35AA64445D8E","num_area":"31.726000000000000000000000000000","ind_status":"AT","des_condic":"Aguardando analise"},"geometry":{"type":"Polygon","coordinates":[[[-44.1896,-22.9185],[-44.1923,-22.9214],[-44.19,-22.9182],[-44.1896,-22.9185]],[[-44.1865,-22.9147],[-44.1826,-22.9172],[-44.1874,-22.9205],[-44.1858,-22.9162],[-44.1865,-22.9147]]]}},{"type":"Feature","properties":{"cod_imovel":"RJ-3304409-CD64275E42A44F3D90B8AAC4A130A082","num_area":"32.756000000000000000000000000000","ind_status":"AT","des_condic":"Aguardando analise"},"geometry":{"type":"Polygon","coordinates":[[[-44.2345,-22.9035],[-44.2286,-22.905],[-44.2408,-22.9057],[-44.2349,-22.9032],[-44.2345,-22.9035]]]}},{"type":"Feature","properties":{"cod_imovel":"RJ-3304409-DCDC6FFD59D94505935C6DAC3070DA3B","num_area":"17.975200000000000000000000000000","ind_status":"AT","des_condic":"Aguardando analise"},"geometry":{"type":"Polygon","coordinates":[[[-44.1953,-22.7217],[-44.1918,-22.7235],[-44.195,-22.7267],[-44.1956,-22.7225],[-44.1953,-22.7217]]]}},{"type":"Feature","properties":{"cod_imovel":"RJ-3304409-7B361D3754C44707AAB8E36F17163E0D","num_area":"9.8211000000000000000000000000000","ind_status":"AT","des_condic":"Aguardando analise"},"geometry":{"type":"Polygon","coordinates":[[[-44.2358,-22.9062],[-44.2427,-22.9088],[-44.2372,-22.9066],[-44.2358,-22.9062]]]}},{"type":"Feature","properties":{"cod_imovel":"RJ-3304409-DF1E9477D6F04BE7A7B47DEFD83346FB","num_area":"218.74770000000000000000000000000","ind_status":"AT","des_condic":"Aguardando analise"},"geometry":{"type":"Polygon","coordinates":[[[-44.0878,-22.7256],[-44.0919,-22.7335],[-44.0892,-22.7305],[-44.0872,-22.7349],[-44.091,-22.7356],[-44.0888,-22.7334],[-44.0967,-22.7276],[-44.0935,-22.7313],[-44.0942,-22.7269],[-44.0886,-22.7267],[-44.0878,-22.7256]],[[-44.0864,-22.7249],[-44.0819,-22.7278],[-44.0868,-22.7283],[-44.0864,-22.7249],[-44.0864,-22.7249]],[[-44.0854,-22.7282],[-44.0841,-22.7317],[-44.0894,-22.73],[-44.0855,-22.7283],[-44.0854,-22.7282]],[[-44.0829,-22.7324],[-44.0808,-22.7366],[-44.0873,-22.7372],[-44.0871,-22.7324],[-44.083,-22.7324],[-44.0829,-22.7324]],[[-44.0852,-22.7373],[-44.0965,-22.7384],[-44.104,-22.7331],[-44.101,-22.7297],[-44.0977,-22.7352],[-44.1009,-22.7297],[-44.0961,-22.7335],[-44.0954,-22.7276],[-44.0938,-22.7362],[-44.0883,-22.7348],[-44.0948,-22.7361],[-44.0853,-22.7374],[-44.0852,-22.7373]],[[-44.0881,-22.7354],[-44.0889,-22.7298],[-44.0865,-22.735],[-44.0926,-22.7365],[-44.0881,-22.7354],[-44.0881,-22.7354]],[[-44.1035,-22.7323],[-44.1012,-22.7293],[-44.1035,-22.7323],[-44.1035,-22.7323]],[[-44.1012,-22.7291],[-44.0981,-22.7305],[-44.1012,-22.7291],[-44.1012,-22.7291]],[[-44.0985,-22.7295],[-44.0946,-22.7265],[-44.0985,-22.7295],[-44.0985,-22.7295]]]}},{"type":"Feature","properties":{"cod_imovel":"RJ-3304409-2C5895FCE46D4B34940CDAA5641F871E","num_area":"3.1255000000000000000000000000000","ind_status":"AT","des_condic":"Aguardando analise"},"geometry":{"type":"Polygon","coordinates":[[[-43.904,-22.8092],[-43.9006,-22.8066],[-43.9036,-22.809],[-43.904,-22.8092]]]}},{"type":"Feature","properties":{"cod_imovel":"RJ-3304409-A7E25785DF7B4C0499AE459E6A8BF58D","num_area":"96.404800000000000000000000000000","ind_status":"AT","des_condic":"Aguardando analise"},"geometry":{"type":"Polygon","coordinates":[[[-44.1321,-22.8046],[-44.136,-22.8031],[-44.1362,-22.7897],[-44.1301,-22.7952],[-44.134,-22.796],[-44.1306,-22.7972],[-44.132,-22.8046],[-44.1321,-22.8046]],[[-44.1308,-22.7928],[-44.129,-22.8055],[-44.1308,-22.7929],[-44.1308,-22.7928]]]}},{"type":"Feature","properties":{"cod_imovel":"RJ-3304409-AD0287462A9042D6B7F06556A4700C76","num_area":"26.874100000000000000000000000000","ind_status":"AT","des_condic":"Aguardando analise"},"geometry":{"type":"Polygon","coordinates":[[[-44.2277,-22.7996],[-44.2228,-22.7967],[-44.2271,-22.7989],[-44.2277,-22.7996]],[[-44.221,-22.7994],[-44.2225,-22.8046],[-44.221,-22.7994],[-44.221,-22.7994]],[[-44.2239,-22.8029],[-44.2213,-22.7966],[-44.2227,-22.8022],[-44.2239,-22.8029]]]}},{"type":"Feature","properties":{"cod_imovel":"RJ-3304409-C76830B3DB8B47F9A075EA6E226BE6ED","num_area":"40.535300000000000000000000000000","ind_status":"AT","des_condic":"Aguardando analise"},"geometry":{"type":"Polygon","coordinates":[[[-44.1994,-22.7569],[-44.2033,-22.7612],[-44.2064,-22.7556],[-44.1936,-22.7563],[-44.1994,-22.7568],[-44.1994,-22.7569]]]}},{"type":"Feature","properties":{"cod_imovel":"RJ-3304409-74AD25C05B2C435299D502CEE3CF82DC","num_area":"67.643300000000000000000000000000","ind_status":"AT","des_condic":"Aguardando analise"},"geometry":{"type":"Polygon","coordinates":[[[-43.9132,-22.8366],[-43.9167,-22.8375],[-43.9132,-22.8366],[-43.9132,-22.8366]],[[-43.9217,-22.8185],[-43.925,-22.8246],[-43.9221,-22.8187],[-43.9217,-22.8185]],[[-43.9206,-22.8183],[-43.9216,-22.8212],[-43.9207,-22.8183],[-43.9206,-22.8183]],[[-43.9201,-22.8236],[-43.9243,-22.8245],[-43.9218,-22.8207],[-43.9201,-22.8236],[-43.9201,-22.8236]],[[-43.9244,-22.8292],[-43.924,-22.8247],[-43.9244,-22.8292],[-43.9244,-22.8292]],[[-43.9266,-22.8273],[-43.9241,-22.8247],[-43.9266,-22.8273],[-43.9266,-22.8273]]]}},{"type":"Feature","properties":{"cod_imovel":"RJ-3304409-12B694DD68DD485D9B2D6FED13B6A4D9","num_area":"226.73300000000000000000000000000","ind_status":"AT","des_condic":"Aguardando analise"},"geometry":{"type":"Polygon","coordinates":[[[-44.1405,-22.7051],[-44.1486,-22.6982],[-44.1425,-22.7054],[-44.1413,-22.7026],[-44.1405,-22.7051]],[[-44.1426,-22.702],[-44.1513,-22.696],[-44.1483,-22.693],[-44.1444,-22.698],[-44.1472,-22.6915],[-44.1426,-22.7018],[-44.1426,-22.702]],[[-44.1471,-22.7008],[-44.1509,-22.7029],[-44.1534,-22.6961],[-44.1471,-22.7007],[-44.1471,-22.7008]],[[-44.1522,-22.7008],[-44.1521,-22.7074],[-44.1601,-22.7117],[-44.1603,-22.7047],[-44.1562,-22.7016],[-44.1565,-22.708],[-44.1571,-22.7004],[-44.1522,-22.7007],[-44.1522,-22.7008]],[[-44.1521,-22.7073],[-44.1513,-22.7037],[-44.147,-22.7096],[-44.152,-22.7075],[-44.1521,-22.7073]],[[-44.1537,-22.6979],[-44.1555,-22.694],[-44.1494,-22.6932],[-44.1537,-22.6979],[-44.1537,-22.6979]],[[-44.152,-22.6906],[-44.1493,-22.6871],[-44.1458,-22.6907],[-44.152,-22.6906],[-44.152,-22.6906]],[[-44.1484,-22.6929],[-44.1513,-22.6954],[-44.1484,-22.6929],[-44.1484,-22.6929]],[[-44.1513,-22.6954],[-44.1534,-22.6976],[-44.1513,-22.6953],[-44.1513,-22.6954]]]}},{"type":"Feature","properties":{"cod_imovel":"RJ-3304409-D9B87EB7706344B29CE158A069472FE9","num_area":"4.6086000000000000000000000000000","ind_status":"AT","des_condic":"Aguardando analise"},"geometry":{"type":"Polygon","coordinates":[[[-44.1648,-22.8583],[-44.1618,-22.8588],[-44.1648,-22.8585],[-44.1648,-22.8583]]]}},{"type":"Feature","properties":{"cod_imovel":"RJ-3304409-C12C8B1FDDC54F349286F67754768624","num_area":"36.218900000000000000000000000000","ind_status":"AT","des_condic":"Aguardando analise"},"geometry":{"type":"Polygon","coordinates":[[[-43.9499,-22.8559],[-43.9419,-22.8569],[-43.938,-22.8645],[-43.9495,-22.8565],[-43.9499,-22.8559]]]}},{"type":"Feature","properties":{"cod_imovel":"RJ-3304409-F58D71134FA54E21B036A29451C418C7","num_area":"56.375700000000000000000000000000","ind_status":"AT","des_condic":"Aguardando analise"},"geometry":{"type":"Polygon","coordinates":[[[-44.2255,-22.8127],[-44.2301,-22.8152],[-44.2351,-22.8036],[-44.2275,-22.801],[-44.234,-22.8103],[-44.2261,-22.8102],[-44.2255,-22.8127]]]}},{"type":"Feature","properties":{"cod_imovel":"RJ-3304409-90FD61A3F15A4F61A48F5386678841F7","num_area":"37.427400000000000000000000000000","ind_status":"AT","des_condic":"Aguardando analise"},"geometry":{"type":"Polygon","coordinates":[[[-44.0372,-22.8298],[-44.0401,-22.8365],[-44.0454,-22.8372],[-44.0458,-22.833],[-44.0373,-22.8298],[-44.0372,-22.8298]]]}},{"type":"Feature","properties":{"cod_imovel":"RJ-3304409-543BF97C40C04AB18819D8917C643266","num_area":"29.506100000000000000000000000000","ind_status":"AT","des_condic":"Aguardando analise"},"geometry":{"type":"Polygon","coordinates":[[[-44.2135,-22.8106],[-44.2173,-22.8123],[-44.2179,-22.8085],[-44.2135,-22.8105],[-44.2135,-22.8106]],[[-44.2218,-22.8148],[-44.2182,-22.8087],[-44.2218,-22.8149],[-44.2218,-22.8148]]]}},{"type":"Feature","properties":{"cod_imovel":"RJ-3304409-BF3BEF59FFED464F9AF686D7B3F70D62","num_area":"30.539100000000000000000000000000","ind_status":"AT","des_condic":"Aguardando analise"},"geometry":{"type":"Polygon","coordinates":[[[-43.9531,-22.8522],[-43.9486,-22.8493],[-43.9445,-22.8534],[-43.953,-22.8522],[-43.9531,-22.8522]],[[-43.9571,-22.8517],[-43.948,-22.8494],[-43.9571,-22.8517],[-43.9571,-22.8517]],[[-43.9558,-22.8522],[-43.9527,-22.8519],[-43.9557,-22.8524],[-43.9558,-22.8522]]]}},{"type":"Feature","properties":{"cod_imovel":"RJ-3304409-24322811268F4FEF9D2394E1BCA35713","num_area":"15.802700000000000000000000000000","ind_status":"AT","des_condic":"Aguardando analise"},"geometry":{"type":"Polygon","coordinates":[[[-44.1825,-22.9122],[-44.1823,-22.9166],[-44.1826,-22.9121],[-44.1825,-22.9122]],[[-44.1831,-22.9127],[-44.1898,-22.9126],[-44.1831,-22.9127],[-44.1831,-22.9127]]]}},{"type":"Feature","properties":{"cod_imovel":"RJ-3304409-C85C2F831C694E819746068AE58FF87B","num_area":"15.926300000000000000000000000000","ind_status":"AT","des_condic":"Aguardando analise"},"geometry":{"type":"Polygon","coordinates":[[[-44.1915,-22.825],[-44.1968,-22.8235],[-44.1923,-22.8212],[-44.1911,-22.825],[-44.1915,-22.825]]]}},{"type":"Feature","properties":{"cod_imovel":"RJ-3304409-6C4C01AC13D042CC829EA743063698A3","num_area":"11.507300000000000000000000000000","ind_status":"AT","des_condic":"Aguardando analise"},"geometry":{"type":"Polygon","coordinates":[[[-44.188,-22.849],[-44.1929,-22.8485],[-44.1879,-22.849],[-44.188,-22.849]]]}},{"type":"Feature","properties":{"cod_imovel":"RJ-3304409-C3B2E60F12A34412B80F894F4AE0D57C","num_area":"113.64870000000000000000000000000","ind_status":"AT","des_condic":"Aguardando analise"},"geometry":{"type":"Polygon","coordinates":[[[-44.1825,-22.7224],[-44.1793,-22.7209],[-44.1823,-22.7224],[-44.1825,-22.7224]],[[-44.1774,-22.7182],[-44.175,-22.7229],[-44.1833,-22.7276],[-44.177,-22.7183],[-44.1774,-22.7182]],[[-44.177,-22.7261],[-44.1726,-22.7265],[-44.177,-22.726],[-44.177,-22.7261]],[[-44.1747,-22.7275],[-44.1744,-22.7315],[-44.1809,-22.7279],[-44.1747,-22.7275],[-44.1747,-22.7275]],[[-44.1796,-22.7292],[-44.1745,-22.7345],[-44.1814,-22.7342],[-44.1829,-22.7281],[-44.1796,-22.7291],[-44.1796,-22.7292]]]}},{"type":"Feature","properties":{"cod_imovel":"RJ-3304409-6BA51A24031A437098808DF5BAA19DF7","num_area":"31.276800000000000000000000000000","ind_status":"AT","des_condic":"Aguardando analise"},"geometry":{"type":"Polygon","coordinates":[[[-44.2073,-22.7786],[-44.2101,-22.7817],[-44.2073,-22.7786],[-44.2073,-22.7786]],[[-44.2104,-22.7775],[-44.2074,-22.778],[-44.2104,-22.7775],[-44.2104,-22.7775]],[[-44.2245,-22.78],[-44.2145,-22.7777],[-44.2245,-22.78],[-44.2245,-22.78]],[[-44.2143,-22.7796],[-44.2186,-22.7806],[-44.2143,-22.7796],[-44.2143,-22.7796]]]}},{"type":"Feature","properties":{"cod_imovel":"RJ-3304409-DC71F6D15D484C72A5540A89AC953BA2","num_area":"29.639300000000000000000000000000","ind_status":"AT","des_condic":"Aguardando analise"},"geometry":{"type":"Polygon","coordinates":[[[-44.1795,-22.7845],[-44.1845,-22.7822],[-44.1825,-22.777],[-44.1806,-22.7831],[-44.1772,-22.7814],[-44.1793,-22.7846],[-44.1795,-22.7845]]]}},{"type":"Feature","properties":{"cod_imovel":"RJ-3304409-6E935DF686A549B18EB86E64D98E12E9","num_area":"4.7414000000000000000000000000000","ind_status":"AT","des_condic":"Aguardando analise"},"geometry":{"type":"Polygon","coordinates":[[[-44.1407,-22.7221],[-44.1429,-22.7188],[-44.1406,-22.722],[-44.1407,-22.7221]]]}},{"type":"Feature","properties":{"cod_imovel":"RJ-3304409-89B23A871CD249D1B0103B88102AAD71","num_area":"10.147200000000000000000000000000","ind_status":"AT","des_condic":"Aguardando analise"},"geometry":{"type":"Polygon","coordinates":[[[-43.9651,-22.8499],[-43.9693,-22.8532],[-43.9652,-22.8497],[-43.9651,-22.8499]]]}},{"type":"Feature","properties":{"cod_imovel":"RJ-3304409-28EF141C84B9474193F1A8D5866C820D","num_area":"41.266400000000000000000000000000","ind_status":"AT","des_condic":"Aguardando analise"},"geometry":{"type":"Polygon","coordinates":[[[-44.2031,-22.8621],[-44.1935,-22.8647],[-44.1992,-22.8697],[-44.2032,-22.8623],[-44.2031,-22.8621]],[[-44.1974,-22.8685],[-44.2009,-22.8673],[-44.1979,-22.8689],[-44.1974,-22.8685]]]}},{"type":"Feature","properties":{"cod_imovel":"RJ-3304409-A6B95F909278460FB975557034D99C99","num_area":"20.484300000000000000000000000000","ind_status":"AT","des_condic":"Aguardando analise"},"geometry":{"type":"Polygon","coordinates":[[[-44.186,-22.7987],[-44.1928,-22.7954],[-44.1856,-22.7983],[-44.186,-22.7987]]]}},{"type":"Feature","properties":{"cod_imovel":"RJ-3304409-2F22EE8AEEA44EEBAFBE303C87777787","num_area":"3.8088000000000000000000000000000","ind_status":"AT","des_condic":"Aguardando analise"},"geometry":{"type":"Polygon","coordinates":[[[-44.1214,-22.8456],[-44.1155,-22.8473],[-44.1214,-22.8456],[-44.1214,-22.8456]],[[-44.1155,-22.8473],[-44.1125,-22.848],[-44.1155,-22.8472],[-44.1155,-22.8473]],[[-44.1117,-22.8514],[-44.1152,-22.8535],[-44.1112,-22.8514],[-44.1117,-22.8514]],[[-44.1179,-22.8544],[-44.1239,-22.8563],[-44.1179,-22.8544],[-44.1179,-22.8544]]]}},{"type":"Feature","properties":{"cod_imovel":"RJ-3304409-D80AB209FB5D42B1B634532A158E01A9","num_area":"13.863900000000000000000000000000","ind_status":"AT","des_condic":"Aguardando analise"},"geometry":{"type":"Polygon","coordinates":[[[-44.1838,-22.9058],[-44.1785,-22.9043],[-44.1837,-22.9061],[-44.1838,-22.9058]]]}},{"type":"Feature","properties":{"cod_imovel":"RJ-3304409-6D367B7B17D942E0A19C7AA8A3CE28C8","num_area":"9.4613000000000000000000000000000","ind_status":"AT","des_condic":"Aguardando analise"},"geometry":{"type":"Polygon","coordinates":[[[-44.1877,-22.86],[-44.1846,-22.8614],[-44.1881,-22.8605],[-44.1877,-22.86]]]}},{"type":"Feature","properties":{"cod_imovel":"RJ-3304409-684F2FA88CEE4B8FBC45D549B161E23D","num_area":"65.167400000000000000000000000000","ind_status":"AT","des_condic":"Aguardando analise"},"geometry":{"type":"Polygon","coordinates":[[[-44.2158,-22.8061],[-44.2185,-22.8042],[-44.2157,-22.8059],[-44.2158,-22.8061]],[[-44.2092,-22.7999],[-44.2125,-22.8014],[-44.2096,-22.8],[-44.2092,-22.7999]],[[-44.2079,-22.8076],[-44.2141,-22.8065],[-44.2,-22.8031],[-44.207,-22.8078],[-44.2079,-22.8076]],[[-44.2141,-22.8064],[-44.2145,-22.8018],[-44.2092,-22.8058],[-44.214,-22.8064],[-44.2141,-22.8064]],[[-44.2051,-22.8053],[-44.2019,-22.8037],[-44.2047,-22.8049],[-44.2051,-22.8053]]]}},{"type":"Feature","properties":{"cod_imovel":"RJ-3304409-A53CA3E4EF1A48D0A5A1D0F186DD0B95","num_area":"45.944200000000000000000000000000","ind_status":"AT","des_condic":"Aguardando analise"},"geometry":{"type":"Polygon","coordinates":[[[-44.2082,-22.7839],[-44.2141,-22.7908],[-44.2129,-22.7843],[-44.2082,-22.7836],[-44.2082,-22.7839]],[[-44.2139,-22.7861],[-44.2178,-22.7857],[-44.214,-22.7806],[-44.2141,-22.7865],[-44.2139,-22.7861]]]}},{"type":"Feature","properties":{"cod_imovel":"RJ-3304409-147A6B4C3B654A4892906BE580FE51D2","num_area":"13.704200000000000000000000000000","ind_status":"AT","des_condic":"Aguardando analise"},"geometry":{"type":"Polygon","coordinates":[[[-44.1716,-22.7461],[-44.1735,-22.7437],[-44.1716,-22.7461],[-44.1716,-22.7461]]]}},{"type":"Feature","properties":{"cod_imovel":"RJ-3304409-1B7FC458C5294BB1AC1ED78B5EB08678","num_area":"31.118300000000000000000000000000","ind_status":"AT","des_condic":"Aguardando analise"},"geometry":{"type":"Polygon","coordinates":[[[-44.1522,-22.7861],[-44.1511,-22.7823],[-44.1466,-22.7859],[-44.1519,-22.7905],[-44.1519,-22.7866],[-44.1522,-22.7861]]]}},{"type":"Feature","properties":{"cod_imovel":"RJ-3304409-5C829110C75E4ECFBA17CDA137BC7455","num_area":"10.434900000000000000000000000000","ind_status":"AT","des_condic":"Aguardando analise"},"geometry":{"type":"Polygon","coordinates":[[[-43.9575,-22.8769],[-43.9541,-22.8758],[-43.9545,-22.8818],[-43.9574,-22.8772],[-43.9575,-22.8769]]]}},{"type":"Feature","properties":{"cod_imovel":"RJ-3304409-396D66530DFB4AFBAD116AF04E4F2D6F","num_area":"3.2523000000000000000000000000000","ind_status":"AT","des_condic":"Aguardando analise"},"geometry":{"type":"Polygon","coordinates":[[[-44.1516,-22.7262],[-44.1478,-22.7246],[-44.1505,-22.7264],[-44.1516,-22.7262]]]}},{"type":"Feature","properties":{"cod_imovel":"RJ-3304409-E2EAA7F4D6464915ABB0923A6262C026","num_area":"13.779400000000000000000000000000","ind_status":"AT","des_condic":"Aguardando analise"},"geometry":{"type":"Polygon","coordinates":[[[-44.1455,-22.8263],[-44.1403,-22.8239],[-44.1453,-22.8264],[-44.1455,-22.8263]]]}},{"type":"Feature","properties":{"cod_imovel":"RJ-3304409-FA2BC67A80BC43AC8DB8D4CF5872C87D","num_area":"8.7805000000000000000000000000000","ind_status":"AT","des_condic":"Aguardando analise"},"geometry":{"type":"Polygon","coordinates":[[[-44.1977,-22.8022],[-44.1981,-22.807],[-44.1976,-22.8024],[-44.1977,-22.8022]]]}},{"type":"Feature","properties":{"cod_imovel":"RJ-3304409-F5A789A8DA7C443282FD40687380B261","num_area":"21.310000000000000000000000000000","ind_status":"AT","des_condic":"Aguardando analise"},"geometry":{"type":"Polygon","coordinates":[[[-44.2261,-22.7446],[-44.2282,-22.7421],[-44.2261,-22.7446],[-44.2261,-22.7446]],[[-44.2298,-22.7354],[-44.2311,-22.7387],[-44.2298,-22.7355],[-44.2298,-22.7354]],[[-44.2279,-22.7376],[-44.225,-22.7418],[-44.2311,-22.7396],[-44.2283,-22.7368],[-44.2279,-22.7376]]]}},{"type":"Feature","properties":{"cod_imovel":"RJ-3304409-96AF57E82B7346FEA1B609C3A2386A97","num_area":"33.230300000000000000000000000000","ind_status":"AT","des_condic":"Aguardando analise"},"geometry":{"type":"Polygon","coordinates":[[[-44.1613,-22.7198],[-44.1669,-22.7238],[-44.169,-22.7193],[-44.1653,-22.7166],[-44.1663,-22.7201],[-44.161,-22.7201],[-44.1613,-22.7198]]]}},{"type":"Feature","properties":{"cod_imovel":"RJ-3304409-7515AD91035F4710A27F5BF43CA794DA","num_area":"27.664700000000000000000000000000","ind_status":"AT","des_condic":"Aguardando analise"},"geometry":{"type":"Polygon","coordinates":[[[-44.187,-22.7234],[-44.1848,-22.7208],[-44.1839,-22.7291],[-44.187,-22.7233],[-44.187,-22.7234]],[[-44.1802,-22.7207],[-44.183,-22.7231],[-44.1806,-22.7211],[-44.1802,-22.7207]]]}},{"type":"Feature","properties":{"cod_imovel":"RJ-3304409-5ADED1148022409FB68E2FAE270ED06A","num_area":"22.278700000000000000000000000000","ind_status":"AT","des_condic":"Aguardando analise"},"geometry":{"type":"Polygon","coordinates":[[[-44.1889,-22.7807],[-44.1851,-22.7751],[-44.1839,-22.7797],[-44.1888,-22.7805],[-44.1889,-22.7807]]]}},{"type":"Feature","properties":{"cod_imovel":"RJ-3304409-3C45FD32C8664BEAAFAF72AD08A2F330","num_area":"23.303500000000000000000000000000","ind_status":"AT","des_condic":"Aguardando analise"},"geometry":{"type":"Polygon","coordinates":[[[-44.1711,-22.8374],[-44.1705,-22.8341],[-44.1641,-22.8361],[-44.171,-22.8379],[-44.1711,-22.8374]]]}},{"type":"Feature","properties":{"cod_imovel":"RJ-3304409-760FC071D8D5471A95FCEB6D26FF795E","num_area":"30.144900000000000000000000000000","ind_status":"AT","des_condic":"Aguardando analise"},"geometry":{"type":"Polygon","coordinates":[[[-44.2043,-22.7973],[-44.1979,-22.7924],[-44.1984,-22.7976],[-44.2032,-22.7968],[-44.2043,-22.7973]]]}},{"type":"Feature","properties":{"cod_imovel":"RJ-3304409-A698EDB1FE7B404699C5BE1DC601F877","num_area":"9.1446000000000000000000000000000","ind_status":"AT","des_condic":"Aguardando analise"},"geometry":{"type":"Polygon","coordinates":[[[-44.0489,-22.869],[-44.0468,-22.8641],[-44.0487,-22.8683],[-44.0489,-22.869]]]}},{"type":"Feature","properties":{"cod_imovel":"RJ-3304409-F066B86DA0F94A24BEA75E2E318F5CE8","num_area":"8.4248000000000000000000000000000","ind_status":"AT","des_condic":"Aguardando analise"},"geometry":{"type":"Polygon","coordinates":[[[-44.0905,-22.8187],[-44.0924,-22.8215],[-44.0906,-22.8186],[-44.0905,-22.8187]]]}},{"type":"Feature","properties":{"cod_imovel":"RJ-3304409-04541EEEF9CA486AAA50913F95DC149F","num_area":"141.80990000000000000000000000000","ind_status":"AT","des_condic":"Aguardando analise"},"geometry":{"type":"Polygon","coordinates":[[[-44.1252,-22.7907],[-44.1096,-22.7875],[-44.1156,-22.8017],[-44.1251,-22.791],[-44.1252,-22.7907]]]}},{"type":"Feature","properties":{"cod_imovel":"RJ-3304409-C71AD7FB105442589C8009D077D24998","num_area":"60.756000000000000000000000000000","ind_status":"AT","des_condic":"Aguardando analise"},"geometry":{"type":"Polygon","coordinates":[[[-44.1989,-22.8174],[-44.2065,-22.8177],[-44.2062,-22.8143],[-44.1906,-22.8149],[-44.1921,-22.819],[-44.198,-22.8174],[-44.1989,-22.8174]]]}},{"type":"Feature","properties":{"cod_imovel":"RJ-3304409-212B419179ED4C98B1D2B4D271D9E323","num_area":"18.347800000000000000000000000000","ind_status":"AT","des_condic":"Aguardando analise"},"geometry":{"type":"Polygon","coordinates":[[[-44.221,-22.7876],[-44.2171,-22.7902],[-44.2212,-22.7879],[-44.221,-22.7876]],[[-44.2242,-22.7871],[-44.2203,-22.7846],[-44.2241,-22.7869],[-44.2242,-22.7871]]]}},{"type":"Feature","properties":{"cod_imovel":"RJ-3304409-711480F670364DC89BB2BA6C063A4A3C","num_area":"20.753800000000000000000000000000","ind_status":"AT","des_condic":"Aguardando analise"},"geometry":{"type":"Polygon","coordinates":[[[-44.0503,-22.8614],[-44.0502,-22.8682],[-44.0511,-22.8603],[-44.0503,-22.8614]]]}},{"type":"Feature","properties":{"cod_imovel":"RJ-3304409-E126F5BF172E4583A6A68CFB9A348F53","num_area":"19.532300000000000000000000000000","ind_status":"AT","des_condic":"Aguardando analise"},"geometry":{"type":"Polygon","coordinates":[[[-44.1114,-22.7496],[-44.1044,-22.7487],[-44.1093,-22.7527],[-44.1113,-22.7498],[-44.1114,-22.7496]]]}},{"type":"Feature","properties":{"cod_imovel":"RJ-3304409-69D609228F3F4AD9B0FCEAFE977C3BE8","num_area":"20.748700000000000000000000000000","ind_status":"AT","des_condic":"Aguardando analise"},"geometry":{"type":"Polygon","coordinates":[[[-44.2077,-22.7897],[-44.2211,-22.7986],[-44.2079,-22.7898],[-44.2077,-22.7897]],[[-44.2176,-22.7913],[-44.2118,-22.7919],[-44.2167,-22.7905],[-44.2176,-22.7913]]]}},{"type":"Feature","properties":{"cod_imovel":"RJ-3304409-946B54CAC6E0412EB33AE8F0D46824CA","num_area":"92.631400000000000000000000000000","ind_status":"PE","des_condic":"Aguardando analise, apos revisao ou atendimento da notificacao"},"geometry":{"type":"Polygon","coordinates":[[[-44.1753,-22.7952],[-44.1694,-22.7991],[-44.1755,-22.7949],[-44.1753,-22.7952]],[[-44.1713,-22.7954],[-44.1645,-22.798],[-44.1713,-22.7953],[-44.1713,-22.7954]],[[-44.1754,-22.7968],[-44.1812,-22.7989],[-44.1753,-22.7967],[-44.1754,-22.7968]],[[-44.1694,-22.7999],[-44.1679,-22.8035],[-44.1694,-22.7997],[-44.1694,-22.7999]],[[-44.1668,-22.8047],[-44.1645,-22.8077],[-44.1667,-22.8047],[-44.1668,-22.8047]],[[-44.1681,-22.8087],[-44.1755,-22.7971],[-44.1703,-22.797],[-44.1688,-22.8078],[-44.1681,-22.8087]],[[-44.1687,-22.8088],[-44.1743,-22.8085],[-44.1687,-22.8088],[-44.1687,-22.8088]],[[-44.1775,-22.8059],[-44.1805,-22.7994],[-44.1756,-22.7971],[-44.1724,-22.8052],[-44.1776,-22.8058],[-44.1775,-22.8059]]]}},{"type":"Feature","properties":{"cod_imovel":"RJ-3304409-C1431E7AA2724A5A84E7104F19152B6A","num_area":"16.244600000000000000000000000000","ind_status":"AT","des_condic":"Aguardando analise"},"geometry":{"type":"Polygon","coordinates":[[[-44.1832,-22.7946],[-44.1823,-22.7903],[-44.1786,-22.7925],[-44.1821,-22.7954],[-44.1832,-22.7946]]]}},{"type":"Feature","properties":{"cod_imovel":"RJ-3304409-EDED1489B5FA4348A14EED31B22A885B","num_area":"20.058900000000000000000000000000","ind_status":"AT","des_condic":"Aguardando analise"},"geometry":{"type":"Polygon","coordinates":[[[-44.2278,-22.7983],[-44.2294,-22.8034],[-44.2343,-22.8007],[-44.2278,-22.7982],[-44.2278,-22.7983]]]}},{"type":"Feature","properties":{"cod_imovel":"RJ-3304409-D58793F5D09545C5B6A319BD05DB7BFC","num_area":"48.019500000000000000000000000000","ind_status":"AT","des_condic":"Aguardando analise"},"geometry":{"type":"Polygon","coordinates":[[[-44.214,-22.7907],[-44.2132,-22.7944],[-44.2056,-22.7884],[-44.212,-22.7896],[-44.2085,-22.7863],[-44.2044,-22.7876],[-44.212,-22.7955],[-44.2148,-22.7915],[-44.214,-22.7907]]]}},{"type":"Feature","properties":{"cod_imovel":"RJ-3304409-F4FF17FAF83F4F0BBE6BD12C857C2902","num_area":"25.087800000000000000000000000000","ind_status":"AT","des_condic":"Aguardando analise"},"geometry":{"type":"Polygon","coordinates":[[[-44.1585,-22.7005],[-44.1618,-22.7],[-44.1585,-22.7005],[-44.1585,-22.7005]],[[-44.1571,-22.7004],[-44.162,-22.7038],[-44.1571,-22.7004],[-44.1571,-22.7004]],[[-44.1608,-22.7027],[-44.1632,-22.7005],[-44.1608,-22.7026],[-44.1608,-22.7027]]]}},{"type":"Feature","properties":{"cod_imovel":"RJ-3304409-4AE78BB6910A452FA3A3EFC61B44BDB6","num_area":"9.6047000000000000000000000000000","ind_status":"AT","des_condic":"Aguardando analise"},"geometry":{"type":"Polygon","coordinates":[[[-44.1659,-22.7009],[-44.1634,-22.7046],[-44.1662,-22.7007],[-44.1659,-22.7009]]]}},{"type":"Feature","properties":{"cod_imovel":"RJ-3304409-24B0E06FE7E248D68B5CC8061E405161","num_area":"10.783800000000000000000000000000","ind_status":"AT","des_condic":"Aguardando analise"},"geometry":{"type":"Polygon","coordinates":[[[-44.1624,-22.7034],[-44.1613,-22.7083],[-44.1624,-22.7034],[-44.1624,-22.7034]]]}},{"type":"Feature","properties":{"cod_imovel":"RJ-3304409-D4B360789398460EBEDAAF41CF37F3F5","num_area":"6.0033000000000000000000000000000","ind_status":"AT","des_condic":"Aguardando analise"},"geometry":{"type":"Polygon","coordinates":[[[-44.1675,-22.7023],[-44.1641,-22.7047],[-44.1676,-22.7023],[-44.1675,-22.7023]]]}},{"type":"Feature","properties":{"cod_imovel":"RJ-3304409-B9A6338D770241F9952C3AD538FFBBA3","num_area":"13.887600000000000000000000000000","ind_status":"AT","des_condic":"Aguardando analise"},"geometry":{"type":"Polygon","coordinates":[[[-44.1415,-22.7621],[-44.1347,-22.7637],[-44.1407,-22.7664],[-44.1416,-22.7626],[-44.1415,-22.7621]]]}},{"type":"Feature","properties":{"cod_imovel":"RJ-3304409-B38963CF75344E3290225CD01F19E220","num_area":"3.9758000000000000000000000000000","ind_status":"AT","des_condic":"Aguardando analise"},"geometry":{"type":"Polygon","coordinates":[[[-44.1699,-22.7091],[-44.1725,-22.712],[-44.1701,-22.7092],[-44.1699,-22.7091]]]}},{"type":"Feature","properties":{"cod_imovel":"RJ-3304409-3E0122D0F2E24C26B7DC65E1E4A920C9","num_area":"9.2061000000000000000000000000000","ind_status":"AT","des_condic":"Aguardando analise"},"geometry":{"type":"Polygon","coordinates":[[[-44.0423,-22.6488],[-44.0483,-22.6479],[-44.0423,-22.6488],[-44.0423,-22.6488]]]}},{"type":"Feature","properties":{"cod_imovel":"RJ-3304409-76743FF7AE3746939450E5F990A31DFA","num_area":"15.714400000000000000000000000000","ind_status":"AT","des_condic":"Aguardando analise"},"geometry":{"type":"Polygon","coordinates":[[[-44.1065,-22.743],[-44.1046,-22.7487],[-44.1067,-22.7431],[-44.1065,-22.743]],[[-44.1063,-22.7483],[-44.107,-22.7433],[-44.1063,-22.7481],[-44.1063,-22.7483]]]}},{"type":"Feature","properties":{"cod_imovel":"RJ-3304409-F66A8E7CBA52441BB1A0EF09BF97B50C","num_area":"479.73020000000000000000000000000","ind_status":"AT","des_condic":"Aguardando analise"},"geometry":{"type":"Polygon","coordinates":[[[-44.0094,-22.6539],[-44.0138,-22.6575],[-44.0109,-22.6529],[-44.0094,-22.6539]],[[-44.0184,-22.6638],[-44.0223,-22.6664],[-44.0205,-22.6619],[-44.0245,-22.6618],[-44.0209,-22.6551],[-44.0161,-22.6554],[-44.0218,-22.6538],[-44.0146,-22.6508],[-44.0112,-22.6553],[-44.0161,-22.6554],[-44.0156,-22.6614],[-44.0202,-22.6589],[-44.0186,-22.6639],[-44.0184,-22.6638]],[[-44.0246,-22.6617],[-44.0205,-22.6731],[-44.0262,-22.6778],[-44.0361,-22.6704],[-44.0304,-22.6666],[-44.0432,-22.6767],[-44.0423,-22.6649],[-44.0368,-22.6615],[-44.036,-22.6668],[-44.0368,-22.6615],[-44.0307,-22.6582],[-44.0269,-22.6692],[-44.0278,-22.6614],[-44.0247,-22.6617],[-44.0246,-22.6617]],[[-44.0323,-22.6632],[-44.0342,-22.6601],[-44.0323,-22.6632],[-44.0323,-22.6632]],[[-44.0492,-22.6808],[-44.0649,-22.6795],[-44.0456,-22.6729],[-44.0499,-22.6809],[-44.0492,-22.6808]],[[-44.0488,-22.6765],[-44.0514,-22.6793],[-44.0487,-22.6764],[-44.0488,-22.6765]]]}},{"type":"Feature","properties":{"cod_imovel":"RJ-3304409-44721388414C4D5489702DDEA62021B7","num_area":"59.561300000000000000000000000000","ind_status":"AT","des_condic":"Aguardando analise"},"geometry":{"type":"Polygon","coordinates":[[[-44.1022,-22.6831],[-44.1031,-22.6759],[-44.0984,-22.6783],[-44.1022,-22.6831],[-44.1022,-22.6831]],[[-44.1013,-22.6754],[-44.0987,-22.6781],[-44.1013,-22.6755],[-44.1013,-22.6754]],[[-44.0984,-22.6783],[-44.0927,-22.6803],[-44.0986,-22.6829],[-44.0984,-22.6783],[-44.0984,-22.6783]]]}},{"type":"Feature","properties":{"cod_imovel":"RJ-3304409-034493B0C8F34942ABBA1AFF0CBBAF85","num_area":"348.88920000000000000000000000000","ind_status":"AT","des_condic":"Aguardando analise"},"geometry":{"type":"Polygon","coordinates":[[[-44.0076,-22.692],[-44.0073,-22.6888],[-44.0073,-22.692],[-44.0076,-22.692]],[[-44.0073,-22.69],[-44.0042,-22.6882],[-44.0073,-22.69],[-44.0073,-22.69]],[[-44.0064,-22.6893],[-44.0067,-22.686],[-44.0064,-22.6893],[-44.0064,-22.6893]],[[-44.0067,-22.6859],[-44.0207,-22.6767],[-44.0222,-22.6696],[-44.005,-22.6573],[-44.0088,-22.6648],[-44.0061,-22.6688],[-44.0125,-22.6675],[-44.0112,-22.6812],[-44.0038,-22.6748],[-43.9988,-22.6789],[-43.9999,-22.6832],[-44.0053,-22.6827],[-44.0007,-22.6857],[-44.0067,-22.686],[-44.0067,-22.6859]],[[-44.0006,-22.6858],[-44.0056,-22.6875],[-44.0006,-22.6858],[-44.0006,-22.6858]]]}},{"type":"Feature","properties":{"cod_imovel":"RJ-3304409-978944849BE64CBAAECB5296C5F55A45","num_area":"8.6403000000000000000000000000000","ind_status":"AT","des_condic":"Aguardando analise"},"geometry":{"type":"Polygon","coordinates":[[[-44.0959,-22.7264],[-44.0986,-22.7292],[-44.0959,-22.7264],[-44.0959,-22.7264]],[[-44.1057,-22.7231],[-44.1024,-22.7187],[-44.1054,-22.7228],[-44.1057,-22.7231]]]}},{"type":"Feature","properties":{"cod_imovel":"RJ-3304409-55B50F5691FA433793B54F6B5CF93EC9","num_area":"22.764200000000000000000000000000","ind_status":"AT","des_condic":"Aguardando analise"},"geometry":{"type":"Polygon","coordinates":[[[-44.0994,-22.7484],[-44.1026,-22.7546],[-44.0995,-22.7485],[-44.0994,-22.7484]]]}},{"type":"Feature","properties":{"cod_imovel":"RJ-3304409-26A921901F344E078D3A9D8526D462B8","num_area":"9.7820000000000000000000000000000","ind_status":"AT","des_condic":"Aguardando analise"},"geometry":{"type":"Polygon","coordinates":[[[-44.0024,-22.7146],[-44.0067,-22.7164],[-44.0024,-22.7147],[-44.0024,-22.7146]],[[-44.0034,-22.7189],[-44.0009,-22.7155],[-44.0034,-22.7188],[-44.0034,-22.7189]]]}},{"type":"Feature","properties":{"cod_imovel":"RJ-3304409-D48707ACFB324A2F9D44650EA14A0D87","num_area":"68.783100000000000000000000000000","ind_status":"AT","des_condic":"Aguardando analise"},"geometry":{"type":"Polygon","coordinates":[[[-44.0287,-22.6895],[-44.0236,-22.6981],[-44.0312,-22.6929],[-44.0287,-22.6895],[-44.0287,-22.6895]],[[-44.0286,-22.6894],[-44.0257,-22.6917],[-44.0285,-22.6894],[-44.0286,-22.6894]],[[-44.0295,-22.6951],[-44.0329,-22.6973],[-44.032,-22.6892],[-44.0295,-22.6951],[-44.0295,-22.6951]]]}},{"type":"Feature","properties":{"cod_imovel":"RJ-3304409-7D0D736A466847F1988C14F2A16ED227","num_area":"73.900700000000000000000000000000","ind_status":"AT","des_condic":"Aguardando analise"},"geometry":{"type":"Polygon","coordinates":[[[-44.0458,-22.7793],[-44.0411,-22.7658],[-44.0372,-22.7739],[-44.0459,-22.7807],[-44.0458,-22.7793]]]}},{"type":"Feature","properties":{"cod_imovel":"RJ-3304409-DA4BF4180D5740DB950350751E4B731C","num_area":"144.36980000000000000000000000000","ind_status":"AT","des_condic":"Aguardando analise"},"geometry":{"type":"Polygon","coordinates":[[[-44.0534,-22.7713],[-44.048,-22.7648],[-44.046,-22.7734],[-44.0528,-22.7757],[-44.0467,-22.7745],[-44.0501,-22.7799],[-44.047,-22.7808],[-44.0532,-22.7805],[-44.0532,-22.7714],[-44.0534,-22.7713]],[[-44.048,-22.7658],[-44.0532,-22.7657],[-44.0455,-22.7637],[-44.048,-22.7658],[-44.048,-22.7658]],[[-44.0458,-22.7684],[-44.046,-22.7732],[-44.0461,-22.7684],[-44.0458,-22.7684]],[[-44.0452,-22.7729],[-44.047,-22.7808],[-44.0452,-22.7729],[-44.0452,-22.7729]]]}},{"type":"Feature","properties":{"cod_imovel":"RJ-3304409-4B66C026D8BB41D39087CA9A7A39033E","num_area":"43.131300000000000000000000000000","ind_status":"AT","des_condic":"Aguardando analise"},"geometry":{"type":"Polygon","coordinates":[[[-44.1353,-22.7808],[-44.1308,-22.7751],[-44.1294,-22.7781],[-44.1352,-22.7808],[-44.1353,-22.7808]],[[-44.1294,-22.7782],[-44.1229,-22.7815],[-44.1336,-22.7811],[-44.1294,-22.7782],[-44.1294,-22.7782]]]}},{"type":"Feature","properties":{"cod_imovel":"RJ-3304409-AE2E662055A646BBBB88B1115222E687","num_area":"69.421700000000000000000000000000","ind_status":"AT","des_condic":"Aguardando analise"},"geometry":{"type":"Polygon","coordinates":[[[-44.0573,-22.7708],[-44.0568,-22.7776],[-44.0603,-22.7759],[-44.0543,-22.7796],[-44.0607,-22.7813],[-44.0653,-22.7745],[-44.0574,-22.7707],[-44.0573,-22.7708]],[[-44.0646,-22.7737],[-44.0583,-22.767],[-44.0645,-22.7737],[-44.0646,-22.7737]]]}},{"type":"Feature","properties":{"cod_imovel":"RJ-3304409-DBAB06B9777F44918867662BE0430F91","num_area":"83.722300000000000000000000000000","ind_status":"AT","des_condic":"Aguardando analise"},"geometry":{"type":"Polygon","coordinates":[[[-44.1544,-22.7603],[-44.1549,-22.7639],[-44.1544,-22.7603],[-44.1544,-22.7603]],[[-44.1579,-22.7635],[-44.1581,-22.7673],[-44.1651,-22.7671],[-44.1615,-22.7643],[-44.1597,-22.7678],[-44.1579,-22.7634],[-44.1579,-22.7635]],[[-44.1647,-22.7657],[-44.1626,-22.761],[-44.1595,-22.7631],[-44.1647,-22.7657],[-44.1647,-22.7657]],[[-44.1604,-22.7629],[-44.1627,-22.7603],[-44.1556,-22.7575],[-44.155,-22.7615],[-44.1602,-22.763],[-44.1604,-22.7629]]]}},{"type":"Feature","properties":{"cod_imovel":"RJ-3304409-B36E06E2D92D4456B17E10E51F2E5B1C","num_area":"47.240500000000000000000000000000","ind_status":"AT","des_condic":"Aguardando analise"},"geometry":{"type":"Polygon","coordinates":[[[-43.9728,-22.7012],[-43.9685,-22.6943],[-43.965,-22.6986],[-43.9728,-22.7013],[-43.9728,-22.7012]],[[-43.9666,-22.7025],[-43.9701,-22.7034],[-43.9667,-22.7024],[-43.9666,-22.7025]],[[-43.9699,-22.7036],[-43.9736,-22.7019],[-43.9699,-22.7036],[-43.9699,-22.7036]]]}},{"type":"Feature","properties":{"cod_imovel":"RJ-3304409-252BB933BCAF48BAAD657B487DF8C788","num_area":"288.31570000000000000000000000000","ind_status":"AT","des_condic":"Aguardando analise"},"geometry":{"type":"Polygon","coordinates":[[[-43.9694,-22.715],[-43.9638,-22.705],[-43.9622,-22.7112],[-43.9586,-22.7097],[-43.9635,-22.7041],[-43.9558,-22.714],[-43.9649,-22.724],[-43.9764,-22.7187],[-43.9692,-22.7249],[-43.9759,-22.7268],[-43.9811,-22.7179],[-43.9623,-22.719],[-43.9696,-22.7151],[-43.9694,-22.715]]]}},{"type":"Feature","properties":{"cod_imovel":"RJ-3304409-21615B3260964DA8961264AFC04F6174","num_area":"264.85660000000000000000000000000","ind_status":"AT","des_condic":"Aguardando analise"},"geometry":{"type":"Polygon","coordinates":[[[-44.0879,-22.7797],[-44.0891,-22.7863],[-44.0935,-22.7846],[-44.0922,-22.7756],[-44.0881,-22.7746],[-44.0872,-22.7791],[-44.0879,-22.7797]],[[-44.0911,-22.7863],[-44.0943,-22.7861],[-44.0911,-22.7861],[-44.0911,-22.7863]],[[-44.0943,-22.7861],[-44.1062,-22.7849],[-44.1068,-22.7778],[-44.0995,-22.7724],[-44.0988,-22.7756],[-44.0894,-22.7739],[-44.0933,-22.775],[-44.093,-22.783],[-44.0992,-22.7807],[-44.0943,-22.786],[-44.0943,-22.7861]],[[-44.1034,-22.7766],[-44.0998,-22.7805],[-44.1034,-22.7766],[-44.1034,-22.7766]],[[-44.1062,-22.7849],[-44.1096,-22.7874],[-44.1157,-22.7789],[-44.1052,-22.7766],[-44.1104,-22.7811],[-44.1063,-22.7848],[-44.1062,-22.7849]],[[-44.1046,-22.7767],[-44.1018,-22.7744],[-44.1045,-22.7767],[-44.1046,-22.7767]]]}},{"type":"Feature","properties":{"cod_imovel":"RJ-3304409-49C94DB3394C4395BA7782D42B6FD565","num_area":"45.278700000000000000000000000000","ind_status":"AT","des_condic":"Aguardando analise"},"geometry":{"type":"Polygon","coordinates":[[[-44.0675,-22.7867],[-44.07,-22.7847],[-44.0675,-22.7867],[-44.0675,-22.7867]],[[-44.0692,-22.788],[-44.0763,-22.786],[-44.0732,-22.7856],[-44.0755,-22.7818],[-44.0692,-22.7877],[-44.0692,-22.788]],[[-44.0718,-22.7899],[-44.076,-22.7863],[-44.0718,-22.7898],[-44.0718,-22.7899]],[[-44.0785,-22.7857],[-44.0756,-22.7818],[-44.0782,-22.7857],[-44.0785,-22.7857]]]}},{"type":"Feature","properties":{"cod_imovel":"RJ-3304409-9AD33EB14F9D45F4AFD39579B09E2090","num_area":"185.73930000000000000000000000000","ind_status":"AT","des_condic":"Aguardando analise"},"geometry":{"type":"Polygon","coordinates":[[[-43.9751,-22.6775],[-43.9682,-22.6829],[-43.9743,-22.6827],[-43.9751,-22.6775],[-43.9751,-22.6775]],[[-43.9709,-22.6953],[-43.9782,-22.6949],[-43.9812,-22.6809],[-43.9743,-22.6815],[-43.9784,-22.6887],[-43.9723,-22.6857],[-43.9743,-22.6827],[-43.9699,-22.6837],[-43.9709,-22.6953],[-43.9709,-22.6953]],[[-43.9732,-22.6874],[-43.9756,-22.6926],[-43.9737,-22.6872],[-43.9694,-22.6879],[-43.9732,-22.6874],[-43.9732,-22.6874]],[[-43.9811,-22.6858],[-43.9815,-22.6899],[-43.981,-22.6859],[-43.9811,-22.6858]]]}},{"type":"Feature","properties":{"cod_imovel":"RJ-3304409-C1507CA962A946B4B6914247D820FE6F","num_area":"74.197100000000000000000000000000","ind_status":"AT","des_condic":"Aguardando analise"},"geometry":{"type":"Polygon","coordinates":[[[-44.0484,-22.7316],[-44.0556,-22.7256],[-44.0552,-22.7153],[-44.0489,-22.7224],[-44.0487,-22.7315],[-44.0484,-22.7316]],[[-44.0548,-22.7209],[-44.0556,-22.7255],[-44.0494,-22.7249],[-44.0549,-22.7213],[-44.0548,-22.7209]],[[-44.0489,-22.7224],[-44.0453,-22.7218],[-44.0489,-22.7224],[-44.0489,-22.7224]],[[-44.0495,-22.7304],[-44.0487,-22.7265],[-44.0495,-22.7303],[-44.0495,-22.7304]],[[-44.0488,-22.7262],[-44.0445,-22.7226],[-44.0488,-22.7261],[-44.0488,-22.7262]]]}},{"type":"Feature","properties":{"cod_imovel":"RJ-3304409-11B600D252674EA0A1D1C8C672E94B8D","num_area":"54.021100000000000000000000000000","ind_status":"AT","des_condic":"Aguardando analise"},"geometry":{"type":"Polygon","coordinates":[[[-44.0273,-22.7222],[-44.0235,-22.728],[-44.0273,-22.7224],[-44.0273,-22.7222]],[[-44.0235,-22.728],[-44.0243,-22.7388],[-44.0312,-22.7376],[-44.0236,-22.728],[-44.0235,-22.728]],[[-44.0263,-22.7312],[-44.0246,-22.7382],[-44.0262,-22.7312],[-44.0263,-22.7312]],[[-44.0275,-22.7306],[-44.0278,-22.7232],[-44.0275,-22.7306],[-44.0275,-22.7306]]]}},{"type":"Feature","properties":{"cod_imovel":"RJ-3304409-61FFA3D29D0A434FA59C189C4A584FD5","num_area":"79.080400000000000000000000000000","ind_status":"AT","des_condic":"Aguardando analise"},"geometry":{"type":"Polygon","coordinates":[[[-44.0379,-22.7275],[-44.0311,-22.7215],[-44.0436,-22.7218],[-44.0271,-22.7194],[-44.0377,-22.7274],[-44.0379,-22.7275]],[[-44.0281,-22.727],[-44.034,-22.7312],[-44.0277,-22.7266],[-44.0281,-22.727]],[[-44.0365,-22.7289],[-44.0281,-22.7233],[-44.0365,-22.7288],[-44.0365,-22.7289]]]}},{"type":"Feature","properties":{"cod_imovel":"RJ-3304409-993DA2EF1E7B4403B866F20D8D632404","num_area":"9.9127000000000000000000000000000","ind_status":"AT","des_condic":"Aguardando analise"},"geometry":{"type":"Polygon","coordinates":[[[-44.1971,-22.8505],[-44.2006,-22.8531],[-44.1984,-22.8508],[-44.1971,-22.8505]]]}},{"type":"Feature","properties":{"cod_imovel":"RJ-3304409-628F4AD750564A8889EC62B46952E107","num_area":"8.7945000000000000000000000000000","ind_status":"AT","des_condic":"Aguardando analise"},"geometry":{"type":"Polygon","coordinates":[[[-44.1012,-22.7181],[-44.0964,-22.7159],[-44.1012,-22.7181],[-44.1012,-22.7181]],[[-44.1015,-22.718],[-44.0997,-22.7142],[-44.1014,-22.7179],[-44.1015,-22.718]],[[-44.1035,-22.7175],[-44.099,-22.7127],[-44.1033,-22.7169],[-44.1035,-22.7175]],[[-44.1033,-22.7177],[-44.0998,-22.713],[-44.103,-22.717],[-44.1033,-22.7177]]]}},{"type":"Feature","properties":{"cod_imovel":"RJ-3304409-6845CCAA92564D2AB6418F243AA26BA9","num_area":"329.56920000000000000000000000000","ind_status":"AT","des_condic":"Aguardando analise"},"geometry":{"type":"Polygon","coordinates":[[[-44.0685,-22.7071],[-44.0632,-22.7044],[-44.0618,-22.7211],[-44.0696,-22.73],[-44.0725,-22.7257],[-44.0686,-22.7285],[-44.0654,-22.7178],[-44.0722,-22.7258],[-44.0757,-22.7172],[-44.0827,-22.7174],[-44.0671,-22.7131],[-44.0806,-22.7174],[-44.0842,-22.7135],[-44.0685,-22.7071],[-44.0685,-22.7071]],[[-44.072,-22.7082],[-44.08,-22.7091],[-44.0722,-22.7083],[-44.072,-22.7082]],[[-44.0755,-22.7302],[-44.073,-22.7245],[-44.0716,-22.7297],[-44.0754,-22.7301],[-44.0755,-22.7302]],[[-44.0827,-22.7178],[-44.0813,-22.715],[-44.0827,-22.7177],[-44.0827,-22.7178]]]}},{"type":"Feature","properties":{"cod_imovel":"RJ-3304409-EBB7185BC093414ABD02F21B41B92174","num_area":"177.35000000000000000000000000000","ind_status":"AT","des_condic":"Aguardando analise"},"geometry":{"type":"Polygon","coordinates":[[[-44.0926,-22.6584],[-44.0968,-22.664],[-44.0863,-22.6557],[-44.0859,-22.6662],[-44.0899,-22.6611],[-44.1055,-22.673],[-44.1027,-22.6631],[-44.0989,-22.6662],[-44.101,-22.6624],[-44.0927,-22.6585],[-44.0926,-22.6584]],[[-44.0907,-22.6635],[-44.0852,-22.6686],[-44.0928,-22.668],[-44.0907,-22.6635],[-44.0907,-22.6635]],[[-44.0936,-22.6669],[-44.0939,-22.6701],[-44.0937,-22.6668],[-44.0936,-22.6669]],[[-44.0917,-22.6577],[-44.0876,-22.6532],[-44.0916,-22.6577],[-44.0917,-22.6577]]]}},{"type":"Feature","properties":{"cod_imovel":"RJ-3304409-DD43DA5C512E49188C4D89E73B8C0810","num_area":"15.866300000000000000000000000000","ind_status":"AT","des_condic":"Aguardando analise"},"geometry":{"type":"Polygon","coordinates":[[[-44.1673,-22.6894],[-44.1677,-22.6979],[-44.1679,-22.6905],[-44.1715,-22.6923],[-44.1677,-22.689],[-44.1673,-22.6894]],[[-44.169,-22.693],[-44.1665,-22.6957],[-44.1676,-22.6902],[-44.1677,-22.6975],[-44.169,-22.693],[-44.169,-22.693]]]}},{"type":"Feature","properties":{"cod_imovel":"RJ-3304409-EDCC90325BF3439584F16164AD8A349C","num_area":"13.600700000000000000000000000000","ind_status":"AT","des_condic":"Aguardando analise"},"geometry":{"type":"Polygon","coordinates":[[[-44.2232,-22.7802],[-44.2103,-22.7766],[-44.2229,-22.7799],[-44.2232,-22.7802]]]}},{"type":"Feature","properties":{"cod_imovel":"RJ-3304409-2227C787186A471E80AECC19CF49B6FE","num_area":"208.91100000000000000000000000000","ind_status":"AT","des_condic":"Aguardando analise"},"geometry":{"type":"Polygon","coordinates":[[[-44.0636,-22.7081],[-44.0608,-22.7129],[-44.0632,-22.7045],[-44.0598,-22.7034],[-44.0579,-22.7131],[-44.0639,-22.7086],[-44.0636,-22.7081]],[[-44.0597,-22.7056],[-44.057,-22.7028],[-44.058,-22.7085],[-44.0597,-22.7056],[-44.0597,-22.7056]],[[-44.0661,-22.7058],[-44.0698,-22.6987],[-44.0445,-22.6907],[-44.058,-22.695],[-44.0519,-22.698],[-44.0565,-22.6981],[-44.0576,-22.7036],[-44.0606,-22.6984],[-44.0578,-22.7038],[-44.0618,-22.6959],[-44.0605,-22.7033],[-44.0671,-22.7019],[-44.0661,-22.7058],[-44.0661,-22.7058]],[[-44.0653,-22.6971],[-44.0668,-22.7],[-44.0653,-22.6971],[-44.0653,-22.6971]],[[-44.0499,-22.6892],[-44.044,-22.6907],[-44.0498,-22.6889],[-44.0499,-22.6892]],[[-44.0498,-22.6959],[-44.0541,-22.7014],[-44.0498,-22.6958],[-44.0498,-22.6959]],[[-44.0542,-22.7014],[-44.0565,-22.7061],[-44.0543,-22.7012],[-44.0542,-22.7014]]]}},{"type":"Feature","properties":{"cod_imovel":"RJ-3304409-4FE31328DB6F47D5960A497533A34BAF","num_area":"15.852000000000000000000000000000","ind_status":"AT","des_condic":"Aguardando analise"},"geometry":{"type":"Polygon","coordinates":[[[-44.171,-22.7156],[-44.1762,-22.7122],[-44.1705,-22.7119],[-44.1711,-22.7153],[-44.171,-22.7156]]]}},{"type":"Feature","properties":{"cod_imovel":"RJ-3304409-B68837D1734A4666A2801DAA6FFC9FC2","num_area":"23.353100000000000000000000000000","ind_status":"AT","des_condic":"Aguardando analise"},"geometry":{"type":"Polygon","coordinates":[[[-44.1302,-22.72],[-44.127,-22.7249],[-44.1303,-22.7199],[-44.1302,-22.72]],[[-44.1283,-22.7249],[-44.1307,-22.723],[-44.1283,-22.7249],[-44.1283,-22.7249]]]}},{"type":"Feature","properties":{"cod_imovel":"RJ-3304409-2A93AE910AC44BC8ACF8915E84C48BB5","num_area":"38.969700000000000000000000000000","ind_status":"AT","des_condic":"Aguardando analise"},"geometry":{"type":"Polygon","coordinates":[[[-44.118,-22.7148],[-44.1178,-22.7204],[-44.1235,-22.7182],[-44.1138,-22.7106],[-44.1176,-22.7146],[-44.118,-22.7148]]]}},{"type":"Feature","properties":{"cod_imovel":"RJ-3304409-610A30FF16DF4595BFBDA11189C49795","num_area":"273.64540000000000000000000000000","ind_status":"AT","des_condic":"Aguardando analise"},"geometry":{"type":"Polygon","coordinates":[[[-44.0326,-22.7428],[-44.0197,-22.7443],[-44.0237,-22.7526],[-44.0119,-22.7533],[-44.0154,-22.762],[-44.0329,-22.7577],[-44.0329,-22.7443],[-44.0275,-22.7468],[-44.0325,-22.743],[-44.0326,-22.7428]],[[-44.0286,-22.7555],[-44.0223,-22.757],[-44.0239,-22.7532],[-44.0284,-22.7549],[-44.0286,-22.7555]],[[-44.0192,-22.7456],[-44.0244,-22.7466],[-44.0195,-22.7465],[-44.0192,-22.7456]],[[-44.0234,-22.7413],[-44.0197,-22.7433],[-44.0232,-22.7411],[-44.0234,-22.7413]],[[-44.0341,-22.7496],[-44.033,-22.7449],[-44.0341,-22.7496],[-44.0341,-22.7496]]]}},{"type":"Feature","properties":{"cod_imovel":"RJ-3304409-7F61ED248BF641A9A7983FFD412F3099","num_area":"152.58120000000000000000000000000","ind_status":"AT","des_condic":"Aguardando analise"},"geometry":{"type":"Polygon","coordinates":[[[-43.9943,-22.7072],[-43.9883,-22.7072],[-43.9865,-22.7128],[-43.9943,-22.7072],[-43.9943,-22.7072]],[[-43.9819,-22.7181],[-43.9807,-22.722],[-43.9871,-22.7243],[-43.9837,-22.7208],[-43.989,-22.7145],[-43.983,-22.7138],[-43.9862,-22.7167],[-43.9825,-22.7181],[-43.9819,-22.7181]],[[-43.9977,-22.724],[-44.0014,-22.7212],[-43.9942,-22.7194],[-43.9963,-22.7148],[-43.9928,-22.7215],[-43.9981,-22.7231],[-43.9977,-22.724]],[[-43.9936,-22.7175],[-43.9943,-22.7129],[-43.9933,-22.7178],[-43.9936,-22.7175]],[[-43.9929,-22.7136],[-43.9984,-22.7124],[-43.9914,-22.708],[-43.9896,-22.7159],[-43.9932,-22.7133],[-43.9929,-22.7136]]]}},{"type":"Feature","properties":{"cod_imovel":"RJ-3304409-BC8CCACBF8A24CE2A0FEE55297364D67","num_area":"20.615000000000000000000000000000","ind_status":"AT","des_condic":"Aguardando analise"},"geometry":{"type":"Polygon","coordinates":[[[-44.1383,-22.7269],[-44.1401,-22.7314],[-44.1444,-22.7287],[-44.1383,-22.7269],[-44.1383,-22.7269]]]}},{"type":"Feature","properties":{"cod_imovel":"RJ-3304409-03DFB9E3DEDE4AE9A6A8BC98446E96D7","num_area":"43.168800000000000000000000000000","ind_status":"AT","des_condic":"Aguardando analise"},"geometry":{"type":"Polygon","coordinates":[[[-44.1416,-22.7567],[-44.1398,-22.7541],[-44.1309,-22.7628],[-44.1412,-22.7607],[-44.1415,-22.7569],[-44.1416,-22.7567]]]}},{"type":"Feature","properties":{"cod_imovel":"RJ-3304409-30AAC29784CA4EF298B9D70E86B52C99","num_area":"23.475400000000000000000000000000","ind_status":"AT","des_condic":"Aguardando analise"},"geometry":{"type":"Polygon","coordinates":[[[-44.1234,-22.7647],[-44.1135,-22.7648],[-44.1244,-22.7678],[-44.1235,-22.7647],[-44.1234,-22.7647]]]}},{"type":"Feature","properties":{"cod_imovel":"RJ-3304409-2D63BEB61E12456EBA268713E74810BA","num_area":"8.9856000000000000000000000000000","ind_status":"AT","des_condic":"Aguardando analise"},"geometry":{"type":"Polygon","coordinates":[[[-44.0186,-22.7174],[-44.0149,-22.7163],[-44.0187,-22.7176],[-44.0186,-22.7174]]]}},{"type":"Feature","properties":{"cod_imovel":"RJ-3304409-8CC884757BEF40E29B2AC485AECA372F","num_area":"4.4847000000000000000000000000000","ind_status":"AT","des_condic":"Aguardando analise"},"geometry":{"type":"Polygon","coordinates":[[[-44.1365,-22.7845],[-44.1369,-22.7808],[-44.1358,-22.7853],[-44.1365,-22.7845]]]}},{"type":"Feature","properties":{"cod_imovel":"RJ-3304409-00BFD3CC6D0649299C405D07C0812B94","num_area":"46.785500000000000000000000000000","ind_status":"AT","des_condic":"Aguardando analise"},"geometry":{"type":"Polygon","coordinates":[[[-44.041,-22.7661],[-44.0414,-22.77],[-44.0412,-22.7669],[-44.041,-22.7661]],[[-44.0291,-22.77],[-44.0307,-22.7744],[-44.0413,-22.7704],[-44.0292,-22.7699],[-44.0291,-22.77]]]}},{"type":"Feature","properties":{"cod_imovel":"RJ-3304409-2F9414A59A0E4FFAB2ED432EFFE2C1B6","num_area":"19.987800000000000000000000000000","ind_status":"AT","des_condic":"Aguardando analise"},"geometry":{"type":"Polygon","coordinates":[[[-44.1307,-22.7718],[-44.126,-22.7688],[-44.13,-22.772],[-44.1307,-22.7718]]]}},{"type":"Feature","properties":{"cod_imovel":"RJ-3304409-063C9B3FF63F46FDABB048124A11B2BB","num_area":"12.978600000000000000000000000000","ind_status":"AT","des_condic":"Aguardando analise"},"geometry":{"type":"Polygon","coordinates":[[[-44.0792,-22.6759],[-44.0737,-22.6734],[-44.0782,-22.6757],[-44.0792,-22.6759]],[[-44.0773,-22.6735],[-44.0736,-22.6731],[-44.0772,-22.6737],[-44.0773,-22.6735]]]}},{"type":"Feature","properties":{"cod_imovel":"RJ-3304409-47F8B23FA543485EA5A929B4EDF8ECC0","num_area":"21.496600000000000000000000000000","ind_status":"AT","des_condic":"Aguardando analise"},"geometry":{"type":"Polygon","coordinates":[[[-44.1074,-22.7363],[-44.108,-22.7401],[-44.1082,-22.7367],[-44.1074,-22.7363]],[[-44.108,-22.7401],[-44.1097,-22.7448],[-44.1079,-22.7403],[-44.108,-22.7401]]]}},{"type":"Feature","properties":{"cod_imovel":"RJ-3304409-82410C8A99FA41E2BE01EF6022AECEA2","num_area":"54.837500000000000000000000000000","ind_status":"AT","des_condic":"Aguardando analise"},"geometry":{"type":"Polygon","coordinates":[[[-44.0624,-22.6571],[-44.0566,-22.6603],[-44.0623,-22.6574],[-44.0624,-22.6571]],[[-44.0675,-22.6671],[-44.0657,-22.6596],[-44.0613,-22.6619],[-44.0658,-22.6641],[-44.0594,-22.6625],[-44.0674,-22.6673],[-44.0675,-22.6671]],[[-44.0594,-22.6625],[-44.0566,-22.6604],[-44.0592,-22.6626],[-44.0594,-22.6625]],[[-44.067,-22.6563],[-44.0594,-22.6518],[-44.0585,-22.6565],[-44.064,-22.6528],[-44.0667,-22.6565],[-44.067,-22.6563]]]}},{"type":"Feature","properties":{"cod_imovel":"RJ-3304409-DB55BCABFE9D47B98EE82706FB70687D","num_area":"41.622200000000000000000000000000","ind_status":"AT","des_condic":"Aguardando analise"},"geometry":{"type":"Polygon","coordinates":[[[-44.0779,-22.6694],[-44.0705,-22.6688],[-44.0682,-22.6754],[-44.0625,-22.6751],[-44.0697,-22.6762],[-44.0779,-22.6694],[-44.0779,-22.6694]]]}},{"type":"Feature","properties":{"cod_imovel":"RJ-3304409-049C372F73224B85AE8EF31B28C26BB2","num_area":"66.442100000000000000000000000000","ind_status":"AT","des_condic":"Aguardando analise"},"geometry":{"type":"Polygon","coordinates":[[[-44.0847,-22.7671],[-44.0889,-22.7631],[-44.0842,-22.7674],[-44.0847,-22.7671]],[[-44.0889,-22.7639],[-44.0966,-22.7638],[-44.0884,-22.7595],[-44.0889,-22.7638],[-44.0889,-22.7639]],[[-44.096,-22.7666],[-44.0969,-22.7601],[-44.096,-22.7666],[-44.096,-22.7666]],[[-44.0881,-22.7597],[-44.0816,-22.7645],[-44.0882,-22.76],[-44.0881,-22.7597]]]}},{"type":"Feature","properties":{"cod_imovel":"RJ-3304409-9CD728229F244B5997C8FE1947A64257","num_area":"44.489100000000000000000000000000","ind_status":"AT","des_condic":"Aguardando analise"},"geometry":{"type":"Polygon","coordinates":[[[-44.0573,-22.7418],[-44.058,-22.7466],[-44.067,-22.7462],[-44.0576,-22.7419],[-44.0573,-22.7418]]]}},{"type":"Feature","properties":{"cod_imovel":"RJ-3304409-77F22EDED35E467F86D75488C6719095","num_area":"10.759300000000000000000000000000","ind_status":"AT","des_condic":"Aguardando analise"},"geometry":{"type":"Polygon","coordinates":[[[-43.9895,-22.7294],[-43.9858,-22.733],[-43.9898,-22.7294],[-43.9895,-22.7294]]]}},{"type":"Feature","properties":{"cod_imovel":"RJ-3304409-C7A1584F8A8142C385E7788ED669F35E","num_area":"37.036900000000000000000000000000","ind_status":"AT","des_condic":"Aguardando analise"},"geometry":{"type":"Polygon","coordinates":[[[-44.0702,-22.7474],[-44.0763,-22.746],[-44.0717,-22.742],[-44.0703,-22.747],[-44.0702,-22.7474]],[[-44.0763,-22.7459],[-44.0733,-22.7421],[-44.0761,-22.7455],[-44.0763,-22.7459]]]}},{"type":"Feature","properties":{"cod_imovel":"RJ-3304409-69DA57D417DA44E69BB6476E108CFC06","num_area":"17.769600000000000000000000000000","ind_status":"AT","des_condic":"Aguardando analise"},"geometry":{"type":"Polygon","coordinates":[[[-44.0783,-22.7576],[-44.0721,-22.7557],[-44.0764,-22.7609],[-44.0731,-22.7565],[-44.0783,-22.7576],[-44.0783,-22.7576]]]}},{"type":"Feature","properties":{"cod_imovel":"RJ-3304409-6891A4261B7B4085ADC9ED4110BAF9C3","num_area":"38.190800000000000000000000000000","ind_status":"AT","des_condic":"Aguardando analise"},"geometry":{"type":"Polygon","coordinates":[[[-43.9938,-22.6979],[-43.9968,-22.7002],[-43.9937,-22.698],[-43.9938,-22.6979]],[[-43.9955,-22.6962],[-43.9964,-22.6914],[-43.9887,-22.6941],[-43.9951,-22.6968],[-43.9955,-22.6962]]]}},{"type":"Feature","properties":{"cod_imovel":"RJ-3304409-36C032AAECDB4EF5BEA1BB0A9FBED873","num_area":"11.813600000000000000000000000000","ind_status":"AT","des_condic":"Aguardando analise"},"geometry":{"type":"Polygon","coordinates":[[[-43.9832,-22.7048],[-43.9831,-22.7094],[-43.9835,-22.7047],[-43.9832,-22.7048]]]}},{"type":"Feature","properties":{"cod_imovel":"RJ-3304409-12ADBCB0C508412AA17FBD7D3FAF91AF","num_area":"8.1855000000000000000000000000000","ind_status":"AT","des_condic":"Aguardando analise"},"geometry":{"type":"Polygon","coordinates":[[[-44.0791,-22.753],[-44.0829,-22.7503],[-44.0791,-22.7527],[-44.0791,-22.753]]]}},{"type":"Feature","properties":{"cod_imovel":"RJ-3304409-A5C9B252213346E4995E9AF1AA27D726","num_area":"7.4886000000000000000000000000000","ind_status":"AT","des_condic":"Aguardando analise"},"geometry":{"type":"Polygon","coordinates":[[[-44.084,-22.6678],[-44.0818,-22.6706],[-44.0844,-22.6679],[-44.084,-22.6678]]]}},{"type":"Feature","properties":{"cod_imovel":"RJ-3304409-8CC64187729E40368243FDC8E805E017","num_area":"60.917700000000000000000000000000","ind_status":"AT","des_condic":"Aguardando analise"},"geometry":{"type":"Polygon","coordinates":[[[-44.0939,-22.7997],[-44.0985,-22.8045],[-44.1016,-22.8004],[-44.0939,-22.7992],[-44.0939,-22.7997]],[[-44.1016,-22.7997],[-44.096,-22.7934],[-44.0958,-22.7981],[-44.1014,-22.7995],[-44.1016,-22.7997]]]}},{"type":"Feature","properties":{"cod_imovel":"RJ-3304409-43028079E5614CFC974BAE9D644CA888","num_area":"21.690700000000000000000000000000","ind_status":"AT","des_condic":"Aguardando analise"},"geometry":{"type":"Polygon","coordinates":[[[-44.0764,-22.7864],[-44.0713,-22.7904],[-44.0733,-22.7936],[-44.0764,-22.7864],[-44.0764,-22.7864]],[[-44.075,-22.7948],[-44.0779,-22.7917],[-44.0751,-22.7947],[-44.075,-22.7948]]]}},{"type":"Feature","properties":{"cod_imovel":"RJ-3304409-3CBE295B55B641A795D6513B90875F92","num_area":"30.113700000000000000000000000000","ind_status":"AT","des_condic":"Aguardando analise"},"geometry":{"type":"Polygon","coordinates":[[[-44.1328,-22.6598],[-44.1387,-22.6619],[-44.1359,-22.6575],[-44.1319,-22.6595],[-44.1328,-22.6598]],[[-44.1389,-22.6619],[-44.1432,-22.6592],[-44.1368,-22.6581],[-44.1388,-22.6618],[-44.1389,-22.6619]]]}},{"type":"Feature","properties":{"cod_imovel":"RJ-3304409-F3093E03392E46B590D4BCCB5A396574","num_area":"38.001500000000000000000000000000","ind_status":"AT","des_condic":"Aguardando analise"},"geometry":{"type":"Polygon","coordinates":[[[-44.1399,-22.8375],[-44.1366,-22.8416],[-44.1399,-22.8376],[-44.1399,-22.8375]],[[-44.1403,-22.8344],[-44.1349,-22.8343],[-44.134,-22.8446],[-44.1406,-22.8345],[-44.1403,-22.8344]]]}},{"type":"Feature","properties":{"cod_imovel":"RJ-3304409-637337DB7BA549C59ABAF2565B34A9E2","num_area":"13.902800000000000000000000000000","ind_status":"AT","des_condic":"Aguardando analise"},"geometry":{"type":"Polygon","coordinates":[[[-44.096,-22.7671],[-44.099,-22.7692],[-44.0965,-22.7615],[-44.0962,-22.7666],[-44.096,-22.7671]]]}},{"type":"Feature","properties":{"cod_imovel":"RJ-3304409-16F6463FDD3245249B42F62D5DB03D05","num_area":"18.756700000000000000000000000000","ind_status":"AT","des_condic":"Aguardando analise"},"geometry":{"type":"Polygon","coordinates":[[[-44.0741,-22.805],[-44.0684,-22.8006],[-44.0737,-22.8056],[-44.0741,-22.805]],[[-44.0733,-22.8032],[-44.0684,-22.8005],[-44.0731,-22.8032],[-44.0733,-22.8032]]]}},{"type":"Feature","properties":{"cod_imovel":"RJ-3304409-1630E7A74B4E42ED9548ADB7F9DC1F8A","num_area":"10.638900000000000000000000000000","ind_status":"AT","des_condic":"Aguardando analise"},"geometry":{"type":"Polygon","coordinates":[[[-44.1264,-22.7367],[-44.1228,-22.7386],[-44.1264,-22.7367],[-44.1264,-22.7367]]]}},{"type":"Feature","properties":{"cod_imovel":"RJ-3304409-FD286A44D1EA45A28B6D203FB9B8CBB0","num_area":"35.131200000000000000000000000000","ind_status":"AT","des_condic":"Aguardando analise"},"geometry":{"type":"Polygon","coordinates":[[[-44.1013,-22.7571],[-44.0981,-22.7542],[-44.0929,-22.7579],[-44.1011,-22.7574],[-44.1013,-22.7571]],[[-44.0951,-22.7594],[-44.0993,-22.7592],[-44.0954,-22.759],[-44.0951,-22.7594]]]}},{"type":"Feature","properties":{"cod_imovel":"RJ-3304409-CE4AD2537ED54534839CA810203E28CE","num_area":"56.993000000000000000000000000000","ind_status":"AT","des_condic":"Aguardando analise"},"geometry":{"type":"Polygon","coordinates":[[[-44.0662,-22.8133],[-44.0721,-22.8128],[-44.0682,-22.8096],[-44.0656,-22.8131],[-44.0662,-22.8133]],[[-44.0721,-22.8127],[-44.0682,-22.801],[-44.0703,-22.8087],[-44.0629,-22.8079],[-44.0719,-22.8126],[-44.0721,-22.8127]]]}},{"type":"Feature","properties":{"cod_imovel":"RJ-3304409-72A0C22B7E0043218688060D6D86438A","num_area":"6.0738000000000000000000000000000","ind_status":"AT","des_condic":"Aguardando analise"},"geometry":{"type":"Polygon","coordinates":[[[-44.1426,-22.6892],[-44.1391,-22.6915],[-44.1418,-22.6898],[-44.1426,-22.6892]]]}},{"type":"Feature","properties":{"cod_imovel":"RJ-3304409-EEE9FE09BFB048C380BA1EC9FE191362","num_area":"15.879400000000000000000000000000","ind_status":"AT","des_condic":"Aguardando analise"},"geometry":{"type":"Polygon","coordinates":[[[-44.1306,-22.7191],[-44.126,-22.7155],[-44.1303,-22.719],[-44.1306,-22.7191]],[[-44.1294,-22.7157],[-44.126,-22.7154],[-44.1294,-22.7157],[-44.1294,-22.7157]]]}},{"type":"Feature","properties":{"cod_imovel":"RJ-3304409-810606B8FC8A4C128CABEF945243EEBC","num_area":"21.929600000000000000000000000000","ind_status":"AT","des_condic":"Aguardando analise"},"geometry":{"type":"Polygon","coordinates":[[[-43.9699,-22.7041],[-43.9633,-22.7021],[-43.9662,-22.7075],[-43.9699,-22.7045],[-43.9699,-22.7041]],[[-43.9685,-22.707],[-43.9738,-22.7027],[-43.9687,-22.7067],[-43.9685,-22.707]]]}},{"type":"Feature","properties":{"cod_imovel":"RJ-3304409-FAD8545990AE4C0AB15ABE2B8FD2DCD2","num_area":"14.873700000000000000000000000000","ind_status":"AT","des_condic":"Aguardando analise"},"geometry":{"type":"Polygon","coordinates":[[[-44.1506,-22.671],[-44.1453,-22.6686],[-44.1503,-22.671],[-44.1506,-22.671]]]}},{"type":"Feature","properties":{"cod_imovel":"RJ-3304409-ABE1790153864266B6296CB45101F9E1","num_area":"10.754900000000000000000000000000","ind_status":"AT","des_condic":"Aguardando analise"},"geometry":{"type":"Polygon","coordinates":[[[-44.1593,-22.6686],[-44.1593,-22.6652],[-44.1545,-22.6661],[-44.1588,-22.6682],[-44.1593,-22.6686]]]}},{"type":"Feature","properties":{"cod_imovel":"RJ-3304409-0541A4CE082441568CB80C56B13F377B","num_area":"9.2820000000000000000000000000000","ind_status":"AT","des_condic":"Aguardando analise"},"geometry":{"type":"Polygon","coordinates":[[[-43.986,-22.7031],[-43.9836,-22.6994],[-43.9858,-22.7031],[-43.986,-22.7031]]]}},{"type":"Feature","properties":{"cod_imovel":"RJ-3304409-B98B6859A6454B159871C87D4811F6B7","num_area":"37.100600000000000000000000000000","ind_status":"AT","des_condic":"Aguardando analise"},"geometry":{"type":"Polygon","coordinates":[[[-44.1421,-22.7782],[-44.1365,-22.7723],[-44.1331,-22.7759],[-44.1413,-22.7781],[-44.1421,-22.7782]]]}},{"type":"Feature","properties":{"cod_imovel":"RJ-3304409-3C146A28CFBF4CC3ABDD386DD1F7AD3B","num_area":"25.067300000000000000000000000000","ind_status":"AT","des_condic":"Aguardando analise"},"geometry":{"type":"Polygon","coordinates":[[[-44.061,-22.6694],[-44.0597,-22.6634],[-44.0572,-22.6668],[-44.061,-22.6693],[-44.061,-22.6694]]]}},{"type":"Feature","properties":{"cod_imovel":"RJ-3304409-B3B935FF5117488C84204258A610E7D5","num_area":"22.441000000000000000000000000000","ind_status":"AT","des_condic":"Aguardando analise"},"geometry":{"type":"Polygon","coordinates":[[[-44.0763,-22.7644],[-44.0743,-22.7595],[-44.0703,-22.7667],[-44.076,-22.7656],[-44.0763,-22.7644]]]}},{"type":"Feature","properties":{"cod_imovel":"RJ-3304409-89318DBF79C642E5AF60639928B8D979","num_area":"34.743400000000000000000000000000","ind_status":"AT","des_condic":"Aguardando analise"},"geometry":{"type":"Polygon","coordinates":[[[-44.0817,-22.7613],[-44.0769,-22.7606],[-44.0755,-22.7676],[-44.0818,-22.7613],[-44.0817,-22.7613]]]}},{"type":"Feature","properties":{"cod_imovel":"RJ-3304409-C34DAE8C9C9E48EF81E4BB1630D5E6F2","num_area":"103.44430000000000000000000000000","ind_status":"AT","des_condic":"Aguardando analise"},"geometry":{"type":"Polygon","coordinates":[[[-44.0585,-22.762],[-44.0566,-22.7588],[-44.0585,-22.7619],[-44.0585,-22.762]],[[-44.0734,-22.7609],[-44.0699,-22.7666],[-44.0718,-22.7602],[-44.0652,-22.7648],[-44.0717,-22.7661],[-44.0733,-22.7612],[-44.0734,-22.7609]],[[-44.074,-22.7589],[-44.0651,-22.7549],[-44.0647,-22.7595],[-44.0729,-22.7597],[-44.074,-22.7589]],[[-44.0646,-22.7595],[-44.0609,-22.7632],[-44.0647,-22.7596],[-44.0646,-22.7595]],[[-44.0652,-22.7613],[-44.0645,-22.7648],[-44.0664,-22.7602],[-44.0652,-22.7613]]]}},{"type":"Feature","properties":{"cod_imovel":"RJ-3304409-380A92F1BEBC4C81B1D34D45B5D935F7","num_area":"26.321600000000000000000000000000","ind_status":"AT","des_condic":"Aguardando analise"},"geometry":{"type":"Polygon","coordinates":[[[-44.0887,-22.7813],[-44.0862,-22.7788],[-44.0887,-22.7819],[-44.0887,-22.7813]],[[-44.0862,-22.7788],[-44.08,-22.7835],[-44.086,-22.7794],[-44.0862,-22.7788]]]}},{"type":"Feature","properties":{"cod_imovel":"RJ-3304409-0014FDE554E248D7953FB0D7A9DF54E7","num_area":"169.98350000000000000000000000000","ind_status":"AT","des_condic":"Aguardando analise"},"geometry":{"type":"Polygon","coordinates":[[[-44.0076,-22.6918],[-44.007,-22.6863],[-44.0076,-22.6917],[-44.0076,-22.6918]],[[-44.0331,-22.6842],[-44.0288,-22.6865],[-44.0329,-22.6804],[-44.0295,-22.6787],[-44.0219,-22.6792],[-44.0194,-22.6867],[-44.0124,-22.6849],[-44.0199,-22.6774],[-44.0085,-22.686],[-44.0156,-22.6885],[-44.0093,-22.6898],[-44.0125,-22.6928],[-44.0192,-22.6876],[-44.031,-22.6889],[-44.0331,-22.6843],[-44.0331,-22.6842]],[[-44.0272,-22.6809],[-44.0226,-22.6823],[-44.0269,-22.6804],[-44.0272,-22.6809]]]}},{"type":"Feature","properties":{"cod_imovel":"RJ-3304409-E815AFF69D9243D8896288304AC4A47B","num_area":"143.17740000000000000000000000000","ind_status":"AT","des_condic":"Aguardando analise"},"geometry":{"type":"Polygon","coordinates":[[[-44.1209,-22.7652],[-44.1149,-22.7737],[-44.1289,-22.7776],[-44.1247,-22.7731],[-44.13,-22.7741],[-44.1298,-22.7698],[-44.1223,-22.7649],[-44.1209,-22.7652]]]}},{"type":"Feature","properties":{"cod_imovel":"RJ-3304409-1FF3DA3849CD42988BE04BB2237D3092","num_area":"141.91990000000000000000000000000","ind_status":"PE","des_condic":"Aguardando analise"},"geometry":{"type":"Polygon","coordinates":[[[-44.1,-22.7119],[-44.0907,-22.6959],[-44.0879,-22.7092],[-44.0849,-22.7058],[-44.0829,-22.709],[-44.0874,-22.7117],[-44.0893,-22.7056],[-44.0963,-22.7151],[-44.0999,-22.712],[-44.1,-22.7119]],[[-44.0842,-22.7059],[-44.08,-22.7075],[-44.0831,-22.7061],[-44.0842,-22.7059]],[[-44.0842,-22.7137],[-44.081,-22.7144],[-44.0841,-22.7138],[-44.0842,-22.7137]],[[-44.0864,-22.7131],[-44.0902,-22.7111],[-44.0865,-22.713],[-44.0864,-22.7131]]]}},{"type":"Feature","properties":{"cod_imovel":"RJ-3304409-70A37685CAD744F7A67E4C08D1CC0240","num_area":"62.082500000000000000000000000000","ind_status":"AT","des_condic":"Aguardando analise"},"geometry":{"type":"Polygon","coordinates":[[[-44.0798,-22.7399],[-44.0761,-22.7421],[-44.0801,-22.7432],[-44.0798,-22.7399],[-44.0798,-22.7399]],[[-44.0959,-22.7406],[-44.0931,-22.7429],[-44.0962,-22.7416],[-44.0959,-22.7406]],[[-44.0936,-22.7415],[-44.0898,-22.7417],[-44.0936,-22.7415],[-44.0936,-22.7415]],[[-44.0898,-22.7418],[-44.0969,-22.7454],[-44.0899,-22.7418],[-44.0898,-22.7418]],[[-44.0984,-22.7498],[-44.0985,-22.7462],[-44.0984,-22.7498],[-44.0984,-22.7498]]]}},{"type":"Feature","properties":{"cod_imovel":"RJ-3304409-2F5FB082490F44DEAEDF379FC689364B","num_area":"13.153800000000000000000000000000","ind_status":"AT","des_condic":"Aguardando analise"},"geometry":{"type":"Polygon","coordinates":[[[-44.1468,-22.6617],[-44.1515,-22.6641],[-44.1469,-22.6616],[-44.1468,-22.6617]]]}},{"type":"Feature","properties":{"cod_imovel":"RJ-3304409-300E51BBD063430AA7B1213B5E7F4C8C","num_area":"22.961500000000000000000000000000","ind_status":"AT","des_condic":"Aguardando analise"},"geometry":{"type":"Polygon","coordinates":[[[-44.1243,-22.6742],[-44.1174,-22.677],[-44.1242,-22.6745],[-44.1243,-22.6742]],[[-44.1244,-22.674],[-44.1201,-22.6735],[-44.1243,-22.674],[-44.1244,-22.674]]]}},{"type":"Feature","properties":{"cod_imovel":"RJ-3304409-B0B0B369D678437F878778F1221B1032","num_area":"6.0777000000000000000000000000000","ind_status":"AT","des_condic":"Aguardando analise"},"geometry":{"type":"Polygon","coordinates":[[[-44.0595,-22.6694],[-44.0616,-22.6719],[-44.0596,-22.6693],[-44.0595,-22.6694]]]}},{"type":"Feature","properties":{"cod_imovel":"RJ-3304409-04FA6F14819D4F2CA3FCD02CC3ECCE04","num_area":"11.520400000000000000000000000000","ind_status":"AT","des_condic":"Aguardando analise"},"geometry":{"type":"Polygon","coordinates":[[[-43.9593,-22.8375],[-43.9561,-22.8369],[-43.9593,-22.8375],[-43.9593,-22.8375]],[[-43.9581,-22.8402],[-43.9613,-22.8389],[-43.9581,-22.8401],[-43.9581,-22.8402]]]}},{"type":"Feature","properties":{"cod_imovel":"RJ-3304409-4E1869E676C34A05B41EACBC9F068F80","num_area":"44.736800000000000000000000000000","ind_status":"AT","des_condic":"Aguardando analise"},"geometry":{"type":"Polygon","coordinates":[[[-44.1378,-22.7204],[-44.1348,-22.7106],[-44.1322,-22.7145],[-44.1384,-22.7209],[-44.1378,-22.7204]],[[-44.1381,-22.7185],[-44.1379,-22.7117],[-44.1348,-22.7138],[-44.1379,-22.7172],[-44.1381,-22.7185]]]}},{"type":"Feature","properties":{"cod_imovel":"RJ-3304409-9E72E8A77D6E4E4C99C54FBFC9B1F2AD","num_area":"16.138100000000000000000000000000","ind_status":"AT","des_condic":"Aguardando analise"},"geometry":{"type":"Polygon","coordinates":[[[-44.0061,-22.686],[-44.0005,-22.6845],[-44.006,-22.6865],[-44.0061,-22.686]]]}},{"type":"Feature","properties":{"cod_imovel":"RJ-3304409-9E55908E7DCC40F480FA67218A4B8B4E","num_area":"2.5875000000000000000000000000000","ind_status":"AT","des_condic":"Aguardando analise"},"geometry":{"type":"Polygon","coordinates":[[[-44.1041,-22.7499],[-44.1048,-22.7457],[-44.1037,-22.7499],[-44.1041,-22.7499]]]}},{"type":"Feature","properties":{"cod_imovel":"RJ-3304409-EB57B0610F324794B5EB8FC1B8A51797","num_area":"17.696800000000000000000000000000","ind_status":"AT","des_condic":"Aguardando analise"},"geometry":{"type":"Polygon","coordinates":[[[-44.1979,-22.8066],[-44.1932,-22.8044],[-44.1981,-22.8065],[-44.1979,-22.8066]]]}},{"type":"Feature","properties":{"cod_imovel":"RJ-3304409-D15F1F1971344C7699077A371298F5DA","num_area":"21.449500000000000000000000000000","ind_status":"AT","des_condic":"Aguardando analise"},"geometry":{"type":"Polygon","coordinates":[[[-44.1722,-22.7821],[-44.1662,-22.7836],[-44.1738,-22.7892],[-44.1724,-22.7825],[-44.1722,-22.7821]]]}},{"type":"Feature","properties":{"cod_imovel":"RJ-3304409-8B5E4BA7DF5B453EA9563B1A663E85A8","num_area":"137.85840000000000000000000000000","ind_status":"AT","des_condic":"Aguardando analise"},"geometry":{"type":"Polygon","coordinates":[[[-44.1694,-22.7927],[-44.1641,-22.7978],[-44.169,-22.7927],[-44.1694,-22.7927]],[[-44.1687,-22.7901],[-44.1625,-22.7887],[-44.167,-22.7871],[-44.1643,-22.7796],[-44.1573,-22.783],[-44.1604,-22.7881],[-44.1504,-22.7787],[-44.1617,-22.7935],[-44.1596,-22.7895],[-44.1687,-22.7901],[-44.1687,-22.7901]],[[-44.1504,-22.7787],[-44.1436,-22.776],[-44.1504,-22.7787],[-44.1504,-22.7787]],[[-44.1501,-22.7798],[-44.1515,-22.7827],[-44.1502,-22.7798],[-44.1501,-22.7798]]]}},{"type":"Feature","properties":{"cod_imovel":"RJ-3304409-13B34D06547C44DCBD34DD7401E0518D","num_area":"158.18480000000000000000000000000","ind_status":"AT","des_condic":"Aguardando analise"},"geometry":{"type":"Polygon","coordinates":[[[-44.1567,-22.7434],[-44.1511,-22.739],[-44.1567,-22.7435],[-44.1567,-22.7434]],[[-44.1681,-22.7382],[-44.1623,-22.7356],[-44.1656,-22.7375],[-44.1606,-22.7373],[-44.1539,-22.7495],[-44.1617,-22.7483],[-44.1661,-22.7406],[-44.1681,-22.7382]],[[-44.1617,-22.7357],[-44.1592,-22.7321],[-44.1566,-22.735],[-44.1567,-22.7427],[-44.1617,-22.7358],[-44.1617,-22.7357]],[[-44.1566,-22.735],[-44.1589,-22.7329],[-44.1564,-22.7352],[-44.1566,-22.735]]]}},{"type":"Feature","properties":{"cod_imovel":"RJ-3304409-DEA1D75B0CCC4EDFB45CC7CF0A67BA9F","num_area":"44.558300000000000000000000000000","ind_status":"AT","des_condic":"Aguardando analise"},"geometry":{"type":"Polygon","coordinates":[[[-44.1846,-22.7407],[-44.1757,-22.7374],[-44.1822,-22.7467],[-44.1846,-22.7407],[-44.1846,-22.7407]]]}},{"type":"Feature","properties":{"cod_imovel":"RJ-3304409-1A7C160205F34759A0C187E100E7594E","num_area":"51.880400000000000000000000000000","ind_status":"AT","des_condic":"Aguardando analise"},"geometry":{"type":"Polygon","coordinates":[[[-44.2222,-22.804],[-44.2272,-22.8063],[-44.2276,-22.8006],[-44.2239,-22.803],[-44.2215,-22.7965],[-44.2222,-22.8037],[-44.2222,-22.804]],[[-44.2232,-22.797],[-44.2277,-22.7995],[-44.2233,-22.7972],[-44.2232,-22.797]]]}},{"type":"Feature","properties":{"cod_imovel":"RJ-3304409-C593300F25CF4D79AD306B5A1F552D2E","num_area":"29.235000000000000000000000000000","ind_status":"AT","des_condic":"Aguardando analise"},"geometry":{"type":"Polygon","coordinates":[[[-44.1294,-22.7845],[-44.1368,-22.7883],[-44.1357,-22.781],[-44.1292,-22.7843],[-44.1294,-22.7845]]]}},{"type":"Feature","properties":{"cod_imovel":"RJ-3304409-DF360E0E493A4160B480B2E797C2D5B3","num_area":"50.829100000000000000000000000000","ind_status":"AT","des_condic":"Aguardando analise"},"geometry":{"type":"Polygon","coordinates":[[[-44.1897,-22.76],[-44.1912,-22.7538],[-44.1835,-22.754],[-44.1895,-22.76],[-44.1897,-22.76]],[[-44.1898,-22.76],[-44.1939,-22.7626],[-44.1931,-22.7584],[-44.1898,-22.7599],[-44.1898,-22.76]],[[-44.1914,-22.7593],[-44.1936,-22.756],[-44.1912,-22.7595],[-44.1914,-22.7593]],[[-44.1835,-22.7548],[-44.1872,-22.7574],[-44.1837,-22.7546],[-44.1835,-22.7548]]]}},{"type":"Feature","properties":{"cod_imovel":"RJ-3304409-D40E36FC5A204EB1891BD9D3F90A7A56","num_area":"12.516200000000000000000000000000","ind_status":"AT","des_condic":"Aguardando analise"},"geometry":{"type":"Polygon","coordinates":[[[-44.1352,-22.722],[-44.1322,-22.7197],[-44.131,-22.7235],[-44.1345,-22.7225],[-44.1352,-22.722]]]}},{"type":"Feature","properties":{"cod_imovel":"RJ-3304409-266E0894C0054955807CCDF0FCACFE74","num_area":"190.04360000000000000000000000000","ind_status":"AT","des_condic":"Aguardando analise"},"geometry":{"type":"Polygon","coordinates":[[[-44.0884,-22.6686],[-44.0818,-22.6781],[-44.0861,-22.6762],[-44.0851,-22.6805],[-44.0908,-22.6841],[-44.0947,-22.6766],[-44.1013,-22.6755],[-44.0884,-22.6686],[-44.0884,-22.6686]],[[-44.1033,-22.6733],[-44.0994,-22.6727],[-44.1028,-22.6738],[-44.1033,-22.6733]],[[-44.0915,-22.6831],[-44.0972,-22.6836],[-44.092,-22.6826],[-44.0915,-22.6831]]]}},{"type":"Feature","properties":{"cod_imovel":"RJ-3304409-4730C0707B244EAD9D0C7CB952A4EAA9","num_area":"10.617100000000000000000000000000","ind_status":"AT","des_condic":"Aguardando analise"},"geometry":{"type":"Polygon","coordinates":[[[-44.2011,-22.7242],[-44.2033,-22.7219],[-44.2003,-22.7236],[-44.2011,-22.7242]]]}},{"type":"Feature","properties":{"cod_imovel":"RJ-3304409-4D41A812B1344426A296376FD124A8A6","num_area":"41.234300000000000000000000000000","ind_status":"AT","des_condic":"Aguardando analise"},"geometry":{"type":"Polygon","coordinates":[[[-44.0785,-22.7874],[-44.077,-22.7815],[-44.0692,-22.788],[-44.0784,-22.7875],[-44.0785,-22.7874]]]}},{"type":"Feature","properties":{"cod_imovel":"RJ-3304409-DA2B85CD53FB45FDA3D0C6D4DC7FFAD2","num_area":"128.03440000000000000000000000000","ind_status":"AT","des_condic":"Aguardando analise"},"geometry":{"type":"Polygon","coordinates":[[[-44.0318,-22.738],[-44.0243,-22.7388],[-44.0234,-22.7275],[-44.0193,-22.7299],[-44.0203,-22.7382],[-44.0234,-22.7315],[-44.0231,-22.7386],[-44.0086,-22.7377],[-44.0163,-22.7446],[-44.0206,-22.7407],[-44.0326,-22.7422],[-44.0318,-22.7381],[-44.0318,-22.738]]]}},{"type":"Feature","properties":{"cod_imovel":"RJ-3304409-3BC0D2616DF24C93BF8E2882B1C63FE8","num_area":"12.501600000000000000000000000000","ind_status":"AT","des_condic":"Aguardando analise"},"geometry":{"type":"Polygon","coordinates":[[[-44.1102,-22.8188],[-44.1085,-22.8132],[-44.1102,-22.8189],[-44.1102,-22.8188]],[[-44.1101,-22.818],[-44.109,-22.8126],[-44.1099,-22.8178],[-44.1101,-22.818]]]}},{"type":"Feature","properties":{"cod_imovel":"RJ-3304409-EC4D348A6B1F40E2902106826631C28D","num_area":"24.098900000000000000000000000000","ind_status":"AT","des_condic":"Aguardando analise"},"geometry":{"type":"Polygon","coordinates":[[[-44.1223,-22.8157],[-44.1189,-22.8095],[-44.1165,-22.8142],[-44.1215,-22.816],[-44.1223,-22.8157]]]}},{"type":"Feature","properties":{"cod_imovel":"RJ-3304409-4E303C9B469043239B31CDEDF116044C","num_area":"2.8588000000000000000000000000000","ind_status":"AT","des_condic":"Aguardando analise"},"geometry":{"type":"Polygon","coordinates":[[[-44.1204,-22.7193],[-44.1247,-22.724],[-44.1206,-22.7193],[-44.1204,-22.7193]]]}},{"type":"Feature","properties":{"cod_imovel":"RJ-3304409-60655B645B114C149141E46A06BD2026","num_area":"46.254800000000000000000000000000","ind_status":"AT","des_condic":"Aguardando analise"},"geometry":{"type":"Polygon","coordinates":[[[-44.002,-22.7035],[-44.0043,-22.7113],[-44.0163,-22.7113],[-44.0144,-22.7068],[-44.0082,-22.7116],[-44.002,-22.7035],[-44.002,-22.7035]]]}},{"type":"Feature","properties":{"cod_imovel":"RJ-3304409-D6F49C6927F64737BE3E92B477D05C67","num_area":"14.059400000000000000000000000000","ind_status":"AT","des_condic":"Aguardando analise"},"geometry":{"type":"Polygon","coordinates":[[[-44.0019,-22.6986],[-44.0035,-22.7044],[-44.0018,-22.6987],[-44.0019,-22.6986]]]}},{"type":"Feature","properties":{"cod_imovel":"RJ-3304409-CE917DF157B94FCB8651A4A687CC86CF","num_area":"6.7320000000000000000000000000000","ind_status":"AT","des_condic":"Aguardando analise"},"geometry":{"type":"Polygon","coordinates":[[[-44.1384,-22.6892],[-44.1347,-22.6885],[-44.1377,-22.6891],[-44.1384,-22.6892]]]}},{"type":"Feature","properties":{"cod_imovel":"RJ-3304409-BA1D729EBD804CAA915EC69E5B105900","num_area":"11.045100000000000000000000000000","ind_status":"AT","des_condic":"Aguardando analise"},"geometry":{"type":"Polygon","coordinates":[[[-43.9815,-22.7272],[-43.9781,-22.729],[-43.9815,-22.7272],[-43.9815,-22.7272]]]}},{"type":"Feature","properties":{"cod_imovel":"RJ-3304409-9A01D508352C4955B5A9E2F4C61BCC4B","num_area":"40.142800000000000000000000000000","ind_status":"AT","des_condic":"Aguardando analise"},"geometry":{"type":"Polygon","coordinates":[[[-44.1181,-22.6465],[-44.108,-22.6482],[-44.1165,-22.652],[-44.1181,-22.6465]]]}},{"type":"Feature","properties":{"cod_imovel":"RJ-3304409-F65E354DD8314C6A930322D4DB0C2263","num_area":"131.21240000000000000000000000000","ind_status":"AT","des_condic":"Aguardando analise"},"geometry":{"type":"Polygon","coordinates":[[[-44.0855,-22.6615],[-44.0712,-22.6528],[-44.0718,-22.6653],[-44.0776,-22.6608],[-44.0851,-22.6681],[-44.0855,-22.6616],[-44.0855,-22.6615]]]}},{"type":"Feature","properties":{"cod_imovel":"RJ-3304409-41BF9764B7B54BAE9218212EFEDE9509","num_area":"18.310500000000000000000000000000","ind_status":"AT","des_condic":"Aguardando analise"},"geometry":{"type":"Polygon","coordinates":[[[-44.0052,-22.6997],[-44.0121,-22.7001],[-44.0057,-22.6993],[-44.0052,-22.6997]],[[-44.0039,-22.7006],[-44.0076,-22.7026],[-44.0042,-22.7007],[-44.0039,-22.7006]]]}},{"type":"Feature","properties":{"cod_imovel":"RJ-3304409-4F1CD6286B864053A78EB5D7341640AD","num_area":"7.6120000000000000000000000000000","ind_status":"AT","des_condic":"Aguardando analise"},"geometry":{"type":"Polygon","coordinates":[[[-44.0429,-22.7274],[-44.0439,-22.7218],[-44.0427,-22.7276],[-44.0429,-22.7274]]]}},{"type":"Feature","properties":{"cod_imovel":"RJ-3304409-4F1AF75BED1741F784DE8C28D603FBC6","num_area":"19.487900000000000000000000000000","ind_status":"AT","des_condic":"Aguardando analise"},"geometry":{"type":"Polygon","coordinates":[[[-44.1015,-22.7621],[-44.0975,-22.7602],[-44.1013,-22.7621],[-44.1015,-22.7621]],[[-44.1015,-22.7619],[-44.1123,-22.7631],[-44.1015,-22.7619],[-44.1015,-22.7619]],[[-44.1102,-22.7615],[-44.1067,-22.7617],[-44.1103,-22.7617],[-44.1102,-22.7615]],[[-44.106,-22.7613],[-44.1029,-22.7592],[-44.106,-22.7614],[-44.106,-22.7613]],[[-44.1039,-22.7588],[-44.1011,-22.7604],[-44.1031,-22.7544],[-44.1006,-22.7607],[-44.1034,-22.7589],[-44.1039,-22.7588]],[[-44.1048,-22.755],[-44.0976,-22.7601],[-44.1046,-22.7551],[-44.1048,-22.755]]]}},{"type":"Feature","properties":{"cod_imovel":"RJ-3304409-758DC8BD194846CDABE11B527DF86AEE","num_area":"20.624400000000000000000000000000","ind_status":"AT","des_condic":"Aguardando analise"},"geometry":{"type":"Polygon","coordinates":[[[-44.1721,-22.7109],[-44.1738,-22.7135],[-44.1722,-22.7108],[-44.1721,-22.7109]]]}},{"type":"Feature","properties":{"cod_imovel":"RJ-3304409-C2BFBF41387947FB9B279AB9A411AC86","num_area":"35.031700000000000000000000000000","ind_status":"AT","des_condic":"Aguardando analise"},"geometry":{"type":"Polygon","coordinates":[[[-44.1635,-22.6828],[-44.1567,-22.6828],[-44.1676,-22.6881],[-44.1638,-22.6831],[-44.1635,-22.6828]],[[-44.1605,-22.683],[-44.1672,-22.6874],[-44.1605,-22.6828],[-44.1605,-22.683]]]}},{"type":"Feature","properties":{"cod_imovel":"RJ-3304409-0E2A3C7C10C14716AD37D34E5375E37A","num_area":"12.640000000000000000000000000000","ind_status":"AT","des_condic":"Aguardando analise"},"geometry":{"type":"Polygon","coordinates":[[[-44.0168,-22.7217],[-44.0146,-22.7174],[-44.0163,-22.7215],[-44.0168,-22.7217]]]}},{"type":"Feature","properties":{"cod_imovel":"RJ-3304409-D47D2C32B52E4D818B68CBE8A3B4253F","num_area":"3.1183000000000000000000000000000","ind_status":"AT","des_condic":"Aguardando analise"},"geometry":{"type":"Polygon","coordinates":[[[-44.0132,-22.7061],[-44.0104,-22.7044],[-44.0131,-22.7063],[-44.0132,-22.7061]]]}},{"type":"Feature","properties":{"cod_imovel":"RJ-3304409-784F3938B3E74A09823FCC9A7E74FBA7","num_area":"14.717300000000000000000000000000","ind_status":"AT","des_condic":"Aguardando analise"},"geometry":{"type":"Polygon","coordinates":[[[-44.1731,-22.7506],[-44.1806,-22.752],[-44.1733,-22.7506],[-44.1731,-22.7506]]]}},{"type":"Feature","properties":{"cod_imovel":"RJ-3304409-64E31703FD9E45C28C38E2303410B3EF","num_area":"58.955400000000000000000000000000","ind_status":"AT","des_condic":"Aguardando analise"},"geometry":{"type":"Polygon","coordinates":[[[-44.1028,-22.7357],[-44.1051,-22.742],[-44.1031,-22.7361],[-44.0976,-22.7402],[-44.1059,-22.7423],[-44.1077,-22.7372],[-44.1043,-22.7331],[-44.1031,-22.7361],[-44.1028,-22.7357]],[[-44.1044,-22.7332],[-44.1071,-22.7364],[-44.1044,-22.7332],[-44.1044,-22.7332]]]}},{"type":"Feature","properties":{"cod_imovel":"RJ-3304409-7102CC089EF54A3BA526AC82F9591824","num_area":"28.077300000000000000000000000000","ind_status":"AT","des_condic":"Aguardando analise"},"geometry":{"type":"Polygon","coordinates":[[[-43.9999,-22.6982],[-43.9976,-22.693],[-43.9955,-22.6965],[-43.9997,-22.6986],[-43.9999,-22.6982]]]}},{"type":"Feature","properties":{"cod_imovel":"RJ-3304409-34CB39CF4AD14235B66ADF67A0EB13EA","num_area":"121.34740000000000000000000000000","ind_status":"AT","des_condic":"Aguardando analise"},"geometry":{"type":"Polygon","coordinates":[[[-43.9727,-22.6962],[-43.9793,-22.6962],[-43.9754,-22.6982],[-43.9835,-22.7042],[-43.9819,-22.6909],[-43.9727,-22.6962],[-43.9727,-22.6962]],[[-43.9743,-22.6979],[-43.9762,-22.7056],[-43.9827,-22.7043],[-43.9744,-22.6979],[-43.9743,-22.6979]]]}},{"type":"Feature","properties":{"cod_imovel":"RJ-3304409-E5918FA47D8543D2A5C5FC527686B9E6","num_area":"42.637100000000000000000000000000","ind_status":"AT","des_condic":"Aguardando analise"},"geometry":{"type":"Polygon","coordinates":[[[-44.1634,-22.7801],[-44.1609,-22.7736],[-44.1634,-22.7801],[-44.1634,-22.7801]],[[-44.1649,-22.7784],[-44.1662,-22.7817],[-44.165,-22.7784],[-44.1649,-22.7784]],[[-44.1608,-22.7736],[-44.1555,-22.7758],[-44.161,-22.779],[-44.1609,-22.7737],[-44.1608,-22.7736]],[[-44.1585,-22.7778],[-44.162,-22.7806],[-44.1587,-22.7779],[-44.1585,-22.7778]]]}},{"type":"Feature","properties":{"cod_imovel":"RJ-3304409-3CB03784764546B19FCE4D1B852BDECC","num_area":"47.028900000000000000000000000000","ind_status":"AT","des_condic":"Aguardando analise"},"geometry":{"type":"Polygon","coordinates":[[[-44.0408,-22.6905],[-44.0465,-22.6889],[-44.0409,-22.6905],[-44.0408,-22.6905]],[[-44.0504,-22.6871],[-44.0505,-22.6833],[-44.0431,-22.6828],[-44.0504,-22.6871],[-44.0504,-22.6871]],[[-44.037,-22.687],[-44.0378,-22.6811],[-44.037,-22.687],[-44.037,-22.687]],[[-44.0363,-22.6815],[-44.0331,-22.6836],[-44.0363,-22.6815],[-44.0363,-22.6815]],[[-44.0351,-22.6836],[-44.0358,-22.6886],[-44.0351,-22.6836],[-44.0351,-22.6836]]]}},{"type":"Feature","properties":{"cod_imovel":"RJ-3304409-BC08F49024A74C9EB0E23A2A123B8A31","num_area":"13.916700000000000000000000000000","ind_status":"AT","des_condic":"Aguardando analise"},"geometry":{"type":"Polygon","coordinates":[[[-44.1622,-22.681],[-44.167,-22.6856],[-44.1622,-22.681],[-44.1622,-22.681]]]}},{"type":"Feature","properties":{"cod_imovel":"RJ-3304409-711FC6CFD5C449ACAC9DE8DA8EA78539","num_area":"25.154800000000000000000000000000","ind_status":"AT","des_condic":"Aguardando analise"},"geometry":{"type":"Polygon","coordinates":[[[-44.0566,-22.7504],[-44.0603,-22.7542],[-44.0628,-22.7482],[-44.0566,-22.7493],[-44.0566,-22.7504]]]}},{"type":"Feature","properties":{"cod_imovel":"RJ-3304409-4FB12DF8A1D146A8A759DAE6CF2650F3","num_area":"16.024200000000000000000000000000","ind_status":"AT","des_condic":"Aguardando analise"},"geometry":{"type":"Polygon","coordinates":[[[-44.1252,-22.8308],[-44.1213,-22.8346],[-44.1258,-22.8309],[-44.1252,-22.8308]]]}},{"type":"Feature","properties":{"cod_imovel":"RJ-3304409-BA6F4EFF8E7E4596B75BFA715AD40A10","num_area":"7.9572000000000000000000000000000","ind_status":"AT","des_condic":"Aguardando analise"},"geometry":{"type":"Polygon","coordinates":[[[-44.0869,-22.6495],[-44.0828,-22.6487],[-44.0863,-22.6498],[-44.0869,-22.6495]]]}},{"type":"Feature","properties":{"cod_imovel":"RJ-3304409-C90DC20DF8CC4C0F8425F018D33BDEF3","num_area":"13.600600000000000000000000000000","ind_status":"AT","des_condic":"Aguardando analise"},"geometry":{"type":"Polygon","coordinates":[[[-44.1382,-22.6659],[-44.1337,-22.6648],[-44.138,-22.666],[-44.1382,-22.6659]]]}},{"type":"Feature","properties":{"cod_imovel":"RJ-3304409-F00098C51BC44D62A6909557A08E27EB","num_area":"55.167800000000000000000000000000","ind_status":"AT","des_condic":"Aguardando analise"},"geometry":{"type":"Polygon","coordinates":[[[-44.136,-22.667],[-44.1331,-22.6682],[-44.1421,-22.6759],[-44.1433,-22.6703],[-44.1363,-22.6669],[-44.136,-22.667]]]}},{"type":"Feature","properties":{"cod_imovel":"RJ-3304409-226435BF96EB47B3BFC407439B217104","num_area":"8.3432000000000000000000000000000","ind_status":"AT","des_condic":"Aguardando analise"},"geometry":{"type":"Polygon","coordinates":[[[-44.1446,-22.665],[-44.1469,-22.6624],[-44.1446,-22.665],[-44.1446,-22.665]],[[-44.1393,-22.6665],[-44.1424,-22.6643],[-44.1393,-22.6665],[-44.1393,-22.6665]]]}},{"type":"Feature","properties":{"cod_imovel":"RJ-3304409-EEB2B1A9184A4A138006F4E727B89B45","num_area":"8.6955000000000000000000000000000","ind_status":"AT","des_condic":"Aguardando analise"},"geometry":{"type":"Polygon","coordinates":[[[-44.1028,-22.6616],[-44.1058,-22.6626],[-44.1039,-22.6578],[-44.1028,-22.6615],[-44.1028,-22.6616]]]}},{"type":"Feature","properties":{"cod_imovel":"RJ-3304409-4C21F3DF6C11458BA7B41DEA62D26511","num_area":"7.6616000000000000000000000000000","ind_status":"AT","des_condic":"Aguardando analise"},"geometry":{"type":"Polygon","coordinates":[[[-43.9864,-22.7049],[-43.9877,-22.7083],[-43.9906,-22.7045],[-43.9864,-22.7049],[-43.9864,-22.7049]]]}},{"type":"Feature","properties":{"cod_imovel":"RJ-3304409-1F41A8EF793D4EC59B8BC9BD014714B9","num_area":"5.0020000000000000000000000000000","ind_status":"AT","des_condic":"Aguardando analise"},"geometry":{"type":"Polygon","coordinates":[[[-44.0745,-22.7509],[-44.0708,-22.7515],[-44.0747,-22.7511],[-44.0745,-22.7509]]]}},{"type":"Feature","properties":{"cod_imovel":"RJ-3304409-74C3E3C9CBB94A3DB745ADE8B2F2C4F7","num_area":"35.100100000000000000000000000000","ind_status":"AT","des_condic":"Aguardando analise"},"geometry":{"type":"Polygon","coordinates":[[[-44.1754,-22.7496],[-44.1807,-22.7516],[-44.1788,-22.747],[-44.1755,-22.7496],[-44.1754,-22.7496]],[[-44.1755,-22.7487],[-44.1787,-22.7452],[-44.1749,-22.743],[-44.1754,-22.7488],[-44.1755,-22.7487]]]}},{"type":"Feature","properties":{"cod_imovel":"RJ-3304409-FB3BD9A452294FD2BAF240EC2810E86C","num_area":"65.086500000000000000000000000000","ind_status":"AT","des_condic":"Aguardando analise"},"geometry":{"type":"Polygon","coordinates":[[[-44.2191,-22.7993],[-44.2072,-22.7905],[-44.2074,-22.7972],[-44.2174,-22.8025],[-44.2189,-22.7997],[-44.2191,-22.7993]]]}},{"type":"Feature","properties":{"cod_imovel":"RJ-3304409-E2ECE229607C4663BF1CD307095F696D","num_area":"49.469900000000000000000000000000","ind_status":"AT","des_condic":"Aguardando analise"},"geometry":{"type":"Polygon","coordinates":[[[-44.2012,-22.8136],[-44.1942,-22.808],[-44.1901,-22.8121],[-44.2012,-22.8138],[-44.2012,-22.8136]]]}},{"type":"Feature","properties":{"cod_imovel":"RJ-3304409-D88CC66E261745328C93DCE3FC621351","num_area":"43.544200000000000000000000000000","ind_status":"AT","des_condic":"Aguardando analise"},"geometry":{"type":"Polygon","coordinates":[[[-44.1691,-22.8097],[-44.1614,-22.8144],[-44.166,-22.8085],[-44.1779,-22.8142],[-44.1761,-22.8177],[-44.1781,-22.8144],[-44.1723,-22.8111],[-44.1691,-22.8097]],[[-44.1615,-22.8149],[-44.1669,-22.8212],[-44.1656,-22.8175],[-44.1735,-22.8165],[-44.1616,-22.815],[-44.1615,-22.8149]]]}},{"type":"Feature","properties":{"cod_imovel":"RJ-3304409-556326010256463FA77787B836477CFC","num_area":"3.1575000000000000000000000000000","ind_status":"AT","des_condic":"Aguardando analise"},"geometry":{"type":"Polygon","coordinates":[[[-44.166,-22.8085],[-44.1586,-22.8049],[-44.1659,-22.8084],[-44.1611,-22.8137],[-44.166,-22.8085]],[[-44.1567,-22.8076],[-44.1587,-22.8125],[-44.1566,-22.8078],[-44.1567,-22.8076]]]}},{"type":"Feature","properties":{"cod_imovel":"RJ-3304409-A2744C33090245F5ADA4464C39C0FFF1","num_area":"19.480600000000000000000000000000","ind_status":"AT","des_condic":"Aguardando analise"},"geometry":{"type":"Polygon","coordinates":[[[-43.8844,-22.8185],[-43.8792,-22.8129],[-43.8843,-22.8184],[-43.8844,-22.8185]]]}},{"type":"Feature","properties":{"cod_imovel":"RJ-3304409-8CF882DFE6B84CF79A1A555465D874B7","num_area":"1.6642000000000000000000000000000","ind_status":"AT","des_condic":"Aguardando analise"},"geometry":{"type":"Polygon","coordinates":[[[-44.0286,-22.7123],[-44.0309,-22.709],[-44.0282,-22.7119],[-44.0286,-22.7123]]]}},{"type":"Feature","properties":{"cod_imovel":"RJ-3304409-16C50F1AF0C649A2A99C1F80B2932BC4","num_area":"13.638700000000000000000000000000","ind_status":"AT","des_condic":"Aguardando analise"},"geometry":{"type":"Polygon","coordinates":[[[-44.0767,-22.6778],[-44.0709,-22.6783],[-44.0767,-22.6778],[-44.0767,-22.6778]],[[-44.0816,-22.6765],[-44.0775,-22.6778],[-44.0818,-22.6765],[-44.0816,-22.6765]]]}},{"type":"Feature","properties":{"cod_imovel":"RJ-3304409-AEA85EB6D23C444C886E26243BC1BB42","num_area":"85.534600000000000000000000000000","ind_status":"AT","des_condic":"Aguardando analise"},"geometry":{"type":"Polygon","coordinates":[[[-44.1479,-22.6572],[-44.131,-22.6539],[-44.1292,-22.6602],[-44.1346,-22.6634],[-44.1338,-22.6575],[-44.1463,-22.6589],[-44.135,-22.6561],[-44.148,-22.6573],[-44.1479,-22.6572]],[[-44.1346,-22.6634],[-44.1376,-22.6619],[-44.1323,-22.6599],[-44.1346,-22.6634],[-44.1346,-22.6634]],[[-44.1425,-22.6612],[-44.1476,-22.6596],[-44.1425,-22.6611],[-44.1425,-22.6612]],[[-44.1474,-22.6605],[-44.1483,-22.6573],[-44.1474,-22.6604],[-44.1474,-22.6605]]]}},{"type":"Feature","properties":{"cod_imovel":"RJ-3304409-2262DC4EBDFB4612A1C79D9907E01A8D","num_area":"118.67680000000000000000000000000","ind_status":"AT","des_condic":"Em analise"},"geometry":{"type":"Polygon","coordinates":[[[-44.0552,-22.6546],[-44.0587,-22.6575],[-44.0552,-22.6546],[-44.0552,-22.6546]],[[-44.0482,-22.6431],[-44.0435,-22.6474],[-44.0496,-22.6509],[-44.0492,-22.6468],[-44.05,-22.6538],[-44.0577,-22.6548],[-44.0468,-22.6443],[-44.0555,-22.6464],[-44.054,-22.6515],[-44.0575,-22.6411],[-44.0486,-22.6428],[-44.0482,-22.6431]]]}},{"type":"Feature","properties":{"cod_imovel":"RJ-3304409-49A712669DC94C7A81AFE12C92D6C2AD","num_area":"95.342000000000000000000000000000","ind_status":"AT","des_condic":"Aguardando analise"},"geometry":{"type":"Polygon","coordinates":[[[-43.9971,-22.6858],[-43.9978,-22.6923],[-43.999,-22.6862],[-43.9971,-22.6858]],[[-43.9941,-22.6847],[-43.9935,-22.6879],[-43.9941,-22.6847],[-43.9941,-22.6847]],[[-43.9918,-22.6859],[-43.9859,-22.6886],[-43.9855,-22.6963],[-43.9858,-22.6908],[-43.9887,-22.6936],[-43.9945,-22.6888],[-43.9918,-22.6859],[-43.9918,-22.6859]],[[-43.9857,-22.6885],[-43.9817,-22.6912],[-43.9858,-22.6886],[-43.9857,-22.6885]],[[-43.9817,-22.6912],[-43.9821,-22.6947],[-43.9819,-22.6912],[-43.9817,-22.6912]],[[-43.9821,-22.6947],[-43.9826,-22.6985],[-43.9856,-22.6963],[-43.9847,-22.692],[-43.9821,-22.6947],[-43.9821,-22.6947]]]}},{"type":"Feature","properties":{"cod_imovel":"RJ-3304409-F1A8631AB7B74B8A8E013AB41897F7D1","num_area":"22.880900000000000000000000000000","ind_status":"CA","des_condic":"Cancelado por decisao administrativa"},"geometry":{"type":"Polygon","coordinates":[[[-44.1432,-22.6886],[-44.139,-22.6921],[-44.1433,-22.6886],[-44.1432,-22.6886]],[[-44.1429,-22.6982],[-44.1414,-22.6936],[-44.1428,-22.6981],[-44.1429,-22.6982]],[[-44.1431,-22.6979],[-44.1451,-22.6909],[-44.143,-22.6979],[-44.1431,-22.6979]],[[-44.1452,-22.6909],[-44.1364,-22.696],[-44.1451,-22.6909],[-44.1452,-22.6909]],[[-44.1383,-22.6926],[-44.1359,-22.6957],[-44.1382,-22.6927],[-44.1383,-22.6926]]]}},{"type":"Feature","properties":{"cod_imovel":"RJ-3304409-17ACD5DBE28044BB92CF805BBEBB29D8","num_area":"23.704600000000000000000000000000","ind_status":"AT","des_condic":"Aguardando analise"},"geometry":{"type":"Polygon","coordinates":[[[-44.1432,-22.694],[-44.1396,-22.6984],[-44.1432,-22.694],[-44.1432,-22.694]],[[-44.1454,-22.6913],[-44.142,-22.6935],[-44.1454,-22.6914],[-44.1454,-22.6913]],[[-44.1455,-22.6913],[-44.1422,-22.6994],[-44.1452,-22.692],[-44.1455,-22.6913]]]}},{"type":"Feature","properties":{"cod_imovel":"RJ-3304409-7AAF485AC0AF449993EBE3C334AA142C","num_area":"48.472400000000000000000000000000","ind_status":"PE","des_condic":"Analisado, aguardando atendimento a notificacao"},"geometry":{"type":"Polygon","coordinates":[[[-44.0907,-22.693],[-44.0947,-22.6985],[-44.0907,-22.693],[-44.0907,-22.693]],[[-44.0907,-22.6928],[-44.095,-22.6983],[-44.0907,-22.6928],[-44.0907,-22.6928]],[[-44.0965,-22.697],[-44.0909,-22.6925],[-44.0958,-22.6976],[-44.0965,-22.697]],[[-44.0981,-22.6922],[-44.0938,-22.6894],[-44.098,-22.6922],[-44.0981,-22.6922]]]}},{"type":"Feature","properties":{"cod_imovel":"RJ-3304409-A7F8219679BB4EDF964143A9875B1C09","num_area":"252.81380000000000000000000000000","ind_status":"AT","des_condic":"Aguardando analise"},"geometry":{"type":"Polygon","coordinates":[[[-43.9766,-22.6752],[-43.9728,-22.677],[-43.9764,-22.6752],[-43.9766,-22.6752]],[[-43.9569,-22.6905],[-43.9677,-22.6948],[-43.9599,-22.6923],[-43.9632,-22.69],[-43.9591,-22.6839],[-43.9627,-22.69],[-43.9592,-22.6919],[-43.9609,-22.6865],[-43.9604,-22.6938],[-43.9569,-22.6906],[-43.9569,-22.6905]],[[-43.9753,-22.6674],[-43.9685,-22.6641],[-43.9688,-22.6726],[-43.9754,-22.6738],[-43.9754,-22.6675],[-43.9753,-22.6674]],[[-43.9713,-22.6725],[-43.9675,-22.6793],[-43.9688,-22.67],[-43.965,-22.6702],[-43.9662,-22.6806],[-43.9736,-22.6765],[-43.9713,-22.6725],[-43.9713,-22.6725]],[[-43.9598,-22.6789],[-43.9649,-22.678],[-43.9602,-22.6794],[-43.9598,-22.6789]],[[-43.9649,-22.678],[-43.9613,-22.6797],[-43.9654,-22.6782],[-43.9649,-22.678]],[[-43.9616,-22.6797],[-43.9582,-22.6799],[-43.9614,-22.6797],[-43.9616,-22.6797]],[[-43.9792,-22.6749],[-43.978,-22.6689],[-43.9755,-22.6738],[-43.9789,-22.6748],[-43.9792,-22.6749]],[[-43.9582,-22.6852],[-43.9567,-22.6808],[-43.9581,-22.6853],[-43.9582,-22.6852]],[[-43.9567,-22.6807],[-43.9599,-22.6742],[-43.9574,-22.6807],[-43.9567,-22.6807]],[[-43.9515,-22.7026],[-43.9589,-22.6995],[-43.9571,-22.6912],[-43.9514,-22.7024],[-43.9515,-22.7026]],[[-43.9538,-22.6939],[-43.9568,-22.6903],[-43.954,-22.6938],[-43.9538,-22.6939]],[[-43.9625,-22.6958],[-43.9588,-22.6959],[-43.9624,-22.6991],[-43.9684,-22.6945],[-43.9623,-22.6956],[-43.9625,-22.6958]]]}},{"type":"Feature","properties":{"cod_imovel":"RJ-3304409-AAC938F0D365440D8BEE74106B8F1FFB","num_area":"5892.8615000000000000000000000000","ind_status":"CA","des_condic":"Cancelado por decisao administrativa"},"geometry":{"type":"Polygon","coordinates":[[[-43.8706,-22.7044],[-43.8733,-22.7093],[-43.8689,-22.7197],[-43.8845,-22.7201],[-43.8807,-22.7171],[-43.8832,-22.711],[-43.8709,-22.702],[-43.8706,-22.7044]],[[-43.8729,-22.6952],[-43.8783,-22.6971],[-43.8739,-22.6996],[-43.8788,-22.7052],[-43.8832,-22.7048],[-43.8796,-22.7006],[-43.89,-22.6862],[-43.875,-22.6936],[-43.8729,-22.6952]],[[-43.8875,-22.7356],[-43.8927,-22.7249],[-43.8804,-22.7237],[-43.8862,-22.7327],[-43.8875,-22.7356]],[[-43.8983,-22.7798],[-43.9119,-22.7786],[-43.8987,-22.775],[-43.9098,-22.7728],[-43.9076,-22.7705],[-43.8822,-22.7661],[-43.8878,-22.7775],[-43.8975,-22.7832],[-43.8983,-22.7798]],[[-43.892,-22.6865],[-43.9005,-22.6917],[-43.9027,-22.699],[-43.901,-22.6928],[-43.9089,-22.6902],[-43.9064,-22.6976],[-43.9103,-22.6903],[-43.8935,-22.687],[-43.892,-22.6865]],[[-43.905,-22.6896],[-43.9089,-22.6886],[-43.8971,-22.6847],[-43.9047,-22.6897],[-43.905,-22.6896]],[[-43.9121,-22.797],[-43.9079,-22.79],[-43.9025,-22.7951],[-43.9144,-22.807],[-43.9218,-22.806],[-43.9146,-22.8064],[-43.9201,-22.8033],[-43.9066,-22.7942],[-43.911,-22.7972],[-43.9121,-22.797]],[[-43.9084,-22.6833],[-43.9151,-22.6857],[-43.9098,-22.6834],[-43.9084,-22.6833]],[[-43.9107,-22.6897],[-43.9069,-22.6971],[-43.9144,-22.6973],[-43.9145,-22.694],[-43.9202,-22.6977],[-43.9126,-22.703],[-43.9272,-22.6996],[-43.9119,-22.692],[-43.9107,-22.6897]],[[-43.9117,-22.798],[-43.917,-22.8008],[-43.9125,-22.7976],[-43.9117,-22.798]],[[-43.916,-22.7618],[-43.9124,-22.7601],[-43.9158,-22.762],[-43.916,-22.7618]],[[-43.9195,-22.7651],[-43.9218,-22.7539],[-43.9162,-22.762],[-43.9194,-22.7653],[-43.9195,-22.7651]],[[-43.9244,-22.7152],[-43.9227,-22.7206],[-43.9281,-22.7277],[-43.9391,-22.7234],[-43.9248,-22.7155],[-43.9244,-22.7152]],[[-43.9793,-22.8605],[-43.9655,-22.8544],[-43.975,-22.8533],[-43.9694,-22.8467],[-43.9946,-22.8473],[-43.9955,-22.8505],[-44.0039,-22.8374],[-43.998,-22.8455],[-43.9695,-22.8394],[-43.9658,-22.8361],[-43.9705,-22.8351],[-43.9613,-22.8309],[-43.9781,-22.8224],[-43.9693,-22.8201],[-43.9666,-22.8143],[-43.9563,-22.8212],[-43.9622,-22.8163],[-43.9577,-22.8061],[-43.9492,-22.8147],[-43.9399,-22.7964],[-43.9392,-22.8039],[-43.9475,-22.8147],[-43.9419,-22.8164],[-43.9243,-22.8069],[-43.9373,-22.8227],[-43.9276,-22.8272],[-43.9367,-22.8315],[-43.9261,-22.8392],[-43.9471,-22.8434],[-43.9559,-22.8373],[-43.9633,-22.8422],[-43.9514,-22.845],[-43.9596,-22.8663],[-43.9654,-22.8717],[-43.9804,-22.8659],[-43.9793,-22.8605]],[[-43.9316,-22.7571],[-43.9252,-22.7499],[-43.9316,-22.757],[-43.9316,-22.7571]],[[-43.9272,-22.6889],[-43.9332,-22.6968],[-43.9283,-22.6887],[-43.9272,-22.6889]],[[-43.9324,-22.7963],[-43.9355,-22.7988],[-43.9332,-22.796],[-43.9324,-22.7963]],[[-43.9386,-22.704],[-43.9422,-22.7057],[-43.9388,-22.7113],[-43.9513,-22.7184],[-43.9533,-22.7142],[-43.9406,-22.7106],[-43.9455,-22.7059],[-43.9392,-22.7034],[-43.9386,-22.704]],[[-43.9522,-22.756],[-43.951,-22.7525],[-43.9453,-22.7543],[-43.9403,-22.7607],[-43.9437,-22.7627],[-43.9484,-22.7542],[-43.9523,-22.7563],[-43.9522,-22.756]],[[-43.9449,-22.7693],[-43.9416,-22.7648],[-43.9449,-22.7693],[-43.9449,-22.7693]],[[-43.9438,-22.7718],[-43.9426,-22.7764],[-43.9469,-22.7784],[-43.944,-22.7714],[-43.9438,-22.7718]],[[-43.9586,-22.7193],[-43.9525,-22.7186],[-43.945,-22.7278],[-43.9481,-22.725],[-43.9489,-22.7291],[-43.9589,-22.7202],[-43.9586,-22.7193]],[[-43.9567,-22.7642],[-43.946,-22.7654],[-43.9459,-22.7691],[-43.9569,-22.7644],[-43.9567,-22.7642]],[[-43.9605,-22.7634],[-43.957,-22.7617],[-43.9601,-22.7635],[-43.9605,-22.7634]],[[-43.9604,-22.7865],[-43.9626,-22.7961],[-43.9716,-22.7932],[-43.9692,-22.7887],[-43.9747,-22.7869],[-43.9661,-22.7839],[-43.9662,-22.7917],[-43.9605,-22.7871],[-43.9604,-22.7865]],[[-43.9658,-22.76],[-43.9624,-22.7632],[-43.9659,-22.7606],[-43.9658,-22.76]],[[-43.9676,-22.8066],[-43.9642,-22.8127],[-43.9679,-22.8068],[-43.9676,-22.8066]],[[-43.9716,-22.7616],[-43.9653,-22.7644],[-43.9712,-22.7619],[-43.9716,-22.7616]],[[-43.9793,-22.7559],[-43.9838,-22.7578],[-43.9795,-22.7678],[-43.977,-22.7638],[-43.9718,-22.7653],[-43.9761,-22.762],[-43.9727,-22.761],[-43.9653,-22.7677],[-43.9834,-22.7717],[-43.9835,-22.778],[-43.9861,-22.7702],[-43.9809,-22.7659],[-43.9865,-22.763],[-43.9831,-22.7591],[-43.996,-22.7629],[-43.9989,-22.7537],[-43.9935,-22.7545],[-43.9956,-22.7582],[-43.9794,-22.7557],[-43.9793,-22.7559]],[[-43.9719,-22.7789],[-43.9678,-22.7806],[-43.9722,-22.7795],[-43.9719,-22.7789]],[[-43.9729,-22.7821],[-43.9794,-22.7845],[-43.9815,-22.7925],[-43.9712,-22.7963],[-43.9892,-22.7998],[-43.984,-22.7882],[-43.9902,-22.7881],[-43.9871,-22.7796],[-43.983,-22.7815],[-43.9852,-22.7879],[-43.9813,-22.7798],[-43.9734,-22.7812],[-43.9729,-22.7821]],[[-43.9826,-22.7331],[-43.9747,-22.7384],[-43.9793,-22.7418],[-43.9846,-22.7386],[-43.9838,-22.7454],[-43.9894,-22.7466],[-43.9847,-22.7339],[-43.9826,-22.7331]],[[-43.978,-22.756],[-43.9749,-22.7548],[-43.9795,-22.7601],[-43.9779,-22.7572],[-43.978,-22.756]],[[-44.0646,-22.7989],[-44.0587,-22.7839],[-44.0359,-22.78],[-44.0295,-22.7834],[-44.0384,-22.7751],[-44.0327,-22.7789],[-44.0337,-22.7748],[-44.0175,-22.7701],[-44.0056,-22.7775],[-44.0077,-22.7813],[-44.0139,-22.7751],[-44.0233,-22.7769],[-44.0216,-22.7831],[-44.0416,-22.7913],[-44.0289,-22.7918],[-44.0353,-22.7997],[-44.0303,-22.7888],[-44.0164,-22.7874],[-44.0202,-22.7975],[-44.0381,-22.8115],[-44.0058,-22.8164],[-44.0005,-22.8093],[-44.0031,-22.8004],[-43.9965,-22.8122],[-43.9904,-22.8108],[-44.0023,-22.8196],[-43.9871,-22.8098],[-43.9867,-22.8147],[-44.0113,-22.8213],[-44.0272,-22.8182],[-44.0393,-22.8032],[-44.0422,-22.8067],[-44.037,-22.8188],[-44.0444,-22.8084],[-44.0515,-22.813],[-44.0536,-22.8077],[-44.0628,-22.8079],[-44.0499,-22.8032],[-44.0597,-22.8061],[-44.0587,-22.7997],[-44.0646,-22.7989]],[[-44.0515,-22.7916],[-44.0591,-22.7853],[-44.059,-22.7895],[-44.0522,-22.7917],[-44.0515,-22.7916]],[[-43.9836,-22.7479],[-43.9823,-22.751],[-43.9852,-22.7481],[-43.9836,-22.7479]],[[-44.0128,-22.7479],[-43.9991,-22.7561],[-44.0074,-22.7514],[-44.0053,-22.7558],[-44.0122,-22.759],[-44.0052,-22.757],[-43.9974,-22.7587],[-44.0035,-22.7601],[-44.0001,-22.7635],[-43.9871,-22.7632],[-43.9896,-22.7697],[-43.9915,-22.766],[-44.0031,-22.77],[-44.0041,-22.766],[-44.0086,-22.7741],[-44.011,-22.7713],[-44.0054,-22.7624],[-44.013,-22.7604],[-44.0119,-22.7533],[-44.0196,-22.751],[-44.0129,-22.7485],[-44.0128,-22.7479]],[[-43.9884,-22.8354],[-43.9878,-22.84],[-43.996,-22.8433],[-43.9888,-22.8356],[-43.9884,-22.8354]],[[-43.9967,-22.7717],[-43.9916,-22.7777],[-43.9966,-22.7718],[-43.9967,-22.7717]],[[-43.9955,-22.7493],[-43.9925,-22.7467],[-43.9954,-22.7495],[-43.9955,-22.7493]],[[-43.996,-22.8502],[-43.9931,-22.8516],[-44.0023,-22.8565],[-43.997,-22.8495],[-43.996,-22.8502]],[[-43.9975,-22.7849],[-43.9942,-22.784],[-43.9943,-22.7887],[-43.9969,-22.7857],[-43.9975,-22.7849]],[[-44.0073,-22.7903],[-44.0059,-22.7845],[-43.9984,-22.7885],[-44.0057,-22.7913],[-44.0073,-22.7903]],[[-44.008,-22.8269],[-44.0044,-22.8246],[-44.0076,-22.8271],[-44.008,-22.8269]],[[-44.0139,-22.7906],[-44.0086,-22.788],[-44.0146,-22.7915],[-44.0139,-22.7906]],[[-44.019,-22.7613],[-44.0154,-22.762],[-44.0183,-22.7661],[-44.0088,-22.7645],[-44.0157,-22.7684],[-44.0127,-22.7719],[-44.0334,-22.7626],[-44.0184,-22.7618],[-44.019,-22.7613]],[[-44.0217,-22.8355],[-44.0128,-22.8329],[-44.0212,-22.8353],[-44.0217,-22.8355]],[[-44.025,-22.8243],[-44.0213,-22.8256],[-44.0253,-22.8243],[-44.025,-22.8243]],[[-44.0336,-22.8336],[-44.0296,-22.8304],[-44.0286,-22.8363],[-44.0229,-22.835],[-44.0316,-22.8411],[-44.0258,-22.8485],[-44.0336,-22.8443],[-44.037,-22.8366],[-44.0337,-22.8336],[-44.0336,-22.8336]],[[-44.0318,-22.8217],[-44.0295,-22.8171],[-44.025,-22.8185],[-44.0314,-22.8218],[-44.0318,-22.8217]],[[-44.0267,-22.8246],[-44.0336,-22.8304],[-44.0274,-22.8249],[-44.0267,-22.8246]],[[-44.0654,-22.8048],[-44.0614,-22.7985],[-44.0654,-22.8053],[-44.0654,-22.8048]]]}},{"type":"Feature","properties":{"cod_imovel":"RJ-3304409-2CD6B9D174904FBFA03E23330ED0E3AE","num_area":"103.08780000000000000000000000000","ind_status":"AT","des_condic":"Aguardando analise"},"geometry":{"type":"Polygon","coordinates":[[[-44.0389,-22.6723],[-44.0348,-22.68],[-44.0396,-22.6818],[-44.0421,-22.6777],[-44.0396,-22.6818],[-44.047,-22.6825],[-44.0387,-22.673],[-44.0389,-22.6723]],[[-44.0358,-22.6779],[-44.0323,-22.6749],[-44.0297,-22.6782],[-44.0356,-22.678],[-44.0358,-22.6779]],[[-44.0323,-22.6749],[-44.0262,-22.678],[-44.0322,-22.675],[-44.0323,-22.6749]],[[-44.047,-22.6825],[-44.0551,-22.683],[-44.047,-22.6825],[-44.047,-22.6825]]]}},{"type":"Feature","properties":{"cod_imovel":"RJ-3304409-7425F39A85AE4B2DA72F7E33A621C389","num_area":"431.14040000000000000000000000000","ind_status":"CA","des_condic":"Cancelado por decisao administrativa"},"geometry":{"type":"Polygon","coordinates":[[[-44.1231,-22.7404],[-44.1287,-22.7481],[-44.1321,-22.7467],[-44.1258,-22.7403],[-44.1231,-22.7404]],[[-44.1359,-22.7706],[-44.1427,-22.776],[-44.1361,-22.7708],[-44.1359,-22.7706]],[[-44.1242,-22.7501],[-44.115,-22.7518],[-44.1126,-22.7584],[-44.1162,-22.7638],[-44.1277,-22.7611],[-44.1236,-22.7593],[-44.1281,-22.7531],[-44.1162,-22.7554],[-44.1251,-22.7493],[-44.1242,-22.7501]],[[-44.1424,-22.7479],[-44.1431,-22.7552],[-44.1425,-22.7478],[-44.1424,-22.7479]],[[-44.1327,-22.7598],[-44.1299,-22.7548],[-44.1367,-22.7571],[-44.1436,-22.7502],[-44.1347,-22.7528],[-44.1428,-22.7434],[-44.1327,-22.7384],[-44.1372,-22.7456],[-44.1291,-22.7503],[-44.1324,-22.7592],[-44.1327,-22.7598]],[[-44.146,-22.7399],[-44.1394,-22.7338],[-44.1374,-22.7368],[-44.1527,-22.7448],[-44.1429,-22.745],[-44.1487,-22.756],[-44.1475,-22.7491],[-44.1546,-22.7485],[-44.1461,-22.74],[-44.146,-22.7399]]]}},{"type":"Feature","properties":{"cod_imovel":"RJ-3304409-490A1B7F8317422EACF3268FD7C2B7E3","num_area":"140.87300000000000000000000000000","ind_status":"CA","des_condic":"Cancelado por decisao administrativa"},"geometry":{"type":"Polygon","coordinates":[[[-44.0897,-22.7739],[-44.0981,-22.7686],[-44.0892,-22.7737],[-44.0897,-22.7739]],[[-44.0889,-22.764],[-44.0804,-22.7703],[-44.0818,-22.7761],[-44.0788,-22.7715],[-44.0827,-22.7797],[-44.0827,-22.775],[-44.0863,-22.7767],[-44.0859,-22.7724],[-44.0958,-22.7669],[-44.0896,-22.7645],[-44.0889,-22.764]]]}},{"type":"Feature","properties":{"cod_imovel":"RJ-3304409-1563083877884B09AA98D76A5173AE9A","num_area":"30.424900000000000000000000000000","ind_status":"CA","des_condic":"Cancelado por decisao administrativa"},"geometry":{"type":"Polygon","coordinates":[[[-44.0176,-22.721],[-44.0223,-22.7107],[-44.0176,-22.721],[-44.0176,-22.721]]]}},{"type":"Feature","properties":{"cod_imovel":"RJ-3304409-3FA3E66F1ACF4A9CAE3F93A0B8DE42DC","num_area":"30.591500000000000000000000000000","ind_status":"CA","des_condic":"Cancelado por decisao administrativa"},"geometry":{"type":"Polygon","coordinates":[[[-44.0443,-22.7578],[-44.0455,-22.7637],[-44.05,-22.7632],[-44.0451,-22.7578],[-44.0443,-22.7578]]]}},{"type":"Feature","properties":{"cod_imovel":"RJ-3304409-2339E102E5DB4035A0999B80AFF04FFA","num_area":"7.8746000000000000000000000000000","ind_status":"CA","des_condic":"Cancelado por decisao administrativa"},"geometry":{"type":"Polygon","coordinates":[[[-44.05,-22.8683],[-44.0472,-22.8707],[-44.05,-22.8683],[-44.05,-22.8683]]]}},{"type":"Feature","properties":{"cod_imovel":"RJ-3304409-AD4F2386EF8F4DE8A8D067BC15CF2D35","num_area":"60.498600000000000000000000000000","ind_status":"CA","des_condic":"Cancelado por decisao administrativa"},"geometry":{"type":"Polygon","coordinates":[[[-44.1135,-22.7604],[-44.116,-22.7638],[-44.1135,-22.7604],[-44.1135,-22.7604]],[[-44.1075,-22.7519],[-44.1061,-22.7557],[-44.1128,-22.7562],[-44.1175,-22.7508],[-44.1101,-22.7472],[-44.1081,-22.7506],[-44.1075,-22.7519]]]}},{"type":"Feature","properties":{"cod_imovel":"RJ-3304409-3123E3F44E9740DEA15332B9C203F813","num_area":"107.03600000000000000000000000000","ind_status":"CA","des_condic":"Cancelado por decisao administrativa"},"geometry":{"type":"Polygon","coordinates":[[[-44.0266,-22.7209],[-44.0239,-22.7141],[-44.0191,-22.7203],[-44.0266,-22.7213],[-44.0266,-22.7209]],[[-44.0179,-22.7214],[-44.0229,-22.7272],[-44.0181,-22.7278],[-44.0153,-22.7358],[-44.0203,-22.7381],[-44.0193,-22.7299],[-44.027,-22.7225],[-44.0185,-22.7221],[-44.0179,-22.7214]],[[-44.0191,-22.7327],[-44.0198,-22.737],[-44.0189,-22.7329],[-44.0191,-22.7327]]]}},{"type":"Feature","properties":{"cod_imovel":"RJ-3304409-3687AD05A03E41FD8A863A3CB98C1CDA","num_area":"63.040400000000000000000000000000","ind_status":"CA","des_condic":"Cancelado por decisao administrativa"},"geometry":{"type":"Polygon","coordinates":[[[-44.0103,-22.726],[-44.0106,-22.7319],[-44.0175,-22.7214],[-44.0108,-22.7208],[-44.0103,-22.7259],[-44.0103,-22.726]],[[-44.0147,-22.7356],[-44.019,-22.7322],[-44.0176,-22.7214],[-44.0148,-22.735],[-44.0147,-22.7356]],[[-44.0141,-22.7264],[-44.0162,-22.7225],[-44.0132,-22.7266],[-44.0141,-22.7264]]]}},{"type":"Feature","properties":{"cod_imovel":"RJ-3304409-795E24ACDA564A86BC55D0C1466B76ED","num_area":"167.59170000000000000000000000000","ind_status":"CA","des_condic":"Cancelado por decisao administrativa"},"geometry":{"type":"Polygon","coordinates":[[[-44.0729,-22.7421],[-44.0752,-22.7313],[-44.0588,-22.7421],[-44.0702,-22.7474],[-44.0716,-22.742],[-44.0729,-22.7421]],[[-44.1008,-22.7491],[-44.1012,-22.744],[-44.0904,-22.7427],[-44.1007,-22.7491],[-44.1008,-22.7491]]]}},{"type":"Feature","properties":{"cod_imovel":"RJ-3304409-88F6229DE03B4C2B9F6DAA265C41894F","num_area":"10.522100000000000000000000000000","ind_status":"AT","des_condic":"Aguardando analise"},"geometry":{"type":"Polygon","coordinates":[[[-44.0435,-22.6477],[-44.0466,-22.647],[-44.0435,-22.6476],[-44.0435,-22.6477]],[[-44.0432,-22.6481],[-44.0494,-22.6467],[-44.0433,-22.648],[-44.0432,-22.6481]]]}},{"type":"Feature","properties":{"cod_imovel":"RJ-3304409-2CAEBE7DC8CF4E51870E71A56C8CCB44","num_area":"50.565900000000000000000000000000","ind_status":"AT","des_condic":"Aguardando analise"},"geometry":{"type":"Polygon","coordinates":[[[-44.1784,-22.828],[-44.1847,-22.8271],[-44.1838,-22.8217],[-44.1747,-22.8261],[-44.1784,-22.828],[-44.1784,-22.828]],[[-44.1722,-22.8216],[-44.1793,-22.8262],[-44.1722,-22.8216],[-44.1722,-22.8216]],[[-44.1806,-22.8245],[-44.1758,-22.8199],[-44.1807,-22.8242],[-44.1806,-22.8245]]]}},{"type":"Feature","properties":{"cod_imovel":"RJ-3304409-0905B41282B24386909FA741CE7704FA","num_area":"22.986700000000000000000000000000","ind_status":"AT","des_condic":"Aguardando analise"},"geometry":{"type":"Polygon","coordinates":[[[-44.079,-22.753],[-44.0733,-22.7519],[-44.0787,-22.753],[-44.079,-22.753]],[[-44.0666,-22.752],[-44.0733,-22.7544],[-44.0669,-22.7518],[-44.0666,-22.752]],[[-44.0735,-22.7525],[-44.0787,-22.753],[-44.0733,-22.7522],[-44.0735,-22.7525]]]}},{"type":"Feature","properties":{"cod_imovel":"RJ-3304409-023D523362084FA5BFAEEC11AD3C6439","num_area":"21.276300000000000000000000000000","ind_status":"AT","des_condic":"Aguardando analise"},"geometry":{"type":"Polygon","coordinates":[[[-44.0953,-22.6879],[-44.0895,-22.6908],[-44.0941,-22.6879],[-44.0953,-22.6879]],[[-44.0896,-22.6911],[-44.0956,-22.6882],[-44.0895,-22.6909],[-44.0896,-22.6911]]]}},{"type":"Feature","properties":{"cod_imovel":"RJ-3304409-065D058C60D841529D460A77ED37AE56","num_area":"23.799400000000000000000000000000","ind_status":"AT","des_condic":"Aguardando analise"},"geometry":{"type":"Polygon","coordinates":[[[-44.1455,-22.6687],[-44.1519,-22.67],[-44.1516,-22.6654],[-44.1455,-22.6685],[-44.1455,-22.6687]]]}},{"type":"Feature","properties":{"cod_imovel":"RJ-3304409-08469CB773B24A48A4473CFE7287F746","num_area":"20.135300000000000000000000000000","ind_status":"AT","des_condic":"Aguardando analise"},"geometry":{"type":"Polygon","coordinates":[[[-44.1051,-22.7182],[-44.1083,-22.7243],[-44.1127,-22.7197],[-44.1055,-22.7182],[-44.1051,-22.7182]]]}},{"type":"Feature","properties":{"cod_imovel":"RJ-3304409-07C81305EBD0444B867A411546F3D0A2","num_area":"173.07830000000000000000000000000","ind_status":"AT","des_condic":"Aguardando analise"},"geometry":{"type":"Polygon","coordinates":[[[-44.0543,-22.716],[-44.0593,-22.7104],[-44.0473,-22.7147],[-44.0466,-22.7109],[-44.052,-22.7104],[-44.0354,-22.7097],[-44.0359,-22.7195],[-44.0388,-22.7159],[-44.0423,-22.7215],[-44.0504,-22.7207],[-44.0545,-22.7148],[-44.0543,-22.716]],[[-44.055,-22.7102],[-44.0587,-22.7106],[-44.0549,-22.7156],[-44.0549,-22.7102],[-44.055,-22.7102]],[[-44.0515,-22.7132],[-44.0485,-22.7187],[-44.0519,-22.7124],[-44.0515,-22.7132]],[[-44.0517,-22.72],[-44.0537,-22.7167],[-44.0519,-22.7191],[-44.0517,-22.72]]]}},{"type":"Feature","properties":{"cod_imovel":"RJ-3304409-0A6199E26DB443CDB665A54AFA0CF756","num_area":"263.49330000000000000000000000000","ind_status":"AT","des_condic":"Aguardando analise"},"geometry":{"type":"Polygon","coordinates":[[[-44.0935,-22.7243],[-44.0905,-22.7218],[-44.0946,-22.7162],[-44.081,-22.7153],[-44.0841,-22.7131],[-44.0807,-22.7089],[-44.0749,-22.716],[-44.081,-22.7205],[-44.074,-22.725],[-44.0803,-22.7249],[-44.0846,-22.7176],[-44.0938,-22.7246],[-44.0935,-22.7243]],[[-44.0732,-22.7255],[-44.0775,-22.7384],[-44.084,-22.7232],[-44.0932,-22.7262],[-44.0846,-22.7176],[-44.0803,-22.725],[-44.0738,-22.725],[-44.0732,-22.7255]]]}},{"type":"Feature","properties":{"cod_imovel":"RJ-3304409-0D7E1EE7307A47668FC59E4922653738","num_area":"19.977100000000000000000000000000","ind_status":"PE","des_condic":"Analisado, aguardando atendimento a notificacao"},"geometry":{"type":"Polygon","coordinates":[[[-44.0933,-22.7236],[-44.0953,-22.7156],[-44.0931,-22.7234],[-44.0933,-22.7236]]]}},{"type":"Feature","properties":{"cod_imovel":"RJ-3304409-A689F2D92E9342B78F24ED86C808CCD6","num_area":"10.365000000000000000000000000000","ind_status":"AT","des_condic":"Aguardando analise"},"geometry":{"type":"Polygon","coordinates":[[[-44.0754,-22.8044],[-44.0728,-22.8067],[-44.0768,-22.8075],[-44.0754,-22.8045],[-44.0754,-22.8044]]]}},{"type":"Feature","properties":{"cod_imovel":"RJ-3304409-0841A71DFFBD4536811A619686C8533C","num_area":"32.655000000000000000000000000000","ind_status":"CA","des_condic":"Cancelado por duplicidade"},"geometry":{"type":"Polygon","coordinates":[[[-44.1812,-22.7997],[-44.1762,-22.7919],[-44.1706,-22.7964],[-44.1812,-22.7997],[-44.1812,-22.7997]],[[-44.1743,-22.7919],[-44.1735,-22.7959],[-44.1743,-22.792],[-44.1743,-22.7919]],[[-44.1724,-22.7949],[-44.1687,-22.7928],[-44.1724,-22.7949],[-44.1724,-22.7949]]]}},{"type":"Feature","properties":{"cod_imovel":"RJ-3304409-481650F41D5843059CBF76A3F1118085","num_area":"169.98350000000000000000000000000","ind_status":"CA","des_condic":"Cancelado por duplicidade"},"geometry":{"type":"Polygon","coordinates":[[[-44.0076,-22.6918],[-44.007,-22.6863],[-44.0076,-22.6917],[-44.0076,-22.6918]],[[-44.0331,-22.6842],[-44.0288,-22.6865],[-44.0329,-22.6804],[-44.0295,-22.6787],[-44.0219,-22.6792],[-44.0194,-22.6867],[-44.0124,-22.6849],[-44.0199,-22.6774],[-44.0085,-22.686],[-44.0156,-22.6885],[-44.0093,-22.6898],[-44.0125,-22.6928],[-44.0192,-22.6876],[-44.031,-22.6889],[-44.0331,-22.6843],[-44.0331,-22.6842]],[[-44.0272,-22.6809],[-44.0226,-22.6823],[-44.0269,-22.6804],[-44.0272,-22.6809]]]}},{"type":"Feature","properties":{"cod_imovel":"RJ-3304409-5CBEC064B5A44EDB805D112FE17DDAA2","num_area":"452.33970000000000000000000000000","ind_status":"AT","des_condic":"Aguardando analise"},"geometry":{"type":"Polygon","coordinates":[[[-44.1283,-22.7539],[-44.1137,-22.7613],[-44.1189,-22.7638],[-44.1283,-22.7539],[-44.1283,-22.7539]],[[-44.1186,-22.752],[-44.1144,-22.7515],[-44.1185,-22.752],[-44.1186,-22.752]],[[-44.1163,-22.7542],[-44.1243,-22.7504],[-44.1215,-22.7444],[-44.1222,-22.7508],[-44.1163,-22.7542],[-44.1163,-22.7542]],[[-44.1221,-22.7433],[-44.119,-22.7415],[-44.117,-22.7478],[-44.1219,-22.7435],[-44.1221,-22.7433]],[[-44.1255,-22.7633],[-44.1221,-22.7602],[-44.1209,-22.7653],[-44.1169,-22.7643],[-44.1253,-22.7639],[-44.1255,-22.7633]],[[-44.1246,-22.7546],[-44.1256,-22.7515],[-44.1183,-22.7556],[-44.1245,-22.7546],[-44.1246,-22.7546]],[[-44.1216,-22.7394],[-44.1223,-22.7459],[-44.131,-22.7473],[-44.1219,-22.7396],[-44.1216,-22.7394]],[[-44.1257,-22.7626],[-44.1267,-22.758],[-44.1226,-22.7599],[-44.1257,-22.7626],[-44.1257,-22.7626]],[[-44.1261,-22.7624],[-44.1227,-22.7607],[-44.1264,-22.762],[-44.1261,-22.7624]],[[-44.1355,-22.7483],[-44.129,-22.7501],[-44.1288,-22.7579],[-44.1354,-22.7483],[-44.1355,-22.7483]],[[-44.1417,-22.7474],[-44.1366,-22.7413],[-44.1366,-22.7498],[-44.1319,-22.7492],[-44.1298,-22.7584],[-44.1333,-22.7593],[-44.1323,-22.7539],[-44.1368,-22.7572],[-44.1421,-22.7543],[-44.143,-22.7511],[-44.1358,-22.7506],[-44.139,-22.7482],[-44.136,-22.7469],[-44.1417,-22.7475],[-44.1417,-22.7474]],[[-44.1361,-22.7461],[-44.1327,-22.7472],[-44.1377,-22.7451],[-44.1327,-22.7383],[-44.1361,-22.7461],[-44.1361,-22.7461]],[[-44.1323,-22.7379],[-44.1371,-22.7385],[-44.1324,-22.7379],[-44.1323,-22.7379]],[[-44.1347,-22.7421],[-44.1326,-22.7399],[-44.1347,-22.7421],[-44.1347,-22.7421]],[[-44.138,-22.7354],[-44.1384,-22.7398],[-44.1405,-22.7374],[-44.138,-22.7354]],[[-44.1385,-22.7411],[-44.1418,-22.7461],[-44.1385,-22.7412],[-44.1385,-22.7411]],[[-44.1427,-22.7552],[-44.1423,-22.7453],[-44.1461,-22.7439],[-44.1385,-22.7403],[-44.143,-22.7434],[-44.1428,-22.7551],[-44.1427,-22.7552]],[[-44.14,-22.7339],[-44.1416,-22.7402],[-44.1538,-22.7445],[-44.1399,-22.7338],[-44.14,-22.7339]],[[-44.143,-22.7509],[-44.1403,-22.7484],[-44.1429,-22.7508],[-44.143,-22.7509]],[[-44.1431,-22.753],[-44.1424,-22.7483],[-44.143,-22.753],[-44.1431,-22.753]],[[-44.1444,-22.7517],[-44.1499,-22.7445],[-44.1429,-22.7453],[-44.1444,-22.7516],[-44.1444,-22.7517]],[[-44.1491,-22.7456],[-44.1448,-22.7517],[-44.1486,-22.7563],[-44.1493,-22.7455],[-44.1491,-22.7456]],[[-44.1527,-22.7501],[-44.1513,-22.7445],[-44.1525,-22.7496],[-44.1527,-22.7501]]]}},{"type":"Feature","properties":{"cod_imovel":"RJ-3304409-0C6CDED06742472C84EB817A8F045B29","num_area":"16.555300000000000000000000000000","ind_status":"AT","des_condic":"Aguardando analise"},"geometry":{"type":"Polygon","coordinates":[[[-44.0309,-22.6523],[-44.0252,-22.6534],[-44.0301,-22.6555],[-44.031,-22.6523],[-44.0309,-22.6523]]]}},{"type":"Feature","properties":{"cod_imovel":"RJ-3304409-19A931A65E5B44E98A11F18D97025300","num_area":"25.280100000000000000000000000000","ind_status":"AT","des_condic":"Aguardando analise"},"geometry":{"type":"Polygon","coordinates":[[[-44.0356,-22.7647],[-44.0315,-22.7631],[-44.027,-22.7685],[-44.0356,-22.7647],[-44.0356,-22.7647]],[[-44.0272,-22.7689],[-44.0322,-22.7671],[-44.027,-22.7686],[-44.0272,-22.7689]]]}},{"type":"Feature","properties":{"cod_imovel":"RJ-3304409-1B19D500369548F3B5E36B91F498FFEE","num_area":"15.358700000000000000000000000000","ind_status":"AT","des_condic":"Aguardando analise"},"geometry":{"type":"Polygon","coordinates":[[[-44.102,-22.6584],[-44.0929,-22.6562],[-44.1015,-22.6594],[-44.102,-22.6584]]]}},{"type":"Feature","properties":{"cod_imovel":"RJ-3304409-1B90130C7EBF4958A3C61B334860025C","num_area":"71.739000000000000000000000000000","ind_status":"AT","des_condic":"Aguardando analise"},"geometry":{"type":"Polygon","coordinates":[[[-44.1499,-22.7789],[-44.1471,-22.776],[-44.1384,-22.7801],[-44.1368,-22.7882],[-44.1499,-22.779],[-44.1499,-22.7789]]]}},{"type":"Feature","properties":{"cod_imovel":"RJ-3304409-1CB40A6BFC0840F498608F5E92F9444D","num_area":"41.756500000000000000000000000000","ind_status":"PE","des_condic":"Analisado, aguardando atendimento a notificacao"},"geometry":{"type":"Polygon","coordinates":[[[-44.0897,-22.6964],[-44.0901,-22.6929],[-44.084,-22.6963],[-44.0891,-22.6922],[-44.0824,-22.6966],[-44.0896,-22.6965],[-44.0897,-22.6964]],[[-44.081,-22.6944],[-44.0763,-22.6958],[-44.0811,-22.6986],[-44.0813,-22.6945],[-44.081,-22.6944]]]}},{"type":"Feature","properties":{"cod_imovel":"RJ-3304409-2B4B4915EA9E4410BFBA8A07250FF772","num_area":"355.46290000000000000000000000000","ind_status":"AT","des_condic":"Aguardando analise"},"geometry":{"type":"Polygon","coordinates":[[[-44.1136,-22.7308],[-44.1079,-22.7293],[-44.106,-22.7331],[-44.1107,-22.7334],[-44.1095,-22.7446],[-44.1137,-22.7443],[-44.1084,-22.746],[-44.1191,-22.7485],[-44.1199,-22.7526],[-44.1245,-22.7498],[-44.1223,-22.743],[-44.1145,-22.7367],[-44.1115,-22.7425],[-44.1136,-22.7309],[-44.1136,-22.7308]],[[-44.1168,-22.7273],[-44.1043,-22.725],[-44.0986,-22.7291],[-44.1048,-22.7325],[-44.1058,-22.7268],[-44.1147,-22.7308],[-44.1163,-22.7271],[-44.1168,-22.7273]],[[-44.1248,-22.7304],[-44.1154,-22.7306],[-44.1211,-22.7342],[-44.1248,-22.7305],[-44.1248,-22.7304]],[[-44.1014,-22.7292],[-44.1046,-22.733],[-44.1015,-22.729],[-44.1014,-22.7292]],[[-44.105,-22.7332],[-44.1133,-22.7299],[-44.1058,-22.7268],[-44.1049,-22.7332],[-44.105,-22.7332]],[[-44.1136,-22.7308],[-44.1202,-22.7345],[-44.1136,-22.7308],[-44.1136,-22.7308]],[[-44.1202,-22.7345],[-44.1136,-22.7309],[-44.1164,-22.7403],[-44.1226,-22.7427],[-44.1202,-22.7344],[-44.1202,-22.7345]],[[-44.1219,-22.7346],[-44.1242,-22.7315],[-44.1221,-22.7345],[-44.1219,-22.7346]]]}},{"type":"Feature","properties":{"cod_imovel":"RJ-3304409-36FBBFAF56D94BEEBDD0E2676E2E020E","num_area":"7.5873000000000000000000000000000","ind_status":"AT","des_condic":"Aguardando analise"},"geometry":{"type":"Polygon","coordinates":[[[-44.0677,-22.6794],[-44.065,-22.6764],[-44.0676,-22.6795],[-44.0677,-22.6794]]]}},{"type":"Feature","properties":{"cod_imovel":"RJ-3304409-3E719783F40D4C7295A99EF8D9C978AA","num_area":"18.281300000000000000000000000000","ind_status":"AT","des_condic":"Aguardando analise"},"geometry":{"type":"Polygon","coordinates":[[[-44.1241,-22.7676],[-44.1275,-22.7616],[-44.1244,-22.7673],[-44.1241,-22.7676]],[[-44.1275,-22.7616],[-44.1241,-22.7676],[-44.1274,-22.7616],[-44.1275,-22.7616]]]}},{"type":"Feature","properties":{"cod_imovel":"RJ-3304409-5195C6624C824E4280009DCF98102308","num_area":"11.495100000000000000000000000000","ind_status":"AT","des_condic":"Aguardando analise"},"geometry":{"type":"Polygon","coordinates":[[[-44.134,-22.7729],[-44.131,-22.775],[-44.134,-22.7729],[-44.134,-22.7729]]]}},{"type":"Feature","properties":{"cod_imovel":"RJ-3304409-523FC18A86D54512A5709F89E460C251","num_area":"33.580600000000000000000000000000","ind_status":"AT","des_condic":"Aguardando analise"},"geometry":{"type":"Polygon","coordinates":[[[-44.1614,-22.7516],[-44.1563,-22.7497],[-44.1602,-22.7517],[-44.1614,-22.7516]],[[-44.1569,-22.7549],[-44.163,-22.7533],[-44.1577,-22.7499],[-44.1571,-22.7546],[-44.1569,-22.7549]]]}},{"type":"Feature","properties":{"cod_imovel":"RJ-3304409-544741069B6D439F934CB430AE987DF7","num_area":"47.012700000000000000000000000000","ind_status":"AT","des_condic":"Aguardando analise"},"geometry":{"type":"Polygon","coordinates":[[[-44.1435,-22.6873],[-44.1527,-22.6853],[-44.1434,-22.6803],[-44.1435,-22.6862],[-44.1435,-22.6873]],[[-44.1472,-22.6816],[-44.1434,-22.6802],[-44.1468,-22.6816],[-44.1472,-22.6816]]]}},{"type":"Feature","properties":{"cod_imovel":"RJ-3304409-5B6A0F67762C402DBC3E10A7C1399F75","num_area":"154.12450000000000000000000000000","ind_status":"AT","des_condic":"Aguardando analise"},"geometry":{"type":"Polygon","coordinates":[[[-44.0576,-22.7079],[-44.0547,-22.7097],[-44.0585,-22.709],[-44.0576,-22.7079]],[[-44.0467,-22.7107],[-44.0477,-22.7071],[-44.0446,-22.7108],[-44.0467,-22.7107]],[[-44.0498,-22.6959],[-44.0479,-22.6995],[-44.0517,-22.6996],[-44.0457,-22.7047],[-44.0546,-22.7102],[-44.0502,-22.6966],[-44.0498,-22.6959]],[[-44.0452,-22.7049],[-44.0378,-22.71],[-44.0441,-22.7024],[-44.0369,-22.7],[-44.0393,-22.7047],[-44.0349,-22.7089],[-44.0404,-22.711],[-44.0455,-22.7047],[-44.0452,-22.7049]]]}},{"type":"Feature","properties":{"cod_imovel":"RJ-3304409-AD398B421EC142198F96BA2288D8BD3B","num_area":"4.2372000000000000000000000000000","ind_status":"AT","des_condic":"Aguardando analise"},"geometry":{"type":"Polygon","coordinates":[[[-44.1323,-22.7716],[-44.1305,-22.7745],[-44.1325,-22.7716],[-44.1323,-22.7716]]]}},{"type":"Feature","properties":{"cod_imovel":"RJ-3304409-7552C72C6FD14F6A834A72769D742D04","num_area":"68.743200000000000000000000000000","ind_status":"AT","des_condic":"Aguardando analise"},"geometry":{"type":"Polygon","coordinates":[[[-44.0888,-22.7971],[-44.0855,-22.7996],[-44.0888,-22.7971],[-44.0888,-22.7971]],[[-44.0855,-22.7997],[-44.0886,-22.8095],[-44.0923,-22.7989],[-44.0903,-22.8029],[-44.0868,-22.7992],[-44.0855,-22.7997]]]}},{"type":"Feature","properties":{"cod_imovel":"RJ-3304409-9EC2CB9CDDD849838A4E4613CF4CD57F","num_area":"4.8129000000000000000000000000000","ind_status":"AT","des_condic":"Aguardando analise"},"geometry":{"type":"Polygon","coordinates":[[[-44.1819,-22.8],[-44.18,-22.7971],[-44.182,-22.8001],[-44.1819,-22.8]]]}},{"type":"Feature","properties":{"cod_imovel":"RJ-3304409-8D2EDC52C10E4612864A874F913564F6","num_area":"40.699900000000000000000000000000","ind_status":"AT","des_condic":"Aguardando analise"},"geometry":{"type":"Polygon","coordinates":[[[-44.1646,-22.7038],[-44.1754,-22.7077],[-44.1651,-22.6985],[-44.1606,-22.7015],[-44.1641,-22.7033],[-44.1646,-22.7038]]]}},{"type":"Feature","properties":{"cod_imovel":"RJ-3304409-8D78765EC6C14E23B18BFC77C5D02FAC","num_area":"4.7354000000000000000000000000000","ind_status":"PE","des_condic":"Analisado, aguardando atendimento a notificacao"},"geometry":{"type":"Polygon","coordinates":[[[-44.0862,-22.7159],[-44.093,-22.7152],[-44.0861,-22.7158],[-44.0862,-22.7159]]]}},{"type":"Feature","properties":{"cod_imovel":"RJ-3304409-8E2E7651EC244774BADF243249F9303B","num_area":"16.235700000000000000000000000000","ind_status":"AT","des_condic":"Aguardando analise"},"geometry":{"type":"Polygon","coordinates":[[[-44.1392,-22.8227],[-44.1481,-22.8237],[-44.1393,-22.8226],[-44.1392,-22.8227]],[[-44.1481,-22.8237],[-44.1472,-22.8198],[-44.1486,-22.8229],[-44.1481,-22.8237]]]}},{"type":"Feature","properties":{"cod_imovel":"RJ-3304409-91F7BA9753B94735B470FC168764F579","num_area":"111.04220000000000000000000000000","ind_status":"AT","des_condic":"Aguardando analise"},"geometry":{"type":"Polygon","coordinates":[[[-44.0926,-22.6522],[-44.1026,-22.6547],[-44.1044,-22.6468],[-44.0992,-22.6437],[-44.1033,-22.6393],[-44.09,-22.6396],[-44.0954,-22.6465],[-44.1022,-22.6454],[-44.093,-22.6512],[-44.0926,-22.6522]],[[-44.101,-22.6514],[-44.1026,-22.6547],[-44.0995,-22.6518],[-44.101,-22.6514]]]}},{"type":"Feature","properties":{"cod_imovel":"RJ-3304409-94A10C137ADF4D65A683040CE753B711","num_area":"25.568000000000000000000000000000","ind_status":"AT","des_condic":"Aguardando analise"},"geometry":{"type":"Polygon","coordinates":[[[-44.1289,-22.7878],[-44.1341,-22.7872],[-44.129,-22.7839],[-44.1277,-22.7869],[-44.1289,-22.7878]],[[-44.1316,-22.7902],[-44.1369,-22.7883],[-44.1314,-22.79],[-44.1316,-22.7902]]]}},{"type":"Feature","properties":{"cod_imovel":"RJ-3304409-9DAB54AB511641A89080887B433B5D45","num_area":"24.104600000000000000000000000000","ind_status":"AT","des_condic":"Aguardando analise"},"geometry":{"type":"Polygon","coordinates":[[[-44.138,-22.815],[-44.1408,-22.8197],[-44.1378,-22.8151],[-44.138,-22.815]],[[-44.1359,-22.8201],[-44.1411,-22.8206],[-44.1359,-22.8198],[-44.1359,-22.8201]],[[-44.1396,-22.8183],[-44.1362,-22.8159],[-44.1396,-22.8182],[-44.1396,-22.8183]]]}},{"type":"Feature","properties":{"cod_imovel":"RJ-3304409-9F49DBB4449D4C9A901D9534603F4BEB","num_area":"125.09280000000000000000000000000","ind_status":"AT","des_condic":"Aguardando analise"},"geometry":{"type":"Polygon","coordinates":[[[-44.1052,-22.6617],[-44.1012,-22.6619],[-44.118,-22.6708],[-44.1261,-22.6676],[-44.1061,-22.6593],[-44.1052,-22.6617]],[[-44.1012,-22.6619],[-44.1139,-22.6685],[-44.102,-22.6623],[-44.1012,-22.6619]]]}},{"type":"Feature","properties":{"cod_imovel":"RJ-3304409-A1EC51ED5F9B4FE484520FC6B6E7604B","num_area":"114.50140000000000000000000000000","ind_status":"AT","des_condic":"Aguardando analise"},"geometry":{"type":"Polygon","coordinates":[[[-44.1477,-22.7247],[-44.1556,-22.7298],[-44.1463,-22.7264],[-44.1445,-22.7344],[-44.16,-22.7294],[-44.1576,-22.7209],[-44.1535,-22.7262],[-44.1479,-22.7248],[-44.1477,-22.7247]],[[-44.1459,-22.7332],[-44.1521,-22.7319],[-44.1458,-22.7329],[-44.1459,-22.7332]]]}},{"type":"Feature","properties":{"cod_imovel":"RJ-3304409-B41EBBFF2F564472BF6ADD1CDFA6BB9F","num_area":"53.811000000000000000000000000000","ind_status":"AT","des_condic":"Aguardando analise"},"geometry":{"type":"Polygon","coordinates":[[[-44.0863,-22.7864],[-44.0844,-22.7916],[-44.0864,-22.7868],[-44.0863,-22.7864]],[[-44.0841,-22.7919],[-44.0792,-22.7945],[-44.0827,-22.7962],[-44.0842,-22.7919],[-44.0841,-22.7919]],[[-44.0814,-22.7909],[-44.086,-22.7865],[-44.0815,-22.7908],[-44.0814,-22.7909]],[[-44.0799,-22.7893],[-44.0753,-22.7949],[-44.0799,-22.7894],[-44.0799,-22.7893]],[[-44.0857,-22.7941],[-44.0889,-22.7855],[-44.0856,-22.794],[-44.0857,-22.7941]]]}},{"type":"Feature","properties":{"cod_imovel":"RJ-3304409-B9452CFE05E747CA84B191CDCDE287F4","num_area":"73.786400000000000000000000000000","ind_status":"AT","des_condic":"Aguardando analise"},"geometry":{"type":"Polygon","coordinates":[[[-44.0611,-22.7132],[-44.0558,-22.7153],[-44.0624,-22.717],[-44.0589,-22.7198],[-44.0553,-22.7154],[-44.0565,-22.7244],[-44.0646,-22.7177],[-44.0613,-22.7133],[-44.0611,-22.7132]]]}},{"type":"Feature","properties":{"cod_imovel":"RJ-3304409-DFA7E498C5224F16A56E2DEEEB454333","num_area":"5.6031000000000000000000000000000","ind_status":"AT","des_condic":"Aguardando analise"},"geometry":{"type":"Polygon","coordinates":[[[-43.99,-22.6787],[-43.9923,-22.6812],[-43.9901,-22.6786],[-43.99,-22.6787]],[[-43.9899,-22.679],[-43.9919,-22.6813],[-43.99,-22.679],[-43.9899,-22.679]]]}},{"type":"Feature","properties":{"cod_imovel":"RJ-3304409-CE3A75380E81400FB7E28F424EDA2C1C","num_area":"7.6184000000000000000000000000000","ind_status":"AT","des_condic":"Aguardando analise"},"geometry":{"type":"Polygon","coordinates":[[[-44.0752,-22.8135],[-44.0732,-22.811],[-44.0752,-22.8134],[-44.0752,-22.8135]]]}},{"type":"Feature","properties":{"cod_imovel":"RJ-3304409-D6C7F7AD27BD4E9BB9DB339F96281385","num_area":"57.184500000000000000000000000000","ind_status":"AT","des_condic":"Aguardando analise"},"geometry":{"type":"Polygon","coordinates":[[[-44.0514,-22.6586],[-44.0386,-22.6615],[-44.0513,-22.6586],[-44.0514,-22.6586]],[[-44.051,-22.6646],[-44.0519,-22.6611],[-44.0506,-22.664],[-44.051,-22.6646]],[[-44.0519,-22.661],[-44.0448,-22.6682],[-44.0519,-22.661],[-44.0519,-22.661]],[[-44.0483,-22.6618],[-44.0511,-22.6597],[-44.0479,-22.6618],[-44.0483,-22.6618]],[[-44.0511,-22.6597],[-44.0435,-22.6612],[-44.0511,-22.6597],[-44.0511,-22.6597]]]}},{"type":"Feature","properties":{"cod_imovel":"RJ-3304409-D4E3DEF8E10F4F7BBE29D2CEE932D69E","num_area":"39.761700000000000000000000000000","ind_status":"AT","des_condic":"Aguardando analise"},"geometry":{"type":"Polygon","coordinates":[[[-44.0649,-22.7473],[-44.0633,-22.7545],[-44.07,-22.7497],[-44.0658,-22.7471],[-44.0649,-22.7473]],[[-44.0705,-22.7484],[-44.0659,-22.7471],[-44.0705,-22.7484],[-44.0705,-22.7484]]]}},{"type":"Feature","properties":{"cod_imovel":"RJ-3304409-E39C6258AD4E4AEE9F4E0776DD7A065C","num_area":"16.423600000000000000000000000000","ind_status":"AT","des_condic":"Aguardando analise"},"geometry":{"type":"Polygon","coordinates":[[[-44.0847,-22.7951],[-44.0806,-22.7979],[-44.0851,-22.7995],[-44.0848,-22.795],[-44.0847,-22.7951]],[[-44.0839,-22.7948],[-44.0806,-22.7971],[-44.0845,-22.7948],[-44.0839,-22.7948]]]}},{"type":"Feature","properties":{"cod_imovel":"RJ-3304409-E0F0FEAF6AC24E16AB2605A2774A95CF","num_area":"38.943500000000000000000000000000","ind_status":"AT","des_condic":"Aguardando analise"},"geometry":{"type":"Polygon","coordinates":[[[-44.0372,-22.6529],[-44.0328,-22.6584],[-44.0372,-22.6536],[-44.0353,-22.6609],[-44.0399,-22.6543],[-44.0394,-22.662],[-44.0412,-22.6549],[-44.0376,-22.6529],[-44.0372,-22.6529]]]}},{"type":"Feature","properties":{"cod_imovel":"RJ-3304409-DE9666390C044477AB4DA29FE8ABFD4D","num_area":"634.81440000000000000000000000000","ind_status":"AT","des_condic":"Aguardando analise"},"geometry":{"type":"Polygon","coordinates":[[[-44.0636,-22.6777],[-44.0579,-22.6778],[-44.0635,-22.6778],[-44.0636,-22.6777]],[[-44.0632,-22.6772],[-44.0609,-22.6733],[-44.063,-22.6772],[-44.0632,-22.6772]],[[-44.0609,-22.6733],[-44.0586,-22.6714],[-44.0609,-22.6733],[-44.0609,-22.6733]],[[-44.0586,-22.6713],[-44.052,-22.6612],[-44.045,-22.6694],[-44.0513,-22.6644],[-44.0585,-22.6713],[-44.0586,-22.6713]],[[-44.0578,-22.6716],[-44.0617,-22.6754],[-44.058,-22.6716],[-44.0578,-22.6716]],[[-44.0618,-22.6702],[-44.0609,-22.6732],[-44.0618,-22.6702],[-44.0618,-22.6702]],[[-44.0588,-22.6696],[-44.0602,-22.6727],[-44.0587,-22.6697],[-44.0588,-22.6696]],[[-44.0586,-22.6687],[-44.0571,-22.6657],[-44.0583,-22.6686],[-44.0586,-22.6687]],[[-44.0555,-22.666],[-44.0521,-22.6611],[-44.0557,-22.6661],[-44.0555,-22.666]],[[-44.0554,-22.6684],[-44.0586,-22.6713],[-44.0556,-22.6683],[-44.0554,-22.6684]],[[-44.0556,-22.6645],[-44.0568,-22.6563],[-44.052,-22.6517],[-44.0556,-22.6645],[-44.0556,-22.6645]],[[-44.0506,-22.654],[-44.0423,-22.6489],[-44.0508,-22.6544],[-44.0506,-22.654]],[[-44.0489,-22.6565],[-44.0519,-22.6595],[-44.0489,-22.6565],[-44.0489,-22.6565]],[[-44.0423,-22.6488],[-44.0506,-22.6418],[-44.045,-22.6337],[-44.0355,-22.6301],[-44.0454,-22.6373],[-44.0414,-22.6348],[-44.0434,-22.6402],[-44.0345,-22.6309],[-44.0398,-22.6476],[-44.0492,-22.6416],[-44.0422,-22.6487],[-44.0423,-22.6488]],[[-44.0358,-22.6338],[-44.0393,-22.6368],[-44.0363,-22.6342],[-44.0358,-22.6338]],[[-44.0391,-22.6382],[-44.0396,-22.6439],[-44.0391,-22.6385],[-44.0391,-22.6382]],[[-44.0388,-22.6458],[-44.0421,-22.649],[-44.0388,-22.646],[-44.0388,-22.6458]],[[-44.0374,-22.6454],[-44.0344,-22.6456],[-44.0374,-22.6454],[-44.0374,-22.6454]],[[-44.0344,-22.6456],[-44.0304,-22.645],[-44.0345,-22.6457],[-44.0344,-22.6456]],[[-44.0274,-22.6445],[-44.0172,-22.6405],[-44.0126,-22.645],[-44.0265,-22.6522],[-44.0172,-22.6461],[-44.0174,-22.6414],[-44.0169,-22.6452],[-44.021,-22.6425],[-44.0182,-22.6468],[-44.0252,-22.6453],[-44.0209,-22.6488],[-44.026,-22.646],[-44.0424,-22.6512],[-44.0267,-22.6446],[-44.0274,-22.6445]],[[-44.0265,-22.6522],[-44.0377,-22.6521],[-44.0266,-22.6519],[-44.0265,-22.6522]],[[-44.0125,-22.645],[-44.0093,-22.6539],[-44.01,-22.6492],[-44.0208,-22.6555],[-44.0265,-22.6523],[-44.0127,-22.6452],[-44.0125,-22.645]],[[-44.0341,-22.6592],[-44.04,-22.6527],[-44.0342,-22.6592],[-44.0341,-22.6592]],[[-44.0388,-22.6614],[-44.0467,-22.6562],[-44.0427,-22.6516],[-44.0384,-22.6614],[-44.0388,-22.6614]],[[-44.0351,-22.6559],[-44.0357,-22.6518],[-44.0251,-22.6537],[-44.0352,-22.6558],[-44.0351,-22.6559]],[[-44.0441,-22.6576],[-44.0413,-22.6604],[-44.0516,-22.6578],[-44.0444,-22.6575],[-44.0441,-22.6576]],[[-44.0488,-22.6565],[-44.0442,-22.6533],[-44.0486,-22.6566],[-44.0488,-22.6565]],[[-44.0442,-22.6533],[-44.0473,-22.6556],[-44.0445,-22.6536],[-44.0442,-22.6533]]]}},{"type":"Feature","properties":{"cod_imovel":"RJ-3304409-FB6EE5BC2460430AB0A85A15AC7E7F6C","num_area":"5.0047000000000000000000000000000","ind_status":"AT","des_condic":"Aguardando analise"},"geometry":{"type":"Polygon","coordinates":[[[-43.9834,-22.7254],[-43.9806,-22.722],[-43.976,-22.727],[-43.9814,-22.7272],[-43.9761,-22.7271],[-43.981,-22.7221],[-43.9831,-22.7251],[-43.9834,-22.7254]]]}},{"type":"Feature","properties":{"cod_imovel":"RJ-3304409-F97B774336A6406F96E2785CC20247C9","num_area":"2.5919000000000000000000000000000","ind_status":"AT","des_condic":"Aguardando analise"},"geometry":{"type":"Polygon","coordinates":[[[-44.0746,-22.8139],[-44.0714,-22.814],[-44.0746,-22.8139],[-44.0746,-22.8139]]]}},{"type":"Feature","properties":{"cod_imovel":"RJ-3304409-F99253F25DE64DCAAFAEA4CD041A0124","num_area":"25.738000000000000000000000000000","ind_status":"AT","des_condic":"Aguardando analise"},"geometry":{"type":"Polygon","coordinates":[[[-44.1552,-22.6823],[-44.1579,-22.6789],[-44.1493,-22.6758],[-44.1538,-22.6814],[-44.1552,-22.6823]]]}},{"type":"Feature","properties":{"cod_imovel":"RJ-3304409-FDF70C8A461C45219D07FD4B051D5D51","num_area":"16.949800000000000000000000000000","ind_status":"AT","des_condic":"Aguardando analise"},"geometry":{"type":"Polygon","coordinates":[[[-44.0698,-22.6786],[-44.0712,-22.6754],[-44.0671,-22.6763],[-44.0697,-22.6785],[-44.0698,-22.6786]],[[-44.0719,-22.6764],[-44.0737,-22.6734],[-44.0718,-22.6763],[-44.0719,-22.6764]]]}}]}