{"type":"FeatureCollection","features":[{"type":"Feature","properties":{"cod_imovel":"RJ-3300407-3F878E586DE544BA991EDBA9CDF1646D","mod_fiscal":"11.044800000000000000000000000000","num_area":"251.50030000000000000000000000000","ind_status":"AT","ind_tipo":"IRU","des_condic":"Aguardando analise","municipio":"Barra Mansa","dat_criaca":"04/12/2017"},"geometry":{"type":"Polygon","coordinates":[[[-44.0902,-22.5881],[-44.0945,-22.6012],[-44.0942,-22.615],[-44.1031,-22.6181],[-44.1073,-22.6115],[-44.1005,-22.6063],[-44.1056,-22.5999],[-44.0969,-22.5971],[-44.0947,-22.5886],[-44.0911,-22.588],[-44.0902,-22.5881]]]}},{"type":"Feature","properties":{"cod_imovel":"RJ-3300407-F3C66FA08EE344F6BF2AB48B4F55BFFF","mod_fiscal":"5.2717000000000000000000000000000","num_area":"137.06410000000000000000000000000","ind_status":"AT","ind_tipo":"IRU","des_condic":"Aguardando analise","municipio":"Barra Mansa","dat_criaca":"28/04/2026"},"geometry":{"type":"Polygon","coordinates":[[[-44.2847,-22.4722],[-44.2803,-22.4696],[-44.2741,-22.4739],[-44.2767,-22.4798],[-44.2734,-22.4837],[-44.2761,-22.4891],[-44.2846,-22.4723],[-44.2847,-22.4722]]]}},{"type":"Feature","properties":{"cod_imovel":"RJ-3300407-AA6930FBED284C7BA22F2801A96A4698","mod_fiscal":"7.4067000000000000000000000000000","num_area":"192.57530000000000000000000000000","ind_status":"PE","ind_tipo":"IRU","des_condic":"Aguardando analise","municipio":"Barra Mansa","dat_criaca":"05/05/2016"},"geometry":{"type":"Polygon","coordinates":[[[-44.3236,-22.4821],[-44.3166,-22.4858],[-44.3109,-22.482],[-44.3086,-22.4892],[-44.3112,-22.4891],[-44.3123,-22.4958],[-44.3262,-22.4989],[-44.322,-22.489],[-44.3272,-22.4859],[-44.3236,-22.4821]]]}},{"type":"Feature","properties":{"cod_imovel":"RJ-3300407-27082969D0344B2BBF0994DA662663B4","mod_fiscal":"7.3976000000000000000000000000000","num_area":"192.33710000000000000000000000000","ind_status":"AT","ind_tipo":"IRU","des_condic":"Aguardando analise","municipio":"Barra Mansa","dat_criaca":"12/12/2025"},"geometry":{"type":"Polygon","coordinates":[[[-44.1213,-22.6022],[-44.1219,-22.6178],[-44.1241,-22.6187],[-44.1277,-22.6138],[-44.1358,-22.6122],[-44.1394,-22.6036],[-44.123,-22.6024],[-44.1213,-22.6022]]]}},{"type":"Feature","properties":{"cod_imovel":"RJ-3300407-7AF8A86AE846471ABF2EC17B9D877D92","mod_fiscal":"2.3881000000000000000000000000000","num_area":"62.089800000000000000000000000000","ind_status":"AT","ind_tipo":"IRU","des_condic":"Aguardando analise","municipio":"Barra Mansa","dat_criaca":"12/04/2026"},"geometry":{"type":"Polygon","coordinates":[[[-44.116,-22.3447],[-44.1131,-22.3485],[-44.1163,-22.355],[-44.1233,-22.3488],[-44.116,-22.3447],[-44.116,-22.3447]]]}},{"type":"Feature","properties":{"cod_imovel":"RJ-3300407-F75182C9D0CE4AD29C2192219FFF93D6","mod_fiscal":"5.8652000000000000000000000000000","num_area":"152.49470000000000000000000000000","ind_status":"AT","ind_tipo":"IRU","des_condic":"Aguardando analise","municipio":"Barra Mansa","dat_criaca":"06/02/2015"},"geometry":{"type":"Polygon","coordinates":[[[-44.1283,-22.351],[-44.1249,-22.3474],[-44.1163,-22.355],[-44.1234,-22.3594],[-44.1191,-22.3661],[-44.1199,-22.3715],[-44.1246,-22.3681],[-44.1283,-22.351],[-44.1283,-22.351]]]}},{"type":"Feature","properties":{"cod_imovel":"RJ-3300407-214072CA3C844455BE67597C1ED4D0F2","mod_fiscal":"1.8728000000000000000000000000000","num_area":"48.693400000000000000000000000000","ind_status":"PE","ind_tipo":"IRU","des_condic":"Analisado, aguardando atendimento a notificacao","municipio":"Barra Mansa","dat_criaca":"02/02/2015"},"geometry":{"type":"Polygon","coordinates":[[[-44.1218,-22.3709],[-44.1174,-22.3741],[-44.1223,-22.3778],[-44.1262,-22.3736],[-44.1255,-22.3683],[-44.1218,-22.3709],[-44.1218,-22.3709]]]}},{"type":"Feature","properties":{"cod_imovel":"RJ-3300407-D00218C03A014A5581D277BCFCB112B1","mod_fiscal":"3.3099000000000000000000000000000","num_area":"86.058600000000000000000000000000","ind_status":"PE","ind_tipo":"IRU","des_condic":"Analisado, aguardando atendimento a notificacao","municipio":"Barra Mansa","dat_criaca":"06/02/2015"},"geometry":{"type":"Polygon","coordinates":[[[-44.1137,-22.3593],[-44.12,-22.3655],[-44.1234,-22.3594],[-44.1142,-22.3534],[-44.1111,-22.3547],[-44.1125,-22.3573],[-44.1137,-22.3593]]]}},{"type":"Feature","properties":{"cod_imovel":"RJ-3300407-5FDCA169F9BC481BA30D257F1485EAF9","mod_fiscal":"0.5633000000000000000000000000000","num_area":"14.646400000000000000000000000000","ind_status":"PE","ind_tipo":"IRU","des_condic":"Analisado, aguardando atendimento a notificacao","municipio":"Barra Mansa","dat_criaca":"12/12/2018"},"geometry":{"type":"Polygon","coordinates":[[[-44.1169,-22.3678],[-44.1195,-22.3731],[-44.1195,-22.3679],[-44.1169,-22.3676],[-44.1169,-22.3678]]]}},{"type":"Feature","properties":{"cod_imovel":"RJ-3300407-8C0D09D9A38141B2BA49E63E50CAF834","mod_fiscal":"4.9799000000000000000000000000000","num_area":"129.47780000000000000000000000000","ind_status":"PE","ind_tipo":"IRU","des_condic":"Analisado, aguardando atendimento a notificacao","municipio":"Barra Mansa","dat_criaca":"02/02/2015"},"geometry":{"type":"Polygon","coordinates":[[[-44.1113,-22.3559],[-44.1018,-22.3517],[-44.0999,-22.3577],[-44.1037,-22.3613],[-44.1078,-22.3601],[-44.1127,-22.3676],[-44.1155,-22.364],[-44.1113,-22.3559],[-44.1113,-22.3559]]]}},{"type":"Feature","properties":{"cod_imovel":"RJ-3300407-95C7ACCE1FC34FC09D9B70DEE52FA42E","mod_fiscal":"0.9291000000000000000000000000000","num_area":"24.156200000000000000000000000000","ind_status":"AT","ind_tipo":"IRU","des_condic":"Aguardando analise","municipio":"Barra Mansa","dat_criaca":"06/04/2026"},"geometry":{"type":"Polygon","coordinates":[[[-44.1323,-22.4221],[-44.1328,-22.4242],[-44.1374,-22.4229],[-44.1348,-22.4189],[-44.1323,-22.4225],[-44.1323,-22.4221]]]}},{"type":"Feature","properties":{"cod_imovel":"RJ-3300407-D6722A0E1B5F42418B5E131962C5849C","mod_fiscal":"4.8160000000000000000000000000000","num_area":"125.21610000000000000000000000000","ind_status":"AT","ind_tipo":"IRU","des_condic":"Aguardando analise","municipio":"Barra Mansa","dat_criaca":"31/03/2026"},"geometry":{"type":"Polygon","coordinates":[[[-44.1848,-22.5741],[-44.181,-22.5755],[-44.1779,-22.5829],[-44.1894,-22.5844],[-44.1941,-22.5802],[-44.19,-22.5741],[-44.1857,-22.5741],[-44.1848,-22.5741]]]}},{"type":"Feature","properties":{"cod_imovel":"RJ-3300407-497CB43304874F33B5751E3C701AD8E8","mod_fiscal":"0.1645000000000000000000000000000","num_area":"4.2761000000000000000000000000000","ind_status":"AT","ind_tipo":"IRU","des_condic":"Aguardando analise","municipio":"Barra Mansa","dat_criaca":"24/03/2026"},"geometry":{"type":"Polygon","coordinates":[[[-44.1583,-22.6227],[-44.1571,-22.6247],[-44.1587,-22.6228],[-44.1583,-22.6227]]]}},{"type":"Feature","properties":{"cod_imovel":"RJ-3300407-D4CC4C9166824D0584DBF83AE40D9F3F","mod_fiscal":"2.7236000000000000000000000000000","num_area":"70.813700000000000000000000000000","ind_status":"AT","ind_tipo":"IRU","des_condic":"Aguardando analise","municipio":"Barra Mansa","dat_criaca":"28/04/2025"},"geometry":{"type":"Polygon","coordinates":[[[-44.0556,-22.3981],[-44.0445,-22.406],[-44.0576,-22.4058],[-44.0563,-22.3982],[-44.0556,-22.3981]]]}},{"type":"Feature","properties":{"cod_imovel":"RJ-3300407-F85D0C518D714A17877DA7ECB9350EDE","mod_fiscal":"3.3508000000000000000000000000000","num_area":"87.120100000000000000000000000000","ind_status":"AT","ind_tipo":"IRU","des_condic":"Aguardando analise","municipio":"Barra Mansa","dat_criaca":"23/05/2018"},"geometry":{"type":"Polygon","coordinates":[[[-44.1721,-22.3783],[-44.1767,-22.3767],[-44.1788,-22.3817],[-44.1823,-22.3797],[-44.179,-22.377],[-44.1798,-22.3723],[-44.1723,-22.3688],[-44.1718,-22.3786],[-44.1721,-22.3783]]]}},{"type":"Feature","properties":{"cod_imovel":"RJ-3300407-D0B7B3F6784440A9806838FC70ADF526","mod_fiscal":"5.7785000000000000000000000000000","num_area":"150.24030000000000000000000000000","ind_status":"AT","ind_tipo":"IRU","des_condic":"Analisado, aguardando atendimento a notificacao","municipio":"Barra Mansa","dat_criaca":"02/02/2015"},"geometry":{"type":"Polygon","coordinates":[[[-44.0971,-22.5446],[-44.0937,-22.5461],[-44.0952,-22.5577],[-44.106,-22.5502],[-44.112,-22.5518],[-44.1022,-22.5411],[-44.0986,-22.5446],[-44.0971,-22.5446]]]}},{"type":"Feature","properties":{"cod_imovel":"RJ-3300407-F5E181FB48DB478BABBC39571F2DE65B","mod_fiscal":"23.814600000000000000000000000000","num_area":"619.17850000000000000000000000000","ind_status":"AT","ind_tipo":"IRU","des_condic":"Aguardando analise, apos revisao ou atendimento da notificacao","municipio":"Barra Mansa","dat_criaca":"17/11/2014"},"geometry":{"type":"Polygon","coordinates":[[[-44.3216,-22.4685],[-44.3284,-22.4513],[-44.309,-22.4513],[-44.3078,-22.4594],[-44.302,-22.4631],[-44.3098,-22.4736],[-44.3268,-22.4846],[-44.3324,-22.4766],[-44.3221,-22.4693],[-44.3216,-22.4685]]]}},{"type":"Feature","properties":{"cod_imovel":"RJ-3300407-608F390F6EBB491788215E2689FFC57A","mod_fiscal":"0.1923000000000000000000000000000","num_area":"5.0008000000000000000000000000000","ind_status":"AT","ind_tipo":"IRU","des_condic":"Aguardando analise","municipio":"Barra Mansa","dat_criaca":"06/02/2026"},"geometry":{"type":"Polygon","coordinates":[[[-44.1466,-22.5715],[-44.1501,-22.5737],[-44.1466,-22.5715],[-44.1466,-22.5715]]]}},{"type":"Feature","properties":{"cod_imovel":"RJ-3300407-77AB99902EC74F9BAD9A343D69E57AAA","mod_fiscal":"21.088200000000000000000000000000","num_area":"548.29420000000000000000000000000","ind_status":"AT","ind_tipo":"IRU","des_condic":"Aguardando analise","municipio":"Barra Mansa","dat_criaca":"02/09/2020"},"geometry":{"type":"Polygon","coordinates":[[[-44.1203,-22.621],[-44.1216,-22.6016],[-44.1292,-22.5896],[-44.113,-22.5897],[-44.1074,-22.5929],[-44.1028,-22.6061],[-44.1078,-22.6141],[-44.1203,-22.621]]]}},{"type":"Feature","properties":{"cod_imovel":"RJ-3300407-4A6023D0CF9848009C2CE82FFD19E354","mod_fiscal":"4.6522000000000000000000000000000","num_area":"120.95730000000000000000000000000","ind_status":"AT","ind_tipo":"IRU","des_condic":"Aguardando analise","municipio":"Barra Mansa","dat_criaca":"21/03/2016"},"geometry":{"type":"Polygon","coordinates":[[[-44.1667,-22.4536],[-44.1695,-22.444],[-44.1613,-22.4408],[-44.157,-22.4501],[-44.1666,-22.4534],[-44.1667,-22.4536]]]}},{"type":"Feature","properties":{"cod_imovel":"RJ-3300407-56AD7C0550334A53AFFB5E037A098F6B","mod_fiscal":"2.2338000000000000000000000000000","num_area":"58.080000000000000000000000000000","ind_status":"AT","ind_tipo":"IRU","des_condic":"Aguardando analise, apos revisao ou atendimento da notificacao","municipio":"Barra Mansa","dat_criaca":"28/07/2015"},"geometry":{"type":"Polygon","coordinates":[[[-44.1236,-22.3393],[-44.1192,-22.3406],[-44.1174,-22.346],[-44.1246,-22.347],[-44.1237,-22.3396],[-44.1236,-22.3393]]]}},{"type":"Feature","properties":{"cod_imovel":"RJ-3300407-9B62DE4ACA57468AA7B513D778BBE362","mod_fiscal":"5.1186000000000000000000000000000","num_area":"133.08410000000000000000000000000","ind_status":"AT","ind_tipo":"IRU","des_condic":"Aguardando analise","municipio":"Barra Mansa","dat_criaca":"11/01/2026"},"geometry":{"type":"Polygon","coordinates":[[[-44.1317,-22.6312],[-44.1185,-22.626],[-44.1168,-22.6305],[-44.1245,-22.6334],[-44.1271,-22.6414],[-44.1309,-22.6433],[-44.1317,-22.6315],[-44.1317,-22.6312]]]}},{"type":"Feature","properties":{"cod_imovel":"RJ-3300407-424C020EEDA24310942CC11EFA676CA6","mod_fiscal":"4.1356000000000000000000000000000","num_area":"107.52490000000000000000000000000","ind_status":"AT","ind_tipo":"IRU","des_condic":"Aguardando analise","municipio":"Barra Mansa","dat_criaca":"23/12/2025"},"geometry":{"type":"Polygon","coordinates":[[[-44.1907,-22.5055],[-44.1928,-22.4938],[-44.1866,-22.501],[-44.1815,-22.4988],[-44.1791,-22.5031],[-44.1799,-22.5061],[-44.1901,-22.5058],[-44.1907,-22.5055]]]}},{"type":"Feature","properties":{"cod_imovel":"RJ-3300407-01E7CAC002E74ABD9B82C594518B6847","mod_fiscal":"4.8517000000000000000000000000000","num_area":"126.14350000000000000000000000000","ind_status":"AT","ind_tipo":"IRU","des_condic":"Em analise","municipio":"Barra Mansa","dat_criaca":"10/07/2015"},"geometry":{"type":"Polygon","coordinates":[[[-44.2439,-22.5802],[-44.2567,-22.5644],[-44.2439,-22.5651],[-44.2435,-22.5776],[-44.2439,-22.5802]]]}},{"type":"Feature","properties":{"cod_imovel":"RJ-3300407-C84A116F08CF48799ADE21B19AF2EF0C","mod_fiscal":"9.7427000000000000000000000000000","num_area":"253.30930000000000000000000000000","ind_status":"AT","ind_tipo":"IRU","des_condic":"Aguardando analise","municipio":"Barra Mansa","dat_criaca":"25/09/2017"},"geometry":{"type":"Polygon","coordinates":[[[-44.1316,-22.587],[-44.126,-22.589],[-44.1237,-22.6018],[-44.1213,-22.6024],[-44.1398,-22.604],[-44.1406,-22.5969],[-44.1346,-22.5986],[-44.1406,-22.5969],[-44.1354,-22.5891],[-44.1324,-22.5907],[-44.1354,-22.5891],[-44.1323,-22.5864],[-44.1316,-22.587]]]}},{"type":"Feature","properties":{"cod_imovel":"RJ-3300407-E04132CDD0E742A5BD8AAC05200C1616","mod_fiscal":"2.9462000000000000000000000000000","num_area":"76.600000000000000000000000000000","ind_status":"AT","ind_tipo":"IRU","des_condic":"Aguardando analise","municipio":"Barra Mansa","dat_criaca":"28/11/2025"},"geometry":{"type":"Polygon","coordinates":[[[-44.1161,-22.6324],[-44.117,-22.6372],[-44.128,-22.6416],[-44.1238,-22.6332],[-44.1124,-22.6277],[-44.1156,-22.6318],[-44.1161,-22.6324]]]}},{"type":"Feature","properties":{"cod_imovel":"RJ-3300407-1798AC0899EA47BDB8B6B932C4F08F85","mod_fiscal":"1.0146000000000000000000000000000","num_area":"26.380700000000000000000000000000","ind_status":"AT","ind_tipo":"IRU","des_condic":"Aguardando analise","municipio":"Barra Mansa","dat_criaca":"17/05/2016"},"geometry":{"type":"Polygon","coordinates":[[[-44.1304,-22.5545],[-44.138,-22.5581],[-44.1326,-22.551],[-44.1305,-22.5543],[-44.1304,-22.5545]]]}},{"type":"Feature","properties":{"cod_imovel":"RJ-3300407-F06F58B4E8744C7B988E7348CB81F626","mod_fiscal":"0.5221000000000000000000000000000","num_area":"13.575800000000000000000000000000","ind_status":"AT","ind_tipo":"IRU","des_condic":"Aguardando analise","municipio":"Barra Mansa","dat_criaca":"18/11/2025"},"geometry":{"type":"Polygon","coordinates":[[[-44.1283,-22.3519],[-44.1337,-22.3566],[-44.1343,-22.354],[-44.1287,-22.3519],[-44.1283,-22.3519]]]}},{"type":"Feature","properties":{"cod_imovel":"RJ-3300407-EFF8B54FD06345BF8160D81C94B44FF3","mod_fiscal":"0.3723000000000000000000000000000","num_area":"9.6801000000000000000000000000000","ind_status":"AT","ind_tipo":"IRU","des_condic":"Aguardando analise","municipio":"Barra Mansa","dat_criaca":"07/08/2017"},"geometry":{"type":"Polygon","coordinates":[[[-44.2092,-22.5144],[-44.2114,-22.5124],[-44.2071,-22.5116],[-44.2092,-22.5144]]]}},{"type":"Feature","properties":{"cod_imovel":"RJ-3300407-1C1D0B3F12A6446A8DEC7190BFF2ECD5","mod_fiscal":"0.0324000000000000000000000000000","num_area":"0.8423000000000000000000000000000","ind_status":"AT","ind_tipo":"IRU","des_condic":"Aguardando analise","municipio":"Barra Mansa","dat_criaca":"01/06/2015"},"geometry":{"type":"Polygon","coordinates":[[[-44.1767,-22.5039],[-44.1747,-22.5035],[-44.1765,-22.5042],[-44.1767,-22.5039]]]}},{"type":"Feature","properties":{"cod_imovel":"RJ-3300407-C0BA48370EBD4F77BA40BDEF6C4D7FE9","mod_fiscal":"0.4549000000000000000000000000000","num_area":"11.828100000000000000000000000000","ind_status":"AT","ind_tipo":"IRU","des_condic":"Aguardando analise","municipio":"Barra Mansa","dat_criaca":"06/10/2015"},"geometry":{"type":"Polygon","coordinates":[[[-44.1501,-22.5734],[-44.1441,-22.5684],[-44.1494,-22.5725],[-44.1501,-22.5734]]]}},{"type":"Feature","properties":{"cod_imovel":"RJ-3300407-7C2D7A1B92F444D28C07B634372FFA48","mod_fiscal":"7.1885000000000000000000000000000","num_area":"186.90020000000000000000000000000","ind_status":"AT","ind_tipo":"IRU","des_condic":"Aguardando analise","municipio":"Barra Mansa","dat_criaca":"10/07/2015"},"geometry":{"type":"Polygon","coordinates":[[[-44.184,-22.6433],[-44.1738,-22.64],[-44.1562,-22.6457],[-44.1551,-22.6498],[-44.173,-22.6508],[-44.1807,-22.6445],[-44.184,-22.6433]]]}},{"type":"Feature","properties":{"cod_imovel":"RJ-3300407-3E6209CD216C475C951385DDD0655216","mod_fiscal":"0.1059000000000000000000000000000","num_area":"2.7541000000000000000000000000000","ind_status":"AT","ind_tipo":"IRU","des_condic":"Aguardando analise","municipio":"Barra Mansa","dat_criaca":"01/07/2015"},"geometry":{"type":"Polygon","coordinates":[[[-44.1514,-22.6398],[-44.1539,-22.6389],[-44.1517,-22.6394],[-44.1514,-22.6398]]]}},{"type":"Feature","properties":{"cod_imovel":"RJ-3300407-37C55AE54AFD4F6A8BB8DC6B417E3269","mod_fiscal":"5.0347000000000000000000000000000","num_area":"120.32600000000000000000000000000","ind_status":"AT","ind_tipo":"IRU","des_condic":"Aguardando analise","municipio":"Barra Mansa","dat_criaca":"05/06/2017"},"geometry":{"type":"Polygon","coordinates":[[[-44.0925,-22.6294],[-44.1,-22.6327],[-44.1045,-22.6314],[-44.1033,-22.6224],[-44.0968,-22.6273],[-44.095,-22.6232],[-44.0831,-22.6269],[-44.0898,-22.628],[-44.0925,-22.6294]]]}},{"type":"Feature","properties":{"cod_imovel":"RJ-3300407-3015CB5799224D8198CC837A68899A11","mod_fiscal":"0.4098000000000000000000000000000","num_area":"10.656000000000000000000000000000","ind_status":"AT","ind_tipo":"IRU","des_condic":"Aguardando analise","municipio":"Barra Mansa","dat_criaca":"20/03/2015"},"geometry":{"type":"Polygon","coordinates":[[[-44.2294,-22.5336],[-44.2303,-22.5299],[-44.2263,-22.5291],[-44.2289,-22.5327],[-44.2265,-22.5347],[-44.2294,-22.5336],[-44.2294,-22.5336]]]}},{"type":"Feature","properties":{"cod_imovel":"RJ-3300407-2843A9D322534FB9A81600A41C1DA9F9","mod_fiscal":"0.4531000000000000000000000000000","num_area":"11.779800000000000000000000000000","ind_status":"AT","ind_tipo":"IRU","des_condic":"Aguardando analise","municipio":"Barra Mansa","dat_criaca":"10/07/2015"},"geometry":{"type":"Polygon","coordinates":[[[-44.2933,-22.5618],[-44.2904,-22.5622],[-44.2933,-22.5658],[-44.2933,-22.5618]]]}},{"type":"Feature","properties":{"cod_imovel":"RJ-3300407-27E2D6D99B584DE1B2EB3A41C9148E4D","mod_fiscal":"0.0665000000000000000000000000000","num_area":"1.7301000000000000000000000000000","ind_status":"AT","ind_tipo":"IRU","des_condic":"Aguardando analise","municipio":"Barra Mansa","dat_criaca":"01/06/2015"},"geometry":{"type":"Polygon","coordinates":[[[-44.1769,-22.5034],[-44.1748,-22.5027],[-44.1767,-22.5039],[-44.1769,-22.5034]]]}},{"type":"Feature","properties":{"cod_imovel":"RJ-3300407-B9357F1A003940C18AEDD80336CCFCB1","mod_fiscal":"0.0834000000000000000000000000000","num_area":"2.1697000000000000000000000000000","ind_status":"AT","ind_tipo":"IRU","des_condic":"Aguardando analise","municipio":"Barra Mansa","dat_criaca":"30/10/2025"},"geometry":{"type":"Polygon","coordinates":[[[-44.0923,-22.4016],[-44.0944,-22.4014],[-44.092,-22.4015],[-44.0923,-22.4016]]]}},{"type":"Feature","properties":{"cod_imovel":"RJ-3300407-BF126F7C4BBA41A6B14FFA57AC9275C8","mod_fiscal":"165.79890000000000000000000000000","num_area":"2355.1282000000000000000000000000","ind_status":"AT","ind_tipo":"IRU","des_condic":"Aguardando analise","municipio":"Barra Mansa","dat_criaca":"12/04/2016"},"geometry":{"type":"Polygon","coordinates":[[[-44.0864,-22.4025],[-44.0702,-22.4028],[-44.07,-22.4086],[-44.054,-22.4088],[-44.0472,-22.414],[-44.0488,-22.4196],[-44.0454,-22.4225],[-44.0477,-22.4272],[-44.0455,-22.4313],[-44.0523,-22.4299],[-44.0541,-22.434],[-44.0566,-22.4332],[-44.0515,-22.4386],[-44.0575,-22.4492],[-44.0786,-22.4521],[-44.0783,-22.442],[-44.0896,-22.4415],[-44.0893,-22.4328],[-44.1104,-22.4394],[-44.1174,-22.425],[-44.1095,-22.4206],[-44.1034,-22.4282],[-44.0996,-22.4272],[-44.0975,-22.4232],[-44.1006,-22.4148],[-44.0959,-22.4093],[-44.0864,-22.406],[-44.0864,-22.403],[-44.0864,-22.4025]]]}},{"type":"Feature","properties":{"cod_imovel":"RJ-3300407-CEB4B9334D104A12884A696ACDFAC822","mod_fiscal":"2.6780000000000000000000000000000","num_area":"69.511400000000000000000000000000","ind_status":"AT","ind_tipo":"IRU","des_condic":"Aguardando analise","municipio":"Barra Mansa","dat_criaca":"03/10/2025"},"geometry":{"type":"Polygon","coordinates":[[[-44.1609,-22.5054],[-44.1557,-22.5106],[-44.1608,-22.514],[-44.1678,-22.5092],[-44.1611,-22.5053],[-44.1609,-22.5054]]]}},{"type":"Feature","properties":{"cod_imovel":"RJ-3300407-E734F181C6CF43338385266BEB423D58","mod_fiscal":"2.9283000000000000000000000000000","num_area":"73.911000000000000000000000000000","ind_status":"AT","ind_tipo":"IRU","des_condic":"Analisado, aguardando regularizacao ambiental (Lei n 12.651/2012)","municipio":"Barra Mansa","dat_criaca":"09/04/2021"},"geometry":{"type":"Polygon","coordinates":[[[-44.0942,-22.5879],[-44.1052,-22.5888],[-44.093,-22.5801],[-44.0908,-22.5831],[-44.0926,-22.5876],[-44.0942,-22.5879]]]}},{"type":"Feature","properties":{"cod_imovel":"RJ-3300407-311385A0C20B4C49BADDAB93B4C7CAD0","mod_fiscal":"4.1691000000000000000000000000000","num_area":"105.15380000000000000000000000000","ind_status":"AT","ind_tipo":"IRU","des_condic":"Aguardando analise","municipio":"Barra Mansa","dat_criaca":"29/08/2023"},"geometry":{"type":"Polygon","coordinates":[[[-44.1601,-22.4741],[-44.1531,-22.4783],[-44.1569,-22.4866],[-44.1649,-22.4827],[-44.1601,-22.4741],[-44.1601,-22.4741]]]}},{"type":"Feature","properties":{"cod_imovel":"RJ-3300407-F1A128AAEDE04DD1A38B7FA28CAC3726","mod_fiscal":"10.671100000000000000000000000000","num_area":"274.82360000000000000000000000000","ind_status":"AT","ind_tipo":"IRU","des_condic":"Aguardando analise","municipio":"Barra Mansa","dat_criaca":"03/05/2016"},"geometry":{"type":"Polygon","coordinates":[[[-44.0547,-22.3894],[-44.057,-22.3916],[-44.0563,-22.4064],[-44.07,-22.4065],[-44.0696,-22.3894],[-44.0547,-22.3893],[-44.0547,-22.3894]]]}},{"type":"Feature","properties":{"cod_imovel":"RJ-3300407-36F31D4B5A0D43E6A5093629FEA49E08","mod_fiscal":"5.0608000000000000000000000000000","num_area":"131.57980000000000000000000000000","ind_status":"AT","ind_tipo":"IRU","des_condic":"Aguardando analise","municipio":"Barra Mansa","dat_criaca":"18/09/2025"},"geometry":{"type":"Polygon","coordinates":[[[-44.2291,-22.523],[-44.2297,-22.5206],[-44.2228,-22.5181],[-44.2157,-22.5273],[-44.2107,-22.5267],[-44.2094,-22.5292],[-44.2158,-22.5313],[-44.2264,-22.5255],[-44.2291,-22.523]]]}},{"type":"Feature","properties":{"cod_imovel":"RJ-3300407-DD69372CB00748628C9F4B3CBB630C0A","mod_fiscal":"6.9380000000000000000000000000000","num_area":"180.38770000000000000000000000000","ind_status":"AT","ind_tipo":"IRU","des_condic":"Aguardando analise","municipio":"Barra Mansa","dat_criaca":"24/07/2023"},"geometry":{"type":"Polygon","coordinates":[[[-44.1385,-22.623],[-44.1411,-22.6165],[-44.1373,-22.6166],[-44.1358,-22.6122],[-44.1269,-22.6145],[-44.124,-22.6186],[-44.1312,-22.6207],[-44.1338,-22.6322],[-44.1384,-22.6229],[-44.1385,-22.623]]]}},{"type":"Feature","properties":{"cod_imovel":"RJ-3300407-B8D9ECA7988C4541BC5B27DBB78E78DD","mod_fiscal":"23.723300000000000000000000000000","num_area":"616.80560000000000000000000000000","ind_status":"AT","ind_tipo":"IRU","des_condic":"Analisado, aguardando atendimento a notificacao","municipio":"Barra Mansa","dat_criaca":"13/01/2015"},"geometry":{"type":"Polygon","coordinates":[[[-44.2361,-22.535],[-44.237,-22.5378],[-44.2435,-22.5383],[-44.2393,-22.5434],[-44.246,-22.5463],[-44.2458,-22.5417],[-44.2496,-22.54],[-44.2608,-22.5485],[-44.26,-22.5426],[-44.2697,-22.5353],[-44.2642,-22.5331],[-44.2503,-22.5173],[-44.2373,-22.5227],[-44.2363,-22.5269],[-44.24,-22.5262],[-44.2403,-22.5293],[-44.2383,-22.5345],[-44.2361,-22.535]]]}},{"type":"Feature","properties":{"cod_imovel":"RJ-3300407-45848AD4164A4ABAB857FD1A88B108A7","mod_fiscal":"4.6282000000000000000000000000000","num_area":"120.33410000000000000000000000000","ind_status":"AT","ind_tipo":"IRU","des_condic":"Em analise","municipio":"Barra Mansa","dat_criaca":"01/06/2016"},"geometry":{"type":"Polygon","coordinates":[[[-44.2332,-22.4829],[-44.2231,-22.4852],[-44.224,-22.4899],[-44.2318,-22.4889],[-44.2367,-22.4945],[-44.2405,-22.486],[-44.2336,-22.4829],[-44.2332,-22.4829]]]}},{"type":"Feature","properties":{"cod_imovel":"RJ-3300407-2FCA01FD16854A679CEF997159A89FAC","mod_fiscal":"1.8298000000000000000000000000000","num_area":"47.575500000000000000000000000000","ind_status":"AT","ind_tipo":"IRU","des_condic":"Analisado, aguardando atendimento a notificacao","municipio":"Barra Mansa","dat_criaca":"23/03/2016"},"geometry":{"type":"Polygon","coordinates":[[[-44.2344,-22.5408],[-44.256,-22.5506],[-44.2574,-22.5579],[-44.2611,-22.5605],[-44.2567,-22.5646],[-44.2645,-22.5688],[-44.2581,-22.5648],[-44.2618,-22.5607],[-44.2585,-22.5577],[-44.2595,-22.5532],[-44.2444,-22.5454],[-44.2344,-22.5408]]]}},{"type":"Feature","properties":{"cod_imovel":"RJ-3300407-D4289E42FD3A477083D72AEB82E79BEC","mod_fiscal":"0.2187000000000000000000000000000","num_area":"5.6859000000000000000000000000000","ind_status":"AT","ind_tipo":"IRU","des_condic":"Em analise","municipio":"Barra Mansa","dat_criaca":"12/02/2016"},"geometry":{"type":"Polygon","coordinates":[[[-44.2573,-22.4838],[-44.2526,-22.4868],[-44.2565,-22.4845],[-44.2573,-22.4838]]]}},{"type":"Feature","properties":{"cod_imovel":"RJ-3300407-C7FE0C490C944388B2329691365D4BA8","mod_fiscal":"10.775600000000000000000000000000","num_area":"256.54800000000000000000000000000","ind_status":"AT","ind_tipo":"IRU","des_condic":"Analisado, aguardando atendimento a notificacao","municipio":"Barra Mansa","dat_criaca":"19/12/2014"},"geometry":{"type":"Polygon","coordinates":[[[-44.0899,-22.3836],[-44.0842,-22.3826],[-44.0789,-22.3767],[-44.0721,-22.3804],[-44.0697,-22.3916],[-44.0902,-22.3937],[-44.0897,-22.3841],[-44.0899,-22.3836]]]}},{"type":"Feature","properties":{"cod_imovel":"RJ-3300407-C8F686DD637345E1B225E0959030634E","mod_fiscal":"0.1576000000000000000000000000000","num_area":"4.0972000000000000000000000000000","ind_status":"AT","ind_tipo":"IRU","des_condic":"Aguardando analise","municipio":"Barra Mansa","dat_criaca":"17/05/2024"},"geometry":{"type":"Polygon","coordinates":[[[-44.2846,-22.4655],[-44.2826,-22.4674],[-44.2854,-22.467],[-44.2846,-22.4655]]]}},{"type":"Feature","properties":{"cod_imovel":"RJ-3300407-F7EC386642A2494190EAEF59F384D7F7","mod_fiscal":"1.3225000000000000000000000000000","num_area":"34.385100000000000000000000000000","ind_status":"AT","ind_tipo":"IRU","des_condic":"Aguardando analise","municipio":"Barra Mansa","dat_criaca":"25/05/2018"},"geometry":{"type":"Polygon","coordinates":[[[-44.2802,-22.4675],[-44.2685,-22.4705],[-44.2695,-22.4734],[-44.2655,-22.475],[-44.2796,-22.4679],[-44.2802,-22.4675]]]}},{"type":"Feature","properties":{"cod_imovel":"RJ-3300407-19E15EDB6EBC4EE4844896F3F3A63963","mod_fiscal":"0.6037000000000000000000000000000","num_area":"941.84650000000000000000000000000","ind_status":"AT","ind_tipo":"AST","des_condic":"Aguardando analise","municipio":"Barra Mansa","dat_criaca":"04/05/2015"},"geometry":{"type":"Polygon","coordinates":[[[-44.2934,-22.4691],[-44.2802,-22.4681],[-44.2841,-22.4727],[-44.2771,-22.4885],[-44.283,-22.4915],[-44.2835,-22.4999],[-44.2786,-22.5101],[-44.2705,-22.5143],[-44.2751,-22.5158],[-44.2715,-22.5193],[-44.2734,-22.5257],[-44.2901,-22.5337],[-44.2906,-22.527],[-44.2836,-22.5123],[-44.2902,-22.5037],[-44.2888,-22.4945],[-44.2968,-22.4897],[-44.3007,-22.476],[-44.2975,-22.4741],[-44.2989,-22.4679],[-44.2965,-22.4651],[-44.2937,-22.4693],[-44.2934,-22.4691]]]}},{"type":"Feature","properties":{"cod_imovel":"RJ-3300407-64CC4ACAA22C4677A3A35311A131CC37","mod_fiscal":"1.3033000000000000000000000000000","num_area":"33.884700000000000000000000000000","ind_status":"AT","ind_tipo":"IRU","des_condic":"Em analise","municipio":"Barra Mansa","dat_criaca":"31/07/2014"},"geometry":{"type":"Polygon","coordinates":[[[-44.1313,-22.3475],[-44.1349,-22.3501],[-44.1364,-22.3453],[-44.1358,-22.3426],[-44.1313,-22.3425],[-44.1313,-22.3475]]]}},{"type":"Feature","properties":{"cod_imovel":"RJ-3300407-14E8948C4EE44FAB96A5336F577B90F0","mod_fiscal":"2.2980000000000000000000000000000","num_area":"59.747500000000000000000000000000","ind_status":"AT","ind_tipo":"IRU","des_condic":"Aguardando analise","municipio":"Barra Mansa","dat_criaca":"27/07/2025"},"geometry":{"type":"Polygon","coordinates":[[[-44.1605,-22.3752],[-44.1645,-22.3763],[-44.1654,-22.364],[-44.1588,-22.3687],[-44.1604,-22.3744],[-44.1605,-22.3752]]]}},{"type":"Feature","properties":{"cod_imovel":"RJ-3300407-3C61BF8346E94E668C8C0AD03754DC23","mod_fiscal":"0.3932000000000000000000000000000","num_area":"10.222100000000000000000000000000","ind_status":"AT","ind_tipo":"IRU","des_condic":"Aguardando analise","municipio":"Barra Mansa","dat_criaca":"31/05/2017"},"geometry":{"type":"Polygon","coordinates":[[[-44.291,-22.4599],[-44.2906,-22.4628],[-44.2942,-22.4626],[-44.2912,-22.4595],[-44.291,-22.4599]]]}},{"type":"Feature","properties":{"cod_imovel":"RJ-3300407-5325CC0779A04B44A59839CF033F6C78","mod_fiscal":"6.5338000000000000000000000000000","num_area":"169.87840000000000000000000000000","ind_status":"AT","ind_tipo":"IRU","des_condic":"Aguardando analise","municipio":"Barra Mansa","dat_criaca":"29/12/2017"},"geometry":{"type":"Polygon","coordinates":[[[-44.2421,-22.4938],[-44.2471,-22.5006],[-44.2565,-22.5031],[-44.2592,-22.4952],[-44.2469,-22.4875],[-44.2421,-22.4937],[-44.2421,-22.4938]]]}},{"type":"Feature","properties":{"cod_imovel":"RJ-3300407-4C89E38BDE3D4A4A9DAD447685B8823D","mod_fiscal":"15.758400000000000000000000000000","num_area":"404.68160000000000000000000000000","ind_status":"AT","ind_tipo":"IRU","des_condic":"Em analise","municipio":"Barra Mansa","dat_criaca":"04/05/2016"},"geometry":{"type":"Polygon","coordinates":[[[-44.2134,-22.6243],[-44.2244,-22.6151],[-44.2245,-22.6077],[-44.228,-22.606],[-44.222,-22.5904],[-44.2104,-22.5949],[-44.2125,-22.6125],[-44.2134,-22.6243]]]}},{"type":"Feature","properties":{"cod_imovel":"RJ-3300407-AB96762410324BCFB0CF2C41AD66B1E2","mod_fiscal":"0.1156000000000000000000000000000","num_area":"3.0068000000000000000000000000000","ind_status":"AT","ind_tipo":"IRU","des_condic":"Aguardando analise","municipio":"Barra Mansa","dat_criaca":"04/07/2025"},"geometry":{"type":"Polygon","coordinates":[[[-44.1184,-22.4155],[-44.1166,-22.4168],[-44.1192,-22.415],[-44.1184,-22.4155]]]}},{"type":"Feature","properties":{"cod_imovel":"RJ-3300407-934C7B32B8D14F90803D141228276C5F","mod_fiscal":"0.0886000000000000000000000000000","num_area":"2.3045000000000000000000000000000","ind_status":"AT","ind_tipo":"IRU","des_condic":"Aguardando analise","municipio":"Barra Mansa","dat_criaca":"04/07/2025"},"geometry":{"type":"Polygon","coordinates":[[[-44.1174,-22.418],[-44.1204,-22.4175],[-44.1174,-22.4174],[-44.1174,-22.418]]]}},{"type":"Feature","properties":{"cod_imovel":"RJ-3300407-A00F0933CB0F439BAB87C4AF630942D8","mod_fiscal":"0.7194000000000000000000000000000","num_area":"18.704300000000000000000000000000","ind_status":"AT","ind_tipo":"IRU","des_condic":"Aguardando analise","municipio":"Barra Mansa","dat_criaca":"28/01/2016"},"geometry":{"type":"Polygon","coordinates":[[[-44.1185,-22.4185],[-44.1232,-22.4155],[-44.1153,-22.4178],[-44.1185,-22.4185],[-44.1185,-22.4185]]]}},{"type":"Feature","properties":{"cod_imovel":"RJ-3300407-5BF6289A20B246108D2A4DA827C4630F","mod_fiscal":"2.7427000000000000000000000000000","num_area":"71.307600000000000000000000000000","ind_status":"AT","ind_tipo":"IRU","des_condic":"Aguardando analise","municipio":"Barra Mansa","dat_criaca":"24/03/2016"},"geometry":{"type":"Polygon","coordinates":[[[-44.1234,-22.3486],[-44.1259,-22.3446],[-44.1233,-22.3385],[-44.116,-22.3447],[-44.1219,-22.3483],[-44.1234,-22.3486]]]}},{"type":"Feature","properties":{"cod_imovel":"RJ-3300407-76E341DE3274474F8C95B7CF0773A0C1","mod_fiscal":"0.5570000000000000000000000000000","num_area":"14.481100000000000000000000000000","ind_status":"AT","ind_tipo":"IRU","des_condic":"Aguardando analise","municipio":"Barra Mansa","dat_criaca":"12/12/2017"},"geometry":{"type":"Polygon","coordinates":[[[-44.0794,-22.3328],[-44.0752,-22.3356],[-44.0825,-22.3352],[-44.0801,-22.3331],[-44.0794,-22.3328]]]}},{"type":"Feature","properties":{"cod_imovel":"RJ-3300407-3267DC08CEF04084B2D1A92CA2B71C93","mod_fiscal":"2.0692000000000000000000000000000","num_area":"53.789300000000000000000000000000","ind_status":"AT","ind_tipo":"IRU","des_condic":"Aguardando analise","municipio":"Barra Mansa","dat_criaca":"18/08/2022"},"geometry":{"type":"Polygon","coordinates":[[[-44.1357,-22.341],[-44.1348,-22.337],[-44.1239,-22.3392],[-44.1279,-22.3435],[-44.1354,-22.341],[-44.1357,-22.341]]]}},{"type":"Feature","properties":{"cod_imovel":"RJ-3300407-66810435B0CE424D9980C290142FF7E8","mod_fiscal":"4.3654000000000000000000000000000","num_area":"113.50120000000000000000000000000","ind_status":"AT","ind_tipo":"IRU","des_condic":"Aguardando analise","municipio":"Barra Mansa","dat_criaca":"16/09/2021"},"geometry":{"type":"Polygon","coordinates":[[[-44.1069,-22.3529],[-44.1096,-22.3556],[-44.1144,-22.3534],[-44.1088,-22.3486],[-44.1073,-22.3401],[-44.1022,-22.342],[-44.1026,-22.3519],[-44.1069,-22.3529]]]}},{"type":"Feature","properties":{"cod_imovel":"RJ-3300407-475F94A5FBE44D87BF1300CEC2E1BA34","mod_fiscal":"2.0338000000000000000000000000000","num_area":"50.622700000000000000000000000000","ind_status":"AT","ind_tipo":"IRU","des_condic":"Aguardando analise","municipio":"Barra Mansa","dat_criaca":"12/06/2017"},"geometry":{"type":"Polygon","coordinates":[[[-44.0661,-22.3161],[-44.066,-22.3192],[-44.0762,-22.3211],[-44.0774,-22.3159],[-44.07,-22.3162],[-44.0661,-22.3161]]]}},{"type":"Feature","properties":{"cod_imovel":"RJ-3300407-FF150EE87F1A497486DF08442CBAD742","mod_fiscal":"9.4927000000000000000000000000000","num_area":"246.29860000000000000000000000000","ind_status":"AT","ind_tipo":"IRU","des_condic":"Aguardando analise","municipio":"Barra Mansa","dat_criaca":"18/05/2016"},"geometry":{"type":"Polygon","coordinates":[[[-44.1065,-22.343],[-44.111,-22.3513],[-44.114,-22.3503],[-44.1133,-22.3472],[-44.1232,-22.3388],[-44.1227,-22.3354],[-44.1187,-22.3298],[-44.1112,-22.3288],[-44.1076,-22.3408],[-44.1065,-22.343]]]}},{"type":"Feature","properties":{"cod_imovel":"RJ-3300407-F05C5D23B1514C1D9CCD1D4FB4C91FCB","mod_fiscal":"12.897500000000000000000000000000","num_area":"335.33390000000000000000000000000","ind_status":"AT","ind_tipo":"IRU","des_condic":"Aguardando analise","municipio":"Barra Mansa","dat_criaca":"30/03/2015"},"geometry":{"type":"Polygon","coordinates":[[[-44.1925,-22.4787],[-44.1821,-22.489],[-44.1849,-22.4934],[-44.1803,-22.4972],[-44.1866,-22.501],[-44.1885,-22.4957],[-44.1972,-22.4922],[-44.2038,-22.4996],[-44.2042,-22.4934],[-44.2005,-22.4887],[-44.2052,-22.4844],[-44.1925,-22.4787],[-44.1925,-22.4787]]]}},{"type":"Feature","properties":{"cod_imovel":"RJ-3300407-8D717E41A8A74F46A0E5FE24BEE446DE","mod_fiscal":"4.6388000000000000000000000000000","num_area":"120.60910000000000000000000000000","ind_status":"AT","ind_tipo":"IRU","des_condic":"Aguardando analise","municipio":"Barra Mansa","dat_criaca":"05/05/2016"},"geometry":{"type":"Polygon","coordinates":[[[-44.2495,-22.4871],[-44.2593,-22.4952],[-44.2678,-22.4947],[-44.2676,-22.4907],[-44.2584,-22.4843],[-44.253,-22.4874],[-44.2495,-22.4871]]]}},{"type":"Feature","properties":{"cod_imovel":"RJ-3300407-6F6F13E451874ADD80F27BAEBD06873D","mod_fiscal":"1.8012000000000000000000000000000","num_area":"46.830400000000000000000000000000","ind_status":"AT","ind_tipo":"IRU","des_condic":"Aguardando analise","municipio":"Barra Mansa","dat_criaca":"04/05/2016"},"geometry":{"type":"Polygon","coordinates":[[[-44.221,-22.4811],[-44.2098,-22.4819],[-44.2069,-22.487],[-44.2201,-22.4845],[-44.221,-22.4811]]]}},{"type":"Feature","properties":{"cod_imovel":"RJ-3300407-9B1385C4C8EA4669A9C814F0B05BBD5F","mod_fiscal":"6.7320000000000000000000000000000","num_area":"175.03120000000000000000000000000","ind_status":"AT","ind_tipo":"IRU","des_condic":"Aguardando analise","municipio":"Barra Mansa","dat_criaca":"03/05/2016"},"geometry":{"type":"Polygon","coordinates":[[[-44.2186,-22.4292],[-44.2164,-22.4225],[-44.2063,-22.4208],[-44.203,-22.4308],[-44.208,-22.4352],[-44.2172,-22.4339],[-44.2187,-22.4295],[-44.2186,-22.4292]]]}},{"type":"Feature","properties":{"cod_imovel":"RJ-3300407-56A8B13AD67A49ECB3B9B1E4BD6F16C1","mod_fiscal":"1.4972000000000000000000000000000","num_area":"38.926100000000000000000000000000","ind_status":"AT","ind_tipo":"IRU","des_condic":"Aguardando analise","municipio":"Barra Mansa","dat_criaca":"30/03/2016"},"geometry":{"type":"Polygon","coordinates":[[[-44.2363,-22.5171],[-44.2374,-22.5134],[-44.2279,-22.5122],[-44.2263,-22.515],[-44.2348,-22.5166],[-44.2363,-22.5171]]]}},{"type":"Feature","properties":{"cod_imovel":"RJ-3300407-DA1E53D022414D0489BEF95F705F93E2","mod_fiscal":"1.3090000000000000000000000000000","num_area":"34.034200000000000000000000000000","ind_status":"AT","ind_tipo":"IRU","des_condic":"Aguardando analise","municipio":"Barra Mansa","dat_criaca":"30/03/2016"},"geometry":{"type":"Polygon","coordinates":[[[-44.2379,-22.5215],[-44.2377,-22.5177],[-44.2331,-22.5161],[-44.2319,-22.5231],[-44.2373,-22.5227],[-44.2379,-22.5215]]]}},{"type":"Feature","properties":{"cod_imovel":"RJ-3300407-58D22F5518C043BBB8EC4CCC789EB9AC","mod_fiscal":"3.0349000000000000000000000000000","num_area":"78.907100000000000000000000000000","ind_status":"AT","ind_tipo":"IRU","des_condic":"Aguardando analise","municipio":"Barra Mansa","dat_criaca":"28/03/2016"},"geometry":{"type":"Polygon","coordinates":[[[-44.2197,-22.5282],[-44.2157,-22.5312],[-44.2197,-22.5355],[-44.232,-22.5231],[-44.2292,-22.5233],[-44.2297,-22.5201],[-44.2197,-22.5282],[-44.2197,-22.5282]]]}},{"type":"Feature","properties":{"cod_imovel":"RJ-3300407-3608339A0B664C88AF31CE297138D7EF","mod_fiscal":"3.1516000000000000000000000000000","num_area":"81.942400000000000000000000000000","ind_status":"AT","ind_tipo":"IRU","des_condic":"Aguardando analise","municipio":"Barra Mansa","dat_criaca":"16/12/2015"},"geometry":{"type":"Polygon","coordinates":[[[-44.1922,-22.5053],[-44.1965,-22.5005],[-44.2024,-22.4996],[-44.1975,-22.4923],[-44.1923,-22.4971],[-44.1921,-22.5051],[-44.1922,-22.5053]]]}},{"type":"Feature","properties":{"cod_imovel":"RJ-3300407-F4B2335C7B0D419583C610D3D5F09593","mod_fiscal":"5.8678000000000000000000000000000","num_area":"152.56390000000000000000000000000","ind_status":"AT","ind_tipo":"IRU","des_condic":"Aguardando analise","municipio":"Barra Mansa","dat_criaca":"16/02/2016"},"geometry":{"type":"Polygon","coordinates":[[[-44.3105,-22.4853],[-44.3011,-22.4819],[-44.3,-22.4753],[-44.2982,-22.4896],[-44.2945,-22.4944],[-44.2995,-22.4954],[-44.3008,-22.4872],[-44.3047,-22.4856],[-44.3004,-22.4968],[-44.303,-22.4972],[-44.31,-22.4864],[-44.3105,-22.4853]]]}},{"type":"Feature","properties":{"cod_imovel":"RJ-3300407-970BBC42CC7D4B8DB14C04722CFFBE31","mod_fiscal":"0.3718000000000000000000000000000","num_area":"9.6655000000000000000000000000000","ind_status":"AT","ind_tipo":"IRU","des_condic":"Aguardando analise","municipio":"Barra Mansa","dat_criaca":"01/12/2015"},"geometry":{"type":"Polygon","coordinates":[[[-44.224,-22.5045],[-44.2143,-22.5123],[-44.2241,-22.5046],[-44.224,-22.5045]]]}},{"type":"Feature","properties":{"cod_imovel":"RJ-3300407-271AD3E3BA454DCABBF2960F73C86B0F","mod_fiscal":"3.1058000000000000000000000000000","num_area":"80.751700000000000000000000000000","ind_status":"AT","ind_tipo":"IRU","des_condic":"Aguardando analise","municipio":"Barra Mansa","dat_criaca":"18/05/2015"},"geometry":{"type":"Polygon","coordinates":[[[-44.2054,-22.4845],[-44.2011,-22.4876],[-44.2012,-22.4912],[-44.2046,-22.4975],[-44.2088,-22.4986],[-44.2072,-22.487],[-44.2054,-22.4845]]]}},{"type":"Feature","properties":{"cod_imovel":"RJ-3300407-68E4D990E3F54CA0A08D706E023C0691","mod_fiscal":"0.0840000000000000000000000000000","num_area":"2.1843000000000000000000000000000","ind_status":"AT","ind_tipo":"IRU","des_condic":"Aguardando analise","municipio":"Barra Mansa","dat_criaca":"12/05/2015"},"geometry":{"type":"Polygon","coordinates":[[[-44.2366,-22.4944],[-44.2289,-22.4973],[-44.2366,-22.4944],[-44.2366,-22.4944]]]}},{"type":"Feature","properties":{"cod_imovel":"RJ-3300407-A9D0BBCE47514C81ACB9C9DA952CAB4D","mod_fiscal":"3.2220000000000000000000000000000","num_area":"83.772200000000000000000000000000","ind_status":"AT","ind_tipo":"IRU","des_condic":"Aguardando analise","municipio":"Barra Mansa","dat_criaca":"08/05/2015"},"geometry":{"type":"Polygon","coordinates":[[[-44.2301,-22.4854],[-44.2341,-22.4825],[-44.2326,-22.4773],[-44.2196,-22.4808],[-44.2192,-22.4828],[-44.2272,-22.4836],[-44.2301,-22.4854]]]}},{"type":"Feature","properties":{"cod_imovel":"RJ-3300407-DCF813764AF14DB1BAEE62F7373A91F0","mod_fiscal":"3.6521000000000000000000000000000","num_area":"94.943700000000000000000000000000","ind_status":"AT","ind_tipo":"IRU","des_condic":"Aguardando analise","municipio":"Barra Mansa","dat_criaca":"08/05/2015"},"geometry":{"type":"Polygon","coordinates":[[[-44.0818,-22.3216],[-44.0706,-22.3205],[-44.0694,-22.3277],[-44.0742,-22.3306],[-44.0812,-22.3247],[-44.0818,-22.3216]]]}},{"type":"Feature","properties":{"cod_imovel":"RJ-3300407-87F10E26CD3E4CCE96E889937EA764C5","mod_fiscal":"3.1528000000000000000000000000000","num_area":"81.971600000000000000000000000000","ind_status":"AT","ind_tipo":"IRU","des_condic":"Aguardando analise","municipio":"Barra Mansa","dat_criaca":"04/11/2014"},"geometry":{"type":"Polygon","coordinates":[[[-44.3013,-22.4609],[-44.2986,-22.4539],[-44.2913,-22.4586],[-44.3002,-22.4664],[-44.3013,-22.461],[-44.3013,-22.4609]]]}},{"type":"Feature","properties":{"cod_imovel":"RJ-3300407-73C84D5C25934347A0F99E38FBA87B2A","mod_fiscal":"4.3724000000000000000000000000000","num_area":"66.200100000000000000000000000000","ind_status":"PE","ind_tipo":"IRU","des_condic":"Aguardando analise, apos revisao ou atendimento da notificacao","municipio":"Barra Mansa","dat_criaca":"04/09/2014"},"geometry":{"type":"Polygon","coordinates":[[[-44.1445,-22.5208],[-44.1414,-22.5275],[-44.1494,-22.5233],[-44.1528,-22.5247],[-44.1532,-22.5172],[-44.15,-22.5202],[-44.1428,-22.518],[-44.1439,-22.5201],[-44.1445,-22.5208]]]}},{"type":"Feature","properties":{"cod_imovel":"RJ-3300407-1C77AD97D09D4616AD22DBE7A33ECD3A","mod_fiscal":"0.1848000000000000000000000000000","num_area":"4.8041000000000000000000000000000","ind_status":"AT","ind_tipo":"IRU","des_condic":"Aguardando analise","municipio":"Barra Mansa","dat_criaca":"05/06/2025"},"geometry":{"type":"Polygon","coordinates":[[[-44.099,-22.3917],[-44.102,-22.3935],[-44.1004,-22.3909],[-44.099,-22.3917]]]}},{"type":"Feature","properties":{"cod_imovel":"RJ-3300407-C063B21A6F5F44208B94E4AE7D708F58","mod_fiscal":"4.7464000000000000000000000000000","num_area":"123.40580000000000000000000000000","ind_status":"AT","ind_tipo":"IRU","des_condic":"Aguardando analise","municipio":"Barra Mansa","dat_criaca":"14/09/2015"},"geometry":{"type":"Polygon","coordinates":[[[-44.1444,-22.3417],[-44.1414,-22.3457],[-44.1431,-22.357],[-44.1534,-22.3576],[-44.1544,-22.3534],[-44.1458,-22.3457],[-44.1474,-22.3435],[-44.1444,-22.3417]]]}},{"type":"Feature","properties":{"cod_imovel":"RJ-3300407-B542AA72B0394D4BB4836A5E837C584B","mod_fiscal":"8.2787000000000000000000000000000","num_area":"196.10480000000000000000000000000","ind_status":"AT","ind_tipo":"IRU","des_condic":"Aguardando analise","municipio":"Barra Mansa","dat_criaca":"21/05/2025"},"geometry":{"type":"Polygon","coordinates":[[[-44.1484,-22.6488],[-44.1526,-22.6489],[-44.1496,-22.6441],[-44.132,-22.6375],[-44.1326,-22.6477],[-44.1365,-22.647],[-44.1379,-22.6521],[-44.1426,-22.654],[-44.1484,-22.6493],[-44.1484,-22.6488]]]}},{"type":"Feature","properties":{"cod_imovel":"RJ-3300407-2D66B7DEE5AF44DABBFF58AA7D0B4541","mod_fiscal":"5.2124000000000000000000000000000","num_area":"97.457000000000000000000000000000","ind_status":"PE","ind_tipo":"IRU","des_condic":"Aguardando analise, apos revisao ou atendimento da notificacao","municipio":"Barra Mansa","dat_criaca":"12/05/2014"},"geometry":{"type":"Polygon","coordinates":[[[-44.1136,-22.4329],[-44.1189,-22.4314],[-44.1165,-22.4308],[-44.1199,-22.4265],[-44.1271,-22.4275],[-44.1225,-22.422],[-44.1264,-22.4192],[-44.1232,-22.4155],[-44.1184,-22.4185],[-44.1136,-22.4329],[-44.1136,-22.4329]]]}},{"type":"Feature","properties":{"cod_imovel":"RJ-3300407-300A307C2EEF4BBE81FAF3FC00EE1B61","mod_fiscal":"0.6100000000000000000000000000000","num_area":"15.860300000000000000000000000000","ind_status":"AT","ind_tipo":"IRU","des_condic":"Aguardando analise","municipio":"Barra Mansa","dat_criaca":"12/05/2025"},"geometry":{"type":"Polygon","coordinates":[[[-44.1642,-22.4096],[-44.1683,-22.413],[-44.1688,-22.4094],[-44.1647,-22.409],[-44.1642,-22.4096]]]}},{"type":"Feature","properties":{"cod_imovel":"RJ-3300407-66BD38799A934BCC8594D0D2B50BA5C6","mod_fiscal":"0.5803000000000000000000000000000","num_area":"15.088100000000000000000000000000","ind_status":"AT","ind_tipo":"IRU","des_condic":"Aguardando analise","municipio":"Barra Mansa","dat_criaca":"04/02/2025"},"geometry":{"type":"Polygon","coordinates":[[[-44.1644,-22.4106],[-44.1673,-22.4155],[-44.1683,-22.413],[-44.1641,-22.4099],[-44.1644,-22.4106]]]}},{"type":"Feature","properties":{"cod_imovel":"RJ-3300407-34C662CAF8034ABAA44472F568DF6FC9","mod_fiscal":"0.1916000000000000000000000000000","num_area":"4.9817000000000000000000000000000","ind_status":"AT","ind_tipo":"IRU","des_condic":"Aguardando analise","municipio":"Barra Mansa","dat_criaca":"22/04/2025"},"geometry":{"type":"Polygon","coordinates":[[[-44.1762,-22.5536],[-44.1791,-22.5529],[-44.1762,-22.5535],[-44.1762,-22.5536]]]}},{"type":"Feature","properties":{"cod_imovel":"RJ-3300407-777BC76DB02D4F31AF51F9284360C93D","mod_fiscal":"0.1471000000000000000000000000000","num_area":"3.8254000000000000000000000000000","ind_status":"PE","ind_tipo":"IRU","des_condic":"Analisado, aguardando atendimento a notificacao","municipio":"Barra Mansa","dat_criaca":"05/10/2016"},"geometry":{"type":"Polygon","coordinates":[[[-44.2317,-22.5428],[-44.2319,-22.5402],[-44.2304,-22.5426],[-44.2317,-22.5428]]]}},{"type":"Feature","properties":{"cod_imovel":"RJ-3300407-BCE20E22408949BF82C7DAD0AF655CD8","mod_fiscal":"0.3294000000000000000000000000000","num_area":"8.5650000000000000000000000000000","ind_status":"PE","ind_tipo":"IRU","des_condic":"Analisado, aguardando atendimento a notificacao","municipio":"Barra Mansa","dat_criaca":"18/12/2018"},"geometry":{"type":"Polygon","coordinates":[[[-44.2565,-22.5513],[-44.2586,-22.5549],[-44.2571,-22.5517],[-44.2565,-22.5513]]]}},{"type":"Feature","properties":{"cod_imovel":"RJ-3300407-A6FA533304A64ED9AB8C7A1C2D409FE4","mod_fiscal":"0.0885000000000000000000000000000","num_area":"2.3000000000000000000000000000000","ind_status":"AT","ind_tipo":"IRU","des_condic":"Aguardando analise","municipio":"Barra Mansa","dat_criaca":"26/09/2024"},"geometry":{"type":"Polygon","coordinates":[[[-44.1569,-22.46],[-44.1589,-22.4604],[-44.1569,-22.4599],[-44.1569,-22.46]]]}},{"type":"Feature","properties":{"cod_imovel":"RJ-3300407-67962934A1ED46D2AC3BC679DAFA9FDE","mod_fiscal":"1.0220000000000000000000000000000","num_area":"26.572600000000000000000000000000","ind_status":"AT","ind_tipo":"IRU","des_condic":"Aguardando analise","municipio":"Barra Mansa","dat_criaca":"19/11/2015"},"geometry":{"type":"Polygon","coordinates":[[[-44.2064,-22.5075],[-44.2098,-22.5028],[-44.2048,-22.5013],[-44.2034,-22.5064],[-44.206,-22.5073],[-44.2064,-22.5075]]]}},{"type":"Feature","properties":{"cod_imovel":"RJ-3300407-C14D69DEA6B54871BBCBD027FC56D740","mod_fiscal":"1.9221000000000000000000000000000","num_area":"49.974000000000000000000000000000","ind_status":"AT","ind_tipo":"IRU","des_condic":"Aguardando analise","municipio":"Barra Mansa","dat_criaca":"30/09/2016"},"geometry":{"type":"Polygon","coordinates":[[[-44.2433,-22.5618],[-44.2464,-22.5462],[-44.2388,-22.5545],[-44.2429,-22.5612],[-44.2433,-22.5618]]]}},{"type":"Feature","properties":{"cod_imovel":"RJ-3300407-751C80A7432F403F87B84C3A38735A68","mod_fiscal":"32.157800000000000000000000000000","num_area":"836.10270000000000000000000000000","ind_status":"AT","ind_tipo":"IRU","des_condic":"Aguardando analise","municipio":"Barra Mansa","dat_criaca":"03/05/2016"},"geometry":{"type":"Polygon","coordinates":[[[-44.2022,-22.4586],[-44.2099,-22.4628],[-44.2161,-22.4523],[-44.2172,-22.4458],[-44.2108,-22.4425],[-44.2108,-22.4342],[-44.1936,-22.4333],[-44.1912,-22.4283],[-44.1846,-22.4298],[-44.1816,-22.4419],[-44.1856,-22.448],[-44.1836,-22.4519],[-44.1901,-22.4599],[-44.1983,-22.455],[-44.2022,-22.4586],[-44.2022,-22.4586]]]}},{"type":"Feature","properties":{"cod_imovel":"RJ-3300407-D25FCDE62A8A4F12B13092BB24DC29E8","mod_fiscal":"1.3426000000000000000000000000000","num_area":"22.143600000000000000000000000000","ind_status":"AT","ind_tipo":"IRU","des_condic":"Aguardando analise","municipio":"Barra Mansa","dat_criaca":"10/11/2015"},"geometry":{"type":"Polygon","coordinates":[[[-44.1022,-22.4214],[-44.1066,-22.4159],[-44.1013,-22.4169],[-44.1023,-22.4198],[-44.1022,-22.4214]]]}},{"type":"Feature","properties":{"cod_imovel":"RJ-3300407-62F8195D65C44EFBBAB361918756D789","mod_fiscal":"4.7109000000000000000000000000000","num_area":"122.48330000000000000000000000000","ind_status":"AT","ind_tipo":"IRU","des_condic":"Aguardando analise","municipio":"Barra Mansa","dat_criaca":"03/05/2016"},"geometry":{"type":"Polygon","coordinates":[[[-44.2156,-22.4822],[-44.2113,-22.4715],[-44.2079,-22.4691],[-44.2049,-22.4712],[-44.2095,-22.4762],[-44.2033,-22.4833],[-44.2073,-22.4877],[-44.2105,-22.482],[-44.2147,-22.4822],[-44.2156,-22.4822]]]}},{"type":"Feature","properties":{"cod_imovel":"RJ-3300407-F1D59588BCE24EC4A46A8EACE15FB345","mod_fiscal":"1.8620000000000000000000000000000","num_area":"48.411600000000000000000000000000","ind_status":"AT","ind_tipo":"IRU","des_condic":"Aguardando analise","municipio":"Barra Mansa","dat_criaca":"06/04/2016"},"geometry":{"type":"Polygon","coordinates":[[[-44.2478,-22.5478],[-44.2473,-22.5599],[-44.2505,-22.5604],[-44.2528,-22.5494],[-44.2478,-22.5478],[-44.2478,-22.5478]]]}},{"type":"Feature","properties":{"cod_imovel":"RJ-3300407-5EF67EE7E78C4DDBB36798503E79A639","mod_fiscal":"0.1726000000000000000000000000000","num_area":"4.4880000000000000000000000000000","ind_status":"PE","ind_tipo":"IRU","des_condic":"Analisado, aguardando atendimento a notificacao","municipio":"Barra Mansa","dat_criaca":"28/09/2023"},"geometry":{"type":"Polygon","coordinates":[[[-44.1648,-22.6338],[-44.1635,-22.6303],[-44.1642,-22.6335],[-44.1648,-22.6338]]]}},{"type":"Feature","properties":{"cod_imovel":"RJ-3300407-B4CC92D8CD244BB6A8322CEADBEFFD07","mod_fiscal":"2.3051000000000000000000000000000","num_area":"59.932700000000000000000000000000","ind_status":"AT","ind_tipo":"IRU","des_condic":"Aguardando analise","municipio":"Barra Mansa","dat_criaca":"18/11/2015"},"geometry":{"type":"Polygon","coordinates":[[[-44.298,-22.5428],[-44.2931,-22.5433],[-44.294,-22.5492],[-44.3017,-22.5464],[-44.3021,-22.5428],[-44.2988,-22.543],[-44.298,-22.5428]]]}},{"type":"Feature","properties":{"cod_imovel":"RJ-3300407-E9D18A00A5184346AF606BE6E74444A9","mod_fiscal":"1.8601000000000000000000000000000","num_area":"48.361600000000000000000000000000","ind_status":"AT","ind_tipo":"IRU","des_condic":"Aguardando analise","municipio":"Barra Mansa","dat_criaca":"18/08/2014"},"geometry":{"type":"Polygon","coordinates":[[[-44.1299,-22.3509],[-44.1339,-22.3488],[-44.1314,-22.3421],[-44.128,-22.3421],[-44.1286,-22.3521],[-44.1299,-22.3509]]]}},{"type":"Feature","properties":{"cod_imovel":"RJ-3300407-3BDBA9433168451B900359A0CEBDF9BB","mod_fiscal":"1.9451000000000000000000000000000","num_area":"50.573700000000000000000000000000","ind_status":"AT","ind_tipo":"IRU","des_condic":"Aguardando analise","municipio":"Barra Mansa","dat_criaca":"10/03/2025"},"geometry":{"type":"Polygon","coordinates":[[[-44.1757,-22.6109],[-44.1773,-22.6082],[-44.1711,-22.6026],[-44.1684,-22.6076],[-44.174,-22.6128],[-44.1756,-22.6109],[-44.1757,-22.6109]]]}},{"type":"Feature","properties":{"cod_imovel":"RJ-3300407-B486A838681B477AB3CB860184CD225C","mod_fiscal":"0.0773000000000000000000000000000","num_area":"2.0110000000000000000000000000000","ind_status":"PE","ind_tipo":"IRU","des_condic":"Analisado, aguardando atendimento a notificacao","municipio":"Barra Mansa","dat_criaca":"03/03/2021"},"geometry":{"type":"Polygon","coordinates":[[[-44.1688,-22.5908],[-44.1694,-22.5931],[-44.1696,-22.5907],[-44.1688,-22.5908]]]}},{"type":"Feature","properties":{"cod_imovel":"RJ-3300407-60CDE8C336C242FE965A0889D3D55A8F","mod_fiscal":"2.7484000000000000000000000000000","num_area":"71.458700000000000000000000000000","ind_status":"AT","ind_tipo":"IRU","des_condic":"Aguardando analise","municipio":"Barra Mansa","dat_criaca":"18/12/2018"},"geometry":{"type":"Polygon","coordinates":[[[-44.2716,-22.5451],[-44.2686,-22.5438],[-44.2647,-22.557],[-44.268,-22.5576],[-44.2733,-22.5474],[-44.2716,-22.5451]]]}},{"type":"Feature","properties":{"cod_imovel":"RJ-3300407-2C762F84D410491C8A2054895762EF4F","mod_fiscal":"1.2515000000000000000000000000000","num_area":"32.537900000000000000000000000000","ind_status":"AT","ind_tipo":"IRU","des_condic":"Aguardando analise","municipio":"Barra Mansa","dat_criaca":"17/12/2018"},"geometry":{"type":"Polygon","coordinates":[[[-44.2655,-22.5548],[-44.2686,-22.5438],[-44.266,-22.5428],[-44.2634,-22.5436],[-44.2662,-22.5505],[-44.2619,-22.556],[-44.2648,-22.5565],[-44.2655,-22.5548]]]}},{"type":"Feature","properties":{"cod_imovel":"RJ-3300407-B2536A19953D488C869CBEB5F71F48AF","mod_fiscal":"5.6898000000000000000000000000000","num_area":"147.58890000000000000000000000000","ind_status":"AT","ind_tipo":"IRU","des_condic":"Aguardando analise","municipio":"Barra Mansa","dat_criaca":"13/12/2018"},"geometry":{"type":"Polygon","coordinates":[[[-44.0994,-22.5669],[-44.1038,-22.5649],[-44.1104,-22.5683],[-44.1115,-22.5659],[-44.1059,-22.563],[-44.1047,-22.5584],[-44.0954,-22.5607],[-44.0914,-22.568],[-44.0951,-22.5735],[-44.0987,-22.572],[-44.0994,-22.5669]]]}},{"type":"Feature","properties":{"cod_imovel":"RJ-3300407-B14F00360A49422FB65F8BAD8A240CA2","mod_fiscal":"14.562900000000000000000000000000","num_area":"289.95800000000000000000000000000","ind_status":"SU","ind_tipo":"IRU","des_condic":"Analisado, aguardando atendimento a notificacao","municipio":"Barra Mansa","dat_criaca":"17/02/2016"},"geometry":{"type":"Polygon","coordinates":[[[-44.1399,-22.4431],[-44.1489,-22.453],[-44.1577,-22.4508],[-44.1589,-22.4414],[-44.1488,-22.442],[-44.1495,-22.4346],[-44.1543,-22.4281],[-44.1525,-22.4263],[-44.1469,-22.4284],[-44.1484,-22.4341],[-44.1437,-22.439],[-44.1382,-22.4331],[-44.1335,-22.435],[-44.1396,-22.4428],[-44.1399,-22.4431]]]}},{"type":"Feature","properties":{"cod_imovel":"RJ-3300407-491115731E78489188C9A73D2BE29C1A","mod_fiscal":"0.4748000000000000000000000000000","num_area":"12.344800000000000000000000000000","ind_status":"AT","ind_tipo":"IRU","des_condic":"Aguardando analise","municipio":"Barra Mansa","dat_criaca":"24/01/2025"},"geometry":{"type":"Polygon","coordinates":[[[-44.2979,-22.4659],[-44.2994,-22.4689],[-44.3032,-22.4681],[-44.2989,-22.4657],[-44.2979,-22.4659]]]}},{"type":"Feature","properties":{"cod_imovel":"RJ-3300407-5B57715EAC114B5BBA63084DC70C4B9A","mod_fiscal":"0.2831000000000000000000000000000","num_area":"7.3596000000000000000000000000000","ind_status":"AT","ind_tipo":"IRU","des_condic":"Aguardando analise","municipio":"Barra Mansa","dat_criaca":"23/01/2025"},"geometry":{"type":"Polygon","coordinates":[[[-44.1653,-22.4914],[-44.1684,-22.4884],[-44.165,-22.4905],[-44.1653,-22.4914]]]}},{"type":"Feature","properties":{"cod_imovel":"RJ-3300407-FCC22E4833D140ED95823B113DB5AE01","mod_fiscal":"5.0422000000000000000000000000000","num_area":"131.09630000000000000000000000000","ind_status":"AT","ind_tipo":"IRU","des_condic":"Em analise","municipio":"Barra Mansa","dat_criaca":"17/03/2016"},"geometry":{"type":"Polygon","coordinates":[[[-44.213,-22.4937],[-44.2116,-22.4972],[-44.2186,-22.5058],[-44.2265,-22.4997],[-44.2151,-22.4915],[-44.2131,-22.4933],[-44.213,-22.4937]]]}},{"type":"Feature","properties":{"cod_imovel":"RJ-3300407-3C18AE6E598E4918AB6F76F5D92D0A81","mod_fiscal":"8.0823000000000000000000000000000","num_area":"210.14080000000000000000000000000","ind_status":"AT","ind_tipo":"IRU","des_condic":"Em analise","municipio":"Barra Mansa","dat_criaca":"16/04/2022"},"geometry":{"type":"Polygon","coordinates":[[[-44.3077,-22.4931],[-44.3071,-22.5017],[-44.3117,-22.508],[-44.3202,-22.5068],[-44.3261,-22.4989],[-44.3123,-22.4959],[-44.3108,-22.4886],[-44.3079,-22.4924],[-44.3077,-22.4931]]]}},{"type":"Feature","properties":{"cod_imovel":"RJ-3300407-2485DA24562D4CBB8A5D00040489817D","mod_fiscal":"0.3478000000000000000000000000000","num_area":"9.0433000000000000000000000000000","ind_status":"AT","ind_tipo":"IRU","des_condic":"Aguardando analise","municipio":"Barra Mansa","dat_criaca":"18/12/2024"},"geometry":{"type":"Polygon","coordinates":[[[-44.1616,-22.4921],[-44.1569,-22.491],[-44.161,-22.4925],[-44.1616,-22.4921]]]}},{"type":"Feature","properties":{"cod_imovel":"RJ-3300407-5EB14D9A7A074F26A44E4EF97119FDB1","mod_fiscal":"1.9971000000000000000000000000000","num_area":"51.924000000000000000000000000000","ind_status":"AT","ind_tipo":"IRU","des_condic":"Aguardando analise","municipio":"Barra Mansa","dat_criaca":"10/12/2024"},"geometry":{"type":"Polygon","coordinates":[[[-44.1692,-22.5809],[-44.1707,-22.5742],[-44.1623,-22.5778],[-44.1636,-22.583],[-44.1689,-22.581],[-44.1692,-22.5809]]]}},{"type":"Feature","properties":{"cod_imovel":"RJ-3300407-85E2B74A7B6F443285DE6263801B42A1","mod_fiscal":"0.0848000000000000000000000000000","num_area":"2.2041000000000000000000000000000","ind_status":"AT","ind_tipo":"IRU","des_condic":"Aguardando analise","municipio":"Barra Mansa","dat_criaca":"13/03/2024"},"geometry":{"type":"Polygon","coordinates":[[[-44.1059,-22.3765],[-44.1034,-22.3781],[-44.1054,-22.3769],[-44.1059,-22.3765]]]}},{"type":"Feature","properties":{"cod_imovel":"RJ-3300407-68C82F2BBE91437C93A6DD51BCC678D1","mod_fiscal":"2.6246000000000000000000000000000","num_area":"68.240200000000000000000000000000","ind_status":"AT","ind_tipo":"IRU","des_condic":"Aguardando analise","municipio":"Barra Mansa","dat_criaca":"02/05/2016"},"geometry":{"type":"Polygon","coordinates":[[[-44.2664,-22.5957],[-44.2592,-22.5911],[-44.2512,-22.5998],[-44.2559,-22.6007],[-44.2608,-22.5963],[-44.2665,-22.596],[-44.2664,-22.5957]]]}},{"type":"Feature","properties":{"cod_imovel":"RJ-3300407-8F0AA6A9155844BCB49CF61BB20AB889","mod_fiscal":"0.6311000000000000000000000000000","num_area":"16.407400000000000000000000000000","ind_status":"PE","ind_tipo":"IRU","des_condic":"Aguardando analise, apos revisao ou atendimento da notificacao","municipio":"Barra Mansa","dat_criaca":"21/12/2015"},"geometry":{"type":"Polygon","coordinates":[[[-44.1551,-22.5739],[-44.1549,-22.5707],[-44.1505,-22.5685],[-44.149,-22.5705],[-44.1551,-22.5739]]]}},{"type":"Feature","properties":{"cod_imovel":"RJ-3300407-5F4D8CEA530244CE8374DA2CCD2887A7","mod_fiscal":"4.8337000000000000000000000000000","num_area":"125.67670000000000000000000000000","ind_status":"AT","ind_tipo":"IRU","des_condic":"Aguardando analise","municipio":"Barra Mansa","dat_criaca":"01/04/2022"},"geometry":{"type":"Polygon","coordinates":[[[-44.1422,-22.6209],[-44.1383,-22.6277],[-44.1528,-22.6299],[-44.1537,-22.6227],[-44.1488,-22.6197],[-44.1442,-22.6209],[-44.1422,-22.6209]]]}},{"type":"Feature","properties":{"cod_imovel":"RJ-3300407-66F4A4984ED346F8955084832B59AC75","mod_fiscal":"4.0673000000000000000000000000000","num_area":"96.327900000000000000000000000000","ind_status":"AT","ind_tipo":"IRU","des_condic":"Aguardando analise","municipio":"Barra Mansa","dat_criaca":"14/02/2019"},"geometry":{"type":"Polygon","coordinates":[[[-44.1437,-22.4389],[-44.1493,-22.4335],[-44.1467,-22.4273],[-44.1359,-22.4302],[-44.1437,-22.4389]]]}},{"type":"Feature","properties":{"cod_imovel":"RJ-3300407-A747FD9068C14F33A6ADDA737BE70B4E","mod_fiscal":"4.2402000000000000000000000000000","num_area":"110.24570000000000000000000000000","ind_status":"AT","ind_tipo":"IRU","des_condic":"Aguardando analise","municipio":"Barra Mansa","dat_criaca":"10/12/2016"},"geometry":{"type":"Polygon","coordinates":[[[-44.2969,-22.5242],[-44.2989,-22.5349],[-44.3052,-22.5401],[-44.3063,-22.5282],[-44.2993,-22.5251],[-44.2969,-22.5242]]]}},{"type":"Feature","properties":{"cod_imovel":"RJ-3300407-42A297008F4F4B6D83487F991D3E1F66","mod_fiscal":"1.0986000000000000000000000000000","num_area":"28.563600000000000000000000000000","ind_status":"AT","ind_tipo":"IRU","des_condic":"Aguardando analise","municipio":"Barra Mansa","dat_criaca":"15/08/2023"},"geometry":{"type":"Polygon","coordinates":[[[-44.1427,-22.633],[-44.1414,-22.6366],[-44.1475,-22.6374],[-44.1444,-22.6347],[-44.1454,-22.6296],[-44.1425,-22.6294],[-44.1429,-22.6326],[-44.1427,-22.633]]]}},{"type":"Feature","properties":{"cod_imovel":"RJ-3300407-1518C78D5FDA4DA9A98FF3C2B37C289F","mod_fiscal":"3.1787000000000000000000000000000","num_area":"82.647200000000000000000000000000","ind_status":"AT","ind_tipo":"IRU","des_condic":"Aguardando analise","municipio":"Barra Mansa","dat_criaca":"26/10/2021"},"geometry":{"type":"Polygon","coordinates":[[[-44.2976,-22.5495],[-44.294,-22.5512],[-44.2934,-22.5616],[-44.3002,-22.5608],[-44.2979,-22.5537],[-44.3023,-22.5514],[-44.302,-22.5463],[-44.2978,-22.5492],[-44.2976,-22.5495]]]}},{"type":"Feature","properties":{"cod_imovel":"RJ-3300407-B70CA15F2CDF4ED2A290008985A7754D","mod_fiscal":"0.5011000000000000000000000000000","num_area":"13.027600000000000000000000000000","ind_status":"AT","ind_tipo":"IRU","des_condic":"Aguardando analise","municipio":"Barra Mansa","dat_criaca":"25/09/2023"},"geometry":{"type":"Polygon","coordinates":[[[-44.2035,-22.5729],[-44.2043,-22.5689],[-44.2013,-22.5689],[-44.1988,-22.5719],[-44.2028,-22.5728],[-44.2035,-22.5729]]]}},{"type":"Feature","properties":{"cod_imovel":"RJ-3300407-AE5E9D1957FB4D4C840DA2A2E84B8DE7","mod_fiscal":"0.5394000000000000000000000000000","num_area":"14.024300000000000000000000000000","ind_status":"AT","ind_tipo":"IRU","des_condic":"Aguardando analise","municipio":"Barra Mansa","dat_criaca":"12/10/2022"},"geometry":{"type":"Polygon","coordinates":[[[-44.0969,-22.3766],[-44.1031,-22.3774],[-44.1032,-22.3754],[-44.0961,-22.376],[-44.0969,-22.3766]]]}},{"type":"Feature","properties":{"cod_imovel":"RJ-3300407-6838F5F68B3B43FBB19A8BE35901CA0C","mod_fiscal":"0.0844000000000000000000000000000","num_area":"2.1942000000000000000000000000000","ind_status":"AT","ind_tipo":"IRU","des_condic":"Aguardando analise","municipio":"Barra Mansa","dat_criaca":"04/11/2024"},"geometry":{"type":"Polygon","coordinates":[[[-44.2388,-22.5452],[-44.2383,-22.543],[-44.2386,-22.546],[-44.2388,-22.5452]]]}},{"type":"Feature","properties":{"cod_imovel":"RJ-3300407-5DF3411EBB564B33BEDA50BF5C316591","mod_fiscal":"3.8623000000000000000000000000000","num_area":"100.41970000000000000000000000000","ind_status":"AT","ind_tipo":"IRU","des_condic":"Aguardando analise","municipio":"Barra Mansa","dat_criaca":"10/07/2015"},"geometry":{"type":"Polygon","coordinates":[[[-44.164,-22.6305],[-44.1646,-22.6347],[-44.1706,-22.636],[-44.1809,-22.6283],[-44.1784,-22.6258],[-44.164,-22.6305],[-44.164,-22.6305]]]}},{"type":"Feature","properties":{"cod_imovel":"RJ-3300407-154A41A8BBE4423EA1FFE7FB77B6F0F3","mod_fiscal":"10.286000000000000000000000000000","num_area":"267.43530000000000000000000000000","ind_status":"AT","ind_tipo":"IRU","des_condic":"Aguardando analise","municipio":"Barra Mansa","dat_criaca":"24/10/2023"},"geometry":{"type":"Polygon","coordinates":[[[-44.1293,-22.396],[-44.1393,-22.3908],[-44.1347,-22.3855],[-44.1189,-22.3865],[-44.1153,-22.3973],[-44.1235,-22.4018],[-44.1272,-22.3959],[-44.1293,-22.396]]]}},{"type":"Feature","properties":{"cod_imovel":"RJ-3300407-D97CE913E9084D08BE1E022F397A41A0","mod_fiscal":"0.2136000000000000000000000000000","num_area":"5.5540000000000000000000000000000","ind_status":"AT","ind_tipo":"IRU","des_condic":"Aguardando analise","municipio":"Barra Mansa","dat_criaca":"04/10/2024"},"geometry":{"type":"Polygon","coordinates":[[[-44.1725,-22.5881],[-44.173,-22.5913],[-44.1744,-22.5896],[-44.1725,-22.5881]]]}},{"type":"Feature","properties":{"cod_imovel":"RJ-3300407-96C4412F01744B72AB67B37F54CCC269","mod_fiscal":"0.4652000000000000000000000000000","num_area":"12.096100000000000000000000000000","ind_status":"AT","ind_tipo":"IRU","des_condic":"Aguardando analise","municipio":"Barra Mansa","dat_criaca":"28/04/2016"},"geometry":{"type":"Polygon","coordinates":[[[-44.3049,-22.4667],[-44.3053,-22.4712],[-44.3085,-22.4695],[-44.3052,-22.4669],[-44.3049,-22.4667]]]}},{"type":"Feature","properties":{"cod_imovel":"RJ-3300407-3F06268C22AB47AE94479F602D0D37B0","mod_fiscal":"0.8708000000000000000000000000000","num_area":"22.642000000000000000000000000000","ind_status":"AT","ind_tipo":"IRU","des_condic":"Aguardando analise","municipio":"Barra Mansa","dat_criaca":"18/12/2023"},"geometry":{"type":"Polygon","coordinates":[[[-44.2741,-22.5784],[-44.2803,-22.577],[-44.2758,-22.5743],[-44.2736,-22.5781],[-44.2741,-22.5784]]]}},{"type":"Feature","properties":{"cod_imovel":"RJ-3300407-060D9755F8A547958063FEA5DA2FC461","mod_fiscal":"1.4893000000000000000000000000000","num_area":"38.722900000000000000000000000000","ind_status":"AT","ind_tipo":"IRU","des_condic":"Aguardando analise","municipio":"Barra Mansa","dat_criaca":"16/04/2024"},"geometry":{"type":"Polygon","coordinates":[[[-44.1578,-22.6289],[-44.1602,-22.6378],[-44.1649,-22.6339],[-44.1586,-22.6298],[-44.1578,-22.6289]]]}},{"type":"Feature","properties":{"cod_imovel":"RJ-3300407-6F98D4C52F464ACD8113B980BCDD9FDC","mod_fiscal":"0.9769000000000000000000000000000","num_area":"25.400000000000000000000000000000","ind_status":"AT","ind_tipo":"IRU","des_condic":"Aguardando analise","municipio":"Barra Mansa","dat_criaca":"17/10/2024"},"geometry":{"type":"Polygon","coordinates":[[[-44.1705,-22.4219],[-44.1661,-22.423],[-44.163,-22.4201],[-44.1617,-22.4229],[-44.166,-22.4259],[-44.1704,-22.422],[-44.1705,-22.4219]]]}},{"type":"Feature","properties":{"cod_imovel":"RJ-3300407-5B39FA253E2541D9893CD2BECA64CCBD","mod_fiscal":"0.6713000000000000000000000000000","num_area":"17.453800000000000000000000000000","ind_status":"AT","ind_tipo":"IRU","des_condic":"Aguardando analise","municipio":"Barra Mansa","dat_criaca":"04/10/2024"},"geometry":{"type":"Polygon","coordinates":[[[-44.1758,-22.5857],[-44.1702,-22.5868],[-44.1744,-22.5896],[-44.1761,-22.5857],[-44.1758,-22.5857]]]}},{"type":"Feature","properties":{"cod_imovel":"RJ-3300407-9EA6D30478094F0CB35CF9C082374470","mod_fiscal":"1.4138000000000000000000000000000","num_area":"36.758700000000000000000000000000","ind_status":"AT","ind_tipo":"IRU","des_condic":"Aguardando analise","municipio":"Barra Mansa","dat_criaca":"06/06/2024"},"geometry":{"type":"Polygon","coordinates":[[[-44.1462,-22.42],[-44.1447,-22.4258],[-44.1475,-22.4292],[-44.1515,-22.4235],[-44.1465,-22.4201],[-44.1462,-22.42]]]}},{"type":"Feature","properties":{"cod_imovel":"RJ-3300407-B6C9312FC55D4BAE908DF067AB9A1949","mod_fiscal":"0.9123000000000000000000000000000","num_area":"23.720600000000000000000000000000","ind_status":"AT","ind_tipo":"IRU","des_condic":"Aguardando analise","municipio":"Barra Mansa","dat_criaca":"06/06/2024"},"geometry":{"type":"Polygon","coordinates":[[[-44.1515,-22.4235],[-44.1544,-22.4189],[-44.15,-22.4173],[-44.1478,-22.42],[-44.1514,-22.4234],[-44.1515,-22.4235]]]}},{"type":"Feature","properties":{"cod_imovel":"RJ-3300407-9AC09B4C03AC4DA5A451272BF49B777C","mod_fiscal":"0.2287000000000000000000000000000","num_area":"5.9449000000000000000000000000000","ind_status":"AT","ind_tipo":"IRU","des_condic":"Aguardando analise","municipio":"Barra Mansa","dat_criaca":"21/05/2024"},"geometry":{"type":"Polygon","coordinates":[[[-44.1731,-22.4862],[-44.1756,-22.4833],[-44.173,-22.4859],[-44.1731,-22.4862]]]}},{"type":"Feature","properties":{"cod_imovel":"RJ-3300407-8AF0F2312CD84490BCD49A17CCE4B053","mod_fiscal":"1.8619000000000000000000000000000","num_area":"48.408300000000000000000000000000","ind_status":"AT","ind_tipo":"IRU","des_condic":"Aguardando analise","municipio":"Barra Mansa","dat_criaca":"10/02/2017"},"geometry":{"type":"Polygon","coordinates":[[[-44.2437,-22.4939],[-44.2389,-22.4962],[-44.239,-22.4999],[-44.2471,-22.5006],[-44.2441,-22.4942],[-44.2437,-22.4939]]]}},{"type":"Feature","properties":{"cod_imovel":"RJ-3300407-B91DDCA3C6E847F6B003E26CE42178D2","mod_fiscal":"0.8374000000000000000000000000000","num_area":"21.772500000000000000000000000000","ind_status":"AT","ind_tipo":"IRU","des_condic":"Aguardando analise","municipio":"Barra Mansa","dat_criaca":"18/12/2018"},"geometry":{"type":"Polygon","coordinates":[[[-44.268,-22.5576],[-44.2627,-22.5581],[-44.2652,-22.5639],[-44.2668,-22.5605],[-44.268,-22.5576]]]}},{"type":"Feature","properties":{"cod_imovel":"RJ-3300407-8F74C8FF77554921B43D0F0C1FC489DC","mod_fiscal":"0.2573000000000000000000000000000","num_area":"6.6892000000000000000000000000000","ind_status":"AT","ind_tipo":"IRU","des_condic":"Aguardando analise","municipio":"Barra Mansa","dat_criaca":"19/05/2016"},"geometry":{"type":"Polygon","coordinates":[[[-44.2404,-22.549],[-44.2376,-22.551],[-44.2403,-22.5496],[-44.2404,-22.549]]]}},{"type":"Feature","properties":{"cod_imovel":"RJ-3300407-6F3DB8B85E044077AF4195698061208E","mod_fiscal":"0.2180000000000000000000000000000","num_area":"5.6675000000000000000000000000000","ind_status":"AT","ind_tipo":"IRU","des_condic":"Aguardando analise","municipio":"Barra Mansa","dat_criaca":"18/10/2023"},"geometry":{"type":"Polygon","coordinates":[[[-44.1205,-22.5878],[-44.1208,-22.5848],[-44.1203,-22.5878],[-44.1205,-22.5878]]]}},{"type":"Feature","properties":{"cod_imovel":"RJ-3300407-0774CA72E17A402CAFFD4C865A8F0D3C","mod_fiscal":"0.8717000000000000000000000000000","num_area":"22.665300000000000000000000000000","ind_status":"AT","ind_tipo":"IRU","des_condic":"Aguardando analise","municipio":"Barra Mansa","dat_criaca":"17/07/2023"},"geometry":{"type":"Polygon","coordinates":[[[-44.1881,-22.5193],[-44.1847,-22.5141],[-44.1824,-22.5176],[-44.1874,-22.5194],[-44.1881,-22.5193]]]}},{"type":"Feature","properties":{"cod_imovel":"RJ-3300407-A7DE4859B6234C2288CAF492396A1276","mod_fiscal":"1.8601000000000000000000000000000","num_area":"48.361600000000000000000000000000","ind_status":"CA","ind_tipo":"IRU","des_condic":"Cancelado por duplicidade","municipio":"Barra Mansa","dat_criaca":"18/08/2014"},"geometry":{"type":"Polygon","coordinates":[[[-44.1299,-22.3509],[-44.1339,-22.3488],[-44.1314,-22.3421],[-44.128,-22.3421],[-44.1286,-22.3521],[-44.1299,-22.3509]]]}},{"type":"Feature","properties":{"cod_imovel":"RJ-3300407-DDD5BAC0D8A647A7A673264470857182","mod_fiscal":"0.7766000000000000000000000000000","num_area":"20.192500000000000000000000000000","ind_status":"AT","ind_tipo":"IRU","des_condic":"Aguardando analise","municipio":"Barra Mansa","dat_criaca":"15/09/2015"},"geometry":{"type":"Polygon","coordinates":[[[-44.1765,-22.5931],[-44.1763,-22.5866],[-44.1722,-22.5923],[-44.1769,-22.5955],[-44.1765,-22.5931],[-44.1765,-22.5931]]]}},{"type":"Feature","properties":{"cod_imovel":"RJ-3300407-B151707E038E4F6BA2AF251033A19ACA","mod_fiscal":"0.3353000000000000000000000000000","num_area":"8.7184000000000000000000000000000","ind_status":"AT","ind_tipo":"IRU","des_condic":"Aguardando analise","municipio":"Barra Mansa","dat_criaca":"27/09/2016"},"geometry":{"type":"Polygon","coordinates":[[[-44.2308,-22.5398],[-44.2338,-22.5407],[-44.2323,-22.5371],[-44.2311,-22.539],[-44.2308,-22.5398]]]}},{"type":"Feature","properties":{"cod_imovel":"RJ-3300407-31F0CA9B529842DDA842FB79A21B913E","mod_fiscal":"2.0430000000000000000000000000000","num_area":"53.118500000000000000000000000000","ind_status":"AT","ind_tipo":"IRU","des_condic":"Aguardando analise","municipio":"Barra Mansa","dat_criaca":"29/12/2017"},"geometry":{"type":"Polygon","coordinates":[[[-44.2167,-22.4739],[-44.2092,-22.4735],[-44.2089,-22.4797],[-44.2163,-22.4801],[-44.2167,-22.4739]]]}},{"type":"Feature","properties":{"cod_imovel":"RJ-3300407-DA2DA4667D9A4BFDB383CAF129FAACFB","mod_fiscal":"0.4636000000000000000000000000000","num_area":"12.053000000000000000000000000000","ind_status":"AT","ind_tipo":"IRU","des_condic":"Aguardando analise","municipio":"Barra Mansa","dat_criaca":"28/05/2018"},"geometry":{"type":"Polygon","coordinates":[[[-44.3025,-22.464],[-44.3001,-22.4665],[-44.3041,-22.4691],[-44.3026,-22.4642],[-44.3025,-22.464]]]}},{"type":"Feature","properties":{"cod_imovel":"RJ-3300407-941C339646F54C8FAFAA5B7A114EB607","mod_fiscal":"0.2327000000000000000000000000000","num_area":"6.0508000000000000000000000000000","ind_status":"AT","ind_tipo":"IRU","des_condic":"Aguardando analise","municipio":"Barra Mansa","dat_criaca":"29/05/2018"},"geometry":{"type":"Polygon","coordinates":[[[-44.1799,-22.5723],[-44.1841,-22.5718],[-44.1797,-22.5722],[-44.1799,-22.5723]]]}},{"type":"Feature","properties":{"cod_imovel":"RJ-3300407-CCFF93FDCE2941218069204F1B3B5BE3","mod_fiscal":"0.3634000000000000000000000000000","num_area":"9.4496000000000000000000000000000","ind_status":"AT","ind_tipo":"IRU","des_condic":"Aguardando analise","municipio":"Barra Mansa","dat_criaca":"10/12/2018"},"geometry":{"type":"Polygon","coordinates":[[[-44.1022,-22.3725],[-44.0969,-22.3721],[-44.1013,-22.3725],[-44.1022,-22.3725]]]}},{"type":"Feature","properties":{"cod_imovel":"RJ-3300407-63A7368D011E4F09BA57C447FC24BAEF","mod_fiscal":"0.4641000000000000000000000000000","num_area":"12.065800000000000000000000000000","ind_status":"AT","ind_tipo":"IRU","des_condic":"Aguardando analise","municipio":"Barra Mansa","dat_criaca":"27/05/2018"},"geometry":{"type":"Polygon","coordinates":[[[-44.1023,-22.6362],[-44.1016,-22.6425],[-44.1023,-22.6364],[-44.1023,-22.6362]]]}},{"type":"Feature","properties":{"cod_imovel":"RJ-3300407-1D73ED7E553E4678BB58AD00521C7B0A","mod_fiscal":"3.0510000000000000000000000000000","num_area":"79.326300000000000000000000000000","ind_status":"AT","ind_tipo":"IRU","des_condic":"Aguardando analise","municipio":"Barra Mansa","dat_criaca":"17/12/2018"},"geometry":{"type":"Polygon","coordinates":[[[-44.2634,-22.5429],[-44.2602,-22.5427],[-44.2586,-22.5549],[-44.2662,-22.5505],[-44.2633,-22.5435],[-44.2634,-22.5429]]]}},{"type":"Feature","properties":{"cod_imovel":"RJ-3300407-B2B133F67BDC420496D561C8A0CA3D84","mod_fiscal":"2.0778000000000000000000000000000","num_area":"54.023000000000000000000000000000","ind_status":"AT","ind_tipo":"IRU","des_condic":"Aguardando analise","municipio":"Barra Mansa","dat_criaca":"18/12/2018"},"geometry":{"type":"Polygon","coordinates":[[[-44.2652,-22.5639],[-44.2717,-22.562],[-44.2741,-22.5486],[-44.2668,-22.5605],[-44.2652,-22.5639]]]}},{"type":"Feature","properties":{"cod_imovel":"RJ-3300407-A2BCF0133F5D4914A41672B2624A3CDC","mod_fiscal":"0.9341000000000000000000000000000","num_area":"24.286500000000000000000000000000","ind_status":"AT","ind_tipo":"IRU","des_condic":"Aguardando analise","municipio":"Barra Mansa","dat_criaca":"18/12/2018"},"geometry":{"type":"Polygon","coordinates":[[[-44.2652,-22.5639],[-44.2627,-22.5581],[-44.2577,-22.5642],[-44.2635,-22.5639],[-44.2652,-22.5639]]]}},{"type":"Feature","properties":{"cod_imovel":"RJ-3300407-76239543A4BF49CF92C048A643B63A6F","mod_fiscal":"0.5976000000000000000000000000000","num_area":"15.538200000000000000000000000000","ind_status":"AT","ind_tipo":"IRU","des_condic":"Aguardando analise","municipio":"Barra Mansa","dat_criaca":"18/12/2018"},"geometry":{"type":"Polygon","coordinates":[[[-44.2648,-22.5566],[-44.2571,-22.5568],[-44.2602,-22.562],[-44.2647,-22.557],[-44.2648,-22.5566]]]}},{"type":"Feature","properties":{"cod_imovel":"RJ-3300407-34009F21E7714C55AEE4B18B6DD1BE4F","mod_fiscal":"2.6275000000000000000000000000000","num_area":"68.315300000000000000000000000000","ind_status":"AT","ind_tipo":"IRU","des_condic":"Aguardando analise","municipio":"Barra Mansa","dat_criaca":"02/03/2019"},"geometry":{"type":"Polygon","coordinates":[[[-44.1011,-22.6399],[-44.1011,-22.6356],[-44.0917,-22.6345],[-44.0909,-22.6398],[-44.0981,-22.6404],[-44.0993,-22.6436],[-44.1011,-22.6404],[-44.1011,-22.6399]]]}},{"type":"Feature","properties":{"cod_imovel":"RJ-3300407-74F29BAF5AFF4B6BB427FC877D03C990","mod_fiscal":"1.2956000000000000000000000000000","num_area":"33.686700000000000000000000000000","ind_status":"AT","ind_tipo":"IRU","des_condic":"Aguardando analise","municipio":"Barra Mansa","dat_criaca":"26/06/2019"},"geometry":{"type":"Polygon","coordinates":[[[-44.1597,-22.6199],[-44.16,-22.6155],[-44.153,-22.6159],[-44.1594,-22.6201],[-44.1597,-22.6199]]]}},{"type":"Feature","properties":{"cod_imovel":"RJ-3300407-39E212EF1E8D4EA6B43F77EDF370EF85","mod_fiscal":"0.7410000000000000000000000000000","num_area":"19.265900000000000000000000000000","ind_status":"AT","ind_tipo":"IRU","des_condic":"Aguardando analise","municipio":"Barra Mansa","dat_criaca":"01/07/2019"},"geometry":{"type":"Polygon","coordinates":[[[-44.1625,-22.5917],[-44.1518,-22.5947],[-44.163,-22.5921],[-44.1625,-22.5917]]]}},{"type":"Feature","properties":{"cod_imovel":"RJ-3300407-3E494D83C1C04A8BB4CB23D1A68F854E","mod_fiscal":"0.6475000000000000000000000000000","num_area":"16.834100000000000000000000000000","ind_status":"AT","ind_tipo":"IRU","des_condic":"Aguardando analise","municipio":"Barra Mansa","dat_criaca":"01/07/2019"},"geometry":{"type":"Polygon","coordinates":[[[-44.1655,-22.5894],[-44.1655,-22.583],[-44.1631,-22.5855],[-44.1594,-22.5827],[-44.1629,-22.5865],[-44.1655,-22.5894]]]}},{"type":"Feature","properties":{"cod_imovel":"RJ-3300407-1C916CA4A57E412FA24F3D12F0DA531B","mod_fiscal":"0.4243000000000000000000000000000","num_area":"11.032400000000000000000000000000","ind_status":"AT","ind_tipo":"IRU","des_condic":"Aguardando analise","municipio":"Barra Mansa","dat_criaca":"08/07/2019"},"geometry":{"type":"Polygon","coordinates":[[[-44.1341,-22.3666],[-44.1323,-22.3638],[-44.1322,-22.3682],[-44.1341,-22.367],[-44.1341,-22.3666]]]}},{"type":"Feature","properties":{"cod_imovel":"RJ-3300407-B42648BBC3FA4DE9816AC46CF1747136","mod_fiscal":"0.2474000000000000000000000000000","num_area":"6.4316000000000000000000000000000","ind_status":"AT","ind_tipo":"IRU","des_condic":"Aguardando analise","municipio":"Barra Mansa","dat_criaca":"19/07/2019"},"geometry":{"type":"Polygon","coordinates":[[[-44.1723,-22.4843],[-44.1748,-22.4828],[-44.1706,-22.4832],[-44.1723,-22.4843]]]}},{"type":"Feature","properties":{"cod_imovel":"RJ-3300407-4985E7B568A84602898BA887B3A0ABB2","mod_fiscal":"0.6791000000000000000000000000000","num_area":"17.656900000000000000000000000000","ind_status":"AT","ind_tipo":"IRU","des_condic":"Aguardando analise","municipio":"Barra Mansa","dat_criaca":"17/09/2019"},"geometry":{"type":"Polygon","coordinates":[[[-44.1043,-22.3524],[-44.107,-22.3507],[-44.1008,-22.3484],[-44.1036,-22.3522],[-44.1043,-22.3524]]]}},{"type":"Feature","properties":{"cod_imovel":"RJ-3300407-D2D68E6E25A643FD94D3FE86C5583F5A","mod_fiscal":"0.1642000000000000000000000000000","num_area":"4.2681000000000000000000000000000","ind_status":"AT","ind_tipo":"IRU","des_condic":"Aguardando analise","municipio":"Barra Mansa","dat_criaca":"28/09/2019"},"geometry":{"type":"Polygon","coordinates":[[[-44.1875,-22.5364],[-44.188,-22.5334],[-44.187,-22.5363],[-44.1875,-22.5364]]]}},{"type":"Feature","properties":{"cod_imovel":"RJ-3300407-38EF46DC23764378B0D00D1CE33273E2","mod_fiscal":"1.5040000000000000000000000000000","num_area":"39.104800000000000000000000000000","ind_status":"AT","ind_tipo":"IRU","des_condic":"Aguardando analise","municipio":"Barra Mansa","dat_criaca":"09/12/2019"},"geometry":{"type":"Polygon","coordinates":[[[-44.173,-22.4996],[-44.1686,-22.4961],[-44.1634,-22.4989],[-44.1673,-22.5035],[-44.1713,-22.5007],[-44.173,-22.4996]]]}},{"type":"Feature","properties":{"cod_imovel":"RJ-3300407-180357B983CB4D848FC4D9C1AD7FFA4E","mod_fiscal":"2.2975000000000000000000000000000","num_area":"59.736000000000000000000000000000","ind_status":"AT","ind_tipo":"IRU","des_condic":"Aguardando analise","municipio":"Barra Mansa","dat_criaca":"06/12/2019"},"geometry":{"type":"Polygon","coordinates":[[[-44.2969,-22.5129],[-44.2973,-22.517],[-44.3094,-22.5248],[-44.311,-22.523],[-44.3057,-22.5206],[-44.3038,-22.5153],[-44.2969,-22.5129]]]}},{"type":"Feature","properties":{"cod_imovel":"RJ-3300407-5559A18C534B43B4B98638A5F50D513B","mod_fiscal":"0.6329000000000000000000000000000","num_area":"16.456000000000000000000000000000","ind_status":"AT","ind_tipo":"IRU","des_condic":"Aguardando analise","municipio":"Barra Mansa","dat_criaca":"31/12/2019"},"geometry":{"type":"Polygon","coordinates":[[[-44.2276,-22.5197],[-44.2265,-22.515],[-44.2241,-22.5197],[-44.2276,-22.5197]]]}},{"type":"Feature","properties":{"cod_imovel":"RJ-3300407-C60D4E3800BB4DC787340FFC6EFC874D","mod_fiscal":"0.2083000000000000000000000000000","num_area":"5.4156000000000000000000000000000","ind_status":"AT","ind_tipo":"IRU","des_condic":"Aguardando analise","municipio":"Barra Mansa","dat_criaca":"18/02/2020"},"geometry":{"type":"Polygon","coordinates":[[[-44.1934,-22.5612],[-44.1908,-22.5601],[-44.1934,-22.5612],[-44.1934,-22.5612]]]}},{"type":"Feature","properties":{"cod_imovel":"RJ-3300407-E151D7F87B7F42E89D60A08ED090BD3F","mod_fiscal":"0.8351000000000000000000000000000","num_area":"21.712700000000000000000000000000","ind_status":"AT","ind_tipo":"IRU","des_condic":"Aguardando analise","municipio":"Barra Mansa","dat_criaca":"13/04/2020"},"geometry":{"type":"Polygon","coordinates":[[[-44.1282,-22.5817],[-44.1233,-22.5811],[-44.1225,-22.5844],[-44.1288,-22.5822],[-44.1282,-22.5817]]]}},{"type":"Feature","properties":{"cod_imovel":"RJ-3300407-03A887D3B57C4E779C2445031566F662","mod_fiscal":"1.6698000000000000000000000000000","num_area":"43.415500000000000000000000000000","ind_status":"AT","ind_tipo":"IRU","des_condic":"Aguardando analise","municipio":"Barra Mansa","dat_criaca":"16/04/2020"},"geometry":{"type":"Polygon","coordinates":[[[-44.1445,-22.6102],[-44.1509,-22.6049],[-44.1485,-22.6019],[-44.14,-22.6102],[-44.1439,-22.6103],[-44.1445,-22.6102]]]}},{"type":"Feature","properties":{"cod_imovel":"RJ-3300407-DC78354060AF45068A751B201B4D3E39","mod_fiscal":"0.4250000000000000000000000000000","num_area":"11.050400000000000000000000000000","ind_status":"AT","ind_tipo":"IRU","des_condic":"Aguardando analise","municipio":"Barra Mansa","dat_criaca":"07/05/2020"},"geometry":{"type":"Polygon","coordinates":[[[-44.1336,-22.3683],[-44.133,-22.379],[-44.1341,-22.3685],[-44.1336,-22.3683]]]}},{"type":"Feature","properties":{"cod_imovel":"RJ-3300407-9B323EC507DC4CD3A8609553551B95B8","mod_fiscal":"0.1899000000000000000000000000000","num_area":"4.9386000000000000000000000000000","ind_status":"AT","ind_tipo":"IRU","des_condic":"Aguardando analise","municipio":"Barra Mansa","dat_criaca":"03/09/2020"},"geometry":{"type":"Polygon","coordinates":[[[-44.1514,-22.6349],[-44.1546,-22.6351],[-44.1515,-22.6349],[-44.1514,-22.6349]]]}},{"type":"Feature","properties":{"cod_imovel":"RJ-3300407-E3D2E60720F2421B975F43665F22B261","mod_fiscal":"1.2764000000000000000000000000000","num_area":"33.186700000000000000000000000000","ind_status":"AT","ind_tipo":"IRU","des_condic":"Aguardando analise","municipio":"Barra Mansa","dat_criaca":"08/01/2020"},"geometry":{"type":"Polygon","coordinates":[[[-44.1326,-22.3703],[-44.1321,-22.3786],[-44.1344,-22.3787],[-44.1349,-22.3715],[-44.1409,-22.3712],[-44.1326,-22.3702],[-44.1326,-22.3703]]]}},{"type":"Feature","properties":{"cod_imovel":"RJ-3300407-1B7E65347C61482EBBC9474CE2B8C0B5","mod_fiscal":"3.4623000000000000000000000000000","num_area":"90.021000000000000000000000000000","ind_status":"AT","ind_tipo":"IRU","des_condic":"Aguardando analise","municipio":"Barra Mansa","dat_criaca":"16/12/2018"},"geometry":{"type":"Polygon","coordinates":[[[-44.1697,-22.6037],[-44.1694,-22.5954],[-44.1662,-22.5965],[-44.1611,-22.6085],[-44.1657,-22.611],[-44.169,-22.6045],[-44.1697,-22.6037]]]}},{"type":"Feature","properties":{"cod_imovel":"RJ-3300407-6E756348BB824A02A018E02BB5F8C68C","mod_fiscal":"0.1024000000000000000000000000000","num_area":"2.6625000000000000000000000000000","ind_status":"AT","ind_tipo":"IRU","des_condic":"Aguardando analise","municipio":"Barra Mansa","dat_criaca":"06/01/2021"},"geometry":{"type":"Polygon","coordinates":[[[-44.1569,-22.4641],[-44.1592,-22.4654],[-44.1572,-22.4641],[-44.1569,-22.4641]]]}},{"type":"Feature","properties":{"cod_imovel":"RJ-3300407-AE0DFEAB48E44859962C7B4C39135D81","mod_fiscal":"0.5638000000000000000000000000000","num_area":"14.658500000000000000000000000000","ind_status":"AT","ind_tipo":"IRU","des_condic":"Aguardando analise","municipio":"Barra Mansa","dat_criaca":"08/01/2021"},"geometry":{"type":"Polygon","coordinates":[[[-44.1169,-22.3678],[-44.1195,-22.3731],[-44.1195,-22.3679],[-44.1169,-22.3676],[-44.1169,-22.3678]]]}},{"type":"Feature","properties":{"cod_imovel":"RJ-3300407-0AB891E3806A4C11987E71085ED1DDC6","mod_fiscal":"3.8747000000000000000000000000000","num_area":"100.74190000000000000000000000000","ind_status":"AT","ind_tipo":"IRU","des_condic":"Aguardando analise","municipio":"Barra Mansa","dat_criaca":"01/09/2015"},"geometry":{"type":"Polygon","coordinates":[[[-44.2458,-22.5454],[-44.2572,-22.5516],[-44.2606,-22.5489],[-44.25,-22.5395],[-44.2459,-22.544],[-44.2458,-22.5454]]]}},{"type":"Feature","properties":{"cod_imovel":"RJ-3300407-A9171CA7CACA4B26AD895B9C699033CC","mod_fiscal":"0.8155000000000000000000000000000","num_area":"21.202800000000000000000000000000","ind_status":"AT","ind_tipo":"IRU","des_condic":"Aguardando analise","municipio":"Barra Mansa","dat_criaca":"26/06/2019"},"geometry":{"type":"Polygon","coordinates":[[[-44.2084,-22.5128],[-44.2057,-22.5112],[-44.2021,-22.5145],[-44.2079,-22.5162],[-44.2082,-22.5129],[-44.2084,-22.5128]]]}},{"type":"Feature","properties":{"cod_imovel":"RJ-3300407-FA65AED0A9844A48ABAECF9B56A74277","mod_fiscal":"0.7542000000000000000000000000000","num_area":"19.608800000000000000000000000000","ind_status":"AT","ind_tipo":"IRU","des_condic":"Aguardando analise","municipio":"Barra Mansa","dat_criaca":"18/05/2021"},"geometry":{"type":"Polygon","coordinates":[[[-44.16,-22.4258],[-44.1668,-22.4259],[-44.1602,-22.4228],[-44.16,-22.4258]]]}},{"type":"Feature","properties":{"cod_imovel":"RJ-3300407-F14569D6B58A4E0399A48C6902C0B172","mod_fiscal":"1.0862000000000000000000000000000","num_area":"28.241400000000000000000000000000","ind_status":"AT","ind_tipo":"IRU","des_condic":"Aguardando analise","municipio":"Barra Mansa","dat_criaca":"13/07/2015"},"geometry":{"type":"Polygon","coordinates":[[[-44.141,-22.3462],[-44.1349,-22.3531],[-44.1414,-22.3532],[-44.141,-22.3463],[-44.141,-22.3462]]]}},{"type":"Feature","properties":{"cod_imovel":"RJ-3300407-13689ECD998849F8BA8A9487B7CE95FC","mod_fiscal":"0.2817000000000000000000000000000","num_area":"7.3247000000000000000000000000000","ind_status":"AT","ind_tipo":"IRU","des_condic":"Aguardando analise","municipio":"Barra Mansa","dat_criaca":"19/09/2018"},"geometry":{"type":"Polygon","coordinates":[[[-44.239,-22.5273],[-44.2364,-22.5268],[-44.2383,-22.5287],[-44.239,-22.5273]]]}},{"type":"Feature","properties":{"cod_imovel":"RJ-3300407-A657E3C0C4734BC68C1F63DBEA875352","mod_fiscal":"8.5743000000000000000000000000000","num_area":"222.93160000000000000000000000000","ind_status":"PE","ind_tipo":"IRU","des_condic":"Analisado, aguardando atendimento a notificacao","municipio":"Barra Mansa","dat_criaca":"14/10/2015"},"geometry":{"type":"Polygon","coordinates":[[[-44.1614,-22.3961],[-44.1627,-22.3978],[-44.1631,-22.3943],[-44.1552,-22.3891],[-44.1488,-22.3954],[-44.1431,-22.39],[-44.1409,-22.3936],[-44.1467,-22.3987],[-44.1467,-22.4055],[-44.1509,-22.4071],[-44.1587,-22.406],[-44.1553,-22.4008],[-44.1592,-22.3929],[-44.1612,-22.3957],[-44.1614,-22.3961]]]}},{"type":"Feature","properties":{"cod_imovel":"RJ-3300407-1B871C04837344CB9C5E67A990A31AE4","mod_fiscal":"12.308400000000000000000000000000","num_area":"320.01840000000000000000000000000","ind_status":"PE","ind_tipo":"IRU","des_condic":"Analisado, aguardando atendimento a notificacao","municipio":"Barra Mansa","dat_criaca":"23/01/2015"},"geometry":{"type":"Polygon","coordinates":[[[-44.3209,-22.5145],[-44.3057,-22.5201],[-44.3116,-22.5242],[-44.3137,-22.5352],[-44.3227,-22.5382],[-44.3256,-22.5344],[-44.3242,-22.5251],[-44.3285,-22.5199],[-44.324,-22.5187],[-44.324,-22.5129],[-44.321,-22.5145],[-44.3209,-22.5145]]]}},{"type":"Feature","properties":{"cod_imovel":"RJ-3300407-714E24FEE184466D9040EA91A9CF68D9","mod_fiscal":"2.7966000000000000000000000000000","num_area":"72.693900000000000000000000000000","ind_status":"AT","ind_tipo":"IRU","des_condic":"Analisado, aguardando atendimento a notificacao","municipio":"Barra Mansa","dat_criaca":"30/04/2015"},"geometry":{"type":"Polygon","coordinates":[[[-44.0248,-22.3034],[-44.0294,-22.3085],[-44.0343,-22.3031],[-44.025,-22.297],[-44.0243,-22.3015],[-44.0248,-22.3034]]]}},{"type":"Feature","properties":{"cod_imovel":"RJ-3300407-E7A972930F3A464FB33D60C275CE7934","mod_fiscal":"1.0776000000000000000000000000000","num_area":"28.018400000000000000000000000000","ind_status":"AT","ind_tipo":"IRU","des_condic":"Aguardando analise","municipio":"Barra Mansa","dat_criaca":"27/05/2021"},"geometry":{"type":"Polygon","coordinates":[[[-44.141,-22.3462],[-44.141,-22.3523],[-44.1443,-22.3538],[-44.1458,-22.3512],[-44.1418,-22.3458],[-44.141,-22.3462]]]}},{"type":"Feature","properties":{"cod_imovel":"RJ-3300407-4DE65100013F45009BFB2A99A4C4BE9D","mod_fiscal":"0.2192000000000000000000000000000","num_area":"5.6995000000000000000000000000000","ind_status":"AT","ind_tipo":"IRU","des_condic":"Aguardando analise","municipio":"Barra Mansa","dat_criaca":"23/07/2021"},"geometry":{"type":"Polygon","coordinates":[[[-44.2156,-22.5192],[-44.2123,-22.5202],[-44.2151,-22.5198],[-44.2156,-22.5192]]]}},{"type":"Feature","properties":{"cod_imovel":"RJ-3300407-83874D57268341A2AEA22AEC32135F1B","mod_fiscal":"0.2560000000000000000000000000000","num_area":"6.6572000000000000000000000000000","ind_status":"AT","ind_tipo":"IRU","des_condic":"Aguardando analise","municipio":"Barra Mansa","dat_criaca":"26/07/2021"},"geometry":{"type":"Polygon","coordinates":[[[-44.1711,-22.4923],[-44.1686,-22.4955],[-44.1707,-22.4927],[-44.1711,-22.4923]]]}},{"type":"Feature","properties":{"cod_imovel":"RJ-3300407-6957EF300BCD47DE8CAB0DF9FB0F44D7","mod_fiscal":"0.0853000000000000000000000000000","num_area":"2.2168000000000000000000000000000","ind_status":"AT","ind_tipo":"IRU","des_condic":"Aguardando analise","municipio":"Barra Mansa","dat_criaca":"14/03/2021"},"geometry":{"type":"Polygon","coordinates":[[[-44.1596,-22.4653],[-44.1592,-22.4626],[-44.1593,-22.4654],[-44.1596,-22.4653]]]}},{"type":"Feature","properties":{"cod_imovel":"RJ-3300407-18C1CB6C35D54FE89FF4373FFBD9385A","mod_fiscal":"0.5399000000000000000000000000000","num_area":"14.036100000000000000000000000000","ind_status":"AT","ind_tipo":"IRU","des_condic":"Aguardando analise","municipio":"Barra Mansa","dat_criaca":"05/05/2016"},"geometry":{"type":"Polygon","coordinates":[[[-44.2673,-22.5751],[-44.256,-22.5771],[-44.258,-22.5778],[-44.2673,-22.5751]]]}},{"type":"Feature","properties":{"cod_imovel":"RJ-3300407-C3CFF18609654684AA47901F769CA2E5","mod_fiscal":"0.4979000000000000000000000000000","num_area":"12.946500000000000000000000000000","ind_status":"AT","ind_tipo":"IRU","des_condic":"Aguardando analise","municipio":"Barra Mansa","dat_criaca":"16/02/2017"},"geometry":{"type":"Polygon","coordinates":[[[-44.1547,-22.5694],[-44.1543,-22.565],[-44.1511,-22.5673],[-44.1547,-22.5694]]]}},{"type":"Feature","properties":{"cod_imovel":"RJ-3300407-248F68F5A5EE410585FC68D018084475","mod_fiscal":"0.1780000000000000000000000000000","num_area":"4.6293000000000000000000000000000","ind_status":"AT","ind_tipo":"IRU","des_condic":"Aguardando analise","municipio":"Barra Mansa","dat_criaca":"02/09/2014"},"geometry":{"type":"Polygon","coordinates":[[[-44.2639,-22.5837],[-44.2613,-22.5835],[-44.2635,-22.5839],[-44.2639,-22.5837]]]}},{"type":"Feature","properties":{"cod_imovel":"RJ-3300407-D366591C735E4A409FBC2E61A1AC441A","mod_fiscal":"0.6419000000000000000000000000000","num_area":"16.688700000000000000000000000000","ind_status":"AT","ind_tipo":"IRU","des_condic":"Aguardando analise","municipio":"Barra Mansa","dat_criaca":"26/10/2021"},"geometry":{"type":"Polygon","coordinates":[[[-44.2597,-22.5785],[-44.2603,-22.583],[-44.2637,-22.5817],[-44.2597,-22.5785],[-44.2597,-22.5785]]]}},{"type":"Feature","properties":{"cod_imovel":"RJ-3300407-4ED6E844EB664B908C77E2A86EB772CB","mod_fiscal":"0.9208000000000000000000000000000","num_area":"23.939800000000000000000000000000","ind_status":"AT","ind_tipo":"IRU","des_condic":"Aguardando analise","municipio":"Barra Mansa","dat_criaca":"24/11/2021"},"geometry":{"type":"Polygon","coordinates":[[[-44.1353,-22.5648],[-44.1398,-22.5619],[-44.1358,-22.5597],[-44.1333,-22.5633],[-44.1352,-22.5647],[-44.1353,-22.5648]]]}},{"type":"Feature","properties":{"cod_imovel":"RJ-3300407-50113A4116BB4F8697102662C0ADF0DF","mod_fiscal":"0.4406000000000000000000000000000","num_area":"11.455500000000000000000000000000","ind_status":"AT","ind_tipo":"IRU","des_condic":"Aguardando analise","municipio":"Barra Mansa","dat_criaca":"07/12/2021"},"geometry":{"type":"Polygon","coordinates":[[[-44.1862,-22.5066],[-44.1818,-22.5063],[-44.1806,-22.5096],[-44.1864,-22.5083],[-44.1862,-22.5066]]]}},{"type":"Feature","properties":{"cod_imovel":"RJ-3300407-770387F587C6419D8EA227EABFCF9295","mod_fiscal":"1.9219000000000000000000000000000","num_area":"49.969800000000000000000000000000","ind_status":"AT","ind_tipo":"IRU","des_condic":"Aguardando analise","municipio":"Barra Mansa","dat_criaca":"06/01/2022"},"geometry":{"type":"Polygon","coordinates":[[[-44.1153,-22.3805],[-44.1066,-22.3683],[-44.105,-22.3756],[-44.1163,-22.3827],[-44.1151,-22.3808],[-44.1153,-22.3805]]]}},{"type":"Feature","properties":{"cod_imovel":"RJ-3300407-C9D7EE0F50F848D4B2B43C96A46855D2","mod_fiscal":"1.4256000000000000000000000000000","num_area":"37.065300000000000000000000000000","ind_status":"AT","ind_tipo":"IRU","des_condic":"Aguardando analise","municipio":"Barra Mansa","dat_criaca":"29/12/2020"},"geometry":{"type":"Polygon","coordinates":[[[-44.1389,-22.3794],[-44.1445,-22.3793],[-44.1424,-22.3724],[-44.1382,-22.3778],[-44.1389,-22.3794]]]}},{"type":"Feature","properties":{"cod_imovel":"RJ-3300407-3A5CD1656BC2464CBA1C71255E53E782","mod_fiscal":"0.8007000000000000000000000000000","num_area":"20.818500000000000000000000000000","ind_status":"AT","ind_tipo":"IRU","des_condic":"Aguardando analise","municipio":"Barra Mansa","dat_criaca":"12/02/2022"},"geometry":{"type":"Polygon","coordinates":[[[-44.3209,-22.558],[-44.3184,-22.5605],[-44.3201,-22.5634],[-44.325,-22.5628],[-44.3209,-22.558]]]}},{"type":"Feature","properties":{"cod_imovel":"RJ-3300407-2D6EDAB48BF140A197EC167BC08247FE","mod_fiscal":"0.8287000000000000000000000000000","num_area":"21.547400000000000000000000000000","ind_status":"AT","ind_tipo":"IRU","des_condic":"Aguardando analise","municipio":"Barra Mansa","dat_criaca":"12/02/2022"},"geometry":{"type":"Polygon","coordinates":[[[-44.3201,-22.5634],[-44.3186,-22.5604],[-44.3093,-22.5647],[-44.3201,-22.5634]]]}},{"type":"Feature","properties":{"cod_imovel":"RJ-3300407-DBB33340FAE14DCAA8D07F2230C73594","mod_fiscal":"1.2210000000000000000000000000000","num_area":"31.745300000000000000000000000000","ind_status":"AT","ind_tipo":"IRU","des_condic":"Aguardando analise","municipio":"Barra Mansa","dat_criaca":"22/02/2022"},"geometry":{"type":"Polygon","coordinates":[[[-44.1682,-22.6206],[-44.1608,-22.615],[-44.1608,-22.6202],[-44.1644,-22.6191],[-44.1649,-22.6234],[-44.1677,-22.6211],[-44.1682,-22.6206]]]}},{"type":"Feature","properties":{"cod_imovel":"RJ-3300407-02AA739EB0A546BE95F8E766F4CBC73D","mod_fiscal":"12.147700000000000000000000000000","num_area":"315.84080000000000000000000000000","ind_status":"AT","ind_tipo":"IRU","des_condic":"Aguardando analise","municipio":"Barra Mansa","dat_criaca":"09/12/2014"},"geometry":{"type":"Polygon","coordinates":[[[-44.1239,-22.4025],[-44.1323,-22.4152],[-44.1361,-22.4142],[-44.1445,-22.3961],[-44.1413,-22.3936],[-44.1424,-22.3874],[-44.1328,-22.3961],[-44.1272,-22.3959],[-44.1235,-22.4019],[-44.1239,-22.4025]]]}},{"type":"Feature","properties":{"cod_imovel":"RJ-3300407-B23C1D1E3DAE48D499217F2FE73E0FD4","mod_fiscal":"1.2878000000000000000000000000000","num_area":"33.482600000000000000000000000000","ind_status":"AT","ind_tipo":"IRU","des_condic":"Aguardando analise","municipio":"Barra Mansa","dat_criaca":"23/03/2022"},"geometry":{"type":"Polygon","coordinates":[[[-44.2892,-22.5788],[-44.2925,-22.5836],[-44.2974,-22.5842],[-44.2967,-22.5791],[-44.2904,-22.5784],[-44.2892,-22.5788]]]}},{"type":"Feature","properties":{"cod_imovel":"RJ-3300407-677686CF94FB4802A6B4F7279068F3F9","mod_fiscal":"0.3421000000000000000000000000000","num_area":"8.8934000000000000000000000000000","ind_status":"AT","ind_tipo":"IRU","des_condic":"Aguardando analise","municipio":"Barra Mansa","dat_criaca":"12/05/2022"},"geometry":{"type":"Polygon","coordinates":[[[-44.2679,-22.5794],[-44.2629,-22.5798],[-44.2677,-22.5796],[-44.2679,-22.5794]]]}},{"type":"Feature","properties":{"cod_imovel":"RJ-3304003-6D33288EE0A04122968D03FB3CEC9B2B","mod_fiscal":"2.4029000000000000000000000000000","num_area":"55.200000000000000000000000000000","ind_status":"AT","ind_tipo":"IRU","des_condic":"Aguardando analise","municipio":"Barra Mansa","dat_criaca":"29/12/2017"},"geometry":{"type":"Polygon","coordinates":[[[-44.0973,-22.6335],[-44.1024,-22.6361],[-44.1022,-22.6328],[-44.0886,-22.6273],[-44.0877,-22.6327],[-44.0915,-22.6325],[-44.0973,-22.6335]]]}},{"type":"Feature","properties":{"cod_imovel":"RJ-3300407-D8DA7C683A414C68BDD22BDA03FDF3E8","mod_fiscal":"0.7149000000000000000000000000000","num_area":"18.587100000000000000000000000000","ind_status":"AT","ind_tipo":"IRU","des_condic":"Aguardando analise","municipio":"Barra Mansa","dat_criaca":"06/09/2022"},"geometry":{"type":"Polygon","coordinates":[[[-44.1179,-22.5836],[-44.1139,-22.5865],[-44.1203,-22.5895],[-44.1185,-22.5838],[-44.1179,-22.5836]]]}},{"type":"Feature","properties":{"cod_imovel":"RJ-3300407-5984A9F6F61E4D4DB6DC0C6A079E98A9","mod_fiscal":"0.3911000000000000000000000000000","num_area":"10.169300000000000000000000000000","ind_status":"AT","ind_tipo":"IRU","des_condic":"Aguardando analise","municipio":"Barra Mansa","dat_criaca":"07/09/2022"},"geometry":{"type":"Polygon","coordinates":[[[-44.1481,-22.3315],[-44.1476,-22.3344],[-44.1512,-22.3314],[-44.1488,-22.3313],[-44.1481,-22.3315]]]}},{"type":"Feature","properties":{"cod_imovel":"RJ-3300407-9102E01793FC47D4801A09C19784AA0E","mod_fiscal":"2.3626000000000000000000000000000","num_area":"61.426500000000000000000000000000","ind_status":"AT","ind_tipo":"IRU","des_condic":"Aguardando analise","municipio":"Barra Mansa","dat_criaca":"12/09/2022"},"geometry":{"type":"Polygon","coordinates":[[[-44.2971,-22.5169],[-44.2968,-22.5243],[-44.3057,-22.5272],[-44.3055,-22.522],[-44.3014,-22.5183],[-44.2971,-22.5169]]]}},{"type":"Feature","properties":{"cod_imovel":"RJ-3300407-28E1718F96DD43DB86187DAD2AB4D06E","mod_fiscal":"0.6808000000000000000000000000000","num_area":"17.700000000000000000000000000000","ind_status":"AT","ind_tipo":"IRU","des_condic":"Aguardando analise","municipio":"Barra Mansa","dat_criaca":"20/09/2022"},"geometry":{"type":"Polygon","coordinates":[[[-44.1126,-22.3915],[-44.1156,-22.3862],[-44.1104,-22.3882],[-44.1121,-22.3911],[-44.1126,-22.3915]]]}},{"type":"Feature","properties":{"cod_imovel":"RJ-3300407-016D9B7779D54C74805C41F39D0B004F","mod_fiscal":"0.9325000000000000000000000000000","num_area":"24.244500000000000000000000000000","ind_status":"AT","ind_tipo":"IRU","des_condic":"Aguardando analise","municipio":"Barra Mansa","dat_criaca":"06/06/2016"},"geometry":{"type":"Polygon","coordinates":[[[-44.0962,-22.3741],[-44.1032,-22.3754],[-44.1021,-22.3726],[-44.0968,-22.3722],[-44.0962,-22.3741]]]}},{"type":"Feature","properties":{"cod_imovel":"RJ-3300407-25B07F980F574AB895F151351BB7B6DB","mod_fiscal":"3.3440000000000000000000000000000","num_area":"86.943400000000000000000000000000","ind_status":"AT","ind_tipo":"IRU","des_condic":"Aguardando analise","municipio":"Barra Mansa","dat_criaca":"21/04/2015"},"geometry":{"type":"Polygon","coordinates":[[[-44.1653,-22.3689],[-44.1644,-22.3765],[-44.1696,-22.3794],[-44.1724,-22.3678],[-44.1667,-22.3666],[-44.1653,-22.3689]]]}},{"type":"Feature","properties":{"cod_imovel":"RJ-3300407-0012FB3D32B4472DB5D510D344A66E14","mod_fiscal":"0.7621000000000000000000000000000","num_area":"19.815200000000000000000000000000","ind_status":"AT","ind_tipo":"IRU","des_condic":"Aguardando analise","municipio":"Barra Mansa","dat_criaca":"17/10/2022"},"geometry":{"type":"Polygon","coordinates":[[[-44.2337,-22.5333],[-44.2357,-22.5365],[-44.2385,-22.5315],[-44.2334,-22.533],[-44.2337,-22.5333]]]}},{"type":"Feature","properties":{"cod_imovel":"RJ-3300407-ED5C0CDEF4D74095BE6E7E7FE998741A","mod_fiscal":"4.1906000000000000000000000000000","num_area":"96.800000000000000000000000000000","ind_status":"AT","ind_tipo":"IRU","des_condic":"Aguardando analise","municipio":"Barra Mansa","dat_criaca":"20/12/2017"},"geometry":{"type":"Polygon","coordinates":[[[-44.1583,-22.5069],[-44.1661,-22.5023],[-44.1605,-22.4961],[-44.1561,-22.4999],[-44.1536,-22.5088],[-44.1555,-22.5105],[-44.1583,-22.5072],[-44.1583,-22.5069]]]}},{"type":"Feature","properties":{"cod_imovel":"RJ-3300407-70AE7EB0C13E4BFDA2E99A3FA7644F41","mod_fiscal":"2.0490000000000000000000000000000","num_area":"53.273800000000000000000000000000","ind_status":"AT","ind_tipo":"IRU","des_condic":"Aguardando analise","municipio":"Barra Mansa","dat_criaca":"25/11/2022"},"geometry":{"type":"Polygon","coordinates":[[[-44.1224,-22.5709],[-44.1161,-22.5707],[-44.1151,-22.5768],[-44.1217,-22.5778],[-44.1222,-22.5714],[-44.1224,-22.5709]]]}},{"type":"Feature","properties":{"cod_imovel":"RJ-3300407-E20F0ECFEB274C0EBF5619282F07573B","mod_fiscal":"0.3800000000000000000000000000000","num_area":"9.8789000000000000000000000000000","ind_status":"AT","ind_tipo":"IRU","des_condic":"Aguardando analise","municipio":"Barra Mansa","dat_criaca":"07/12/2022"},"geometry":{"type":"Polygon","coordinates":[[[-44.1105,-22.5819],[-44.1112,-22.5853],[-44.1136,-22.5815],[-44.1108,-22.5812],[-44.1105,-22.5819]]]}},{"type":"Feature","properties":{"cod_imovel":"RJ-3300407-7BDFF93D5A1345C7887E9FBB50D8D171","mod_fiscal":"0.4324000000000000000000000000000","num_area":"11.242900000000000000000000000000","ind_status":"AT","ind_tipo":"IRU","des_condic":"Aguardando analise","municipio":"Barra Mansa","dat_criaca":"22/12/2022"},"geometry":{"type":"Polygon","coordinates":[[[-44.2629,-22.5798],[-44.2666,-22.5772],[-44.26,-22.5786],[-44.2628,-22.5797],[-44.2629,-22.5798]]]}},{"type":"Feature","properties":{"cod_imovel":"RJ-3300407-E6ADAA967D1347138517603C7C77D784","mod_fiscal":"1.5887000000000000000000000000000","num_area":"41.306700000000000000000000000000","ind_status":"AT","ind_tipo":"IRU","des_condic":"Aguardando analise","municipio":"Barra Mansa","dat_criaca":"22/01/2022"},"geometry":{"type":"Polygon","coordinates":[[[-44.1391,-22.3816],[-44.1321,-22.3813],[-44.1359,-22.3887],[-44.1399,-22.3824],[-44.1391,-22.3816]]]}},{"type":"Feature","properties":{"cod_imovel":"RJ-3300407-820811F9918E4528B425058F8A304ECC","mod_fiscal":"3.9479000000000000000000000000000","num_area":"102.64630000000000000000000000000","ind_status":"PE","ind_tipo":"IRU","des_condic":"Aguardando analise, apos revisao ou atendimento da notificacao","municipio":"Barra Mansa","dat_criaca":"14/09/2017"},"geometry":{"type":"Polygon","coordinates":[[[-44.1784,-22.6099],[-44.1688,-22.6074],[-44.1662,-22.614],[-44.1687,-22.6177],[-44.1791,-22.6142],[-44.1785,-22.6114],[-44.1784,-22.6099]]]}},{"type":"Feature","properties":{"cod_imovel":"RJ-3300407-0F8B149804D547FFA4C4D18A6C345F02","mod_fiscal":"2.8655000000000000000000000000000","num_area":"58.525900000000000000000000000000","ind_status":"PE","ind_tipo":"IRU","des_condic":"Analisado, aguardando atendimento a notificacao","municipio":"Barra Mansa","dat_criaca":"26/05/2018"},"geometry":{"type":"Polygon","coordinates":[[[-44.1204,-22.6534],[-44.1191,-22.6497],[-44.1113,-22.6476],[-44.1125,-22.6441],[-44.1092,-22.6448],[-44.1093,-22.6495],[-44.1202,-22.6539],[-44.1204,-22.6534]]]}},{"type":"Feature","properties":{"cod_imovel":"RJ-3300407-A839C7339DF74A0A91F3C103619CAC45","mod_fiscal":"0.8287000000000000000000000000000","num_area":"21.547100000000000000000000000000","ind_status":"AT","ind_tipo":"IRU","des_condic":"Aguardando analise","municipio":"Barra Mansa","dat_criaca":"09/11/2021"},"geometry":{"type":"Polygon","coordinates":[[[-44.1165,-22.4163],[-44.1179,-22.4096],[-44.1138,-22.4122],[-44.1163,-22.4161],[-44.1165,-22.4163]]]}},{"type":"Feature","properties":{"cod_imovel":"RJ-3300407-1ABD3D4432B64C48A4DFF9D30BBF0D86","mod_fiscal":"0.7992000000000000000000000000000","num_area":"20.778400000000000000000000000000","ind_status":"AT","ind_tipo":"IRU","des_condic":"Aguardando analise","municipio":"Barra Mansa","dat_criaca":"22/01/2022"},"geometry":{"type":"Polygon","coordinates":[[[-44.1408,-22.3517],[-44.1451,-22.3516],[-44.1425,-22.3463],[-44.1408,-22.3511],[-44.1408,-22.3517]]]}},{"type":"Feature","properties":{"cod_imovel":"RJ-3300407-B24770C8966E4471B1D6074EEE342590","mod_fiscal":"1.6834000000000000000000000000000","num_area":"33.726700000000000000000000000000","ind_status":"AT","ind_tipo":"IRU","des_condic":"Aguardando analise","municipio":"Barra Mansa","dat_criaca":"25/09/2021"},"geometry":{"type":"Polygon","coordinates":[[[-44.148,-22.6568],[-44.1461,-22.6525],[-44.138,-22.6549],[-44.1477,-22.6558],[-44.148,-22.6568]]]}},{"type":"Feature","properties":{"cod_imovel":"RJ-3300407-314998A75E2E4D8696CC41FDCFEEE082","mod_fiscal":"2.3801000000000000000000000000000","num_area":"61.883900000000000000000000000000","ind_status":"AT","ind_tipo":"IRU","des_condic":"Aguardando analise","municipio":"Barra Mansa","dat_criaca":"09/02/2022"},"geometry":{"type":"Polygon","coordinates":[[[-44.2024,-22.5441],[-44.1945,-22.5464],[-44.1967,-22.556],[-44.2016,-22.553],[-44.2024,-22.5441],[-44.2024,-22.5441]]]}},{"type":"Feature","properties":{"cod_imovel":"RJ-3300407-5EDD890655FE48ED936F29853B13DA19","mod_fiscal":"1.4706000000000000000000000000000","num_area":"38.236000000000000000000000000000","ind_status":"AT","ind_tipo":"IRU","des_condic":"Aguardando analise","municipio":"Barra Mansa","dat_criaca":"16/04/2020"},"geometry":{"type":"Polygon","coordinates":[[[-44.1983,-22.5761],[-44.2089,-22.574],[-44.1983,-22.5727],[-44.1972,-22.5756],[-44.1983,-22.5761]]]}},{"type":"Feature","properties":{"cod_imovel":"RJ-3300407-570E389F6D0D4FAC952CC84C30792688","mod_fiscal":"3.4303000000000000000000000000000","num_area":"89.186800000000000000000000000000","ind_status":"AT","ind_tipo":"IRU","des_condic":"Aguardando analise","municipio":"Barra Mansa","dat_criaca":"30/12/2021"},"geometry":{"type":"Polygon","coordinates":[[[-44.3038,-22.5143],[-44.308,-22.5197],[-44.3144,-22.5143],[-44.3079,-22.5124],[-44.304,-22.5063],[-44.3015,-22.5095],[-44.3039,-22.5135],[-44.3038,-22.5143]]]}},{"type":"Feature","properties":{"cod_imovel":"RJ-3300407-374598E67D3546358EABD705D3D73300","mod_fiscal":"2.8889000000000000000000000000000","num_area":"60.794100000000000000000000000000","ind_status":"AT","ind_tipo":"IRU","des_condic":"Aguardando analise","municipio":"Barra Mansa","dat_criaca":"21/01/2022"},"geometry":{"type":"Polygon","coordinates":[[[-44.1271,-22.6414],[-44.1219,-22.647],[-44.1254,-22.6509],[-44.1326,-22.6504],[-44.1271,-22.6414]]]}},{"type":"Feature","properties":{"cod_imovel":"RJ-3300407-E5B44181F84E4F2AA29E9BE1A2A65848","mod_fiscal":"0.2000000000000000000000000000000","num_area":"5.2006000000000000000000000000000","ind_status":"AT","ind_tipo":"IRU","des_condic":"Aguardando analise, apos revisao ou atendimento da notificacao","municipio":"Barra Mansa","dat_criaca":"27/09/2022"},"geometry":{"type":"Polygon","coordinates":[[[-44.1679,-22.4904],[-44.1701,-22.4875],[-44.1669,-22.489],[-44.1679,-22.4904]]]}},{"type":"Feature","properties":{"cod_imovel":"RJ-3300407-FE4704BA9C8E4E46A2ED80A64DB51F3C","mod_fiscal":"1.4666000000000000000000000000000","num_area":"38.132700000000000000000000000000","ind_status":"AT","ind_tipo":"IRU","des_condic":"Aguardando analise","municipio":"Barra Mansa","dat_criaca":"23/07/2019"},"geometry":{"type":"Polygon","coordinates":[[[-44.2517,-22.5489],[-44.2493,-22.5559],[-44.252,-22.5594],[-44.2547,-22.5495],[-44.252,-22.5488],[-44.2517,-22.5489]]]}},{"type":"Feature","properties":{"cod_imovel":"RJ-3300407-51A4E61B8ABC4B89B3262684A1A6CC98","mod_fiscal":"0.1416000000000000000000000000000","num_area":"3.6817000000000000000000000000000","ind_status":"PE","ind_tipo":"IRU","des_condic":"Analisado, aguardando atendimento a notificacao","municipio":"Barra Mansa","dat_criaca":"16/09/2015"},"geometry":{"type":"Polygon","coordinates":[[[-44.221,-22.5391],[-44.2235,-22.5391],[-44.2215,-22.5375],[-44.221,-22.5391]]]}},{"type":"Feature","properties":{"cod_imovel":"RJ-3300407-2E0204F3ED5940E382B2EA90CE7E4673","mod_fiscal":"1.0630000000000000000000000000000","num_area":"27.637800000000000000000000000000","ind_status":"AT","ind_tipo":"IRU","des_condic":"Aguardando analise","municipio":"Barra Mansa","dat_criaca":"03/05/2016"},"geometry":{"type":"Polygon","coordinates":[[[-44.3138,-22.5082],[-44.3069,-22.509],[-44.3078,-22.5124],[-44.313,-22.5103],[-44.3138,-22.5082]]]}},{"type":"Feature","properties":{"cod_imovel":"RJ-3300407-284748FD584242EA9A95D39F8A7C84E2","mod_fiscal":"1.1169000000000000000000000000000","num_area":"29.040000000000000000000000000000","ind_status":"AT","ind_tipo":"IRU","des_condic":"Aguardando analise","municipio":"Barra Mansa","dat_criaca":"09/02/2023"},"geometry":{"type":"Polygon","coordinates":[[[-44.1485,-22.5817],[-44.1568,-22.5804],[-44.1493,-22.5762],[-44.1478,-22.5806],[-44.1485,-22.5817]]]}},{"type":"Feature","properties":{"cod_imovel":"RJ-3300407-629E3AEB37D44916931606C00695C7DE","mod_fiscal":"1.6952000000000000000000000000000","num_area":"43.333500000000000000000000000000","ind_status":"AT","ind_tipo":"IRU","des_condic":"Aguardando analise","municipio":"Barra Mansa","dat_criaca":"01/02/2023"},"geometry":{"type":"Polygon","coordinates":[[[-44.1727,-22.6648],[-44.1718,-22.659],[-44.1619,-22.6549],[-44.1612,-22.6573],[-44.1656,-22.6568],[-44.1645,-22.6589],[-44.1708,-22.6633],[-44.1727,-22.6648]]]}},{"type":"Feature","properties":{"cod_imovel":"RJ-3300407-2C5727C25FFB4DC398C61982534637D0","mod_fiscal":"0.0874000000000000000000000000000","num_area":"2.2737000000000000000000000000000","ind_status":"AT","ind_tipo":"IRU","des_condic":"Aguardando analise","municipio":"Barra Mansa","dat_criaca":"18/05/2023"},"geometry":{"type":"Polygon","coordinates":[[[-44.2137,-22.5627],[-44.2119,-22.5645],[-44.2138,-22.5625],[-44.2137,-22.5627]]]}},{"type":"Feature","properties":{"cod_imovel":"RJ-3300407-F18742B9452B43F9BBBBEACB42DB8A7C","mod_fiscal":"0.7336000000000000000000000000000","num_area":"19.074400000000000000000000000000","ind_status":"AT","ind_tipo":"IRU","des_condic":"Aguardando analise","municipio":"Barra Mansa","dat_criaca":"06/04/2023"},"geometry":{"type":"Polygon","coordinates":[[[-44.0983,-22.3783],[-44.0964,-22.3821],[-44.1035,-22.3792],[-44.0983,-22.378],[-44.0983,-22.3783]]]}},{"type":"Feature","properties":{"cod_imovel":"RJ-3300407-3C2C470D1E2941EDABC77A35068BF362","mod_fiscal":"11.335500000000000000000000000000","num_area":"294.72380000000000000000000000000","ind_status":"AT","ind_tipo":"IRU","des_condic":"Aguardando analise","municipio":"Barra Mansa","dat_criaca":"08/06/2021"},"geometry":{"type":"Polygon","coordinates":[[[-44.2122,-22.4637],[-44.1984,-22.4549],[-44.1901,-22.4599],[-44.1848,-22.4684],[-44.1978,-22.4658],[-44.2,-22.4737],[-44.2126,-22.4661],[-44.2123,-22.4637],[-44.2122,-22.4637]]]}},{"type":"Feature","properties":{"cod_imovel":"RJ-3300407-3A146F5ED85344728FDD1300B83E717B","mod_fiscal":"12.815400000000000000000000000000","num_area":"333.20170000000000000000000000000","ind_status":"AT","ind_tipo":"IRU","des_condic":"Aguardando analise","municipio":"Barra Mansa","dat_criaca":"30/12/2021"},"geometry":{"type":"Polygon","coordinates":[[[-44.3057,-22.5221],[-44.3053,-22.5399],[-44.2994,-22.5358],[-44.2875,-22.5403],[-44.2906,-22.5446],[-44.3015,-22.5427],[-44.3042,-22.5521],[-44.3131,-22.5474],[-44.3097,-22.5435],[-44.3148,-22.5357],[-44.3117,-22.5245],[-44.3069,-22.5225],[-44.3057,-22.5221]]]}},{"type":"Feature","properties":{"cod_imovel":"RJ-3300407-0FDAE0AB710F48EAB2CF74C7547E818D","mod_fiscal":"1.4160000000000000000000000000000","num_area":"36.815800000000000000000000000000","ind_status":"AT","ind_tipo":"IRU","des_condic":"Aguardando analise","municipio":"Barra Mansa","dat_criaca":"19/07/2023"},"geometry":{"type":"Polygon","coordinates":[[[-44.2761,-22.5795],[-44.2711,-22.5786],[-44.2686,-22.585],[-44.2743,-22.5877],[-44.275,-22.5855],[-44.2721,-22.5855],[-44.2761,-22.5795],[-44.2761,-22.5795]]]}},{"type":"Feature","properties":{"cod_imovel":"RJ-3300407-6A1E37F9345548F7871144B5C46032F2","mod_fiscal":"1.9232000000000000000000000000000","num_area":"50.002800000000000000000000000000","ind_status":"PE","ind_tipo":"IRU","des_condic":"Analisado, aguardando atendimento a notificacao","municipio":"Barra Mansa","dat_criaca":"13/07/2023"},"geometry":{"type":"Polygon","coordinates":[[[-44.1687,-22.6058],[-44.1736,-22.6124],[-44.1779,-22.6083],[-44.1712,-22.6025],[-44.1688,-22.6056],[-44.1687,-22.6058]]]}},{"type":"Feature","properties":{"cod_imovel":"RJ-3300407-D16E27D957884B2FAF93A15849C0D747","mod_fiscal":"0.8349000000000000000000000000000","num_area":"21.706600000000000000000000000000","ind_status":"AT","ind_tipo":"IRU","des_condic":"Aguardando analise","municipio":"Barra Mansa","dat_criaca":"17/10/2023"},"geometry":{"type":"Polygon","coordinates":[[[-44.2775,-22.5712],[-44.283,-22.574],[-44.2849,-22.5712],[-44.2778,-22.5703],[-44.2775,-22.5712]]]}},{"type":"Feature","properties":{"cod_imovel":"RJ-3300407-7CC36051F1DC4BA1BB45DDD7D82B235D","mod_fiscal":"2.8695000000000000000000000000000","num_area":"74.605800000000000000000000000000","ind_status":"AT","ind_tipo":"IRU","des_condic":"Aguardando analise","municipio":"Barra Mansa","dat_criaca":"22/09/2019"},"geometry":{"type":"Polygon","coordinates":[[[-44.2216,-22.5182],[-44.2086,-22.5252],[-44.2187,-22.5261],[-44.2244,-22.5181],[-44.2216,-22.5182]]]}},{"type":"Feature","properties":{"cod_imovel":"RJ-3300407-104BF221E71F406EB1FDD3F38510169B","mod_fiscal":"1.1336000000000000000000000000000","num_area":"29.473300000000000000000000000000","ind_status":"AT","ind_tipo":"IRU","des_condic":"Aguardando analise","municipio":"Barra Mansa","dat_criaca":"11/04/2016"},"geometry":{"type":"Polygon","coordinates":[[[-44.2846,-22.5499],[-44.2875,-22.5403],[-44.2829,-22.5414],[-44.2836,-22.5471],[-44.2846,-22.5499]]]}},{"type":"Feature","properties":{"cod_imovel":"RJ-3300407-B42044B4E75A452DAEF2807C276CB604","mod_fiscal":"1.1298000000000000000000000000000","num_area":"29.374900000000000000000000000000","ind_status":"AT","ind_tipo":"IRU","des_condic":"Em analise","municipio":"Barra Mansa","dat_criaca":"04/04/2016"},"geometry":{"type":"Polygon","coordinates":[[[-44.2828,-22.5493],[-44.2819,-22.5535],[-44.289,-22.5512],[-44.2847,-22.5502],[-44.2821,-22.5449],[-44.2827,-22.5489],[-44.2828,-22.5493]]]}},{"type":"Feature","properties":{"cod_imovel":"RJ-3300407-D32540D55D2F462C938947E3C06FA2DB","mod_fiscal":"1.1706000000000000000000000000000","num_area":"29.993900000000000000000000000000","ind_status":"AT","ind_tipo":"IRU","des_condic":"Em analise","municipio":"Barra Mansa","dat_criaca":"05/10/2015"},"geometry":{"type":"Polygon","coordinates":[[[-44.156,-22.5198],[-44.153,-22.5213],[-44.1536,-22.5255],[-44.1564,-22.5262],[-44.1581,-22.5209],[-44.156,-22.5198]]]}},{"type":"Feature","properties":{"cod_imovel":"RJ-3300407-5B4B845A49CA4D2E8D08F969C5A61263","mod_fiscal":"13.792300000000000000000000000000","num_area":"358.57310000000000000000000000000","ind_status":"PE","ind_tipo":"IRU","des_condic":"Analisado, aguardando atendimento a notificacao","municipio":"Barra Mansa","dat_criaca":"10/08/2017"},"geometry":{"type":"Polygon","coordinates":[[[-44.227,-22.5997],[-44.2289,-22.6075],[-44.2337,-22.609],[-44.2415,-22.6063],[-44.2426,-22.6022],[-44.2469,-22.6039],[-44.2488,-22.5961],[-44.2441,-22.5913],[-44.2221,-22.5903],[-44.2269,-22.5996],[-44.227,-22.5997]]]}},{"type":"Feature","properties":{"cod_imovel":"RJ-3300407-7D6832D19C8D448E92340E4D5A2ABF2B","mod_fiscal":"12.536700000000000000000000000000","num_area":"325.95380000000000000000000000000","ind_status":"AT","ind_tipo":"IRU","des_condic":"Em analise","municipio":"Barra Mansa","dat_criaca":"13/12/2018"},"geometry":{"type":"Polygon","coordinates":[[[-44.1737,-22.4421],[-44.1826,-22.4451],[-44.1852,-22.4259],[-44.1823,-22.4262],[-44.1743,-22.4166],[-44.1699,-22.4162],[-44.1691,-22.4209],[-44.1715,-22.4219],[-44.1688,-22.4278],[-44.172,-22.4383],[-44.1737,-22.4421]]]}},{"type":"Feature","properties":{"cod_imovel":"RJ-3300407-E8E93A0C75CA44E385C6D2F985ED47CE","mod_fiscal":"12.731800000000000000000000000000","num_area":"331.02780000000000000000000000000","ind_status":"AT","ind_tipo":"IRU","des_condic":"Aguardando analise","municipio":"Barra Mansa","dat_criaca":"05/05/2016"},"geometry":{"type":"Polygon","coordinates":[[[-44.2665,-22.5378],[-44.2623,-22.5412],[-44.2633,-22.5435],[-44.2733,-22.5474],[-44.2822,-22.5369],[-44.284,-22.5404],[-44.291,-22.5399],[-44.2911,-22.5346],[-44.2814,-22.5318],[-44.2729,-22.5223],[-44.27,-22.5228],[-44.2697,-22.5352],[-44.2665,-22.5378]]]}},{"type":"Feature","properties":{"cod_imovel":"RJ-3300407-84FE2321913447189C28606FDC4E1E38","mod_fiscal":"3.1847000000000000000000000000000","num_area":"82.800900000000000000000000000000","ind_status":"CA","ind_tipo":"IRU","des_condic":"Cancelado por solicitacao do proprietario/possuidor","municipio":"Barra Mansa","dat_criaca":"05/05/2016"},"geometry":{"type":"Polygon","coordinates":[[[-44.2777,-22.5418],[-44.265,-22.5377],[-44.2621,-22.5413],[-44.2727,-22.548],[-44.2777,-22.5418]]]}},{"type":"Feature","properties":{"cod_imovel":"RJ-3300407-A95DFF72A26E4BBCA3C50D53B9EA8004","mod_fiscal":"2.2815000000000000000000000000000","num_area":"59.317800000000000000000000000000","ind_status":"AT","ind_tipo":"IRU","des_condic":"Em analise","municipio":"Barra Mansa","dat_criaca":"05/04/2016"},"geometry":{"type":"Polygon","coordinates":[[[-44.285,-22.5461],[-44.2849,-22.5498],[-44.294,-22.5492],[-44.2932,-22.5433],[-44.2862,-22.5428],[-44.2852,-22.5454],[-44.285,-22.5461]]]}},{"type":"Feature","properties":{"cod_imovel":"RJ-3300407-00BB0616C6724A419A412DC47FB749A4","mod_fiscal":"0.2513000000000000000000000000000","num_area":"6.5347000000000000000000000000000","ind_status":"PE","ind_tipo":"IRU","des_condic":"Analisado, aguardando atendimento a notificacao","municipio":"Barra Mansa","dat_criaca":"16/09/2014"},"geometry":{"type":"Polygon","coordinates":[[[-44.1078,-22.5438],[-44.1085,-22.5471],[-44.1116,-22.5452],[-44.1077,-22.544],[-44.1078,-22.5438]]]}},{"type":"Feature","properties":{"cod_imovel":"RJ-3300407-F5B48D25EF5C43FBBD23927BEDF3819B","mod_fiscal":"3.6134000000000000000000000000000","num_area":"72.344900000000000000000000000000","ind_status":"AT","ind_tipo":"IRU","des_condic":"Aguardando analise","municipio":"Barra Mansa","dat_criaca":"22/05/2019"},"geometry":{"type":"Polygon","coordinates":[[[-44.1391,-22.6525],[-44.1359,-22.6468],[-44.1282,-22.6516],[-44.136,-22.6565],[-44.1388,-22.6531],[-44.1391,-22.6525]]]}},{"type":"Feature","properties":{"cod_imovel":"RJ-3300407-F4EE733749B94D1289413DD360B7C768","mod_fiscal":"0.3151000000000000000000000000000","num_area":"8.1934000000000000000000000000000","ind_status":"AT","ind_tipo":"IRU","des_condic":"Aguardando analise","municipio":"Barra Mansa","dat_criaca":"04/06/2015"},"geometry":{"type":"Polygon","coordinates":[[[-44.1965,-22.558],[-44.1954,-22.5599],[-44.1994,-22.5614],[-44.1987,-22.5584],[-44.1965,-22.558]]]}},{"type":"Feature","properties":{"cod_imovel":"RJ-3300407-F4D74D4A31294A769290CD784C3B436D","mod_fiscal":"0.0827000000000000000000000000000","num_area":"2.1495000000000000000000000000000","ind_status":"AT","ind_tipo":"IRU","des_condic":"Aguardando analise","municipio":"Barra Mansa","dat_criaca":"14/05/2015"},"geometry":{"type":"Polygon","coordinates":[[[-44.0916,-22.4024],[-44.0894,-22.4026],[-44.0914,-22.4028],[-44.0916,-22.4024]]]}},{"type":"Feature","properties":{"cod_imovel":"RJ-3300407-F346C52B7CF64AD5821E5562F4B7219F","mod_fiscal":"0.5019000000000000000000000000000","num_area":"13.049800000000000000000000000000","ind_status":"AT","ind_tipo":"IRU","des_condic":"Aguardando analise","municipio":"Barra Mansa","dat_criaca":"16/06/2015"},"geometry":{"type":"Polygon","coordinates":[[[-44.1414,-22.4102],[-44.1463,-22.4078],[-44.1424,-22.409],[-44.1414,-22.4102]]]}},{"type":"Feature","properties":{"cod_imovel":"RJ-3300407-EF234EBE6B9F4B49A53315F37BE1279E","mod_fiscal":"3.4697000000000000000000000000000","num_area":"90.212800000000000000000000000000","ind_status":"AT","ind_tipo":"IRU","des_condic":"Aguardando analise","municipio":"Barra Mansa","dat_criaca":"29/07/2014"},"geometry":{"type":"Polygon","coordinates":[[[-44.106,-22.3849],[-44.0935,-22.3831],[-44.0928,-22.3929],[-44.1041,-22.3864],[-44.106,-22.3849]]]}},{"type":"Feature","properties":{"cod_imovel":"RJ-3300407-EA9B78E03CCF41D1AF684AD2AB1C0FAE","mod_fiscal":"12.754000000000000000000000000000","num_area":"331.60420000000000000000000000000","ind_status":"AT","ind_tipo":"IRU","des_condic":"Aguardando analise","municipio":"Barra Mansa","dat_criaca":"17/05/2016"},"geometry":{"type":"Polygon","coordinates":[[[-44.1851,-22.3961],[-44.174,-22.4162],[-44.1819,-22.4275],[-44.1885,-22.4258],[-44.1904,-22.3992],[-44.1853,-22.3965],[-44.1851,-22.3961]]]}},{"type":"Feature","properties":{"cod_imovel":"RJ-3300407-E8BA8C763E33462C95CFA3094543FE0F","mod_fiscal":"0.6950000000000000000000000000000","num_area":"18.071000000000000000000000000000","ind_status":"AT","ind_tipo":"IRU","des_condic":"Aguardando analise","municipio":"Barra Mansa","dat_criaca":"05/05/2016"},"geometry":{"type":"Polygon","coordinates":[[[-44.1333,-22.3604],[-44.1383,-22.3612],[-44.137,-22.3578],[-44.1332,-22.3601],[-44.1333,-22.3604]]]}},{"type":"Feature","properties":{"cod_imovel":"RJ-3300407-E758EC6F75A345F6A6C92774D2ACE0A1","mod_fiscal":"0.6363000000000000000000000000000","num_area":"16.543100000000000000000000000000","ind_status":"AT","ind_tipo":"IRU","des_condic":"Aguardando analise","municipio":"Barra Mansa","dat_criaca":"06/06/2016"},"geometry":{"type":"Polygon","coordinates":[[[-44.0969,-22.391],[-44.0941,-22.393],[-44.0952,-22.3974],[-44.097,-22.391],[-44.0969,-22.391]]]}},{"type":"Feature","properties":{"cod_imovel":"RJ-3300407-E6B8378BA307459ABDA99B7BD88CA6FC","mod_fiscal":"2.2545000000000000000000000000000","num_area":"58.569300000000000000000000000000","ind_status":"AT","ind_tipo":"IRU","des_condic":"Aguardando analise","municipio":"Barra Mansa","dat_criaca":"18/05/2016"},"geometry":{"type":"Polygon","coordinates":[[[-44.2631,-22.6052],[-44.2661,-22.6009],[-44.2607,-22.5963],[-44.2558,-22.6022],[-44.2616,-22.6047],[-44.2631,-22.6052]]]}},{"type":"Feature","properties":{"cod_imovel":"RJ-3300407-E4BFD926DC8847A0BBC7B501A715CE3C","mod_fiscal":"0.9012000000000000000000000000000","num_area":"23.432100000000000000000000000000","ind_status":"AT","ind_tipo":"IRU","des_condic":"Aguardando analise","municipio":"Barra Mansa","dat_criaca":"27/11/2015"},"geometry":{"type":"Polygon","coordinates":[[[-44.171,-22.5693],[-44.1735,-22.5714],[-44.1765,-22.5667],[-44.1726,-22.5643],[-44.1699,-22.5676],[-44.171,-22.5693]]]}},{"type":"Feature","properties":{"cod_imovel":"RJ-3300407-E3E63F538FCA41C383241A53C0C9BDCA","mod_fiscal":"0.2447000000000000000000000000000","num_area":"6.3610000000000000000000000000000","ind_status":"AT","ind_tipo":"IRU","des_condic":"Aguardando analise","municipio":"Barra Mansa","dat_criaca":"22/02/2016"},"geometry":{"type":"Polygon","coordinates":[[[-44.1617,-22.6291],[-44.1632,-22.6269],[-44.1598,-22.6264],[-44.1614,-22.6289],[-44.1617,-22.6291]]]}},{"type":"Feature","properties":{"cod_imovel":"RJ-3300407-F004797BB79C404399294BEBED8F030F","mod_fiscal":"0.2032000000000000000000000000000","num_area":"5.2842000000000000000000000000000","ind_status":"AT","ind_tipo":"IRU","des_condic":"Aguardando analise","municipio":"Barra Mansa","dat_criaca":"29/12/2015"},"geometry":{"type":"Polygon","coordinates":[[[-44.1642,-22.4846],[-44.1617,-22.4852],[-44.1643,-22.4849],[-44.1642,-22.4846]]]}},{"type":"Feature","properties":{"cod_imovel":"RJ-3300407-E6BA4753E3C24C0E8B808ECBCB6A1CF4","mod_fiscal":"0.8892000000000000000000000000000","num_area":"23.120100000000000000000000000000","ind_status":"AT","ind_tipo":"IRU","des_condic":"Aguardando analise","municipio":"Barra Mansa","dat_criaca":"23/09/2015"},"geometry":{"type":"Polygon","coordinates":[[[-44.1323,-22.4151],[-44.1397,-22.4177],[-44.1372,-22.4133],[-44.1323,-22.4151],[-44.1323,-22.4151]]]}},{"type":"Feature","properties":{"cod_imovel":"RJ-3300407-E2C9FFB720DF44069B74A7A179381D1E","mod_fiscal":"8.1903000000000000000000000000000","num_area":"205.64460000000000000000000000000","ind_status":"AT","ind_tipo":"IRU","des_condic":"Aguardando analise","municipio":"Barra Mansa","dat_criaca":"12/05/2020"},"geometry":{"type":"Polygon","coordinates":[[[-44.1714,-22.6564],[-44.1726,-22.6633],[-44.1843,-22.6607],[-44.1825,-22.6535],[-44.1774,-22.6548],[-44.1773,-22.6517],[-44.1858,-22.65],[-44.1864,-22.646],[-44.1708,-22.6498],[-44.1666,-22.6538],[-44.1712,-22.6559],[-44.1714,-22.6564]]]}},{"type":"Feature","properties":{"cod_imovel":"RJ-3300407-DFFFDCB7EB5E485C9536F04AECF34E83","mod_fiscal":"0.3813000000000000000000000000000","num_area":"9.9136000000000000000000000000000","ind_status":"AT","ind_tipo":"IRU","des_condic":"Aguardando analise","municipio":"Barra Mansa","dat_criaca":"19/05/2016"},"geometry":{"type":"Polygon","coordinates":[[[-44.2576,-22.5582],[-44.2539,-22.5619],[-44.2586,-22.5606],[-44.2578,-22.5584],[-44.2576,-22.5582]]]}},{"type":"Feature","properties":{"cod_imovel":"RJ-3300407-DFBFB6C0B24046D4BBE4B91A42792EF6","mod_fiscal":"4.0435000000000000000000000000000","num_area":"105.13130000000000000000000000000","ind_status":"AT","ind_tipo":"IRU","des_condic":"Aguardando analise","municipio":"Barra Mansa","dat_criaca":"16/09/2019"},"geometry":{"type":"Polygon","coordinates":[[[-44.0945,-22.3566],[-44.1019,-22.3444],[-44.0858,-22.349],[-44.0855,-22.3528],[-44.0933,-22.3558],[-44.0945,-22.3566]]]}},{"type":"Feature","properties":{"cod_imovel":"RJ-3300407-D91F6F206F6348678296AC367C2698D4","mod_fiscal":"0.3119000000000000000000000000000","num_area":"8.1095000000000000000000000000000","ind_status":"AT","ind_tipo":"IRU","des_condic":"Aguardando analise","municipio":"Barra Mansa","dat_criaca":"18/12/2018"},"geometry":{"type":"Polygon","coordinates":[[[-44.2568,-22.5544],[-44.2606,-22.5573],[-44.2569,-22.5544],[-44.2568,-22.5544]]]}},{"type":"Feature","properties":{"cod_imovel":"RJ-3300407-D8D3539294F04F328EA0286F33F5DCEA","mod_fiscal":"0.3710000000000000000000000000000","num_area":"9.6470000000000000000000000000000","ind_status":"AT","ind_tipo":"IRU","des_condic":"Aguardando analise","municipio":"Barra Mansa","dat_criaca":"29/04/2016"},"geometry":{"type":"Polygon","coordinates":[[[-44.1196,-22.3848],[-44.1212,-22.3806],[-44.1195,-22.3847],[-44.1196,-22.3848]]]}},{"type":"Feature","properties":{"cod_imovel":"RJ-3300407-D51CADCC87304A56BFA1805BA9952810","mod_fiscal":"0.8269000000000000000000000000000","num_area":"21.500200000000000000000000000000","ind_status":"AT","ind_tipo":"IRU","des_condic":"Aguardando analise","municipio":"Barra Mansa","dat_criaca":"28/05/2018"},"geometry":{"type":"Polygon","coordinates":[[[-44.2819,-22.5737],[-44.2833,-22.5766],[-44.2883,-22.5719],[-44.2824,-22.5739],[-44.2819,-22.5737]]]}},{"type":"Feature","properties":{"cod_imovel":"RJ-3300407-D3A463D786B940D4882AA60142FB24B1","mod_fiscal":"0.9308000000000000000000000000000","num_area":"24.200000000000000000000000000000","ind_status":"AT","ind_tipo":"IRU","des_condic":"Aguardando analise","municipio":"Barra Mansa","dat_criaca":"25/03/2015"},"geometry":{"type":"Polygon","coordinates":[[[-44.1579,-22.6327],[-44.156,-22.6389],[-44.1592,-22.6382],[-44.1583,-22.6327],[-44.1579,-22.6327]]]}},{"type":"Feature","properties":{"cod_imovel":"RJ-3300407-17AA37D346BA455892C0C13C84ACBACF","mod_fiscal":"6.0801000000000000000000000000000","num_area":"158.08250000000000000000000000000","ind_status":"AT","ind_tipo":"IRU","des_condic":"Aguardando analise","municipio":"Barra Mansa","dat_criaca":"28/12/2017"},"geometry":{"type":"Polygon","coordinates":[[[-44.2236,-22.5716],[-44.2186,-22.573],[-44.2156,-22.5691],[-44.2134,-22.573],[-44.2122,-22.5658],[-44.2081,-22.5639],[-44.2032,-22.5702],[-44.2092,-22.5744],[-44.2055,-22.5763],[-44.2094,-22.5791],[-44.2186,-22.5737],[-44.2256,-22.575],[-44.2236,-22.5716]]]}},{"type":"Feature","properties":{"cod_imovel":"RJ-3300407-6441F0D297944DDDAECE532275EFE62C","mod_fiscal":"1.5347000000000000000000000000000","num_area":"39.902200000000000000000000000000","ind_status":"AT","ind_tipo":"IRU","des_condic":"Aguardando analise","municipio":"Barra Mansa","dat_criaca":"07/11/2014"},"geometry":{"type":"Polygon","coordinates":[[[-44.1585,-22.5681],[-44.1546,-22.5684],[-44.1552,-22.5746],[-44.161,-22.5741],[-44.16,-22.5695],[-44.1585,-22.5681]]]}},{"type":"Feature","properties":{"cod_imovel":"RJ-3300407-1703B226238D43F9BD1570D9F0032CAC","mod_fiscal":"0.4791000000000000000000000000000","num_area":"12.455700000000000000000000000000","ind_status":"AT","ind_tipo":"IRU","des_condic":"Aguardando analise","municipio":"Barra Mansa","dat_criaca":"30/03/2016"},"geometry":{"type":"Polygon","coordinates":[[[-44.237,-22.5237],[-44.2319,-22.5231],[-44.2329,-22.5261],[-44.2371,-22.5256],[-44.237,-22.5237]]]}},{"type":"Feature","properties":{"cod_imovel":"RJ-3300407-15CDC5FAAE9A4056B97E93EE5C30898D","mod_fiscal":"0.2634000000000000000000000000000","num_area":"6.8485000000000000000000000000000","ind_status":"AT","ind_tipo":"IRU","des_condic":"Aguardando analise","municipio":"Barra Mansa","dat_criaca":"03/05/2016"},"geometry":{"type":"Polygon","coordinates":[[[-44.2462,-22.5463],[-44.2453,-22.5494],[-44.2464,-22.5462],[-44.2462,-22.5463]]]}},{"type":"Feature","properties":{"cod_imovel":"RJ-3300407-154A4FF8B5FE4FE8BC53009E5726A48F","mod_fiscal":"0.3561000000000000000000000000000","num_area":"9.2594000000000000000000000000000","ind_status":"AT","ind_tipo":"IRU","des_condic":"Aguardando analise","municipio":"Barra Mansa","dat_criaca":"24/08/2015"},"geometry":{"type":"Polygon","coordinates":[[[-44.1683,-22.5862],[-44.1714,-22.5899],[-44.1688,-22.5858],[-44.1683,-22.5862]]]}},{"type":"Feature","properties":{"cod_imovel":"RJ-3300407-08D201BAADEA4F8D90FA6858EB39F001","mod_fiscal":"0.6258000000000000000000000000000","num_area":"16.271300000000000000000000000000","ind_status":"AT","ind_tipo":"IRU","des_condic":"Aguardando analise","municipio":"Barra Mansa","dat_criaca":"13/07/2015"},"geometry":{"type":"Polygon","coordinates":[[[-44.3206,-22.4793],[-44.3155,-22.4857],[-44.3225,-22.4813],[-44.3206,-22.4793]]]}},{"type":"Feature","properties":{"cod_imovel":"RJ-3300407-08C4168B333447138591A30E608468D4","mod_fiscal":"1.9138000000000000000000000000000","num_area":"49.758400000000000000000000000000","ind_status":"AT","ind_tipo":"IRU","des_condic":"Aguardando analise","municipio":"Barra Mansa","dat_criaca":"27/12/2018"},"geometry":{"type":"Polygon","coordinates":[[[-44.1855,-22.5684],[-44.1807,-22.5648],[-44.1799,-22.5699],[-44.1786,-22.5675],[-44.1718,-22.5727],[-44.175,-22.5744],[-44.1771,-22.5705],[-44.1783,-22.5728],[-44.1855,-22.5684],[-44.1855,-22.5684]]]}},{"type":"Feature","properties":{"cod_imovel":"RJ-3300407-0BF7DFEB49944E93B60E3391E351B9A4","mod_fiscal":"1.5122000000000000000000000000000","num_area":"32.952100000000000000000000000000","ind_status":"AT","ind_tipo":"IRU","des_condic":"Aguardando analise","municipio":"Barra Mansa","dat_criaca":"19/05/2016"},"geometry":{"type":"Polygon","coordinates":[[[-44.1611,-22.4959],[-44.1569,-22.491],[-44.1538,-22.497],[-44.1611,-22.4959],[-44.1611,-22.4959]]]}},{"type":"Feature","properties":{"cod_imovel":"RJ-3300407-002F9A808BEF49B6951629EABC67BCF6","mod_fiscal":"0.0993000000000000000000000000000","num_area":"2.5829000000000000000000000000000","ind_status":"AT","ind_tipo":"IRU","des_condic":"Aguardando analise","municipio":"Barra Mansa","dat_criaca":"04/03/2016"},"geometry":{"type":"Polygon","coordinates":[[[-44.0918,-22.4022],[-44.0884,-22.4058],[-44.0918,-22.4024],[-44.0918,-22.4022]]]}},{"type":"Feature","properties":{"cod_imovel":"RJ-3300407-5F44284680784E4D955CDA75714B8EDE","mod_fiscal":"1.2182000000000000000000000000000","num_area":"31.673500000000000000000000000000","ind_status":"AT","ind_tipo":"IRU","des_condic":"Aguardando analise","municipio":"Barra Mansa","dat_criaca":"23/03/2015"},"geometry":{"type":"Polygon","coordinates":[[[-44.1537,-22.3458],[-44.1483,-22.3459],[-44.1538,-22.3529],[-44.1537,-22.3458]]]}},{"type":"Feature","properties":{"cod_imovel":"RJ-3300407-38D894501A4D4F4399888F32515E8E1C","mod_fiscal":"0.5860000000000000000000000000000","num_area":"15.235700000000000000000000000000","ind_status":"AT","ind_tipo":"IRU","des_condic":"Aguardando analise","municipio":"Barra Mansa","dat_criaca":"26/04/2018"},"geometry":{"type":"Polygon","coordinates":[[[-44.1179,-22.5867],[-44.1155,-22.59],[-44.1201,-22.5897],[-44.1181,-22.5871],[-44.1179,-22.5867]]]}},{"type":"Feature","properties":{"cod_imovel":"RJ-3300407-80BE0E4A584246659BB7EC3A4844A218","mod_fiscal":"3.1485000000000000000000000000000","num_area":"81.861100000000000000000000000000","ind_status":"AT","ind_tipo":"IRU","des_condic":"Aguardando analise","municipio":"Barra Mansa","dat_criaca":"31/01/2018"},"geometry":{"type":"Polygon","coordinates":[[[-44.162,-22.6292],[-44.1774,-22.6299],[-44.179,-22.6211],[-44.1639,-22.6277],[-44.162,-22.6292]]]}},{"type":"Feature","properties":{"cod_imovel":"RJ-3300407-788577A9FAF14A399976432CE196D7F1","mod_fiscal":"6.8944000000000000000000000000000","num_area":"179.25450000000000000000000000000","ind_status":"AT","ind_tipo":"IRU","des_condic":"Aguardando analise","municipio":"Barra Mansa","dat_criaca":"29/12/2017"},"geometry":{"type":"Polygon","coordinates":[[[-44.2392,-22.596],[-44.2331,-22.5962],[-44.2298,-22.6026],[-44.2326,-22.6066],[-44.2458,-22.6055],[-44.2487,-22.6005],[-44.245,-22.5957],[-44.2392,-22.596]]]}},{"type":"Feature","properties":{"cod_imovel":"RJ-3300407-15B3E7D1615840C6AF888BC141F1BCCF","mod_fiscal":"1.0863000000000000000000000000000","num_area":"28.243400000000000000000000000000","ind_status":"AT","ind_tipo":"IRU","des_condic":"Aguardando analise","municipio":"Barra Mansa","dat_criaca":"29/01/2021"},"geometry":{"type":"Polygon","coordinates":[[[-44.2313,-22.5443],[-44.2274,-22.5425],[-44.2238,-22.549],[-44.2303,-22.5477],[-44.2313,-22.5443],[-44.2313,-22.5443]]]}},{"type":"Feature","properties":{"cod_imovel":"RJ-3300407-A71229A58ED042D99EA5A8F556659A50","mod_fiscal":"0.1659000000000000000000000000000","num_area":"4.3130000000000000000000000000000","ind_status":"AT","ind_tipo":"IRU","des_condic":"Aguardando analise","municipio":"Barra Mansa","dat_criaca":"02/05/2016"},"geometry":{"type":"Polygon","coordinates":[[[-44.1702,-22.5907],[-44.1731,-22.5912],[-44.1702,-22.5904],[-44.1702,-22.5907]]]}},{"type":"Feature","properties":{"cod_imovel":"RJ-3300407-3327D3DA481A4CA0BA744DFC3254B9CE","mod_fiscal":"0.3497000000000000000000000000000","num_area":"9.0930000000000000000000000000000","ind_status":"AT","ind_tipo":"IRU","des_condic":"Aguardando analise","municipio":"Barra Mansa","dat_criaca":"26/02/2023"},"geometry":{"type":"Polygon","coordinates":[[[-44.2153,-22.5377],[-44.215,-22.5312],[-44.2144,-22.5374],[-44.2153,-22.5377]]]}},{"type":"Feature","properties":{"cod_imovel":"RJ-3300407-5F8D4E9C0E1B416495946B4F1999C8BD","mod_fiscal":"8.4530000000000000000000000000000","num_area":"202.78430000000000000000000000000","ind_status":"AT","ind_tipo":"IRU","des_condic":"Aguardando analise","municipio":"Barra Mansa","dat_criaca":"10/10/2014"},"geometry":{"type":"Polygon","coordinates":[[[-44.1575,-22.6538],[-44.1485,-22.6576],[-44.1517,-22.6682],[-44.168,-22.6645],[-44.1656,-22.6568],[-44.1578,-22.6537],[-44.1575,-22.6538]]]}},{"type":"Feature","properties":{"cod_imovel":"RJ-3300407-7316F5FC22034C93841444CD3479661C","mod_fiscal":"1.8308000000000000000000000000000","num_area":"47.600000000000000000000000000000","ind_status":"AT","ind_tipo":"IRU","des_condic":"Aguardando analise","municipio":"Barra Mansa","dat_criaca":"01/12/2015"},"geometry":{"type":"Polygon","coordinates":[[[-44.1369,-22.3455],[-44.136,-22.3487],[-44.141,-22.3461],[-44.1386,-22.3376],[-44.1361,-22.3381],[-44.1363,-22.3448],[-44.1369,-22.3455]]]}},{"type":"Feature","properties":{"cod_imovel":"RJ-3300407-B5DF2B5133644AE68B5CCBB4678C5EF9","mod_fiscal":"9.1802000000000000000000000000000","num_area":"238.68510000000000000000000000000","ind_status":"CA","ind_tipo":"IRU","des_condic":"Cancelado por solicitacao do proprietario/possuidor","municipio":"Barra Mansa","dat_criaca":"05/05/2016"},"geometry":{"type":"Polygon","coordinates":[[[-44.2667,-22.578],[-44.27,-22.5803],[-44.2802,-22.5643],[-44.2727,-22.5566],[-44.2724,-22.5603],[-44.2664,-22.5637],[-44.2578,-22.5642],[-44.2641,-22.5665],[-44.2635,-22.5741],[-44.2664,-22.5774],[-44.2667,-22.578]]]}},{"type":"Feature","properties":{"cod_imovel":"RJ-3300407-CDCC4ED1CB5B44E8931063202C689FEE","mod_fiscal":"21.999600000000000000000000000000","num_area":"571.98910000000000000000000000000","ind_status":"AT","ind_tipo":"IRU","des_condic":"Aguardando analise","municipio":"Barra Mansa","dat_criaca":"05/05/2016"},"geometry":{"type":"Polygon","coordinates":[[[-44.2897,-22.5621],[-44.2934,-22.5616],[-44.2949,-22.5494],[-44.2849,-22.5537],[-44.2784,-22.5531],[-44.277,-22.5501],[-44.2841,-22.5366],[-44.2733,-22.5474],[-44.2711,-22.5631],[-44.2568,-22.5644],[-44.2608,-22.568],[-44.2645,-22.5668],[-44.2635,-22.5741],[-44.2703,-22.5804],[-44.2788,-22.5655],[-44.283,-22.5681],[-44.2897,-22.5621],[-44.2897,-22.5621]]]}},{"type":"Feature","properties":{"cod_imovel":"RJ-3300407-0F43E6207761420BB94C952BA62EAD14","mod_fiscal":"0.2690000000000000000000000000000","num_area":"6.9943000000000000000000000000000","ind_status":"CA","ind_tipo":"IRU","des_condic":"Cancelado por solicitacao do proprietario/possuidor","municipio":"Barra Mansa","dat_criaca":"05/05/2016"},"geometry":{"type":"Polygon","coordinates":[[[-44.2609,-22.568],[-44.2568,-22.5644],[-44.2608,-22.568],[-44.2609,-22.568]]]}},{"type":"Feature","properties":{"cod_imovel":"RJ-3300407-4E4DD019AC5647518E5FBE51014638F5","mod_fiscal":"5.3141000000000000000000000000000","num_area":"138.16760000000000000000000000000","ind_status":"CA","ind_tipo":"IRU","des_condic":"Cancelado por solicitacao do proprietario/possuidor","municipio":"Barra Mansa","dat_criaca":"05/05/2016"},"geometry":{"type":"Polygon","coordinates":[[[-44.2949,-22.5495],[-44.2819,-22.5536],[-44.2804,-22.5605],[-44.2933,-22.5618],[-44.2944,-22.5506],[-44.2949,-22.5495]]]}},{"type":"Feature","properties":{"cod_imovel":"RJ-3300407-1B585635FF9D4FFF8E380CEACB272C9B","mod_fiscal":"2.2375000000000000000000000000000","num_area":"58.173900000000000000000000000000","ind_status":"CA","ind_tipo":"IRU","des_condic":"Cancelado por solicitacao do proprietario/possuidor","municipio":"Barra Mansa","dat_criaca":"05/05/2016"},"geometry":{"type":"Polygon","coordinates":[[[-44.2727,-22.548],[-44.277,-22.5493],[-44.2815,-22.5414],[-44.2859,-22.5405],[-44.284,-22.5367],[-44.2773,-22.5427],[-44.2727,-22.548]]]}},{"type":"Feature","properties":{"cod_imovel":"RJ-3300407-6EE11F4DD943414496AD96D00D5E4758","mod_fiscal":"0.4621000000000000000000000000000","num_area":"12.014400000000000000000000000000","ind_status":"AT","ind_tipo":"IRU","des_condic":"Aguardando analise","municipio":"Barra Mansa","dat_criaca":"23/08/2016"},"geometry":{"type":"Polygon","coordinates":[[[-44.3031,-22.4681],[-44.2995,-22.471],[-44.3032,-22.4683],[-44.3031,-22.4681]]]}},{"type":"Feature","properties":{"cod_imovel":"RJ-3300407-A45F79A66DB440FCAC31AD704A28BF42","mod_fiscal":"0.3990000000000000000000000000000","num_area":"10.372800000000000000000000000000","ind_status":"AT","ind_tipo":"IRU","des_condic":"Aguardando analise","municipio":"Barra Mansa","dat_criaca":"27/09/2016"},"geometry":{"type":"Polygon","coordinates":[[[-44.2323,-22.5371],[-44.2346,-22.5371],[-44.2327,-22.5311],[-44.2321,-22.5359],[-44.2323,-22.5371]]]}},{"type":"Feature","properties":{"cod_imovel":"RJ-3300407-EA6545A2254D4B85B3EBF76E8FEE7FAC","mod_fiscal":"2.8731000000000000000000000000000","num_area":"41.280700000000000000000000000000","ind_status":"AT","ind_tipo":"IRU","des_condic":"Aguardando analise","municipio":"Barra Mansa","dat_criaca":"05/09/2015"},"geometry":{"type":"Polygon","coordinates":[[[-44.1444,-22.4958],[-44.1524,-22.5011],[-44.1576,-22.4982],[-44.1437,-22.4951],[-44.1444,-22.4958]]]}},{"type":"Feature","properties":{"cod_imovel":"RJ-3300407-EB4FFEDC379B46038034B5E6A83EEBFA","mod_fiscal":"1.7928000000000000000000000000000","num_area":"46.613900000000000000000000000000","ind_status":"AT","ind_tipo":"IRU","des_condic":"Aguardando analise","municipio":"Barra Mansa","dat_criaca":"18/10/2016"},"geometry":{"type":"Polygon","coordinates":[[[-44.1944,-22.5836],[-44.1929,-22.5862],[-44.2028,-22.5858],[-44.2018,-22.5802],[-44.1953,-22.5809],[-44.1944,-22.5836],[-44.1944,-22.5836]]]}},{"type":"Feature","properties":{"cod_imovel":"RJ-3300407-0AC60DDC33DA4069B4863C069FB4C62D","mod_fiscal":"1.8930000000000000000000000000000","num_area":"49.218200000000000000000000000000","ind_status":"AT","ind_tipo":"IRU","des_condic":"Aguardando analise","municipio":"Barra Mansa","dat_criaca":"20/10/2016"},"geometry":{"type":"Polygon","coordinates":[[[-44.1948,-22.5796],[-44.1992,-22.5815],[-44.2031,-22.5777],[-44.1936,-22.5725],[-44.1948,-22.5796],[-44.1948,-22.5796]]]}},{"type":"Feature","properties":{"cod_imovel":"RJ-3300407-BE1F5FD550844CF0BA12C73C4B590BF0","mod_fiscal":"2.5826000000000000000000000000000","num_area":"67.148300000000000000000000000000","ind_status":"AT","ind_tipo":"IRU","des_condic":"Aguardando analise","municipio":"Barra Mansa","dat_criaca":"20/10/2016"},"geometry":{"type":"Polygon","coordinates":[[[-44.1866,-22.5531],[-44.1903,-22.5603],[-44.1971,-22.5553],[-44.1868,-22.5528],[-44.1866,-22.5531]]]}},{"type":"Feature","properties":{"cod_imovel":"RJ-3300407-7B798DAC8E01412CB8B9E4C59698AC39","mod_fiscal":"0.2674000000000000000000000000000","num_area":"6.9528000000000000000000000000000","ind_status":"AT","ind_tipo":"IRU","des_condic":"Aguardando analise","municipio":"Barra Mansa","dat_criaca":"26/10/2016"},"geometry":{"type":"Polygon","coordinates":[[[-44.1671,-22.4912],[-44.168,-22.4939],[-44.1698,-22.4912],[-44.1673,-22.491],[-44.1671,-22.4912]]]}},{"type":"Feature","properties":{"cod_imovel":"RJ-3300407-C47A8EE9A37043E8AD2276EB3AFBC48D","mod_fiscal":"0.2102000000000000000000000000000","num_area":"5.4641000000000000000000000000000","ind_status":"AT","ind_tipo":"IRU","des_condic":"Aguardando analise","municipio":"Barra Mansa","dat_criaca":"10/11/2016"},"geometry":{"type":"Polygon","coordinates":[[[-44.2293,-22.5425],[-44.2288,-22.5394],[-44.2286,-22.5424],[-44.2293,-22.5425]]]}},{"type":"Feature","properties":{"cod_imovel":"RJ-3300407-52A758874968489AB1FCC7FBA00B992C","mod_fiscal":"3.4101000000000000000000000000000","num_area":"88.663100000000000000000000000000","ind_status":"AT","ind_tipo":"IRU","des_condic":"Aguardando analise","municipio":"Barra Mansa","dat_criaca":"19/05/2016"},"geometry":{"type":"Polygon","coordinates":[[[-44.1545,-22.3427],[-44.1581,-22.3425],[-44.1666,-22.332],[-44.1607,-22.3305],[-44.1545,-22.3371],[-44.1545,-22.3427],[-44.1545,-22.3427]]]}},{"type":"Feature","properties":{"cod_imovel":"RJ-3300407-7FD0F9B7B7AA4117B165BBBFAE80CD7D","mod_fiscal":"1.1617000000000000000000000000000","num_area":"30.203500000000000000000000000000","ind_status":"AT","ind_tipo":"IRU","des_condic":"Aguardando analise","municipio":"Barra Mansa","dat_criaca":"23/08/2017"},"geometry":{"type":"Polygon","coordinates":[[[-44.274,-22.5764],[-44.2784,-22.5662],[-44.2698,-22.5782],[-44.2735,-22.5768],[-44.274,-22.5764]]]}},{"type":"Feature","properties":{"cod_imovel":"RJ-3300407-027120EC92124771BCE9A7EC531A2CA0","mod_fiscal":"1.2785000000000000000000000000000","num_area":"33.240400000000000000000000000000","ind_status":"AT","ind_tipo":"IRU","des_condic":"Aguardando analise","municipio":"Barra Mansa","dat_criaca":"23/08/2017"},"geometry":{"type":"Polygon","coordinates":[[[-44.283,-22.5696],[-44.2843,-22.5649],[-44.2813,-22.5627],[-44.2779,-22.5702],[-44.2818,-22.5704],[-44.283,-22.5696]]]}},{"type":"Feature","properties":{"cod_imovel":"RJ-3300407-6F758905BE2C49A38900F5D4EF5FCA98","mod_fiscal":"2.2424000000000000000000000000000","num_area":"58.303600000000000000000000000000","ind_status":"AT","ind_tipo":"IRU","des_condic":"Aguardando analise","municipio":"Barra Mansa","dat_criaca":"23/08/2017"},"geometry":{"type":"Polygon","coordinates":[[[-44.2841,-22.5688],[-44.2954,-22.5664],[-44.2984,-22.563],[-44.2933,-22.5614],[-44.2913,-22.5662],[-44.2897,-22.5621],[-44.2833,-22.5682],[-44.2841,-22.5688]]]}},{"type":"Feature","properties":{"cod_imovel":"RJ-3300407-908214A2A2E2465D920A27E474CF1168","mod_fiscal":"0.2686000000000000000000000000000","num_area":"6.9840000000000000000000000000000","ind_status":"AT","ind_tipo":"IRU","des_condic":"Aguardando analise","municipio":"Barra Mansa","dat_criaca":"06/09/2017"},"geometry":{"type":"Polygon","coordinates":[[[-44.171,-22.4923],[-44.169,-22.4962],[-44.1726,-22.4938],[-44.171,-22.4923],[-44.171,-22.4923]]]}},{"type":"Feature","properties":{"cod_imovel":"RJ-3300407-8D99B026D59F47C296A8682A277EFAD0","mod_fiscal":"2.8724000000000000000000000000000","num_area":"74.682900000000000000000000000000","ind_status":"AT","ind_tipo":"IRU","des_condic":"Aguardando analise","municipio":"Barra Mansa","dat_criaca":"01/12/2017"},"geometry":{"type":"Polygon","coordinates":[[[-44.2118,-22.5652],[-44.2212,-22.5621],[-44.2076,-22.5581],[-44.2077,-22.5638],[-44.2114,-22.5649],[-44.2118,-22.5652]]]}},{"type":"Feature","properties":{"cod_imovel":"RJ-3300407-0979E7534D4D4F919084C7BC1E763051","mod_fiscal":"2.9426000000000000000000000000000","num_area":"76.508400000000000000000000000000","ind_status":"AT","ind_tipo":"IRU","des_condic":"Aguardando analise","municipio":"Barra Mansa","dat_criaca":"12/12/2017"},"geometry":{"type":"Polygon","coordinates":[[[-44.3071,-22.5016],[-44.308,-22.4933],[-44.2966,-22.4988],[-44.3039,-22.5062],[-44.3039,-22.5019],[-44.3069,-22.502],[-44.3071,-22.5016]]]}},{"type":"Feature","properties":{"cod_imovel":"RJ-3300407-A84AC65CD4C642E194BD53D842F8BFF4","mod_fiscal":"0.1143000000000000000000000000000","num_area":"2.9705000000000000000000000000000","ind_status":"AT","ind_tipo":"IRU","des_condic":"Aguardando analise","municipio":"Barra Mansa","dat_criaca":"13/12/2017"},"geometry":{"type":"Polygon","coordinates":[[[-44.2046,-22.5674],[-44.2016,-22.5656],[-44.2037,-22.567],[-44.2046,-22.5674]]]}},{"type":"Feature","properties":{"cod_imovel":"RJ-3300407-6617F89E69CD44D7A102C22BFD9A43A7","mod_fiscal":"2.6448000000000000000000000000000","num_area":"68.763600000000000000000000000000","ind_status":"AT","ind_tipo":"IRU","des_condic":"Aguardando analise","municipio":"Barra Mansa","dat_criaca":"29/12/2017"},"geometry":{"type":"Polygon","coordinates":[[[-44.1523,-22.5902],[-44.1377,-22.5928],[-44.1463,-22.5985],[-44.1523,-22.5902]]]}},{"type":"Feature","properties":{"cod_imovel":"RJ-3300407-F95B26B248624602939A4F056E4C2732","mod_fiscal":"1.2430000000000000000000000000000","num_area":"32.317100000000000000000000000000","ind_status":"AT","ind_tipo":"IRU","des_condic":"Aguardando analise","municipio":"Barra Mansa","dat_criaca":"08/04/2017"},"geometry":{"type":"Polygon","coordinates":[[[-44.1662,-22.3956],[-44.1617,-22.3996],[-44.1633,-22.4031],[-44.1685,-22.3995],[-44.1662,-22.3956]]]}},{"type":"Feature","properties":{"cod_imovel":"RJ-3300407-274724E2001F4778A215BD848DBFF186","mod_fiscal":"2.5865000000000000000000000000000","num_area":"67.250200000000000000000000000000","ind_status":"AT","ind_tipo":"IRU","des_condic":"Aguardando analise","municipio":"Barra Mansa","dat_criaca":"05/06/2017"},"geometry":{"type":"Polygon","coordinates":[[[-44.1103,-22.6188],[-44.0965,-22.6179],[-44.0967,-22.623],[-44.1103,-22.6223],[-44.1103,-22.6188]]]}},{"type":"Feature","properties":{"cod_imovel":"RJ-3300407-53ED31BA06B34A17A007D884FCD26122","mod_fiscal":"0.8883000000000000000000000000000","num_area":"23.095100000000000000000000000000","ind_status":"AT","ind_tipo":"IRU","des_condic":"Aguardando analise","municipio":"Barra Mansa","dat_criaca":"28/06/2017"},"geometry":{"type":"Polygon","coordinates":[[[-44.2194,-22.5153],[-44.2229,-22.5134],[-44.2204,-22.5086],[-44.2165,-22.5122],[-44.2189,-22.5151],[-44.2194,-22.5153]]]}},{"type":"Feature","properties":{"cod_imovel":"RJ-3300407-8F6202F3E5E64B5889D89CAC89A7CD50","mod_fiscal":"2.2383000000000000000000000000000","num_area":"58.196700000000000000000000000000","ind_status":"AT","ind_tipo":"IRU","des_condic":"Aguardando analise","municipio":"Barra Mansa","dat_criaca":"17/01/2018"},"geometry":{"type":"Polygon","coordinates":[[[-44.1447,-22.3868],[-44.1441,-22.3777],[-44.1391,-22.3817],[-44.1414,-22.3835],[-44.1376,-22.3887],[-44.1392,-22.3909],[-44.1436,-22.387],[-44.1447,-22.3868]]]}},{"type":"Feature","properties":{"cod_imovel":"RJ-3300407-9232B08884FA416BAC235B848FD94007","mod_fiscal":"3.1383000000000000000000000000000","num_area":"81.596000000000000000000000000000","ind_status":"AT","ind_tipo":"IRU","des_condic":"Aguardando analise","municipio":"Barra Mansa","dat_criaca":"01/04/2018"},"geometry":{"type":"Polygon","coordinates":[[[-44.2345,-22.496],[-44.2366,-22.4944],[-44.2316,-22.4888],[-44.2244,-22.4898],[-44.2294,-22.4976],[-44.2341,-22.4962],[-44.2345,-22.496]]]}},{"type":"Feature","properties":{"cod_imovel":"RJ-3300407-6DB3F639605D4F87AB562201C2E0638D","mod_fiscal":"0.4267000000000000000000000000000","num_area":"11.093000000000000000000000000000","ind_status":"AT","ind_tipo":"IRU","des_condic":"Aguardando analise","municipio":"Barra Mansa","dat_criaca":"02/05/2018"},"geometry":{"type":"Polygon","coordinates":[[[-44.1578,-22.6536],[-44.1636,-22.6543],[-44.161,-22.6512],[-44.1584,-22.6532],[-44.1578,-22.6536]]]}},{"type":"Feature","properties":{"cod_imovel":"RJ-3300407-5504FD28D85C4F86A849B3715203573F","mod_fiscal":"0.3325000000000000000000000000000","num_area":"8.6461000000000000000000000000000","ind_status":"AT","ind_tipo":"IRU","des_condic":"Aguardando analise","municipio":"Barra Mansa","dat_criaca":"03/05/2018"},"geometry":{"type":"Polygon","coordinates":[[[-44.1565,-22.6223],[-44.1604,-22.6201],[-44.1565,-22.6221],[-44.1565,-22.6223]]]}},{"type":"Feature","properties":{"cod_imovel":"RJ-3300407-7B691B6D24FC431AB9085495FF8CCC3E","mod_fiscal":"0.9254000000000000000000000000000","num_area":"24.060300000000000000000000000000","ind_status":"AT","ind_tipo":"IRU","des_condic":"Aguardando analise","municipio":"Barra Mansa","dat_criaca":"03/05/2018"},"geometry":{"type":"Polygon","coordinates":[[[-44.1659,-22.5159],[-44.1696,-22.5108],[-44.1673,-22.5094],[-44.161,-22.5143],[-44.1655,-22.5158],[-44.1659,-22.5159]]]}},{"type":"Feature","properties":{"cod_imovel":"RJ-3300407-8B383416375842E1AEF8058B011D8486","mod_fiscal":"0.6094000000000000000000000000000","num_area":"15.843800000000000000000000000000","ind_status":"AT","ind_tipo":"IRU","des_condic":"Aguardando analise","municipio":"Barra Mansa","dat_criaca":"26/05/2018"},"geometry":{"type":"Polygon","coordinates":[[[-44.1059,-22.5629],[-44.1095,-22.5627],[-44.1104,-22.5586],[-44.1053,-22.5623],[-44.1059,-22.5629]]]}},{"type":"Feature","properties":{"cod_imovel":"RJ-3300407-5F9B928E128E4F9899E719D155A36E2C","mod_fiscal":"0.5077000000000000000000000000000","num_area":"13.200200000000000000000000000000","ind_status":"AT","ind_tipo":"IRU","des_condic":"Aguardando analise","municipio":"Barra Mansa","dat_criaca":"28/05/2018"},"geometry":{"type":"Polygon","coordinates":[[[-44.2894,-22.5762],[-44.2885,-22.5732],[-44.2846,-22.5754],[-44.2902,-22.577],[-44.2894,-22.5762]]]}},{"type":"Feature","properties":{"cod_imovel":"RJ-3300407-CFB3A9DA1C6845D59393EBA5693186B3","mod_fiscal":"0.4429000000000000000000000000000","num_area":"11.514200000000000000000000000000","ind_status":"AT","ind_tipo":"IRU","des_condic":"Aguardando analise","municipio":"Barra Mansa","dat_criaca":"28/06/2018"},"geometry":{"type":"Polygon","coordinates":[[[-44.1964,-22.5448],[-44.1915,-22.5421],[-44.1957,-22.5456],[-44.1964,-22.5448]]]}},{"type":"Feature","properties":{"cod_imovel":"RJ-3300407-EB85B98584A84CEEA396F8F0AA3B7FB2","mod_fiscal":"0.9653000000000000000000000000000","num_area":"25.096600000000000000000000000000","ind_status":"AT","ind_tipo":"IRU","des_condic":"Aguardando analise","municipio":"Barra Mansa","dat_criaca":"16/10/2018"},"geometry":{"type":"Polygon","coordinates":[[[-44.1292,-22.3541],[-44.1273,-22.3565],[-44.1317,-22.3605],[-44.1355,-22.3574],[-44.1331,-22.3569],[-44.1292,-22.3541]]]}},{"type":"Feature","properties":{"cod_imovel":"RJ-3300407-5EB37E4161B548CA85D94257CF741356","mod_fiscal":"0.3801000000000000000000000000000","num_area":"9.8830000000000000000000000000000","ind_status":"AT","ind_tipo":"IRU","des_condic":"Aguardando analise","municipio":"Barra Mansa","dat_criaca":"26/11/2018"},"geometry":{"type":"Polygon","coordinates":[[[-44.2281,-22.5352],[-44.2306,-22.537],[-44.2305,-22.5332],[-44.2283,-22.5352],[-44.2281,-22.5352]]]}},{"type":"Feature","properties":{"cod_imovel":"RJ-3300407-50076C465FE14C45A862663FF1C5D613","mod_fiscal":"4.4338000000000000000000000000000","num_area":"115.27900000000000000000000000000","ind_status":"AT","ind_tipo":"IRU","des_condic":"Aguardando analise","municipio":"Barra Mansa","dat_criaca":"06/05/2015"},"geometry":{"type":"Polygon","coordinates":[[[-44.2411,-22.5772],[-44.2333,-22.5804],[-44.229,-22.5902],[-44.2221,-22.5904],[-44.2363,-22.5918],[-44.241,-22.5786],[-44.2411,-22.5772]]]}},{"type":"Feature","properties":{"cod_imovel":"RJ-3300407-B93B0A1112AC482293F46B0EC0127253","mod_fiscal":"2.6328000000000000000000000000000","num_area":"68.451800000000000000000000000000","ind_status":"AT","ind_tipo":"IRU","des_condic":"Analisado, aguardando atendimento a notificacao","municipio":"Barra Mansa","dat_criaca":"05/05/2016"},"geometry":{"type":"Polygon","coordinates":[[[-44.2165,-22.5036],[-44.2126,-22.4985],[-44.2065,-22.508],[-44.213,-22.5109],[-44.2181,-22.5052],[-44.209,-22.5088],[-44.2161,-22.5036],[-44.2165,-22.5036]]]}},{"type":"Feature","properties":{"cod_imovel":"RJ-3300407-8031E4CBCF5B4E60B03711A36FD72E48","mod_fiscal":"7.6219000000000000000000000000000","num_area":"198.16900000000000000000000000000","ind_status":"AT","ind_tipo":"IRU","des_condic":"Aguardando analise","municipio":"Barra Mansa","dat_criaca":"29/12/2020"},"geometry":{"type":"Polygon","coordinates":[[[-44.1374,-22.3699],[-44.1255,-22.3683],[-44.1264,-22.3801],[-44.1238,-22.382],[-44.1353,-22.3843],[-44.1405,-22.3807],[-44.1346,-22.3763],[-44.1356,-22.3716],[-44.1413,-22.3715],[-44.1379,-22.37],[-44.1374,-22.3699]]]}},{"type":"Feature","properties":{"cod_imovel":"RJ-3300407-9BBF970834E44100A433F4813034A44F","mod_fiscal":"15.349400000000000000000000000000","num_area":"399.08360000000000000000000000000","ind_status":"AT","ind_tipo":"IRU","des_condic":"Aguardando analise","municipio":"Barra Mansa","dat_criaca":"05/05/2016"},"geometry":{"type":"Polygon","coordinates":[[[-44.2373,-22.4973],[-44.2351,-22.4983],[-44.2376,-22.5011],[-44.2359,-22.5068],[-44.2263,-22.5041],[-44.2243,-22.5097],[-44.2287,-22.5131],[-44.2374,-22.5135],[-44.2377,-22.5177],[-44.2503,-22.5173],[-44.2552,-22.5085],[-44.2546,-22.5029],[-44.2395,-22.5001],[-44.2385,-22.4963],[-44.2373,-22.4973]]]}},{"type":"Feature","properties":{"cod_imovel":"RJ-3300407-ECDC4B515FF8455E982B499E6C1BF896","mod_fiscal":"4.5983000000000000000000000000000","num_area":"119.55580000000000000000000000000","ind_status":"AT","ind_tipo":"IRU","des_condic":"Aguardando analise","municipio":"Barra Mansa","dat_criaca":"31/03/2016"},"geometry":{"type":"Polygon","coordinates":[[[-44.2321,-22.574],[-44.2218,-22.5891],[-44.229,-22.5902],[-44.2333,-22.5804],[-44.2411,-22.5772],[-44.235,-22.5775],[-44.2322,-22.574],[-44.2321,-22.574]]]}},{"type":"Feature","properties":{"cod_imovel":"RJ-3300407-09490E325AE8430583182999C014187B","mod_fiscal":"0.9268000000000000000000000000000","num_area":"24.095900000000000000000000000000","ind_status":"AT","ind_tipo":"IRU","des_condic":"Aguardando analise","municipio":"Barra Mansa","dat_criaca":"28/03/2016"},"geometry":{"type":"Polygon","coordinates":[[[-44.1346,-22.3541],[-44.1353,-22.3499],[-44.1328,-22.3493],[-44.1281,-22.3511],[-44.1313,-22.3535],[-44.1346,-22.3541]]]}},{"type":"Feature","properties":{"cod_imovel":"RJ-3300407-1469124C546D4B64B740C9C575EB1DE1","mod_fiscal":"166.74510000000000000000000000000","num_area":"2370.6393000000000000000000000000","ind_status":"CA","ind_tipo":"IRU","des_condic":"Cancelado por decisao administrativa","municipio":"Barra Mansa","dat_criaca":"05/05/2016"},"geometry":{"type":"Polygon","coordinates":[[[-44.0701,-22.4044],[-44.07,-22.4086],[-44.054,-22.4088],[-44.0467,-22.4152],[-44.0488,-22.4196],[-44.0454,-22.4226],[-44.0477,-22.4272],[-44.0455,-22.4313],[-44.0541,-22.4305],[-44.0564,-22.4362],[-44.0528,-22.4441],[-44.0575,-22.4492],[-44.0786,-22.4521],[-44.0783,-22.442],[-44.0896,-22.4415],[-44.0893,-22.4328],[-44.1107,-22.4398],[-44.1175,-22.4253],[-44.116,-22.4227],[-44.1095,-22.4206],[-44.1008,-22.4279],[-44.0975,-22.4233],[-44.1015,-22.4171],[-44.0959,-22.4093],[-44.0864,-22.406],[-44.0864,-22.4025],[-44.0702,-22.4028],[-44.0701,-22.4044]]]}},{"type":"Feature","properties":{"cod_imovel":"RJ-3300407-428402F4840645DA91FA82198633F140","mod_fiscal":"12.843800000000000000000000000000","num_area":"333.93910000000000000000000000000","ind_status":"PE","ind_tipo":"IRU","des_condic":"Aguardando analise","municipio":"Barra Mansa","dat_criaca":"29/12/2015"},"geometry":{"type":"Polygon","coordinates":[[[-44.2716,-22.5149],[-44.2795,-22.5109],[-44.2843,-22.5007],[-44.2838,-22.4923],[-44.2742,-22.4879],[-44.27,-22.4911],[-44.2683,-22.498],[-44.2715,-22.5147],[-44.2716,-22.5149]]]}},{"type":"Feature","properties":{"cod_imovel":"RJ-3300407-0204E81EBAD14E1A9AA19DD2BEB6B5A4","mod_fiscal":"5.8420000000000000000000000000000","num_area":"151.74420000000000000000000000000","ind_status":"AT","ind_tipo":"IRU","des_condic":"Aguardando analise","municipio":"Barra Mansa","dat_criaca":"20/07/2015"},"geometry":{"type":"Polygon","coordinates":[[[-44.3458,-22.5732],[-44.3389,-22.5739],[-44.3364,-22.5817],[-44.3289,-22.5869],[-44.333,-22.5903],[-44.3421,-22.5894],[-44.3383,-22.5844],[-44.3455,-22.5748],[-44.3458,-22.5732]]]}},{"type":"Feature","properties":{"cod_imovel":"RJ-3300407-0490043B51734273BA3D673E81DA415C","mod_fiscal":"1.0019000000000000000000000000000","num_area":"26.049900000000000000000000000000","ind_status":"AT","ind_tipo":"IRU","des_condic":"Aguardando analise","municipio":"Barra Mansa","dat_criaca":"12/11/2015"},"geometry":{"type":"Polygon","coordinates":[[[-44.3037,-22.5609],[-44.3047,-22.555],[-44.2977,-22.5562],[-44.303,-22.5609],[-44.3037,-22.5609]]]}},{"type":"Feature","properties":{"cod_imovel":"RJ-3300407-0525DE391A424053804E2E4297507237","mod_fiscal":"2.3711000000000000000000000000000","num_area":"61.648400000000000000000000000000","ind_status":"AT","ind_tipo":"IRU","des_condic":"Aguardando analise","municipio":"Barra Mansa","dat_criaca":"04/05/2016"},"geometry":{"type":"Polygon","coordinates":[[[-44.1482,-22.6197],[-44.1568,-22.6271],[-44.1532,-22.6139],[-44.1486,-22.6149],[-44.1482,-22.6197]]]}},{"type":"Feature","properties":{"cod_imovel":"RJ-3300407-05DF540FEF9C4075B213DE2DE25F53E6","mod_fiscal":"2.2570000000000000000000000000000","num_area":"58.681500000000000000000000000000","ind_status":"AT","ind_tipo":"IRU","des_condic":"Aguardando analise","municipio":"Barra Mansa","dat_criaca":"22/04/2016"},"geometry":{"type":"Polygon","coordinates":[[[-44.1453,-22.3874],[-44.1519,-22.3793],[-44.1498,-22.3749],[-44.1438,-22.3772],[-44.1452,-22.3871],[-44.1453,-22.3874]]]}},{"type":"Feature","properties":{"cod_imovel":"RJ-3300407-0AAEE367702D47A3AFDEAD70E8BF91CD","mod_fiscal":"1.3134000000000000000000000000000","num_area":"34.148200000000000000000000000000","ind_status":"PE","ind_tipo":"IRU","des_condic":"Analisado, aguardando atendimento a notificacao","municipio":"Barra Mansa","dat_criaca":"12/05/2014"},"geometry":{"type":"Polygon","coordinates":[[[-44.157,-22.615],[-44.1526,-22.6174],[-44.1606,-22.6202],[-44.158,-22.6153],[-44.157,-22.615]]]}},{"type":"Feature","properties":{"cod_imovel":"RJ-3300407-0B3088C71216401ABA1FF9D132739019","mod_fiscal":"0.3210000000000000000000000000000","num_area":"8.3464000000000000000000000000000","ind_status":"AT","ind_tipo":"IRU","des_condic":"Aguardando analise","municipio":"Barra Mansa","dat_criaca":"01/06/2015"},"geometry":{"type":"Polygon","coordinates":[[[-44.299,-22.561],[-44.3016,-22.5589],[-44.2985,-22.5605],[-44.299,-22.561]]]}},{"type":"Feature","properties":{"cod_imovel":"RJ-3300407-0C07A1481D0B4BFA95E3792E849DE55B","mod_fiscal":"7.4231000000000000000000000000000","num_area":"192.99980000000000000000000000000","ind_status":"AT","ind_tipo":"IRU","des_condic":"Aguardando analise","municipio":"Barra Mansa","dat_criaca":"05/05/2016"},"geometry":{"type":"Polygon","coordinates":[[[-44.2073,-22.5965],[-44.2101,-22.5951],[-44.209,-22.5859],[-44.1946,-22.5922],[-44.1917,-22.6009],[-44.206,-22.5971],[-44.2073,-22.5965]]]}},{"type":"Feature","properties":{"cod_imovel":"RJ-3300407-0F8B79C2A83A4850A0AA298DD0AD748A","mod_fiscal":"9.4785000000000000000000000000000","num_area":"245.79800000000000000000000000000","ind_status":"AT","ind_tipo":"IRU","des_condic":"Aguardando analise","municipio":"Barra Mansa","dat_criaca":"05/05/2016"},"geometry":{"type":"Polygon","coordinates":[[[-44.1924,-22.612],[-44.1923,-22.6232],[-44.2122,-22.6124],[-44.2107,-22.6019],[-44.1929,-22.6117],[-44.1924,-22.612]]]}},{"type":"Feature","properties":{"cod_imovel":"RJ-3300407-17D7CD8E4F154A38B51703BA4210FAB8","mod_fiscal":"4.6846000000000000000000000000000","num_area":"121.80060000000000000000000000000","ind_status":"AT","ind_tipo":"IRU","des_condic":"Aguardando analise","municipio":"Barra Mansa","dat_criaca":"25/09/2017"},"geometry":{"type":"Polygon","coordinates":[[[-44.1936,-22.3957],[-44.1948,-22.4004],[-44.208,-22.3973],[-44.2001,-22.3929],[-44.202,-22.3903],[-44.1981,-22.3854],[-44.1946,-22.3865],[-44.1936,-22.3957],[-44.1936,-22.3957]]]}},{"type":"Feature","properties":{"cod_imovel":"RJ-3300407-453D42FF505F4AC685F5F27E8034A5F7","mod_fiscal":"1.4679000000000000000000000000000","num_area":"38.165600000000000000000000000000","ind_status":"AT","ind_tipo":"IRU","des_condic":"Aguardando analise","municipio":"Barra Mansa","dat_criaca":"22/08/2016"},"geometry":{"type":"Polygon","coordinates":[[[-44.1415,-22.3723],[-44.1316,-22.3727],[-44.1387,-22.3756],[-44.1415,-22.3723]]]}},{"type":"Feature","properties":{"cod_imovel":"RJ-3300407-1AAC3BFB2FAA44AEBA33A30326E503AA","mod_fiscal":"2.1720000000000000000000000000000","num_area":"56.471200000000000000000000000000","ind_status":"AT","ind_tipo":"IRU","des_condic":"Aguardando analise","municipio":"Barra Mansa","dat_criaca":"06/10/2015"},"geometry":{"type":"Polygon","coordinates":[[[-44.2205,-22.5089],[-44.2231,-22.5133],[-44.2215,-22.5184],[-44.2243,-22.5184],[-44.2282,-22.5121],[-44.2244,-22.51],[-44.2244,-22.506],[-44.2206,-22.5088],[-44.2205,-22.5089]]]}},{"type":"Feature","properties":{"cod_imovel":"RJ-3300407-1D5A926609F64E0686CEC515F793839A","mod_fiscal":"12.748500000000000000000000000000","num_area":"331.46000000000000000000000000000","ind_status":"PE","ind_tipo":"IRU","des_condic":"Analisado, aguardando atendimento a notificacao","municipio":"Barra Mansa","dat_criaca":"05/05/2016"},"geometry":{"type":"Polygon","coordinates":[[[-44.307,-22.5757],[-44.3102,-22.5718],[-44.3137,-22.5758],[-44.313,-22.5869],[-44.318,-22.582],[-44.315,-22.5767],[-44.3198,-22.5736],[-44.3124,-22.5718],[-44.3085,-22.5634],[-44.3157,-22.5627],[-44.3254,-22.5515],[-44.322,-22.5529],[-44.3175,-22.5497],[-44.3105,-22.554],[-44.3037,-22.5684],[-44.3034,-22.5745],[-44.3062,-22.5758],[-44.307,-22.5757]]]}},{"type":"Feature","properties":{"cod_imovel":"RJ-3300407-2117902E72FA41AFAB9B41160F94A263","mod_fiscal":"1.1977000000000000000000000000000","num_area":"30.836000000000000000000000000000","ind_status":"AT","ind_tipo":"IRU","des_condic":"Aguardando analise","municipio":"Barra Mansa","dat_criaca":"03/09/2015"},"geometry":{"type":"Polygon","coordinates":[[[-44.1482,-22.6535],[-44.1488,-22.6503],[-44.1555,-22.6478],[-44.1509,-22.6416],[-44.1494,-22.6455],[-44.1535,-22.6489],[-44.1483,-22.6489],[-44.1475,-22.653],[-44.1482,-22.6535]]]}},{"type":"Feature","properties":{"cod_imovel":"RJ-3300407-2DB76FB026504169870365E0792BE536","mod_fiscal":"0.1918000000000000000000000000000","num_area":"4.9855000000000000000000000000000","ind_status":"AT","ind_tipo":"IRU","des_condic":"Aguardando analise","municipio":"Barra Mansa","dat_criaca":"05/04/2016"},"geometry":{"type":"Polygon","coordinates":[[[-44.3069,-22.5594],[-44.3053,-22.557],[-44.3065,-22.5592],[-44.3069,-22.5594]]]}},{"type":"Feature","properties":{"cod_imovel":"RJ-3300407-C2B3F0243A7E46FD92F2C15295799897","mod_fiscal":"7.8128000000000000000000000000000","num_area":"203.13300000000000000000000000000","ind_status":"AT","ind_tipo":"IRU","des_condic":"Aguardando analise","municipio":"Barra Mansa","dat_criaca":"31/03/2017"},"geometry":{"type":"Polygon","coordinates":[[[-44.2151,-22.5947],[-44.2243,-22.5807],[-44.2082,-22.5773],[-44.21,-22.595],[-44.2136,-22.5947],[-44.2151,-22.5947]]]}},{"type":"Feature","properties":{"cod_imovel":"RJ-3300407-C12EC4EEA44E4E2085EC7C3CB04E5EEF","mod_fiscal":"0.0753000000000000000000000000000","num_area":"1.9575000000000000000000000000000","ind_status":"AT","ind_tipo":"IRU","des_condic":"Aguardando analise","municipio":"Barra Mansa","dat_criaca":"05/02/2015"},"geometry":{"type":"Polygon","coordinates":[[[-44.0903,-22.4041],[-44.0879,-22.4039],[-44.0903,-22.4042],[-44.0903,-22.4041]]]}},{"type":"Feature","properties":{"cod_imovel":"RJ-3300407-C014AD1892064D7382F950FBDA83002F","mod_fiscal":"8.4375000000000000000000000000000","num_area":"219.37430000000000000000000000000","ind_status":"AT","ind_tipo":"IRU","des_condic":"Aguardando analise","municipio":"Barra Mansa","dat_criaca":"15/05/2017"},"geometry":{"type":"Polygon","coordinates":[[[-44.2118,-22.3941],[-44.2081,-22.3978],[-44.1962,-22.3992],[-44.1925,-22.4046],[-44.1935,-22.4087],[-44.1995,-22.41],[-44.203,-22.4027],[-44.207,-22.4072],[-44.2175,-22.4034],[-44.2118,-22.3941],[-44.2118,-22.3941]]]}},{"type":"Feature","properties":{"cod_imovel":"RJ-3300407-C5DD87B7BC8F43C4A73390B526EDF8E9","mod_fiscal":"10.820200000000000000000000000000","num_area":"281.32510000000000000000000000000","ind_status":"AT","ind_tipo":"IRU","des_condic":"Aguardando analise","municipio":"Barra Mansa","dat_criaca":"04/01/2016"},"geometry":{"type":"Polygon","coordinates":[[[-44.3202,-22.5736],[-44.33,-22.5681],[-44.3271,-22.5602],[-44.3302,-22.5559],[-44.3249,-22.5528],[-44.3157,-22.5627],[-44.3085,-22.5634],[-44.3123,-22.5718],[-44.3189,-22.5735],[-44.3202,-22.5736]]]}},{"type":"Feature","properties":{"cod_imovel":"RJ-3300407-C11C5E89FC1F4CB4BCF29C57302111C6","mod_fiscal":"1.3783000000000000000000000000000","num_area":"35.834700000000000000000000000000","ind_status":"AT","ind_tipo":"IRU","des_condic":"Aguardando analise","municipio":"Barra Mansa","dat_criaca":"05/05/2016"},"geometry":{"type":"Polygon","coordinates":[[[-44.1262,-22.5718],[-44.1195,-22.5721],[-44.1196,-22.5766],[-44.1263,-22.5767],[-44.1262,-22.5718]]]}},{"type":"Feature","properties":{"cod_imovel":"RJ-3300407-DB465CEC5A1C44339B19AB30EB6DAE56","mod_fiscal":"1.1614000000000000000000000000000","num_area":"30.197300000000000000000000000000","ind_status":"AT","ind_tipo":"IRU","des_condic":"Aguardando analise","municipio":"Barra Mansa","dat_criaca":"04/05/2016"},"geometry":{"type":"Polygon","coordinates":[[[-44.2167,-22.5185],[-44.2184,-22.5125],[-44.2124,-22.5138],[-44.2114,-22.5174],[-44.2161,-22.518],[-44.2167,-22.5185]]]}},{"type":"Feature","properties":{"cod_imovel":"RJ-3300407-BA59200D68544806A126357DDB652A9D","mod_fiscal":"0.1371000000000000000000000000000","num_area":"3.5642000000000000000000000000000","ind_status":"AT","ind_tipo":"IRU","des_condic":"Aguardando analise","municipio":"Barra Mansa","dat_criaca":"12/05/2020"},"geometry":{"type":"Polygon","coordinates":[[[-44.1655,-22.4908],[-44.1635,-22.4899],[-44.1651,-22.4913],[-44.1655,-22.4908]]]}},{"type":"Feature","properties":{"cod_imovel":"RJ-3300407-B9D7DD676B674310ACDE1E778DD31243","mod_fiscal":"8.3928000000000000000000000000000","num_area":"218.21270000000000000000000000000","ind_status":"AT","ind_tipo":"IRU","des_condic":"Aguardando analise","municipio":"Barra Mansa","dat_criaca":"01/05/2016"},"geometry":{"type":"Polygon","coordinates":[[[-44.0864,-22.4025],[-44.09,-22.3938],[-44.0697,-22.3914],[-44.0702,-22.4028],[-44.0864,-22.4025]]]}},{"type":"Feature","properties":{"cod_imovel":"RJ-3300407-B89564F7C4584EA2833C75688CCBF262","mod_fiscal":"3.7946000000000000000000000000000","num_area":"98.657700000000000000000000000000","ind_status":"AT","ind_tipo":"IRU","des_condic":"Aguardando analise","municipio":"Barra Mansa","dat_criaca":"03/09/2015"},"geometry":{"type":"Polygon","coordinates":[[[-44.1573,-22.3648],[-44.1558,-22.3682],[-44.1605,-22.3692],[-44.1614,-22.375],[-44.1645,-22.3762],[-44.1688,-22.3653],[-44.1604,-22.3626],[-44.1578,-22.3657],[-44.1573,-22.3648]]]}},{"type":"Feature","properties":{"cod_imovel":"RJ-3300407-B6E5453A07384C60AFF3CD06B68CD227","mod_fiscal":"4.0526000000000000000000000000000","num_area":"93.209100000000000000000000000000","ind_status":"AT","ind_tipo":"IRU","des_condic":"Aguardando analise","municipio":"Barra Mansa","dat_criaca":"10/01/2017"},"geometry":{"type":"Polygon","coordinates":[[[-44.0254,-22.406],[-44.0337,-22.4055],[-44.0358,-22.3947],[-44.0309,-22.3918],[-44.0276,-22.4004],[-44.0254,-22.406]]]}},{"type":"Feature","properties":{"cod_imovel":"RJ-3300407-AC00985CA0ED465686A8864AFDAB9EA7","mod_fiscal":"0.3835000000000000000000000000000","num_area":"9.9699000000000000000000000000000","ind_status":"AT","ind_tipo":"IRU","des_condic":"Aguardando analise","municipio":"Barra Mansa","dat_criaca":"01/09/2015"},"geometry":{"type":"Polygon","coordinates":[[[-44.2253,-22.5382],[-44.2281,-22.5352],[-44.2224,-22.5371],[-44.2249,-22.538],[-44.2253,-22.5382]]]}},{"type":"Feature","properties":{"cod_imovel":"RJ-3300407-A99AEF06AE3841EBA8DB90DFF33DEAE1","mod_fiscal":"1.8210000000000000000000000000000","num_area":"47.345500000000000000000000000000","ind_status":"AT","ind_tipo":"IRU","des_condic":"Aguardando analise","municipio":"Barra Mansa","dat_criaca":"19/05/2016"},"geometry":{"type":"Polygon","coordinates":[[[-44.1428,-22.4122],[-44.1523,-22.4181],[-44.1524,-22.4122],[-44.1445,-22.4123],[-44.1428,-22.4122]]]}},{"type":"Feature","properties":{"cod_imovel":"RJ-3300407-A70E6656F92B44BCB1331F64BC0A5216","mod_fiscal":"1.5631000000000000000000000000000","num_area":"40.641700000000000000000000000000","ind_status":"AT","ind_tipo":"IRU","des_condic":"Aguardando analise","municipio":"Barra Mansa","dat_criaca":"05/05/2016"},"geometry":{"type":"Polygon","coordinates":[[[-44.2966,-22.521],[-44.2889,-22.5252],[-44.2923,-22.5303],[-44.2966,-22.521]]]}},{"type":"Feature","properties":{"cod_imovel":"RJ-3300407-CAC4BD8596C24AC28A763FCD31C5A282","mod_fiscal":"0.6208000000000000000000000000000","num_area":"16.140100000000000000000000000000","ind_status":"AT","ind_tipo":"IRU","des_condic":"Aguardando analise","municipio":"Barra Mansa","dat_criaca":"13/07/2015"},"geometry":{"type":"Polygon","coordinates":[[[-44.3145,-22.4798],[-44.3118,-22.4833],[-44.3142,-22.4853],[-44.3171,-22.4812],[-44.3147,-22.4798],[-44.3145,-22.4798]]]}},{"type":"Feature","properties":{"cod_imovel":"RJ-3300407-A1D3ECCDC2D148D1AAEAF853A4745CBC","mod_fiscal":"1.0533000000000000000000000000000","num_area":"27.384800000000000000000000000000","ind_status":"AT","ind_tipo":"IRU","des_condic":"Aguardando analise","municipio":"Barra Mansa","dat_criaca":"30/03/2016"},"geometry":{"type":"Polygon","coordinates":[[[-44.2331,-22.5161],[-44.2282,-22.5166],[-44.2291,-22.5232],[-44.2323,-22.5202],[-44.2331,-22.5161]]]}},{"type":"Feature","properties":{"cod_imovel":"RJ-3300407-9FE07A674E6044A5BD960E6D7E2B2C05","mod_fiscal":"8.9766000000000000000000000000000","num_area":"233.39120000000000000000000000000","ind_status":"AT","ind_tipo":"IRU","des_condic":"Aguardando analise","municipio":"Barra Mansa","dat_criaca":"05/05/2016"},"geometry":{"type":"Polygon","coordinates":[[[-44.2033,-22.4832],[-44.2094,-22.4761],[-44.2058,-22.4752],[-44.205,-22.4712],[-44.198,-22.4721],[-44.1988,-22.4645],[-44.1847,-22.4681],[-44.1897,-22.4789],[-44.2006,-22.4839],[-44.2033,-22.4832]]]}},{"type":"Feature","properties":{"cod_imovel":"RJ-3300407-9BE9E1E3F7D14EF3B1510CDF759B8A10","mod_fiscal":"1.9247000000000000000000000000000","num_area":"50.041700000000000000000000000000","ind_status":"AT","ind_tipo":"IRU","des_condic":"Aguardando analise","municipio":"Barra Mansa","dat_criaca":"26/12/2017"},"geometry":{"type":"Polygon","coordinates":[[[-44.3118,-22.4834],[-44.3184,-22.4783],[-44.3119,-22.4738],[-44.3117,-22.4832],[-44.3118,-22.4834]]]}},{"type":"Feature","properties":{"cod_imovel":"RJ-3300407-9CA40B1DE1B9489FA04F96329074D0FC","mod_fiscal":"1.0103000000000000000000000000000","num_area":"26.267800000000000000000000000000","ind_status":"AT","ind_tipo":"IRU","des_condic":"Aguardando analise","municipio":"Barra Mansa","dat_criaca":"02/09/2015"},"geometry":{"type":"Polygon","coordinates":[[[-44.1508,-22.6415],[-44.1522,-22.6375],[-44.1446,-22.6374],[-44.1483,-22.6404],[-44.1508,-22.6415]]]}},{"type":"Feature","properties":{"cod_imovel":"RJ-3300407-9CA1118237F74D1CAA48DE86C4796AEE","mod_fiscal":"0.5110000000000000000000000000000","num_area":"13.285000000000000000000000000000","ind_status":"AT","ind_tipo":"IRU","des_condic":"Aguardando analise","municipio":"Barra Mansa","dat_criaca":"28/04/2016"},"geometry":{"type":"Polygon","coordinates":[[[-44.2244,-22.535],[-44.2275,-22.5338],[-44.2258,-22.5299],[-44.2246,-22.5347],[-44.2244,-22.535]]]}},{"type":"Feature","properties":{"cod_imovel":"RJ-3300407-94FDD6B46BA344B5BC0554A1483AC5B0","mod_fiscal":"1.1790000000000000000000000000000","num_area":"30.653200000000000000000000000000","ind_status":"AT","ind_tipo":"IRU","des_condic":"Aguardando analise","municipio":"Barra Mansa","dat_criaca":"10/09/2015"},"geometry":{"type":"Polygon","coordinates":[[[-44.1664,-22.4181],[-44.1683,-22.4096],[-44.1644,-22.4114],[-44.1644,-22.4172],[-44.1664,-22.4181]]]}},{"type":"Feature","properties":{"cod_imovel":"RJ-3300407-9499995E1A674A4E873CF141E3C3FA94","mod_fiscal":"7.1237000000000000000000000000000","num_area":"185.21520000000000000000000000000","ind_status":"AT","ind_tipo":"IRU","des_condic":"Aguardando analise","municipio":"Barra Mansa","dat_criaca":"01/06/2015"},"geometry":{"type":"Polygon","coordinates":[[[-44.1204,-22.6211],[-44.1077,-22.6142],[-44.1034,-22.6185],[-44.1039,-22.627],[-44.1178,-22.628],[-44.1204,-22.6211]]]}},{"type":"Feature","properties":{"cod_imovel":"RJ-3300407-942B587B3591453BB686B9DCD2823CDB","mod_fiscal":"1.1847000000000000000000000000000","num_area":"30.802900000000000000000000000000","ind_status":"AT","ind_tipo":"IRU","des_condic":"Aguardando analise","municipio":"Barra Mansa","dat_criaca":"30/07/2015"},"geometry":{"type":"Polygon","coordinates":[[[-44.1023,-22.3712],[-44.1048,-22.3829],[-44.1044,-22.3711],[-44.1023,-22.3712]]]}},{"type":"Feature","properties":{"cod_imovel":"RJ-3300407-8E24761965E54FA7A7C24E752DC6D0F6","mod_fiscal":"2.4007000000000000000000000000000","num_area":"61.754100000000000000000000000000","ind_status":"AT","ind_tipo":"IRU","des_condic":"Aguardando analise","municipio":"Barra Mansa","dat_criaca":"29/09/2015"},"geometry":{"type":"Polygon","coordinates":[[[-44.1647,-22.6706],[-44.1678,-22.6703],[-44.168,-22.6652],[-44.1721,-22.6644],[-44.1681,-22.6609],[-44.168,-22.6645],[-44.1593,-22.6651],[-44.1628,-22.6704],[-44.1647,-22.6706]]]}},{"type":"Feature","properties":{"cod_imovel":"RJ-3300407-A358D2E5582B413BA74E53537A7B770F","mod_fiscal":"0.4028000000000000000000000000000","num_area":"10.473000000000000000000000000000","ind_status":"AT","ind_tipo":"IRU","des_condic":"Aguardando analise","municipio":"Barra Mansa","dat_criaca":"08/06/2016"},"geometry":{"type":"Polygon","coordinates":[[[-44.3043,-22.4699],[-44.2997,-22.4712],[-44.3049,-22.4728],[-44.3045,-22.4701],[-44.3043,-22.4699]]]}},{"type":"Feature","properties":{"cod_imovel":"RJ-3300407-9C9540B3800D45EC874923B2461B8AC7","mod_fiscal":"4.2741000000000000000000000000000","num_area":"106.48010000000000000000000000000","ind_status":"AT","ind_tipo":"IRU","des_condic":"Aguardando analise","municipio":"Barra Mansa","dat_criaca":"04/12/2017"},"geometry":{"type":"Polygon","coordinates":[[[-44.097,-22.5947],[-44.0998,-22.599],[-44.1056,-22.5999],[-44.1058,-22.5893],[-44.0947,-22.5886],[-44.0955,-22.5943],[-44.097,-22.5947]]]}},{"type":"Feature","properties":{"cod_imovel":"RJ-3300407-8B5ADFB6448A4D83A2ED6C849559D279","mod_fiscal":"4.0157000000000000000000000000000","num_area":"104.40860000000000000000000000000","ind_status":"AT","ind_tipo":"IRU","des_condic":"Aguardando analise","municipio":"Barra Mansa","dat_criaca":"07/04/2016"},"geometry":{"type":"Polygon","coordinates":[[[-44.1421,-22.6151],[-44.1445,-22.6133],[-44.1422,-22.6078],[-44.1451,-22.6055],[-44.143,-22.6024],[-44.1354,-22.6101],[-44.1373,-22.6166],[-44.1422,-22.6152],[-44.1421,-22.6151]]]}},{"type":"Feature","properties":{"cod_imovel":"RJ-3300407-8A07BDF4A6214E92B549DAD82D4B8204","mod_fiscal":"0.1974000000000000000000000000000","num_area":"5.1322000000000000000000000000000","ind_status":"AT","ind_tipo":"IRU","des_condic":"Aguardando analise","municipio":"Barra Mansa","dat_criaca":"11/03/2015"},"geometry":{"type":"Polygon","coordinates":[[[-44.1223,-22.5781],[-44.1185,-22.5795],[-44.1223,-22.5781],[-44.1223,-22.5781]]]}},{"type":"Feature","properties":{"cod_imovel":"RJ-3300407-869396343441458E93AF5A7255FA2A15","mod_fiscal":"7.9560000000000000000000000000000","num_area":"202.59910000000000000000000000000","ind_status":"AT","ind_tipo":"IRU","des_condic":"Aguardando analise","municipio":"Barra Mansa","dat_criaca":"18/05/2016"},"geometry":{"type":"Polygon","coordinates":[[[-44.2661,-22.5856],[-44.2631,-22.5841],[-44.2592,-22.5912],[-44.2668,-22.594],[-44.2621,-22.5992],[-44.2661,-22.6009],[-44.2637,-22.6054],[-44.2738,-22.6075],[-44.2701,-22.5994],[-44.2741,-22.5959],[-44.2681,-22.5921],[-44.2706,-22.5887],[-44.2669,-22.5851],[-44.2661,-22.5856]]]}},{"type":"Feature","properties":{"cod_imovel":"RJ-3300407-83D2469ABCE949A291BC1381C9DF1A4A","mod_fiscal":"1.5003000000000000000000000000000","num_area":"39.008300000000000000000000000000","ind_status":"AT","ind_tipo":"IRU","des_condic":"Aguardando analise","municipio":"Barra Mansa","dat_criaca":"22/04/2015"},"geometry":{"type":"Polygon","coordinates":[[[-44.1575,-22.6407],[-44.1585,-22.6388],[-44.1539,-22.6389],[-44.1509,-22.6417],[-44.1549,-22.6465],[-44.1573,-22.6415],[-44.1575,-22.6407]]]}},{"type":"Feature","properties":{"cod_imovel":"RJ-3300407-81B36F17D95E49768CC33E3A1D3B6B91","mod_fiscal":"0.4270000000000000000000000000000","num_area":"11.101400000000000000000000000000","ind_status":"AT","ind_tipo":"IRU","des_condic":"Aguardando analise","municipio":"Barra Mansa","dat_criaca":"07/07/2015"},"geometry":{"type":"Polygon","coordinates":[[[-44.2037,-22.5659],[-44.2086,-22.564],[-44.2034,-22.5653],[-44.2037,-22.5659]]]}},{"type":"Feature","properties":{"cod_imovel":"RJ-3300407-7F520F4E46104DCE863D9DCF402A67E1","mod_fiscal":"1.0012000000000000000000000000000","num_area":"26.031000000000000000000000000000","ind_status":"AT","ind_tipo":"IRU","des_condic":"Aguardando analise","municipio":"Barra Mansa","dat_criaca":"09/10/2014"},"geometry":{"type":"Polygon","coordinates":[[[-44.1447,-22.4059],[-44.1429,-22.4026],[-44.1388,-22.4088],[-44.1412,-22.4102],[-44.1437,-22.4072],[-44.1447,-22.4059]]]}},{"type":"Feature","properties":{"cod_imovel":"RJ-3300407-7DE72567D52D4DD2B888C50F4705822D","mod_fiscal":"4.5163000000000000000000000000000","num_area":"117.42270000000000000000000000000","ind_status":"AT","ind_tipo":"IRU","des_condic":"Aguardando analise","municipio":"Barra Mansa","dat_criaca":"15/12/2015"},"geometry":{"type":"Polygon","coordinates":[[[-44.1821,-22.5603],[-44.1819,-22.5644],[-44.1878,-22.5708],[-44.1905,-22.5647],[-44.1865,-22.5526],[-44.1808,-22.5541],[-44.1821,-22.5603],[-44.1821,-22.5603]]]}},{"type":"Feature","properties":{"cod_imovel":"RJ-3300407-99FAC6DA30194969A19F5D293E5CC24A","mod_fiscal":"0.2048000000000000000000000000000","num_area":"5.3255000000000000000000000000000","ind_status":"AT","ind_tipo":"IRU","des_condic":"Aguardando analise","municipio":"Barra Mansa","dat_criaca":"22/08/2016"},"geometry":{"type":"Polygon","coordinates":[[[-44.2246,-22.5425],[-44.2251,-22.5459],[-44.2253,-22.5426],[-44.2246,-22.5425]]]}},{"type":"Feature","properties":{"cod_imovel":"RJ-3300407-77D6C3A8CB0A4431A62B47200F27FC1B","mod_fiscal":"5.5618000000000000000000000000000","num_area":"144.60600000000000000000000000000","ind_status":"AT","ind_tipo":"IRU","des_condic":"Aguardando analise","municipio":"Barra Mansa","dat_criaca":"25/04/2016"},"geometry":{"type":"Polygon","coordinates":[[[-44.1665,-22.4624],[-44.1747,-22.4608],[-44.1774,-22.453],[-44.176,-22.4454],[-44.1677,-22.446],[-44.1686,-22.4559],[-44.1665,-22.4624]]]}},{"type":"Feature","properties":{"cod_imovel":"RJ-3300407-7538922B2451459093E037826C033065","mod_fiscal":"6.8209000000000000000000000000000","num_area":"177.34290000000000000000000000000","ind_status":"AT","ind_tipo":"IRU","des_condic":"Aguardando analise","municipio":"Barra Mansa","dat_criaca":"05/05/2016"},"geometry":{"type":"Polygon","coordinates":[[[-44.2081,-22.5639],[-44.2142,-22.5658],[-44.2136,-22.5737],[-44.2157,-22.5696],[-44.2186,-22.5725],[-44.2262,-22.5706],[-44.2266,-22.5665],[-44.2184,-22.5605],[-44.2076,-22.5576],[-44.2077,-22.5638],[-44.2081,-22.5639]]]}},{"type":"Feature","properties":{"cod_imovel":"RJ-3300407-75DC23DC6EC949CFA06B3585C5E0CFB1","mod_fiscal":"0.2423000000000000000000000000000","num_area":"6.3003000000000000000000000000000","ind_status":"AT","ind_tipo":"IRU","des_condic":"Aguardando analise","municipio":"Barra Mansa","dat_criaca":"30/03/2016"},"geometry":{"type":"Polygon","coordinates":[[[-44.2378,-22.5183],[-44.2361,-22.5214],[-44.2379,-22.5192],[-44.2378,-22.5183]]]}},{"type":"Feature","properties":{"cod_imovel":"RJ-3300407-6CC277350DB74B999310E5020EAF5923","mod_fiscal":"0.0920000000000000000000000000000","num_area":"2.3933000000000000000000000000000","ind_status":"AT","ind_tipo":"IRU","des_condic":"Aguardando analise","municipio":"Barra Mansa","dat_criaca":"21/07/2015"},"geometry":{"type":"Polygon","coordinates":[[[-44.1626,-22.4886],[-44.1603,-22.4875],[-44.1621,-22.489],[-44.1626,-22.4886]]]}},{"type":"Feature","properties":{"cod_imovel":"RJ-3300407-6BAAB801FEC64CB1A31A85505B28D6FB","mod_fiscal":"8.5878000000000000000000000000000","num_area":"223.28220000000000000000000000000","ind_status":"AT","ind_tipo":"IRU","des_condic":"Aguardando analise","municipio":"Barra Mansa","dat_criaca":"23/01/2019"},"geometry":{"type":"Polygon","coordinates":[[[-44.2817,-22.5704],[-44.2882,-22.572],[-44.29,-22.5787],[-44.304,-22.5764],[-44.3037,-22.5683],[-44.2989,-22.5648],[-44.2835,-22.5692],[-44.2817,-22.5704]]]}},{"type":"Feature","properties":{"cod_imovel":"RJ-3300407-69783B1A999D4BFFA88FCA80AB97991A","mod_fiscal":"0.9540000000000000000000000000000","num_area":"24.803500000000000000000000000000","ind_status":"AT","ind_tipo":"IRU","des_condic":"Aguardando analise","municipio":"Barra Mansa","dat_criaca":"23/06/2015"},"geometry":{"type":"Polygon","coordinates":[[[-44.1306,-22.4103],[-44.128,-22.4181],[-44.1323,-22.4151],[-44.132,-22.4108],[-44.1306,-22.4103]]]}},{"type":"Feature","properties":{"cod_imovel":"RJ-3300407-720F5B893D7F48EE9A3E7F479EAD25A3","mod_fiscal":"0.9168000000000000000000000000000","num_area":"23.837300000000000000000000000000","ind_status":"AT","ind_tipo":"IRU","des_condic":"Aguardando analise","municipio":"Barra Mansa","dat_criaca":"27/10/2015"},"geometry":{"type":"Polygon","coordinates":[[[-44.1288,-22.4085],[-44.1269,-22.4059],[-44.121,-22.4077],[-44.1278,-22.411],[-44.1293,-22.4091],[-44.1288,-22.4085]]]}},{"type":"Feature","properties":{"cod_imovel":"RJ-3300407-66167E916E644273969AE42B79B3EDDF","mod_fiscal":"1.6478000000000000000000000000000","num_area":"42.843600000000000000000000000000","ind_status":"AT","ind_tipo":"IRU","des_condic":"Aguardando analise","municipio":"Barra Mansa","dat_criaca":"03/03/2016"},"geometry":{"type":"Polygon","coordinates":[[[-44.2434,-22.5618],[-44.2473,-22.5611],[-44.2473,-22.549],[-44.2448,-22.549],[-44.2435,-22.5612],[-44.2434,-22.5618]]]}},{"type":"Feature","properties":{"cod_imovel":"RJ-3300407-6136B5879568469EA847D015DE107FB3","mod_fiscal":"0.3683000000000000000000000000000","num_area":"9.5759000000000000000000000000000","ind_status":"AT","ind_tipo":"IRU","des_condic":"Aguardando analise","municipio":"Barra Mansa","dat_criaca":"03/11/2015"},"geometry":{"type":"Polygon","coordinates":[[[-44.1679,-22.5818],[-44.1623,-22.5845],[-44.166,-22.5853],[-44.1678,-22.5822],[-44.1679,-22.5818]]]}},{"type":"Feature","properties":{"cod_imovel":"RJ-3300407-59279D8130E34F2DA932402FE1675A58","mod_fiscal":"0.2042000000000000000000000000000","num_area":"5.3090000000000000000000000000000","ind_status":"AT","ind_tipo":"IRU","des_condic":"Aguardando analise","municipio":"Barra Mansa","dat_criaca":"21/07/2015"},"geometry":{"type":"Polygon","coordinates":[[[-44.1628,-22.6298],[-44.1646,-22.6338],[-44.1625,-22.6301],[-44.1628,-22.6298]]]}},{"type":"Feature","properties":{"cod_imovel":"RJ-3300407-58F1A49DB282448FA3E9567ED451232F","mod_fiscal":"0.8358000000000000000000000000000","num_area":"21.729800000000000000000000000000","ind_status":"AT","ind_tipo":"IRU","des_condic":"Aguardando analise","municipio":"Barra Mansa","dat_criaca":"13/07/2015"},"geometry":{"type":"Polygon","coordinates":[[[-44.1232,-22.4092],[-44.1221,-22.4138],[-44.1269,-22.417],[-44.1234,-22.4093],[-44.1232,-22.4092]]]}},{"type":"Feature","properties":{"cod_imovel":"RJ-3300407-5AD38E3472DF48969C43275137ABD15B","mod_fiscal":"2.3235000000000000000000000000000","num_area":"60.412200000000000000000000000000","ind_status":"AT","ind_tipo":"IRU","des_condic":"Aguardando analise","municipio":"Barra Mansa","dat_criaca":"29/12/2017"},"geometry":{"type":"Polygon","coordinates":[[[-44.1065,-22.6067],[-44.1087,-22.6007],[-44.1003,-22.5999],[-44.0969,-22.6048],[-44.1065,-22.6067]]]}},{"type":"Feature","properties":{"cod_imovel":"RJ-3300407-592AE51B48294543B2058E9C9059CD53","mod_fiscal":"0.6680000000000000000000000000000","num_area":"17.368400000000000000000000000000","ind_status":"AT","ind_tipo":"IRU","des_condic":"Aguardando analise","municipio":"Barra Mansa","dat_criaca":"15/09/2015"},"geometry":{"type":"Polygon","coordinates":[[[-44.1763,-22.5864],[-44.1698,-22.5861],[-44.1743,-22.5896],[-44.1761,-22.587],[-44.1763,-22.5864]]]}},{"type":"Feature","properties":{"cod_imovel":"RJ-3300407-50822C68D6F649BD87CF2262548A35FE","mod_fiscal":"0.1453000000000000000000000000000","num_area":"3.7771000000000000000000000000000","ind_status":"AT","ind_tipo":"IRU","des_condic":"Aguardando analise","municipio":"Barra Mansa","dat_criaca":"19/05/2016"},"geometry":{"type":"Polygon","coordinates":[[[-44.2825,-22.5497],[-44.2821,-22.5448],[-44.2824,-22.5494],[-44.2825,-22.5497]]]}},{"type":"Feature","properties":{"cod_imovel":"RJ-3300407-56500EB35AE640A4B9A96FC16244E6D7","mod_fiscal":"13.012500000000000000000000000000","num_area":"338.32450000000000000000000000000","ind_status":"AT","ind_tipo":"IRU","des_condic":"Aguardando analise","municipio":"Barra Mansa","dat_criaca":"25/04/2016"},"geometry":{"type":"Polygon","coordinates":[[[-44.1657,-22.4654],[-44.1835,-22.4704],[-44.19,-22.4588],[-44.1843,-22.4534],[-44.1852,-22.4472],[-44.1761,-22.4475],[-44.1747,-22.4608],[-44.1665,-22.4624],[-44.1657,-22.4654]]]}},{"type":"Feature","properties":{"cod_imovel":"RJ-3300407-7159505E6C8F42A39B3DCABC025DFBA5","mod_fiscal":"1.0752000000000000000000000000000","num_area":"27.955200000000000000000000000000","ind_status":"AT","ind_tipo":"IRU","des_condic":"Aguardando analise","municipio":"Barra Mansa","dat_criaca":"21/07/2015"},"geometry":{"type":"Polygon","coordinates":[[[-44.1291,-22.409],[-44.1243,-22.4105],[-44.127,-22.4161],[-44.1307,-22.4115],[-44.1291,-22.409],[-44.1291,-22.409]]]}},{"type":"Feature","properties":{"cod_imovel":"RJ-3300407-4A4610284D5F457CA2936928788A93DE","mod_fiscal":"2.0388000000000000000000000000000","num_area":"53.009300000000000000000000000000","ind_status":"AT","ind_tipo":"IRU","des_condic":"Aguardando analise","municipio":"Barra Mansa","dat_criaca":"02/12/2015"},"geometry":{"type":"Polygon","coordinates":[[[-44.1593,-22.393],[-44.1553,-22.401],[-44.1587,-22.4058],[-44.1625,-22.4017],[-44.1595,-22.3934],[-44.1593,-22.393]]]}},{"type":"Feature","properties":{"cod_imovel":"RJ-3300407-46312E1CF3AF42DA8910603EEC5A4D19","mod_fiscal":"8.0712000000000000000000000000000","num_area":"209.85030000000000000000000000000","ind_status":"AT","ind_tipo":"IRU","des_condic":"Aguardando analise","municipio":"Barra Mansa","dat_criaca":"09/12/2019"},"geometry":{"type":"Polygon","coordinates":[[[-44.1734,-22.4994],[-44.1849,-22.4927],[-44.1818,-22.4895],[-44.1877,-22.4851],[-44.1891,-22.4798],[-44.1748,-22.4812],[-44.1746,-22.4925],[-44.1689,-22.4962],[-44.1727,-22.4991],[-44.1734,-22.4994]]]}},{"type":"Feature","properties":{"cod_imovel":"RJ-3300407-49DACD403C9B4663976DDA4BBC878AA0","mod_fiscal":"0.5057000000000000000000000000000","num_area":"13.148800000000000000000000000000","ind_status":"AT","ind_tipo":"IRU","des_condic":"Aguardando analise","municipio":"Barra Mansa","dat_criaca":"19/04/2016"},"geometry":{"type":"Polygon","coordinates":[[[-44.279,-22.576],[-44.2819,-22.5737],[-44.2774,-22.5722],[-44.2757,-22.5744],[-44.2782,-22.5756],[-44.279,-22.576]]]}},{"type":"Feature","properties":{"cod_imovel":"RJ-3300407-42A8CA77DA954BCF825CBE4C8651B25F","mod_fiscal":"2.0763000000000000000000000000000","num_area":"53.983700000000000000000000000000","ind_status":"AT","ind_tipo":"IRU","des_condic":"Aguardando analise","municipio":"Barra Mansa","dat_criaca":"21/10/2015"},"geometry":{"type":"Polygon","coordinates":[[[-44.1679,-22.5821],[-44.1705,-22.5745],[-44.1622,-22.5777],[-44.1636,-22.583],[-44.1679,-22.5818],[-44.1679,-22.5821]]]}},{"type":"Feature","properties":{"cod_imovel":"RJ-3300407-4240BD39A3CF4DB5AB59E92EE785EDBE","mod_fiscal":"1.8596000000000000000000000000000","num_area":"48.348800000000000000000000000000","ind_status":"AT","ind_tipo":"IRU","des_condic":"Aguardando analise","municipio":"Barra Mansa","dat_criaca":"30/04/2016"},"geometry":{"type":"Polygon","coordinates":[[[-44.1754,-22.5076],[-44.1732,-22.4996],[-44.1648,-22.5052],[-44.1675,-22.5087],[-44.17,-22.5051],[-44.1749,-22.5076],[-44.1754,-22.5076]]]}},{"type":"Feature","properties":{"cod_imovel":"RJ-3300407-3DB6778DEF9C4863AE281625E45AD1D1","mod_fiscal":"12.510900000000000000000000000000","num_area":"325.28240000000000000000000000000","ind_status":"AT","ind_tipo":"IRU","des_condic":"Aguardando analise","municipio":"Barra Mansa","dat_criaca":"03/07/2019"},"geometry":{"type":"Polygon","coordinates":[[[-44.1632,-22.5893],[-44.1589,-22.5844],[-44.1486,-22.5892],[-44.1472,-22.5991],[-44.153,-22.6005],[-44.1543,-22.6076],[-44.168,-22.5974],[-44.1636,-22.59],[-44.1632,-22.5893]]]}},{"type":"Feature","properties":{"cod_imovel":"RJ-3300407-3C08AB23DE6E470CAE5ADE87455EAE6C","mod_fiscal":"1.0963000000000000000000000000000","num_area":"28.503400000000000000000000000000","ind_status":"AT","ind_tipo":"IRU","des_condic":"Aguardando analise","municipio":"Barra Mansa","dat_criaca":"04/05/2016"},"geometry":{"type":"Polygon","coordinates":[[[-44.1479,-22.6197],[-44.1421,-22.6158],[-44.1403,-22.6209],[-44.1477,-22.62],[-44.1479,-22.6197]]]}},{"type":"Feature","properties":{"cod_imovel":"RJ-3300407-4126BFFBAC254C12ABE4A9B504A9CC7B","mod_fiscal":"0.1437000000000000000000000000000","num_area":"3.7362000000000000000000000000000","ind_status":"AT","ind_tipo":"IRU","des_condic":"Aguardando analise","municipio":"Barra Mansa","dat_criaca":"19/08/2016"},"geometry":{"type":"Polygon","coordinates":[[[-44.2672,-22.5843],[-44.2696,-22.5868],[-44.2677,-22.5846],[-44.2672,-22.5843]]]}},{"type":"Feature","properties":{"cod_imovel":"RJ-3300407-3AC815B22995472C84685AFD4C5466C0","mod_fiscal":"2.1890000000000000000000000000000","num_area":"56.914400000000000000000000000000","ind_status":"AT","ind_tipo":"IRU","des_condic":"Aguardando analise","municipio":"Barra Mansa","dat_criaca":"31/03/2015"},"geometry":{"type":"Polygon","coordinates":[[[-44.329,-22.5863],[-44.3361,-22.5802],[-44.3281,-22.5811],[-44.3243,-22.5864],[-44.3285,-22.5872],[-44.329,-22.5863]]]}},{"type":"Feature","properties":{"cod_imovel":"RJ-3300407-381271088EE54F2BBE13FBBBD7032492","mod_fiscal":"0.1837000000000000000000000000000","num_area":"4.7765000000000000000000000000000","ind_status":"AT","ind_tipo":"IRU","des_condic":"Aguardando analise","municipio":"Barra Mansa","dat_criaca":"04/06/2015"},"geometry":{"type":"Polygon","coordinates":[[[-44.316,-22.5619],[-44.3167,-22.5592],[-44.3149,-22.5616],[-44.316,-22.5619]]]}},{"type":"Feature","properties":{"cod_imovel":"RJ-3300407-37996FA133694A0CA0B09EE0C6CD9BC7","mod_fiscal":"5.0679000000000000000000000000000","num_area":"131.76430000000000000000000000000","ind_status":"AT","ind_tipo":"IRU","des_condic":"Aguardando analise","municipio":"Barra Mansa","dat_criaca":"22/06/2015"},"geometry":{"type":"Polygon","coordinates":[[[-44.1141,-22.3992],[-44.1103,-22.4075],[-44.1214,-22.413],[-44.1232,-22.4093],[-44.1203,-22.4045],[-44.1237,-22.4019],[-44.1146,-22.3982],[-44.1141,-22.3992]]]}},{"type":"Feature","properties":{"cod_imovel":"RJ-3300407-36131593B5604F6AA4172125EF1954FF","mod_fiscal":"0.1239000000000000000000000000000","num_area":"3.2220000000000000000000000000000","ind_status":"AT","ind_tipo":"IRU","des_condic":"Aguardando analise","municipio":"Barra Mansa","dat_criaca":"12/04/2016"},"geometry":{"type":"Polygon","coordinates":[[[-44.1635,-22.6356],[-44.1633,-22.6328],[-44.1634,-22.6356],[-44.1635,-22.6356]]]}},{"type":"Feature","properties":{"cod_imovel":"RJ-3300407-3EFE7D6F0C364149A01CF4428020A5C6","mod_fiscal":"0.4763000000000000000000000000000","num_area":"12.384300000000000000000000000000","ind_status":"AT","ind_tipo":"IRU","des_condic":"Aguardando analise","municipio":"Barra Mansa","dat_criaca":"05/05/2016"},"geometry":{"type":"Polygon","coordinates":[[[-44.2306,-22.5396],[-44.2316,-22.537],[-44.2253,-22.5381],[-44.2306,-22.5396]]]}},{"type":"Feature","properties":{"cod_imovel":"RJ-3300407-2ED787C11F8D46E38E668FCF57DBFBD6","mod_fiscal":"2.9421000000000000000000000000000","num_area":"76.493800000000000000000000000000","ind_status":"AT","ind_tipo":"IRU","des_condic":"Aguardando analise","municipio":"Barra Mansa","dat_criaca":"17/11/2017"},"geometry":{"type":"Polygon","coordinates":[[[-44.1536,-22.3784],[-44.1603,-22.3773],[-44.1596,-22.3676],[-44.153,-22.3716],[-44.1533,-22.3777],[-44.1536,-22.3784]]]}},{"type":"Feature","properties":{"cod_imovel":"RJ-3300407-2E1C90C22EAE42E390C54947E29B6AD8","mod_fiscal":"0.4993000000000000000000000000000","num_area":"12.982000000000000000000000000000","ind_status":"AT","ind_tipo":"IRU","des_condic":"Aguardando analise","municipio":"Barra Mansa","dat_criaca":"14/05/2015"},"geometry":{"type":"Polygon","coordinates":[[[-44.1595,-22.6236],[-44.1649,-22.6238],[-44.1605,-22.6208],[-44.1594,-22.6236],[-44.1595,-22.6236]]]}},{"type":"Feature","properties":{"cod_imovel":"RJ-3300407-3E87AC8EBB954B83AF7B72097C74711E","mod_fiscal":"0.5398000000000000000000000000000","num_area":"14.034900000000000000000000000000","ind_status":"AT","ind_tipo":"IRU","des_condic":"Aguardando analise","municipio":"Barra Mansa","dat_criaca":"04/05/2016"},"geometry":{"type":"Polygon","coordinates":[[[-44.0275,-22.4007],[-44.0254,-22.4059],[-44.0293,-22.4056],[-44.0279,-22.4008],[-44.0275,-22.4007]]]}},{"type":"Feature","properties":{"cod_imovel":"RJ-3300407-F3101A6EFAE64C0989E00501577B9CA5","mod_fiscal":"4.6653000000000000000000000000000","num_area":"121.29680000000000000000000000000","ind_status":"AT","ind_tipo":"IRU","des_condic":"Aguardando analise","municipio":"Barra Mansa","dat_criaca":"22/06/2015"},"geometry":{"type":"Polygon","coordinates":[[[-44.1984,-22.6075],[-44.2116,-22.6014],[-44.21,-22.5951],[-44.1955,-22.6003],[-44.1983,-22.6072],[-44.1984,-22.6075]]]}},{"type":"Feature","properties":{"cod_imovel":"RJ-3300407-9BE18BD2F9414894BB019DBE9BDEC2BA","mod_fiscal":"0.7559000000000000000000000000000","num_area":"19.654400000000000000000000000000","ind_status":"AT","ind_tipo":"IRU","des_condic":"Aguardando analise","municipio":"Barra Mansa","dat_criaca":"05/05/2015"},"geometry":{"type":"Polygon","coordinates":[[[-44.1728,-22.4938],[-44.1741,-22.4858],[-44.17,-22.4913],[-44.1728,-22.4938]]]}},{"type":"Feature","properties":{"cod_imovel":"RJ-3300407-46ED139CC4DB449BB2C607A647563B67","mod_fiscal":"5.6769000000000000000000000000000","num_area":"147.60020000000000000000000000000","ind_status":"AT","ind_tipo":"IRU","des_condic":"Aguardando analise","municipio":"Barra Mansa","dat_criaca":"29/12/2017"},"geometry":{"type":"Polygon","coordinates":[[[-44.2001,-22.4264],[-44.2,-22.4377],[-44.2122,-22.4369],[-44.2089,-22.4251],[-44.2007,-22.4263],[-44.2001,-22.4264]]]}},{"type":"Feature","properties":{"cod_imovel":"RJ-3300407-8B2C87591F924B3DBA03FA5A1C03E8B4","mod_fiscal":"1.3446000000000000000000000000000","num_area":"34.959500000000000000000000000000","ind_status":"AT","ind_tipo":"IRU","des_condic":"Aguardando analise","municipio":"Barra Mansa","dat_criaca":"17/02/2020"},"geometry":{"type":"Polygon","coordinates":[[[-44.3214,-22.5141],[-44.3183,-22.5081],[-44.3138,-22.5084],[-44.3122,-22.5126],[-44.3149,-22.5108],[-44.3213,-22.5141],[-44.3214,-22.5141]]]}},{"type":"Feature","properties":{"cod_imovel":"RJ-3300407-2DB87AC5C8714C3AB19291E52093A3B0","mod_fiscal":"1.3234000000000000000000000000000","num_area":"34.407900000000000000000000000000","ind_status":"AT","ind_tipo":"IRU","des_condic":"Aguardando analise","municipio":"Barra Mansa","dat_criaca":"28/04/2015"},"geometry":{"type":"Polygon","coordinates":[[[-44.3385,-22.5745],[-44.3338,-22.5735],[-44.3285,-22.5774],[-44.3366,-22.5803],[-44.3372,-22.5771],[-44.3385,-22.5745]]]}},{"type":"Feature","properties":{"cod_imovel":"RJ-3300407-2691C0D3F7B1451E913F4A91942694B9","mod_fiscal":"3.3042000000000000000000000000000","num_area":"73.542000000000000000000000000000","ind_status":"AT","ind_tipo":"IRU","des_condic":"Aguardando analise","municipio":"Barra Mansa","dat_criaca":"03/05/2016"},"geometry":{"type":"Polygon","coordinates":[[[-44.1156,-22.4183],[-44.1128,-22.4112],[-44.11,-22.4237],[-44.1174,-22.425],[-44.1185,-22.4187],[-44.1157,-22.4184],[-44.1156,-22.4183]]]}},{"type":"Feature","properties":{"cod_imovel":"RJ-3300407-25D3FA8B0DE6428FBCB438893163BED3","mod_fiscal":"9.6806000000000000000000000000000","num_area":"251.69670000000000000000000000000","ind_status":"AT","ind_tipo":"IRU","des_condic":"Aguardando analise","municipio":"Barra Mansa","dat_criaca":"09/12/2019"},"geometry":{"type":"Polygon","coordinates":[[[-44.1892,-22.4797],[-44.1904,-22.4751],[-44.1848,-22.4684],[-44.1834,-22.4706],[-44.1771,-22.4686],[-44.1649,-22.4779],[-44.1649,-22.4826],[-44.1732,-22.4814],[-44.1892,-22.4797]]]}},{"type":"Feature","properties":{"cod_imovel":"RJ-3300407-23B001AC3A354A728175FC3373B13B80","mod_fiscal":"2.0480000000000000000000000000000","num_area":"53.247100000000000000000000000000","ind_status":"AT","ind_tipo":"IRU","des_condic":"Aguardando analise","municipio":"Barra Mansa","dat_criaca":"29/01/2016"},"geometry":{"type":"Polygon","coordinates":[[[-44.1609,-22.6207],[-44.1686,-22.618],[-44.1661,-22.6116],[-44.161,-22.6171],[-44.1609,-22.6207]]]}},{"type":"Feature","properties":{"cod_imovel":"RJ-3300407-21372E687B6642F3983499428B87B398","mod_fiscal":"2.3370000000000000000000000000000","num_area":"60.762800000000000000000000000000","ind_status":"AT","ind_tipo":"IRU","des_condic":"Aguardando analise","municipio":"Barra Mansa","dat_criaca":"26/04/2016"},"geometry":{"type":"Polygon","coordinates":[[[-44.2986,-22.532],[-44.2913,-22.5322],[-44.2901,-22.5399],[-44.299,-22.5343],[-44.2986,-22.532]]]}},{"type":"Feature","properties":{"cod_imovel":"RJ-3300407-1D7C793926A04574A0B5F2CBEDEE4726","mod_fiscal":"0.8057000000000000000000000000000","num_area":"20.947600000000000000000000000000","ind_status":"AT","ind_tipo":"IRU","des_condic":"Aguardando analise","municipio":"Barra Mansa","dat_criaca":"29/04/2016"},"geometry":{"type":"Polygon","coordinates":[[[-44.1445,-22.3961],[-44.1414,-22.404],[-44.1461,-22.4008],[-44.1447,-22.3964],[-44.1445,-22.3961]]]}},{"type":"Feature","properties":{"cod_imovel":"RJ-3300407-1D5E1DD2EDCC494EA071A9B13F2BA365","mod_fiscal":"2.9137000000000000000000000000000","num_area":"75.756500000000000000000000000000","ind_status":"AT","ind_tipo":"IRU","des_condic":"Aguardando analise","municipio":"Barra Mansa","dat_criaca":"19/08/2015"},"geometry":{"type":"Polygon","coordinates":[[[-44.1825,-22.6194],[-44.1854,-22.6181],[-44.1854,-22.6128],[-44.1792,-22.6098],[-44.1791,-22.6142],[-44.1742,-22.6166],[-44.1819,-22.6196],[-44.1825,-22.6194]]]}},{"type":"Feature","properties":{"cod_imovel":"RJ-3300407-1D3CFFC401444F56ADA8E91A429F78B4","mod_fiscal":"20.099800000000000000000000000000","num_area":"522.59400000000000000000000000000","ind_status":"AT","ind_tipo":"IRU","des_condic":"Aguardando analise","municipio":"Barra Mansa","dat_criaca":"12/05/2020"},"geometry":{"type":"Polygon","coordinates":[[[-44.2293,-22.5527],[-44.2275,-22.5575],[-44.2191,-22.5551],[-44.2161,-22.56],[-44.2222,-22.5639],[-44.2237,-22.572],[-44.2378,-22.5771],[-44.2432,-22.5743],[-44.2454,-22.5617],[-44.2407,-22.5587],[-44.2381,-22.5513],[-44.2291,-22.5503],[-44.2293,-22.5527]]]}},{"type":"Feature","properties":{"cod_imovel":"RJ-3300407-1C14E8C5166847B2B3FD3608CBAEEB9F","mod_fiscal":"3.8338000000000000000000000000000","num_area":"99.671800000000000000000000000000","ind_status":"AT","ind_tipo":"IRU","des_condic":"Aguardando analise","municipio":"Barra Mansa","dat_criaca":"27/04/2015"},"geometry":{"type":"Polygon","coordinates":[[[-44.1507,-22.3419],[-44.1544,-22.3385],[-44.1461,-22.3332],[-44.1404,-22.3391],[-44.1454,-22.3456],[-44.149,-22.3428],[-44.1507,-22.3419]]]}},{"type":"Feature","properties":{"cod_imovel":"RJ-3300407-1974B3A78D8E4533B716B27439A0CEF1","mod_fiscal":"8.9548000000000000000000000000000","num_area":"232.82590000000000000000000000000","ind_status":"AT","ind_tipo":"IRU","des_condic":"Aguardando analise","municipio":"Barra Mansa","dat_criaca":"28/08/2019"},"geometry":{"type":"Polygon","coordinates":[[[-44.1013,-22.3708],[-44.1066,-22.3684],[-44.0992,-22.3573],[-44.1005,-22.3496],[-44.0899,-22.3593],[-44.0927,-22.3673],[-44.1005,-22.3707],[-44.1013,-22.3708]]]}},{"type":"Feature","properties":{"cod_imovel":"RJ-3300407-3814ACF7ECAF410F9FC6AFAE3A809ABA","mod_fiscal":"0.1698000000000000000000000000000","num_area":"4.4145000000000000000000000000000","ind_status":"AT","ind_tipo":"IRU","des_condic":"Aguardando analise","municipio":"Barra Mansa","dat_criaca":"18/01/2019"},"geometry":{"type":"Polygon","coordinates":[[[-44.1669,-22.4945],[-44.1658,-22.4963],[-44.1672,-22.4945],[-44.1669,-22.4945]]]}},{"type":"Feature","properties":{"cod_imovel":"RJ-3300407-2E375C0B511B4988B32E4F400B233394","mod_fiscal":"1.6024000000000000000000000000000","num_area":"41.661700000000000000000000000000","ind_status":"AT","ind_tipo":"IRU","des_condic":"Aguardando analise","municipio":"Barra Mansa","dat_criaca":"03/08/2015"},"geometry":{"type":"Polygon","coordinates":[[[-44.305,-22.4801],[-44.3054,-22.4752],[-44.3004,-22.473],[-44.3014,-22.4816],[-44.3046,-22.4811],[-44.305,-22.4801]]]}},{"type":"Feature","properties":{"cod_imovel":"RJ-3300407-3C07648A06514B45941438323719619C","mod_fiscal":"0.1555000000000000000000000000000","num_area":"4.0425000000000000000000000000000","ind_status":"AT","ind_tipo":"IRU","des_condic":"Em analise","municipio":"Barra Mansa","dat_criaca":"03/09/2014"},"geometry":{"type":"Polygon","coordinates":[[[-44.2629,-22.5546],[-44.2596,-22.556],[-44.2629,-22.5549],[-44.2629,-22.5546]]]}},{"type":"Feature","properties":{"cod_imovel":"RJ-3300407-42DB088109384EEEA7EFFAE0FDBE2066","mod_fiscal":"0.2687000000000000000000000000000","num_area":"6.9854000000000000000000000000000","ind_status":"AT","ind_tipo":"IRU","des_condic":"Aguardando analise","municipio":"Barra Mansa","dat_criaca":"05/02/2015"},"geometry":{"type":"Polygon","coordinates":[[[-44.0914,-22.4024],[-44.0889,-22.3989],[-44.0901,-22.4016],[-44.0914,-22.4024]]]}},{"type":"Feature","properties":{"cod_imovel":"RJ-3300407-439215507412483382AB606452730CEE","mod_fiscal":"4.4934000000000000000000000000000","num_area":"116.82910000000000000000000000000","ind_status":"AT","ind_tipo":"IRU","des_condic":"Aguardando analise","municipio":"Barra Mansa","dat_criaca":"16/06/2015"},"geometry":{"type":"Polygon","coordinates":[[[-44.1585,-22.4447],[-44.162,-22.4335],[-44.1495,-22.4347],[-44.1489,-22.4428],[-44.1589,-22.4414],[-44.1585,-22.4445],[-44.1585,-22.4447]]]}},{"type":"Feature","properties":{"cod_imovel":"RJ-3300407-46BE88B29CC54A9D9E2FAEE4F2F272F4","mod_fiscal":"2.3639000000000000000000000000000","num_area":"61.462000000000000000000000000000","ind_status":"AT","ind_tipo":"IRU","des_condic":"Aguardando analise","municipio":"Barra Mansa","dat_criaca":"20/04/2016"},"geometry":{"type":"Polygon","coordinates":[[[-44.3032,-22.5058],[-44.2981,-22.5051],[-44.2967,-22.5128],[-44.3036,-22.5153],[-44.3011,-22.5099],[-44.3039,-22.5063],[-44.3032,-22.5058]]]}},{"type":"Feature","properties":{"cod_imovel":"RJ-3300407-48AE5A84A507477D95E1240433752CC7","mod_fiscal":"0.8488000000000000000000000000000","num_area":"22.070000000000000000000000000000","ind_status":"AT","ind_tipo":"IRU","des_condic":"Aguardando analise","municipio":"Barra Mansa","dat_criaca":"10/07/2015"},"geometry":{"type":"Polygon","coordinates":[[[-44.321,-22.5844],[-44.3243,-22.5864],[-44.3293,-22.579],[-44.3211,-22.5842],[-44.321,-22.5844]]]}},{"type":"Feature","properties":{"cod_imovel":"RJ-3300407-4C6211AB99BF4ADD930F77ABCCF8E99B","mod_fiscal":"2.0247000000000000000000000000000","num_area":"52.641100000000000000000000000000","ind_status":"AT","ind_tipo":"IRU","des_condic":"Aguardando analise","municipio":"Barra Mansa","dat_criaca":"22/10/2015"},"geometry":{"type":"Polygon","coordinates":[[[-44.1751,-22.5101],[-44.1741,-22.505],[-44.1694,-22.5053],[-44.1669,-22.5135],[-44.1709,-22.5142],[-44.1741,-22.5105],[-44.1751,-22.5101]]]}},{"type":"Feature","properties":{"cod_imovel":"RJ-3300407-4E6DB34E944C4C5D974650435A33E4B5","mod_fiscal":"0.2717000000000000000000000000000","num_area":"7.0644000000000000000000000000000","ind_status":"AT","ind_tipo":"IRU","des_condic":"Aguardando analise","municipio":"Barra Mansa","dat_criaca":"28/04/2016"},"geometry":{"type":"Polygon","coordinates":[[[-44.1639,-22.4958],[-44.1613,-22.4955],[-44.1626,-22.4983],[-44.1641,-22.496],[-44.1639,-22.4958]]]}},{"type":"Feature","properties":{"cod_imovel":"RJ-3300407-4F74AF5F256A496EA729450142C13A07","mod_fiscal":"4.7743000000000000000000000000000","num_area":"124.13230000000000000000000000000","ind_status":"AT","ind_tipo":"IRU","des_condic":"Aguardando analise","municipio":"Barra Mansa","dat_criaca":"05/10/2020"},"geometry":{"type":"Polygon","coordinates":[[[-44.1602,-22.4736],[-44.164,-22.4615],[-44.161,-22.459],[-44.1615,-22.4524],[-44.1552,-22.4509],[-44.1601,-22.4731],[-44.1602,-22.4736]]]}},{"type":"Feature","properties":{"cod_imovel":"RJ-3300407-4F7DDEEE76E947CD8D37BB989368ABDD","mod_fiscal":"12.991700000000000000000000000000","num_area":"337.78360000000000000000000000000","ind_status":"AT","ind_tipo":"IRU","des_condic":"Aguardando analise","municipio":"Barra Mansa","dat_criaca":"27/05/2016"},"geometry":{"type":"Polygon","coordinates":[[[-44.2613,-22.5845],[-44.2597,-22.5785],[-44.2539,-22.5772],[-44.2453,-22.5893],[-44.242,-22.5746],[-44.2363,-22.5918],[-44.2441,-22.5914],[-44.2532,-22.5983],[-44.2617,-22.5881],[-44.2614,-22.5845],[-44.2613,-22.5845]]]}},{"type":"Feature","properties":{"cod_imovel":"RJ-3300407-50E5BAFC099340C0AC08444E034D512C","mod_fiscal":"9.3125000000000000000000000000000","num_area":"242.12510000000000000000000000000","ind_status":"AT","ind_tipo":"IRU","des_condic":"Em analise","municipio":"Barra Mansa","dat_criaca":"06/06/2014"},"geometry":{"type":"Polygon","coordinates":[[[-44.2675,-22.4903],[-44.267,-22.495],[-44.2591,-22.4954],[-44.2538,-22.5051],[-44.2552,-22.5082],[-44.2511,-22.5122],[-44.2599,-22.5115],[-44.2696,-22.5034],[-44.27,-22.4911],[-44.2675,-22.4903],[-44.2675,-22.4903]]]}},{"type":"Feature","properties":{"cod_imovel":"RJ-3300407-53EE87A185E0423DA1AEBC8A116D3F1E","mod_fiscal":"4.9320000000000000000000000000000","num_area":"128.23140000000000000000000000000","ind_status":"AT","ind_tipo":"IRU","des_condic":"Aguardando analise","municipio":"Barra Mansa","dat_criaca":"27/06/2019"},"geometry":{"type":"Polygon","coordinates":[[[-44.1311,-22.6207],[-44.1218,-22.6177],[-44.1185,-22.626],[-44.1317,-22.6312],[-44.1311,-22.6208],[-44.1311,-22.6207]]]}},{"type":"Feature","properties":{"cod_imovel":"RJ-3300407-5446027461254A419436698283E8B9AF","mod_fiscal":"4.5621000000000000000000000000000","num_area":"118.61450000000000000000000000000","ind_status":"AT","ind_tipo":"IRU","des_condic":"Aguardando analise","municipio":"Barra Mansa","dat_criaca":"30/04/2016"},"geometry":{"type":"Polygon","coordinates":[[[-44.1766,-22.5187],[-44.178,-22.5162],[-44.1825,-22.5182],[-44.1891,-22.5117],[-44.1863,-22.5066],[-44.1799,-22.506],[-44.181,-22.51],[-44.1773,-22.5123],[-44.1743,-22.5105],[-44.176,-22.5182],[-44.1766,-22.5187]]]}},{"type":"Feature","properties":{"cod_imovel":"RJ-3300407-54728FE9AE3C427E84B888074557666E","mod_fiscal":"0.4674000000000000000000000000000","num_area":"12.151700000000000000000000000000","ind_status":"AT","ind_tipo":"IRU","des_condic":"Aguardando analise","municipio":"Barra Mansa","dat_criaca":"28/05/2018"},"geometry":{"type":"Polygon","coordinates":[[[-44.3055,-22.4713],[-44.3104,-22.4723],[-44.3081,-22.4688],[-44.3054,-22.4712],[-44.3055,-22.4713]]]}},{"type":"Feature","properties":{"cod_imovel":"RJ-3300407-54B4F1EFF2984A549C05614AE2696A75","mod_fiscal":"13.134400000000000000000000000000","num_area":"341.49530000000000000000000000000","ind_status":"SU","ind_tipo":"IRU","des_condic":"Analisado, aguardando atendimento a notificacao","municipio":"Barra Mansa","dat_criaca":"29/12/2017"},"geometry":{"type":"Polygon","coordinates":[[[-44.2708,-22.5317],[-44.2564,-22.5369],[-44.2662,-22.5534],[-44.282,-22.5463],[-44.2708,-22.5317]]]}},{"type":"Feature","properties":{"cod_imovel":"RJ-3300407-5CE6676B829141CFB1736C80B9AFCA6F","mod_fiscal":"0.9333000000000000000000000000000","num_area":"24.265200000000000000000000000000","ind_status":"AT","ind_tipo":"IRU","des_condic":"Aguardando analise","municipio":"Barra Mansa","dat_criaca":"02/05/2016"},"geometry":{"type":"Polygon","coordinates":[[[-44.1402,-22.4102],[-44.1381,-22.4143],[-44.1439,-22.4144],[-44.1405,-22.4103],[-44.1402,-22.4102]]]}},{"type":"Feature","properties":{"cod_imovel":"RJ-3300407-5FF8EE16CD1148A99DA769E593454A9E","mod_fiscal":"12.954900000000000000000000000000","num_area":"336.82630000000000000000000000000","ind_status":"AT","ind_tipo":"IRU","des_condic":"Aguardando analise","municipio":"Barra Mansa","dat_criaca":"18/06/2015"},"geometry":{"type":"Polygon","coordinates":[[[-44.147,-22.5955],[-44.145,-22.5945],[-44.1495,-22.5845],[-44.1492,-22.5761],[-44.1433,-22.5714],[-44.1356,-22.5801],[-44.133,-22.5788],[-44.1296,-22.586],[-44.133,-22.5866],[-44.1401,-22.5971],[-44.1506,-22.597],[-44.147,-22.5955]]]}},{"type":"Feature","properties":{"cod_imovel":"RJ-3300407-66130CCB824440BBBB12B64A1EE503F4","mod_fiscal":"9.2821000000000000000000000000000","num_area":"241.33490000000000000000000000000","ind_status":"AT","ind_tipo":"IRU","des_condic":"Aguardando analise","municipio":"Barra Mansa","dat_criaca":"01/07/2015"},"geometry":{"type":"Polygon","coordinates":[[[-44.1661,-22.3909],[-44.1675,-22.3987],[-44.1776,-22.3963],[-44.1776,-22.3775],[-44.1749,-22.3758],[-44.1684,-22.3796],[-44.1666,-22.3888],[-44.1661,-22.3909]]]}},{"type":"Feature","properties":{"cod_imovel":"RJ-3300407-6D1C63FF09D342588D5DF5A9105AAD4C","mod_fiscal":"1.9468000000000000000000000000000","num_area":"50.617000000000000000000000000000","ind_status":"AT","ind_tipo":"IRU","des_condic":"Aguardando analise","municipio":"Barra Mansa","dat_criaca":"28/04/2016"},"geometry":{"type":"Polygon","coordinates":[[[-44.2577,-22.564],[-44.2506,-22.5599],[-44.2434,-22.5647],[-44.2575,-22.564],[-44.2577,-22.564]]]}},{"type":"Feature","properties":{"cod_imovel":"RJ-3300407-7491FDDCB9614AE5AFA19F51A8395ECA","mod_fiscal":"0.8482000000000000000000000000000","num_area":"22.054200000000000000000000000000","ind_status":"AT","ind_tipo":"IRU","des_condic":"Em analise","municipio":"Barra Mansa","dat_criaca":"15/07/2015"},"geometry":{"type":"Polygon","coordinates":[[[-44.1221,-22.4071],[-44.1269,-22.4059],[-44.1237,-22.4018],[-44.1211,-22.4065],[-44.1221,-22.4071]]]}},{"type":"Feature","properties":{"cod_imovel":"RJ-3300407-7588028837C5469795D49992A35B1096","mod_fiscal":"6.1951000000000000000000000000000","num_area":"160.67440000000000000000000000000","ind_status":"AT","ind_tipo":"IRU","des_condic":"Aguardando analise","municipio":"Barra Mansa","dat_criaca":"18/01/2016"},"geometry":{"type":"Polygon","coordinates":[[[-44.0974,-22.3297],[-44.0984,-22.344],[-44.1072,-22.3401],[-44.1101,-22.3292],[-44.0996,-22.3285],[-44.0974,-22.3297]]]}},{"type":"Feature","properties":{"cod_imovel":"RJ-3300407-760B9A2759504748A1130CA3A9DE54E8","mod_fiscal":"9.8736000000000000000000000000000","num_area":"201.39240000000000000000000000000","ind_status":"AT","ind_tipo":"IRU","des_condic":"Aguardando analise","municipio":"Barra Mansa","dat_criaca":"29/03/2016"},"geometry":{"type":"Polygon","coordinates":[[[-44.0654,-22.3895],[-44.0718,-22.3902],[-44.0733,-22.3811],[-44.0668,-22.3778],[-44.065,-22.3696],[-44.0604,-22.3697],[-44.0611,-22.3895],[-44.0633,-22.3894],[-44.0654,-22.3895]]]}},{"type":"Feature","properties":{"cod_imovel":"RJ-3300407-76A695F5817C4BD69462CE8FDB6BC5CE","mod_fiscal":"2.8655000000000000000000000000000","num_area":"58.525900000000000000000000000000","ind_status":"PE","ind_tipo":"IRU","des_condic":"Analisado, aguardando atendimento a notificacao","municipio":"Barra Mansa","dat_criaca":"26/05/2018"},"geometry":{"type":"Polygon","coordinates":[[[-44.1204,-22.6534],[-44.1191,-22.6497],[-44.1113,-22.6476],[-44.1125,-22.6441],[-44.1092,-22.6448],[-44.1093,-22.6495],[-44.1202,-22.6539],[-44.1204,-22.6534]]]}},{"type":"Feature","properties":{"cod_imovel":"RJ-3300407-7705E4089F0B461EBC43FBC8F102B542","mod_fiscal":"7.0154000000000000000000000000000","num_area":"182.40150000000000000000000000000","ind_status":"AT","ind_tipo":"IRU","des_condic":"Aguardando analise","municipio":"Barra Mansa","dat_criaca":"05/05/2016"},"geometry":{"type":"Polygon","coordinates":[[[-44.212,-22.559],[-44.2164,-22.5603],[-44.2191,-22.5555],[-44.2283,-22.5572],[-44.2291,-22.5477],[-44.2194,-22.5493],[-44.219,-22.5458],[-44.2139,-22.5457],[-44.2144,-22.5516],[-44.2111,-22.5549],[-44.2134,-22.5573],[-44.212,-22.559]]]}},{"type":"Feature","properties":{"cod_imovel":"RJ-3300407-7A7DD553097A438B85738A9AD38FBE10","mod_fiscal":"1.4751000000000000000000000000000","num_area":"38.351900000000000000000000000000","ind_status":"AT","ind_tipo":"IRU","des_condic":"Aguardando analise","municipio":"Barra Mansa","dat_criaca":"17/03/2016"},"geometry":{"type":"Polygon","coordinates":[[[-44.2968,-22.5212],[-44.2917,-22.5317],[-44.2985,-22.5318],[-44.2968,-22.5213],[-44.2968,-22.5212]]]}},{"type":"Feature","properties":{"cod_imovel":"RJ-3300407-833A152B70C94E77BFE550E2F0E80BAE","mod_fiscal":"6.1395000000000000000000000000000","num_area":"159.62680000000000000000000000000","ind_status":"AT","ind_tipo":"IRU","des_condic":"Aguardando analise","municipio":"Barra Mansa","dat_criaca":"23/11/2018"},"geometry":{"type":"Polygon","coordinates":[[[-44.1135,-22.3588],[-44.1042,-22.3614],[-44.1053,-22.366],[-44.1176,-22.3775],[-44.1148,-22.3609],[-44.1135,-22.3588]]]}},{"type":"Feature","properties":{"cod_imovel":"RJ-3300407-846740ECD2FC4E609F24746D36F60B20","mod_fiscal":"0.5639000000000000000000000000000","num_area":"14.660800000000000000000000000000","ind_status":"AT","ind_tipo":"IRU","des_condic":"Aguardando analise","municipio":"Barra Mansa","dat_criaca":"09/07/2014"},"geometry":{"type":"Polygon","coordinates":[[[-44.1692,-22.4457],[-44.1725,-22.444],[-44.1718,-22.4402],[-44.169,-22.4448],[-44.1692,-22.4457]]]}},{"type":"Feature","properties":{"cod_imovel":"RJ-3300407-873FC23672004920BB3ABF1BE98FF66B","mod_fiscal":"26.543500000000000000000000000000","num_area":"578.50190000000000000000000000000","ind_status":"AT","ind_tipo":"IRU","des_condic":"Aguardando analise","municipio":"Barra Mansa","dat_criaca":"20/06/2015"},"geometry":{"type":"Polygon","coordinates":[[[-44.0895,-22.3588],[-44.0625,-22.3603],[-44.0667,-22.3783],[-44.0722,-22.3804],[-44.0789,-22.3768],[-44.0843,-22.3827],[-44.0899,-22.3832],[-44.0871,-22.3708],[-44.0935,-22.3667],[-44.09,-22.3606],[-44.0895,-22.3588]]]}},{"type":"Feature","properties":{"cod_imovel":"RJ-3300407-87995BD5523144C5907D1D0B19863783","mod_fiscal":"2.2696000000000000000000000000000","num_area":"59.010100000000000000000000000000","ind_status":"AT","ind_tipo":"IRU","des_condic":"Aguardando analise","municipio":"Barra Mansa","dat_criaca":"04/12/2014"},"geometry":{"type":"Polygon","coordinates":[[[-44.1893,-22.6031],[-44.1915,-22.6031],[-44.1911,-22.5951],[-44.1832,-22.5979],[-44.1882,-22.6023],[-44.1893,-22.6031]]]}},{"type":"Feature","properties":{"cod_imovel":"RJ-3300407-8E961E92E0F145E7ABB87983B1F5DF01","mod_fiscal":"2.6988000000000000000000000000000","num_area":"70.169600000000000000000000000000","ind_status":"AT","ind_tipo":"IRU","des_condic":"Aguardando analise","municipio":"Barra Mansa","dat_criaca":"18/05/2015"},"geometry":{"type":"Polygon","coordinates":[[[-44.346,-22.5732],[-44.3383,-22.5844],[-44.3424,-22.5862],[-44.3522,-22.5791],[-44.346,-22.5732]]]}},{"type":"Feature","properties":{"cod_imovel":"RJ-3300407-98A1C21A320042A3B31A22C67DE0DE00","mod_fiscal":"4.6924000000000000000000000000000","num_area":"122.00310000000000000000000000000","ind_status":"AT","ind_tipo":"IRU","des_condic":"Aguardando analise","municipio":"Barra Mansa","dat_criaca":"29/04/2016"},"geometry":{"type":"Polygon","coordinates":[[[-44.154,-22.4278],[-44.1511,-22.4335],[-44.1534,-22.4356],[-44.1599,-22.4319],[-44.1577,-22.4197],[-44.1541,-22.4189],[-44.1504,-22.4251],[-44.154,-22.4277],[-44.154,-22.4278]]]}},{"type":"Feature","properties":{"cod_imovel":"RJ-3300407-9A805C86CCE348FDA080515B9ADCC442","mod_fiscal":"1.8741000000000000000000000000000","num_area":"47.673200000000000000000000000000","ind_status":"AT","ind_tipo":"IRU","des_condic":"Aguardando analise","municipio":"Barra Mansa","dat_criaca":"25/11/2014"},"geometry":{"type":"Polygon","coordinates":[[[-44.3256,-22.5872],[-44.3207,-22.5844],[-44.3209,-22.5913],[-44.3263,-22.5922],[-44.3318,-22.5879],[-44.3257,-22.5871],[-44.3256,-22.5872]]]}},{"type":"Feature","properties":{"cod_imovel":"RJ-3300407-9CE69BC75CB148FE913023C9CBACDE0E","mod_fiscal":"0.9657000000000000000000000000000","num_area":"25.107400000000000000000000000000","ind_status":"AT","ind_tipo":"IRU","des_condic":"Em analise","municipio":"Barra Mansa","dat_criaca":"27/04/2015"},"geometry":{"type":"Polygon","coordinates":[[[-44.1507,-22.3419],[-44.1458,-22.3457],[-44.1529,-22.3463],[-44.1509,-22.3422],[-44.1507,-22.3419]]]}},{"type":"Feature","properties":{"cod_imovel":"RJ-3300407-CD8A369D57F146DFB97504A504F693E4","mod_fiscal":"0.9115000000000000000000000000000","num_area":"23.700000000000000000000000000000","ind_status":"AT","ind_tipo":"IRU","des_condic":"Aguardando analise","municipio":"Barra Mansa","dat_criaca":"26/04/2016"},"geometry":{"type":"Polygon","coordinates":[[[-44.1532,-22.3581],[-44.1452,-22.3594],[-44.1516,-22.3628],[-44.1538,-22.3609],[-44.1532,-22.3581]]]}},{"type":"Feature","properties":{"cod_imovel":"RJ-3300407-CC61FFBE6FC7427B96A42E06D1D554CC","mod_fiscal":"1.2894000000000000000000000000000","num_area":"33.525100000000000000000000000000","ind_status":"AT","ind_tipo":"IRU","des_condic":"Aguardando analise","municipio":"Barra Mansa","dat_criaca":"30/03/2016"},"geometry":{"type":"Polygon","coordinates":[[[-44.2377,-22.5177],[-44.2373,-22.5227],[-44.2418,-22.5224],[-44.2439,-22.5181],[-44.239,-22.5167],[-44.2377,-22.5177]]]}},{"type":"Feature","properties":{"cod_imovel":"RJ-3300407-DB0947711EBA45F68F018E80553A993C","mod_fiscal":"1.1725000000000000000000000000000","num_area":"30.483800000000000000000000000000","ind_status":"AT","ind_tipo":"IRU","des_condic":"Aguardando analise","municipio":"Barra Mansa","dat_criaca":"29/04/2016"},"geometry":{"type":"Polygon","coordinates":[[[-44.1663,-22.4179],[-44.1694,-22.4195],[-44.1718,-22.4114],[-44.1694,-22.4102],[-44.1677,-22.4146],[-44.1663,-22.4179]]]}},{"type":"Feature","properties":{"cod_imovel":"RJ-3300407-CAA29F9F60A646F6B99161B7E527103F","mod_fiscal":"3.4919000000000000000000000000000","num_area":"90.788800000000000000000000000000","ind_status":"AT","ind_tipo":"IRU","des_condic":"Aguardando analise","municipio":"Barra Mansa","dat_criaca":"13/03/2018"},"geometry":{"type":"Polygon","coordinates":[[[-44.0731,-22.3252],[-44.0778,-22.3215],[-44.0662,-22.3189],[-44.0633,-22.3216],[-44.0626,-22.3261],[-44.0721,-22.3263],[-44.0731,-22.3252]]]}},{"type":"Feature","properties":{"cod_imovel":"RJ-3300407-DAD9BB716C1442FCAAEB20310CF59B7C","mod_fiscal":"5.8543000000000000000000000000000","num_area":"152.21270000000000000000000000000","ind_status":"AT","ind_tipo":"IRU","des_condic":"Aguardando analise","municipio":"Barra Mansa","dat_criaca":"25/04/2016"},"geometry":{"type":"Polygon","coordinates":[[[-44.1822,-22.6275],[-44.1736,-22.6348],[-44.1683,-22.6351],[-44.1739,-22.6406],[-44.1844,-22.6434],[-44.1823,-22.6276],[-44.1822,-22.6275]]]}},{"type":"Feature","properties":{"cod_imovel":"RJ-3300407-C6F06FC25E624B0C87686E5EE6D0BCE1","mod_fiscal":"12.726600000000000000000000000000","num_area":"330.89060000000000000000000000000","ind_status":"AT","ind_tipo":"IRU","des_condic":"Aguardando analise","municipio":"Barra Mansa","dat_criaca":"06/05/2016"},"geometry":{"type":"Polygon","coordinates":[[[-44.1748,-22.4181],[-44.1697,-22.4177],[-44.1713,-22.4221],[-44.167,-22.4405],[-44.1734,-22.4434],[-44.1852,-22.4331],[-44.186,-22.4257],[-44.1756,-22.419],[-44.1748,-22.4181]]]}},{"type":"Feature","properties":{"cod_imovel":"RJ-3300407-C601D9CC5DA141D6AC30045BCF49C11F","mod_fiscal":"2.6275000000000000000000000000000","num_area":"68.315300000000000000000000000000","ind_status":"AT","ind_tipo":"IRU","des_condic":"Aguardando analise","municipio":"Barra Mansa","dat_criaca":"30/05/2018"},"geometry":{"type":"Polygon","coordinates":[[[-44.1011,-22.6399],[-44.1011,-22.6356],[-44.0917,-22.6345],[-44.0909,-22.6398],[-44.0981,-22.6404],[-44.0993,-22.6436],[-44.1011,-22.6404],[-44.1011,-22.6399]]]}},{"type":"Feature","properties":{"cod_imovel":"RJ-3300407-C2E976898E7E457E9044A4B36E85253F","mod_fiscal":"0.2317000000000000000000000000000","num_area":"6.0237000000000000000000000000000","ind_status":"AT","ind_tipo":"IRU","des_condic":"Aguardando analise","municipio":"Barra Mansa","dat_criaca":"28/12/2015"},"geometry":{"type":"Polygon","coordinates":[[[-44.2194,-22.5915],[-44.217,-22.591],[-44.2175,-22.5937],[-44.2194,-22.5915]]]}},{"type":"Feature","properties":{"cod_imovel":"RJ-3300407-A00F46DE3CD94E5D984678A63B818420","mod_fiscal":"4.4315000000000000000000000000000","num_area":"115.22010000000000000000000000000","ind_status":"AT","ind_tipo":"IRU","des_condic":"Aguardando analise","municipio":"Barra Mansa","dat_criaca":"04/05/2016"},"geometry":{"type":"Polygon","coordinates":[[[-44.2585,-22.5675],[-44.2545,-22.5663],[-44.2474,-22.5822],[-44.252,-22.5913],[-44.2565,-22.5852],[-44.2526,-22.5748],[-44.2543,-22.5691],[-44.2585,-22.5675]]]}},{"type":"Feature","properties":{"cod_imovel":"RJ-3300407-A277FFFBE73B43E4A2355C0F05475AF1","mod_fiscal":"0.9992000000000000000000000000000","num_area":"25.978700000000000000000000000000","ind_status":"PE","ind_tipo":"IRU","des_condic":"Analisado, aguardando atendimento a notificacao","municipio":"Barra Mansa","dat_criaca":"30/10/2014"},"geometry":{"type":"Polygon","coordinates":[[[-44.236,-22.5471],[-44.2317,-22.5455],[-44.229,-22.5497],[-44.2361,-22.5498],[-44.2362,-22.5476],[-44.236,-22.5471]]]}},{"type":"Feature","properties":{"cod_imovel":"RJ-3300407-A35F7754636E4562B6E2A4276CB5BDF1","mod_fiscal":"3.7113000000000000000000000000000","num_area":"96.492800000000000000000000000000","ind_status":"AT","ind_tipo":"IRU","des_condic":"Aguardando analise","municipio":"Barra Mansa","dat_criaca":"04/01/2016"},"geometry":{"type":"Polygon","coordinates":[[[-44.3093,-22.5818],[-44.3109,-22.588],[-44.3137,-22.5758],[-44.3103,-22.5718],[-44.3011,-22.578],[-44.3034,-22.5831],[-44.3081,-22.5823],[-44.3093,-22.5818]]]}},{"type":"Feature","properties":{"cod_imovel":"RJ-3300407-A4629B1F1B7F4EEBB8FB65F7C9B5D2B5","mod_fiscal":"1.8560000000000000000000000000000","num_area":"48.255500000000000000000000000000","ind_status":"AT","ind_tipo":"IRU","des_condic":"Aguardando analise","municipio":"Barra Mansa","dat_criaca":"28/12/2015"},"geometry":{"type":"Polygon","coordinates":[[[-44.2552,-22.5612],[-44.2578,-22.5556],[-44.2548,-22.5496],[-44.2514,-22.562],[-44.255,-22.5613],[-44.2552,-22.5612]]]}},{"type":"Feature","properties":{"cod_imovel":"RJ-3300407-A72851D7DCD94D078494F5728A17B519","mod_fiscal":"1.1563000000000000000000000000000","num_area":"30.063200000000000000000000000000","ind_status":"AT","ind_tipo":"IRU","des_condic":"Aguardando analise","municipio":"Barra Mansa","dat_criaca":"06/10/2015"},"geometry":{"type":"Polygon","coordinates":[[[-44.1609,-22.4197],[-44.1667,-22.4231],[-44.1693,-22.4195],[-44.1639,-22.417],[-44.161,-22.4196],[-44.1609,-22.4197]]]}},{"type":"Feature","properties":{"cod_imovel":"RJ-3300407-A76A02A3B0564DCBB73AED5919EDA001","mod_fiscal":"2.2540000000000000000000000000000","num_area":"58.604500000000000000000000000000","ind_status":"AT","ind_tipo":"IRU","des_condic":"Aguardando analise","municipio":"Barra Mansa","dat_criaca":"28/03/2016"},"geometry":{"type":"Polygon","coordinates":[[[-44.3096,-22.5245],[-44.3037,-22.5153],[-44.2968,-22.5129],[-44.301,-22.5204],[-44.3095,-22.5248],[-44.3096,-22.5245]]]}},{"type":"Feature","properties":{"cod_imovel":"RJ-3300407-A89C685997EA4D72B8C91F38E6CBEB66","mod_fiscal":"1.7541000000000000000000000000000","num_area":"45.607200000000000000000000000000","ind_status":"AT","ind_tipo":"IRU","des_condic":"Aguardando analise","municipio":"Barra Mansa","dat_criaca":"13/07/2015"},"geometry":{"type":"Polygon","coordinates":[[[-44.1452,-22.402],[-44.1424,-22.4039],[-44.147,-22.4094],[-44.1559,-22.4126],[-44.1454,-22.4021],[-44.1452,-22.402]]]}},{"type":"Feature","properties":{"cod_imovel":"RJ-3300407-B06E19C246DD4BE3A650BE69F998F8C4","mod_fiscal":"3.2983000000000000000000000000000","num_area":"85.755200000000000000000000000000","ind_status":"AT","ind_tipo":"IRU","des_condic":"Aguardando analise","municipio":"Barra Mansa","dat_criaca":"05/05/2016"},"geometry":{"type":"Polygon","coordinates":[[[-44.1253,-22.3638],[-44.1245,-22.368],[-44.1342,-22.3684],[-44.1348,-22.3623],[-44.1279,-22.357],[-44.1245,-22.3629],[-44.1253,-22.3638]]]}},{"type":"Feature","properties":{"cod_imovel":"RJ-3300407-B25DBC465AD14DDEAB9D5A724B8338E4","mod_fiscal":"6.4868000000000000000000000000000","num_area":"168.65750000000000000000000000000","ind_status":"AT","ind_tipo":"IRU","des_condic":"Aguardando analise","municipio":"Barra Mansa","dat_criaca":"04/06/2015"},"geometry":{"type":"Polygon","coordinates":[[[-44.3277,-22.5624],[-44.3308,-22.5654],[-44.3283,-22.573],[-44.3425,-22.5654],[-44.3385,-22.5633],[-44.3415,-22.5597],[-44.3373,-22.5565],[-44.3291,-22.5565],[-44.3276,-22.5621],[-44.3277,-22.5624]]]}},{"type":"Feature","properties":{"cod_imovel":"RJ-3300407-B2B401EFCB6E4914BCE55A55E09EB2B9","mod_fiscal":"0.9929000000000000000000000000000","num_area":"25.814200000000000000000000000000","ind_status":"AT","ind_tipo":"IRU","des_condic":"Aguardando analise","municipio":"Barra Mansa","dat_criaca":"16/10/2015"},"geometry":{"type":"Polygon","coordinates":[[[-44.1026,-22.3972],[-44.1026,-22.3932],[-44.096,-22.3943],[-44.1018,-22.3971],[-44.1026,-22.3972]]]}},{"type":"Feature","properties":{"cod_imovel":"RJ-3300407-BEAD6FF5D94744BBAAE60B454B40B4D9","mod_fiscal":"4.8529000000000000000000000000000","num_area":"126.17520000000000000000000000000","ind_status":"AT","ind_tipo":"IRU","des_condic":"Aguardando analise","municipio":"Barra Mansa","dat_criaca":"30/05/2018"},"geometry":{"type":"Polygon","coordinates":[[[-44.2146,-22.5768],[-44.2241,-22.5804],[-44.2181,-22.5915],[-44.2266,-22.5848],[-44.2297,-22.576],[-44.2235,-22.5764],[-44.2239,-22.5717],[-44.2151,-22.5768],[-44.2146,-22.5768]]]}},{"type":"Feature","properties":{"cod_imovel":"RJ-3300407-B713C7BD6DB34D738D4D9F8BA34A5152","mod_fiscal":"7.8802000000000000000000000000000","num_area":"204.88440000000000000000000000000","ind_status":"AT","ind_tipo":"IRU","des_condic":"Aguardando analise","municipio":"Barra Mansa","dat_criaca":"05/05/2016"},"geometry":{"type":"Polygon","coordinates":[[[-44.1855,-22.4308],[-44.1912,-22.4282],[-44.1939,-22.4334],[-44.2056,-22.4352],[-44.2029,-22.4311],[-44.2052,-22.4271],[-44.1966,-22.4209],[-44.1928,-22.4196],[-44.1854,-22.4273],[-44.1855,-22.4308]]]}},{"type":"Feature","properties":{"cod_imovel":"RJ-3300407-B8AAAF3B435F4E2499812CAE90D0351C","mod_fiscal":"12.649700000000000000000000000000","num_area":"328.89240000000000000000000000000","ind_status":"PE","ind_tipo":"IRU","des_condic":"Analisado, aguardando atendimento a notificacao","municipio":"Barra Mansa","dat_criaca":"30/06/2014"},"geometry":{"type":"Polygon","coordinates":[[[-44.1614,-22.3751],[-44.1594,-22.3797],[-44.152,-22.3798],[-44.1424,-22.3874],[-44.1462,-22.3948],[-44.1551,-22.3891],[-44.1632,-22.3943],[-44.1656,-22.3925],[-44.1685,-22.3795],[-44.1614,-22.3751],[-44.1614,-22.3751]]]}},{"type":"Feature","properties":{"cod_imovel":"RJ-3300407-BAA3544FF3C44E16AE46D3F20505DF33","mod_fiscal":"0.3177000000000000000000000000000","num_area":"8.2590000000000000000000000000000","ind_status":"AT","ind_tipo":"IRU","des_condic":"Aguardando analise","municipio":"Barra Mansa","dat_criaca":"14/10/2015"},"geometry":{"type":"Polygon","coordinates":[[[-44.204,-22.573],[-44.1984,-22.5729],[-44.2037,-22.5736],[-44.204,-22.573]]]}},{"type":"Feature","properties":{"cod_imovel":"RJ-3300407-ECD85C876DEA4E9591E3E2987686768D","mod_fiscal":"2.6980000000000000000000000000000","num_area":"70.147800000000000000000000000000","ind_status":"AT","ind_tipo":"IRU","des_condic":"Aguardando analise","municipio":"Barra Mansa","dat_criaca":"20/07/2015"},"geometry":{"type":"Polygon","coordinates":[[[-44.3424,-22.5678],[-44.3374,-22.5661],[-44.3319,-22.5726],[-44.3397,-22.575],[-44.3427,-22.5692],[-44.3424,-22.5678]]]}},{"type":"Feature","properties":{"cod_imovel":"RJ-3300407-C0881EE23BCE488FA0F40D1A68ED48CD","mod_fiscal":"4.6932000000000000000000000000000","num_area":"122.02340000000000000000000000000","ind_status":"AT","ind_tipo":"IRU","des_condic":"Aguardando analise","municipio":"Barra Mansa","dat_criaca":"01/04/2016"},"geometry":{"type":"Polygon","coordinates":[[[-44.1927,-22.5935],[-44.2091,-22.5862],[-44.2086,-22.5772],[-44.2022,-22.5781],[-44.2029,-22.5858],[-44.1929,-22.5862],[-44.1928,-22.5933],[-44.1927,-22.5935]]]}},{"type":"Feature","properties":{"cod_imovel":"RJ-3300407-C34EBC34596D432B933323F549A0E900","mod_fiscal":"1.0122000000000000000000000000000","num_area":"26.317500000000000000000000000000","ind_status":"AT","ind_tipo":"IRU","des_condic":"Aguardando analise","municipio":"Barra Mansa","dat_criaca":"18/04/2016"},"geometry":{"type":"Polygon","coordinates":[[[-44.1388,-22.4087],[-44.1414,-22.4102],[-44.1446,-22.4044],[-44.1413,-22.404],[-44.1393,-22.4078],[-44.1388,-22.4087]]]}},{"type":"Feature","properties":{"cod_imovel":"RJ-3300407-C68C7FCF92F1445CB5119A285BC02D49","mod_fiscal":"0.2957000000000000000000000000000","num_area":"7.6880000000000000000000000000000","ind_status":"AT","ind_tipo":"IRU","des_condic":"Aguardando analise","municipio":"Barra Mansa","dat_criaca":"04/07/2017"},"geometry":{"type":"Polygon","coordinates":[[[-44.2422,-22.5476],[-44.2462,-22.5464],[-44.2422,-22.5474],[-44.2422,-22.5476]]]}},{"type":"Feature","properties":{"cod_imovel":"RJ-3300407-C6ECA9C39D5D46F8B9EAAEB2CCB2F3A5","mod_fiscal":"0.7206000000000000000000000000000","num_area":"18.735200000000000000000000000000","ind_status":"AT","ind_tipo":"IRU","des_condic":"Aguardando analise","municipio":"Barra Mansa","dat_criaca":"25/04/2016"},"geometry":{"type":"Polygon","coordinates":[[[-44.3098,-22.5553],[-44.3053,-22.5514],[-44.3049,-22.556],[-44.3098,-22.5553]]]}},{"type":"Feature","properties":{"cod_imovel":"RJ-3300407-CC53C6F635EF4149BFDD3406EE7466F4","mod_fiscal":"0.6729000000000000000000000000000","num_area":"17.494700000000000000000000000000","ind_status":"AT","ind_tipo":"IRU","des_condic":"Aguardando analise","municipio":"Barra Mansa","dat_criaca":"16/10/2015"},"geometry":{"type":"Polygon","coordinates":[[[-44.3015,-22.5612],[-44.2971,-22.5618],[-44.301,-22.567],[-44.3015,-22.5612],[-44.3015,-22.5612]]]}},{"type":"Feature","properties":{"cod_imovel":"RJ-3300407-D2DDE715EE5F475B8497C96394247F91","mod_fiscal":"0.1820000000000000000000000000000","num_area":"4.7308000000000000000000000000000","ind_status":"AT","ind_tipo":"IRU","des_condic":"Aguardando analise","municipio":"Barra Mansa","dat_criaca":"24/11/2015"},"geometry":{"type":"Polygon","coordinates":[[[-44.1783,-22.5012],[-44.1771,-22.5031],[-44.1792,-22.5017],[-44.1783,-22.5012]]]}},{"type":"Feature","properties":{"cod_imovel":"RJ-3300407-CF81B85A48F34BC9924B6397E54A00D5","mod_fiscal":"4.9102000000000000000000000000000","num_area":"127.66400000000000000000000000000","ind_status":"AT","ind_tipo":"IRU","des_condic":"Aguardando analise","municipio":"Barra Mansa","dat_criaca":"13/12/2018"},"geometry":{"type":"Polygon","coordinates":[[[-44.1111,-22.5675],[-44.1022,-22.5647],[-44.0987,-22.572],[-44.115,-22.5744],[-44.1159,-22.57],[-44.1112,-22.5676],[-44.1111,-22.5675]]]}},{"type":"Feature","properties":{"cod_imovel":"RJ-3300407-D260B65E60B8425EA2D300FA6B71CE77","mod_fiscal":"4.9857000000000000000000000000000","num_area":"129.62940000000000000000000000000","ind_status":"AT","ind_tipo":"IRU","des_condic":"Em analise","municipio":"Barra Mansa","dat_criaca":"17/06/2015"},"geometry":{"type":"Polygon","coordinates":[[[-44.1285,-22.5683],[-44.1356,-22.5802],[-44.1434,-22.5714],[-44.1306,-22.5672],[-44.1285,-22.5683]]]}},{"type":"Feature","properties":{"cod_imovel":"RJ-3300407-D928355E06774F258DAAD0FED0FC4C98","mod_fiscal":"5.0376000000000000000000000000000","num_area":"130.97810000000000000000000000000","ind_status":"AT","ind_tipo":"IRU","des_condic":"Aguardando analise","municipio":"Barra Mansa","dat_criaca":"23/05/2018"},"geometry":{"type":"Polygon","coordinates":[[[-44.1153,-22.3807],[-44.1224,-22.3778],[-44.1067,-22.3683],[-44.1044,-22.3711],[-44.1069,-22.379],[-44.1147,-22.3803],[-44.1153,-22.3807]]]}},{"type":"Feature","properties":{"cod_imovel":"RJ-3300407-DCABEEC0948A47DE973432EE1367C4DF","mod_fiscal":"1.4121000000000000000000000000000","num_area":"36.715800000000000000000000000000","ind_status":"AT","ind_tipo":"IRU","des_condic":"Aguardando analise","municipio":"Barra Mansa","dat_criaca":"19/05/2016"},"geometry":{"type":"Polygon","coordinates":[[[-44.1068,-22.3444],[-44.1006,-22.3494],[-44.1108,-22.3512],[-44.1076,-22.3454],[-44.1068,-22.3444]]]}},{"type":"Feature","properties":{"cod_imovel":"RJ-3300407-DD5053E3CC2044E6886CAC5E2F833143","mod_fiscal":"1.2852000000000000000000000000000","num_area":"33.415400000000000000000000000000","ind_status":"AT","ind_tipo":"IRU","des_condic":"Aguardando analise","municipio":"Barra Mansa","dat_criaca":"02/06/2015"},"geometry":{"type":"Polygon","coordinates":[[[-44.1603,-22.3446],[-44.1592,-22.3409],[-44.1505,-22.3419],[-44.153,-22.3463],[-44.1596,-22.3447],[-44.1603,-22.3446]]]}},{"type":"Feature","properties":{"cod_imovel":"RJ-3300407-DFEF145A3B524D41A04B52F3FAFBE6DD","mod_fiscal":"1.4668000000000000000000000000000","num_area":"38.137600000000000000000000000000","ind_status":"AT","ind_tipo":"IRU","des_condic":"Aguardando analise","municipio":"Barra Mansa","dat_criaca":"22/06/2015"},"geometry":{"type":"Polygon","coordinates":[[[-44.3011,-22.578],[-44.2966,-22.579],[-44.2983,-22.5874],[-44.3034,-22.5824],[-44.3013,-22.5784],[-44.3011,-22.578]]]}},{"type":"Feature","properties":{"cod_imovel":"RJ-3300407-E23020BDDDB5415188539FAE7CD21553","mod_fiscal":"1.3618000000000000000000000000000","num_area":"35.406700000000000000000000000000","ind_status":"AT","ind_tipo":"IRU","des_condic":"Aguardando analise","municipio":"Barra Mansa","dat_criaca":"28/08/2014"},"geometry":{"type":"Polygon","coordinates":[[[-44.3043,-22.504],[-44.307,-22.509],[-44.3108,-22.5072],[-44.3071,-22.5016],[-44.3045,-22.5037],[-44.3043,-22.504]]]}},{"type":"Feature","properties":{"cod_imovel":"RJ-3300407-E298D8A67C244E48976B3B372455830B","mod_fiscal":"0.4058000000000000000000000000000","num_area":"105.49640000000000000000000000000","ind_status":"AT","ind_tipo":"AST","des_condic":"Aguardando analise","municipio":"Barra Mansa","dat_criaca":"23/09/2017"},"geometry":{"type":"Polygon","coordinates":[[[-44.161,-22.4747],[-44.1646,-22.4788],[-44.1771,-22.4687],[-44.1698,-22.4665],[-44.1609,-22.4746],[-44.161,-22.4747]]]}},{"type":"Feature","properties":{"cod_imovel":"RJ-3300407-EAC14D9382C44D47AB42E546BE01A6A4","mod_fiscal":"1.4411000000000000000000000000000","num_area":"37.469100000000000000000000000000","ind_status":"AT","ind_tipo":"IRU","des_condic":"Aguardando analise","municipio":"Barra Mansa","dat_criaca":"22/06/2015"},"geometry":{"type":"Polygon","coordinates":[[[-44.1469,-22.4201],[-44.1484,-22.4168],[-44.1424,-22.4145],[-44.1432,-22.424],[-44.1456,-22.42],[-44.1469,-22.4201]]]}},{"type":"Feature","properties":{"cod_imovel":"RJ-3300407-ECFBB43F976440E1B681EF5DDFBC6381","mod_fiscal":"4.3900000000000000000000000000000","num_area":"90.845200000000000000000000000000","ind_status":"AT","ind_tipo":"IRU","des_condic":"Aguardando analise","municipio":"Barra Mansa","dat_criaca":"01/06/2016"},"geometry":{"type":"Polygon","coordinates":[[[-44.1649,-22.5149],[-44.1536,-22.5091],[-44.1529,-22.5215],[-44.1587,-22.5211],[-44.1643,-22.515],[-44.1649,-22.5149]]]}},{"type":"Feature","properties":{"cod_imovel":"RJ-3300407-EFCE23F0D40D47868C42C7C6FABDE870","mod_fiscal":"1.3339000000000000000000000000000","num_area":"34.680400000000000000000000000000","ind_status":"AT","ind_tipo":"IRU","des_condic":"Aguardando analise","municipio":"Barra Mansa","dat_criaca":"30/04/2016"},"geometry":{"type":"Polygon","coordinates":[[[-44.264,-22.5705],[-44.2644,-22.5679],[-44.2561,-22.5681],[-44.2528,-22.573],[-44.2629,-22.57],[-44.264,-22.5705]]]}},{"type":"Feature","properties":{"cod_imovel":"RJ-3300407-F031559F39B84DF2B4A5CB073BC3037D","mod_fiscal":"0.9029000000000000000000000000000","num_area":"23.476100000000000000000000000000","ind_status":"AT","ind_tipo":"IRU","des_condic":"Aguardando analise","municipio":"Barra Mansa","dat_criaca":"23/05/2016"},"geometry":{"type":"Polygon","coordinates":[[[-44.281,-22.5771],[-44.2805,-22.585],[-44.2843,-22.584],[-44.2811,-22.5772],[-44.281,-22.5771]]]}},{"type":"Feature","properties":{"cod_imovel":"RJ-3300407-F70927CBAA00499CBCE774927C1ECCBF","mod_fiscal":"1.8361000000000000000000000000000","num_area":"47.737700000000000000000000000000","ind_status":"AT","ind_tipo":"IRU","des_condic":"Aguardando analise","municipio":"Barra Mansa","dat_criaca":"19/05/2016"},"geometry":{"type":"Polygon","coordinates":[[[-44.2637,-22.5721],[-44.263,-22.57],[-44.2526,-22.5734],[-44.2496,-22.5844],[-44.2548,-22.5746],[-44.2636,-22.5722],[-44.2637,-22.5721]]]}},{"type":"Feature","properties":{"cod_imovel":"RJ-3300407-F3C1713E5BB4413EB4F624DC310BCDEE","mod_fiscal":"0.4550000000000000000000000000000","num_area":"11.830800000000000000000000000000","ind_status":"AT","ind_tipo":"IRU","des_condic":"Aguardando analise","municipio":"Barra Mansa","dat_criaca":"06/10/2015"},"geometry":{"type":"Polygon","coordinates":[[[-44.2566,-22.5629],[-44.2614,-22.5606],[-44.2586,-22.5589],[-44.2568,-22.5624],[-44.2566,-22.5629]]]}}]}