{"type":"FeatureCollection","features":[{"type":"Feature","properties":{"cod_imovel":"RJ-3303104-C681ECCDE31F400E8773F33B6A7CAE59","mod_fiscal":"5.0579000000000000000000000000000","num_area":"151.73730000000000000000000000000","ind_status":"AT","ind_tipo":"IRU","des_condic":"Aguardando analise","municipio":"Porciuncula","dat_criaca":"29/12/2017"},"geometry":{"type":"Polygon","coordinates":[[[-41.9648,-20.9609],[-41.9638,-20.9529],[-41.9522,-20.9517],[-41.9506,-20.9656],[-41.9639,-20.9617],[-41.9648,-20.9609]]]}},{"type":"Feature","properties":{"cod_imovel":"RJ-3304102-CDA810384D4545BDA034854752F7043A","mod_fiscal":"0.1361000000000000000000000000000","num_area":"4.0834000000000000000000000000000","ind_status":"PE","ind_tipo":"IRU","des_condic":"Aguardando analise","municipio":"Porciuncula","dat_criaca":"22/09/2021"},"geometry":{"type":"Polygon","coordinates":[[[-42.0052,-20.9453],[-42.0067,-20.9481],[-42.0054,-20.9455],[-42.0052,-20.9453]]]}},{"type":"Feature","properties":{"cod_imovel":"RJ-3304102-6DA08BBBDFDB47378B78BE6C60336246","mod_fiscal":"2.8226000000000000000000000000000","num_area":"84.677500000000000000000000000000","ind_status":"AT","ind_tipo":"IRU","des_condic":"Aguardando analise, apos revisao ou atendimento da notificacao","municipio":"Porciuncula","dat_criaca":"07/09/2014"},"geometry":{"type":"Polygon","coordinates":[[[-41.9363,-20.8693],[-41.9389,-20.8744],[-41.9333,-20.8711],[-41.9325,-20.8775],[-41.9399,-20.8765],[-41.9413,-20.8594],[-41.9371,-20.8683],[-41.9363,-20.8693]]]}},{"type":"Feature","properties":{"cod_imovel":"RJ-3304102-F40F0F6347294FD392A9C00ECD116493","mod_fiscal":"0.1587000000000000000000000000000","num_area":"4.7611000000000000000000000000000","ind_status":"AT","ind_tipo":"IRU","des_condic":"Aguardando analise","municipio":"Porciuncula","dat_criaca":"08/04/2026"},"geometry":{"type":"Polygon","coordinates":[[[-41.9336,-20.8698],[-41.9386,-20.8745],[-41.9336,-20.8698],[-41.9336,-20.8698]]]}},{"type":"Feature","properties":{"cod_imovel":"RJ-3304102-7D4FD23AEC9B4CB7AC3FB89A635651EB","mod_fiscal":"1.0646000000000000000000000000000","num_area":"31.937300000000000000000000000000","ind_status":"AT","ind_tipo":"IRU","des_condic":"Aguardando analise","municipio":"Porciuncula","dat_criaca":"07/03/2025"},"geometry":{"type":"Polygon","coordinates":[[[-41.8595,-20.7716],[-41.8596,-20.7801],[-41.8646,-20.7753],[-41.8596,-20.7715],[-41.8595,-20.7716]]]}},{"type":"Feature","properties":{"cod_imovel":"RJ-3304102-C4EBB66068F64D5D84337F3ABEBDD7D0","mod_fiscal":"0.1404000000000000000000000000000","num_area":"4.1454000000000000000000000000000","ind_status":"AT","ind_tipo":"IRU","des_condic":"Aguardando analise","municipio":"Porciuncula","dat_criaca":"17/03/2016"},"geometry":{"type":"Polygon","coordinates":[[[-41.9282,-20.809],[-41.9283,-20.8057],[-41.9284,-20.8084],[-41.9282,-20.809]]]}},{"type":"Feature","properties":{"cod_imovel":"RJ-3304102-D7DBA210560B42949DA28038EBAEFA50","mod_fiscal":"0.1646000000000000000000000000000","num_area":"4.9384000000000000000000000000000","ind_status":"AT","ind_tipo":"IRU","des_condic":"Aguardando analise","municipio":"Porciuncula","dat_criaca":"26/04/2018"},"geometry":{"type":"Polygon","coordinates":[[[-41.8691,-20.7706],[-41.8713,-20.7682],[-41.8677,-20.7688],[-41.869,-20.7707],[-41.8691,-20.7706]]]}},{"type":"Feature","properties":{"cod_imovel":"RJ-3304102-1CFA9A23E8EB421884FBC609AC67D14E","mod_fiscal":"0.0867000000000000000000000000000","num_area":"2.6011000000000000000000000000000","ind_status":"AT","ind_tipo":"IRU","des_condic":"Aguardando analise","municipio":"Porciuncula","dat_criaca":"28/03/2017"},"geometry":{"type":"Polygon","coordinates":[[[-41.8708,-20.7728],[-41.8743,-20.7714],[-41.8713,-20.7727],[-41.8708,-20.7728]]]}},{"type":"Feature","properties":{"cod_imovel":"RJ-3304102-74B9A219365041ACB90EF1E7C8A2977F","mod_fiscal":"0.0870000000000000000000000000000","num_area":"2.6114000000000000000000000000000","ind_status":"AT","ind_tipo":"IRU","des_condic":"Aguardando analise","municipio":"Porciuncula","dat_criaca":"02/03/2016"},"geometry":{"type":"Polygon","coordinates":[[[-41.8699,-20.7728],[-41.8741,-20.7715],[-41.8699,-20.7725],[-41.8699,-20.7728]]]}},{"type":"Feature","properties":{"cod_imovel":"RJ-3304102-05A4140289B74FDD985A636427AFD743","mod_fiscal":"0.3011000000000000000000000000000","num_area":"9.0331000000000000000000000000000","ind_status":"AT","ind_tipo":"IRU","des_condic":"Aguardando analise","municipio":"Porciuncula","dat_criaca":"14/03/2016"},"geometry":{"type":"Polygon","coordinates":[[[-41.8745,-20.8573],[-41.8741,-20.8602],[-41.8773,-20.8604],[-41.8747,-20.8574],[-41.8745,-20.8573]]]}},{"type":"Feature","properties":{"cod_imovel":"RJ-3304102-D269A83186A148E09C9A633F7CDDECD1","mod_fiscal":"0.5662000000000000000000000000000","num_area":"16.986400000000000000000000000000","ind_status":"AT","ind_tipo":"IRU","des_condic":"Aguardando analise","municipio":"Porciuncula","dat_criaca":"31/03/2015"},"geometry":{"type":"Polygon","coordinates":[[[-41.9749,-20.9432],[-41.9714,-20.9499],[-41.9766,-20.9469],[-41.975,-20.9432],[-41.9749,-20.9432]]]}},{"type":"Feature","properties":{"cod_imovel":"RJ-3304102-BCCD3418B9AC45AB810A34DE656CE266","mod_fiscal":"0.3909000000000000000000000000000","num_area":"11.726800000000000000000000000000","ind_status":"AT","ind_tipo":"IRU","des_condic":"Aguardando analise","municipio":"Porciuncula","dat_criaca":"04/04/2018"},"geometry":{"type":"Polygon","coordinates":[[[-41.8766,-20.8279],[-41.8736,-20.823],[-41.8758,-20.8279],[-41.8766,-20.8279]]]}},{"type":"Feature","properties":{"cod_imovel":"RJ-3304102-10E5F6D5E404412AA8EFF57D85FD1940","mod_fiscal":"0.2738000000000000000000000000000","num_area":"8.2125000000000000000000000000000","ind_status":"AT","ind_tipo":"IRU","des_condic":"Aguardando analise","municipio":"Porciuncula","dat_criaca":"13/04/2016"},"geometry":{"type":"Polygon","coordinates":[[[-41.9262,-20.8315],[-41.9232,-20.8346],[-41.9263,-20.8318],[-41.9262,-20.8315]]]}},{"type":"Feature","properties":{"cod_imovel":"RJ-3304102-F1EDB10216FA4B62BD0D7F01E4230FEA","mod_fiscal":"1.1482000000000000000000000000000","num_area":"34.446500000000000000000000000000","ind_status":"AT","ind_tipo":"IRU","des_condic":"Aguardando analise","municipio":"Porciuncula","dat_criaca":"10/03/2016"},"geometry":{"type":"Polygon","coordinates":[[[-41.8973,-20.8285],[-41.8951,-20.8309],[-41.8974,-20.8397],[-41.9018,-20.8346],[-41.8976,-20.829],[-41.8973,-20.8285]]]}},{"type":"Feature","properties":{"cod_imovel":"RJ-3304102-5DBAEB48835143149C7B1DCA65DEDB8E","mod_fiscal":"1.0749000000000000000000000000000","num_area":"32.246400000000000000000000000000","ind_status":"AT","ind_tipo":"IRU","des_condic":"Aguardando analise","municipio":"Porciuncula","dat_criaca":"26/03/2026"},"geometry":{"type":"Polygon","coordinates":[[[-41.9279,-20.8092],[-41.9276,-20.8035],[-41.9225,-20.8033],[-41.9227,-20.807],[-41.9275,-20.8091],[-41.9279,-20.8092]]]}},{"type":"Feature","properties":{"cod_imovel":"RJ-3304102-BBF100BAB7BF44E6BA117D0F4EDFE4B8","mod_fiscal":"0.0682000000000000000000000000000","num_area":"2.0473000000000000000000000000000","ind_status":"AT","ind_tipo":"IRU","des_condic":"Aguardando analise","municipio":"Porciuncula","dat_criaca":"20/03/2026"},"geometry":{"type":"Polygon","coordinates":[[[-41.8851,-20.8522],[-41.8869,-20.8547],[-41.8854,-20.8523],[-41.8851,-20.8522]]]}},{"type":"Feature","properties":{"cod_imovel":"RJ-3304102-0F4D90DD90D8475DB57F058D077A0385","mod_fiscal":"0.0685000000000000000000000000000","num_area":"2.0561000000000000000000000000000","ind_status":"AT","ind_tipo":"IRU","des_condic":"Aguardando analise","municipio":"Porciuncula","dat_criaca":"07/12/2020"},"geometry":{"type":"Polygon","coordinates":[[[-41.8858,-20.852],[-41.8875,-20.8549],[-41.8858,-20.8521],[-41.8858,-20.852]]]}},{"type":"Feature","properties":{"cod_imovel":"RJ-3304102-14424279B60E4FEBAE8A246302661D65","mod_fiscal":"0.3177000000000000000000000000000","num_area":"9.5309000000000000000000000000000","ind_status":"AT","ind_tipo":"IRU","des_condic":"Aguardando analise","municipio":"Porciuncula","dat_criaca":"21/11/2017"},"geometry":{"type":"Polygon","coordinates":[[[-42.0299,-20.9721],[-42.0252,-20.975],[-42.0301,-20.9727],[-42.0299,-20.9721]]]}},{"type":"Feature","properties":{"cod_imovel":"RJ-3304102-4D14A93D01C84F3980CF85A54F32793F","mod_fiscal":"0.5994000000000000000000000000000","num_area":"17.980600000000000000000000000000","ind_status":"AT","ind_tipo":"IRU","des_condic":"Aguardando analise","municipio":"Porciuncula","dat_criaca":"10/04/2016"},"geometry":{"type":"Polygon","coordinates":[[[-41.9307,-20.8686],[-41.9322,-20.866],[-41.9244,-20.8688],[-41.9267,-20.8708],[-41.9304,-20.8685],[-41.9307,-20.8686]]]}},{"type":"Feature","properties":{"cod_imovel":"RJ-3304102-276AB23253EA42B3AF61131D9631104C","mod_fiscal":"0.1613000000000000000000000000000","num_area":"4.8404000000000000000000000000000","ind_status":"AT","ind_tipo":"IRU","des_condic":"Aguardando analise","municipio":"Porciuncula","dat_criaca":"04/08/2025"},"geometry":{"type":"Polygon","coordinates":[[[-41.8138,-20.8303],[-41.8149,-20.8281],[-41.8137,-20.8304],[-41.8138,-20.8303]]]}},{"type":"Feature","properties":{"cod_imovel":"RJ-3304102-A0281405A35E491E82350239B8676633","mod_fiscal":"0.3217000000000000000000000000000","num_area":"9.6521000000000000000000000000000","ind_status":"AT","ind_tipo":"IRU","des_condic":"Aguardando analise","municipio":"Porciuncula","dat_criaca":"24/02/2026"},"geometry":{"type":"Polygon","coordinates":[[[-41.9193,-20.8945],[-41.9164,-20.8939],[-41.9166,-20.8982],[-41.9198,-20.8976],[-41.9192,-20.8948],[-41.9193,-20.8945]]]}},{"type":"Feature","properties":{"cod_imovel":"RJ-3306156-EC0C2934203347CFBBFC7C54D8DBE84E","mod_fiscal":"0.7502000000000000000000000000000","num_area":"22.506500000000000000000000000000","ind_status":"AT","ind_tipo":"IRU","des_condic":"Aguardando analise","municipio":"Porciuncula","dat_criaca":"15/04/2016"},"geometry":{"type":"Polygon","coordinates":[[[-41.8108,-20.8282],[-41.8137,-20.8304],[-41.8151,-20.8259],[-41.81,-20.8248],[-41.8105,-20.8284],[-41.8108,-20.8282]]]}},{"type":"Feature","properties":{"cod_imovel":"RJ-3304102-DC343B4E215A4151B160E2850CBF6E24","mod_fiscal":"0.3227000000000000000000000000000","num_area":"9.6804000000000000000000000000000","ind_status":"AT","ind_tipo":"IRU","des_condic":"Aguardando analise","municipio":"Porciuncula","dat_criaca":"22/09/2025"},"geometry":{"type":"Polygon","coordinates":[[[-41.913,-20.899],[-41.9072,-20.9025],[-41.9132,-20.899],[-41.913,-20.899]]]}},{"type":"Feature","properties":{"cod_imovel":"RJ-3304102-3B558E63EBD84C6B8BAA19A314EBE06C","mod_fiscal":"0.3226000000000000000000000000000","num_area":"9.6768000000000000000000000000000","ind_status":"AT","ind_tipo":"IRU","des_condic":"Aguardando analise","municipio":"Porciuncula","dat_criaca":"30/07/2019"},"geometry":{"type":"Polygon","coordinates":[[[-41.9147,-20.8996],[-41.915,-20.9035],[-41.9179,-20.9027],[-41.9147,-20.8996],[-41.9147,-20.8996]]]}},{"type":"Feature","properties":{"cod_imovel":"RJ-3304102-DFF049AD89394C92B3C1885398D495D3","mod_fiscal":"0.1792000000000000000000000000000","num_area":"5.3772000000000000000000000000000","ind_status":"AT","ind_tipo":"IRU","des_condic":"Aguardando analise","municipio":"Porciuncula","dat_criaca":"11/05/2021"},"geometry":{"type":"Polygon","coordinates":[[[-41.9168,-20.8153],[-41.9156,-20.8192],[-41.9173,-20.8169],[-41.9168,-20.8153]]]}},{"type":"Feature","properties":{"cod_imovel":"RJ-3304102-D73FF93242C749E797BE4ABFF0B02F51","mod_fiscal":"1.6231000000000000000000000000000","num_area":"48.228400000000000000000000000000","ind_status":"AT","ind_tipo":"IRU","des_condic":"Aguardando analise","municipio":"Porciuncula","dat_criaca":"28/01/2026"},"geometry":{"type":"Polygon","coordinates":[[[-41.9336,-20.8542],[-41.9362,-20.8658],[-41.9404,-20.8566],[-41.9342,-20.8543],[-41.9336,-20.8542]]]}},{"type":"Feature","properties":{"cod_imovel":"RJ-3304102-0D60D6851B774AEA8276BF97B8C4B096","mod_fiscal":"0.2018000000000000000000000000000","num_area":"6.0547000000000000000000000000000","ind_status":"AT","ind_tipo":"IRU","des_condic":"Aguardando analise","municipio":"Porciuncula","dat_criaca":"21/01/2026"},"geometry":{"type":"Polygon","coordinates":[[[-41.9261,-20.8572],[-41.9231,-20.8594],[-41.9259,-20.8577],[-41.9261,-20.8572]]]}},{"type":"Feature","properties":{"cod_imovel":"RJ-3304102-92CC4D3181D64C0A8811DBE9BB233572","mod_fiscal":"0.4249000000000000000000000000000","num_area":"12.745700000000000000000000000000","ind_status":"PE","ind_tipo":"IRU","des_condic":"Analisado, aguardando atendimento a notificacao","municipio":"Porciuncula","dat_criaca":"06/09/2015"},"geometry":{"type":"Polygon","coordinates":[[[-42.0799,-20.999],[-42.0841,-20.9954],[-42.0814,-20.9951],[-42.0799,-20.999]]]}},{"type":"Feature","properties":{"cod_imovel":"RJ-3304102-D4097CE1FC0E49399096245A8E5023C6","mod_fiscal":"0.2220000000000000000000000000000","num_area":"6.6604000000000000000000000000000","ind_status":"PE","ind_tipo":"IRU","des_condic":"Analisado, aguardando atendimento a notificacao","municipio":"Porciuncula","dat_criaca":"25/04/2016"},"geometry":{"type":"Polygon","coordinates":[[[-42.0958,-20.9827],[-42.0934,-20.9819],[-42.0937,-20.9848],[-42.0969,-20.9835],[-42.0958,-20.9827]]]}},{"type":"Feature","properties":{"cod_imovel":"RJ-3304102-2E28801C84404896A30797B4589BA784","mod_fiscal":"0.4520000000000000000000000000000","num_area":"13.559600000000000000000000000000","ind_status":"PE","ind_tipo":"IRU","des_condic":"Analisado, aguardando atendimento a notificacao","municipio":"Porciuncula","dat_criaca":"04/05/2016"},"geometry":{"type":"Polygon","coordinates":[[[-42.0559,-20.9886],[-42.0596,-20.9898],[-42.057,-20.9849],[-42.0559,-20.9886]]]}},{"type":"Feature","properties":{"cod_imovel":"RJ-3304102-B720E0285881488A965D700EE44A74B5","mod_fiscal":"3.5977000000000000000000000000000","num_area":"107.93220000000000000000000000000","ind_status":"PE","ind_tipo":"IRU","des_condic":"Analisado, aguardando atendimento a notificacao","municipio":"Porciuncula","dat_criaca":"24/06/2015"},"geometry":{"type":"Polygon","coordinates":[[[-42.0467,-20.9981],[-42.0373,-21.0054],[-42.0307,-21.0057],[-42.0337,-21.01],[-42.0464,-21.0083],[-42.047,-21.0001],[-42.0467,-20.9981]]]}},{"type":"Feature","properties":{"cod_imovel":"RJ-3304102-30381FED4417494D9AD238F384D5476F","mod_fiscal":"0.1238000000000000000000000000000","num_area":"3.7149000000000000000000000000000","ind_status":"AT","ind_tipo":"IRU","des_condic":"Aguardando analise","municipio":"Porciuncula","dat_criaca":"15/07/2025"},"geometry":{"type":"Polygon","coordinates":[[[-41.8035,-20.8161],[-41.8,-20.817],[-41.803,-20.8168],[-41.8035,-20.8161]]]}},{"type":"Feature","properties":{"cod_imovel":"RJ-3304102-13E677A30F594C8D928DEB6F5E9E90D8","mod_fiscal":"0.0864000000000000000000000000000","num_area":"2.5918000000000000000000000000000","ind_status":"AT","ind_tipo":"IRU","des_condic":"Aguardando analise","municipio":"Porciuncula","dat_criaca":"29/04/2016"},"geometry":{"type":"Polygon","coordinates":[[[-41.878,-20.8527],[-41.8752,-20.8516],[-41.8769,-20.8534],[-41.878,-20.8527]]]}},{"type":"Feature","properties":{"cod_imovel":"RJ-3304102-64046CB090BC48E58CD4902B86791761","mod_fiscal":"0.3507000000000000000000000000000","num_area":"10.520800000000000000000000000000","ind_status":"AT","ind_tipo":"IRU","des_condic":"Aguardando analise","municipio":"Porciuncula","dat_criaca":"03/12/2025"},"geometry":{"type":"Polygon","coordinates":[[[-42.0985,-20.9744],[-42.0957,-20.9755],[-42.0995,-20.9746],[-42.0985,-20.9744]]]}},{"type":"Feature","properties":{"cod_imovel":"RJ-3304102-BF5AEBC9003C47199F6B8903CC5C6452","mod_fiscal":"5.9927000000000000000000000000000","num_area":"179.78160000000000000000000000000","ind_status":"AT","ind_tipo":"IRU","des_condic":"Aguardando analise","municipio":"Porciuncula","dat_criaca":"13/05/2018"},"geometry":{"type":"Polygon","coordinates":[[[-42.0862,-20.965],[-42.0797,-20.9609],[-42.0667,-20.9753],[-42.0782,-20.9776],[-42.081,-20.9688],[-42.0854,-20.9661],[-42.0862,-20.965]]]}},{"type":"Feature","properties":{"cod_imovel":"RJ-3304102-78CF476932B84E19A6B38C929CE9F0EA","mod_fiscal":"0.2088000000000000000000000000000","num_area":"6.2647000000000000000000000000000","ind_status":"AT","ind_tipo":"IRU","des_condic":"Aguardando analise","municipio":"Porciuncula","dat_criaca":"27/11/2025"},"geometry":{"type":"Polygon","coordinates":[[[-41.9308,-20.8816],[-41.9266,-20.8831],[-41.9295,-20.8828],[-41.9308,-20.8816]]]}},{"type":"Feature","properties":{"cod_imovel":"RJ-3304102-5C6BB52EAA094E00A00E8A0B3CA982F4","mod_fiscal":"0.2417000000000000000000000000000","num_area":"7.2519000000000000000000000000000","ind_status":"AT","ind_tipo":"IRU","des_condic":"Aguardando analise","municipio":"Porciuncula","dat_criaca":"30/07/2019"},"geometry":{"type":"Polygon","coordinates":[[[-41.9137,-20.8945],[-41.9132,-20.899],[-41.9141,-20.8948],[-41.9137,-20.8945]]]}},{"type":"Feature","properties":{"cod_imovel":"RJ-3304102-AD691988E6604A6DADE81E6BDE83484C","mod_fiscal":"1.8540000000000000000000000000000","num_area":"55.620100000000000000000000000000","ind_status":"AT","ind_tipo":"IRU","des_condic":"Aguardando analise","municipio":"Porciuncula","dat_criaca":"21/11/2025"},"geometry":{"type":"Polygon","coordinates":[[[-42.0757,-20.9967],[-42.0756,-20.9934],[-42.0697,-21.0036],[-42.0741,-21.0048],[-42.0778,-20.9982],[-42.0759,-20.997],[-42.0757,-20.9967]]]}},{"type":"Feature","properties":{"cod_imovel":"RJ-3304102-07D70C31F21B4BDA9DDDDD46BFF20655","mod_fiscal":"0.1657000000000000000000000000000","num_area":"4.9718000000000000000000000000000","ind_status":"AT","ind_tipo":"IRU","des_condic":"Aguardando analise","municipio":"Porciuncula","dat_criaca":"01/06/2017"},"geometry":{"type":"Polygon","coordinates":[[[-41.827,-20.8026],[-41.8254,-20.7967],[-41.8264,-20.8025],[-41.827,-20.8026]]]}},{"type":"Feature","properties":{"cod_imovel":"RJ-3304102-91E3F35DE01B439B97ABE683B05AEB8F","mod_fiscal":"0.2596000000000000000000000000000","num_area":"7.7880000000000000000000000000000","ind_status":"AT","ind_tipo":"IRU","des_condic":"Aguardando analise","municipio":"Porciuncula","dat_criaca":"20/11/2025"},"geometry":{"type":"Polygon","coordinates":[[[-42.065,-20.9549],[-42.0688,-20.9474],[-42.0633,-20.9531],[-42.065,-20.9549]]]}},{"type":"Feature","properties":{"cod_imovel":"RJ-3304102-F5DDD7FA43E646BA9C7EFD669AB981FA","mod_fiscal":"0.3793000000000000000000000000000","num_area":"11.379400000000000000000000000000","ind_status":"AT","ind_tipo":"IRU","des_condic":"Aguardando analise","municipio":"Porciuncula","dat_criaca":"19/11/2025"},"geometry":{"type":"Polygon","coordinates":[[[-41.9017,-20.8082],[-41.9007,-20.8103],[-41.9062,-20.8098],[-41.9018,-20.8082],[-41.9017,-20.8082]]]}},{"type":"Feature","properties":{"cod_imovel":"RJ-3304102-9706BC18CE594734A460DFE34B1794DC","mod_fiscal":"0.3196000000000000000000000000000","num_area":"9.5881000000000000000000000000000","ind_status":"AT","ind_tipo":"IRU","des_condic":"Aguardando analise","municipio":"Porciuncula","dat_criaca":"19/11/2025"},"geometry":{"type":"Polygon","coordinates":[[[-41.904,-20.8155],[-41.909,-20.8192],[-41.9079,-20.8143],[-41.9041,-20.8155],[-41.904,-20.8155]]]}},{"type":"Feature","properties":{"cod_imovel":"RJ-3304102-5DA63DB679F1406D92F9CA4488DE0374","mod_fiscal":"1.0509000000000000000000000000000","num_area":"31.528200000000000000000000000000","ind_status":"AT","ind_tipo":"IRU","des_condic":"Aguardando analise","municipio":"Porciuncula","dat_criaca":"18/05/2016"},"geometry":{"type":"Polygon","coordinates":[[[-42.0431,-20.9848],[-42.0479,-20.9927],[-42.0451,-20.983],[-42.0398,-20.9816],[-42.0422,-20.9847],[-42.0431,-20.9848]]]}},{"type":"Feature","properties":{"cod_imovel":"RJ-3304102-AB161E0DBCC34D5EB9C4097E207475F7","mod_fiscal":"0.1807000000000000000000000000000","num_area":"5.4216000000000000000000000000000","ind_status":"AT","ind_tipo":"IRU","des_condic":"Aguardando analise","municipio":"Porciuncula","dat_criaca":"17/11/2025"},"geometry":{"type":"Polygon","coordinates":[[[-41.9121,-20.8361],[-41.9135,-20.8331],[-41.911,-20.8357],[-41.9121,-20.8361]]]}},{"type":"Feature","properties":{"cod_imovel":"RJ-3304102-464F728572E841DA92CA05128DAAAB87","mod_fiscal":"0.2542000000000000000000000000000","num_area":"7.6247000000000000000000000000000","ind_status":"AT","ind_tipo":"IRU","des_condic":"Aguardando analise","municipio":"Porciuncula","dat_criaca":"27/03/2016"},"geometry":{"type":"Polygon","coordinates":[[[-41.8664,-20.8085],[-41.8651,-20.8126],[-41.8667,-20.8087],[-41.8664,-20.8085]]]}},{"type":"Feature","properties":{"cod_imovel":"RJ-3304102-1435C9EF170A47CE9AF03B76A6AEBC16","mod_fiscal":"0.1563000000000000000000000000000","num_area":"4.6881000000000000000000000000000","ind_status":"AT","ind_tipo":"IRU","des_condic":"Aguardando analise","municipio":"Porciuncula","dat_criaca":"26/06/2025"},"geometry":{"type":"Polygon","coordinates":[[[-41.939,-20.8743],[-41.9381,-20.8714],[-41.9385,-20.8741],[-41.939,-20.8743]]]}},{"type":"Feature","properties":{"cod_imovel":"RJ-3304102-CD7DC71A7DC949ED856AEE7CC9573E22","mod_fiscal":"0.5604000000000000000000000000000","num_area":"16.812600000000000000000000000000","ind_status":"AT","ind_tipo":"IRU","des_condic":"Aguardando analise","municipio":"Porciuncula","dat_criaca":"27/02/2016"},"geometry":{"type":"Polygon","coordinates":[[[-41.8893,-20.8429],[-41.8854,-20.8397],[-41.8922,-20.8468],[-41.8876,-20.8448],[-41.8934,-20.8467],[-41.89,-20.8437],[-41.8893,-20.8429]]]}},{"type":"Feature","properties":{"cod_imovel":"RJ-3304102-26B1C66A68AB41AC95641C9F129FBF33","mod_fiscal":"0.1384000000000000000000000000000","num_area":"4.1515000000000000000000000000000","ind_status":"AT","ind_tipo":"IRU","des_condic":"Aguardando analise","municipio":"Porciuncula","dat_criaca":"05/11/2025"},"geometry":{"type":"Polygon","coordinates":[[[-41.8382,-20.8422],[-41.836,-20.8446],[-41.838,-20.8428],[-41.8382,-20.8422]]]}},{"type":"Feature","properties":{"cod_imovel":"RJ-3304102-03F4DF2D0F43496DAA78A3D2AAAF4C1A","mod_fiscal":"2.2577000000000000000000000000000","num_area":"67.729500000000000000000000000000","ind_status":"AT","ind_tipo":"IRU","des_condic":"Aguardando analise","municipio":"Porciuncula","dat_criaca":"07/10/2021"},"geometry":{"type":"Polygon","coordinates":[[[-41.9299,-20.8868],[-41.9253,-20.8863],[-41.9234,-20.8895],[-41.9237,-20.8992],[-41.9284,-20.8966],[-41.9299,-20.8869],[-41.9299,-20.8868]]]}},{"type":"Feature","properties":{"cod_imovel":"RJ-3304102-90D16EB18F7A4F0AAA6BF4E8577DA893","mod_fiscal":"5.9475000000000000000000000000000","num_area":"178.33320000000000000000000000000","ind_status":"PE","ind_tipo":"IRU","des_condic":"Analisado, aguardando atendimento a notificacao","municipio":"Porciuncula","dat_criaca":"05/05/2016"},"geometry":{"type":"Polygon","coordinates":[[[-42.1057,-20.9955],[-42.0987,-20.9963],[-42.0973,-21.0017],[-42.1028,-21.0041],[-42.1021,-21.0131],[-42.1073,-21.0151],[-42.1131,-21.0083],[-42.1069,-21.0058],[-42.1057,-20.9958],[-42.1057,-20.9955]]]}},{"type":"Feature","properties":{"cod_imovel":"RJ-3304102-A61BF47EB73B44B3A581072EE4A38F02","mod_fiscal":"0.3977000000000000000000000000000","num_area":"11.925400000000000000000000000000","ind_status":"AT","ind_tipo":"IRU","des_condic":"Aguardando analise","municipio":"Porciuncula","dat_criaca":"20/10/2025"},"geometry":{"type":"Polygon","coordinates":[[[-41.95,-20.8624],[-41.9472,-20.8578],[-41.9496,-20.8626],[-41.95,-20.8624]]]}},{"type":"Feature","properties":{"cod_imovel":"RJ-3304102-EB8AA2B6E25944648CFC8489CBF25A04","mod_fiscal":"0.2690000000000000000000000000000","num_area":"8.0700000000000000000000000000000","ind_status":"AT","ind_tipo":"IRU","des_condic":"Aguardando analise","municipio":"Porciuncula","dat_criaca":"20/10/2025"},"geometry":{"type":"Polygon","coordinates":[[[-41.9496,-20.8714],[-41.9452,-20.87],[-41.948,-20.8714],[-41.9496,-20.8714]]]}},{"type":"Feature","properties":{"cod_imovel":"RJ-3304102-5ABEDD2A258C494D91E2203831C4399A","mod_fiscal":"0.2938000000000000000000000000000","num_area":"8.8138000000000000000000000000000","ind_status":"AT","ind_tipo":"IRU","des_condic":"Aguardando analise","municipio":"Porciuncula","dat_criaca":"20/10/2025"},"geometry":{"type":"Polygon","coordinates":[[[-41.9487,-20.8676],[-41.9469,-20.8655],[-41.945,-20.8688],[-41.9487,-20.8678],[-41.9487,-20.8676]]]}},{"type":"Feature","properties":{"cod_imovel":"RJ-3304102-1DD38714C4EA42DF829C4092B5E83D2C","mod_fiscal":"2.3324000000000000000000000000000","num_area":"69.971300000000000000000000000000","ind_status":"AT","ind_tipo":"IRU","des_condic":"Aguardando analise","municipio":"Porciuncula","dat_criaca":"17/12/2015"},"geometry":{"type":"Polygon","coordinates":[[[-41.8837,-20.8493],[-41.8813,-20.8502],[-41.876,-20.8444],[-41.8732,-20.847],[-41.8845,-20.8564],[-41.8844,-20.8494],[-41.8837,-20.8493]]]}},{"type":"Feature","properties":{"cod_imovel":"RJ-3304102-7F57098A2EB04585985D6644641D2BD5","mod_fiscal":"0.2059000000000000000000000000000","num_area":"6.1761000000000000000000000000000","ind_status":"AT","ind_tipo":"IRU","des_condic":"Aguardando analise","municipio":"Porciuncula","dat_criaca":"04/05/2016"},"geometry":{"type":"Polygon","coordinates":[[[-41.8702,-20.7751],[-41.8746,-20.7715],[-41.8706,-20.7748],[-41.8702,-20.7751]]]}},{"type":"Feature","properties":{"cod_imovel":"RJ-3304102-A0E172BCCD4A496AA445FA0E325E60CE","mod_fiscal":"0.1210000000000000000000000000000","num_area":"3.6287000000000000000000000000000","ind_status":"AT","ind_tipo":"IRU","des_condic":"Aguardando analise","municipio":"Porciuncula","dat_criaca":"04/05/2016"},"geometry":{"type":"Polygon","coordinates":[[[-41.8719,-20.7729],[-41.8698,-20.7744],[-41.8745,-20.7715],[-41.8725,-20.7727],[-41.8719,-20.7729]]]}},{"type":"Feature","properties":{"cod_imovel":"RJ-3304102-54E4248430ED440CA92A427B047CCB69","mod_fiscal":"0.2078000000000000000000000000000","num_area":"6.2332000000000000000000000000000","ind_status":"AT","ind_tipo":"IRU","des_condic":"Aguardando analise","municipio":"Porciuncula","dat_criaca":"09/12/2018"},"geometry":{"type":"Polygon","coordinates":[[[-41.873,-20.7764],[-41.8753,-20.7717],[-41.8728,-20.7763],[-41.873,-20.7764]]]}},{"type":"Feature","properties":{"cod_imovel":"RJ-3304102-C8FFE19377794C89BC9712F9049C42A8","mod_fiscal":"0.2359000000000000000000000000000","num_area":"7.0762000000000000000000000000000","ind_status":"AT","ind_tipo":"IRU","des_condic":"Aguardando analise","municipio":"Porciuncula","dat_criaca":"27/05/2025"},"geometry":{"type":"Polygon","coordinates":[[[-41.9175,-20.8996],[-41.9144,-20.8986],[-41.9181,-20.9],[-41.9175,-20.8996]]]}},{"type":"Feature","properties":{"cod_imovel":"RJ-3304102-8A63A13D805240AE9AD01B16A36B13B2","mod_fiscal":"1.1562000000000000000000000000000","num_area":"34.686600000000000000000000000000","ind_status":"AT","ind_tipo":"IRU","des_condic":"Aguardando analise","municipio":"Porciuncula","dat_criaca":"05/05/2016"},"geometry":{"type":"Polygon","coordinates":[[[-41.9739,-20.9334],[-41.9685,-20.9284],[-41.9656,-20.9338],[-41.9685,-20.9363],[-41.9721,-20.9337],[-41.9739,-20.9334]]]}},{"type":"Feature","properties":{"cod_imovel":"RJ-3304102-EE883F572DF147DB8A4C52CB80A962B5","mod_fiscal":"0.1904000000000000000000000000000","num_area":"5.7132000000000000000000000000000","ind_status":"AT","ind_tipo":"IRU","des_condic":"Aguardando analise","municipio":"Porciuncula","dat_criaca":"22/09/2025"},"geometry":{"type":"Polygon","coordinates":[[[-41.9137,-20.8991],[-41.9103,-20.9024],[-41.9139,-20.8991],[-41.9137,-20.8991]]]}},{"type":"Feature","properties":{"cod_imovel":"RJ-3304102-B09CB355D7F74D2CBDDAF04F1A371C15","mod_fiscal":"1.3912000000000000000000000000000","num_area":"41.735900000000000000000000000000","ind_status":"AT","ind_tipo":"IRU","des_condic":"Aguardando analise","municipio":"Porciuncula","dat_criaca":"05/05/2016"},"geometry":{"type":"Polygon","coordinates":[[[-41.9674,-20.9453],[-41.9677,-20.9424],[-41.9722,-20.9415],[-41.9701,-20.9383],[-41.9618,-20.9379],[-41.9668,-20.9455],[-41.9674,-20.9453]]]}},{"type":"Feature","properties":{"cod_imovel":"RJ-3304102-58D448C808E449EB9C09C3E5D381C084","mod_fiscal":"0.3956000000000000000000000000000","num_area":"11.866900000000000000000000000000","ind_status":"AT","ind_tipo":"IRU","des_condic":"Aguardando analise","municipio":"Porciuncula","dat_criaca":"15/09/2025"},"geometry":{"type":"Polygon","coordinates":[[[-41.9349,-20.866],[-41.9323,-20.8571],[-41.9351,-20.8666],[-41.9349,-20.866]]]}},{"type":"Feature","properties":{"cod_imovel":"RJ-3304102-93912E7001A34889ADD3673D9C57242C","mod_fiscal":"13.194500000000000000000000000000","num_area":"392.02760000000000000000000000000","ind_status":"AT","ind_tipo":"IRU","des_condic":"Analisado, aguardando atendimento a notificacao","municipio":"Porciuncula","dat_criaca":"22/11/2017"},"geometry":{"type":"Polygon","coordinates":[[[-42.0509,-20.9605],[-42.0731,-20.9438],[-42.0858,-20.9428],[-42.0844,-20.939],[-42.0722,-20.9337],[-42.0576,-20.9459],[-42.0536,-20.9435],[-42.0484,-20.9571],[-42.0509,-20.9605],[-42.0509,-20.9605]]]}},{"type":"Feature","properties":{"cod_imovel":"RJ-3304102-2B24A4B3B0AB4EE9A3E9F0058767EEA4","mod_fiscal":"4.4404000000000000000000000000000","num_area":"133.21190000000000000000000000000","ind_status":"AT","ind_tipo":"IRU","des_condic":"Aguardando analise","municipio":"Porciuncula","dat_criaca":"08/09/2025"},"geometry":{"type":"Polygon","coordinates":[[[-42.0446,-21.0075],[-42.0389,-21.0082],[-42.0381,-21.0149],[-42.0441,-21.0204],[-42.0509,-21.0134],[-42.0449,-21.0075],[-42.0446,-21.0075]]]}},{"type":"Feature","properties":{"cod_imovel":"RJ-3304102-7693F9D8389C4EF08FD4D3F64C030D6F","mod_fiscal":"0.4441000000000000000000000000000","num_area":"13.322700000000000000000000000000","ind_status":"AT","ind_tipo":"IRU","des_condic":"Aguardando analise","municipio":"Porciuncula","dat_criaca":"07/10/2021"},"geometry":{"type":"Polygon","coordinates":[[[-41.9357,-20.8792],[-41.9266,-20.8831],[-41.9289,-20.8866],[-41.9349,-20.8795],[-41.9357,-20.8792]]]}},{"type":"Feature","properties":{"cod_imovel":"RJ-3304102-78D9677C4E5242288BF44D1A8E0089AD","mod_fiscal":"0.8760000000000000000000000000000","num_area":"26.281100000000000000000000000000","ind_status":"AT","ind_tipo":"IRU","des_condic":"Aguardando analise","municipio":"Porciuncula","dat_criaca":"05/01/2024"},"geometry":{"type":"Polygon","coordinates":[[[-41.862,-20.8316],[-41.8562,-20.8307],[-41.8518,-20.8356],[-41.862,-20.8317],[-41.862,-20.8316]]]}},{"type":"Feature","properties":{"cod_imovel":"RJ-3304102-A4D1F8868F1848BCB805892097086F34","mod_fiscal":"0.1877000000000000000000000000000","num_area":"5.6297000000000000000000000000000","ind_status":"AT","ind_tipo":"IRU","des_condic":"Aguardando analise","municipio":"Porciuncula","dat_criaca":"19/08/2025"},"geometry":{"type":"Polygon","coordinates":[[[-41.8443,-20.8196],[-41.8402,-20.8248],[-41.8443,-20.8198],[-41.8443,-20.8196]]]}},{"type":"Feature","properties":{"cod_imovel":"RJ-3304102-F903B87E47374B54B83938E5D6368FE3","mod_fiscal":"0.2285000000000000000000000000000","num_area":"6.8553000000000000000000000000000","ind_status":"AT","ind_tipo":"IRU","des_condic":"Aguardando analise","municipio":"Porciuncula","dat_criaca":"11/10/2019"},"geometry":{"type":"Polygon","coordinates":[[[-41.8715,-20.8473],[-41.8727,-20.852],[-41.8715,-20.8479],[-41.8715,-20.8473]]]}},{"type":"Feature","properties":{"cod_imovel":"RJ-3304102-671B79495FA14F06B5AEEF0E6C40602F","mod_fiscal":"4.8052000000000000000000000000000","num_area":"144.15570000000000000000000000000","ind_status":"PE","ind_tipo":"IRU","des_condic":"Analisado, aguardando atendimento a notificacao","municipio":"Porciuncula","dat_criaca":"25/01/2015"},"geometry":{"type":"Polygon","coordinates":[[[-41.979,-20.9538],[-41.9792,-20.9481],[-41.9713,-20.9499],[-41.9698,-20.947],[-41.9709,-20.9531],[-41.9668,-20.9594],[-41.9751,-20.9642],[-41.9794,-20.9616],[-41.9764,-20.9589],[-41.9781,-20.9538],[-41.979,-20.9538]]]}},{"type":"Feature","properties":{"cod_imovel":"RJ-3304102-B70F9B3DF84B438C9078B6CAE82E0AC2","mod_fiscal":"6.3715000000000000000000000000000","num_area":"191.14540000000000000000000000000","ind_status":"AT","ind_tipo":"IRU","des_condic":"Analisado, aguardando atendimento a notificacao","municipio":"Porciuncula","dat_criaca":"21/12/2015"},"geometry":{"type":"Polygon","coordinates":[[[-42.0761,-20.9767],[-42.0743,-20.9833],[-42.0781,-20.9827],[-42.0824,-20.9865],[-42.0856,-20.9835],[-42.0841,-20.9766],[-42.0901,-20.9703],[-42.0875,-20.9615],[-42.078,-20.9775],[-42.0761,-20.9767]]]}},{"type":"Feature","properties":{"cod_imovel":"RJ-3304102-0C55F1AFE8B843879F1341FE6D5BDE4E","mod_fiscal":"2.5906000000000000000000000000000","num_area":"77.714600000000000000000000000000","ind_status":"AT","ind_tipo":"IRU","des_condic":"Aguardando analise","municipio":"Porciuncula","dat_criaca":"23/01/2025"},"geometry":{"type":"Polygon","coordinates":[[[-41.8252,-20.7966],[-41.8167,-20.8014],[-41.8058,-20.7977],[-41.8183,-20.8054],[-41.8255,-20.8023],[-41.8254,-20.7967],[-41.8252,-20.7966]]]}},{"type":"Feature","properties":{"cod_imovel":"RJ-3304102-B1D85555CB0C49908D350F88E8C6FC35","mod_fiscal":"0.0754000000000000000000000000000","num_area":"2.2626000000000000000000000000000","ind_status":"AT","ind_tipo":"IRU","des_condic":"Aguardando analise","municipio":"Porciuncula","dat_criaca":"07/08/2025"},"geometry":{"type":"Polygon","coordinates":[[[-41.9666,-20.9455],[-41.964,-20.9444],[-41.9666,-20.9455],[-41.9666,-20.9455]]]}},{"type":"Feature","properties":{"cod_imovel":"RJ-3304102-3D9C83E79F784B688223A82287493F79","mod_fiscal":"0.0953000000000000000000000000000","num_area":"2.8584000000000000000000000000000","ind_status":"AT","ind_tipo":"IRU","des_condic":"Aguardando analise","municipio":"Porciuncula","dat_criaca":"13/03/2016"},"geometry":{"type":"Polygon","coordinates":[[[-41.8901,-20.8485],[-41.8893,-20.8509],[-41.8903,-20.8487],[-41.8901,-20.8485]]]}},{"type":"Feature","properties":{"cod_imovel":"RJ-3304102-CD1398FFA0E74914902AA766CBCC6A8F","mod_fiscal":"1.3672000000000000000000000000000","num_area":"41.014700000000000000000000000000","ind_status":"AT","ind_tipo":"IRU","des_condic":"Aguardando analise","municipio":"Porciuncula","dat_criaca":"26/04/2016"},"geometry":{"type":"Polygon","coordinates":[[[-42.0974,-20.9649],[-42.0924,-20.9684],[-42.0968,-20.9733],[-42.0992,-20.9726],[-42.0975,-20.9649],[-42.0974,-20.9649]]]}},{"type":"Feature","properties":{"cod_imovel":"RJ-3304102-B7AD468A1D30462B831D8104E5DFB6B8","mod_fiscal":"1.0596000000000000000000000000000","num_area":"31.789400000000000000000000000000","ind_status":"AT","ind_tipo":"IRU","des_condic":"Aguardando analise","municipio":"Porciuncula","dat_criaca":"30/11/2017"},"geometry":{"type":"Polygon","coordinates":[[[-41.8919,-20.8171],[-41.8947,-20.8099],[-41.8912,-20.808],[-41.891,-20.8171],[-41.8919,-20.8171]]]}},{"type":"Feature","properties":{"cod_imovel":"RJ-3304102-8FD3306EF63F4208BBAEC4711579CCBD","mod_fiscal":"0.3108000000000000000000000000000","num_area":"9.3243000000000000000000000000000","ind_status":"AT","ind_tipo":"IRU","des_condic":"Aguardando analise","municipio":"Porciuncula","dat_criaca":"18/07/2025"},"geometry":{"type":"Polygon","coordinates":[[[-42.0932,-20.9751],[-42.0905,-20.9683],[-42.093,-20.9751],[-42.0932,-20.9751]]]}},{"type":"Feature","properties":{"cod_imovel":"RJ-3304102-C3CB652FA6CB416CAFE30FB9B774BABB","mod_fiscal":"0.4576000000000000000000000000000","num_area":"13.728600000000000000000000000000","ind_status":"AT","ind_tipo":"IRU","des_condic":"Aguardando analise","municipio":"Porciuncula","dat_criaca":"19/06/2023"},"geometry":{"type":"Polygon","coordinates":[[[-41.8525,-20.8181],[-41.8546,-20.815],[-41.85,-20.8159],[-41.8523,-20.8182],[-41.8525,-20.8181]]]}},{"type":"Feature","properties":{"cod_imovel":"RJ-3304102-8351D9DB532F42E18A5ACF78A0A4329C","mod_fiscal":"0.1328000000000000000000000000000","num_area":"3.9836000000000000000000000000000","ind_status":"AT","ind_tipo":"IRU","des_condic":"Aguardando analise","municipio":"Porciuncula","dat_criaca":"09/07/2025"},"geometry":{"type":"Polygon","coordinates":[[[-41.8149,-20.8332],[-41.8123,-20.8306],[-41.8146,-20.8331],[-41.8149,-20.8332]]]}},{"type":"Feature","properties":{"cod_imovel":"RJ-3304102-70226706628C44F48EFA5A171D298853","mod_fiscal":"1.3891000000000000000000000000000","num_area":"41.671700000000000000000000000000","ind_status":"AT","ind_tipo":"IRU","des_condic":"Aguardando analise","municipio":"Porciuncula","dat_criaca":"31/07/2023"},"geometry":{"type":"Polygon","coordinates":[[[-42.0316,-20.9589],[-42.0299,-20.9548],[-42.0228,-20.9614],[-42.0258,-20.964],[-42.0304,-20.9598],[-42.0316,-20.9589]]]}},{"type":"Feature","properties":{"cod_imovel":"RJ-3304102-B02CB5ED37934554BC7DB374C447D83D","mod_fiscal":"0.7010000000000000000000000000000","num_area":"21.029400000000000000000000000000","ind_status":"AT","ind_tipo":"IRU","des_condic":"Aguardando analise","municipio":"Porciuncula","dat_criaca":"04/05/2016"},"geometry":{"type":"Polygon","coordinates":[[[-41.8986,-20.7981],[-41.898,-20.8014],[-41.9032,-20.8035],[-41.9017,-20.7979],[-41.899,-20.7984],[-41.8986,-20.7981]]]}},{"type":"Feature","properties":{"cod_imovel":"RJ-3304102-98592873F38E40ABA28D0C0FABE4CA98","mod_fiscal":"0.1610000000000000000000000000000","num_area":"4.8296000000000000000000000000000","ind_status":"PE","ind_tipo":"IRU","des_condic":"Analisado, aguardando atendimento a notificacao","municipio":"Porciuncula","dat_criaca":"02/05/2015"},"geometry":{"type":"Polygon","coordinates":[[[-41.9243,-20.8491],[-41.9211,-20.8528],[-41.924,-20.8493],[-41.9243,-20.8491]]]}},{"type":"Feature","properties":{"cod_imovel":"RJ-3304102-94BA06BDCABA4D22A44E26A1CEF28F07","mod_fiscal":"0.4840000000000000000000000000000","num_area":"14.520000000000000000000000000000","ind_status":"AT","ind_tipo":"IRU","des_condic":"Aguardando analise","municipio":"Porciuncula","dat_criaca":"11/06/2025"},"geometry":{"type":"Polygon","coordinates":[[[-41.8934,-20.7919],[-41.8891,-20.7927],[-41.8894,-20.7972],[-41.893,-20.7921],[-41.8934,-20.7919]]]}},{"type":"Feature","properties":{"cod_imovel":"RJ-3304102-37D0E4AD2EE94A0987A1BDD6B59AEDD8","mod_fiscal":"1.3056000000000000000000000000000","num_area":"39.167800000000000000000000000000","ind_status":"AT","ind_tipo":"IRU","des_condic":"Aguardando analise","municipio":"Porciuncula","dat_criaca":"23/03/2016"},"geometry":{"type":"Polygon","coordinates":[[[-41.928,-20.9207],[-41.9283,-20.9247],[-41.9345,-20.9231],[-41.932,-20.9169],[-41.928,-20.9206],[-41.928,-20.9207]]]}},{"type":"Feature","properties":{"cod_imovel":"RJ-3304102-DED52FDC38E04325B0EAFBEEB60D66AF","mod_fiscal":"0.3095000000000000000000000000000","num_area":"9.2839000000000000000000000000000","ind_status":"AT","ind_tipo":"IRU","des_condic":"Aguardando analise","municipio":"Porciuncula","dat_criaca":"31/03/2016"},"geometry":{"type":"Polygon","coordinates":[[[-41.8854,-20.8501],[-41.8864,-20.8528],[-41.8911,-20.852],[-41.8859,-20.8505],[-41.8854,-20.8501]]]}},{"type":"Feature","properties":{"cod_imovel":"RJ-3304102-CC3FA345038E45FFA07DB02F7E21654C","mod_fiscal":"0.1299000000000000000000000000000","num_area":"3.8977000000000000000000000000000","ind_status":"AT","ind_tipo":"IRU","des_condic":"Aguardando analise","municipio":"Porciuncula","dat_criaca":"18/04/2016"},"geometry":{"type":"Polygon","coordinates":[[[-41.8349,-20.792],[-41.832,-20.7933],[-41.8349,-20.7928],[-41.8349,-20.792]]]}},{"type":"Feature","properties":{"cod_imovel":"RJ-3304102-61A3AC4E4FFD4BD7AC4C23F1A8B21CF6","mod_fiscal":"0.3744000000000000000000000000000","num_area":"11.230800000000000000000000000000","ind_status":"AT","ind_tipo":"IRU","des_condic":"Aguardando analise","municipio":"Porciuncula","dat_criaca":"18/04/2016"},"geometry":{"type":"Polygon","coordinates":[[[-41.8438,-20.801],[-41.8399,-20.8043],[-41.8426,-20.8066],[-41.8445,-20.8008],[-41.8438,-20.801]]]}},{"type":"Feature","properties":{"cod_imovel":"RJ-3304102-7D8855A8D9A648BA935828B9AD587615","mod_fiscal":"0.2043000000000000000000000000000","num_area":"6.1278000000000000000000000000000","ind_status":"AT","ind_tipo":"IRU","des_condic":"Aguardando analise","municipio":"Porciuncula","dat_criaca":"14/06/2023"},"geometry":{"type":"Polygon","coordinates":[[[-41.8428,-20.8022],[-41.8451,-20.7969],[-41.8426,-20.8025],[-41.8428,-20.8022]]]}},{"type":"Feature","properties":{"cod_imovel":"RJ-3304102-BE5517ED5A324DA1BC7AE12AAA0BB5F9","mod_fiscal":"0.3548000000000000000000000000000","num_area":"10.644400000000000000000000000000","ind_status":"AT","ind_tipo":"IRU","des_condic":"Aguardando analise","municipio":"Porciuncula","dat_criaca":"20/05/2025"},"geometry":{"type":"Polygon","coordinates":[[[-41.8291,-20.7944],[-41.8349,-20.792],[-41.832,-20.7908],[-41.829,-20.7945],[-41.8291,-20.7944]]]}},{"type":"Feature","properties":{"cod_imovel":"RJ-3304102-2C9C62DC94D340CAB9DD293FD31F54BF","mod_fiscal":"0.1587000000000000000000000000000","num_area":"4.7601000000000000000000000000000","ind_status":"AT","ind_tipo":"IRU","des_condic":"Aguardando analise","municipio":"Porciuncula","dat_criaca":"20/05/2025"},"geometry":{"type":"Polygon","coordinates":[[[-41.8433,-20.8014],[-41.8394,-20.8039],[-41.8432,-20.8012],[-41.8433,-20.8014]]]}},{"type":"Feature","properties":{"cod_imovel":"RJ-3304102-3CF1D3790F714773A19454D1B2C8ABAC","mod_fiscal":"0.2937000000000000000000000000000","num_area":"8.8113000000000000000000000000000","ind_status":"AT","ind_tipo":"IRU","des_condic":"Aguardando analise","municipio":"Porciuncula","dat_criaca":"20/05/2025"},"geometry":{"type":"Polygon","coordinates":[[[-41.8294,-20.7951],[-41.8353,-20.7945],[-41.8291,-20.7952],[-41.8294,-20.7951]]]}},{"type":"Feature","properties":{"cod_imovel":"RJ-3304102-3778C5CAAB584B69AD0AA549FF0EA70A","mod_fiscal":"0.0679000000000000000000000000000","num_area":"2.0365000000000000000000000000000","ind_status":"AT","ind_tipo":"IRU","des_condic":"Aguardando analise, apos revisao ou atendimento da notificacao","municipio":"Porciuncula","dat_criaca":"23/11/2016"},"geometry":{"type":"Polygon","coordinates":[[[-41.816,-20.83],[-41.8154,-20.8275],[-41.8157,-20.8295],[-41.816,-20.83]]]}},{"type":"Feature","properties":{"cod_imovel":"RJ-3304102-6AE1A3B593B744229E34133081636B57","mod_fiscal":"0.3306000000000000000000000000000","num_area":"9.9166000000000000000000000000000","ind_status":"AT","ind_tipo":"IRU","des_condic":"Aguardando analise","municipio":"Porciuncula","dat_criaca":"04/05/2025"},"geometry":{"type":"Polygon","coordinates":[[[-41.9099,-20.847],[-41.9119,-20.844],[-41.907,-20.8476],[-41.9102,-20.8475],[-41.9099,-20.847]]]}},{"type":"Feature","properties":{"cod_imovel":"RJ-3304102-8F7B017CE0E24B9AB363F3F3EEFA53DC","mod_fiscal":"0.3876000000000000000000000000000","num_area":"11.628100000000000000000000000000","ind_status":"PE","ind_tipo":"IRU","des_condic":"Analisado, aguardando atendimento a notificacao","municipio":"Porciuncula","dat_criaca":"12/09/2023"},"geometry":{"type":"Polygon","coordinates":[[[-42.0725,-20.9944],[-42.0711,-20.991],[-42.0695,-20.9942],[-42.0728,-20.9942],[-42.0725,-20.9944]]]}},{"type":"Feature","properties":{"cod_imovel":"RJ-3304102-CA9E73DF1FC64A638AB5C047CEBC29BD","mod_fiscal":"0.4921000000000000000000000000000","num_area":"14.763600000000000000000000000000","ind_status":"PE","ind_tipo":"IRU","des_condic":"Analisado, aguardando atendimento a notificacao","municipio":"Porciuncula","dat_criaca":"04/05/2016"},"geometry":{"type":"Polygon","coordinates":[[[-42.065,-20.9882],[-42.066,-20.9901],[-42.0681,-20.988],[-42.0614,-20.9848],[-42.0647,-20.988],[-42.065,-20.9882]]]}},{"type":"Feature","properties":{"cod_imovel":"RJ-3304102-6BC01A4E4C504064BBE12E2CD0A6D39B","mod_fiscal":"0.9409000000000000000000000000000","num_area":"28.226300000000000000000000000000","ind_status":"PE","ind_tipo":"IRU","des_condic":"Analisado, aguardando atendimento a notificacao","municipio":"Porciuncula","dat_criaca":"30/05/2023"},"geometry":{"type":"Polygon","coordinates":[[[-41.857,-20.8348],[-41.8547,-20.8367],[-41.8611,-20.8411],[-41.8668,-20.8393],[-41.8603,-20.839],[-41.857,-20.8348],[-41.857,-20.8348]]]}},{"type":"Feature","properties":{"cod_imovel":"RJ-3304102-191D3BF00C35461EBCC454B16502A015","mod_fiscal":"0.0816000000000000000000000000000","num_area":"2.4489000000000000000000000000000","ind_status":"PE","ind_tipo":"IRU","des_condic":"Analisado, aguardando atendimento a notificacao","municipio":"Porciuncula","dat_criaca":"20/04/2016"},"geometry":{"type":"Polygon","coordinates":[[[-41.8656,-20.8124],[-41.8637,-20.8104],[-41.8654,-20.8124],[-41.8656,-20.8124]]]}},{"type":"Feature","properties":{"cod_imovel":"RJ-3304102-EFA136A22A3D41478D74F3609958EE67","mod_fiscal":"0.1519000000000000000000000000000","num_area":"4.5564000000000000000000000000000","ind_status":"PE","ind_tipo":"IRU","des_condic":"Analisado, aguardando atendimento a notificacao","municipio":"Porciuncula","dat_criaca":"20/04/2016"},"geometry":{"type":"Polygon","coordinates":[[[-41.8263,-20.8413],[-41.8291,-20.844],[-41.8264,-20.8413],[-41.8263,-20.8413]]]}},{"type":"Feature","properties":{"cod_imovel":"RJ-3304102-4108993D7D3841609256ADB13DE85CFA","mod_fiscal":"0.1732000000000000000000000000000","num_area":"5.1947000000000000000000000000000","ind_status":"PE","ind_tipo":"IRU","des_condic":"Analisado, aguardando atendimento a notificacao","municipio":"Porciuncula","dat_criaca":"01/07/2015"},"geometry":{"type":"Polygon","coordinates":[[[-42.046,-20.967],[-42.0489,-20.9705],[-42.0462,-20.9672],[-42.046,-20.967]]]}},{"type":"Feature","properties":{"cod_imovel":"RJ-3304102-B56D2A442DDB4385BD375372B5128B06","mod_fiscal":"0.1610000000000000000000000000000","num_area":"4.8293000000000000000000000000000","ind_status":"PE","ind_tipo":"IRU","des_condic":"Analisado, aguardando atendimento a notificacao","municipio":"Porciuncula","dat_criaca":"27/02/2016"},"geometry":{"type":"Polygon","coordinates":[[[-41.8639,-20.7982],[-41.8625,-20.7997],[-41.8657,-20.7996],[-41.864,-20.7981],[-41.8639,-20.7982]]]}},{"type":"Feature","properties":{"cod_imovel":"RJ-3304102-9DD5F2DA55634545A89AE4C375412C41","mod_fiscal":"1.0281000000000000000000000000000","num_area":"30.843100000000000000000000000000","ind_status":"AT","ind_tipo":"IRU","des_condic":"Aguardando analise","municipio":"Porciuncula","dat_criaca":"18/01/2016"},"geometry":{"type":"Polygon","coordinates":[[[-41.872,-20.7834],[-41.869,-20.7857],[-41.8714,-20.7916],[-41.8747,-20.788],[-41.872,-20.7834],[-41.872,-20.7834]]]}},{"type":"Feature","properties":{"cod_imovel":"RJ-3304102-4F1D951EC18F426AA984DEAFFC7C1B6D","mod_fiscal":"0.7295000000000000000000000000000","num_area":"21.883600000000000000000000000000","ind_status":"AT","ind_tipo":"IRU","des_condic":"Aguardando analise","municipio":"Porciuncula","dat_criaca":"12/06/2017"},"geometry":{"type":"Polygon","coordinates":[[[-41.8816,-20.8363],[-41.8742,-20.832],[-41.8761,-20.8377],[-41.8813,-20.8365],[-41.8816,-20.8363]]]}},{"type":"Feature","properties":{"cod_imovel":"RJ-3304102-D3FADA2059B446F1A30FEDDF1A0C61C1","mod_fiscal":"0.3073000000000000000000000000000","num_area":"9.2197000000000000000000000000000","ind_status":"AT","ind_tipo":"IRU","des_condic":"Aguardando analise","municipio":"Porciuncula","dat_criaca":"05/05/2016"},"geometry":{"type":"Polygon","coordinates":[[[-41.8919,-20.8172],[-41.8941,-20.8186],[-41.895,-20.8109],[-41.8919,-20.8171],[-41.8919,-20.8172]]]}},{"type":"Feature","properties":{"cod_imovel":"RJ-3304102-1DA0B0ABB505433396BB8A39D8E6A1B3","mod_fiscal":"0.8552000000000000000000000000000","num_area":"25.656900000000000000000000000000","ind_status":"AT","ind_tipo":"IRU","des_condic":"Aguardando analise","municipio":"Porciuncula","dat_criaca":"20/04/2016"},"geometry":{"type":"Polygon","coordinates":[[[-41.9267,-20.8708],[-41.9353,-20.8669],[-41.9332,-20.8653],[-41.9277,-20.8696],[-41.9267,-20.8708]]]}},{"type":"Feature","properties":{"cod_imovel":"RJ-3304102-02FEC57F4C5C4432BDDA7F7311B19954","mod_fiscal":"0.4534000000000000000000000000000","num_area":"13.601200000000000000000000000000","ind_status":"AT","ind_tipo":"IRU","des_condic":"Aguardando analise","municipio":"Porciuncula","dat_criaca":"10/01/2019"},"geometry":{"type":"Polygon","coordinates":[[[-41.9279,-20.936],[-41.9261,-20.9369],[-41.9308,-20.9381],[-41.9309,-20.9342],[-41.928,-20.9359],[-41.9279,-20.936]]]}},{"type":"Feature","properties":{"cod_imovel":"RJ-3304102-AC6701E59D424C7A98F8E2935BCE259A","mod_fiscal":"1.9150000000000000000000000000000","num_area":"57.448700000000000000000000000000","ind_status":"AT","ind_tipo":"IRU","des_condic":"Aguardando analise","municipio":"Porciuncula","dat_criaca":"17/05/2018"},"geometry":{"type":"Polygon","coordinates":[[[-42.0637,-20.9699],[-42.0652,-20.9652],[-42.0506,-20.9625],[-42.0575,-20.9703],[-42.0614,-20.9674],[-42.0632,-20.9693],[-42.0637,-20.9699]]]}},{"type":"Feature","properties":{"cod_imovel":"RJ-3304102-920007F678894B49AB3EAB06EAB8E665","mod_fiscal":"0.5684000000000000000000000000000","num_area":"17.051300000000000000000000000000","ind_status":"AT","ind_tipo":"IRU","des_condic":"Aguardando analise","municipio":"Porciuncula","dat_criaca":"17/05/2018"},"geometry":{"type":"Polygon","coordinates":[[[-42.0684,-20.9694],[-42.0661,-20.9641],[-42.0637,-20.9699],[-42.0678,-20.9696],[-42.0684,-20.9694]]]}},{"type":"Feature","properties":{"cod_imovel":"RJ-3304102-BFED0141670A4728965B24C14588026F","mod_fiscal":"0.4144000000000000000000000000000","num_area":"12.431900000000000000000000000000","ind_status":"AT","ind_tipo":"IRU","des_condic":"Aguardando analise","municipio":"Porciuncula","dat_criaca":"17/05/2018"},"geometry":{"type":"Polygon","coordinates":[[[-42.0673,-20.9635],[-42.0696,-20.9692],[-42.0673,-20.9635],[-42.0673,-20.9635]]]}},{"type":"Feature","properties":{"cod_imovel":"RJ-3304102-F42EE8BEA59948DCB8D396FE69186207","mod_fiscal":"6.0051000000000000000000000000000","num_area":"180.09390000000000000000000000000","ind_status":"AT","ind_tipo":"IRU","des_condic":"Aguardando analise","municipio":"Porciuncula","dat_criaca":"08/04/2018"},"geometry":{"type":"Polygon","coordinates":[[[-42.1162,-20.9792],[-42.1245,-20.9696],[-42.1218,-20.9641],[-42.1241,-20.9614],[-42.1157,-20.9595],[-42.1133,-20.9675],[-42.1157,-20.9715],[-42.1121,-20.9755],[-42.1155,-20.9832],[-42.1162,-20.9792]]]}},{"type":"Feature","properties":{"cod_imovel":"RJ-3304102-296C991ECD984E699146DD936CC2851E","mod_fiscal":"1.6399000000000000000000000000000","num_area":"49.197500000000000000000000000000","ind_status":"AT","ind_tipo":"IRU","des_condic":"Aguardando analise","municipio":"Porciuncula","dat_criaca":"13/03/2018"},"geometry":{"type":"Polygon","coordinates":[[[-42.0937,-20.9946],[-42.0849,-20.999],[-42.0928,-21.0001],[-42.0986,-20.996],[-42.0937,-20.9946],[-42.0937,-20.9946]]]}},{"type":"Feature","properties":{"cod_imovel":"RJ-3304102-8EA7EA063A554D388E826EDFEF3003AE","mod_fiscal":"1.1796000000000000000000000000000","num_area":"35.389300000000000000000000000000","ind_status":"AT","ind_tipo":"IRU","des_condic":"Aguardando analise","municipio":"Porciuncula","dat_criaca":"09/02/2018"},"geometry":{"type":"Polygon","coordinates":[[[-42.09,-20.9798],[-42.0908,-20.9698],[-42.084,-20.9775],[-42.0866,-20.9816],[-42.0895,-20.9802],[-42.09,-20.9798]]]}},{"type":"Feature","properties":{"cod_imovel":"RJ-3304102-061B8C8E24C04DFD88B8640A696D0BCE","mod_fiscal":"0.7626000000000000000000000000000","num_area":"22.876700000000000000000000000000","ind_status":"AT","ind_tipo":"IRU","des_condic":"Aguardando analise","municipio":"Porciuncula","dat_criaca":"27/12/2017"},"geometry":{"type":"Polygon","coordinates":[[[-42.0916,-20.9789],[-42.0846,-20.9847],[-42.0924,-20.9815],[-42.0918,-20.9792],[-42.0916,-20.9789]]]}},{"type":"Feature","properties":{"cod_imovel":"RJ-3304102-8E525276972148539E49A0DD75EC5AED","mod_fiscal":"1.4263000000000000000000000000000","num_area":"42.789300000000000000000000000000","ind_status":"AT","ind_tipo":"IRU","des_condic":"Aguardando analise","municipio":"Porciuncula","dat_criaca":"06/11/2022"},"geometry":{"type":"Polygon","coordinates":[[[-42.1132,-20.9674],[-42.1072,-20.9697],[-42.1123,-20.976],[-42.1156,-20.9719],[-42.1143,-20.9688],[-42.1132,-20.9674]]]}},{"type":"Feature","properties":{"cod_imovel":"RJ-3304102-2ABF026E3916406799C2BFDE25AE266E","mod_fiscal":"2.1075000000000000000000000000000","num_area":"61.057400000000000000000000000000","ind_status":"AT","ind_tipo":"IRU","des_condic":"Aguardando analise","municipio":"Porciuncula","dat_criaca":"22/11/2017"},"geometry":{"type":"Polygon","coordinates":[[[-42.0517,-20.9371],[-42.0517,-20.928],[-42.0431,-20.9343],[-42.047,-20.9384],[-42.0511,-20.9369],[-42.0517,-20.9371]]]}},{"type":"Feature","properties":{"cod_imovel":"RJ-3304102-5D88A3B7F1154C15A5254BC5E646812A","mod_fiscal":"1.5690000000000000000000000000000","num_area":"46.403300000000000000000000000000","ind_status":"AT","ind_tipo":"IRU","des_condic":"Aguardando analise","municipio":"Porciuncula","dat_criaca":"22/11/2017"},"geometry":{"type":"Polygon","coordinates":[[[-42.1088,-20.9531],[-42.1139,-20.9496],[-42.0953,-20.9367],[-42.1049,-20.9444],[-42.1039,-20.9492],[-42.1086,-20.9532],[-42.1088,-20.9531]]]}},{"type":"Feature","properties":{"cod_imovel":"RJ-3304102-24D6416FDBE24436AB95BF416A098B3B","mod_fiscal":"0.1996000000000000000000000000000","num_area":"5.9875000000000000000000000000000","ind_status":"AT","ind_tipo":"IRU","des_condic":"Aguardando analise","municipio":"Porciuncula","dat_criaca":"30/03/2017"},"geometry":{"type":"Polygon","coordinates":[[[-42.1313,-20.9707],[-42.1309,-20.9734],[-42.1315,-20.9709],[-42.1313,-20.9707]]]}},{"type":"Feature","properties":{"cod_imovel":"RJ-3304102-85276880FC9F41EEA2C025A2AF75555A","mod_fiscal":"2.0086000000000000000000000000000","num_area":"60.257200000000000000000000000000","ind_status":"AT","ind_tipo":"IRU","des_condic":"Aguardando analise","municipio":"Porciuncula","dat_criaca":"20/02/2017"},"geometry":{"type":"Polygon","coordinates":[[[-42.1097,-20.96],[-42.1044,-20.9643],[-42.0988,-20.9629],[-42.0991,-20.9717],[-42.106,-20.9693],[-42.1038,-20.9676],[-42.1097,-20.96],[-42.1097,-20.96]]]}},{"type":"Feature","properties":{"cod_imovel":"RJ-3304102-E10E3116486C42879D84DF3EEC5A87C5","mod_fiscal":"1.9498000000000000000000000000000","num_area":"58.493700000000000000000000000000","ind_status":"AT","ind_tipo":"IRU","des_condic":"Aguardando analise","municipio":"Porciuncula","dat_criaca":"20/02/2017"},"geometry":{"type":"Polygon","coordinates":[[[-42.1061,-20.9665],[-42.1086,-20.9691],[-42.1132,-20.9673],[-42.1158,-20.96],[-42.1097,-20.96],[-42.1061,-20.9665],[-42.1061,-20.9665]]]}},{"type":"Feature","properties":{"cod_imovel":"RJ-3304102-ECE20E4F246B4B5CB6FD6D380E473808","mod_fiscal":"0.8777000000000000000000000000000","num_area":"26.332000000000000000000000000000","ind_status":"AT","ind_tipo":"IRU","des_condic":"Aguardando analise","municipio":"Porciuncula","dat_criaca":"20/02/2017"},"geometry":{"type":"Polygon","coordinates":[[[-42.0988,-20.9629],[-42.0925,-20.9642],[-42.0905,-20.9681],[-42.0972,-20.9649],[-42.0994,-20.9675],[-42.0988,-20.9629],[-42.0988,-20.9629]]]}},{"type":"Feature","properties":{"cod_imovel":"RJ-3304102-9479809335AA493CB6997CD1E9146A01","mod_fiscal":"5.3519000000000000000000000000000","num_area":"160.55590000000000000000000000000","ind_status":"AT","ind_tipo":"IRU","des_condic":"Aguardando analise","municipio":"Porciuncula","dat_criaca":"14/09/2015"},"geometry":{"type":"Polygon","coordinates":[[[-41.9169,-20.9386],[-41.9189,-20.9419],[-41.9271,-20.936],[-41.9269,-20.9329],[-41.9139,-20.9252],[-41.9125,-20.9312],[-41.9169,-20.9386],[-41.9169,-20.9386]]]}},{"type":"Feature","properties":{"cod_imovel":"RJ-3304102-1F82871BAC0A4252A83CD645E99ED556","mod_fiscal":"0.4006000000000000000000000000000","num_area":"12.018000000000000000000000000000","ind_status":"AT","ind_tipo":"IRU","des_condic":"Aguardando analise","municipio":"Porciuncula","dat_criaca":"26/09/2016"},"geometry":{"type":"Polygon","coordinates":[[[-42.091,-20.9738],[-42.0898,-20.98],[-42.091,-20.9743],[-42.091,-20.9738]]]}},{"type":"Feature","properties":{"cod_imovel":"RJ-3304102-F6096452E96A4AF5952E18262BB406A2","mod_fiscal":"3.0503000000000000000000000000000","num_area":"91.509200000000000000000000000000","ind_status":"AT","ind_tipo":"IRU","des_condic":"Aguardando analise","municipio":"Porciuncula","dat_criaca":"03/05/2016"},"geometry":{"type":"Polygon","coordinates":[[[-41.9218,-20.9398],[-41.9183,-20.9449],[-41.9329,-20.9446],[-41.9306,-20.938],[-41.9234,-20.9385],[-41.9218,-20.9398]]]}},{"type":"Feature","properties":{"cod_imovel":"RJ-3304102-16E8B000E2BE450A8D77B7DD563D2A73","mod_fiscal":"0.2161000000000000000000000000000","num_area":"6.4826000000000000000000000000000","ind_status":"AT","ind_tipo":"IRU","des_condic":"Aguardando analise","municipio":"Porciuncula","dat_criaca":"06/08/2016"},"geometry":{"type":"Polygon","coordinates":[[[-42.0805,-20.9528],[-42.0736,-20.9541],[-42.0805,-20.9529],[-42.0805,-20.9528]]]}},{"type":"Feature","properties":{"cod_imovel":"RJ-3304102-70542532B7CF461380A325AF0CB52F8F","mod_fiscal":"0.3097000000000000000000000000000","num_area":"9.2912000000000000000000000000000","ind_status":"AT","ind_tipo":"IRU","des_condic":"Aguardando analise","municipio":"Porciuncula","dat_criaca":"08/07/2016"},"geometry":{"type":"Polygon","coordinates":[[[-42.0928,-20.9842],[-42.0876,-20.9849],[-42.0916,-20.9869],[-42.0926,-20.9848],[-42.0928,-20.9842]]]}},{"type":"Feature","properties":{"cod_imovel":"RJ-3304102-D3C292633D2C43268CE7EE5D38927529","mod_fiscal":"0.1378000000000000000000000000000","num_area":"4.1329000000000000000000000000000","ind_status":"AT","ind_tipo":"IRU","des_condic":"Aguardando analise","municipio":"Porciuncula","dat_criaca":"24/03/2025"},"geometry":{"type":"Polygon","coordinates":[[[-41.9009,-20.8113],[-41.898,-20.8128],[-41.9001,-20.8137],[-41.9009,-20.8113]]]}},{"type":"Feature","properties":{"cod_imovel":"RJ-3304102-FB879E9B2E094653AF551605538631EE","mod_fiscal":"0.7260000000000000000000000000000","num_area":"21.780900000000000000000000000000","ind_status":"PE","ind_tipo":"IRU","des_condic":"Aguardando analise","municipio":"Porciuncula","dat_criaca":"21/03/2025"},"geometry":{"type":"Polygon","coordinates":[[[-41.9265,-20.8524],[-41.9325,-20.8517],[-41.9263,-20.8483],[-41.9264,-20.8523],[-41.9265,-20.8524]]]}},{"type":"Feature","properties":{"cod_imovel":"RJ-3304102-1DD3A3E41715427DAB0923411EDF322A","mod_fiscal":"0.1015000000000000000000000000000","num_area":"3.0446000000000000000000000000000","ind_status":"PE","ind_tipo":"IRU","des_condic":"Analisado, aguardando atendimento a notificacao","municipio":"Porciuncula","dat_criaca":"15/12/2023"},"geometry":{"type":"Polygon","coordinates":[[[-41.8572,-20.8071],[-41.8548,-20.8077],[-41.857,-20.8074],[-41.8572,-20.8071]]]}},{"type":"Feature","properties":{"cod_imovel":"RJ-3304102-33A15E1E66EB4D3D8DFBEC2B8017CE53","mod_fiscal":"1.1951000000000000000000000000000","num_area":"35.853600000000000000000000000000","ind_status":"AT","ind_tipo":"IRU","des_condic":"Aguardando analise","municipio":"Porciuncula","dat_criaca":"04/05/2016"},"geometry":{"type":"Polygon","coordinates":[[[-42.0952,-20.9812],[-42.0961,-20.9749],[-42.0928,-20.975],[-42.0903,-20.9699],[-42.0911,-20.9778],[-42.0949,-20.9812],[-42.0952,-20.9812]]]}},{"type":"Feature","properties":{"cod_imovel":"RJ-3304102-76282D94DA7E4502998E4A8E6C074BAB","mod_fiscal":"0.9447000000000000000000000000000","num_area":"28.341900000000000000000000000000","ind_status":"AT","ind_tipo":"IRU","des_condic":"Aguardando analise","municipio":"Porciuncula","dat_criaca":"03/05/2016"},"geometry":{"type":"Polygon","coordinates":[[[-42.053,-20.9647],[-42.0458,-20.9666],[-42.0492,-20.97],[-42.0534,-20.9658],[-42.053,-20.9647]]]}},{"type":"Feature","properties":{"cod_imovel":"RJ-3304102-680681057EF146AA8549348774CA83A4","mod_fiscal":"1.1232000000000000000000000000000","num_area":"33.696100000000000000000000000000","ind_status":"AT","ind_tipo":"IRU","des_condic":"Aguardando analise","municipio":"Porciuncula","dat_criaca":"02/05/2016"},"geometry":{"type":"Polygon","coordinates":[[[-42.0724,-20.9784],[-42.0618,-20.9772],[-42.0699,-20.9834],[-42.0722,-20.9792],[-42.0724,-20.9784]]]}},{"type":"Feature","properties":{"cod_imovel":"RJ-3304102-D16D8337D5CD4206AA025EB42733B929","mod_fiscal":"0.1566000000000000000000000000000","num_area":"4.6991000000000000000000000000000","ind_status":"AT","ind_tipo":"IRU","des_condic":"Aguardando analise","municipio":"Porciuncula","dat_criaca":"29/04/2016"},"geometry":{"type":"Polygon","coordinates":[[[-42.1329,-20.9688],[-42.1311,-20.9704],[-42.1335,-20.9695],[-42.1329,-20.9688]]]}},{"type":"Feature","properties":{"cod_imovel":"RJ-3304102-599F832EC00D4890839CE9F1B84DC404","mod_fiscal":"0.2581000000000000000000000000000","num_area":"7.7432000000000000000000000000000","ind_status":"AT","ind_tipo":"IRU","des_condic":"Aguardando analise","municipio":"Porciuncula","dat_criaca":"29/04/2016"},"geometry":{"type":"Polygon","coordinates":[[[-42.0873,-20.9549],[-42.0882,-20.957],[-42.0909,-20.9533],[-42.0876,-20.9546],[-42.0873,-20.9549]]]}},{"type":"Feature","properties":{"cod_imovel":"RJ-3304102-5E21949125CA4DCFB96B9864FA306A0A","mod_fiscal":"0.3066000000000000000000000000000","num_area":"9.1973000000000000000000000000000","ind_status":"AT","ind_tipo":"IRU","des_condic":"Aguardando analise","municipio":"Porciuncula","dat_criaca":"28/04/2016"},"geometry":{"type":"Polygon","coordinates":[[[-42.0767,-20.9545],[-42.0775,-20.9573],[-42.0813,-20.9544],[-42.0776,-20.9545],[-42.0767,-20.9545]]]}},{"type":"Feature","properties":{"cod_imovel":"RJ-3304102-130352AFF57548E6905026BDB44BF719","mod_fiscal":"0.7266000000000000000000000000000","num_area":"21.797400000000000000000000000000","ind_status":"AT","ind_tipo":"IRU","des_condic":"Aguardando analise","municipio":"Porciuncula","dat_criaca":"28/04/2016"},"geometry":{"type":"Polygon","coordinates":[[[-42.083,-20.959],[-42.0812,-20.9603],[-42.0848,-20.9635],[-42.0863,-20.9612],[-42.0903,-20.9625],[-42.0835,-20.959],[-42.083,-20.959]]]}},{"type":"Feature","properties":{"cod_imovel":"RJ-3304102-CE1F9A3035754B58AC5D66CAE1656ADB","mod_fiscal":"0.2252000000000000000000000000000","num_area":"6.7549000000000000000000000000000","ind_status":"AT","ind_tipo":"IRU","des_condic":"Aguardando analise","municipio":"Porciuncula","dat_criaca":"07/04/2016"},"geometry":{"type":"Polygon","coordinates":[[[-42.0904,-20.9848],[-42.0937,-20.985],[-42.0934,-20.9819],[-42.0904,-20.9847],[-42.0904,-20.9848]]]}},{"type":"Feature","properties":{"cod_imovel":"RJ-3304102-787E1940EF8F45228B727BBA2C9ED50B","mod_fiscal":"0.5954000000000000000000000000000","num_area":"17.861100000000000000000000000000","ind_status":"AT","ind_tipo":"IRU","des_condic":"Aguardando analise","municipio":"Porciuncula","dat_criaca":"07/04/2016"},"geometry":{"type":"Polygon","coordinates":[[[-42.0589,-21.0065],[-42.0525,-21.0097],[-42.0591,-21.0078],[-42.0589,-21.0065]]]}},{"type":"Feature","properties":{"cod_imovel":"RJ-3304102-CB93D78C171E4F949698CF9919BA9B55","mod_fiscal":"1.9072000000000000000000000000000","num_area":"57.216000000000000000000000000000","ind_status":"AT","ind_tipo":"IRU","des_condic":"Aguardando analise","municipio":"Porciuncula","dat_criaca":"26/01/2016"},"geometry":{"type":"Polygon","coordinates":[[[-42.0799,-20.999],[-42.0819,-20.9922],[-42.0797,-20.9898],[-42.0716,-21.0092],[-42.0756,-21.0107],[-42.0779,-21.0062],[-42.0741,-21.0049],[-42.0795,-20.9989],[-42.0799,-20.999]]]}},{"type":"Feature","properties":{"cod_imovel":"RJ-3304102-87BD8E9DDCE3428689777ED2329F0EC9","mod_fiscal":"1.0620000000000000000000000000000","num_area":"31.860300000000000000000000000000","ind_status":"AT","ind_tipo":"IRU","des_condic":"Aguardando analise","municipio":"Porciuncula","dat_criaca":"21/02/2016"},"geometry":{"type":"Polygon","coordinates":[[[-42.066,-21.0175],[-42.0682,-21.0152],[-42.0598,-21.0173],[-42.0592,-21.0216],[-42.0629,-21.0222],[-42.0653,-21.0181],[-42.066,-21.0175]]]}},{"type":"Feature","properties":{"cod_imovel":"RJ-3304102-816FD792E0584862BA63BCD35FA74CAF","mod_fiscal":"1.3566000000000000000000000000000","num_area":"40.697100000000000000000000000000","ind_status":"AT","ind_tipo":"IRU","des_condic":"Aguardando analise","municipio":"Porciuncula","dat_criaca":"12/02/2016"},"geometry":{"type":"Polygon","coordinates":[[[-42.0818,-20.9436],[-42.0761,-20.9426],[-42.0795,-20.9496],[-42.0821,-20.9439],[-42.0818,-20.9436]]]}},{"type":"Feature","properties":{"cod_imovel":"RJ-3304102-4FA48FE503654EA39F4523A8A052723A","mod_fiscal":"0.4745000000000000000000000000000","num_area":"14.235800000000000000000000000000","ind_status":"AT","ind_tipo":"IRU","des_condic":"Aguardando analise","municipio":"Porciuncula","dat_criaca":"11/01/2016"},"geometry":{"type":"Polygon","coordinates":[[[-42.128,-20.9734],[-42.1316,-20.97],[-42.1251,-20.9711],[-42.1275,-20.973],[-42.128,-20.9734]]]}},{"type":"Feature","properties":{"cod_imovel":"RJ-3304102-7CBF3B7CFE2C45F6B8D1263851DA5C6C","mod_fiscal":"0.7665000000000000000000000000000","num_area":"22.995800000000000000000000000000","ind_status":"AT","ind_tipo":"IRU","des_condic":"Aguardando analise","municipio":"Porciuncula","dat_criaca":"15/12/2015"},"geometry":{"type":"Polygon","coordinates":[[[-42.0506,-21.0028],[-42.0564,-21.0024],[-42.0498,-20.9978],[-42.0504,-21.0004],[-42.0506,-21.0028]]]}},{"type":"Feature","properties":{"cod_imovel":"RJ-3304102-141F8545E4074460A7F46639ECA884C4","mod_fiscal":"0.3329000000000000000000000000000","num_area":"9.9881000000000000000000000000000","ind_status":"AT","ind_tipo":"IRU","des_condic":"Aguardando analise","municipio":"Porciuncula","dat_criaca":"30/11/2015"},"geometry":{"type":"Polygon","coordinates":[[[-42.1013,-21.0049],[-42.0995,-21.0107],[-42.1014,-21.0047],[-42.1013,-21.0049]]]}},{"type":"Feature","properties":{"cod_imovel":"RJ-3304102-3FD2A4A3BC4549A785ED1C0EDF74E350","mod_fiscal":"1.2625000000000000000000000000000","num_area":"37.875500000000000000000000000000","ind_status":"AT","ind_tipo":"IRU","des_condic":"Aguardando analise","municipio":"Porciuncula","dat_criaca":"30/11/2015"},"geometry":{"type":"Polygon","coordinates":[[[-42.0824,-20.999],[-42.0778,-20.9982],[-42.0741,-21.0049],[-42.0779,-21.0062],[-42.0824,-20.999],[-42.0824,-20.999]]]}},{"type":"Feature","properties":{"cod_imovel":"RJ-3304102-0C463B8A47B144DBB3995D09306BEC41","mod_fiscal":"0.3576000000000000000000000000000","num_area":"10.727300000000000000000000000000","ind_status":"AT","ind_tipo":"IRU","des_condic":"Aguardando analise","municipio":"Porciuncula","dat_criaca":"14/08/2015"},"geometry":{"type":"Polygon","coordinates":[[[-42.056,-20.9809],[-42.0544,-20.9841],[-42.0595,-20.9854],[-42.056,-20.9809],[-42.056,-20.9809]]]}},{"type":"Feature","properties":{"cod_imovel":"RJ-3304102-4D5AAD4FE611441192F25A8258BEDE20","mod_fiscal":"0.2141000000000000000000000000000","num_area":"6.4225000000000000000000000000000","ind_status":"AT","ind_tipo":"IRU","des_condic":"Aguardando analise","municipio":"Porciuncula","dat_criaca":"21/07/2015"},"geometry":{"type":"Polygon","coordinates":[[[-42.0858,-20.9567],[-42.0838,-20.9589],[-42.0867,-20.9593],[-42.086,-20.9571],[-42.0858,-20.9567]]]}},{"type":"Feature","properties":{"cod_imovel":"RJ-3304102-BCAF6EB7432A4662B200F057ECA5E43E","mod_fiscal":"1.6372000000000000000000000000000","num_area":"49.115900000000000000000000000000","ind_status":"AT","ind_tipo":"IRU","des_condic":"Aguardando analise","municipio":"Porciuncula","dat_criaca":"09/07/2015"},"geometry":{"type":"Polygon","coordinates":[[[-42.0844,-20.9849],[-42.0806,-20.985],[-42.0796,-20.9899],[-42.0844,-20.9946],[-42.0879,-20.988],[-42.0846,-20.9852],[-42.0844,-20.9849]]]}},{"type":"Feature","properties":{"cod_imovel":"RJ-3304102-65683BD056684EEEB090E8DC1287A2ED","mod_fiscal":"0.3412000000000000000000000000000","num_area":"10.221600000000000000000000000000","ind_status":"AT","ind_tipo":"IRU","des_condic":"Aguardando analise","municipio":"Porciuncula","dat_criaca":"08/07/2015"},"geometry":{"type":"Polygon","coordinates":[[[-42.1403,-20.9621],[-42.141,-20.9656],[-42.1408,-20.9619],[-42.1403,-20.9621]]]}},{"type":"Feature","properties":{"cod_imovel":"RJ-3304102-75C74DE17A5B4327999CAA21F84D66B3","mod_fiscal":"0.4543000000000000000000000000000","num_area":"13.628000000000000000000000000000","ind_status":"AT","ind_tipo":"IRU","des_condic":"Aguardando analise","municipio":"Porciuncula","dat_criaca":"07/07/2015"},"geometry":{"type":"Polygon","coordinates":[[[-42.0819,-20.9917],[-42.0831,-20.9949],[-42.0854,-20.9894],[-42.0825,-20.9911],[-42.0819,-20.9917]]]}},{"type":"Feature","properties":{"cod_imovel":"RJ-3304102-8FBDC75C829E46EAA21F6C1B44DD4F3E","mod_fiscal":"0.1263000000000000000000000000000","num_area":"3.7889000000000000000000000000000","ind_status":"AT","ind_tipo":"IRU","des_condic":"Analisado, aguardando regularizacao ambiental (Lei n 12.651/2012)","municipio":"Porciuncula","dat_criaca":"11/06/2023"},"geometry":{"type":"Polygon","coordinates":[[[-42.0236,-20.9352],[-42.019,-20.9407],[-42.024,-20.9357],[-42.0236,-20.9352]]]}},{"type":"Feature","properties":{"cod_imovel":"RJ-3304102-A1A4979CAC8D490B9BB7231648198D51","mod_fiscal":"0.1156000000000000000000000000000","num_area":"3.4688000000000000000000000000000","ind_status":"AT","ind_tipo":"IRU","des_condic":"Analisado, aguardando regularizacao ambiental (Lei n 12.651/2012)","municipio":"Porciuncula","dat_criaca":"18/05/2015"},"geometry":{"type":"Polygon","coordinates":[[[-42.013,-20.9455],[-42.0102,-20.947],[-42.0131,-20.9455],[-42.013,-20.9455]]]}},{"type":"Feature","properties":{"cod_imovel":"RJ-3304102-9C91167485AA44B491B4D4124D031913","mod_fiscal":"1.1785000000000000000000000000000","num_area":"35.354600000000000000000000000000","ind_status":"AT","ind_tipo":"IRU","des_condic":"Aguardando analise","municipio":"Porciuncula","dat_criaca":"01/05/2015"},"geometry":{"type":"Polygon","coordinates":[[[-42.1042,-20.9536],[-42.0982,-20.952],[-42.0972,-20.9562],[-42.1015,-20.9581],[-42.1043,-20.9538],[-42.1042,-20.9536]]]}},{"type":"Feature","properties":{"cod_imovel":"RJ-3304102-587D1D234FDE44DEBAC213975D7C6322","mod_fiscal":"0.6620000000000000000000000000000","num_area":"19.861400000000000000000000000000","ind_status":"AT","ind_tipo":"IRU","des_condic":"Aguardando analise","municipio":"Porciuncula","dat_criaca":"26/04/2015"},"geometry":{"type":"Polygon","coordinates":[[[-42.075,-20.979],[-42.0725,-20.9783],[-42.07,-20.9837],[-42.0745,-20.9826],[-42.075,-20.979],[-42.075,-20.979]]]}},{"type":"Feature","properties":{"cod_imovel":"RJ-3304102-FFB5160D9E034FFCAD37BEB3791B1DF1","mod_fiscal":"2.4893000000000000000000000000000","num_area":"74.678200000000000000000000000000","ind_status":"AT","ind_tipo":"IRU","des_condic":"Aguardando analise","municipio":"Porciuncula","dat_criaca":"30/03/2015"},"geometry":{"type":"Polygon","coordinates":[[[-42.0802,-21.0023],[-42.0807,-21.0102],[-42.0862,-21.0048],[-42.0857,-20.9961],[-42.0805,-21.002],[-42.0802,-21.0023]]]}},{"type":"Feature","properties":{"cod_imovel":"RJ-3304102-E6879E9FE6034E70A0A29D60D37155BC","mod_fiscal":"1.9768000000000000000000000000000","num_area":"59.148000000000000000000000000000","ind_status":"AT","ind_tipo":"IRU","des_condic":"Aguardando analise","municipio":"Porciuncula","dat_criaca":"30/03/2015"},"geometry":{"type":"Polygon","coordinates":[[[-42.0542,-20.9439],[-42.0577,-20.946],[-42.0672,-20.9394],[-42.0593,-20.9357],[-42.0544,-20.9434],[-42.0542,-20.9439]]]}},{"type":"Feature","properties":{"cod_imovel":"RJ-3304102-DCBDF5DEB4F74E8DB990A773F702879F","mod_fiscal":"2.4665000000000000000000000000000","num_area":"73.995700000000000000000000000000","ind_status":"AT","ind_tipo":"IRU","des_condic":"Aguardando analise","municipio":"Porciuncula","dat_criaca":"30/03/2015"},"geometry":{"type":"Polygon","coordinates":[[[-42.091,-20.9594],[-42.0873,-20.9643],[-42.0905,-20.9687],[-42.0928,-20.9638],[-42.0988,-20.9629],[-42.0973,-20.9547],[-42.0912,-20.9593],[-42.091,-20.9594]]]}},{"type":"Feature","properties":{"cod_imovel":"RJ-3304102-43BC41E9832E49A3A62E7CE8ED258B7F","mod_fiscal":"2.6620000000000000000000000000000","num_area":"79.860300000000000000000000000000","ind_status":"AT","ind_tipo":"IRU","des_condic":"Aguardando analise","municipio":"Porciuncula","dat_criaca":"14/02/2015"},"geometry":{"type":"Polygon","coordinates":[[[-42.0507,-20.9979],[-42.0563,-20.9895],[-42.0559,-20.9841],[-42.046,-20.9966],[-42.0507,-20.9979],[-42.0507,-20.9979]]]}},{"type":"Feature","properties":{"cod_imovel":"RJ-3304102-2453D66CF25A492EB58762B8A6555035","mod_fiscal":"0.1941000000000000000000000000000","num_area":"5.8240000000000000000000000000000","ind_status":"PE","ind_tipo":"IRU","des_condic":"Analisado, aguardando atendimento a notificacao","municipio":"Porciuncula","dat_criaca":"11/01/2021"},"geometry":{"type":"Polygon","coordinates":[[[-42.066,-20.9901],[-42.0697,-20.9888],[-42.066,-20.9901],[-42.066,-20.9901]]]}},{"type":"Feature","properties":{"cod_imovel":"RJ-3304102-ACF2FD5C5CA749ED85491D373D603AE4","mod_fiscal":"0.0807000000000000000000000000000","num_area":"2.4206000000000000000000000000000","ind_status":"PE","ind_tipo":"IRU","des_condic":"Analisado, aguardando atendimento a notificacao","municipio":"Porciuncula","dat_criaca":"01/10/2024"},"geometry":{"type":"Polygon","coordinates":[[[-41.8595,-20.8291],[-41.8568,-20.8304],[-41.8595,-20.8293],[-41.8595,-20.8291]]]}},{"type":"Feature","properties":{"cod_imovel":"RJ-3304102-43AABDB0AFD5471CBD66A281697CB636","mod_fiscal":"0.2470000000000000000000000000000","num_area":"7.4113000000000000000000000000000","ind_status":"PE","ind_tipo":"IRU","des_condic":"Analisado, aguardando atendimento a notificacao","municipio":"Porciuncula","dat_criaca":"11/01/2021"},"geometry":{"type":"Polygon","coordinates":[[[-42.0641,-20.9894],[-42.0596,-20.9855],[-42.0639,-20.9891],[-42.0641,-20.9894]]]}},{"type":"Feature","properties":{"cod_imovel":"RJ-3304102-78D563709FB7445A9E192EFD668F031E","mod_fiscal":"5.8151000000000000000000000000000","num_area":"174.45450000000000000000000000000","ind_status":"AT","ind_tipo":"IRU","des_condic":"Aguardando analise","municipio":"Porciuncula","dat_criaca":"24/09/2014"},"geometry":{"type":"Polygon","coordinates":[[[-42.0591,-20.9864],[-42.0597,-20.9898],[-42.0563,-20.9895],[-42.0513,-20.9979],[-42.0587,-21.004],[-42.0669,-20.9917],[-42.0593,-20.9863],[-42.0591,-20.9864]]]}},{"type":"Feature","properties":{"cod_imovel":"RJ-3304102-0C5C106A1A72418E9AF8D118641C937F","mod_fiscal":"0.1574000000000000000000000000000","num_area":"4.7218000000000000000000000000000","ind_status":"PE","ind_tipo":"IRU","des_condic":"Analisado, aguardando atendimento a notificacao","municipio":"Porciuncula","dat_criaca":"02/05/2016"},"geometry":{"type":"Polygon","coordinates":[[[-41.8619,-20.7954],[-41.8622,-20.7997],[-41.8625,-20.7956],[-41.8619,-20.7954]]]}},{"type":"Feature","properties":{"cod_imovel":"RJ-3304102-42ED9C4F5647413684825CD2E7AE48DE","mod_fiscal":"0.1263000000000000000000000000000","num_area":"3.7887000000000000000000000000000","ind_status":"PE","ind_tipo":"IRU","des_condic":"Analisado, aguardando atendimento a notificacao","municipio":"Porciuncula","dat_criaca":"11/06/2023"},"geometry":{"type":"Polygon","coordinates":[[[-42.0244,-20.936],[-42.0192,-20.941],[-42.0247,-20.9365],[-42.0244,-20.936]]]}},{"type":"Feature","properties":{"cod_imovel":"RJ-3304102-A8E5901F527341F6B046B36851A6D8FB","mod_fiscal":"0.9241000000000000000000000000000","num_area":"27.723800000000000000000000000000","ind_status":"PE","ind_tipo":"IRU","des_condic":"Analisado, aguardando atendimento a notificacao","municipio":"Porciuncula","dat_criaca":"14/10/2019"},"geometry":{"type":"Polygon","coordinates":[[[-41.8398,-20.8427],[-41.8404,-20.8357],[-41.8336,-20.8403],[-41.8368,-20.8392],[-41.8397,-20.8425],[-41.8398,-20.8427]]]}},{"type":"Feature","properties":{"cod_imovel":"RJ-3304102-AAD77B85A4444519A8880279EC893E8E","mod_fiscal":"0.1745000000000000000000000000000","num_area":"5.2337000000000000000000000000000","ind_status":"PE","ind_tipo":"IRU","des_condic":"Analisado, aguardando atendimento a notificacao","municipio":"Porciuncula","dat_criaca":"26/07/2021"},"geometry":{"type":"Polygon","coordinates":[[[-42.071,-20.991],[-42.0678,-20.9919],[-42.071,-20.991],[-42.071,-20.991]]]}},{"type":"Feature","properties":{"cod_imovel":"RJ-3304102-CD56EA718E2F479BBB79820CFBEACEDF","mod_fiscal":"0.1979000000000000000000000000000","num_area":"5.9358000000000000000000000000000","ind_status":"PE","ind_tipo":"IRU","des_condic":"Analisado, aguardando atendimento a notificacao","municipio":"Porciuncula","dat_criaca":"18/02/2021"},"geometry":{"type":"Polygon","coordinates":[[[-42.0377,-20.9779],[-42.0438,-20.9767],[-42.0377,-20.9779],[-42.0377,-20.9779]]]}},{"type":"Feature","properties":{"cod_imovel":"RJ-3304102-F0B8C5119F374E4998F1D357270C1AE2","mod_fiscal":"0.2745000000000000000000000000000","num_area":"8.2356000000000000000000000000000","ind_status":"PE","ind_tipo":"IRU","des_condic":"Analisado, aguardando atendimento a notificacao","municipio":"Porciuncula","dat_criaca":"30/09/2020"},"geometry":{"type":"Polygon","coordinates":[[[-41.8635,-20.7948],[-41.8656,-20.7986],[-41.8635,-20.7948],[-41.8635,-20.7948]]]}},{"type":"Feature","properties":{"cod_imovel":"RJ-3304102-556BF8DAA29E4640B6A281CC38A490F8","mod_fiscal":"0.3289000000000000000000000000000","num_area":"9.8678000000000000000000000000000","ind_status":"PE","ind_tipo":"IRU","des_condic":"Analisado, aguardando atendimento a notificacao","municipio":"Porciuncula","dat_criaca":"01/11/2019"},"geometry":{"type":"Polygon","coordinates":[[[-41.8546,-20.8366],[-41.8529,-20.839],[-41.8565,-20.8409],[-41.8554,-20.8372],[-41.8546,-20.8366]]]}},{"type":"Feature","properties":{"cod_imovel":"RJ-3304102-1FF9BD85C1A94B32B2CA18454013539C","mod_fiscal":"0.1600000000000000000000000000000","num_area":"4.7993000000000000000000000000000","ind_status":"PE","ind_tipo":"IRU","des_condic":"Analisado, aguardando atendimento a notificacao","municipio":"Porciuncula","dat_criaca":"23/10/2017"},"geometry":{"type":"Polygon","coordinates":[[[-42.0341,-20.973],[-42.0319,-20.9717],[-42.0334,-20.974],[-42.0341,-20.973]]]}},{"type":"Feature","properties":{"cod_imovel":"RJ-3304102-CC6E5FBD659B4B38816A02428994356B","mod_fiscal":"0.2055000000000000000000000000000","num_area":"6.1656000000000000000000000000000","ind_status":"PE","ind_tipo":"IRU","des_condic":"Analisado, aguardando atendimento a notificacao","municipio":"Porciuncula","dat_criaca":"21/04/2017"},"geometry":{"type":"Polygon","coordinates":[[[-42.0363,-20.9606],[-42.0347,-20.9576],[-42.0358,-20.961],[-42.0363,-20.9606]]]}},{"type":"Feature","properties":{"cod_imovel":"RJ-3304102-BC80CA07A58F4E34BCD9AE89697FB591","mod_fiscal":"0.2430000000000000000000000000000","num_area":"7.2891000000000000000000000000000","ind_status":"PE","ind_tipo":"IRU","des_condic":"Analisado, aguardando atendimento a notificacao","municipio":"Porciuncula","dat_criaca":"24/08/2016"},"geometry":{"type":"Polygon","coordinates":[[[-41.8403,-20.8403],[-41.8361,-20.8413],[-41.8399,-20.8429],[-41.8403,-20.8403],[-41.8403,-20.8403]]]}},{"type":"Feature","properties":{"cod_imovel":"RJ-3304102-C8AC3C05640E4805BB261DAE1723A1DC","mod_fiscal":"1.1009000000000000000000000000000","num_area":"33.025600000000000000000000000000","ind_status":"PE","ind_tipo":"IRU","des_condic":"Analisado, aguardando atendimento a notificacao","municipio":"Porciuncula","dat_criaca":"05/07/2016"},"geometry":{"type":"Polygon","coordinates":[[[-41.8509,-20.8441],[-41.858,-20.8444],[-41.8551,-20.8382],[-41.8516,-20.8434],[-41.8509,-20.8441]]]}},{"type":"Feature","properties":{"cod_imovel":"RJ-3304102-A24C41E30B344BEF832DC4DBBA29C65C","mod_fiscal":"0.1029000000000000000000000000000","num_area":"3.0857000000000000000000000000000","ind_status":"PE","ind_tipo":"IRU","des_condic":"Analisado, aguardando atendimento a notificacao","municipio":"Porciuncula","dat_criaca":"29/04/2016"},"geometry":{"type":"Polygon","coordinates":[[[-41.8676,-20.8154],[-41.8637,-20.8149],[-41.8674,-20.8155],[-41.8676,-20.8154]]]}},{"type":"Feature","properties":{"cod_imovel":"RJ-3304102-6D69AF9C107C426CB3812D338613A662","mod_fiscal":"0.0593000000000000000000000000000","num_area":"1.7804000000000000000000000000000","ind_status":"PE","ind_tipo":"IRU","des_condic":"Analisado, aguardando atendimento a notificacao","municipio":"Porciuncula","dat_criaca":"29/04/2016"},"geometry":{"type":"Polygon","coordinates":[[[-41.8306,-20.8403],[-41.8285,-20.8407],[-41.8307,-20.8407],[-41.8306,-20.8403]]]}},{"type":"Feature","properties":{"cod_imovel":"RJ-3304102-8E33DFA26E42429F883ABFEDE84C4C11","mod_fiscal":"0.2977000000000000000000000000000","num_area":"8.9296000000000000000000000000000","ind_status":"PE","ind_tipo":"IRU","des_condic":"Analisado, aguardando atendimento a notificacao","municipio":"Porciuncula","dat_criaca":"28/04/2016"},"geometry":{"type":"Polygon","coordinates":[[[-41.8626,-20.7902],[-41.8672,-20.792],[-41.8673,-20.7895],[-41.8631,-20.79],[-41.8626,-20.7902]]]}},{"type":"Feature","properties":{"cod_imovel":"RJ-3304102-346A8F3623C34421A4F9BFFFD3362088","mod_fiscal":"0.0823000000000000000000000000000","num_area":"2.4705000000000000000000000000000","ind_status":"PE","ind_tipo":"IRU","des_condic":"Analisado, aguardando atendimento a notificacao","municipio":"Porciuncula","dat_criaca":"28/04/2016"},"geometry":{"type":"Polygon","coordinates":[[[-41.8322,-20.8382],[-41.8297,-20.8377],[-41.832,-20.8384],[-41.8322,-20.8382]]]}},{"type":"Feature","properties":{"cod_imovel":"RJ-3304102-54A2F27C2B58487A87186B09FDE986E0","mod_fiscal":"0.0868000000000000000000000000000","num_area":"2.6034000000000000000000000000000","ind_status":"PE","ind_tipo":"IRU","des_condic":"Analisado, aguardando atendimento a notificacao","municipio":"Porciuncula","dat_criaca":"26/04/2016"},"geometry":{"type":"Polygon","coordinates":[[[-41.8758,-20.8148],[-41.8765,-20.8129],[-41.8754,-20.8157],[-41.8758,-20.8148]]]}},{"type":"Feature","properties":{"cod_imovel":"RJ-3304102-261EDB3B2F74470CA0D396515FBF770F","mod_fiscal":"0.0207000000000000000000000000000","num_area":"0.6225000000000000000000000000000","ind_status":"AT","ind_tipo":"IRU","des_condic":"Analisado, aguardando regularizacao ambiental (Lei n 12.651/2012)","municipio":"Porciuncula","dat_criaca":"26/10/2015"},"geometry":{"type":"Polygon","coordinates":[[[-42.0368,-20.9764],[-42.034,-20.9766],[-42.0369,-20.9766],[-42.0368,-20.9764]]]}},{"type":"Feature","properties":{"cod_imovel":"RJ-3304102-BBAD4396B5524A2797AD14A3CD9FAC70","mod_fiscal":"0.2690000000000000000000000000000","num_area":"8.0710000000000000000000000000000","ind_status":"AT","ind_tipo":"IRU","des_condic":"Analisado, em conformidade com a Lei n 12.651/2012","municipio":"Porciuncula","dat_criaca":"20/04/2015"},"geometry":{"type":"Polygon","coordinates":[[[-42.0095,-20.945],[-42.006,-20.9444],[-42.0091,-20.9472],[-42.0107,-20.9455],[-42.0095,-20.945]]]}},{"type":"Feature","properties":{"cod_imovel":"RJ-3304102-AC0EEC46E5F849BD97572A1E954FD4C2","mod_fiscal":"0.3224000000000000000000000000000","num_area":"9.6731000000000000000000000000000","ind_status":"PE","ind_tipo":"IRU","des_condic":"Analisado, aguardando atendimento a notificacao","municipio":"Porciuncula","dat_criaca":"20/04/2016"},"geometry":{"type":"Polygon","coordinates":[[[-41.8556,-20.8085],[-41.8551,-20.8124],[-41.8586,-20.8105],[-41.8559,-20.8087],[-41.8556,-20.8085]]]}},{"type":"Feature","properties":{"cod_imovel":"RJ-3304102-F38213BE8D76413D8FE1D745276CA661","mod_fiscal":"0.1604000000000000000000000000000","num_area":"4.8112000000000000000000000000000","ind_status":"PE","ind_tipo":"IRU","des_condic":"Analisado, aguardando atendimento a notificacao","municipio":"Porciuncula","dat_criaca":"15/04/2016"},"geometry":{"type":"Polygon","coordinates":[[[-41.8383,-20.8344],[-41.8347,-20.8316],[-41.8379,-20.8342],[-41.8383,-20.8344]]]}},{"type":"Feature","properties":{"cod_imovel":"RJ-3304102-D20BCC150AC945119BD1132932C73123","mod_fiscal":"0.0992000000000000000000000000000","num_area":"2.9768000000000000000000000000000","ind_status":"PE","ind_tipo":"IRU","des_condic":"Analisado, aguardando atendimento a notificacao","municipio":"Porciuncula","dat_criaca":"08/02/2016"},"geometry":{"type":"Polygon","coordinates":[[[-41.8876,-20.8357],[-41.8916,-20.837],[-41.8875,-20.8356],[-41.8876,-20.8357]]]}},{"type":"Feature","properties":{"cod_imovel":"RJ-3304102-48A0C32E18CF44E8A69CAAFE48F081CB","mod_fiscal":"0.0792000000000000000000000000000","num_area":"2.3767000000000000000000000000000","ind_status":"PE","ind_tipo":"IRU","des_condic":"Analisado, aguardando atendimento a notificacao","municipio":"Porciuncula","dat_criaca":"10/10/2015"},"geometry":{"type":"Polygon","coordinates":[[[-42.047,-20.968],[-42.0489,-20.9704],[-42.0471,-20.9682],[-42.047,-20.968]]]}},{"type":"Feature","properties":{"cod_imovel":"RJ-3304102-52403A3A0B644E2387F09EB658F6589A","mod_fiscal":"0.8376000000000000000000000000000","num_area":"25.128400000000000000000000000000","ind_status":"PE","ind_tipo":"IRU","des_condic":"Analisado, aguardando atendimento a notificacao","municipio":"Porciuncula","dat_criaca":"19/11/2018"},"geometry":{"type":"Polygon","coordinates":[[[-41.841,-20.8364],[-41.84,-20.8428],[-41.8451,-20.8448],[-41.8448,-20.8393],[-41.8412,-20.8367],[-41.841,-20.8364]]]}},{"type":"Feature","properties":{"cod_imovel":"RJ-3304102-6C1E023145C2458B8B6B1D70DD38C9C8","mod_fiscal":"0.5679000000000000000000000000000","num_area":"17.036000000000000000000000000000","ind_status":"PE","ind_tipo":"IRU","des_condic":"Analisado, aguardando atendimento a notificacao","municipio":"Porciuncula","dat_criaca":"05/11/2020"},"geometry":{"type":"Polygon","coordinates":[[[-41.8527,-20.8411],[-41.8503,-20.8407],[-41.8475,-20.8474],[-41.8522,-20.8417],[-41.8527,-20.8411]]]}},{"type":"Feature","properties":{"cod_imovel":"RJ-3304102-A61EE55451AF44EAABBAA699A200F76D","mod_fiscal":"0.1496000000000000000000000000000","num_area":"4.4883000000000000000000000000000","ind_status":"AT","ind_tipo":"IRU","des_condic":"Aguardando analise","municipio":"Porciuncula","dat_criaca":"29/04/2016"},"geometry":{"type":"Polygon","coordinates":[[[-41.9118,-20.8237],[-41.9099,-20.8266],[-41.9117,-20.8239],[-41.9118,-20.8237]]]}},{"type":"Feature","properties":{"cod_imovel":"RJ-3304102-8C394F84446B4012A8072CA002CA3D7E","mod_fiscal":"0.1701000000000000000000000000000","num_area":"5.1033000000000000000000000000000","ind_status":"AT","ind_tipo":"IRU","des_condic":"Aguardando analise","municipio":"Porciuncula","dat_criaca":"29/04/2016"},"geometry":{"type":"Polygon","coordinates":[[[-41.9087,-20.8146],[-41.913,-20.8137],[-41.9085,-20.8141],[-41.9087,-20.8146]]]}},{"type":"Feature","properties":{"cod_imovel":"RJ-3304102-CF883F67301A45AE8C18AD8710EEEA10","mod_fiscal":"1.6324000000000000000000000000000","num_area":"48.972900000000000000000000000000","ind_status":"AT","ind_tipo":"IRU","des_condic":"Aguardando analise","municipio":"Porciuncula","dat_criaca":"21/02/2019"},"geometry":{"type":"Polygon","coordinates":[[[-42.0589,-20.9776],[-42.0567,-20.9825],[-42.0599,-20.9856],[-42.0643,-20.9842],[-42.0645,-20.9791],[-42.0595,-20.9778],[-42.0589,-20.9776]]]}},{"type":"Feature","properties":{"cod_imovel":"RJ-3304102-1E1DD690DEA3424F8C06569D1B22F918","mod_fiscal":"2.8084000000000000000000000000000","num_area":"83.981800000000000000000000000000","ind_status":"AT","ind_tipo":"IRU","des_condic":"Aguardando analise","municipio":"Porciuncula","dat_criaca":"20/12/2017"},"geometry":{"type":"Polygon","coordinates":[[[-42.108,-20.9528],[-42.1039,-20.9492],[-42.105,-20.944],[-42.0988,-20.9406],[-42.0995,-20.9517],[-42.1048,-20.9549],[-42.1072,-20.9532],[-42.108,-20.9528]]]}},{"type":"Feature","properties":{"cod_imovel":"RJ-3304102-81C84139094F4FEF900291E301750FED","mod_fiscal":"0.0838000000000000000000000000000","num_area":"2.5126000000000000000000000000000","ind_status":"AT","ind_tipo":"IRU","des_condic":"Aguardando analise","municipio":"Porciuncula","dat_criaca":"10/02/2025"},"geometry":{"type":"Polygon","coordinates":[[[-41.8599,-20.828],[-41.8573,-20.8294],[-41.8599,-20.8281],[-41.8599,-20.828]]]}},{"type":"Feature","properties":{"cod_imovel":"RJ-3304102-F8B0A93ECB4A44FDA180B4B40EA4D5A6","mod_fiscal":"0.7895000000000000000000000000000","num_area":"23.379600000000000000000000000000","ind_status":"AT","ind_tipo":"IRU","des_condic":"Aguardando analise","municipio":"Porciuncula","dat_criaca":"19/04/2016"},"geometry":{"type":"Polygon","coordinates":[[[-42.124,-20.9559],[-42.1357,-20.9601],[-42.1249,-20.956],[-42.124,-20.9559]]]}},{"type":"Feature","properties":{"cod_imovel":"RJ-3304102-89F7352494FE451ABDA54B0BDDAB9E95","mod_fiscal":"0.6964000000000000000000000000000","num_area":"20.426700000000000000000000000000","ind_status":"AT","ind_tipo":"IRU","des_condic":"Aguardando analise","municipio":"Porciuncula","dat_criaca":"11/04/2016"},"geometry":{"type":"Polygon","coordinates":[[[-42.1358,-20.9601],[-42.1206,-20.9564],[-42.121,-20.9585],[-42.1358,-20.9601]]]}},{"type":"Feature","properties":{"cod_imovel":"RJ-3304102-E7A59F0C1B60424F93E9D3CB6E1CABAE","mod_fiscal":"13.998700000000000000000000000000","num_area":"419.88520000000000000000000000000","ind_status":"AT","ind_tipo":"IRU","des_condic":"Aguardando analise","municipio":"Porciuncula","dat_criaca":"16/05/2017"},"geometry":{"type":"Polygon","coordinates":[[[-42.0433,-20.9345],[-42.0463,-20.9336],[-42.0352,-20.927],[-42.0302,-20.928],[-42.0284,-20.9365],[-42.0369,-20.9494],[-42.0429,-20.9512],[-42.0411,-20.955],[-42.0479,-20.951],[-42.0475,-20.9448],[-42.0512,-20.943],[-42.049,-20.9404],[-42.052,-20.9376],[-42.0437,-20.9351],[-42.0433,-20.9345]]]}},{"type":"Feature","properties":{"cod_imovel":"RJ-3304102-47BACB32261E418CA6D07C116DC05671","mod_fiscal":"4.3185000000000000000000000000000","num_area":"129.55420000000000000000000000000","ind_status":"AT","ind_tipo":"IRU","des_condic":"Aguardando analise","municipio":"Porciuncula","dat_criaca":"09/05/2017"},"geometry":{"type":"Polygon","coordinates":[[[-42.0345,-20.9505],[-42.0368,-20.9494],[-42.0283,-20.9365],[-42.0245,-20.9391],[-42.0229,-20.9481],[-42.027,-20.9512],[-42.034,-20.9505],[-42.0345,-20.9505]]]}},{"type":"Feature","properties":{"cod_imovel":"RJ-3304102-59A67089853B4F1A8E82AA806AE63EAB","mod_fiscal":"16.389300000000000000000000000000","num_area":"491.67920000000000000000000000000","ind_status":"AT","ind_tipo":"IRU","des_condic":"Aguardando analise","municipio":"Porciuncula","dat_criaca":"09/05/2017"},"geometry":{"type":"Polygon","coordinates":[[[-42.0324,-20.9797],[-42.0335,-20.9739],[-42.0252,-20.9766],[-42.0279,-20.982],[-42.0192,-20.9943],[-42.0313,-21.0066],[-42.0346,-21.0038],[-42.0394,-21.0048],[-42.0485,-20.9929],[-42.0285,-20.9868],[-42.0316,-20.9818],[-42.0324,-20.9797]]]}},{"type":"Feature","properties":{"cod_imovel":"RJ-3304102-9515D79A4FEF47E386FFB5D61688AAC4","mod_fiscal":"1.0867000000000000000000000000000","num_area":"32.600600000000000000000000000000","ind_status":"AT","ind_tipo":"IRU","des_condic":"Aguardando analise","municipio":"Porciuncula","dat_criaca":"20/09/2022"},"geometry":{"type":"Polygon","coordinates":[[[-41.9258,-20.9251],[-41.9252,-20.9228],[-41.9136,-20.9245],[-41.9256,-20.9253],[-41.9258,-20.9251]]]}},{"type":"Feature","properties":{"cod_imovel":"RJ-3304102-715335A5DAED402A82311CAE058C34DD","mod_fiscal":"1.6702000000000000000000000000000","num_area":"50.105600000000000000000000000000","ind_status":"SU","ind_tipo":"IRU","des_condic":"Analisado, aguardando atendimento a notificacao","municipio":"Porciuncula","dat_criaca":"01/09/2019"},"geometry":{"type":"Polygon","coordinates":[[[-41.8657,-20.7948],[-41.8657,-20.7993],[-41.8685,-20.8005],[-41.8737,-20.797],[-41.8698,-20.7927],[-41.8662,-20.7948],[-41.8657,-20.7948]]]}},{"type":"Feature","properties":{"cod_imovel":"RJ-3304102-203763967A3E460E906A2450CCE7C0E0","mod_fiscal":"0.5376000000000000000000000000000","num_area":"16.127400000000000000000000000000","ind_status":"AT","ind_tipo":"IRU","des_condic":"Aguardando analise","municipio":"Porciuncula","dat_criaca":"17/04/2015"},"geometry":{"type":"Polygon","coordinates":[[[-42.059,-21.0041],[-42.0515,-21.0069],[-42.0589,-21.0046],[-42.059,-21.0041]]]}},{"type":"Feature","properties":{"cod_imovel":"RJ-3304102-F534F55CCC06459F8D0EC0124ACD1E61","mod_fiscal":"0.3194000000000000000000000000000","num_area":"9.5823000000000000000000000000000","ind_status":"AT","ind_tipo":"IRU","des_condic":"Aguardando analise","municipio":"Porciuncula","dat_criaca":"09/10/2018"},"geometry":{"type":"Polygon","coordinates":[[[-41.8637,-20.8603],[-41.8636,-20.8557],[-41.8635,-20.8601],[-41.8637,-20.8603]]]}},{"type":"Feature","properties":{"cod_imovel":"RJ-3304102-BA14EAABA05A4CB2B065E4BEF852DECB","mod_fiscal":"1.2018000000000000000000000000000","num_area":"35.945400000000000000000000000000","ind_status":"AT","ind_tipo":"IRU","des_condic":"Aguardando analise","municipio":"Porciuncula","dat_criaca":"29/04/2016"},"geometry":{"type":"Polygon","coordinates":[[[-41.9673,-20.8986],[-41.9626,-20.8916],[-41.9605,-20.8975],[-41.9628,-20.9012],[-41.9667,-20.8998],[-41.9673,-20.8986]]]}},{"type":"Feature","properties":{"cod_imovel":"RJ-3304102-8D6C2216AE644DA5B21AF7F46E9E8B07","mod_fiscal":"8.3137000000000000000000000000000","num_area":"249.41050000000000000000000000000","ind_status":"PE","ind_tipo":"IRU","des_condic":"Analisado, aguardando atendimento a notificacao","municipio":"Porciuncula","dat_criaca":"26/04/2018"},"geometry":{"type":"Polygon","coordinates":[[[-41.9081,-20.893],[-41.9221,-20.8936],[-41.9205,-20.891],[-41.9233,-20.8895],[-41.9087,-20.8782],[-41.9051,-20.8878],[-41.8957,-20.8881],[-41.8976,-20.8937],[-41.9048,-20.8896],[-41.9081,-20.893]]]}},{"type":"Feature","properties":{"cod_imovel":"RJ-3304102-417F276149E041E0990C9BDAB15F7BEB","mod_fiscal":"0.1253000000000000000000000000000","num_area":"3.7577000000000000000000000000000","ind_status":"AT","ind_tipo":"IRU","des_condic":"Aguardando analise","municipio":"Porciuncula","dat_criaca":"21/07/2023"},"geometry":{"type":"Polygon","coordinates":[[[-41.8983,-20.8151],[-41.8973,-20.8125],[-41.8982,-20.815],[-41.8983,-20.8151]]]}},{"type":"Feature","properties":{"cod_imovel":"RJ-3304102-58D7F604C2EE4E32869DEAEC5CF36661","mod_fiscal":"0.2365000000000000000000000000000","num_area":"7.0935000000000000000000000000000","ind_status":"AT","ind_tipo":"IRU","des_condic":"Aguardando analise","municipio":"Porciuncula","dat_criaca":"18/04/2024"},"geometry":{"type":"Polygon","coordinates":[[[-41.9081,-20.8017],[-41.9041,-20.8021],[-41.9061,-20.8043],[-41.9081,-20.8018],[-41.9081,-20.8017]]]}},{"type":"Feature","properties":{"cod_imovel":"RJ-3304102-B1C7E3D2D16A4AAA92A455C3B877CEC5","mod_fiscal":"1.1261000000000000000000000000000","num_area":"33.783500000000000000000000000000","ind_status":"PE","ind_tipo":"IRU","des_condic":"Analisado, aguardando atendimento a notificacao","municipio":"Porciuncula","dat_criaca":"23/10/2024"},"geometry":{"type":"Polygon","coordinates":[[[-41.9251,-20.8559],[-41.9244,-20.8492],[-41.9197,-20.8529],[-41.9196,-20.8555],[-41.9228,-20.8557],[-41.9251,-20.8559]]]}},{"type":"Feature","properties":{"cod_imovel":"RJ-3304102-E6FA3A78104D4E118DD3CF6DC5E73424","mod_fiscal":"0.9549000000000000000000000000000","num_area":"28.646400000000000000000000000000","ind_status":"PE","ind_tipo":"IRU","des_condic":"Analisado, aguardando atendimento a notificacao","municipio":"Porciuncula","dat_criaca":"23/09/2024"},"geometry":{"type":"Polygon","coordinates":[[[-41.9265,-20.8555],[-41.9307,-20.8562],[-41.9322,-20.8518],[-41.9265,-20.8524],[-41.9263,-20.8556],[-41.9265,-20.8555]]]}},{"type":"Feature","properties":{"cod_imovel":"RJ-3304102-3DF3B129875E4CAD8C9D1E5E20B52044","mod_fiscal":"0.1867000000000000000000000000000","num_area":"5.6024000000000000000000000000000","ind_status":"AT","ind_tipo":"IRU","des_condic":"Aguardando analise","municipio":"Porciuncula","dat_criaca":"18/12/2024"},"geometry":{"type":"Polygon","coordinates":[[[-41.8462,-20.8018],[-41.8436,-20.8037],[-41.8461,-20.8031],[-41.8462,-20.8018]]]}},{"type":"Feature","properties":{"cod_imovel":"RJ-3304102-C39FA9D447D24156AFB0CCCC0E3E4F90","mod_fiscal":"0.4959000000000000000000000000000","num_area":"14.875700000000000000000000000000","ind_status":"AT","ind_tipo":"IRU","des_condic":"Aguardando analise","municipio":"Porciuncula","dat_criaca":"15/12/2024"},"geometry":{"type":"Polygon","coordinates":[[[-41.9026,-20.8284],[-41.9042,-20.8243],[-41.9006,-20.8218],[-41.9016,-20.8279],[-41.9026,-20.8284]]]}},{"type":"Feature","properties":{"cod_imovel":"RJ-3304102-196865A8DF9F4E60B4BA7AABE6D2182F","mod_fiscal":"0.5275000000000000000000000000000","num_area":"15.825900000000000000000000000000","ind_status":"AT","ind_tipo":"IRU","des_condic":"Aguardando analise","municipio":"Porciuncula","dat_criaca":"15/12/2024"},"geometry":{"type":"Polygon","coordinates":[[[-41.9016,-20.8279],[-41.9,-20.8223],[-41.8965,-20.8254],[-41.9014,-20.8281],[-41.9016,-20.8279]]]}},{"type":"Feature","properties":{"cod_imovel":"RJ-3304102-E9BF2CA85E604F2785D82C26B883232D","mod_fiscal":"0.2051000000000000000000000000000","num_area":"6.1531000000000000000000000000000","ind_status":"AT","ind_tipo":"IRU","des_condic":"Aguardando analise","municipio":"Porciuncula","dat_criaca":"30/10/2017"},"geometry":{"type":"Polygon","coordinates":[[[-41.8698,-20.7745],[-41.8683,-20.7701],[-41.869,-20.7749],[-41.8698,-20.7745]]]}},{"type":"Feature","properties":{"cod_imovel":"RJ-3304102-E66ACCFBBF9F4497A7FE99494B4A8ACD","mod_fiscal":"0.0721000000000000000000000000000","num_area":"2.1635000000000000000000000000000","ind_status":"AT","ind_tipo":"IRU","des_condic":"Aguardando analise","municipio":"Porciuncula","dat_criaca":"03/12/2024"},"geometry":{"type":"Polygon","coordinates":[[[-41.8795,-20.8377],[-41.8768,-20.8378],[-41.879,-20.8391],[-41.8795,-20.8377]]]}},{"type":"Feature","properties":{"cod_imovel":"RJ-3304102-A7E5C1F20B224D2A85060D4BA43043A5","mod_fiscal":"0.3471000000000000000000000000000","num_area":"10.412200000000000000000000000000","ind_status":"AT","ind_tipo":"IRU","des_condic":"Aguardando analise","municipio":"Porciuncula","dat_criaca":"03/11/2015"},"geometry":{"type":"Polygon","coordinates":[[[-41.8661,-20.8485],[-41.8668,-20.8454],[-41.8654,-20.8479],[-41.8661,-20.8485]]]}},{"type":"Feature","properties":{"cod_imovel":"RJ-3304102-D56CEBE08CF149059005F7D2FFBAC457","mod_fiscal":"0.1000000000000000000000000000000","num_area":"3.0003000000000000000000000000000","ind_status":"AT","ind_tipo":"IRU","des_condic":"Aguardando analise","municipio":"Porciuncula","dat_criaca":"02/12/2024"},"geometry":{"type":"Polygon","coordinates":[[[-41.9078,-20.8024],[-41.9077,-20.8048],[-41.9084,-20.8026],[-41.9078,-20.8024]]]}},{"type":"Feature","properties":{"cod_imovel":"RJ-3304102-43DDE63CEFE244E19678C4A2EBE37FE6","mod_fiscal":"0.0904000000000000000000000000000","num_area":"2.7120000000000000000000000000000","ind_status":"AT","ind_tipo":"IRU","des_condic":"Aguardando analise","municipio":"Porciuncula","dat_criaca":"22/01/2016"},"geometry":{"type":"Polygon","coordinates":[[[-41.878,-20.8394],[-41.8806,-20.8401],[-41.8781,-20.8386],[-41.878,-20.8394]]]}},{"type":"Feature","properties":{"cod_imovel":"RJ-3304102-2399E6D6C75C4AABB72DD0A8CA2EB04D","mod_fiscal":"0.1297000000000000000000000000000","num_area":"3.8922000000000000000000000000000","ind_status":"AT","ind_tipo":"IRU","des_condic":"Aguardando analise","municipio":"Porciuncula","dat_criaca":"26/11/2024"},"geometry":{"type":"Polygon","coordinates":[[[-42.0049,-20.947],[-42.0094,-20.9499],[-42.0056,-20.9474],[-42.0049,-20.947]]]}},{"type":"Feature","properties":{"cod_imovel":"RJ-3304102-7D3E33DFC797418483F1B592D5013D2E","mod_fiscal":"2.7800000000000000000000000000000","num_area":"83.398600000000000000000000000000","ind_status":"AT","ind_tipo":"IRU","des_condic":"Aguardando analise","municipio":"Porciuncula","dat_criaca":"21/11/2024"},"geometry":{"type":"Polygon","coordinates":[[[-41.9857,-20.9576],[-41.9927,-20.9646],[-41.998,-20.9612],[-41.9907,-20.9533],[-41.9858,-20.9572],[-41.9857,-20.9576]]]}},{"type":"Feature","properties":{"cod_imovel":"RJ-3304102-7715407C61044AECA9E4C534E84F44A2","mod_fiscal":"1.6621000000000000000000000000000","num_area":"49.862900000000000000000000000000","ind_status":"AT","ind_tipo":"IRU","des_condic":"Aguardando analise","municipio":"Porciuncula","dat_criaca":"17/08/2015"},"geometry":{"type":"Polygon","coordinates":[[[-42.0589,-20.9776],[-42.0482,-20.974],[-42.0544,-20.9831],[-42.0589,-20.9776],[-42.0589,-20.9776]]]}},{"type":"Feature","properties":{"cod_imovel":"RJ-3304102-2EC34312A040496A8B229DDF72F2C9BE","mod_fiscal":"0.0807000000000000000000000000000","num_area":"2.4204000000000000000000000000000","ind_status":"AT","ind_tipo":"IRU","des_condic":"Aguardando analise","municipio":"Porciuncula","dat_criaca":"12/11/2024"},"geometry":{"type":"Polygon","coordinates":[[[-41.8594,-20.8298],[-41.857,-20.8306],[-41.8596,-20.8299],[-41.8594,-20.8298]]]}},{"type":"Feature","properties":{"cod_imovel":"RJ-3304102-6764A812C8084A239B4481125DA441A3","mod_fiscal":"18.441800000000000000000000000000","num_area":"553.25260000000000000000000000000","ind_status":"PE","ind_tipo":"IRU","des_condic":"Analisado, aguardando atendimento a notificacao","municipio":"Porciuncula","dat_criaca":"29/08/2024"},"geometry":{"type":"Polygon","coordinates":[[[-42.0228,-20.9891],[-42.0138,-20.9837],[-42.012,-20.9872],[-42.0073,-20.9862],[-42.0051,-20.9816],[-42.0008,-20.9821],[-42.0031,-20.9916],[-41.9999,-20.9981],[-42.0039,-21.0],[-42.0,-21.0023],[-42.0029,-21.0063],[-42.0067,-21.0019],[-42.0094,-21.0084],[-42.0063,-21.0124],[-42.0139,-21.0109],[-42.0277,-20.9971],[-42.022,-20.9893],[-42.0228,-20.9891]]]}},{"type":"Feature","properties":{"cod_imovel":"RJ-3304102-B2B777AE96CC49899843FE5C1BC6F3AE","mod_fiscal":"0.8872000000000000000000000000000","num_area":"26.616800000000000000000000000000","ind_status":"AT","ind_tipo":"IRU","des_condic":"Aguardando analise","municipio":"Porciuncula","dat_criaca":"13/07/2023"},"geometry":{"type":"Polygon","coordinates":[[[-41.9654,-20.9599],[-41.9689,-20.9594],[-41.9693,-20.9553],[-41.9626,-20.9559],[-41.965,-20.9592],[-41.9654,-20.9599]]]}},{"type":"Feature","properties":{"cod_imovel":"RJ-3304102-96143166104E45149B33590AFBA69CF8","mod_fiscal":"1.0870000000000000000000000000000","num_area":"32.608800000000000000000000000000","ind_status":"AT","ind_tipo":"IRU","des_condic":"Aguardando analise","municipio":"Porciuncula","dat_criaca":"09/03/2022"},"geometry":{"type":"Polygon","coordinates":[[[-42.0035,-20.9383],[-41.998,-20.9408],[-41.9999,-20.9464],[-42.0049,-20.9412],[-42.0037,-20.9386],[-42.0035,-20.9383]]]}},{"type":"Feature","properties":{"cod_imovel":"RJ-3304102-E7EF61439598419FAF68989EBAC3E064","mod_fiscal":"0.2855000000000000000000000000000","num_area":"8.5646000000000000000000000000000","ind_status":"AT","ind_tipo":"IRU","des_condic":"Aguardando analise","municipio":"Porciuncula","dat_criaca":"01/11/2024"},"geometry":{"type":"Polygon","coordinates":[[[-42.0057,-20.9448],[-42.0094,-20.9498],[-42.0069,-20.9458],[-42.0057,-20.9448]]]}},{"type":"Feature","properties":{"cod_imovel":"RJ-3304102-3C161BD86FC14FC4861EB3F7631DBB56","mod_fiscal":"0.3230000000000000000000000000000","num_area":"9.6896000000000000000000000000000","ind_status":"AT","ind_tipo":"IRU","des_condic":"Aguardando analise","municipio":"Porciuncula","dat_criaca":"01/11/2024"},"geometry":{"type":"Polygon","coordinates":[[[-41.9113,-20.8982],[-41.9044,-20.9021],[-41.9108,-20.8986],[-41.9113,-20.8982]]]}},{"type":"Feature","properties":{"cod_imovel":"RJ-3304102-6AD9DE31E6804CEA8DD6F785ADD3AC0A","mod_fiscal":"0.4033000000000000000000000000000","num_area":"12.100400000000000000000000000000","ind_status":"AT","ind_tipo":"IRU","des_condic":"Aguardando analise","municipio":"Porciuncula","dat_criaca":"02/07/2021"},"geometry":{"type":"Polygon","coordinates":[[[-41.85,-20.8455],[-41.8545,-20.8502],[-41.8506,-20.8455],[-41.85,-20.8455]]]}},{"type":"Feature","properties":{"cod_imovel":"RJ-3304102-2020A3DA9FB344518CF7AD58F85A2C65","mod_fiscal":"0.1591000000000000000000000000000","num_area":"4.7738000000000000000000000000000","ind_status":"AT","ind_tipo":"IRU","des_condic":"Aguardando analise","municipio":"Porciuncula","dat_criaca":"03/06/2024"},"geometry":{"type":"Polygon","coordinates":[[[-41.9804,-20.9536],[-41.9801,-20.9502],[-41.979,-20.9538],[-41.9804,-20.9536]]]}},{"type":"Feature","properties":{"cod_imovel":"RJ-3304102-7B320C9667E543A7B281DE42413E68CB","mod_fiscal":"1.0304000000000000000000000000000","num_area":"30.912400000000000000000000000000","ind_status":"AT","ind_tipo":"IRU","des_condic":"Aguardando analise","municipio":"Porciuncula","dat_criaca":"19/04/2016"},"geometry":{"type":"Polygon","coordinates":[[[-41.8703,-20.8294],[-41.8672,-20.8243],[-41.8615,-20.8297],[-41.8683,-20.8289],[-41.8703,-20.8294]]]}},{"type":"Feature","properties":{"cod_imovel":"RJ-3304102-2DF17492749C4F5FA626FD37144BB9CD","mod_fiscal":"0.7087000000000000000000000000000","num_area":"21.261900000000000000000000000000","ind_status":"AT","ind_tipo":"IRU","des_condic":"Aguardando analise","municipio":"Porciuncula","dat_criaca":"16/03/2023"},"geometry":{"type":"Polygon","coordinates":[[[-41.9326,-20.8788],[-41.9346,-20.8767],[-41.9269,-20.8763],[-41.9292,-20.8801],[-41.9318,-20.8786],[-41.9326,-20.8788]]]}},{"type":"Feature","properties":{"cod_imovel":"RJ-3304102-D97A1E6991A44CCA90D32FD40E62BC25","mod_fiscal":"0.0755000000000000000000000000000","num_area":"2.2641000000000000000000000000000","ind_status":"AT","ind_tipo":"IRU","des_condic":"Aguardando analise","municipio":"Porciuncula","dat_criaca":"08/05/2024"},"geometry":{"type":"Polygon","coordinates":[[[-41.9666,-20.9455],[-41.964,-20.9443],[-41.9666,-20.9456],[-41.9666,-20.9455]]]}},{"type":"Feature","properties":{"cod_imovel":"RJ-3304102-D4407E2918604DACAE4127BAEB545F20","mod_fiscal":"0.1613000000000000000000000000000","num_area":"4.8400000000000000000000000000000","ind_status":"AT","ind_tipo":"IRU","des_condic":"Aguardando analise","municipio":"Porciuncula","dat_criaca":"10/12/2018"},"geometry":{"type":"Polygon","coordinates":[[[-41.8766,-20.842],[-41.8787,-20.8421],[-41.8754,-20.8418],[-41.8766,-20.842]]]}},{"type":"Feature","properties":{"cod_imovel":"RJ-3304102-B775BA54049C4C29A0265C41BAB8C3C3","mod_fiscal":"0.8143000000000000000000000000000","num_area":"24.429200000000000000000000000000","ind_status":"AT","ind_tipo":"IRU","des_condic":"Aguardando analise","municipio":"Porciuncula","dat_criaca":"10/08/2015"},"geometry":{"type":"Polygon","coordinates":[[[-42.0567,-21.0119],[-42.0548,-21.0158],[-42.0582,-21.0209],[-42.0567,-21.0119]]]}},{"type":"Feature","properties":{"cod_imovel":"RJ-3304102-8DE352358B9C4957BFD023CC862EBF31","mod_fiscal":"5.4846000000000000000000000000000","num_area":"164.47380000000000000000000000000","ind_status":"AT","ind_tipo":"IRU","des_condic":"Aguardando analise","municipio":"Porciuncula","dat_criaca":"08/05/2024"},"geometry":{"type":"Polygon","coordinates":[[[-41.9671,-20.9283],[-41.966,-20.9353],[-41.9616,-20.9378],[-41.9683,-20.9457],[-41.9682,-20.9431],[-41.9746,-20.9415],[-41.9765,-20.9356],[-41.9678,-20.9284],[-41.9671,-20.9283]]]}},{"type":"Feature","properties":{"cod_imovel":"RJ-3304102-B97598280B1142AEA6491EBA84A4EFC0","mod_fiscal":"2.4192000000000000000000000000000","num_area":"72.576600000000000000000000000000","ind_status":"AT","ind_tipo":"IRU","des_condic":"Aguardando analise","municipio":"Porciuncula","dat_criaca":"08/05/2024"},"geometry":{"type":"Polygon","coordinates":[[[-41.9483,-20.9388],[-41.951,-20.9484],[-41.9538,-20.948],[-41.9562,-20.9367],[-41.9479,-20.9387],[-41.9483,-20.9388]]]}},{"type":"Feature","properties":{"cod_imovel":"RJ-3304102-7AEDEB1FA45B46769855496B4E78086F","mod_fiscal":"2.1281000000000000000000000000000","num_area":"63.843300000000000000000000000000","ind_status":"AT","ind_tipo":"IRU","des_condic":"Aguardando analise","municipio":"Porciuncula","dat_criaca":"08/05/2024"},"geometry":{"type":"Polygon","coordinates":[[[-41.9633,-20.9413],[-41.96,-20.9355],[-41.9562,-20.9365],[-41.9553,-20.9452],[-41.9611,-20.9453],[-41.9612,-20.942],[-41.9633,-20.9413]]]}},{"type":"Feature","properties":{"cod_imovel":"RJ-3304102-964D40033A934EDA9E3F5F08FE059F63","mod_fiscal":"0.3235000000000000000000000000000","num_area":"9.7049000000000000000000000000000","ind_status":"AT","ind_tipo":"IRU","des_condic":"Aguardando analise","municipio":"Porciuncula","dat_criaca":"19/04/2024"},"geometry":{"type":"Polygon","coordinates":[[[-42.0665,-20.9746],[-42.0623,-20.977],[-42.0667,-20.975],[-42.0665,-20.9746]]]}},{"type":"Feature","properties":{"cod_imovel":"RJ-3304102-F5940C3065C843D1BD748B5660294187","mod_fiscal":"0.4200000000000000000000000000000","num_area":"12.598900000000000000000000000000","ind_status":"AT","ind_tipo":"IRU","des_condic":"Aguardando analise","municipio":"Porciuncula","dat_criaca":"25/03/2024"},"geometry":{"type":"Polygon","coordinates":[[[-41.8693,-20.8049],[-41.8721,-20.8038],[-41.8659,-20.7995],[-41.8697,-20.8047],[-41.8693,-20.8049]]]}},{"type":"Feature","properties":{"cod_imovel":"RJ-3304102-15B42779EE8E41ADB014C34F089A2B04","mod_fiscal":"0.1528000000000000000000000000000","num_area":"4.5828000000000000000000000000000","ind_status":"AT","ind_tipo":"IRU","des_condic":"Aguardando analise","municipio":"Porciuncula","dat_criaca":"31/01/2024"},"geometry":{"type":"Polygon","coordinates":[[[-41.8599,-20.8281],[-41.8613,-20.8306],[-41.8618,-20.8282],[-41.8599,-20.8281]]]}},{"type":"Feature","properties":{"cod_imovel":"RJ-3304102-E3D24C6BFC20472FB93656798E81B454","mod_fiscal":"1.8044000000000000000000000000000","num_area":"54.132500000000000000000000000000","ind_status":"AT","ind_tipo":"IRU","des_condic":"Aguardando analise","municipio":"Porciuncula","dat_criaca":"29/01/2024"},"geometry":{"type":"Polygon","coordinates":[[[-41.8538,-20.8253],[-41.8461,-20.8286],[-41.8531,-20.8351],[-41.857,-20.8306],[-41.8541,-20.8252],[-41.8538,-20.8253]]]}},{"type":"Feature","properties":{"cod_imovel":"RJ-3304102-75A9EF10AACB47DDAB47541911A809A1","mod_fiscal":"2.2441000000000000000000000000000","num_area":"67.323400000000000000000000000000","ind_status":"AT","ind_tipo":"IRU","des_condic":"Aguardando analise","municipio":"Porciuncula","dat_criaca":"02/01/2015"},"geometry":{"type":"Polygon","coordinates":[[[-41.9507,-20.8784],[-41.9496,-20.8714],[-41.944,-20.8684],[-41.9432,-20.8824],[-41.9507,-20.8784],[-41.9507,-20.8784]]]}},{"type":"Feature","properties":{"cod_imovel":"RJ-3304102-AC06538C2DF749A78A553CA57D02FC78","mod_fiscal":"3.2320000000000000000000000000000","num_area":"96.959900000000000000000000000000","ind_status":"AT","ind_tipo":"IRU","des_condic":"Aguardando analise","municipio":"Porciuncula","dat_criaca":"18/10/2023"},"geometry":{"type":"Polygon","coordinates":[[[-42.0303,-20.9553],[-42.0348,-20.9575],[-42.0298,-20.9508],[-42.0223,-20.9555],[-42.0198,-20.9618],[-42.0242,-20.9633],[-42.029,-20.9568],[-42.0303,-20.9553]]]}},{"type":"Feature","properties":{"cod_imovel":"RJ-3304102-23B94839E4CB4803A5735F3B3D8BEB42","mod_fiscal":"1.6510000000000000000000000000000","num_area":"49.528700000000000000000000000000","ind_status":"AT","ind_tipo":"IRU","des_condic":"Aguardando analise","municipio":"Porciuncula","dat_criaca":"03/05/2016"},"geometry":{"type":"Polygon","coordinates":[[[-41.9018,-20.8342],[-41.9112,-20.8387],[-41.9076,-20.8291],[-41.9054,-20.8325],[-41.8993,-20.8326],[-41.9011,-20.8337],[-41.9018,-20.8342]]]}},{"type":"Feature","properties":{"cod_imovel":"RJ-3304102-6E4D773C16894557B60765C3568EF7AF","mod_fiscal":"0.2533000000000000000000000000000","num_area":"7.5992000000000000000000000000000","ind_status":"AT","ind_tipo":"IRU","des_condic":"Aguardando analise","municipio":"Porciuncula","dat_criaca":"04/10/2023"},"geometry":{"type":"Polygon","coordinates":[[[-41.9985,-20.9466],[-41.9986,-20.9427],[-41.9975,-20.9465],[-41.9985,-20.9466]]]}},{"type":"Feature","properties":{"cod_imovel":"RJ-3304102-D9C9DE8503B24236B6D0C7E2DDCF51EE","mod_fiscal":"2.0019000000000000000000000000000","num_area":"60.057900000000000000000000000000","ind_status":"AT","ind_tipo":"IRU","des_condic":"Aguardando analise","municipio":"Porciuncula","dat_criaca":"22/03/2016"},"geometry":{"type":"Polygon","coordinates":[[[-41.8855,-20.827],[-41.8835,-20.8259],[-41.8798,-20.8336],[-41.883,-20.8369],[-41.8886,-20.8298],[-41.8862,-20.8274],[-41.8855,-20.827]]]}},{"type":"Feature","properties":{"cod_imovel":"RJ-3304102-C28B444D292A4E01A90AF65A6013331B","mod_fiscal":"0.1639000000000000000000000000000","num_area":"4.8610000000000000000000000000000","ind_status":"AT","ind_tipo":"IRU","des_condic":"Aguardando analise","municipio":"Porciuncula","dat_criaca":"25/09/2014"},"geometry":{"type":"Polygon","coordinates":[[[-41.9087,-20.7989],[-41.9071,-20.7962],[-41.9081,-20.7987],[-41.9087,-20.7989]]]}},{"type":"Feature","properties":{"cod_imovel":"RJ-3304102-0201E5F615974477BE57FE3DC05B4672","mod_fiscal":"0.3370000000000000000000000000000","num_area":"10.110200000000000000000000000000","ind_status":"AT","ind_tipo":"IRU","des_condic":"Aguardando analise","municipio":"Porciuncula","dat_criaca":"11/09/2020"},"geometry":{"type":"Polygon","coordinates":[[[-41.8919,-20.8127],[-41.8951,-20.8091],[-41.8909,-20.8064],[-41.892,-20.8116],[-41.8919,-20.8127]]]}},{"type":"Feature","properties":{"cod_imovel":"RJ-3304102-FB76CC47E3F94276A062D07D0ADE1170","mod_fiscal":"0.8901000000000000000000000000000","num_area":"26.704300000000000000000000000000","ind_status":"AT","ind_tipo":"IRU","des_condic":"Aguardando analise","municipio":"Porciuncula","dat_criaca":"28/04/2016"},"geometry":{"type":"Polygon","coordinates":[[[-41.9204,-20.8077],[-41.9218,-20.8039],[-41.9164,-20.8049],[-41.9195,-20.8117],[-41.9202,-20.8078],[-41.9204,-20.8077]]]}},{"type":"Feature","properties":{"cod_imovel":"RJ-3304102-F8D4A45DB86D4CA8BED3F72629F4C173","mod_fiscal":"0.3395000000000000000000000000000","num_area":"10.183500000000000000000000000000","ind_status":"AT","ind_tipo":"IRU","des_condic":"Aguardando analise","municipio":"Porciuncula","dat_criaca":"06/11/2020"},"geometry":{"type":"Polygon","coordinates":[[[-41.954,-20.9292],[-41.954,-20.9266],[-41.9498,-20.9273],[-41.954,-20.9293],[-41.954,-20.9292]]]}},{"type":"Feature","properties":{"cod_imovel":"RJ-3304102-6C65310FB0F9487DB245ACA8BDDEA68D","mod_fiscal":"1.6823000000000000000000000000000","num_area":"50.470500000000000000000000000000","ind_status":"AT","ind_tipo":"IRU","des_condic":"Aguardando analise","municipio":"Porciuncula","dat_criaca":"19/10/2020"},"geometry":{"type":"Polygon","coordinates":[[[-41.8482,-20.84],[-41.8436,-20.8384],[-41.8475,-20.8474],[-41.8528,-20.841],[-41.8488,-20.8402],[-41.8482,-20.84]]]}},{"type":"Feature","properties":{"cod_imovel":"RJ-3304102-F63C9F0426B5457C82503175D42F09D5","mod_fiscal":"0.1715000000000000000000000000000","num_area":"5.0879000000000000000000000000000","ind_status":"AT","ind_tipo":"IRU","des_condic":"Aguardando analise","municipio":"Porciuncula","dat_criaca":"23/09/2020"},"geometry":{"type":"Polygon","coordinates":[[[-41.9166,-20.7957],[-41.9168,-20.7921],[-41.9161,-20.7955],[-41.9166,-20.7957]]]}},{"type":"Feature","properties":{"cod_imovel":"RJ-3304102-5F5E484732A64782812A3889AD1B0328","mod_fiscal":"0.1612000000000000000000000000000","num_area":"4.8348000000000000000000000000000","ind_status":"AT","ind_tipo":"IRU","des_condic":"Aguardando analise","municipio":"Porciuncula","dat_criaca":"05/05/2016"},"geometry":{"type":"Polygon","coordinates":[[[-41.9458,-20.9045],[-41.95,-20.9046],[-41.9488,-20.9014],[-41.9463,-20.9043],[-41.9458,-20.9045]]]}},{"type":"Feature","properties":{"cod_imovel":"RJ-3304102-DE4A9AFAD0074CD3BF3B321A17BB889E","mod_fiscal":"0.1334000000000000000000000000000","num_area":"4.0011000000000000000000000000000","ind_status":"AT","ind_tipo":"IRU","des_condic":"Aguardando analise","municipio":"Porciuncula","dat_criaca":"15/12/2015"},"geometry":{"type":"Polygon","coordinates":[[[-41.8764,-20.8375],[-41.8809,-20.84],[-41.8792,-20.8374],[-41.8764,-20.8375]]]}},{"type":"Feature","properties":{"cod_imovel":"RJ-3304102-3F5C88919D3A444FB31BE44649622293","mod_fiscal":"0.5966000000000000000000000000000","num_area":"17.899000000000000000000000000000","ind_status":"AT","ind_tipo":"IRU","des_condic":"Aguardando analise","municipio":"Porciuncula","dat_criaca":"13/06/2015"},"geometry":{"type":"Polygon","coordinates":[[[-42.024,-21.0124],[-42.0183,-21.014],[-42.022,-21.0168],[-42.024,-21.0124],[-42.024,-21.0124]]]}},{"type":"Feature","properties":{"cod_imovel":"RJ-3304102-79ADE6E2371642A58456102A27BE68FF","mod_fiscal":"0.2025000000000000000000000000000","num_area":"6.0745000000000000000000000000000","ind_status":"AT","ind_tipo":"IRU","des_condic":"Aguardando analise","municipio":"Porciuncula","dat_criaca":"15/07/2020"},"geometry":{"type":"Polygon","coordinates":[[[-41.9127,-20.812],[-41.9129,-20.8075],[-41.9109,-20.8081],[-41.9127,-20.8115],[-41.9127,-20.812]]]}},{"type":"Feature","properties":{"cod_imovel":"RJ-3304102-CFA304FFAA4C452F856FFF3BC5918DAA","mod_fiscal":"0.8064000000000000000000000000000","num_area":"24.191100000000000000000000000000","ind_status":"AT","ind_tipo":"IRU","des_condic":"Aguardando analise","municipio":"Porciuncula","dat_criaca":"26/08/2015"},"geometry":{"type":"Polygon","coordinates":[[[-41.9388,-20.8877],[-41.9371,-20.8899],[-41.942,-20.8907],[-41.9427,-20.886],[-41.9399,-20.8845],[-41.9389,-20.8873],[-41.9388,-20.8877]]]}},{"type":"Feature","properties":{"cod_imovel":"RJ-3304102-B93225DD396D4AD8B3920847347DE4A1","mod_fiscal":"0.1399000000000000000000000000000","num_area":"4.1975000000000000000000000000000","ind_status":"AT","ind_tipo":"IRU","des_condic":"Aguardando analise","municipio":"Porciuncula","dat_criaca":"07/01/2020"},"geometry":{"type":"Polygon","coordinates":[[[-41.8877,-20.8448],[-41.8922,-20.8474],[-41.889,-20.8456],[-41.8877,-20.8448]]]}},{"type":"Feature","properties":{"cod_imovel":"RJ-3304102-6FB6B41AC3A1412486910B79FA187574","mod_fiscal":"3.0888000000000000000000000000000","num_area":"92.665200000000000000000000000000","ind_status":"AT","ind_tipo":"IRU","des_condic":"Aguardando analise","municipio":"Porciuncula","dat_criaca":"30/06/2020"},"geometry":{"type":"Polygon","coordinates":[[[-41.9026,-20.84],[-41.898,-20.8392],[-41.8949,-20.8458],[-41.901,-20.8489],[-41.8999,-20.854],[-41.9044,-20.8545],[-41.9037,-20.8408],[-41.9026,-20.84]]]}},{"type":"Feature","properties":{"cod_imovel":"RJ-3304102-E11CA79180854D4699617F7DE12637AB","mod_fiscal":"0.2841000000000000000000000000000","num_area":"8.5240000000000000000000000000000","ind_status":"AT","ind_tipo":"IRU","des_condic":"Aguardando analise","municipio":"Porciuncula","dat_criaca":"01/06/2020"},"geometry":{"type":"Polygon","coordinates":[[[-41.9196,-20.8244],[-41.9175,-20.8288],[-41.9209,-20.8283],[-41.9199,-20.8248],[-41.9196,-20.8244]]]}},{"type":"Feature","properties":{"cod_imovel":"RJ-3304102-FF374BFC97FC4D25A7CB36F7C890D438","mod_fiscal":"0.3358000000000000000000000000000","num_area":"10.072900000000000000000000000000","ind_status":"AT","ind_tipo":"IRU","des_condic":"Aguardando analise","municipio":"Porciuncula","dat_criaca":"09/06/2020"},"geometry":{"type":"Polygon","coordinates":[[[-41.9017,-20.8963],[-41.906,-20.8946],[-41.9019,-20.8958],[-41.9017,-20.8963]]]}},{"type":"Feature","properties":{"cod_imovel":"RJ-3304102-0DAF2FC3F5E64E25A61F009FFCB41530","mod_fiscal":"0.2098000000000000000000000000000","num_area":"6.2927000000000000000000000000000","ind_status":"AT","ind_tipo":"IRU","des_condic":"Aguardando analise","municipio":"Porciuncula","dat_criaca":"01/06/2020"},"geometry":{"type":"Polygon","coordinates":[[[-41.9293,-20.8272],[-41.9312,-20.8282],[-41.932,-20.8244],[-41.9296,-20.8268],[-41.9293,-20.8272]]]}},{"type":"Feature","properties":{"cod_imovel":"RJ-3304102-6E615CC1B058439CACF65941F384761D","mod_fiscal":"0.0819000000000000000000000000000","num_area":"2.4577000000000000000000000000000","ind_status":"AT","ind_tipo":"IRU","des_condic":"Aguardando analise","municipio":"Porciuncula","dat_criaca":"12/03/2020"},"geometry":{"type":"Polygon","coordinates":[[[-41.8641,-20.8231],[-41.8612,-20.8217],[-41.8638,-20.823],[-41.8641,-20.8231]]]}},{"type":"Feature","properties":{"cod_imovel":"RJ-3304102-590C189DA78742FC9F41BD5A71E19CFC","mod_fiscal":"1.1122000000000000000000000000000","num_area":"33.367300000000000000000000000000","ind_status":"AT","ind_tipo":"IRU","des_condic":"Aguardando analise","municipio":"Porciuncula","dat_criaca":"10/11/2015"},"geometry":{"type":"Polygon","coordinates":[[[-41.9025,-20.8732],[-41.9006,-20.8691],[-41.8962,-20.8719],[-41.8983,-20.8758],[-41.9025,-20.8735],[-41.9025,-20.8732]]]}},{"type":"Feature","properties":{"cod_imovel":"RJ-3304102-55A775ED55C047B18F4B75A3D767BF68","mod_fiscal":"0.1112000000000000000000000000000","num_area":"3.3358000000000000000000000000000","ind_status":"AT","ind_tipo":"IRU","des_condic":"Aguardando analise","municipio":"Porciuncula","dat_criaca":"19/02/2016"},"geometry":{"type":"Polygon","coordinates":[[[-41.8859,-20.8355],[-41.888,-20.8391],[-41.886,-20.836],[-41.8859,-20.8355]]]}},{"type":"Feature","properties":{"cod_imovel":"RJ-3304102-0E62C50A07064638BABDEC537B0AA08D","mod_fiscal":"0.2928000000000000000000000000000","num_area":"8.7842000000000000000000000000000","ind_status":"AT","ind_tipo":"IRU","des_condic":"Aguardando analise","municipio":"Porciuncula","dat_criaca":"06/02/2020"},"geometry":{"type":"Polygon","coordinates":[[[-41.9014,-20.8163],[-41.8963,-20.8194],[-41.9004,-20.8194],[-41.9017,-20.8163],[-41.9014,-20.8163]]]}},{"type":"Feature","properties":{"cod_imovel":"RJ-3304102-D1489AF385E549FFBE0A37757BA2D8EE","mod_fiscal":"0.3350000000000000000000000000000","num_area":"10.050600000000000000000000000000","ind_status":"AT","ind_tipo":"IRU","des_condic":"Aguardando analise","municipio":"Porciuncula","dat_criaca":"12/08/2015"},"geometry":{"type":"Polygon","coordinates":[[[-41.9082,-20.8227],[-41.9056,-20.8247],[-41.9079,-20.8285],[-41.9085,-20.8229],[-41.9082,-20.8227]]]}},{"type":"Feature","properties":{"cod_imovel":"RJ-3304102-0F8D4639D530488F91C1F0AD2CB06B5E","mod_fiscal":"1.0899000000000000000000000000000","num_area":"32.697800000000000000000000000000","ind_status":"AT","ind_tipo":"IRU","des_condic":"Aguardando analise","municipio":"Porciuncula","dat_criaca":"17/05/2016"},"geometry":{"type":"Polygon","coordinates":[[[-41.7948,-20.8023],[-41.7941,-20.7982],[-41.7894,-20.8001],[-41.7913,-20.8065],[-41.7943,-20.8027],[-41.7948,-20.8023]]]}},{"type":"Feature","properties":{"cod_imovel":"RJ-3304102-F35C6EDB17704D569261F6D73459EFBF","mod_fiscal":"0.7175000000000000000000000000000","num_area":"21.525800000000000000000000000000","ind_status":"AT","ind_tipo":"IRU","des_condic":"Aguardando analise","municipio":"Porciuncula","dat_criaca":"17/05/2016"},"geometry":{"type":"Polygon","coordinates":[[[-41.8062,-20.8046],[-41.8023,-20.8055],[-41.8018,-20.8103],[-41.8076,-20.8076],[-41.8062,-20.8046]]]}},{"type":"Feature","properties":{"cod_imovel":"RJ-3304102-1DE9EE225EB54C68BCDAD974F5203775","mod_fiscal":"0.1783000000000000000000000000000","num_area":"5.3487000000000000000000000000000","ind_status":"AT","ind_tipo":"IRU","des_condic":"Aguardando analise","municipio":"Porciuncula","dat_criaca":"05/05/2016"},"geometry":{"type":"Polygon","coordinates":[[[-42.066,-20.9573],[-42.064,-20.9631],[-42.0658,-20.9583],[-42.066,-20.9573]]]}},{"type":"Feature","properties":{"cod_imovel":"RJ-3304102-5B478FD5F8C04BF496E38887130CD55C","mod_fiscal":"0.7682000000000000000000000000000","num_area":"23.047100000000000000000000000000","ind_status":"AT","ind_tipo":"IRU","des_condic":"Aguardando analise","municipio":"Porciuncula","dat_criaca":"05/05/2016"},"geometry":{"type":"Polygon","coordinates":[[[-42.0704,-20.9583],[-42.0661,-20.9573],[-42.0643,-20.9632],[-42.0702,-20.9585],[-42.0704,-20.9583]]]}},{"type":"Feature","properties":{"cod_imovel":"RJ-3304102-A61C9B6C6DE74B2F919A6BAC67F265B8","mod_fiscal":"0.3487000000000000000000000000000","num_area":"10.459700000000000000000000000000","ind_status":"AT","ind_tipo":"IRU","des_condic":"Aguardando analise","municipio":"Porciuncula","dat_criaca":"05/05/2016"},"geometry":{"type":"Polygon","coordinates":[[[-41.8729,-20.8112],[-41.8736,-20.8171],[-41.8734,-20.8112],[-41.8729,-20.8112]]]}},{"type":"Feature","properties":{"cod_imovel":"RJ-3304102-BA291A093F934300A9FB1667D2A8F064","mod_fiscal":"1.7391000000000000000000000000000","num_area":"52.172800000000000000000000000000","ind_status":"AT","ind_tipo":"IRU","des_condic":"Aguardando analise","municipio":"Porciuncula","dat_criaca":"05/05/2016"},"geometry":{"type":"Polygon","coordinates":[[[-41.9603,-20.9328],[-41.9553,-20.938],[-41.9566,-20.9431],[-41.9633,-20.9412],[-41.9609,-20.9351],[-41.9603,-20.9328]]]}},{"type":"Feature","properties":{"cod_imovel":"RJ-3304102-ED8C39A0208E4C6CA0271348EDC7DBC5","mod_fiscal":"0.1319000000000000000000000000000","num_area":"3.9559000000000000000000000000000","ind_status":"AT","ind_tipo":"IRU","des_condic":"Aguardando analise","municipio":"Porciuncula","dat_criaca":"05/05/2016"},"geometry":{"type":"Polygon","coordinates":[[[-41.8255,-20.8172],[-41.8255,-20.8213],[-41.8257,-20.8172],[-41.8255,-20.8172]]]}},{"type":"Feature","properties":{"cod_imovel":"RJ-3304102-25FB3C905B5A41008F98E8E2BB94BA42","mod_fiscal":"0.1677000000000000000000000000000","num_area":"5.0319000000000000000000000000000","ind_status":"AT","ind_tipo":"IRU","des_condic":"Aguardando analise","municipio":"Porciuncula","dat_criaca":"05/05/2016"},"geometry":{"type":"Polygon","coordinates":[[[-41.8625,-20.8064],[-41.8619,-20.8105],[-41.8627,-20.8071],[-41.8625,-20.8064]]]}},{"type":"Feature","properties":{"cod_imovel":"RJ-3304102-9525B526D8E24666822CBF3B927E9EED","mod_fiscal":"1.6419000000000000000000000000000","num_area":"49.255800000000000000000000000000","ind_status":"AT","ind_tipo":"IRU","des_condic":"Aguardando analise","municipio":"Porciuncula","dat_criaca":"05/05/2016"},"geometry":{"type":"Polygon","coordinates":[[[-41.8642,-20.7845],[-41.8586,-20.7801],[-41.854,-20.7829],[-41.8543,-20.7783],[-41.8508,-20.7833],[-41.852,-20.7871],[-41.8633,-20.7848],[-41.8642,-20.7845]]]}},{"type":"Feature","properties":{"cod_imovel":"RJ-3304102-64855518B2F84EF79437DCCC0B2F97AF","mod_fiscal":"0.1393000000000000000000000000000","num_area":"4.1792000000000000000000000000000","ind_status":"AT","ind_tipo":"IRU","des_condic":"Aguardando analise","municipio":"Porciuncula","dat_criaca":"04/05/2016"},"geometry":{"type":"Polygon","coordinates":[[[-41.8635,-20.7837],[-41.8649,-20.7806],[-41.8636,-20.7834],[-41.8635,-20.7837]]]}},{"type":"Feature","properties":{"cod_imovel":"RJ-3304102-2C840808A9EA4504A62C29DC885D0BE3","mod_fiscal":"0.6766000000000000000000000000000","num_area":"20.297400000000000000000000000000","ind_status":"AT","ind_tipo":"IRU","des_condic":"Aguardando analise","municipio":"Porciuncula","dat_criaca":"04/05/2016"},"geometry":{"type":"Polygon","coordinates":[[[-41.8549,-20.7833],[-41.8588,-20.7801],[-41.8548,-20.7766],[-41.8542,-20.7828],[-41.8549,-20.7833]]]}},{"type":"Feature","properties":{"cod_imovel":"RJ-3304102-F9C3A934C7F6477792689E5DD2BF49B6","mod_fiscal":"0.1847000000000000000000000000000","num_area":"5.5412000000000000000000000000000","ind_status":"AT","ind_tipo":"IRU","des_condic":"Aguardando analise","municipio":"Porciuncula","dat_criaca":"04/05/2016"},"geometry":{"type":"Polygon","coordinates":[[[-41.8735,-20.7922],[-41.8738,-20.7894],[-41.8713,-20.7917],[-41.8732,-20.7921],[-41.8735,-20.7922]]]}},{"type":"Feature","properties":{"cod_imovel":"RJ-3304102-996D1903D10449C2BD2BDE6B52FD5BAF","mod_fiscal":"0.8311000000000000000000000000000","num_area":"24.931600000000000000000000000000","ind_status":"AT","ind_tipo":"IRU","des_condic":"Aguardando analise","municipio":"Porciuncula","dat_criaca":"19/06/2018"},"geometry":{"type":"Polygon","coordinates":[[[-41.8732,-20.8257],[-41.8713,-20.8308],[-41.877,-20.8306],[-41.8752,-20.8279],[-41.8732,-20.8257]]]}},{"type":"Feature","properties":{"cod_imovel":"RJ-3304102-56AB450187604CA997BD90405F621CBC","mod_fiscal":"0.1787000000000000000000000000000","num_area":"5.3605000000000000000000000000000","ind_status":"AT","ind_tipo":"IRU","des_condic":"Aguardando analise","municipio":"Porciuncula","dat_criaca":"30/05/2018"},"geometry":{"type":"Polygon","coordinates":[[[-41.8692,-20.7848],[-41.8689,-20.7897],[-41.8695,-20.7851],[-41.8692,-20.7848]]]}},{"type":"Feature","properties":{"cod_imovel":"RJ-3304102-21479CB49E7847D799675A3E6DFBBFE5","mod_fiscal":"0.2692000000000000000000000000000","num_area":"8.0752000000000000000000000000000","ind_status":"AT","ind_tipo":"IRU","des_condic":"Aguardando analise","municipio":"Porciuncula","dat_criaca":"04/05/2016"},"geometry":{"type":"Polygon","coordinates":[[[-41.8958,-20.8058],[-41.8921,-20.8076],[-41.8942,-20.8094],[-41.8961,-20.8062],[-41.8958,-20.8058]]]}},{"type":"Feature","properties":{"cod_imovel":"RJ-3304102-719BB799B0F84D728122C15FD8866395","mod_fiscal":"1.2190000000000000000000000000000","num_area":"36.569800000000000000000000000000","ind_status":"AT","ind_tipo":"IRU","des_condic":"Aguardando analise","municipio":"Porciuncula","dat_criaca":"04/05/2016"},"geometry":{"type":"Polygon","coordinates":[[[-41.9571,-20.8827],[-41.9525,-20.8776],[-41.9486,-20.8816],[-41.9513,-20.8843],[-41.9571,-20.8835],[-41.9571,-20.8827]]]}},{"type":"Feature","properties":{"cod_imovel":"RJ-3304102-E86DCA3D392A465C90393FA74CF839F0","mod_fiscal":"1.1897000000000000000000000000000","num_area":"35.689600000000000000000000000000","ind_status":"AT","ind_tipo":"IRU","des_condic":"Aguardando analise","municipio":"Porciuncula","dat_criaca":"04/05/2016"},"geometry":{"type":"Polygon","coordinates":[[[-41.9498,-20.9453],[-41.9511,-20.9484],[-41.9558,-20.9438],[-41.9587,-20.9467],[-41.9613,-20.9453],[-41.9595,-20.9424],[-41.9498,-20.9453]]]}},{"type":"Feature","properties":{"cod_imovel":"RJ-3304102-4BCAD2B8ACEB40E0A6BCD82D958FCEB6","mod_fiscal":"0.9698000000000000000000000000000","num_area":"29.095100000000000000000000000000","ind_status":"AT","ind_tipo":"IRU","des_condic":"Aguardando analise","municipio":"Porciuncula","dat_criaca":"04/05/2016"},"geometry":{"type":"Polygon","coordinates":[[[-41.9498,-20.9453],[-41.9566,-20.9432],[-41.9565,-20.9404],[-41.9501,-20.9412],[-41.9492,-20.9447],[-41.9498,-20.9453]]]}},{"type":"Feature","properties":{"cod_imovel":"RJ-3304102-353406A558834FCB930255A086DFFEE6","mod_fiscal":"0.9307000000000000000000000000000","num_area":"27.921600000000000000000000000000","ind_status":"AT","ind_tipo":"IRU","des_condic":"Aguardando analise","municipio":"Porciuncula","dat_criaca":"04/05/2016"},"geometry":{"type":"Polygon","coordinates":[[[-41.9394,-20.9098],[-41.9372,-20.9054],[-41.9331,-20.9071],[-41.9348,-20.9105],[-41.9391,-20.9099],[-41.9394,-20.9098]]]}},{"type":"Feature","properties":{"cod_imovel":"RJ-3304102-22674FD5181B4873ACB120B768E47D31","mod_fiscal":"0.2672000000000000000000000000000","num_area":"8.0171000000000000000000000000000","ind_status":"AT","ind_tipo":"IRU","des_condic":"Aguardando analise","municipio":"Porciuncula","dat_criaca":"04/05/2016"},"geometry":{"type":"Polygon","coordinates":[[[-41.9504,-20.9282],[-41.954,-20.9286],[-41.95,-20.9281],[-41.9504,-20.9282]]]}},{"type":"Feature","properties":{"cod_imovel":"RJ-3304102-FD15ACDDD0E7498999ABD43EF04CBA45","mod_fiscal":"0.2156000000000000000000000000000","num_area":"6.4683000000000000000000000000000","ind_status":"AT","ind_tipo":"IRU","des_condic":"Aguardando analise","municipio":"Porciuncula","dat_criaca":"04/05/2016"},"geometry":{"type":"Polygon","coordinates":[[[-41.8476,-20.8482],[-41.8471,-20.852],[-41.8481,-20.8496],[-41.8476,-20.8482]]]}},{"type":"Feature","properties":{"cod_imovel":"RJ-3304102-9FFCF432C43649B7A2B7FF099591A07E","mod_fiscal":"0.0792000000000000000000000000000","num_area":"2.3763000000000000000000000000000","ind_status":"AT","ind_tipo":"IRU","des_condic":"Aguardando analise","municipio":"Porciuncula","dat_criaca":"04/05/2016"},"geometry":{"type":"Polygon","coordinates":[[[-41.8335,-20.837],[-41.8306,-20.8368],[-41.8332,-20.8375],[-41.8335,-20.837]]]}},{"type":"Feature","properties":{"cod_imovel":"RJ-3304102-453747A9E65C4CA092B125CEC810FDBA","mod_fiscal":"0.9948000000000000000000000000000","num_area":"29.845100000000000000000000000000","ind_status":"AT","ind_tipo":"IRU","des_condic":"Aguardando analise","municipio":"Porciuncula","dat_criaca":"04/05/2016"},"geometry":{"type":"Polygon","coordinates":[[[-41.9502,-20.9412],[-41.9558,-20.9405],[-41.9562,-20.9367],[-41.9471,-20.9386],[-41.9487,-20.94],[-41.9502,-20.9412]]]}},{"type":"Feature","properties":{"cod_imovel":"RJ-3304102-B7FEC78C17814B8CA60E333268CA19BE","mod_fiscal":"0.0768000000000000000000000000000","num_area":"2.3051000000000000000000000000000","ind_status":"AT","ind_tipo":"IRU","des_condic":"Aguardando analise","municipio":"Porciuncula","dat_criaca":"04/05/2016"},"geometry":{"type":"Polygon","coordinates":[[[-41.8941,-20.8618],[-41.8957,-20.86],[-41.8937,-20.8617],[-41.8941,-20.8618]]]}},{"type":"Feature","properties":{"cod_imovel":"RJ-3304102-A699F6F0F13F4A18B65EEA0958FEE65F","mod_fiscal":"0.3645000000000000000000000000000","num_area":"10.936400000000000000000000000000","ind_status":"AT","ind_tipo":"IRU","des_condic":"Aguardando analise","municipio":"Porciuncula","dat_criaca":"03/05/2016"},"geometry":{"type":"Polygon","coordinates":[[[-42.0557,-20.959],[-42.0525,-20.9583],[-42.0516,-20.9618],[-42.0555,-20.9593],[-42.0557,-20.959]]]}},{"type":"Feature","properties":{"cod_imovel":"RJ-3304102-91AB1CE92B0B4981A17A94D1E3AB0497","mod_fiscal":"3.0226000000000000000000000000000","num_area":"90.679100000000000000000000000000","ind_status":"AT","ind_tipo":"IRU","des_condic":"Aguardando analise","municipio":"Porciuncula","dat_criaca":"03/05/2016"},"geometry":{"type":"Polygon","coordinates":[[[-41.8395,-20.7848],[-41.8387,-20.7873],[-41.8441,-20.7903],[-41.8481,-20.7814],[-41.8406,-20.7779],[-41.8368,-20.7823],[-41.8349,-20.7809],[-41.8377,-20.7838],[-41.8395,-20.7848]]]}},{"type":"Feature","properties":{"cod_imovel":"RJ-3304102-F429A1F4C9B241898B775DE602C55DDB","mod_fiscal":"0.3100000000000000000000000000000","num_area":"9.3001000000000000000000000000000","ind_status":"AT","ind_tipo":"IRU","des_condic":"Aguardando analise","municipio":"Porciuncula","dat_criaca":"03/05/2016"},"geometry":{"type":"Polygon","coordinates":[[[-41.8291,-20.8091],[-41.8314,-20.8043],[-41.8289,-20.809],[-41.8291,-20.8091]]]}},{"type":"Feature","properties":{"cod_imovel":"RJ-3304102-D189C31C73914C8AAC2C648DEF74D285","mod_fiscal":"2.3048000000000000000000000000000","num_area":"69.143700000000000000000000000000","ind_status":"AT","ind_tipo":"IRU","des_condic":"Aguardando analise","municipio":"Porciuncula","dat_criaca":"03/05/2016"},"geometry":{"type":"Polygon","coordinates":[[[-42.0287,-20.9658],[-42.0306,-20.9673],[-42.0365,-20.9632],[-42.0253,-20.9631],[-42.0248,-20.9714],[-42.0293,-20.9697],[-42.0287,-20.9659],[-42.0287,-20.9658]]]}},{"type":"Feature","properties":{"cod_imovel":"RJ-3304102-FBF5F30C120D4235B2D632E7BFBF3154","mod_fiscal":"0.2336000000000000000000000000000","num_area":"7.0071000000000000000000000000000","ind_status":"AT","ind_tipo":"IRU","des_condic":"Aguardando analise","municipio":"Porciuncula","dat_criaca":"03/05/2016"},"geometry":{"type":"Polygon","coordinates":[[[-41.879,-20.7874],[-41.8741,-20.7896],[-41.8771,-20.7908],[-41.879,-20.7876],[-41.879,-20.7874]]]}},{"type":"Feature","properties":{"cod_imovel":"RJ-3304102-0C4C7D9393844F92AF25CFBC3F9B0FEA","mod_fiscal":"0.5122000000000000000000000000000","num_area":"15.367200000000000000000000000000","ind_status":"AT","ind_tipo":"IRU","des_condic":"Aguardando analise","municipio":"Porciuncula","dat_criaca":"03/05/2016"},"geometry":{"type":"Polygon","coordinates":[[[-41.9082,-20.8003],[-41.9036,-20.7983],[-41.9042,-20.8019],[-41.908,-20.8005],[-41.9082,-20.8003]]]}},{"type":"Feature","properties":{"cod_imovel":"RJ-3304102-94FB0B6F31AF426BB7E9E890AAD5EC49","mod_fiscal":"1.5675000000000000000000000000000","num_area":"47.025400000000000000000000000000","ind_status":"AT","ind_tipo":"IRU","des_condic":"Aguardando analise","municipio":"Porciuncula","dat_criaca":"03/05/2016"},"geometry":{"type":"Polygon","coordinates":[[[-41.8329,-20.8088],[-41.8359,-20.802],[-41.8252,-20.8028],[-41.8287,-20.8059],[-41.8283,-20.8038],[-41.8316,-20.8044],[-41.8321,-20.8089],[-41.8329,-20.8088]]]}},{"type":"Feature","properties":{"cod_imovel":"RJ-3304102-8D53E75069024457A113B80771622DD2","mod_fiscal":"0.1032000000000000000000000000000","num_area":"3.0947000000000000000000000000000","ind_status":"AT","ind_tipo":"IRU","des_condic":"Aguardando analise","municipio":"Porciuncula","dat_criaca":"13/04/2016"},"geometry":{"type":"Polygon","coordinates":[[[-41.9004,-20.9195],[-41.9033,-20.9212],[-41.9007,-20.9187],[-41.9004,-20.9195]]]}},{"type":"Feature","properties":{"cod_imovel":"RJ-3304102-07C0EB1F31B643509669860F92AD3FF2","mod_fiscal":"0.6586000000000000000000000000000","num_area":"19.757600000000000000000000000000","ind_status":"AT","ind_tipo":"IRU","des_condic":"Aguardando analise","municipio":"Porciuncula","dat_criaca":"30/04/2016"},"geometry":{"type":"Polygon","coordinates":[[[-41.9612,-20.9171],[-41.9586,-20.9175],[-41.9598,-20.923],[-41.9637,-20.919],[-41.9616,-20.9174],[-41.9612,-20.9171]]]}},{"type":"Feature","properties":{"cod_imovel":"RJ-3304102-C5A0B1BA59B84F739D391572A3306876","mod_fiscal":"0.2958000000000000000000000000000","num_area":"8.8754000000000000000000000000000","ind_status":"AT","ind_tipo":"IRU","des_condic":"Aguardando analise","municipio":"Porciuncula","dat_criaca":"30/04/2016"},"geometry":{"type":"Polygon","coordinates":[[[-41.9096,-20.851],[-41.9119,-20.8484],[-41.9087,-20.8476],[-41.9088,-20.85],[-41.9096,-20.851]]]}},{"type":"Feature","properties":{"cod_imovel":"RJ-3304102-1C27F2B0F0984D0698A5D7679F7CEB67","mod_fiscal":"0.2730000000000000000000000000000","num_area":"8.1906000000000000000000000000000","ind_status":"AT","ind_tipo":"IRU","des_condic":"Aguardando analise","municipio":"Porciuncula","dat_criaca":"30/04/2016"},"geometry":{"type":"Polygon","coordinates":[[[-41.8971,-20.9201],[-41.8953,-20.9219],[-41.899,-20.9238],[-41.8971,-20.9201]]]}},{"type":"Feature","properties":{"cod_imovel":"RJ-3304102-E7AA8A2E2E2A4BBBAAF09DE76CB36185","mod_fiscal":"0.1387000000000000000000000000000","num_area":"4.1613000000000000000000000000000","ind_status":"AT","ind_tipo":"IRU","des_condic":"Aguardando analise","municipio":"Porciuncula","dat_criaca":"30/04/2016"},"geometry":{"type":"Polygon","coordinates":[[[-41.8996,-20.8001],[-41.9005,-20.7972],[-41.8995,-20.7998],[-41.8996,-20.8001]]]}},{"type":"Feature","properties":{"cod_imovel":"RJ-3304102-9631D2384463436CBA341E48C9534F1F","mod_fiscal":"0.0669000000000000000000000000000","num_area":"2.0060000000000000000000000000000","ind_status":"AT","ind_tipo":"IRU","des_condic":"Aguardando analise","municipio":"Porciuncula","dat_criaca":"02/05/2016"},"geometry":{"type":"Polygon","coordinates":[[[-41.8488,-20.8217],[-41.849,-20.8248],[-41.8489,-20.8218],[-41.8488,-20.8217]]]}},{"type":"Feature","properties":{"cod_imovel":"RJ-3304102-8F985B29618F43878544B6F4E78BFB87","mod_fiscal":"2.7353000000000000000000000000000","num_area":"82.006300000000000000000000000000","ind_status":"AT","ind_tipo":"IRU","des_condic":"Aguardando analise","municipio":"Porciuncula","dat_criaca":"29/04/2016"},"geometry":{"type":"Polygon","coordinates":[[[-41.9763,-20.9333],[-41.9616,-20.9378],[-41.9703,-20.9389],[-41.9731,-20.9425],[-41.9762,-20.9348],[-41.9763,-20.9333]]]}},{"type":"Feature","properties":{"cod_imovel":"RJ-3304102-F360DE8A2C5C48A2B2B5BD98B1A80883","mod_fiscal":"0.2053000000000000000000000000000","num_area":"6.1600000000000000000000000000000","ind_status":"AT","ind_tipo":"IRU","des_condic":"Aguardando analise","municipio":"Porciuncula","dat_criaca":"29/04/2016"},"geometry":{"type":"Polygon","coordinates":[[[-41.8644,-20.8125],[-41.8677,-20.8153],[-41.8643,-20.8123],[-41.8644,-20.8125]]]}},{"type":"Feature","properties":{"cod_imovel":"RJ-3304102-A17662038AEC4780A6B9180656F24CA9","mod_fiscal":"1.3018000000000000000000000000000","num_area":"39.053200000000000000000000000000","ind_status":"AT","ind_tipo":"IRU","des_condic":"Aguardando analise","municipio":"Porciuncula","dat_criaca":"29/04/2016"},"geometry":{"type":"Polygon","coordinates":[[[-41.868,-20.8152],[-41.8641,-20.8153],[-41.8689,-20.8238],[-41.8674,-20.8161],[-41.8725,-20.8111],[-41.8671,-20.807],[-41.8705,-20.8111],[-41.868,-20.8149],[-41.868,-20.8152]]]}},{"type":"Feature","properties":{"cod_imovel":"RJ-3304102-DE6860CE5D9C40F6974541460FC3EC0D","mod_fiscal":"0.1076000000000000000000000000000","num_area":"3.2266000000000000000000000000000","ind_status":"AT","ind_tipo":"IRU","des_condic":"Aguardando analise","municipio":"Porciuncula","dat_criaca":"29/04/2016"},"geometry":{"type":"Polygon","coordinates":[[[-41.8635,-20.8111],[-41.8651,-20.8145],[-41.8636,-20.8113],[-41.8635,-20.8111]]]}},{"type":"Feature","properties":{"cod_imovel":"RJ-3304102-A554907889BE4AD8890A4791AC7BEBB9","mod_fiscal":"0.2554000000000000000000000000000","num_area":"7.6633000000000000000000000000000","ind_status":"AT","ind_tipo":"IRU","des_condic":"Aguardando analise","municipio":"Porciuncula","dat_criaca":"28/04/2016"},"geometry":{"type":"Polygon","coordinates":[[[-41.9196,-20.8108],[-41.9211,-20.8055],[-41.9194,-20.8107],[-41.9196,-20.8108]]]}},{"type":"Feature","properties":{"cod_imovel":"RJ-3304102-E8400E09831548199F4415FBCF710D05","mod_fiscal":"0.2367000000000000000000000000000","num_area":"7.1015000000000000000000000000000","ind_status":"AT","ind_tipo":"IRU","des_condic":"Aguardando analise","municipio":"Porciuncula","dat_criaca":"28/04/2016"},"geometry":{"type":"Polygon","coordinates":[[[-41.9156,-20.8046],[-41.9209,-20.8038],[-41.9165,-20.8041],[-41.9156,-20.8046]]]}},{"type":"Feature","properties":{"cod_imovel":"RJ-3304102-8383807FA4BC43FEBC1CB8A4F4A1DCA2","mod_fiscal":"0.2006000000000000000000000000000","num_area":"6.0187000000000000000000000000000","ind_status":"AT","ind_tipo":"IRU","des_condic":"Aguardando analise","municipio":"Porciuncula","dat_criaca":"28/04/2016"},"geometry":{"type":"Polygon","coordinates":[[[-41.9139,-20.8092],[-41.9169,-20.8095],[-41.9162,-20.8059],[-41.914,-20.809],[-41.9139,-20.8092]]]}},{"type":"Feature","properties":{"cod_imovel":"RJ-3304102-D0A1039275514C0792893A06F593E226","mod_fiscal":"0.1020000000000000000000000000000","num_area":"3.0597000000000000000000000000000","ind_status":"AT","ind_tipo":"IRU","des_condic":"Aguardando analise","municipio":"Porciuncula","dat_criaca":"27/04/2016"},"geometry":{"type":"Polygon","coordinates":[[[-41.8827,-20.8384],[-41.8802,-20.8376],[-41.8823,-20.8386],[-41.8827,-20.8384]]]}},{"type":"Feature","properties":{"cod_imovel":"RJ-3304102-8644B2F139A44E438D06A41595B35865","mod_fiscal":"0.3461000000000000000000000000000","num_area":"10.383600000000000000000000000000","ind_status":"AT","ind_tipo":"IRU","des_condic":"Aguardando analise","municipio":"Porciuncula","dat_criaca":"28/04/2016"},"geometry":{"type":"Polygon","coordinates":[[[-41.9554,-20.9137],[-41.949,-20.911],[-41.9514,-20.9155],[-41.955,-20.9138],[-41.9554,-20.9137]]]}},{"type":"Feature","properties":{"cod_imovel":"RJ-3304102-64650AFB7BDF4FD58E96B5A0A80FF174","mod_fiscal":"0.1009000000000000000000000000000","num_area":"3.0271000000000000000000000000000","ind_status":"AT","ind_tipo":"IRU","des_condic":"Aguardando analise","municipio":"Porciuncula","dat_criaca":"27/04/2016"},"geometry":{"type":"Polygon","coordinates":[[[-41.8851,-20.8407],[-41.8821,-20.8389],[-41.8846,-20.841],[-41.8851,-20.8407]]]}},{"type":"Feature","properties":{"cod_imovel":"RJ-3304102-8A35DEC7DE534B46B4B5531BA1AB923A","mod_fiscal":"0.0942000000000000000000000000000","num_area":"2.8259000000000000000000000000000","ind_status":"AT","ind_tipo":"IRU","des_condic":"Aguardando analise","municipio":"Porciuncula","dat_criaca":"27/04/2016"},"geometry":{"type":"Polygon","coordinates":[[[-41.8855,-20.8397],[-41.8821,-20.8389],[-41.8852,-20.84],[-41.8855,-20.8397]]]}},{"type":"Feature","properties":{"cod_imovel":"RJ-3304102-FE8BB879A2134541BAABB82818035E84","mod_fiscal":"0.1222000000000000000000000000000","num_area":"3.6654000000000000000000000000000","ind_status":"AT","ind_tipo":"IRU","des_condic":"Aguardando analise","municipio":"Porciuncula","dat_criaca":"11/04/2016"},"geometry":{"type":"Polygon","coordinates":[[[-41.8323,-20.8356],[-41.8325,-20.8331],[-41.8321,-20.8355],[-41.8323,-20.8356]]]}},{"type":"Feature","properties":{"cod_imovel":"RJ-3304102-F3F5BCEFE2C04D16BA2FF300F76BC2C2","mod_fiscal":"1.0553000000000000000000000000000","num_area":"31.659600000000000000000000000000","ind_status":"AT","ind_tipo":"IRU","des_condic":"Aguardando analise","municipio":"Porciuncula","dat_criaca":"11/04/2016"},"geometry":{"type":"Polygon","coordinates":[[[-41.8386,-20.8249],[-41.8292,-20.8259],[-41.8266,-20.829],[-41.8384,-20.8252],[-41.8386,-20.8249]]]}},{"type":"Feature","properties":{"cod_imovel":"RJ-3304102-D8CD697D909D4EF0971FAEB00492FE59","mod_fiscal":"0.4989000000000000000000000000000","num_area":"14.966700000000000000000000000000","ind_status":"AT","ind_tipo":"IRU","des_condic":"Aguardando analise","municipio":"Porciuncula","dat_criaca":"11/04/2016"},"geometry":{"type":"Polygon","coordinates":[[[-41.8398,-20.8082],[-41.8468,-20.8098],[-41.8398,-20.8037],[-41.8397,-20.8081],[-41.8398,-20.8082]]]}},{"type":"Feature","properties":{"cod_imovel":"RJ-3304102-B8E98949C6334D4A8D151EED11E4017A","mod_fiscal":"0.1400000000000000000000000000000","num_area":"4.2005000000000000000000000000000","ind_status":"AT","ind_tipo":"IRU","des_condic":"Aguardando analise","municipio":"Porciuncula","dat_criaca":"11/04/2016"},"geometry":{"type":"Polygon","coordinates":[[[-41.8261,-20.8165],[-41.8242,-20.821],[-41.8261,-20.8166],[-41.8261,-20.8165]]]}},{"type":"Feature","properties":{"cod_imovel":"RJ-3304102-458A0F17A39840F19FFC78F173F6FBBD","mod_fiscal":"0.6401000000000000000000000000000","num_area":"19.203000000000000000000000000000","ind_status":"AT","ind_tipo":"IRU","des_condic":"Aguardando analise","municipio":"Porciuncula","dat_criaca":"11/04/2016"},"geometry":{"type":"Polygon","coordinates":[[[-41.8199,-20.8164],[-41.8222,-20.8184],[-41.8192,-20.8197],[-41.8239,-20.821],[-41.8257,-20.8163],[-41.8203,-20.8161],[-41.8199,-20.8164]]]}},{"type":"Feature","properties":{"cod_imovel":"RJ-3304102-2F4B3E795AE8486FB0B2995300A87F13","mod_fiscal":"0.6746000000000000000000000000000","num_area":"20.237100000000000000000000000000","ind_status":"AT","ind_tipo":"IRU","des_condic":"Aguardando analise","municipio":"Porciuncula","dat_criaca":"07/04/2016"},"geometry":{"type":"Polygon","coordinates":[[[-42.0684,-20.9499],[-42.0619,-20.9575],[-42.0686,-20.9545],[-42.0692,-20.9511],[-42.0684,-20.9499]]]}},{"type":"Feature","properties":{"cod_imovel":"RJ-3304102-C02BB7F34B17400CA5505D72EEAAFAE1","mod_fiscal":"0.4813000000000000000000000000000","num_area":"14.438700000000000000000000000000","ind_status":"AT","ind_tipo":"IRU","des_condic":"Aguardando analise","municipio":"Porciuncula","dat_criaca":"07/04/2016"},"geometry":{"type":"Polygon","coordinates":[[[-41.8845,-20.7874],[-41.8822,-20.7935],[-41.8867,-20.7886],[-41.8848,-20.7875],[-41.8845,-20.7874]]]}},{"type":"Feature","properties":{"cod_imovel":"RJ-3304102-09709927D8A0442BA8DB8C1D6E5B7BE1","mod_fiscal":"0.6324000000000000000000000000000","num_area":"18.973500000000000000000000000000","ind_status":"AT","ind_tipo":"IRU","des_condic":"Aguardando analise","municipio":"Porciuncula","dat_criaca":"04/04/2016"},"geometry":{"type":"Polygon","coordinates":[[[-41.9336,-20.9259],[-41.938,-20.9265],[-41.9362,-20.9217],[-41.9318,-20.9238],[-41.9335,-20.9255],[-41.9336,-20.9259]]]}},{"type":"Feature","properties":{"cod_imovel":"RJ-3304102-2ED68021EED14172BC4FA49D7FD44DC8","mod_fiscal":"0.1057000000000000000000000000000","num_area":"3.1704000000000000000000000000000","ind_status":"AT","ind_tipo":"IRU","des_condic":"Aguardando analise","municipio":"Porciuncula","dat_criaca":"03/04/2016"},"geometry":{"type":"Polygon","coordinates":[[[-41.8983,-20.8529],[-41.9001,-20.8548],[-41.8983,-20.8526],[-41.8983,-20.8529]]]}},{"type":"Feature","properties":{"cod_imovel":"RJ-3304102-057C9FD268814255825016D18BD848D7","mod_fiscal":"0.6412000000000000000000000000000","num_area":"19.236000000000000000000000000000","ind_status":"AT","ind_tipo":"IRU","des_condic":"Aguardando analise","municipio":"Porciuncula","dat_criaca":"31/03/2016"},"geometry":{"type":"Polygon","coordinates":[[[-41.8612,-20.8632],[-41.8628,-20.8571],[-41.8591,-20.8571],[-41.861,-20.8636],[-41.8612,-20.8632]]]}},{"type":"Feature","properties":{"cod_imovel":"RJ-3304102-52AED354A2AE4856BB5CE892748E2ABC","mod_fiscal":"0.1297000000000000000000000000000","num_area":"3.8904000000000000000000000000000","ind_status":"AT","ind_tipo":"IRU","des_condic":"Aguardando analise","municipio":"Porciuncula","dat_criaca":"30/03/2016"},"geometry":{"type":"Polygon","coordinates":[[[-41.9496,-20.907],[-41.9488,-20.9093],[-41.95,-20.9072],[-41.9496,-20.907]]]}},{"type":"Feature","properties":{"cod_imovel":"RJ-3304102-5B6CF6C212DB470A9529B5B9C8B05802","mod_fiscal":"0.6568000000000000000000000000000","num_area":"19.703600000000000000000000000000","ind_status":"AT","ind_tipo":"IRU","des_condic":"Aguardando analise","municipio":"Porciuncula","dat_criaca":"28/03/2016"},"geometry":{"type":"Polygon","coordinates":[[[-41.9057,-20.8536],[-41.9,-20.8547],[-41.9004,-20.8573],[-41.9058,-20.8537],[-41.9057,-20.8536]]]}},{"type":"Feature","properties":{"cod_imovel":"RJ-3304102-2C03C8506D8341C9AD7208768A69D998","mod_fiscal":"0.1609000000000000000000000000000","num_area":"4.8271000000000000000000000000000","ind_status":"AT","ind_tipo":"IRU","des_condic":"Aguardando analise","municipio":"Porciuncula","dat_criaca":"23/03/2016"},"geometry":{"type":"Polygon","coordinates":[[[-41.9107,-20.9104],[-41.9147,-20.908],[-41.9108,-20.9104],[-41.9107,-20.9104]]]}},{"type":"Feature","properties":{"cod_imovel":"RJ-3304102-EDF31D9D95B8425D8794FF82F2B52414","mod_fiscal":"0.1148000000000000000000000000000","num_area":"3.4441000000000000000000000000000","ind_status":"AT","ind_tipo":"IRU","des_condic":"Aguardando analise","municipio":"Porciuncula","dat_criaca":"23/03/2016"},"geometry":{"type":"Polygon","coordinates":[[[-41.9126,-20.9123],[-41.9105,-20.9107],[-41.9108,-20.9139],[-41.9125,-20.9124],[-41.9126,-20.9123]]]}},{"type":"Feature","properties":{"cod_imovel":"RJ-3304102-2BDC63CAD05E43EF8DED56A4E6BADFBD","mod_fiscal":"0.2918000000000000000000000000000","num_area":"8.7529000000000000000000000000000","ind_status":"AT","ind_tipo":"IRU","des_condic":"Aguardando analise","municipio":"Porciuncula","dat_criaca":"23/03/2016"},"geometry":{"type":"Polygon","coordinates":[[[-41.8855,-20.8535],[-41.8886,-20.8577],[-41.8856,-20.8536],[-41.8855,-20.8535]]]}},{"type":"Feature","properties":{"cod_imovel":"RJ-3304102-58EDD9D0298D4EA2BA13EAE8FF2BAE81","mod_fiscal":"3.7698000000000000000000000000000","num_area":"113.09290000000000000000000000000","ind_status":"AT","ind_tipo":"IRU","des_condic":"Aguardando analise","municipio":"Porciuncula","dat_criaca":"22/03/2016"},"geometry":{"type":"Polygon","coordinates":[[[-41.9102,-20.8686],[-41.9167,-20.8702],[-41.9208,-20.8607],[-41.9111,-20.8611],[-41.9056,-20.867],[-41.91,-20.8686],[-41.9102,-20.8686]]]}},{"type":"Feature","properties":{"cod_imovel":"RJ-3304102-092062C8DC5641CB8BAE3A125E97A107","mod_fiscal":"0.0738000000000000000000000000000","num_area":"2.2144000000000000000000000000000","ind_status":"AT","ind_tipo":"IRU","des_condic":"Aguardando analise","municipio":"Porciuncula","dat_criaca":"22/03/2016"},"geometry":{"type":"Polygon","coordinates":[[[-41.9034,-20.8469],[-41.9046,-20.845],[-41.9033,-20.8465],[-41.9034,-20.8469]]]}},{"type":"Feature","properties":{"cod_imovel":"RJ-3304102-AAF79B142D304DE180980229CDC11D8B","mod_fiscal":"0.0807000000000000000000000000000","num_area":"2.4203000000000000000000000000000","ind_status":"AT","ind_tipo":"IRU","des_condic":"Aguardando analise","municipio":"Porciuncula","dat_criaca":"21/03/2016"},"geometry":{"type":"Polygon","coordinates":[[[-41.8361,-20.8083],[-41.8371,-20.8028],[-41.8355,-20.8083],[-41.8361,-20.8083]]]}},{"type":"Feature","properties":{"cod_imovel":"RJ-3304102-CECAAECCDBE7445588BEE6907673D256","mod_fiscal":"0.1589000000000000000000000000000","num_area":"4.7680000000000000000000000000000","ind_status":"AT","ind_tipo":"IRU","des_condic":"Aguardando analise","municipio":"Porciuncula","dat_criaca":"17/03/2016"},"geometry":{"type":"Polygon","coordinates":[[[-41.9562,-20.9082],[-41.9556,-20.9026],[-41.9562,-20.9082],[-41.9562,-20.9082]]]}},{"type":"Feature","properties":{"cod_imovel":"RJ-3304102-E745C5A1497F4831B8F439E2F652385D","mod_fiscal":"0.1149000000000000000000000000000","num_area":"3.4477000000000000000000000000000","ind_status":"AT","ind_tipo":"IRU","des_condic":"Aguardando analise","municipio":"Porciuncula","dat_criaca":"17/03/2016"},"geometry":{"type":"Polygon","coordinates":[[[-41.9472,-20.9276],[-41.9486,-20.9252],[-41.9463,-20.9251],[-41.9472,-20.9276],[-41.9472,-20.9276]]]}},{"type":"Feature","properties":{"cod_imovel":"RJ-3304102-7A5062CBF4A64309BADBBA09001B19BC","mod_fiscal":"0.2302000000000000000000000000000","num_area":"6.9074000000000000000000000000000","ind_status":"AT","ind_tipo":"IRU","des_condic":"Aguardando analise","municipio":"Porciuncula","dat_criaca":"15/03/2016"},"geometry":{"type":"Polygon","coordinates":[[[-41.879,-20.7878],[-41.8799,-20.7935],[-41.8792,-20.7878],[-41.879,-20.7878]]]}},{"type":"Feature","properties":{"cod_imovel":"RJ-3304102-055C83F5D6D346FD84A2E0F65C8B994B","mod_fiscal":"0.1004000000000000000000000000000","num_area":"3.0123000000000000000000000000000","ind_status":"AT","ind_tipo":"IRU","des_condic":"Aguardando analise","municipio":"Porciuncula","dat_criaca":"14/03/2016"},"geometry":{"type":"Polygon","coordinates":[[[-41.8828,-20.8383],[-41.886,-20.8393],[-41.8833,-20.8377],[-41.8828,-20.8383]]]}},{"type":"Feature","properties":{"cod_imovel":"RJ-3304102-3E5EFB55FBF64F9EA06696E8CBE6C427","mod_fiscal":"0.0952000000000000000000000000000","num_area":"2.8567000000000000000000000000000","ind_status":"AT","ind_tipo":"IRU","des_condic":"Aguardando analise","municipio":"Porciuncula","dat_criaca":"13/03/2016"},"geometry":{"type":"Polygon","coordinates":[[[-41.8892,-20.8486],[-41.8891,-20.8514],[-41.8892,-20.8486],[-41.8892,-20.8486]]]}},{"type":"Feature","properties":{"cod_imovel":"RJ-3304102-C11FF05D7965466C96015FEBEDC09556","mod_fiscal":"1.1913000000000000000000000000000","num_area":"35.738600000000000000000000000000","ind_status":"AT","ind_tipo":"IRU","des_condic":"Aguardando analise","municipio":"Porciuncula","dat_criaca":"10/03/2016"},"geometry":{"type":"Polygon","coordinates":[[[-41.9017,-20.8279],[-41.8977,-20.8294],[-41.8996,-20.8325],[-41.9067,-20.8308],[-41.9018,-20.8279],[-41.9017,-20.8279]]]}},{"type":"Feature","properties":{"cod_imovel":"RJ-3304102-68F94ECD5E7E4CB880265F0F07760A0E","mod_fiscal":"0.4439000000000000000000000000000","num_area":"13.315700000000000000000000000000","ind_status":"AT","ind_tipo":"IRU","des_condic":"Aguardando analise","municipio":"Porciuncula","dat_criaca":"06/03/2016"},"geometry":{"type":"Polygon","coordinates":[[[-41.9979,-20.9428],[-41.9975,-20.9371],[-41.9969,-20.9428],[-41.9979,-20.9428]]]}},{"type":"Feature","properties":{"cod_imovel":"RJ-3304102-9C978D7C611249E0AFF8BA86DD7AE42E","mod_fiscal":"0.2421000000000000000000000000000","num_area":"7.2633000000000000000000000000000","ind_status":"AT","ind_tipo":"IRU","des_condic":"Aguardando analise","municipio":"Porciuncula","dat_criaca":"27/02/2016"},"geometry":{"type":"Polygon","coordinates":[[[-41.8608,-20.7849],[-41.8558,-20.785],[-41.8608,-20.7862],[-41.8608,-20.7849]]]}},{"type":"Feature","properties":{"cod_imovel":"RJ-3304102-7AFF7509132C4DF88FD31CD4E7E9DB4A","mod_fiscal":"0.4660000000000000000000000000000","num_area":"13.979700000000000000000000000000","ind_status":"AT","ind_tipo":"IRU","des_condic":"Aguardando analise","municipio":"Porciuncula","dat_criaca":"27/02/2016"},"geometry":{"type":"Polygon","coordinates":[[[-41.8529,-20.7793],[-41.8549,-20.7758],[-41.8487,-20.7761],[-41.852,-20.7786],[-41.8529,-20.7793]]]}},{"type":"Feature","properties":{"cod_imovel":"RJ-3304102-C5A7489ABB7C4869A174F7D601571695","mod_fiscal":"0.0772000000000000000000000000000","num_area":"2.3159000000000000000000000000000","ind_status":"AT","ind_tipo":"IRU","des_condic":"Aguardando analise","municipio":"Porciuncula","dat_criaca":"25/02/2016"},"geometry":{"type":"Polygon","coordinates":[[[-41.9526,-20.8651],[-41.9512,-20.8666],[-41.953,-20.8656],[-41.9526,-20.8651]]]}},{"type":"Feature","properties":{"cod_imovel":"RJ-3304102-38066F6B8F3E496BBFE02CECC56D4275","mod_fiscal":"0.2796000000000000000000000000000","num_area":"8.3877000000000000000000000000000","ind_status":"AT","ind_tipo":"IRU","des_condic":"Aguardando analise","municipio":"Porciuncula","dat_criaca":"20/02/2016"},"geometry":{"type":"Polygon","coordinates":[[[-41.8893,-20.8429],[-41.8894,-20.8383],[-41.8872,-20.8391],[-41.8888,-20.8418],[-41.8893,-20.8429]]]}},{"type":"Feature","properties":{"cod_imovel":"RJ-3304102-631FAD51596C40DF89A9F3832F906344","mod_fiscal":"0.1758000000000000000000000000000","num_area":"5.2753000000000000000000000000000","ind_status":"AT","ind_tipo":"IRU","des_condic":"Aguardando analise","municipio":"Porciuncula","dat_criaca":"19/02/2016"},"geometry":{"type":"Polygon","coordinates":[[[-41.864,-20.7657],[-41.8638,-20.7681],[-41.8665,-20.7661],[-41.8642,-20.7657],[-41.864,-20.7657]]]}},{"type":"Feature","properties":{"cod_imovel":"RJ-3304102-DE00397A300348D88473CC6E43DCE2E8","mod_fiscal":"0.3223000000000000000000000000000","num_area":"9.6686000000000000000000000000000","ind_status":"AT","ind_tipo":"IRU","des_condic":"Aguardando analise","municipio":"Porciuncula","dat_criaca":"17/02/2016"},"geometry":{"type":"Polygon","coordinates":[[[-41.8873,-20.8524],[-41.8891,-20.8568],[-41.89,-20.8526],[-41.8876,-20.8523],[-41.8873,-20.8524]]]}},{"type":"Feature","properties":{"cod_imovel":"RJ-3304102-2FEF79F2033B45BFB054B8823C27A7D3","mod_fiscal":"0.1555000000000000000000000000000","num_area":"4.6644000000000000000000000000000","ind_status":"AT","ind_tipo":"IRU","des_condic":"Aguardando analise","municipio":"Porciuncula","dat_criaca":"15/02/2016"},"geometry":{"type":"Polygon","coordinates":[[[-41.8429,-20.8007],[-41.8393,-20.8012],[-41.8428,-20.8008],[-41.8429,-20.8007]]]}},{"type":"Feature","properties":{"cod_imovel":"RJ-3304102-FC7D78ACC82A461BB53EBF3153CD7501","mod_fiscal":"0.2987000000000000000000000000000","num_area":"8.9615000000000000000000000000000","ind_status":"AT","ind_tipo":"IRU","des_condic":"Aguardando analise","municipio":"Porciuncula","dat_criaca":"15/02/2016"},"geometry":{"type":"Polygon","coordinates":[[[-41.8627,-20.7837],[-41.865,-20.7792],[-41.8626,-20.7781],[-41.8627,-20.7837],[-41.8627,-20.7837]]]}},{"type":"Feature","properties":{"cod_imovel":"RJ-3304102-142241ECC0C447D39298014663143C45","mod_fiscal":"0.4665000000000000000000000000000","num_area":"13.996300000000000000000000000000","ind_status":"AT","ind_tipo":"IRU","des_condic":"Aguardando analise","municipio":"Porciuncula","dat_criaca":"11/02/2016"},"geometry":{"type":"Polygon","coordinates":[[[-41.8913,-20.8678],[-41.8936,-20.8624],[-41.8885,-20.867],[-41.8909,-20.8674],[-41.8913,-20.8678]]]}},{"type":"Feature","properties":{"cod_imovel":"RJ-3304102-DE09BB4C6BA44CEA9F1C72E8F1544433","mod_fiscal":"0.0867000000000000000000000000000","num_area":"2.6017000000000000000000000000000","ind_status":"AT","ind_tipo":"IRU","des_condic":"Aguardando analise","municipio":"Porciuncula","dat_criaca":"08/02/2016"},"geometry":{"type":"Polygon","coordinates":[[[-41.8895,-20.8353],[-41.8872,-20.8342],[-41.8905,-20.8357],[-41.8895,-20.8353]]]}},{"type":"Feature","properties":{"cod_imovel":"RJ-3304102-15CC93E999DD4B6FA08FE182DDCE6E20","mod_fiscal":"0.1610000000000000000000000000000","num_area":"4.8289000000000000000000000000000","ind_status":"AT","ind_tipo":"IRU","des_condic":"Aguardando analise","municipio":"Porciuncula","dat_criaca":"26/01/2016"},"geometry":{"type":"Polygon","coordinates":[[[-41.8013,-20.8183],[-41.8032,-20.8156],[-41.8004,-20.8177],[-41.8013,-20.8183]]]}},{"type":"Feature","properties":{"cod_imovel":"RJ-3304102-FFEBC31FA1F645D382F9D41B001AE685","mod_fiscal":"0.4175000000000000000000000000000","num_area":"12.526200000000000000000000000000","ind_status":"AT","ind_tipo":"IRU","des_condic":"Aguardando analise","municipio":"Porciuncula","dat_criaca":"25/01/2016"},"geometry":{"type":"Polygon","coordinates":[[[-41.8724,-20.8433],[-41.8732,-20.8469],[-41.876,-20.8444],[-41.8725,-20.8431],[-41.8724,-20.8433]]]}},{"type":"Feature","properties":{"cod_imovel":"RJ-3304102-FAAC6A69C98B4D42A99B6D20A099CC0D","mod_fiscal":"0.2271000000000000000000000000000","num_area":"6.8135000000000000000000000000000","ind_status":"AT","ind_tipo":"IRU","des_condic":"Aguardando analise","municipio":"Porciuncula","dat_criaca":"22/01/2016"},"geometry":{"type":"Polygon","coordinates":[[[-41.8769,-20.8378],[-41.8762,-20.8409],[-41.8781,-20.8386],[-41.8769,-20.8378]]]}},{"type":"Feature","properties":{"cod_imovel":"RJ-3304102-F66316810A0A4F7393673FE115FD3EE3","mod_fiscal":"0.8125000000000000000000000000000","num_area":"24.374000000000000000000000000000","ind_status":"AT","ind_tipo":"IRU","des_condic":"Aguardando analise","municipio":"Porciuncula","dat_criaca":"27/04/2016"},"geometry":{"type":"Polygon","coordinates":[[[-41.8931,-20.7959],[-41.8945,-20.8026],[-41.8973,-20.8033],[-41.8981,-20.7995],[-41.8958,-20.7993],[-41.8931,-20.7959]]]}},{"type":"Feature","properties":{"cod_imovel":"RJ-3304102-A07A56C01A0F4246A02C345E0750B189","mod_fiscal":"2.0583000000000000000000000000000","num_area":"61.747900000000000000000000000000","ind_status":"AT","ind_tipo":"IRU","des_condic":"Aguardando analise","municipio":"Porciuncula","dat_criaca":"26/04/2016"},"geometry":{"type":"Polygon","coordinates":[[[-41.8451,-20.8296],[-41.8403,-20.8268],[-41.8384,-20.8362],[-41.8424,-20.8385],[-41.8451,-20.8296],[-41.8451,-20.8296]]]}},{"type":"Feature","properties":{"cod_imovel":"RJ-3304102-2E4B7C345BB345CE8BA5A02882221F3D","mod_fiscal":"0.5111000000000000000000000000000","num_area":"15.332500000000000000000000000000","ind_status":"AT","ind_tipo":"IRU","des_condic":"Aguardando analise","municipio":"Porciuncula","dat_criaca":"06/01/2016"},"geometry":{"type":"Polygon","coordinates":[[[-42.0296,-20.9718],[-42.0319,-20.9689],[-42.0295,-20.9662],[-42.0292,-20.9715],[-42.0296,-20.9718]]]}},{"type":"Feature","properties":{"cod_imovel":"RJ-3304102-98D03B043E4944EEBD117C256CF28946","mod_fiscal":"0.2474000000000000000000000000000","num_area":"7.4223000000000000000000000000000","ind_status":"AT","ind_tipo":"IRU","des_condic":"Aguardando analise","municipio":"Porciuncula","dat_criaca":"18/12/2015"},"geometry":{"type":"Polygon","coordinates":[[[-41.8184,-20.8232],[-41.8179,-20.8197],[-41.8183,-20.8227],[-41.8184,-20.8232]]]}},{"type":"Feature","properties":{"cod_imovel":"RJ-3304102-DAC57D762D4A4FFEB8ADD4A4EA4123D9","mod_fiscal":"0.7394000000000000000000000000000","num_area":"22.183300000000000000000000000000","ind_status":"AT","ind_tipo":"IRU","des_condic":"Aguardando analise","municipio":"Porciuncula","dat_criaca":"18/12/2015"},"geometry":{"type":"Polygon","coordinates":[[[-41.8946,-20.863],[-41.8913,-20.8678],[-41.8951,-20.8711],[-41.8947,-20.8641],[-41.8946,-20.863]]]}},{"type":"Feature","properties":{"cod_imovel":"RJ-3304102-B45F5F12399641E592AD2AFF83C73B0C","mod_fiscal":"0.1463000000000000000000000000000","num_area":"4.3893000000000000000000000000000","ind_status":"AT","ind_tipo":"IRU","des_condic":"Aguardando analise","municipio":"Porciuncula","dat_criaca":"18/12/2015"},"geometry":{"type":"Polygon","coordinates":[[[-41.8921,-20.8556],[-41.8941,-20.8564],[-41.8924,-20.8552],[-41.8921,-20.8556]]]}},{"type":"Feature","properties":{"cod_imovel":"RJ-3304102-05A662AF6084405A994734BADD79ED57","mod_fiscal":"0.0808000000000000000000000000000","num_area":"2.4232000000000000000000000000000","ind_status":"AT","ind_tipo":"IRU","des_condic":"Aguardando analise","municipio":"Porciuncula","dat_criaca":"25/11/2015"},"geometry":{"type":"Polygon","coordinates":[[[-41.9605,-20.9329],[-41.9611,-20.9353],[-41.9608,-20.933],[-41.9605,-20.9329]]]}},{"type":"Feature","properties":{"cod_imovel":"RJ-3304102-95CD2C311C264F7FB620EA94598A860F","mod_fiscal":"0.1038000000000000000000000000000","num_area":"3.1141000000000000000000000000000","ind_status":"AT","ind_tipo":"IRU","des_condic":"Aguardando analise","municipio":"Porciuncula","dat_criaca":"18/11/2015"},"geometry":{"type":"Polygon","coordinates":[[[-41.9006,-20.916],[-41.9046,-20.9203],[-41.9008,-20.9158],[-41.9006,-20.916]]]}},{"type":"Feature","properties":{"cod_imovel":"RJ-3304102-63906719CF48495087A223DE84F6CEBD","mod_fiscal":"0.1058000000000000000000000000000","num_area":"3.1740000000000000000000000000000","ind_status":"AT","ind_tipo":"IRU","des_condic":"Aguardando analise","municipio":"Porciuncula","dat_criaca":"26/04/2016"},"geometry":{"type":"Polygon","coordinates":[[[-41.8436,-20.7979],[-41.8453,-20.7953],[-41.8434,-20.7962],[-41.8436,-20.7979]]]}},{"type":"Feature","properties":{"cod_imovel":"RJ-3304102-439E18F0B0504F8FB4B3883C06DCFD21","mod_fiscal":"1.2753000000000000000000000000000","num_area":"38.257700000000000000000000000000","ind_status":"AT","ind_tipo":"IRU","des_condic":"Aguardando analise","municipio":"Porciuncula","dat_criaca":"26/10/2015"},"geometry":{"type":"Polygon","coordinates":[[[-41.8885,-20.8669],[-41.8961,-20.8568],[-41.8905,-20.8566],[-41.887,-20.864],[-41.8885,-20.8669]]]}},{"type":"Feature","properties":{"cod_imovel":"RJ-3304102-7941A170BC2F4E2AAA6FC6D4CBD79C82","mod_fiscal":"0.3436000000000000000000000000000","num_area":"10.308200000000000000000000000000","ind_status":"AT","ind_tipo":"IRU","des_condic":"Aguardando analise","municipio":"Porciuncula","dat_criaca":"29/09/2015"},"geometry":{"type":"Polygon","coordinates":[[[-41.8325,-20.838],[-41.8302,-20.8393],[-41.8336,-20.8419],[-41.8326,-20.8382],[-41.8325,-20.838]]]}},{"type":"Feature","properties":{"cod_imovel":"RJ-3304102-E03C1D1FA3E64558941977CD3FF65C96","mod_fiscal":"0.1407000000000000000000000000000","num_area":"4.2200000000000000000000000000000","ind_status":"AT","ind_tipo":"IRU","des_condic":"Aguardando analise","municipio":"Porciuncula","dat_criaca":"31/08/2015"},"geometry":{"type":"Polygon","coordinates":[[[-42.0503,-20.9629],[-42.0529,-20.9648],[-42.0503,-20.9629],[-42.0503,-20.9629]]]}},{"type":"Feature","properties":{"cod_imovel":"RJ-3304102-9C6FEFE039B0409A8670DB1130DED661","mod_fiscal":"1.6500000000000000000000000000000","num_area":"49.500100000000000000000000000000","ind_status":"AT","ind_tipo":"IRU","des_condic":"Aguardando analise","municipio":"Porciuncula","dat_criaca":"20/08/2015"},"geometry":{"type":"Polygon","coordinates":[[[-41.91,-20.8684],[-41.9028,-20.8677],[-41.9068,-20.876],[-41.9117,-20.8717],[-41.91,-20.8686],[-41.91,-20.8684]]]}},{"type":"Feature","properties":{"cod_imovel":"RJ-3304102-FCA3C6CAECF04AEFB6C2A1A301EDF0E9","mod_fiscal":"0.2779000000000000000000000000000","num_area":"8.3367000000000000000000000000000","ind_status":"AT","ind_tipo":"IRU","des_condic":"Aguardando analise","municipio":"Porciuncula","dat_criaca":"19/08/2015"},"geometry":{"type":"Polygon","coordinates":[[[-41.9126,-20.8601],[-41.9082,-20.862],[-41.9104,-20.8642],[-41.9118,-20.8606],[-41.9126,-20.8601]]]}},{"type":"Feature","properties":{"cod_imovel":"RJ-3304102-E212910D9EB648CDB7496C5BE8DE722A","mod_fiscal":"0.6847000000000000000000000000000","num_area":"20.542200000000000000000000000000","ind_status":"AT","ind_tipo":"IRU","des_condic":"Aguardando analise","municipio":"Porciuncula","dat_criaca":"11/08/2015"},"geometry":{"type":"Polygon","coordinates":[[[-41.8577,-20.8003],[-41.8638,-20.8036],[-41.8658,-20.7996],[-41.8598,-20.8],[-41.8577,-20.8003]]]}},{"type":"Feature","properties":{"cod_imovel":"RJ-3304102-995D615FB75345BB9425E16596B5F376","mod_fiscal":"0.2575000000000000000000000000000","num_area":"7.7235000000000000000000000000000","ind_status":"AT","ind_tipo":"IRU","des_condic":"Aguardando analise","municipio":"Porciuncula","dat_criaca":"06/08/2015"},"geometry":{"type":"Polygon","coordinates":[[[-41.922,-20.8157],[-41.9236,-20.8139],[-41.9201,-20.8147],[-41.922,-20.8157]]]}},{"type":"Feature","properties":{"cod_imovel":"RJ-3304102-8358232ECDC44423A52763A1B73B2B3B","mod_fiscal":"0.1973000000000000000000000000000","num_area":"5.9184000000000000000000000000000","ind_status":"AT","ind_tipo":"IRU","des_condic":"Aguardando analise","municipio":"Porciuncula","dat_criaca":"24/04/2016"},"geometry":{"type":"Polygon","coordinates":[[[-41.9596,-20.9424],[-41.9613,-20.9452],[-41.9611,-20.942],[-41.9596,-20.9424]]]}},{"type":"Feature","properties":{"cod_imovel":"RJ-3304102-FCF294EE39D64C3C9C6ECA0F58329F95","mod_fiscal":"0.7882000000000000000000000000000","num_area":"23.645800000000000000000000000000","ind_status":"AT","ind_tipo":"IRU","des_condic":"Aguardando analise","municipio":"Porciuncula","dat_criaca":"15/07/2015"},"geometry":{"type":"Polygon","coordinates":[[[-41.9363,-20.9273],[-41.9301,-20.9243],[-41.934,-20.9297],[-41.9364,-20.9286],[-41.9363,-20.9273]]]}},{"type":"Feature","properties":{"cod_imovel":"RJ-3304102-71914F8D6C8A425394725BD23BB18562","mod_fiscal":"0.4471000000000000000000000000000","num_area":"13.412800000000000000000000000000","ind_status":"AT","ind_tipo":"IRU","des_condic":"Aguardando analise","municipio":"Porciuncula","dat_criaca":"28/06/2015"},"geometry":{"type":"Polygon","coordinates":[[[-41.8418,-20.7869],[-41.8368,-20.7909],[-41.8425,-20.791],[-41.8424,-20.7873],[-41.8418,-20.7869]]]}},{"type":"Feature","properties":{"cod_imovel":"RJ-3304102-3DEF7DF36DBC45168B25BD34D0CE14C1","mod_fiscal":"1.0858000000000000000000000000000","num_area":"32.496600000000000000000000000000","ind_status":"AT","ind_tipo":"IRU","des_condic":"Aguardando analise","municipio":"Porciuncula","dat_criaca":"28/06/2015"},"geometry":{"type":"Polygon","coordinates":[[[-41.8328,-20.7842],[-41.83,-20.7852],[-41.8354,-20.7897],[-41.8426,-20.7865],[-41.8368,-20.7869],[-41.8328,-20.7842]]]}},{"type":"Feature","properties":{"cod_imovel":"RJ-3304102-1C6CA45BAE7A44FDAF79786604AE70F2","mod_fiscal":"0.5940000000000000000000000000000","num_area":"17.820600000000000000000000000000","ind_status":"AT","ind_tipo":"IRU","des_condic":"Aguardando analise","municipio":"Porciuncula","dat_criaca":"28/06/2015"},"geometry":{"type":"Polygon","coordinates":[[[-41.8367,-20.7921],[-41.839,-20.7954],[-41.8417,-20.7916],[-41.8369,-20.7915],[-41.8367,-20.7921]]]}},{"type":"Feature","properties":{"cod_imovel":"RJ-3304102-1D1AA32AE52347C3A8F3005819847420","mod_fiscal":"0.2681000000000000000000000000000","num_area":"8.0423000000000000000000000000000","ind_status":"AT","ind_tipo":"IRU","des_condic":"Aguardando analise","municipio":"Porciuncula","dat_criaca":"23/06/2015"},"geometry":{"type":"Polygon","coordinates":[[[-41.7958,-20.8035],[-41.7949,-20.8069],[-41.7972,-20.8065],[-41.7958,-20.8035]]]}},{"type":"Feature","properties":{"cod_imovel":"RJ-3304102-3DCA0355328B4640844A56A74CB3A384","mod_fiscal":"0.6453000000000000000000000000000","num_area":"19.356200000000000000000000000000","ind_status":"AT","ind_tipo":"IRU","des_condic":"Aguardando analise","municipio":"Porciuncula","dat_criaca":"23/06/2015"},"geometry":{"type":"Polygon","coordinates":[[[-41.79,-20.8061],[-41.7893,-20.8],[-41.7868,-20.7997],[-41.7875,-20.8069],[-41.7897,-20.8062],[-41.79,-20.8061]]]}},{"type":"Feature","properties":{"cod_imovel":"RJ-3304102-6016013D9ABF48D3B8901CEC00BD38CA","mod_fiscal":"0.1000000000000000000000000000000","num_area":"2.9999000000000000000000000000000","ind_status":"AT","ind_tipo":"IRU","des_condic":"Aguardando analise","municipio":"Porciuncula","dat_criaca":"18/06/2015"},"geometry":{"type":"Polygon","coordinates":[[[-41.8852,-20.8357],[-41.8832,-20.8375],[-41.8859,-20.839],[-41.8852,-20.8361],[-41.8852,-20.8357]]]}},{"type":"Feature","properties":{"cod_imovel":"RJ-3304102-0ABF397651474DE4A8B547F3AFDC9495","mod_fiscal":"0.1042000000000000000000000000000","num_area":"3.1274000000000000000000000000000","ind_status":"AT","ind_tipo":"IRU","des_condic":"Aguardando analise","municipio":"Porciuncula","dat_criaca":"16/06/2015"},"geometry":{"type":"Polygon","coordinates":[[[-41.8847,-20.8473],[-41.8822,-20.8457],[-41.8843,-20.847],[-41.8847,-20.8473]]]}},{"type":"Feature","properties":{"cod_imovel":"RJ-3304102-A06AAFCED6A5456B9884F3B24FE26270","mod_fiscal":"0.3011000000000000000000000000000","num_area":"9.0333000000000000000000000000000","ind_status":"AT","ind_tipo":"IRU","des_condic":"Aguardando analise","municipio":"Porciuncula","dat_criaca":"14/06/2015"},"geometry":{"type":"Polygon","coordinates":[[[-41.9529,-20.9137],[-41.9559,-20.9168],[-41.9563,-20.9135],[-41.9533,-20.9137],[-41.9529,-20.9137]]]}},{"type":"Feature","properties":{"cod_imovel":"RJ-3304102-4070EC53696B40FDBB799987A2FA4DF9","mod_fiscal":"0.4561000000000000000000000000000","num_area":"13.682400000000000000000000000000","ind_status":"AT","ind_tipo":"IRU","des_condic":"Aguardando analise","municipio":"Porciuncula","dat_criaca":"02/06/2015"},"geometry":{"type":"Polygon","coordinates":[[[-41.8503,-20.8228],[-41.8492,-20.8257],[-41.8532,-20.8253],[-41.8541,-20.8232],[-41.8507,-20.8228],[-41.8503,-20.8228]]]}},{"type":"Feature","properties":{"cod_imovel":"RJ-3304102-9EF2994B0054496BA0B368574ACA2471","mod_fiscal":"0.2041000000000000000000000000000","num_area":"6.1224000000000000000000000000000","ind_status":"AT","ind_tipo":"IRU","des_condic":"Aguardando analise","municipio":"Porciuncula","dat_criaca":"08/05/2015"},"geometry":{"type":"Polygon","coordinates":[[[-41.9639,-20.9071],[-41.9568,-20.9082],[-41.9641,-20.9074],[-41.9639,-20.9071]]]}},{"type":"Feature","properties":{"cod_imovel":"RJ-3304102-D06E2DB2405F477984C925E2A1EBC169","mod_fiscal":"0.2726000000000000000000000000000","num_area":"8.1787000000000000000000000000000","ind_status":"AT","ind_tipo":"IRU","des_condic":"Aguardando analise","municipio":"Porciuncula","dat_criaca":"04/05/2015"},"geometry":{"type":"Polygon","coordinates":[[[-42.0703,-20.9485],[-42.0684,-20.95],[-42.0705,-20.9539],[-42.0703,-20.9485]]]}},{"type":"Feature","properties":{"cod_imovel":"RJ-3304102-021F280B7436447E8A6543B5DE0495B0","mod_fiscal":"0.2334000000000000000000000000000","num_area":"7.0029000000000000000000000000000","ind_status":"AT","ind_tipo":"IRU","des_condic":"Aguardando analise","municipio":"Porciuncula","dat_criaca":"02/05/2015"},"geometry":{"type":"Polygon","coordinates":[[[-41.9538,-20.9074],[-41.9487,-20.9091],[-41.9539,-20.9077],[-41.9538,-20.9074]]]}},{"type":"Feature","properties":{"cod_imovel":"RJ-3304102-0B8E7A131FB04932A3C52BF61D945220","mod_fiscal":"0.2039000000000000000000000000000","num_area":"6.1163000000000000000000000000000","ind_status":"AT","ind_tipo":"IRU","des_condic":"Aguardando analise","municipio":"Porciuncula","dat_criaca":"02/05/2015"},"geometry":{"type":"Polygon","coordinates":[[[-41.9579,-20.9101],[-41.965,-20.9089],[-41.9577,-20.9098],[-41.9579,-20.9101]]]}},{"type":"Feature","properties":{"cod_imovel":"RJ-3304102-AA496DEC8C9B4C1EA660B88FA45AA929","mod_fiscal":"0.2034000000000000000000000000000","num_area":"6.1026000000000000000000000000000","ind_status":"AT","ind_tipo":"IRU","des_condic":"Aguardando analise","municipio":"Porciuncula","dat_criaca":"02/05/2015"},"geometry":{"type":"Polygon","coordinates":[[[-41.9581,-20.9107],[-41.9647,-20.9102],[-41.9581,-20.9103],[-41.9581,-20.9107]]]}},{"type":"Feature","properties":{"cod_imovel":"RJ-3304102-78DB77025DCC4E94B6A571A2BAF1859B","mod_fiscal":"1.4441000000000000000000000000000","num_area":"43.322400000000000000000000000000","ind_status":"AT","ind_tipo":"IRU","des_condic":"Aguardando analise","municipio":"Porciuncula","dat_criaca":"02/05/2015"},"geometry":{"type":"Polygon","coordinates":[[[-41.9755,-20.9392],[-41.9759,-20.9424],[-41.9803,-20.9411],[-41.9789,-20.938],[-41.984,-20.9339],[-41.9755,-20.9376],[-41.9755,-20.9392]]]}},{"type":"Feature","properties":{"cod_imovel":"RJ-3304102-A1AFB498A1A345B2B8DE64D82B5A81E4","mod_fiscal":"0.6370000000000000000000000000000","num_area":"19.108700000000000000000000000000","ind_status":"AT","ind_tipo":"IRU","des_condic":"Aguardando analise","municipio":"Porciuncula","dat_criaca":"22/04/2016"},"geometry":{"type":"Polygon","coordinates":[[[-41.8808,-20.8343],[-41.8753,-20.8304],[-41.8782,-20.8354],[-41.8806,-20.8345],[-41.8808,-20.8343]]]}},{"type":"Feature","properties":{"cod_imovel":"RJ-3304102-41F3142EB38E4CA2933C6CA5191BEF23","mod_fiscal":"0.2524000000000000000000000000000","num_area":"7.5709000000000000000000000000000","ind_status":"AT","ind_tipo":"IRU","des_condic":"Aguardando analise","municipio":"Porciuncula","dat_criaca":"03/10/2021"},"geometry":{"type":"Polygon","coordinates":[[[-42.0201,-21.0065],[-42.0241,-21.0073],[-42.0203,-21.0063],[-42.0201,-21.0065]]]}},{"type":"Feature","properties":{"cod_imovel":"RJ-3304102-057746E282DB4030AF5EBDEBE6FEF558","mod_fiscal":"0.0894000000000000000000000000000","num_area":"2.6826000000000000000000000000000","ind_status":"AT","ind_tipo":"IRU","des_condic":"Aguardando analise","municipio":"Porciuncula","dat_criaca":"09/07/2021"},"geometry":{"type":"Polygon","coordinates":[[[-41.9375,-20.864],[-41.9376,-20.8678],[-41.9376,-20.8649],[-41.9375,-20.864]]]}},{"type":"Feature","properties":{"cod_imovel":"RJ-3304102-8B6E3983047B4EADB7192F412C753684","mod_fiscal":"0.1615000000000000000000000000000","num_area":"4.8463000000000000000000000000000","ind_status":"AT","ind_tipo":"IRU","des_condic":"Aguardando analise","municipio":"Porciuncula","dat_criaca":"28/09/2020"},"geometry":{"type":"Polygon","coordinates":[[[-41.9269,-20.8762],[-41.9242,-20.8777],[-41.9268,-20.8764],[-41.9269,-20.8762]]]}},{"type":"Feature","properties":{"cod_imovel":"RJ-3304102-F27786E35E5C4E78A2F3056708D1D501","mod_fiscal":"0.8992000000000000000000000000000","num_area":"26.976000000000000000000000000000","ind_status":"AT","ind_tipo":"IRU","des_condic":"Aguardando analise","municipio":"Porciuncula","dat_criaca":"20/06/2022"},"geometry":{"type":"Polygon","coordinates":[[[-41.9288,-20.8339],[-41.9235,-20.8361],[-41.9285,-20.8423],[-41.9286,-20.8349],[-41.9288,-20.8339]]]}},{"type":"Feature","properties":{"cod_imovel":"RJ-3304102-7D81CD7B46AB4F9E98F6806A3BCCABA7","mod_fiscal":"0.0428000000000000000000000000000","num_area":"1.2840000000000000000000000000000","ind_status":"AT","ind_tipo":"IRU","des_condic":"Aguardando analise","municipio":"Porciuncula","dat_criaca":"07/08/2024"},"geometry":{"type":"Polygon","coordinates":[[[-41.9352,-20.8667],[-41.9342,-20.8646],[-41.935,-20.8666],[-41.9352,-20.8667]]]}},{"type":"Feature","properties":{"cod_imovel":"RJ-3304102-70119421AF964CB3919C2BE0D1E9CF35","mod_fiscal":"0.1549000000000000000000000000000","num_area":"4.6468000000000000000000000000000","ind_status":"AT","ind_tipo":"IRU","des_condic":"Aguardando analise","municipio":"Porciuncula","dat_criaca":"28/04/2015"},"geometry":{"type":"Polygon","coordinates":[[[-41.8261,-20.8168],[-41.8258,-20.8215],[-41.8261,-20.8171],[-41.8261,-20.8168]]]}},{"type":"Feature","properties":{"cod_imovel":"RJ-3304102-075D48BE4105440EA81029812DC11930","mod_fiscal":"0.9544000000000000000000000000000","num_area":"28.633400000000000000000000000000","ind_status":"AT","ind_tipo":"IRU","des_condic":"Aguardando analise","municipio":"Porciuncula","dat_criaca":"09/04/2015"},"geometry":{"type":"Polygon","coordinates":[[[-41.8631,-20.7677],[-41.8599,-20.771],[-41.8646,-20.7753],[-41.8669,-20.7731],[-41.8632,-20.7682],[-41.8631,-20.7677]]]}},{"type":"Feature","properties":{"cod_imovel":"RJ-3304102-8EAA574A23474F7BB69CA068C7A0A0FA","mod_fiscal":"0.2227000000000000000000000000000","num_area":"6.6799000000000000000000000000000","ind_status":"AT","ind_tipo":"IRU","des_condic":"Aguardando analise","municipio":"Porciuncula","dat_criaca":"20/04/2016"},"geometry":{"type":"Polygon","coordinates":[[[-41.7943,-20.8069],[-41.7948,-20.8025],[-41.7939,-20.8069],[-41.7943,-20.8069]]]}},{"type":"Feature","properties":{"cod_imovel":"RJ-3304102-9E95FF1182CB44E7A39010B38F475587","mod_fiscal":"0.7991000000000000000000000000000","num_area":"23.972200000000000000000000000000","ind_status":"AT","ind_tipo":"IRU","des_condic":"Aguardando analise","municipio":"Porciuncula","dat_criaca":"20/04/2016"},"geometry":{"type":"Polygon","coordinates":[[[-41.8542,-20.8089],[-41.8497,-20.8157],[-41.8547,-20.8149],[-41.8542,-20.8092],[-41.8542,-20.8089]]]}},{"type":"Feature","properties":{"cod_imovel":"RJ-3304102-C27A94AC624B41ADBBEDE40CC53EA6FD","mod_fiscal":"0.3041000000000000000000000000000","num_area":"9.1231000000000000000000000000000","ind_status":"AT","ind_tipo":"IRU","des_condic":"Aguardando analise","municipio":"Porciuncula","dat_criaca":"20/04/2016"},"geometry":{"type":"Polygon","coordinates":[[[-41.8932,-20.8152],[-41.8947,-20.8167],[-41.895,-20.811],[-41.8934,-20.8148],[-41.8932,-20.8152]]]}},{"type":"Feature","properties":{"cod_imovel":"RJ-3304102-C9B80DD6730240F8A473A23D70B1155B","mod_fiscal":"0.1639000000000000000000000000000","num_area":"4.9181000000000000000000000000000","ind_status":"AT","ind_tipo":"IRU","des_condic":"Aguardando analise","municipio":"Porciuncula","dat_criaca":"20/04/2016"},"geometry":{"type":"Polygon","coordinates":[[[-41.822,-20.8294],[-41.819,-20.8278],[-41.8217,-20.8296],[-41.822,-20.8294]]]}},{"type":"Feature","properties":{"cod_imovel":"RJ-3304102-5D5F33E78139467FAB593BD490A65FBD","mod_fiscal":"0.2799000000000000000000000000000","num_area":"8.3974000000000000000000000000000","ind_status":"AT","ind_tipo":"IRU","des_condic":"Aguardando analise","municipio":"Porciuncula","dat_criaca":"20/04/2016"},"geometry":{"type":"Polygon","coordinates":[[[-41.9405,-20.9017],[-41.9379,-20.898],[-41.9376,-20.9025],[-41.9404,-20.902],[-41.9405,-20.9017]]]}},{"type":"Feature","properties":{"cod_imovel":"RJ-3304102-D0FE637F04994BF2BCF9B5033F2698C1","mod_fiscal":"4.3005000000000000000000000000000","num_area":"128.90810000000000000000000000000","ind_status":"AT","ind_tipo":"IRU","des_condic":"Aguardando analise","municipio":"Porciuncula","dat_criaca":"19/04/2016"},"geometry":{"type":"Polygon","coordinates":[[[-41.9158,-20.8019],[-41.9169,-20.804],[-41.9261,-20.8023],[-41.9293,-20.7945],[-41.9159,-20.7923],[-41.9157,-20.8017],[-41.9158,-20.8019]]]}},{"type":"Feature","properties":{"cod_imovel":"RJ-3304102-395994AF20E743658E5988FD4DBEDD7E","mod_fiscal":"0.1496000000000000000000000000000","num_area":"4.4883000000000000000000000000000","ind_status":"AT","ind_tipo":"IRU","des_condic":"Aguardando analise","municipio":"Porciuncula","dat_criaca":"19/04/2016"},"geometry":{"type":"Polygon","coordinates":[[[-41.8906,-20.8417],[-41.8938,-20.8411],[-41.8909,-20.8415],[-41.8906,-20.8417]]]}},{"type":"Feature","properties":{"cod_imovel":"RJ-3304102-9B01E0388E3C4740BC6A738C81BCFC6B","mod_fiscal":"0.1334000000000000000000000000000","num_area":"4.0015000000000000000000000000000","ind_status":"AT","ind_tipo":"IRU","des_condic":"Aguardando analise","municipio":"Porciuncula","dat_criaca":"19/04/2016"},"geometry":{"type":"Polygon","coordinates":[[[-41.8986,-20.805],[-41.8986,-20.8021],[-41.8984,-20.8048],[-41.8986,-20.805]]]}},{"type":"Feature","properties":{"cod_imovel":"RJ-3304102-6995CE58A0EC4D6CB05CF983AA7AC138","mod_fiscal":"0.0862000000000000000000000000000","num_area":"2.5853000000000000000000000000000","ind_status":"AT","ind_tipo":"IRU","des_condic":"Aguardando analise","municipio":"Porciuncula","dat_criaca":"19/04/2016"},"geometry":{"type":"Polygon","coordinates":[[[-41.9127,-20.9123],[-41.9109,-20.9147],[-41.9127,-20.9123],[-41.9127,-20.9123]]]}},{"type":"Feature","properties":{"cod_imovel":"RJ-3304102-3DA067EAFB874A5391794C54459CBA3C","mod_fiscal":"0.4840000000000000000000000000000","num_area":"14.520000000000000000000000000000","ind_status":"AT","ind_tipo":"IRU","des_condic":"Aguardando analise","municipio":"Porciuncula","dat_criaca":"15/12/2015"},"geometry":{"type":"Polygon","coordinates":[[[-41.8646,-20.8597],[-41.8667,-20.8623],[-41.8707,-20.8601],[-41.8685,-20.8597],[-41.8646,-20.8597]]]}},{"type":"Feature","properties":{"cod_imovel":"RJ-3304102-4F6471BB5E5447F28CEBA15E5EE3AB26","mod_fiscal":"0.4872000000000000000000000000000","num_area":"14.579300000000000000000000000000","ind_status":"AT","ind_tipo":"IRU","des_condic":"Aguardando analise","municipio":"Porciuncula","dat_criaca":"18/04/2016"},"geometry":{"type":"Polygon","coordinates":[[[-41.8966,-20.7944],[-41.8992,-20.7915],[-41.8964,-20.7891],[-41.8961,-20.7945],[-41.8966,-20.7944]]]}},{"type":"Feature","properties":{"cod_imovel":"RJ-3304102-C924A89850104A9981C7E32851DBE004","mod_fiscal":"0.8294000000000000000000000000000","num_area":"24.882600000000000000000000000000","ind_status":"AT","ind_tipo":"IRU","des_condic":"Aguardando analise","municipio":"Porciuncula","dat_criaca":"18/04/2016"},"geometry":{"type":"Polygon","coordinates":[[[-41.9051,-20.8088],[-41.9081,-20.8095],[-41.9094,-20.8047],[-41.9044,-20.8059],[-41.9051,-20.8086],[-41.9051,-20.8088]]]}},{"type":"Feature","properties":{"cod_imovel":"RJ-3304102-AAAE55637FC14F72BF252F86B9E88733","mod_fiscal":"0.2812000000000000000000000000000","num_area":"8.4374000000000000000000000000000","ind_status":"AT","ind_tipo":"IRU","des_condic":"Aguardando analise","municipio":"Porciuncula","dat_criaca":"08/10/2014"},"geometry":{"type":"Polygon","coordinates":[[[-41.9244,-20.9168],[-41.9261,-20.9195],[-41.9284,-20.9181],[-41.925,-20.9165],[-41.9244,-20.9168]]]}},{"type":"Feature","properties":{"cod_imovel":"RJ-3304102-8F56967AA3514874BDEA7A4067020F05","mod_fiscal":"0.2812000000000000000000000000000","num_area":"8.4373000000000000000000000000000","ind_status":"AT","ind_tipo":"IRU","des_condic":"Aguardando analise","municipio":"Porciuncula","dat_criaca":"08/10/2014"},"geometry":{"type":"Polygon","coordinates":[[[-41.9227,-20.9185],[-41.9261,-20.9195],[-41.9224,-20.9179],[-41.9227,-20.9185]]]}},{"type":"Feature","properties":{"cod_imovel":"RJ-3304102-AAE2E4BBA5684BEBBDD15986ED8B7E07","mod_fiscal":"0.1818000000000000000000000000000","num_area":"5.4545000000000000000000000000000","ind_status":"AT","ind_tipo":"IRU","des_condic":"Aguardando analise","municipio":"Porciuncula","dat_criaca":"18/04/2016"},"geometry":{"type":"Polygon","coordinates":[[[-41.919,-20.8113],[-41.9169,-20.8095],[-41.9195,-20.8117],[-41.919,-20.8113]]]}},{"type":"Feature","properties":{"cod_imovel":"RJ-3304102-F5172B8F431F4DC9B64C09249A010935","mod_fiscal":"1.0616000000000000000000000000000","num_area":"31.848200000000000000000000000000","ind_status":"AT","ind_tipo":"IRU","des_condic":"Aguardando analise","municipio":"Porciuncula","dat_criaca":"16/04/2016"},"geometry":{"type":"Polygon","coordinates":[[[-41.8641,-20.852],[-41.8643,-20.855],[-41.8736,-20.8517],[-41.8652,-20.8495],[-41.8643,-20.8517],[-41.8641,-20.852]]]}},{"type":"Feature","properties":{"cod_imovel":"RJ-3304102-BDF97BCC7A5147F1A6E818EC287A3486","mod_fiscal":"0.1009000000000000000000000000000","num_area":"3.0279000000000000000000000000000","ind_status":"AT","ind_tipo":"IRU","des_condic":"Aguardando analise","municipio":"Porciuncula","dat_criaca":"16/04/2016"},"geometry":{"type":"Polygon","coordinates":[[[-41.8909,-20.8588],[-41.8892,-20.8629],[-41.8911,-20.8598],[-41.8909,-20.8588]]]}},{"type":"Feature","properties":{"cod_imovel":"RJ-3304102-C3C4202F215A48DEB00D4CBB9A7BBA1F","mod_fiscal":"0.3260000000000000000000000000000","num_area":"9.7790000000000000000000000000000","ind_status":"AT","ind_tipo":"IRU","des_condic":"Aguardando analise","municipio":"Porciuncula","dat_criaca":"16/04/2016"},"geometry":{"type":"Polygon","coordinates":[[[-41.9017,-20.8575],[-41.8989,-20.8618],[-41.9016,-20.8644],[-41.9015,-20.8584],[-41.9017,-20.8575]]]}},{"type":"Feature","properties":{"cod_imovel":"RJ-3304102-8177608158644B3F953B019AE439D977","mod_fiscal":"0.2607000000000000000000000000000","num_area":"7.8224000000000000000000000000000","ind_status":"AT","ind_tipo":"IRU","des_condic":"Aguardando analise","municipio":"Porciuncula","dat_criaca":"16/04/2016"},"geometry":{"type":"Polygon","coordinates":[[[-41.931,-20.9341],[-41.9312,-20.9368],[-41.9337,-20.9359],[-41.9312,-20.9339],[-41.931,-20.9341]]]}},{"type":"Feature","properties":{"cod_imovel":"RJ-3304102-E907DC4D15F049B7A91CC4FB7CE99925","mod_fiscal":"0.1008000000000000000000000000000","num_area":"3.0242000000000000000000000000000","ind_status":"AT","ind_tipo":"IRU","des_condic":"Aguardando analise","municipio":"Porciuncula","dat_criaca":"16/04/2016"},"geometry":{"type":"Polygon","coordinates":[[[-41.8887,-20.8598],[-41.8905,-20.8566],[-41.8886,-20.8577],[-41.8887,-20.8598]]]}},{"type":"Feature","properties":{"cod_imovel":"RJ-3304102-081E302BF0194B0FBE536213D552BC82","mod_fiscal":"0.3283000000000000000000000000000","num_area":"9.8479000000000000000000000000000","ind_status":"AT","ind_tipo":"IRU","des_condic":"Aguardando analise","municipio":"Porciuncula","dat_criaca":"16/04/2016"},"geometry":{"type":"Polygon","coordinates":[[[-41.9008,-20.8607],[-41.9058,-20.8604],[-41.9017,-20.8575],[-41.9008,-20.8607],[-41.9008,-20.8607]]]}},{"type":"Feature","properties":{"cod_imovel":"RJ-3304102-7CA69E3A88AC4DDAB70FFBDF95749D8F","mod_fiscal":"0.5715000000000000000000000000000","num_area":"17.146500000000000000000000000000","ind_status":"AT","ind_tipo":"IRU","des_condic":"Aguardando analise","municipio":"Porciuncula","dat_criaca":"16/04/2016"},"geometry":{"type":"Polygon","coordinates":[[[-41.8969,-20.8619],[-41.8993,-20.8559],[-41.8939,-20.8607],[-41.8966,-20.8618],[-41.8969,-20.8619]]]}},{"type":"Feature","properties":{"cod_imovel":"RJ-3304102-87EC571D74104BF7B88494761E9D02FE","mod_fiscal":"0.2424000000000000000000000000000","num_area":"7.2726000000000000000000000000000","ind_status":"AT","ind_tipo":"IRU","des_condic":"Aguardando analise","municipio":"Porciuncula","dat_criaca":"15/04/2016"},"geometry":{"type":"Polygon","coordinates":[[[-41.8584,-20.8066],[-41.8612,-20.8121],[-41.8587,-20.8065],[-41.8584,-20.8066]]]}},{"type":"Feature","properties":{"cod_imovel":"RJ-3304102-9B2FEA1C28B74F40BE9661EB8D6812F1","mod_fiscal":"0.4227000000000000000000000000000","num_area":"12.680000000000000000000000000000","ind_status":"AT","ind_tipo":"IRU","des_condic":"Aguardando analise","municipio":"Porciuncula","dat_criaca":"09/03/2017"},"geometry":{"type":"Polygon","coordinates":[[[-41.9062,-20.8959],[-41.9091,-20.8933],[-41.9032,-20.8931],[-41.906,-20.8959],[-41.9062,-20.8959]]]}},{"type":"Feature","properties":{"cod_imovel":"RJ-3304102-FEDAC8A75023430BB792D0D290D1321A","mod_fiscal":"0.4907000000000000000000000000000","num_area":"14.722300000000000000000000000000","ind_status":"AT","ind_tipo":"IRU","des_condic":"Aguardando analise","municipio":"Porciuncula","dat_criaca":"16/03/2016"},"geometry":{"type":"Polygon","coordinates":[[[-41.9031,-20.8074],[-41.9027,-20.8035],[-41.9,-20.8034],[-41.8986,-20.8052],[-41.9029,-20.8072],[-41.9031,-20.8074]]]}},{"type":"Feature","properties":{"cod_imovel":"RJ-3304102-3E486671BF6742428C5665D15CEFD9CF","mod_fiscal":"0.8930000000000000000000000000000","num_area":"26.790000000000000000000000000000","ind_status":"AT","ind_tipo":"IRU","des_condic":"Aguardando analise","municipio":"Porciuncula","dat_criaca":"11/04/2016"},"geometry":{"type":"Polygon","coordinates":[[[-41.8321,-20.8332],[-41.8365,-20.8304],[-41.8358,-20.8261],[-41.8313,-20.8283],[-41.8318,-20.8321],[-41.8321,-20.8332]]]}},{"type":"Feature","properties":{"cod_imovel":"RJ-3304102-903FEE84F206471AA52A81F2F220D05F","mod_fiscal":"0.5197000000000000000000000000000","num_area":"15.591700000000000000000000000000","ind_status":"AT","ind_tipo":"IRU","des_condic":"Aguardando analise","municipio":"Porciuncula","dat_criaca":"04/04/2017"},"geometry":{"type":"Polygon","coordinates":[[[-41.9125,-20.8168],[-41.9145,-20.8192],[-41.9174,-20.8152],[-41.9127,-20.8165],[-41.9125,-20.8168]]]}},{"type":"Feature","properties":{"cod_imovel":"RJ-3304102-8AFE6265FBB0439B8730CE1398672E2D","mod_fiscal":"0.5490000000000000000000000000000","num_area":"16.330000000000000000000000000000","ind_status":"AT","ind_tipo":"IRU","des_condic":"Aguardando analise","municipio":"Porciuncula","dat_criaca":"18/04/2016"},"geometry":{"type":"Polygon","coordinates":[[[-41.9353,-20.8271],[-41.932,-20.8248],[-41.9313,-20.8295],[-41.9353,-20.8272],[-41.9353,-20.8271]]]}},{"type":"Feature","properties":{"cod_imovel":"RJ-3304102-966308B6132642BDAE6A32D848EF13B4","mod_fiscal":"1.4846000000000000000000000000000","num_area":"44.538100000000000000000000000000","ind_status":"AT","ind_tipo":"IRU","des_condic":"Aguardando analise","municipio":"Porciuncula","dat_criaca":"04/11/2022"},"geometry":{"type":"Polygon","coordinates":[[[-42.0591,-21.0078],[-42.0598,-21.0121],[-42.0669,-21.0132],[-42.0655,-21.0074],[-42.0601,-21.0077],[-42.0591,-21.0078]]]}},{"type":"Feature","properties":{"cod_imovel":"RJ-3304102-FD6402E7DE4F4B2FB27659A8DDCD71CC","mod_fiscal":"4.9400000000000000000000000000000","num_area":"148.20150000000000000000000000000","ind_status":"AT","ind_tipo":"IRU","des_condic":"Aguardando analise","municipio":"Porciuncula","dat_criaca":"18/09/2022"},"geometry":{"type":"Polygon","coordinates":[[[-41.8519,-20.7918],[-41.8452,-20.795],[-41.8443,-20.8022],[-41.8548,-20.8071],[-41.8608,-20.8052],[-41.8518,-20.7921],[-41.8519,-20.7918]]]}},{"type":"Feature","properties":{"cod_imovel":"RJ-3304102-187AE1F3E0124B29A3A96B4A708C0075","mod_fiscal":"0.5835000000000000000000000000000","num_area":"17.505800000000000000000000000000","ind_status":"AT","ind_tipo":"IRU","des_condic":"Aguardando analise","municipio":"Porciuncula","dat_criaca":"09/09/2022"},"geometry":{"type":"Polygon","coordinates":[[[-42.0037,-20.9387],[-42.0002,-20.9408],[-42.0014,-20.9449],[-42.0039,-20.939],[-42.0037,-20.9387]]]}},{"type":"Feature","properties":{"cod_imovel":"RJ-3304102-7B9FB8750584437BBA9C83B30020EB07","mod_fiscal":"0.2068000000000000000000000000000","num_area":"6.2052000000000000000000000000000","ind_status":"AT","ind_tipo":"IRU","des_condic":"Aguardando analise","municipio":"Porciuncula","dat_criaca":"23/08/2022"},"geometry":{"type":"Polygon","coordinates":[[[-41.994,-20.9467],[-41.9907,-20.9461],[-41.9937,-20.9469],[-41.994,-20.9467]]]}},{"type":"Feature","properties":{"cod_imovel":"RJ-3304102-5DC96A9ECE9447E4A73D9785A46B5A80","mod_fiscal":"0.8299000000000000000000000000000","num_area":"24.896800000000000000000000000000","ind_status":"AT","ind_tipo":"IRU","des_condic":"Aguardando analise","municipio":"Porciuncula","dat_criaca":"16/08/2022"},"geometry":{"type":"Polygon","coordinates":[[[-41.9224,-20.8819],[-41.9304,-20.8809],[-41.9269,-20.879],[-41.922,-20.8816],[-41.9224,-20.8819]]]}},{"type":"Feature","properties":{"cod_imovel":"RJ-3304102-B72DC48C7E40452CAB120315F884AC06","mod_fiscal":"1.1283000000000000000000000000000","num_area":"33.848000000000000000000000000000","ind_status":"AT","ind_tipo":"IRU","des_condic":"Aguardando analise","municipio":"Porciuncula","dat_criaca":"23/03/2016"},"geometry":{"type":"Polygon","coordinates":[[[-41.9141,-20.8981],[-41.9217,-20.8992],[-41.9233,-20.8952],[-41.9182,-20.8926],[-41.9162,-20.8937],[-41.9197,-20.8976],[-41.9165,-20.8981],[-41.9172,-20.8952],[-41.9135,-20.8955],[-41.9141,-20.8979],[-41.9141,-20.8981]]]}},{"type":"Feature","properties":{"cod_imovel":"RJ-3304102-1B22173BB0DE4028AA6E26B223D7A2EB","mod_fiscal":"0.8424000000000000000000000000000","num_area":"25.270900000000000000000000000000","ind_status":"AT","ind_tipo":"IRU","des_condic":"Aguardando analise","municipio":"Porciuncula","dat_criaca":"14/07/2022"},"geometry":{"type":"Polygon","coordinates":[[[-42.1024,-20.9908],[-42.1009,-20.9878],[-42.0988,-20.9963],[-42.1031,-20.9943],[-42.1024,-20.9913],[-42.1024,-20.9908]]]}},{"type":"Feature","properties":{"cod_imovel":"RJ-3304102-4FB10477EA974EB8AD220961A62552B8","mod_fiscal":"5.4755000000000000000000000000000","num_area":"164.26410000000000000000000000000","ind_status":"AT","ind_tipo":"IRU","des_condic":"Aguardando analise","municipio":"Porciuncula","dat_criaca":"22/06/2022"},"geometry":{"type":"Polygon","coordinates":[[[-41.9129,-20.8814],[-41.9194,-20.8734],[-41.9245,-20.873],[-41.9262,-20.867],[-41.9236,-20.8632],[-41.9211,-20.862],[-41.9071,-20.8766],[-41.9123,-20.8815],[-41.9129,-20.8814]]]}},{"type":"Feature","properties":{"cod_imovel":"RJ-3304102-AAF75BEC8AFA4265A17BA94562CD882A","mod_fiscal":"0.3527000000000000000000000000000","num_area":"10.581400000000000000000000000000","ind_status":"AT","ind_tipo":"IRU","des_condic":"Aguardando analise","municipio":"Porciuncula","dat_criaca":"21/09/2021"},"geometry":{"type":"Polygon","coordinates":[[[-41.9101,-20.8966],[-41.9091,-20.8934],[-41.9068,-20.8962],[-41.9102,-20.8972],[-41.9101,-20.8966]]]}},{"type":"Feature","properties":{"cod_imovel":"RJ-3304102-5931CD6F88264581B164D6CAE94754C4","mod_fiscal":"0.3225000000000000000000000000000","num_area":"9.6757000000000000000000000000000","ind_status":"AT","ind_tipo":"IRU","des_condic":"Aguardando analise","municipio":"Porciuncula","dat_criaca":"15/09/2021"},"geometry":{"type":"Polygon","coordinates":[[[-41.8161,-20.8303],[-41.8111,-20.8277],[-41.8147,-20.8303],[-41.8161,-20.8303]]]}},{"type":"Feature","properties":{"cod_imovel":"RJ-3304102-6FB68E9929D74675B90D7CEE6F64DA51","mod_fiscal":"0.8859000000000000000000000000000","num_area":"26.577800000000000000000000000000","ind_status":"AT","ind_tipo":"IRU","des_condic":"Aguardando analise","municipio":"Porciuncula","dat_criaca":"23/07/2021"},"geometry":{"type":"Polygon","coordinates":[[[-41.856,-20.771],[-41.8507,-20.7691],[-41.8492,-20.7723],[-41.8541,-20.7758],[-41.8555,-20.7721],[-41.856,-20.771]]]}},{"type":"Feature","properties":{"cod_imovel":"RJ-3304102-BBA890DB279C4DC2863814F317F23810","mod_fiscal":"0.1603000000000000000000000000000","num_area":"4.8102000000000000000000000000000","ind_status":"AT","ind_tipo":"IRU","des_condic":"Aguardando analise","municipio":"Porciuncula","dat_criaca":"24/04/2016"},"geometry":{"type":"Polygon","coordinates":[[[-41.8706,-20.8171],[-41.8703,-20.8133],[-41.8696,-20.8172],[-41.8706,-20.8171]]]}},{"type":"Feature","properties":{"cod_imovel":"RJ-3304102-0B4EFA9E67DE452285E5CCB136EC0533","mod_fiscal":"3.0093000000000000000000000000000","num_area":"90.277800000000000000000000000000","ind_status":"AT","ind_tipo":"IRU","des_condic":"Aguardando analise","municipio":"Porciuncula","dat_criaca":"21/04/2022"},"geometry":{"type":"Polygon","coordinates":[[[-41.8186,-20.8053],[-41.8159,-20.8008],[-41.8057,-20.7976],[-41.8142,-20.8052],[-41.8062,-20.8046],[-41.8078,-20.8079],[-41.8178,-20.8095],[-41.8184,-20.8053],[-41.8186,-20.8053]]]}},{"type":"Feature","properties":{"cod_imovel":"RJ-3304102-88CDF51E89EF4B5384696AA2E8F22C75","mod_fiscal":"1.8247000000000000000000000000000","num_area":"54.741000000000000000000000000000","ind_status":"AT","ind_tipo":"IRU","des_condic":"Aguardando analise","municipio":"Porciuncula","dat_criaca":"21/04/2022"},"geometry":{"type":"Polygon","coordinates":[[[-41.8179,-20.8028],[-41.8186,-20.8053],[-41.8254,-20.8031],[-41.8254,-20.7967],[-41.8174,-20.8017],[-41.8179,-20.8028]]]}},{"type":"Feature","properties":{"cod_imovel":"RJ-3304102-BB455AF66BE949DC8FBF83C3CAFEBFBA","mod_fiscal":"1.0813000000000000000000000000000","num_area":"32.437800000000000000000000000000","ind_status":"AT","ind_tipo":"IRU","des_condic":"Aguardando analise","municipio":"Porciuncula","dat_criaca":"11/02/2016"},"geometry":{"type":"Polygon","coordinates":[[[-41.8781,-20.8529],[-41.8739,-20.8546],[-41.8805,-20.8605],[-41.879,-20.8557],[-41.8835,-20.856],[-41.8791,-20.8535],[-41.8781,-20.8529]]]}},{"type":"Feature","properties":{"cod_imovel":"RJ-3304102-3B51A03888784281972588A08C160815","mod_fiscal":"0.1397000000000000000000000000000","num_area":"4.1918000000000000000000000000000","ind_status":"AT","ind_tipo":"IRU","des_condic":"Aguardando analise","municipio":"Porciuncula","dat_criaca":"25/10/2024"},"geometry":{"type":"Polygon","coordinates":[[[-41.9496,-20.8714],[-41.9487,-20.8685],[-41.9493,-20.8714],[-41.9496,-20.8714]]]}},{"type":"Feature","properties":{"cod_imovel":"RJ-3304102-B5A1460FC9F44C49905907273772D527","mod_fiscal":"1.4517000000000000000000000000000","num_area":"43.551200000000000000000000000000","ind_status":"AT","ind_tipo":"IRU","des_condic":"Aguardando analise","municipio":"Porciuncula","dat_criaca":"17/03/2024"},"geometry":{"type":"Polygon","coordinates":[[[-41.9443,-20.9147],[-41.9501,-20.9066],[-41.9434,-20.9079],[-41.9443,-20.9147]]]}},{"type":"Feature","properties":{"cod_imovel":"RJ-3304102-2AF2E9B810F6421E82E75739716EFDD9","mod_fiscal":"1.2744000000000000000000000000000","num_area":"38.233200000000000000000000000000","ind_status":"AT","ind_tipo":"IRU","des_condic":"Aguardando analise","municipio":"Porciuncula","dat_criaca":"28/04/2016"},"geometry":{"type":"Polygon","coordinates":[[[-41.8881,-20.8442],[-41.8855,-20.8425],[-41.8845,-20.8479],[-41.8801,-20.8465],[-41.8813,-20.8501],[-41.8881,-20.8509],[-41.8879,-20.8446],[-41.8881,-20.8442]]]}},{"type":"Feature","properties":{"cod_imovel":"RJ-3304102-3929880843DF400DA25A406D2C2B2745","mod_fiscal":"1.4665000000000000000000000000000","num_area":"43.994600000000000000000000000000","ind_status":"AT","ind_tipo":"IRU","des_condic":"Aguardando analise","municipio":"Porciuncula","dat_criaca":"23/10/2024"},"geometry":{"type":"Polygon","coordinates":[[[-41.9444,-20.9146],[-41.9425,-20.907],[-41.9412,-20.9103],[-41.9362,-20.911],[-41.9393,-20.9155],[-41.9442,-20.9152],[-41.9444,-20.9146]]]}},{"type":"Feature","properties":{"cod_imovel":"RJ-3304102-D2E7447440C54663ACE18F3E7251A542","mod_fiscal":"2.5211000000000000000000000000000","num_area":"75.632100000000000000000000000000","ind_status":"AT","ind_tipo":"IRU","des_condic":"Aguardando analise","municipio":"Porciuncula","dat_criaca":"23/10/2024"},"geometry":{"type":"Polygon","coordinates":[[[-41.9372,-20.9022],[-41.9398,-20.8926],[-41.9332,-20.8887],[-41.9316,-20.8967],[-41.9337,-20.9038],[-41.9361,-20.9025],[-41.9372,-20.9022]]]}},{"type":"Feature","properties":{"cod_imovel":"RJ-3304102-7B16168C6E8245AF9049CFC101C7C80F","mod_fiscal":"0.1118000000000000000000000000000","num_area":"3.3535000000000000000000000000000","ind_status":"AT","ind_tipo":"IRU","des_condic":"Aguardando analise","municipio":"Porciuncula","dat_criaca":"23/09/2020"},"geometry":{"type":"Polygon","coordinates":[[[-41.9152,-20.7994],[-41.9166,-20.7957],[-41.9153,-20.7972],[-41.9152,-20.7994]]]}},{"type":"Feature","properties":{"cod_imovel":"RJ-3304102-4961C708CBCE4B73B06127F7B283A10A","mod_fiscal":"0.2039000000000000000000000000000","num_area":"6.1161000000000000000000000000000","ind_status":"AT","ind_tipo":"IRU","des_condic":"Aguardando analise","municipio":"Porciuncula","dat_criaca":"02/05/2015"},"geometry":{"type":"Polygon","coordinates":[[[-41.9571,-20.908],[-41.9637,-20.9066],[-41.9611,-20.9059],[-41.9571,-20.908]]]}},{"type":"Feature","properties":{"cod_imovel":"RJ-3304102-5682A0E75DFD44ABA67D22E76C8EABCC","mod_fiscal":"0.5642000000000000000000000000000","num_area":"16.925800000000000000000000000000","ind_status":"AT","ind_tipo":"IRU","des_condic":"Aguardando analise","municipio":"Porciuncula","dat_criaca":"21/03/2016"},"geometry":{"type":"Polygon","coordinates":[[[-41.8339,-20.8009],[-41.8292,-20.7969],[-41.8293,-20.8013],[-41.8331,-20.8012],[-41.8339,-20.8009]]]}},{"type":"Feature","properties":{"cod_imovel":"RJ-3304102-A093AD4F70B345FFA07963D8FA11ADBC","mod_fiscal":"0.3357000000000000000000000000000","num_area":"10.070300000000000000000000000000","ind_status":"AT","ind_tipo":"IRU","des_condic":"Aguardando analise","municipio":"Porciuncula","dat_criaca":"24/06/2019"},"geometry":{"type":"Polygon","coordinates":[[[-41.8727,-20.8473],[-41.8699,-20.8476],[-41.8728,-20.8518],[-41.8727,-20.848],[-41.8727,-20.8473]]]}},{"type":"Feature","properties":{"cod_imovel":"RJ-3304102-B574DEA79D674B2CAC17B7AA5BF04D05","mod_fiscal":"0.6681000000000000000000000000000","num_area":"20.043500000000000000000000000000","ind_status":"AT","ind_tipo":"IRU","des_condic":"Aguardando analise","municipio":"Porciuncula","dat_criaca":"02/05/2019"},"geometry":{"type":"Polygon","coordinates":[[[-41.9037,-20.8207],[-41.904,-20.824],[-41.906,-20.8211],[-41.9006,-20.8183],[-41.9036,-20.8208],[-41.9037,-20.8207]]]}},{"type":"Feature","properties":{"cod_imovel":"RJ-3304102-427D13131F5F4343851A2395B8EB043C","mod_fiscal":"0.2426000000000000000000000000000","num_area":"7.2793000000000000000000000000000","ind_status":"AT","ind_tipo":"IRU","des_condic":"Aguardando analise","municipio":"Porciuncula","dat_criaca":"23/06/2015"},"geometry":{"type":"Polygon","coordinates":[[[-41.8306,-20.8291],[-41.8276,-20.8308],[-41.8318,-20.832],[-41.8307,-20.8291],[-41.8306,-20.8291]]]}},{"type":"Feature","properties":{"cod_imovel":"RJ-3304102-0D7FB00917F542DC990242CFFA17D01B","mod_fiscal":"0.4460000000000000000000000000000","num_area":"13.380100000000000000000000000000","ind_status":"AT","ind_tipo":"IRU","des_condic":"Aguardando analise","municipio":"Porciuncula","dat_criaca":"16/07/2018"},"geometry":{"type":"Polygon","coordinates":[[[-41.9052,-20.8198],[-41.9031,-20.8144],[-41.9016,-20.8179],[-41.905,-20.8198],[-41.9052,-20.8198]]]}},{"type":"Feature","properties":{"cod_imovel":"RJ-3304102-5601A084880E413998400E45EE815E4C","mod_fiscal":"0.1998000000000000000000000000000","num_area":"5.9935000000000000000000000000000","ind_status":"AT","ind_tipo":"IRU","des_condic":"Aguardando analise","municipio":"Porciuncula","dat_criaca":"31/05/2016"},"geometry":{"type":"Polygon","coordinates":[[[-41.8858,-20.8553],[-41.885,-20.858],[-41.8859,-20.8555],[-41.8858,-20.8553]]]}},{"type":"Feature","properties":{"cod_imovel":"RJ-3304102-C68F68D774834FFF88B8A961666C98B5","mod_fiscal":"0.2065000000000000000000000000000","num_area":"6.1943000000000000000000000000000","ind_status":"AT","ind_tipo":"IRU","des_condic":"Aguardando analise","municipio":"Porciuncula","dat_criaca":"01/06/2017"},"geometry":{"type":"Polygon","coordinates":[[[-41.8684,-20.7666],[-41.8634,-20.7651],[-41.8667,-20.7677],[-41.8684,-20.7666]]]}},{"type":"Feature","properties":{"cod_imovel":"RJ-3304102-0FF3ABFC878F4828B00F3694166324F2","mod_fiscal":"0.2343000000000000000000000000000","num_area":"7.0285000000000000000000000000000","ind_status":"AT","ind_tipo":"IRU","des_condic":"Aguardando analise","municipio":"Porciuncula","dat_criaca":"05/05/2016"},"geometry":{"type":"Polygon","coordinates":[[[-41.8758,-20.8128],[-41.8746,-20.8168],[-41.876,-20.8128],[-41.8758,-20.8128]]]}},{"type":"Feature","properties":{"cod_imovel":"RJ-3304102-4D77574E25C8490F9EE64D283F0C93A6","mod_fiscal":"0.1672000000000000000000000000000","num_area":"5.0161000000000000000000000000000","ind_status":"AT","ind_tipo":"IRU","des_condic":"Aguardando analise","municipio":"Porciuncula","dat_criaca":"31/10/2019"},"geometry":{"type":"Polygon","coordinates":[[[-41.9016,-20.914],[-41.9038,-20.9145],[-41.9018,-20.9117],[-41.9018,-20.914],[-41.9016,-20.914]]]}},{"type":"Feature","properties":{"cod_imovel":"RJ-3304102-EC0C6FBDFFDD4773B822F413793DBCB5","mod_fiscal":"0.0793000000000000000000000000000","num_area":"2.3783000000000000000000000000000","ind_status":"AT","ind_tipo":"IRU","des_condic":"Aguardando analise","municipio":"Porciuncula","dat_criaca":"07/08/2015"},"geometry":{"type":"Polygon","coordinates":[[[-41.8356,-20.8412],[-41.8327,-20.8455],[-41.8351,-20.842],[-41.8356,-20.8412]]]}},{"type":"Feature","properties":{"cod_imovel":"RJ-3304102-92DCBF0B0B6947C4918DD53ABE594C3A","mod_fiscal":"0.6279000000000000000000000000000","num_area":"18.835700000000000000000000000000","ind_status":"AT","ind_tipo":"IRU","des_condic":"Aguardando analise","municipio":"Porciuncula","dat_criaca":"17/12/2015"},"geometry":{"type":"Polygon","coordinates":[[[-41.8845,-20.8593],[-41.889,-20.863],[-41.8886,-20.8577],[-41.8857,-20.8597],[-41.8845,-20.8593]]]}},{"type":"Feature","properties":{"cod_imovel":"RJ-3304102-FAA10916B35F4B1BA1FA9495B0F649A7","mod_fiscal":"0.1951000000000000000000000000000","num_area":"5.8531000000000000000000000000000","ind_status":"AT","ind_tipo":"IRU","des_condic":"Aguardando analise","municipio":"Porciuncula","dat_criaca":"03/05/2015"},"geometry":{"type":"Polygon","coordinates":[[[-41.907,-20.9076],[-41.9076,-20.911],[-41.9092,-20.9072],[-41.9071,-20.9076],[-41.907,-20.9076]]]}},{"type":"Feature","properties":{"cod_imovel":"RJ-3304102-7663C19F05B24FE2ACA48AB0251A5BCB","mod_fiscal":"0.3221000000000000000000000000000","num_area":"9.6640000000000000000000000000000","ind_status":"AT","ind_tipo":"IRU","des_condic":"Aguardando analise","municipio":"Porciuncula","dat_criaca":"10/09/2019"},"geometry":{"type":"Polygon","coordinates":[[[-41.9127,-20.8988],[-41.9151,-20.8934],[-41.9119,-20.8936],[-41.9123,-20.8987],[-41.9127,-20.8988]]]}},{"type":"Feature","properties":{"cod_imovel":"RJ-3304102-62C9E2DB58D44B3B8709A8BDB1191ADE","mod_fiscal":"0.3771000000000000000000000000000","num_area":"11.312000000000000000000000000000","ind_status":"AT","ind_tipo":"IRU","des_condic":"Aguardando analise","municipio":"Porciuncula","dat_criaca":"29/08/2019"},"geometry":{"type":"Polygon","coordinates":[[[-41.9081,-20.893],[-41.9049,-20.8899],[-41.9022,-20.8934],[-41.9076,-20.8933],[-41.9081,-20.893]]]}},{"type":"Feature","properties":{"cod_imovel":"RJ-3304102-BDCE3F2FED4D430D9FD474F48A42CCC6","mod_fiscal":"0.3225000000000000000000000000000","num_area":"9.6747000000000000000000000000000","ind_status":"AT","ind_tipo":"IRU","des_condic":"Aguardando analise","municipio":"Porciuncula","dat_criaca":"27/08/2019"},"geometry":{"type":"Polygon","coordinates":[[[-41.8542,-20.813],[-41.8541,-20.8087],[-41.8495,-20.8127],[-41.8542,-20.813]]]}},{"type":"Feature","properties":{"cod_imovel":"RJ-3304102-DBAC857712354244899A26BC15DB2370","mod_fiscal":"0.6485000000000000000000000000000","num_area":"19.456000000000000000000000000000","ind_status":"AT","ind_tipo":"IRU","des_condic":"Aguardando analise","municipio":"Porciuncula","dat_criaca":"12/08/2019"},"geometry":{"type":"Polygon","coordinates":[[[-41.9034,-20.8242],[-41.9025,-20.8276],[-41.9074,-20.8292],[-41.9039,-20.8245],[-41.9034,-20.8242]]]}},{"type":"Feature","properties":{"cod_imovel":"RJ-3304102-21C6E812CFE04D7C840CF6FED98505A8","mod_fiscal":"0.0668000000000000000000000000000","num_area":"2.0047000000000000000000000000000","ind_status":"AT","ind_tipo":"IRU","des_condic":"Aguardando analise","municipio":"Porciuncula","dat_criaca":"18/07/2019"},"geometry":{"type":"Polygon","coordinates":[[[-42.0709,-20.956],[-42.0718,-20.954],[-42.0697,-20.9552],[-42.0709,-20.956]]]}},{"type":"Feature","properties":{"cod_imovel":"RJ-3304102-9282B613933E49A49BD296BDD63603A5","mod_fiscal":"2.5384000000000000000000000000000","num_area":"76.084400000000000000000000000000","ind_status":"AT","ind_tipo":"IRU","des_condic":"Aguardando analise","municipio":"Porciuncula","dat_criaca":"04/05/2016"},"geometry":{"type":"Polygon","coordinates":[[[-41.9683,-20.9287],[-41.9761,-20.934],[-41.9783,-20.9296],[-41.9695,-20.9237],[-41.9734,-20.9188],[-41.9676,-20.9214],[-41.9656,-20.9276],[-41.9683,-20.9287]]]}},{"type":"Feature","properties":{"cod_imovel":"RJ-3304102-24ED37DD06804046936D4B583FF57532","mod_fiscal":"2.5611000000000000000000000000000","num_area":"76.540000000000000000000000000000","ind_status":"AT","ind_tipo":"IRU","des_condic":"Aguardando analise","municipio":"Porciuncula","dat_criaca":"04/05/2016"},"geometry":{"type":"Polygon","coordinates":[[[-41.9692,-20.9235],[-41.9786,-20.9296],[-41.9803,-20.9236],[-41.9779,-20.9205],[-41.971,-20.9208],[-41.9704,-20.9234],[-41.9692,-20.9235]]]}},{"type":"Feature","properties":{"cod_imovel":"RJ-3304102-81F4E3D9F81548B99DBF5D7ED1D6F1D8","mod_fiscal":"0.1209000000000000000000000000000","num_area":"3.6264000000000000000000000000000","ind_status":"AT","ind_tipo":"IRU","des_condic":"Aguardando analise","municipio":"Porciuncula","dat_criaca":"08/04/2019"},"geometry":{"type":"Polygon","coordinates":[[[-41.8911,-20.8518],[-41.8913,-20.8477],[-41.891,-20.8517],[-41.8911,-20.8518]]]}},{"type":"Feature","properties":{"cod_imovel":"RJ-3304102-22804FC95876405DBE0289AF5E190DD8","mod_fiscal":"0.1616000000000000000000000000000","num_area":"4.8470000000000000000000000000000","ind_status":"AT","ind_tipo":"IRU","des_condic":"Aguardando analise","municipio":"Porciuncula","dat_criaca":"01/05/2016"},"geometry":{"type":"Polygon","coordinates":[[[-41.8731,-20.8165],[-41.8705,-20.8129],[-41.8721,-20.8168],[-41.8731,-20.8165]]]}},{"type":"Feature","properties":{"cod_imovel":"RJ-3304102-7E76CE062B414E5A9544D4CCEA28A7E4","mod_fiscal":"0.4116000000000000000000000000000","num_area":"12.346600000000000000000000000000","ind_status":"AT","ind_tipo":"IRU","des_condic":"Aguardando analise","municipio":"Porciuncula","dat_criaca":"09/09/2024"},"geometry":{"type":"Polygon","coordinates":[[[-41.9567,-20.9079],[-41.9558,-20.9015],[-41.9564,-20.9076],[-41.9567,-20.9079]]]}},{"type":"Feature","properties":{"cod_imovel":"RJ-3304102-D5053ED50B544F0DA2D2AEDB202FCEAC","mod_fiscal":"0.3481000000000000000000000000000","num_area":"10.442900000000000000000000000000","ind_status":"AT","ind_tipo":"IRU","des_condic":"Aguardando analise","municipio":"Porciuncula","dat_criaca":"04/07/2016"},"geometry":{"type":"Polygon","coordinates":[[[-41.877,-20.8439],[-41.8741,-20.8403],[-41.8728,-20.8422],[-41.8767,-20.844],[-41.877,-20.8439]]]}},{"type":"Feature","properties":{"cod_imovel":"RJ-3304102-C2DE3DF6CF514C918D61553CD26BF57C","mod_fiscal":"0.3628000000000000000000000000000","num_area":"10.883000000000000000000000000000","ind_status":"AT","ind_tipo":"IRU","des_condic":"Aguardando analise","municipio":"Porciuncula","dat_criaca":"06/11/2018"},"geometry":{"type":"Polygon","coordinates":[[[-41.8432,-20.8235],[-41.8402,-20.8259],[-41.8448,-20.8263],[-41.8438,-20.8232],[-41.8432,-20.8235]]]}},{"type":"Feature","properties":{"cod_imovel":"RJ-3304102-C7955A2C8E714DE89C94BFC9DDD527BC","mod_fiscal":"0.7321000000000000000000000000000","num_area":"21.962000000000000000000000000000","ind_status":"AT","ind_tipo":"IRU","des_condic":"Aguardando analise","municipio":"Porciuncula","dat_criaca":"01/11/2018"},"geometry":{"type":"Polygon","coordinates":[[[-41.9316,-20.8716],[-41.9269,-20.8765],[-41.9331,-20.8739],[-41.9333,-20.8698],[-41.932,-20.8714],[-41.9316,-20.8716]]]}},{"type":"Feature","properties":{"cod_imovel":"RJ-3304102-C3AAF8B58E6A4CDA9F733F34346C1038","mod_fiscal":"0.1968000000000000000000000000000","num_area":"5.9047000000000000000000000000000","ind_status":"AT","ind_tipo":"IRU","des_condic":"Aguardando analise","municipio":"Porciuncula","dat_criaca":"06/04/2016"},"geometry":{"type":"Polygon","coordinates":[[[-41.8959,-20.8533],[-41.8955,-20.8568],[-41.8969,-20.8537],[-41.8959,-20.8533]]]}},{"type":"Feature","properties":{"cod_imovel":"RJ-3304102-D1E14B37103441B9A164A2A4EB361752","mod_fiscal":"0.6160000000000000000000000000000","num_area":"18.056500000000000000000000000000","ind_status":"AT","ind_tipo":"IRU","des_condic":"Aguardando analise","municipio":"Porciuncula","dat_criaca":"11/04/2016"},"geometry":{"type":"Polygon","coordinates":[[[-41.8961,-20.7946],[-41.9015,-20.7969],[-41.899,-20.7929],[-41.8969,-20.7941],[-41.8961,-20.7946]]]}},{"type":"Feature","properties":{"cod_imovel":"RJ-3304102-6C87CA09C97344EA8CC30953C66CC5BE","mod_fiscal":"5.9656000000000000000000000000000","num_area":"178.96930000000000000000000000000","ind_status":"AT","ind_tipo":"IRU","des_condic":"Aguardando analise","municipio":"Porciuncula","dat_criaca":"11/07/2024"},"geometry":{"type":"Polygon","coordinates":[[[-42.0276,-20.9799],[-42.0239,-20.9643],[-42.0194,-20.9657],[-42.0196,-20.9798],[-42.0154,-20.9828],[-42.0122,-20.9783],[-42.0082,-20.9782],[-42.005,-20.9815],[-42.0073,-20.9862],[-42.0116,-20.9873],[-42.0218,-20.9793],[-42.0255,-20.9804],[-42.0276,-20.9799]]]}},{"type":"Feature","properties":{"cod_imovel":"RJ-3304102-417572FE57E54341875A5D40387B511F","mod_fiscal":"2.4457000000000000000000000000000","num_area":"73.370900000000000000000000000000","ind_status":"AT","ind_tipo":"IRU","des_condic":"Aguardando analise","municipio":"Porciuncula","dat_criaca":"13/04/2015"},"geometry":{"type":"Polygon","coordinates":[[[-42.072,-20.9636],[-42.0664,-20.9745],[-42.0701,-20.9741],[-42.0799,-20.961],[-42.078,-20.9592],[-42.0725,-20.9634],[-42.072,-20.9636]]]}},{"type":"Feature","properties":{"cod_imovel":"RJ-3304102-860ED5A99F0D49DD98CF9763FA70B5CD","mod_fiscal":"2.5195000000000000000000000000000","num_area":"75.586100000000000000000000000000","ind_status":"AT","ind_tipo":"IRU","des_condic":"Aguardando analise","municipio":"Porciuncula","dat_criaca":"05/05/2016"},"geometry":{"type":"Polygon","coordinates":[[[-41.8527,-20.8352],[-41.8521,-20.8317],[-41.8454,-20.8282],[-41.8423,-20.8385],[-41.8492,-20.8386],[-41.8525,-20.8352],[-41.8527,-20.8352]]]}},{"type":"Feature","properties":{"cod_imovel":"RJ-3304102-00E5546155AA43ED86B8255D938AAD9A","mod_fiscal":"0.7727000000000000000000000000000","num_area":"23.180800000000000000000000000000","ind_status":"AT","ind_tipo":"IRU","des_condic":"Aguardando analise","municipio":"Porciuncula","dat_criaca":"15/02/2017"},"geometry":{"type":"Polygon","coordinates":[[[-41.7952,-20.8133],[-41.799,-20.8153],[-41.8021,-20.8107],[-41.7965,-20.8101],[-41.7955,-20.813],[-41.7952,-20.8133]]]}},{"type":"Feature","properties":{"cod_imovel":"RJ-3304102-C407BA7D91644274976219EE5F87A633","mod_fiscal":"0.9417000000000000000000000000000","num_area":"28.251500000000000000000000000000","ind_status":"AT","ind_tipo":"IRU","des_condic":"Aguardando analise","municipio":"Porciuncula","dat_criaca":"20/08/2018"},"geometry":{"type":"Polygon","coordinates":[[[-41.8597,-20.7711],[-41.8581,-20.7795],[-41.8646,-20.7753],[-41.8597,-20.7711]]]}},{"type":"Feature","properties":{"cod_imovel":"RJ-3304102-0ECDA39E9DE54DADB9B56EF1F1668592","mod_fiscal":"0.2885000000000000000000000000000","num_area":"8.6548000000000000000000000000000","ind_status":"AT","ind_tipo":"IRU","des_condic":"Aguardando analise","municipio":"Porciuncula","dat_criaca":"17/07/2018"},"geometry":{"type":"Polygon","coordinates":[[[-41.9059,-20.8222],[-41.9049,-20.8247],[-41.9082,-20.8227],[-41.906,-20.822],[-41.9059,-20.8222]]]}},{"type":"Feature","properties":{"cod_imovel":"RJ-3304102-2D5A21B797D2454A9E3873B5319C8781","mod_fiscal":"0.3783000000000000000000000000000","num_area":"11.349000000000000000000000000000","ind_status":"AT","ind_tipo":"IRU","des_condic":"Aguardando analise","municipio":"Porciuncula","dat_criaca":"28/05/2018"},"geometry":{"type":"Polygon","coordinates":[[[-41.8151,-20.833],[-41.8214,-20.83],[-41.8152,-20.8329],[-41.8151,-20.833]]]}},{"type":"Feature","properties":{"cod_imovel":"RJ-3304102-4A1142DB3ED7440F9303CFF22CA88AAF","mod_fiscal":"0.6796000000000000000000000000000","num_area":"20.388000000000000000000000000000","ind_status":"AT","ind_tipo":"IRU","des_condic":"Aguardando analise","municipio":"Porciuncula","dat_criaca":"15/05/2018"},"geometry":{"type":"Polygon","coordinates":[[[-41.8447,-20.8228],[-41.8445,-20.8293],[-41.8494,-20.8272],[-41.8456,-20.8233],[-41.8447,-20.8228]]]}},{"type":"Feature","properties":{"cod_imovel":"RJ-3304102-386931BF628C4E6CBE3D32AE85624EFE","mod_fiscal":"0.9426000000000000000000000000000","num_area":"28.278600000000000000000000000000","ind_status":"AT","ind_tipo":"IRU","des_condic":"Aguardando analise","municipio":"Porciuncula","dat_criaca":"26/04/2018"},"geometry":{"type":"Polygon","coordinates":[[[-41.8586,-20.7733],[-41.858,-20.7795],[-41.8646,-20.7762],[-41.8596,-20.7711],[-41.8586,-20.7733]]]}},{"type":"Feature","properties":{"cod_imovel":"RJ-3304102-0E0B9F3B2AC14A669CF47CAF42F6238A","mod_fiscal":"0.1495000000000000000000000000000","num_area":"4.4854000000000000000000000000000","ind_status":"AT","ind_tipo":"IRU","des_condic":"Aguardando analise","municipio":"Porciuncula","dat_criaca":"19/04/2018"},"geometry":{"type":"Polygon","coordinates":[[[-41.896,-20.8118],[-41.893,-20.8092],[-41.8957,-20.8117],[-41.896,-20.8118]]]}},{"type":"Feature","properties":{"cod_imovel":"RJ-3304102-FE2F5FBAAE8548658D43261C640D6D27","mod_fiscal":"0.0806000000000000000000000000000","num_area":"2.4189000000000000000000000000000","ind_status":"AT","ind_tipo":"IRU","des_condic":"Aguardando analise","municipio":"Porciuncula","dat_criaca":"19/04/2018"},"geometry":{"type":"Polygon","coordinates":[[[-41.8949,-20.8168],[-41.896,-20.8137],[-41.8951,-20.8162],[-41.8949,-20.8168]]]}},{"type":"Feature","properties":{"cod_imovel":"RJ-3304102-A404217969724BAAADBF75D0732B4A42","mod_fiscal":"0.3546000000000000000000000000000","num_area":"10.637700000000000000000000000000","ind_status":"AT","ind_tipo":"IRU","des_condic":"Aguardando analise","municipio":"Porciuncula","dat_criaca":"18/04/2018"},"geometry":{"type":"Polygon","coordinates":[[[-41.8447,-20.8273],[-41.84,-20.8263],[-41.8447,-20.8282],[-41.8447,-20.8273]]]}},{"type":"Feature","properties":{"cod_imovel":"RJ-3304102-8FC6D83B51CC4833942A70C1C18FD3F6","mod_fiscal":"0.1623000000000000000000000000000","num_area":"4.8702000000000000000000000000000","ind_status":"AT","ind_tipo":"IRU","des_condic":"Aguardando analise","municipio":"Porciuncula","dat_criaca":"16/04/2018"},"geometry":{"type":"Polygon","coordinates":[[[-41.8824,-20.8424],[-41.8843,-20.8449],[-41.8825,-20.8425],[-41.8824,-20.8424]]]}},{"type":"Feature","properties":{"cod_imovel":"RJ-3304102-76BE0683B77640DA8B3EFAE3993902BC","mod_fiscal":"0.9888000000000000000000000000000","num_area":"29.663500000000000000000000000000","ind_status":"AT","ind_tipo":"IRU","des_condic":"Aguardando analise","municipio":"Porciuncula","dat_criaca":"26/03/2018"},"geometry":{"type":"Polygon","coordinates":[[[-42.0001,-20.9407],[-42.0049,-20.9347],[-42.0009,-20.9299],[-42.0002,-20.9401],[-42.0001,-20.9407]]]}},{"type":"Feature","properties":{"cod_imovel":"RJ-3304102-A2A4766691AC4B99A933B2A3D5B967F6","mod_fiscal":"0.1039000000000000000000000000000","num_area":"3.1180000000000000000000000000000","ind_status":"AT","ind_tipo":"IRU","des_condic":"Aguardando analise","municipio":"Porciuncula","dat_criaca":"03/12/2017"},"geometry":{"type":"Polygon","coordinates":[[[-42.0293,-21.0149],[-42.0264,-21.0145],[-42.0293,-21.0149],[-42.0293,-21.0149]]]}},{"type":"Feature","properties":{"cod_imovel":"RJ-3304102-C5C83599C4C74992977559AF5C33CBCE","mod_fiscal":"0.2195000000000000000000000000000","num_area":"6.5855000000000000000000000000000","ind_status":"AT","ind_tipo":"IRU","des_condic":"Aguardando analise","municipio":"Porciuncula","dat_criaca":"23/11/2017"},"geometry":{"type":"Polygon","coordinates":[[[-41.953,-20.8645],[-41.9492,-20.8669],[-41.953,-20.8645],[-41.953,-20.8645]]]}},{"type":"Feature","properties":{"cod_imovel":"RJ-3304102-6FACB658B01D4986875C23D8A82A5485","mod_fiscal":"0.1873000000000000000000000000000","num_area":"5.6193000000000000000000000000000","ind_status":"AT","ind_tipo":"IRU","des_condic":"Aguardando analise","municipio":"Porciuncula","dat_criaca":"22/11/2017"},"geometry":{"type":"Polygon","coordinates":[[[-41.7974,-20.8139],[-41.7991,-20.8101],[-41.7979,-20.8143],[-41.7974,-20.8139]]]}},{"type":"Feature","properties":{"cod_imovel":"RJ-3304102-6F1EB28423CF442CB875F234DC12B2A5","mod_fiscal":"1.1332000000000000000000000000000","num_area":"33.997400000000000000000000000000","ind_status":"AT","ind_tipo":"IRU","des_condic":"Aguardando analise","municipio":"Porciuncula","dat_criaca":"13/11/2017"},"geometry":{"type":"Polygon","coordinates":[[[-41.8704,-20.8293],[-41.8742,-20.8245],[-41.8727,-20.8208],[-41.867,-20.8244],[-41.8703,-20.8291],[-41.8704,-20.8293]]]}},{"type":"Feature","properties":{"cod_imovel":"RJ-3304102-F2C9F23F41CA4EE4881EDBC2784C21A5","mod_fiscal":"0.2417000000000000000000000000000","num_area":"7.2503000000000000000000000000000","ind_status":"AT","ind_tipo":"IRU","des_condic":"Aguardando analise","municipio":"Porciuncula","dat_criaca":"12/07/2017"},"geometry":{"type":"Polygon","coordinates":[[[-41.8721,-20.8184],[-41.8676,-20.8174],[-41.8705,-20.8186],[-41.8721,-20.8184]]]}},{"type":"Feature","properties":{"cod_imovel":"RJ-3304102-C6EBB78506694BFFA4F123F7D17440FB","mod_fiscal":"0.1861000000000000000000000000000","num_area":"5.5824000000000000000000000000000","ind_status":"AT","ind_tipo":"IRU","des_condic":"Aguardando analise","municipio":"Porciuncula","dat_criaca":"12/06/2017"},"geometry":{"type":"Polygon","coordinates":[[[-41.8479,-20.8245],[-41.8502,-20.8273],[-41.8484,-20.8251],[-41.8479,-20.8245]]]}},{"type":"Feature","properties":{"cod_imovel":"RJ-3304102-6A026159ADD5498185F8991FCCB5431D","mod_fiscal":"0.1673000000000000000000000000000","num_area":"5.0194000000000000000000000000000","ind_status":"AT","ind_tipo":"IRU","des_condic":"Aguardando analise","municipio":"Porciuncula","dat_criaca":"02/05/2017"},"geometry":{"type":"Polygon","coordinates":[[[-41.8702,-20.8117],[-41.8668,-20.814],[-41.8705,-20.8113],[-41.8702,-20.8117]]]}},{"type":"Feature","properties":{"cod_imovel":"RJ-3304102-98FD01E8050C439DADDBCF619E561059","mod_fiscal":"0.1122000000000000000000000000000","num_area":"3.3651000000000000000000000000000","ind_status":"AT","ind_tipo":"IRU","des_condic":"Aguardando analise","municipio":"Porciuncula","dat_criaca":"24/04/2017"},"geometry":{"type":"Polygon","coordinates":[[[-41.8087,-20.8134],[-41.8078,-20.8159],[-41.8087,-20.8137],[-41.8087,-20.8134]]]}},{"type":"Feature","properties":{"cod_imovel":"RJ-3304102-4D2BC729EEE747E98188B684666C38D4","mod_fiscal":"2.6518000000000000000000000000000","num_area":"79.553000000000000000000000000000","ind_status":"AT","ind_tipo":"IRU","des_condic":"Aguardando analise","municipio":"Porciuncula","dat_criaca":"21/04/2017"},"geometry":{"type":"Polygon","coordinates":[[[-42.0401,-20.9611],[-42.0501,-20.9618],[-42.0481,-20.9575],[-42.0507,-20.9521],[-42.0458,-20.9514],[-42.04,-20.9607],[-42.0401,-20.9611]]]}},{"type":"Feature","properties":{"cod_imovel":"RJ-3304102-C94B150E7C7248BAB64CCF870A216821","mod_fiscal":"0.3468000000000000000000000000000","num_area":"10.272700000000000000000000000000","ind_status":"AT","ind_tipo":"IRU","des_condic":"Aguardando analise","municipio":"Porciuncula","dat_criaca":"04/04/2017"},"geometry":{"type":"Polygon","coordinates":[[[-41.9327,-20.822],[-41.933,-20.8187],[-41.9299,-20.819],[-41.9329,-20.8222],[-41.9327,-20.822]]]}},{"type":"Feature","properties":{"cod_imovel":"RJ-3304102-B49BE9456B53449087E5EA8E12B22A39","mod_fiscal":"0.2862000000000000000000000000000","num_area":"8.5869000000000000000000000000000","ind_status":"AT","ind_tipo":"IRU","des_condic":"Aguardando analise","municipio":"Porciuncula","dat_criaca":"28/03/2017"},"geometry":{"type":"Polygon","coordinates":[[[-41.905,-20.8159],[-41.9053,-20.8194],[-41.9091,-20.8195],[-41.9053,-20.816],[-41.905,-20.8159]]]}},{"type":"Feature","properties":{"cod_imovel":"RJ-3304102-915E890373874547915A9EDD35B80B9A","mod_fiscal":"0.2375000000000000000000000000000","num_area":"7.1251000000000000000000000000000","ind_status":"AT","ind_tipo":"IRU","des_condic":"Aguardando analise","municipio":"Porciuncula","dat_criaca":"23/03/2016"},"geometry":{"type":"Polygon","coordinates":[[[-41.9111,-20.9095],[-41.9147,-20.908],[-41.9129,-20.9057],[-41.9112,-20.9094],[-41.9111,-20.9095]]]}},{"type":"Feature","properties":{"cod_imovel":"RJ-3304102-70576C0B37DD4B92A058D4347F570AC9","mod_fiscal":"0.1771000000000000000000000000000","num_area":"5.3130000000000000000000000000000","ind_status":"AT","ind_tipo":"IRU","des_condic":"Aguardando analise","municipio":"Porciuncula","dat_criaca":"15/02/2017"},"geometry":{"type":"Polygon","coordinates":[[[-41.7988,-20.8131],[-41.7993,-20.81],[-41.7973,-20.8152],[-41.7987,-20.8135],[-41.7988,-20.8131]]]}},{"type":"Feature","properties":{"cod_imovel":"RJ-3304102-2AEDF55A3AC74EDDAEB640D6F6ED130E","mod_fiscal":"0.7349000000000000000000000000000","num_area":"22.039500000000000000000000000000","ind_status":"AT","ind_tipo":"IRU","des_condic":"Aguardando analise","municipio":"Porciuncula","dat_criaca":"16/04/2016"},"geometry":{"type":"Polygon","coordinates":[[[-41.8174,-20.8312],[-41.8189,-20.8284],[-41.8153,-20.8275],[-41.8163,-20.8303],[-41.8131,-20.8306],[-41.8111,-20.8278],[-41.815,-20.8331],[-41.8174,-20.8312]]]}},{"type":"Feature","properties":{"cod_imovel":"RJ-3304102-043428813C29407DBF8F1CD3B072C3EA","mod_fiscal":"0.4626000000000000000000000000000","num_area":"13.879400000000000000000000000000","ind_status":"AT","ind_tipo":"IRU","des_condic":"Aguardando analise","municipio":"Porciuncula","dat_criaca":"24/11/2016"},"geometry":{"type":"Polygon","coordinates":[[[-41.9938,-20.945],[-41.9862,-20.9445],[-41.9927,-20.9454],[-41.9938,-20.945]]]}},{"type":"Feature","properties":{"cod_imovel":"RJ-3304102-5D0E0E5218D84979BBDAE79CB26BDA36","mod_fiscal":"0.0819000000000000000000000000000","num_area":"2.4556000000000000000000000000000","ind_status":"AT","ind_tipo":"IRU","des_condic":"Aguardando analise","municipio":"Porciuncula","dat_criaca":"17/10/2016"},"geometry":{"type":"Polygon","coordinates":[[[-41.8093,-20.8131],[-41.8089,-20.8158],[-41.8093,-20.8134],[-41.8093,-20.8131]]]}},{"type":"Feature","properties":{"cod_imovel":"RJ-3304102-BDD4B16EF52645FD8184DA99E9FFBCAD","mod_fiscal":"0.7635000000000000000000000000000","num_area":"22.906200000000000000000000000000","ind_status":"AT","ind_tipo":"IRU","des_condic":"Aguardando analise","municipio":"Porciuncula","dat_criaca":"20/07/2023"},"geometry":{"type":"Polygon","coordinates":[[[-41.8649,-20.8497],[-41.8632,-20.8471],[-41.86,-20.8515],[-41.8565,-20.849],[-41.8623,-20.8539],[-41.8646,-20.8501],[-41.8649,-20.8497]]]}},{"type":"Feature","properties":{"cod_imovel":"RJ-3304102-93FC641B85F14FCA9B6D882B41F41E6E","mod_fiscal":"0.5103000000000000000000000000000","num_area":"15.307800000000000000000000000000","ind_status":"AT","ind_tipo":"IRU","des_condic":"Aguardando analise","municipio":"Porciuncula","dat_criaca":"30/04/2016"},"geometry":{"type":"Polygon","coordinates":[[[-41.9595,-20.92],[-41.9574,-20.9173],[-41.9548,-20.9202],[-41.959,-20.9207],[-41.9595,-20.92]]]}},{"type":"Feature","properties":{"cod_imovel":"RJ-3304102-46215F7FF20B4B33AA569439102B2580","mod_fiscal":"9.5406000000000000000000000000000","num_area":"286.21710000000000000000000000000","ind_status":"AT","ind_tipo":"IRU","des_condic":"Aguardando analise","municipio":"Porciuncula","dat_criaca":"15/09/2016"},"geometry":{"type":"Polygon","coordinates":[[[-41.8759,-20.8103],[-41.8887,-20.8158],[-41.8907,-20.8053],[-41.8818,-20.7968],[-41.8791,-20.801],[-41.8711,-20.7987],[-41.8722,-20.8038],[-41.8684,-20.8077],[-41.8757,-20.8102],[-41.8759,-20.8103]]]}},{"type":"Feature","properties":{"cod_imovel":"RJ-3304102-C5A6CAD05FB640C396673B0469FA4296","mod_fiscal":"9.5406000000000000000000000000000","num_area":"286.21710000000000000000000000000","ind_status":"AT","ind_tipo":"IRU","des_condic":"Aguardando analise","municipio":"Porciuncula","dat_criaca":"03/03/2015"},"geometry":{"type":"Polygon","coordinates":[[[-41.889,-20.8161],[-41.8771,-20.8121],[-41.8717,-20.8173],[-41.8727,-20.8208],[-41.8765,-20.8212],[-41.8756,-20.8261],[-41.8798,-20.8336],[-41.8851,-20.8219],[-41.8927,-20.8257],[-41.9004,-20.8222],[-41.8901,-20.8171],[-41.889,-20.8161]]]}},{"type":"Feature","properties":{"cod_imovel":"RJ-3304102-91665E7C02B34BF3A6494BF90255E2E6","mod_fiscal":"0.7210000000000000000000000000000","num_area":"21.631300000000000000000000000000","ind_status":"AT","ind_tipo":"IRU","des_condic":"Aguardando analise","municipio":"Porciuncula","dat_criaca":"02/08/2016"},"geometry":{"type":"Polygon","coordinates":[[[-41.9322,-20.9196],[-41.9359,-20.9231],[-41.9369,-20.9184],[-41.932,-20.9169],[-41.9322,-20.9193],[-41.9322,-20.9196]]]}},{"type":"Feature","properties":{"cod_imovel":"RJ-3304102-9D94A8E631244C3D92CDC8457F8D4C8F","mod_fiscal":"0.4981000000000000000000000000000","num_area":"14.943300000000000000000000000000","ind_status":"AT","ind_tipo":"IRU","des_condic":"Aguardando analise","municipio":"Porciuncula","dat_criaca":"20/06/2016"},"geometry":{"type":"Polygon","coordinates":[[[-41.8642,-20.7863],[-41.8583,-20.7863],[-41.8633,-20.7899],[-41.8641,-20.7864],[-41.8642,-20.7863]]]}},{"type":"Feature","properties":{"cod_imovel":"RJ-3304102-2494E783F6ED438499112A986393ADDA","mod_fiscal":"0.6628000000000000000000000000000","num_area":"19.882600000000000000000000000000","ind_status":"AT","ind_tipo":"IRU","des_condic":"Aguardando analise","municipio":"Porciuncula","dat_criaca":"30/04/2016"},"geometry":{"type":"Polygon","coordinates":[[[-41.9611,-20.9171],[-41.9656,-20.9183],[-41.9665,-20.9143],[-41.9614,-20.9169],[-41.9611,-20.9171]]]}},{"type":"Feature","properties":{"cod_imovel":"RJ-3304102-73CC0004323843B2A1A03F2D67E66311","mod_fiscal":"1.4731000000000000000000000000000","num_area":"44.192200000000000000000000000000","ind_status":"AT","ind_tipo":"IRU","des_condic":"Aguardando analise","municipio":"Porciuncula","dat_criaca":"05/07/2016"},"geometry":{"type":"Polygon","coordinates":[[[-41.9083,-20.9178],[-41.9123,-20.9268],[-41.9145,-20.9156],[-41.9087,-20.9188],[-41.9083,-20.9178]]]}},{"type":"Feature","properties":{"cod_imovel":"RJ-3304102-A7D36CF08ADC4628BBD0ED4AAD413104","mod_fiscal":"0.2726000000000000000000000000000","num_area":"8.1767000000000000000000000000000","ind_status":"AT","ind_tipo":"IRU","des_condic":"Aguardando analise","municipio":"Porciuncula","dat_criaca":"04/07/2016"},"geometry":{"type":"Polygon","coordinates":[[[-41.8853,-20.8434],[-41.8794,-20.8414],[-41.8853,-20.8435],[-41.8853,-20.8434]]]}},{"type":"Feature","properties":{"cod_imovel":"RJ-3304102-D545C5E0C7424E2CB354C54B3020C172","mod_fiscal":"0.1401000000000000000000000000000","num_area":"4.2024000000000000000000000000000","ind_status":"AT","ind_tipo":"IRU","des_condic":"Aguardando analise","municipio":"Porciuncula","dat_criaca":"08/06/2016"},"geometry":{"type":"Polygon","coordinates":[[[-41.8954,-20.8599],[-41.8973,-20.8565],[-41.8943,-20.8595],[-41.8954,-20.8599]]]}},{"type":"Feature","properties":{"cod_imovel":"RJ-3304102-B6BEE621224243F980FF9D6C17062993","mod_fiscal":"0.5637000000000000000000000000000","num_area":"16.911100000000000000000000000000","ind_status":"AT","ind_tipo":"IRU","des_condic":"Aguardando analise","municipio":"Porciuncula","dat_criaca":"06/06/2016"},"geometry":{"type":"Polygon","coordinates":[[[-41.7895,-20.8096],[-41.7962,-20.807],[-41.7894,-20.8067],[-41.7894,-20.8095],[-41.7895,-20.8096]]]}},{"type":"Feature","properties":{"cod_imovel":"RJ-3304102-97DB72BBB491441596879DCFC7F4A932","mod_fiscal":"0.3822000000000000000000000000000","num_area":"10.941800000000000000000000000000","ind_status":"AT","ind_tipo":"IRU","des_condic":"Aguardando analise","municipio":"Porciuncula","dat_criaca":"06/06/2016"},"geometry":{"type":"Polygon","coordinates":[[[-41.7996,-20.8053],[-41.7957,-20.8017],[-41.7995,-20.8057],[-41.7996,-20.8053]]]}},{"type":"Feature","properties":{"cod_imovel":"RJ-3304102-904806FA174840259A9CB372E5EA9395","mod_fiscal":"0.3053000000000000000000000000000","num_area":"9.1589000000000000000000000000000","ind_status":"AT","ind_tipo":"IRU","des_condic":"Aguardando analise","municipio":"Porciuncula","dat_criaca":"20/05/2016"},"geometry":{"type":"Polygon","coordinates":[[[-41.9969,-20.9428],[-41.9945,-20.9386],[-41.9967,-20.9429],[-41.9969,-20.9428]]]}},{"type":"Feature","properties":{"cod_imovel":"RJ-3304102-92C72AAD38D64E3EBEAABAEF88086369","mod_fiscal":"1.0575000000000000000000000000000","num_area":"31.724100000000000000000000000000","ind_status":"AT","ind_tipo":"IRU","des_condic":"Aguardando analise","municipio":"Porciuncula","dat_criaca":"20/05/2016"},"geometry":{"type":"Polygon","coordinates":[[[-41.8791,-20.8572],[-41.8786,-20.8639],[-41.8821,-20.865],[-41.885,-20.86],[-41.8794,-20.8571],[-41.8791,-20.8572]]]}},{"type":"Feature","properties":{"cod_imovel":"RJ-3304102-0B0A98141D434D73AEC23A412D3E6369","mod_fiscal":"0.3196000000000000000000000000000","num_area":"9.5882000000000000000000000000000","ind_status":"AT","ind_tipo":"IRU","des_condic":"Aguardando analise","municipio":"Porciuncula","dat_criaca":"20/05/2016"},"geometry":{"type":"Polygon","coordinates":[[[-41.9164,-20.8114],[-41.918,-20.815],[-41.9198,-20.8133],[-41.9168,-20.8117],[-41.9164,-20.8114]]]}},{"type":"Feature","properties":{"cod_imovel":"RJ-3304102-E5E30B7FE7F04D29BDC5A951E3B5DC98","mod_fiscal":"0.5253000000000000000000000000000","num_area":"15.759900000000000000000000000000","ind_status":"AT","ind_tipo":"IRU","des_condic":"Aguardando analise","municipio":"Porciuncula","dat_criaca":"20/05/2016"},"geometry":{"type":"Polygon","coordinates":[[[-41.9208,-20.8096],[-41.9246,-20.8113],[-41.9264,-20.8087],[-41.9225,-20.8066],[-41.9211,-20.8092],[-41.9208,-20.8096]]]}},{"type":"Feature","properties":{"cod_imovel":"RJ-3304102-7920B506F361467287E2EDC5F76C4370","mod_fiscal":"0.1705000000000000000000000000000","num_area":"5.1162000000000000000000000000000","ind_status":"AT","ind_tipo":"IRU","des_condic":"Aguardando analise","municipio":"Porciuncula","dat_criaca":"19/05/2016"},"geometry":{"type":"Polygon","coordinates":[[[-41.9954,-20.9457],[-41.9947,-20.9426],[-41.995,-20.946],[-41.9954,-20.9457]]]}},{"type":"Feature","properties":{"cod_imovel":"RJ-3304102-DB3F680358154053A5EE8B8135FE585F","mod_fiscal":"0.2853000000000000000000000000000","num_area":"8.5589000000000000000000000000000","ind_status":"AT","ind_tipo":"IRU","des_condic":"Aguardando analise","municipio":"Porciuncula","dat_criaca":"19/05/2016"},"geometry":{"type":"Polygon","coordinates":[[[-41.9939,-20.9408],[-41.9914,-20.9411],[-41.9933,-20.9437],[-41.9942,-20.9416],[-41.9939,-20.9408]]]}},{"type":"Feature","properties":{"cod_imovel":"RJ-3304102-F3DE44DE8EC64A8EB821B34077C1A202","mod_fiscal":"0.3114000000000000000000000000000","num_area":"9.3420000000000000000000000000000","ind_status":"AT","ind_tipo":"IRU","des_condic":"Aguardando analise","municipio":"Porciuncula","dat_criaca":"19/05/2016"},"geometry":{"type":"Polygon","coordinates":[[[-41.9951,-20.9297],[-41.9962,-20.9359],[-41.9954,-20.9303],[-41.9951,-20.9297]]]}},{"type":"Feature","properties":{"cod_imovel":"RJ-3304102-5BC7D45FAE8F43CB8FD085F724359C8A","mod_fiscal":"0.0481000000000000000000000000000","num_area":"1.4437000000000000000000000000000","ind_status":"AT","ind_tipo":"IRU","des_condic":"Aguardando analise","municipio":"Porciuncula","dat_criaca":"18/05/2016"},"geometry":{"type":"Polygon","coordinates":[[[-41.9153,-20.9099],[-41.9146,-20.9075],[-41.9152,-20.9097],[-41.9153,-20.9099]]]}},{"type":"Feature","properties":{"cod_imovel":"RJ-3304102-9C5614F76AF24C83B932A39C0DB04F50","mod_fiscal":"0.2480000000000000000000000000000","num_area":"7.4405000000000000000000000000000","ind_status":"AT","ind_tipo":"IRU","des_condic":"Aguardando analise","municipio":"Porciuncula","dat_criaca":"04/05/2016"},"geometry":{"type":"Polygon","coordinates":[[[-41.8838,-20.8513],[-41.8844,-20.8561],[-41.8841,-20.8513],[-41.8838,-20.8513]]]}},{"type":"Feature","properties":{"cod_imovel":"RJ-3304102-646B32A6089844A7BA2576E304DEA742","mod_fiscal":"0.1229000000000000000000000000000","num_area":"3.6870000000000000000000000000000","ind_status":"AT","ind_tipo":"IRU","des_condic":"Aguardando analise","municipio":"Porciuncula","dat_criaca":"04/05/2016"},"geometry":{"type":"Polygon","coordinates":[[[-41.9515,-20.9293],[-41.9494,-20.9301],[-41.9513,-20.9294],[-41.9515,-20.9293]]]}},{"type":"Feature","properties":{"cod_imovel":"RJ-3304102-E9BF9CB654954A1F9FEAE7D3AA322AA0","mod_fiscal":"0.1614000000000000000000000000000","num_area":"4.8409000000000000000000000000000","ind_status":"AT","ind_tipo":"IRU","des_condic":"Aguardando analise","municipio":"Porciuncula","dat_criaca":"04/05/2016"},"geometry":{"type":"Polygon","coordinates":[[[-41.8705,-20.8132],[-41.8711,-20.8176],[-41.871,-20.8135],[-41.8705,-20.8132]]]}},{"type":"Feature","properties":{"cod_imovel":"RJ-3304102-912FB74C76CF4127BAC2B1B60DB76D8D","mod_fiscal":"1.4466000000000000000000000000000","num_area":"43.397800000000000000000000000000","ind_status":"AT","ind_tipo":"IRU","des_condic":"Aguardando analise","municipio":"Porciuncula","dat_criaca":"04/05/2016"},"geometry":{"type":"Polygon","coordinates":[[[-41.9338,-20.9103],[-41.9352,-20.9145],[-41.9313,-20.9157],[-41.9368,-20.9184],[-41.9391,-20.9141],[-41.9341,-20.9103],[-41.9338,-20.9103]]]}},{"type":"Feature","properties":{"cod_imovel":"RJ-3304102-8D768B5312664B59AC52E93DC2792655","mod_fiscal":"0.1582000000000000000000000000000","num_area":"4.7455000000000000000000000000000","ind_status":"AT","ind_tipo":"IRU","des_condic":"Aguardando analise","municipio":"Porciuncula","dat_criaca":"29/04/2016"},"geometry":{"type":"Polygon","coordinates":[[[-41.8544,-20.8167],[-41.8522,-20.8191],[-41.8547,-20.8172],[-41.8544,-20.8167]]]}},{"type":"Feature","properties":{"cod_imovel":"RJ-3304102-314C6F645CEF4FC59068A2453A8FDD01","mod_fiscal":"0.0323000000000000000000000000000","num_area":"0.9677000000000000000000000000000","ind_status":"AT","ind_tipo":"IRU","des_condic":"Aguardando analise","municipio":"Porciuncula","dat_criaca":"29/04/2016"},"geometry":{"type":"Polygon","coordinates":[[[-41.8844,-20.8474],[-41.8819,-20.8459],[-41.8838,-20.847],[-41.8844,-20.8474]]]}},{"type":"Feature","properties":{"cod_imovel":"RJ-3304102-F2367833469546B9A77CA3D37BA91CEA","mod_fiscal":"0.1495000000000000000000000000000","num_area":"4.4838000000000000000000000000000","ind_status":"AT","ind_tipo":"IRU","des_condic":"Aguardando analise","municipio":"Porciuncula","dat_criaca":"27/04/2016"},"geometry":{"type":"Polygon","coordinates":[[[-41.8818,-20.8403],[-41.8854,-20.8426],[-41.8819,-20.8403],[-41.8818,-20.8403]]]}},{"type":"Feature","properties":{"cod_imovel":"RJ-3304102-DEDF9986C70C4A74B291FBB870F85F20","mod_fiscal":"0.3164000000000000000000000000000","num_area":"9.4933000000000000000000000000000","ind_status":"AT","ind_tipo":"IRU","des_condic":"Aguardando analise","municipio":"Porciuncula","dat_criaca":"27/04/2016"},"geometry":{"type":"Polygon","coordinates":[[[-41.9008,-20.8058],[-41.8958,-20.8104],[-41.9002,-20.8067],[-41.9008,-20.8058]]]}},{"type":"Feature","properties":{"cod_imovel":"RJ-3304102-FF770059905F4EB795CFC19A16E03F93","mod_fiscal":"0.3151000000000000000000000000000","num_area":"9.4534000000000000000000000000000","ind_status":"AT","ind_tipo":"IRU","des_condic":"Aguardando analise","municipio":"Porciuncula","dat_criaca":"27/04/2016"},"geometry":{"type":"Polygon","coordinates":[[[-41.899,-20.8051],[-41.8939,-20.81],[-41.8999,-20.8055],[-41.899,-20.8051]]]}},{"type":"Feature","properties":{"cod_imovel":"RJ-3304102-E361CA283BA04F08B5C4EE1E9370E81A","mod_fiscal":"0.1648000000000000000000000000000","num_area":"4.9445000000000000000000000000000","ind_status":"AT","ind_tipo":"IRU","des_condic":"Aguardando analise","municipio":"Porciuncula","dat_criaca":"23/04/2016"},"geometry":{"type":"Polygon","coordinates":[[[-41.8335,-20.8347],[-41.835,-20.8322],[-41.833,-20.8339],[-41.8335,-20.8347]]]}},{"type":"Feature","properties":{"cod_imovel":"RJ-3304102-323A2D502D3844EFA125DDAAD6458EE8","mod_fiscal":"0.2405000000000000000000000000000","num_area":"7.2164000000000000000000000000000","ind_status":"AT","ind_tipo":"IRU","des_condic":"Aguardando analise","municipio":"Porciuncula","dat_criaca":"08/06/2015"},"geometry":{"type":"Polygon","coordinates":[[[-41.8746,-20.8169],[-41.8692,-20.8155],[-41.8745,-20.817],[-41.8746,-20.8169]]]}},{"type":"Feature","properties":{"cod_imovel":"RJ-3304102-357638D8FB4F45FD9A6DBDDAA1E6EA72","mod_fiscal":"0.0767000000000000000000000000000","num_area":"2.3003000000000000000000000000000","ind_status":"AT","ind_tipo":"IRU","des_condic":"Aguardando analise","municipio":"Porciuncula","dat_criaca":"01/06/2015"},"geometry":{"type":"Polygon","coordinates":[[[-42.0525,-21.0061],[-42.0511,-21.0042],[-42.0515,-21.0063],[-42.0525,-21.0061]]]}},{"type":"Feature","properties":{"cod_imovel":"RJ-3304102-EA5218F89B404B22BC07F5E0305D837E","mod_fiscal":"0.2039000000000000000000000000000","num_area":"6.1166000000000000000000000000000","ind_status":"AT","ind_tipo":"IRU","des_condic":"Aguardando analise","municipio":"Porciuncula","dat_criaca":"02/05/2015"},"geometry":{"type":"Polygon","coordinates":[[[-41.9648,-20.9083],[-41.9572,-20.9092],[-41.965,-20.9085],[-41.9648,-20.9083]]]}},{"type":"Feature","properties":{"cod_imovel":"RJ-3304102-7F8C08A3DB8A44778D999C98215CC698","mod_fiscal":"0.2034000000000000000000000000000","num_area":"6.1033000000000000000000000000000","ind_status":"AT","ind_tipo":"IRU","des_condic":"Aguardando analise","municipio":"Porciuncula","dat_criaca":"02/05/2015"},"geometry":{"type":"Polygon","coordinates":[[[-41.9579,-20.911],[-41.9659,-20.9135],[-41.9579,-20.9106],[-41.9579,-20.911]]]}},{"type":"Feature","properties":{"cod_imovel":"RJ-3304102-76189DB1DAB7434EA502B22C132837CA","mod_fiscal":"0.7349000000000000000000000000000","num_area":"22.047100000000000000000000000000","ind_status":"AT","ind_tipo":"IRU","des_condic":"Aguardando analise","municipio":"Porciuncula","dat_criaca":"01/05/2015"},"geometry":{"type":"Polygon","coordinates":[[[-41.8362,-20.7822],[-41.8321,-20.7833],[-41.8404,-20.7854],[-41.8362,-20.7822]]]}},{"type":"Feature","properties":{"cod_imovel":"RJ-3304102-0AFC72A980B34005B4DAE2F1178ED40A","mod_fiscal":"0.1266000000000000000000000000000","num_area":"3.7990000000000000000000000000000","ind_status":"AT","ind_tipo":"IRU","des_condic":"Aguardando analise","municipio":"Porciuncula","dat_criaca":"11/06/2023"},"geometry":{"type":"Polygon","coordinates":[[[-42.0187,-20.94],[-42.0236,-20.9353],[-42.0216,-20.9366],[-42.0187,-20.94]]]}},{"type":"Feature","properties":{"cod_imovel":"RJ-3304102-F122540A6016415A8713B1DC7AE0EAF5","mod_fiscal":"0.9535000000000000000000000000000","num_area":"28.605300000000000000000000000000","ind_status":"AT","ind_tipo":"IRU","des_condic":"Aguardando analise","municipio":"Porciuncula","dat_criaca":"30/05/2023"},"geometry":{"type":"Polygon","coordinates":[[[-41.8627,-20.839],[-41.8617,-20.8327],[-41.8584,-20.8329],[-41.8574,-20.8356],[-41.8624,-20.8391],[-41.8627,-20.839]]]}},{"type":"Feature","properties":{"cod_imovel":"RJ-3304102-375D368BC29449A9A7F6D6EE73BAE9F8","mod_fiscal":"0.0722000000000000000000000000000","num_area":"2.1655000000000000000000000000000","ind_status":"AT","ind_tipo":"IRU","des_condic":"Aguardando analise","municipio":"Porciuncula","dat_criaca":"22/05/2023"},"geometry":{"type":"Polygon","coordinates":[[[-41.8302,-20.7992],[-41.828,-20.7988],[-41.8302,-20.7994],[-41.8302,-20.7992]]]}},{"type":"Feature","properties":{"cod_imovel":"RJ-3304102-107D306A6AE7436C94FAADC713D919C5","mod_fiscal":"0.4818000000000000000000000000000","num_area":"14.454200000000000000000000000000","ind_status":"AT","ind_tipo":"IRU","des_condic":"Aguardando analise","municipio":"Porciuncula","dat_criaca":"16/09/2022"},"geometry":{"type":"Polygon","coordinates":[[[-41.8867,-20.7887],[-41.8845,-20.7874],[-41.8817,-20.7933],[-41.8859,-20.7901],[-41.8867,-20.7887]]]}},{"type":"Feature","properties":{"cod_imovel":"RJ-3304102-2C3BB715FC2242CFAE79527CA98382C9","mod_fiscal":"0.4033000000000000000000000000000","num_area":"12.100200000000000000000000000000","ind_status":"AT","ind_tipo":"IRU","des_condic":"Aguardando analise","municipio":"Porciuncula","dat_criaca":"25/08/2022"},"geometry":{"type":"Polygon","coordinates":[[[-41.8493,-20.8463],[-41.8475,-20.8474],[-41.8538,-20.8496],[-41.8493,-20.8463]]]}},{"type":"Feature","properties":{"cod_imovel":"RJ-3304102-4E55A369103A42A38395FCD5DEA8A233","mod_fiscal":"0.9412000000000000000000000000000","num_area":"28.235900000000000000000000000000","ind_status":"AT","ind_tipo":"IRU","des_condic":"Aguardando analise","municipio":"Porciuncula","dat_criaca":"15/08/2022"},"geometry":{"type":"Polygon","coordinates":[[[-41.8487,-20.776],[-41.8469,-20.7793],[-41.8512,-20.7836],[-41.8529,-20.7794],[-41.8497,-20.777],[-41.8487,-20.776]]]}},{"type":"Feature","properties":{"cod_imovel":"RJ-3304102-9C0733A74D6141DDB1B384417E929D40","mod_fiscal":"2.3483000000000000000000000000000","num_area":"70.449200000000000000000000000000","ind_status":"AT","ind_tipo":"IRU","des_condic":"Aguardando analise","municipio":"Porciuncula","dat_criaca":"27/06/2017"},"geometry":{"type":"Polygon","coordinates":[[[-42.0509,-21.0135],[-42.0468,-21.0189],[-42.0517,-21.0234],[-42.0562,-21.0213],[-42.0543,-21.0124],[-42.0509,-21.0135],[-42.0509,-21.0135]]]}},{"type":"Feature","properties":{"cod_imovel":"RJ-3304102-5CCB71BD75684DC497456C8FDB2F3B9D","mod_fiscal":"0.3225000000000000000000000000000","num_area":"9.6739000000000000000000000000000","ind_status":"AT","ind_tipo":"IRU","des_condic":"Aguardando analise","municipio":"Porciuncula","dat_criaca":"06/01/2022"},"geometry":{"type":"Polygon","coordinates":[[[-41.9121,-20.8289],[-41.9092,-20.8257],[-41.9074,-20.8289],[-41.912,-20.8294],[-41.9121,-20.8289]]]}},{"type":"Feature","properties":{"cod_imovel":"RJ-3304102-F3535527E5BA46A0BFAB505A72C1B571","mod_fiscal":"0.1342000000000000000000000000000","num_area":"4.0274000000000000000000000000000","ind_status":"AT","ind_tipo":"IRU","des_condic":"Aguardando analise","municipio":"Porciuncula","dat_criaca":"12/06/2022"},"geometry":{"type":"Polygon","coordinates":[[[-42.0046,-20.9541],[-42.0022,-20.952],[-42.0028,-20.954],[-42.0046,-20.9541]]]}},{"type":"Feature","properties":{"cod_imovel":"RJ-3304102-406412145BBB4D88B5C2AC21BDD0C5A1","mod_fiscal":"0.2420000000000000000000000000000","num_area":"7.2600000000000000000000000000000","ind_status":"AT","ind_tipo":"IRU","des_condic":"Aguardando analise","municipio":"Porciuncula","dat_criaca":"07/10/2021"},"geometry":{"type":"Polygon","coordinates":[[[-41.9111,-20.8118],[-41.9102,-20.8072],[-41.9119,-20.8108],[-41.9111,-20.8118]]]}},{"type":"Feature","properties":{"cod_imovel":"RJ-3304102-D94A8AECA9AD426B9B4FBBC08769761B","mod_fiscal":"0.3164000000000000000000000000000","num_area":"9.4911000000000000000000000000000","ind_status":"AT","ind_tipo":"IRU","des_condic":"Aguardando analise","municipio":"Porciuncula","dat_criaca":"28/04/2017"},"geometry":{"type":"Polygon","coordinates":[[[-41.8912,-20.8425],[-41.8958,-20.8451],[-41.8916,-20.8424],[-41.8912,-20.8425]]]}},{"type":"Feature","properties":{"cod_imovel":"RJ-3304102-8F93B723C6D34D88863C02FFEC32D26D","mod_fiscal":"0.1210000000000000000000000000000","num_area":"3.6309000000000000000000000000000","ind_status":"AT","ind_tipo":"IRU","des_condic":"Aguardando analise","municipio":"Porciuncula","dat_criaca":"27/10/2017"},"geometry":{"type":"Polygon","coordinates":[[[-41.914,-20.899],[-41.9148,-20.9035],[-41.9133,-20.899],[-41.914,-20.899]]]}},{"type":"Feature","properties":{"cod_imovel":"RJ-3304102-019E4B064A024B2F90F179940C65F143","mod_fiscal":"0.9714000000000000000000000000000","num_area":"29.142400000000000000000000000000","ind_status":"AT","ind_tipo":"IRU","des_condic":"Aguardando analise","municipio":"Porciuncula","dat_criaca":"17/12/2015"},"geometry":{"type":"Polygon","coordinates":[[[-41.8946,-20.863],[-41.8962,-20.8719],[-41.9003,-20.8669],[-41.8948,-20.8628],[-41.8946,-20.863]]]}},{"type":"Feature","properties":{"cod_imovel":"RJ-3304102-249D3F40C0B3422998E6FB1B41EF1455","mod_fiscal":"0.3456000000000000000000000000000","num_area":"10.367100000000000000000000000000","ind_status":"AT","ind_tipo":"IRU","des_condic":"Aguardando analise","municipio":"Porciuncula","dat_criaca":"16/04/2016"},"geometry":{"type":"Polygon","coordinates":[[[-41.9008,-20.8607],[-41.9024,-20.8631],[-41.9058,-20.8604],[-41.9016,-20.8603],[-41.9008,-20.8607]]]}},{"type":"Feature","properties":{"cod_imovel":"RJ-3304102-9FE10723F33341099A67EA5E7F25E47C","mod_fiscal":"0.4104000000000000000000000000000","num_area":"12.311200000000000000000000000000","ind_status":"AT","ind_tipo":"IRU","des_condic":"Aguardando analise","municipio":"Porciuncula","dat_criaca":"22/03/2022"},"geometry":{"type":"Polygon","coordinates":[[[-42.099,-20.9408],[-42.095,-20.9372],[-42.098,-20.9408],[-42.099,-20.9408]]]}},{"type":"Feature","properties":{"cod_imovel":"RJ-3304102-7D33D343C78444658615B2030C8B6F7A","mod_fiscal":"0.0795000000000000000000000000000","num_area":"2.3843000000000000000000000000000","ind_status":"AT","ind_tipo":"IRU","des_condic":"Aguardando analise","municipio":"Porciuncula","dat_criaca":"16/11/2015"},"geometry":{"type":"Polygon","coordinates":[[[-41.8013,-20.814],[-41.8,-20.8119],[-41.8012,-20.8141],[-41.8013,-20.814]]]}},{"type":"Feature","properties":{"cod_imovel":"RJ-3304102-A4E688F1D81A47CAAAB9D1C1C7965DC4","mod_fiscal":"0.7174000000000000000000000000000","num_area":"21.520800000000000000000000000000","ind_status":"AT","ind_tipo":"IRU","des_condic":"Aguardando analise","municipio":"Porciuncula","dat_criaca":"14/04/2015"},"geometry":{"type":"Polygon","coordinates":[[[-41.871,-20.8561],[-41.8647,-20.8597],[-41.8706,-20.8601],[-41.8703,-20.8572],[-41.871,-20.8561]]]}},{"type":"Feature","properties":{"cod_imovel":"RJ-3304102-F67BED85C254451888BC1031A1EBF5C9","mod_fiscal":"0.9237000000000000000000000000000","num_area":"27.710900000000000000000000000000","ind_status":"AT","ind_tipo":"IRU","des_condic":"Aguardando analise","municipio":"Porciuncula","dat_criaca":"24/01/2022"},"geometry":{"type":"Polygon","coordinates":[[[-42.038,-20.9896],[-42.0461,-20.9908],[-42.0431,-20.9848],[-42.0404,-20.9844],[-42.0385,-20.9888],[-42.038,-20.9896]]]}},{"type":"Feature","properties":{"cod_imovel":"RJ-3304102-43C8595E41C8493D9658946EB92EEB50","mod_fiscal":"0.3946000000000000000000000000000","num_area":"11.837800000000000000000000000000","ind_status":"AT","ind_tipo":"IRU","des_condic":"Aguardando analise","municipio":"Porciuncula","dat_criaca":"27/09/2023"},"geometry":{"type":"Polygon","coordinates":[[[-41.8662,-20.7663],[-41.8612,-20.7637],[-41.8596,-20.7658],[-41.8644,-20.7676],[-41.8662,-20.7663]]]}},{"type":"Feature","properties":{"cod_imovel":"RJ-3304102-D418A24757B5459CB970CED6333C3F2F","mod_fiscal":"0.1395000000000000000000000000000","num_area":"4.1862000000000000000000000000000","ind_status":"AT","ind_tipo":"IRU","des_condic":"Aguardando analise","municipio":"Porciuncula","dat_criaca":"13/10/2024"},"geometry":{"type":"Polygon","coordinates":[[[-41.8297,-20.8403],[-41.828,-20.838],[-41.8294,-20.8404],[-41.8297,-20.8403]]]}},{"type":"Feature","properties":{"cod_imovel":"RJ-3304102-373611A7265E4DAFACB330F598F4DC19","mod_fiscal":"0.0808000000000000000000000000000","num_area":"2.4225000000000000000000000000000","ind_status":"AT","ind_tipo":"IRU","des_condic":"Aguardando analise","municipio":"Porciuncula","dat_criaca":"01/05/2016"},"geometry":{"type":"Polygon","coordinates":[[[-41.827,-20.8408],[-41.8274,-20.8385],[-41.8269,-20.8407],[-41.827,-20.8408]]]}},{"type":"Feature","properties":{"cod_imovel":"RJ-3304102-A56CACDA828046CCAF5E2B80F4567F2A","mod_fiscal":"0.1623000000000000000000000000000","num_area":"4.8687000000000000000000000000000","ind_status":"AT","ind_tipo":"IRU","des_condic":"Aguardando analise","municipio":"Porciuncula","dat_criaca":"27/09/2024"},"geometry":{"type":"Polygon","coordinates":[[[-42.0871,-20.9917],[-42.0854,-20.9894],[-42.0867,-20.9917],[-42.0871,-20.9917]]]}},{"type":"Feature","properties":{"cod_imovel":"RJ-3304102-F126FEFB4EE946CD8376686CBF3B26DE","mod_fiscal":"0.4766000000000000000000000000000","num_area":"14.299200000000000000000000000000","ind_status":"AT","ind_tipo":"IRU","des_condic":"Aguardando analise","municipio":"Porciuncula","dat_criaca":"16/09/2024"},"geometry":{"type":"Polygon","coordinates":[[[-41.8641,-20.8521],[-41.8583,-20.8569],[-41.8629,-20.857],[-41.8642,-20.8533],[-41.8641,-20.8521]]]}},{"type":"Feature","properties":{"cod_imovel":"RJ-3304102-51E608E44F534B3487A863BF01790CA6","mod_fiscal":"0.1479000000000000000000000000000","num_area":"4.4383000000000000000000000000000","ind_status":"AT","ind_tipo":"IRU","des_condic":"Aguardando analise","municipio":"Porciuncula","dat_criaca":"12/03/2016"},"geometry":{"type":"Polygon","coordinates":[[[-41.8944,-20.7965],[-41.8961,-20.7946],[-41.8941,-20.7955],[-41.8944,-20.7965]]]}},{"type":"Feature","properties":{"cod_imovel":"RJ-3304102-71E742D4B6244939ADD27AE0CC8ABD83","mod_fiscal":"0.1651000000000000000000000000000","num_area":"4.8401000000000000000000000000000","ind_status":"AT","ind_tipo":"IRU","des_condic":"Aguardando analise","municipio":"Porciuncula","dat_criaca":"10/06/2024"},"geometry":{"type":"Polygon","coordinates":[[[-41.8959,-20.7887],[-41.8955,-20.7913],[-41.8979,-20.7905],[-41.896,-20.7885],[-41.8959,-20.7887]]]}},{"type":"Feature","properties":{"cod_imovel":"RJ-3304102-5879DDF608044D8B890BAB24C2D6E33F","mod_fiscal":"0.2281000000000000000000000000000","num_area":"6.8419000000000000000000000000000","ind_status":"AT","ind_tipo":"IRU","des_condic":"Aguardando analise","municipio":"Porciuncula","dat_criaca":"19/05/2024"},"geometry":{"type":"Polygon","coordinates":[[[-42.0588,-20.9583],[-42.0535,-20.9572],[-42.0586,-20.9589],[-42.0588,-20.9583]]]}},{"type":"Feature","properties":{"cod_imovel":"RJ-3304102-E3A0C393223B4345988D14BDEA438097","mod_fiscal":"0.3221000000000000000000000000000","num_area":"9.6633000000000000000000000000000","ind_status":"AT","ind_tipo":"IRU","des_condic":"Aguardando analise","municipio":"Porciuncula","dat_criaca":"23/04/2016"},"geometry":{"type":"Polygon","coordinates":[[[-41.8623,-20.7905],[-41.8585,-20.7865],[-41.862,-20.7909],[-41.8623,-20.7905]]]}},{"type":"Feature","properties":{"cod_imovel":"RJ-3304102-4D957FBEFAA54D51BECCED3FA41B5E6C","mod_fiscal":"1.3637000000000000000000000000000","num_area":"40.912100000000000000000000000000","ind_status":"AT","ind_tipo":"IRU","des_condic":"Aguardando analise","municipio":"Porciuncula","dat_criaca":"02/07/2015"},"geometry":{"type":"Polygon","coordinates":[[[-41.8656,-20.7999],[-41.8638,-20.8036],[-41.8598,-20.803],[-41.8684,-20.8076],[-41.8698,-20.8045],[-41.8658,-20.8],[-41.8656,-20.7999]]]}},{"type":"Feature","properties":{"cod_imovel":"RJ-3304102-E65284056AB9447B9B68B03E3EACAA94","mod_fiscal":"0.3811000000000000000000000000000","num_area":"11.432900000000000000000000000000","ind_status":"AT","ind_tipo":"IRU","des_condic":"Aguardando analise","municipio":"Porciuncula","dat_criaca":"23/03/2016"},"geometry":{"type":"Polygon","coordinates":[[[-41.9111,-20.9103],[-41.9127,-20.9084],[-41.9068,-20.913],[-41.9109,-20.9104],[-41.9111,-20.9103]]]}},{"type":"Feature","properties":{"cod_imovel":"RJ-3304102-958043C79031435D9805855FFF4041E5","mod_fiscal":"4.6079000000000000000000000000000","num_area":"138.07170000000000000000000000000","ind_status":"AT","ind_tipo":"IRU","des_condic":"Aguardando analise","municipio":"Porciuncula","dat_criaca":"22/03/2022"},"geometry":{"type":"Polygon","coordinates":[[[-42.1069,-20.9637],[-42.1149,-20.9581],[-42.1152,-20.9508],[-42.1017,-20.9568],[-42.0991,-20.9628],[-42.1062,-20.9642],[-42.1069,-20.9637]]]}},{"type":"Feature","properties":{"cod_imovel":"RJ-3304102-C6754F57266344A0A38CC54D543042DC","mod_fiscal":"0.7175000000000000000000000000000","num_area":"21.525800000000000000000000000000","ind_status":"AT","ind_tipo":"IRU","des_condic":"Aguardando analise","municipio":"Porciuncula","dat_criaca":"08/08/2023"},"geometry":{"type":"Polygon","coordinates":[[[-41.8076,-20.8076],[-41.8062,-20.8046],[-41.8012,-20.8088],[-41.8072,-20.8079],[-41.8076,-20.8076]]]}},{"type":"Feature","properties":{"cod_imovel":"RJ-3304102-EA08854D67FF465C99BA8FB07F0A1DBC","mod_fiscal":"1.0797000000000000000000000000000","num_area":"32.390900000000000000000000000000","ind_status":"AT","ind_tipo":"IRU","des_condic":"Aguardando analise","municipio":"Porciuncula","dat_criaca":"25/03/2021"},"geometry":{"type":"Polygon","coordinates":[[[-41.8954,-20.9219],[-41.8925,-20.9269],[-41.8984,-20.9274],[-41.8962,-20.923],[-41.8954,-20.9219]]]}},{"type":"Feature","properties":{"cod_imovel":"RJ-3304102-889FC469E3ED4A93A28F3DF1DDE4DF47","mod_fiscal":"0.1954000000000000000000000000000","num_area":"5.8613000000000000000000000000000","ind_status":"AT","ind_tipo":"IRU","des_condic":"Aguardando analise","municipio":"Porciuncula","dat_criaca":"05/04/2017"},"geometry":{"type":"Polygon","coordinates":[[[-41.8641,-20.7704],[-41.8691,-20.7672],[-41.8636,-20.7697],[-41.8641,-20.7704]]]}},{"type":"Feature","properties":{"cod_imovel":"RJ-3304102-D2E244921ED746BFBE7D73D3437AF319","mod_fiscal":"0.1887000000000000000000000000000","num_area":"5.6600000000000000000000000000000","ind_status":"AT","ind_tipo":"IRU","des_condic":"Aguardando analise","municipio":"Porciuncula","dat_criaca":"25/02/2021"},"geometry":{"type":"Polygon","coordinates":[[[-41.9397,-20.8987],[-41.9451,-20.8976],[-41.9417,-20.8978],[-41.9397,-20.8987]]]}},{"type":"Feature","properties":{"cod_imovel":"RJ-3304102-C8D717F49F0C413FBB3ADC7389010BDD","mod_fiscal":"0.1858000000000000000000000000000","num_area":"5.5733000000000000000000000000000","ind_status":"AT","ind_tipo":"IRU","des_condic":"Aguardando analise","municipio":"Porciuncula","dat_criaca":"19/02/2021"},"geometry":{"type":"Polygon","coordinates":[[[-42.0787,-20.9571],[-42.0834,-20.9568],[-42.0792,-20.9567],[-42.0787,-20.9571]]]}},{"type":"Feature","properties":{"cod_imovel":"RJ-3304102-7E40266706AE4D84943D396EC4FFD560","mod_fiscal":"2.1950000000000000000000000000000","num_area":"65.358100000000000000000000000000","ind_status":"PE","ind_tipo":"IRU","des_condic":"Analisado, aguardando atendimento a notificacao","municipio":"Porciuncula","dat_criaca":"09/09/2015"},"geometry":{"type":"Polygon","coordinates":[[[-41.9354,-20.867],[-41.9417,-20.8592],[-41.937,-20.8541],[-41.9332,-20.8541],[-41.9349,-20.8666],[-41.9354,-20.867]]]}},{"type":"Feature","properties":{"cod_imovel":"RJ-3304102-AA315A38037F406089E306A7CD775519","mod_fiscal":"0.1529000000000000000000000000000","num_area":"4.5870000000000000000000000000000","ind_status":"AT","ind_tipo":"IRU","des_condic":"Aguardando analise","municipio":"Porciuncula","dat_criaca":"27/08/2024"},"geometry":{"type":"Polygon","coordinates":[[[-41.8924,-20.854],[-41.8909,-20.8566],[-41.8926,-20.8542],[-41.8924,-20.854]]]}},{"type":"Feature","properties":{"cod_imovel":"RJ-3304102-4D02105C6F244E3B8BF4C1E8E5D78A49","mod_fiscal":"4.9339000000000000000000000000000","num_area":"148.01810000000000000000000000000","ind_status":"AT","ind_tipo":"IRU","des_condic":"Aguardando analise","municipio":"Porciuncula","dat_criaca":"27/12/2017"},"geometry":{"type":"Polygon","coordinates":[[[-42.0482,-20.9742],[-42.0419,-20.98],[-42.0483,-20.9924],[-42.0548,-20.9832],[-42.0495,-20.9755],[-42.0482,-20.9742]]]}},{"type":"Feature","properties":{"cod_imovel":"RJ-3304102-2E03BAE583BA4EBFBF69C505DF352B8A","mod_fiscal":"0.3715000000000000000000000000000","num_area":"11.145900000000000000000000000000","ind_status":"AT","ind_tipo":"IRU","des_condic":"Aguardando analise","municipio":"Porciuncula","dat_criaca":"24/09/2024"},"geometry":{"type":"Polygon","coordinates":[[[-41.8558,-20.7713],[-41.8588,-20.7711],[-41.8588,-20.7674],[-41.8563,-20.7704],[-41.8558,-20.7713]]]}},{"type":"Feature","properties":{"cod_imovel":"RJ-3304102-469878037E7946268F0E7DBF440455D2","mod_fiscal":"0.4702000000000000000000000000000","num_area":"14.105500000000000000000000000000","ind_status":"AT","ind_tipo":"IRU","des_condic":"Aguardando analise","municipio":"Porciuncula","dat_criaca":"29/04/2016"},"geometry":{"type":"Polygon","coordinates":[[[-41.9006,-20.8103],[-41.8962,-20.8117],[-41.8997,-20.8143],[-41.8995,-20.8113],[-41.9006,-20.8103]]]}},{"type":"Feature","properties":{"cod_imovel":"RJ-3304102-592F1A0926094C8E86F2DDBFF9759C08","mod_fiscal":"0.0891000000000000000000000000000","num_area":"2.6721000000000000000000000000000","ind_status":"AT","ind_tipo":"IRU","des_condic":"Aguardando analise","municipio":"Porciuncula","dat_criaca":"01/09/2024"},"geometry":{"type":"Polygon","coordinates":[[[-42.0774,-20.9583],[-42.0798,-20.9577],[-42.0773,-20.9578],[-42.0774,-20.9583]]]}},{"type":"Feature","properties":{"cod_imovel":"RJ-3304102-483E9DF549A14D689CE1E60720AEDC33","mod_fiscal":"0.0786000000000000000000000000000","num_area":"2.3592000000000000000000000000000","ind_status":"AT","ind_tipo":"IRU","des_condic":"Aguardando analise","municipio":"Porciuncula","dat_criaca":"04/05/2016"},"geometry":{"type":"Polygon","coordinates":[[[-42.0802,-20.9582],[-42.0776,-20.9592],[-42.0799,-20.9582],[-42.0802,-20.9582]]]}},{"type":"Feature","properties":{"cod_imovel":"RJ-3304102-F687E6445D1E4AC1824A743F01F3C2BF","mod_fiscal":"1.9995000000000000000000000000000","num_area":"59.985800000000000000000000000000","ind_status":"AT","ind_tipo":"IRU","des_condic":"Aguardando analise","municipio":"Porciuncula","dat_criaca":"04/05/2016"},"geometry":{"type":"Polygon","coordinates":[[[-41.9524,-20.9052],[-41.9426,-20.907],[-41.9539,-20.9076],[-41.9557,-20.9014],[-41.9597,-20.9054],[-41.9595,-20.9007],[-41.9488,-20.8992],[-41.9553,-20.9017],[-41.9526,-20.9049],[-41.9524,-20.9052]]]}},{"type":"Feature","properties":{"cod_imovel":"RJ-3304102-58D3A88C04044302B80F3740ED7CBEF0","mod_fiscal":"1.5382000000000000000000000000000","num_area":"46.145800000000000000000000000000","ind_status":"PE","ind_tipo":"IRU","des_condic":"Analisado, aguardando atendimento a notificacao","municipio":"Porciuncula","dat_criaca":"26/04/2015"},"geometry":{"type":"Polygon","coordinates":[[[-41.9433,-20.8678],[-41.947,-20.8592],[-41.9411,-20.8572],[-41.9405,-20.8663],[-41.9432,-20.8684],[-41.9433,-20.8678]]]}},{"type":"Feature","properties":{"cod_imovel":"RJ-3304102-E36E6DA590AE489BBFD99361EB7E72B0","mod_fiscal":"1.5382000000000000000000000000000","num_area":"46.145800000000000000000000000000","ind_status":"PE","ind_tipo":"IRU","des_condic":"Analisado, aguardando atendimento a notificacao","municipio":"Porciuncula","dat_criaca":"23/04/2015"},"geometry":{"type":"Polygon","coordinates":[[[-41.9433,-20.8678],[-41.947,-20.8592],[-41.9411,-20.8572],[-41.9405,-20.8663],[-41.9432,-20.8684],[-41.9433,-20.8678]]]}},{"type":"Feature","properties":{"cod_imovel":"RJ-3304102-BF6A156A2A8E4CB8ABFF05901C4A9CBC","mod_fiscal":"0.4842000000000000000000000000000","num_area":"14.525300000000000000000000000000","ind_status":"PE","ind_tipo":"IRU","des_condic":"Analisado, aguardando atendimento a notificacao","municipio":"Porciuncula","dat_criaca":"08/07/2019"},"geometry":{"type":"Polygon","coordinates":[[[-41.9423,-20.859],[-41.9393,-20.8579],[-41.9363,-20.8655],[-41.9417,-20.8592],[-41.9423,-20.859]]]}},{"type":"Feature","properties":{"cod_imovel":"RJ-3304102-F03B727158574A0DA1F66522ABFBCBE8","mod_fiscal":"0.5793000000000000000000000000000","num_area":"17.379700000000000000000000000000","ind_status":"AT","ind_tipo":"IRU","des_condic":"Aguardando analise","municipio":"Porciuncula","dat_criaca":"26/04/2015"},"geometry":{"type":"Polygon","coordinates":[[[-42.0637,-20.9699],[-42.0614,-20.9674],[-42.0585,-20.9706],[-42.0613,-20.9731],[-42.0635,-20.97],[-42.0637,-20.9699]]]}},{"type":"Feature","properties":{"cod_imovel":"RJ-3304102-CF8DE3D1EAED4EB98035121295DEAC01","mod_fiscal":"1.1068000000000000000000000000000","num_area":"33.203800000000000000000000000000","ind_status":"AT","ind_tipo":"IRU","des_condic":"Aguardando analise","municipio":"Porciuncula","dat_criaca":"09/07/2024"},"geometry":{"type":"Polygon","coordinates":[[[-41.8594,-20.7711],[-41.8543,-20.7719],[-41.8582,-20.7801],[-41.8594,-20.77],[-41.8594,-20.7711]]]}},{"type":"Feature","properties":{"cod_imovel":"RJ-3304102-4787C645E3C64FF1BBD1CA4F8B3320ED","mod_fiscal":"0.7069000000000000000000000000000","num_area":"21.207300000000000000000000000000","ind_status":"PE","ind_tipo":"IRU","des_condic":"Analisado, aguardando atendimento a notificacao","municipio":"Porciuncula","dat_criaca":"28/12/2015"},"geometry":{"type":"Polygon","coordinates":[[[-41.9351,-20.8667],[-41.9337,-20.8562],[-41.932,-20.8593],[-41.935,-20.8667],[-41.9351,-20.8667]]]}},{"type":"Feature","properties":{"cod_imovel":"RJ-3304102-F6AA3C26349D48E28430B0563DAFB909","mod_fiscal":"1.3899000000000000000000000000000","num_area":"41.696500000000000000000000000000","ind_status":"AT","ind_tipo":"IRU","des_condic":"Aguardando analise","municipio":"Porciuncula","dat_criaca":"10/06/2024"},"geometry":{"type":"Polygon","coordinates":[[[-41.8724,-20.8316],[-41.8649,-20.8295],[-41.8675,-20.8373],[-41.8723,-20.832],[-41.8724,-20.8316]]]}},{"type":"Feature","properties":{"cod_imovel":"RJ-3304102-A648027CD5F444B2805928E10B8CF880","mod_fiscal":"0.4135000000000000000000000000000","num_area":"12.405000000000000000000000000000","ind_status":"AT","ind_tipo":"IRU","des_condic":"Aguardando analise","municipio":"Porciuncula","dat_criaca":"10/03/2016"},"geometry":{"type":"Polygon","coordinates":[[[-41.8686,-20.7695],[-41.8689,-20.7667],[-41.8648,-20.7701],[-41.867,-20.7725],[-41.8681,-20.7703],[-41.8686,-20.7695]]]}},{"type":"Feature","properties":{"cod_imovel":"RJ-3304102-326B1EB77A554F6A9ECFE6101E3F01DD","mod_fiscal":"1.5619000000000000000000000000000","num_area":"46.856100000000000000000000000000","ind_status":"PE","ind_tipo":"IRU","des_condic":"Analisado, aguardando atendimento a notificacao","municipio":"Porciuncula","dat_criaca":"30/03/2015"},"geometry":{"type":"Polygon","coordinates":[[[-41.8449,-20.8169],[-41.8421,-20.8176],[-41.8542,-20.8229],[-41.8519,-20.8185],[-41.8452,-20.8166],[-41.8449,-20.8169]]]}},{"type":"Feature","properties":{"cod_imovel":"RJ-3304102-3705B3C0BD9640C9A9FF1B05F23D0AB9","mod_fiscal":"0.1954000000000000000000000000000","num_area":"5.8608000000000000000000000000000","ind_status":"AT","ind_tipo":"IRU","des_condic":"Aguardando analise","municipio":"Porciuncula","dat_criaca":"01/06/2024"},"geometry":{"type":"Polygon","coordinates":[[[-41.8684,-20.7667],[-41.8635,-20.7652],[-41.8679,-20.767],[-41.8684,-20.7667]]]}},{"type":"Feature","properties":{"cod_imovel":"RJ-3304102-D6307C5F16CA46E289345D427C4820FF","mod_fiscal":"0.4707000000000000000000000000000","num_area":"14.120400000000000000000000000000","ind_status":"AT","ind_tipo":"IRU","des_condic":"Aguardando analise","municipio":"Porciuncula","dat_criaca":"19/05/2024"},"geometry":{"type":"Polygon","coordinates":[[[-42.0749,-20.9433],[-42.0722,-20.9444],[-42.0741,-20.951],[-42.0749,-20.9433]]]}},{"type":"Feature","properties":{"cod_imovel":"RJ-3304102-067800E8F51A4D2B89A5A738E29D3228","mod_fiscal":"0.1757000000000000000000000000000","num_area":"5.2698000000000000000000000000000","ind_status":"AT","ind_tipo":"IRU","des_condic":"Aguardando analise","municipio":"Porciuncula","dat_criaca":"10/05/2024"},"geometry":{"type":"Polygon","coordinates":[[[-42.0747,-20.9524],[-42.0698,-20.9552],[-42.0733,-20.9527],[-42.0747,-20.9524]]]}},{"type":"Feature","properties":{"cod_imovel":"RJ-3304102-45101FFBF57744DDB12B250AA4582CBC","mod_fiscal":"0.5990000000000000000000000000000","num_area":"17.969100000000000000000000000000","ind_status":"AT","ind_tipo":"IRU","des_condic":"Aguardando analise","municipio":"Porciuncula","dat_criaca":"05/08/2015"},"geometry":{"type":"Polygon","coordinates":[[[-41.9877,-20.9538],[-41.9821,-20.9538],[-41.9826,-20.957],[-41.9857,-20.9576],[-41.987,-20.9542],[-41.9877,-20.9538]]]}},{"type":"Feature","properties":{"cod_imovel":"RJ-3304102-C2652BAD9CE5487BAEA5942FDA7CE151","mod_fiscal":"0.4558000000000000000000000000000","num_area":"13.675200000000000000000000000000","ind_status":"AT","ind_tipo":"IRU","des_condic":"Aguardando analise","municipio":"Porciuncula","dat_criaca":"28/03/2016"},"geometry":{"type":"Polygon","coordinates":[[[-41.8698,-20.8469],[-41.8729,-20.8471],[-41.8715,-20.8431],[-41.8697,-20.8463],[-41.8698,-20.8469]]]}},{"type":"Feature","properties":{"cod_imovel":"RJ-3304102-F96F81E6A623486C9C02B3B9715F945D","mod_fiscal":"0.2876000000000000000000000000000","num_area":"8.6266000000000000000000000000000","ind_status":"AT","ind_tipo":"IRU","des_condic":"Aguardando analise","municipio":"Porciuncula","dat_criaca":"21/04/2016"},"geometry":{"type":"Polygon","coordinates":[[[-41.8636,-20.831],[-41.8618,-20.8255],[-41.8631,-20.8312],[-41.8636,-20.831]]]}},{"type":"Feature","properties":{"cod_imovel":"RJ-3304102-CD95CC0272584077A5D1044F5C052E4F","mod_fiscal":"0.0707000000000000000000000000000","num_area":"2.1220000000000000000000000000000","ind_status":"AT","ind_tipo":"IRU","des_condic":"Aguardando analise","municipio":"Porciuncula","dat_criaca":"20/04/2016"},"geometry":{"type":"Polygon","coordinates":[[[-41.9137,-20.9135],[-41.9107,-20.9154],[-41.9135,-20.9139],[-41.9137,-20.9135]]]}},{"type":"Feature","properties":{"cod_imovel":"RJ-3304102-EFA83407A0984D9AB7444F0901E1198D","mod_fiscal":"0.1029000000000000000000000000000","num_area":"3.0858000000000000000000000000000","ind_status":"AT","ind_tipo":"IRU","des_condic":"Aguardando analise","municipio":"Porciuncula","dat_criaca":"19/04/2016"},"geometry":{"type":"Polygon","coordinates":[[[-41.9299,-20.8314],[-41.9275,-20.8325],[-41.9298,-20.8316],[-41.9299,-20.8314]]]}},{"type":"Feature","properties":{"cod_imovel":"RJ-3304102-EB3B7175DA8A40BAB5185B8C2830B10B","mod_fiscal":"0.1163000000000000000000000000000","num_area":"3.4895000000000000000000000000000","ind_status":"AT","ind_tipo":"IRU","des_condic":"Aguardando analise","municipio":"Porciuncula","dat_criaca":"18/04/2016"},"geometry":{"type":"Polygon","coordinates":[[[-41.9009,-20.8112],[-41.8997,-20.8148],[-41.9012,-20.8112],[-41.9009,-20.8112]]]}},{"type":"Feature","properties":{"cod_imovel":"RJ-3304102-A03583BEFC7D4E94A6FD8ABD95903794","mod_fiscal":"0.2862000000000000000000000000000","num_area":"8.5849000000000000000000000000000","ind_status":"AT","ind_tipo":"IRU","des_condic":"Aguardando analise","municipio":"Porciuncula","dat_criaca":"18/04/2016"},"geometry":{"type":"Polygon","coordinates":[[[-41.9144,-20.8116],[-41.9169,-20.8094],[-41.9139,-20.8091],[-41.9141,-20.8115],[-41.9144,-20.8116]]]}},{"type":"Feature","properties":{"cod_imovel":"RJ-3304102-9E97EEA70424488B84B7D5BED0E4B471","mod_fiscal":"0.0990000000000000000000000000000","num_area":"2.9689000000000000000000000000000","ind_status":"AT","ind_tipo":"IRU","des_condic":"Aguardando analise","municipio":"Porciuncula","dat_criaca":"16/04/2016"},"geometry":{"type":"Polygon","coordinates":[[[-41.8905,-20.8566],[-41.8888,-20.8611],[-41.8907,-20.8577],[-41.8905,-20.8566]]]}},{"type":"Feature","properties":{"cod_imovel":"RJ-3304102-0CC982FC54914788BE2F6A8FBAFAA03C","mod_fiscal":"0.3255000000000000000000000000000","num_area":"9.7639000000000000000000000000000","ind_status":"AT","ind_tipo":"IRU","des_condic":"Aguardando analise","municipio":"Porciuncula","dat_criaca":"16/04/2016"},"geometry":{"type":"Polygon","coordinates":[[[-41.8989,-20.8618],[-41.8995,-20.8559],[-41.8982,-20.8619],[-41.8989,-20.8618]]]}},{"type":"Feature","properties":{"cod_imovel":"RJ-3304102-F774F33D91754F95A55021A0C5D43F65","mod_fiscal":"0.1220000000000000000000000000000","num_area":"3.6601000000000000000000000000000","ind_status":"AT","ind_tipo":"IRU","des_condic":"Aguardando analise","municipio":"Porciuncula","dat_criaca":"15/04/2016"},"geometry":{"type":"Polygon","coordinates":[[[-41.9084,-20.9111],[-41.9061,-20.9131],[-41.9079,-20.9121],[-41.9084,-20.9111]]]}},{"type":"Feature","properties":{"cod_imovel":"RJ-3304102-E3BB8DE5EC434C8887F75A0684222A17","mod_fiscal":"0.2882000000000000000000000000000","num_area":"8.6447000000000000000000000000000","ind_status":"AT","ind_tipo":"IRU","des_condic":"Aguardando analise","municipio":"Porciuncula","dat_criaca":"14/04/2016"},"geometry":{"type":"Polygon","coordinates":[[[-41.887,-20.8639],[-41.885,-20.86],[-41.8832,-20.8637],[-41.8869,-20.864],[-41.887,-20.8639]]]}},{"type":"Feature","properties":{"cod_imovel":"RJ-3304102-6513AD8179A0469AA1AF7179155E0DA6","mod_fiscal":"0.2955000000000000000000000000000","num_area":"8.8639000000000000000000000000000","ind_status":"AT","ind_tipo":"IRU","des_condic":"Aguardando analise","municipio":"Porciuncula","dat_criaca":"12/04/2016"},"geometry":{"type":"Polygon","coordinates":[[[-41.895,-20.7892],[-41.8936,-20.793],[-41.8961,-20.7931],[-41.895,-20.7893],[-41.895,-20.7892]]]}},{"type":"Feature","properties":{"cod_imovel":"RJ-3304102-E5CE5B3ED21E440B887151E4D5DAE608","mod_fiscal":"0.6445000000000000000000000000000","num_area":"19.336400000000000000000000000000","ind_status":"AT","ind_tipo":"IRU","des_condic":"Aguardando analise","municipio":"Porciuncula","dat_criaca":"11/04/2016"},"geometry":{"type":"Polygon","coordinates":[[[-41.8364,-20.8076],[-41.8398,-20.8083],[-41.8383,-20.8027],[-41.8368,-20.8066],[-41.8364,-20.8076]]]}},{"type":"Feature","properties":{"cod_imovel":"RJ-3304102-5856D2C6EC754F8EA69C93E1DD90590C","mod_fiscal":"0.7033000000000000000000000000000","num_area":"21.099900000000000000000000000000","ind_status":"AT","ind_tipo":"IRU","des_condic":"Aguardando analise","municipio":"Porciuncula","dat_criaca":"23/03/2016"},"geometry":{"type":"Polygon","coordinates":[[[-41.9317,-20.9198],[-41.9264,-20.922],[-41.9282,-20.9247],[-41.9324,-20.9209],[-41.9317,-20.9198]]]}},{"type":"Feature","properties":{"cod_imovel":"RJ-3304102-F7306F41925F4A22800B4B9F43C5E97E","mod_fiscal":"0.2125000000000000000000000000000","num_area":"6.3752000000000000000000000000000","ind_status":"AT","ind_tipo":"IRU","des_condic":"Aguardando analise","municipio":"Porciuncula","dat_criaca":"16/03/2016"},"geometry":{"type":"Polygon","coordinates":[[[-41.8796,-20.7883],[-41.8819,-20.794],[-41.8799,-20.7884],[-41.8796,-20.7883]]]}},{"type":"Feature","properties":{"cod_imovel":"RJ-3304102-0EDCE8232E0D416C87840A466A732985","mod_fiscal":"0.2747000000000000000000000000000","num_area":"8.2401000000000000000000000000000","ind_status":"AT","ind_tipo":"IRU","des_condic":"Aguardando analise","municipio":"Porciuncula","dat_criaca":"13/03/2016"},"geometry":{"type":"Polygon","coordinates":[[[-41.8911,-20.8477],[-41.8862,-20.8463],[-41.8882,-20.8493],[-41.8911,-20.8477],[-41.8911,-20.8477]]]}},{"type":"Feature","properties":{"cod_imovel":"RJ-3304102-BE244E112B7D4AEB92A2D5618E7D0551","mod_fiscal":"0.4212000000000000000000000000000","num_area":"12.636500000000000000000000000000","ind_status":"AT","ind_tipo":"IRU","des_condic":"Aguardando analise","municipio":"Porciuncula","dat_criaca":"04/03/2016"},"geometry":{"type":"Polygon","coordinates":[[[-42.0679,-20.9625],[-42.0721,-20.9637],[-42.0775,-20.9592],[-42.068,-20.9625],[-42.0679,-20.9625]]]}},{"type":"Feature","properties":{"cod_imovel":"RJ-3304102-05932F92D0C148CCB2B3264363C95C8C","mod_fiscal":"0.7834000000000000000000000000000","num_area":"23.500600000000000000000000000000","ind_status":"AT","ind_tipo":"IRU","des_condic":"Aguardando analise","municipio":"Porciuncula","dat_criaca":"03/03/2016"},"geometry":{"type":"Polygon","coordinates":[[[-41.8866,-20.7886],[-41.8822,-20.7935],[-41.884,-20.7955],[-41.8875,-20.7933],[-41.887,-20.7889],[-41.8866,-20.7886]]]}},{"type":"Feature","properties":{"cod_imovel":"RJ-3304102-056706E18F504D2A84C792D66F26C806","mod_fiscal":"0.1983000000000000000000000000000","num_area":"5.9492000000000000000000000000000","ind_status":"AT","ind_tipo":"IRU","des_condic":"Aguardando analise","municipio":"Porciuncula","dat_criaca":"22/02/2016"},"geometry":{"type":"Polygon","coordinates":[[[-41.8892,-20.8329],[-41.8873,-20.8342],[-41.8914,-20.8362],[-41.89,-20.8338],[-41.8892,-20.8329]]]}},{"type":"Feature","properties":{"cod_imovel":"RJ-3304102-99B7C90A8ACD4C05A38FA6D36D1A8B97","mod_fiscal":"0.1027000000000000000000000000000","num_area":"3.0811000000000000000000000000000","ind_status":"AT","ind_tipo":"IRU","des_condic":"Aguardando analise","municipio":"Porciuncula","dat_criaca":"19/02/2016"},"geometry":{"type":"Polygon","coordinates":[[[-41.8892,-20.8509],[-41.8912,-20.8517],[-41.8895,-20.8505],[-41.8892,-20.8509]]]}},{"type":"Feature","properties":{"cod_imovel":"RJ-3304102-10D10293A55B4CDFAB50A42A4EF61935","mod_fiscal":"0.2180000000000000000000000000000","num_area":"5.8683000000000000000000000000000","ind_status":"AT","ind_tipo":"IRU","des_condic":"Aguardando analise","municipio":"Porciuncula","dat_criaca":"26/11/2015"},"geometry":{"type":"Polygon","coordinates":[[[-41.8622,-20.7638],[-41.863,-20.767],[-41.8626,-20.7641],[-41.8622,-20.7638]]]}},{"type":"Feature","properties":{"cod_imovel":"RJ-3304102-10FE94EDBF5B492384D18DC2B0CEA9E6","mod_fiscal":"0.1560000000000000000000000000000","num_area":"4.6803000000000000000000000000000","ind_status":"AT","ind_tipo":"IRU","des_condic":"Aguardando analise","municipio":"Porciuncula","dat_criaca":"12/02/2016"},"geometry":{"type":"Polygon","coordinates":[[[-41.8607,-20.7835],[-41.8586,-20.7802],[-41.8605,-20.7834],[-41.8607,-20.7835]]]}},{"type":"Feature","properties":{"cod_imovel":"RJ-3304102-12F81A17255546AC8008DC82C2AC4931","mod_fiscal":"0.0957000000000000000000000000000","num_area":"2.8696000000000000000000000000000","ind_status":"AT","ind_tipo":"IRU","des_condic":"Aguardando analise","municipio":"Porciuncula","dat_criaca":"17/12/2015"},"geometry":{"type":"Polygon","coordinates":[[[-41.9016,-20.9117],[-41.9021,-20.9137],[-41.9015,-20.9117],[-41.9016,-20.9117]]]}},{"type":"Feature","properties":{"cod_imovel":"RJ-3304102-67D255DC7D8F4CFFB016D544C6716F5E","mod_fiscal":"0.1615000000000000000000000000000","num_area":"4.8464000000000000000000000000000","ind_status":"AT","ind_tipo":"IRU","des_condic":"Aguardando analise","municipio":"Porciuncula","dat_criaca":"30/11/2015"},"geometry":{"type":"Polygon","coordinates":[[[-41.8454,-20.8466],[-41.8426,-20.8503],[-41.8454,-20.8468],[-41.8454,-20.8466]]]}},{"type":"Feature","properties":{"cod_imovel":"RJ-3304102-F84C8C21ADDF41ACB0C27A535329AA59","mod_fiscal":"0.2319000000000000000000000000000","num_area":"6.9564000000000000000000000000000","ind_status":"AT","ind_tipo":"IRU","des_condic":"Aguardando analise","municipio":"Porciuncula","dat_criaca":"18/11/2015"},"geometry":{"type":"Polygon","coordinates":[[[-41.8932,-20.9222],[-41.8903,-20.9177],[-41.893,-20.9225],[-41.8932,-20.9222]]]}},{"type":"Feature","properties":{"cod_imovel":"RJ-3304102-E1B799077BE9482DB6CAE868B176ADD8","mod_fiscal":"0.1000000000000000000000000000000","num_area":"2.9994000000000000000000000000000","ind_status":"AT","ind_tipo":"IRU","des_condic":"Aguardando analise","municipio":"Porciuncula","dat_criaca":"12/11/2015"},"geometry":{"type":"Polygon","coordinates":[[[-41.8859,-20.8381],[-41.8856,-20.8356],[-41.8838,-20.8368],[-41.8859,-20.8381]]]}},{"type":"Feature","properties":{"cod_imovel":"RJ-3304102-CB5F7396E12C484FBE5FAAC5DEA59478","mod_fiscal":"0.0963000000000000000000000000000","num_area":"2.8884000000000000000000000000000","ind_status":"AT","ind_tipo":"IRU","des_condic":"Aguardando analise","municipio":"Porciuncula","dat_criaca":"01/10/2015"},"geometry":{"type":"Polygon","coordinates":[[[-41.8866,-20.8351],[-41.8913,-20.8376],[-41.887,-20.8351],[-41.8866,-20.8351]]]}},{"type":"Feature","properties":{"cod_imovel":"RJ-3304102-E75B68171BA34455A5FFB846238A56F6","mod_fiscal":"1.1545000000000000000000000000000","num_area":"34.635200000000000000000000000000","ind_status":"AT","ind_tipo":"IRU","des_condic":"Aguardando analise","municipio":"Porciuncula","dat_criaca":"04/09/2015"},"geometry":{"type":"Polygon","coordinates":[[[-41.9596,-20.8845],[-41.9546,-20.8857],[-41.9576,-20.891],[-41.9599,-20.8844],[-41.9596,-20.8845]]]}},{"type":"Feature","properties":{"cod_imovel":"RJ-3304102-4D4194043A2C4AB58B88DD2656F6BE98","mod_fiscal":"1.0123000000000000000000000000000","num_area":"30.370200000000000000000000000000","ind_status":"AT","ind_tipo":"IRU","des_condic":"Aguardando analise","municipio":"Porciuncula","dat_criaca":"19/08/2015"},"geometry":{"type":"Polygon","coordinates":[[[-41.9117,-20.8595],[-41.9138,-20.8594],[-41.9077,-20.8591],[-41.9017,-20.8644],[-41.9106,-20.8598],[-41.9117,-20.8595]]]}},{"type":"Feature","properties":{"cod_imovel":"RJ-3304102-51C43F9160F34E19B3BB1BB6CA71DE3D","mod_fiscal":"0.9886000000000000000000000000000","num_area":"29.656600000000000000000000000000","ind_status":"AT","ind_tipo":"IRU","des_condic":"Aguardando analise","municipio":"Porciuncula","dat_criaca":"29/07/2015"},"geometry":{"type":"Polygon","coordinates":[[[-41.8012,-20.8081],[-41.7995,-20.8053],[-41.7917,-20.8107],[-41.8016,-20.8106],[-41.8012,-20.8085],[-41.8012,-20.8081]]]}},{"type":"Feature","properties":{"cod_imovel":"RJ-3304102-34CC71129B514E6D8AB756A4B3D7DE16","mod_fiscal":"0.2924000000000000000000000000000","num_area":"8.7724000000000000000000000000000","ind_status":"AT","ind_tipo":"IRU","des_condic":"Aguardando analise","municipio":"Porciuncula","dat_criaca":"02/01/2024"},"geometry":{"type":"Polygon","coordinates":[[[-41.9939,-20.9478],[-41.9891,-20.9506],[-41.9939,-20.9478],[-41.9939,-20.9478]]]}},{"type":"Feature","properties":{"cod_imovel":"RJ-3304102-D755ED436BEA456AA9CBB53FA6CE2299","mod_fiscal":"0.2077000000000000000000000000000","num_area":"6.2297000000000000000000000000000","ind_status":"AT","ind_tipo":"IRU","des_condic":"Aguardando analise","municipio":"Porciuncula","dat_criaca":"09/12/2021"},"geometry":{"type":"Polygon","coordinates":[[[-41.8575,-20.8073],[-41.8556,-20.8088],[-41.8595,-20.8107],[-41.8575,-20.8073]]]}},{"type":"Feature","properties":{"cod_imovel":"RJ-3304102-0F5BBA74D2D843CC8123D1796CD70EB9","mod_fiscal":"2.2867000000000000000000000000000","num_area":"68.601200000000000000000000000000","ind_status":"AT","ind_tipo":"IRU","des_condic":"Aguardando analise","municipio":"Porciuncula","dat_criaca":"02/01/2015"},"geometry":{"type":"Polygon","coordinates":[[[-41.9299,-20.8894],[-41.9284,-20.8966],[-41.9225,-20.9002],[-41.9241,-20.9037],[-41.933,-20.8979],[-41.9299,-20.8894],[-41.9299,-20.8894]]]}},{"type":"Feature","properties":{"cod_imovel":"RJ-3304102-C672BF4C3D194A5CAEEC9161799927C6","mod_fiscal":"2.6063000000000000000000000000000","num_area":"78.187800000000000000000000000000","ind_status":"AT","ind_tipo":"IRU","des_condic":"Aguardando analise","municipio":"Porciuncula","dat_criaca":"02/01/2015"},"geometry":{"type":"Polygon","coordinates":[[[-41.9289,-20.8866],[-41.932,-20.8894],[-41.9432,-20.8824],[-41.9435,-20.8782],[-41.9401,-20.8766],[-41.9293,-20.8862],[-41.9289,-20.8866]]]}},{"type":"Feature","properties":{"cod_imovel":"RJ-3304102-24A717EF0C574D968EF0EC23AFF560CE","mod_fiscal":"0.5001000000000000000000000000000","num_area":"15.001600000000000000000000000000","ind_status":"AT","ind_tipo":"IRU","des_condic":"Em analise","municipio":"Porciuncula","dat_criaca":"04/02/2018"},"geometry":{"type":"Polygon","coordinates":[[[-41.8968,-20.8177],[-41.9,-20.8184],[-41.901,-20.8148],[-41.8971,-20.817],[-41.8968,-20.8177]]]}},{"type":"Feature","properties":{"cod_imovel":"RJ-3304102-77338EC48B7F4737ACEDCFAB875F64F9","mod_fiscal":"2.1702000000000000000000000000000","num_area":"65.105700000000000000000000000000","ind_status":"AT","ind_tipo":"IRU","des_condic":"Aguardando analise","municipio":"Porciuncula","dat_criaca":"03/05/2016"},"geometry":{"type":"Polygon","coordinates":[[[-42.0307,-21.0109],[-42.0333,-21.0094],[-42.028,-21.0064],[-42.0296,-21.0169],[-42.0397,-21.017],[-42.038,-21.0142],[-42.0307,-21.0109]]]}},{"type":"Feature","properties":{"cod_imovel":"RJ-3304102-56F17C42BEB949B39563BD62E7037390","mod_fiscal":"1.3339000000000000000000000000000","num_area":"40.017100000000000000000000000000","ind_status":"AT","ind_tipo":"IRU","des_condic":"Aguardando analise","municipio":"Porciuncula","dat_criaca":"30/12/2021"},"geometry":{"type":"Polygon","coordinates":[[[-42.0848,-20.9521],[-42.0829,-20.9456],[-42.0791,-20.9498],[-42.0809,-20.9549],[-42.0842,-20.9526],[-42.0848,-20.9521]]]}},{"type":"Feature","properties":{"cod_imovel":"RJ-3304102-7F57EA0BA5EB4EC88B2BF026BC63177C","mod_fiscal":"1.8800000000000000000000000000000","num_area":"56.399300000000000000000000000000","ind_status":"AT","ind_tipo":"IRU","des_condic":"Aguardando analise","municipio":"Porciuncula","dat_criaca":"02/09/2021"},"geometry":{"type":"Polygon","coordinates":[[[-41.9574,-20.8973],[-41.9574,-20.8942],[-41.9525,-20.895],[-41.9488,-20.9005],[-41.9499,-20.9045],[-41.952,-20.9058],[-41.9554,-20.9017],[-41.9494,-20.8993],[-41.9585,-20.8999],[-41.9575,-20.8976],[-41.9574,-20.8973]]]}},{"type":"Feature","properties":{"cod_imovel":"RJ-3304102-9CE3A1B138744C3780D1D944B7CB82F8","mod_fiscal":"0.3474000000000000000000000000000","num_area":"10.422200000000000000000000000000","ind_status":"AT","ind_tipo":"IRU","des_condic":"Aguardando analise","municipio":"Porciuncula","dat_criaca":"11/05/2021"},"geometry":{"type":"Polygon","coordinates":[[[-41.898,-20.8392],[-41.8949,-20.8385],[-41.8972,-20.8427],[-41.898,-20.8403],[-41.898,-20.8392]]]}},{"type":"Feature","properties":{"cod_imovel":"RJ-3304102-EEDF51A03C84467491BD744AFEFD1D4F","mod_fiscal":"0.0668000000000000000000000000000","num_area":"2.0045000000000000000000000000000","ind_status":"AT","ind_tipo":"IRU","des_condic":"Aguardando analise","municipio":"Porciuncula","dat_criaca":"06/04/2023"},"geometry":{"type":"Polygon","coordinates":[[[-42.0719,-20.9539],[-42.0695,-20.9549],[-42.0716,-20.9541],[-42.0719,-20.9539]]]}},{"type":"Feature","properties":{"cod_imovel":"RJ-3304102-FDBE5897BBB6417F99C34681B550534C","mod_fiscal":"3.3670000000000000000000000000000","num_area":"101.00990000000000000000000000000","ind_status":"AT","ind_tipo":"IRU","des_condic":"Aguardando analise","municipio":"Porciuncula","dat_criaca":"30/03/2022"},"geometry":{"type":"Polygon","coordinates":[[[-42.0971,-20.9542],[-42.0999,-20.9516],[-42.0975,-20.9482],[-42.0987,-20.9407],[-42.0896,-20.9415],[-42.0911,-20.9488],[-42.0963,-20.9541],[-42.0971,-20.9542]]]}},{"type":"Feature","properties":{"cod_imovel":"RJ-3304102-076D404B25094CC7B362202D36358BD8","mod_fiscal":"0.4633000000000000000000000000000","num_area":"13.898900000000000000000000000000","ind_status":"AT","ind_tipo":"IRU","des_condic":"Aguardando analise","municipio":"Porciuncula","dat_criaca":"15/08/2022"},"geometry":{"type":"Polygon","coordinates":[[[-41.8466,-20.7872],[-41.8506,-20.7834],[-41.8452,-20.7871],[-41.8466,-20.7872]]]}},{"type":"Feature","properties":{"cod_imovel":"RJ-3304102-EE01AA5F96024ECBA7DA6C4DCDA59417","mod_fiscal":"0.4648000000000000000000000000000","num_area":"13.944500000000000000000000000000","ind_status":"AT","ind_tipo":"IRU","des_condic":"Aguardando analise","municipio":"Porciuncula","dat_criaca":"15/08/2022"},"geometry":{"type":"Polygon","coordinates":[[[-41.8512,-20.7837],[-41.8467,-20.7877],[-41.8521,-20.7849],[-41.8512,-20.7837]]]}},{"type":"Feature","properties":{"cod_imovel":"RJ-3304102-2AF27A1961544F9696AB2B1D667E9744","mod_fiscal":"0.2273000000000000000000000000000","num_area":"6.8170000000000000000000000000000","ind_status":"AT","ind_tipo":"IRU","des_condic":"Aguardando analise","municipio":"Porciuncula","dat_criaca":"22/06/2022"},"geometry":{"type":"Polygon","coordinates":[[[-41.8487,-20.7761],[-41.8493,-20.7731],[-41.8484,-20.7758],[-41.8487,-20.7761]]]}},{"type":"Feature","properties":{"cod_imovel":"RJ-3304102-F3E983AB440E47D1B29CDEE78EF6AC29","mod_fiscal":"1.0307000000000000000000000000000","num_area":"30.921500000000000000000000000000","ind_status":"AT","ind_tipo":"IRU","des_condic":"Aguardando analise","municipio":"Porciuncula","dat_criaca":"07/05/2021"},"geometry":{"type":"Polygon","coordinates":[[[-42.0504,-20.9518],[-42.0523,-20.9427],[-42.048,-20.9458],[-42.0494,-20.9515],[-42.0504,-20.9518]]]}},{"type":"Feature","properties":{"cod_imovel":"RJ-3304102-67ACF542321B42FB86415ACACD0BE572","mod_fiscal":"0.3608000000000000000000000000000","num_area":"10.823300000000000000000000000000","ind_status":"AT","ind_tipo":"IRU","des_condic":"Aguardando analise","municipio":"Porciuncula","dat_criaca":"04/05/2022"},"geometry":{"type":"Polygon","coordinates":[[[-41.9323,-20.9193],[-41.936,-20.9231],[-41.9368,-20.9195],[-41.9324,-20.9192],[-41.9323,-20.9193]]]}},{"type":"Feature","properties":{"cod_imovel":"RJ-3304102-D8297FC111A94460B0ADD4764C65985D","mod_fiscal":"0.5835000000000000000000000000000","num_area":"17.504600000000000000000000000000","ind_status":"AT","ind_tipo":"IRU","des_condic":"Aguardando analise","municipio":"Porciuncula","dat_criaca":"13/08/2021"},"geometry":{"type":"Polygon","coordinates":[[[-41.9999,-20.9415],[-41.9992,-20.9387],[-41.9991,-20.947],[-42.0,-20.9421],[-41.9999,-20.9415]]]}},{"type":"Feature","properties":{"cod_imovel":"RJ-3304102-07717E6DBA7A4ADF83D237579BBB0626","mod_fiscal":"0.6318000000000000000000000000000","num_area":"18.953500000000000000000000000000","ind_status":"AT","ind_tipo":"IRU","des_condic":"Aguardando analise","municipio":"Porciuncula","dat_criaca":"09/07/2023"},"geometry":{"type":"Polygon","coordinates":[[[-42.0001,-20.9388],[-42.0004,-20.9307],[-41.9972,-20.9366],[-41.9992,-20.9385],[-42.0001,-20.9388]]]}},{"type":"Feature","properties":{"cod_imovel":"RJ-3304102-FF4017F28ADF4990938252397F6B1CEF","mod_fiscal":"1.9161000000000000000000000000000","num_area":"57.483300000000000000000000000000","ind_status":"AT","ind_tipo":"IRU","des_condic":"Aguardando analise","municipio":"Porciuncula","dat_criaca":"11/07/2023"},"geometry":{"type":"Polygon","coordinates":[[[-41.9648,-20.9552],[-41.9702,-20.9555],[-41.971,-20.9528],[-41.9686,-20.9447],[-41.9659,-20.9458],[-41.9648,-20.9552]]]}},{"type":"Feature","properties":{"cod_imovel":"RJ-3304102-AE2F907A30B446F5A1154BC225D3D9C1","mod_fiscal":"1.1477000000000000000000000000000","num_area":"31.791000000000000000000000000000","ind_status":"AT","ind_tipo":"IRU","des_condic":"Aguardando analise","municipio":"Porciuncula","dat_criaca":"23/08/2023"},"geometry":{"type":"Polygon","coordinates":[[[-41.8751,-20.7711],[-41.8771,-20.7677],[-41.8667,-20.7646],[-41.8742,-20.7706],[-41.8751,-20.7711]]]}},{"type":"Feature","properties":{"cod_imovel":"RJ-3304102-2EEA74A86CFD4BF79B2653AF9C685EDA","mod_fiscal":"0.8868000000000000000000000000000","num_area":"26.582800000000000000000000000000","ind_status":"AT","ind_tipo":"IRU","des_condic":"Aguardando analise","municipio":"Porciuncula","dat_criaca":"03/08/2023"},"geometry":{"type":"Polygon","coordinates":[[[-41.8284,-20.7966],[-41.8259,-20.8028],[-41.8314,-20.8022],[-41.8291,-20.7976],[-41.8284,-20.7966]]]}},{"type":"Feature","properties":{"cod_imovel":"RJ-3304102-9FCDD30EC8BE40B798FA28C3F166091B","mod_fiscal":"1.1098000000000000000000000000000","num_area":"33.292600000000000000000000000000","ind_status":"AT","ind_tipo":"IRU","des_condic":"Aguardando analise","municipio":"Porciuncula","dat_criaca":"07/07/2016"},"geometry":{"type":"Polygon","coordinates":[[[-42.0889,-20.9555],[-42.0874,-20.9604],[-42.0952,-20.9524],[-42.0892,-20.9552],[-42.0889,-20.9555]]]}},{"type":"Feature","properties":{"cod_imovel":"RJ-3304102-99912F94C46E4DF7849056D015BC6DEF","mod_fiscal":"3.0825000000000000000000000000000","num_area":"92.475700000000000000000000000000","ind_status":"AT","ind_tipo":"IRU","des_condic":"Analisado, em conformidade com a Lei n 12.651/2012","municipio":"Porciuncula","dat_criaca":"27/01/2016"},"geometry":{"type":"Polygon","coordinates":[[[-41.9307,-20.8562],[-41.9322,-20.8519],[-41.9263,-20.8524],[-41.9244,-20.8492],[-41.9197,-20.8549],[-41.9216,-20.8602],[-41.9307,-20.8562],[-41.9307,-20.8562]]]}},{"type":"Feature","properties":{"cod_imovel":"RJ-3304102-87A77D4A65204EB68E1B5CB6A846C3BB","mod_fiscal":"3.6361000000000000000000000000000","num_area":"109.07990000000000000000000000000","ind_status":"AT","ind_tipo":"IRU","des_condic":"Analisado, em conformidade com a Lei n 12.651/2012","municipio":"Porciuncula","dat_criaca":"28/03/2017"},"geometry":{"type":"Polygon","coordinates":[[[-41.8802,-20.7805],[-41.8796,-20.7732],[-41.8757,-20.7718],[-41.8716,-20.7797],[-41.8732,-20.7856],[-41.8794,-20.7875],[-41.8809,-20.781],[-41.8802,-20.7805]]]}},{"type":"Feature","properties":{"cod_imovel":"RJ-3304102-105DE244F5F74EC78FE65BEC120903FF","mod_fiscal":"0.8249000000000000000000000000000","num_area":"24.746000000000000000000000000000","ind_status":"AT","ind_tipo":"IRU","des_condic":"Analisado, em conformidade com a Lei n 12.651/2012","municipio":"Porciuncula","dat_criaca":"25/12/2015"},"geometry":{"type":"Polygon","coordinates":[[[-42.0856,-21.0026],[-42.0919,-21.0088],[-42.0939,-21.0063],[-42.0866,-21.0014],[-42.0856,-21.0026]]]}},{"type":"Feature","properties":{"cod_imovel":"RJ-3304102-119BA343FB08493E8D460C9ED70ABCFD","mod_fiscal":"0.1720000000000000000000000000000","num_area":"5.1587000000000000000000000000000","ind_status":"AT","ind_tipo":"IRU","des_condic":"Analisado, em conformidade com a Lei n 12.651/2012","municipio":"Porciuncula","dat_criaca":"08/05/2018"},"geometry":{"type":"Polygon","coordinates":[[[-41.9328,-20.8519],[-41.9317,-20.8566],[-41.9328,-20.852],[-41.9328,-20.8519]]]}},{"type":"Feature","properties":{"cod_imovel":"RJ-3304102-2FEFC3569C4A4F40BB456D5B17710080","mod_fiscal":"0.1615000000000000000000000000000","num_area":"4.8446000000000000000000000000000","ind_status":"AT","ind_tipo":"IRU","des_condic":"Aguardando analise","municipio":"Porciuncula","dat_criaca":"04/01/2020"},"geometry":{"type":"Polygon","coordinates":[[[-41.897,-20.8525],[-41.8946,-20.8509],[-41.897,-20.8525],[-41.897,-20.8525]]]}},{"type":"Feature","properties":{"cod_imovel":"RJ-3304102-E96457C4ED564B1AA2F74710471D0594","mod_fiscal":"9.1044000000000000000000000000000","num_area":"273.09350000000000000000000000000","ind_status":"PE","ind_tipo":"IRU","des_condic":"Analisado, aguardando atendimento a notificacao","municipio":"Porciuncula","dat_criaca":"11/12/2018"},"geometry":{"type":"Polygon","coordinates":[[[-42.1031,-20.993],[-42.1082,-21.002],[-42.1067,-21.0056],[-42.1132,-21.0083],[-42.1088,-21.0138],[-42.1156,-21.0104],[-42.1173,-21.0014],[-42.1254,-21.002],[-42.1275,-20.9994],[-42.1118,-20.9895],[-42.1062,-20.9923],[-42.1024,-20.9905],[-42.1031,-20.993]]]}},{"type":"Feature","properties":{"cod_imovel":"RJ-3304102-DD2FC863391247C5BD5E1C3989BB4CA2","mod_fiscal":"0.1265000000000000000000000000000","num_area":"3.7944000000000000000000000000000","ind_status":"AT","ind_tipo":"IRU","des_condic":"Aguardando analise","municipio":"Porciuncula","dat_criaca":"31/12/2020"},"geometry":{"type":"Polygon","coordinates":[[[-42.0184,-20.9397],[-42.0225,-20.9347],[-42.0182,-20.9395],[-42.0184,-20.9397]]]}},{"type":"Feature","properties":{"cod_imovel":"RJ-3304102-BFB9765554F240259D660276E80560A0","mod_fiscal":"0.1623000000000000000000000000000","num_area":"4.8678000000000000000000000000000","ind_status":"AT","ind_tipo":"IRU","des_condic":"Aguardando analise","municipio":"Porciuncula","dat_criaca":"04/11/2014"},"geometry":{"type":"Polygon","coordinates":[[[-41.9498,-20.9281],[-41.9488,-20.9248],[-41.949,-20.9287],[-41.9498,-20.9281]]]}},{"type":"Feature","properties":{"cod_imovel":"RJ-3304102-DA5F792D8F0C4D579B01B29A47A50567","mod_fiscal":"0.9386000000000000000000000000000","num_area":"28.157500000000000000000000000000","ind_status":"AT","ind_tipo":"IRU","des_condic":"Aguardando analise","municipio":"Porciuncula","dat_criaca":"25/02/2017"},"geometry":{"type":"Polygon","coordinates":[[[-42.1317,-20.9737],[-42.1241,-20.9753],[-42.1261,-20.9796],[-42.1313,-20.9745],[-42.1317,-20.9737]]]}},{"type":"Feature","properties":{"cod_imovel":"RJ-3304102-874F9C9029FA4087A394AC363E2F718B","mod_fiscal":"0.6961000000000000000000000000000","num_area":"20.881900000000000000000000000000","ind_status":"AT","ind_tipo":"IRU","des_condic":"Aguardando analise","municipio":"Porciuncula","dat_criaca":"07/04/2016"},"geometry":{"type":"Polygon","coordinates":[[[-41.8424,-20.8184],[-41.8363,-20.8233],[-41.8386,-20.8247],[-41.8424,-20.8188],[-41.8424,-20.8184]]]}},{"type":"Feature","properties":{"cod_imovel":"RJ-3304102-83F5194D13FF4EDEA9890AEFCD3F50C3","mod_fiscal":"0.5009000000000000000000000000000","num_area":"15.026300000000000000000000000000","ind_status":"PE","ind_tipo":"IRU","des_condic":"Analisado, aguardando atendimento a notificacao","municipio":"Porciuncula","dat_criaca":"01/03/2016"},"geometry":{"type":"Polygon","coordinates":[[[-41.9311,-20.8666],[-41.934,-20.8654],[-41.9322,-20.8586],[-41.931,-20.8665],[-41.9311,-20.8666]]]}},{"type":"Feature","properties":{"cod_imovel":"RJ-3304102-5D2C10D3E5F94A119C4891C46AC43171","mod_fiscal":"0.2750000000000000000000000000000","num_area":"8.2504000000000000000000000000000","ind_status":"CA","ind_tipo":"IRU","des_condic":"Cancelado por decisao administrativa","municipio":"Porciuncula","dat_criaca":"04/05/2016"},"geometry":{"type":"Polygon","coordinates":[[[-41.8738,-20.8109],[-41.8704,-20.8132],[-41.8745,-20.8124],[-41.8738,-20.8109]]]}},{"type":"Feature","properties":{"cod_imovel":"RJ-3304102-0FEA4B35C6E447A3A663E582981B0ACF","mod_fiscal":"1.0675000000000000000000000000000","num_area":"32.024800000000000000000000000000","ind_status":"AT","ind_tipo":"IRU","des_condic":"Aguardando analise","municipio":"Porciuncula","dat_criaca":"27/04/2015"},"geometry":{"type":"Polygon","coordinates":[[[-42.0673,-20.9635],[-42.0711,-20.9673],[-42.0774,-20.9576],[-42.0723,-20.9629],[-42.0675,-20.9632],[-42.0673,-20.9635]]]}},{"type":"Feature","properties":{"cod_imovel":"RJ-3304102-A8674DC6334F44E69EAA2FCDCBDDF164","mod_fiscal":"0.8304000000000000000000000000000","num_area":"24.911500000000000000000000000000","ind_status":"AT","ind_tipo":"IRU","des_condic":"Aguardando analise","municipio":"Porciuncula","dat_criaca":"13/05/2021"},"geometry":{"type":"Polygon","coordinates":[[[-41.9269,-20.8792],[-41.921,-20.8804],[-41.9318,-20.88],[-41.9269,-20.8763],[-41.9269,-20.8792],[-41.9269,-20.8792]]]}},{"type":"Feature","properties":{"cod_imovel":"RJ-3304102-0414205E098248FCAD2D85A8B864833D","mod_fiscal":"0.5376000000000000000000000000000","num_area":"16.127400000000000000000000000000","ind_status":"CA","ind_tipo":"IRU","des_condic":"Cancelado por duplicidade","municipio":"Porciuncula","dat_criaca":"17/04/2015"},"geometry":{"type":"Polygon","coordinates":[[[-42.059,-21.0041],[-42.0515,-21.0069],[-42.0589,-21.0046],[-42.059,-21.0041]]]}},{"type":"Feature","properties":{"cod_imovel":"RJ-3304102-F9CA00E253894594A7579796ECB12E1E","mod_fiscal":"1.0632000000000000000000000000000","num_area":"31.896000000000000000000000000000","ind_status":"CA","ind_tipo":"IRU","des_condic":"Cancelado por duplicidade","municipio":"Porciuncula","dat_criaca":"10/11/2015"},"geometry":{"type":"Polygon","coordinates":[[[-41.9026,-20.8729],[-41.9006,-20.8691],[-41.8962,-20.8719],[-41.8988,-20.8759],[-41.9025,-20.8732],[-41.9026,-20.8729]]]}},{"type":"Feature","properties":{"cod_imovel":"RJ-3304102-648E20AD91764E1C97B3EE3A7D849CAE","mod_fiscal":"2.4893000000000000000000000000000","num_area":"74.678200000000000000000000000000","ind_status":"CA","ind_tipo":"IRU","des_condic":"Cancelado por duplicidade","municipio":"Porciuncula","dat_criaca":"30/03/2015"},"geometry":{"type":"Polygon","coordinates":[[[-42.0802,-21.0023],[-42.0807,-21.0102],[-42.0862,-21.0048],[-42.0857,-20.9961],[-42.0805,-21.002],[-42.0802,-21.0023]]]}},{"type":"Feature","properties":{"cod_imovel":"RJ-3304102-F53C73A8F8DB4D8A8173433E7787E6EA","mod_fiscal":"0.3004000000000000000000000000000","num_area":"9.0115000000000000000000000000000","ind_status":"CA","ind_tipo":"IRU","des_condic":"Cancelado por duplicidade","municipio":"Porciuncula","dat_criaca":"01/05/2016"},"geometry":{"type":"Polygon","coordinates":[[[-41.8296,-20.8376],[-41.8265,-20.8403],[-41.8305,-20.8403],[-41.8296,-20.8381],[-41.8296,-20.8376]]]}},{"type":"Feature","properties":{"cod_imovel":"RJ-3304102-87DFB156F290454EBBB0C867A0F134CE","mod_fiscal":"0.2062000000000000000000000000000","num_area":"6.1856000000000000000000000000000","ind_status":"CA","ind_tipo":"IRU","des_condic":"Cancelado por duplicidade","municipio":"Porciuncula","dat_criaca":"05/05/2016"},"geometry":{"type":"Polygon","coordinates":[[[-41.8696,-20.7747],[-41.868,-20.7714],[-41.8664,-20.7733],[-41.8689,-20.775],[-41.8696,-20.7747]]]}},{"type":"Feature","properties":{"cod_imovel":"RJ-3304102-DFF5D233AEF54B0CB8A4171FE1EF49FE","mod_fiscal":"0.6139000000000000000000000000000","num_area":"18.418100000000000000000000000000","ind_status":"AT","ind_tipo":"IRU","des_condic":"Aguardando analise","municipio":"Porciuncula","dat_criaca":"01/03/2019"},"geometry":{"type":"Polygon","coordinates":[[[-41.9031,-20.8459],[-41.897,-20.843],[-41.895,-20.8455],[-41.9031,-20.8459]]]}},{"type":"Feature","properties":{"cod_imovel":"RJ-3304102-25F52403DBB94E29954842554D048378","mod_fiscal":"0.6458000000000000000000000000000","num_area":"19.375300000000000000000000000000","ind_status":"AT","ind_tipo":"IRU","des_condic":"Aguardando analise","municipio":"Porciuncula","dat_criaca":"26/10/2022"},"geometry":{"type":"Polygon","coordinates":[[[-41.9363,-20.9297],[-41.9399,-20.9275],[-41.9351,-20.9238],[-41.9364,-20.9284],[-41.9363,-20.9297]]]}},{"type":"Feature","properties":{"cod_imovel":"RJ-3304102-78E6320010624F2B94322233750E9E2C","mod_fiscal":"0.1561000000000000000000000000000","num_area":"4.6299000000000000000000000000000","ind_status":"AT","ind_tipo":"IRU","des_condic":"Aguardando analise","municipio":"Porciuncula","dat_criaca":"15/04/2016"},"geometry":{"type":"Polygon","coordinates":[[[-41.8289,-20.7954],[-41.8307,-20.7976],[-41.8291,-20.7954],[-41.8289,-20.7954]]]}},{"type":"Feature","properties":{"cod_imovel":"RJ-3304102-1AB4409B6B2F4F29844DFA84E508A3AF","mod_fiscal":"0.2076000000000000000000000000000","num_area":"6.2292000000000000000000000000000","ind_status":"AT","ind_tipo":"IRU","des_condic":"Aguardando analise","municipio":"Porciuncula","dat_criaca":"11/09/2021"},"geometry":{"type":"Polygon","coordinates":[[[-41.989,-20.9457],[-41.9902,-20.9487],[-41.9905,-20.9461],[-41.989,-20.9457]]]}},{"type":"Feature","properties":{"cod_imovel":"RJ-3304102-E763C5CE246B435D804207E960841117","mod_fiscal":"2.6491000000000000000000000000000","num_area":"79.472600000000000000000000000000","ind_status":"AT","ind_tipo":"IRU","des_condic":"Aguardando analise","municipio":"Porciuncula","dat_criaca":"22/03/2015"},"geometry":{"type":"Polygon","coordinates":[[[-42.0669,-20.9916],[-42.0616,-21.0022],[-42.0683,-21.0025],[-42.0739,-20.9957],[-42.0673,-20.9918],[-42.0669,-20.9916]]]}},{"type":"Feature","properties":{"cod_imovel":"RJ-3304102-971A288618424BE489AB303827406496","mod_fiscal":"0.2884000000000000000000000000000","num_area":"8.6535000000000000000000000000000","ind_status":"CA","ind_tipo":"IRU","des_condic":"Cancelado por decisao administrativa","municipio":"Porciuncula","dat_criaca":"29/04/2019"},"geometry":{"type":"Polygon","coordinates":[[[-41.9461,-20.9246],[-41.9438,-20.9261],[-41.9474,-20.9304],[-41.9494,-20.9285],[-41.947,-20.927],[-41.9461,-20.9246]]]}},{"type":"Feature","properties":{"cod_imovel":"RJ-3304102-30D755652AC34A149DA9610AF4E7F184","mod_fiscal":"0.5854000000000000000000000000000","num_area":"17.561400000000000000000000000000","ind_status":"AT","ind_tipo":"IRU","des_condic":"Aguardando analise","municipio":"Porciuncula","dat_criaca":"12/04/2016"},"geometry":{"type":"Polygon","coordinates":[[[-41.9128,-20.8311],[-41.9085,-20.8311],[-41.912,-20.836],[-41.9134,-20.8323],[-41.9128,-20.8311]]]}},{"type":"Feature","properties":{"cod_imovel":"RJ-3304102-156E63AF6BF843BEB41AE4F0D1C0D6BB","mod_fiscal":"0.1348000000000000000000000000000","num_area":"4.0446000000000000000000000000000","ind_status":"AT","ind_tipo":"IRU","des_condic":"Aguardando analise","municipio":"Porciuncula","dat_criaca":"29/09/2014"},"geometry":{"type":"Polygon","coordinates":[[[-42.0011,-20.9532],[-42.0003,-20.9564],[-42.0025,-20.9534],[-42.0011,-20.9532]]]}},{"type":"Feature","properties":{"cod_imovel":"RJ-3304102-5C69D7D13ED04C2B87F5164D4F44D12C","mod_fiscal":"0.0671000000000000000000000000000","num_area":"2.0125000000000000000000000000000","ind_status":"AT","ind_tipo":"IRU","des_condic":"Aguardando analise","municipio":"Porciuncula","dat_criaca":"22/02/2022"},"geometry":{"type":"Polygon","coordinates":[[[-41.9216,-20.8071],[-41.9208,-20.8097],[-41.9223,-20.8075],[-41.9216,-20.8071]]]}},{"type":"Feature","properties":{"cod_imovel":"RJ-3304102-01785737703640FB982E4D262B1004B7","mod_fiscal":"0.1758000000000000000000000000000","num_area":"5.2736000000000000000000000000000","ind_status":"AT","ind_tipo":"IRU","des_condic":"Aguardando analise","municipio":"Porciuncula","dat_criaca":"01/08/2016"},"geometry":{"type":"Polygon","coordinates":[[[-42.0756,-20.9534],[-42.0793,-20.953],[-42.0719,-20.9537],[-42.0752,-20.9534],[-42.0756,-20.9534]]]}},{"type":"Feature","properties":{"cod_imovel":"RJ-3304102-F6AD3161147C4978A36966E7F1C84E87","mod_fiscal":"0.7015000000000000000000000000000","num_area":"21.043900000000000000000000000000","ind_status":"CA","ind_tipo":"IRU","des_condic":"Cancelado por decisao administrativa","municipio":"Porciuncula","dat_criaca":"22/07/2015"},"geometry":{"type":"Polygon","coordinates":[[[-41.9265,-20.8522],[-41.9325,-20.8518],[-41.9266,-20.8483],[-41.9262,-20.8519],[-41.9265,-20.8522]]]}},{"type":"Feature","properties":{"cod_imovel":"RJ-3304102-5E8F6273BDAF4A219448E97439420CC0","mod_fiscal":"0.5257000000000000000000000000000","num_area":"15.535800000000000000000000000000","ind_status":"AT","ind_tipo":"IRU","des_condic":"Aguardando analise","municipio":"Porciuncula","dat_criaca":"19/07/2020"},"geometry":{"type":"Polygon","coordinates":[[[-42.0183,-20.9348],[-42.0177,-20.9264],[-42.0181,-20.9328],[-42.0183,-20.9348]]]}},{"type":"Feature","properties":{"cod_imovel":"RJ-3304102-B330946A3B434F2A84CA3A903756F537","mod_fiscal":"5.4045000000000000000000000000000","num_area":"162.12690000000000000000000000000","ind_status":"PE","ind_tipo":"IRU","des_condic":"Aguardando analise","municipio":"Porciuncula","dat_criaca":"29/04/2016"},"geometry":{"type":"Polygon","coordinates":[[[-42.0941,-21.0063],[-42.0851,-21.0177],[-42.0882,-21.0221],[-42.1057,-21.014],[-42.0942,-21.0063],[-42.0941,-21.0063]]]}},{"type":"Feature","properties":{"cod_imovel":"RJ-3304102-8D32C54C17CD442882A2A0D3C59C7DD7","mod_fiscal":"0.0730000000000000000000000000000","num_area":"2.1915000000000000000000000000000","ind_status":"AT","ind_tipo":"IRU","des_condic":"Aguardando analise","municipio":"Porciuncula","dat_criaca":"19/05/2021"},"geometry":{"type":"Polygon","coordinates":[[[-41.8597,-20.7913],[-41.8584,-20.7893],[-41.8592,-20.7915],[-41.8597,-20.7913]]]}},{"type":"Feature","properties":{"cod_imovel":"RJ-3304102-9B29B9765B82409E8FD58EB2BC852207","mod_fiscal":"5.3396000000000000000000000000000","num_area":"160.18850000000000000000000000000","ind_status":"PE","ind_tipo":"IRU","des_condic":"Analisado, aguardando atendimento a notificacao","municipio":"Porciuncula","dat_criaca":"22/04/2015"},"geometry":{"type":"Polygon","coordinates":[[[-42.135,-20.9606],[-42.1214,-20.9639],[-42.123,-20.9724],[-42.1426,-20.968],[-42.1355,-20.9616],[-42.135,-20.9606]]]}},{"type":"Feature","properties":{"cod_imovel":"RJ-3304102-E2AEBD7189F748B7BB20F2B6175A4F44","mod_fiscal":"0.4875000000000000000000000000000","num_area":"14.624100000000000000000000000000","ind_status":"AT","ind_tipo":"IRU","des_condic":"Aguardando analise","municipio":"Porciuncula","dat_criaca":"29/04/2016"},"geometry":{"type":"Polygon","coordinates":[[[-41.865,-20.8304],[-41.8668,-20.8393],[-41.8653,-20.8309],[-41.865,-20.8304]]]}},{"type":"Feature","properties":{"cod_imovel":"RJ-3304102-014875B01EF443F6A64AB7E38A8C0F65","mod_fiscal":"0.3005000000000000000000000000000","num_area":"9.0156000000000000000000000000000","ind_status":"AT","ind_tipo":"IRU","des_condic":"Aguardando analise","municipio":"Porciuncula","dat_criaca":"04/11/2019"},"geometry":{"type":"Polygon","coordinates":[[[-42.0876,-20.9851],[-42.0862,-20.9867],[-42.0906,-20.9884],[-42.0876,-20.9851],[-42.0876,-20.9851]]]}},{"type":"Feature","properties":{"cod_imovel":"RJ-3304102-01B094437D684A16919FA970F6804740","mod_fiscal":"0.0905000000000000000000000000000","num_area":"2.7145000000000000000000000000000","ind_status":"AT","ind_tipo":"IRU","des_condic":"Aguardando analise","municipio":"Porciuncula","dat_criaca":"15/03/2016"},"geometry":{"type":"Polygon","coordinates":[[[-41.8462,-20.7909],[-41.8484,-20.7933],[-41.8464,-20.7911],[-41.8462,-20.7909]]]}},{"type":"Feature","properties":{"cod_imovel":"RJ-3304102-024CEF148AFC41808DA4BD823EBBFF2F","mod_fiscal":"0.6204000000000000000000000000000","num_area":"18.613300000000000000000000000000","ind_status":"AT","ind_tipo":"IRU","des_condic":"Aguardando analise","municipio":"Porciuncula","dat_criaca":"27/08/2014"},"geometry":{"type":"Polygon","coordinates":[[[-41.9518,-20.9273],[-41.954,-20.9223],[-41.949,-20.9252],[-41.9509,-20.9273],[-41.9518,-20.9273]]]}},{"type":"Feature","properties":{"cod_imovel":"RJ-3304102-028BC8491D7345149E8C2955005FB599","mod_fiscal":"1.7766000000000000000000000000000","num_area":"53.298600000000000000000000000000","ind_status":"AT","ind_tipo":"IRU","des_condic":"Aguardando analise","municipio":"Porciuncula","dat_criaca":"12/03/2018"},"geometry":{"type":"Polygon","coordinates":[[[-41.8543,-20.8229],[-41.8531,-20.8254],[-41.8583,-20.8267],[-41.8655,-20.8245],[-41.855,-20.8188],[-41.8528,-20.8195],[-41.8544,-20.8224],[-41.8543,-20.8229]]]}},{"type":"Feature","properties":{"cod_imovel":"RJ-3304102-033D4574F2E7410A98F1C36C2CA90456","mod_fiscal":"0.1408000000000000000000000000000","num_area":"4.2251000000000000000000000000000","ind_status":"AT","ind_tipo":"IRU","des_condic":"Aguardando analise","municipio":"Porciuncula","dat_criaca":"05/05/2016"},"geometry":{"type":"Polygon","coordinates":[[[-41.8649,-20.7848],[-41.8623,-20.7862],[-41.8649,-20.7851],[-41.8649,-20.7848]]]}},{"type":"Feature","properties":{"cod_imovel":"RJ-3304102-03C0D47FB6E848DCB96D040544966AF9","mod_fiscal":"0.7272000000000000000000000000000","num_area":"21.815500000000000000000000000000","ind_status":"AT","ind_tipo":"IRU","des_condic":"Aguardando analise","municipio":"Porciuncula","dat_criaca":"28/10/2014"},"geometry":{"type":"Polygon","coordinates":[[[-41.8428,-20.8069],[-41.8455,-20.8058],[-41.8493,-20.8102],[-41.8501,-20.8073],[-41.8458,-20.8038],[-41.8428,-20.8069],[-41.8428,-20.8069]]]}},{"type":"Feature","properties":{"cod_imovel":"RJ-3304102-03C2B7C798B64E679CDAE7D2D5807758","mod_fiscal":"0.1482000000000000000000000000000","num_area":"4.4457000000000000000000000000000","ind_status":"AT","ind_tipo":"IRU","des_condic":"Aguardando analise","municipio":"Porciuncula","dat_criaca":"15/02/2016"},"geometry":{"type":"Polygon","coordinates":[[[-41.8969,-20.798],[-41.8993,-20.7982],[-41.8967,-20.7972],[-41.8969,-20.798]]]}},{"type":"Feature","properties":{"cod_imovel":"RJ-3304102-04A8E60836FF4843AA4DCB1BD2070EA3","mod_fiscal":"1.0392000000000000000000000000000","num_area":"31.177000000000000000000000000000","ind_status":"AT","ind_tipo":"IRU","des_condic":"Aguardando analise","municipio":"Porciuncula","dat_criaca":"04/05/2016"},"geometry":{"type":"Polygon","coordinates":[[[-41.9145,-20.8235],[-41.9128,-20.8266],[-41.9191,-20.8281],[-41.919,-20.8241],[-41.9145,-20.8231],[-41.9145,-20.8235]]]}},{"type":"Feature","properties":{"cod_imovel":"RJ-3304102-04F005BC9DCD4199A9B51FC73C903234","mod_fiscal":"0.2230000000000000000000000000000","num_area":"6.6900000000000000000000000000000","ind_status":"AT","ind_tipo":"IRU","des_condic":"Aguardando analise","municipio":"Porciuncula","dat_criaca":"02/05/2016"},"geometry":{"type":"Polygon","coordinates":[[[-41.8491,-20.8219],[-41.8503,-20.8269],[-41.8494,-20.8217],[-41.8491,-20.8219]]]}},{"type":"Feature","properties":{"cod_imovel":"RJ-3304102-06557006F82C4015B239D6425E01B8CD","mod_fiscal":"0.7992000000000000000000000000000","num_area":"23.976600000000000000000000000000","ind_status":"AT","ind_tipo":"IRU","des_condic":"Aguardando analise","municipio":"Porciuncula","dat_criaca":"03/08/2019"},"geometry":{"type":"Polygon","coordinates":[[[-42.0226,-21.0132],[-42.0184,-21.0077],[-42.0116,-21.0129],[-42.0166,-21.0103],[-42.022,-21.0131],[-42.0226,-21.0132]]]}},{"type":"Feature","properties":{"cod_imovel":"RJ-3304102-0AB938B5BE424DD793458955136E7550","mod_fiscal":"0.6734000000000000000000000000000","num_area":"20.201000000000000000000000000000","ind_status":"AT","ind_tipo":"IRU","des_condic":"Aguardando analise","municipio":"Porciuncula","dat_criaca":"09/06/2015"},"geometry":{"type":"Polygon","coordinates":[[[-41.9009,-20.8489],[-41.8942,-20.851],[-41.8958,-20.853],[-41.9012,-20.8505],[-41.9009,-20.8489]]]}},{"type":"Feature","properties":{"cod_imovel":"RJ-3304102-07B83EA78D1246D6A9A6C3125B9F5038","mod_fiscal":"0.9041000000000000000000000000000","num_area":"27.124400000000000000000000000000","ind_status":"AT","ind_tipo":"IRU","des_condic":"Aguardando analise","municipio":"Porciuncula","dat_criaca":"04/05/2016"},"geometry":{"type":"Polygon","coordinates":[[[-41.8531,-20.8069],[-41.8548,-20.8082],[-41.8463,-20.8018],[-41.849,-20.8094],[-41.8514,-20.8079],[-41.8531,-20.8069]]]}},{"type":"Feature","properties":{"cod_imovel":"RJ-3304102-08375B0B82E3458D9AAC0BD5A6C23739","mod_fiscal":"0.9147000000000000000000000000000","num_area":"27.441800000000000000000000000000","ind_status":"AT","ind_tipo":"IRU","des_condic":"Aguardando analise","municipio":"Porciuncula","dat_criaca":"05/05/2017"},"geometry":{"type":"Polygon","coordinates":[[[-41.8913,-20.7901],[-41.8894,-20.7972],[-41.8945,-20.7925],[-41.8921,-20.787],[-41.8916,-20.7897],[-41.8913,-20.7901]]]}},{"type":"Feature","properties":{"cod_imovel":"RJ-3304102-091E5EE386CB48C6A07B3E76476E7B8A","mod_fiscal":"5.8759000000000000000000000000000","num_area":"176.27700000000000000000000000000","ind_status":"AT","ind_tipo":"IRU","des_condic":"Aguardando analise","municipio":"Porciuncula","dat_criaca":"11/05/2018"},"geometry":{"type":"Polygon","coordinates":[[[-41.8385,-20.81],[-41.8321,-20.8089],[-41.8347,-20.8146],[-41.824,-20.8211],[-41.8254,-20.8292],[-41.8358,-20.8244],[-41.8409,-20.8119],[-41.8388,-20.81],[-41.8385,-20.81]]]}},{"type":"Feature","properties":{"cod_imovel":"RJ-3304102-09D7DA0C0F154A4CABD7C657183264D3","mod_fiscal":"0.2512000000000000000000000000000","num_area":"7.5350000000000000000000000000000","ind_status":"AT","ind_tipo":"IRU","des_condic":"Aguardando analise","municipio":"Porciuncula","dat_criaca":"23/03/2016"},"geometry":{"type":"Polygon","coordinates":[[[-41.8882,-20.8442],[-41.8916,-20.8464],[-41.8852,-20.8406],[-41.888,-20.8442],[-41.8882,-20.8442]]]}},{"type":"Feature","properties":{"cod_imovel":"RJ-3304102-0A2F9B437CBD473EA21B148B9771ED8A","mod_fiscal":"0.3980000000000000000000000000000","num_area":"11.939200000000000000000000000000","ind_status":"AT","ind_tipo":"IRU","des_condic":"Aguardando analise","municipio":"Porciuncula","dat_criaca":"20/04/2016"},"geometry":{"type":"Polygon","coordinates":[[[-41.8293,-20.7951],[-41.8348,-20.7964],[-41.8297,-20.7949],[-41.8293,-20.7951]]]}},{"type":"Feature","properties":{"cod_imovel":"RJ-3304102-0A834A8FE8414F4E947732A7947BA43B","mod_fiscal":"0.1918000000000000000000000000000","num_area":"5.7552000000000000000000000000000","ind_status":"AT","ind_tipo":"IRU","des_condic":"Aguardando analise","municipio":"Porciuncula","dat_criaca":"25/02/2019"},"geometry":{"type":"Polygon","coordinates":[[[-41.8969,-20.8176],[-41.8981,-20.8136],[-41.8968,-20.8179],[-41.8969,-20.8176]]]}},{"type":"Feature","properties":{"cod_imovel":"RJ-3304102-0AA23CFF70EB41B5B4A1C5C9ED01448A","mod_fiscal":"0.1487000000000000000000000000000","num_area":"4.4615000000000000000000000000000","ind_status":"AT","ind_tipo":"IRU","des_condic":"Aguardando analise","municipio":"Porciuncula","dat_criaca":"02/12/2015"},"geometry":{"type":"Polygon","coordinates":[[[-41.8463,-20.8228],[-41.8498,-20.8255],[-41.8471,-20.8233],[-41.8491,-20.8214],[-41.8467,-20.8223],[-41.8463,-20.8228]]]}},{"type":"Feature","properties":{"cod_imovel":"RJ-3304102-0AE959D145D64725970703A6F8BFF5CF","mod_fiscal":"0.1616000000000000000000000000000","num_area":"4.8469000000000000000000000000000","ind_status":"AT","ind_tipo":"IRU","des_condic":"Aguardando analise","municipio":"Porciuncula","dat_criaca":"15/02/2016"},"geometry":{"type":"Polygon","coordinates":[[[-41.8791,-20.788],[-41.8781,-20.7922],[-41.8791,-20.7881],[-41.8791,-20.788]]]}},{"type":"Feature","properties":{"cod_imovel":"RJ-3304102-0AF7C607D6DF4EC2988FB5CC47FBF393","mod_fiscal":"0.0657000000000000000000000000000","num_area":"1.9700000000000000000000000000000","ind_status":"AT","ind_tipo":"IRU","des_condic":"Aguardando analise","municipio":"Porciuncula","dat_criaca":"18/05/2016"},"geometry":{"type":"Polygon","coordinates":[[[-41.8,-20.8165],[-41.8035,-20.816],[-41.8003,-20.8164],[-41.8,-20.8165]]]}},{"type":"Feature","properties":{"cod_imovel":"RJ-3304102-0B8FD146668D40D698FD0515A0C5E655","mod_fiscal":"0.3247000000000000000000000000000","num_area":"9.7424000000000000000000000000000","ind_status":"AT","ind_tipo":"IRU","des_condic":"Aguardando analise","municipio":"Porciuncula","dat_criaca":"07/04/2016"},"geometry":{"type":"Polygon","coordinates":[[[-41.8421,-20.8028],[-41.8422,-20.8004],[-41.8385,-20.8025],[-41.8414,-20.803],[-41.8421,-20.8028]]]}},{"type":"Feature","properties":{"cod_imovel":"RJ-3304102-0C1FF2C48F794E1DBA90A14E5A042EE8","mod_fiscal":"0.7896000000000000000000000000000","num_area":"23.686700000000000000000000000000","ind_status":"AT","ind_tipo":"IRU","des_condic":"Aguardando analise","municipio":"Porciuncula","dat_criaca":"04/07/2016"},"geometry":{"type":"Polygon","coordinates":[[[-41.9318,-20.9406],[-41.9375,-20.9365],[-41.932,-20.9361],[-41.9319,-20.9406],[-41.9318,-20.9406]]]}},{"type":"Feature","properties":{"cod_imovel":"RJ-3304102-0E2732AD9E4F4DD8BD180E1F39956A60","mod_fiscal":"0.2022000000000000000000000000000","num_area":"6.0661000000000000000000000000000","ind_status":"AT","ind_tipo":"IRU","des_condic":"Aguardando analise","municipio":"Porciuncula","dat_criaca":"03/03/2016"},"geometry":{"type":"Polygon","coordinates":[[[-41.8831,-20.7863],[-41.8836,-20.7831],[-41.8825,-20.786],[-41.8831,-20.7863]]]}},{"type":"Feature","properties":{"cod_imovel":"RJ-3304102-0F0F95112C1145A89F21A1BC3007BD44","mod_fiscal":"0.1554000000000000000000000000000","num_area":"4.6631000000000000000000000000000","ind_status":"AT","ind_tipo":"IRU","des_condic":"Aguardando analise","municipio":"Porciuncula","dat_criaca":"13/03/2016"},"geometry":{"type":"Polygon","coordinates":[[[-41.9581,-20.9334],[-41.9574,-20.9366],[-41.959,-20.9331],[-41.9581,-20.9334]]]}},{"type":"Feature","properties":{"cod_imovel":"RJ-3304102-1396B6EDBC7043CE91D66BF01E9F0C82","mod_fiscal":"0.1614000000000000000000000000000","num_area":"4.8422000000000000000000000000000","ind_status":"AT","ind_tipo":"IRU","des_condic":"Aguardando analise","municipio":"Porciuncula","dat_criaca":"01/06/2016"},"geometry":{"type":"Polygon","coordinates":[[[-42.0138,-20.9486],[-42.0154,-20.9501],[-42.0134,-20.9482],[-42.0138,-20.9486]]]}},{"type":"Feature","properties":{"cod_imovel":"RJ-3304102-149E00F5E6AA4D389C186E72B26810BB","mod_fiscal":"0.6170000000000000000000000000000","num_area":"18.510200000000000000000000000000","ind_status":"AT","ind_tipo":"IRU","des_condic":"Aguardando analise","municipio":"Porciuncula","dat_criaca":"04/04/2018"},"geometry":{"type":"Polygon","coordinates":[[[-41.8198,-20.8229],[-41.8145,-20.8255],[-41.8193,-20.8277],[-41.8199,-20.8234],[-41.8198,-20.8229]]]}},{"type":"Feature","properties":{"cod_imovel":"RJ-3304102-14A9ABF6A951493C9321667584FCEB27","mod_fiscal":"0.2270000000000000000000000000000","num_area":"6.7759000000000000000000000000000","ind_status":"AT","ind_tipo":"IRU","des_condic":"Aguardando analise","municipio":"Porciuncula","dat_criaca":"11/04/2016"},"geometry":{"type":"Polygon","coordinates":[[[-41.9107,-20.7966],[-41.9162,-20.7942],[-41.9108,-20.7963],[-41.9107,-20.7966]]]}},{"type":"Feature","properties":{"cod_imovel":"RJ-3304102-15131A867E98476FBA9B60ADC5D76645","mod_fiscal":"3.5902000000000000000000000000000","num_area":"107.70650000000000000000000000000","ind_status":"AT","ind_tipo":"IRU","des_condic":"Aguardando analise","municipio":"Porciuncula","dat_criaca":"30/12/2018"},"geometry":{"type":"Polygon","coordinates":[[[-42.0858,-21.0051],[-42.0846,-21.0105],[-42.0819,-21.0094],[-42.0771,-21.0142],[-42.0795,-21.0169],[-42.0847,-21.0175],[-42.0888,-21.0134],[-42.0918,-21.009],[-42.0898,-21.0057],[-42.0858,-21.0051]]]}},{"type":"Feature","properties":{"cod_imovel":"RJ-3304102-15BF379FBA0848479108EDBA2C2F15DF","mod_fiscal":"0.2906000000000000000000000000000","num_area":"8.7186000000000000000000000000000","ind_status":"AT","ind_tipo":"IRU","des_condic":"Aguardando analise","municipio":"Porciuncula","dat_criaca":"04/03/2016"},"geometry":{"type":"Polygon","coordinates":[[[-41.9202,-20.8126],[-41.925,-20.8128],[-41.9203,-20.8124],[-41.9202,-20.8126]]]}},{"type":"Feature","properties":{"cod_imovel":"RJ-3304102-1620907182F045D1BB91214AA190245C","mod_fiscal":"0.8144000000000000000000000000000","num_area":"24.431600000000000000000000000000","ind_status":"AT","ind_tipo":"IRU","des_condic":"Aguardando analise","municipio":"Porciuncula","dat_criaca":"04/08/2015"},"geometry":{"type":"Polygon","coordinates":[[[-42.0582,-21.0209],[-42.0594,-21.0116],[-42.0567,-21.0119],[-42.0582,-21.0209]]]}},{"type":"Feature","properties":{"cod_imovel":"RJ-3304102-182CC4F1DAD7484B92ED65F2DAD06084","mod_fiscal":"0.0764000000000000000000000000000","num_area":"2.2923000000000000000000000000000","ind_status":"AT","ind_tipo":"IRU","des_condic":"Aguardando analise","municipio":"Porciuncula","dat_criaca":"29/04/2016"},"geometry":{"type":"Polygon","coordinates":[[[-41.9173,-20.8613],[-41.9168,-20.8586],[-41.9171,-20.8608],[-41.9173,-20.8613]]]}},{"type":"Feature","properties":{"cod_imovel":"RJ-3304102-196AA7A401044EB986D6BB82929B520E","mod_fiscal":"1.9854000000000000000000000000000","num_area":"59.560900000000000000000000000000","ind_status":"AT","ind_tipo":"IRU","des_condic":"Aguardando analise","municipio":"Porciuncula","dat_criaca":"14/09/2015"},"geometry":{"type":"Polygon","coordinates":[[[-41.9303,-20.9285],[-41.9252,-20.9257],[-41.918,-20.9267],[-41.9259,-20.9317],[-41.9276,-20.9367],[-41.9303,-20.9285],[-41.9303,-20.9285]]]}},{"type":"Feature","properties":{"cod_imovel":"RJ-3304102-19D3B68BD87749E08C9F0FC29274F77B","mod_fiscal":"0.1556000000000000000000000000000","num_area":"4.6670000000000000000000000000000","ind_status":"AT","ind_tipo":"IRU","des_condic":"Aguardando analise","municipio":"Porciuncula","dat_criaca":"27/09/2014"},"geometry":{"type":"Polygon","coordinates":[[[-41.9158,-20.8206],[-41.9116,-20.8212],[-41.9158,-20.8206],[-41.9158,-20.8206]]]}},{"type":"Feature","properties":{"cod_imovel":"RJ-3304102-19EA0605BBE24A919201FB824B21469D","mod_fiscal":"0.5660000000000000000000000000000","num_area":"16.910700000000000000000000000000","ind_status":"AT","ind_tipo":"IRU","des_condic":"Aguardando analise","municipio":"Porciuncula","dat_criaca":"21/03/2016"},"geometry":{"type":"Polygon","coordinates":[[[-41.8284,-20.7936],[-41.8327,-20.7904],[-41.8244,-20.7883],[-41.8283,-20.7935],[-41.8284,-20.7936]]]}},{"type":"Feature","properties":{"cod_imovel":"RJ-3304102-1AEB4681F7F64D73BE6359B1A6EF42C5","mod_fiscal":"0.1370000000000000000000000000000","num_area":"4.1093000000000000000000000000000","ind_status":"AT","ind_tipo":"IRU","des_condic":"Aguardando analise","municipio":"Porciuncula","dat_criaca":"01/04/2016"},"geometry":{"type":"Polygon","coordinates":[[[-41.8692,-20.7705],[-41.8718,-20.7682],[-41.869,-20.7701],[-41.8692,-20.7705]]]}},{"type":"Feature","properties":{"cod_imovel":"RJ-3304102-1D850B6C7B034ED5B56E592F2C55B207","mod_fiscal":"0.1034000000000000000000000000000","num_area":"3.1021000000000000000000000000000","ind_status":"AT","ind_tipo":"IRU","des_condic":"Aguardando analise","municipio":"Porciuncula","dat_criaca":"21/03/2016"},"geometry":{"type":"Polygon","coordinates":[[[-41.9205,-20.8602],[-41.9189,-20.8566],[-41.92,-20.8606],[-41.9205,-20.8602]]]}},{"type":"Feature","properties":{"cod_imovel":"RJ-3304102-1AFC835EE56043E0B5721814B83C8118","mod_fiscal":"0.6162000000000000000000000000000","num_area":"18.484800000000000000000000000000","ind_status":"AT","ind_tipo":"IRU","des_condic":"Aguardando analise","municipio":"Porciuncula","dat_criaca":"29/04/2016"},"geometry":{"type":"Polygon","coordinates":[[[-41.8917,-20.8516],[-41.8907,-20.8559],[-41.8948,-20.8519],[-41.8923,-20.8474],[-41.8916,-20.8513],[-41.8917,-20.8516]]]}},{"type":"Feature","properties":{"cod_imovel":"RJ-3304102-239A1E305AAD4A5CB438A3E94F1AD7C5","mod_fiscal":"0.9790000000000000000000000000000","num_area":"29.369700000000000000000000000000","ind_status":"AT","ind_tipo":"IRU","des_condic":"Aguardando analise","municipio":"Porciuncula","dat_criaca":"11/09/2018"},"geometry":{"type":"Polygon","coordinates":[[[-42.1113,-20.9789],[-42.1093,-20.9855],[-42.114,-20.9837],[-42.1121,-20.9787],[-42.1113,-20.9789]]]}},{"type":"Feature","properties":{"cod_imovel":"RJ-3304102-1CABB412DBB64E3BB67DB52915C2ADEB","mod_fiscal":"0.9706000000000000000000000000000","num_area":"29.117900000000000000000000000000","ind_status":"AT","ind_tipo":"IRU","des_condic":"Aguardando analise","municipio":"Porciuncula","dat_criaca":"24/07/2019"},"geometry":{"type":"Polygon","coordinates":[[[-41.8768,-20.8682],[-41.8822,-20.8676],[-41.8821,-20.8649],[-41.8752,-20.8653],[-41.8749,-20.8695],[-41.8767,-20.8683],[-41.8768,-20.8682]]]}},{"type":"Feature","properties":{"cod_imovel":"RJ-3304102-4AF9A84C79244CE4ADCAB4D52377C9F8","mod_fiscal":"0.1754000000000000000000000000000","num_area":"5.2615000000000000000000000000000","ind_status":"AT","ind_tipo":"IRU","des_condic":"Aguardando analise","municipio":"Porciuncula","dat_criaca":"15/10/2014"},"geometry":{"type":"Polygon","coordinates":[[[-41.9221,-20.8074],[-41.9222,-20.8036],[-41.9216,-20.8071],[-41.9221,-20.8074]]]}},{"type":"Feature","properties":{"cod_imovel":"RJ-3304102-215A9E4ED8BB41EBB0472C91F7AD2479","mod_fiscal":"0.3231000000000000000000000000000","num_area":"9.6924000000000000000000000000000","ind_status":"AT","ind_tipo":"IRU","des_condic":"Aguardando analise","municipio":"Porciuncula","dat_criaca":"24/07/2020"},"geometry":{"type":"Polygon","coordinates":[[[-42.0215,-21.0051],[-42.0265,-21.0078],[-42.023,-21.0035],[-42.0215,-21.0051]]]}},{"type":"Feature","properties":{"cod_imovel":"RJ-3304102-2612510874274B818757494DDE47D3D3","mod_fiscal":"2.4705000000000000000000000000000","num_area":"74.115500000000000000000000000000","ind_status":"AT","ind_tipo":"IRU","des_condic":"Aguardando analise","municipio":"Porciuncula","dat_criaca":"20/04/2016"},"geometry":{"type":"Polygon","coordinates":[[[-41.8734,-20.8157],[-41.877,-20.812],[-41.8714,-20.8092],[-41.8672,-20.8162],[-41.8729,-20.8231],[-41.8723,-20.8161],[-41.8734,-20.8157]]]}},{"type":"Feature","properties":{"cod_imovel":"RJ-3304102-268018582EA54883AD1575CAEEB2F929","mod_fiscal":"0.7020000000000000000000000000000","num_area":"21.004900000000000000000000000000","ind_status":"AT","ind_tipo":"IRU","des_condic":"Aguardando analise","municipio":"Porciuncula","dat_criaca":"20/04/2016"},"geometry":{"type":"Polygon","coordinates":[[[-41.7867,-20.7997],[-41.7835,-20.8003],[-41.7874,-20.8069],[-41.7868,-20.8003],[-41.7867,-20.7997]]]}},{"type":"Feature","properties":{"cod_imovel":"RJ-3304102-26D5E39E077F40E3BB35ECB5E0F52F2B","mod_fiscal":"0.0969000000000000000000000000000","num_area":"2.9080000000000000000000000000000","ind_status":"AT","ind_tipo":"IRU","des_condic":"Aguardando analise","municipio":"Porciuncula","dat_criaca":"10/03/2016"},"geometry":{"type":"Polygon","coordinates":[[[-41.873,-20.7695],[-41.8694,-20.771],[-41.8735,-20.77],[-41.873,-20.7695]]]}},{"type":"Feature","properties":{"cod_imovel":"RJ-3304102-28645225C53B41789DA841CD9F24A70A","mod_fiscal":"0.4019000000000000000000000000000","num_area":"12.055800000000000000000000000000","ind_status":"AT","ind_tipo":"IRU","des_condic":"Aguardando analise","municipio":"Porciuncula","dat_criaca":"05/05/2016"},"geometry":{"type":"Polygon","coordinates":[[[-41.9275,-20.8134],[-41.9273,-20.8091],[-41.9247,-20.8126],[-41.9275,-20.8134]]]}},{"type":"Feature","properties":{"cod_imovel":"RJ-3304102-29604EB9990D491B9DD45EE4A864C4D5","mod_fiscal":"0.1417000000000000000000000000000","num_area":"4.2503000000000000000000000000000","ind_status":"AT","ind_tipo":"IRU","des_condic":"Aguardando analise","municipio":"Porciuncula","dat_criaca":"14/12/2020"},"geometry":{"type":"Polygon","coordinates":[[[-41.9094,-20.8415],[-41.9081,-20.8442],[-41.9117,-20.8447],[-41.9094,-20.8415],[-41.9094,-20.8415]]]}},{"type":"Feature","properties":{"cod_imovel":"RJ-3304102-273E938896564470B0186438DED5F61E","mod_fiscal":"6.4930000000000000000000000000000","num_area":"194.78950000000000000000000000000","ind_status":"AT","ind_tipo":"IRU","des_condic":"Aguardando analise","municipio":"Porciuncula","dat_criaca":"06/07/2020"},"geometry":{"type":"Polygon","coordinates":[[[-42.0989,-20.9855],[-42.0927,-20.9843],[-42.0908,-20.9918],[-42.0939,-20.9947],[-42.0978,-20.9949],[-42.1009,-20.9878],[-42.1059,-20.9922],[-42.119,-20.9838],[-42.0991,-20.9854],[-42.0989,-20.9855]]]}},{"type":"Feature","properties":{"cod_imovel":"RJ-3304102-27531BCF7EFF488998EBA1992570C92C","mod_fiscal":"1.2594000000000000000000000000000","num_area":"37.782200000000000000000000000000","ind_status":"AT","ind_tipo":"IRU","des_condic":"Aguardando analise","municipio":"Porciuncula","dat_criaca":"11/09/2017"},"geometry":{"type":"Polygon","coordinates":[[[-42.0042,-20.9397],[-41.9993,-20.9386],[-41.9981,-20.9465],[-42.0042,-20.9397],[-42.0042,-20.9397]]]}},{"type":"Feature","properties":{"cod_imovel":"RJ-3304102-27C11A4347694FD88C3C17F0F6F49CBA","mod_fiscal":"0.7742000000000000000000000000000","num_area":"21.356100000000000000000000000000","ind_status":"AT","ind_tipo":"IRU","des_condic":"Aguardando analise","municipio":"Porciuncula","dat_criaca":"15/03/2016"},"geometry":{"type":"Polygon","coordinates":[[[-41.8804,-20.7816],[-41.8814,-20.7863],[-41.8877,-20.7816],[-41.8803,-20.7814],[-41.8804,-20.7816]]]}},{"type":"Feature","properties":{"cod_imovel":"RJ-3304102-2B819466C888414B9F66BC6203925E39","mod_fiscal":"0.4048000000000000000000000000000","num_area":"12.145400000000000000000000000000","ind_status":"AT","ind_tipo":"IRU","des_condic":"Aguardando analise","municipio":"Porciuncula","dat_criaca":"21/05/2016"},"geometry":{"type":"Polygon","coordinates":[[[-41.929,-20.9245],[-41.9252,-20.9257],[-41.9288,-20.9285],[-41.929,-20.9245]]]}},{"type":"Feature","properties":{"cod_imovel":"RJ-3304102-2E83B42BF50941088A6890A6ECD64BDD","mod_fiscal":"0.1141000000000000000000000000000","num_area":"3.4241000000000000000000000000000","ind_status":"AT","ind_tipo":"IRU","des_condic":"Aguardando analise","municipio":"Porciuncula","dat_criaca":"13/04/2016"},"geometry":{"type":"Polygon","coordinates":[[[-41.8982,-20.8044],[-41.8981,-20.8007],[-41.8977,-20.8037],[-41.8982,-20.8044]]]}},{"type":"Feature","properties":{"cod_imovel":"RJ-3304102-2C3B90E219614E2093CD17E2A5144191","mod_fiscal":"0.1720000000000000000000000000000","num_area":"5.1588000000000000000000000000000","ind_status":"CA","ind_tipo":"IRU","des_condic":"Cancelado por decisao administrativa","municipio":"Porciuncula","dat_criaca":"29/09/2015"},"geometry":{"type":"Polygon","coordinates":[[[-41.9328,-20.8519],[-41.9317,-20.8566],[-41.9328,-20.852],[-41.9328,-20.8519]]]}},{"type":"Feature","properties":{"cod_imovel":"RJ-3304102-2DD89698AA404494BA460696A4B79D4C","mod_fiscal":"1.2713000000000000000000000000000","num_area":"38.139200000000000000000000000000","ind_status":"AT","ind_tipo":"IRU","des_condic":"Aguardando analise","municipio":"Porciuncula","dat_criaca":"02/05/2016"},"geometry":{"type":"Polygon","coordinates":[[[-41.825,-20.8259],[-41.8237,-20.8238],[-41.8214,-20.8278],[-41.824,-20.8338],[-41.8271,-20.8327],[-41.825,-20.8261],[-41.825,-20.8259]]]}},{"type":"Feature","properties":{"cod_imovel":"RJ-3304102-2C950574B37B49F1B1D2DF2DA324D97D","mod_fiscal":"0.9686000000000000000000000000000","num_area":"29.056900000000000000000000000000","ind_status":"AT","ind_tipo":"IRU","des_condic":"Aguardando analise","municipio":"Porciuncula","dat_criaca":"13/01/2020"},"geometry":{"type":"Polygon","coordinates":[[[-41.8186,-20.8053],[-41.8186,-20.8023],[-41.8057,-20.7976],[-41.8186,-20.8053],[-41.8186,-20.8053]]]}},{"type":"Feature","properties":{"cod_imovel":"RJ-3304102-2DA90810BF24425EB264AAB5D294B3C9","mod_fiscal":"0.5225000000000000000000000000000","num_area":"15.675100000000000000000000000000","ind_status":"AT","ind_tipo":"IRU","des_condic":"Aguardando analise","municipio":"Porciuncula","dat_criaca":"05/04/2016"},"geometry":{"type":"Polygon","coordinates":[[[-41.8495,-20.7925],[-41.8532,-20.7895],[-41.8483,-20.7896],[-41.8495,-20.7925]]]}},{"type":"Feature","properties":{"cod_imovel":"RJ-3304102-305B68D637AF4F78B9E6D0149E8BB6A0","mod_fiscal":"0.1069000000000000000000000000000","num_area":"3.2068000000000000000000000000000","ind_status":"AT","ind_tipo":"IRU","des_condic":"Aguardando analise","municipio":"Porciuncula","dat_criaca":"14/03/2016"},"geometry":{"type":"Polygon","coordinates":[[[-41.9055,-20.8472],[-41.9053,-20.8434],[-41.9054,-20.8474],[-41.9055,-20.8472]]]}},{"type":"Feature","properties":{"cod_imovel":"RJ-3304102-307FAF32815E4141B340C20E5F1D8FBB","mod_fiscal":"0.2623000000000000000000000000000","num_area":"7.8680000000000000000000000000000","ind_status":"AT","ind_tipo":"IRU","des_condic":"Aguardando analise","municipio":"Porciuncula","dat_criaca":"04/05/2016"},"geometry":{"type":"Polygon","coordinates":[[[-41.8608,-20.7838],[-41.8625,-20.7781],[-41.8608,-20.7837],[-41.8608,-20.7838]]]}},{"type":"Feature","properties":{"cod_imovel":"RJ-3304102-35322077967B41C2AA9400D3BD35EFB8","mod_fiscal":"0.1482000000000000000000000000000","num_area":"4.4457000000000000000000000000000","ind_status":"AT","ind_tipo":"IRU","des_condic":"Aguardando analise","municipio":"Porciuncula","dat_criaca":"05/09/2016"},"geometry":{"type":"Polygon","coordinates":[[[-41.8969,-20.798],[-41.8993,-20.7982],[-41.8967,-20.7972],[-41.8969,-20.798]]]}},{"type":"Feature","properties":{"cod_imovel":"RJ-3304102-310D7EB7ABC3462B8C4AC56D97716FF8","mod_fiscal":"2.8152000000000000000000000000000","num_area":"84.457000000000000000000000000000","ind_status":"AT","ind_tipo":"IRU","des_condic":"Aguardando analise","municipio":"Porciuncula","dat_criaca":"10/10/2019"},"geometry":{"type":"Polygon","coordinates":[[[-41.859,-20.8555],[-41.8623,-20.8539],[-41.8565,-20.849],[-41.8476,-20.8482],[-41.8508,-20.8563],[-41.8587,-20.8556],[-41.859,-20.8555]]]}},{"type":"Feature","properties":{"cod_imovel":"RJ-3304102-346558DDF6B148BCA1A3D7F7DFF499A1","mod_fiscal":"1.5043000000000000000000000000000","num_area":"45.127600000000000000000000000000","ind_status":"AT","ind_tipo":"IRU","des_condic":"Aguardando analise","municipio":"Porciuncula","dat_criaca":"15/02/2017"},"geometry":{"type":"Polygon","coordinates":[[[-41.8861,-20.7875],[-41.8807,-20.7929],[-41.8842,-20.7954],[-41.8889,-20.7902],[-41.887,-20.7879],[-41.8861,-20.7875]]]}},{"type":"Feature","properties":{"cod_imovel":"RJ-3304102-327231CAE1314425BA24142056A58A13","mod_fiscal":"2.5338000000000000000000000000000","num_area":"76.015100000000000000000000000000","ind_status":"AT","ind_tipo":"IRU","des_condic":"Aguardando analise","municipio":"Porciuncula","dat_criaca":"17/08/2015"},"geometry":{"type":"Polygon","coordinates":[[[-41.8558,-20.8494],[-41.86,-20.8516],[-41.864,-20.8465],[-41.8603,-20.8452],[-41.861,-20.841],[-41.8573,-20.8383],[-41.858,-20.8444],[-41.8523,-20.8455],[-41.8556,-20.8495],[-41.8558,-20.8494]]]}},{"type":"Feature","properties":{"cod_imovel":"RJ-3304102-32B9D43D775D4294A18069DCF6683C30","mod_fiscal":"1.6696000000000000000000000000000","num_area":"48.646100000000000000000000000000","ind_status":"AT","ind_tipo":"IRU","des_condic":"Aguardando analise","municipio":"Porciuncula","dat_criaca":"18/03/2018"},"geometry":{"type":"Polygon","coordinates":[[[-41.9993,-20.9296],[-42.0006,-20.9341],[-42.0068,-20.9308],[-42.0044,-20.9271],[-41.9989,-20.9267],[-41.9993,-20.9296]]]}},{"type":"Feature","properties":{"cod_imovel":"RJ-3304102-33B880FA5FDC4BF88EF3E962C47EAFAD","mod_fiscal":"0.3870000000000000000000000000000","num_area":"11.609100000000000000000000000000","ind_status":"AT","ind_tipo":"IRU","des_condic":"Aguardando analise","municipio":"Porciuncula","dat_criaca":"06/02/2016"},"geometry":{"type":"Polygon","coordinates":[[[-42.0356,-20.9706],[-42.0314,-20.9699],[-42.034,-20.973],[-42.0355,-20.9708],[-42.0356,-20.9706]]]}},{"type":"Feature","properties":{"cod_imovel":"RJ-3304102-7C50B38D6E924027994ADA304CC726CE","mod_fiscal":"0.1208000000000000000000000000000","num_area":"3.6228000000000000000000000000000","ind_status":"AT","ind_tipo":"IRU","des_condic":"Aguardando analise","municipio":"Porciuncula","dat_criaca":"23/03/2016"},"geometry":{"type":"Polygon","coordinates":[[[-41.8283,-20.8377],[-41.8316,-20.8346],[-41.8293,-20.8367],[-41.8283,-20.8377]]]}},{"type":"Feature","properties":{"cod_imovel":"RJ-3304102-34EE77D905934899AB7858B5EE9F16FD","mod_fiscal":"0.1622000000000000000000000000000","num_area":"4.8663000000000000000000000000000","ind_status":"AT","ind_tipo":"IRU","des_condic":"Aguardando analise","municipio":"Porciuncula","dat_criaca":"18/04/2016"},"geometry":{"type":"Polygon","coordinates":[[[-41.9231,-20.8471],[-41.9203,-20.8522],[-41.9233,-20.8475],[-41.9231,-20.8471]]]}},{"type":"Feature","properties":{"cod_imovel":"RJ-3304102-364E442F309D4E95845C5545FE9DFD55","mod_fiscal":"0.1586000000000000000000000000000","num_area":"4.7577000000000000000000000000000","ind_status":"AT","ind_tipo":"IRU","des_condic":"Aguardando analise","municipio":"Porciuncula","dat_criaca":"02/05/2016"},"geometry":{"type":"Polygon","coordinates":[[[-41.8637,-20.7842],[-41.8632,-20.7806],[-41.8632,-20.7839],[-41.8637,-20.7842]]]}},{"type":"Feature","properties":{"cod_imovel":"RJ-3304102-374717EC7F6C47D49768E2FE42DE7CCF","mod_fiscal":"0.2791000000000000000000000000000","num_area":"8.3724000000000000000000000000000","ind_status":"AT","ind_tipo":"IRU","des_condic":"Aguardando analise","municipio":"Porciuncula","dat_criaca":"24/07/2020"},"geometry":{"type":"Polygon","coordinates":[[[-42.0227,-21.0091],[-42.0203,-21.0093],[-42.025,-21.0128],[-42.0227,-21.0091],[-42.0227,-21.0091]]]}},{"type":"Feature","properties":{"cod_imovel":"RJ-3304102-3788918CE887419AAC1558A905ED29C5","mod_fiscal":"0.1408000000000000000000000000000","num_area":"4.2230000000000000000000000000000","ind_status":"AT","ind_tipo":"IRU","des_condic":"Aguardando analise","municipio":"Porciuncula","dat_criaca":"26/04/2016"},"geometry":{"type":"Polygon","coordinates":[[[-41.9095,-20.8412],[-41.912,-20.8447],[-41.9095,-20.8412],[-41.9095,-20.8412]]]}},{"type":"Feature","properties":{"cod_imovel":"RJ-3304102-386A38463F9D4A3D8B4236666C0C2459","mod_fiscal":"0.2062000000000000000000000000000","num_area":"6.1856000000000000000000000000000","ind_status":"AT","ind_tipo":"IRU","des_condic":"Aguardando analise","municipio":"Porciuncula","dat_criaca":"05/05/2016"},"geometry":{"type":"Polygon","coordinates":[[[-41.8696,-20.7747],[-41.868,-20.7714],[-41.8664,-20.7733],[-41.8689,-20.775],[-41.8696,-20.7747]]]}},{"type":"Feature","properties":{"cod_imovel":"RJ-3304102-3A135205535D412D9ED91F96BC8E35AC","mod_fiscal":"0.4845000000000000000000000000000","num_area":"14.533900000000000000000000000000","ind_status":"AT","ind_tipo":"IRU","des_condic":"Aguardando analise","municipio":"Porciuncula","dat_criaca":"03/03/2016"},"geometry":{"type":"Polygon","coordinates":[[[-41.869,-20.8442],[-41.8669,-20.8453],[-41.8687,-20.8501],[-41.8699,-20.8476],[-41.869,-20.8442]]]}},{"type":"Feature","properties":{"cod_imovel":"RJ-3304102-3B0F7CCE6D52447BAB81D3C53D8E1F42","mod_fiscal":"0.2982000000000000000000000000000","num_area":"8.9473000000000000000000000000000","ind_status":"AT","ind_tipo":"IRU","des_condic":"Aguardando analise","municipio":"Porciuncula","dat_criaca":"14/04/2016"},"geometry":{"type":"Polygon","coordinates":[[[-41.9442,-20.916],[-41.9416,-20.9156],[-41.9462,-20.9182],[-41.9441,-20.9162],[-41.9442,-20.916]]]}},{"type":"Feature","properties":{"cod_imovel":"RJ-3304102-3B43E6D6BBE04BA6A69A4C78DF60F0F3","mod_fiscal":"2.2262000000000000000000000000000","num_area":"66.774700000000000000000000000000","ind_status":"AT","ind_tipo":"IRU","des_condic":"Aguardando analise","municipio":"Porciuncula","dat_criaca":"30/05/2018"},"geometry":{"type":"Polygon","coordinates":[[[-41.9573,-20.8962],[-41.9599,-20.9052],[-41.9638,-20.9068],[-41.9605,-20.8977],[-41.9626,-20.8918],[-41.9593,-20.8913],[-41.9576,-20.8953],[-41.9573,-20.8962]]]}},{"type":"Feature","properties":{"cod_imovel":"RJ-3304102-3C3A6244E27D42EDA19B6D4BA4948276","mod_fiscal":"0.9195000000000000000000000000000","num_area":"27.563600000000000000000000000000","ind_status":"AT","ind_tipo":"IRU","des_condic":"Aguardando analise","municipio":"Porciuncula","dat_criaca":"04/05/2015"},"geometry":{"type":"Polygon","coordinates":[[[-41.8299,-20.7855],[-41.8258,-20.7886],[-41.8346,-20.7909],[-41.8302,-20.7858],[-41.8299,-20.7855]]]}},{"type":"Feature","properties":{"cod_imovel":"RJ-3304102-3CAF7BC5726D450FB08781A1AB82BDBA","mod_fiscal":"0.5222000000000000000000000000000","num_area":"15.666800000000000000000000000000","ind_status":"AT","ind_tipo":"IRU","des_condic":"Aguardando analise","municipio":"Porciuncula","dat_criaca":"15/02/2016"},"geometry":{"type":"Polygon","coordinates":[[[-41.8679,-20.7891],[-41.8673,-20.7834],[-41.8641,-20.7865],[-41.8674,-20.7894],[-41.8679,-20.7891]]]}},{"type":"Feature","properties":{"cod_imovel":"RJ-3304102-3CF4C42D9344464C8F5733E9A961E710","mod_fiscal":"0.0807000000000000000000000000000","num_area":"2.4218000000000000000000000000000","ind_status":"AT","ind_tipo":"IRU","des_condic":"Aguardando analise","municipio":"Porciuncula","dat_criaca":"30/01/2017"},"geometry":{"type":"Polygon","coordinates":[[[-41.8831,-20.8415],[-41.8853,-20.8434],[-41.8833,-20.8416],[-41.8831,-20.8415]]]}},{"type":"Feature","properties":{"cod_imovel":"RJ-3304102-3D14CA43431E4D60A03ED6B40DE69348","mod_fiscal":"2.0605000000000000000000000000000","num_area":"61.815500000000000000000000000000","ind_status":"AT","ind_tipo":"IRU","des_condic":"Aguardando analise","municipio":"Porciuncula","dat_criaca":"17/04/2015"},"geometry":{"type":"Polygon","coordinates":[[[-42.0932,-20.9526],[-42.0895,-20.9438],[-42.0819,-20.9445],[-42.0837,-20.9519],[-42.0918,-20.9521],[-42.0932,-20.9526]]]}},{"type":"Feature","properties":{"cod_imovel":"RJ-3304102-3D70275FB513437CB292A2BB9EBE195E","mod_fiscal":"0.6221000000000000000000000000000","num_area":"18.647500000000000000000000000000","ind_status":"AT","ind_tipo":"IRU","des_condic":"Aguardando analise","municipio":"Porciuncula","dat_criaca":"28/03/2017"},"geometry":{"type":"Polygon","coordinates":[[[-41.8909,-20.786],[-41.8836,-20.7868],[-41.8878,-20.7888],[-41.8918,-20.7863],[-41.8909,-20.786]]]}},{"type":"Feature","properties":{"cod_imovel":"RJ-3304102-3D780AE559D0452CACC26DB4E9D60449","mod_fiscal":"0.7335000000000000000000000000000","num_area":"22.006000000000000000000000000000","ind_status":"AT","ind_tipo":"IRU","des_condic":"Aguardando analise","municipio":"Porciuncula","dat_criaca":"18/02/2020"},"geometry":{"type":"Polygon","coordinates":[[[-41.8723,-20.8319],[-41.87,-20.8352],[-41.878,-20.8374],[-41.8725,-20.8314],[-41.8723,-20.8319]]]}},{"type":"Feature","properties":{"cod_imovel":"RJ-3304102-3E7D4BD44CEF411EA17415CF4135E1C8","mod_fiscal":"3.8668000000000000000000000000000","num_area":"116.00340000000000000000000000000","ind_status":"AT","ind_tipo":"IRU","des_condic":"Aguardando analise","municipio":"Porciuncula","dat_criaca":"02/05/2015"},"geometry":{"type":"Polygon","coordinates":[[[-41.8554,-20.8149],[-41.8569,-20.8203],[-41.8682,-20.8237],[-41.8632,-20.8115],[-41.8588,-20.8106],[-41.8555,-20.8148],[-41.8554,-20.8149]]]}},{"type":"Feature","properties":{"cod_imovel":"RJ-3304102-3FAB7E43B48A4229A2D0DE24593A3ED0","mod_fiscal":"0.1710000000000000000000000000000","num_area":"5.1288000000000000000000000000000","ind_status":"AT","ind_tipo":"IRU","des_condic":"Aguardando analise","municipio":"Porciuncula","dat_criaca":"19/04/2016"},"geometry":{"type":"Polygon","coordinates":[[[-41.914,-20.8117],[-41.9119,-20.8122],[-41.9137,-20.8146],[-41.9141,-20.8121],[-41.914,-20.8117]]]}},{"type":"Feature","properties":{"cod_imovel":"RJ-3304102-40B90437BA66495A894DFE100640CB7C","mod_fiscal":"0.4203000000000000000000000000000","num_area":"12.608800000000000000000000000000","ind_status":"AT","ind_tipo":"IRU","des_condic":"Aguardando analise","municipio":"Porciuncula","dat_criaca":"04/05/2016"},"geometry":{"type":"Polygon","coordinates":[[[-41.8896,-20.8428],[-41.8957,-20.8462],[-41.8899,-20.8425],[-41.8896,-20.8428]]]}},{"type":"Feature","properties":{"cod_imovel":"RJ-3304102-40E4A7FEE4474E2591185CA13062CE31","mod_fiscal":"0.5135000000000000000000000000000","num_area":"15.404100000000000000000000000000","ind_status":"AT","ind_tipo":"IRU","des_condic":"Aguardando analise","municipio":"Porciuncula","dat_criaca":"15/04/2016"},"geometry":{"type":"Polygon","coordinates":[[[-41.9617,-20.9153],[-41.9563,-20.9126],[-41.9573,-20.9173],[-41.9617,-20.9154],[-41.9617,-20.9153]]]}},{"type":"Feature","properties":{"cod_imovel":"RJ-3304102-44BE359155F74E8E87F9B857985A7105","mod_fiscal":"0.3922000000000000000000000000000","num_area":"11.766300000000000000000000000000","ind_status":"AT","ind_tipo":"IRU","des_condic":"Aguardando analise","municipio":"Porciuncula","dat_criaca":"19/07/2020"},"geometry":{"type":"Polygon","coordinates":[[[-42.0262,-20.9275],[-42.0199,-20.9306],[-42.0266,-20.9276],[-42.0262,-20.9275]]]}},{"type":"Feature","properties":{"cod_imovel":"RJ-3304102-45809A37A3A44E059830E2A4BBCCA882","mod_fiscal":"0.6454000000000000000000000000000","num_area":"19.361000000000000000000000000000","ind_status":"AT","ind_tipo":"IRU","des_condic":"Aguardando analise","municipio":"Porciuncula","dat_criaca":"21/08/2020"},"geometry":{"type":"Polygon","coordinates":[[[-41.9713,-20.9484],[-41.974,-20.9448],[-41.9684,-20.9429],[-41.9712,-20.9483],[-41.9713,-20.9484]]]}},{"type":"Feature","properties":{"cod_imovel":"RJ-3304102-45FC30ED6828414285E5B83B263F8A17","mod_fiscal":"0.3230000000000000000000000000000","num_area":"9.6895000000000000000000000000000","ind_status":"AT","ind_tipo":"IRU","des_condic":"Aguardando analise","municipio":"Porciuncula","dat_criaca":"05/04/2016"},"geometry":{"type":"Polygon","coordinates":[[[-41.9308,-20.8689],[-41.9262,-20.8732],[-41.9334,-20.871],[-41.9314,-20.8695],[-41.9308,-20.8689]]]}},{"type":"Feature","properties":{"cod_imovel":"RJ-3304102-48B019C30E8C4CD7A70445A3E00CDF49","mod_fiscal":"2.1333000000000000000000000000000","num_area":"63.998300000000000000000000000000","ind_status":"AT","ind_tipo":"IRU","des_condic":"Aguardando analise","municipio":"Porciuncula","dat_criaca":"04/05/2016"},"geometry":{"type":"Polygon","coordinates":[[[-41.8678,-20.7836],[-41.871,-20.7851],[-41.8741,-20.7782],[-41.8665,-20.7736],[-41.8633,-20.7771],[-41.8666,-20.782],[-41.8678,-20.7836]]]}},{"type":"Feature","properties":{"cod_imovel":"RJ-3304102-4795C97F76E449DFB57F024F4D5E8F58","mod_fiscal":"0.2622000000000000000000000000000","num_area":"7.8671000000000000000000000000000","ind_status":"AT","ind_tipo":"IRU","des_condic":"Aguardando analise","municipio":"Porciuncula","dat_criaca":"04/05/2016"},"geometry":{"type":"Polygon","coordinates":[[[-41.9033,-20.9147],[-41.9053,-20.9189],[-41.9066,-20.9166],[-41.9035,-20.9148],[-41.9033,-20.9147]]]}},{"type":"Feature","properties":{"cod_imovel":"RJ-3304102-48A088411EA14370A527EEA831418680","mod_fiscal":"0.8032000000000000000000000000000","num_area":"24.097000000000000000000000000000","ind_status":"AT","ind_tipo":"IRU","des_condic":"Aguardando analise","municipio":"Porciuncula","dat_criaca":"10/11/2015"},"geometry":{"type":"Polygon","coordinates":[[[-41.9027,-20.8673],[-41.9103,-20.8642],[-41.9081,-20.8619],[-41.902,-20.8647],[-41.9027,-20.867],[-41.9027,-20.8673]]]}},{"type":"Feature","properties":{"cod_imovel":"RJ-3304102-4FF89885B0AD43638CBD8FDC674662F9","mod_fiscal":"0.8199000000000000000000000000000","num_area":"24.597700000000000000000000000000","ind_status":"AT","ind_tipo":"IRU","des_condic":"Aguardando analise","municipio":"Porciuncula","dat_criaca":"07/03/2016"},"geometry":{"type":"Polygon","coordinates":[[[-41.8535,-20.7978],[-41.8576,-20.7936],[-41.8531,-20.7897],[-41.8534,-20.7978],[-41.8535,-20.7978]]]}},{"type":"Feature","properties":{"cod_imovel":"RJ-3304102-521D632E49054A1088729E8B1C3920FE","mod_fiscal":"0.6569000000000000000000000000000","num_area":"19.706200000000000000000000000000","ind_status":"AT","ind_tipo":"IRU","des_condic":"Aguardando analise","municipio":"Porciuncula","dat_criaca":"05/05/2016"},"geometry":{"type":"Polygon","coordinates":[[[-41.8425,-20.8002],[-41.8421,-20.7933],[-41.84,-20.7956],[-41.8423,-20.8001],[-41.8425,-20.8002]]]}},{"type":"Feature","properties":{"cod_imovel":"RJ-3304102-52875C332F4042BC85290A6FA34D6413","mod_fiscal":"0.1204000000000000000000000000000","num_area":"3.6126000000000000000000000000000","ind_status":"AT","ind_tipo":"IRU","des_condic":"Aguardando analise","municipio":"Porciuncula","dat_criaca":"27/12/2016"},"geometry":{"type":"Polygon","coordinates":[[[-41.8772,-20.7875],[-41.8786,-20.7859],[-41.8743,-20.7893],[-41.8772,-20.7875],[-41.8772,-20.7875]]]}},{"type":"Feature","properties":{"cod_imovel":"RJ-3304102-52C9B03D6AC5439F8B8C42909FD8D3AE","mod_fiscal":"0.0854000000000000000000000000000","num_area":"2.5614000000000000000000000000000","ind_status":"AT","ind_tipo":"IRU","des_condic":"Aguardando analise","municipio":"Porciuncula","dat_criaca":"18/05/2016"},"geometry":{"type":"Polygon","coordinates":[[[-41.8305,-20.8367],[-41.8331,-20.8376],[-41.8308,-20.8368],[-41.8305,-20.8367]]]}},{"type":"Feature","properties":{"cod_imovel":"RJ-3304102-57575EB219284CFA81558274DAE0D6AE","mod_fiscal":"0.0871000000000000000000000000000","num_area":"2.6130000000000000000000000000000","ind_status":"AT","ind_tipo":"IRU","des_condic":"Aguardando analise","municipio":"Porciuncula","dat_criaca":"21/03/2016"},"geometry":{"type":"Polygon","coordinates":[[[-41.8699,-20.7721],[-41.8732,-20.7701],[-41.8698,-20.7717],[-41.8699,-20.7721]]]}},{"type":"Feature","properties":{"cod_imovel":"RJ-3304102-BC3BB4E1ED974A0EB3882480FBB5416C","mod_fiscal":"0.0832000000000000000000000000000","num_area":"2.4946000000000000000000000000000","ind_status":"AT","ind_tipo":"IRU","des_condic":"Aguardando analise","municipio":"Porciuncula","dat_criaca":"04/05/2016"},"geometry":{"type":"Polygon","coordinates":[[[-41.8685,-20.8145],[-41.8695,-20.8167],[-41.8687,-20.8143],[-41.8685,-20.8145]]]}},{"type":"Feature","properties":{"cod_imovel":"RJ-3304102-54C24E544AD7413EB302646BB73DF58D","mod_fiscal":"0.4051000000000000000000000000000","num_area":"12.153500000000000000000000000000","ind_status":"AT","ind_tipo":"IRU","des_condic":"Aguardando analise","municipio":"Porciuncula","dat_criaca":"11/05/2015"},"geometry":{"type":"Polygon","coordinates":[[[-41.9277,-20.9167],[-41.9292,-20.9191],[-41.932,-20.917],[-41.9306,-20.9141],[-41.9279,-20.9167],[-41.9277,-20.9167]]]}},{"type":"Feature","properties":{"cod_imovel":"RJ-3304102-552F9B769EB845678EC7C5DBDAD552EC","mod_fiscal":"0.4429000000000000000000000000000","num_area":"13.286800000000000000000000000000","ind_status":"AT","ind_tipo":"IRU","des_condic":"Aguardando analise","municipio":"Porciuncula","dat_criaca":"20/04/2016"},"geometry":{"type":"Polygon","coordinates":[[[-41.8547,-20.8114],[-41.8548,-20.8077],[-41.8555,-20.8149],[-41.8591,-20.8107],[-41.8546,-20.8119],[-41.8547,-20.8114]]]}},{"type":"Feature","properties":{"cod_imovel":"RJ-3304102-56A428C73E4F4CFEA31EC756C632B5B3","mod_fiscal":"0.1677000000000000000000000000000","num_area":"5.0306000000000000000000000000000","ind_status":"AT","ind_tipo":"IRU","des_condic":"Aguardando analise","municipio":"Porciuncula","dat_criaca":"25/04/2016"},"geometry":{"type":"Polygon","coordinates":[[[-41.9121,-20.8446],[-41.9096,-20.8406],[-41.9121,-20.8446],[-41.9121,-20.8446]]]}},{"type":"Feature","properties":{"cod_imovel":"RJ-3304102-5774E5840EE44935AABFA2C0B557CA2E","mod_fiscal":"0.1714000000000000000000000000000","num_area":"5.1410000000000000000000000000000","ind_status":"AT","ind_tipo":"IRU","des_condic":"Aguardando analise","municipio":"Porciuncula","dat_criaca":"02/07/2015"},"geometry":{"type":"Polygon","coordinates":[[[-41.986,-20.9523],[-41.9822,-20.9489],[-41.9855,-20.9523],[-41.986,-20.9523]]]}},{"type":"Feature","properties":{"cod_imovel":"RJ-3304102-588EF8D5E34C47CEAC093B497AC048A0","mod_fiscal":"0.2394000000000000000000000000000","num_area":"7.1833000000000000000000000000000","ind_status":"AT","ind_tipo":"IRU","des_condic":"Aguardando analise","municipio":"Porciuncula","dat_criaca":"29/03/2016"},"geometry":{"type":"Polygon","coordinates":[[[-41.953,-20.909],[-41.9564,-20.9084],[-41.9524,-20.9084],[-41.953,-20.909]]]}},{"type":"Feature","properties":{"cod_imovel":"RJ-3304102-5DF1380E0F004447ABFECD240922267A","mod_fiscal":"0.1351000000000000000000000000000","num_area":"4.0533000000000000000000000000000","ind_status":"AT","ind_tipo":"IRU","des_condic":"Aguardando analise","municipio":"Porciuncula","dat_criaca":"26/09/2016"},"geometry":{"type":"Polygon","coordinates":[[[-41.9144,-20.822],[-41.912,-20.8235],[-41.9145,-20.8221],[-41.9144,-20.822]]]}},{"type":"Feature","properties":{"cod_imovel":"RJ-3304102-592DA64D44754D0FA6C7831211F73556","mod_fiscal":"8.9966000000000000000000000000000","num_area":"269.89650000000000000000000000000","ind_status":"AT","ind_tipo":"IRU","des_condic":"Aguardando analise","municipio":"Porciuncula","dat_criaca":"02/05/2016"},"geometry":{"type":"Polygon","coordinates":[[[-41.9338,-20.9112],[-41.9334,-20.8979],[-41.9242,-20.9041],[-41.923,-20.8991],[-41.919,-20.8989],[-41.9178,-20.9027],[-41.922,-20.9056],[-41.9164,-20.9168],[-41.9277,-20.9167],[-41.9339,-20.9117],[-41.9338,-20.9112]]]}},{"type":"Feature","properties":{"cod_imovel":"RJ-3304102-5AD5077FC3B54D94A1B2ADB815C762B9","mod_fiscal":"0.2226000000000000000000000000000","num_area":"6.6783000000000000000000000000000","ind_status":"AT","ind_tipo":"IRU","des_condic":"Aguardando analise","municipio":"Porciuncula","dat_criaca":"30/07/2019"},"geometry":{"type":"Polygon","coordinates":[[[-41.9094,-20.8994],[-41.9059,-20.9024],[-41.9117,-20.8985],[-41.9094,-20.8994],[-41.9094,-20.8994]]]}},{"type":"Feature","properties":{"cod_imovel":"RJ-3304102-5B9F54AC2E714997BFBBD4252A7B3B2E","mod_fiscal":"0.1204000000000000000000000000000","num_area":"3.6126000000000000000000000000000","ind_status":"AT","ind_tipo":"IRU","des_condic":"Aguardando analise","municipio":"Porciuncula","dat_criaca":"12/04/2017"},"geometry":{"type":"Polygon","coordinates":[[[-41.8772,-20.7875],[-41.8786,-20.7859],[-41.8743,-20.7893],[-41.8772,-20.7875],[-41.8772,-20.7875]]]}},{"type":"Feature","properties":{"cod_imovel":"RJ-3304102-5C3DEF5CDD4A491394B1AC251018DD7D","mod_fiscal":"0.1574000000000000000000000000000","num_area":"4.7222000000000000000000000000000","ind_status":"AT","ind_tipo":"IRU","des_condic":"Aguardando analise","municipio":"Porciuncula","dat_criaca":"21/01/2016"},"geometry":{"type":"Polygon","coordinates":[[[-41.8685,-20.7753],[-41.8714,-20.7762],[-41.8691,-20.7749],[-41.8685,-20.7753]]]}},{"type":"Feature","properties":{"cod_imovel":"RJ-3304102-5CC6A42E455E450B8BD8C971357D458A","mod_fiscal":"0.3185000000000000000000000000000","num_area":"9.5545000000000000000000000000000","ind_status":"AT","ind_tipo":"IRU","des_condic":"Aguardando analise","municipio":"Porciuncula","dat_criaca":"16/03/2016"},"geometry":{"type":"Polygon","coordinates":[[[-41.8642,-20.7933],[-41.8684,-20.7929],[-41.8644,-20.7932],[-41.8642,-20.7933]]]}},{"type":"Feature","properties":{"cod_imovel":"RJ-3304102-5EB49910B23C42328C445E68996518B7","mod_fiscal":"0.0869000000000000000000000000000","num_area":"2.6041000000000000000000000000000","ind_status":"AT","ind_tipo":"IRU","des_condic":"Aguardando analise","municipio":"Porciuncula","dat_criaca":"15/02/2016"},"geometry":{"type":"Polygon","coordinates":[[[-41.8695,-20.7721],[-41.8736,-20.7711],[-41.87,-20.772],[-41.8695,-20.7721]]]}},{"type":"Feature","properties":{"cod_imovel":"RJ-3304102-5F4C82ABB08E4679B05D916DE2AF98F0","mod_fiscal":"0.3282000000000000000000000000000","num_area":"9.8452000000000000000000000000000","ind_status":"AT","ind_tipo":"IRU","des_condic":"Aguardando analise","municipio":"Porciuncula","dat_criaca":"02/05/2016"},"geometry":{"type":"Polygon","coordinates":[[[-41.8198,-20.8228],[-41.8234,-20.8207],[-41.8186,-20.8197],[-41.8195,-20.8221],[-41.8198,-20.8228]]]}},{"type":"Feature","properties":{"cod_imovel":"RJ-3304102-5F5CFD717F954EC6B82D0569B0EDBEEA","mod_fiscal":"1.3536000000000000000000000000000","num_area":"40.609400000000000000000000000000","ind_status":"AT","ind_tipo":"IRU","des_condic":"Aguardando analise","municipio":"Porciuncula","dat_criaca":"21/03/2016"},"geometry":{"type":"Polygon","coordinates":[[[-41.8366,-20.8033],[-41.8404,-20.7941],[-41.8343,-20.7965],[-41.8364,-20.8029],[-41.8366,-20.8033]]]}},{"type":"Feature","properties":{"cod_imovel":"RJ-3304102-5F81578B08144F0EAD30C0ED859E335C","mod_fiscal":"0.3554000000000000000000000000000","num_area":"10.662400000000000000000000000000","ind_status":"AT","ind_tipo":"IRU","des_condic":"Aguardando analise","municipio":"Porciuncula","dat_criaca":"09/07/2015"},"geometry":{"type":"Polygon","coordinates":[[[-42.0725,-20.9547],[-42.0689,-20.9551],[-42.0741,-20.958],[-42.0728,-20.9548],[-42.0725,-20.9547]]]}},{"type":"Feature","properties":{"cod_imovel":"RJ-3304102-6147C80E153F4D6AA56B992F198DBA46","mod_fiscal":"0.3283000000000000000000000000000","num_area":"9.8499000000000000000000000000000","ind_status":"AT","ind_tipo":"IRU","des_condic":"Aguardando analise","municipio":"Porciuncula","dat_criaca":"17/03/2016"},"geometry":{"type":"Polygon","coordinates":[[[-41.9463,-20.9251],[-41.9436,-20.927],[-41.9464,-20.9268],[-41.9472,-20.9304],[-41.9493,-20.9284],[-41.9464,-20.9253],[-41.9463,-20.9251]]]}},{"type":"Feature","properties":{"cod_imovel":"RJ-3304102-6167019F72504DBDB34EF5DFA37F0FB4","mod_fiscal":"0.8054000000000000000000000000000","num_area":"24.161400000000000000000000000000","ind_status":"AT","ind_tipo":"IRU","des_condic":"Aguardando analise","municipio":"Porciuncula","dat_criaca":"04/05/2016"},"geometry":{"type":"Polygon","coordinates":[[[-41.922,-20.9056],[-41.9189,-20.9026],[-41.9145,-20.9038],[-41.9188,-20.9075],[-41.9219,-20.9056],[-41.922,-20.9056]]]}},{"type":"Feature","properties":{"cod_imovel":"RJ-3304102-619A6A397CE7437ABC7248BFE0D85B62","mod_fiscal":"0.2099000000000000000000000000000","num_area":"6.2971000000000000000000000000000","ind_status":"AT","ind_tipo":"IRU","des_condic":"Aguardando analise","municipio":"Porciuncula","dat_criaca":"17/01/2016"},"geometry":{"type":"Polygon","coordinates":[[[-42.0495,-20.9624],[-42.0472,-20.9645],[-42.0513,-20.9646],[-42.0495,-20.9624],[-42.0495,-20.9624]]]}},{"type":"Feature","properties":{"cod_imovel":"RJ-3304102-622B4BA01C4B4210A113EA3525F7C932","mod_fiscal":"1.6133000000000000000000000000000","num_area":"48.400000000000000000000000000000","ind_status":"AT","ind_tipo":"IRU","des_condic":"Aguardando analise","municipio":"Porciuncula","dat_criaca":"13/01/2020"},"geometry":{"type":"Polygon","coordinates":[[[-41.8186,-20.8053],[-41.8252,-20.8026],[-41.8254,-20.7967],[-41.8167,-20.8014],[-41.8186,-20.8023],[-41.8186,-20.8053]]]}},{"type":"Feature","properties":{"cod_imovel":"RJ-3304102-64A3674B0126434B9A905397C9E114C1","mod_fiscal":"0.1079000000000000000000000000000","num_area":"3.2356000000000000000000000000000","ind_status":"AT","ind_tipo":"IRU","des_condic":"Aguardando analise","municipio":"Porciuncula","dat_criaca":"03/04/2016"},"geometry":{"type":"Polygon","coordinates":[[[-41.9059,-20.8465],[-41.9085,-20.8444],[-41.9059,-20.846],[-41.9059,-20.8465]]]}},{"type":"Feature","properties":{"cod_imovel":"RJ-3304102-6636E87BEB7D4C42A5C1DB6CEFA3C68D","mod_fiscal":"0.2145000000000000000000000000000","num_area":"6.4362000000000000000000000000000","ind_status":"AT","ind_tipo":"IRU","des_condic":"Aguardando analise","municipio":"Porciuncula","dat_criaca":"28/04/2016"},"geometry":{"type":"Polygon","coordinates":[[[-41.8483,-20.8208],[-41.8451,-20.8219],[-41.848,-20.821],[-41.8483,-20.8208]]]}},{"type":"Feature","properties":{"cod_imovel":"RJ-3304102-66EA2EC0408F49C393F72935A403D56B","mod_fiscal":"0.3291000000000000000000000000000","num_area":"9.8718000000000000000000000000000","ind_status":"AT","ind_tipo":"IRU","des_condic":"Aguardando analise","municipio":"Porciuncula","dat_criaca":"04/05/2015"},"geometry":{"type":"Polygon","coordinates":[[[-41.9131,-20.8473],[-41.9128,-20.8436],[-41.9105,-20.8474],[-41.913,-20.8478],[-41.9131,-20.8473]]]}},{"type":"Feature","properties":{"cod_imovel":"RJ-3304102-677DE53BD6E74524B6D7410AA482283B","mod_fiscal":"0.7085000000000000000000000000000","num_area":"21.253800000000000000000000000000","ind_status":"AT","ind_tipo":"IRU","des_condic":"Aguardando analise","municipio":"Porciuncula","dat_criaca":"27/10/2015"},"geometry":{"type":"Polygon","coordinates":[[[-41.8396,-20.8255],[-41.8454,-20.8202],[-41.8424,-20.8186],[-41.8394,-20.8252],[-41.8396,-20.8255]]]}},{"type":"Feature","properties":{"cod_imovel":"RJ-3304102-67D7DF47415B460799946F39E2B4919B","mod_fiscal":"0.0859000000000000000000000000000","num_area":"2.5777000000000000000000000000000","ind_status":"AT","ind_tipo":"IRU","des_condic":"Aguardando analise","municipio":"Porciuncula","dat_criaca":"20/12/2020"},"geometry":{"type":"Polygon","coordinates":[[[-42.0861,-20.9539],[-42.0843,-20.9526],[-42.0859,-20.9539],[-42.0861,-20.9539]]]}},{"type":"Feature","properties":{"cod_imovel":"RJ-3304102-68C511C963F64FB58BA4AAE2C871B02B","mod_fiscal":"0.0873000000000000000000000000000","num_area":"2.6197000000000000000000000000000","ind_status":"AT","ind_tipo":"IRU","des_condic":"Aguardando analise","municipio":"Porciuncula","dat_criaca":"11/04/2016"},"geometry":{"type":"Polygon","coordinates":[[[-41.8331,-20.8462],[-41.8364,-20.8413],[-41.8331,-20.8461],[-41.8331,-20.8462]]]}},{"type":"Feature","properties":{"cod_imovel":"RJ-3304102-6ABCD5222F79407ABB7E8FED0C74DDE3","mod_fiscal":"0.3400000000000000000000000000000","num_area":"10.199900000000000000000000000000","ind_status":"AT","ind_tipo":"IRU","des_condic":"Aguardando analise","municipio":"Porciuncula","dat_criaca":"04/02/2018"},"geometry":{"type":"Polygon","coordinates":[[[-41.9039,-20.8206],[-41.8962,-20.8194],[-41.9017,-20.8225],[-41.9039,-20.8208],[-41.9039,-20.8206]]]}},{"type":"Feature","properties":{"cod_imovel":"RJ-3304102-ED04C1A2E1FF4C94A4CE5FAD7405815C","mod_fiscal":"0.1503000000000000000000000000000","num_area":"4.5089000000000000000000000000000","ind_status":"AT","ind_tipo":"IRU","des_condic":"Aguardando analise","municipio":"Porciuncula","dat_criaca":"30/04/2016"},"geometry":{"type":"Polygon","coordinates":[[[-41.9015,-20.7979],[-41.8986,-20.7962],[-41.9004,-20.7982],[-41.9015,-20.7979]]]}},{"type":"Feature","properties":{"cod_imovel":"RJ-3304102-6AF092275BAE4745BBFF9A5495BE84F0","mod_fiscal":"0.2719000000000000000000000000000","num_area":"8.1562000000000000000000000000000","ind_status":"AT","ind_tipo":"IRU","des_condic":"Aguardando analise","municipio":"Porciuncula","dat_criaca":"19/03/2016"},"geometry":{"type":"Polygon","coordinates":[[[-41.9075,-20.8049],[-41.904,-20.8066],[-41.907,-20.8051],[-41.9075,-20.8049]]]}},{"type":"Feature","properties":{"cod_imovel":"RJ-3304102-6AF2DAFEC04C4BB4BD942CDD10650DE8","mod_fiscal":"1.4284000000000000000000000000000","num_area":"42.853100000000000000000000000000","ind_status":"AT","ind_tipo":"IRU","des_condic":"Aguardando analise","municipio":"Porciuncula","dat_criaca":"05/05/2016"},"geometry":{"type":"Polygon","coordinates":[[[-41.9224,-20.838],[-41.9226,-20.8298],[-41.9175,-20.8288],[-41.9201,-20.8341],[-41.9185,-20.8385],[-41.9224,-20.8376],[-41.9224,-20.838]]]}},{"type":"Feature","properties":{"cod_imovel":"RJ-3304102-6B9BBBB7C4D54C1683750704BB2167BE","mod_fiscal":"0.1019000000000000000000000000000","num_area":"3.0558000000000000000000000000000","ind_status":"AT","ind_tipo":"IRU","des_condic":"Aguardando analise","municipio":"Porciuncula","dat_criaca":"29/03/2016"},"geometry":{"type":"Polygon","coordinates":[[[-41.9338,-20.9114],[-41.935,-20.9144],[-41.9338,-20.9112],[-41.9338,-20.9114]]]}},{"type":"Feature","properties":{"cod_imovel":"RJ-3304102-6CD0100F73E24C85B35C77B1D2ACD41A","mod_fiscal":"1.9188000000000000000000000000000","num_area":"57.564000000000000000000000000000","ind_status":"AT","ind_tipo":"IRU","des_condic":"Aguardando analise","municipio":"Porciuncula","dat_criaca":"04/05/2016"},"geometry":{"type":"Polygon","coordinates":[[[-41.9576,-20.9301],[-41.9532,-20.9334],[-41.9562,-20.9366],[-41.9588,-20.9327],[-41.9658,-20.9349],[-41.9684,-20.9291],[-41.965,-20.9327],[-41.9614,-20.9288],[-41.9577,-20.9299],[-41.9576,-20.9301]]]}},{"type":"Feature","properties":{"cod_imovel":"RJ-3304102-6D0659636FA74396A8085A224841BB44","mod_fiscal":"2.0931000000000000000000000000000","num_area":"62.792200000000000000000000000000","ind_status":"AT","ind_tipo":"IRU","des_condic":"Aguardando analise","municipio":"Porciuncula","dat_criaca":"19/06/2018"},"geometry":{"type":"Polygon","coordinates":[[[-41.8124,-20.8085],[-41.8178,-20.8095],[-41.8182,-20.8053],[-41.8114,-20.8006],[-41.814,-20.8055],[-41.8062,-20.8046],[-41.8124,-20.8085],[-41.8124,-20.8085]]]}},{"type":"Feature","properties":{"cod_imovel":"RJ-3304102-712C72F0854F471784161850DF491ECE","mod_fiscal":"0.1241000000000000000000000000000","num_area":"3.7234000000000000000000000000000","ind_status":"AT","ind_tipo":"IRU","des_condic":"Aguardando analise","municipio":"Porciuncula","dat_criaca":"24/09/2020"},"geometry":{"type":"Polygon","coordinates":[[[-42.0554,-20.9589],[-42.0537,-20.9618],[-42.0562,-20.9594],[-42.0554,-20.9589]]]}},{"type":"Feature","properties":{"cod_imovel":"RJ-3304102-72A2F26E8B274A3590DD25B7BEEED906","mod_fiscal":"0.9411000000000000000000000000000","num_area":"28.233600000000000000000000000000","ind_status":"AT","ind_tipo":"IRU","des_condic":"Aguardando analise","municipio":"Porciuncula","dat_criaca":"05/09/2016"},"geometry":{"type":"Polygon","coordinates":[[[-41.8555,-20.7669],[-41.8526,-20.7637],[-41.8504,-20.7706],[-41.8552,-20.7673],[-41.8555,-20.7669]]]}},{"type":"Feature","properties":{"cod_imovel":"RJ-3304102-72BCB95573CA4A6EA3F3BE6115B1EF1A","mod_fiscal":"0.1170000000000000000000000000000","num_area":"3.5098000000000000000000000000000","ind_status":"AT","ind_tipo":"IRU","des_condic":"Aguardando analise","municipio":"Porciuncula","dat_criaca":"15/04/2016"},"geometry":{"type":"Polygon","coordinates":[[[-41.8609,-20.7915],[-41.8596,-20.7938],[-41.8612,-20.7917],[-41.8609,-20.7915]]]}},{"type":"Feature","properties":{"cod_imovel":"RJ-3304102-73D12EFA549143748DD81617D01D9A68","mod_fiscal":"0.1266000000000000000000000000000","num_area":"3.7987000000000000000000000000000","ind_status":"AT","ind_tipo":"IRU","des_condic":"Aguardando analise","municipio":"Porciuncula","dat_criaca":"02/05/2016"},"geometry":{"type":"Polygon","coordinates":[[[-42.0207,-20.9368],[-42.0187,-20.94],[-42.0225,-20.9347],[-42.0207,-20.9368]]]}},{"type":"Feature","properties":{"cod_imovel":"RJ-3304102-73EE89772F2847A1A343119100AE8944","mod_fiscal":"2.3733000000000000000000000000000","num_area":"71.200000000000000000000000000000","ind_status":"AT","ind_tipo":"IRU","des_condic":"Aguardando analise","municipio":"Porciuncula","dat_criaca":"29/09/2020"},"geometry":{"type":"Polygon","coordinates":[[[-42.0985,-20.9744],[-42.1125,-20.9776],[-42.106,-20.9693],[-42.0995,-20.9712],[-42.0985,-20.9744],[-42.0985,-20.9744]]]}},{"type":"Feature","properties":{"cod_imovel":"RJ-3304102-740A9F3F01DB4149AB909C585A5DF1D7","mod_fiscal":"0.4033000000000000000000000000000","num_area":"12.099000000000000000000000000000","ind_status":"AT","ind_tipo":"IRU","des_condic":"Aguardando analise","municipio":"Porciuncula","dat_criaca":"24/07/2020"},"geometry":{"type":"Polygon","coordinates":[[[-42.0187,-21.0078],[-42.022,-21.008],[-42.0201,-21.0064],[-42.0224,-21.0038],[-42.0185,-21.0077],[-42.0187,-21.0078]]]}},{"type":"Feature","properties":{"cod_imovel":"RJ-3304102-745300B182A7490397D3BBA6DEFAB772","mod_fiscal":"0.1717000000000000000000000000000","num_area":"5.1498000000000000000000000000000","ind_status":"AT","ind_tipo":"IRU","des_condic":"Aguardando analise","municipio":"Porciuncula","dat_criaca":"15/04/2016"},"geometry":{"type":"Polygon","coordinates":[[[-41.9144,-20.8116],[-41.9157,-20.8149],[-41.9147,-20.8116],[-41.9144,-20.8116]]]}},{"type":"Feature","properties":{"cod_imovel":"RJ-3304102-74E7DFE66B8B4373891E0683ECC9C7EA","mod_fiscal":"0.1140000000000000000000000000000","num_area":"3.4207000000000000000000000000000","ind_status":"AT","ind_tipo":"IRU","des_condic":"Aguardando analise","municipio":"Porciuncula","dat_criaca":"25/02/2019"},"geometry":{"type":"Polygon","coordinates":[[[-41.9002,-20.9168],[-41.9052,-20.9226],[-41.9005,-20.9171],[-41.9002,-20.9168]]]}},{"type":"Feature","properties":{"cod_imovel":"RJ-3304102-7671504A7A02447FBA76274ACB0E6FF7","mod_fiscal":"0.1110000000000000000000000000000","num_area":"3.3290000000000000000000000000000","ind_status":"AT","ind_tipo":"IRU","des_condic":"Aguardando analise","municipio":"Porciuncula","dat_criaca":"14/09/2016"},"geometry":{"type":"Polygon","coordinates":[[[-41.8956,-20.9147],[-41.8937,-20.913],[-41.8956,-20.9149],[-41.8956,-20.9147]]]}},{"type":"Feature","properties":{"cod_imovel":"RJ-3304102-77A88C9AAA5E452D972958EE63A133E0","mod_fiscal":"2.8897000000000000000000000000000","num_area":"86.692200000000000000000000000000","ind_status":"AT","ind_tipo":"IRU","des_condic":"Aguardando analise","municipio":"Porciuncula","dat_criaca":"02/06/2015"},"geometry":{"type":"Polygon","coordinates":[[[-42.0026,-20.9501],[-42.0047,-20.9442],[-41.9942,-20.9468],[-41.9954,-20.9525],[-42.0003,-20.9564],[-42.0022,-20.952],[-42.0058,-20.9535],[-42.0032,-20.9506],[-42.0026,-20.9501]]]}},{"type":"Feature","properties":{"cod_imovel":"RJ-3304102-7867CFBE46594820B63991B6F6DADC92","mod_fiscal":"0.9371000000000000000000000000000","num_area":"28.111800000000000000000000000000","ind_status":"AT","ind_tipo":"IRU","des_condic":"Aguardando analise","municipio":"Porciuncula","dat_criaca":"07/03/2016"},"geometry":{"type":"Polygon","coordinates":[[[-41.8881,-20.7974],[-41.8887,-20.7905],[-41.8824,-20.7963],[-41.8869,-20.7974],[-41.8881,-20.7974]]]}},{"type":"Feature","properties":{"cod_imovel":"RJ-3304102-7FAC74DC56BA40BD89B5529940E3C06E","mod_fiscal":"0.1101000000000000000000000000000","num_area":"3.3027000000000000000000000000000","ind_status":"AT","ind_tipo":"IRU","des_condic":"Aguardando analise","municipio":"Porciuncula","dat_criaca":"10/03/2016"},"geometry":{"type":"Polygon","coordinates":[[[-41.9083,-20.8544],[-41.906,-20.8554],[-41.908,-20.8545],[-41.9083,-20.8544]]]}},{"type":"Feature","properties":{"cod_imovel":"RJ-3304102-7902B4855C9B4525B35D5911EFDAD992","mod_fiscal":"1.1418000000000000000000000000000","num_area":"34.253700000000000000000000000000","ind_status":"AT","ind_tipo":"IRU","des_condic":"Aguardando analise","municipio":"Porciuncula","dat_criaca":"05/05/2016"},"geometry":{"type":"Polygon","coordinates":[[[-41.8584,-20.8066],[-41.8623,-20.8122],[-41.8644,-20.8102],[-41.8619,-20.8105],[-41.8612,-20.8066],[-41.8646,-20.81],[-41.8672,-20.807],[-41.8622,-20.8041],[-41.8584,-20.8061],[-41.8584,-20.8066]]]}},{"type":"Feature","properties":{"cod_imovel":"RJ-3304102-7BEEC44A58C34E6A9AEA51710B6706FF","mod_fiscal":"0.1527000000000000000000000000000","num_area":"4.5809000000000000000000000000000","ind_status":"AT","ind_tipo":"IRU","des_condic":"Aguardando analise","municipio":"Porciuncula","dat_criaca":"05/04/2016"},"geometry":{"type":"Polygon","coordinates":[[[-41.8369,-20.8457],[-41.8391,-20.8425],[-41.8369,-20.8455],[-41.8369,-20.8457]]]}},{"type":"Feature","properties":{"cod_imovel":"RJ-3304102-7A167EC1022F4BA1A514C0F86EB9EEB9","mod_fiscal":"7.0207000000000000000000000000000","num_area":"210.62020000000000000000000000000","ind_status":"AT","ind_tipo":"IRU","des_condic":"Aguardando analise","municipio":"Porciuncula","dat_criaca":"30/11/2020"},"geometry":{"type":"Polygon","coordinates":[[[-41.9658,-20.9343],[-41.963,-20.9379],[-41.96,-20.9355],[-41.9479,-20.9387],[-41.9511,-20.9485],[-41.9557,-20.9434],[-41.9576,-20.9462],[-41.9611,-20.9453],[-41.9595,-20.9424],[-41.9635,-20.9412],[-41.9647,-20.9452],[-41.9688,-20.9455],[-41.9715,-20.9358],[-41.9658,-20.9343]]]}},{"type":"Feature","properties":{"cod_imovel":"RJ-3304102-7A52C2216D1E4B0E9A1486CB11FADF96","mod_fiscal":"0.8980000000000000000000000000000","num_area":"26.940600000000000000000000000000","ind_status":"AT","ind_tipo":"IRU","des_condic":"Aguardando analise","municipio":"Porciuncula","dat_criaca":"22/08/2016"},"geometry":{"type":"Polygon","coordinates":[[[-41.8561,-20.8386],[-41.8518,-20.8356],[-41.8473,-20.8398],[-41.8528,-20.841],[-41.8561,-20.8386],[-41.8561,-20.8386]]]}},{"type":"Feature","properties":{"cod_imovel":"RJ-3304102-7A922490918548998951D667F73A7650","mod_fiscal":"1.7295000000000000000000000000000","num_area":"51.886200000000000000000000000000","ind_status":"AT","ind_tipo":"IRU","des_condic":"Aguardando analise","municipio":"Porciuncula","dat_criaca":"28/04/2016"},"geometry":{"type":"Polygon","coordinates":[[[-41.9812,-20.9461],[-41.9838,-20.9364],[-41.9745,-20.9452],[-41.9809,-20.946],[-41.9812,-20.9461]]]}},{"type":"Feature","properties":{"cod_imovel":"RJ-3304102-7DBE7909A8D4454EB93005341BB77827","mod_fiscal":"0.1152000000000000000000000000000","num_area":"3.4559000000000000000000000000000","ind_status":"AT","ind_tipo":"IRU","des_condic":"Aguardando analise","municipio":"Porciuncula","dat_criaca":"23/05/2020"},"geometry":{"type":"Polygon","coordinates":[[[-41.8987,-20.8052],[-41.8958,-20.8055],[-41.8981,-20.8057],[-41.8987,-20.8052]]]}},{"type":"Feature","properties":{"cod_imovel":"RJ-3304102-7F47AE053462460CBA769F8F073E4073","mod_fiscal":"0.5809000000000000000000000000000","num_area":"17.425900000000000000000000000000","ind_status":"AT","ind_tipo":"IRU","des_condic":"Aguardando analise","municipio":"Porciuncula","dat_criaca":"27/02/2016"},"geometry":{"type":"Polygon","coordinates":[[[-41.8595,-20.7974],[-41.859,-20.7924],[-41.8546,-20.7965],[-41.8588,-20.7979],[-41.8595,-20.7974]]]}},{"type":"Feature","properties":{"cod_imovel":"RJ-3304102-7FFBF2242F5A46848C36D5025CD66697","mod_fiscal":"0.5768000000000000000000000000000","num_area":"17.304100000000000000000000000000","ind_status":"AT","ind_tipo":"IRU","des_condic":"Aguardando analise","municipio":"Porciuncula","dat_criaca":"05/05/2015"},"geometry":{"type":"Polygon","coordinates":[[[-41.9819,-20.949],[-41.9842,-20.9491],[-41.9831,-20.9461],[-41.9781,-20.9467],[-41.9819,-20.9491],[-41.9819,-20.949]]]}},{"type":"Feature","properties":{"cod_imovel":"RJ-3304102-81B0228CD9164FF5ABA0F387E5E4F520","mod_fiscal":"0.6477000000000000000000000000000","num_area":"19.432000000000000000000000000000","ind_status":"AT","ind_tipo":"IRU","des_condic":"Aguardando analise","municipio":"Porciuncula","dat_criaca":"20/04/2016"},"geometry":{"type":"Polygon","coordinates":[[[-41.8201,-20.8243],[-41.8214,-20.8278],[-41.8243,-20.8211],[-41.82,-20.8233],[-41.8201,-20.8243]]]}},{"type":"Feature","properties":{"cod_imovel":"RJ-3304102-83E9DD8120B74249A5D19230564F809B","mod_fiscal":"0.4287000000000000000000000000000","num_area":"12.862400000000000000000000000000","ind_status":"AT","ind_tipo":"IRU","des_condic":"Aguardando analise","municipio":"Porciuncula","dat_criaca":"13/03/2016"},"geometry":{"type":"Polygon","coordinates":[[[-41.9616,-20.9334],[-41.9626,-20.9378],[-41.9659,-20.9353],[-41.9617,-20.9334],[-41.9616,-20.9334]]]}},{"type":"Feature","properties":{"cod_imovel":"RJ-3304102-843F8D1833DC46A484707F7455C35399","mod_fiscal":"1.4028000000000000000000000000000","num_area":"42.082800000000000000000000000000","ind_status":"AT","ind_tipo":"IRU","des_condic":"Aguardando analise","municipio":"Porciuncula","dat_criaca":"28/03/2017"},"geometry":{"type":"Polygon","coordinates":[[[-41.917,-20.8046],[-41.9085,-20.8004],[-41.9127,-20.8071],[-41.9183,-20.8068],[-41.917,-20.8051],[-41.917,-20.8046]]]}},{"type":"Feature","properties":{"cod_imovel":"RJ-3304102-853F759AAA1047E88E059286E4173E3E","mod_fiscal":"0.0609000000000000000000000000000","num_area":"1.8258000000000000000000000000000","ind_status":"AT","ind_tipo":"IRU","des_condic":"Aguardando analise","municipio":"Porciuncula","dat_criaca":"03/05/2016"},"geometry":{"type":"Polygon","coordinates":[[[-41.9125,-20.914],[-41.9137,-20.9124],[-41.9124,-20.9141],[-41.9125,-20.914]]]}},{"type":"Feature","properties":{"cod_imovel":"RJ-3304102-85E3FDEE75A54C839496D67968AED971","mod_fiscal":"0.1625000000000000000000000000000","num_area":"4.8748000000000000000000000000000","ind_status":"AT","ind_tipo":"IRU","des_condic":"Aguardando analise","municipio":"Porciuncula","dat_criaca":"27/03/2016"},"geometry":{"type":"Polygon","coordinates":[[[-41.9284,-20.8273],[-41.9304,-20.8307],[-41.9287,-20.8274],[-41.9284,-20.8273]]]}},{"type":"Feature","properties":{"cod_imovel":"RJ-3304102-86C2896D605B422BBFB63E53F8582D97","mod_fiscal":"1.8772000000000000000000000000000","num_area":"56.316800000000000000000000000000","ind_status":"AT","ind_tipo":"IRU","des_condic":"Aguardando analise","municipio":"Porciuncula","dat_criaca":"24/08/2015"},"geometry":{"type":"Polygon","coordinates":[[[-42.0037,-20.9332],[-42.0044,-20.9425],[-42.008,-20.9443],[-42.0113,-20.9399],[-42.004,-20.9329],[-42.0037,-20.9332]]]}},{"type":"Feature","properties":{"cod_imovel":"RJ-3304102-875DBF98A6874348ABCD84F72B552B02","mod_fiscal":"0.4001000000000000000000000000000","num_area":"12.002700000000000000000000000000","ind_status":"AT","ind_tipo":"IRU","des_condic":"Aguardando analise","municipio":"Porciuncula","dat_criaca":"14/08/2017"},"geometry":{"type":"Polygon","coordinates":[[[-41.9268,-20.8225],[-41.9289,-20.8194],[-41.9248,-20.8215],[-41.9267,-20.8226],[-41.9268,-20.8225]]]}},{"type":"Feature","properties":{"cod_imovel":"RJ-3304102-893B85E953124FEFB54CB71E0FE86840","mod_fiscal":"2.3443000000000000000000000000000","num_area":"70.329000000000000000000000000000","ind_status":"AT","ind_tipo":"IRU","des_condic":"Aguardando analise","municipio":"Porciuncula","dat_criaca":"01/06/2015"},"geometry":{"type":"Polygon","coordinates":[[[-42.0516,-20.9978],[-42.0461,-20.9978],[-42.0489,-21.0107],[-42.0535,-21.0099],[-42.0508,-21.0037],[-42.0516,-20.9978]]]}},{"type":"Feature","properties":{"cod_imovel":"RJ-3304102-8AA340E701A0467B9536EDBC7C5BE89D","mod_fiscal":"0.4447000000000000000000000000000","num_area":"13.339800000000000000000000000000","ind_status":"PE","ind_tipo":"IRU","des_condic":"Analisado, aguardando atendimento a notificacao","municipio":"Porciuncula","dat_criaca":"27/09/2014"},"geometry":{"type":"Polygon","coordinates":[[[-42.033,-21.009],[-42.0383,-21.0092],[-42.0383,-21.0064],[-42.033,-21.009],[-42.033,-21.009]]]}},{"type":"Feature","properties":{"cod_imovel":"RJ-3304102-8C5307B9484942D6AB1FAC399B92F8D3","mod_fiscal":"0.6858000000000000000000000000000","num_area":"20.573700000000000000000000000000","ind_status":"AT","ind_tipo":"IRU","des_condic":"Aguardando analise","municipio":"Porciuncula","dat_criaca":"25/09/2014"},"geometry":{"type":"Polygon","coordinates":[[[-41.9051,-20.7975],[-41.9111,-20.8011],[-41.9152,-20.7994],[-41.9153,-20.7973],[-41.9054,-20.7974],[-41.9051,-20.7975]]]}},{"type":"Feature","properties":{"cod_imovel":"RJ-3304102-8D50996EA8DB4DF791071C73672B43E1","mod_fiscal":"0.4939000000000000000000000000000","num_area":"14.817200000000000000000000000000","ind_status":"AT","ind_tipo":"IRU","des_condic":"Aguardando analise","municipio":"Porciuncula","dat_criaca":"20/04/2016"},"geometry":{"type":"Polygon","coordinates":[[[-41.9083,-20.8162],[-41.9132,-20.8188],[-41.9117,-20.815],[-41.9083,-20.816],[-41.9083,-20.8162]]]}},{"type":"Feature","properties":{"cod_imovel":"RJ-3304102-8D6405B749BF47E1BB7B829549E57496","mod_fiscal":"0.3997000000000000000000000000000","num_area":"11.989500000000000000000000000000","ind_status":"AT","ind_tipo":"IRU","des_condic":"Aguardando analise","municipio":"Porciuncula","dat_criaca":"21/05/2016"},"geometry":{"type":"Polygon","coordinates":[[[-41.9301,-20.9243],[-41.9288,-20.9285],[-41.9324,-20.9282],[-41.9304,-20.9246],[-41.9301,-20.9243]]]}},{"type":"Feature","properties":{"cod_imovel":"RJ-3304102-8D664E0C4A544811A08ADA93F6201B57","mod_fiscal":"0.2105000000000000000000000000000","num_area":"6.3156000000000000000000000000000","ind_status":"AT","ind_tipo":"IRU","des_condic":"Aguardando analise","municipio":"Porciuncula","dat_criaca":"04/11/2017"},"geometry":{"type":"Polygon","coordinates":[[[-41.8719,-20.7759],[-41.8707,-20.7779],[-41.8746,-20.7784],[-41.8719,-20.7759],[-41.8719,-20.7759]]]}},{"type":"Feature","properties":{"cod_imovel":"RJ-3304102-8DA7EB8D8187436C82BA5CB09A6761AF","mod_fiscal":"0.3007000000000000000000000000000","num_area":"9.0210000000000000000000000000000","ind_status":"AT","ind_tipo":"IRU","des_condic":"Aguardando analise","municipio":"Porciuncula","dat_criaca":"20/05/2016"},"geometry":{"type":"Polygon","coordinates":[[[-41.9265,-20.922],[-41.9239,-20.9207],[-41.927,-20.9255],[-41.9265,-20.922],[-41.9265,-20.922]]]}},{"type":"Feature","properties":{"cod_imovel":"RJ-3304102-8E46A9AF8CBC415187B8AFAB52368CC1","mod_fiscal":"0.6252000000000000000000000000000","num_area":"18.757400000000000000000000000000","ind_status":"AT","ind_tipo":"IRU","des_condic":"Aguardando analise","municipio":"Porciuncula","dat_criaca":"05/04/2016"},"geometry":{"type":"Polygon","coordinates":[[[-41.8533,-20.8066],[-41.8497,-20.8134],[-41.8536,-20.8071],[-41.8533,-20.8066]]]}},{"type":"Feature","properties":{"cod_imovel":"RJ-3304102-8EB098310D6B4C8AA5FFE17ABA15E2CC","mod_fiscal":"0.5090000000000000000000000000000","num_area":"15.268700000000000000000000000000","ind_status":"AT","ind_tipo":"IRU","des_condic":"Aguardando analise","municipio":"Porciuncula","dat_criaca":"20/04/2015"},"geometry":{"type":"Polygon","coordinates":[[[-41.9969,-20.9428],[-41.9934,-20.9395],[-41.9975,-20.9465],[-41.9969,-20.9429],[-41.9969,-20.9428]]]}},{"type":"Feature","properties":{"cod_imovel":"RJ-3304102-8F6D18E7CE264C7F99C3A1756401A6BC","mod_fiscal":"0.2547000000000000000000000000000","num_area":"7.6401000000000000000000000000000","ind_status":"AT","ind_tipo":"IRU","des_condic":"Aguardando analise","municipio":"Porciuncula","dat_criaca":"15/03/2016"},"geometry":{"type":"Polygon","coordinates":[[[-41.8738,-20.8542],[-41.8752,-20.8515],[-41.8717,-20.8526],[-41.8738,-20.8544],[-41.8738,-20.8542]]]}},{"type":"Feature","properties":{"cod_imovel":"RJ-3304102-8F96857939E64426B64240370B549B39","mod_fiscal":"0.1684000000000000000000000000000","num_area":"5.0527000000000000000000000000000","ind_status":"AT","ind_tipo":"IRU","des_condic":"Aguardando analise","municipio":"Porciuncula","dat_criaca":"15/04/2016"},"geometry":{"type":"Polygon","coordinates":[[[-41.913,-20.8147],[-41.9097,-20.815],[-41.9125,-20.8148],[-41.913,-20.8147]]]}},{"type":"Feature","properties":{"cod_imovel":"RJ-3304102-94D4A2B85C6842FEB3D2B378C624E9E9","mod_fiscal":"0.1751000000000000000000000000000","num_area":"5.2538000000000000000000000000000","ind_status":"AT","ind_tipo":"IRU","des_condic":"Aguardando analise","municipio":"Porciuncula","dat_criaca":"29/04/2016"},"geometry":{"type":"Polygon","coordinates":[[[-41.9181,-20.8596],[-41.92,-20.8603],[-41.919,-20.8569],[-41.9181,-20.8594],[-41.9181,-20.8596]]]}},{"type":"Feature","properties":{"cod_imovel":"RJ-3304102-90252DCF286E4E498C50985889E6C93C","mod_fiscal":"0.7087000000000000000000000000000","num_area":"21.261900000000000000000000000000","ind_status":"AT","ind_tipo":"IRU","des_condic":"Aguardando analise","municipio":"Porciuncula","dat_criaca":"08/07/2015"},"geometry":{"type":"Polygon","coordinates":[[[-41.931,-20.8758],[-41.9269,-20.8763],[-41.9292,-20.8801],[-41.9349,-20.8792],[-41.931,-20.8758],[-41.931,-20.8758]]]}},{"type":"Feature","properties":{"cod_imovel":"RJ-3304102-EAF3B3FB81774315A04154BCB7C5E9C2","mod_fiscal":"0.1150000000000000000000000000000","num_area":"3.4489000000000000000000000000000","ind_status":"AT","ind_tipo":"IRU","des_condic":"Aguardando analise","municipio":"Porciuncula","dat_criaca":"05/04/2016"},"geometry":{"type":"Polygon","coordinates":[[[-41.93,-20.8279],[-41.9313,-20.8306],[-41.93,-20.8281],[-41.93,-20.8279]]]}},{"type":"Feature","properties":{"cod_imovel":"RJ-3304102-91E40CC7603D4C31AD817121DD3A79DB","mod_fiscal":"20.005100000000000000000000000000","num_area":"599.75840000000000000000000000000","ind_status":"PE","ind_tipo":"IRU","des_condic":"Analisado, aguardando atendimento a notificacao","municipio":"Porciuncula","dat_criaca":"11/09/2018"},"geometry":{"type":"Polygon","coordinates":[[[-42.1144,-20.9819],[-42.1239,-20.9884],[-42.1403,-20.9894],[-42.1511,-20.9804],[-42.1515,-20.9745],[-42.1445,-20.9655],[-42.1262,-20.9795],[-42.123,-20.9729],[-42.1167,-20.9767],[-42.1153,-20.9821],[-42.1144,-20.9819]]]}},{"type":"Feature","properties":{"cod_imovel":"RJ-3304102-94ECD195060A491E876DE79681062C56","mod_fiscal":"0.3895000000000000000000000000000","num_area":"11.684300000000000000000000000000","ind_status":"AT","ind_tipo":"IRU","des_condic":"Aguardando analise","municipio":"Porciuncula","dat_criaca":"21/09/2016"},"geometry":{"type":"Polygon","coordinates":[[[-41.892,-20.9234],[-41.8867,-20.9238],[-41.892,-20.9236],[-41.892,-20.9234]]]}},{"type":"Feature","properties":{"cod_imovel":"RJ-3304102-95195F5E4E6A49BCB90F7C46430F23AE","mod_fiscal":"0.2224000000000000000000000000000","num_area":"6.6735000000000000000000000000000","ind_status":"AT","ind_tipo":"IRU","des_condic":"Aguardando analise","municipio":"Porciuncula","dat_criaca":"19/05/2016"},"geometry":{"type":"Polygon","coordinates":[[[-41.9059,-20.8965],[-41.9022,-20.8988],[-41.9058,-20.8965],[-41.9059,-20.8965]]]}},{"type":"Feature","properties":{"cod_imovel":"RJ-3304102-9833E6638132406CA322BBA50E435DB0","mod_fiscal":"0.2126000000000000000000000000000","num_area":"6.3777000000000000000000000000000","ind_status":"AT","ind_tipo":"IRU","des_condic":"Aguardando analise","municipio":"Porciuncula","dat_criaca":"03/03/2016"},"geometry":{"type":"Polygon","coordinates":[[[-41.8817,-20.7864],[-41.879,-20.788],[-41.8813,-20.7871],[-41.8817,-20.7864]]]}},{"type":"Feature","properties":{"cod_imovel":"RJ-3304102-99591FC5CC9544EEA08D84EDA849238F","mod_fiscal":"0.2753000000000000000000000000000","num_area":"8.2593000000000000000000000000000","ind_status":"AT","ind_tipo":"IRU","des_condic":"Aguardando analise","municipio":"Porciuncula","dat_criaca":"21/04/2016"},"geometry":{"type":"Polygon","coordinates":[[[-41.8697,-20.8106],[-41.8669,-20.8093],[-41.8656,-20.8124],[-41.8698,-20.8107],[-41.8697,-20.8106]]]}},{"type":"Feature","properties":{"cod_imovel":"RJ-3304102-9985FD643B02420CA13950FD05ECB4B0","mod_fiscal":"2.1656000000000000000000000000000","num_area":"64.966900000000000000000000000000","ind_status":"AT","ind_tipo":"IRU","des_condic":"Aguardando analise","municipio":"Porciuncula","dat_criaca":"21/03/2016"},"geometry":{"type":"Polygon","coordinates":[[[-41.8397,-20.8097],[-41.8486,-20.8173],[-41.8507,-20.8151],[-41.8417,-20.8069],[-41.8396,-20.8097],[-41.8397,-20.8097]]]}},{"type":"Feature","properties":{"cod_imovel":"RJ-3304102-99890BBF5F494FB5A24C5FB1DA0DB87B","mod_fiscal":"0.2425000000000000000000000000000","num_area":"7.2738000000000000000000000000000","ind_status":"AT","ind_tipo":"IRU","des_condic":"Aguardando analise","municipio":"Porciuncula","dat_criaca":"17/09/2017"},"geometry":{"type":"Polygon","coordinates":[[[-41.9129,-20.8076],[-41.9132,-20.812],[-41.9136,-20.8073],[-41.9129,-20.8076]]]}},{"type":"Feature","properties":{"cod_imovel":"RJ-3304102-B8709E8F103D467797B39E606ECEBA1E","mod_fiscal":"0.4978000000000000000000000000000","num_area":"14.934400000000000000000000000000","ind_status":"AT","ind_tipo":"IRU","des_condic":"Aguardando analise","municipio":"Porciuncula","dat_criaca":"11/11/2015"},"geometry":{"type":"Polygon","coordinates":[[[-42.0027,-20.95],[-42.0057,-20.9535],[-42.0074,-20.9513],[-42.0039,-20.9477],[-42.0023,-20.9498],[-42.0027,-20.95]]]}},{"type":"Feature","properties":{"cod_imovel":"RJ-3304102-9B843A3A8C6540C0B4065F00E4077B80","mod_fiscal":"2.1627000000000000000000000000000","num_area":"64.881500000000000000000000000000","ind_status":"AT","ind_tipo":"IRU","des_condic":"Aguardando analise","municipio":"Porciuncula","dat_criaca":"14/09/2015"},"geometry":{"type":"Polygon","coordinates":[[[-41.9441,-20.9387],[-41.9375,-20.9351],[-41.9329,-20.9446],[-41.9362,-20.9462],[-41.9441,-20.9387],[-41.9441,-20.9387]]]}},{"type":"Feature","properties":{"cod_imovel":"RJ-3304102-9D48649CC9834935A6EB785B8733A384","mod_fiscal":"0.1186000000000000000000000000000","num_area":"3.5584000000000000000000000000000","ind_status":"AT","ind_tipo":"IRU","des_condic":"Aguardando analise","municipio":"Porciuncula","dat_criaca":"27/02/2016"},"geometry":{"type":"Polygon","coordinates":[[[-41.8786,-20.7867],[-41.8741,-20.7897],[-41.8787,-20.7868],[-41.8786,-20.7867]]]}},{"type":"Feature","properties":{"cod_imovel":"RJ-3304102-9D6FD5B97D104A359D58E279BF1D9BE5","mod_fiscal":"0.2935000000000000000000000000000","num_area":"8.8058000000000000000000000000000","ind_status":"AT","ind_tipo":"IRU","des_condic":"Aguardando analise","municipio":"Porciuncula","dat_criaca":"14/04/2016"},"geometry":{"type":"Polygon","coordinates":[[[-41.8986,-20.8291],[-41.9011,-20.8279],[-41.8974,-20.8254],[-41.898,-20.8294],[-41.8986,-20.8291]]]}},{"type":"Feature","properties":{"cod_imovel":"RJ-3304102-9D96B314A8024F77B2C6F297451A6959","mod_fiscal":"3.7104000000000000000000000000000","num_area":"111.31260000000000000000000000000","ind_status":"AT","ind_tipo":"IRU","des_condic":"Aguardando analise","municipio":"Porciuncula","dat_criaca":"29/05/2018"},"geometry":{"type":"Polygon","coordinates":[[[-41.908,-20.8538],[-41.9031,-20.8577],[-41.9142,-20.8594],[-41.9199,-20.8563],[-41.9194,-20.8528],[-41.9118,-20.8485],[-41.908,-20.8535],[-41.908,-20.8538]]]}},{"type":"Feature","properties":{"cod_imovel":"RJ-3304102-9DD971D3F4FD4CBFB0986A3CA2F72061","mod_fiscal":"0.3612000000000000000000000000000","num_area":"10.837400000000000000000000000000","ind_status":"AT","ind_tipo":"IRU","des_condic":"Aguardando analise","municipio":"Porciuncula","dat_criaca":"04/05/2016"},"geometry":{"type":"Polygon","coordinates":[[[-41.9011,-20.9154],[-41.9,-20.9106],[-41.9023,-20.911],[-41.8974,-20.9094],[-41.9009,-20.9151],[-41.9011,-20.9154]]]}},{"type":"Feature","properties":{"cod_imovel":"RJ-3304102-9E55B904014B47618263A9561D75FAE8","mod_fiscal":"0.6879000000000000000000000000000","num_area":"20.637200000000000000000000000000","ind_status":"AT","ind_tipo":"IRU","des_condic":"Aguardando analise","municipio":"Porciuncula","dat_criaca":"12/04/2016"},"geometry":{"type":"Polygon","coordinates":[[[-41.9087,-20.8973],[-41.9058,-20.8954],[-41.9029,-20.9017],[-41.9086,-20.8981],[-41.9087,-20.8973]]]}},{"type":"Feature","properties":{"cod_imovel":"RJ-3304102-9F1EB38E248D4ECBBFE7762AEF6460D5","mod_fiscal":"0.6611000000000000000000000000000","num_area":"19.832200000000000000000000000000","ind_status":"AT","ind_tipo":"IRU","des_condic":"Aguardando analise","municipio":"Porciuncula","dat_criaca":"13/01/2020"},"geometry":{"type":"Polygon","coordinates":[[[-41.8282,-20.7969],[-41.827,-20.8027],[-41.8299,-20.8028],[-41.8282,-20.797],[-41.8282,-20.7969]]]}},{"type":"Feature","properties":{"cod_imovel":"RJ-3304102-9F313D68E55942BA8EEE4334C60D300A","mod_fiscal":"6.3265000000000000000000000000000","num_area":"189.79420000000000000000000000000","ind_status":"AT","ind_tipo":"IRU","des_condic":"Aguardando analise","municipio":"Porciuncula","dat_criaca":"27/06/2017"},"geometry":{"type":"Polygon","coordinates":[[[-41.8963,-20.8199],[-41.885,-20.8158],[-41.8842,-20.8213],[-41.8799,-20.8175],[-41.8758,-20.822],[-41.877,-20.8307],[-41.8815,-20.8324],[-41.8824,-20.8246],[-41.8863,-20.8213],[-41.8967,-20.8253],[-41.9004,-20.8216],[-41.8969,-20.82],[-41.8963,-20.8199]]]}},{"type":"Feature","properties":{"cod_imovel":"RJ-3304102-9F667682771249C48521F539F5A2AE97","mod_fiscal":"0.0996000000000000000000000000000","num_area":"2.9882000000000000000000000000000","ind_status":"AT","ind_tipo":"IRU","des_condic":"Aguardando analise","municipio":"Porciuncula","dat_criaca":"03/11/2015"},"geometry":{"type":"Polygon","coordinates":[[[-41.9529,-20.9293],[-41.9539,-20.9265],[-41.9526,-20.9293],[-41.9529,-20.9293]]]}},{"type":"Feature","properties":{"cod_imovel":"RJ-3304102-A113F0A6B1214463A4E3A40B444E7B59","mod_fiscal":"0.1008000000000000000000000000000","num_area":"3.0241000000000000000000000000000","ind_status":"AT","ind_tipo":"IRU","des_condic":"Aguardando analise","municipio":"Porciuncula","dat_criaca":"06/11/2017"},"geometry":{"type":"Polygon","coordinates":[[[-41.8972,-20.8146],[-41.8954,-20.8187],[-41.8969,-20.8152],[-41.8972,-20.8146]]]}},{"type":"Feature","properties":{"cod_imovel":"RJ-3304102-A18FF130B6EE4937A7FFE5B00ECCB7B9","mod_fiscal":"0.6311000000000000000000000000000","num_area":"18.933800000000000000000000000000","ind_status":"AT","ind_tipo":"IRU","des_condic":"Aguardando analise","municipio":"Porciuncula","dat_criaca":"27/12/2018"},"geometry":{"type":"Polygon","coordinates":[[[-42.0506,-21.0027],[-42.0515,-21.0063],[-42.0586,-21.004],[-42.0557,-21.0038],[-42.0506,-21.0027]]]}},{"type":"Feature","properties":{"cod_imovel":"RJ-3304102-A1979427F3B548A8949CD8904FC48853","mod_fiscal":"0.3871000000000000000000000000000","num_area":"11.611700000000000000000000000000","ind_status":"AT","ind_tipo":"IRU","des_condic":"Aguardando analise","municipio":"Porciuncula","dat_criaca":"08/03/2016"},"geometry":{"type":"Polygon","coordinates":[[[-41.8815,-20.786],[-41.8799,-20.7887],[-41.8825,-20.791],[-41.8848,-20.7866],[-41.8827,-20.7865],[-41.8815,-20.786]]]}},{"type":"Feature","properties":{"cod_imovel":"RJ-3304102-A1D664CB860E40399BA10EF1CA847235","mod_fiscal":"0.1752000000000000000000000000000","num_area":"5.2562000000000000000000000000000","ind_status":"AT","ind_tipo":"IRU","des_condic":"Aguardando analise","municipio":"Porciuncula","dat_criaca":"17/02/2016"},"geometry":{"type":"Polygon","coordinates":[[[-41.8955,-20.8329],[-41.8914,-20.8361],[-41.8954,-20.8334],[-41.8955,-20.8329]]]}},{"type":"Feature","properties":{"cod_imovel":"RJ-3304102-A3005FEF19BA4BD8AA602D9209F3B779","mod_fiscal":"0.3901000000000000000000000000000","num_area":"11.704000000000000000000000000000","ind_status":"AT","ind_tipo":"IRU","des_condic":"Aguardando analise","municipio":"Porciuncula","dat_criaca":"19/07/2020"},"geometry":{"type":"Polygon","coordinates":[[[-42.0274,-20.9278],[-42.0196,-20.9325],[-42.0273,-20.9284],[-42.0274,-20.9278]]]}},{"type":"Feature","properties":{"cod_imovel":"RJ-3304102-A4C087C9F91F4D98A612611FFCC4026B","mod_fiscal":"3.8390000000000000000000000000000","num_area":"113.02340000000000000000000000000","ind_status":"AT","ind_tipo":"IRU","des_condic":"Aguardando analise","municipio":"Porciuncula","dat_criaca":"10/07/2019"},"geometry":{"type":"Polygon","coordinates":[[[-41.9236,-20.8219],[-41.9375,-20.8165],[-41.9273,-20.8091],[-41.9277,-20.8131],[-41.925,-20.8123],[-41.9203,-20.8184],[-41.9236,-20.8219]]]}},{"type":"Feature","properties":{"cod_imovel":"RJ-3304102-A5064B755F4444388F28523D419823CC","mod_fiscal":"0.6976000000000000000000000000000","num_area":"20.926800000000000000000000000000","ind_status":"AT","ind_tipo":"IRU","des_condic":"Aguardando analise","municipio":"Porciuncula","dat_criaca":"18/04/2017"},"geometry":{"type":"Polygon","coordinates":[[[-41.8618,-20.8454],[-41.8671,-20.8445],[-41.864,-20.8416],[-41.8618,-20.8454],[-41.8618,-20.8454]]]}},{"type":"Feature","properties":{"cod_imovel":"RJ-3304102-A70AA215FD0745BC85785A43540A8C01","mod_fiscal":"0.7850000000000000000000000000000","num_area":"23.550300000000000000000000000000","ind_status":"AT","ind_tipo":"IRU","des_condic":"Aguardando analise","municipio":"Porciuncula","dat_criaca":"30/03/2016"},"geometry":{"type":"Polygon","coordinates":[[[-41.9561,-20.9087],[-41.949,-20.911],[-41.9557,-20.9132],[-41.9562,-20.9086],[-41.9561,-20.9087]]]}},{"type":"Feature","properties":{"cod_imovel":"RJ-3304102-A83A56E68BF046C1B0A134F686669AA1","mod_fiscal":"0.4900000000000000000000000000000","num_area":"14.698600000000000000000000000000","ind_status":"AT","ind_tipo":"IRU","des_condic":"Aguardando analise","municipio":"Porciuncula","dat_criaca":"30/04/2016"},"geometry":{"type":"Polygon","coordinates":[[[-41.811,-20.8262],[-41.8157,-20.8221],[-41.8109,-20.8262],[-41.811,-20.8262]]]}},{"type":"Feature","properties":{"cod_imovel":"RJ-3304102-A84544A1B35749128B4D7E206A55E8FA","mod_fiscal":"0.4263000000000000000000000000000","num_area":"12.749200000000000000000000000000","ind_status":"AT","ind_tipo":"IRU","des_condic":"Aguardando analise","municipio":"Porciuncula","dat_criaca":"05/05/2016"},"geometry":{"type":"Polygon","coordinates":[[[-41.9038,-20.8015],[-41.9014,-20.7963],[-41.9024,-20.8008],[-41.9038,-20.8015]]]}},{"type":"Feature","properties":{"cod_imovel":"RJ-3304102-BC761214DF3D4A1B89C5A2755175E43C","mod_fiscal":"0.1201000000000000000000000000000","num_area":"3.6030000000000000000000000000000","ind_status":"AT","ind_tipo":"IRU","des_condic":"Aguardando analise","municipio":"Porciuncula","dat_criaca":"09/03/2020"},"geometry":{"type":"Polygon","coordinates":[[[-41.9323,-20.9192],[-41.9359,-20.9233],[-41.9333,-20.9202],[-41.9323,-20.9192]]]}},{"type":"Feature","properties":{"cod_imovel":"RJ-3304102-A9250E8556524F19984D1BE39D4D68B6","mod_fiscal":"0.0995000000000000000000000000000","num_area":"2.9846000000000000000000000000000","ind_status":"AT","ind_tipo":"IRU","des_condic":"Aguardando analise","municipio":"Porciuncula","dat_criaca":"21/03/2016"},"geometry":{"type":"Polygon","coordinates":[[[-41.8744,-20.8123],[-41.8735,-20.8153],[-41.8747,-20.8118],[-41.8744,-20.8123]]]}},{"type":"Feature","properties":{"cod_imovel":"RJ-3304102-A9995C61F4594C89ABDD1279D3690CA2","mod_fiscal":"0.6574000000000000000000000000000","num_area":"19.723000000000000000000000000000","ind_status":"AT","ind_tipo":"IRU","des_condic":"Aguardando analise","municipio":"Porciuncula","dat_criaca":"30/04/2016"},"geometry":{"type":"Polygon","coordinates":[[[-41.953,-20.9161],[-41.9506,-20.917],[-41.9549,-20.9206],[-41.9568,-20.9173],[-41.9534,-20.9164],[-41.953,-20.9161]]]}},{"type":"Feature","properties":{"cod_imovel":"RJ-3304102-AB1BB8A0EBBD4DC48B5419D572775181","mod_fiscal":"0.0992000000000000000000000000000","num_area":"2.9746000000000000000000000000000","ind_status":"AT","ind_tipo":"IRU","des_condic":"Aguardando analise","municipio":"Porciuncula","dat_criaca":"18/04/2016"},"geometry":{"type":"Polygon","coordinates":[[[-41.8892,-20.839],[-41.886,-20.8352],[-41.8886,-20.839],[-41.8892,-20.839]]]}},{"type":"Feature","properties":{"cod_imovel":"RJ-3304102-AB49267BB6484666BD832C4815893DAC","mod_fiscal":"0.3517000000000000000000000000000","num_area":"10.550600000000000000000000000000","ind_status":"AT","ind_tipo":"IRU","des_condic":"Aguardando analise","municipio":"Porciuncula","dat_criaca":"13/05/2015"},"geometry":{"type":"Polygon","coordinates":[[[-41.9284,-20.918],[-41.9239,-20.9206],[-41.9272,-20.9217],[-41.9287,-20.9185],[-41.9284,-20.918]]]}},{"type":"Feature","properties":{"cod_imovel":"RJ-3304102-ABC09235F24D40BE9608F14E88F0C8D5","mod_fiscal":"0.2631000000000000000000000000000","num_area":"7.8924000000000000000000000000000","ind_status":"AT","ind_tipo":"IRU","des_condic":"Aguardando analise","municipio":"Porciuncula","dat_criaca":"18/08/2016"},"geometry":{"type":"Polygon","coordinates":[[[-41.9245,-20.8214],[-41.9245,-20.826],[-41.9252,-20.8233],[-41.9245,-20.8214]]]}},{"type":"Feature","properties":{"cod_imovel":"RJ-3304102-AC0A48E04E7B4DDBB45D0099C4584A7E","mod_fiscal":"0.0813000000000000000000000000000","num_area":"2.4378000000000000000000000000000","ind_status":"AT","ind_tipo":"IRU","des_condic":"Aguardando analise","municipio":"Porciuncula","dat_criaca":"15/04/2016"},"geometry":{"type":"Polygon","coordinates":[[[-41.8327,-20.8453],[-41.8361,-20.8412],[-41.8329,-20.8451],[-41.8327,-20.8453]]]}},{"type":"Feature","properties":{"cod_imovel":"RJ-3304102-ADBB7447593C4D18AAF6A730A6B59AE8","mod_fiscal":"0.0866000000000000000000000000000","num_area":"2.5984000000000000000000000000000","ind_status":"AT","ind_tipo":"IRU","des_condic":"Aguardando analise","municipio":"Porciuncula","dat_criaca":"02/02/2016"},"geometry":{"type":"Polygon","coordinates":[[[-41.9374,-20.8678],[-41.9347,-20.87],[-41.9373,-20.868],[-41.9374,-20.8678]]]}},{"type":"Feature","properties":{"cod_imovel":"RJ-3304102-B88E018BB9034984A1A91DE6066133B8","mod_fiscal":"0.1751000000000000000000000000000","num_area":"5.2534000000000000000000000000000","ind_status":"AT","ind_tipo":"IRU","des_condic":"Aguardando analise","municipio":"Porciuncula","dat_criaca":"27/12/2018"},"geometry":{"type":"Polygon","coordinates":[[[-41.8938,-20.9221],[-41.8907,-20.9172],[-41.8936,-20.9221],[-41.8938,-20.9221]]]}},{"type":"Feature","properties":{"cod_imovel":"RJ-3304102-B128C855203B4F16882F25CD8B7D466D","mod_fiscal":"0.1392000000000000000000000000000","num_area":"4.1763000000000000000000000000000","ind_status":"AT","ind_tipo":"IRU","des_condic":"Aguardando analise","municipio":"Porciuncula","dat_criaca":"21/03/2016"},"geometry":{"type":"Polygon","coordinates":[[[-41.9053,-20.8487],[-41.909,-20.8448],[-41.9052,-20.8487],[-41.9053,-20.8487]]]}},{"type":"Feature","properties":{"cod_imovel":"RJ-3304102-B20C6B212DED4C339BC25FC41D5AF845","mod_fiscal":"0.7271000000000000000000000000000","num_area":"21.811500000000000000000000000000","ind_status":"AT","ind_tipo":"IRU","des_condic":"Aguardando analise","municipio":"Porciuncula","dat_criaca":"10/05/2015"},"geometry":{"type":"Polygon","coordinates":[[[-41.9803,-20.9537],[-41.9854,-20.9523],[-41.9797,-20.9492],[-41.9803,-20.9535],[-41.9803,-20.9537]]]}},{"type":"Feature","properties":{"cod_imovel":"RJ-3304102-B25A9DB210FA4762B40660DABA36546D","mod_fiscal":"0.3510000000000000000000000000000","num_area":"10.529600000000000000000000000000","ind_status":"AT","ind_tipo":"IRU","des_condic":"Aguardando analise","municipio":"Porciuncula","dat_criaca":"18/02/2016"},"geometry":{"type":"Polygon","coordinates":[[[-41.8941,-20.8363],[-41.8972,-20.8335],[-41.8914,-20.8363],[-41.8936,-20.8364],[-41.8941,-20.8363]]]}},{"type":"Feature","properties":{"cod_imovel":"RJ-3304102-B2E3CAA553364E76B15FB974F7392A9D","mod_fiscal":"1.6149000000000000000000000000000","num_area":"48.448000000000000000000000000000","ind_status":"AT","ind_tipo":"IRU","des_condic":"Aguardando analise","municipio":"Porciuncula","dat_criaca":"26/10/2015"},"geometry":{"type":"Polygon","coordinates":[[[-42.085,-20.998],[-42.094,-20.9944],[-42.0914,-20.9901],[-42.0871,-20.9901],[-42.0851,-20.9977],[-42.085,-20.998]]]}},{"type":"Feature","properties":{"cod_imovel":"RJ-3304102-B349A07C32C24AE29B86AA9F0EB1BB8B","mod_fiscal":"0.2462000000000000000000000000000","num_area":"7.3861000000000000000000000000000","ind_status":"AT","ind_tipo":"IRU","des_condic":"Aguardando analise","municipio":"Porciuncula","dat_criaca":"25/02/2016"},"geometry":{"type":"Polygon","coordinates":[[[-41.9094,-20.8386],[-41.9129,-20.8428],[-41.9094,-20.8386],[-41.9094,-20.8386]]]}},{"type":"Feature","properties":{"cod_imovel":"RJ-3304102-B45F3EC7EF444B08839D7B335D9631AE","mod_fiscal":"0.3898000000000000000000000000000","num_area":"11.692500000000000000000000000000","ind_status":"AT","ind_tipo":"IRU","des_condic":"Aguardando analise","municipio":"Porciuncula","dat_criaca":"12/04/2016"},"geometry":{"type":"Polygon","coordinates":[[[-41.9286,-20.9481],[-41.9321,-20.9441],[-41.9283,-20.945],[-41.9279,-20.9486],[-41.9286,-20.9481]]]}},{"type":"Feature","properties":{"cod_imovel":"RJ-3304102-B7B9FC86130E4C85955C14E99DE1737E","mod_fiscal":"0.1828000000000000000000000000000","num_area":"5.4848000000000000000000000000000","ind_status":"AT","ind_tipo":"IRU","des_condic":"Aguardando analise","municipio":"Porciuncula","dat_criaca":"01/11/2017"},"geometry":{"type":"Polygon","coordinates":[[[-41.9204,-20.8173],[-41.9173,-20.8152],[-41.92,-20.8174],[-41.9204,-20.8173]]]}},{"type":"Feature","properties":{"cod_imovel":"RJ-3304102-BB63F873650F4DDEA63E5E7986EB1E51","mod_fiscal":"1.5640000000000000000000000000000","num_area":"46.919900000000000000000000000000","ind_status":"AT","ind_tipo":"IRU","des_condic":"Aguardando analise","municipio":"Porciuncula","dat_criaca":"31/03/2016"},"geometry":{"type":"Polygon","coordinates":[[[-41.8773,-20.8586],[-41.8718,-20.8526],[-41.8714,-20.856],[-41.8705,-20.8532],[-41.8636,-20.8555],[-41.8655,-20.8579],[-41.87,-20.8555],[-41.8714,-20.8598],[-41.875,-20.8577],[-41.8773,-20.8586]]]}},{"type":"Feature","properties":{"cod_imovel":"RJ-3304102-BE1F83D3616E4454A91E59283314BB04","mod_fiscal":"0.4770000000000000000000000000000","num_area":"14.309900000000000000000000000000","ind_status":"CA","ind_tipo":"IRU","des_condic":"Cancelado por decisao administrativa","municipio":"Porciuncula","dat_criaca":"09/11/2014"},"geometry":{"type":"Polygon","coordinates":[[[-41.8416,-20.8492],[-41.8445,-20.8492],[-41.8456,-20.8451],[-41.8414,-20.8488],[-41.8416,-20.8492]]]}},{"type":"Feature","properties":{"cod_imovel":"RJ-3304102-BCCE5F984F4F41FEB8222E61ED95618E","mod_fiscal":"0.4616000000000000000000000000000","num_area":"13.846700000000000000000000000000","ind_status":"AT","ind_tipo":"IRU","des_condic":"Aguardando analise","municipio":"Porciuncula","dat_criaca":"24/09/2016"},"geometry":{"type":"Polygon","coordinates":[[[-41.9126,-20.8192],[-41.9104,-20.8175],[-41.9114,-20.8213],[-41.9159,-20.8207],[-41.9131,-20.8189],[-41.9126,-20.8192]]]}},{"type":"Feature","properties":{"cod_imovel":"RJ-3304102-BD5B5DF25AB74F20888FAD3CF2967F39","mod_fiscal":"1.0016000000000000000000000000000","num_area":"30.048400000000000000000000000000","ind_status":"AT","ind_tipo":"IRU","des_condic":"Aguardando analise","municipio":"Porciuncula","dat_criaca":"02/06/2015"},"geometry":{"type":"Polygon","coordinates":[[[-41.9912,-20.9528],[-41.9934,-20.9474],[-41.9877,-20.9512],[-41.9846,-20.9487],[-41.9879,-20.9545],[-41.9913,-20.9537],[-41.9912,-20.9528]]]}},{"type":"Feature","properties":{"cod_imovel":"RJ-3304102-BDE607D23D69448CA1FCF7EBC301EC92","mod_fiscal":"1.9462000000000000000000000000000","num_area":"58.385900000000000000000000000000","ind_status":"AT","ind_tipo":"IRU","des_condic":"Aguardando analise","municipio":"Porciuncula","dat_criaca":"07/12/2014"},"geometry":{"type":"Polygon","coordinates":[[[-42.008,-20.9443],[-42.0112,-20.9398],[-42.0051,-20.9316],[-42.004,-20.9417],[-42.008,-20.9443],[-42.008,-20.9443]]]}},{"type":"Feature","properties":{"cod_imovel":"RJ-3304102-BD728AA40FE24A2DB76CE0C0E68633C8","mod_fiscal":"4.3775000000000000000000000000000","num_area":"131.32520000000000000000000000000","ind_status":"AT","ind_tipo":"IRU","des_condic":"Aguardando analise","municipio":"Porciuncula","dat_criaca":"04/09/2019"},"geometry":{"type":"Polygon","coordinates":[[[-41.8026,-20.8212],[-41.8055,-20.8233],[-41.8008,-20.827],[-41.8019,-20.8325],[-41.8042,-20.8273],[-41.8164,-20.8216],[-41.818,-20.8181],[-41.8117,-20.8155],[-41.8028,-20.8211],[-41.8026,-20.8212]]]}},{"type":"Feature","properties":{"cod_imovel":"RJ-3304102-BDA220AC6C9F4EAD9B0AA0A5381B7AE7","mod_fiscal":"0.1058000000000000000000000000000","num_area":"3.1748000000000000000000000000000","ind_status":"AT","ind_tipo":"IRU","des_condic":"Aguardando analise","municipio":"Porciuncula","dat_criaca":"21/03/2016"},"geometry":{"type":"Polygon","coordinates":[[[-41.886,-20.8352],[-41.8893,-20.8391],[-41.8861,-20.835],[-41.886,-20.8352]]]}},{"type":"Feature","properties":{"cod_imovel":"RJ-3304102-BDAEED9BBEC24F008B20A05A64FA4BCD","mod_fiscal":"0.5878000000000000000000000000000","num_area":"17.595000000000000000000000000000","ind_status":"AT","ind_tipo":"IRU","des_condic":"Aguardando analise","municipio":"Porciuncula","dat_criaca":"09/04/2015"},"geometry":{"type":"Polygon","coordinates":[[[-41.8588,-20.7685],[-41.8591,-20.7711],[-41.863,-20.7673],[-41.8593,-20.7659],[-41.8607,-20.7633],[-41.8587,-20.7681],[-41.8588,-20.7685]]]}},{"type":"Feature","properties":{"cod_imovel":"RJ-3304102-C47A3DB8A1164AF98330375B7CE95266","mod_fiscal":"0.3912000000000000000000000000000","num_area":"11.702900000000000000000000000000","ind_status":"AT","ind_tipo":"IRU","des_condic":"Aguardando analise","municipio":"Porciuncula","dat_criaca":"19/07/2020"},"geometry":{"type":"Polygon","coordinates":[[[-42.0198,-20.9286],[-42.0256,-20.9268],[-42.0209,-20.9257],[-42.0198,-20.9286],[-42.0198,-20.9286]]]}},{"type":"Feature","properties":{"cod_imovel":"RJ-3304102-BFC063F048D34739AF7A82F5C703016A","mod_fiscal":"2.0671000000000000000000000000000","num_area":"61.867400000000000000000000000000","ind_status":"AT","ind_tipo":"IRU","des_condic":"Aguardando analise","municipio":"Porciuncula","dat_criaca":"28/04/2015"},"geometry":{"type":"Polygon","coordinates":[[[-42.079,-20.9407],[-42.0817,-20.9443],[-42.0898,-20.9432],[-42.0902,-20.9394],[-42.0818,-20.9379],[-42.0792,-20.94],[-42.079,-20.9407]]]}},{"type":"Feature","properties":{"cod_imovel":"RJ-3304102-C00717D0EA0845DA91C77DD3AA9518B6","mod_fiscal":"1.9973000000000000000000000000000","num_area":"59.920100000000000000000000000000","ind_status":"AT","ind_tipo":"IRU","des_condic":"Aguardando analise","municipio":"Porciuncula","dat_criaca":"13/04/2016"},"geometry":{"type":"Polygon","coordinates":[[[-41.8495,-20.7925],[-41.8484,-20.7884],[-41.8591,-20.7923],[-41.8584,-20.7863],[-41.8451,-20.7872],[-41.8441,-20.7909],[-41.8493,-20.7926],[-41.8495,-20.7925]]]}},{"type":"Feature","properties":{"cod_imovel":"RJ-3304102-C015019E2AC64C71ADE5745DE6479E04","mod_fiscal":"0.2463000000000000000000000000000","num_area":"7.3892000000000000000000000000000","ind_status":"AT","ind_tipo":"IRU","des_condic":"Aguardando analise","municipio":"Porciuncula","dat_criaca":"11/04/2016"},"geometry":{"type":"Polygon","coordinates":[[[-41.9063,-20.804],[-41.9094,-20.8027],[-41.9047,-20.8016],[-41.9055,-20.8036],[-41.9063,-20.804]]]}},{"type":"Feature","properties":{"cod_imovel":"RJ-3304102-C038C3153313442FA7600194CF34E0F4","mod_fiscal":"0.9781000000000000000000000000000","num_area":"29.341700000000000000000000000000","ind_status":"AT","ind_tipo":"IRU","des_condic":"Aguardando analise","municipio":"Porciuncula","dat_criaca":"29/04/2016"},"geometry":{"type":"Polygon","coordinates":[[[-41.9079,-20.8489],[-41.9029,-20.8502],[-41.9061,-20.854],[-41.9083,-20.8494],[-41.9079,-20.8489]]]}},{"type":"Feature","properties":{"cod_imovel":"RJ-3304102-C1E2132A24424685B0478DC655C7E0BF","mod_fiscal":"0.5744000000000000000000000000000","num_area":"17.232300000000000000000000000000","ind_status":"AT","ind_tipo":"IRU","des_condic":"Aguardando analise","municipio":"Porciuncula","dat_criaca":"04/05/2016"},"geometry":{"type":"Polygon","coordinates":[[[-41.8941,-20.802],[-41.8907,-20.8058],[-41.8978,-20.8048],[-41.894,-20.8023],[-41.8941,-20.802]]]}},{"type":"Feature","properties":{"cod_imovel":"RJ-3304102-C2F7AF5E784C415AA2731BFD3F94DEE6","mod_fiscal":"1.8218000000000000000000000000000","num_area":"54.654100000000000000000000000000","ind_status":"AT","ind_tipo":"IRU","des_condic":"Aguardando analise","municipio":"Porciuncula","dat_criaca":"01/09/2019"},"geometry":{"type":"Polygon","coordinates":[[[-41.9083,-20.8399],[-41.9021,-20.8342],[-41.8982,-20.8391],[-41.9059,-20.8436],[-41.908,-20.8408],[-41.9083,-20.8399]]]}},{"type":"Feature","properties":{"cod_imovel":"RJ-3304102-C4967125BFDC438988B750D01B214431","mod_fiscal":"0.2405000000000000000000000000000","num_area":"7.2160000000000000000000000000000","ind_status":"AT","ind_tipo":"IRU","des_condic":"Aguardando analise","municipio":"Porciuncula","dat_criaca":"04/03/2016"},"geometry":{"type":"Polygon","coordinates":[[[-41.8662,-20.85],[-41.8633,-20.847],[-41.8659,-20.8499],[-41.8662,-20.85]]]}},{"type":"Feature","properties":{"cod_imovel":"RJ-3304102-C651C09E59DE4EDC9D0B521C3C126E6F","mod_fiscal":"0.4638000000000000000000000000000","num_area":"13.914900000000000000000000000000","ind_status":"AT","ind_tipo":"IRU","des_condic":"Aguardando analise","municipio":"Porciuncula","dat_criaca":"19/10/2018"},"geometry":{"type":"Polygon","coordinates":[[[-42.0654,-20.9545],[-42.0705,-20.9477],[-42.0645,-20.9535],[-42.0654,-20.9545]]]}},{"type":"Feature","properties":{"cod_imovel":"RJ-3304102-C5C2D486A7134B78A5E1CB478BC99DC4","mod_fiscal":"0.5319000000000000000000000000000","num_area":"15.956300000000000000000000000000","ind_status":"AT","ind_tipo":"IRU","des_condic":"Aguardando analise","municipio":"Porciuncula","dat_criaca":"27/11/2014"},"geometry":{"type":"Polygon","coordinates":[[[-41.8559,-20.7975],[-41.8536,-20.7979],[-41.861,-20.7997],[-41.8559,-20.7975],[-41.8559,-20.7975]]]}},{"type":"Feature","properties":{"cod_imovel":"RJ-3304102-C684F619A1CC4BACA6EC2650D3F586F2","mod_fiscal":"0.1029000000000000000000000000000","num_area":"3.0879000000000000000000000000000","ind_status":"AT","ind_tipo":"IRU","des_condic":"Aguardando analise","municipio":"Porciuncula","dat_criaca":"18/04/2016"},"geometry":{"type":"Polygon","coordinates":[[[-41.9053,-20.8477],[-41.903,-20.8459],[-41.905,-20.848],[-41.9053,-20.8477]]]}},{"type":"Feature","properties":{"cod_imovel":"RJ-3304102-C6EFB075BC7C4A4FA204BEC618EEEFD4","mod_fiscal":"0.2755000000000000000000000000000","num_area":"8.2657000000000000000000000000000","ind_status":"AT","ind_tipo":"IRU","des_condic":"Aguardando analise","municipio":"Porciuncula","dat_criaca":"26/02/2015"},"geometry":{"type":"Polygon","coordinates":[[[-41.899,-20.8122],[-41.8963,-20.8184],[-41.8999,-20.8127],[-41.899,-20.8122]]]}},{"type":"Feature","properties":{"cod_imovel":"RJ-3304102-C708730194AA44A49EC59FDEAC5AC960","mod_fiscal":"0.5228000000000000000000000000000","num_area":"15.685300000000000000000000000000","ind_status":"AT","ind_tipo":"IRU","des_condic":"Aguardando analise","municipio":"Porciuncula","dat_criaca":"31/07/2020"},"geometry":{"type":"Polygon","coordinates":[[[-41.909,-20.7984],[-41.9161,-20.7955],[-41.9091,-20.7982],[-41.909,-20.7984]]]}},{"type":"Feature","properties":{"cod_imovel":"RJ-3304102-C9FD0AE820BD4A7F9490B442AF805670","mod_fiscal":"1.1649000000000000000000000000000","num_area":"34.946900000000000000000000000000","ind_status":"AT","ind_tipo":"IRU","des_condic":"Aguardando analise","municipio":"Porciuncula","dat_criaca":"30/03/2015"},"geometry":{"type":"Polygon","coordinates":[[[-42.0296,-21.012],[-42.0271,-21.008],[-42.0228,-21.0091],[-42.0259,-21.0147],[-42.0293,-21.015],[-42.0296,-21.0122],[-42.0296,-21.012]]]}},{"type":"Feature","properties":{"cod_imovel":"RJ-3304102-CD935336F6B34E079E4C9B7BBB74C921","mod_fiscal":"0.0968000000000000000000000000000","num_area":"2.9034000000000000000000000000000","ind_status":"AT","ind_tipo":"IRU","des_condic":"Aguardando analise","municipio":"Porciuncula","dat_criaca":"10/03/2016"},"geometry":{"type":"Polygon","coordinates":[[[-41.8695,-20.771],[-41.8729,-20.7695],[-41.8692,-20.7708],[-41.8695,-20.771]]]}},{"type":"Feature","properties":{"cod_imovel":"RJ-3304102-DE4DA7F4B73B485DAC89F9942D73B002","mod_fiscal":"0.0577000000000000000000000000000","num_area":"1.7325000000000000000000000000000","ind_status":"AT","ind_tipo":"IRU","des_condic":"Aguardando analise","municipio":"Porciuncula","dat_criaca":"03/05/2016"},"geometry":{"type":"Polygon","coordinates":[[[-41.9136,-20.914],[-41.9109,-20.9157],[-41.9136,-20.9141],[-41.9136,-20.914]]]}},{"type":"Feature","properties":{"cod_imovel":"RJ-3304102-CF0F3B87DF6E4072A2F427BBC5E65AAE","mod_fiscal":"0.7405000000000000000000000000000","num_area":"22.213800000000000000000000000000","ind_status":"AT","ind_tipo":"IRU","des_condic":"Aguardando analise","municipio":"Porciuncula","dat_criaca":"27/02/2016"},"geometry":{"type":"Polygon","coordinates":[[[-42.0598,-21.0148],[-42.0701,-21.0131],[-42.0594,-21.0127],[-42.0598,-21.0148]]]}},{"type":"Feature","properties":{"cod_imovel":"RJ-3304102-CF368A2CA5694804B2EBD3334FA1854B","mod_fiscal":"2.8194000000000000000000000000000","num_area":"84.582100000000000000000000000000","ind_status":"AT","ind_tipo":"IRU","des_condic":"Aguardando analise","municipio":"Porciuncula","dat_criaca":"25/05/2018"},"geometry":{"type":"Polygon","coordinates":[[[-41.8326,-20.811],[-41.8279,-20.8082],[-41.8233,-20.8107],[-41.8284,-20.8182],[-41.8348,-20.8146],[-41.8328,-20.8112],[-41.8326,-20.811]]]}},{"type":"Feature","properties":{"cod_imovel":"RJ-3304102-D25F757F88D242C7BD991BE937B05BCC","mod_fiscal":"1.8302000000000000000000000000000","num_area":"54.906900000000000000000000000000","ind_status":"AT","ind_tipo":"IRU","des_condic":"Aguardando analise","municipio":"Porciuncula","dat_criaca":"01/04/2016"},"geometry":{"type":"Polygon","coordinates":[[[-41.8931,-20.8047],[-41.8918,-20.7965],[-41.885,-20.798],[-41.886,-20.8019],[-41.8916,-20.8043],[-41.8931,-20.8047]]]}},{"type":"Feature","properties":{"cod_imovel":"RJ-3304102-D3A42C3938CA46E0933A3B8AFEC39F1C","mod_fiscal":"0.0807000000000000000000000000000","num_area":"2.4208000000000000000000000000000","ind_status":"AT","ind_tipo":"IRU","des_condic":"Aguardando analise","municipio":"Porciuncula","dat_criaca":"12/04/2016"},"geometry":{"type":"Polygon","coordinates":[[[-41.9086,-20.8232],[-41.9086,-20.8254],[-41.9089,-20.8233],[-41.9086,-20.8232]]]}},{"type":"Feature","properties":{"cod_imovel":"RJ-3304102-D40D6A70070E4EC3AF6C3F60270D4417","mod_fiscal":"1.1948000000000000000000000000000","num_area":"35.845300000000000000000000000000","ind_status":"AT","ind_tipo":"IRU","des_condic":"Aguardando analise","municipio":"Porciuncula","dat_criaca":"10/07/2019"},"geometry":{"type":"Polygon","coordinates":[[[-41.9107,-20.8356],[-41.9124,-20.8438],[-41.9168,-20.8432],[-41.9149,-20.8369],[-41.9113,-20.8359],[-41.9107,-20.8356]]]}},{"type":"Feature","properties":{"cod_imovel":"RJ-3304102-DD32F44E7D434D788390267F62A6670A","mod_fiscal":"0.1567000000000000000000000000000","num_area":"4.7017000000000000000000000000000","ind_status":"AT","ind_tipo":"IRU","des_condic":"Aguardando analise","municipio":"Porciuncula","dat_criaca":"05/05/2017"},"geometry":{"type":"Polygon","coordinates":[[[-41.8394,-20.8427],[-41.8377,-20.8463],[-41.8399,-20.8428],[-41.8394,-20.8427]]]}},{"type":"Feature","properties":{"cod_imovel":"RJ-3304102-D539ABFE68C343D8B70FE3FFD7A735A2","mod_fiscal":"1.2652000000000000000000000000000","num_area":"37.956100000000000000000000000000","ind_status":"AT","ind_tipo":"IRU","des_condic":"Aguardando analise","municipio":"Porciuncula","dat_criaca":"27/02/2016"},"geometry":{"type":"Polygon","coordinates":[[[-41.8673,-20.7895],[-41.868,-20.7933],[-41.8728,-20.7946],[-41.8788,-20.7922],[-41.868,-20.7892],[-41.8673,-20.7895]]]}},{"type":"Feature","properties":{"cod_imovel":"RJ-3304102-D5890DDBE44B44CBAAC55212115E64E7","mod_fiscal":"0.2859000000000000000000000000000","num_area":"8.5780000000000000000000000000000","ind_status":"AT","ind_tipo":"IRU","des_condic":"Aguardando analise","municipio":"Porciuncula","dat_criaca":"03/05/2016"},"geometry":{"type":"Polygon","coordinates":[[[-41.921,-20.8178],[-41.9237,-20.8138],[-41.9199,-20.8146],[-41.9207,-20.8179],[-41.921,-20.8178]]]}},{"type":"Feature","properties":{"cod_imovel":"RJ-3304102-D661997DA6744FDE82FBF82452DE4BCE","mod_fiscal":"0.1204000000000000000000000000000","num_area":"3.6126000000000000000000000000000","ind_status":"AT","ind_tipo":"IRU","des_condic":"Aguardando analise","municipio":"Porciuncula","dat_criaca":"12/04/2017"},"geometry":{"type":"Polygon","coordinates":[[[-41.8772,-20.7875],[-41.8786,-20.7859],[-41.8743,-20.7893],[-41.8772,-20.7875],[-41.8772,-20.7875]]]}},{"type":"Feature","properties":{"cod_imovel":"RJ-3304102-D7031F34C38C48548735C5372CF547C7","mod_fiscal":"0.2000000000000000000000000000000","num_area":"6.0004000000000000000000000000000","ind_status":"AT","ind_tipo":"IRU","des_condic":"Aguardando analise","municipio":"Porciuncula","dat_criaca":"11/07/2015"},"geometry":{"type":"Polygon","coordinates":[[[-41.8047,-20.8061],[-41.8002,-20.8056],[-41.8001,-20.8079],[-41.8041,-20.8066],[-41.8047,-20.8061]]]}},{"type":"Feature","properties":{"cod_imovel":"RJ-3304102-D834C95E2BC34673A422E358D4AF7029","mod_fiscal":"0.6415000000000000000000000000000","num_area":"19.245700000000000000000000000000","ind_status":"AT","ind_tipo":"IRU","des_condic":"Aguardando analise","municipio":"Porciuncula","dat_criaca":"15/04/2016"},"geometry":{"type":"Polygon","coordinates":[[[-41.9567,-20.9146],[-41.9653,-20.9145],[-41.9567,-20.9115],[-41.9567,-20.9145],[-41.9567,-20.9146]]]}},{"type":"Feature","properties":{"cod_imovel":"RJ-3304102-D933ABA47F2B400E8B4F763545C725AA","mod_fiscal":"0.1601000000000000000000000000000","num_area":"4.8036000000000000000000000000000","ind_status":"AT","ind_tipo":"IRU","des_condic":"Aguardando analise","municipio":"Porciuncula","dat_criaca":"26/02/2016"},"geometry":{"type":"Polygon","coordinates":[[[-41.8952,-20.8319],[-41.891,-20.8352],[-41.8953,-20.832],[-41.8952,-20.8319]]]}},{"type":"Feature","properties":{"cod_imovel":"RJ-3304102-D9C485A1E5B54A3F9B247B4AAF498FD6","mod_fiscal":"0.1618000000000000000000000000000","num_area":"4.8538000000000000000000000000000","ind_status":"AT","ind_tipo":"IRU","des_condic":"Aguardando analise","municipio":"Porciuncula","dat_criaca":"03/05/2016"},"geometry":{"type":"Polygon","coordinates":[[[-41.8599,-20.7948],[-41.8613,-20.7976],[-41.8601,-20.7949],[-41.8599,-20.7948]]]}},{"type":"Feature","properties":{"cod_imovel":"RJ-3304102-D9F0B568064B4F27B4E22F3ED7D23C99","mod_fiscal":"4.6996000000000000000000000000000","num_area":"140.98900000000000000000000000000","ind_status":"AT","ind_tipo":"IRU","des_condic":"Aguardando analise","municipio":"Porciuncula","dat_criaca":"11/09/2018"},"geometry":{"type":"Polygon","coordinates":[[[-42.109,-20.9828],[-42.1114,-20.9788],[-42.1066,-20.9744],[-42.0995,-20.9745],[-42.0966,-20.981],[-42.099,-20.9852],[-42.1092,-20.9836],[-42.109,-20.9828]]]}},{"type":"Feature","properties":{"cod_imovel":"RJ-3304102-DA641B0D19C64403BC278C088426FA9D","mod_fiscal":"0.2541000000000000000000000000000","num_area":"7.6238000000000000000000000000000","ind_status":"AT","ind_tipo":"IRU","des_condic":"Aguardando analise","municipio":"Porciuncula","dat_criaca":"29/03/2016"},"geometry":{"type":"Polygon","coordinates":[[[-41.9346,-20.87],[-41.937,-20.8673],[-41.9339,-20.8696],[-41.9346,-20.87]]]}},{"type":"Feature","properties":{"cod_imovel":"RJ-3304102-DC7AFAF7A1E641F49F7A28D357B71ACA","mod_fiscal":"1.0017000000000000000000000000000","num_area":"30.052300000000000000000000000000","ind_status":"AT","ind_tipo":"IRU","des_condic":"Aguardando analise","municipio":"Porciuncula","dat_criaca":"28/04/2016"},"geometry":{"type":"Polygon","coordinates":[[[-41.94,-20.8764],[-41.9346,-20.8767],[-41.9306,-20.8852],[-41.9399,-20.8765],[-41.94,-20.8764]]]}},{"type":"Feature","properties":{"cod_imovel":"RJ-3304102-DCDC0FDC0B1F472AA433F879205F8D7B","mod_fiscal":"0.9835000000000000000000000000000","num_area":"29.505100000000000000000000000000","ind_status":"AT","ind_tipo":"IRU","des_condic":"Aguardando analise","municipio":"Porciuncula","dat_criaca":"20/04/2016"},"geometry":{"type":"Polygon","coordinates":[[[-41.8764,-20.8442],[-41.8793,-20.8477],[-41.8836,-20.8449],[-41.8779,-20.8394],[-41.8766,-20.8441],[-41.8764,-20.8442]]]}},{"type":"Feature","properties":{"cod_imovel":"RJ-3304102-DD13BBE78D7F4028BABE34AA02D4092E","mod_fiscal":"0.3296000000000000000000000000000","num_area":"9.8894000000000000000000000000000","ind_status":"AT","ind_tipo":"IRU","des_condic":"Aguardando analise","municipio":"Porciuncula","dat_criaca":"29/03/2016"},"geometry":{"type":"Polygon","coordinates":[[[-41.9085,-20.8476],[-41.9119,-20.844],[-41.9083,-20.8444],[-41.9084,-20.8482],[-41.9085,-20.8476]]]}},{"type":"Feature","properties":{"cod_imovel":"RJ-3304102-E1CE3C03738442898C0CDC4291F8E469","mod_fiscal":"0.0929000000000000000000000000000","num_area":"2.7877000000000000000000000000000","ind_status":"AT","ind_tipo":"IRU","des_condic":"Aguardando analise","municipio":"Porciuncula","dat_criaca":"05/05/2016"},"geometry":{"type":"Polygon","coordinates":[[[-41.9164,-20.8227],[-41.919,-20.824],[-41.9163,-20.8227],[-41.9164,-20.8227]]]}},{"type":"Feature","properties":{"cod_imovel":"RJ-3304102-E0EE65A9BC2D4F8E88A3926AB1F1A17C","mod_fiscal":"6.5250000000000000000000000000000","num_area":"195.74860000000000000000000000000","ind_status":"AT","ind_tipo":"IRU","des_condic":"Aguardando analise","municipio":"Porciuncula","dat_criaca":"03/05/2016"},"geometry":{"type":"Polygon","coordinates":[[[-41.9302,-20.932],[-41.9326,-20.9367],[-41.9427,-20.9371],[-41.947,-20.9291],[-41.9436,-20.9261],[-41.9548,-20.9208],[-41.9428,-20.9217],[-41.9394,-20.929],[-41.9304,-20.9283],[-41.9302,-20.9309],[-41.9302,-20.932]]]}},{"type":"Feature","properties":{"cod_imovel":"RJ-3304102-E11F103A64A84030A08B448698807633","mod_fiscal":"0.1615000000000000000000000000000","num_area":"4.8440000000000000000000000000000","ind_status":"AT","ind_tipo":"IRU","des_condic":"Aguardando analise","municipio":"Porciuncula","dat_criaca":"17/03/2016"},"geometry":{"type":"Polygon","coordinates":[[[-41.9273,-20.8274],[-41.9291,-20.8308],[-41.9274,-20.8274],[-41.9273,-20.8274]]]}},{"type":"Feature","properties":{"cod_imovel":"RJ-3304102-E124141AF4034328BC82C0B31C96823E","mod_fiscal":"0.1321000000000000000000000000000","num_area":"3.9640000000000000000000000000000","ind_status":"AT","ind_tipo":"IRU","des_condic":"Aguardando analise","municipio":"Porciuncula","dat_criaca":"18/05/2015"},"geometry":{"type":"Polygon","coordinates":[[[-41.8991,-20.9169],[-41.8948,-20.9173],[-41.8989,-20.9172],[-41.8991,-20.9169]]]}},{"type":"Feature","properties":{"cod_imovel":"RJ-3304102-E51FBA2D76624CD6ADB10B94A48C4252","mod_fiscal":"2.5710000000000000000000000000000","num_area":"77.128600000000000000000000000000","ind_status":"AT","ind_tipo":"IRU","des_condic":"Aguardando analise","municipio":"Porciuncula","dat_criaca":"30/12/2018"},"geometry":{"type":"Polygon","coordinates":[[[-42.0162,-20.985],[-42.024,-20.99],[-42.0284,-20.9817],[-42.019,-20.9812],[-42.0159,-20.9847],[-42.0162,-20.985]]]}},{"type":"Feature","properties":{"cod_imovel":"RJ-3304102-E54EAF772CCD4FF381AB36F267984111","mod_fiscal":"1.1414000000000000000000000000000","num_area":"33.676100000000000000000000000000","ind_status":"AT","ind_tipo":"IRU","des_condic":"Aguardando analise","municipio":"Porciuncula","dat_criaca":"12/06/2016"},"geometry":{"type":"Polygon","coordinates":[[[-41.9467,-20.8609],[-41.9477,-20.8684],[-41.9541,-20.8713],[-41.9473,-20.8622],[-41.9467,-20.8609]]]}},{"type":"Feature","properties":{"cod_imovel":"RJ-3304102-E5B6DF2BCB6B4E5DB63EB5189D22AB69","mod_fiscal":"7.5992000000000000000000000000000","num_area":"227.57240000000000000000000000000","ind_status":"AT","ind_tipo":"IRU","des_condic":"Aguardando analise","municipio":"Porciuncula","dat_criaca":"04/05/2016"},"geometry":{"type":"Polygon","coordinates":[[[-42.1285,-20.9897],[-42.1191,-20.9847],[-42.1138,-20.9911],[-42.127,-21.0002],[-42.1416,-20.9924],[-42.1399,-20.9895],[-42.1285,-20.9897],[-42.1285,-20.9897]]]}},{"type":"Feature","properties":{"cod_imovel":"RJ-3304102-E806F70875FF49218B8356161F91140D","mod_fiscal":"1.5836000000000000000000000000000","num_area":"47.506700000000000000000000000000","ind_status":"AT","ind_tipo":"IRU","des_condic":"Aguardando analise","municipio":"Porciuncula","dat_criaca":"10/11/2015"},"geometry":{"type":"Polygon","coordinates":[[[-41.9015,-20.8708],[-41.8993,-20.876],[-41.9066,-20.876],[-41.9015,-20.8644],[-41.9015,-20.8705],[-41.9015,-20.8708]]]}},{"type":"Feature","properties":{"cod_imovel":"RJ-3304102-E896C0A419A745DBB20B1E1B8BA5C068","mod_fiscal":"0.4622000000000000000000000000000","num_area":"13.867400000000000000000000000000","ind_status":"AT","ind_tipo":"IRU","des_condic":"Aguardando analise","municipio":"Porciuncula","dat_criaca":"21/02/2018"},"geometry":{"type":"Polygon","coordinates":[[[-42.0852,-20.9956],[-42.0855,-20.9894],[-42.0831,-20.9949],[-42.0852,-20.9958],[-42.0852,-20.9956]]]}},{"type":"Feature","properties":{"cod_imovel":"RJ-3304102-EA426C2CE5E1457ABF4B306F7BEA6004","mod_fiscal":"0.0871000000000000000000000000000","num_area":"2.6145000000000000000000000000000","ind_status":"AT","ind_tipo":"IRU","des_condic":"Aguardando analise","municipio":"Porciuncula","dat_criaca":"06/04/2016"},"geometry":{"type":"Polygon","coordinates":[[[-41.832,-20.8354],[-41.8343,-20.8362],[-41.832,-20.8355],[-41.832,-20.8354]]]}},{"type":"Feature","properties":{"cod_imovel":"RJ-3304102-EA7C216EBFFB4DE596E5628DA183E78E","mod_fiscal":"3.8898000000000000000000000000000","num_area":"116.69310000000000000000000000000","ind_status":"AT","ind_tipo":"IRU","des_condic":"Aguardando analise","municipio":"Porciuncula","dat_criaca":"01/09/2019"},"geometry":{"type":"Polygon","coordinates":[[[-41.897,-20.8256],[-41.8854,-20.8218],[-41.8825,-20.8245],[-41.8887,-20.8298],[-41.8866,-20.8342],[-41.8893,-20.8328],[-41.8915,-20.8362],[-41.897,-20.8258],[-41.897,-20.8256]]]}},{"type":"Feature","properties":{"cod_imovel":"RJ-3304102-EA8DC6DC04AB4465A9010AF587542BD1","mod_fiscal":"2.8697000000000000000000000000000","num_area":"86.090000000000000000000000000000","ind_status":"AT","ind_tipo":"IRU","des_condic":"Aguardando analise","municipio":"Porciuncula","dat_criaca":"15/02/2019"},"geometry":{"type":"Polygon","coordinates":[[[-41.9215,-20.8407],[-41.9221,-20.837],[-41.9181,-20.8375],[-41.9192,-20.8299],[-41.912,-20.8297],[-41.9142,-20.8396],[-41.9169,-20.843],[-41.921,-20.8408],[-41.9215,-20.8407]]]}},{"type":"Feature","properties":{"cod_imovel":"RJ-3304102-EACE74AE8DD14405AD76E2CEA832CA59","mod_fiscal":"0.1523000000000000000000000000000","num_area":"4.5702000000000000000000000000000","ind_status":"AT","ind_tipo":"IRU","des_condic":"Aguardando analise","municipio":"Porciuncula","dat_criaca":"20/04/2016"},"geometry":{"type":"Polygon","coordinates":[[[-41.8362,-20.8041],[-41.8337,-20.8089],[-41.8359,-20.8048],[-41.8362,-20.8041]]]}},{"type":"Feature","properties":{"cod_imovel":"RJ-3304102-EC34938C85F04A62A3D60105D3FA2E46","mod_fiscal":"13.037500000000000000000000000000","num_area":"391.09980000000000000000000000000","ind_status":"AT","ind_tipo":"IRU","des_condic":"Aguardando analise","municipio":"Porciuncula","dat_criaca":"21/04/2017"},"geometry":{"type":"Polygon","coordinates":[[[-42.0177,-20.9393],[-42.0183,-20.9292],[-42.0053,-20.9316],[-42.0115,-20.94],[-42.0079,-20.9443],[-42.0151,-20.9447],[-42.0121,-20.9541],[-42.0138,-20.9586],[-42.027,-20.9512],[-42.0228,-20.9481],[-42.0244,-20.9392],[-42.0307,-20.9346],[-42.0275,-20.9337],[-42.0194,-20.9412],[-42.0179,-20.9394],[-42.0177,-20.9393]]]}},{"type":"Feature","properties":{"cod_imovel":"RJ-3304102-EECF95CB3EBB48A58F5D903659C6CE65","mod_fiscal":"0.1936000000000000000000000000000","num_area":"5.8082000000000000000000000000000","ind_status":"AT","ind_tipo":"IRU","des_condic":"Aguardando analise","municipio":"Porciuncula","dat_criaca":"18/04/2016"},"geometry":{"type":"Polygon","coordinates":[[[-41.8344,-20.8091],[-41.8368,-20.8034],[-41.8345,-20.8087],[-41.8344,-20.8091]]]}},{"type":"Feature","properties":{"cod_imovel":"RJ-3304102-ED5CDBB47CD041A386D2E58D8BBB83EC","mod_fiscal":"0.2110000000000000000000000000000","num_area":"6.3292000000000000000000000000000","ind_status":"AT","ind_tipo":"IRU","des_condic":"Aguardando analise","municipio":"Porciuncula","dat_criaca":"24/11/2015"},"geometry":{"type":"Polygon","coordinates":[[[-41.8447,-20.8502],[-41.8476,-20.8514],[-41.8448,-20.8499],[-41.8447,-20.8502]]]}},{"type":"Feature","properties":{"cod_imovel":"RJ-3304102-ED9EC1B212FD480A99C39A9A51150314","mod_fiscal":"1.0865000000000000000000000000000","num_area":"31.985500000000000000000000000000","ind_status":"AT","ind_tipo":"IRU","des_condic":"Aguardando analise","municipio":"Porciuncula","dat_criaca":"07/04/2016"},"geometry":{"type":"Polygon","coordinates":[[[-41.8901,-20.7854],[-41.8881,-20.7931],[-41.8938,-20.7884],[-41.8902,-20.7855],[-41.8901,-20.7854]]]}},{"type":"Feature","properties":{"cod_imovel":"RJ-3304102-EDB98B8A3A5940D386B9C3D703810B14","mod_fiscal":"1.5341000000000000000000000000000","num_area":"46.021700000000000000000000000000","ind_status":"AT","ind_tipo":"IRU","des_condic":"Aguardando analise","municipio":"Porciuncula","dat_criaca":"03/05/2016"},"geometry":{"type":"Polygon","coordinates":[[[-41.9182,-20.9418],[-41.9121,-20.9289],[-41.91,-20.932],[-41.9138,-20.9411],[-41.9181,-20.9418],[-41.9182,-20.9418]]]}},{"type":"Feature","properties":{"cod_imovel":"RJ-3304102-EE2F01FA20664FC68A569AA3C4E328D0","mod_fiscal":"0.6663000000000000000000000000000","num_area":"19.987500000000000000000000000000","ind_status":"AT","ind_tipo":"IRU","des_condic":"Aguardando analise","municipio":"Porciuncula","dat_criaca":"30/05/2018"},"geometry":{"type":"Polygon","coordinates":[[[-41.9278,-20.8309],[-41.9272,-20.8271],[-41.9226,-20.8294],[-41.9236,-20.8326],[-41.9278,-20.8309],[-41.9278,-20.8309]]]}},{"type":"Feature","properties":{"cod_imovel":"RJ-3304102-F1143E9D97A04188A354C500E50C0AF2","mod_fiscal":"0.6358000000000000000000000000000","num_area":"19.072800000000000000000000000000","ind_status":"AT","ind_tipo":"IRU","des_condic":"Aguardando analise","municipio":"Porciuncula","dat_criaca":"21/04/2016"},"geometry":{"type":"Polygon","coordinates":[[[-41.8329,-20.8419],[-41.8267,-20.8413],[-41.8322,-20.8451],[-41.833,-20.8421],[-41.8329,-20.8419]]]}},{"type":"Feature","properties":{"cod_imovel":"RJ-3304102-F1B48DA483784992BF43786E0F458B25","mod_fiscal":"2.6835000000000000000000000000000","num_area":"80.504900000000000000000000000000","ind_status":"AT","ind_tipo":"IRU","des_condic":"Aguardando analise","municipio":"Porciuncula","dat_criaca":"03/10/2019"},"geometry":{"type":"Polygon","coordinates":[[[-41.8272,-20.841],[-41.8317,-20.8346],[-41.8306,-20.8303],[-41.8231,-20.8334],[-41.8218,-20.8293],[-41.8183,-20.8329],[-41.8272,-20.841],[-41.8272,-20.841]]]}},{"type":"Feature","properties":{"cod_imovel":"RJ-3304102-F1DC70232A6D4A75B7E77356A56E63D7","mod_fiscal":"0.2183000000000000000000000000000","num_area":"6.5488000000000000000000000000000","ind_status":"AT","ind_tipo":"IRU","des_condic":"Aguardando analise","municipio":"Porciuncula","dat_criaca":"15/04/2016"},"geometry":{"type":"Polygon","coordinates":[[[-41.9494,-20.9452],[-41.9557,-20.9434],[-41.9516,-20.9446],[-41.9494,-20.9452]]]}},{"type":"Feature","properties":{"cod_imovel":"RJ-3304102-F3693BE9ACDB4274A2A2FA23883D8710","mod_fiscal":"0.0912000000000000000000000000000","num_area":"2.7358000000000000000000000000000","ind_status":"AT","ind_tipo":"IRU","des_condic":"Aguardando analise","municipio":"Porciuncula","dat_criaca":"03/04/2016"},"geometry":{"type":"Polygon","coordinates":[[[-41.9058,-20.8466],[-41.9091,-20.8449],[-41.9059,-20.8465],[-41.9058,-20.8466]]]}},{"type":"Feature","properties":{"cod_imovel":"RJ-3304102-F3B22E7F061A4C4A97F60132B328AE14","mod_fiscal":"0.1268000000000000000000000000000","num_area":"3.8053000000000000000000000000000","ind_status":"AT","ind_tipo":"IRU","des_condic":"Aguardando analise","municipio":"Porciuncula","dat_criaca":"21/08/2018"},"geometry":{"type":"Polygon","coordinates":[[[-41.8948,-20.8523],[-41.8919,-20.8538],[-41.8949,-20.8526],[-41.8948,-20.8523]]]}},{"type":"Feature","properties":{"cod_imovel":"RJ-3304102-F771DBADB853424AA6C4AE2A1DF2285A","mod_fiscal":"1.0655000000000000000000000000000","num_area":"31.939700000000000000000000000000","ind_status":"AT","ind_tipo":"IRU","des_condic":"Aguardando analise","municipio":"Porciuncula","dat_criaca":"09/04/2015"},"geometry":{"type":"Polygon","coordinates":[[[-41.8552,-20.7688],[-41.8588,-20.7711],[-41.8589,-20.7666],[-41.8528,-20.7634],[-41.8547,-20.7679],[-41.8552,-20.7688]]]}},{"type":"Feature","properties":{"cod_imovel":"RJ-3304102-FA02EF2115C14C8281DD2CA440177BA4","mod_fiscal":"1.1150000000000000000000000000000","num_area":"33.450000000000000000000000000000","ind_status":"AT","ind_tipo":"IRU","des_condic":"Aguardando analise","municipio":"Porciuncula","dat_criaca":"29/04/2016"},"geometry":{"type":"Polygon","coordinates":[[[-41.8793,-20.7922],[-41.8727,-20.7942],[-41.8712,-20.7991],[-41.8741,-20.8016],[-41.8791,-20.7934],[-41.8793,-20.7922]]]}},{"type":"Feature","properties":{"cod_imovel":"RJ-3304102-FA0A14F9B61E436AA0FD7854E44E9563","mod_fiscal":"0.1715000000000000000000000000000","num_area":"5.1451000000000000000000000000000","ind_status":"AT","ind_tipo":"IRU","des_condic":"Aguardando analise","municipio":"Porciuncula","dat_criaca":"19/02/2016"},"geometry":{"type":"Polygon","coordinates":[[[-41.891,-20.8413],[-41.8904,-20.8379],[-41.8909,-20.8414],[-41.891,-20.8413]]]}},{"type":"Feature","properties":{"cod_imovel":"RJ-3304102-FD5AD1453A3A435C811BD87CFFA021F8","mod_fiscal":"0.2712000000000000000000000000000","num_area":"8.1350000000000000000000000000000","ind_status":"AT","ind_tipo":"IRU","des_condic":"Aguardando analise","municipio":"Porciuncula","dat_criaca":"29/03/2016"},"geometry":{"type":"Polygon","coordinates":[[[-41.925,-20.8281],[-41.92,-20.8284],[-41.9248,-20.8283],[-41.925,-20.8281]]]}},{"type":"Feature","properties":{"cod_imovel":"RJ-3304102-FF25F71EDCCA462DAFCB5AC11719020A","mod_fiscal":"1.4817000000000000000000000000000","num_area":"44.450700000000000000000000000000","ind_status":"AT","ind_tipo":"IRU","des_condic":"Aguardando analise","municipio":"Porciuncula","dat_criaca":"25/04/2016"},"geometry":{"type":"Polygon","coordinates":[[[-41.9435,-20.8783],[-41.943,-20.8705],[-41.9464,-20.8665],[-41.9442,-20.865],[-41.9393,-20.8715],[-41.9434,-20.8783],[-41.9435,-20.8783]]]}},{"type":"Feature","properties":{"cod_imovel":"RJ-3304102-FF300B2FEFA2441FB75706D2FF956FBD","mod_fiscal":"0.3968000000000000000000000000000","num_area":"11.903100000000000000000000000000","ind_status":"AT","ind_tipo":"IRU","des_condic":"Aguardando analise","municipio":"Porciuncula","dat_criaca":"01/03/2019"},"geometry":{"type":"Polygon","coordinates":[[[-41.9093,-20.8386],[-41.9064,-20.8436],[-41.9097,-20.8402],[-41.9093,-20.8386]]]}},{"type":"Feature","properties":{"cod_imovel":"RJ-3304102-65ED003A18FF4ED68CD9DC476CCDD413","mod_fiscal":"2.1971000000000000000000000000000","num_area":"65.913300000000000000000000000000","ind_status":"PE","ind_tipo":"IRU","des_condic":"Analisado, aguardando atendimento a notificacao","municipio":"Porciuncula","dat_criaca":"09/07/2019"},"geometry":{"type":"Polygon","coordinates":[[[-42.0996,-21.0093],[-42.1016,-21.0039],[-42.0981,-21.0043],[-42.0986,-20.9966],[-42.0929,-21.001],[-42.0944,-21.0081],[-42.0991,-21.0105],[-42.0996,-21.0093]]]}}]}