{"type":"FeatureCollection","features":[{"type":"Feature","properties":{"cod_imovel":"RJ-3306008-EAA46BA16A234547B8E18034CCA51A97","mod_fiscal":"5.0573000000000000000000000000000","num_area":"141.60460000000000000000000000000","ind_status":"AT","ind_tipo":"IRU","des_condic":"Aguardando analise","municipio":"Tres Rios","dat_criaca":"23/04/2026"},"geometry":{"type":"Polygon","coordinates":[[[-43.2193,-22.1245],[-43.2074,-22.1257],[-43.2049,-22.1228],[-43.2018,-22.1289],[-43.2138,-22.1352],[-43.2171,-22.1282],[-43.2193,-22.1245]]]}},{"type":"Feature","properties":{"cod_imovel":"RJ-3306008-94ED81A702E04FE3B2FC220A0EC963C5","mod_fiscal":"20.951700000000000000000000000000","num_area":"586.64630000000000000000000000000","ind_status":"AT","ind_tipo":"IRU","des_condic":"Aguardando analise","municipio":"Tres Rios","dat_criaca":"02/06/2016"},"geometry":{"type":"Polygon","coordinates":[[[-43.0076,-22.1216],[-42.9977,-22.1332],[-43.0052,-22.1365],[-43.0086,-22.1444],[-43.0115,-22.1401],[-43.0161,-22.1424],[-43.0175,-22.135],[-43.0277,-22.14],[-43.0388,-22.1364],[-43.0309,-22.1314],[-43.0311,-22.127],[-43.0152,-22.1234],[-43.0096,-22.1193],[-43.0076,-22.1216]]]}},{"type":"Feature","properties":{"cod_imovel":"RJ-3306008-490938626C0A4ACBA77771BD4158A70F","mod_fiscal":"0.3740000000000000000000000000000","num_area":"10.472700000000000000000000000000","ind_status":"PE","ind_tipo":"IRU","des_condic":"Aguardando analise","municipio":"Tres Rios","dat_criaca":"11/06/2015"},"geometry":{"type":"Polygon","coordinates":[[[-43.1697,-22.1026],[-43.1661,-22.0992],[-43.165,-22.1016],[-43.1701,-22.1027],[-43.1697,-22.1026]]]}},{"type":"Feature","properties":{"cod_imovel":"RJ-3306008-583D807883E94C739B584D15016340BB","mod_fiscal":"0.1881000000000000000000000000000","num_area":"5.2676000000000000000000000000000","ind_status":"AT","ind_tipo":"IRU","des_condic":"Aguardando analise","municipio":"Tres Rios","dat_criaca":"09/04/2026"},"geometry":{"type":"Polygon","coordinates":[[[-43.2215,-22.1322],[-43.2238,-22.1322],[-43.2214,-22.1316],[-43.2215,-22.1322]]]}},{"type":"Feature","properties":{"cod_imovel":"RJ-3306008-76C5DBB1764148B1BD60A7D3A102AFA6","mod_fiscal":"1.5338000000000000000000000000000","num_area":"42.946500000000000000000000000000","ind_status":"AT","ind_tipo":"IRU","des_condic":"Aguardando analise","municipio":"Tres Rios","dat_criaca":"07/04/2026"},"geometry":{"type":"Polygon","coordinates":[[[-43.1232,-22.1961],[-43.1198,-22.1985],[-43.1213,-22.2019],[-43.13,-22.2018],[-43.1232,-22.1961]]]}},{"type":"Feature","properties":{"cod_imovel":"RJ-3306008-D51FDBC1DEBE4A02B924F81509341B93","mod_fiscal":"26.967800000000000000000000000000","num_area":"753.53910000000000000000000000000","ind_status":"PE","ind_tipo":"IRU","des_condic":"Aguardando analise","municipio":"Tres Rios","dat_criaca":"15/12/2014"},"geometry":{"type":"Polygon","coordinates":[[[-43.0097,-22.1157],[-43.0143,-22.1112],[-43.0142,-22.106],[-43.0195,-22.1046],[-43.0174,-22.0987],[-43.0087,-22.0956],[-43.0058,-22.1005],[-43.0075,-22.1047],[-42.9989,-22.1002],[-42.9942,-22.1023],[-42.9826,-22.0997],[-42.9794,-22.0961],[-42.9806,-22.0923],[-42.9729,-22.0902],[-42.971,-22.0923],[-42.9786,-22.102],[-42.9786,-22.1113],[-43.0005,-22.1221],[-43.005,-22.1134],[-43.0097,-22.1157]]]}},{"type":"Feature","properties":{"cod_imovel":"RJ-3306008-B51E7F58ACBF45E98FAC507B2281D198","mod_fiscal":"8.3367000000000000000000000000000","num_area":"233.42810000000000000000000000000","ind_status":"AT","ind_tipo":"IRU","des_condic":"Aguardando analise","municipio":"Tres Rios","dat_criaca":"14/04/2016"},"geometry":{"type":"Polygon","coordinates":[[[-43.1849,-22.0726],[-43.1943,-22.0731],[-43.198,-22.0623],[-43.1931,-22.0613],[-43.1934,-22.0554],[-43.19,-22.0535],[-43.1839,-22.0535],[-43.1842,-22.0727],[-43.1849,-22.0726]]]}},{"type":"Feature","properties":{"cod_imovel":"RJ-3306008-015BEE85ED0A495F97B58E88B1062ABF","mod_fiscal":"0.1087000000000000000000000000000","num_area":"3.0426000000000000000000000000000","ind_status":"AT","ind_tipo":"IRU","des_condic":"Aguardando analise","municipio":"Tres Rios","dat_criaca":"30/12/2017"},"geometry":{"type":"Polygon","coordinates":[[[-43.2079,-22.1413],[-43.2079,-22.1389],[-43.2079,-22.1413],[-43.2079,-22.1413]]]}},{"type":"Feature","properties":{"cod_imovel":"RJ-3306008-7183ED33944B4BC9A86AFB8953D27539","mod_fiscal":"1.0562000000000000000000000000000","num_area":"29.575000000000000000000000000000","ind_status":"PE","ind_tipo":"IRU","des_condic":"Aguardando analise","municipio":"Tres Rios","dat_criaca":"28/04/2015"},"geometry":{"type":"Polygon","coordinates":[[[-43.174,-22.0741],[-43.1729,-22.0701],[-43.1667,-22.0697],[-43.1668,-22.0671],[-43.1733,-22.0698],[-43.1664,-22.0633],[-43.1639,-22.0737],[-43.1676,-22.0706],[-43.1706,-22.0743],[-43.1728,-22.0715],[-43.174,-22.0737],[-43.174,-22.0741]]]}},{"type":"Feature","properties":{"cod_imovel":"RJ-3306008-87C760471D1644AFAB439BA8433E3868","mod_fiscal":"4.3710000000000000000000000000000","num_area":"122.38830000000000000000000000000","ind_status":"PE","ind_tipo":"IRU","des_condic":"Aguardando analise","municipio":"Tres Rios","dat_criaca":"30/05/2018"},"geometry":{"type":"Polygon","coordinates":[[[-43.1664,-22.0633],[-43.1639,-22.0737],[-43.1741,-22.0747],[-43.1735,-22.0658],[-43.1773,-22.0656],[-43.1773,-22.0625],[-43.1674,-22.0632],[-43.1664,-22.0633]]]}},{"type":"Feature","properties":{"cod_imovel":"RJ-3306008-F259D7F4A37D467A985D14ADE650BA75","mod_fiscal":"0.8163000000000000000000000000000","num_area":"22.857700000000000000000000000000","ind_status":"AT","ind_tipo":"IRU","des_condic":"Aguardando analise","municipio":"Tres Rios","dat_criaca":"18/02/2026"},"geometry":{"type":"Polygon","coordinates":[[[-43.1762,-22.092],[-43.1722,-22.0947],[-43.1732,-22.0983],[-43.178,-22.095],[-43.1762,-22.092]]]}},{"type":"Feature","properties":{"cod_imovel":"RJ-3306008-770C98FA10DC46C09D902F46647B2430","mod_fiscal":"0.3312000000000000000000000000000","num_area":"9.2724000000000000000000000000000","ind_status":"AT","ind_tipo":"IRU","des_condic":"Aguardando analise","municipio":"Tres Rios","dat_criaca":"11/02/2026"},"geometry":{"type":"Polygon","coordinates":[[[-43.1465,-22.1144],[-43.1419,-22.1145],[-43.145,-22.1163],[-43.1465,-22.1144]]]}},{"type":"Feature","properties":{"cod_imovel":"RJ-3306008-536AE0253FD44CF1A5A031F8E6221CF9","mod_fiscal":"0.9142000000000000000000000000000","num_area":"25.598600000000000000000000000000","ind_status":"AT","ind_tipo":"IRU","des_condic":"Aguardando analise","municipio":"Tres Rios","dat_criaca":"27/04/2015"},"geometry":{"type":"Polygon","coordinates":[[[-43.1738,-22.0713],[-43.1741,-22.0747],[-43.1641,-22.0737],[-43.1649,-22.0788],[-43.1659,-22.0739],[-43.1738,-22.0747],[-43.1745,-22.0816],[-43.1751,-22.0713],[-43.1738,-22.0713]]]}},{"type":"Feature","properties":{"cod_imovel":"RJ-3306008-849A3CE33A5F43FEA1C23ABD5D56551D","mod_fiscal":"0.2625000000000000000000000000000","num_area":"7.3499000000000000000000000000000","ind_status":"AT","ind_tipo":"IRU","des_condic":"Aguardando analise","municipio":"Tres Rios","dat_criaca":"27/04/2015"},"geometry":{"type":"Polygon","coordinates":[[[-43.1738,-22.0703],[-43.1769,-22.0728],[-43.1757,-22.0703],[-43.1738,-22.0703]]]}},{"type":"Feature","properties":{"cod_imovel":"RJ-3306008-CF3F4CCF8F5044F09E04B696C9914010","mod_fiscal":"0.1575000000000000000000000000000","num_area":"4.4090000000000000000000000000000","ind_status":"PE","ind_tipo":"IRU","des_condic":"Analisado, aguardando atendimento a notificacao","municipio":"Tres Rios","dat_criaca":"07/09/2015"},"geometry":{"type":"Polygon","coordinates":[[[-43.0389,-22.0769],[-43.0358,-22.0741],[-43.0382,-22.0777],[-43.0389,-22.0769]]]}},{"type":"Feature","properties":{"cod_imovel":"RJ-3306008-F905D610405A41349E88B17AB1AD6F06","mod_fiscal":"2.4137000000000000000000000000000","num_area":"67.582400000000000000000000000000","ind_status":"AT","ind_tipo":"IRU","des_condic":"Aguardando analise","municipio":"Tres Rios","dat_criaca":"27/06/2016"},"geometry":{"type":"Polygon","coordinates":[[[-43.0149,-22.1136],[-43.014,-22.1113],[-43.0106,-22.1161],[-43.0047,-22.1136],[-43.0016,-22.1182],[-43.0076,-22.1217],[-43.0115,-22.1173],[-43.0149,-22.1136]]]}},{"type":"Feature","properties":{"cod_imovel":"RJ-3306008-FE04DB4129314ADF93AF86EF84B2EDAE","mod_fiscal":"0.1353000000000000000000000000000","num_area":"3.7892000000000000000000000000000","ind_status":"AT","ind_tipo":"IRU","des_condic":"Aguardando analise","municipio":"Tres Rios","dat_criaca":"25/10/2016"},"geometry":{"type":"Polygon","coordinates":[[[-43.2286,-22.1164],[-43.2288,-22.1188],[-43.2289,-22.1159],[-43.2286,-22.1164]]]}},{"type":"Feature","properties":{"cod_imovel":"RJ-3306008-F0B919F5A2CE423392977AAFACEC59D4","mod_fiscal":"0.1715000000000000000000000000000","num_area":"4.8033000000000000000000000000000","ind_status":"AT","ind_tipo":"IRU","des_condic":"Aguardando analise","municipio":"Tres Rios","dat_criaca":"02/05/2015"},"geometry":{"type":"Polygon","coordinates":[[[-43.1719,-22.0995],[-43.1681,-22.0989],[-43.1718,-22.0998],[-43.1719,-22.0995]]]}},{"type":"Feature","properties":{"cod_imovel":"RJ-3306008-CDE64C5C626F42D08C2BAC40025FE9AC","mod_fiscal":"0.9032000000000000000000000000000","num_area":"25.291000000000000000000000000000","ind_status":"AT","ind_tipo":"IRU","des_condic":"Aguardando analise","municipio":"Tres Rios","dat_criaca":"01/03/2018"},"geometry":{"type":"Polygon","coordinates":[[[-43.2092,-22.1084],[-43.2017,-22.107],[-43.2066,-22.1117],[-43.2094,-22.1096],[-43.2092,-22.1084]]]}},{"type":"Feature","properties":{"cod_imovel":"RJ-3306008-CB62786381CD49E8AEC4A4492294DACE","mod_fiscal":"0.0880000000000000000000000000000","num_area":"2.4641000000000000000000000000000","ind_status":"AT","ind_tipo":"IRU","des_condic":"Aguardando analise","municipio":"Tres Rios","dat_criaca":"14/08/2017"},"geometry":{"type":"Polygon","coordinates":[[[-43.2208,-22.0846],[-43.2216,-22.0813],[-43.2211,-22.0837],[-43.2208,-22.0846]]]}},{"type":"Feature","properties":{"cod_imovel":"RJ-3306008-C73F3280F96D42C98FB83CD7652C2BDE","mod_fiscal":"0.4084000000000000000000000000000","num_area":"11.434900000000000000000000000000","ind_status":"AT","ind_tipo":"IRU","des_condic":"Aguardando analise","municipio":"Tres Rios","dat_criaca":"14/12/2023"},"geometry":{"type":"Polygon","coordinates":[[[-43.165,-22.121],[-43.1671,-22.1173],[-43.164,-22.1169],[-43.1643,-22.1208],[-43.165,-22.121]]]}},{"type":"Feature","properties":{"cod_imovel":"RJ-3306008-BC33835597284EB49DD53A47B59B0F4A","mod_fiscal":"0.9579000000000000000000000000000","num_area":"26.821300000000000000000000000000","ind_status":"AT","ind_tipo":"IRU","des_condic":"Aguardando analise","municipio":"Tres Rios","dat_criaca":"26/01/2016"},"geometry":{"type":"Polygon","coordinates":[[[-43.2017,-22.1198],[-43.1975,-22.1199],[-43.1996,-22.1242],[-43.2052,-22.1223],[-43.2019,-22.1195],[-43.2017,-22.1198]]]}},{"type":"Feature","properties":{"cod_imovel":"RJ-3306008-A1B3B3BD84C441EA8A575B13333FE5ED","mod_fiscal":"0.1258000000000000000000000000000","num_area":"3.5216000000000000000000000000000","ind_status":"AT","ind_tipo":"IRU","des_condic":"Aguardando analise","municipio":"Tres Rios","dat_criaca":"04/04/2016"},"geometry":{"type":"Polygon","coordinates":[[[-43.034,-22.0784],[-43.0344,-22.0759],[-43.0337,-22.0781],[-43.034,-22.0784]]]}},{"type":"Feature","properties":{"cod_imovel":"RJ-3306008-80512F849B8B4C4EACEC14B7B861ECD6","mod_fiscal":"0.2165000000000000000000000000000","num_area":"6.0615000000000000000000000000000","ind_status":"AT","ind_tipo":"IRU","des_condic":"Aguardando analise","municipio":"Tres Rios","dat_criaca":"18/05/2020"},"geometry":{"type":"Polygon","coordinates":[[[-43.0522,-22.1538],[-43.0542,-22.1503],[-43.0519,-22.1538],[-43.0522,-22.1538]]]}},{"type":"Feature","properties":{"cod_imovel":"RJ-3306008-5374ECC33975490B9658A66D4C133A34","mod_fiscal":"0.4503000000000000000000000000000","num_area":"12.608700000000000000000000000000","ind_status":"AT","ind_tipo":"IRU","des_condic":"Aguardando analise","municipio":"Tres Rios","dat_criaca":"09/09/2021"},"geometry":{"type":"Polygon","coordinates":[[[-43.1832,-22.0967],[-43.1848,-22.1006],[-43.1881,-22.0965],[-43.1832,-22.0967]]]}},{"type":"Feature","properties":{"cod_imovel":"RJ-3306008-2CBEB4A376F845DC9BF0A2526C3F2E22","mod_fiscal":"0.1511000000000000000000000000000","num_area":"4.2297000000000000000000000000000","ind_status":"AT","ind_tipo":"IRU","des_condic":"Aguardando analise","municipio":"Tres Rios","dat_criaca":"22/03/2016"},"geometry":{"type":"Polygon","coordinates":[[[-43.1828,-22.0975],[-43.1832,-22.0999],[-43.1827,-22.0979],[-43.1828,-22.0975]]]}},{"type":"Feature","properties":{"cod_imovel":"RJ-3306008-2880D5B5912849C780F69405B5B73FA8","mod_fiscal":"3.1334000000000000000000000000000","num_area":"87.735000000000000000000000000000","ind_status":"AT","ind_tipo":"IRU","des_condic":"Aguardando analise","municipio":"Tres Rios","dat_criaca":"08/11/2022"},"geometry":{"type":"Polygon","coordinates":[[[-43.188,-22.0738],[-43.183,-22.0756],[-43.1927,-22.0837],[-43.1964,-22.0736],[-43.188,-22.0738],[-43.188,-22.0738]]]}},{"type":"Feature","properties":{"cod_imovel":"RJ-3306008-4DFAB7609102484CBAF034970EC43288","mod_fiscal":"1.1354000000000000000000000000000","num_area":"31.791900000000000000000000000000","ind_status":"AT","ind_tipo":"IRU","des_condic":"Aguardando analise","municipio":"Tres Rios","dat_criaca":"13/11/2025"},"geometry":{"type":"Polygon","coordinates":[[[-43.1739,-22.1463],[-43.1737,-22.1427],[-43.1695,-22.1462],[-43.1731,-22.147],[-43.1662,-22.149],[-43.1682,-22.1511],[-43.1731,-22.1469],[-43.1739,-22.1463]]]}},{"type":"Feature","properties":{"cod_imovel":"RJ-3306008-CD96F6555BE24956BD0515A3A39F10EF","mod_fiscal":"1.0043000000000000000000000000000","num_area":"28.119300000000000000000000000000","ind_status":"AT","ind_tipo":"IRU","des_condic":"Aguardando analise","municipio":"Tres Rios","dat_criaca":"04/04/2016"},"geometry":{"type":"Polygon","coordinates":[[[-43.0503,-22.0826],[-43.0459,-22.0791],[-43.044,-22.0814],[-43.0508,-22.0866],[-43.0521,-22.0836],[-43.0503,-22.0826]]]}},{"type":"Feature","properties":{"cod_imovel":"RJ-3306008-8B2FF3AD6955404DB9854ECE944AF160","mod_fiscal":"1.0291000000000000000000000000000","num_area":"28.814900000000000000000000000000","ind_status":"AT","ind_tipo":"IRU","des_condic":"Aguardando analise","municipio":"Tres Rios","dat_criaca":"04/05/2015"},"geometry":{"type":"Polygon","coordinates":[[[-43.0768,-22.1269],[-43.0698,-22.1421],[-43.0791,-22.1277],[-43.0771,-22.1272],[-43.0768,-22.1269]]]}},{"type":"Feature","properties":{"cod_imovel":"RJ-3306008-757726D8A2084571B5E653BA52254401","mod_fiscal":"0.0970000000000000000000000000000","num_area":"2.7166000000000000000000000000000","ind_status":"AT","ind_tipo":"IRU","des_condic":"Aguardando analise","municipio":"Tres Rios","dat_criaca":"05/04/2016"},"geometry":{"type":"Polygon","coordinates":[[[-43.038,-22.0829],[-43.0369,-22.0851],[-43.0379,-22.0831],[-43.038,-22.0829]]]}},{"type":"Feature","properties":{"cod_imovel":"RJ-3306008-9AD4F65F58FD480AB3E2C9B1D3E6AD01","mod_fiscal":"0.1110000000000000000000000000000","num_area":"3.1083000000000000000000000000000","ind_status":"PE","ind_tipo":"IRU","des_condic":"Analisado, aguardando atendimento a notificacao","municipio":"Tres Rios","dat_criaca":"05/05/2016"},"geometry":{"type":"Polygon","coordinates":[[[-43.2328,-22.1303],[-43.2356,-22.1326],[-43.233,-22.1305],[-43.2328,-22.1303]]]}},{"type":"Feature","properties":{"cod_imovel":"RJ-3306008-45B8CCE2D926473D9E21394A0A11CED2","mod_fiscal":"0.2477000000000000000000000000000","num_area":"6.9350000000000000000000000000000","ind_status":"AT","ind_tipo":"IRU","des_condic":"Aguardando analise","municipio":"Tres Rios","dat_criaca":"27/10/2025"},"geometry":{"type":"Polygon","coordinates":[[[-43.1851,-22.0928],[-43.1828,-22.0959],[-43.1855,-22.093],[-43.1851,-22.0928]]]}},{"type":"Feature","properties":{"cod_imovel":"RJ-3306008-668F26FA9AD34A0CB4E87F00FBE63AD8","mod_fiscal":"0.6453000000000000000000000000000","num_area":"18.067800000000000000000000000000","ind_status":"AT","ind_tipo":"IRU","des_condic":"Aguardando analise","municipio":"Tres Rios","dat_criaca":"22/10/2025"},"geometry":{"type":"Polygon","coordinates":[[[-43.1121,-22.1804],[-43.1101,-22.1794],[-43.1146,-22.1829],[-43.1171,-22.1777],[-43.1122,-22.1803],[-43.1121,-22.1804]]]}},{"type":"Feature","properties":{"cod_imovel":"RJ-3306008-642EC76497DD483F9332531EA4012381","mod_fiscal":"1.8795000000000000000000000000000","num_area":"52.625900000000000000000000000000","ind_status":"AT","ind_tipo":"IRU","des_condic":"Aguardando analise","municipio":"Tres Rios","dat_criaca":"07/10/2025"},"geometry":{"type":"Polygon","coordinates":[[[-43.2035,-22.131],[-43.1966,-22.1332],[-43.2067,-22.1379],[-43.2089,-22.1327],[-43.2036,-22.131],[-43.2035,-22.131]]]}},{"type":"Feature","properties":{"cod_imovel":"RJ-3306008-C95AF2DF002D4E6988AA20ADDDF180DA","mod_fiscal":"3.9501000000000000000000000000000","num_area":"110.60250000000000000000000000000","ind_status":"AT","ind_tipo":"IRU","des_condic":"Aguardando analise","municipio":"Tres Rios","dat_criaca":"08/02/2024"},"geometry":{"type":"Polygon","coordinates":[[[-43.0341,-22.1236],[-43.0404,-22.1162],[-43.0288,-22.1164],[-43.024,-22.1216],[-43.0311,-22.127],[-43.0328,-22.1251],[-43.0341,-22.1236]]]}},{"type":"Feature","properties":{"cod_imovel":"RJ-3306008-C718D3D8E4684A92B0EABD917E78CC86","mod_fiscal":"17.652300000000000000000000000000","num_area":"494.26440000000000000000000000000","ind_status":"AT","ind_tipo":"IRU","des_condic":"Aguardando analise","municipio":"Tres Rios","dat_criaca":"22/09/2020"},"geometry":{"type":"Polygon","coordinates":[[[-43.1157,-22.1707],[-43.1154,-22.1735],[-43.1193,-22.1753],[-43.1299,-22.1633],[-43.1342,-22.1524],[-43.1205,-22.1456],[-43.1154,-22.1495],[-43.1165,-22.1541],[-43.111,-22.1562],[-43.1125,-22.1593],[-43.1066,-22.1654],[-43.1124,-22.1723],[-43.1156,-22.1706],[-43.1157,-22.1707]]]}},{"type":"Feature","properties":{"cod_imovel":"RJ-3306008-F83BFCBF95074BF6A0FD7B8DE43CD97C","mod_fiscal":"4.7858000000000000000000000000000","num_area":"134.00200000000000000000000000000","ind_status":"AT","ind_tipo":"IRU","des_condic":"Aguardando analise","municipio":"Tres Rios","dat_criaca":"15/02/2018"},"geometry":{"type":"Polygon","coordinates":[[[-43.1415,-22.182],[-43.1269,-22.1897],[-43.1375,-22.1951],[-43.1433,-22.1893],[-43.1416,-22.1828],[-43.1415,-22.182]]]}},{"type":"Feature","properties":{"cod_imovel":"RJ-3306008-E57583FD93A2476B82340549245DD844","mod_fiscal":"7.1365000000000000000000000000000","num_area":"199.82160000000000000000000000000","ind_status":"AT","ind_tipo":"IRU","des_condic":"Aguardando analise","municipio":"Tres Rios","dat_criaca":"13/06/2016"},"geometry":{"type":"Polygon","coordinates":[[[-43.1155,-22.205],[-43.123,-22.2112],[-43.1257,-22.2094],[-43.121,-22.2072],[-43.1211,-22.1999],[-43.1155,-22.1907],[-43.1192,-22.1882],[-43.1148,-22.1839],[-43.1071,-22.1889],[-43.1127,-22.1937],[-43.108,-22.1992],[-43.1133,-22.2001],[-43.1155,-22.205],[-43.1155,-22.205]]]}},{"type":"Feature","properties":{"cod_imovel":"RJ-3306008-81F7D83E008A448DB3A88F60947C3F54","mod_fiscal":"0.2208000000000000000000000000000","num_area":"6.1829000000000000000000000000000","ind_status":"AT","ind_tipo":"IRU","des_condic":"Aguardando analise","municipio":"Tres Rios","dat_criaca":"26/04/2016"},"geometry":{"type":"Polygon","coordinates":[[[-43.0997,-22.1914],[-43.1013,-22.1894],[-43.0981,-22.1904],[-43.0997,-22.1914]]]}},{"type":"Feature","properties":{"cod_imovel":"RJ-3306008-E103E7FB51854A6F8E456FD9434024AE","mod_fiscal":"24.444100000000000000000000000000","num_area":"684.43510000000000000000000000000","ind_status":"AT","ind_tipo":"IRU","des_condic":"Aguardando analise","municipio":"Tres Rios","dat_criaca":"21/04/2015"},"geometry":{"type":"Polygon","coordinates":[[[-43.1621,-22.1911],[-43.1668,-22.1824],[-43.1644,-22.173],[-43.1518,-22.1633],[-43.1477,-22.1676],[-43.145,-22.1651],[-43.1491,-22.1592],[-43.1342,-22.1524],[-43.13,-22.1586],[-43.1362,-22.167],[-43.1343,-22.1688],[-43.1615,-22.1906],[-43.1621,-22.1911]]]}},{"type":"Feature","properties":{"cod_imovel":"RJ-3306008-87972B95DF684899AF33A2C0D9295C8C","mod_fiscal":"6.2503000000000000000000000000000","num_area":"175.00850000000000000000000000000","ind_status":"AT","ind_tipo":"IRU","des_condic":"Aguardando analise","municipio":"Tres Rios","dat_criaca":"28/03/2019"},"geometry":{"type":"Polygon","coordinates":[[[-43.1254,-22.1139],[-43.133,-22.1197],[-43.1426,-22.1202],[-43.1462,-22.117],[-43.1261,-22.1049],[-43.1233,-22.1135],[-43.1253,-22.1139],[-43.1254,-22.1139]]]}},{"type":"Feature","properties":{"cod_imovel":"RJ-3306008-F13D3C9D87E74213AFE3EA7690C839B9","mod_fiscal":"0.8014000000000000000000000000000","num_area":"22.439400000000000000000000000000","ind_status":"AT","ind_tipo":"IRU","des_condic":"Aguardando analise","municipio":"Tres Rios","dat_criaca":"11/08/2025"},"geometry":{"type":"Polygon","coordinates":[[[-43.0392,-22.0838],[-43.0414,-22.0884],[-43.0437,-22.0813],[-43.0399,-22.0823],[-43.0392,-22.0838]]]}},{"type":"Feature","properties":{"cod_imovel":"RJ-3306008-8E937F663C5F41AF923CB719CD09FDCA","mod_fiscal":"0.1752000000000000000000000000000","num_area":"4.9069000000000000000000000000000","ind_status":"AT","ind_tipo":"IRU","des_condic":"Aguardando analise","municipio":"Tres Rios","dat_criaca":"02/12/2024"},"geometry":{"type":"Polygon","coordinates":[[[-43.1793,-22.1113],[-43.1782,-22.1086],[-43.179,-22.1112],[-43.1793,-22.1113]]]}},{"type":"Feature","properties":{"cod_imovel":"RJ-3306008-85DDDCEEA21042CA817B9F9CEB407986","mod_fiscal":"1.7438000000000000000000000000000","num_area":"48.825200000000000000000000000000","ind_status":"AT","ind_tipo":"IRU","des_condic":"Aguardando analise","municipio":"Tres Rios","dat_criaca":"19/07/2017"},"geometry":{"type":"Polygon","coordinates":[[[-43.1528,-22.1112],[-43.1479,-22.113],[-43.1605,-22.115],[-43.1628,-22.111],[-43.1587,-22.1081],[-43.1533,-22.1111],[-43.1528,-22.1112]]]}},{"type":"Feature","properties":{"cod_imovel":"RJ-3306008-D4546261C9554CD9A24398EA5002305F","mod_fiscal":"8.6955000000000000000000000000000","num_area":"243.47370000000000000000000000000","ind_status":"AT","ind_tipo":"IRU","des_condic":"Aguardando analise","municipio":"Tres Rios","dat_criaca":"14/01/2016"},"geometry":{"type":"Polygon","coordinates":[[[-43.161,-22.1046],[-43.1644,-22.1022],[-43.1465,-22.0948],[-43.1466,-22.1001],[-43.1388,-22.1086],[-43.1459,-22.113],[-43.1598,-22.1042],[-43.159,-22.1075],[-43.1631,-22.1075],[-43.1612,-22.1045],[-43.161,-22.1046]]]}},{"type":"Feature","properties":{"cod_imovel":"RJ-3306008-B6993E9DB9854E558789981C9824811F","mod_fiscal":"0.7278000000000000000000000000000","num_area":"20.377300000000000000000000000000","ind_status":"AT","ind_tipo":"IRU","des_condic":"Aguardando analise","municipio":"Tres Rios","dat_criaca":"15/10/2015"},"geometry":{"type":"Polygon","coordinates":[[[-43.1564,-22.1182],[-43.1567,-22.1158],[-43.1499,-22.1152],[-43.1547,-22.1188],[-43.1564,-22.1182]]]}},{"type":"Feature","properties":{"cod_imovel":"RJ-3306008-6A1D10C0E5FE4C5A82B716D0F01D6ADE","mod_fiscal":"0.6584000000000000000000000000000","num_area":"18.436600000000000000000000000000","ind_status":"AT","ind_tipo":"IRU","des_condic":"Aguardando analise","municipio":"Tres Rios","dat_criaca":"19/05/2015"},"geometry":{"type":"Polygon","coordinates":[[[-43.2474,-22.1375],[-43.2361,-22.1334],[-43.2469,-22.1376],[-43.2474,-22.1375]]]}},{"type":"Feature","properties":{"cod_imovel":"RJ-3306008-FB314F4A515D4103BD1A33656D86DE17","mod_fiscal":"0.1393000000000000000000000000000","num_area":"3.9005000000000000000000000000000","ind_status":"AT","ind_tipo":"IRU","des_condic":"Aguardando analise","municipio":"Tres Rios","dat_criaca":"26/04/2016"},"geometry":{"type":"Polygon","coordinates":[[[-43.0091,-22.0712],[-43.0069,-22.0693],[-43.0084,-22.0724],[-43.0091,-22.0712]]]}},{"type":"Feature","properties":{"cod_imovel":"RJ-3306008-CA2D6D38AC47476FA68C79A8817334B7","mod_fiscal":"0.5496000000000000000000000000000","num_area":"15.388800000000000000000000000000","ind_status":"AT","ind_tipo":"IRU","des_condic":"Aguardando analise","municipio":"Tres Rios","dat_criaca":"06/11/2015"},"geometry":{"type":"Polygon","coordinates":[[[-43.2053,-22.1224],[-43.2013,-22.1248],[-43.2043,-22.128],[-43.2053,-22.1224]]]}},{"type":"Feature","properties":{"cod_imovel":"RJ-3306008-D8A0C4DDB7E34B8C96BC207C8CCF93DE","mod_fiscal":"7.9225000000000000000000000000000","num_area":"221.83100000000000000000000000000","ind_status":"AT","ind_tipo":"IRU","des_condic":"Aguardando analise","municipio":"Tres Rios","dat_criaca":"04/05/2016"},"geometry":{"type":"Polygon","coordinates":[[[-42.9925,-22.1201],[-42.986,-22.1197],[-42.9811,-22.1255],[-42.9985,-22.1322],[-43.0076,-22.1216],[-43.0029,-22.1194],[-42.9997,-22.1227],[-42.9925,-22.1201]]]}},{"type":"Feature","properties":{"cod_imovel":"RJ-3306008-7B1FCFD9FFEC4CB09FC47498475190C0","mod_fiscal":"0.2924000000000000000000000000000","num_area":"8.1874000000000000000000000000000","ind_status":"AT","ind_tipo":"IRU","des_condic":"Aguardando analise","municipio":"Tres Rios","dat_criaca":"04/02/2021"},"geometry":{"type":"Polygon","coordinates":[[[-43.1402,-22.1114],[-43.1411,-22.1145],[-43.1429,-22.1125],[-43.1402,-22.1114]]]}},{"type":"Feature","properties":{"cod_imovel":"RJ-3306008-D86C7318806B40CCA25ED432593238FD","mod_fiscal":"0.1020000000000000000000000000000","num_area":"2.8561000000000000000000000000000","ind_status":"AT","ind_tipo":"IRU","des_condic":"Aguardando analise","municipio":"Tres Rios","dat_criaca":"26/03/2019"},"geometry":{"type":"Polygon","coordinates":[[[-43.2085,-22.1416],[-43.2099,-22.1396],[-43.2084,-22.1416],[-43.2085,-22.1416]]]}},{"type":"Feature","properties":{"cod_imovel":"RJ-3306008-3CE0D0B910CB4A1AB696EFA28EAAA479","mod_fiscal":"0.1112000000000000000000000000000","num_area":"3.1147000000000000000000000000000","ind_status":"AT","ind_tipo":"IRU","des_condic":"Aguardando analise","municipio":"Tres Rios","dat_criaca":"25/03/2019"},"geometry":{"type":"Polygon","coordinates":[[[-43.2043,-22.1399],[-43.2025,-22.143],[-43.2044,-22.14],[-43.2043,-22.1399]]]}},{"type":"Feature","properties":{"cod_imovel":"RJ-3306008-B8F964426E9C47B7816A5362DB7DB9EB","mod_fiscal":"0.2788000000000000000000000000000","num_area":"7.8052000000000000000000000000000","ind_status":"AT","ind_tipo":"IRU","des_condic":"Aguardando analise","municipio":"Tres Rios","dat_criaca":"25/03/2019"},"geometry":{"type":"Polygon","coordinates":[[[-43.2085,-22.1454],[-43.2065,-22.1419],[-43.2071,-22.1449],[-43.2085,-22.1454]]]}},{"type":"Feature","properties":{"cod_imovel":"RJ-3306008-827D1B9DBC5148B7B0ACA12FB4F307D8","mod_fiscal":"7.8867000000000000000000000000000","num_area":"220.82880000000000000000000000000","ind_status":"AT","ind_tipo":"IRU","des_condic":"Aguardando analise","municipio":"Tres Rios","dat_criaca":"03/09/2018"},"geometry":{"type":"Polygon","coordinates":[[[-43.1571,-22.1652],[-43.1693,-22.1773],[-43.177,-22.1752],[-43.1716,-22.1702],[-43.1693,-22.1605],[-43.1587,-22.1579],[-43.1574,-22.1642],[-43.1571,-22.1652]]]}},{"type":"Feature","properties":{"cod_imovel":"RJ-3306008-5264EE13C11548BD8D427CDE9F8EA106","mod_fiscal":"12.497600000000000000000000000000","num_area":"349.93210000000000000000000000000","ind_status":"AT","ind_tipo":"IRU","des_condic":"Aguardando analise","municipio":"Tres Rios","dat_criaca":"12/07/2018"},"geometry":{"type":"Polygon","coordinates":[[[-43.1963,-22.1338],[-43.1941,-22.1431],[-43.1969,-22.1467],[-43.2184,-22.1542],[-43.2232,-22.1511],[-43.2176,-22.142],[-43.1965,-22.1333],[-43.1963,-22.1338]]]}},{"type":"Feature","properties":{"cod_imovel":"RJ-3306008-D277A6B0F3B245F9B10DA457E5DD175C","mod_fiscal":"0.1172000000000000000000000000000","num_area":"3.2813000000000000000000000000000","ind_status":"AT","ind_tipo":"IRU","des_condic":"Aguardando analise","municipio":"Tres Rios","dat_criaca":"14/12/2017"},"geometry":{"type":"Polygon","coordinates":[[[-43.1754,-22.1277],[-43.1733,-22.1301],[-43.1762,-22.1285],[-43.1754,-22.1277]]]}},{"type":"Feature","properties":{"cod_imovel":"RJ-3306008-A7D7C6A82F5A4E878529089ED081C673","mod_fiscal":"0.1989000000000000000000000000000","num_area":"5.5694000000000000000000000000000","ind_status":"AT","ind_tipo":"IRU","des_condic":"Aguardando analise","municipio":"Tres Rios","dat_criaca":"14/12/2017"},"geometry":{"type":"Polygon","coordinates":[[[-43.174,-22.1264],[-43.1723,-22.1285],[-43.1754,-22.1277],[-43.174,-22.1264]]]}},{"type":"Feature","properties":{"cod_imovel":"RJ-3306008-007534757B88438F957A13053F2A0AE9","mod_fiscal":"0.6649000000000000000000000000000","num_area":"18.616300000000000000000000000000","ind_status":"AT","ind_tipo":"IRU","des_condic":"Aguardando analise","municipio":"Tres Rios","dat_criaca":"06/09/2017"},"geometry":{"type":"Polygon","coordinates":[[[-43.1567,-22.1183],[-43.1533,-22.1122],[-43.1517,-22.1145],[-43.1553,-22.118],[-43.1567,-22.1183]]]}},{"type":"Feature","properties":{"cod_imovel":"RJ-3306008-F8AF5C42AE8E49119BD9C4418B1EF40D","mod_fiscal":"16.893400000000000000000000000000","num_area":"473.01590000000000000000000000000","ind_status":"AT","ind_tipo":"IRU","des_condic":"Aguardando analise","municipio":"Tres Rios","dat_criaca":"30/01/2017"},"geometry":{"type":"Polygon","coordinates":[[[-43.2002,-22.1697],[-43.1996,-22.1657],[-43.1948,-22.1682],[-43.1847,-22.164],[-43.1878,-22.1567],[-43.1801,-22.1494],[-43.1705,-22.1605],[-43.1722,-22.1702],[-43.1781,-22.1763],[-43.1877,-22.1756],[-43.1868,-22.1696],[-43.1897,-22.1693],[-43.2016,-22.1787],[-43.2021,-22.1826],[-43.2039,-22.1804],[-43.2002,-22.1697],[-43.2002,-22.1697]]]}},{"type":"Feature","properties":{"cod_imovel":"RJ-3306008-F3EA5BC5161A447381457D9B70CCBEE0","mod_fiscal":"1.3134000000000000000000000000000","num_area":"36.774700000000000000000000000000","ind_status":"AT","ind_tipo":"IRU","des_condic":"Aguardando analise","municipio":"Tres Rios","dat_criaca":"08/10/2014"},"geometry":{"type":"Polygon","coordinates":[[[-43.1619,-22.144],[-43.1597,-22.1543],[-43.1657,-22.148],[-43.1619,-22.144]]]}},{"type":"Feature","properties":{"cod_imovel":"RJ-3306008-DF0A8DB46A60448BB4DE9B430D26021F","mod_fiscal":"0.2756000000000000000000000000000","num_area":"7.7159000000000000000000000000000","ind_status":"AT","ind_tipo":"IRU","des_condic":"Aguardando analise","municipio":"Tres Rios","dat_criaca":"29/06/2016"},"geometry":{"type":"Polygon","coordinates":[[[-43.1633,-22.1394],[-43.1591,-22.1363],[-43.1628,-22.1395],[-43.1633,-22.1394]]]}},{"type":"Feature","properties":{"cod_imovel":"RJ-3306008-CF149BBCD39D47BD9BD2CAA9B3295CC3","mod_fiscal":"5.3077000000000000000000000000000","num_area":"148.61510000000000000000000000000","ind_status":"AT","ind_tipo":"IRU","des_condic":"Aguardando analise","municipio":"Tres Rios","dat_criaca":"02/05/2016"},"geometry":{"type":"Polygon","coordinates":[[[-43.1643,-22.1392],[-43.1696,-22.1316],[-43.1677,-22.1268],[-43.1572,-22.1222],[-43.1557,-22.1271],[-43.1595,-22.1368],[-43.1643,-22.1392]]]}},{"type":"Feature","properties":{"cod_imovel":"RJ-3306008-DEB0E829D7B148E38E4830E220BFFCCB","mod_fiscal":"2.0113000000000000000000000000000","num_area":"56.315900000000000000000000000000","ind_status":"AT","ind_tipo":"IRU","des_condic":"Aguardando analise","municipio":"Tres Rios","dat_criaca":"29/04/2016"},"geometry":{"type":"Polygon","coordinates":[[[-43.1886,-22.1717],[-43.1864,-22.1738],[-43.1885,-22.1754],[-43.1981,-22.1773],[-43.1908,-22.1706],[-43.1886,-22.1717]]]}},{"type":"Feature","properties":{"cod_imovel":"RJ-3306008-55661686C5194413B9A23901D30DB542","mod_fiscal":"0.1430000000000000000000000000000","num_area":"4.0031000000000000000000000000000","ind_status":"AT","ind_tipo":"IRU","des_condic":"Aguardando analise","municipio":"Tres Rios","dat_criaca":"31/03/2016"},"geometry":{"type":"Polygon","coordinates":[[[-43.1726,-22.1769],[-43.174,-22.1791],[-43.1754,-22.1772],[-43.1728,-22.177],[-43.1726,-22.1769]]]}},{"type":"Feature","properties":{"cod_imovel":"RJ-3306008-445C83A1E54F4507987613F1EE06A656","mod_fiscal":"3.5943000000000000000000000000000","num_area":"100.64070000000000000000000000000","ind_status":"AT","ind_tipo":"IRU","des_condic":"Aguardando analise","municipio":"Tres Rios","dat_criaca":"26/01/2016"},"geometry":{"type":"Polygon","coordinates":[[[-43.1437,-22.1245],[-43.1472,-22.1271],[-43.1548,-22.1254],[-43.1478,-22.1141],[-43.1453,-22.1189],[-43.1406,-22.1201],[-43.1435,-22.124],[-43.1437,-22.1245]]]}},{"type":"Feature","properties":{"cod_imovel":"RJ-3306008-756A086CB24C49D687B89562FB475FA3","mod_fiscal":"0.6595000000000000000000000000000","num_area":"18.467300000000000000000000000000","ind_status":"AT","ind_tipo":"IRU","des_condic":"Aguardando analise","municipio":"Tres Rios","dat_criaca":"19/10/2015"},"geometry":{"type":"Polygon","coordinates":[[[-43.1501,-22.1172],[-43.1577,-22.1173],[-43.1506,-22.1149],[-43.1502,-22.117],[-43.1501,-22.1172]]]}},{"type":"Feature","properties":{"cod_imovel":"RJ-3306008-E4192D881B524056B9CF3818D1B3B150","mod_fiscal":"0.1832000000000000000000000000000","num_area":"5.1303000000000000000000000000000","ind_status":"AT","ind_tipo":"IRU","des_condic":"Aguardando analise","municipio":"Tres Rios","dat_criaca":"27/08/2015"},"geometry":{"type":"Polygon","coordinates":[[[-43.1741,-22.1265],[-43.1713,-22.1248],[-43.1724,-22.1274],[-43.1741,-22.1265]]]}},{"type":"Feature","properties":{"cod_imovel":"RJ-3306008-5B0BE26B14E6470A81039725A831389C","mod_fiscal":"1.3825000000000000000000000000000","num_area":"38.709700000000000000000000000000","ind_status":"AT","ind_tipo":"IRU","des_condic":"Aguardando analise","municipio":"Tres Rios","dat_criaca":"29/06/2015"},"geometry":{"type":"Polygon","coordinates":[[[-43.1681,-22.1511],[-43.1639,-22.1511],[-43.1587,-22.1567],[-43.1656,-22.1532],[-43.1677,-22.1554],[-43.1701,-22.1535],[-43.1681,-22.1511],[-43.1681,-22.1511]]]}},{"type":"Feature","properties":{"cod_imovel":"RJ-3306008-C191338FF715415BBAFF85D8B049843A","mod_fiscal":"6.5850000000000000000000000000000","num_area":"184.37910000000000000000000000000","ind_status":"AT","ind_tipo":"IRU","des_condic":"Aguardando analise","municipio":"Tres Rios","dat_criaca":"24/02/2015"},"geometry":{"type":"Polygon","coordinates":[[[-43.1753,-22.1791],[-43.1691,-22.1821],[-43.1674,-22.1883],[-43.1755,-22.1925],[-43.185,-22.183],[-43.1813,-22.1769],[-43.1757,-22.1781],[-43.1753,-22.1791]]]}},{"type":"Feature","properties":{"cod_imovel":"RJ-3306008-F812248E0F4B4F4BB38C1C3E6BCB891D","mod_fiscal":"1.0872000000000000000000000000000","num_area":"30.442600000000000000000000000000","ind_status":"AT","ind_tipo":"IRU","des_condic":"Aguardando analise","municipio":"Tres Rios","dat_criaca":"25/11/2014"},"geometry":{"type":"Polygon","coordinates":[[[-43.1703,-22.1417],[-43.1646,-22.1465],[-43.1667,-22.1486],[-43.1737,-22.1427],[-43.1718,-22.1408],[-43.1703,-22.1417]]]}},{"type":"Feature","properties":{"cod_imovel":"RJ-3306008-EFA131BDBA9B4E6AB0BE70530B024317","mod_fiscal":"5.8741000000000000000000000000000","num_area":"164.47470000000000000000000000000","ind_status":"AT","ind_tipo":"IRU","des_condic":"Aguardando analise","municipio":"Tres Rios","dat_criaca":"10/06/2025"},"geometry":{"type":"Polygon","coordinates":[[[-43.1055,-22.1224],[-43.0927,-22.1133],[-43.0886,-22.1181],[-43.0916,-22.1271],[-43.0947,-22.1305],[-43.1007,-22.1273],[-43.1055,-22.1224]]]}},{"type":"Feature","properties":{"cod_imovel":"RJ-3306008-EB13F59EFA0B43E3BF2B5A633F3DE15E","mod_fiscal":"0.6518000000000000000000000000000","num_area":"18.251100000000000000000000000000","ind_status":"PE","ind_tipo":"IRU","des_condic":"Analisado, aguardando atendimento a notificacao","municipio":"Tres Rios","dat_criaca":"28/06/2023"},"geometry":{"type":"Polygon","coordinates":[[[-43.0477,-22.0937],[-43.0526,-22.0942],[-43.0471,-22.0901],[-43.0456,-22.0928],[-43.0477,-22.0937]]]}},{"type":"Feature","properties":{"cod_imovel":"RJ-3306008-EBD6AD18372B44F6943D7388B6F267B7","mod_fiscal":"0.9676000000000000000000000000000","num_area":"27.093400000000000000000000000000","ind_status":"AT","ind_tipo":"IRU","des_condic":"Aguardando analise","municipio":"Tres Rios","dat_criaca":"06/05/2025"},"geometry":{"type":"Polygon","coordinates":[[[-43.1707,-22.1326],[-43.1665,-22.1306],[-43.1639,-22.1337],[-43.168,-22.1365],[-43.1705,-22.1344],[-43.1707,-22.1326]]]}},{"type":"Feature","properties":{"cod_imovel":"RJ-3306008-389CF81239624E6AAB9DDCD61668974C","mod_fiscal":"2.1538000000000000000000000000000","num_area":"60.307400000000000000000000000000","ind_status":"AT","ind_tipo":"IRU","des_condic":"Aguardando analise","municipio":"Tres Rios","dat_criaca":"06/05/2023"},"geometry":{"type":"Polygon","coordinates":[[[-43.1659,-22.0739],[-43.1679,-22.0827],[-43.1744,-22.0816],[-43.174,-22.0746],[-43.1688,-22.0741],[-43.1659,-22.0739]]]}},{"type":"Feature","properties":{"cod_imovel":"RJ-3306008-F7C200FF845A40ACAF471B4070CF028B","mod_fiscal":"1.8522000000000000000000000000000","num_area":"51.862400000000000000000000000000","ind_status":"AT","ind_tipo":"IRU","des_condic":"Aguardando analise","municipio":"Tres Rios","dat_criaca":"22/04/2015"},"geometry":{"type":"Polygon","coordinates":[[[-43.174,-22.0785],[-43.1736,-22.0749],[-43.1654,-22.0738],[-43.1671,-22.0813],[-43.1742,-22.0809],[-43.174,-22.0785]]]}},{"type":"Feature","properties":{"cod_imovel":"RJ-3306008-E71D1512D5874BDAAD5A3985989B9548","mod_fiscal":"0.4571000000000000000000000000000","num_area":"12.798800000000000000000000000000","ind_status":"AT","ind_tipo":"IRU","des_condic":"Aguardando analise","municipio":"Tres Rios","dat_criaca":"05/07/2018"},"geometry":{"type":"Polygon","coordinates":[[[-43.1869,-22.1935],[-43.1892,-22.1925],[-43.1848,-22.1891],[-43.1868,-22.1936],[-43.1869,-22.1935]]]}},{"type":"Feature","properties":{"cod_imovel":"RJ-3306008-417176084B654516BE478575E17C27CC","mod_fiscal":"1.1506000000000000000000000000000","num_area":"32.216500000000000000000000000000","ind_status":"AT","ind_tipo":"IRU","des_condic":"Aguardando analise","municipio":"Tres Rios","dat_criaca":"29/05/2018"},"geometry":{"type":"Polygon","coordinates":[[[-43.0729,-22.159],[-43.0775,-22.1591],[-43.0777,-22.1533],[-43.0729,-22.1536],[-43.0728,-22.1569],[-43.0729,-22.159]]]}},{"type":"Feature","properties":{"cod_imovel":"RJ-3306008-4126ADB2D65D455291192A3647D20FC4","mod_fiscal":"1.3704000000000000000000000000000","num_area":"38.371200000000000000000000000000","ind_status":"AT","ind_tipo":"IRU","des_condic":"Aguardando analise","municipio":"Tres Rios","dat_criaca":"02/06/2017"},"geometry":{"type":"Polygon","coordinates":[[[-43.0777,-22.1533],[-43.0727,-22.1475],[-43.0698,-22.1501],[-43.0729,-22.159],[-43.0751,-22.1532],[-43.0777,-22.1533]]]}},{"type":"Feature","properties":{"cod_imovel":"RJ-3306008-ED3FCAE6665146C2A2C46636338F9B7C","mod_fiscal":"0.2494000000000000000000000000000","num_area":"6.9838000000000000000000000000000","ind_status":"AT","ind_tipo":"IRU","des_condic":"Aguardando analise","municipio":"Tres Rios","dat_criaca":"20/12/2017"},"geometry":{"type":"Polygon","coordinates":[[[-43.0431,-22.115],[-43.0464,-22.112],[-43.0431,-22.1149],[-43.0431,-22.115]]]}},{"type":"Feature","properties":{"cod_imovel":"RJ-3306008-458651B884F84551B0EDCBC888E005B7","mod_fiscal":"0.2206000000000000000000000000000","num_area":"6.1759000000000000000000000000000","ind_status":"AT","ind_tipo":"IRU","des_condic":"Aguardando analise","municipio":"Tres Rios","dat_criaca":"12/03/2018"},"geometry":{"type":"Polygon","coordinates":[[[-43.1686,-22.18],[-43.1717,-22.1805],[-43.1689,-22.18],[-43.1686,-22.18]]]}},{"type":"Feature","properties":{"cod_imovel":"RJ-3306008-BB125E6E924543B48E961EF5EEFCD95C","mod_fiscal":"1.0384000000000000000000000000000","num_area":"29.075000000000000000000000000000","ind_status":"AT","ind_tipo":"IRU","des_condic":"Aguardando analise","municipio":"Tres Rios","dat_criaca":"24/12/2017"},"geometry":{"type":"Polygon","coordinates":[[[-43.0935,-22.1708],[-43.0814,-22.1741],[-43.0869,-22.1754],[-43.0929,-22.1707],[-43.0935,-22.1708]]]}},{"type":"Feature","properties":{"cod_imovel":"RJ-3306008-21E9B0C2BE1747CD93505AB9673E95CC","mod_fiscal":"1.2691000000000000000000000000000","num_area":"35.535900000000000000000000000000","ind_status":"AT","ind_tipo":"IRU","des_condic":"Aguardando analise","municipio":"Tres Rios","dat_criaca":"19/12/2017"},"geometry":{"type":"Polygon","coordinates":[[[-43.0907,-22.1616],[-43.0864,-22.1561],[-43.083,-22.1596],[-43.0913,-22.1637],[-43.0907,-22.1616]]]}},{"type":"Feature","properties":{"cod_imovel":"RJ-3306008-C904850B19EC4D0B8ADC5110A4A32E81","mod_fiscal":"3.1334000000000000000000000000000","num_area":"87.735000000000000000000000000000","ind_status":"AT","ind_tipo":"IRU","des_condic":"Aguardando analise","municipio":"Tres Rios","dat_criaca":"05/04/2025"},"geometry":{"type":"Polygon","coordinates":[[[-43.188,-22.0738],[-43.183,-22.0756],[-43.1927,-22.0837],[-43.1964,-22.0736],[-43.188,-22.0738],[-43.188,-22.0738]]]}},{"type":"Feature","properties":{"cod_imovel":"RJ-3306008-5443EAFACF164E0999267CA469DC5B91","mod_fiscal":"0.1819000000000000000000000000000","num_area":"5.0929000000000000000000000000000","ind_status":"AT","ind_tipo":"IRU","des_condic":"Aguardando analise","municipio":"Tres Rios","dat_criaca":"14/11/2017"},"geometry":{"type":"Polygon","coordinates":[[[-43.0315,-22.0545],[-43.03,-22.058],[-43.0313,-22.0541],[-43.0315,-22.0545]]]}},{"type":"Feature","properties":{"cod_imovel":"RJ-3306008-04A9893894F449128E09283486E17E92","mod_fiscal":"6.0688000000000000000000000000000","num_area":"169.92760000000000000000000000000","ind_status":"AT","ind_tipo":"IRU","des_condic":"Aguardando analise","municipio":"Tres Rios","dat_criaca":"27/12/2019"},"geometry":{"type":"Polygon","coordinates":[[[-43.1409,-22.1242],[-43.1349,-22.1265],[-43.1411,-22.134],[-43.135,-22.1435],[-43.1387,-22.146],[-43.142,-22.1387],[-43.1481,-22.1404],[-43.1508,-22.1377],[-43.1412,-22.1246],[-43.1409,-22.1242]]]}},{"type":"Feature","properties":{"cod_imovel":"RJ-3306008-75AA5CD3C2444EB3B057E0703E6A5C6E","mod_fiscal":"0.1707000000000000000000000000000","num_area":"4.7797000000000000000000000000000","ind_status":"AT","ind_tipo":"IRU","des_condic":"Aguardando analise","municipio":"Tres Rios","dat_criaca":"29/05/2017"},"geometry":{"type":"Polygon","coordinates":[[[-43.0231,-22.0505],[-43.0203,-22.0504],[-43.0215,-22.0533],[-43.0232,-22.0505],[-43.0231,-22.0505]]]}},{"type":"Feature","properties":{"cod_imovel":"RJ-3306008-643D43D8839C4A8BA42B2FBA110595A5","mod_fiscal":"36.024400000000000000000000000000","num_area":"1008.6821000000000000000000000000","ind_status":"AT","ind_tipo":"IRU","des_condic":"Aguardando analise","municipio":"Tres Rios","dat_criaca":"20/04/2017"},"geometry":{"type":"Polygon","coordinates":[[[-43.1103,-22.1407],[-43.0971,-22.1398],[-43.0975,-22.1425],[-43.0999,-22.1411],[-43.0974,-22.1426],[-43.0988,-22.1456],[-43.0926,-22.1484],[-43.0898,-22.1467],[-43.0822,-22.1543],[-43.0921,-22.1582],[-43.0939,-22.1645],[-43.0895,-22.1678],[-43.096,-22.1749],[-43.0939,-22.1806],[-43.1,-22.1816],[-43.1033,-22.187],[-43.109,-22.1806],[-43.1075,-22.1788],[-43.1156,-22.1733],[-43.1157,-22.1707],[-43.1124,-22.1724],[-43.1066,-22.1654],[-43.1205,-22.1456],[-43.1104,-22.1408],[-43.1103,-22.1407]]]}},{"type":"Feature","properties":{"cod_imovel":"RJ-3306008-1BC880C0AC554698BD75AB09FE905C01","mod_fiscal":"21.926900000000000000000000000000","num_area":"613.95240000000000000000000000000","ind_status":"AT","ind_tipo":"IRU","des_condic":"Aguardando analise","municipio":"Tres Rios","dat_criaca":"23/02/2017"},"geometry":{"type":"Polygon","coordinates":[[[-43.076,-22.1234],[-43.0631,-22.1165],[-43.0495,-22.1364],[-43.0497,-22.1481],[-43.0607,-22.1508],[-43.0707,-22.1478],[-43.0713,-22.1424],[-43.0634,-22.1377],[-43.076,-22.1234]]]}},{"type":"Feature","properties":{"cod_imovel":"RJ-3306008-F6999050283A464C91A41F6A936ED165","mod_fiscal":"3.5049000000000000000000000000000","num_area":"98.136500000000000000000000000000","ind_status":"AT","ind_tipo":"IRU","des_condic":"Aguardando analise","municipio":"Tres Rios","dat_criaca":"11/04/2016"},"geometry":{"type":"Polygon","coordinates":[[[-43.0775,-22.1074],[-43.0771,-22.1141],[-43.0861,-22.1212],[-43.0903,-22.1165],[-43.0782,-22.1074],[-43.0775,-22.1074]]]}},{"type":"Feature","properties":{"cod_imovel":"RJ-3306008-AC31C7975B214509954AEE1CD1BF638B","mod_fiscal":"0.3463000000000000000000000000000","num_area":"9.6955000000000000000000000000000","ind_status":"AT","ind_tipo":"IRU","des_condic":"Aguardando analise","municipio":"Tres Rios","dat_criaca":"19/11/2016"},"geometry":{"type":"Polygon","coordinates":[[[-43.0605,-22.1153],[-43.0588,-22.1208],[-43.061,-22.1155],[-43.0605,-22.1153]]]}},{"type":"Feature","properties":{"cod_imovel":"RJ-3306008-DD4E21F7BDA14CF2836B630E7477B8E4","mod_fiscal":"1.1914000000000000000000000000000","num_area":"33.360600000000000000000000000000","ind_status":"AT","ind_tipo":"IRU","des_condic":"Aguardando analise","municipio":"Tres Rios","dat_criaca":"22/02/2016"},"geometry":{"type":"Polygon","coordinates":[[[-43.0237,-22.0575],[-43.0204,-22.0623],[-43.0286,-22.0619],[-43.0264,-22.0569],[-43.0238,-22.0574],[-43.0237,-22.0575]]]}},{"type":"Feature","properties":{"cod_imovel":"RJ-3306008-2E5F8C1754D242B387FB3DF432FD854D","mod_fiscal":"0.4032000000000000000000000000000","num_area":"11.290700000000000000000000000000","ind_status":"AT","ind_tipo":"IRU","des_condic":"Aguardando analise","municipio":"Tres Rios","dat_criaca":"23/08/2016"},"geometry":{"type":"Polygon","coordinates":[[[-43.0151,-22.0726],[-43.0144,-22.0777],[-43.0158,-22.0725],[-43.0151,-22.0726]]]}},{"type":"Feature","properties":{"cod_imovel":"RJ-3306008-39FEBF1F8EF5406B94633275E0BC9E6D","mod_fiscal":"42.482000000000000000000000000000","num_area":"736.74960000000000000000000000000","ind_status":"AT","ind_tipo":"IRU","des_condic":"Analisado, aguardando atendimento a notificacao","municipio":"Tres Rios","dat_criaca":"05/05/2016"},"geometry":{"type":"Polygon","coordinates":[[[-42.9973,-22.1638],[-43.0012,-22.1603],[-43.0052,-22.1365],[-42.9796,-22.1276],[-42.974,-22.1378],[-42.9849,-22.1397],[-42.9824,-22.146],[-42.9842,-22.1576],[-42.9877,-22.1567],[-42.9971,-22.1637],[-42.9973,-22.1638]]]}},{"type":"Feature","properties":{"cod_imovel":"RJ-3306008-4F0E7BFF43FF42C79D30AD8030512599","mod_fiscal":"0.1072000000000000000000000000000","num_area":"3.0012000000000000000000000000000","ind_status":"PE","ind_tipo":"IRU","des_condic":"Analisado, aguardando atendimento a notificacao","municipio":"Tres Rios","dat_criaca":"26/11/2019"},"geometry":{"type":"Polygon","coordinates":[[[-43.1723,-22.095],[-43.1774,-22.0954],[-43.1726,-22.095],[-43.1723,-22.095]]]}},{"type":"Feature","properties":{"cod_imovel":"RJ-3306008-E0B53E2CFB9E4CD78623461F06053D2A","mod_fiscal":"0.7457000000000000000000000000000","num_area":"20.878500000000000000000000000000","ind_status":"AT","ind_tipo":"IRU","des_condic":"Aguardando analise","municipio":"Tres Rios","dat_criaca":"05/05/2016"},"geometry":{"type":"Polygon","coordinates":[[[-43.1634,-22.1523],[-43.1606,-22.1579],[-43.1641,-22.1584],[-43.1662,-22.1538],[-43.1634,-22.1523]]]}},{"type":"Feature","properties":{"cod_imovel":"RJ-3306008-3923720162B94E5AB527AF84E9C6A210","mod_fiscal":"2.4909000000000000000000000000000","num_area":"69.744100000000000000000000000000","ind_status":"AT","ind_tipo":"IRU","des_condic":"Aguardando analise","municipio":"Tres Rios","dat_criaca":"05/05/2016"},"geometry":{"type":"Polygon","coordinates":[[[-43.0719,-22.1115],[-43.0674,-22.1063],[-43.0665,-22.1113],[-43.0611,-22.1142],[-43.0666,-22.1184],[-43.0719,-22.1115]]]}},{"type":"Feature","properties":{"cod_imovel":"RJ-3306008-EC56CCB1813343EEAFE4F6472B92DA8B","mod_fiscal":"1.4277000000000000000000000000000","num_area":"39.975400000000000000000000000000","ind_status":"AT","ind_tipo":"IRU","des_condic":"Aguardando analise","municipio":"Tres Rios","dat_criaca":"05/05/2016"},"geometry":{"type":"Polygon","coordinates":[[[-43.0601,-22.1056],[-43.0608,-22.109],[-43.0658,-22.1087],[-43.0632,-22.1131],[-43.0666,-22.1112],[-43.0671,-22.1039],[-43.0645,-22.1068],[-43.0611,-22.1012],[-43.0605,-22.1046],[-43.0601,-22.1056]]]}},{"type":"Feature","properties":{"cod_imovel":"RJ-3306008-814F4CB2C4E341BAA4F430AC45FBB9BC","mod_fiscal":"6.1387000000000000000000000000000","num_area":"171.88420000000000000000000000000","ind_status":"AT","ind_tipo":"IRU","des_condic":"Aguardando analise","municipio":"Tres Rios","dat_criaca":"04/05/2015"},"geometry":{"type":"Polygon","coordinates":[[[-43.0879,-22.1293],[-43.0814,-22.1239],[-43.0846,-22.1201],[-43.0782,-22.1243],[-43.0791,-22.1277],[-43.0698,-22.1421],[-43.0736,-22.145],[-43.0863,-22.1312],[-43.0879,-22.1293]]]}},{"type":"Feature","properties":{"cod_imovel":"RJ-3306008-BC3E4342CD43422998656628EAADAF73","mod_fiscal":"5.3261000000000000000000000000000","num_area":"149.13200000000000000000000000000","ind_status":"AT","ind_tipo":"IRU","des_condic":"Aguardando analise","municipio":"Tres Rios","dat_criaca":"02/05/2016"},"geometry":{"type":"Polygon","coordinates":[[[-43.1052,-22.1222],[-43.0928,-22.1137],[-43.089,-22.1181],[-43.0916,-22.1271],[-43.0949,-22.1302],[-43.1007,-22.1268],[-43.1052,-22.1222]]]}},{"type":"Feature","properties":{"cod_imovel":"RJ-3306008-EDE38A622D7F403A98E2F39C319B803F","mod_fiscal":"2.4568000000000000000000000000000","num_area":"68.790100000000000000000000000000","ind_status":"AT","ind_tipo":"IRU","des_condic":"Aguardando analise","municipio":"Tres Rios","dat_criaca":"29/04/2016"},"geometry":{"type":"Polygon","coordinates":[[[-43.0867,-22.1011],[-43.0898,-22.0935],[-43.0836,-22.088],[-43.0834,-22.0977],[-43.0861,-22.1008],[-43.0867,-22.1011]]]}},{"type":"Feature","properties":{"cod_imovel":"RJ-3306008-054D7E89B865480C83010AAF31759753","mod_fiscal":"0.1735000000000000000000000000000","num_area":"4.8569000000000000000000000000000","ind_status":"AT","ind_tipo":"IRU","des_condic":"Aguardando analise","municipio":"Tres Rios","dat_criaca":"28/04/2016"},"geometry":{"type":"Polygon","coordinates":[[[-43.0553,-22.092],[-43.0526,-22.0938],[-43.0553,-22.0921],[-43.0553,-22.092]]]}},{"type":"Feature","properties":{"cod_imovel":"RJ-3306008-E293A747DB754BF6AB831FFA7BDAD424","mod_fiscal":"1.8507000000000000000000000000000","num_area":"51.820100000000000000000000000000","ind_status":"AT","ind_tipo":"IRU","des_condic":"Aguardando analise","municipio":"Tres Rios","dat_criaca":"27/04/2016"},"geometry":{"type":"Polygon","coordinates":[[[-43.049,-22.091],[-43.0542,-22.0917],[-43.0542,-22.0869],[-43.0448,-22.0847],[-43.0433,-22.0878],[-43.0471,-22.09],[-43.049,-22.091]]]}},{"type":"Feature","properties":{"cod_imovel":"RJ-3306008-369C844122EF4A2B9F36A54680639175","mod_fiscal":"0.2706000000000000000000000000000","num_area":"7.5764000000000000000000000000000","ind_status":"AT","ind_tipo":"IRU","des_condic":"Aguardando analise","municipio":"Tres Rios","dat_criaca":"26/04/2016"},"geometry":{"type":"Polygon","coordinates":[[[-43.1874,-22.1715],[-43.1903,-22.1706],[-43.1876,-22.1692],[-43.1878,-22.1712],[-43.1874,-22.1715]]]}},{"type":"Feature","properties":{"cod_imovel":"RJ-3306008-51E63E08FAAC47FBBE547B9C2FA09BE0","mod_fiscal":"4.1214000000000000000000000000000","num_area":"115.39790000000000000000000000000","ind_status":"AT","ind_tipo":"IRU","des_condic":"Aguardando analise","municipio":"Tres Rios","dat_criaca":"26/04/2016"},"geometry":{"type":"Polygon","coordinates":[[[-43.0535,-22.1542],[-43.04,-22.1493],[-43.0353,-22.1584],[-43.0391,-22.1596],[-43.045,-22.155],[-43.053,-22.1594],[-43.0533,-22.1562],[-43.0535,-22.1542]]]}},{"type":"Feature","properties":{"cod_imovel":"RJ-3306008-ADFFA8D14299461A9C22EC4AEA6EA93A","mod_fiscal":"0.2159000000000000000000000000000","num_area":"6.0442000000000000000000000000000","ind_status":"AT","ind_tipo":"IRU","des_condic":"Aguardando analise","municipio":"Tres Rios","dat_criaca":"23/04/2016"},"geometry":{"type":"Polygon","coordinates":[[[-43.0459,-22.0828],[-43.044,-22.0842],[-43.0466,-22.086],[-43.0462,-22.0833],[-43.0459,-22.0828]]]}},{"type":"Feature","properties":{"cod_imovel":"RJ-3306008-BA8EF5797A224CCC823534734A351F47","mod_fiscal":"7.5729000000000000000000000000000","num_area":"87.146100000000000000000000000000","ind_status":"AT","ind_tipo":"IRU","des_condic":"Aguardando analise","municipio":"Tres Rios","dat_criaca":"13/04/2016"},"geometry":{"type":"Polygon","coordinates":[[[-43.0329,-22.1734],[-43.0329,-22.1713],[-43.0287,-22.1728],[-43.0224,-22.1789],[-43.024,-22.1832],[-43.0294,-22.182],[-43.0335,-22.1742],[-43.0329,-22.1734]]]}},{"type":"Feature","properties":{"cod_imovel":"RJ-3306008-F71CD9EB55C6435D8D6819E341A11A64","mod_fiscal":"3.1014000000000000000000000000000","num_area":"86.838200000000000000000000000000","ind_status":"AT","ind_tipo":"IRU","des_condic":"Aguardando analise","municipio":"Tres Rios","dat_criaca":"07/04/2016"},"geometry":{"type":"Polygon","coordinates":[[[-43.0691,-22.0941],[-43.0623,-22.0938],[-43.0595,-22.0982],[-43.0638,-22.1068],[-43.0666,-22.1038],[-43.0677,-22.1057],[-43.0662,-22.0978],[-43.0695,-22.0945],[-43.0691,-22.0941]]]}},{"type":"Feature","properties":{"cod_imovel":"RJ-3306008-ACC5932F68D842EA835D6C29A7FDDA82","mod_fiscal":"2.3490000000000000000000000000000","num_area":"65.771600000000000000000000000000","ind_status":"AT","ind_tipo":"IRU","des_condic":"Aguardando analise","municipio":"Tres Rios","dat_criaca":"06/04/2016"},"geometry":{"type":"Polygon","coordinates":[[[-43.0765,-22.1234],[-43.0819,-22.1244],[-43.0862,-22.1191],[-43.0772,-22.1144],[-43.0766,-22.1225],[-43.0765,-22.1234]]]}},{"type":"Feature","properties":{"cod_imovel":"RJ-3306008-9786D2CF4D2D46BE984FFC398F6284C8","mod_fiscal":"1.5241000000000000000000000000000","num_area":"42.676200000000000000000000000000","ind_status":"AT","ind_tipo":"IRU","des_condic":"Aguardando analise","municipio":"Tres Rios","dat_criaca":"04/04/2016"},"geometry":{"type":"Polygon","coordinates":[[[-43.0769,-22.1058],[-43.0744,-22.0989],[-43.0718,-22.0996],[-43.0696,-22.1052],[-43.0762,-22.1061],[-43.0769,-22.1058]]]}},{"type":"Feature","properties":{"cod_imovel":"RJ-3306008-690EE69676504B558E9B7DAF7A6381C8","mod_fiscal":"1.0444000000000000000000000000000","num_area":"29.243300000000000000000000000000","ind_status":"AT","ind_tipo":"IRU","des_condic":"Aguardando analise","municipio":"Tres Rios","dat_criaca":"31/03/2016"},"geometry":{"type":"Polygon","coordinates":[[[-43.05,-22.099],[-43.0468,-22.101],[-43.0519,-22.106],[-43.054,-22.1006],[-43.0507,-22.0984],[-43.05,-22.099]]]}},{"type":"Feature","properties":{"cod_imovel":"RJ-3306008-4DC4EEEB8EB043DE855A6AC557463CAC","mod_fiscal":"0.6909000000000000000000000000000","num_area":"19.346400000000000000000000000000","ind_status":"AT","ind_tipo":"IRU","des_condic":"Aguardando analise","municipio":"Tres Rios","dat_criaca":"30/03/2016"},"geometry":{"type":"Polygon","coordinates":[[[-43.1744,-22.0656],[-43.1737,-22.0703],[-43.1771,-22.0706],[-43.1753,-22.0655],[-43.1744,-22.0656]]]}},{"type":"Feature","properties":{"cod_imovel":"RJ-3306008-4C49457D60D1451DA50586546037024E","mod_fiscal":"2.0818000000000000000000000000000","num_area":"58.291500000000000000000000000000","ind_status":"AT","ind_tipo":"IRU","des_condic":"Aguardando analise","municipio":"Tres Rios","dat_criaca":"29/03/2016"},"geometry":{"type":"Polygon","coordinates":[[[-43.0334,-22.0812],[-43.0259,-22.0843],[-43.0258,-22.0888],[-43.0427,-22.0789],[-43.0403,-22.0763],[-43.0363,-22.0791],[-43.0334,-22.0812]]]}},{"type":"Feature","properties":{"cod_imovel":"RJ-3306008-284B5487028846F49B882881EAA809C8","mod_fiscal":"0.2509000000000000000000000000000","num_area":"7.0251000000000000000000000000000","ind_status":"AT","ind_tipo":"IRU","des_condic":"Aguardando analise","municipio":"Tres Rios","dat_criaca":"29/03/2016"},"geometry":{"type":"Polygon","coordinates":[[[-43.0577,-22.1077],[-43.0564,-22.1108],[-43.0589,-22.1113],[-43.0585,-22.1084],[-43.0577,-22.1077]]]}},{"type":"Feature","properties":{"cod_imovel":"RJ-3306008-2C871BBD6BDC4493BCE3601C7C6EE449","mod_fiscal":"3.4280000000000000000000000000000","num_area":"95.984000000000000000000000000000","ind_status":"AT","ind_tipo":"IRU","des_condic":"Aguardando analise","municipio":"Tres Rios","dat_criaca":"23/03/2016"},"geometry":{"type":"Polygon","coordinates":[[[-43.0485,-22.12],[-43.0446,-22.1176],[-43.0429,-22.1195],[-43.0423,-22.1274],[-43.0489,-22.1312],[-43.0533,-22.1253],[-43.0484,-22.1244],[-43.0501,-22.1227],[-43.0475,-22.1212],[-43.0485,-22.12]]]}},{"type":"Feature","properties":{"cod_imovel":"RJ-3306008-C50745C6CC08403D98E13BE909B1BC6E","mod_fiscal":"3.8088000000000000000000000000000","num_area":"106.64590000000000000000000000000","ind_status":"AT","ind_tipo":"IRU","des_condic":"Aguardando analise","municipio":"Tres Rios","dat_criaca":"19/02/2016"},"geometry":{"type":"Polygon","coordinates":[[[-43.1841,-22.0725],[-43.185,-22.0637],[-43.1772,-22.0628],[-43.1767,-22.0752],[-43.1838,-22.0725],[-43.1841,-22.0725]]]}},{"type":"Feature","properties":{"cod_imovel":"RJ-3306008-BBE17804C3BD4D6EA4210817F116DE29","mod_fiscal":"0.2262000000000000000000000000000","num_area":"6.3345000000000000000000000000000","ind_status":"AT","ind_tipo":"IRU","des_condic":"Aguardando analise","municipio":"Tres Rios","dat_criaca":"19/02/2016"},"geometry":{"type":"Polygon","coordinates":[[[-43.0425,-22.0788],[-43.0416,-22.0825],[-43.0427,-22.079],[-43.0425,-22.0788]]]}},{"type":"Feature","properties":{"cod_imovel":"RJ-3306008-8FEB9E15B4594114AA347F425D9EBD9D","mod_fiscal":"0.0780000000000000000000000000000","num_area":"2.1851000000000000000000000000000","ind_status":"AT","ind_tipo":"IRU","des_condic":"Aguardando analise","municipio":"Tres Rios","dat_criaca":"17/02/2016"},"geometry":{"type":"Polygon","coordinates":[[[-43.0563,-22.1064],[-43.0576,-22.1044],[-43.0562,-22.1064],[-43.0563,-22.1064]]]}},{"type":"Feature","properties":{"cod_imovel":"RJ-3306008-E367CFD48E1F43EC8B4023E23F68306F","mod_fiscal":"0.9428000000000000000000000000000","num_area":"26.398300000000000000000000000000","ind_status":"AT","ind_tipo":"IRU","des_condic":"Aguardando analise","municipio":"Tres Rios","dat_criaca":"12/02/2016"},"geometry":{"type":"Polygon","coordinates":[[[-43.0685,-22.1525],[-43.0694,-22.1584],[-43.0729,-22.159],[-43.0698,-22.1498],[-43.0685,-22.1525]]]}},{"type":"Feature","properties":{"cod_imovel":"RJ-3306008-842090E5759D43BB980E2560B0BD1CEB","mod_fiscal":"0.0768000000000000000000000000000","num_area":"2.1495000000000000000000000000000","ind_status":"AT","ind_tipo":"IRU","des_condic":"Aguardando analise","municipio":"Tres Rios","dat_criaca":"01/02/2016"},"geometry":{"type":"Polygon","coordinates":[[[-43.0523,-22.1043],[-43.0551,-22.1033],[-43.0525,-22.1042],[-43.0523,-22.1043]]]}},{"type":"Feature","properties":{"cod_imovel":"RJ-3306008-2D8565B6770E4E5EAAB8D838407C7670","mod_fiscal":"2.8640000000000000000000000000000","num_area":"80.191900000000000000000000000000","ind_status":"AT","ind_tipo":"IRU","des_condic":"Aguardando analise","municipio":"Tres Rios","dat_criaca":"23/08/2015"},"geometry":{"type":"Polygon","coordinates":[[[-43.1694,-22.0891],[-43.169,-22.0919],[-43.1749,-22.0882],[-43.1734,-22.0805],[-43.1696,-22.0832],[-43.167,-22.0816],[-43.1644,-22.0883],[-43.1694,-22.0891]]]}},{"type":"Feature","properties":{"cod_imovel":"RJ-3306008-3E3AE64CCA8D4E61A84F65E338812767","mod_fiscal":"5.6867000000000000000000000000000","num_area":"159.22860000000000000000000000000","ind_status":"AT","ind_tipo":"IRU","des_condic":"Aguardando analise","municipio":"Tres Rios","dat_criaca":"30/11/2015"},"geometry":{"type":"Polygon","coordinates":[[[-43.0579,-22.1186],[-43.0555,-22.1083],[-43.0469,-22.1034],[-43.0443,-22.1175],[-43.0581,-22.1195],[-43.0579,-22.1186]]]}},{"type":"Feature","properties":{"cod_imovel":"RJ-3306008-09470B7C4B214599897353E8D32FD041","mod_fiscal":"1.7862000000000000000000000000000","num_area":"50.013700000000000000000000000000","ind_status":"AT","ind_tipo":"IRU","des_condic":"Aguardando analise","municipio":"Tres Rios","dat_criaca":"07/04/2015"},"geometry":{"type":"Polygon","coordinates":[[[-43.0829,-22.1684],[-43.0814,-22.1741],[-43.0894,-22.1695],[-43.0871,-22.1674],[-43.0898,-22.1639],[-43.087,-22.1629],[-43.0834,-22.1678],[-43.0829,-22.1684]]]}},{"type":"Feature","properties":{"cod_imovel":"RJ-3306008-C6E2203565254F3EBFA540BCA3D87B19","mod_fiscal":"0.8886000000000000000000000000000","num_area":"24.882200000000000000000000000000","ind_status":"AT","ind_tipo":"IRU","des_condic":"Aguardando analise","municipio":"Tres Rios","dat_criaca":"22/10/2015"},"geometry":{"type":"Polygon","coordinates":[[[-43.0252,-22.0754],[-43.0188,-22.0757],[-43.0199,-22.0793],[-43.0227,-22.08],[-43.0251,-22.0758],[-43.0252,-22.0754]]]}},{"type":"Feature","properties":{"cod_imovel":"RJ-3306008-018A963099904A89B5F37BA22F744DA7","mod_fiscal":"3.0762000000000000000000000000000","num_area":"86.134400000000000000000000000000","ind_status":"AT","ind_tipo":"IRU","des_condic":"Aguardando analise","municipio":"Tres Rios","dat_criaca":"28/09/2015"},"geometry":{"type":"Polygon","coordinates":[[[-43.0352,-22.1473],[-43.0279,-22.156],[-43.0324,-22.1591],[-43.036,-22.1578],[-43.0399,-22.1495],[-43.0362,-22.1472],[-43.0352,-22.1473]]]}},{"type":"Feature","properties":{"cod_imovel":"RJ-3306008-B67C2E1DEE58429FB3E0CEE7C166F512","mod_fiscal":"0.8127000000000000000000000000000","num_area":"20.485100000000000000000000000000","ind_status":"AT","ind_tipo":"IRU","des_condic":"Aguardando analise","municipio":"Tres Rios","dat_criaca":"02/06/2015"},"geometry":{"type":"Polygon","coordinates":[[[-43.0176,-22.1483],[-43.0148,-22.1429],[-43.0118,-22.1472],[-43.0176,-22.1483],[-43.0176,-22.1483]]]}},{"type":"Feature","properties":{"cod_imovel":"RJ-3306008-3204B3E529F84AAF9AD5A11CDAAEF9AD","mod_fiscal":"5.9549000000000000000000000000000","num_area":"166.73760000000000000000000000000","ind_status":"AT","ind_tipo":"IRU","des_condic":"Aguardando analise","municipio":"Tres Rios","dat_criaca":"04/05/2015"},"geometry":{"type":"Polygon","coordinates":[[[-43.0333,-22.1111],[-43.024,-22.1216],[-43.0237,-22.1254],[-43.0294,-22.1291],[-43.0406,-22.1163],[-43.0342,-22.1168],[-43.0384,-22.1138],[-43.0333,-22.1111]]]}},{"type":"Feature","properties":{"cod_imovel":"RJ-3306008-240B9FBA01EF49BBBA8CA679CB2191E4","mod_fiscal":"0.1221000000000000000000000000000","num_area":"3.4199000000000000000000000000000","ind_status":"AT","ind_tipo":"IRU","des_condic":"Aguardando analise","municipio":"Tres Rios","dat_criaca":"28/04/2015"},"geometry":{"type":"Polygon","coordinates":[[[-43.1646,-22.0791],[-43.1656,-22.0768],[-43.1642,-22.0793],[-43.1646,-22.0791]]]}},{"type":"Feature","properties":{"cod_imovel":"RJ-3306008-FF456CD2BEB64982A3834001C741F2EB","mod_fiscal":"0.0776000000000000000000000000000","num_area":"2.1740000000000000000000000000000","ind_status":"AT","ind_tipo":"IRU","des_condic":"Aguardando analise","municipio":"Tres Rios","dat_criaca":"28/04/2015"},"geometry":{"type":"Polygon","coordinates":[[[-43.1636,-22.081],[-43.165,-22.0825],[-43.1636,-22.0809],[-43.1636,-22.081]]]}},{"type":"Feature","properties":{"cod_imovel":"RJ-3306008-A8718130572B4DBE992A8AD1BEFE02E3","mod_fiscal":"0.1449000000000000000000000000000","num_area":"4.0585000000000000000000000000000","ind_status":"PE","ind_tipo":"IRU","des_condic":"Analisado, aguardando atendimento a notificacao","municipio":"Tres Rios","dat_criaca":"12/09/2014"},"geometry":{"type":"Polygon","coordinates":[[[-43.1686,-22.178],[-43.1686,-22.1821],[-43.1691,-22.1775],[-43.1686,-22.178]]]}},{"type":"Feature","properties":{"cod_imovel":"RJ-3306008-699EE545663548B0A02939F714839D27","mod_fiscal":"1.0678000000000000000000000000000","num_area":"29.898900000000000000000000000000","ind_status":"AT","ind_tipo":"IRU","des_condic":"Aguardando analise","municipio":"Tres Rios","dat_criaca":"24/04/2015"},"geometry":{"type":"Polygon","coordinates":[[[-43.1574,-22.064],[-43.161,-22.0592],[-43.1584,-22.0517],[-43.1555,-22.0607],[-43.1575,-22.0636],[-43.1574,-22.064]]]}},{"type":"Feature","properties":{"cod_imovel":"RJ-3306008-FF79B968C7484B67BEE4F4EB400E7955","mod_fiscal":"6.9213000000000000000000000000000","num_area":"193.79510000000000000000000000000","ind_status":"AT","ind_tipo":"IRU","des_condic":"Aguardando analise","municipio":"Tres Rios","dat_criaca":"22/04/2015"},"geometry":{"type":"Polygon","coordinates":[[[-43.1647,-22.0576],[-43.1544,-22.0656],[-43.1572,-22.0678],[-43.1542,-22.0669],[-43.154,-22.0724],[-43.1584,-22.0742],[-43.1555,-22.0785],[-43.1618,-22.0809],[-43.1645,-22.0634],[-43.1647,-22.0576]]]}},{"type":"Feature","properties":{"cod_imovel":"RJ-3306008-DF185FBB159D4B4BBD632C1573AD10F8","mod_fiscal":"2.0307000000000000000000000000000","num_area":"56.860400000000000000000000000000","ind_status":"AT","ind_tipo":"IRU","des_condic":"Aguardando analise","municipio":"Tres Rios","dat_criaca":"13/02/2015"},"geometry":{"type":"Polygon","coordinates":[[[-43.1637,-22.0756],[-43.1611,-22.0863],[-43.1645,-22.0883],[-43.1671,-22.0795],[-43.1638,-22.075],[-43.1637,-22.0756]]]}},{"type":"Feature","properties":{"cod_imovel":"RJ-3306008-996F053403AB4586901614D171867F4A","mod_fiscal":"0.1812000000000000000000000000000","num_area":"5.0733000000000000000000000000000","ind_status":"PE","ind_tipo":"IRU","des_condic":"Analisado, aguardando atendimento a notificacao","municipio":"Tres Rios","dat_criaca":"16/10/2024"},"geometry":{"type":"Polygon","coordinates":[[[-43.1754,-22.1382],[-43.1724,-22.1415],[-43.1756,-22.1382],[-43.1754,-22.1382]]]}},{"type":"Feature","properties":{"cod_imovel":"RJ-3306008-228C28F674034131A4EA45DF3358EFAD","mod_fiscal":"0.3650000000000000000000000000000","num_area":"10.219600000000000000000000000000","ind_status":"AT","ind_tipo":"IRU","des_condic":"Aguardando analise","municipio":"Tres Rios","dat_criaca":"05/04/2015"},"geometry":{"type":"Polygon","coordinates":[[[-43.0905,-22.1656],[-43.0935,-22.1646],[-43.0899,-22.164],[-43.0871,-22.1674],[-43.0893,-22.1695],[-43.09,-22.1661],[-43.0905,-22.1656]]]}},{"type":"Feature","properties":{"cod_imovel":"RJ-3306008-5D0898B440034DB1A2AB2C98C59821B8","mod_fiscal":"0.5498000000000000000000000000000","num_area":"15.395100000000000000000000000000","ind_status":"AT","ind_tipo":"IRU","des_condic":"Aguardando analise","municipio":"Tres Rios","dat_criaca":"28/01/2015"},"geometry":{"type":"Polygon","coordinates":[[[-42.9631,-22.1366],[-42.9682,-22.1388],[-42.9668,-22.1334],[-42.964,-22.1355],[-42.9631,-22.1366]]]}},{"type":"Feature","properties":{"cod_imovel":"RJ-3306008-21BAC42512CB4EF394F575B8FCEC8A57","mod_fiscal":"2.9310000000000000000000000000000","num_area":"82.067200000000000000000000000000","ind_status":"AT","ind_tipo":"IRU","des_condic":"Aguardando analise","municipio":"Tres Rios","dat_criaca":"04/11/2014"},"geometry":{"type":"Polygon","coordinates":[[[-43.0644,-22.1592],[-43.0578,-22.1651],[-43.0632,-22.1704],[-43.071,-22.1598],[-43.0643,-22.1585],[-43.0644,-22.1592]]]}},{"type":"Feature","properties":{"cod_imovel":"RJ-3306008-E25F4927109246C78EB49D01F2450525","mod_fiscal":"2.9490000000000000000000000000000","num_area":"82.573200000000000000000000000000","ind_status":"AT","ind_tipo":"IRU","des_condic":"Aguardando analise","municipio":"Tres Rios","dat_criaca":"04/11/2014"},"geometry":{"type":"Polygon","coordinates":[[[-43.0701,-22.1738],[-43.082,-22.1613],[-43.0789,-22.1592],[-43.0667,-22.1715],[-43.0697,-22.1736],[-43.0701,-22.1738]]]}},{"type":"Feature","properties":{"cod_imovel":"RJ-3306008-AF889239D9784100ABAB744B16861706","mod_fiscal":"0.2043000000000000000000000000000","num_area":"5.7206000000000000000000000000000","ind_status":"PE","ind_tipo":"IRU","des_condic":"Aguardando analise","municipio":"Tres Rios","dat_criaca":"26/05/2017"},"geometry":{"type":"Polygon","coordinates":[[[-43.2411,-22.1222],[-43.234,-22.1186],[-43.2411,-22.1225],[-43.2411,-22.1222]]]}},{"type":"Feature","properties":{"cod_imovel":"RJ-3306008-90263EE8872C4704A4972353CD10BD58","mod_fiscal":"0.3833000000000000000000000000000","num_area":"10.732700000000000000000000000000","ind_status":"AT","ind_tipo":"IRU","des_condic":"Aguardando analise","municipio":"Tres Rios","dat_criaca":"20/12/2018"},"geometry":{"type":"Polygon","coordinates":[[[-43.0987,-22.1633],[-43.0983,-22.1585],[-43.0982,-22.1633],[-43.0987,-22.1633]]]}},{"type":"Feature","properties":{"cod_imovel":"RJ-3306008-79A6D8011321499B854C1A5C67EF8205","mod_fiscal":"0.1532000000000000000000000000000","num_area":"4.2893000000000000000000000000000","ind_status":"AT","ind_tipo":"IRU","des_condic":"Aguardando analise","municipio":"Tres Rios","dat_criaca":"19/12/2017"},"geometry":{"type":"Polygon","coordinates":[[[-43.0907,-22.1616],[-43.0937,-22.1647],[-43.0918,-22.1617],[-43.0907,-22.1616]]]}},{"type":"Feature","properties":{"cod_imovel":"RJ-3306008-864677548DEB4D8FB3FEE3A1891A61F1","mod_fiscal":"0.1753000000000000000000000000000","num_area":"4.9087000000000000000000000000000","ind_status":"AT","ind_tipo":"IRU","des_condic":"Aguardando analise","municipio":"Tres Rios","dat_criaca":"31/01/2019"},"geometry":{"type":"Polygon","coordinates":[[[-43.0915,-22.126],[-43.0878,-22.129],[-43.0916,-22.1262],[-43.0915,-22.126]]]}},{"type":"Feature","properties":{"cod_imovel":"RJ-3306008-FB6D9353C622469AA3FC3444D078399B","mod_fiscal":"2.9117000000000000000000000000000","num_area":"31.012500000000000000000000000000","ind_status":"AT","ind_tipo":"IRU","des_condic":"Aguardando analise","municipio":"Tres Rios","dat_criaca":"28/12/2018"},"geometry":{"type":"Polygon","coordinates":[[[-43.0425,-22.1946],[-43.0388,-22.1893],[-43.0351,-22.1945],[-43.0425,-22.1946]]]}},{"type":"Feature","properties":{"cod_imovel":"RJ-3306008-515E95E6773B4D599D71AAE4C17DB03B","mod_fiscal":"0.0991000000000000000000000000000","num_area":"2.7753000000000000000000000000000","ind_status":"AT","ind_tipo":"IRU","des_condic":"Aguardando analise","municipio":"Tres Rios","dat_criaca":"05/12/2018"},"geometry":{"type":"Polygon","coordinates":[[[-43.1709,-22.182],[-43.17,-22.1839],[-43.1711,-22.1818],[-43.1709,-22.182]]]}},{"type":"Feature","properties":{"cod_imovel":"RJ-3306008-3B0CF4E786F245CFAAE8A714A2EFA171","mod_fiscal":"0.6801000000000000000000000000000","num_area":"19.041700000000000000000000000000","ind_status":"AT","ind_tipo":"IRU","des_condic":"Aguardando analise","municipio":"Tres Rios","dat_criaca":"05/04/2016"},"geometry":{"type":"Polygon","coordinates":[[[-43.0543,-22.0932],[-43.0564,-22.0964],[-43.059,-22.0918],[-43.0554,-22.092],[-43.0543,-22.0932]]]}},{"type":"Feature","properties":{"cod_imovel":"RJ-3306008-7D1D932DFA5446438678E1823648BBDD","mod_fiscal":"4.3888000000000000000000000000000","num_area":"122.88620000000000000000000000000","ind_status":"AT","ind_tipo":"IRU","des_condic":"Aguardando analise","municipio":"Tres Rios","dat_criaca":"16/12/2015"},"geometry":{"type":"Polygon","coordinates":[[[-43.0471,-22.0901],[-43.0331,-22.0828],[-43.0295,-22.0891],[-43.0436,-22.0965],[-43.0468,-22.0907],[-43.0471,-22.0901]]]}},{"type":"Feature","properties":{"cod_imovel":"RJ-3306008-BFF79A3DBBFB43E98A563D4A2227AECC","mod_fiscal":"0.3448000000000000000000000000000","num_area":"9.6544000000000000000000000000000","ind_status":"AT","ind_tipo":"IRU","des_condic":"Aguardando analise","municipio":"Tres Rios","dat_criaca":"31/01/2025"},"geometry":{"type":"Polygon","coordinates":[[[-43.0817,-22.1238],[-43.0804,-22.1253],[-43.0886,-22.1285],[-43.0817,-22.1238]]]}},{"type":"Feature","properties":{"cod_imovel":"RJ-3306008-0D6E483B6C1C4920BFE3880057B6DA33","mod_fiscal":"0.9367000000000000000000000000000","num_area":"26.226600000000000000000000000000","ind_status":"AT","ind_tipo":"IRU","des_condic":"Aguardando analise","municipio":"Tres Rios","dat_criaca":"20/05/2015"},"geometry":{"type":"Polygon","coordinates":[[[-43.0174,-22.1072],[-43.0142,-22.106],[-43.0132,-22.1101],[-43.0161,-22.1123],[-43.02,-22.1079],[-43.0175,-22.1074],[-43.0174,-22.1072]]]}},{"type":"Feature","properties":{"cod_imovel":"RJ-3306008-F0B422E31CD34010B3634FDDD203E4E7","mod_fiscal":"0.2264000000000000000000000000000","num_area":"6.3398000000000000000000000000000","ind_status":"AT","ind_tipo":"IRU","des_condic":"Aguardando analise","municipio":"Tres Rios","dat_criaca":"25/11/2014"},"geometry":{"type":"Polygon","coordinates":[[[-43.1679,-22.1513],[-43.1715,-22.1524],[-43.169,-22.1504],[-43.1679,-22.1513]]]}},{"type":"Feature","properties":{"cod_imovel":"RJ-3306008-E1F32FDC40D7424E9AF2BA0477B5FF86","mod_fiscal":"3.3232000000000000000000000000000","num_area":"93.049600000000000000000000000000","ind_status":"AT","ind_tipo":"IRU","des_condic":"Aguardando analise","municipio":"Tres Rios","dat_criaca":"04/11/2014"},"geometry":{"type":"Polygon","coordinates":[[[-43.071,-22.1594],[-43.0653,-22.1647],[-43.0637,-22.1712],[-43.0667,-22.1715],[-43.0789,-22.1592],[-43.0708,-22.1585],[-43.071,-22.1594]]]}},{"type":"Feature","properties":{"cod_imovel":"RJ-3306008-FA5D2F8A449848E1925760034061E16F","mod_fiscal":"0.7379000000000000000000000000000","num_area":"20.661200000000000000000000000000","ind_status":"AT","ind_tipo":"IRU","des_condic":"Aguardando analise","municipio":"Tres Rios","dat_criaca":"01/07/2014"},"geometry":{"type":"Polygon","coordinates":[[[-43.0975,-22.1066],[-43.0898,-22.1095],[-43.0948,-22.1118],[-43.0982,-22.1071],[-43.0975,-22.1066]]]}},{"type":"Feature","properties":{"cod_imovel":"RJ-3306008-0F83B13EFDC9497E8CCA4E6375BE7A1D","mod_fiscal":"0.0951000000000000000000000000000","num_area":"2.6628000000000000000000000000000","ind_status":"PE","ind_tipo":"IRU","des_condic":"Analisado, aguardando atendimento a notificacao","municipio":"Tres Rios","dat_criaca":"15/09/2016"},"geometry":{"type":"Polygon","coordinates":[[[-43.1749,-22.0961],[-43.1755,-22.0981],[-43.1748,-22.0957],[-43.1749,-22.0961]]]}},{"type":"Feature","properties":{"cod_imovel":"RJ-3306008-A5DEE749B41548EDB208984ABFF26AA7","mod_fiscal":"0.2682000000000000000000000000000","num_area":"7.5092000000000000000000000000000","ind_status":"AT","ind_tipo":"IRU","des_condic":"Analisado, aguardando regularizacao ambiental (Lei n 12.651/2012)","municipio":"Tres Rios","dat_criaca":"11/08/2016"},"geometry":{"type":"Polygon","coordinates":[[[-43.2317,-22.1172],[-43.2289,-22.1192],[-43.2321,-22.1206],[-43.2319,-22.1185],[-43.2317,-22.1172]]]}},{"type":"Feature","properties":{"cod_imovel":"RJ-3306008-61F017CFC5444912810633D5476A889A","mod_fiscal":"23.169300000000000000000000000000","num_area":"269.22640000000000000000000000000","ind_status":"AT","ind_tipo":"IRU","des_condic":"Aguardando analise","municipio":"Tres Rios","dat_criaca":"14/01/2015"},"geometry":{"type":"Polygon","coordinates":[[[-43.0295,-22.1705],[-43.0334,-22.1688],[-43.0303,-22.1654],[-43.015,-22.1583],[-43.0117,-22.1636],[-43.0058,-22.1629],[-43.009,-22.1518],[-43.0013,-22.1511],[-42.9998,-22.1639],[-43.006,-22.1639],[-43.0102,-22.1691],[-43.0267,-22.1674],[-43.0277,-22.1703],[-43.0295,-22.1705]]]}},{"type":"Feature","properties":{"cod_imovel":"RJ-3306008-D546BACDC0E4492D8B9E803D61AE139C","mod_fiscal":"0.2199000000000000000000000000000","num_area":"6.1575000000000000000000000000000","ind_status":"AT","ind_tipo":"IRU","des_condic":"Aguardando analise","municipio":"Tres Rios","dat_criaca":"23/09/2019"},"geometry":{"type":"Polygon","coordinates":[[[-43.0334,-22.0799],[-43.0358,-22.0771],[-43.0327,-22.0804],[-43.0334,-22.0799]]]}},{"type":"Feature","properties":{"cod_imovel":"RJ-3306008-03932EEEEAA04C53829D5946F0E72C7A","mod_fiscal":"1.4970000000000000000000000000000","num_area":"41.916400000000000000000000000000","ind_status":"AT","ind_tipo":"IRU","des_condic":"Aguardando analise","municipio":"Tres Rios","dat_criaca":"22/01/2015"},"geometry":{"type":"Polygon","coordinates":[[[-43.0354,-22.1648],[-43.0405,-22.159],[-43.0288,-22.1569],[-43.0327,-22.1634],[-43.0354,-22.1648]]]}},{"type":"Feature","properties":{"cod_imovel":"RJ-3306008-6F94EA614FB844CEAF8619CB5C800EF7","mod_fiscal":"0.1899000000000000000000000000000","num_area":"5.3159000000000000000000000000000","ind_status":"AT","ind_tipo":"IRU","des_condic":"Aguardando analise","municipio":"Tres Rios","dat_criaca":"11/01/2024"},"geometry":{"type":"Polygon","coordinates":[[[-43.0491,-22.1884],[-43.053,-22.1886],[-43.0491,-22.1884],[-43.0491,-22.1884]]]}},{"type":"Feature","properties":{"cod_imovel":"RJ-3306008-788BDDB66BD74CF79EDED885F01DA6CB","mod_fiscal":"1.2070000000000000000000000000000","num_area":"33.794800000000000000000000000000","ind_status":"AT","ind_tipo":"IRU","des_condic":"Aguardando analise","municipio":"Tres Rios","dat_criaca":"16/02/2016"},"geometry":{"type":"Polygon","coordinates":[[[-43.0247,-22.0651],[-43.0204,-22.069],[-43.0309,-22.0708],[-43.025,-22.0656],[-43.0247,-22.0651]]]}},{"type":"Feature","properties":{"cod_imovel":"RJ-3306008-ADBA3F880C2A4F6EA41E3CB71454173E","mod_fiscal":"1.2417000000000000000000000000000","num_area":"34.768700000000000000000000000000","ind_status":"AT","ind_tipo":"IRU","des_condic":"Aguardando analise","municipio":"Tres Rios","dat_criaca":"10/08/2023"},"geometry":{"type":"Polygon","coordinates":[[[-43.2372,-22.107],[-43.2331,-22.1056],[-43.2313,-22.1148],[-43.2378,-22.1082],[-43.2372,-22.107]]]}},{"type":"Feature","properties":{"cod_imovel":"RJ-3306008-69EE4CE65A7D488D9279812542B405F9","mod_fiscal":"2.1553000000000000000000000000000","num_area":"60.349700000000000000000000000000","ind_status":"AT","ind_tipo":"IRU","des_condic":"Aguardando analise","municipio":"Tres Rios","dat_criaca":"03/03/2021"},"geometry":{"type":"Polygon","coordinates":[[[-43.0578,-22.1892],[-43.0471,-22.1904],[-43.0466,-22.1946],[-43.0543,-22.195],[-43.0574,-22.1899],[-43.0578,-22.1892]]]}},{"type":"Feature","properties":{"cod_imovel":"RJ-3306008-08B45B3D4EBD496E94611774B62E7AD2","mod_fiscal":"1.9526000000000000000000000000000","num_area":"54.671500000000000000000000000000","ind_status":"AT","ind_tipo":"IRU","des_condic":"Aguardando analise","municipio":"Tres Rios","dat_criaca":"27/04/2016"},"geometry":{"type":"Polygon","coordinates":[[[-43.1926,-22.0903],[-43.194,-22.0835],[-43.187,-22.0808],[-43.1831,-22.0843],[-43.1917,-22.0899],[-43.1926,-22.0903]]]}},{"type":"Feature","properties":{"cod_imovel":"RJ-3306008-859B4AABE6494B4983BAFA30BE64C80F","mod_fiscal":"18.156200000000000000000000000000","num_area":"508.37470000000000000000000000000","ind_status":"AT","ind_tipo":"IRU","des_condic":"Aguardando analise","municipio":"Tres Rios","dat_criaca":"05/05/2016"},"geometry":{"type":"Polygon","coordinates":[[[-43.1352,-22.1691],[-43.1373,-22.1657],[-43.134,-22.1657],[-43.1304,-22.1588],[-43.1299,-22.1633],[-43.1146,-22.1829],[-43.1209,-22.1904],[-43.1258,-22.1908],[-43.1415,-22.182],[-43.1394,-22.1711],[-43.1352,-22.1691]]]}},{"type":"Feature","properties":{"cod_imovel":"RJ-3306008-FF172399E9D0410DB02F06DA8793AB87","mod_fiscal":"1.8264000000000000000000000000000","num_area":"51.138400000000000000000000000000","ind_status":"AT","ind_tipo":"IRU","des_condic":"Aguardando analise","municipio":"Tres Rios","dat_criaca":"09/09/2020"},"geometry":{"type":"Polygon","coordinates":[[[-43.1778,-22.1472],[-43.1694,-22.1541],[-43.1725,-22.1579],[-43.18,-22.1495],[-43.1778,-22.1472]]]}},{"type":"Feature","properties":{"cod_imovel":"RJ-3306008-732EE4F26DB94459A3B621AF81646034","mod_fiscal":"0.4259000000000000000000000000000","num_area":"11.924800000000000000000000000000","ind_status":"AT","ind_tipo":"IRU","des_condic":"Aguardando analise","municipio":"Tres Rios","dat_criaca":"30/06/2020"},"geometry":{"type":"Polygon","coordinates":[[[-43.1782,-22.1303],[-43.1743,-22.1336],[-43.1806,-22.1321],[-43.1782,-22.1303]]]}},{"type":"Feature","properties":{"cod_imovel":"RJ-3306008-346E417D29104EEFA56E50D4FD139BD6","mod_fiscal":"1.4766000000000000000000000000000","num_area":"41.344800000000000000000000000000","ind_status":"AT","ind_tipo":"IRU","des_condic":"Aguardando analise","municipio":"Tres Rios","dat_criaca":"10/06/2020"},"geometry":{"type":"Polygon","coordinates":[[[-43.0664,-22.0985],[-43.0684,-22.1059],[-43.0742,-22.0964],[-43.0689,-22.0951],[-43.0663,-22.0984],[-43.0664,-22.0985]]]}},{"type":"Feature","properties":{"cod_imovel":"RJ-3306008-9B3C5ABF25D14CE9A51812E9DB827B41","mod_fiscal":"1.4367000000000000000000000000000","num_area":"40.227300000000000000000000000000","ind_status":"AT","ind_tipo":"IRU","des_condic":"Aguardando analise","municipio":"Tres Rios","dat_criaca":"26/09/2016"},"geometry":{"type":"Polygon","coordinates":[[[-43.0871,-22.1319],[-43.0955,-22.1362],[-43.0949,-22.1325],[-43.0881,-22.1291],[-43.0869,-22.1317],[-43.0871,-22.1319]]]}},{"type":"Feature","properties":{"cod_imovel":"RJ-3306008-78AE7F49D93C42068214288AA0AEAB8E","mod_fiscal":"9.8884000000000000000000000000000","num_area":"276.87560000000000000000000000000","ind_status":"AT","ind_tipo":"IRU","des_condic":"Aguardando analise","municipio":"Tres Rios","dat_criaca":"06/01/2015"},"geometry":{"type":"Polygon","coordinates":[[[-43.0159,-22.0991],[-43.0202,-22.1006],[-43.0175,-22.1072],[-43.0201,-22.1078],[-43.0282,-22.0988],[-43.0248,-22.0971],[-43.0288,-22.0902],[-43.0209,-22.085],[-43.0124,-22.0848],[-43.0131,-22.0892],[-43.0086,-22.0952],[-43.0157,-22.099],[-43.0159,-22.0991]]]}},{"type":"Feature","properties":{"cod_imovel":"RJ-3306008-32BCACB3358347F0B44840C056CBD2D5","mod_fiscal":"1.7700000000000000000000000000000","num_area":"49.560400000000000000000000000000","ind_status":"AT","ind_tipo":"IRU","des_condic":"Aguardando analise","municipio":"Tres Rios","dat_criaca":"10/01/2020"},"geometry":{"type":"Polygon","coordinates":[[[-43.0894,-22.1695],[-43.0873,-22.1672],[-43.0898,-22.164],[-43.087,-22.163],[-43.0815,-22.1736],[-43.0867,-22.1709],[-43.0894,-22.1695]]]}},{"type":"Feature","properties":{"cod_imovel":"RJ-3306008-800A207522C0455882A2643D723EAF0C","mod_fiscal":"0.4158000000000000000000000000000","num_area":"11.643700000000000000000000000000","ind_status":"AT","ind_tipo":"IRU","des_condic":"Aguardando analise","municipio":"Tres Rios","dat_criaca":"02/05/2017"},"geometry":{"type":"Polygon","coordinates":[[[-43.1943,-22.1023],[-43.1949,-22.0998],[-43.1908,-22.0983],[-43.1932,-22.1036],[-43.1912,-22.1004],[-43.1933,-22.1013],[-43.1943,-22.1023]]]}},{"type":"Feature","properties":{"cod_imovel":"RJ-3306008-C9B00F9C006F40B3857E23ECDFE493C4","mod_fiscal":"0.5440000000000000000000000000000","num_area":"15.232600000000000000000000000000","ind_status":"AT","ind_tipo":"IRU","des_condic":"Aguardando analise","municipio":"Tres Rios","dat_criaca":"08/04/2018"},"geometry":{"type":"Polygon","coordinates":[[[-43.1951,-22.0999],[-43.1967,-22.0957],[-43.193,-22.0986],[-43.1951,-22.0999]]]}},{"type":"Feature","properties":{"cod_imovel":"RJ-3306008-861878EBA94D442F976A53BEE36B83BC","mod_fiscal":"1.0281000000000000000000000000000","num_area":"28.787700000000000000000000000000","ind_status":"AT","ind_tipo":"IRU","des_condic":"Aguardando analise","municipio":"Tres Rios","dat_criaca":"21/03/2016"},"geometry":{"type":"Polygon","coordinates":[[[-43.1777,-22.1472],[-43.1756,-22.1447],[-43.1694,-22.1497],[-43.1719,-22.152],[-43.1777,-22.1472]]]}},{"type":"Feature","properties":{"cod_imovel":"RJ-3306008-73F838AC4B7A48A8BDD85801194978AF","mod_fiscal":"0.1278000000000000000000000000000","num_area":"3.5781000000000000000000000000000","ind_status":"AT","ind_tipo":"IRU","des_condic":"Aguardando analise","municipio":"Tres Rios","dat_criaca":"22/05/2019"},"geometry":{"type":"Polygon","coordinates":[[[-43.2032,-22.1396],[-43.2025,-22.143],[-43.2035,-22.1397],[-43.2032,-22.1396]]]}},{"type":"Feature","properties":{"cod_imovel":"RJ-3306008-864049E0A2D34D89B66821C35DA085AF","mod_fiscal":"0.4995000000000000000000000000000","num_area":"13.986800000000000000000000000000","ind_status":"AT","ind_tipo":"IRU","des_condic":"Aguardando analise","municipio":"Tres Rios","dat_criaca":"23/04/2019"},"geometry":{"type":"Polygon","coordinates":[[[-43.0951,-22.1338],[-43.0946,-22.1294],[-43.0907,-22.1307],[-43.095,-22.1328],[-43.0951,-22.1338]]]}},{"type":"Feature","properties":{"cod_imovel":"RJ-3306008-54F60CBDE771420F820E7C8357761E22","mod_fiscal":"0.1717000000000000000000000000000","num_area":"4.8069000000000000000000000000000","ind_status":"AT","ind_tipo":"IRU","des_condic":"Aguardando analise","municipio":"Tres Rios","dat_criaca":"08/08/2024"},"geometry":{"type":"Polygon","coordinates":[[[-43.2102,-22.1243],[-43.2147,-22.1257],[-43.2104,-22.124],[-43.2102,-22.1243]]]}},{"type":"Feature","properties":{"cod_imovel":"RJ-3306008-69F0260E43DE4E19B6853DC18BB70BCE","mod_fiscal":"0.8470000000000000000000000000000","num_area":"23.715000000000000000000000000000","ind_status":"AT","ind_tipo":"IRU","des_condic":"Aguardando analise","municipio":"Tres Rios","dat_criaca":"01/02/2017"},"geometry":{"type":"Polygon","coordinates":[[[-43.0108,-22.1422],[-43.0078,-22.1442],[-43.0163,-22.1433],[-43.0109,-22.1421],[-43.0108,-22.1422]]]}},{"type":"Feature","properties":{"cod_imovel":"RJ-3306008-E08A5A47C94046E6AD6AD4BF3AB936E8","mod_fiscal":"0.7670000000000000000000000000000","num_area":"21.475600000000000000000000000000","ind_status":"AT","ind_tipo":"IRU","des_condic":"Aguardando analise","municipio":"Tres Rios","dat_criaca":"24/02/2018"},"geometry":{"type":"Polygon","coordinates":[[[-43.2476,-22.1247],[-43.2491,-22.1282],[-43.2531,-22.1247],[-43.2491,-22.122],[-43.247,-22.124],[-43.2476,-22.1247]]]}},{"type":"Feature","properties":{"cod_imovel":"RJ-3306008-6EA218F6DBD34ECD8E3727BE01F08716","mod_fiscal":"0.2094000000000000000000000000000","num_area":"5.8638000000000000000000000000000","ind_status":"AT","ind_tipo":"IRU","des_condic":"Aguardando analise","municipio":"Tres Rios","dat_criaca":"01/09/2016"},"geometry":{"type":"Polygon","coordinates":[[[-43.175,-22.0892],[-43.1711,-22.0914],[-43.1751,-22.0906],[-43.175,-22.0892]]]}},{"type":"Feature","properties":{"cod_imovel":"RJ-3306008-7DA4ED74E0FD4AE7A91B4BC882609EA7","mod_fiscal":"1.5542000000000000000000000000000","num_area":"43.516700000000000000000000000000","ind_status":"AT","ind_tipo":"IRU","des_condic":"Aguardando analise","municipio":"Tres Rios","dat_criaca":"03/06/2016"},"geometry":{"type":"Polygon","coordinates":[[[-43.2098,-22.1019],[-43.1981,-22.0963],[-43.2016,-22.1004],[-43.2004,-22.1033],[-43.2065,-22.1028],[-43.2076,-22.1058],[-43.2099,-22.1022],[-43.2098,-22.1019]]]}},{"type":"Feature","properties":{"cod_imovel":"RJ-3306008-0FB6FF9363254571AE4E7B0A652A9F8D","mod_fiscal":"0.1888000000000000000000000000000","num_area":"5.2866000000000000000000000000000","ind_status":"AT","ind_tipo":"IRU","des_condic":"Aguardando analise","municipio":"Tres Rios","dat_criaca":"05/05/2016"},"geometry":{"type":"Polygon","coordinates":[[[-43.2235,-22.1048],[-43.2266,-22.1058],[-43.2245,-22.1033],[-43.2235,-22.1048]]]}},{"type":"Feature","properties":{"cod_imovel":"RJ-3306008-4629B1E9782249838C68910A8ABCD397","mod_fiscal":"1.5557000000000000000000000000000","num_area":"43.560100000000000000000000000000","ind_status":"AT","ind_tipo":"IRU","des_condic":"Aguardando analise","municipio":"Tres Rios","dat_criaca":"27/11/2015"},"geometry":{"type":"Polygon","coordinates":[[[-43.2402,-22.1096],[-43.2408,-22.1174],[-43.2442,-22.1177],[-43.2458,-22.1088],[-43.2404,-22.1094],[-43.2402,-22.1096]]]}},{"type":"Feature","properties":{"cod_imovel":"RJ-3306008-B7A61E290667481F85C0055E2580BFBA","mod_fiscal":"0.7639000000000000000000000000000","num_area":"21.389800000000000000000000000000","ind_status":"AT","ind_tipo":"IRU","des_condic":"Aguardando analise","municipio":"Tres Rios","dat_criaca":"26/08/2015"},"geometry":{"type":"Polygon","coordinates":[[[-43.2307,-22.1144],[-43.2328,-22.1077],[-43.2274,-22.1106],[-43.2305,-22.1142],[-43.2307,-22.1144]]]}},{"type":"Feature","properties":{"cod_imovel":"RJ-3306008-EB4D80F9994F4DB3AC8EE14736C55225","mod_fiscal":"0.3490000000000000000000000000000","num_area":"9.7716000000000000000000000000000","ind_status":"AT","ind_tipo":"IRU","des_condic":"Aguardando analise","municipio":"Tres Rios","dat_criaca":"18/08/2015"},"geometry":{"type":"Polygon","coordinates":[[[-43.2094,-22.0811],[-43.2118,-22.0752],[-43.2099,-22.0766],[-43.2094,-22.0811]]]}},{"type":"Feature","properties":{"cod_imovel":"RJ-3306008-DFF4423841ED4D5DAFCB2908EE9715B4","mod_fiscal":"2.3935000000000000000000000000000","num_area":"67.018000000000000000000000000000","ind_status":"AT","ind_tipo":"IRU","des_condic":"Aguardando analise","municipio":"Tres Rios","dat_criaca":"15/06/2015"},"geometry":{"type":"Polygon","coordinates":[[[-43.1793,-22.1027],[-43.182,-22.0904],[-43.1777,-22.0909],[-43.1749,-22.0999],[-43.1793,-22.1027],[-43.1793,-22.1027]]]}},{"type":"Feature","properties":{"cod_imovel":"RJ-3306008-E2236938D1D34076BEFC1BFE6D47DB00","mod_fiscal":"2.6997000000000000000000000000000","num_area":"75.591600000000000000000000000000","ind_status":"AT","ind_tipo":"IRU","des_condic":"Aguardando analise","municipio":"Tres Rios","dat_criaca":"10/04/2015"},"geometry":{"type":"Polygon","coordinates":[[[-43.2261,-22.1077],[-43.2325,-22.1074],[-43.2328,-22.0983],[-43.2293,-22.0984],[-43.2268,-22.103],[-43.2223,-22.0998],[-43.2219,-22.1037],[-43.227,-22.1047],[-43.2263,-22.107],[-43.2261,-22.1077]]]}},{"type":"Feature","properties":{"cod_imovel":"RJ-3306008-34280D58DD3D4A5A9BA68B67EF9C3658","mod_fiscal":"0.6366000000000000000000000000000","num_area":"17.824100000000000000000000000000","ind_status":"AT","ind_tipo":"IRU","des_condic":"Aguardando analise","municipio":"Tres Rios","dat_criaca":"20/04/2016"},"geometry":{"type":"Polygon","coordinates":[[[-43.2022,-22.0929],[-43.2052,-22.0863],[-43.2018,-22.0869],[-43.2017,-22.0928],[-43.2022,-22.0929]]]}},{"type":"Feature","properties":{"cod_imovel":"RJ-3306008-F5B2253390EA467C8DBED39D4C18235C","mod_fiscal":"2.1350000000000000000000000000000","num_area":"59.780700000000000000000000000000","ind_status":"AT","ind_tipo":"IRU","des_condic":"Aguardando analise","municipio":"Tres Rios","dat_criaca":"17/06/2014"},"geometry":{"type":"Polygon","coordinates":[[[-43.0865,-22.1028],[-43.086,-22.1066],[-43.0898,-22.1095],[-43.0975,-22.1066],[-43.0886,-22.1026],[-43.0865,-22.1028]]]}},{"type":"Feature","properties":{"cod_imovel":"RJ-3306008-8287CE5570244C0F838D6FFF37DB61E9","mod_fiscal":"2.4354000000000000000000000000000","num_area":"68.190100000000000000000000000000","ind_status":"AT","ind_tipo":"IRU","des_condic":"Aguardando analise","municipio":"Tres Rios","dat_criaca":"19/06/2019"},"geometry":{"type":"Polygon","coordinates":[[[-43.1913,-22.0899],[-43.188,-22.0935],[-43.1967,-22.0985],[-43.1998,-22.0919],[-43.1914,-22.09],[-43.1913,-22.0899]]]}},{"type":"Feature","properties":{"cod_imovel":"RJ-3306008-9212E1C6707F4FDBBE430AD05B4E6DAF","mod_fiscal":"2.5421000000000000000000000000000","num_area":"71.177700000000000000000000000000","ind_status":"AT","ind_tipo":"IRU","des_condic":"Aguardando analise","municipio":"Tres Rios","dat_criaca":"16/05/2023"},"geometry":{"type":"Polygon","coordinates":[[[-43.226,-22.1291],[-43.2226,-22.1346],[-43.2307,-22.1392],[-43.2343,-22.1344],[-43.2283,-22.1307],[-43.226,-22.1291]]]}},{"type":"Feature","properties":{"cod_imovel":"RJ-3306008-48FB3BF73C4D4104B2D7E7C1F76B27B4","mod_fiscal":"1.5781000000000000000000000000000","num_area":"44.186700000000000000000000000000","ind_status":"AT","ind_tipo":"IRU","des_condic":"Aguardando analise","municipio":"Tres Rios","dat_criaca":"18/04/2022"},"geometry":{"type":"Polygon","coordinates":[[[-43.077,-22.1131],[-43.0769,-22.1059],[-43.0674,-22.1057],[-43.0768,-22.1129],[-43.077,-22.1131]]]}},{"type":"Feature","properties":{"cod_imovel":"RJ-3306008-420A2EE157F943868D0A43F5B467F37F","mod_fiscal":"23.283200000000000000000000000000","num_area":"651.93070000000000000000000000000","ind_status":"AT","ind_tipo":"IRU","des_condic":"Aguardando analise","municipio":"Tres Rios","dat_criaca":"30/09/2022"},"geometry":{"type":"Polygon","coordinates":[[[-43.1987,-22.1648],[-43.205,-22.1812],[-43.2117,-22.1803],[-43.2179,-22.1725],[-43.2203,-22.1749],[-43.2262,-22.1704],[-43.221,-22.1637],[-43.2143,-22.1609],[-43.2184,-22.1543],[-43.197,-22.1467],[-43.1984,-22.1647],[-43.1987,-22.1648]]]}},{"type":"Feature","properties":{"cod_imovel":"RJ-3306008-0BD3A5461385446797F9CC13F8E4F0EF","mod_fiscal":"24.974600000000000000000000000000","num_area":"699.28870000000000000000000000000","ind_status":"AT","ind_tipo":"IRU","des_condic":"Aguardando analise","municipio":"Tres Rios","dat_criaca":"30/09/2022"},"geometry":{"type":"Polygon","coordinates":[[[-43.1875,-22.1727],[-43.1878,-22.1755],[-43.1823,-22.1742],[-43.1849,-22.1841],[-43.1933,-22.1866],[-43.2061,-22.1963],[-43.197,-22.2101],[-43.2058,-22.214],[-43.208,-22.2244],[-43.2113,-22.2079],[-43.22,-22.1999],[-43.221,-22.1953],[-43.214,-22.1913],[-43.2176,-22.1891],[-43.2162,-22.1874],[-43.1957,-22.1788],[-43.1875,-22.1727]]]}},{"type":"Feature","properties":{"cod_imovel":"RJ-3306008-48EC03E21B8745B9B37CEF3BF83855AE","mod_fiscal":"8.2029000000000000000000000000000","num_area":"229.68080000000000000000000000000","ind_status":"AT","ind_tipo":"IRU","des_condic":"Aguardando analise","municipio":"Tres Rios","dat_criaca":"24/06/2022"},"geometry":{"type":"Polygon","coordinates":[[[-43.0927,-22.1366],[-43.0899,-22.1343],[-43.0854,-22.1427],[-43.0795,-22.1387],[-43.0729,-22.1481],[-43.0822,-22.1543],[-43.0946,-22.1413],[-43.0929,-22.1367],[-43.0927,-22.1366]]]}},{"type":"Feature","properties":{"cod_imovel":"RJ-3306008-E90F6715E616455FB3EA841AC352D8E0","mod_fiscal":"14.150400000000000000000000000000","num_area":"396.21180000000000000000000000000","ind_status":"AT","ind_tipo":"IRU","des_condic":"Aguardando analise","municipio":"Tres Rios","dat_criaca":"19/11/2021"},"geometry":{"type":"Polygon","coordinates":[[[-43.1923,-22.1314],[-43.1873,-22.1367],[-43.1811,-22.1321],[-43.1732,-22.1421],[-43.1875,-22.1571],[-43.197,-22.1467],[-43.1943,-22.1436],[-43.1966,-22.1332],[-43.1931,-22.1316],[-43.1923,-22.1314]]]}},{"type":"Feature","properties":{"cod_imovel":"RJ-3306008-9E5C0A3DA7014EE4A8E3848D159D246A","mod_fiscal":"2.5980000000000000000000000000000","num_area":"72.744400000000000000000000000000","ind_status":"AT","ind_tipo":"IRU","des_condic":"Aguardando analise","municipio":"Tres Rios","dat_criaca":"05/06/2022"},"geometry":{"type":"Polygon","coordinates":[[[-43.2345,-22.0701],[-43.2306,-22.0705],[-43.2236,-22.0823],[-43.2293,-22.0843],[-43.2345,-22.0701]]]}},{"type":"Feature","properties":{"cod_imovel":"RJ-3306008-C4018990D5384CDE8DCC7CDD9311EED2","mod_fiscal":"4.4280000000000000000000000000000","num_area":"123.98260000000000000000000000000","ind_status":"AT","ind_tipo":"IRU","des_condic":"Aguardando analise","municipio":"Tres Rios","dat_criaca":"22/10/2024"},"geometry":{"type":"Polygon","coordinates":[[[-43.2133,-22.0756],[-43.2139,-22.0793],[-43.221,-22.0764],[-43.2236,-22.0822],[-43.2306,-22.0702],[-43.2219,-22.0718],[-43.2155,-22.0694],[-43.2138,-22.0743],[-43.2133,-22.0756]]]}},{"type":"Feature","properties":{"cod_imovel":"RJ-3306008-216DAC7AB1224B2E88006B3DC94302A8","mod_fiscal":"3.0254000000000000000000000000000","num_area":"84.710500000000000000000000000000","ind_status":"AT","ind_tipo":"IRU","des_condic":"Aguardando analise","municipio":"Tres Rios","dat_criaca":"06/10/2024"},"geometry":{"type":"Polygon","coordinates":[[[-43.0666,-22.0985],[-43.0677,-22.1056],[-43.0766,-22.106],[-43.0716,-22.095],[-43.0662,-22.0976],[-43.0666,-22.0985]]]}},{"type":"Feature","properties":{"cod_imovel":"RJ-3306008-544C753E026C4DBCBB219616C44FF662","mod_fiscal":"0.9098000000000000000000000000000","num_area":"25.473500000000000000000000000000","ind_status":"AT","ind_tipo":"IRU","des_condic":"Aguardando analise","municipio":"Tres Rios","dat_criaca":"26/02/2016"},"geometry":{"type":"Polygon","coordinates":[[[-43.2023,-22.0929],[-43.1981,-22.0964],[-43.2022,-22.0991],[-43.2046,-22.0948],[-43.2027,-22.0931],[-43.2023,-22.0929]]]}},{"type":"Feature","properties":{"cod_imovel":"RJ-3300225-81B69DFE420D4BC9B031444B8532CA63","mod_fiscal":"0.1271000000000000000000000000000","num_area":"3.5582000000000000000000000000000","ind_status":"AT","ind_tipo":"IRU","des_condic":"Aguardando analise","municipio":"Tres Rios","dat_criaca":"01/10/2023"},"geometry":{"type":"Polygon","coordinates":[[[-43.0465,-22.2001],[-43.0461,-22.2026],[-43.0471,-22.2005],[-43.0465,-22.2001]]]}},{"type":"Feature","properties":{"cod_imovel":"RJ-3306008-B5A2530266114E129CFD787CC2B029C0","mod_fiscal":"5.1285000000000000000000000000000","num_area":"143.59680000000000000000000000000","ind_status":"AT","ind_tipo":"IRU","des_condic":"Aguardando analise","municipio":"Tres Rios","dat_criaca":"24/03/2018"},"geometry":{"type":"Polygon","coordinates":[[[-43.0152,-22.1234],[-43.0247,-22.1239],[-43.0288,-22.1164],[-43.016,-22.1123],[-43.0097,-22.1193],[-43.0151,-22.1234],[-43.0152,-22.1234]]]}},{"type":"Feature","properties":{"cod_imovel":"RJ-3306008-E3CED79B0EE141CFA805585E9A257442","mod_fiscal":"0.9118000000000000000000000000000","num_area":"25.531200000000000000000000000000","ind_status":"AT","ind_tipo":"IRU","des_condic":"Aguardando analise","municipio":"Tres Rios","dat_criaca":"06/03/2024"},"geometry":{"type":"Polygon","coordinates":[[[-43.1025,-22.1034],[-43.1041,-22.1015],[-43.1011,-22.0997],[-43.0964,-22.1031],[-43.1007,-22.1057],[-43.1025,-22.1034]]]}},{"type":"Feature","properties":{"cod_imovel":"RJ-3306008-1AFD2567E1314C1EB150DFECBD418C14","mod_fiscal":"1.2456000000000000000000000000000","num_area":"34.876000000000000000000000000000","ind_status":"AT","ind_tipo":"IRU","des_condic":"Aguardando analise","municipio":"Tres Rios","dat_criaca":"22/11/2023"},"geometry":{"type":"Polygon","coordinates":[[[-43.0564,-22.1135],[-43.0536,-22.1173],[-43.0576,-22.1199],[-43.0604,-22.1149],[-43.0576,-22.1136],[-43.0564,-22.1135]]]}},{"type":"Feature","properties":{"cod_imovel":"RJ-3306008-4C02B0F134AC4480911FFE5A9296BE24","mod_fiscal":"1.9645000000000000000000000000000","num_area":"55.006100000000000000000000000000","ind_status":"AT","ind_tipo":"IRU","des_condic":"Aguardando analise","municipio":"Tres Rios","dat_criaca":"13/10/2023"},"geometry":{"type":"Polygon","coordinates":[[[-43.0914,-22.1252],[-43.0924,-22.1188],[-43.0851,-22.1163],[-43.0822,-22.1191],[-43.0887,-22.1235],[-43.0914,-22.1252]]]}},{"type":"Feature","properties":{"cod_imovel":"RJ-3306008-34C0B54B0ABC46FD80FBB36492D8D22D","mod_fiscal":"0.8541000000000000000000000000000","num_area":"23.913500000000000000000000000000","ind_status":"AT","ind_tipo":"IRU","des_condic":"Aguardando analise","municipio":"Tres Rios","dat_criaca":"19/03/2020"},"geometry":{"type":"Polygon","coordinates":[[[-43.1747,-22.0957],[-43.1783,-22.0944],[-43.1777,-22.0909],[-43.1718,-22.0917],[-43.1725,-22.0954],[-43.1747,-22.0957]]]}},{"type":"Feature","properties":{"cod_imovel":"RJ-3306008-221C3D9B691C47E491873FE4CD48F559","mod_fiscal":"0.3887000000000000000000000000000","num_area":"10.882200000000000000000000000000","ind_status":"AT","ind_tipo":"IRU","des_condic":"Aguardando analise","municipio":"Tres Rios","dat_criaca":"19/12/2019"},"geometry":{"type":"Polygon","coordinates":[[[-43.1967,-22.1928],[-43.1931,-22.1955],[-43.195,-22.1971],[-43.1981,-22.194],[-43.1967,-22.1928]]]}},{"type":"Feature","properties":{"cod_imovel":"RJ-3306008-DA14B9EC88AC440984A5BED34F9C99AF","mod_fiscal":"1.9196000000000000000000000000000","num_area":"53.748100000000000000000000000000","ind_status":"AT","ind_tipo":"IRU","des_condic":"Aguardando analise","municipio":"Tres Rios","dat_criaca":"23/04/2019"},"geometry":{"type":"Polygon","coordinates":[[[-43.1061,-22.1901],[-43.1128,-22.1811],[-43.11,-22.1793],[-43.1029,-22.1874],[-43.1061,-22.1901]]]}},{"type":"Feature","properties":{"cod_imovel":"RJ-3306008-75A397EACFA04A949FBB10024CC177F5","mod_fiscal":"0.6663000000000000000000000000000","num_area":"18.657600000000000000000000000000","ind_status":"AT","ind_tipo":"IRU","des_condic":"Aguardando analise","municipio":"Tres Rios","dat_criaca":"06/09/2017"},"geometry":{"type":"Polygon","coordinates":[[[-43.1567,-22.1183],[-43.1517,-22.1145],[-43.1521,-22.1112],[-43.1502,-22.1169],[-43.1567,-22.1192],[-43.1567,-22.1183]]]}},{"type":"Feature","properties":{"cod_imovel":"RJ-3306008-AFC0BE1F1A9A470E8E6250307E053109","mod_fiscal":"0.3462000000000000000000000000000","num_area":"9.6922000000000000000000000000000","ind_status":"AT","ind_tipo":"IRU","des_condic":"Aguardando analise","municipio":"Tres Rios","dat_criaca":"22/03/2016"},"geometry":{"type":"Polygon","coordinates":[[[-43.1042,-22.1909],[-43.1094,-22.1912],[-43.1031,-22.19],[-43.1042,-22.1909]]]}},{"type":"Feature","properties":{"cod_imovel":"RJ-3306008-3C70F9937820457180A1A63C6617080A","mod_fiscal":"0.5453000000000000000000000000000","num_area":"15.267700000000000000000000000000","ind_status":"AT","ind_tipo":"IRU","des_condic":"Aguardando analise","municipio":"Tres Rios","dat_criaca":"18/05/2015"},"geometry":{"type":"Polygon","coordinates":[[[-43.2551,-22.119],[-43.2517,-22.1221],[-43.2537,-22.1239],[-43.258,-22.1201],[-43.2555,-22.1192],[-43.2551,-22.119]]]}},{"type":"Feature","properties":{"cod_imovel":"RJ-3306008-31272EE877C445A6AA172286E762C28C","mod_fiscal":"0.2249000000000000000000000000000","num_area":"6.2985000000000000000000000000000","ind_status":"AT","ind_tipo":"IRU","des_condic":"Aguardando analise","municipio":"Tres Rios","dat_criaca":"11/05/2023"},"geometry":{"type":"Polygon","coordinates":[[[-43.2272,-22.1104],[-43.2312,-22.1077],[-43.2268,-22.1099],[-43.2272,-22.1104]]]}},{"type":"Feature","properties":{"cod_imovel":"RJ-3306008-60C95281C9044565A5C1201B01737FFB","mod_fiscal":"1.7547000000000000000000000000000","num_area":"49.130800000000000000000000000000","ind_status":"AT","ind_tipo":"IRU","des_condic":"Aguardando analise","municipio":"Tres Rios","dat_criaca":"20/08/2015"},"geometry":{"type":"Polygon","coordinates":[[[-43.0862,-22.1071],[-43.0797,-22.1069],[-43.0906,-22.1162],[-43.0881,-22.1086],[-43.0862,-22.1071]]]}},{"type":"Feature","properties":{"cod_imovel":"RJ-3306008-9EF9D4EB233E411CB3CF20BCBE9DE935","mod_fiscal":"0.7345000000000000000000000000000","num_area":"20.567000000000000000000000000000","ind_status":"AT","ind_tipo":"IRU","des_condic":"Aguardando analise","municipio":"Tres Rios","dat_criaca":"04/08/2022"},"geometry":{"type":"Polygon","coordinates":[[[-43.0297,-22.0727],[-43.034,-22.0755],[-43.0345,-22.0713],[-43.0309,-22.0708],[-43.0297,-22.0727]]]}},{"type":"Feature","properties":{"cod_imovel":"RJ-3306008-C995A057A5614438ABF2830F3C15672A","mod_fiscal":"4.2850000000000000000000000000000","num_area":"119.98120000000000000000000000000","ind_status":"AT","ind_tipo":"IRU","des_condic":"Aguardando analise","municipio":"Tres Rios","dat_criaca":"13/06/2022"},"geometry":{"type":"Polygon","coordinates":[[[-43.0086,-22.0948],[-43.0061,-22.1006],[-43.008,-22.1064],[-43.0186,-22.106],[-43.0198,-22.1005],[-43.0085,-22.095],[-43.0086,-22.0948]]]}},{"type":"Feature","properties":{"cod_imovel":"RJ-3306008-6C1ABCAFC27A4489B46471856E797C03","mod_fiscal":"0.3468000000000000000000000000000","num_area":"9.7100000000000000000000000000000","ind_status":"AT","ind_tipo":"IRU","des_condic":"Aguardando analise","municipio":"Tres Rios","dat_criaca":"09/09/2021"},"geometry":{"type":"Polygon","coordinates":[[[-43.1872,-22.0948],[-43.1829,-22.0962],[-43.1883,-22.0965],[-43.1874,-22.0947],[-43.1872,-22.0948]]]}},{"type":"Feature","properties":{"cod_imovel":"RJ-3303708-9C33DEEC884541778650AFD8E846B7B7","mod_fiscal":"1.4054000000000000000000000000000","num_area":"39.351600000000000000000000000000","ind_status":"AT","ind_tipo":"IRU","des_condic":"Aguardando analise","municipio":"Tres Rios","dat_criaca":"12/05/2015"},"geometry":{"type":"Polygon","coordinates":[[[-43.1701,-22.1902],[-43.1676,-22.1884],[-43.1652,-22.1916],[-43.1737,-22.1959],[-43.1757,-22.1939],[-43.1701,-22.1902]]]}},{"type":"Feature","properties":{"cod_imovel":"RJ-3306008-48D79EA6A53941D2AC585806FC524676","mod_fiscal":"1.1927000000000000000000000000000","num_area":"33.395000000000000000000000000000","ind_status":"AT","ind_tipo":"IRU","des_condic":"Aguardando analise","municipio":"Tres Rios","dat_criaca":"26/09/2024"},"geometry":{"type":"Polygon","coordinates":[[[-43.0485,-22.12],[-43.047,-22.1216],[-43.051,-22.1246],[-43.0547,-22.1215],[-43.0512,-22.1171],[-43.0512,-22.1203],[-43.0486,-22.1199],[-43.0485,-22.12]]]}},{"type":"Feature","properties":{"cod_imovel":"RJ-3306008-6DD5E8A8D26D4B2289AF515469C09D9B","mod_fiscal":"0.2374000000000000000000000000000","num_area":"6.6463000000000000000000000000000","ind_status":"AT","ind_tipo":"IRU","des_condic":"Aguardando analise","municipio":"Tres Rios","dat_criaca":"24/09/2024"},"geometry":{"type":"Polygon","coordinates":[[[-43.0618,-22.0931],[-43.0612,-22.0903],[-43.0616,-22.0934],[-43.0618,-22.0931]]]}},{"type":"Feature","properties":{"cod_imovel":"RJ-3306008-A05CE7CF00EA4B81B23532A62C97C8B1","mod_fiscal":"2.3041000000000000000000000000000","num_area":"64.515000000000000000000000000000","ind_status":"AT","ind_tipo":"IRU","des_condic":"Aguardando analise","municipio":"Tres Rios","dat_criaca":"23/01/2015"},"geometry":{"type":"Polygon","coordinates":[[[-43.0327,-22.1634],[-43.0288,-22.1569],[-43.0224,-22.1613],[-43.034,-22.1666],[-43.0354,-22.1648],[-43.0327,-22.1634]]]}},{"type":"Feature","properties":{"cod_imovel":"RJ-3306008-2ACFD8DCF29946BC8B17EAD69C3D6302","mod_fiscal":"17.791600000000000000000000000000","num_area":"498.16570000000000000000000000000","ind_status":"AT","ind_tipo":"IRU","des_condic":"Em analise","municipio":"Tres Rios","dat_criaca":"23/06/2014"},"geometry":{"type":"Polygon","coordinates":[[[-43.0295,-22.0891],[-43.0248,-22.0971],[-43.0282,-22.0989],[-43.0161,-22.1123],[-43.0222,-22.116],[-43.0288,-22.1163],[-43.0393,-22.1046],[-43.0447,-22.1073],[-43.0509,-22.0976],[-43.0322,-22.0897],[-43.0295,-22.0891]]]}},{"type":"Feature","properties":{"cod_imovel":"RJ-3306008-0FBF2833C8124FE8A6CA4CB5E028DCC7","mod_fiscal":"0.5155000000000000000000000000000","num_area":"14.433300000000000000000000000000","ind_status":"AT","ind_tipo":"IRU","des_condic":"Aguardando analise","municipio":"Tres Rios","dat_criaca":"15/10/2021"},"geometry":{"type":"Polygon","coordinates":[[[-43.0917,-22.1697],[-43.0839,-22.1722],[-43.0914,-22.1704],[-43.0917,-22.1697]]]}},{"type":"Feature","properties":{"cod_imovel":"RJ-3306008-672DA42FEEBE47EE9C636A9AD760D4AF","mod_fiscal":"0.4932000000000000000000000000000","num_area":"13.809100000000000000000000000000","ind_status":"AT","ind_tipo":"IRU","des_condic":"Aguardando analise","municipio":"Tres Rios","dat_criaca":"29/11/2022"},"geometry":{"type":"Polygon","coordinates":[[[-43.0298,-22.0726],[-43.0278,-22.0751],[-43.0332,-22.0774],[-43.0342,-22.075],[-43.0305,-22.0733],[-43.0298,-22.0726]]]}},{"type":"Feature","properties":{"cod_imovel":"RJ-3306008-0D11297967604278912FBAF7AA84893C","mod_fiscal":"3.3302000000000000000000000000000","num_area":"93.245600000000000000000000000000","ind_status":"AT","ind_tipo":"IRU","des_condic":"Aguardando analise","municipio":"Tres Rios","dat_criaca":"14/12/2022"},"geometry":{"type":"Polygon","coordinates":[[[-43.2032,-22.0936],[-43.205,-22.0871],[-43.194,-22.0836],[-43.1932,-22.091],[-43.203,-22.0934],[-43.2032,-22.0936]]]}},{"type":"Feature","properties":{"cod_imovel":"RJ-3306008-2324A5D189A943988F224C7DC3EFA265","mod_fiscal":"1.8328000000000000000000000000000","num_area":"51.318300000000000000000000000000","ind_status":"AT","ind_tipo":"IRU","des_condic":"Aguardando analise","municipio":"Tres Rios","dat_criaca":"02/07/2021"},"geometry":{"type":"Polygon","coordinates":[[[-43.0523,-22.1032],[-43.0602,-22.1012],[-43.0534,-22.0938],[-43.0525,-22.1007],[-43.0523,-22.1032]]]}},{"type":"Feature","properties":{"cod_imovel":"RJ-3306008-994669A896614DC28D52559D5053AEED","mod_fiscal":"0.1744000000000000000000000000000","num_area":"4.8843000000000000000000000000000","ind_status":"AT","ind_tipo":"IRU","des_condic":"Aguardando analise","municipio":"Tres Rios","dat_criaca":"02/03/2022"},"geometry":{"type":"Polygon","coordinates":[[[-43.1713,-22.1312],[-43.1739,-22.133],[-43.1733,-22.1308],[-43.1713,-22.1312]]]}},{"type":"Feature","properties":{"cod_imovel":"RJ-3306008-0F6CBF9FDDD04F0084D3795C9D3C0409","mod_fiscal":"0.9632000000000000000000000000000","num_area":"26.969800000000000000000000000000","ind_status":"AT","ind_tipo":"IRU","des_condic":"Aguardando analise","municipio":"Tres Rios","dat_criaca":"02/03/2022"},"geometry":{"type":"Polygon","coordinates":[[[-43.1714,-22.1269],[-43.1671,-22.1292],[-43.1714,-22.1325],[-43.1716,-22.1271],[-43.1714,-22.1269]]]}},{"type":"Feature","properties":{"cod_imovel":"RJ-3306008-E553059083624DB48F183795C309BC83","mod_fiscal":"0.2221000000000000000000000000000","num_area":"6.2200000000000000000000000000000","ind_status":"AT","ind_tipo":"IRU","des_condic":"Aguardando analise","municipio":"Tres Rios","dat_criaca":"27/12/2022"},"geometry":{"type":"Polygon","coordinates":[[[-43.167,-22.099],[-43.1696,-22.0981],[-43.1661,-22.0981],[-43.167,-22.099]]]}},{"type":"Feature","properties":{"cod_imovel":"RJ-3306008-C80964D3430D4EEDBF704FE6BFA62F86","mod_fiscal":"0.8745000000000000000000000000000","num_area":"24.485500000000000000000000000000","ind_status":"AT","ind_tipo":"IRU","des_condic":"Aguardando analise","municipio":"Tres Rios","dat_criaca":"29/05/2022"},"geometry":{"type":"Polygon","coordinates":[[[-43.1869,-22.0868],[-43.1848,-22.0855],[-43.1834,-22.0885],[-43.1903,-22.0914],[-43.1869,-22.087],[-43.1869,-22.0868]]]}},{"type":"Feature","properties":{"cod_imovel":"RJ-3306008-CC5E8F23041147678892B2F1F70162AB","mod_fiscal":"1.0396000000000000000000000000000","num_area":"29.107700000000000000000000000000","ind_status":"AT","ind_tipo":"IRU","des_condic":"Aguardando analise","municipio":"Tres Rios","dat_criaca":"05/05/2016"},"geometry":{"type":"Polygon","coordinates":[[[-43.0909,-22.0939],[-43.0935,-22.0877],[-43.0876,-22.0893],[-43.0909,-22.0939],[-43.0909,-22.0939]]]}},{"type":"Feature","properties":{"cod_imovel":"RJ-3306008-6B7BCF6F7CCD4A07950A6C4146A87109","mod_fiscal":"0.5381000000000000000000000000000","num_area":"15.067600000000000000000000000000","ind_status":"AT","ind_tipo":"IRU","des_condic":"Aguardando analise","municipio":"Tres Rios","dat_criaca":"11/10/2023"},"geometry":{"type":"Polygon","coordinates":[[[-43.0957,-22.131],[-43.1001,-22.1297],[-43.0974,-22.1275],[-43.0953,-22.1305],[-43.0957,-22.131]]]}},{"type":"Feature","properties":{"cod_imovel":"RJ-3306008-73968745D3B2490886972D7765216C2E","mod_fiscal":"32.211900000000000000000000000000","num_area":"901.93400000000000000000000000000","ind_status":"AT","ind_tipo":"IRU","des_condic":"Aguardando analise","municipio":"Tres Rios","dat_criaca":"18/11/2014"},"geometry":{"type":"Polygon","coordinates":[[[-43.0979,-22.0867],[-43.1017,-22.0918],[-43.0976,-22.0966],[-43.1052,-22.1002],[-43.0985,-22.1074],[-43.0919,-22.1024],[-43.0868,-22.1033],[-43.0862,-22.107],[-43.0897,-22.1096],[-43.0906,-22.1162],[-43.0928,-22.1137],[-43.1045,-22.1228],[-43.1175,-22.1103],[-43.1233,-22.1135],[-43.1261,-22.105],[-43.1247,-22.0979],[-43.1175,-22.0926],[-43.1168,-22.0886],[-43.1065,-22.0839],[-43.0992,-22.0861],[-43.0979,-22.0867]]]}},{"type":"Feature","properties":{"cod_imovel":"RJ-3306008-D5867B85D03F48F695B677BE5A9BE2D5","mod_fiscal":"8.9022000000000000000000000000000","num_area":"249.26030000000000000000000000000","ind_status":"AT","ind_tipo":"IRU","des_condic":"Aguardando analise","municipio":"Tres Rios","dat_criaca":"18/12/2015"},"geometry":{"type":"Polygon","coordinates":[[[-43.0378,-22.045],[-43.0281,-22.0429],[-43.0274,-22.0494],[-43.014,-22.0412],[-43.0129,-22.0477],[-43.0229,-22.0512],[-43.0215,-22.0532],[-43.0174,-22.05],[-43.0148,-22.0527],[-43.0189,-22.0609],[-43.0246,-22.0535],[-43.0279,-22.0582],[-43.0331,-22.0545],[-43.0379,-22.045],[-43.0378,-22.045]]]}},{"type":"Feature","properties":{"cod_imovel":"RJ-3306008-97B8F6332D0B42BEB6A77BAF591B1CD8","mod_fiscal":"0.7986000000000000000000000000000","num_area":"22.360000000000000000000000000000","ind_status":"AT","ind_tipo":"IRU","des_condic":"Aguardando analise","municipio":"Tres Rios","dat_criaca":"19/02/2015"},"geometry":{"type":"Polygon","coordinates":[[[-43.1148,-22.1839],[-43.1134,-22.1818],[-43.108,-22.1878],[-43.11,-22.1893],[-43.1146,-22.1841],[-43.1148,-22.1839]]]}},{"type":"Feature","properties":{"cod_imovel":"RJ-3306008-979E4976F1B849099A0DF09892026DF6","mod_fiscal":"0.2852000000000000000000000000000","num_area":"7.9848000000000000000000000000000","ind_status":"AT","ind_tipo":"IRU","des_condic":"Aguardando analise","municipio":"Tres Rios","dat_criaca":"03/05/2016"},"geometry":{"type":"Polygon","coordinates":[[[-43.1565,-22.1335],[-43.1578,-22.1305],[-43.156,-22.1335],[-43.1565,-22.1335]]]}},{"type":"Feature","properties":{"cod_imovel":"RJ-3306008-C29A2C1A054448C1B38E6D43C48F80F9","mod_fiscal":"10.773700000000000000000000000000","num_area":"301.66300000000000000000000000000","ind_status":"AT","ind_tipo":"IRU","des_condic":"Aguardando analise","municipio":"Tres Rios","dat_criaca":"30/05/2018"},"geometry":{"type":"Polygon","coordinates":[[[-43.1931,-22.0836],[-43.2051,-22.0865],[-43.2095,-22.0811],[-43.2117,-22.0676],[-43.2002,-22.0633],[-43.1931,-22.0836]]]}},{"type":"Feature","properties":{"cod_imovel":"RJ-3306008-E21E29B78E714B30B6F9B89EA06BC066","mod_fiscal":"3.2294000000000000000000000000000","num_area":"90.422400000000000000000000000000","ind_status":"AT","ind_tipo":"IRU","des_condic":"Aguardando analise","municipio":"Tres Rios","dat_criaca":"05/05/2016"},"geometry":{"type":"Polygon","coordinates":[[[-43.109,-22.1413],[-43.0994,-22.1259],[-43.0949,-22.1303],[-43.0971,-22.1358],[-43.1013,-22.1336],[-43.108,-22.1414],[-43.109,-22.1413]]]}},{"type":"Feature","properties":{"cod_imovel":"RJ-3306008-C265B2D261A94342804963736DC56206","mod_fiscal":"0.1318000000000000000000000000000","num_area":"3.6896000000000000000000000000000","ind_status":"AT","ind_tipo":"IRU","des_condic":"Aguardando analise","municipio":"Tres Rios","dat_criaca":"11/12/2019"},"geometry":{"type":"Polygon","coordinates":[[[-43.1966,-22.1158],[-43.1957,-22.1185],[-43.1969,-22.116],[-43.1966,-22.1158]]]}},{"type":"Feature","properties":{"cod_imovel":"RJ-3306008-049E221CA783481FB48C507C091811B2","mod_fiscal":"0.4105000000000000000000000000000","num_area":"11.493300000000000000000000000000","ind_status":"AT","ind_tipo":"IRU","des_condic":"Aguardando analise","municipio":"Tres Rios","dat_criaca":"13/05/2020"},"geometry":{"type":"Polygon","coordinates":[[[-43.0463,-22.1133],[-43.0424,-22.1168],[-43.0463,-22.116],[-43.0463,-22.1133]]]}},{"type":"Feature","properties":{"cod_imovel":"RJ-3306008-085896EC6D344F07BC6D3AD0D06A247F","mod_fiscal":"7.9687000000000000000000000000000","num_area":"223.12260000000000000000000000000","ind_status":"AT","ind_tipo":"IRU","des_condic":"Aguardando analise","municipio":"Tres Rios","dat_criaca":"23/02/2017"},"geometry":{"type":"Polygon","coordinates":[[[-43.0498,-22.148],[-43.0494,-22.1364],[-43.0567,-22.123],[-43.0544,-22.122],[-43.0492,-22.1322],[-43.0347,-22.1396],[-43.0412,-22.147],[-43.0481,-22.148],[-43.0498,-22.148]]]}},{"type":"Feature","properties":{"cod_imovel":"RJ-3306008-09578B73889349B6BF658EC3D93F044D","mod_fiscal":"0.2471000000000000000000000000000","num_area":"6.9193000000000000000000000000000","ind_status":"AT","ind_tipo":"IRU","des_condic":"Aguardando analise","municipio":"Tres Rios","dat_criaca":"01/09/2015"},"geometry":{"type":"Polygon","coordinates":[[[-43.101,-22.1377],[-43.1043,-22.1386],[-43.101,-22.1371],[-43.101,-22.1377]]]}},{"type":"Feature","properties":{"cod_imovel":"RJ-3306008-27B91279C5C14C4AB829E5505BD8862A","mod_fiscal":"7.6487000000000000000000000000000","num_area":"214.16410000000000000000000000000","ind_status":"AT","ind_tipo":"IRU","des_condic":"Aguardando analise","municipio":"Tres Rios","dat_criaca":"09/03/2015"},"geometry":{"type":"Polygon","coordinates":[[[-43.0534,-22.1553],[-43.0529,-22.1594],[-43.0563,-22.1613],[-43.0542,-22.1652],[-43.0594,-22.1689],[-43.0578,-22.1651],[-43.0649,-22.1578],[-43.0683,-22.158],[-43.0727,-22.1476],[-43.0635,-22.1508],[-43.0562,-22.149],[-43.0535,-22.1543],[-43.0534,-22.1553]]]}},{"type":"Feature","properties":{"cod_imovel":"RJ-3306008-1E8E8453E5A441E3991621A5F267B4BE","mod_fiscal":"1.6008000000000000000000000000000","num_area":"44.214700000000000000000000000000","ind_status":"AT","ind_tipo":"IRU","des_condic":"Aguardando analise","municipio":"Tres Rios","dat_criaca":"04/04/2016"},"geometry":{"type":"Polygon","coordinates":[[[-43.0421,-22.1945],[-43.048,-22.2029],[-43.0518,-22.1994],[-43.0463,-22.1945],[-43.0421,-22.1945]]]}},{"type":"Feature","properties":{"cod_imovel":"RJ-3306008-22264098E78344459C12BF7733CCE712","mod_fiscal":"3.7124000000000000000000000000000","num_area":"103.94600000000000000000000000000","ind_status":"AT","ind_tipo":"IRU","des_condic":"Aguardando analise","municipio":"Tres Rios","dat_criaca":"26/07/2016"},"geometry":{"type":"Polygon","coordinates":[[[-43.0127,-22.0662],[-43.0134,-22.071],[-43.019,-22.0758],[-43.0224,-22.0735],[-43.0281,-22.0757],[-43.0304,-22.0712],[-43.0131,-22.0665],[-43.0127,-22.0662]]]}},{"type":"Feature","properties":{"cod_imovel":"RJ-3306008-24435551A27242559FF7EEB416C38DA6","mod_fiscal":"0.0995000000000000000000000000000","num_area":"2.7863000000000000000000000000000","ind_status":"AT","ind_tipo":"IRU","des_condic":"Aguardando analise","municipio":"Tres Rios","dat_criaca":"18/12/2018"},"geometry":{"type":"Polygon","coordinates":[[[-43.2067,-22.1409],[-43.2074,-22.1384],[-43.2067,-22.1408],[-43.2067,-22.1409]]]}},{"type":"Feature","properties":{"cod_imovel":"RJ-3306008-2F31480746E9431B8F4C03DD26E53783","mod_fiscal":"38.571200000000000000000000000000","num_area":"1079.9928000000000000000000000000","ind_status":"AT","ind_tipo":"IRU","des_condic":"Aguardando analise","municipio":"Tres Rios","dat_criaca":"29/12/2015"},"geometry":{"type":"Polygon","coordinates":[[[-43.1542,-22.1652],[-43.157,-22.163],[-43.1571,-22.1546],[-43.135,-22.1435],[-43.1409,-22.1352],[-43.1349,-22.1265],[-43.1409,-22.1242],[-43.1385,-22.1198],[-43.1332,-22.1209],[-43.1199,-22.1115],[-43.1144,-22.1129],[-43.1051,-22.1222],[-43.1274,-22.1318],[-43.1166,-22.1437],[-43.1461,-22.1583],[-43.1487,-22.1608],[-43.145,-22.1651],[-43.1477,-22.1676],[-43.1519,-22.1633],[-43.1542,-22.1652],[-43.1542,-22.1652]]]}},{"type":"Feature","properties":{"cod_imovel":"RJ-3306008-3B75C8F8C75A467CA21BA289F1FDD6EA","mod_fiscal":"1.4177000000000000000000000000000","num_area":"39.694800000000000000000000000000","ind_status":"AT","ind_tipo":"IRU","des_condic":"Aguardando analise","municipio":"Tres Rios","dat_criaca":"02/07/2015"},"geometry":{"type":"Polygon","coordinates":[[[-43.242,-22.1145],[-43.2472,-22.1172],[-43.2452,-22.1144],[-43.2502,-22.1101],[-43.2423,-22.108],[-43.242,-22.1145]]]}},{"type":"Feature","properties":{"cod_imovel":"RJ-3306008-41C92D8A2F8147A4AC9A3E528E688EB8","mod_fiscal":"0.2382000000000000000000000000000","num_area":"6.6696000000000000000000000000000","ind_status":"AT","ind_tipo":"IRU","des_condic":"Aguardando analise","municipio":"Tres Rios","dat_criaca":"20/12/2019"},"geometry":{"type":"Polygon","coordinates":[[[-43.0445,-22.0847],[-43.0437,-22.0812],[-43.044,-22.0846],[-43.0445,-22.0847]]]}},{"type":"Feature","properties":{"cod_imovel":"RJ-3306008-681BAB4623C440E093958CCC5186908B","mod_fiscal":"3.6594000000000000000000000000000","num_area":"102.46340000000000000000000000000","ind_status":"AT","ind_tipo":"IRU","des_condic":"Aguardando analise","municipio":"Tres Rios","dat_criaca":"03/05/2016"},"geometry":{"type":"Polygon","coordinates":[[[-43.0889,-22.0989],[-43.0869,-22.103],[-43.0939,-22.1],[-43.1019,-22.0886],[-43.0946,-22.0877],[-43.0947,-22.0936],[-43.0908,-22.0942],[-43.0889,-22.0989]]]}},{"type":"Feature","properties":{"cod_imovel":"RJ-3306008-B5B25DB985A846288623C4365F35F3F4","mod_fiscal":"2.3715000000000000000000000000000","num_area":"66.402500000000000000000000000000","ind_status":"AT","ind_tipo":"IRU","des_condic":"Aguardando analise","municipio":"Tres Rios","dat_criaca":"05/05/2016"},"geometry":{"type":"Polygon","coordinates":[[[-43.0913,-22.1249],[-43.0911,-22.1195],[-43.0859,-22.1179],[-43.0821,-22.1232],[-43.0893,-22.1264],[-43.0913,-22.1249]]]}},{"type":"Feature","properties":{"cod_imovel":"RJ-3306008-7C18777DBBCD45248127BF10988C2042","mod_fiscal":"2.1990000000000000000000000000000","num_area":"61.571300000000000000000000000000","ind_status":"AT","ind_tipo":"IRU","des_condic":"Aguardando analise","municipio":"Tres Rios","dat_criaca":"02/07/2015"},"geometry":{"type":"Polygon","coordinates":[[[-43.2416,-22.108],[-43.2413,-22.121],[-43.2469,-22.1239],[-43.2492,-22.1195],[-43.242,-22.1145],[-43.2423,-22.1079],[-43.2416,-22.108]]]}},{"type":"Feature","properties":{"cod_imovel":"RJ-3306008-7CE9C6BBFECB43FA888A2F922FC0DF3E","mod_fiscal":"0.1067000000000000000000000000000","num_area":"2.9863000000000000000000000000000","ind_status":"AT","ind_tipo":"IRU","des_condic":"Aguardando analise","municipio":"Tres Rios","dat_criaca":"06/05/2020"},"geometry":{"type":"Polygon","coordinates":[[[-43.171,-22.0972],[-43.1686,-22.0971],[-43.1711,-22.0973],[-43.171,-22.0972]]]}},{"type":"Feature","properties":{"cod_imovel":"RJ-3306008-80283AC5B6834F91ACA5739A12BA4F7B","mod_fiscal":"0.5964000000000000000000000000000","num_area":"16.699100000000000000000000000000","ind_status":"AT","ind_tipo":"IRU","des_condic":"Aguardando analise","municipio":"Tres Rios","dat_criaca":"14/12/2016"},"geometry":{"type":"Polygon","coordinates":[[[-43.0582,-22.1558],[-43.0553,-22.1503],[-43.0531,-22.1558],[-43.0582,-22.1559],[-43.0582,-22.1558]]]}},{"type":"Feature","properties":{"cod_imovel":"RJ-3306008-82C94F8ACAF24232893CB9A9B3BF1155","mod_fiscal":"0.7573000000000000000000000000000","num_area":"21.204000000000000000000000000000","ind_status":"AT","ind_tipo":"IRU","des_condic":"Aguardando analise","municipio":"Tres Rios","dat_criaca":"08/10/2015"},"geometry":{"type":"Polygon","coordinates":[[[-43.0603,-22.1094],[-43.061,-22.1029],[-43.0544,-22.1074],[-43.0599,-22.1093],[-43.0603,-22.1094]]]}},{"type":"Feature","properties":{"cod_imovel":"RJ-3306008-8CB56C136F3D422B8CE5C09458E73E4F","mod_fiscal":"0.3225000000000000000000000000000","num_area":"9.0313000000000000000000000000000","ind_status":"AT","ind_tipo":"IRU","des_condic":"Aguardando analise","municipio":"Tres Rios","dat_criaca":"20/09/2019"},"geometry":{"type":"Polygon","coordinates":[[[-43.2501,-22.1207],[-43.2548,-22.1187],[-43.2504,-22.1205],[-43.2501,-22.1207]]]}},{"type":"Feature","properties":{"cod_imovel":"RJ-3306008-92B3FDFC23254BC1A1745AEB0E050D93","mod_fiscal":"30.073200000000000000000000000000","num_area":"574.62830000000000000000000000000","ind_status":"AT","ind_tipo":"IRU","des_condic":"Aguardando analise","municipio":"Tres Rios","dat_criaca":"03/03/2020"},"geometry":{"type":"Polygon","coordinates":[[[-42.9711,-22.1003],[-42.9681,-22.1038],[-42.9717,-22.1045],[-42.9711,-22.1131],[-42.9745,-22.1118],[-42.9718,-22.121],[-42.9662,-22.1166],[-42.9605,-22.1224],[-42.9579,-22.1213],[-42.9577,-22.1273],[-42.9516,-22.1368],[-42.9593,-22.1411],[-42.9693,-22.1293],[-42.9933,-22.1183],[-42.9895,-22.1158],[-42.9813,-22.1199],[-42.9783,-22.1172],[-42.986,-22.1137],[-42.9786,-22.1113],[-42.9778,-22.1005],[-42.9737,-22.0972],[-42.9714,-22.0999],[-42.9711,-22.1003]]]}},{"type":"Feature","properties":{"cod_imovel":"RJ-3306008-A07E353EC0A643E69D7D8A17DB7962A6","mod_fiscal":"0.2598000000000000000000000000000","num_area":"7.2734000000000000000000000000000","ind_status":"AT","ind_tipo":"IRU","des_condic":"Aguardando analise","municipio":"Tres Rios","dat_criaca":"04/04/2016"},"geometry":{"type":"Polygon","coordinates":[[[-43.0473,-22.0873],[-43.0488,-22.0834],[-43.0467,-22.0871],[-43.0473,-22.0873]]]}},{"type":"Feature","properties":{"cod_imovel":"RJ-3306008-A82F9D1B33E0441FB379E4AC786F997A","mod_fiscal":"0.8504000000000000000000000000000","num_area":"23.810500000000000000000000000000","ind_status":"AT","ind_tipo":"IRU","des_condic":"Aguardando analise","municipio":"Tres Rios","dat_criaca":"17/02/2018"},"geometry":{"type":"Polygon","coordinates":[[[-43.0074,-22.1435],[-43.0159,-22.1428],[-43.011,-22.1411],[-43.0074,-22.1435]]]}},{"type":"Feature","properties":{"cod_imovel":"RJ-3306008-AD5F6D63B8E542CFB09EEA41EE6CA367","mod_fiscal":"1.7720000000000000000000000000000","num_area":"49.614900000000000000000000000000","ind_status":"AT","ind_tipo":"IRU","des_condic":"Aguardando analise","municipio":"Tres Rios","dat_criaca":"18/11/2014"},"geometry":{"type":"Polygon","coordinates":[[[-43.0955,-22.1024],[-43.1054,-22.1003],[-43.0958,-22.0977],[-43.0918,-22.1025],[-43.0985,-22.1076],[-43.1,-22.106],[-43.0947,-22.1027],[-43.0955,-22.1024]]]}},{"type":"Feature","properties":{"cod_imovel":"RJ-3306008-B066271D2EFE42329FDB934E1043589D","mod_fiscal":"0.7916000000000000000000000000000","num_area":"22.165200000000000000000000000000","ind_status":"AT","ind_tipo":"IRU","des_condic":"Aguardando analise","municipio":"Tres Rios","dat_criaca":"26/06/2019"},"geometry":{"type":"Polygon","coordinates":[[[-43.0546,-22.0861],[-43.0538,-22.0922],[-43.0588,-22.0886],[-43.0557,-22.0866],[-43.0546,-22.0861]]]}},{"type":"Feature","properties":{"cod_imovel":"RJ-3306008-B0AA1E5DD58348FB9C3FE522921BB750","mod_fiscal":"1.2105000000000000000000000000000","num_area":"33.892800000000000000000000000000","ind_status":"AT","ind_tipo":"IRU","des_condic":"Aguardando analise","municipio":"Tres Rios","dat_criaca":"02/10/2020"},"geometry":{"type":"Polygon","coordinates":[[[-43.0433,-22.1851],[-43.0497,-22.1812],[-43.0462,-22.179],[-43.0416,-22.1812],[-43.0433,-22.1851]]]}},{"type":"Feature","properties":{"cod_imovel":"RJ-3306008-C24AE041694C4B99883EF66675A12313","mod_fiscal":"0.3164000000000000000000000000000","num_area":"8.8595000000000000000000000000000","ind_status":"AT","ind_tipo":"IRU","des_condic":"Aguardando analise","municipio":"Tres Rios","dat_criaca":"27/09/2017"},"geometry":{"type":"Polygon","coordinates":[[[-43.2491,-22.122],[-43.2517,-22.1221],[-43.249,-22.1198],[-43.247,-22.124],[-43.2491,-22.122]]]}},{"type":"Feature","properties":{"cod_imovel":"RJ-3306008-BC9A553583CE40AB9715382EB3A7DC79","mod_fiscal":"19.580900000000000000000000000000","num_area":"548.26500000000000000000000000000","ind_status":"AT","ind_tipo":"IRU","des_condic":"Aguardando analise","municipio":"Tres Rios","dat_criaca":"29/08/2014"},"geometry":{"type":"Polygon","coordinates":[[[-43.2326,-22.0862],[-43.2278,-22.0854],[-43.2295,-22.0964],[-43.2478,-22.1023],[-43.2504,-22.1073],[-43.2532,-22.1061],[-43.2553,-22.1026],[-43.2515,-22.0966],[-43.2551,-22.0864],[-43.252,-22.083],[-43.2403,-22.0814],[-43.2377,-22.0759],[-43.2326,-22.0861],[-43.2326,-22.0862]]]}},{"type":"Feature","properties":{"cod_imovel":"RJ-3306008-BF82753C533A40C0AD068C001F4860C5","mod_fiscal":"8.4121000000000000000000000000000","num_area":"235.53970000000000000000000000000","ind_status":"AT","ind_tipo":"IRU","des_condic":"Aguardando analise","municipio":"Tres Rios","dat_criaca":"13/03/2018"},"geometry":{"type":"Polygon","coordinates":[[[-43.0385,-22.1354],[-43.0435,-22.1361],[-43.0496,-22.1299],[-43.0425,-22.1267],[-43.0446,-22.1176],[-43.041,-22.1159],[-43.0311,-22.127],[-43.0304,-22.1308],[-43.0362,-22.1335],[-43.0385,-22.1354]]]}},{"type":"Feature","properties":{"cod_imovel":"RJ-3306008-C2186295B03B48489A6F1AD8E2413EF7","mod_fiscal":"0.1306000000000000000000000000000","num_area":"3.6562000000000000000000000000000","ind_status":"AT","ind_tipo":"IRU","des_condic":"Aguardando analise","municipio":"Tres Rios","dat_criaca":"12/12/2017"},"geometry":{"type":"Polygon","coordinates":[[[-43.0383,-22.0826],[-43.0352,-22.0839],[-43.0382,-22.0827],[-43.0383,-22.0826]]]}},{"type":"Feature","properties":{"cod_imovel":"RJ-3306008-E58BEDFF9156485D95F1D2134B90F412","mod_fiscal":"0.3831000000000000000000000000000","num_area":"10.726600000000000000000000000000","ind_status":"AT","ind_tipo":"IRU","des_condic":"Aguardando analise","municipio":"Tres Rios","dat_criaca":"17/02/2018"},"geometry":{"type":"Polygon","coordinates":[[[-43.2447,-22.1326],[-43.2465,-22.1282],[-43.2442,-22.1323],[-43.2447,-22.1326]]]}},{"type":"Feature","properties":{"cod_imovel":"RJ-3306008-E056DF85AACB4ABDBA94F7ED17331D37","mod_fiscal":"5.0119000000000000000000000000000","num_area":"138.93830000000000000000000000000","ind_status":"AT","ind_tipo":"IRU","des_condic":"Aguardando analise","municipio":"Tres Rios","dat_criaca":"20/09/2019"},"geometry":{"type":"Polygon","coordinates":[[[-42.9729,-22.1435],[-42.975,-22.1336],[-42.982,-22.1254],[-42.9669,-22.1313],[-42.9674,-22.1407],[-42.9728,-22.1435],[-42.9729,-22.1435]]]}},{"type":"Feature","properties":{"cod_imovel":"RJ-3306008-F081356881EA4CB49EBC1C84727B2672","mod_fiscal":"0.1465000000000000000000000000000","num_area":"4.1030000000000000000000000000000","ind_status":"AT","ind_tipo":"IRU","des_condic":"Aguardando analise","municipio":"Tres Rios","dat_criaca":"30/08/2016"},"geometry":{"type":"Polygon","coordinates":[[[-43.172,-22.095],[-43.1711,-22.0914],[-43.1719,-22.0948],[-43.172,-22.095]]]}}]}