{"type":"FeatureCollection","features":[{"type":"Feature","properties":{"cod_tema":"ARL_PROPOSTA","cod_imovel":"RJ-3300407-E734F181C6CF43338385266BEB423D58","num_area":"15.801900000000000000000000000000","ind_status":"AT"},"geometry":{"type":"Polygon","coordinates":[[[-44.0992,-22.5846],[-44.0971,-22.5856],[-44.0992,-22.5846],[-44.0992,-22.5846]],[[-44.0919,-22.5827],[-44.0951,-22.582],[-44.093,-22.5802],[-44.0919,-22.5827],[-44.0919,-22.5827]],[[-44.0923,-22.586],[-44.0943,-22.5879],[-44.0923,-22.586],[-44.0923,-22.586]],[[-44.0943,-22.5879],[-44.0921,-22.5857],[-44.0942,-22.5879],[-44.0943,-22.5879]]]}},{"type":"Feature","properties":{"cod_tema":"ARL_PROPOSTA","cod_imovel":"RJ-3300407-73C84D5C25934347A0F99E38FBA87B2A","num_area":"13.476400000000000000000000000000","ind_status":"PE"},"geometry":{"type":"Polygon","coordinates":[[[-44.1531,-22.52],[-44.1518,-22.523],[-44.1531,-22.5202],[-44.1531,-22.52]],[[-44.1503,-22.5218],[-44.1517,-22.5241],[-44.1501,-22.5214],[-44.1503,-22.5218]],[[-44.1471,-22.5199],[-44.1463,-22.5218],[-44.1475,-22.5199],[-44.1471,-22.5199]],[[-44.1424,-22.5186],[-44.1458,-22.5215],[-44.1425,-22.5184],[-44.1424,-22.5186]]]}},{"type":"Feature","properties":{"cod_tema":"ARL_PROPOSTA","cod_imovel":"RJ-3300407-DD69372CB00748628C9F4B3CBB630C0A","num_area":"36.813400000000000000000000000000","ind_status":"AT"},"geometry":{"type":"Polygon","coordinates":[[[-44.1373,-22.6166],[-44.1353,-22.613],[-44.1337,-22.6179],[-44.138,-22.6214],[-44.1357,-22.6187],[-44.1391,-22.618],[-44.1377,-22.6166],[-44.1373,-22.6166]],[[-44.1332,-22.6129],[-44.1295,-22.6148],[-44.1324,-22.6137],[-44.1331,-22.6176],[-44.1347,-22.6125],[-44.1332,-22.6129]]]}},{"type":"Feature","properties":{"cod_tema":"ARL_PROPOSTA","cod_imovel":"RJ-3300407-2843A9D322534FB9A81600A41C1DA9F9","num_area":"2.4038000000000000000000000000000","ind_status":"AT"},"geometry":{"type":"Polygon","coordinates":[[[-44.2911,-22.5654],[-44.2933,-22.5648],[-44.291,-22.5652],[-44.2911,-22.5654]]]}},{"type":"Feature","properties":{"cod_tema":"ARL_PROPOSTA","cod_imovel":"RJ-3300407-C0BA48370EBD4F77BA40BDEF6C4D7FE9","num_area":"2.3721000000000000000000000000000","ind_status":"AT"},"geometry":{"type":"Polygon","coordinates":[[[-44.1468,-22.5695],[-44.1438,-22.5689],[-44.1472,-22.5697],[-44.1468,-22.5695]]]}},{"type":"Feature","properties":{"cod_tema":"ARL_PROPOSTA","cod_imovel":"RJ-3300407-DDD5BAC0D8A647A7A673264470857182","num_area":"4.7881000000000000000000000000000","ind_status":"AT"},"geometry":{"type":"Polygon","coordinates":[[[-44.1746,-22.5941],[-44.1769,-22.5954],[-44.1746,-22.5941],[-44.1746,-22.5941]],[[-44.1768,-22.5949],[-44.1741,-22.5936],[-44.1765,-22.5948],[-44.1768,-22.5949]]]}},{"type":"Feature","properties":{"cod_tema":"ARL_PROPOSTA","cod_imovel":"RJ-3300407-5B39FA253E2541D9893CD2BECA64CCBD","num_area":"3.4755000000000000000000000000000","ind_status":"AT"},"geometry":{"type":"Polygon","coordinates":[[[-44.1704,-22.587],[-44.1724,-22.5858],[-44.1702,-22.5867],[-44.1704,-22.587]]]}},{"type":"Feature","properties":{"cod_tema":"ARL_PROPOSTA","cod_imovel":"RJ-3300407-CEB4B9334D104A12884A696ACDFAC822","num_area":"14.103100000000000000000000000000","ind_status":"AT"},"geometry":{"type":"Polygon","coordinates":[[[-44.166,-22.507],[-44.1626,-22.5096],[-44.1661,-22.5071],[-44.166,-22.507]],[[-44.166,-22.5069],[-44.1625,-22.5094],[-44.166,-22.507],[-44.166,-22.5069]],[[-44.1598,-22.5059],[-44.1566,-22.511],[-44.1615,-22.5105],[-44.1574,-22.5107],[-44.1599,-22.5061],[-44.1598,-22.5059]],[[-44.1574,-22.5084],[-44.1557,-22.5107],[-44.1574,-22.5085],[-44.1574,-22.5084]],[[-44.1608,-22.514],[-44.1586,-22.5111],[-44.1613,-22.5106],[-44.1587,-22.5105],[-44.1608,-22.514],[-44.1608,-22.514]]]}},{"type":"Feature","properties":{"cod_tema":"ARL_PROPOSTA","cod_imovel":"RJ-3300407-F1A128AAEDE04DD1A38B7FA28CAC3726","num_area":"55.258600000000000000000000000000","ind_status":"AT"},"geometry":{"type":"Polygon","coordinates":[[[-44.0669,-22.3894],[-44.0628,-22.3922],[-44.055,-22.3901],[-44.0618,-22.3926],[-44.0669,-22.3894],[-44.0669,-22.3894]],[[-44.0662,-22.3894],[-44.0567,-22.3895],[-44.06,-22.392],[-44.0656,-22.3901],[-44.0662,-22.3894]],[[-44.057,-22.3915],[-44.0566,-22.3939],[-44.0686,-22.3937],[-44.0689,-22.3894],[-44.062,-22.393],[-44.057,-22.3916],[-44.057,-22.3915]]]}},{"type":"Feature","properties":{"cod_tema":"ARL_PROPOSTA","cod_imovel":"RJ-3300407-0204E81EBAD14E1A9AA19DD2BEB6B5A4","num_area":"30.358200000000000000000000000000","ind_status":"AT"},"geometry":{"type":"Polygon","coordinates":[[[-44.3447,-22.5729],[-44.3427,-22.5727],[-44.3446,-22.574],[-44.3447,-22.5729]],[[-44.3427,-22.5752],[-44.3383,-22.5823],[-44.3428,-22.5763],[-44.3427,-22.5752]],[[-44.3416,-22.58],[-44.3435,-22.5791],[-44.3383,-22.5824],[-44.3416,-22.5802],[-44.3416,-22.58]],[[-44.339,-22.5848],[-44.3412,-22.5877],[-44.3391,-22.5849],[-44.339,-22.5848]],[[-44.3385,-22.5746],[-44.3375,-22.5788],[-44.3394,-22.5749],[-44.3385,-22.5746]],[[-44.3436,-22.579],[-44.3458,-22.5733],[-44.3435,-22.5789],[-44.3436,-22.579]],[[-44.3368,-22.5798],[-44.3297,-22.5856],[-44.3372,-22.5792],[-44.3368,-22.5798]]]}},{"type":"Feature","properties":{"cod_tema":"ARL_PROPOSTA","cod_imovel":"RJ-3300407-0490043B51734273BA3D673E81DA415C","num_area":"4.5277000000000000000000000000000","ind_status":"AT"},"geometry":{"type":"Polygon","coordinates":[[[-44.3011,-22.556],[-44.2976,-22.5572],[-44.3011,-22.556],[-44.3011,-22.556]]]}},{"type":"Feature","properties":{"cod_tema":"ARL_PROPOSTA","cod_imovel":"RJ-3300407-0525DE391A424053804E2E4297507237","num_area":"12.261500000000000000000000000000","ind_status":"AT"},"geometry":{"type":"Polygon","coordinates":[[[-44.1483,-22.6194],[-44.1538,-22.6223],[-44.1485,-22.6194],[-44.1483,-22.6194]],[[-44.1566,-22.6205],[-44.1483,-22.6192],[-44.1538,-22.6223],[-44.1563,-22.6206],[-44.1566,-22.6205]],[[-44.1568,-22.6206],[-44.1544,-22.6223],[-44.1568,-22.6206],[-44.1568,-22.6206]],[[-44.1551,-22.6252],[-44.1568,-22.6271],[-44.155,-22.6232],[-44.1551,-22.6252]],[[-44.1572,-22.6246],[-44.1548,-22.6229],[-44.1571,-22.6245],[-44.1572,-22.6246]]]}},{"type":"Feature","properties":{"cod_tema":"ARL_PROPOSTA","cod_imovel":"RJ-3300407-05DF540FEF9C4075B213DE2DE25F53E6","num_area":"12.004500000000000000000000000000","ind_status":"AT"},"geometry":{"type":"Polygon","coordinates":[[[-44.1498,-22.3749],[-44.1444,-22.377],[-44.146,-22.379],[-44.1504,-22.376],[-44.1498,-22.3749]]]}},{"type":"Feature","properties":{"cod_tema":"ARL_PROPOSTA","cod_imovel":"RJ-3300407-0C07A1481D0B4BFA95E3792E849DE55B","num_area":"37.392200000000000000000000000000","ind_status":"AT"},"geometry":{"type":"Polygon","coordinates":[[[-44.1988,-22.5964],[-44.1961,-22.5937],[-44.1987,-22.5964],[-44.1988,-22.5964]],[[-44.2092,-22.5876],[-44.2052,-22.5872],[-44.2045,-22.5908],[-44.2089,-22.5876],[-44.2092,-22.5876]],[[-44.2016,-22.5887],[-44.2005,-22.5925],[-44.2036,-22.5895],[-44.2017,-22.5888],[-44.2016,-22.5887]],[[-44.2069,-22.5945],[-44.2093,-22.5897],[-44.2068,-22.5945],[-44.2069,-22.5945]],[[-44.2072,-22.5945],[-44.2095,-22.5909],[-44.2071,-22.5944],[-44.2072,-22.5945]]]}},{"type":"Feature","properties":{"cod_tema":"ARL_APROVADA_NAO_AVERBADA","cod_imovel":"RJ-3300407-0AAEE367702D47A3AFDEAD70E8BF91CD","num_area":"6.5744000000000000000000000000000","ind_status":"PE"},"geometry":{"type":"Polygon","coordinates":[[[-44.157,-22.615],[-44.1602,-22.6184],[-44.158,-22.6153],[-44.157,-22.615]]]}},{"type":"Feature","properties":{"cod_tema":"ARL_PROPOSTA","cod_imovel":"RJ-3300407-0F8B79C2A83A4850A0AA298DD0AD748A","num_area":"51.776900000000000000000000000000","ind_status":"AT"},"geometry":{"type":"Polygon","coordinates":[[[-44.1922,-22.6217],[-44.1976,-22.6203],[-44.1922,-22.6215],[-44.1922,-22.6217]],[[-44.2112,-22.6128],[-44.2118,-22.6094],[-44.2096,-22.6096],[-44.211,-22.6121],[-44.2112,-22.6128]],[[-44.1921,-22.6177],[-44.1927,-22.6198],[-44.1922,-22.6176],[-44.1921,-22.6177]],[[-44.2097,-22.6024],[-44.2067,-22.6048],[-44.2115,-22.607],[-44.2097,-22.6024],[-44.2097,-22.6024]],[[-44.2092,-22.6055],[-44.2072,-22.605],[-44.2115,-22.607],[-44.2092,-22.6055],[-44.2092,-22.6055]],[[-44.2052,-22.6049],[-44.2005,-22.6089],[-44.2052,-22.609],[-44.2052,-22.6049],[-44.2052,-22.6049]],[[-44.2027,-22.6068],[-44.2052,-22.605],[-44.2026,-22.6068],[-44.2027,-22.6068]],[[-44.2071,-22.6129],[-44.205,-22.6105],[-44.2053,-22.6144],[-44.2071,-22.6129],[-44.2071,-22.6129]]]}},{"type":"Feature","properties":{"cod_tema":"ARL_PROPOSTA","cod_imovel":"RJ-3300407-1B871C04837344CB9C5E67A990A31AE4","num_area":"64.214000000000000000000000000000","ind_status":"PE"},"geometry":{"type":"Polygon","coordinates":[[[-44.311,-22.5168],[-44.306,-22.5205],[-44.3154,-22.5175],[-44.311,-22.5168],[-44.311,-22.5168]],[[-44.3109,-22.5231],[-44.3094,-22.5211],[-44.3109,-22.5231],[-44.3109,-22.5231]],[[-44.3134,-22.5298],[-44.3152,-22.535],[-44.3174,-22.5322],[-44.3193,-22.5359],[-44.3202,-22.5327],[-44.3224,-22.5367],[-44.3245,-22.5347],[-44.3239,-22.5318],[-44.3212,-22.5326],[-44.3233,-22.5288],[-44.32,-22.5321],[-44.3132,-22.5283],[-44.3143,-22.5258],[-44.3128,-22.5273],[-44.3192,-22.5323],[-44.3231,-22.5294],[-44.3204,-22.5325],[-44.3244,-22.5329],[-44.3225,-22.5363],[-44.3173,-22.5316],[-44.3154,-22.5346],[-44.3171,-22.5315],[-44.3134,-22.5298],[-44.3134,-22.5298]],[[-44.3164,-22.5179],[-44.3183,-22.519],[-44.3189,-22.5159],[-44.3163,-22.5179],[-44.3164,-22.5179]],[[-44.317,-22.5183],[-44.3185,-22.5199],[-44.317,-22.5184],[-44.317,-22.5183]],[[-44.3194,-22.5212],[-44.3182,-22.5276],[-44.3195,-22.5212],[-44.3194,-22.5212]],[[-44.3177,-22.5179],[-44.3229,-22.5175],[-44.3177,-22.5179],[-44.3177,-22.5179]],[[-44.319,-22.52],[-44.321,-22.522],[-44.319,-22.52],[-44.319,-22.52]],[[-44.3191,-22.5196],[-44.3212,-22.522],[-44.3191,-22.5196],[-44.3191,-22.5196]],[[-44.3237,-22.5214],[-44.3214,-22.5225],[-44.3237,-22.5214],[-44.3237,-22.5214]],[[-44.3218,-22.523],[-44.3254,-22.5203],[-44.3218,-22.5229],[-44.3218,-22.523]],[[-44.3274,-22.5219],[-44.3232,-22.5227],[-44.3273,-22.522],[-44.3274,-22.5219]]]}},{"type":"Feature","properties":{"cod_tema":"ARL_PROPOSTA","cod_imovel":"RJ-3300407-17D7CD8E4F154A38B51703BA4210FAB8","num_area":"26.072100000000000000000000000000","ind_status":"AT"},"geometry":{"type":"Polygon","coordinates":[[[-44.2074,-22.3974],[-44.2065,-22.3953],[-44.2074,-22.3974],[-44.2074,-22.3974]],[[-44.193,-22.3978],[-44.1966,-22.3985],[-44.193,-22.3978],[-44.193,-22.3978]],[[-44.2014,-22.3889],[-44.1947,-22.3917],[-44.2014,-22.389],[-44.2014,-22.3889]],[[-44.2013,-22.3887],[-44.1966,-22.3859],[-44.1956,-22.3913],[-44.1983,-22.3888],[-44.1969,-22.3859],[-44.2009,-22.3888],[-44.2013,-22.3887]],[[-44.1994,-22.3954],[-44.197,-22.3952],[-44.1994,-22.3954],[-44.1994,-22.3954]],[[-44.2025,-22.3981],[-44.1937,-22.394],[-44.2024,-22.3981],[-44.2025,-22.3981]],[[-44.2027,-22.3981],[-44.2054,-22.398],[-44.2027,-22.3981],[-44.2027,-22.3981]],[[-44.2054,-22.3981],[-44.2015,-22.3928],[-44.2027,-22.3974],[-44.1938,-22.394],[-44.2031,-22.3979],[-44.2015,-22.393],[-44.2054,-22.398],[-44.2054,-22.3981]]]}},{"type":"Feature","properties":{"cod_tema":"ARL_PROPOSTA","cod_imovel":"RJ-3300407-453D42FF505F4AC685F5F27E8034A5F7","num_area":"7.8639000000000000000000000000000","ind_status":"AT"},"geometry":{"type":"Polygon","coordinates":[[[-44.1361,-22.3707],[-44.1317,-22.3727],[-44.1339,-22.374],[-44.1356,-22.3713],[-44.1361,-22.3707]]]}},{"type":"Feature","properties":{"cod_tema":"ARL_PROPOSTA","cod_imovel":"RJ-3300407-1AAC3BFB2FAA44AEBA33A30326E503AA","num_area":"11.230600000000000000000000000000","ind_status":"AT"},"geometry":{"type":"Polygon","coordinates":[[[-44.2275,-22.5112],[-44.2229,-22.5121],[-44.2276,-22.5126],[-44.2275,-22.5112]],[[-44.2232,-22.5133],[-44.223,-22.5176],[-44.2233,-22.5131],[-44.2232,-22.5133]],[[-44.223,-22.5184],[-44.2246,-22.5169],[-44.2231,-22.5183],[-44.223,-22.5184]]]}},{"type":"Feature","properties":{"cod_tema":"ARL_PROPOSTA","cod_imovel":"RJ-3300407-1D5A926609F64E0686CEC515F793839A","num_area":"51.302300000000000000000000000000","ind_status":"PE"},"geometry":{"type":"Polygon","coordinates":[[[-44.313,-22.5869],[-44.3154,-22.5841],[-44.3114,-22.5863],[-44.313,-22.5869]],[[-44.3194,-22.5599],[-44.3249,-22.5528],[-44.3196,-22.5556],[-44.3192,-22.5602],[-44.3194,-22.5599]],[[-44.3037,-22.5684],[-44.3067,-22.5704],[-44.3064,-22.5758],[-44.3067,-22.5699],[-44.3037,-22.5684],[-44.3037,-22.5684]],[[-44.3065,-22.5758],[-44.3072,-22.5704],[-44.3125,-22.574],[-44.307,-22.5699],[-44.3083,-22.5658],[-44.3065,-22.5755],[-44.3065,-22.5758]],[[-44.3083,-22.5657],[-44.3037,-22.5682],[-44.3066,-22.5692],[-44.3083,-22.5657],[-44.3083,-22.5657]],[[-44.3088,-22.5631],[-44.3152,-22.5616],[-44.3203,-22.5513],[-44.3132,-22.5625],[-44.3104,-22.562],[-44.3178,-22.551],[-44.3133,-22.5571],[-44.3109,-22.555],[-44.3097,-22.5625],[-44.3055,-22.5617],[-44.3099,-22.5627],[-44.3172,-22.5512],[-44.31,-22.5627],[-44.3141,-22.5623],[-44.3197,-22.5515],[-44.315,-22.5616],[-44.3054,-22.5619],[-44.3085,-22.5632],[-44.3088,-22.5631]]]}},{"type":"Feature","properties":{"cod_tema":"ARL_PROPOSTA","cod_imovel":"RJ-3300407-2117902E72FA41AFAB9B41160F94A263","num_area":"6.2347000000000000000000000000000","ind_status":"AT"},"geometry":{"type":"Polygon","coordinates":[[[-44.1528,-22.6441],[-44.151,-22.6417],[-44.15,-22.6441],[-44.1528,-22.6441],[-44.1528,-22.6441]]]}},{"type":"Feature","properties":{"cod_tema":"ARL_PROPOSTA","cod_imovel":"RJ-3300407-2E375C0B511B4988B32E4F400B233394","num_area":"8.6724000000000000000000000000000","ind_status":"AT"},"geometry":{"type":"Polygon","coordinates":[[[-44.3043,-22.4808],[-44.3065,-22.4792],[-44.3041,-22.4805],[-44.3043,-22.4808]],[[-44.3037,-22.4789],[-44.3058,-22.4775],[-44.3039,-22.4788],[-44.3037,-22.4789]],[[-44.3047,-22.4747],[-44.3019,-22.4767],[-44.3047,-22.4747],[-44.3047,-22.4747]]]}},{"type":"Feature","properties":{"cod_tema":"ARL_PROPOSTA","cod_imovel":"RJ-3300407-439215507412483382AB606452730CEE","num_area":"22.911100000000000000000000000000","ind_status":"AT"},"geometry":{"type":"Polygon","coordinates":[[[-44.1619,-22.4378],[-44.162,-22.4335],[-44.1588,-22.4335],[-44.1606,-22.4397],[-44.1619,-22.4378]],[[-44.1536,-22.4355],[-44.1496,-22.4347],[-44.1541,-22.4371],[-44.1576,-22.4337],[-44.1551,-22.4348],[-44.1536,-22.4355]]]}},{"type":"Feature","properties":{"cod_tema":"ARL_PROPOSTA","cod_imovel":"RJ-3300407-46BE88B29CC54A9D9E2FAEE4F2F272F4","num_area":"4.6878000000000000000000000000000","ind_status":"AT"},"geometry":{"type":"Polygon","coordinates":[[[-44.2985,-22.5135],[-44.301,-22.5123],[-44.2987,-22.513],[-44.2985,-22.5135]]]}},{"type":"Feature","properties":{"cod_tema":"ARL_PROPOSTA","cod_imovel":"RJ-3300407-48AE5A84A507477D95E1240433752CC7","num_area":"4.3176000000000000000000000000000","ind_status":"AT"},"geometry":{"type":"Polygon","coordinates":[[[-44.3282,-22.5811],[-44.3291,-22.5789],[-44.3266,-22.5804],[-44.3282,-22.5811]]]}},{"type":"Feature","properties":{"cod_tema":"ARL_PROPOSTA","cod_imovel":"RJ-3300407-4C89E38BDE3D4A4A9DAD447685B8823D","num_area":"76.115500000000000000000000000000","ind_status":"AT"},"geometry":{"type":"Polygon","coordinates":[[[-44.2165,-22.6069],[-44.2137,-22.6077],[-44.2166,-22.607],[-44.2165,-22.6069]],[[-44.2114,-22.6024],[-44.2118,-22.6071],[-44.2128,-22.6023],[-44.2114,-22.6024]],[[-44.2198,-22.6015],[-44.2135,-22.6044],[-44.2166,-22.6055],[-44.2198,-22.6016],[-44.2198,-22.6015]],[[-44.2108,-22.5977],[-44.2113,-22.6021],[-44.2216,-22.5989],[-44.2108,-22.5977],[-44.2108,-22.5977]],[[-44.2122,-22.595],[-44.2106,-22.5965],[-44.2132,-22.5951],[-44.2122,-22.595]]]}},{"type":"Feature","properties":{"cod_tema":"ARL_PROPOSTA","cod_imovel":"RJ-3300407-4C6211AB99BF4ADD930F77ABCCF8E99B","num_area":"10.680100000000000000000000000000","ind_status":"AT"},"geometry":{"type":"Polygon","coordinates":[[[-44.168,-22.5076],[-44.1669,-22.5135],[-44.1709,-22.5142],[-44.1692,-22.5085],[-44.168,-22.5076]]]}},{"type":"Feature","properties":{"cod_tema":"ARL_PROPOSTA","cod_imovel":"RJ-3300407-4F74AF5F256A496EA729450142C13A07","num_area":"24.458600000000000000000000000000","ind_status":"AT"},"geometry":{"type":"Polygon","coordinates":[[[-44.1613,-22.4586],[-44.1624,-22.4557],[-44.1609,-22.459],[-44.1613,-22.4586]],[[-44.1638,-22.4614],[-44.1611,-22.4591],[-44.1638,-22.4615],[-44.1638,-22.4614]],[[-44.1595,-22.4591],[-44.1599,-22.4539],[-44.1594,-22.4591],[-44.1595,-22.4591]],[[-44.1583,-22.4635],[-44.1601,-22.4655],[-44.1604,-22.4623],[-44.1581,-22.4635],[-44.1583,-22.4635]],[[-44.1619,-22.4537],[-44.1603,-22.4521],[-44.1618,-22.4537],[-44.1619,-22.4537]],[[-44.1607,-22.4654],[-44.1634,-22.4643],[-44.1607,-22.4654],[-44.1607,-22.4654]]]}},{"type":"Feature","properties":{"cod_tema":"ARL_PROPOSTA","cod_imovel":"RJ-3300407-4F7DDEEE76E947CD8D37BB989368ABDD","num_area":"66.277400000000000000000000000000","ind_status":"AT"},"geometry":{"type":"Polygon","coordinates":[[[-44.242,-22.5746],[-44.2408,-22.5828],[-44.2432,-22.5856],[-44.2432,-22.5743],[-44.242,-22.5746]],[[-44.2539,-22.5772],[-44.2483,-22.585],[-44.2523,-22.5876],[-44.2564,-22.5788],[-44.2547,-22.577],[-44.2539,-22.5772]]]}},{"type":"Feature","properties":{"cod_tema":"ARL_PROPOSTA","cod_imovel":"RJ-3300407-4E6DB34E944C4C5D974650435A33E4B5","num_area":"5.2748000000000000000000000000000","ind_status":"AT"},"geometry":{"type":"Polygon","coordinates":[[[-44.1641,-22.496],[-44.1613,-22.4955],[-44.1626,-22.4983],[-44.1651,-22.4968],[-44.1641,-22.496]]]}},{"type":"Feature","properties":{"cod_tema":"ARL_PROPOSTA","cod_imovel":"RJ-3300407-50E5BAFC099340C0AC08444E034D512C","num_area":"46.702000000000000000000000000000","ind_status":"AT"},"geometry":{"type":"Polygon","coordinates":[[[-44.2565,-22.5031],[-44.2538,-22.5051],[-44.2592,-22.5037],[-44.2579,-22.5072],[-44.2551,-22.5045],[-44.2511,-22.5122],[-44.2578,-22.512],[-44.2579,-22.5092],[-44.2579,-22.512],[-44.2592,-22.5094],[-44.2609,-22.511],[-44.2562,-22.5084],[-44.2599,-22.5036],[-44.2563,-22.5038],[-44.2565,-22.5031]],[[-44.2556,-22.512],[-44.2527,-22.5122],[-44.2556,-22.512],[-44.2556,-22.512]]]}},{"type":"Feature","properties":{"cod_tema":"ARL_PROPOSTA","cod_imovel":"RJ-3300407-53EE87A185E0423DA1AEBC8A116D3F1E","num_area":"26.086200000000000000000000000000","ind_status":"AT"},"geometry":{"type":"Polygon","coordinates":[[[-44.126,-22.6287],[-44.123,-22.6273],[-44.1256,-22.6284],[-44.126,-22.6287]],[[-44.1246,-22.6254],[-44.1266,-22.6242],[-44.1246,-22.625],[-44.1246,-22.6254]],[[-44.1274,-22.6299],[-44.1296,-22.6281],[-44.1276,-22.6298],[-44.1274,-22.6299]],[[-44.1277,-22.63],[-44.1299,-22.6282],[-44.1278,-22.63],[-44.1277,-22.63]],[[-44.1214,-22.6249],[-44.1245,-22.6243],[-44.1196,-22.6231],[-44.1241,-22.6245],[-44.1214,-22.6248],[-44.1214,-22.6249]],[[-44.1284,-22.6234],[-44.1294,-22.6206],[-44.1251,-22.6189],[-44.1285,-22.6232],[-44.1284,-22.6234]],[[-44.1286,-22.6234],[-44.1297,-22.6204],[-44.126,-22.6192],[-44.1294,-22.6206],[-44.1286,-22.6234],[-44.1286,-22.6234]],[[-44.1274,-22.6245],[-44.1316,-22.627],[-44.1275,-22.6245],[-44.1274,-22.6245]],[[-44.1296,-22.6281],[-44.1316,-22.627],[-44.1297,-22.628],[-44.1296,-22.6281]],[[-44.1218,-22.6177],[-44.1244,-22.6215],[-44.1219,-22.6178],[-44.1218,-22.6177]],[[-44.1214,-22.625],[-44.1197,-22.6263],[-44.1218,-22.6251],[-44.1214,-22.625]]]}},{"type":"Feature","properties":{"cod_tema":"ARL_PROPOSTA","cod_imovel":"RJ-3300407-5446027461254A419436698283E8B9AF","num_area":"2.2835000000000000000000000000000","ind_status":"AT"},"geometry":{"type":"Polygon","coordinates":[[[-44.1851,-22.5087],[-44.1822,-22.508],[-44.185,-22.5088],[-44.1851,-22.5087]]]}},{"type":"Feature","properties":{"cod_tema":"ARL_PROPOSTA","cod_imovel":"RJ-3300407-54728FE9AE3C427E84B888074557666E","num_area":"2.4623000000000000000000000000000","ind_status":"AT"},"geometry":{"type":"Polygon","coordinates":[[[-44.31,-22.4723],[-44.3081,-22.4688],[-44.31,-22.4723],[-44.31,-22.4723]],[[-44.3078,-22.4723],[-44.3077,-22.4694],[-44.3078,-22.4722],[-44.3078,-22.4723]]]}},{"type":"Feature","properties":{"cod_tema":"ARL_PROPOSTA","cod_imovel":"RJ-3300407-5FF8EE16CD1148A99DA769E593454A9E","num_area":"68.357300000000000000000000000000","ind_status":"AT"},"geometry":{"type":"Polygon","coordinates":[[[-44.1391,-22.5766],[-44.1374,-22.5784],[-44.1401,-22.5778],[-44.1391,-22.5766]],[[-44.1472,-22.5827],[-44.1476,-22.5857],[-44.1481,-22.5826],[-44.1472,-22.5827]],[[-44.1401,-22.5971],[-44.1506,-22.597],[-44.145,-22.5947],[-44.1401,-22.5971],[-44.1401,-22.5971]],[[-44.139,-22.5798],[-44.1427,-22.5795],[-44.1403,-22.5785],[-44.139,-22.5798]],[[-44.1398,-22.5802],[-44.1429,-22.5796],[-44.1398,-22.5801],[-44.1398,-22.5802]],[[-44.138,-22.5826],[-44.137,-22.5795],[-44.1333,-22.5797],[-44.1378,-22.5824],[-44.138,-22.5826]],[[-44.1389,-22.5829],[-44.1408,-22.5834],[-44.1387,-22.5827],[-44.1389,-22.5829]],[[-44.1342,-22.5882],[-44.1386,-22.589],[-44.1379,-22.5859],[-44.1342,-22.5882]],[[-44.1347,-22.589],[-44.1394,-22.5895],[-44.135,-22.589],[-44.1347,-22.589]],[[-44.1358,-22.5906],[-44.1391,-22.59],[-44.1368,-22.5909],[-44.1358,-22.5906]]]}},{"type":"Feature","properties":{"cod_tema":"ARL_PROPOSTA","cod_imovel":"RJ-3300407-6D1C63FF09D342588D5DF5A9105AAD4C","num_area":"10.078800000000000000000000000000","ind_status":"AT"},"geometry":{"type":"Polygon","coordinates":[[[-44.2528,-22.5615],[-44.2468,-22.5608],[-44.2529,-22.5615],[-44.2528,-22.5615]],[[-44.2468,-22.5608],[-44.2503,-22.5622],[-44.2469,-22.5609],[-44.2468,-22.5608]]]}},{"type":"Feature","properties":{"cod_tema":"ARL_PROPOSTA","cod_imovel":"RJ-3300407-7491FDDCB9614AE5AFA19F51A8395ECA","num_area":"4.4513000000000000000000000000000","ind_status":"AT"},"geometry":{"type":"Polygon","coordinates":[[[-44.1232,-22.4072],[-44.1269,-22.4059],[-44.1246,-22.406],[-44.1232,-22.4072]]]}},{"type":"Feature","properties":{"cod_tema":"ARL_PROPOSTA","cod_imovel":"RJ-3300407-760B9A2759504748A1130CA3A9DE54E8","num_area":"19.526000000000000000000000000000","ind_status":"AT"},"geometry":{"type":"Polygon","coordinates":[[[-44.0654,-22.372],[-44.065,-22.3696],[-44.0606,-22.3702],[-44.0654,-22.3721],[-44.0654,-22.372]],[[-44.0606,-22.3771],[-44.0659,-22.3771],[-44.0613,-22.3771],[-44.0606,-22.3771]],[[-44.0633,-22.3892],[-44.0663,-22.3865],[-44.0632,-22.3892],[-44.0633,-22.3892]]]}},{"type":"Feature","properties":{"cod_tema":"ARL_PROPOSTA","cod_imovel":"RJ-3300407-7588028837C5469795D49992A35B1096","num_area":"40.349900000000000000000000000000","ind_status":"AT"},"geometry":{"type":"Polygon","coordinates":[[[-44.0974,-22.3297],[-44.0976,-22.3329],[-44.1013,-22.3326],[-44.0996,-22.3285],[-44.0974,-22.3297]],[[-44.1021,-22.3319],[-44.1055,-22.3334],[-44.1043,-22.3289],[-44.1013,-22.3286],[-44.102,-22.3318],[-44.1021,-22.3319]],[[-44.1056,-22.3334],[-44.1084,-22.33],[-44.1091,-22.3337],[-44.1101,-22.3292],[-44.1055,-22.3332],[-44.1056,-22.3334]]]}},{"type":"Feature","properties":{"cod_tema":"ARL_PROPOSTA","cod_imovel":"RJ-3300407-7705E4089F0B461EBC43FBC8F102B542","num_area":"37.544400000000000000000000000000","ind_status":"AT"},"geometry":{"type":"Polygon","coordinates":[[[-44.2292,-22.5536],[-44.2276,-22.5506],[-44.229,-22.5537],[-44.2292,-22.5536]],[[-44.2291,-22.5509],[-44.2268,-22.549],[-44.2289,-22.5508],[-44.2291,-22.5509]],[[-44.216,-22.5599],[-44.2136,-22.559],[-44.216,-22.5599],[-44.216,-22.5599]],[[-44.2156,-22.5503],[-44.2184,-22.5462],[-44.2153,-22.5504],[-44.2156,-22.5503]],[[-44.2181,-22.5552],[-44.2187,-22.5531],[-44.2182,-22.5553],[-44.2181,-22.5552]],[[-44.2233,-22.5492],[-44.2186,-22.5474],[-44.2156,-22.553],[-44.2232,-22.5494],[-44.2233,-22.5492]],[[-44.2284,-22.5548],[-44.2254,-22.549],[-44.2231,-22.5523],[-44.2199,-22.5516],[-44.2263,-22.5531],[-44.2256,-22.5562],[-44.2283,-22.5548],[-44.2284,-22.5548]]]}},{"type":"Feature","properties":{"cod_tema":"ARL_PROPOSTA","cod_imovel":"RJ-3300407-7A7DD553097A438B85738A9AD38FBE10","num_area":"7.6832000000000000000000000000000","ind_status":"AT"},"geometry":{"type":"Polygon","coordinates":[[[-44.2973,-22.5275],[-44.2964,-22.5215],[-44.297,-22.5273],[-44.2917,-22.5317],[-44.2971,-22.5274],[-44.2936,-22.5311],[-44.2971,-22.5276],[-44.2985,-22.5316],[-44.2973,-22.5275],[-44.2973,-22.5275]]]}},{"type":"Feature","properties":{"cod_tema":"ARL_PROPOSTA","cod_imovel":"RJ-3300407-846740ECD2FC4E609F24746D36F60B20","num_area":"2.1969000000000000000000000000000","ind_status":"AT"},"geometry":{"type":"Polygon","coordinates":[[[-44.1711,-22.4455],[-44.1696,-22.4439],[-44.1709,-22.4455],[-44.1711,-22.4455]]]}},{"type":"Feature","properties":{"cod_tema":"ARL_PROPOSTA","cod_imovel":"RJ-3300407-833A152B70C94E77BFE550E2F0E80BAE","num_area":"35.636500000000000000000000000000","ind_status":"AT"},"geometry":{"type":"Polygon","coordinates":[[[-44.1109,-22.3614],[-44.1093,-22.3599],[-44.1121,-22.3647],[-44.1118,-22.3619],[-44.1109,-22.3614]],[[-44.1114,-22.368],[-44.1065,-22.3671],[-44.1108,-22.3688],[-44.1114,-22.368]],[[-44.1181,-22.3751],[-44.1166,-22.3729],[-44.1149,-22.3747],[-44.1176,-22.3773],[-44.1181,-22.3751]],[[-44.1042,-22.3614],[-44.1066,-22.3653],[-44.1048,-22.3612],[-44.1042,-22.3614]],[[-44.1075,-22.3632],[-44.1049,-22.3612],[-44.1065,-22.363],[-44.1075,-22.3632]]]}},{"type":"Feature","properties":{"cod_tema":"ARL_PROPOSTA","cod_imovel":"RJ-3300407-87995BD5523144C5907D1D0B19863783","num_area":"7.2243000000000000000000000000000","ind_status":"AT"},"geometry":{"type":"Polygon","coordinates":[[[-44.1868,-22.5954],[-44.184,-22.5965],[-44.1872,-22.5998],[-44.185,-22.598],[-44.1871,-22.596],[-44.1868,-22.5954]]]}},{"type":"Feature","properties":{"cod_tema":"ARL_AVERBADA","cod_imovel":"RJ-3300407-873FC23672004920BB3ABF1BE98FF66B","num_area":"106.71630000000000000000000000000","ind_status":"AT"},"geometry":{"type":"Polygon","coordinates":[[[-44.0767,-22.3779],[-44.0786,-22.3769],[-44.0742,-22.3742],[-44.0768,-22.3778],[-44.0767,-22.3779]],[[-44.0711,-22.3598],[-44.0625,-22.3603],[-44.0652,-22.3718],[-44.0637,-22.3637],[-44.0712,-22.3603],[-44.0711,-22.3598]],[[-44.08,-22.3777],[-44.0847,-22.3791],[-44.0788,-22.3734],[-44.08,-22.3776],[-44.08,-22.3777]],[[-44.0783,-22.3704],[-44.0714,-22.3672],[-44.0674,-22.3707],[-44.0697,-22.3681],[-44.0719,-22.3697],[-44.0701,-22.3739],[-44.0723,-22.3755],[-44.0783,-22.3705],[-44.0783,-22.3704]]]}},{"type":"Feature","properties":{"cod_tema":"ARL_PROPOSTA","cod_imovel":"RJ-3300407-8E961E92E0F145E7ABB87983B1F5DF01","num_area":"14.346400000000000000000000000000","ind_status":"AT"},"geometry":{"type":"Polygon","coordinates":[[[-44.3495,-22.5795],[-44.3522,-22.5791],[-44.349,-22.5771],[-44.3491,-22.5793],[-44.3495,-22.5795]],[[-44.3457,-22.5738],[-44.3417,-22.58],[-44.346,-22.5735],[-44.3457,-22.5738]],[[-44.3394,-22.5836],[-44.3439,-22.5807],[-44.3397,-22.5838],[-44.3394,-22.5836]],[[-44.3385,-22.5843],[-44.3419,-22.5843],[-44.3388,-22.5845],[-44.3385,-22.5843]]]}},{"type":"Feature","properties":{"cod_tema":"ARL_PROPOSTA","cod_imovel":"RJ-3300407-98A1C21A320042A3B31A22C67DE0DE00","num_area":"9.2373000000000000000000000000000","ind_status":"AT"},"geometry":{"type":"Polygon","coordinates":[[[-44.1553,-22.4275],[-44.159,-22.4292],[-44.1559,-22.4268],[-44.1553,-22.4275]]]}},{"type":"Feature","properties":{"cod_tema":"ARL_PROPOSTA","cod_imovel":"RJ-3300407-9A805C86CCE348FDA080515B9ADCC442","num_area":"9.5061000000000000000000000000000","ind_status":"AT"},"geometry":{"type":"Polygon","coordinates":[[[-44.3225,-22.591],[-44.3263,-22.5922],[-44.3295,-22.5884],[-44.3224,-22.5906],[-44.3225,-22.591]]]}},{"type":"Feature","properties":{"cod_tema":"ARL_PROPOSTA","cod_imovel":"RJ-3300407-9CE69BC75CB148FE913023C9CBACDE0E","num_area":"7.0128000000000000000000000000000","ind_status":"AT"},"geometry":{"type":"Polygon","coordinates":[[[-44.1474,-22.3441],[-44.1457,-22.3456],[-44.1485,-22.3477],[-44.1474,-22.3446],[-44.1474,-22.3441]],[[-44.1502,-22.3452],[-44.1519,-22.3441],[-44.1501,-22.345],[-44.1502,-22.3452]]]}},{"type":"Feature","properties":{"cod_tema":"ARL_PROPOSTA","cod_imovel":"RJ-3300407-A00F46DE3CD94E5D984678A63B818420","num_area":"17.327100000000000000000000000000","ind_status":"AT"},"geometry":{"type":"Polygon","coordinates":[[[-44.2524,-22.5787],[-44.2516,-22.5809],[-44.2537,-22.5796],[-44.2524,-22.5787]],[[-44.2504,-22.5834],[-44.2531,-22.5872],[-44.2534,-22.5829],[-44.251,-22.5824],[-44.2504,-22.5834]]]}},{"type":"Feature","properties":{"cod_tema":"ARL_PROPOSTA","cod_imovel":"RJ-3300407-A277FFFBE73B43E4A2355C0F05475AF1","num_area":"1.5624000000000000000000000000000","ind_status":"PE"},"geometry":{"type":"Polygon","coordinates":[[[-44.2292,-22.5498],[-44.2316,-22.5494],[-44.2293,-22.5498],[-44.2292,-22.5498]]]}},{"type":"Feature","properties":{"cod_tema":"ARL_PROPOSTA","cod_imovel":"RJ-3300407-A35F7754636E4562B6E2A4276CB5BDF1","num_area":"10.947700000000000000000000000000","ind_status":"AT"},"geometry":{"type":"Polygon","coordinates":[[[-44.3102,-22.5865],[-44.3112,-22.5804],[-44.3099,-22.5856],[-44.3102,-22.5865]],[[-44.3034,-22.5767],[-44.3035,-22.5788],[-44.3036,-22.5766],[-44.3034,-22.5767]],[[-44.3124,-22.5742],[-44.3103,-22.5718],[-44.3121,-22.5768],[-44.3125,-22.5743],[-44.3124,-22.5742]]]}},{"type":"Feature","properties":{"cod_tema":"ARL_PROPOSTA","cod_imovel":"RJ-3300407-A4629B1F1B7F4EEBB8FB65F7C9B5D2B5","num_area":"7.4184000000000000000000000000000","ind_status":"AT"},"geometry":{"type":"Polygon","coordinates":[[[-44.2535,-22.5626],[-44.252,-22.5594],[-44.2514,-22.562],[-44.2535,-22.5626]],[[-44.2571,-22.5575],[-44.2576,-22.5553],[-44.2571,-22.5575],[-44.2571,-22.5575]]]}},{"type":"Feature","properties":{"cod_tema":"ARL_PROPOSTA","cod_imovel":"RJ-3300407-A72851D7DCD94D078494F5728A17B519","num_area":"6.2433000000000000000000000000000","ind_status":"AT"},"geometry":{"type":"Polygon","coordinates":[[[-44.163,-22.42],[-44.1647,-22.4172],[-44.1609,-22.4197],[-44.1628,-22.4201],[-44.163,-22.42]]]}},{"type":"Feature","properties":{"cod_tema":"ARL_PROPOSTA","cod_imovel":"RJ-3300407-A76A02A3B0564DCBB73AED5919EDA001","num_area":"12.569100000000000000000000000000","ind_status":"AT"},"geometry":{"type":"Polygon","coordinates":[[[-44.2985,-22.5174],[-44.3023,-22.5156],[-44.2976,-22.5132],[-44.3009,-22.5158],[-44.2988,-22.5169],[-44.2985,-22.5174]]]}},{"type":"Feature","properties":{"cod_tema":"ARL_PROPOSTA","cod_imovel":"RJ-3300407-A89C685997EA4D72B8C91F38E6CBEB66","num_area":"9.4100000000000000000000000000000","ind_status":"AT"},"geometry":{"type":"Polygon","coordinates":[[[-44.1497,-22.4061],[-44.1475,-22.4077],[-44.1497,-22.4061],[-44.1497,-22.4061]],[[-44.1521,-22.4121],[-44.1562,-22.4121],[-44.1521,-22.4117],[-44.1521,-22.4121]]]}},{"type":"Feature","properties":{"cod_tema":"ARL_PROPOSTA","cod_imovel":"RJ-3300407-B06E19C246DD4BE3A650BE69F998F8C4","num_area":"11.485700000000000000000000000000","ind_status":"AT"},"geometry":{"type":"Polygon","coordinates":[[[-44.125,-22.3634],[-44.132,-22.3606],[-44.1255,-22.3632],[-44.125,-22.3634]],[[-44.1294,-22.368],[-44.1307,-22.3641],[-44.1293,-22.3679],[-44.1294,-22.368]],[[-44.1302,-22.365],[-44.1297,-22.3673],[-44.1302,-22.365],[-44.1302,-22.365]],[[-44.1324,-22.3608],[-44.1335,-22.3626],[-44.1324,-22.3608],[-44.1324,-22.3608]],[[-44.1337,-22.3641],[-44.1328,-22.3661],[-44.1338,-22.3643],[-44.1337,-22.3641]]]}},{"type":"Feature","properties":{"cod_tema":"ARL_PROPOSTA","cod_imovel":"RJ-3300407-B25DBC465AD14DDEAB9D5A724B8338E4","num_area":"27.522100000000000000000000000000","ind_status":"AT"},"geometry":{"type":"Polygon","coordinates":[[[-44.3308,-22.5569],[-44.328,-22.558],[-44.3281,-22.5626],[-44.33,-22.5583],[-44.3308,-22.5569]],[[-44.3304,-22.5641],[-44.3283,-22.573],[-44.3308,-22.5641],[-44.3304,-22.5641]],[[-44.3314,-22.5629],[-44.3301,-22.5613],[-44.3314,-22.563],[-44.3314,-22.5629]]]}},{"type":"Feature","properties":{"cod_tema":"ARL_PROPOSTA","cod_imovel":"RJ-3300407-B2B401EFCB6E4914BCE55A55E09EB2B9","num_area":"6.6360000000000000000000000000000","ind_status":"AT"},"geometry":{"type":"Polygon","coordinates":[[[-44.0961,-22.3944],[-44.0987,-22.3931],[-44.0964,-22.3945],[-44.0961,-22.3944]],[[-44.1019,-22.3971],[-44.1023,-22.3934],[-44.0997,-22.3961],[-44.1021,-22.394],[-44.102,-22.3969],[-44.1019,-22.3971]]]}},{"type":"Feature","properties":{"cod_tema":"ARL_PROPOSTA","cod_imovel":"RJ-3300407-BEAD6FF5D94744BBAAE60B454B40B4D9","num_area":"28.821200000000000000000000000000","ind_status":"AT"},"geometry":{"type":"Polygon","coordinates":[[[-44.2232,-22.5792],[-44.2273,-22.5798],[-44.228,-22.5763],[-44.2225,-22.5757],[-44.2244,-22.5783],[-44.2232,-22.5792]],[[-44.2235,-22.5762],[-44.2239,-22.5717],[-44.2182,-22.5733],[-44.2234,-22.5761],[-44.2235,-22.5762]],[[-44.2186,-22.5736],[-44.2214,-22.5751],[-44.2186,-22.5736],[-44.2186,-22.5736]]]}},{"type":"Feature","properties":{"cod_tema":"ARL_PROPOSTA","cod_imovel":"RJ-3300407-B713C7BD6DB34D738D4D9F8BA34A5152","num_area":"41.558700000000000000000000000000","ind_status":"AT"},"geometry":{"type":"Polygon","coordinates":[[[-44.2005,-22.4231],[-44.1966,-22.421],[-44.197,-22.4238],[-44.201,-22.4235],[-44.2005,-22.4231]],[[-44.1857,-22.4271],[-44.1862,-22.4306],[-44.1945,-22.4276],[-44.1946,-22.4247],[-44.1864,-22.427],[-44.1857,-22.4271]]]}},{"type":"Feature","properties":{"cod_tema":"ARL_PROPOSTA","cod_imovel":"RJ-3300407-B8AAAF3B435F4E2499812CAE90D0351C","num_area":"65.860700000000000000000000000000","ind_status":"PE"},"geometry":{"type":"Polygon","coordinates":[[[-44.1576,-22.3907],[-44.1632,-22.3905],[-44.1594,-22.3919],[-44.1632,-22.3943],[-44.1656,-22.3925],[-44.1633,-22.3897],[-44.1576,-22.3907]],[[-44.1674,-22.3871],[-44.1685,-22.3795],[-44.1614,-22.3751],[-44.1658,-22.3813],[-44.1631,-22.3842],[-44.1671,-22.3869],[-44.1674,-22.3871]]]}},{"type":"Feature","properties":{"cod_tema":"ARL_PROPOSTA","cod_imovel":"RJ-3300407-ECD85C876DEA4E9591E3E2987686768D","num_area":"12.421300000000000000000000000000","ind_status":"AT"},"geometry":{"type":"Polygon","coordinates":[[[-44.3405,-22.5743],[-44.3428,-22.5704],[-44.3394,-22.5738],[-44.3405,-22.5743]]]}},{"type":"Feature","properties":{"cod_tema":"ARL_PROPOSTA","cod_imovel":"RJ-3300407-C0881EE23BCE488FA0F40D1A68ED48CD","num_area":"24.040900000000000000000000000000","ind_status":"AT"},"geometry":{"type":"Polygon","coordinates":[[[-44.1925,-22.5945],[-44.1933,-22.5917],[-44.1926,-22.5943],[-44.1925,-22.5945]],[[-44.2091,-22.5854],[-44.2031,-22.5865],[-44.2091,-22.5862],[-44.2091,-22.5854]],[[-44.2031,-22.5859],[-44.2002,-22.5873],[-44.2031,-22.5859],[-44.2031,-22.5859]],[[-44.209,-22.5848],[-44.2074,-22.5774],[-44.2061,-22.5824],[-44.2088,-22.5845],[-44.209,-22.5848]]]}},{"type":"Feature","properties":{"cod_tema":"ARL_PROPOSTA","cod_imovel":"RJ-3300407-C34EBC34596D432B933323F549A0E900","num_area":"5.0973000000000000000000000000000","ind_status":"AT"},"geometry":{"type":"Polygon","coordinates":[[[-44.1388,-22.4087],[-44.1436,-22.4049],[-44.1413,-22.404],[-44.1388,-22.4087],[-44.1388,-22.4087]]]}},{"type":"Feature","properties":{"cod_tema":"ARL_PROPOSTA","cod_imovel":"RJ-3300407-C68C7FCF92F1445CB5119A285BC02D49","num_area":"0.0042000000000000000000000000000","ind_status":"AT"},"geometry":{"type":"Polygon","coordinates":[[[-44.2462,-22.5465],[-44.2431,-22.5453],[-44.2449,-22.5465],[-44.2462,-22.5465]]]}},{"type":"Feature","properties":{"cod_tema":"ARL_PROPOSTA","cod_imovel":"RJ-3300407-CC53C6F635EF4149BFDD3406EE7466F4","num_area":"3.5231000000000000000000000000000","ind_status":"AT"},"geometry":{"type":"Polygon","coordinates":[[[-44.2982,-22.5617],[-44.2997,-22.5658],[-44.2983,-22.5617],[-44.2982,-22.5617]]]}},{"type":"Feature","properties":{"cod_tema":"ARL_PROPOSTA","cod_imovel":"RJ-3300407-CF81B85A48F34BC9924B6397E54A00D5","num_area":"26.086500000000000000000000000000","ind_status":"AT"},"geometry":{"type":"Polygon","coordinates":[[[-44.0987,-22.572],[-44.1061,-22.5741],[-44.1025,-22.5694],[-44.0988,-22.571],[-44.0987,-22.572]],[[-44.107,-22.5751],[-44.1127,-22.5742],[-44.1074,-22.5743],[-44.107,-22.5751]]]}},{"type":"Feature","properties":{"cod_tema":"ARL_PROPOSTA","cod_imovel":"RJ-3300407-D260B65E60B8425EA2D300FA6B71CE77","num_area":"26.647500000000000000000000000000","ind_status":"AT"},"geometry":{"type":"Polygon","coordinates":[[[-44.1372,-22.5677],[-44.1421,-22.5703],[-44.1368,-22.5683],[-44.1372,-22.5677]],[[-44.1368,-22.5676],[-44.1327,-22.568],[-44.1393,-22.5706],[-44.1314,-22.5739],[-44.1329,-22.5783],[-44.1347,-22.5732],[-44.1403,-22.5709],[-44.1385,-22.5769],[-44.141,-22.573],[-44.1401,-22.5706],[-44.1351,-22.5726],[-44.1329,-22.5781],[-44.1331,-22.5742],[-44.1399,-22.5706],[-44.1365,-22.5683],[-44.1368,-22.5676]],[[-44.1388,-22.5765],[-44.1421,-22.5704],[-44.1388,-22.5759],[-44.1388,-22.5765]]]}},{"type":"Feature","properties":{"cod_tema":"ARL_PROPOSTA","cod_imovel":"RJ-3300407-D928355E06774F258DAAD0FED0FC4C98","num_area":"12.384900000000000000000000000000","ind_status":"AT"},"geometry":{"type":"Polygon","coordinates":[[[-44.1052,-22.3749],[-44.1067,-22.3786],[-44.1051,-22.3741],[-44.1052,-22.3749]],[[-44.1045,-22.3715],[-44.1051,-22.374],[-44.1052,-22.3715],[-44.1045,-22.3715]],[[-44.111,-22.3702],[-44.1088,-22.3719],[-44.1107,-22.3704],[-44.111,-22.3702]]]}},{"type":"Feature","properties":{"cod_tema":"ARL_PROPOSTA","cod_imovel":"RJ-3300407-DD5053E3CC2044E6886CAC5E2F833143","num_area":"6.7759000000000000000000000000000","ind_status":"AT"},"geometry":{"type":"Polygon","coordinates":[[[-44.1529,-22.3461],[-44.156,-22.3466],[-44.153,-22.3452],[-44.1529,-22.3461]],[[-44.1556,-22.3461],[-44.1539,-22.3445],[-44.1553,-22.3459],[-44.1556,-22.3461]],[[-44.1536,-22.3447],[-44.1507,-22.3417],[-44.1534,-22.3445],[-44.1536,-22.3447]],[[-44.1536,-22.3443],[-44.1509,-22.3415],[-44.1536,-22.3444],[-44.1536,-22.3443]]]}},{"type":"Feature","properties":{"cod_tema":"ARL_PROPOSTA","cod_imovel":"RJ-3300407-DFEF145A3B524D41A04B52F3FAFBE6DD","num_area":"11.862800000000000000000000000000","ind_status":"AT"},"geometry":{"type":"Polygon","coordinates":[[[-44.2982,-22.5855],[-44.2987,-22.5819],[-44.2983,-22.5854],[-44.2982,-22.5855]],[[-44.3012,-22.5803],[-44.3011,-22.5836],[-44.3015,-22.5805],[-44.3012,-22.5803]]]}},{"type":"Feature","properties":{"cod_tema":"ARL_PROPOSTA","cod_imovel":"RJ-3300407-DCABEEC0948A47DE973432EE1367C4DF","num_area":"7.3555000000000000000000000000000","ind_status":"AT"},"geometry":{"type":"Polygon","coordinates":[[[-44.1068,-22.3444],[-44.104,-22.3471],[-44.1076,-22.3454],[-44.1068,-22.3444]]]}},{"type":"Feature","properties":{"cod_tema":"ARL_PROPOSTA","cod_imovel":"RJ-3300407-E23020BDDDB5415188539FAE7CD21553","num_area":"7.1313000000000000000000000000000","ind_status":"AT"},"geometry":{"type":"Polygon","coordinates":[[[-44.3053,-22.5043],[-44.3079,-22.5028],[-44.3053,-22.5045],[-44.3053,-22.5043]],[[-44.308,-22.5075],[-44.3053,-22.5063],[-44.3079,-22.5074],[-44.308,-22.5075]]]}},{"type":"Feature","properties":{"cod_tema":"ARL_PROPOSTA","cod_imovel":"RJ-3300407-E298D8A67C244E48976B3B372455830B","num_area":"14.187400000000000000000000000000","ind_status":"AT"},"geometry":{"type":"Polygon","coordinates":[[[-44.1699,-22.4747],[-44.1702,-22.4727],[-44.1676,-22.4751],[-44.1698,-22.4747],[-44.1699,-22.4747]],[[-44.1712,-22.4734],[-44.1741,-22.4714],[-44.1711,-22.4734],[-44.1712,-22.4734]],[[-44.1662,-22.4695],[-44.1616,-22.4718],[-44.1663,-22.4697],[-44.1662,-22.4695]]]}},{"type":"Feature","properties":{"cod_tema":"ARL_PROPOSTA","cod_imovel":"RJ-3300407-EAC14D9382C44D47AB42E546BE01A6A4","num_area":"7.5680000000000000000000000000000","ind_status":"AT"},"geometry":{"type":"Polygon","coordinates":[[[-44.1439,-22.4145],[-44.1419,-22.415],[-44.1442,-22.4146],[-44.1439,-22.4145]],[[-44.1461,-22.4179],[-44.1479,-22.4169],[-44.1459,-22.4178],[-44.1461,-22.4179]],[[-44.1433,-22.4177],[-44.1414,-22.4217],[-44.1433,-22.4176],[-44.1433,-22.4177]],[[-44.1414,-22.4219],[-44.1432,-22.424],[-44.1414,-22.4218],[-44.1414,-22.4219]]]}},{"type":"Feature","properties":{"cod_tema":"ARL_PROPOSTA","cod_imovel":"RJ-3300407-ECFBB43F976440E1B681EF5DDFBC6381","num_area":"17.994500000000000000000000000000","ind_status":"AT"},"geometry":{"type":"Polygon","coordinates":[[[-44.156,-22.5198],[-44.1606,-22.5166],[-44.1559,-22.5197],[-44.156,-22.5198]],[[-44.1568,-22.5202],[-44.1618,-22.5174],[-44.157,-22.5199],[-44.1568,-22.5202]]]}},{"type":"Feature","properties":{"cod_tema":"ARL_PROPOSTA","cod_imovel":"RJ-3300407-EFCE23F0D40D47868C42C7C6FABDE870","num_area":"3.3142000000000000000000000000000","ind_status":"AT"},"geometry":{"type":"Polygon","coordinates":[[[-44.2607,-22.5706],[-44.2574,-22.5706],[-44.2605,-22.5707],[-44.2607,-22.5706]],[[-44.2637,-22.5704],[-44.2637,-22.5679],[-44.2637,-22.5704],[-44.2637,-22.5704]],[[-44.2639,-22.5705],[-44.2639,-22.5679],[-44.2638,-22.5703],[-44.2639,-22.5705]]]}},{"type":"Feature","properties":{"cod_tema":"ARL_PROPOSTA","cod_imovel":"RJ-3300407-F031559F39B84DF2B4A5CB073BC3037D","num_area":"4.5262000000000000000000000000000","ind_status":"AT"},"geometry":{"type":"Polygon","coordinates":[[[-44.2802,-22.5822],[-44.283,-22.5832],[-44.2802,-22.5822],[-44.2802,-22.5822]]]}},{"type":"Feature","properties":{"cod_tema":"ARL_PROPOSTA","cod_imovel":"RJ-3300407-F70927CBAA00499CBCE774927C1ECCBF","num_area":"9.4937000000000000000000000000000","ind_status":"AT"},"geometry":{"type":"Polygon","coordinates":[[[-44.2509,-22.5792],[-44.2503,-22.5852],[-44.2531,-22.5792],[-44.251,-22.5789],[-44.2509,-22.5792]]]}},{"type":"Feature","properties":{"cod_tema":"ARL_PROPOSTA","cod_imovel":"RJ-3300407-F3C1713E5BB4413EB4F624DC310BCDEE","num_area":"2.3580000000000000000000000000000","ind_status":"AT"},"geometry":{"type":"Polygon","coordinates":[[[-44.2576,-22.564],[-44.2595,-22.5627],[-44.2576,-22.564],[-44.2576,-22.564]]]}},{"type":"Feature","properties":{"cod_tema":"ARL_PROPOSTA","cod_imovel":"RJ-3300407-1B585635FF9D4FFF8E380CEACB272C9B","num_area":"12.015800000000000000000000000000","ind_status":"CA"},"geometry":{"type":"Polygon","coordinates":[[[-44.2761,-22.5441],[-44.2727,-22.548],[-44.2762,-22.5441],[-44.2761,-22.5441]],[[-44.2743,-22.5487],[-44.2777,-22.545],[-44.2747,-22.548],[-44.2743,-22.5487]]]}},{"type":"Feature","properties":{"cod_tema":"ARL_PROPOSTA","cod_imovel":"RJ-3300407-4E4DD019AC5647518E5FBE51014638F5","num_area":"40.569500000000000000000000000000","ind_status":"CA"},"geometry":{"type":"Polygon","coordinates":[[[-44.2855,-22.5574],[-44.2871,-22.5555],[-44.2821,-22.5537],[-44.2813,-22.5569],[-44.2852,-22.5573],[-44.2855,-22.5574]],[[-44.2937,-22.5563],[-44.294,-22.5518],[-44.2918,-22.5565],[-44.2937,-22.5563]],[[-44.2937,-22.5604],[-44.2925,-22.5568],[-44.2937,-22.5604],[-44.2937,-22.5604]],[[-44.2928,-22.549],[-44.287,-22.5532],[-44.2922,-22.5512],[-44.2928,-22.549]]]}},{"type":"Feature","properties":{"cod_tema":"ARL_PROPOSTA","cod_imovel":"RJ-3300407-311385A0C20B4C49BADDAB93B4C7CAD0","num_area":"21.529300000000000000000000000000","ind_status":"AT"},"geometry":{"type":"Polygon","coordinates":[[[-44.1535,-22.4772],[-44.1531,-22.4811],[-44.1559,-22.4815],[-44.1593,-22.4772],[-44.154,-22.4774],[-44.1535,-22.4772]]]}},{"type":"Feature","properties":{"cod_tema":"ARL_PROPOSTA","cod_imovel":"RJ-3300407-F06F58B4E8744C7B988E7348CB81F626","num_area":"3.7709000000000000000000000000000","ind_status":"AT"},"geometry":{"type":"Polygon","coordinates":[[[-44.1307,-22.3526],[-44.1283,-22.3519],[-44.1304,-22.3526],[-44.1307,-22.3526]],[[-44.1318,-22.3557],[-44.1336,-22.3539],[-44.1319,-22.3557],[-44.1318,-22.3557]]]}},{"type":"Feature","properties":{"cod_tema":"ARL_PROPOSTA","cod_imovel":"RJ-3300407-0F43E6207761420BB94C952BA62EAD14","num_area":"0.5710000000000000000000000000000","ind_status":"CA"},"geometry":{"type":"Polygon","coordinates":[[[-44.2584,-22.5665],[-44.2573,-22.5643],[-44.2585,-22.5664],[-44.2584,-22.5665]],[[-44.2584,-22.5666],[-44.2619,-22.5679],[-44.2585,-22.5664],[-44.2584,-22.5666]]]}},{"type":"Feature","properties":{"cod_tema":"ARL_PROPOSTA","cod_imovel":"RJ-3300407-7316F5FC22034C93841444CD3479661C","num_area":"13.753600000000000000000000000000","ind_status":"AT"},"geometry":{"type":"Polygon","coordinates":[[[-44.1396,-22.3398],[-44.1369,-22.3379],[-44.1395,-22.3399],[-44.1396,-22.3398]],[[-44.1365,-22.3451],[-44.1408,-22.3448],[-44.138,-22.3426],[-44.1364,-22.345],[-44.1365,-22.3451]]]}},{"type":"Feature","properties":{"cod_tema":"ARL_PROPOSTA","cod_imovel":"RJ-3300407-CDCC4ED1CB5B44E8931063202C689FEE","num_area":"120.05550000000000000000000000000","ind_status":"AT"},"geometry":{"type":"Polygon","coordinates":[[[-44.2936,-22.5597],[-44.2938,-22.5567],[-44.2935,-22.5591],[-44.2936,-22.5597]],[[-44.2937,-22.5557],[-44.294,-22.5522],[-44.2937,-22.5564],[-44.2937,-22.5557]],[[-44.2773,-22.5509],[-44.2747,-22.5488],[-44.2731,-22.5542],[-44.2773,-22.5509],[-44.2773,-22.5509]],[[-44.2733,-22.5474],[-44.2789,-22.5419],[-44.2762,-22.5437],[-44.2733,-22.5474]],[[-44.2628,-22.5639],[-44.2606,-22.5656],[-44.2657,-22.5657],[-44.2633,-22.5639],[-44.2628,-22.5639]],[[-44.2929,-22.5488],[-44.2872,-22.5545],[-44.2822,-22.5536],[-44.2816,-22.5577],[-44.2843,-22.5545],[-44.2838,-22.5573],[-44.2862,-22.5572],[-44.2931,-22.5488],[-44.2929,-22.5488]],[[-44.2711,-22.5631],[-44.2668,-22.5636],[-44.2701,-22.5681],[-44.2732,-22.5652],[-44.2716,-22.5623],[-44.2711,-22.5631]],[[-44.2792,-22.5534],[-44.2777,-22.5516],[-44.2723,-22.5555],[-44.278,-22.5542],[-44.2733,-22.5562],[-44.281,-22.5579],[-44.2816,-22.5535],[-44.2792,-22.5534]]]}},{"type":"Feature","properties":{"cod_tema":"ARL_PROPOSTA","cod_imovel":"RJ-3300407-B5DF2B5133644AE68B5CCBB4678C5EF9","num_area":"46.243600000000000000000000000000","ind_status":"CA"},"geometry":{"type":"Polygon","coordinates":[[[-44.2636,-22.5639],[-44.2606,-22.5652],[-44.2633,-22.5667],[-44.2636,-22.5639]],[[-44.266,-22.5637],[-44.2645,-22.5669],[-44.266,-22.5638],[-44.266,-22.5637]],[[-44.2771,-22.5601],[-44.2762,-22.5635],[-44.2769,-22.5613],[-44.2771,-22.5601]],[[-44.2692,-22.5731],[-44.2681,-22.575],[-44.2702,-22.5738],[-44.2692,-22.5731]],[[-44.2666,-22.5775],[-44.2699,-22.5789],[-44.2677,-22.5779],[-44.2666,-22.5775]],[[-44.2699,-22.5619],[-44.2679,-22.5646],[-44.2719,-22.5675],[-44.2648,-22.5685],[-44.2723,-22.5677],[-44.2739,-22.5624],[-44.271,-22.563],[-44.2699,-22.5619]],[[-44.2647,-22.5683],[-44.2671,-22.5687],[-44.2647,-22.5683],[-44.2647,-22.5683]]]}},{"type":"Feature","properties":{"cod_tema":"ARL_PROPOSTA","cod_imovel":"RJ-3300407-5F8D4E9C0E1B416495946B4F1999C8BD","num_area":"40.562300000000000000000000000000","ind_status":"AT"},"geometry":{"type":"Polygon","coordinates":[[[-44.1515,-22.6641],[-44.1526,-22.666],[-44.1516,-22.6641],[-44.1515,-22.6641]],[[-44.1532,-22.6575],[-44.1555,-22.6579],[-44.1529,-22.6571],[-44.1532,-22.6575]],[[-44.1555,-22.6579],[-44.1534,-22.6558],[-44.1555,-22.6579],[-44.1555,-22.6579]],[[-44.1644,-22.6589],[-44.1621,-22.6588],[-44.1644,-22.6589],[-44.1644,-22.6589]],[[-44.1621,-22.6596],[-44.1593,-22.6602],[-44.1651,-22.6611],[-44.1621,-22.6596],[-44.1621,-22.6596]],[[-44.162,-22.6594],[-44.1594,-22.6598],[-44.1617,-22.6594],[-44.162,-22.6594]],[[-44.1532,-22.6547],[-44.1564,-22.6559],[-44.1533,-22.6547],[-44.1532,-22.6547]],[[-44.1477,-22.6606],[-44.1517,-22.6621],[-44.1478,-22.6605],[-44.1477,-22.6606]],[[-44.1502,-22.6557],[-44.1507,-22.6588],[-44.1503,-22.6556],[-44.1502,-22.6557]],[[-44.168,-22.6632],[-44.1599,-22.6624],[-44.1678,-22.6633],[-44.168,-22.6632]],[[-44.1661,-22.6632],[-44.168,-22.6608],[-44.1662,-22.6634],[-44.1661,-22.6632]],[[-44.168,-22.6608],[-44.1601,-22.6622],[-44.1649,-22.6635],[-44.1679,-22.6609],[-44.168,-22.6608]]]}},{"type":"Feature","properties":{"cod_tema":"ARL_PROPOSTA","cod_imovel":"RJ-3300407-0BF7DFEB49944E93B60E3391E351B9A4","num_area":"6.6107000000000000000000000000000","ind_status":"AT"},"geometry":{"type":"Polygon","coordinates":[[[-44.1549,-22.4974],[-44.1585,-22.4963],[-44.1539,-22.497],[-44.1549,-22.4974]]]}},{"type":"Feature","properties":{"cod_tema":"ARL_PROPOSTA","cod_imovel":"RJ-3300407-08C4168B333447138591A30E608468D4","num_area":"7.6095000000000000000000000000000","ind_status":"AT"},"geometry":{"type":"Polygon","coordinates":[[[-44.1801,-22.5667],[-44.1839,-22.5658],[-44.1801,-22.5667],[-44.1801,-22.5667]]]}},{"type":"Feature","properties":{"cod_tema":"ARL_PROPOSTA","cod_imovel":"RJ-3300407-08D201BAADEA4F8D90FA6858EB39F001","num_area":"3.3621000000000000000000000000000","ind_status":"AT"},"geometry":{"type":"Polygon","coordinates":[[[-44.3204,-22.4796],[-44.3184,-22.4826],[-44.321,-22.4798],[-44.3204,-22.4796]]]}},{"type":"Feature","properties":{"cod_tema":"ARL_PROPOSTA","cod_imovel":"RJ-3300407-1C14E8C5166847B2B3FD3608CBAEEB9F","num_area":"28.734000000000000000000000000000","ind_status":"AT"},"geometry":{"type":"Polygon","coordinates":[[[-44.1416,-22.341],[-44.146,-22.3451],[-44.141,-22.3385],[-44.1415,-22.3408],[-44.1416,-22.341]],[[-44.1425,-22.3362],[-44.1469,-22.3389],[-44.1464,-22.3347],[-44.1426,-22.3361],[-44.1425,-22.3362]],[[-44.1444,-22.3388],[-44.1467,-22.339],[-44.1446,-22.3388],[-44.1444,-22.3388]]]}},{"type":"Feature","properties":{"cod_tema":"ARL_PROPOSTA","cod_imovel":"RJ-3300407-1D3CFFC401444F56ADA8E91A429F78B4","num_area":"106.43710000000000000000000000000","ind_status":"AT"},"geometry":{"type":"Polygon","coordinates":[[[-44.2338,-22.554],[-44.2314,-22.5547],[-44.2338,-22.5541],[-44.2338,-22.554]],[[-44.2293,-22.5726],[-44.232,-22.5739],[-44.2315,-22.5698],[-44.2291,-22.5725],[-44.2293,-22.5726]],[[-44.236,-22.5499],[-44.232,-22.5504],[-44.2359,-22.5501],[-44.236,-22.5499]],[[-44.2226,-22.5669],[-44.2237,-22.572],[-44.233,-22.5753],[-44.2277,-22.5708],[-44.2239,-22.5716],[-44.2231,-22.5671],[-44.2226,-22.5669]],[[-44.2252,-22.5628],[-44.2229,-22.562],[-44.2251,-22.5629],[-44.2252,-22.5628]],[[-44.2318,-22.5601],[-44.2291,-22.5595],[-44.2312,-22.5605],[-44.2318,-22.5601]],[[-44.227,-22.562],[-44.2273,-22.5648],[-44.2274,-22.5623],[-44.227,-22.562]],[[-44.227,-22.562],[-44.2273,-22.5648],[-44.2271,-22.5622],[-44.227,-22.562]],[[-44.221,-22.5621],[-44.2282,-22.5675],[-44.2263,-22.5706],[-44.2316,-22.5678],[-44.2214,-22.562],[-44.221,-22.5621]],[[-44.2321,-22.5705],[-44.2375,-22.5704],[-44.2346,-22.5698],[-44.2359,-22.5679],[-44.232,-22.5702],[-44.2321,-22.5705]],[[-44.2388,-22.5755],[-44.2432,-22.5743],[-44.2449,-22.5633],[-44.239,-22.5752],[-44.2388,-22.5755]],[[-44.2453,-22.5617],[-44.2423,-22.5607],[-44.2443,-22.5636],[-44.2411,-22.5678],[-44.2454,-22.5619],[-44.2453,-22.5617]],[[-44.2174,-22.557],[-44.2166,-22.5605],[-44.2179,-22.5567],[-44.2174,-22.557]],[[-44.2166,-22.5605],[-44.2179,-22.557],[-44.2166,-22.5605],[-44.2166,-22.5605]]]}},{"type":"Feature","properties":{"cod_tema":"ARL_PROPOSTA","cod_imovel":"RJ-3300407-1D5E1DD2EDCC494EA071A9B13F2BA365","num_area":"15.179700000000000000000000000000","ind_status":"AT"},"geometry":{"type":"Polygon","coordinates":[[[-44.1798,-22.6099],[-44.18,-22.6149],[-44.1846,-22.6138],[-44.1802,-22.6103],[-44.1798,-22.6099]]]}},{"type":"Feature","properties":{"cod_tema":"ARL_PROPOSTA","cod_imovel":"RJ-3300407-25D3FA8B0DE6428FBCB438893163BED3","num_area":"40.044700000000000000000000000000","ind_status":"AT"},"geometry":{"type":"Polygon","coordinates":[[[-44.1705,-22.4814],[-44.1731,-22.4786],[-44.171,-22.4802],[-44.1705,-22.4814]],[[-44.1717,-22.482],[-44.1829,-22.4777],[-44.1766,-22.4764],[-44.1716,-22.4814],[-44.1717,-22.482]]]}},{"type":"Feature","properties":{"cod_tema":"ARL_PROPOSTA","cod_imovel":"RJ-3300407-2691C0D3F7B1451E913F4A91942694B9","num_area":"20.468600000000000000000000000000","ind_status":"AT"},"geometry":{"type":"Polygon","coordinates":[[[-44.11,-22.4237],[-44.1172,-22.4249],[-44.1129,-22.4228],[-44.1136,-22.4195],[-44.1122,-22.4232],[-44.1125,-22.4189],[-44.1108,-22.421],[-44.11,-22.4237]]]}},{"type":"Feature","properties":{"cod_tema":"ARL_PROPOSTA","cod_imovel":"RJ-3300407-2DB87AC5C8714C3AB19291E52093A3B0","num_area":"3.2648000000000000000000000000000","ind_status":"AT"},"geometry":{"type":"Polygon","coordinates":[[[-44.3368,-22.5793],[-44.3342,-22.5796],[-44.3363,-22.5797],[-44.3368,-22.5793]]]}},{"type":"Feature","properties":{"cod_tema":"ARL_PROPOSTA","cod_imovel":"RJ-3300407-8B2C87591F924B3DBA03FA5A1C03E8B4","num_area":"7.4495000000000000000000000000000","ind_status":"AT"},"geometry":{"type":"Polygon","coordinates":[[[-44.3133,-22.5098],[-44.3163,-22.5089],[-44.3136,-22.5089],[-44.3133,-22.5098]],[[-44.3159,-22.5112],[-44.3179,-22.512],[-44.3159,-22.511],[-44.3159,-22.5112]]]}},{"type":"Feature","properties":{"cod_tema":"ARL_PROPOSTA","cod_imovel":"RJ-3300407-F3101A6EFAE64C0989E00501577B9CA5","num_area":"14.957300000000000000000000000000","ind_status":"AT"},"geometry":{"type":"Polygon","coordinates":[[[-44.2106,-22.5974],[-44.2091,-22.5955],[-44.2102,-22.5976],[-44.2106,-22.5974]],[[-44.2029,-22.606],[-44.2002,-22.6052],[-44.2019,-22.6067],[-44.2029,-22.606]],[[-44.2114,-22.6003],[-44.2084,-22.6011],[-44.2115,-22.6013],[-44.2114,-22.6003]]]}},{"type":"Feature","properties":{"cod_tema":"ARL_PROPOSTA","cod_imovel":"RJ-3300407-3E87AC8EBB954B83AF7B72097C74711E","num_area":"2.8128000000000000000000000000000","ind_status":"AT"},"geometry":{"type":"Polygon","coordinates":[[[-44.0255,-22.4058],[-44.0284,-22.4022],[-44.0257,-22.4051],[-44.0255,-22.4058]]]}},{"type":"Feature","properties":{"cod_tema":"ARL_PROPOSTA","cod_imovel":"RJ-3300407-2E1C90C22EAE42E390C54947E29B6AD8","num_area":"2.6535000000000000000000000000000","ind_status":"AT"},"geometry":{"type":"Polygon","coordinates":[[[-44.1612,-22.6245],[-44.1649,-22.6238],[-44.1621,-22.6241],[-44.1612,-22.6245]]]}},{"type":"Feature","properties":{"cod_tema":"ARL_PROPOSTA","cod_imovel":"RJ-3300407-3EFE7D6F0C364149A01CF4428020A5C6","num_area":"0.4316000000000000000000000000000","ind_status":"AT"},"geometry":{"type":"Polygon","coordinates":[[[-44.2254,-22.538],[-44.2306,-22.5396],[-44.2257,-22.5381],[-44.2254,-22.538]]]}},{"type":"Feature","properties":{"cod_tema":"ARL_PROPOSTA","cod_imovel":"RJ-3300407-37996FA133694A0CA0B09EE0C6CD9BC7","num_area":"26.594900000000000000000000000000","ind_status":"AT"},"geometry":{"type":"Polygon","coordinates":[[[-44.1117,-22.4026],[-44.1186,-22.4067],[-44.1201,-22.4037],[-44.1137,-22.4004],[-44.1117,-22.4026]]]}},{"type":"Feature","properties":{"cod_tema":"ARL_PROPOSTA","cod_imovel":"RJ-3300407-42A8CA77DA954BCF825CBE4C8651B25F","num_area":"10.814500000000000000000000000000","ind_status":"AT"},"geometry":{"type":"Polygon","coordinates":[[[-44.1621,-22.5801],[-44.163,-22.5824],[-44.1622,-22.5801],[-44.1621,-22.5801]],[[-44.1623,-22.5801],[-44.1656,-22.577],[-44.1623,-22.58],[-44.1623,-22.5801]]]}},{"type":"Feature","properties":{"cod_tema":"ARL_PROPOSTA","cod_imovel":"RJ-3300407-4A4610284D5F457CA2936928788A93DE","num_area":"12.128600000000000000000000000000","ind_status":"AT"},"geometry":{"type":"Polygon","coordinates":[[[-44.1583,-22.3991],[-44.1562,-22.3998],[-44.1587,-22.399],[-44.1583,-22.3991]],[[-44.1621,-22.402],[-44.1587,-22.4057],[-44.1614,-22.4025],[-44.1621,-22.402]]]}},{"type":"Feature","properties":{"cod_tema":"ARL_PROPOSTA","cod_imovel":"RJ-3300407-7159505E6C8F42A39B3DCABC025DFBA5","num_area":"5.6970000000000000000000000000000","ind_status":"AT"},"geometry":{"type":"Polygon","coordinates":[[[-44.1291,-22.409],[-44.127,-22.4106],[-44.1297,-22.4123],[-44.1291,-22.409],[-44.1291,-22.409]]]}},{"type":"Feature","properties":{"cod_tema":"ARL_PROPOSTA","cod_imovel":"RJ-3300407-56500EB35AE640A4B9A96FC16244E6D7","num_area":"67.674200000000000000000000000000","ind_status":"AT"},"geometry":{"type":"Polygon","coordinates":[[[-44.1865,-22.4637],[-44.1812,-22.4667],[-44.1865,-22.4643],[-44.1865,-22.4637]],[[-44.1861,-22.4577],[-44.1881,-22.4562],[-44.1856,-22.458],[-44.1861,-22.4577]],[[-44.1793,-22.455],[-44.1835,-22.4591],[-44.1794,-22.4547],[-44.1767,-22.4584],[-44.1791,-22.4551],[-44.1844,-22.4594],[-44.1795,-22.4553],[-44.1811,-22.4521],[-44.1793,-22.455],[-44.1793,-22.455]],[[-44.1747,-22.4608],[-44.1808,-22.452],[-44.175,-22.4561],[-44.1747,-22.4608],[-44.1747,-22.4608]],[[-44.182,-22.4472],[-44.1803,-22.4512],[-44.1847,-22.452],[-44.1829,-22.4483],[-44.1852,-22.4472],[-44.182,-22.4472],[-44.182,-22.4472]],[[-44.1818,-22.4469],[-44.1818,-22.4494],[-44.1758,-22.4483],[-44.1774,-22.4529],[-44.1813,-22.4503],[-44.1767,-22.4487],[-44.1813,-22.4503],[-44.1817,-22.447],[-44.1818,-22.4469]]]}},{"type":"Feature","properties":{"cod_tema":"ARL_PROPOSTA","cod_imovel":"RJ-3300407-592AE51B48294543B2058E9C9059CD53","num_area":"3.4738000000000000000000000000000","ind_status":"AT"},"geometry":{"type":"Polygon","coordinates":[[[-44.1698,-22.5861],[-44.1727,-22.5863],[-44.17,-22.586],[-44.1698,-22.5861]]]}},{"type":"Feature","properties":{"cod_tema":"ARL_PROPOSTA","cod_imovel":"RJ-3300407-58F1A49DB282448FA3E9567ED451232F","num_area":"4.5336000000000000000000000000000","ind_status":"AT"},"geometry":{"type":"Polygon","coordinates":[[[-44.1243,-22.4112],[-44.1232,-22.4092],[-44.1243,-22.412],[-44.1243,-22.4112]]]}},{"type":"Feature","properties":{"cod_tema":"ARL_PROPOSTA","cod_imovel":"RJ-3300407-6136B5879568469EA847D015DE107FB3","num_area":"1.9409000000000000000000000000000","ind_status":"AT"},"geometry":{"type":"Polygon","coordinates":[[[-44.165,-22.5835],[-44.163,-22.584],[-44.1651,-22.5835],[-44.165,-22.5835]]]}},{"type":"Feature","properties":{"cod_tema":"ARL_PROPOSTA","cod_imovel":"RJ-3300407-66167E916E644273969AE42B79B3EDDF","num_area":"8.6953000000000000000000000000000","ind_status":"AT"},"geometry":{"type":"Polygon","coordinates":[[[-44.2435,-22.5618],[-44.2472,-22.5589],[-44.2435,-22.5618],[-44.2435,-22.5618]]]}},{"type":"Feature","properties":{"cod_tema":"ARL_PROPOSTA","cod_imovel":"RJ-3300407-6BAAB801FEC64CB1A31A85505B28D6FB","num_area":"44.794800000000000000000000000000","ind_status":"AT"},"geometry":{"type":"Polygon","coordinates":[[[-44.2907,-22.5687],[-44.2838,-22.5689],[-44.2895,-22.5689],[-44.2907,-22.5687]],[[-44.2902,-22.5685],[-44.2927,-22.5676],[-44.284,-22.5687],[-44.29,-22.5685],[-44.2902,-22.5685]],[[-44.2941,-22.5695],[-44.2885,-22.5733],[-44.2941,-22.5695],[-44.2941,-22.5695]],[[-44.2978,-22.569],[-44.2949,-22.5679],[-44.2971,-22.5704],[-44.295,-22.5682],[-44.2886,-22.5737],[-44.2959,-22.5694],[-44.2927,-22.5718],[-44.2962,-22.5747],[-44.2977,-22.5695],[-44.2978,-22.569]],[[-44.2971,-22.5694],[-44.2945,-22.5696],[-44.2971,-22.5687],[-44.2971,-22.5694]],[[-44.2954,-22.5766],[-44.2894,-22.5761],[-44.2951,-22.5771],[-44.2954,-22.5766]],[[-44.2903,-22.5786],[-44.2899,-22.5766],[-44.29,-22.5787],[-44.2903,-22.5786]],[[-44.2998,-22.5752],[-44.2978,-22.574],[-44.2993,-22.5753],[-44.2998,-22.5752]],[[-44.2988,-22.5649],[-44.3037,-22.5686],[-44.2988,-22.5649],[-44.2988,-22.5649]]]}},{"type":"Feature","properties":{"cod_tema":"ARL_PROPOSTA","cod_imovel":"RJ-3300407-7538922B2451459093E037826C033065","num_area":"31.771200000000000000000000000000","ind_status":"AT"},"geometry":{"type":"Polygon","coordinates":[[[-44.2176,-22.5711],[-44.224,-22.5711],[-44.2225,-22.569],[-44.2175,-22.5711],[-44.2176,-22.5711]],[[-44.2154,-22.5687],[-44.2126,-22.5646],[-44.2157,-22.5599],[-44.2122,-22.5647],[-44.2139,-22.5707],[-44.2154,-22.5688],[-44.2154,-22.5687]],[[-44.2152,-22.5689],[-44.2139,-22.5705],[-44.2152,-22.569],[-44.2152,-22.5689]],[[-44.2133,-22.5698],[-44.2141,-22.5667],[-44.2132,-22.5695],[-44.2133,-22.5698]],[[-44.2156,-22.5598],[-44.2125,-22.5665],[-44.2156,-22.56],[-44.2156,-22.5598]]]}},{"type":"Feature","properties":{"cod_tema":"ARL_PROPOSTA","cod_imovel":"RJ-3300407-99FAC6DA30194969A19F5D293E5CC24A","num_area":"1.0697000000000000000000000000000","ind_status":"AT"},"geometry":{"type":"Polygon","coordinates":[[[-44.2249,-22.5452],[-44.226,-22.5432],[-44.2242,-22.5447],[-44.2249,-22.5452]]]}},{"type":"Feature","properties":{"cod_tema":"ARL_PROPOSTA","cod_imovel":"RJ-3300407-7DE72567D52D4DD2B888C50F4705822D","num_area":"24.528900000000000000000000000000","ind_status":"AT"},"geometry":{"type":"Polygon","coordinates":[[[-44.1878,-22.5708],[-44.187,-22.5645],[-44.1877,-22.5707],[-44.1878,-22.5708]],[[-44.1866,-22.5647],[-44.1868,-22.5698],[-44.1867,-22.5649],[-44.1866,-22.5647]],[[-44.1888,-22.5591],[-44.1871,-22.5637],[-44.189,-22.5593],[-44.1888,-22.5591]],[[-44.1886,-22.5589],[-44.1831,-22.5626],[-44.1866,-22.5634],[-44.1835,-22.5624],[-44.1868,-22.5629],[-44.1886,-22.5589],[-44.1886,-22.5589]],[[-44.1805,-22.5557],[-44.1828,-22.5592],[-44.1845,-22.5551],[-44.1814,-22.555],[-44.1805,-22.5557]],[[-44.1829,-22.5592],[-44.1843,-22.5563],[-44.1831,-22.559],[-44.1829,-22.5592]]]}},{"type":"Feature","properties":{"cod_tema":"ARL_APROVADA_NAO_AVERBADA","cod_imovel":"RJ-3300407-81B36F17D95E49768CC33E3A1D3B6B91","num_area":"2.1025000000000000000000000000000","ind_status":"AT"},"geometry":{"type":"Polygon","coordinates":[[[-44.2039,-22.5662],[-44.207,-22.5653],[-44.205,-22.5665],[-44.2039,-22.5662]]]}},{"type":"Feature","properties":{"cod_tema":"ARL_PROPOSTA","cod_imovel":"RJ-3300407-869396343441458E93AF5A7255FA2A15","num_area":"40.828100000000000000000000000000","ind_status":"AT"},"geometry":{"type":"Polygon","coordinates":[[[-44.2633,-22.5963],[-44.2621,-22.5992],[-44.2672,-22.6005],[-44.2635,-22.5962],[-44.2633,-22.5963]],[[-44.2652,-22.6062],[-44.2732,-22.6077],[-44.271,-22.6021],[-44.2652,-22.6061],[-44.2652,-22.6062]]]}},{"type":"Feature","properties":{"cod_tema":"ARL_PROPOSTA","cod_imovel":"RJ-3300407-8A07BDF4A6214E92B549DAD82D4B8204","num_area":"1.0472000000000000000000000000000","ind_status":"AT"},"geometry":{"type":"Polygon","coordinates":[[[-44.1217,-22.5779],[-44.1183,-22.5786],[-44.1216,-22.578],[-44.1217,-22.5779]]]}},{"type":"Feature","properties":{"cod_tema":"ARL_PROPOSTA","cod_imovel":"RJ-3300407-8B5ADFB6448A4D83A2ED6C849559D279","num_area":"14.545200000000000000000000000000","ind_status":"AT"},"geometry":{"type":"Polygon","coordinates":[[[-44.143,-22.6024],[-44.1394,-22.6035],[-44.1434,-22.6027],[-44.143,-22.6024]],[[-44.1401,-22.6042],[-44.1388,-22.606],[-44.1402,-22.6042],[-44.1401,-22.6042]],[[-44.1451,-22.6056],[-44.145,-22.6032],[-44.1413,-22.6038],[-44.1449,-22.6055],[-44.1451,-22.6056]]]}},{"type":"Feature","properties":{"cod_tema":"ARL_PROPOSTA","cod_imovel":"RJ-3300407-9C9540B3800D45EC874923B2461B8AC7","num_area":"12.205100000000000000000000000000","ind_status":"AT"},"geometry":{"type":"Polygon","coordinates":[[[-44.1056,-22.5998],[-44.1045,-22.5969],[-44.0983,-22.5976],[-44.1055,-22.5998],[-44.1056,-22.5998]]]}},{"type":"Feature","properties":{"cod_tema":"ARL_PROPOSTA","cod_imovel":"RJ-3300407-8E24761965E54FA7A7C24E752DC6D0F6","num_area":"12.504300000000000000000000000000","ind_status":"AT"},"geometry":{"type":"Polygon","coordinates":[[[-44.1593,-22.6654],[-44.1593,-22.6683],[-44.1644,-22.6706],[-44.1594,-22.6654],[-44.1593,-22.6654]]]}},{"type":"Feature","properties":{"cod_tema":"ARL_PROPOSTA","cod_imovel":"RJ-3300407-942B587B3591453BB686B9DCD2823CDB","num_area":"6.3635000000000000000000000000000","ind_status":"AT"},"geometry":{"type":"Polygon","coordinates":[[[-44.105,-22.3756],[-44.1031,-22.3712],[-44.1046,-22.3759],[-44.105,-22.3756]]]}},{"type":"Feature","properties":{"cod_tema":"ARL_PROPOSTA","cod_imovel":"RJ-3300407-9499995E1A674A4E873CF141E3C3FA94","num_area":"6.5727000000000000000000000000000","ind_status":"AT"},"geometry":{"type":"Polygon","coordinates":[[[-44.1135,-22.6199],[-44.1134,-22.6177],[-44.1133,-22.6201],[-44.1135,-22.6199]],[[-44.116,-22.6226],[-44.111,-22.6208],[-44.1161,-22.6228],[-44.116,-22.6226]]]}},{"type":"Feature","properties":{"cod_tema":"ARL_PROPOSTA","cod_imovel":"RJ-3300407-94FDD6B46BA344B5BC0554A1483AC5B0","num_area":"6.3846000000000000000000000000000","ind_status":"AT"},"geometry":{"type":"Polygon","coordinates":[[[-44.1692,-22.4103],[-44.1644,-22.4115],[-44.1686,-22.4103],[-44.1692,-22.4103]]]}},{"type":"Feature","properties":{"cod_tema":"ARL_PROPOSTA","cod_imovel":"RJ-3300407-9CA40B1DE1B9489FA04F96329074D0FC","num_area":"5.3353000000000000000000000000000","ind_status":"AT"},"geometry":{"type":"Polygon","coordinates":[[[-44.1483,-22.6404],[-44.151,-22.6394],[-44.1482,-22.6404],[-44.1483,-22.6404]]]}},{"type":"Feature","properties":{"cod_tema":"ARL_PROPOSTA","cod_imovel":"RJ-3300407-9BE9E1E3F7D14EF3B1510CDF759B8A10","num_area":"10.016000000000000000000000000000","ind_status":"AT"},"geometry":{"type":"Polygon","coordinates":[[[-44.3112,-22.4739],[-44.3146,-22.4752],[-44.3115,-22.4738],[-44.3112,-22.4739]],[[-44.3115,-22.4821],[-44.3135,-22.4786],[-44.3106,-22.4775],[-44.3115,-22.4819],[-44.3115,-22.4821]]]}},{"type":"Feature","properties":{"cod_tema":"ARL_PROPOSTA","cod_imovel":"RJ-3300407-9FE07A674E6044A5BD960E6D7E2B2C05","num_area":"50.043200000000000000000000000000","ind_status":"AT"},"geometry":{"type":"Polygon","coordinates":[[[-44.2033,-22.4832],[-44.1887,-22.4751],[-44.1897,-22.4789],[-44.2032,-22.4832],[-44.2033,-22.4832]]]}},{"type":"Feature","properties":{"cod_tema":"ARL_PROPOSTA","cod_imovel":"RJ-3300407-A99AEF06AE3841EBA8DB90DFF33DEAE1","num_area":"9.4713000000000000000000000000000","ind_status":"AT"},"geometry":{"type":"Polygon","coordinates":[[[-44.1528,-22.4156],[-44.1515,-22.412],[-44.1486,-22.4146],[-44.1525,-22.4156],[-44.1528,-22.4156]]]}},{"type":"Feature","properties":{"cod_tema":"ARL_PROPOSTA","cod_imovel":"RJ-3300407-AC00985CA0ED465686A8864AFDAB9EA7","num_area":"1.3628000000000000000000000000000","ind_status":"AT"},"geometry":{"type":"Polygon","coordinates":[[[-44.2253,-22.5382],[-44.2225,-22.5371],[-44.2249,-22.538],[-44.2253,-22.5382]],[[-44.2275,-22.5367],[-44.2252,-22.5367],[-44.2274,-22.537],[-44.2275,-22.5367]]]}},{"type":"Feature","properties":{"cod_tema":"ARL_PROPOSTA","cod_imovel":"RJ-3300407-B89564F7C4584EA2833C75688CCBF262","num_area":"19.936100000000000000000000000000","ind_status":"AT"},"geometry":{"type":"Polygon","coordinates":[[[-44.1652,-22.3724],[-44.1688,-22.3653],[-44.1653,-22.3639],[-44.1649,-22.3722],[-44.1652,-22.3724]]]}},{"type":"Feature","properties":{"cod_tema":"ARL_PROPOSTA","cod_imovel":"RJ-3300407-B9D7DD676B674310ACDE1E778DD31243","num_area":"51.018100000000000000000000000000","ind_status":"AT"},"geometry":{"type":"Polygon","coordinates":[[[-44.0753,-22.4027],[-44.0864,-22.4025],[-44.0844,-22.3989],[-44.0879,-22.3952],[-44.0783,-22.4019],[-44.0701,-22.3989],[-44.0702,-22.4028],[-44.0753,-22.4027]]]}},{"type":"Feature","properties":{"cod_tema":"ARL_PROPOSTA","cod_imovel":"RJ-3300407-DB465CEC5A1C44339B19AB30EB6DAE56","num_area":"3.7537000000000000000000000000000","ind_status":"AT"},"geometry":{"type":"Polygon","coordinates":[[[-44.215,-22.5147],[-44.212,-22.516],[-44.2148,-22.5147],[-44.215,-22.5147]]]}},{"type":"Feature","properties":{"cod_tema":"ARL_PROPOSTA","cod_imovel":"RJ-3300407-C5DD87B7BC8F43C4A73390B526EDF8E9","num_area":"48.543200000000000000000000000000","ind_status":"AT"},"geometry":{"type":"Polygon","coordinates":[[[-44.3251,-22.5581],[-44.3221,-22.5583],[-44.3246,-22.5583],[-44.3251,-22.5581]],[[-44.321,-22.5721],[-44.3229,-22.5695],[-44.3186,-22.5721],[-44.3207,-22.5723],[-44.321,-22.5721]],[[-44.3271,-22.5601],[-44.3248,-22.5614],[-44.3272,-22.5603],[-44.3276,-22.5681],[-44.3305,-22.5637],[-44.3271,-22.5602],[-44.3271,-22.5601]],[[-44.3167,-22.5693],[-44.3149,-22.5681],[-44.3253,-22.5674],[-44.3199,-22.5678],[-44.3229,-22.5619],[-44.3175,-22.5689],[-44.316,-22.5662],[-44.3098,-22.566],[-44.3165,-22.5693],[-44.3167,-22.5693]]]}},{"type":"Feature","properties":{"cod_tema":"ARL_PROPOSTA","cod_imovel":"RJ-3300407-C2B3F0243A7E46FD92F2C15295799897","num_area":"52.413200000000000000000000000000","ind_status":"AT"},"geometry":{"type":"Polygon","coordinates":[[[-44.2136,-22.5783],[-44.2121,-22.5804],[-44.2135,-22.5785],[-44.2136,-22.5783]],[[-44.2179,-22.5785],[-44.2157,-22.5818],[-44.2196,-22.5854],[-44.2241,-22.5803],[-44.2197,-22.585],[-44.2163,-22.5823],[-44.2205,-22.5794],[-44.2204,-22.583],[-44.2237,-22.5796],[-44.2189,-22.5785],[-44.2179,-22.5785]],[[-44.2206,-22.5796],[-44.2159,-22.5822],[-44.2206,-22.5796],[-44.2206,-22.5796]],[[-44.2192,-22.5856],[-44.2164,-22.5832],[-44.2152,-22.5855],[-44.2153,-22.5786],[-44.215,-22.5853],[-44.2089,-22.5856],[-44.2094,-22.5901],[-44.209,-22.586],[-44.2152,-22.5857],[-44.2105,-22.5865],[-44.2094,-22.5906],[-44.2162,-22.5837],[-44.2191,-22.5854],[-44.2192,-22.5856]],[[-44.2099,-22.5799],[-44.2103,-22.5841],[-44.2101,-22.5801],[-44.2099,-22.5799]]]}},{"type":"Feature","properties":{"cod_tema":"ARL_PROPOSTA","cod_imovel":"RJ-3300407-C2E976898E7E457E9044A4B36E85253F","num_area":"5.5582000000000000000000000000000","ind_status":"AT"},"geometry":{"type":"Polygon","coordinates":[[[-44.2175,-22.5937],[-44.2194,-22.5915],[-44.2158,-22.593],[-44.2175,-22.5937]]]}},{"type":"Feature","properties":{"cod_tema":"ARL_PROPOSTA","cod_imovel":"RJ-3300407-C601D9CC5DA141D6AC30045BCF49C11F","num_area":"10.044000000000000000000000000000","ind_status":"AT"},"geometry":{"type":"Polygon","coordinates":[[[-44.0949,-22.6403],[-44.0908,-22.6381],[-44.0947,-22.6403],[-44.0949,-22.6403]]]}},{"type":"Feature","properties":{"cod_tema":"ARL_PROPOSTA","cod_imovel":"RJ-3300407-C014AD1892064D7382F950FBDA83002F","num_area":"44.493800000000000000000000000000","ind_status":"AT"},"geometry":{"type":"Polygon","coordinates":[[[-44.1928,-22.4041],[-44.1935,-22.4086],[-44.2003,-22.4095],[-44.2016,-22.406],[-44.1928,-22.4041],[-44.1928,-22.4041]]]}},{"type":"Feature","properties":{"cod_tema":"ARL_PROPOSTA","cod_imovel":"RJ-3300407-DAD9BB716C1442FCAAEB20310CF59B7C","num_area":"30.694700000000000000000000000000","ind_status":"AT"},"geometry":{"type":"Polygon","coordinates":[[[-44.1807,-22.6357],[-44.1821,-22.6333],[-44.1803,-22.6357],[-44.1807,-22.6357]],[[-44.1805,-22.6285],[-44.1788,-22.6309],[-44.183,-22.6294],[-44.1806,-22.6285],[-44.1805,-22.6285]],[[-44.1827,-22.6296],[-44.1826,-22.6339],[-44.1828,-22.6295],[-44.1827,-22.6296]],[[-44.1829,-22.6338],[-44.184,-22.6308],[-44.1827,-22.6332],[-44.1829,-22.6338]],[[-44.1838,-22.6301],[-44.1823,-22.6276],[-44.1838,-22.6301],[-44.1838,-22.6301]],[[-44.176,-22.6328],[-44.173,-22.6351],[-44.1828,-22.63],[-44.1769,-22.6315],[-44.176,-22.6328]],[[-44.1837,-22.6348],[-44.1816,-22.636],[-44.1837,-22.6349],[-44.1837,-22.6348]]]}},{"type":"Feature","properties":{"cod_tema":"ARL_PROPOSTA","cod_imovel":"RJ-3300407-DB0947711EBA45F68F018E80553A993C","num_area":"6.3188000000000000000000000000000","ind_status":"AT"},"geometry":{"type":"Polygon","coordinates":[[[-44.1693,-22.4104],[-44.1716,-22.414],[-44.1694,-22.4102],[-44.1693,-22.4104]]]}},{"type":"Feature","properties":{"cod_tema":"ARL_PROPOSTA","cod_imovel":"RJ-3300407-CD8A369D57F146DFB97504A504F693E4","num_area":"4.7140000000000000000000000000000","ind_status":"AT"},"geometry":{"type":"Polygon","coordinates":[[[-44.1538,-22.361],[-44.1532,-22.3581],[-44.1507,-22.3587],[-44.1536,-22.3611],[-44.1538,-22.361]]]}},{"type":"Feature","properties":{"cod_tema":"ARL_PROPOSTA","cod_imovel":"RJ-3300407-CAA29F9F60A646F6B99161B7E527103F","num_area":"30.827500000000000000000000000000","ind_status":"AT"},"geometry":{"type":"Polygon","coordinates":[[[-44.0671,-22.3191],[-44.0639,-22.3238],[-44.0709,-22.3241],[-44.0693,-22.3198],[-44.0671,-22.3191]]]}},{"type":"Feature","properties":{"cod_tema":"ARL_PROPOSTA","cod_imovel":"RJ-3300407-DFFFDCB7EB5E485C9536F04AECF34E83","num_area":"1.9859000000000000000000000000000","ind_status":"AT"},"geometry":{"type":"Polygon","coordinates":[[[-44.2556,-22.562],[-44.2586,-22.5606],[-44.2553,-22.5621],[-44.2556,-22.562]]]}},{"type":"Feature","properties":{"cod_tema":"ARL_PROPOSTA","cod_imovel":"RJ-3300407-E2C9FFB720DF44069B74A7A179381D1E","num_area":"41.286300000000000000000000000000","ind_status":"AT"},"geometry":{"type":"Polygon","coordinates":[[[-44.1723,-22.6498],[-44.174,-22.6479],[-44.1725,-22.6496],[-44.1723,-22.6498]],[[-44.1829,-22.6459],[-44.1865,-22.6473],[-44.1843,-22.6456],[-44.1829,-22.6459]],[[-44.1834,-22.6609],[-44.1828,-22.6589],[-44.1834,-22.6609],[-44.1834,-22.6609]],[[-44.1828,-22.6589],[-44.1803,-22.6616],[-44.1825,-22.6595],[-44.1828,-22.6589]],[[-44.1782,-22.6516],[-44.1743,-22.6512],[-44.1773,-22.6517],[-44.1782,-22.6516]],[[-44.1749,-22.6521],[-44.1773,-22.6543],[-44.1739,-22.6557],[-44.1786,-22.6553],[-44.175,-22.6521],[-44.1749,-22.6521]],[[-44.1726,-22.6633],[-44.1738,-22.6596],[-44.1724,-22.6622],[-44.1726,-22.6633]],[[-44.1738,-22.6596],[-44.1718,-22.6588],[-44.1737,-22.6596],[-44.1738,-22.6596]],[[-44.1718,-22.6591],[-44.1731,-22.6616],[-44.172,-22.659],[-44.1718,-22.6591]]]}},{"type":"Feature","properties":{"cod_tema":"ARL_PROPOSTA","cod_imovel":"RJ-3300407-E6BA4753E3C24C0E8B808ECBCB6A1CF4","num_area":"5.9693000000000000000000000000000","ind_status":"AT"},"geometry":{"type":"Polygon","coordinates":[[[-44.1348,-22.4139],[-44.1375,-22.4136],[-44.135,-22.4141],[-44.1348,-22.4139]],[[-44.1354,-22.4148],[-44.1376,-22.4137],[-44.1355,-22.4148],[-44.1354,-22.4148]],[[-44.1396,-22.4144],[-44.1397,-22.4177],[-44.1396,-22.4145],[-44.1396,-22.4144]]]}},{"type":"Feature","properties":{"cod_tema":"ARL_PROPOSTA","cod_imovel":"RJ-3300407-E4BFD926DC8847A0BBC7B501A715CE3C","num_area":"7.3261000000000000000000000000000","ind_status":"AT"},"geometry":{"type":"Polygon","coordinates":[[[-44.1729,-22.5658],[-44.1707,-22.5681],[-44.1732,-22.5665],[-44.1729,-22.5658]],[[-44.1748,-22.5694],[-44.1715,-22.569],[-44.1747,-22.5699],[-44.1748,-22.5694]]]}},{"type":"Feature","properties":{"cod_tema":"ARL_PROPOSTA","cod_imovel":"RJ-3300407-E6B8378BA307459ABDA99B7BD88CA6FC","num_area":"11.778200000000000000000000000000","ind_status":"AT"},"geometry":{"type":"Polygon","coordinates":[[[-44.2631,-22.6052],[-44.2654,-22.6025],[-44.2559,-22.6025],[-44.2616,-22.6047],[-44.2631,-22.6052]]]}},{"type":"Feature","properties":{"cod_tema":"ARL_PROPOSTA","cod_imovel":"RJ-3300407-E758EC6F75A345F6A6C92774D2ACE0A1","num_area":"3.3127000000000000000000000000000","ind_status":"AT"},"geometry":{"type":"Polygon","coordinates":[[[-44.0969,-22.391],[-44.0969,-22.3935],[-44.097,-22.391],[-44.0969,-22.391]]]}},{"type":"Feature","properties":{"cod_tema":"ARL_PROPOSTA","cod_imovel":"RJ-3300407-EA9B78E03CCF41D1AF684AD2AB1C0FAE","num_area":"80.631500000000000000000000000000","ind_status":"AT"},"geometry":{"type":"Polygon","coordinates":[[[-44.1888,-22.4125],[-44.1807,-22.4155],[-44.1816,-22.4199],[-44.1881,-22.4127],[-44.1888,-22.4125]],[[-44.1889,-22.4081],[-44.1843,-22.4066],[-44.1817,-22.4107],[-44.1888,-22.4083],[-44.1889,-22.4081]],[[-44.1885,-22.423],[-44.1858,-22.4211],[-44.1829,-22.4238],[-44.1885,-22.4257],[-44.1885,-22.423]],[[-44.1829,-22.4239],[-44.182,-22.4275],[-44.1853,-22.4262],[-44.1831,-22.4241],[-44.1829,-22.4239]]]}},{"type":"Feature","properties":{"cod_tema":"ARL_PROPOSTA","cod_imovel":"RJ-3300407-F5B48D25EF5C43FBBD23927BEDF3819B","num_area":"21.939300000000000000000000000000","ind_status":"AT"},"geometry":{"type":"Polygon","coordinates":[[[-44.1333,-22.6474],[-44.1309,-22.6491],[-44.1344,-22.6483],[-44.1371,-22.6515],[-44.1365,-22.647],[-44.1339,-22.6472],[-44.1333,-22.6474]]]}},{"type":"Feature","properties":{"cod_tema":"ARL_PROPOSTA","cod_imovel":"RJ-3300407-A95DFF72A26E4BBCA3C50D53B9EA8004","num_area":"11.954900000000000000000000000000","ind_status":"AT"},"geometry":{"type":"Polygon","coordinates":[[[-44.2899,-22.5458],[-44.2868,-22.5487],[-44.2903,-22.5451],[-44.2899,-22.5458]],[[-44.2869,-22.5488],[-44.2896,-22.5471],[-44.2869,-22.5488],[-44.2869,-22.5488]],[[-44.2888,-22.5437],[-44.2862,-22.5428],[-44.2848,-22.549],[-44.2857,-22.544],[-44.2881,-22.5465],[-44.2893,-22.5439],[-44.2888,-22.5437]],[[-44.2881,-22.5465],[-44.2897,-22.5441],[-44.2881,-22.5465],[-44.2881,-22.5465]]]}},{"type":"Feature","properties":{"cod_tema":"ARL_PROPOSTA","cod_imovel":"RJ-3300407-84FE2321913447189C28606FDC4E1E38","num_area":"16.911500000000000000000000000000","ind_status":"CA"},"geometry":{"type":"Polygon","coordinates":[[[-44.2675,-22.5385],[-44.2621,-22.5413],[-44.2652,-22.5391],[-44.2646,-22.543],[-44.2675,-22.5385]]]}},{"type":"Feature","properties":{"cod_tema":"ARL_PROPOSTA","cod_imovel":"RJ-3300407-E8E93A0C75CA44E385C6D2F985ED47CE","num_area":"68.021600000000000000000000000000","ind_status":"AT"},"geometry":{"type":"Polygon","coordinates":[[[-44.2726,-22.541],[-44.2705,-22.5451],[-44.2762,-22.5411],[-44.2732,-22.5403],[-44.2726,-22.541]],[[-44.2632,-22.542],[-44.266,-22.5425],[-44.2705,-22.536],[-44.2665,-22.5428],[-44.2709,-22.5392],[-44.2696,-22.5438],[-44.2735,-22.5358],[-44.2698,-22.535],[-44.2632,-22.542],[-44.2632,-22.542]]]}},{"type":"Feature","properties":{"cod_tema":"ARL_PROPOSTA","cod_imovel":"RJ-3300407-7D6832D19C8D448E92340E4D5A2ABF2B","num_area":"66.234000000000000000000000000000","ind_status":"AT"},"geometry":{"type":"Polygon","coordinates":[[[-44.1852,-22.4259],[-44.1823,-22.4262],[-44.1791,-22.4211],[-44.1747,-22.4256],[-44.1809,-22.4262],[-44.1771,-22.4298],[-44.1819,-22.4315],[-44.1852,-22.4259],[-44.1852,-22.4259]],[[-44.1737,-22.4421],[-44.1826,-22.4451],[-44.182,-22.4405],[-44.182,-22.4448],[-44.176,-22.4396],[-44.1739,-22.442],[-44.1737,-22.4421]],[[-44.176,-22.4396],[-44.1737,-22.4421],[-44.1759,-22.4397],[-44.176,-22.4396]]]}},{"type":"Feature","properties":{"cod_tema":"ARL_PROPOSTA","cod_imovel":"RJ-3300407-A7DE4859B6234C2288CAF492396A1276","num_area":"2.9954000000000000000000000000000","ind_status":"CA"},"geometry":{"type":"Polygon","coordinates":[[[-44.1309,-22.3421],[-44.1288,-22.3429],[-44.1314,-22.3422],[-44.1309,-22.3421]]]}},{"type":"Feature","properties":{"cod_tema":"ARL_PROPOSTA","cod_imovel":"RJ-3300407-A7DE4859B6234C2288CAF492396A1276","num_area":"4.5584000000000000000000000000000","ind_status":"CA"},"geometry":{"type":"Polygon","coordinates":[[[-44.1278,-22.343],[-44.127,-22.3453],[-44.129,-22.3446],[-44.1278,-22.343]]]}},{"type":"Feature","properties":{"cod_tema":"ARL_PROPOSTA","cod_imovel":"RJ-3300407-A7DE4859B6234C2288CAF492396A1276","num_area":"2.9128000000000000000000000000000","ind_status":"CA"},"geometry":{"type":"Polygon","coordinates":[[[-44.127,-22.3464],[-44.1291,-22.3475],[-44.127,-22.3458],[-44.127,-22.3464]]]}},{"type":"Feature","properties":{"cod_tema":"ARL_PROPOSTA","cod_imovel":"RJ-3300407-F3C66FA08EE344F6BF2AB48B4F55BFFF","num_area":"27.574100000000000000000000000000","ind_status":"AT"},"geometry":{"type":"Polygon","coordinates":[[[-44.2792,-22.476],[-44.2809,-22.4771],[-44.2792,-22.476],[-44.2792,-22.476]],[[-44.2777,-22.4765],[-44.2756,-22.4776],[-44.2777,-22.4765],[-44.2777,-22.4765]],[[-44.2769,-22.4729],[-44.2777,-22.4762],[-44.2778,-22.4724],[-44.2822,-22.4746],[-44.2823,-22.4716],[-44.2769,-22.4729],[-44.2769,-22.4729]],[[-44.282,-22.4813],[-44.281,-22.4781],[-44.2764,-22.4882],[-44.2799,-22.4785],[-44.2761,-22.4889],[-44.2801,-22.481],[-44.282,-22.4813]]]}},{"type":"Feature","properties":{"cod_tema":"ARL_PROPOSTA","cod_imovel":"RJ-3300407-5B4B845A49CA4D2E8D08F969C5A61263","num_area":"71.717600000000000000000000000000","ind_status":"PE"},"geometry":{"type":"Polygon","coordinates":[[[-44.2375,-22.6077],[-44.2401,-22.6043],[-44.2375,-22.6077],[-44.2375,-22.6077]],[[-44.2452,-22.6031],[-44.2465,-22.6004],[-44.2453,-22.6031],[-44.2452,-22.6031]],[[-44.2357,-22.6031],[-44.2415,-22.6034],[-44.2356,-22.603],[-44.2357,-22.6031]],[[-44.2274,-22.5918],[-44.2227,-22.5902],[-44.2259,-22.5934],[-44.2274,-22.5918],[-44.2274,-22.5918]],[[-44.2248,-22.5968],[-44.2283,-22.5988],[-44.2259,-22.5947],[-44.2248,-22.5968],[-44.2248,-22.5968]],[[-44.2375,-22.5966],[-44.2363,-22.5936],[-44.2374,-22.5966],[-44.2375,-22.5966]],[[-44.2375,-22.5967],[-44.2438,-22.5973],[-44.2396,-22.5976],[-44.2365,-22.5936],[-44.2375,-22.5966],[-44.2375,-22.5967]],[[-44.2289,-22.6075],[-44.2331,-22.609],[-44.2352,-22.6041],[-44.2289,-22.6075],[-44.2289,-22.6075]],[[-44.231,-22.5992],[-44.2271,-22.5998],[-44.2361,-22.6014],[-44.2376,-22.598],[-44.231,-22.5992],[-44.231,-22.5992]]]}},{"type":"Feature","properties":{"cod_tema":"ARL_PROPOSTA","cod_imovel":"RJ-3300407-D32540D55D2F462C938947E3C06FA2DB","num_area":"6.0606000000000000000000000000000","ind_status":"AT"},"geometry":{"type":"Polygon","coordinates":[[[-44.1578,-22.5234],[-44.1597,-22.5219],[-44.1576,-22.5235],[-44.1578,-22.5234]]]}},{"type":"Feature","properties":{"cod_tema":"ARL_PROPOSTA","cod_imovel":"RJ-3300407-B42044B4E75A452DAEF2807C276CB604","num_area":"6.0720000000000000000000000000000","ind_status":"AT"},"geometry":{"type":"Polygon","coordinates":[[[-44.2869,-22.5503],[-44.2839,-22.5531],[-44.2868,-22.551],[-44.2869,-22.5503]]]}},{"type":"Feature","properties":{"cod_tema":"ARL_PROPOSTA","cod_imovel":"RJ-3300407-104BF221E71F406EB1FDD3F38510169B","num_area":"7.3443000000000000000000000000000","ind_status":"AT"},"geometry":{"type":"Polygon","coordinates":[[[-44.2863,-22.5429],[-44.2875,-22.5403],[-44.285,-22.548],[-44.2862,-22.5428],[-44.2863,-22.5429]]]}},{"type":"Feature","properties":{"cod_tema":"ARL_PROPOSTA","cod_imovel":"RJ-3300407-6A1E37F9345548F7871144B5C46032F2","num_area":"11.911400000000000000000000000000","ind_status":"PE"},"geometry":{"type":"Polygon","coordinates":[[[-44.1743,-22.6117],[-44.173,-22.6068],[-44.1738,-22.6116],[-44.1743,-22.6117]],[[-44.1728,-22.6069],[-44.1711,-22.61],[-44.1728,-22.607],[-44.1728,-22.6069]],[[-44.1712,-22.61],[-44.1736,-22.6079],[-44.1715,-22.6103],[-44.1737,-22.6116],[-44.1738,-22.6078],[-44.1711,-22.6099],[-44.1712,-22.61]]]}},{"type":"Feature","properties":{"cod_tema":"ARL_PROPOSTA","cod_imovel":"RJ-3300407-0FDAE0AB710F48EAB2CF74C7547E818D","num_area":"7.3655000000000000000000000000000","ind_status":"AT"},"geometry":{"type":"Polygon","coordinates":[[[-44.2687,-22.5851],[-44.2727,-22.5839],[-44.2689,-22.585],[-44.2687,-22.5851]],[[-44.2729,-22.5837],[-44.2746,-22.5804],[-44.2728,-22.5837],[-44.2729,-22.5837]]]}},{"type":"Feature","properties":{"cod_tema":"ARL_PROPOSTA","cod_imovel":"RJ-3300407-3A146F5ED85344728FDD1300B83E717B","num_area":"67.345700000000000000000000000000","ind_status":"AT"},"geometry":{"type":"Polygon","coordinates":[[[-44.3135,-22.5377],[-44.3148,-22.5325],[-44.3086,-22.534],[-44.3135,-22.5377],[-44.3135,-22.5377]],[[-44.3013,-22.5426],[-44.3021,-22.5485],[-44.3053,-22.5482],[-44.3059,-22.5423],[-44.3053,-22.5481],[-44.3081,-22.5463],[-44.3083,-22.5416],[-44.3022,-22.5421],[-44.3013,-22.5426]],[[-44.3015,-22.5428],[-44.3021,-22.5457],[-44.3016,-22.5429],[-44.3015,-22.5428]]]}},{"type":"Feature","properties":{"cod_tema":"ARL_PROPOSTA","cod_imovel":"RJ-3300407-3C2C470D1E2941EDABC77A35068BF362","num_area":"14.209700000000000000000000000000","ind_status":"AT"},"geometry":{"type":"Polygon","coordinates":[[[-44.1862,-22.4691],[-44.1876,-22.4658],[-44.1859,-22.4695],[-44.1862,-22.4691]],[[-44.1963,-22.4557],[-44.1902,-22.4613],[-44.197,-22.4567],[-44.1963,-22.4557]]]}},{"type":"Feature","properties":{"cod_tema":"ARL_PROPOSTA","cod_imovel":"RJ-3300407-F18742B9452B43F9BBBBEACB42DB8A7C","num_area":"3.8080000000000000000000000000000","ind_status":"AT"},"geometry":{"type":"Polygon","coordinates":[[[-44.0974,-22.3824],[-44.0977,-22.3799],[-44.0969,-22.3822],[-44.0974,-22.3824]]]}},{"type":"Feature","properties":{"cod_tema":"ARL_PROPOSTA","cod_imovel":"RJ-3300407-2C5727C25FFB4DC398C61982534637D0","num_area":"0.8881000000000000000000000000000","ind_status":"AT"},"geometry":{"type":"Polygon","coordinates":[[[-44.2148,-22.5623],[-44.2127,-22.5644],[-44.2144,-22.5626],[-44.2148,-22.5623]]]}},{"type":"Feature","properties":{"cod_tema":"ARL_PROPOSTA","cod_imovel":"RJ-3300407-629E3AEB37D44916931606C00695C7DE","num_area":"1.9643000000000000000000000000000","ind_status":"AT"},"geometry":{"type":"Polygon","coordinates":[[[-44.1703,-22.6629],[-44.1729,-22.664],[-44.1703,-22.6629],[-44.1703,-22.6629]]]}},{"type":"Feature","properties":{"cod_tema":"ARL_PROPOSTA","cod_imovel":"RJ-3300407-C84A116F08CF48799ADE21B19AF2EF0C","num_area":"51.826700000000000000000000000000","ind_status":"AT"},"geometry":{"type":"Polygon","coordinates":[[[-44.1346,-22.59],[-44.126,-22.5895],[-44.1262,-22.5938],[-44.129,-22.5916],[-44.1265,-22.5939],[-44.1308,-22.5928],[-44.1346,-22.5966],[-44.1347,-22.59],[-44.1346,-22.59]],[[-44.1304,-22.5941],[-44.1323,-22.5955],[-44.1304,-22.5941],[-44.1304,-22.5941]]]}},{"type":"Feature","properties":{"cod_tema":"ARL_PROPOSTA","cod_imovel":"RJ-3300407-51A4E61B8ABC4B89B3262684A1A6CC98","num_area":"0.7469000000000000000000000000000","ind_status":"PE"},"geometry":{"type":"Polygon","coordinates":[[[-44.2236,-22.5384],[-44.2216,-22.537],[-44.2236,-22.5384],[-44.2236,-22.5384]]]}},{"type":"Feature","properties":{"cod_tema":"ARL_PROPOSTA","cod_imovel":"RJ-3300407-FE4704BA9C8E4E46A2ED80A64DB51F3C","num_area":"9.5410000000000000000000000000000","ind_status":"AT"},"geometry":{"type":"Polygon","coordinates":[[[-44.2532,-22.5548],[-44.2501,-22.5537],[-44.2531,-22.5548],[-44.2532,-22.5548]],[[-44.2507,-22.5592],[-44.2501,-22.5563],[-44.2509,-22.5591],[-44.2507,-22.5592]]]}},{"type":"Feature","properties":{"cod_tema":"ARL_PROPOSTA","cod_imovel":"RJ-3300407-374598E67D3546358EABD705D3D73300","num_area":"12.263800000000000000000000000000","ind_status":"AT"},"geometry":{"type":"Polygon","coordinates":[[[-44.1219,-22.647],[-44.1245,-22.6483],[-44.1227,-22.6462],[-44.1219,-22.647]],[[-44.1261,-22.6425],[-44.1246,-22.6441],[-44.1262,-22.6424],[-44.1261,-22.6425]],[[-44.1246,-22.6442],[-44.127,-22.6464],[-44.1283,-22.6439],[-44.1247,-22.6442],[-44.1246,-22.6442]]]}},{"type":"Feature","properties":{"cod_tema":"ARL_PROPOSTA","cod_imovel":"RJ-3300407-570E389F6D0D4FAC952CC84C30792688","num_area":"17.683700000000000000000000000000","ind_status":"AT"},"geometry":{"type":"Polygon","coordinates":[[[-44.3066,-22.5129],[-44.3073,-22.5156],[-44.3098,-22.5142],[-44.3068,-22.5127],[-44.3066,-22.5129]],[[-44.3038,-22.5148],[-44.3061,-22.5196],[-44.3114,-22.516],[-44.3064,-22.5193],[-44.3015,-22.5095],[-44.3038,-22.5147],[-44.3038,-22.5148]]]}},{"type":"Feature","properties":{"cod_tema":"ARL_PROPOSTA","cod_imovel":"RJ-3300407-9B62DE4ACA57468AA7B513D778BBE362","num_area":"26.795900000000000000000000000000","ind_status":"AT"},"geometry":{"type":"Polygon","coordinates":[[[-44.1243,-22.6358],[-44.1323,-22.6404],[-44.1321,-22.6377],[-44.1244,-22.6354],[-44.1243,-22.6358]],[[-44.1256,-22.6371],[-44.1287,-22.6388],[-44.1256,-22.637],[-44.1256,-22.6371]],[[-44.1269,-22.6383],[-44.1323,-22.6432],[-44.127,-22.6383],[-44.1269,-22.6383]],[[-44.1272,-22.6415],[-44.1304,-22.6432],[-44.1272,-22.6414],[-44.1272,-22.6415]]]}},{"type":"Feature","properties":{"cod_tema":"ARL_PROPOSTA","cod_imovel":"RJ-3300407-56AD7C0550334A53AFFB5E037A098F6B","num_area":"16.282300000000000000000000000000","ind_status":"AT"},"geometry":{"type":"Polygon","coordinates":[[[-44.1187,-22.3413],[-44.1174,-22.346],[-44.1202,-22.341],[-44.1188,-22.345],[-44.1242,-22.3451],[-44.1198,-22.3447],[-44.119,-22.3413],[-44.1187,-22.3413]],[[-44.1186,-22.3455],[-44.1244,-22.3453],[-44.1186,-22.3455],[-44.1186,-22.3455]]]}},{"type":"Feature","properties":{"cod_tema":"ARL_PROPOSTA","cod_imovel":"RJ-3300407-3F878E586DE544BA991EDBA9CDF1646D","num_area":"49.583100000000000000000000000000","ind_status":"AT"},"geometry":{"type":"Polygon","coordinates":[[[-44.1011,-22.607],[-44.0984,-22.6071],[-44.1005,-22.6074],[-44.1011,-22.607]],[[-44.1017,-22.6052],[-44.1033,-22.6029],[-44.0973,-22.6025],[-44.1014,-22.605],[-44.1017,-22.6052]],[[-44.0976,-22.6035],[-44.0984,-22.6065],[-44.0978,-22.6036],[-44.0976,-22.6035]],[[-44.0979,-22.6036],[-44.0992,-22.6069],[-44.099,-22.6041],[-44.0979,-22.6036]],[[-44.0952,-22.6127],[-44.1043,-22.6102],[-44.0984,-22.6091],[-44.0949,-22.6125],[-44.0952,-22.6127]],[[-44.0942,-22.6135],[-44.0967,-22.6151],[-44.0967,-22.6126],[-44.0943,-22.6135],[-44.0942,-22.6135]],[[-44.1072,-22.6122],[-44.1025,-22.6114],[-44.1071,-22.6121],[-44.1072,-22.6122]],[[-44.0988,-22.6122],[-44.0978,-22.6154],[-44.1025,-22.6165],[-44.099,-22.6123],[-44.0988,-22.6122]]]}},{"type":"Feature","properties":{"cod_tema":"ARL_PROPOSTA","cod_imovel":"RJ-3300407-4A6023D0CF9848009C2CE82FFD19E354","num_area":"24.414400000000000000000000000000","ind_status":"AT"},"geometry":{"type":"Polygon","coordinates":[[[-44.1617,-22.4516],[-44.1643,-22.4509],[-44.1611,-22.4517],[-44.1617,-22.4516]],[[-44.1599,-22.4424],[-44.1584,-22.4451],[-44.1605,-22.4417],[-44.1599,-22.4424]],[[-44.168,-22.4519],[-44.1678,-22.4491],[-44.1677,-22.452],[-44.168,-22.4519]],[[-44.1642,-22.4467],[-44.1664,-22.4427],[-44.1641,-22.4467],[-44.1642,-22.4467]],[[-44.1694,-22.4452],[-44.167,-22.4432],[-44.1694,-22.4452],[-44.1694,-22.4452]],[[-44.1581,-22.4507],[-44.1604,-22.4495],[-44.1581,-22.4507],[-44.1581,-22.4507]]]}},{"type":"Feature","properties":{"cod_tema":"ARL_PROPOSTA","cod_imovel":"RJ-3300407-27082969D0344B2BBF0994DA662663B4","num_area":"44.751900000000000000000000000000","ind_status":"AT"},"geometry":{"type":"Polygon","coordinates":[[[-44.13,-22.6039],[-44.1219,-22.6039],[-44.122,-22.6066],[-44.133,-22.6049],[-44.13,-22.6039],[-44.13,-22.6039]],[[-44.132,-22.6054],[-44.1293,-22.6079],[-44.1323,-22.6096],[-44.1358,-22.6064],[-44.132,-22.6054],[-44.132,-22.6054]]]}},{"type":"Feature","properties":{"cod_tema":"ARL_PROPOSTA","cod_imovel":"RJ-3300407-77AB99902EC74F9BAD9A343D69E57AAA","num_area":"110.44160000000000000000000000000","ind_status":"AT"},"geometry":{"type":"Polygon","coordinates":[[[-44.1204,-22.621],[-44.1217,-22.6167],[-44.1133,-22.6171],[-44.1204,-22.621]],[[-44.1037,-22.6029],[-44.1035,-22.6057],[-44.1041,-22.603],[-44.1037,-22.6029]],[[-44.1064,-22.598],[-44.1055,-22.5998],[-44.107,-22.5984],[-44.1064,-22.598]],[[-44.1223,-22.5886],[-44.1196,-22.5899],[-44.1226,-22.5891],[-44.1223,-22.5886]],[[-44.1134,-22.6024],[-44.1161,-22.6022],[-44.1127,-22.6027],[-44.1134,-22.6024]],[[-44.1196,-22.5947],[-44.1169,-22.5985],[-44.1187,-22.5956],[-44.1196,-22.5947]],[[-44.1291,-22.5896],[-44.1213,-22.5901],[-44.1268,-22.5931],[-44.1291,-22.5896]],[[-44.1138,-22.5933],[-44.1103,-22.5957],[-44.1168,-22.5966],[-44.1159,-22.5943],[-44.1138,-22.5933]],[[-44.1191,-22.6019],[-44.1189,-22.6056],[-44.1202,-22.6025],[-44.1191,-22.6019]],[[-44.1145,-22.6038],[-44.1119,-22.603],[-44.1103,-22.6089],[-44.1184,-22.6077],[-44.1151,-22.6042],[-44.1145,-22.6038]]]}},{"type":"Feature","properties":{"cod_tema":"ARL_PROPOSTA","cod_imovel":"RJ-3300407-01E7CAC002E74ABD9B82C594518B6847","num_area":"26.003700000000000000000000000000","ind_status":"AT"},"geometry":{"type":"Polygon","coordinates":[[[-44.2499,-22.5649],[-44.2465,-22.5654],[-44.2499,-22.5652],[-44.2499,-22.5649]],[[-44.2469,-22.5699],[-44.2483,-22.568],[-44.245,-22.5669],[-44.246,-22.5696],[-44.2469,-22.5699]],[[-44.249,-22.568],[-44.2502,-22.571],[-44.249,-22.5678],[-44.249,-22.568]],[[-44.2432,-22.5743],[-44.2442,-22.5777],[-44.2475,-22.5733],[-44.2448,-22.5768],[-44.246,-22.5734],[-44.2432,-22.5731],[-44.2432,-22.5743]]]}},{"type":"Feature","properties":{"cod_tema":"ARL_PROPOSTA","cod_imovel":"RJ-3300407-D6722A0E1B5F42418B5E131962C5849C","num_area":"25.598700000000000000000000000000","ind_status":"AT"},"geometry":{"type":"Polygon","coordinates":[[[-44.1898,-22.5741],[-44.1876,-22.5739],[-44.1887,-22.5769],[-44.1896,-22.5745],[-44.1898,-22.5741]],[[-44.1935,-22.5804],[-44.1929,-22.5782],[-44.1877,-22.5817],[-44.1889,-22.5839],[-44.1874,-22.582],[-44.1894,-22.5844],[-44.1924,-22.5807],[-44.1935,-22.5804]]]}},{"type":"Feature","properties":{"cod_tema":"ARL_PROPOSTA","cod_imovel":"RJ-3300407-1798AC0899EA47BDB8B6B932C4F08F85","num_area":"4.4692000000000000000000000000000","ind_status":"AT"},"geometry":{"type":"Polygon","coordinates":[[[-44.1358,-22.5578],[-44.1386,-22.5564],[-44.1359,-22.5575],[-44.1358,-22.5578]]]}},{"type":"Feature","properties":{"cod_tema":"ARL_PROPOSTA","cod_imovel":"RJ-3300407-7AF8A86AE846471ABF2EC17B9D877D92","num_area":"13.918300000000000000000000000000","ind_status":"AT"},"geometry":{"type":"Polygon","coordinates":[[[-44.1151,-22.3453],[-44.114,-22.3517],[-44.116,-22.3447],[-44.1151,-22.3453]],[[-44.1154,-22.3511],[-44.1147,-22.348],[-44.118,-22.3465],[-44.1144,-22.3481],[-44.1154,-22.3511],[-44.1154,-22.3511]]]}},{"type":"Feature","properties":{"cod_tema":"ARL_PROPOSTA","cod_imovel":"RJ-3300407-AA6930FBED284C7BA22F2801A96A4698","num_area":"18.219200000000000000000000000000","ind_status":"PE"},"geometry":{"type":"Polygon","coordinates":[[[-44.3262,-22.4989],[-44.3255,-22.4949],[-44.3181,-22.4954],[-44.3259,-22.4988],[-44.3262,-22.4989]]]}},{"type":"Feature","properties":{"cod_tema":"ARL_PROPOSTA","cod_imovel":"RJ-3300407-F75182C9D0CE4AD29C2192219FFF93D6","num_area":"36.774200000000000000000000000000","ind_status":"AT"},"geometry":{"type":"Polygon","coordinates":[[[-44.126,-22.3494],[-44.1249,-22.3474],[-44.1163,-22.355],[-44.1211,-22.3556],[-44.125,-22.3486],[-44.1214,-22.3558],[-44.126,-22.3494],[-44.126,-22.3494]],[[-44.1189,-22.3562],[-44.1213,-22.3558],[-44.1189,-22.3562],[-44.1189,-22.3562]]]}},{"type":"Feature","properties":{"cod_tema":"ARL_PROPOSTA","cod_imovel":"RJ-3300407-5EDD890655FE48ED936F29853B13DA19","num_area":"9.1074000000000000000000000000000","ind_status":"AT"},"geometry":{"type":"Polygon","coordinates":[[[-44.1993,-22.5769],[-44.2029,-22.5764],[-44.1987,-22.5764],[-44.1993,-22.5769]]]}},{"type":"Feature","properties":{"cod_tema":"ARL_PROPOSTA","cod_imovel":"RJ-3300407-314998A75E2E4D8696CC41FDCFEEE082","num_area":"13.085500000000000000000000000000","ind_status":"AT"},"geometry":{"type":"Polygon","coordinates":[[[-44.1967,-22.5559],[-44.1998,-22.5531],[-44.1971,-22.5553],[-44.1967,-22.5559]],[[-44.1954,-22.5454],[-44.195,-22.5481],[-44.1955,-22.5455],[-44.1954,-22.5454]],[[-44.2024,-22.5441],[-44.1994,-22.5474],[-44.2024,-22.5441],[-44.2024,-22.5441]],[[-44.202,-22.5453],[-44.1968,-22.545],[-44.1955,-22.5484],[-44.202,-22.5453],[-44.202,-22.5453]]]}},{"type":"Feature","properties":{"cod_tema":"ARL_PROPOSTA","cod_imovel":"RJ-3300407-B24770C8966E4471B1D6074EEE342590","num_area":"6.8583000000000000000000000000000","ind_status":"AT"},"geometry":{"type":"Polygon","coordinates":[[[-44.1479,-22.6552],[-44.1461,-22.6541],[-44.1478,-22.6554],[-44.1479,-22.6552]],[[-44.1482,-22.6537],[-44.1459,-22.6525],[-44.1482,-22.654],[-44.1482,-22.6537]],[[-44.1423,-22.6543],[-44.139,-22.6526],[-44.1422,-22.6544],[-44.1423,-22.6543]],[[-44.1424,-22.6545],[-44.1399,-22.6554],[-44.1425,-22.6545],[-44.1424,-22.6545]]]}},{"type":"Feature","properties":{"cod_tema":"ARL_PROPOSTA","cod_imovel":"RJ-3300407-1ABD3D4432B64C48A4DFF9D30BBF0D86","num_area":"5.5523000000000000000000000000000","ind_status":"AT"},"geometry":{"type":"Polygon","coordinates":[[[-44.1447,-22.3505],[-44.1421,-22.349],[-44.1446,-22.3506],[-44.1447,-22.3505]]]}},{"type":"Feature","properties":{"cod_tema":"ARL_PROPOSTA","cod_imovel":"RJ-3300407-D0B7B3F6784440A9806838FC70ADF526","num_area":"21.738000000000000000000000000000","ind_status":"AT"},"geometry":{"type":"Polygon","coordinates":[[[-44.0947,-22.5532],[-44.0952,-22.5577],[-44.0946,-22.5528],[-44.0947,-22.5532]],[[-44.0963,-22.5525],[-44.0942,-22.5497],[-44.0958,-22.5523],[-44.0963,-22.5525]],[[-44.0959,-22.5496],[-44.0938,-22.5461],[-44.0959,-22.5496],[-44.0959,-22.5496]]]}},{"type":"Feature","properties":{"cod_tema":"ARL_PROPOSTA","cod_imovel":"RJ-3300407-0F8B149804D547FFA4C4D18A6C345F02","num_area":"10.922400000000000000000000000000","ind_status":"PE"},"geometry":{"type":"Polygon","coordinates":[[[-44.1144,-22.6503],[-44.1193,-22.6501],[-44.1142,-22.6502],[-44.1144,-22.6503]]]}},{"type":"Feature","properties":{"cod_tema":"ARL_PROPOSTA","cod_imovel":"RJ-3300407-820811F9918E4528B425058F8A304ECC","num_area":"20.471600000000000000000000000000","ind_status":"PE"},"geometry":{"type":"Polygon","coordinates":[[[-44.1674,-22.609],[-44.1685,-22.6117],[-44.1676,-22.6091],[-44.1674,-22.609]],[[-44.1706,-22.6155],[-44.1699,-22.6132],[-44.1705,-22.6159],[-44.1706,-22.6155]],[[-44.178,-22.6123],[-44.178,-22.6099],[-44.1746,-22.6132],[-44.1779,-22.6126],[-44.178,-22.6123]],[[-44.172,-22.6082],[-44.1719,-22.6132],[-44.1718,-22.6085],[-44.172,-22.6082]],[[-44.1745,-22.6089],[-44.1722,-22.6098],[-44.1739,-22.612],[-44.1745,-22.609],[-44.1745,-22.6089]]]}},{"type":"Feature","properties":{"cod_tema":"ARL_PROPOSTA","cod_imovel":"RJ-3300407-E6ADAA967D1347138517603C7C77D784","num_area":"5.5296000000000000000000000000000","ind_status":"AT"},"geometry":{"type":"Polygon","coordinates":[[[-44.1321,-22.3813],[-44.1359,-22.3825],[-44.1322,-22.3812],[-44.1321,-22.3813]]]}},{"type":"Feature","properties":{"cod_tema":"ARL_PROPOSTA","cod_imovel":"RJ-3300407-7BDFF93D5A1345C7887E9FBB50D8D171","num_area":"0.3857000000000000000000000000000","ind_status":"AT"},"geometry":{"type":"Polygon","coordinates":[[[-44.2629,-22.5798],[-44.26,-22.5786],[-44.2628,-22.5797],[-44.2629,-22.5798]]]}},{"type":"Feature","properties":{"cod_tema":"ARL_PROPOSTA","cod_imovel":"RJ-3300407-E20F0ECFEB274C0EBF5619282F07573B","num_area":"1.8815000000000000000000000000000","ind_status":"AT"},"geometry":{"type":"Polygon","coordinates":[[[-44.1119,-22.5833],[-44.1136,-22.5815],[-44.1115,-22.5831],[-44.1119,-22.5833]]]}},{"type":"Feature","properties":{"cod_tema":"ARL_PROPOSTA","cod_imovel":"RJ-3300407-70AE7EB0C13E4BFDA2E99A3FA7644F41","num_area":"5.2646000000000000000000000000000","ind_status":"AT"},"geometry":{"type":"Polygon","coordinates":[[[-44.1209,-22.5728],[-44.1224,-22.571],[-44.1208,-22.5728],[-44.1209,-22.5728]],[[-44.1153,-22.576],[-44.118,-22.5787],[-44.1154,-22.5757],[-44.1153,-22.576]],[[-44.1155,-22.5764],[-44.1178,-22.5787],[-44.1155,-22.5764],[-44.1155,-22.5764]]]}},{"type":"Feature","properties":{"cod_tema":"ARL_PROPOSTA","cod_imovel":"RJ-3300407-ED5C0CDEF4D74095BE6E7E7FE998741A","num_area":"15.187800000000000000000000000000","ind_status":"AT"},"geometry":{"type":"Polygon","coordinates":[[[-44.1644,-22.5003],[-44.1611,-22.5031],[-44.1645,-22.5006],[-44.1644,-22.5003]],[[-44.1641,-22.5],[-44.161,-22.503],[-44.164,-22.5001],[-44.1641,-22.5]],[[-44.1549,-22.5044],[-44.1549,-22.5103],[-44.1549,-22.5044],[-44.1549,-22.5044]],[[-44.16,-22.5023],[-44.1619,-22.4975],[-44.16,-22.5023],[-44.16,-22.5023]],[[-44.1619,-22.4975],[-44.1598,-22.5022],[-44.1613,-22.4979],[-44.1619,-22.4975]],[[-44.1613,-22.5051],[-44.1651,-22.5012],[-44.1613,-22.5051],[-44.1613,-22.5051]],[[-44.1651,-22.5012],[-44.1613,-22.5048],[-44.165,-22.5014],[-44.1651,-22.5012]],[[-44.16,-22.5023],[-44.1579,-22.4992],[-44.1564,-22.5016],[-44.161,-22.5035],[-44.1564,-22.5016],[-44.1581,-22.4993],[-44.16,-22.5023],[-44.16,-22.5023]]]}},{"type":"Feature","properties":{"cod_tema":"ARL_PROPOSTA","cod_imovel":"RJ-3300407-0012FB3D32B4472DB5D510D344A66E14","num_area":"3.8702000000000000000000000000000","ind_status":"AT"},"geometry":{"type":"Polygon","coordinates":[[[-44.2361,-22.535],[-44.2378,-22.5326],[-44.2362,-22.5348],[-44.2361,-22.535]]]}},{"type":"Feature","properties":{"cod_tema":"ARL_PROPOSTA","cod_imovel":"RJ-3300407-25B07F980F574AB895F151351BB7B6DB","num_area":"30.027700000000000000000000000000","ind_status":"AT"},"geometry":{"type":"Polygon","coordinates":[[[-44.1718,-22.3676],[-44.1696,-22.3664],[-44.1705,-22.3714],[-44.1724,-22.3679],[-44.1718,-22.3676]],[[-44.1669,-22.3739],[-44.1661,-22.3758],[-44.1671,-22.374],[-44.1669,-22.3739]],[[-44.1651,-22.3722],[-44.1692,-22.3662],[-44.1669,-22.365],[-44.1649,-22.3717],[-44.1651,-22.3722]],[[-44.1711,-22.3746],[-44.1686,-22.3716],[-44.1709,-22.3745],[-44.1711,-22.3746]],[[-44.1695,-22.3721],[-44.1709,-22.3745],[-44.1695,-22.3721],[-44.1695,-22.3721]]]}},{"type":"Feature","properties":{"cod_tema":"ARL_PROPOSTA","cod_imovel":"RJ-3300407-016D9B7779D54C74805C41F39D0B004F","num_area":"4.6392000000000000000000000000000","ind_status":"AT"},"geometry":{"type":"Polygon","coordinates":[[[-44.1015,-22.3725],[-44.0982,-22.375],[-44.1015,-22.3726],[-44.1015,-22.3725]]]}},{"type":"Feature","properties":{"cod_tema":"ARL_PROPOSTA","cod_imovel":"RJ-3300407-28E1718F96DD43DB86187DAD2AB4D06E","num_area":"2.4199000000000000000000000000000","ind_status":"AT"},"geometry":{"type":"Polygon","coordinates":[[[-44.1156,-22.3886],[-44.1123,-22.388],[-44.1151,-22.3892],[-44.1156,-22.3886]],[[-44.1123,-22.388],[-44.1143,-22.389],[-44.1123,-22.3881],[-44.1123,-22.388]]]}},{"type":"Feature","properties":{"cod_tema":"ARL_PROPOSTA","cod_imovel":"RJ-3300407-9102E01793FC47D4801A09C19784AA0E","num_area":"10.994900000000000000000000000000","ind_status":"AT"},"geometry":{"type":"Polygon","coordinates":[[[-44.3054,-22.5222],[-44.3057,-22.5272],[-44.3054,-22.5222],[-44.3054,-22.5222]],[[-44.2966,-22.5203],[-44.2989,-22.524],[-44.2967,-22.5202],[-44.2966,-22.5203]],[[-44.2975,-22.5245],[-44.3015,-22.5249],[-44.2977,-22.5245],[-44.2975,-22.5245]]]}},{"type":"Feature","properties":{"cod_tema":"ARL_PROPOSTA","cod_imovel":"RJ-3300407-5984A9F6F61E4D4DB6DC0C6A079E98A9","num_area":"2.0392000000000000000000000000000","ind_status":"AT"},"geometry":{"type":"Polygon","coordinates":[[[-44.1476,-22.3324],[-44.1505,-22.3314],[-44.1476,-22.3322],[-44.1476,-22.3324]]]}},{"type":"Feature","properties":{"cod_tema":"ARL_PROPOSTA","cod_imovel":"RJ-3300407-D8DA7C683A414C68BDD22BDA03FDF3E8","num_area":"3.7081000000000000000000000000000","ind_status":"AT"},"geometry":{"type":"Polygon","coordinates":[[[-44.1178,-22.5869],[-44.1195,-22.588],[-44.1176,-22.5867],[-44.1178,-22.5869]]]}},{"type":"Feature","properties":{"cod_tema":"ARL_PROPOSTA","cod_imovel":"RJ-3300407-677686CF94FB4802A6B4F7279068F3F9","num_area":"2.7527000000000000000000000000000","ind_status":"AT"},"geometry":{"type":"Polygon","coordinates":[[[-44.2632,-22.5803],[-44.2678,-22.5794],[-44.2633,-22.5804],[-44.2632,-22.5803]]]}},{"type":"Feature","properties":{"cod_tema":"ARL_PROPOSTA","cod_imovel":"RJ-3300407-B23C1D1E3DAE48D499217F2FE73E0FD4","num_area":"8.1935000000000000000000000000000","ind_status":"AT"},"geometry":{"type":"Polygon","coordinates":[[[-44.2901,-22.5785],[-44.2959,-22.5801],[-44.2915,-22.5787],[-44.2901,-22.5785]]]}},{"type":"Feature","properties":{"cod_tema":"ARL_PROPOSTA","cod_imovel":"RJ-3300407-02AA739EB0A546BE95F8E766F4CBC73D","num_area":"110.50120000000000000000000000000","ind_status":"AT"},"geometry":{"type":"Polygon","coordinates":[[[-44.1415,-22.3966],[-44.1445,-22.3961],[-44.1422,-22.396],[-44.1415,-22.3966]],[[-44.1306,-22.4101],[-44.1346,-22.4138],[-44.1306,-22.4101],[-44.1306,-22.4101]],[[-44.1424,-22.3874],[-44.139,-22.3921],[-44.1413,-22.3936],[-44.1433,-22.39],[-44.1424,-22.3874]],[[-44.1381,-22.401],[-44.143,-22.3996],[-44.1374,-22.4001],[-44.1381,-22.401]],[[-44.1364,-22.3987],[-44.1325,-22.4049],[-44.1297,-22.4048],[-44.1321,-22.4017],[-44.1291,-22.4042],[-44.1242,-22.4021],[-44.1336,-22.4098],[-44.1318,-22.4081],[-44.1366,-22.4062],[-44.1391,-22.4086],[-44.1367,-22.3992],[-44.1364,-22.3987]]]}},{"type":"Feature","properties":{"cod_tema":"ARL_PROPOSTA","cod_imovel":"RJ-3300407-DBB33340FAE14DCAA8D07F2230C73594","num_area":"2.9653000000000000000000000000000","ind_status":"AT"},"geometry":{"type":"Polygon","coordinates":[[[-44.1614,-22.6193],[-44.1653,-22.6179],[-44.1619,-22.6187],[-44.1614,-22.6193]],[[-44.1618,-22.6196],[-44.164,-22.6184],[-44.1619,-22.6196],[-44.1618,-22.6196]]]}},{"type":"Feature","properties":{"cod_tema":"ARL_PROPOSTA","cod_imovel":"RJ-3300407-3A5CD1656BC2464CBA1C71255E53E782","num_area":"3.3217000000000000000000000000000","ind_status":"AT"},"geometry":{"type":"Polygon","coordinates":[[[-44.3239,-22.5616],[-44.3214,-22.5631],[-44.325,-22.5628],[-44.3239,-22.5616]]]}},{"type":"Feature","properties":{"cod_tema":"ARL_PROPOSTA","cod_imovel":"RJ-3300407-C9D7EE0F50F848D4B2B43C96A46855D2","num_area":"9.2498000000000000000000000000000","ind_status":"AT"},"geometry":{"type":"Polygon","coordinates":[[[-44.1435,-22.3768],[-44.1417,-22.3743],[-44.1404,-22.3803],[-44.1435,-22.3768],[-44.1435,-22.3768]]]}},{"type":"Feature","properties":{"cod_tema":"ARL_PROPOSTA","cod_imovel":"RJ-3300407-770387F587C6419D8EA227EABFCF9295","num_area":"9.7937000000000000000000000000000","ind_status":"AT"},"geometry":{"type":"Polygon","coordinates":[[[-44.1045,-22.3713],[-44.1101,-22.3758],[-44.1053,-22.3712],[-44.1045,-22.3713]]]}},{"type":"Feature","properties":{"cod_tema":"ARL_PROPOSTA","cod_imovel":"RJ-3300407-4ED6E844EB664B908C77E2A86EB772CB","num_area":"4.8013000000000000000000000000000","ind_status":"AT"},"geometry":{"type":"Polygon","coordinates":[[[-44.1353,-22.5647],[-44.1349,-22.5625],[-44.1353,-22.5647],[-44.1353,-22.5647]],[[-44.1349,-22.5624],[-44.1342,-22.5647],[-44.1349,-22.5625],[-44.1349,-22.5624]]]}},{"type":"Feature","properties":{"cod_tema":"ARL_PROPOSTA","cod_imovel":"RJ-3300407-4DE65100013F45009BFB2A99A4C4BE9D","num_area":"2.5251000000000000000000000000000","ind_status":"AT"},"geometry":{"type":"Polygon","coordinates":[[[-44.2128,-22.5201],[-44.2162,-22.5183],[-44.2127,-22.5201],[-44.2128,-22.5201]]]}},{"type":"Feature","properties":{"cod_tema":"ARL_PROPOSTA","cod_imovel":"RJ-3300407-E7A972930F3A464FB33D60C275CE7934","num_area":"7.3024000000000000000000000000000","ind_status":"AT"},"geometry":{"type":"Polygon","coordinates":[[[-44.1427,-22.3488],[-44.1445,-22.3512],[-44.1427,-22.3488],[-44.1427,-22.3488]],[[-44.141,-22.3463],[-44.1437,-22.3476],[-44.1412,-22.3463],[-44.141,-22.3463]]]}},{"type":"Feature","properties":{"cod_tema":"ARL_PROPOSTA","cod_imovel":"RJ-3300407-714E24FEE184466D9040EA91A9CF68D9","num_area":"21.012300000000000000000000000000","ind_status":"AT"},"geometry":{"type":"Polygon","coordinates":[[[-44.0294,-22.2997],[-44.0307,-22.3049],[-44.0341,-22.303],[-44.032,-22.3015],[-44.0294,-22.2997]]]}},{"type":"Feature","properties":{"cod_tema":"ARL_PROPOSTA","cod_imovel":"RJ-3300407-A657E3C0C4734BC68C1F63DBEA875352","num_area":"44.813000000000000000000000000000","ind_status":"PE"},"geometry":{"type":"Polygon","coordinates":[[[-44.1483,-22.3952],[-44.1438,-22.3902],[-44.141,-22.3933],[-44.1467,-22.3973],[-44.1484,-22.3952],[-44.1483,-22.3952]],[[-44.1512,-22.4071],[-44.1534,-22.4036],[-44.1512,-22.407],[-44.1512,-22.4071]],[[-44.1562,-22.4075],[-44.1587,-22.406],[-44.1569,-22.4034],[-44.1561,-22.4075],[-44.1562,-22.4075]],[[-44.1568,-22.4033],[-44.156,-22.4074],[-44.1568,-22.4033],[-44.1568,-22.4033]],[[-44.1505,-22.4013],[-44.1557,-22.4033],[-44.1506,-22.4013],[-44.1505,-22.4013]]]}},{"type":"Feature","properties":{"cod_tema":"ARL_PROPOSTA","cod_imovel":"RJ-3300407-8C0D09D9A38141B2BA49E63E50CAF834","num_area":"25.909000000000000000000000000000","ind_status":"PE"},"geometry":{"type":"Polygon","coordinates":[[[-44.1115,-22.3574],[-44.1092,-22.3578],[-44.1114,-22.3576],[-44.1115,-22.3574]],[[-44.1076,-22.354],[-44.1018,-22.3517],[-44.1052,-22.3599],[-44.1081,-22.3547],[-44.1076,-22.354]],[[-44.1052,-22.3599],[-44.1052,-22.3572],[-44.1052,-22.3599],[-44.1052,-22.3599]],[[-44.1053,-22.3569],[-44.1082,-22.355],[-44.1053,-22.3568],[-44.1053,-22.3569]]]}},{"type":"Feature","properties":{"cod_tema":"ARL_PROPOSTA","cod_imovel":"RJ-3300407-D00218C03A014A5581D277BCFCB112B1","num_area":"17.376700000000000000000000000000","ind_status":"PE"},"geometry":{"type":"Polygon","coordinates":[[[-44.1125,-22.3573],[-44.1142,-22.3534],[-44.1111,-22.3547],[-44.1125,-22.3573],[-44.1125,-22.3573]],[[-44.1142,-22.3572],[-44.1176,-22.3556],[-44.1142,-22.3572],[-44.1142,-22.3572]]]}},{"type":"Feature","properties":{"cod_tema":"ARL_PROPOSTA","cod_imovel":"RJ-3300407-E151D7F87B7F42E89D60A08ED090BD3F","num_area":"4.5031000000000000000000000000000","ind_status":"AT"},"geometry":{"type":"Polygon","coordinates":[[[-44.1286,-22.5833],[-44.1251,-22.5847],[-44.1279,-22.5841],[-44.1286,-22.5833]]]}},{"type":"Feature","properties":{"cod_tema":"ARL_PROPOSTA","cod_imovel":"RJ-3300407-03A887D3B57C4E779C2445031566F662","num_area":"25.969700000000000000000000000000","ind_status":"AT"},"geometry":{"type":"Polygon","coordinates":[[[-44.1418,-22.6102],[-44.1477,-22.6099],[-44.1418,-22.6102],[-44.1418,-22.6102]],[[-44.1477,-22.6099],[-44.1446,-22.6071],[-44.1418,-22.6101],[-44.1476,-22.6099],[-44.1477,-22.6099]],[[-44.1498,-22.6059],[-44.15,-22.6037],[-44.149,-22.6066],[-44.1498,-22.6059]],[[-44.1499,-22.6037],[-44.1485,-22.6019],[-44.1451,-22.6055],[-44.1499,-22.6037],[-44.1499,-22.6037]]]}},{"type":"Feature","properties":{"cod_tema":"ARL_PROPOSTA","cod_imovel":"RJ-3300407-5559A18C534B43B4B98638A5F50D513B","num_area":"2.3291000000000000000000000000000","ind_status":"AT"},"geometry":{"type":"Polygon","coordinates":[[[-44.2253,-22.5197],[-44.2276,-22.5196],[-44.2253,-22.5197],[-44.2253,-22.5197]]]}},{"type":"Feature","properties":{"cod_tema":"ARL_PROPOSTA","cod_imovel":"RJ-3300407-180357B983CB4D848FC4D9C1AD7FFA4E","num_area":"12.326200000000000000000000000000","ind_status":"AT"},"geometry":{"type":"Polygon","coordinates":[[[-44.3019,-22.5146],[-44.2975,-22.5132],[-44.3011,-22.5162],[-44.2985,-22.5174],[-44.3022,-22.5156],[-44.3019,-22.5146]]]}},{"type":"Feature","properties":{"cod_tema":"ARL_PROPOSTA","cod_imovel":"RJ-3300407-38EF46DC23764378B0D00D1CE33273E2","num_area":"9.0285000000000000000000000000000","ind_status":"AT"},"geometry":{"type":"Polygon","coordinates":[[[-44.1683,-22.5015],[-44.1646,-22.5004],[-44.1681,-22.502],[-44.1683,-22.5015]]]}},{"type":"Feature","properties":{"cod_tema":"ARL_PROPOSTA","cod_imovel":"RJ-3300407-D4289E42FD3A477083D72AEB82E79BEC","num_area":"0.7872000000000000000000000000000","ind_status":"AT"},"geometry":{"type":"Polygon","coordinates":[[[-44.2564,-22.4839],[-44.2524,-22.4861],[-44.2565,-22.4839],[-44.2564,-22.4839]]]}},{"type":"Feature","properties":{"cod_tema":"ARL_PROPOSTA","cod_imovel":"RJ-3300407-D25FCDE62A8A4F12B13092BB24DC29E8","num_area":"5.9535000000000000000000000000000","ind_status":"AT"},"geometry":{"type":"Polygon","coordinates":[[[-44.1033,-22.4162],[-44.1003,-22.418],[-44.103,-22.419],[-44.1032,-22.4165],[-44.1042,-22.4187],[-44.1034,-22.4165],[-44.1033,-22.4162]]]}},{"type":"Feature","properties":{"cod_tema":"ARL_PROPOSTA","cod_imovel":"RJ-3300407-B8D9ECA7988C4541BC5B27DBB78E78DD","num_area":"135.48290000000000000000000000000","ind_status":"AT"},"geometry":{"type":"Polygon","coordinates":[[[-44.2697,-22.5353],[-44.2623,-22.5308],[-44.2611,-22.5361],[-44.2615,-22.5311],[-44.2577,-22.5307],[-44.252,-22.5419],[-44.2542,-22.5436],[-44.2591,-22.5392],[-44.2621,-22.5412],[-44.2661,-22.5381],[-44.2697,-22.5353]],[[-44.2609,-22.5292],[-44.2592,-22.5274],[-44.2576,-22.5306],[-44.2609,-22.5292],[-44.2609,-22.5292]]]}},{"type":"Feature","properties":{"cod_tema":"ARL_PROPOSTA","cod_imovel":"RJ-3300407-45848AD4164A4ABAB857FD1A88B108A7","num_area":"23.923400000000000000000000000000","ind_status":"AT"},"geometry":{"type":"Polygon","coordinates":[[[-44.2232,-22.4857],[-44.224,-22.4899],[-44.2303,-22.4892],[-44.2235,-22.4857],[-44.2232,-22.4857]]]}},{"type":"Feature","properties":{"cod_tema":"ARL_PROPOSTA","cod_imovel":"RJ-3300407-64CC4ACAA22C4677A3A35311A131CC37","num_area":"4.0880000000000000000000000000000","ind_status":"AT"},"geometry":{"type":"Polygon","coordinates":[[[-44.1319,-22.3425],[-44.1343,-22.3451],[-44.1319,-22.3432],[-44.1319,-22.3425]]]}},{"type":"Feature","properties":{"cod_tema":"ARL_PROPOSTA","cod_imovel":"RJ-3300407-64CC4ACAA22C4677A3A35311A131CC37","num_area":"2.9079000000000000000000000000000","ind_status":"AT"},"geometry":{"type":"Polygon","coordinates":[[[-44.1313,-22.345],[-44.1339,-22.3473],[-44.1322,-22.3447],[-44.1313,-22.345]]]}},{"type":"Feature","properties":{"cod_tema":"ARL_PROPOSTA","cod_imovel":"RJ-3300407-50076C465FE14C45A862663FF1C5D613","num_area":"22.885000000000000000000000000000","ind_status":"AT"},"geometry":{"type":"Polygon","coordinates":[[[-44.2306,-22.5923],[-44.2364,-22.591],[-44.2306,-22.5923],[-44.2306,-22.5923]],[[-44.2411,-22.5772],[-44.2395,-22.5836],[-44.2345,-22.5838],[-44.2374,-22.5856],[-44.2361,-22.5908],[-44.241,-22.5786],[-44.2411,-22.5772]],[[-44.2364,-22.5871],[-44.2388,-22.5846],[-44.2364,-22.587],[-44.2364,-22.5871]],[[-44.2378,-22.5785],[-44.2313,-22.5837],[-44.2383,-22.5785],[-44.2378,-22.5785]]]}},{"type":"Feature","properties":{"cod_tema":"ARL_PROPOSTA","cod_imovel":"RJ-3300407-3E494D83C1C04A8BB4CB23D1A68F854E","num_area":"3.3140000000000000000000000000000","ind_status":"AT"},"geometry":{"type":"Polygon","coordinates":[[[-44.1633,-22.5853],[-44.1653,-22.5864],[-44.1635,-22.5852],[-44.1633,-22.5853]],[[-44.163,-22.5866],[-44.1653,-22.5872],[-44.163,-22.5865],[-44.163,-22.5866]]]}},{"type":"Feature","properties":{"cod_tema":"ARL_PROPOSTA","cod_imovel":"RJ-3300407-1C916CA4A57E412FA24F3D12F0DA531B","num_area":"1.9425000000000000000000000000000","ind_status":"AT"},"geometry":{"type":"Polygon","coordinates":[[[-44.1329,-22.3661],[-44.1338,-22.3639],[-44.1328,-22.366],[-44.1329,-22.3661]]]}},{"type":"Feature","properties":{"cod_tema":"ARL_PROPOSTA","cod_imovel":"RJ-3300407-C7FE0C490C944388B2329691365D4BA8","num_area":"36.620100000000000000000000000000","ind_status":"AT"},"geometry":{"type":"Polygon","coordinates":[[[-44.0721,-22.3868],[-44.0836,-22.3815],[-44.0721,-22.3868],[-44.0721,-22.3868]],[[-44.0834,-22.3813],[-44.0722,-22.3865],[-44.0834,-22.3813],[-44.0834,-22.3813]],[[-44.0838,-22.3818],[-44.09,-22.3832],[-44.0838,-22.3818],[-44.0838,-22.3818]],[[-44.0838,-22.3893],[-44.0838,-22.3838],[-44.0801,-22.3883],[-44.0839,-22.389],[-44.0838,-22.3893]]]}},{"type":"Feature","properties":{"cod_tema":"ARL_PROPOSTA","cod_imovel":"RJ-3300407-34009F21E7714C55AEE4B18B6DD1BE4F","num_area":"14.869400000000000000000000000000","ind_status":"AT"},"geometry":{"type":"Polygon","coordinates":[[[-44.094,-22.6402],[-44.0908,-22.6382],[-44.094,-22.6401],[-44.094,-22.6402]],[[-44.0917,-22.6346],[-44.0924,-22.6377],[-44.0919,-22.6346],[-44.0917,-22.6346]]]}},{"type":"Feature","properties":{"cod_tema":"ARL_PROPOSTA","cod_imovel":"RJ-3300407-68C82F2BBE91437C93A6DD51BCC678D1","num_area":"14.167900000000000000000000000000","ind_status":"AT"},"geometry":{"type":"Polygon","coordinates":[[[-44.2522,-22.6005],[-44.2564,-22.5998],[-44.2523,-22.6004],[-44.2522,-22.6005]],[[-44.2616,-22.5951],[-44.2596,-22.5936],[-44.2636,-22.5936],[-44.2589,-22.5928],[-44.261,-22.5949],[-44.2616,-22.5951]]]}},{"type":"Feature","properties":{"cod_tema":"ARL_PROPOSTA","cod_imovel":"RJ-3300407-FCC22E4833D140ED95823B113DB5AE01","num_area":"20.126300000000000000000000000000","ind_status":"AT"},"geometry":{"type":"Polygon","coordinates":[[[-44.2157,-22.4979],[-44.2139,-22.4999],[-44.2153,-22.4983],[-44.2157,-22.4979]],[[-44.2122,-22.4938],[-44.212,-22.4976],[-44.2123,-22.4938],[-44.2122,-22.4938]],[[-44.2175,-22.4932],[-44.2141,-22.494],[-44.2154,-22.4917],[-44.213,-22.4947],[-44.2169,-22.4938],[-44.2175,-22.4932]],[[-44.2238,-22.4994],[-44.2208,-22.4957],[-44.2225,-22.5002],[-44.2238,-22.4994]],[[-44.2208,-22.4956],[-44.2221,-22.5003],[-44.2204,-22.4959],[-44.2208,-22.4956]]]}},{"type":"Feature","properties":{"cod_tema":"ARL_PROPOSTA","cod_imovel":"RJ-3300407-A747FD9068C14F33A6ADDA737BE70B4E","num_area":"21.931700000000000000000000000000","ind_status":"AT"},"geometry":{"type":"Polygon","coordinates":[[[-44.3033,-22.5392],[-44.3058,-22.5373],[-44.3034,-22.5385],[-44.3033,-22.5392]],[[-44.3061,-22.5371],[-44.3069,-22.5335],[-44.3048,-22.5359],[-44.3061,-22.5371]],[[-44.3064,-22.5328],[-44.3053,-22.5272],[-44.3063,-22.533],[-44.3064,-22.5328]],[[-44.2989,-22.5292],[-44.297,-22.5243],[-44.2987,-22.5292],[-44.2989,-22.5292]],[[-44.3012,-22.5383],[-44.2984,-22.5302],[-44.3012,-22.5383],[-44.3012,-22.5383]]]}},{"type":"Feature","properties":{"cod_tema":"ARL_PROPOSTA","cod_imovel":"RJ-3300407-1D73ED7E553E4678BB58AD00521C7B0A","num_area":"16.027900000000000000000000000000","ind_status":"AT"},"geometry":{"type":"Polygon","coordinates":[[[-44.2622,-22.5413],[-44.261,-22.5465],[-44.2636,-22.5447],[-44.2622,-22.5413],[-44.2622,-22.5413]],[[-44.2611,-22.5465],[-44.2655,-22.5462],[-44.2635,-22.5437],[-44.2611,-22.5465],[-44.2611,-22.5465]],[[-44.2612,-22.548],[-44.2659,-22.5467],[-44.2614,-22.548],[-44.2612,-22.548]]]}},{"type":"Feature","properties":{"cod_tema":"ARL_PROPOSTA","cod_imovel":"RJ-3300407-EB85B98584A84CEEA396F8F0AA3B7FB2","num_area":"5.4048000000000000000000000000000","ind_status":"AT"},"geometry":{"type":"Polygon","coordinates":[[[-44.1292,-22.3541],[-44.1284,-22.3571],[-44.1304,-22.355],[-44.1292,-22.3541]]]}},{"type":"Feature","properties":{"cod_tema":"ARL_PROPOSTA","cod_imovel":"RJ-3300407-B93B0A1112AC482293F46B0EC0127253","num_area":"6.0944000000000000000000000000000","ind_status":"AT"},"geometry":{"type":"Polygon","coordinates":[[[-44.2142,-22.5007],[-44.2122,-22.5034],[-44.2142,-22.5007],[-44.2142,-22.5007]],[[-44.2141,-22.5005],[-44.212,-22.5033],[-44.2141,-22.5005],[-44.2141,-22.5005]],[[-44.209,-22.5096],[-44.2127,-22.511],[-44.217,-22.5075],[-44.2124,-22.511],[-44.209,-22.5096],[-44.209,-22.5096]]]}},{"type":"Feature","properties":{"cod_tema":"ARL_PROPOSTA","cod_imovel":"RJ-3300407-CFB3A9DA1C6845D59393EBA5693186B3","num_area":"2.3481000000000000000000000000000","ind_status":"AT"},"geometry":{"type":"Polygon","coordinates":[[[-44.1949,-22.5446],[-44.1944,-22.5467],[-44.1949,-22.5447],[-44.1949,-22.5446]]]}},{"type":"Feature","properties":{"cod_tema":"ARL_PROPOSTA","cod_imovel":"RJ-3300407-5F9B928E128E4F9899E719D155A36E2C","num_area":"7.2800000000000000000000000000000","ind_status":"AT"},"geometry":{"type":"Polygon","coordinates":[[[-44.2896,-22.5765],[-44.2865,-22.574],[-44.2879,-22.5777],[-44.2896,-22.5765],[-44.2896,-22.5765]]]}},{"type":"Feature","properties":{"cod_tema":"ARL_PROPOSTA","cod_imovel":"RJ-3300407-AE5E9D1957FB4D4C840DA2A2E84B8DE7","num_area":"2.7877000000000000000000000000000","ind_status":"AT"},"geometry":{"type":"Polygon","coordinates":[[[-44.0961,-22.376],[-44.0984,-22.377],[-44.0961,-22.3759],[-44.0961,-22.376]]]}},{"type":"Feature","properties":{"cod_tema":"ARL_PROPOSTA","cod_imovel":"RJ-3300407-1518C78D5FDA4DA9A98FF3C2B37C289F","num_area":"3.6813000000000000000000000000000","ind_status":"AT"},"geometry":{"type":"Polygon","coordinates":[[[-44.3013,-22.5494],[-44.302,-22.5463],[-44.3012,-22.5494],[-44.3013,-22.5494]]]}},{"type":"Feature","properties":{"cod_tema":"ARL_PROPOSTA","cod_imovel":"RJ-3300407-68E4D990E3F54CA0A08D706E023C0691","num_area":"0.4557000000000000000000000000000","ind_status":"AT"},"geometry":{"type":"Polygon","coordinates":[[[-44.2366,-22.4944],[-44.2335,-22.4964],[-44.2366,-22.4944],[-44.2366,-22.4944]]]}},{"type":"Feature","properties":{"cod_tema":"ARL_PROPOSTA","cod_imovel":"RJ-3300407-3BDBA9433168451B900359A0CEBDF9BB","num_area":"11.019700000000000000000000000000","ind_status":"AT"},"geometry":{"type":"Polygon","coordinates":[[[-44.1728,-22.6068],[-44.1706,-22.6076],[-44.1737,-22.6116],[-44.1728,-22.6068],[-44.1728,-22.6068]]]}},{"type":"Feature","properties":{"cod_tema":"ARL_PROPOSTA","cod_imovel":"RJ-3300407-66F4A4984ED346F8955084832B59AC75","num_area":"8.1930000000000000000000000000000","ind_status":"AT"},"geometry":{"type":"Polygon","coordinates":[[[-44.1454,-22.4305],[-44.1396,-22.4302],[-44.1409,-22.4325],[-44.145,-22.4311],[-44.1454,-22.4305]],[[-44.1416,-22.4321],[-44.1448,-22.431],[-44.1416,-22.432],[-44.1416,-22.4321]]]}},{"type":"Feature","properties":{"cod_tema":"ARL_PROPOSTA","cod_imovel":"RJ-3300407-5F4D8CEA530244CE8374DA2CCD2887A7","num_area":"25.168900000000000000000000000000","ind_status":"AT"},"geometry":{"type":"Polygon","coordinates":[[[-44.1399,-22.6232],[-44.144,-22.626],[-44.1402,-22.6212],[-44.1399,-22.6232]],[[-44.1403,-22.6237],[-44.1439,-22.6262],[-44.1405,-22.6238],[-44.1403,-22.6237]],[[-44.151,-22.625],[-44.1465,-22.6244],[-44.1507,-22.6251],[-44.151,-22.625]],[[-44.1537,-22.6239],[-44.1528,-22.6299],[-44.1536,-22.6241],[-44.1537,-22.6239]]]}},{"type":"Feature","properties":{"cod_tema":"ARL_AVERBADA","cod_imovel":"RJ-3300407-BF126F7C4BBA41A6B14FFA57AC9275C8","num_area":"474.13600000000000000000000000000","ind_status":"AT"},"geometry":{"type":"Polygon","coordinates":[[[-44.0596,-22.4219],[-44.0608,-22.4183],[-44.0535,-22.4228],[-44.0538,-22.4285],[-44.051,-22.4288],[-44.0543,-22.4319],[-44.0596,-22.4221],[-44.0596,-22.4219]],[[-44.0631,-22.4368],[-44.0555,-22.4371],[-44.0531,-22.4423],[-44.0644,-22.4385],[-44.0634,-22.4366],[-44.0631,-22.4368]],[[-44.0553,-22.446],[-44.0579,-22.4451],[-44.0626,-22.4502],[-44.0663,-22.4407],[-44.0553,-22.446],[-44.0553,-22.446]],[[-44.0611,-22.4162],[-44.0631,-22.4187],[-44.0573,-22.4265],[-44.0604,-22.4293],[-44.0566,-22.4305],[-44.0591,-22.4337],[-44.0567,-22.4362],[-44.0632,-22.4333],[-44.0641,-22.4369],[-44.0709,-22.4354],[-44.0708,-22.4308],[-44.0813,-22.4301],[-44.0752,-22.4301],[-44.0749,-22.4242],[-44.0728,-22.4266],[-44.0702,-22.4251],[-44.0749,-22.4242],[-44.0705,-22.4177],[-44.0612,-22.4162],[-44.0611,-22.4162]],[[-44.0683,-22.4363],[-44.0665,-22.4418],[-44.0708,-22.4385],[-44.0683,-22.4363],[-44.0683,-22.4363]]]}},{"type":"Feature","properties":{"cod_tema":"ARL_PROPOSTA","cod_imovel":"RJ-3300407-751C80A7432F403F87B84C3A38735A68","num_area":"140.36300000000000000000000000000","ind_status":"AT"},"geometry":{"type":"Polygon","coordinates":[[[-44.1919,-22.4303],[-44.1889,-22.4306],[-44.1919,-22.4303],[-44.1919,-22.4303]],[[-44.1915,-22.4397],[-44.194,-22.4416],[-44.1962,-22.4343],[-44.188,-22.4401],[-44.183,-22.4362],[-44.1878,-22.4407],[-44.1912,-22.4392],[-44.1915,-22.4397]],[[-44.1836,-22.4378],[-44.1878,-22.4416],[-44.1846,-22.4457],[-44.1875,-22.4459],[-44.1903,-22.4401],[-44.1839,-22.4378],[-44.1836,-22.4378]],[[-44.1937,-22.4421],[-44.1924,-22.45],[-44.1892,-22.451],[-44.1933,-22.452],[-44.1944,-22.4497],[-44.1953,-22.4544],[-44.2012,-22.4499],[-44.1964,-22.4508],[-44.199,-22.4486],[-44.1958,-22.4493],[-44.1938,-22.4421],[-44.1937,-22.4421]],[[-44.1933,-22.4419],[-44.1885,-22.4455],[-44.1932,-22.4418],[-44.1933,-22.4419]],[[-44.1925,-22.4444],[-44.1876,-22.4525],[-44.1923,-22.4499],[-44.193,-22.4446],[-44.1925,-22.4444]]]}},{"type":"Feature","properties":{"cod_tema":"ARL_PROPOSTA","cod_imovel":"RJ-3300407-8031E4CBCF5B4E60B03711A36FD72E48","num_area":"49.095500000000000000000000000000","ind_status":"AT"},"geometry":{"type":"Polygon","coordinates":[[[-44.1343,-22.3777],[-44.1307,-22.3764],[-44.133,-22.3785],[-44.1343,-22.3777]],[[-44.1389,-22.3703],[-44.1276,-22.3722],[-44.1403,-22.3702],[-44.1389,-22.3703]],[[-44.1329,-22.3717],[-44.1284,-22.3723],[-44.1329,-22.3717],[-44.1329,-22.3717]],[[-44.1324,-22.3723],[-44.1407,-22.3708],[-44.1328,-22.372],[-44.1324,-22.3723]],[[-44.1257,-22.3784],[-44.1248,-22.3828],[-44.1298,-22.378],[-44.1258,-22.3774],[-44.1257,-22.3784]],[[-44.1248,-22.3828],[-44.1366,-22.3832],[-44.1361,-22.3798],[-44.1266,-22.3815],[-44.1298,-22.3781],[-44.1248,-22.3828]]]}},{"type":"Feature","properties":{"cod_tema":"ARL_PROPOSTA","cod_imovel":"RJ-3300407-C14D69DEA6B54871BBCBD027FC56D740","num_area":"10.043500000000000000000000000000","ind_status":"AT"},"geometry":{"type":"Polygon","coordinates":[[[-44.2426,-22.5489],[-44.2423,-22.5548],[-44.2426,-22.5489],[-44.2426,-22.5489]]]}},{"type":"Feature","properties":{"cod_tema":"ARL_PROPOSTA","cod_imovel":"RJ-3300407-62F8195D65C44EFBBAB361918756D789","num_area":"25.518700000000000000000000000000","ind_status":"AT"},"geometry":{"type":"Polygon","coordinates":[[[-44.2068,-22.477],[-44.2034,-22.4833],[-44.2082,-22.4775],[-44.2068,-22.477]],[[-44.2086,-22.4755],[-44.2117,-22.474],[-44.2086,-22.4746],[-44.2086,-22.4755]],[[-44.2058,-22.4853],[-44.2073,-22.4876],[-44.2085,-22.4842],[-44.2058,-22.4853]]]}},{"type":"Feature","properties":{"cod_tema":"ARL_PROPOSTA","cod_imovel":"RJ-3300407-B14F00360A49422FB65F8BAD8A240CA2","num_area":"60.752900000000000000000000000000","ind_status":"SU"},"geometry":{"type":"Polygon","coordinates":[[[-44.1351,-22.4344],[-44.1393,-22.4399],[-44.1362,-22.437],[-44.1373,-22.4335],[-44.1351,-22.4344]],[[-44.1425,-22.4384],[-44.1418,-22.4357],[-44.1386,-22.4368],[-44.1428,-22.4386],[-44.1425,-22.4384]],[[-44.1453,-22.4496],[-44.1484,-22.4484],[-44.1454,-22.4496],[-44.1453,-22.4496]],[[-44.1493,-22.4377],[-44.1491,-22.434],[-44.1469,-22.4407],[-44.1491,-22.4386],[-44.1493,-22.4377]],[[-44.1478,-22.4327],[-44.1488,-22.4278],[-44.1479,-22.4327],[-44.1478,-22.4327]],[[-44.1514,-22.4429],[-44.1495,-22.444],[-44.1517,-22.4429],[-44.1514,-22.4429]],[[-44.1504,-22.4456],[-44.1528,-22.4463],[-44.1504,-22.4456],[-44.1504,-22.4456]]]}},{"type":"Feature","properties":{"cod_tema":"ARL_PROPOSTA","cod_imovel":"RJ-3300407-87F10E26CD3E4CCE96E889937EA764C5","num_area":"17.473000000000000000000000000000","ind_status":"AT"},"geometry":{"type":"Polygon","coordinates":[[[-44.3013,-22.461],[-44.2975,-22.4628],[-44.3002,-22.4664],[-44.3013,-22.4611],[-44.3013,-22.461]]]}},{"type":"Feature","properties":{"cod_tema":"ARL_PROPOSTA","cod_imovel":"RJ-3300407-271AD3E3BA454DCABBF2960F73C86B0F","num_area":"26.441400000000000000000000000000","ind_status":"AT"},"geometry":{"type":"Polygon","coordinates":[[[-44.2086,-22.4984],[-44.2097,-22.492],[-44.2073,-22.497],[-44.2086,-22.4984]],[[-44.2013,-22.491],[-44.2047,-22.4974],[-44.2025,-22.492],[-44.2048,-22.4936],[-44.2053,-22.4899],[-44.2043,-22.4925],[-44.2015,-22.491],[-44.2013,-22.491]],[[-44.2048,-22.4974],[-44.2071,-22.4967],[-44.2054,-22.49],[-44.2047,-22.4941],[-44.2048,-22.4974]]]}},{"type":"Feature","properties":{"cod_tema":"ARL_PROPOSTA","cod_imovel":"RJ-3300407-DCF813764AF14DB1BAEE62F7373A91F0","num_area":"19.707900000000000000000000000000","ind_status":"AT"},"geometry":{"type":"Polygon","coordinates":[[[-44.0818,-22.3216],[-44.0704,-22.3219],[-44.0802,-22.3218],[-44.0812,-22.3245],[-44.0818,-22.3216]]]}},{"type":"Feature","properties":{"cod_tema":"ARL_PROPOSTA","cod_imovel":"RJ-3300407-F1D59588BCE24EC4A46A8EACE15FB345","num_area":"9.6125000000000000000000000000000","ind_status":"AT"},"geometry":{"type":"Polygon","coordinates":[[[-44.2472,-22.5587],[-44.2499,-22.5561],[-44.2481,-22.5585],[-44.2472,-22.5587]],[[-44.2472,-22.5594],[-44.2505,-22.5604],[-44.2506,-22.5557],[-44.2477,-22.5592],[-44.2472,-22.5594]]]}},{"type":"Feature","properties":{"cod_tema":"ARL_PROPOSTA","cod_imovel":"RJ-3300407-A9D0BBCE47514C81ACB9C9DA952CAB4D","num_area":"18.929600000000000000000000000000","ind_status":"AT"},"geometry":{"type":"Polygon","coordinates":[[[-44.229,-22.4784],[-44.2279,-22.4812],[-44.2287,-22.4791],[-44.229,-22.4784]],[[-44.2302,-22.4853],[-44.2321,-22.4829],[-44.2301,-22.4853],[-44.2302,-22.4853]],[[-44.2244,-22.4831],[-44.2267,-22.4835],[-44.2263,-22.4792],[-44.2242,-22.4824],[-44.2244,-22.4831]],[[-44.2208,-22.4795],[-44.2192,-22.4828],[-44.2218,-22.483],[-44.2213,-22.4792],[-44.2208,-22.4795]]]}},{"type":"Feature","properties":{"cod_tema":"ARL_PROPOSTA","cod_imovel":"RJ-3300407-B2536A19953D488C869CBEB5F71F48AF","num_area":"27.613000000000000000000000000000","ind_status":"AT"},"geometry":{"type":"Polygon","coordinates":[[[-44.0952,-22.5656],[-44.0923,-22.5674],[-44.0952,-22.5657],[-44.0952,-22.5656]],[[-44.0943,-22.5657],[-44.0917,-22.5674],[-44.0943,-22.5658],[-44.0943,-22.5657]],[[-44.0952,-22.5673],[-44.0991,-22.5671],[-44.0953,-22.5673],[-44.0952,-22.5673]],[[-44.0944,-22.5709],[-44.0965,-22.5732],[-44.0991,-22.5691],[-44.0948,-22.5701],[-44.0986,-22.5674],[-44.0944,-22.5709],[-44.0944,-22.5709]],[[-44.0965,-22.5675],[-44.0914,-22.568],[-44.0936,-22.5703],[-44.0961,-22.5678],[-44.0965,-22.5675]]]}},{"type":"Feature","properties":{"cod_tema":"ARL_PROPOSTA","cod_imovel":"RJ-3300407-2C762F84D410491C8A2054895762EF4F","num_area":"6.8047000000000000000000000000000","ind_status":"AT"},"geometry":{"type":"Polygon","coordinates":[[[-44.2634,-22.5436],[-44.2686,-22.5438],[-44.2638,-22.5433],[-44.2634,-22.5436]]]}},{"type":"Feature","properties":{"cod_tema":"ARL_PROPOSTA","cod_imovel":"RJ-3300407-60CDE8C336C242FE965A0889D3D55A8F","num_area":"14.546700000000000000000000000000","ind_status":"AT"},"geometry":{"type":"Polygon","coordinates":[[[-44.2731,-22.5502],[-44.2686,-22.5438],[-44.2701,-22.5475],[-44.2731,-22.5502]]]}},{"type":"Feature","properties":{"cod_tema":"ARL_PROPOSTA","cod_imovel":"RJ-3300407-9BBF970834E44100A433F4813034A44F","num_area":"98.764100000000000000000000000000","ind_status":"AT"},"geometry":{"type":"Polygon","coordinates":[[[-44.2487,-22.5056],[-44.2494,-22.5036],[-44.2486,-22.5056],[-44.2487,-22.5056]],[[-44.2419,-22.5072],[-44.2435,-22.5088],[-44.242,-22.5072],[-44.2419,-22.5072]],[[-44.2443,-22.5071],[-44.245,-22.5052],[-44.2415,-22.5065],[-44.2443,-22.5072],[-44.2443,-22.5071]],[[-44.2447,-22.5101],[-44.247,-22.5085],[-44.2438,-22.5076],[-44.2447,-22.51],[-44.2447,-22.5101]],[[-44.247,-22.5084],[-44.2486,-22.5058],[-44.2452,-22.505],[-44.2441,-22.5075],[-44.2469,-22.5084],[-44.247,-22.5084]],[[-44.2475,-22.5083],[-44.2534,-22.5051],[-44.25,-22.5039],[-44.2475,-22.5083]],[[-44.252,-22.511],[-44.2552,-22.5083],[-44.2488,-22.5089],[-44.2541,-22.5053],[-44.2481,-22.5083],[-44.2511,-22.5108],[-44.252,-22.511]],[[-44.2408,-22.5163],[-44.2454,-22.5176],[-44.2458,-22.5155],[-44.2414,-22.5169],[-44.2455,-22.5139],[-44.2419,-22.5159],[-44.2423,-22.513],[-44.2463,-22.5124],[-44.2434,-22.5109],[-44.2456,-22.5129],[-44.2419,-22.5122],[-44.2411,-22.5161],[-44.2408,-22.5163]],[[-44.2464,-22.5175],[-44.251,-22.5148],[-44.2493,-22.5121],[-44.2504,-22.5146],[-44.2465,-22.5151],[-44.2482,-22.5104],[-44.2511,-22.5108],[-44.248,-22.5083],[-44.2439,-22.5107],[-44.248,-22.5163],[-44.2461,-22.5174],[-44.2464,-22.5175]]]}},{"type":"Feature","properties":{"cod_tema":"ARL_PROPOSTA","cod_imovel":"RJ-3300407-A2BCF0133F5D4914A41672B2624A3CDC","num_area":"5.5985000000000000000000000000000","ind_status":"AT"},"geometry":{"type":"Polygon","coordinates":[[[-44.2638,-22.5639],[-44.2621,-22.5605],[-44.2638,-22.5639],[-44.2638,-22.5639]]]}},{"type":"Feature","properties":{"cod_tema":"ARL_PROPOSTA","cod_imovel":"RJ-3300407-ECDC4B515FF8455E982B499E6C1BF896","num_area":"21.867400000000000000000000000000","ind_status":"AT"},"geometry":{"type":"Polygon","coordinates":[[[-44.2321,-22.574],[-44.2297,-22.5761],[-44.2319,-22.575],[-44.2351,-22.579],[-44.2299,-22.5805],[-44.2311,-22.584],[-44.2382,-22.5778],[-44.2322,-22.574],[-44.2321,-22.574]]]}},{"type":"Feature","properties":{"cod_tema":"ARL_PROPOSTA","cod_imovel":"RJ-3300407-E04132CDD0E742A5BD8AAC05200C1616","num_area":"10.960600000000000000000000000000","ind_status":"AT"},"geometry":{"type":"Polygon","coordinates":[[[-44.1205,-22.6386],[-44.1245,-22.6386],[-44.1168,-22.6354],[-44.1203,-22.6386],[-44.1205,-22.6386]]]}},{"type":"Feature","properties":{"cod_tema":"ARL_PROPOSTA","cod_imovel":"RJ-3300407-B2B133F67BDC420496D561C8A0CA3D84","num_area":"11.096400000000000000000000000000","ind_status":"AT"},"geometry":{"type":"Polygon","coordinates":[[[-44.2717,-22.5551],[-44.2741,-22.5486],[-44.2697,-22.555],[-44.2717,-22.5551],[-44.2717,-22.5551]],[[-44.2729,-22.5513],[-44.2741,-22.5492],[-44.2729,-22.5511],[-44.2729,-22.5513]]]}},{"type":"Feature","properties":{"cod_tema":"ARL_PROPOSTA","cod_imovel":"RJ-3300407-DA2DA4667D9A4BFDB383CAF129FAACFB","num_area":"1.2014000000000000000000000000000","ind_status":"AT"},"geometry":{"type":"Polygon","coordinates":[[[-44.3026,-22.4642],[-44.3044,-22.4659],[-44.3028,-22.4644],[-44.3026,-22.4642]],[[-44.3023,-22.4635],[-44.3009,-22.4658],[-44.3023,-22.4635],[-44.3023,-22.4635]]]}},{"type":"Feature","properties":{"cod_tema":"ARL_PROPOSTA","cod_imovel":"RJ-3300407-970BBC42CC7D4B8DB14C04722CFFBE31","num_area":"1.9705000000000000000000000000000","ind_status":"AT"},"geometry":{"type":"Polygon","coordinates":[[[-44.218,-22.5087],[-44.2142,-22.512],[-44.2181,-22.5086],[-44.218,-22.5087]]]}},{"type":"Feature","properties":{"cod_tema":"ARL_PROPOSTA","cod_imovel":"RJ-3300407-F85D0C518D714A17877DA7ECB9350EDE","num_area":"29.409800000000000000000000000000","ind_status":"AT"},"geometry":{"type":"Polygon","coordinates":[[[-44.1763,-22.3758],[-44.1778,-22.3739],[-44.1762,-22.3757],[-44.1763,-22.3758]],[[-44.1754,-22.3696],[-44.1713,-22.369],[-44.1712,-22.3717],[-44.1752,-22.3741],[-44.1733,-22.3691],[-44.1742,-22.3736],[-44.1796,-22.3726],[-44.1797,-22.3777],[-44.1798,-22.3723],[-44.1769,-22.3705],[-44.1754,-22.3696]]]}},{"type":"Feature","properties":{"cod_tema":"ARL_PROPOSTA","cod_imovel":"RJ-3300407-E9D18A00A5184346AF606BE6E74444A9","num_area":"2.9954000000000000000000000000000","ind_status":"AT"},"geometry":{"type":"Polygon","coordinates":[[[-44.1309,-22.3421],[-44.1288,-22.3429],[-44.1314,-22.3422],[-44.1309,-22.3421]]]}},{"type":"Feature","properties":{"cod_tema":"ARL_PROPOSTA","cod_imovel":"RJ-3300407-E9D18A00A5184346AF606BE6E74444A9","num_area":"4.5584000000000000000000000000000","ind_status":"AT"},"geometry":{"type":"Polygon","coordinates":[[[-44.1278,-22.343],[-44.127,-22.3453],[-44.129,-22.3446],[-44.1278,-22.343]]]}},{"type":"Feature","properties":{"cod_tema":"ARL_PROPOSTA","cod_imovel":"RJ-3300407-E9D18A00A5184346AF606BE6E74444A9","num_area":"2.9128000000000000000000000000000","ind_status":"AT"},"geometry":{"type":"Polygon","coordinates":[[[-44.127,-22.3464],[-44.1291,-22.3475],[-44.127,-22.3458],[-44.127,-22.3464]]]}},{"type":"Feature","properties":{"cod_tema":"ARL_PROPOSTA","cod_imovel":"RJ-3300407-09490E325AE8430583182999C014187B","num_area":"4.0376000000000000000000000000000","ind_status":"AT"},"geometry":{"type":"Polygon","coordinates":[[[-44.1312,-22.3499],[-44.1283,-22.352],[-44.1311,-22.3502],[-44.1312,-22.3499]]]}},{"type":"Feature","properties":{"cod_tema":"ARL_PROPOSTA","cod_imovel":"RJ-3300407-21372E687B6642F3983499428B87B398","num_area":"37.624700000000000000000000000000","ind_status":"AT"},"geometry":{"type":"Polygon","coordinates":[[[-44.2959,-22.5373],[-44.2987,-22.5343],[-44.2922,-22.5346],[-44.2914,-22.5323],[-44.2902,-22.5399],[-44.2958,-22.5374],[-44.2959,-22.5373]]]}},{"type":"Feature","properties":{"cod_tema":"ARL_PROPOSTA","cod_imovel":"RJ-3300407-3AC815B22995472C84685AFD4C5466C0","num_area":"11.387500000000000000000000000000","ind_status":"AT"},"geometry":{"type":"Polygon","coordinates":[[[-44.3291,-22.5862],[-44.3338,-22.5831],[-44.3291,-22.5862],[-44.3291,-22.5862]],[[-44.334,-22.583],[-44.3359,-22.5801],[-44.3285,-22.5869],[-44.3337,-22.583],[-44.334,-22.583]],[[-44.3354,-22.5823],[-44.336,-22.5801],[-44.3354,-22.5823],[-44.3354,-22.5823]]]}},{"type":"Feature","properties":{"cod_tema":"ARL_PROPOSTA","cod_imovel":"RJ-3300407-46312E1CF3AF42DA8910603EEC5A4D19","num_area":"79.731900000000000000000000000000","ind_status":"AT"},"geometry":{"type":"Polygon","coordinates":[[[-44.1761,-22.4849],[-44.1778,-22.4828],[-44.1761,-22.4847],[-44.1787,-22.4872],[-44.1846,-22.4831],[-44.1825,-22.486],[-44.1859,-22.4869],[-44.1891,-22.4798],[-44.1835,-22.4805],[-44.1868,-22.4836],[-44.1835,-22.4805],[-44.1748,-22.4813],[-44.1758,-22.4844],[-44.1761,-22.4849]]]}},{"type":"Feature","properties":{"cod_tema":"ARL_PROPOSTA","cod_imovel":"RJ-3300407-50822C68D6F649BD87CF2262548A35FE","num_area":"0.7566000000000000000000000000000","ind_status":"AT"},"geometry":{"type":"Polygon","coordinates":[[[-44.2816,-22.5449],[-44.2821,-22.5485],[-44.2818,-22.5449],[-44.2816,-22.5449]]]}},{"type":"Feature","properties":{"cod_tema":"ARL_PROPOSTA","cod_imovel":"RJ-3300407-7F520F4E46104DCE863D9DCF402A67E1","num_area":"3.1345000000000000000000000000000","ind_status":"AT"},"geometry":{"type":"Polygon","coordinates":[[[-44.1392,-22.4081],[-44.1406,-22.4101],[-44.1396,-22.4076],[-44.1392,-22.4081]]]}},{"type":"Feature","properties":{"cod_tema":"ARL_PROPOSTA","cod_imovel":"RJ-3300407-9CA1118237F74D1CAA48DE86C4796AEE","num_area":"2.6649000000000000000000000000000","ind_status":"AT"},"geometry":{"type":"Polygon","coordinates":[[[-44.2272,-22.532],[-44.2258,-22.5299],[-44.2243,-22.5334],[-44.2273,-22.5321],[-44.2272,-22.532]]]}},{"type":"Feature","properties":{"cod_tema":"ARL_PROPOSTA","cod_imovel":"RJ-3300407-A70E6656F92B44BCB1331F64BC0A5216","num_area":"10.447300000000000000000000000000","ind_status":"AT"},"geometry":{"type":"Polygon","coordinates":[[[-44.2906,-22.5273],[-44.2923,-22.5303],[-44.2938,-22.5271],[-44.2901,-22.5267],[-44.2906,-22.5273]]]}},{"type":"Feature","properties":{"cod_tema":"ARL_PROPOSTA","cod_imovel":"RJ-3300407-720F5B893D7F48EE9A3E7F479EAD25A3","num_area":"4.8661000000000000000000000000000","ind_status":"AT"},"geometry":{"type":"Polygon","coordinates":[[[-44.1288,-22.4085],[-44.1263,-22.4094],[-44.1293,-22.409],[-44.1288,-22.4085]]]}},{"type":"Feature","properties":{"cod_tema":"ARL_PROPOSTA","cod_imovel":"RJ-3300407-69783B1A999D4BFFA88FCA80AB97991A","num_area":"4.7671000000000000000000000000000","ind_status":"AT"},"geometry":{"type":"Polygon","coordinates":[[[-44.1306,-22.4113],[-44.1295,-22.4147],[-44.1307,-22.4112],[-44.1306,-22.4113]]]}},{"type":"Feature","properties":{"cod_tema":"ARL_PROPOSTA","cod_imovel":"RJ-3300407-77D6C3A8CB0A4431A62B47200F27FC1B","num_area":"30.698100000000000000000000000000","ind_status":"AT"},"geometry":{"type":"Polygon","coordinates":[[[-44.1683,-22.4569],[-44.17,-22.4592],[-44.1689,-22.4567],[-44.1683,-22.4569]],[[-44.1732,-22.4619],[-44.1743,-22.4584],[-44.1732,-22.4617],[-44.1732,-22.4619]],[[-44.1688,-22.4489],[-44.1677,-22.4528],[-44.1716,-22.4487],[-44.1679,-22.4462],[-44.1689,-22.4485],[-44.1688,-22.4489]],[[-44.1672,-22.4624],[-44.1724,-22.462],[-44.1715,-22.4588],[-44.1727,-22.4618],[-44.1675,-22.4625],[-44.1731,-22.4608],[-44.1716,-22.4585],[-44.1719,-22.4613],[-44.1675,-22.4617],[-44.1672,-22.4624]]]}},{"type":"Feature","properties":{"cod_tema":"ARL_PROPOSTA","cod_imovel":"RJ-3300407-B6E5453A07384C60AFF3CD06B68CD227","num_area":"12.561700000000000000000000000000","ind_status":"AT"},"geometry":{"type":"Polygon","coordinates":[[[-44.0354,-22.3949],[-44.0309,-22.3919],[-44.0306,-22.3965],[-44.0352,-22.3952],[-44.0354,-22.3949]]]}},{"type":"Feature","properties":{"cod_tema":"ARL_PROPOSTA","cod_imovel":"RJ-3300407-C6F06FC25E624B0C87686E5EE6D0BCE1","num_area":"48.151400000000000000000000000000","ind_status":"AT"},"geometry":{"type":"Polygon","coordinates":[[[-44.1813,-22.4254],[-44.1787,-22.4211],[-44.1763,-22.4231],[-44.1786,-22.4266],[-44.1813,-22.4254]],[[-44.1859,-22.4257],[-44.1828,-22.425],[-44.1785,-22.4302],[-44.1848,-22.4293],[-44.1859,-22.4257]],[[-44.1723,-22.4414],[-44.1735,-22.4433],[-44.1773,-22.44],[-44.171,-22.4413],[-44.1723,-22.4414]]]}},{"type":"Feature","properties":{"cod_tema":"ARL_PROPOSTA","cod_imovel":"RJ-3300407-F4B2335C7B0D419583C610D3D5F09593","num_area":"30.674900000000000000000000000000","ind_status":"AT"},"geometry":{"type":"Polygon","coordinates":[[[-44.3085,-22.4841],[-44.3073,-22.4862],[-44.3095,-22.4842],[-44.3085,-22.4841]],[[-44.3051,-22.484],[-44.3034,-22.4861],[-44.3054,-22.4847],[-44.3051,-22.484]],[[-44.2982,-22.4895],[-44.2946,-22.4942],[-44.2989,-22.4953],[-44.2984,-22.4891],[-44.2982,-22.4895]],[[-44.3009,-22.4797],[-44.3001,-22.4753],[-44.3008,-22.4797],[-44.3009,-22.4797]]]}},{"type":"Feature","properties":{"cod_tema":"ARL_PROPOSTA","cod_imovel":"RJ-3300407-D91F6F206F6348678296AC367C2698D4","num_area":"1.2579000000000000000000000000000","ind_status":"AT"},"geometry":{"type":"Polygon","coordinates":[[[-44.2583,-22.5573],[-44.2605,-22.5574],[-44.2585,-22.5572],[-44.2583,-22.5573]]]}},{"type":"Feature","properties":{"cod_tema":"ARL_PROPOSTA","cod_imovel":"RJ-3300407-B4CC92D8CD244BB6A8322CEADBEFFD07","num_area":"12.116500000000000000000000000000","ind_status":"AT"},"geometry":{"type":"Polygon","coordinates":[[[-44.3023,-22.544],[-44.2988,-22.5469],[-44.3022,-22.5448],[-44.3023,-22.544]]]}},{"type":"Feature","properties":{"cod_tema":"ARL_PROPOSTA","cod_imovel":"RJ-3300407-3608339A0B664C88AF31CE297138D7EF","num_area":"18.050200000000000000000000000000","ind_status":"AT"},"geometry":{"type":"Polygon","coordinates":[[[-44.1966,-22.4924],[-44.2016,-22.5002],[-44.1966,-22.4924],[-44.1966,-22.4924]],[[-44.1977,-22.5004],[-44.1967,-22.4966],[-44.1973,-22.5003],[-44.1977,-22.5004]],[[-44.1963,-22.5007],[-44.1943,-22.5023],[-44.1962,-22.5008],[-44.1963,-22.5007]]]}},{"type":"Feature","properties":{"cod_tema":"ARL_PROPOSTA","cod_imovel":"RJ-3300407-BE1F5FD550844CF0BA12C73C4B590BF0","num_area":"14.172100000000000000000000000000","ind_status":"AT"},"geometry":{"type":"Polygon","coordinates":[[[-44.1877,-22.555],[-44.1884,-22.5524],[-44.1877,-22.555],[-44.1877,-22.555]],[[-44.1888,-22.5587],[-44.1908,-22.5601],[-44.1889,-22.5585],[-44.1888,-22.5587]],[[-44.1909,-22.5601],[-44.1938,-22.5576],[-44.1881,-22.5573],[-44.1909,-22.5601],[-44.1909,-22.5601]]]}},{"type":"Feature","properties":{"cod_tema":"ARL_PROPOSTA","cod_imovel":"RJ-3300407-58D22F5518C043BBB8EC4CCC789EB9AC","num_area":"51.209400000000000000000000000000","ind_status":"AT"},"geometry":{"type":"Polygon","coordinates":[[[-44.2293,-22.5232],[-44.2297,-22.5201],[-44.2253,-22.5284],[-44.2303,-22.5266],[-44.2291,-22.5235],[-44.2293,-22.5232]],[[-44.2256,-22.5278],[-44.2291,-22.5235],[-44.2257,-22.5278],[-44.2256,-22.5278]],[[-44.2305,-22.5262],[-44.232,-22.5231],[-44.2304,-22.5254],[-44.2305,-22.5262]],[[-44.2194,-22.5284],[-44.2164,-22.5307],[-44.2201,-22.5308],[-44.2205,-22.5347],[-44.2234,-22.5307],[-44.2194,-22.5284],[-44.2194,-22.5284]]]}},{"type":"Feature","properties":{"cod_tema":"ARL_PROPOSTA","cod_imovel":"RJ-3300407-0AC60DDC33DA4069B4863C069FB4C62D","num_area":"10.184600000000000000000000000000","ind_status":"AT"},"geometry":{"type":"Polygon","coordinates":[[[-44.1967,-22.5763],[-44.1962,-22.5795],[-44.2006,-22.5767],[-44.1973,-22.5753],[-44.1967,-22.5763]],[[-44.1962,-22.5795],[-44.2007,-22.5768],[-44.1963,-22.5795],[-44.1962,-22.5795]]]}},{"type":"Feature","properties":{"cod_tema":"ARL_PROPOSTA","cod_imovel":"RJ-3300407-5504FD28D85C4F86A849B3715203573F","num_area":"0.7016000000000000000000000000000","ind_status":"AT"},"geometry":{"type":"Polygon","coordinates":[[[-44.1571,-22.6205],[-44.1571,-22.6225],[-44.1571,-22.6205],[-44.1571,-22.6205]]]}},{"type":"Feature","properties":{"cod_tema":"ARL_PROPOSTA","cod_imovel":"RJ-3300407-9232B08884FA416BAC235B848FD94007","num_area":"21.157800000000000000000000000000","ind_status":"AT"},"geometry":{"type":"Polygon","coordinates":[[[-44.226,-22.489],[-44.2246,-22.4912],[-44.2276,-22.4929],[-44.229,-22.4901],[-44.2264,-22.489],[-44.226,-22.489]],[[-44.2257,-22.4921],[-44.2275,-22.4933],[-44.2257,-22.4921],[-44.2257,-22.4921]],[[-44.229,-22.49],[-44.2269,-22.4886],[-44.2287,-22.4898],[-44.229,-22.49]]]}},{"type":"Feature","properties":{"cod_tema":"ARL_APROVADA_NAO_AVERBADA","cod_imovel":"RJ-3300407-2D66B7DEE5AF44DABBFF58AA7D0B4541","num_area":"19.437800000000000000000000000000","ind_status":"PE"},"geometry":{"type":"Polygon","coordinates":[[[-44.1187,-22.428],[-44.117,-22.426],[-44.116,-22.4283],[-44.1178,-22.4268],[-44.1187,-22.428]],[[-44.1198,-22.4266],[-44.1271,-22.4275],[-44.1218,-22.4238],[-44.1198,-22.4265],[-44.1198,-22.4266]]]}},{"type":"Feature","properties":{"cod_tema":"ARL_PROPOSTA","cod_imovel":"RJ-3300407-EB4FFEDC379B46038034B5E6A83EEBFA","num_area":"9.5138000000000000000000000000000","ind_status":"AT"},"geometry":{"type":"Polygon","coordinates":[[[-44.2026,-22.5834],[-44.2009,-22.5801],[-44.1997,-22.5842],[-44.2027,-22.5841],[-44.2026,-22.5834]]]}},{"type":"Feature","properties":{"cod_tema":"ARL_PROPOSTA","cod_imovel":"RJ-3300407-6F6F13E451874ADD80F27BAEBD06873D","num_area":"9.5894000000000000000000000000000","ind_status":"AT"},"geometry":{"type":"Polygon","coordinates":[[[-44.2076,-22.4879],[-44.2089,-22.485],[-44.207,-22.487],[-44.2076,-22.4879]],[[-44.2159,-22.4843],[-44.2186,-22.4843],[-44.2157,-22.4844],[-44.2159,-22.4843]]]}},{"type":"Feature","properties":{"cod_tema":"ARL_PROPOSTA","cod_imovel":"RJ-3300407-EA6545A2254D4B85B3EBF76E8FEE7FAC","num_area":"10.340900000000000000000000000000","ind_status":"AT"},"geometry":{"type":"Polygon","coordinates":[[[-44.1547,-22.5006],[-44.1576,-22.4982],[-44.1547,-22.4977],[-44.1547,-22.5006]]]}},{"type":"Feature","properties":{"cod_tema":"ARL_PROPOSTA","cod_imovel":"RJ-3300407-9EA6D30478094F0CB35CF9C082374470","num_area":"7.6179000000000000000000000000000","ind_status":"AT"},"geometry":{"type":"Polygon","coordinates":[[[-44.148,-22.4284],[-44.1491,-22.4264],[-44.1463,-22.4261],[-44.1478,-22.4284],[-44.148,-22.4284]],[[-44.1502,-22.4253],[-44.1476,-22.4249],[-44.1499,-22.4256],[-44.1502,-22.4253]],[[-44.1473,-22.4234],[-44.1494,-22.4212],[-44.1476,-22.423],[-44.1473,-22.4234]]]}},{"type":"Feature","properties":{"cod_tema":"ARL_PROPOSTA","cod_imovel":"RJ-3300407-9B1385C4C8EA4669A9C814F0B05BBD5F","num_area":"43.667900000000000000000000000000","ind_status":"AT"},"geometry":{"type":"Polygon","coordinates":[[[-44.2105,-22.4316],[-44.2083,-22.4336],[-44.2104,-22.4324],[-44.2105,-22.4316]],[[-44.2164,-22.4269],[-44.2152,-22.4297],[-44.2165,-22.427],[-44.2164,-22.4269]],[[-44.2167,-22.4229],[-44.2128,-22.4243],[-44.2167,-22.4231],[-44.2167,-22.4229]],[[-44.2155,-22.4221],[-44.2099,-22.4243],[-44.2148,-22.4226],[-44.2155,-22.4221]],[[-44.2129,-22.4217],[-44.2063,-22.4208],[-44.2055,-22.4271],[-44.2126,-22.4222],[-44.2129,-22.4217]]]}},{"type":"Feature","properties":{"cod_tema":"ARL_PROPOSTA","cod_imovel":"RJ-3300407-FF150EE87F1A497486DF08442CBAD742","num_area":"51.036000000000000000000000000000","ind_status":"AT"},"geometry":{"type":"Polygon","coordinates":[[[-44.1195,-22.3306],[-44.1101,-22.3292],[-44.1089,-22.335],[-44.1132,-22.3343],[-44.1136,-22.3311],[-44.1133,-22.3343],[-44.1164,-22.3337],[-44.1195,-22.3306]]]}},{"type":"Feature","properties":{"cod_tema":"ARL_PROPOSTA","cod_imovel":"RJ-3300407-F05C5D23B1514C1D9CCD1D4FB4C91FCB","num_area":"67.559400000000000000000000000000","ind_status":"AT"},"geometry":{"type":"Polygon","coordinates":[[[-44.1854,-22.501],[-44.1882,-22.4967],[-44.1858,-22.5008],[-44.1854,-22.501]],[[-44.1925,-22.4787],[-44.1903,-22.4786],[-44.1964,-22.4799],[-44.1934,-22.4791],[-44.1925,-22.4787]],[[-44.1841,-22.4953],[-44.1869,-22.4945],[-44.1842,-22.495],[-44.1841,-22.4953]],[[-44.1867,-22.4846],[-44.1848,-22.4906],[-44.1868,-22.4846],[-44.1867,-22.4846]],[[-44.1887,-22.4803],[-44.188,-22.4825],[-44.1887,-22.4803],[-44.1887,-22.4803]],[[-44.1874,-22.4823],[-44.1913,-22.482],[-44.1874,-22.4823],[-44.1874,-22.4823]],[[-44.2007,-22.4833],[-44.1975,-22.4815],[-44.2002,-22.4834],[-44.1981,-22.4864],[-44.202,-22.4833],[-44.2007,-22.4833]],[[-44.193,-22.4941],[-44.1967,-22.4923],[-44.1923,-22.4854],[-44.1959,-22.4922],[-44.1929,-22.4913],[-44.1932,-22.4941],[-44.193,-22.4941]],[[-44.2038,-22.4996],[-44.2042,-22.4934],[-44.2015,-22.4915],[-44.2034,-22.4985],[-44.1972,-22.4874],[-44.1978,-22.4916],[-44.1999,-22.4898],[-44.1979,-22.4931],[-44.2038,-22.4995],[-44.2038,-22.4996]],[[-44.197,-22.487],[-44.1973,-22.492],[-44.1936,-22.4867],[-44.1975,-22.4923],[-44.197,-22.4871],[-44.197,-22.487]],[[-44.1942,-22.4854],[-44.1918,-22.485],[-44.194,-22.4857],[-44.1942,-22.4854]]]}},{"type":"Feature","properties":{"cod_tema":"ARL_AVERBADA","cod_imovel":"RJ-3300407-1469124C546D4B64B740C9C575EB1DE1","num_area":"486.57200000000000000000000000000","ind_status":"CA"},"geometry":{"type":"Polygon","coordinates":[[[-44.0554,-22.4383],[-44.0594,-22.437],[-44.0554,-22.4368],[-44.0554,-22.4383]],[[-44.0538,-22.4387],[-44.0529,-22.442],[-44.0613,-22.4393],[-44.0545,-22.4386],[-44.0538,-22.4387]],[[-44.055,-22.4456],[-44.0622,-22.45],[-44.0702,-22.4366],[-44.0551,-22.4455],[-44.055,-22.4456]],[[-44.0647,-22.4458],[-44.0703,-22.4366],[-44.065,-22.4452],[-44.0647,-22.4458]],[[-44.0541,-22.4305],[-44.0573,-22.4311],[-44.0666,-22.4223],[-44.0629,-22.4154],[-44.0617,-22.4189],[-44.0532,-22.421],[-44.06,-22.4216],[-44.0628,-22.4185],[-44.0606,-22.4218],[-44.053,-22.4218],[-44.0634,-22.4244],[-44.0509,-22.4208],[-44.0511,-22.4251],[-44.0533,-22.4232],[-44.0539,-22.4253],[-44.0512,-22.4285],[-44.0539,-22.4304],[-44.0541,-22.4305]],[[-44.0573,-22.4311],[-44.0591,-22.4332],[-44.0565,-22.436],[-44.0623,-22.4341],[-44.0578,-22.4303],[-44.0573,-22.4311]],[[-44.0733,-22.4201],[-44.0629,-22.4154],[-44.0666,-22.4223],[-44.0578,-22.4303],[-44.0645,-22.4367],[-44.0713,-22.4351],[-44.0712,-22.4308],[-44.0773,-22.4305],[-44.0732,-22.4272],[-44.0731,-22.4233],[-44.0754,-22.4294],[-44.0733,-22.4201],[-44.0678,-22.4271],[-44.0724,-22.4213],[-44.0733,-22.4201]],[[-44.0787,-22.4306],[-44.0814,-22.4304],[-44.0777,-22.4305],[-44.0787,-22.4306]],[[-44.0641,-22.4378],[-44.0642,-22.4356],[-44.06,-22.438],[-44.0627,-22.4389],[-44.0641,-22.4378]]]}},{"type":"Feature","properties":{"cod_tema":"ARL_PROPOSTA","cod_imovel":"RJ-3300407-475F94A5FBE44D87BF1300CEC2E1BA34","num_area":"10.568300000000000000000000000000","ind_status":"AT"},"geometry":{"type":"Polygon","coordinates":[[[-44.0661,-22.3161],[-44.066,-22.3192],[-44.0699,-22.3197],[-44.0674,-22.3174],[-44.07,-22.3162],[-44.0661,-22.3161]]]}},{"type":"Feature","properties":{"cod_tema":"ARL_PROPOSTA","cod_imovel":"RJ-3300407-F14569D6B58A4E0399A48C6902C0B172","num_area":"2.6740000000000000000000000000000","ind_status":"AT"},"geometry":{"type":"Polygon","coordinates":[[[-44.141,-22.352],[-44.1381,-22.3517],[-44.1409,-22.3522],[-44.141,-22.352]]]}},{"type":"Feature","properties":{"cod_tema":"ARL_PROPOSTA","cod_imovel":"RJ-3300407-19E15EDB6EBC4EE4844896F3F3A63963","num_area":"188.67240000000000000000000000000","ind_status":"AT"},"geometry":{"type":"Polygon","coordinates":[[[-44.28,-22.4886],[-44.2812,-22.4869],[-44.28,-22.4886],[-44.28,-22.4886]],[[-44.2729,-22.5207],[-44.2798,-22.5301],[-44.273,-22.5207],[-44.2729,-22.5207]],[[-44.2798,-22.5122],[-44.2742,-22.5153],[-44.2814,-22.5138],[-44.2797,-22.5122],[-44.2798,-22.5122]],[[-44.2798,-22.5191],[-44.2778,-22.5216],[-44.28,-22.5191],[-44.2798,-22.5191]],[[-44.278,-22.5224],[-44.2791,-22.5267],[-44.2828,-22.5272],[-44.2783,-22.5227],[-44.278,-22.5224]],[[-44.2784,-22.5227],[-44.2812,-22.5258],[-44.2828,-22.524],[-44.2785,-22.5227],[-44.2784,-22.5227]],[[-44.2876,-22.5043],[-44.2805,-22.5068],[-44.2795,-22.5108],[-44.2839,-22.5129],[-44.2878,-22.5043],[-44.2876,-22.5043]],[[-44.2874,-22.5214],[-44.2819,-22.5265],[-44.2875,-22.5214],[-44.2874,-22.5214]],[[-44.2828,-22.5136],[-44.2821,-22.5162],[-44.283,-22.5137],[-44.2828,-22.5136]],[[-44.2884,-22.4678],[-44.2821,-22.4699],[-44.2855,-22.4722],[-44.2885,-22.4699],[-44.2852,-22.4722],[-44.2866,-22.4758],[-44.2928,-22.4694],[-44.289,-22.4677],[-44.2884,-22.4678]],[[-44.285,-22.5157],[-44.2828,-22.5199],[-44.2859,-22.519],[-44.2825,-22.5215],[-44.2879,-22.5194],[-44.285,-22.5157],[-44.285,-22.5157]],[[-44.2835,-22.5282],[-44.2874,-22.5305],[-44.2835,-22.5282],[-44.2835,-22.5282]],[[-44.2919,-22.4798],[-44.2891,-22.483],[-44.2919,-22.4798],[-44.2919,-22.4798]],[[-44.2901,-22.4896],[-44.2928,-22.4895],[-44.2903,-22.489],[-44.2901,-22.4896]],[[-44.2924,-22.4785],[-44.2907,-22.4831],[-44.2936,-22.4818],[-44.2924,-22.4785],[-44.2924,-22.4785]],[[-44.292,-22.4912],[-44.2935,-22.4931],[-44.292,-22.4912],[-44.292,-22.4912]],[[-44.2968,-22.466],[-44.2909,-22.4756],[-44.2951,-22.479],[-44.2968,-22.466],[-44.2968,-22.466]],[[-44.2955,-22.4844],[-44.2938,-22.4861],[-44.2971,-22.4866],[-44.2956,-22.4844],[-44.2955,-22.4844]],[[-44.2978,-22.4744],[-44.2984,-22.481],[-44.2978,-22.4744],[-44.2978,-22.4744]]]}},{"type":"Feature","properties":{"cod_tema":"ARL_PROPOSTA","cod_imovel":"RJ-3300407-B542AA72B0394D4BB4836A5E837C584B","num_area":"39.448700000000000000000000000000","ind_status":"AT"},"geometry":{"type":"Polygon","coordinates":[[[-44.1399,-22.6525],[-44.1367,-22.6475],[-44.1398,-22.6525],[-44.1399,-22.6525]],[[-44.1395,-22.6484],[-44.1415,-22.6514],[-44.1395,-22.6484],[-44.1395,-22.6484]],[[-44.1326,-22.6477],[-44.136,-22.6471],[-44.1344,-22.6431],[-44.1326,-22.6472],[-44.1326,-22.6477]],[[-44.1344,-22.6431],[-44.1325,-22.6453],[-44.1344,-22.6432],[-44.1344,-22.6431]],[[-44.1345,-22.6426],[-44.1323,-22.6405],[-44.1345,-22.6426],[-44.1345,-22.6426]],[[-44.1346,-22.6418],[-44.1338,-22.6383],[-44.1345,-22.6418],[-44.1346,-22.6418]],[[-44.1338,-22.6383],[-44.1342,-22.6416],[-44.1338,-22.6383],[-44.1338,-22.6383]],[[-44.1339,-22.6381],[-44.141,-22.6419],[-44.1339,-22.638],[-44.1339,-22.6381]],[[-44.1401,-22.6417],[-44.1419,-22.6427],[-44.1401,-22.6417],[-44.1401,-22.6417]]]}},{"type":"Feature","properties":{"cod_tema":"ARL_PROPOSTA","cod_imovel":"RJ-3300407-66BD38799A934BCC8594D0D2B50BA5C6","num_area":"3.0824000000000000000000000000000","ind_status":"AT"},"geometry":{"type":"Polygon","coordinates":[[[-44.1641,-22.4099],[-44.1649,-22.4134],[-44.1642,-22.4096],[-44.1641,-22.4099]]]}},{"type":"Feature","properties":{"cod_tema":"ARL_PROPOSTA","cod_imovel":"RJ-3300407-3C61BF8346E94E668C8C0AD03754DC23","num_area":"2.0557000000000000000000000000000","ind_status":"AT"},"geometry":{"type":"Polygon","coordinates":[[[-44.2942,-22.4626],[-44.2912,-22.4617],[-44.294,-22.4625],[-44.2942,-22.4626]]]}},{"type":"Feature","properties":{"cod_tema":"ARL_PROPOSTA","cod_imovel":"RJ-3300407-300A307C2EEF4BBE81FAF3FC00EE1B61","num_area":"3.1798000000000000000000000000000","ind_status":"AT"},"geometry":{"type":"Polygon","coordinates":[[[-44.1653,-22.4087],[-44.1674,-22.4083],[-44.1653,-22.4087],[-44.1653,-22.4087]]]}},{"type":"Feature","properties":{"cod_tema":"ARL_PROPOSTA","cod_imovel":"RJ-3300407-52A758874968489AB1FCC7FBA00B992C","num_area":"17.747600000000000000000000000000","ind_status":"AT"},"geometry":{"type":"Polygon","coordinates":[[[-44.1616,-22.3379],[-44.1636,-22.3346],[-44.1593,-22.334],[-44.1632,-22.3319],[-44.1611,-22.3308],[-44.1584,-22.3342],[-44.16,-22.3374],[-44.1616,-22.3379]]]}},{"type":"Feature","properties":{"cod_tema":"ARL_PROPOSTA","cod_imovel":"RJ-3300407-428402F4840645DA91FA82198633F140","num_area":"69.220700000000000000000000000000","ind_status":"PE"},"geometry":{"type":"Polygon","coordinates":[[[-44.2751,-22.5085],[-44.2771,-22.5094],[-44.2753,-22.5083],[-44.2751,-22.5085]],[[-44.28,-22.5092],[-44.2799,-22.5064],[-44.2796,-22.5092],[-44.28,-22.5092]],[[-44.2774,-22.5024],[-44.2781,-22.5051],[-44.2775,-22.5029],[-44.2774,-22.5024]],[[-44.2698,-22.5057],[-44.2709,-22.5089],[-44.2742,-22.5083],[-44.2699,-22.5057],[-44.2698,-22.5057]],[[-44.2731,-22.5122],[-44.2776,-22.5109],[-44.2732,-22.5121],[-44.2731,-22.5122]],[[-44.2771,-22.5105],[-44.2735,-22.512],[-44.2763,-22.5097],[-44.2731,-22.509],[-44.2736,-22.5124],[-44.277,-22.5106],[-44.2771,-22.5105]],[[-44.27,-22.4911],[-44.2705,-22.4964],[-44.2742,-22.4971],[-44.2702,-22.4912],[-44.27,-22.4911]],[[-44.2705,-22.4965],[-44.2736,-22.4969],[-44.2705,-22.4965],[-44.2705,-22.4965]],[[-44.2767,-22.4983],[-44.2776,-22.5012],[-44.2768,-22.4984],[-44.2767,-22.4983]],[[-44.2776,-22.5013],[-44.2801,-22.5032],[-44.2768,-22.4984],[-44.2797,-22.5029],[-44.2776,-22.5012],[-44.2776,-22.5013]],[[-44.2798,-22.491],[-44.2744,-22.4888],[-44.2788,-22.4947],[-44.2754,-22.4893],[-44.2789,-22.4946],[-44.2801,-22.4911],[-44.2798,-22.491]],[[-44.2689,-22.4989],[-44.2721,-22.5027],[-44.2692,-22.4996],[-44.2712,-22.4981],[-44.2689,-22.4989],[-44.2689,-22.4989]]]}},{"type":"Feature","properties":{"cod_tema":"ARL_PROPOSTA","cod_imovel":"RJ-3300407-66810435B0CE424D9980C290142FF7E8","num_area":"22.504800000000000000000000000000","ind_status":"AT"},"geometry":{"type":"Polygon","coordinates":[[[-44.1038,-22.3466],[-44.107,-22.35],[-44.1007,-22.3505],[-44.1065,-22.3516],[-44.1038,-22.3467],[-44.1038,-22.3466]],[[-44.1073,-22.3458],[-44.1037,-22.347],[-44.1072,-22.3505],[-44.1069,-22.3463],[-44.1073,-22.3458]],[[-44.1083,-22.3549],[-44.1065,-22.3512],[-44.1083,-22.3549],[-44.1083,-22.3549]],[[-44.108,-22.3532],[-44.1064,-22.3516],[-44.108,-22.3533],[-44.108,-22.3532]]]}},{"type":"Feature","properties":{"cod_tema":"ARL_PROPOSTA","cod_imovel":"RJ-3300407-3267DC08CEF04084B2D1A92CA2B71C93","num_area":"13.128900000000000000000000000000","ind_status":"AT"},"geometry":{"type":"Polygon","coordinates":[[[-44.1272,-22.3423],[-44.1301,-22.3428],[-44.1267,-22.342],[-44.1272,-22.3423]],[[-44.13,-22.3425],[-44.1261,-22.3417],[-44.1293,-22.3431],[-44.13,-22.3425]],[[-44.1316,-22.3406],[-44.1324,-22.3377],[-44.1318,-22.3401],[-44.1316,-22.3406]],[[-44.1316,-22.3416],[-44.1349,-22.339],[-44.1314,-22.3416],[-44.1316,-22.3416]],[[-44.1343,-22.3413],[-44.135,-22.339],[-44.1344,-22.3411],[-44.1343,-22.3413]]]}},{"type":"Feature","properties":{"cod_tema":"ARL_PROPOSTA","cod_imovel":"RJ-3300407-5BF6289A20B246108D2A4DA827C4630F","num_area":"14.420600000000000000000000000000","ind_status":"AT"},"geometry":{"type":"Polygon","coordinates":[[[-44.1181,-22.3416],[-44.1237,-22.3389],[-44.1215,-22.3416],[-44.124,-22.3411],[-44.1239,-22.3388],[-44.1183,-22.3414],[-44.1181,-22.3416]]]}},{"type":"Feature","properties":{"cod_tema":"ARL_PROPOSTA","cod_imovel":"RJ-3300407-0AB891E3806A4C11987E71085ED1DDC6","num_area":"19.707700000000000000000000000000","ind_status":"AT"},"geometry":{"type":"Polygon","coordinates":[[[-44.255,-22.5429],[-44.2522,-22.5427],[-44.2524,-22.547],[-44.255,-22.5432],[-44.255,-22.5429]],[[-44.2532,-22.5415],[-44.2498,-22.5418],[-44.2522,-22.5413],[-44.2508,-22.5469],[-44.2531,-22.5416],[-44.2532,-22.5415]],[[-44.2511,-22.5399],[-44.2488,-22.5409],[-44.2509,-22.5401],[-44.2511,-22.5399]]]}},{"type":"Feature","properties":{"cod_tema":"ARL_PROPOSTA","cod_imovel":"RJ-3300407-AE0DFEAB48E44859962C7B4C39135D81","num_area":"2.9132000000000000000000000000000","ind_status":"AT"},"geometry":{"type":"Polygon","coordinates":[[[-44.1174,-22.371],[-44.119,-22.3732],[-44.1174,-22.371],[-44.1174,-22.371]]]}},{"type":"Feature","properties":{"cod_tema":"ARL_PROPOSTA","cod_imovel":"RJ-3300407-1B7E65347C61482EBBC9474CE2B8C0B5","num_area":"16.885400000000000000000000000000","ind_status":"AT"},"geometry":{"type":"Polygon","coordinates":[[[-44.1624,-22.609],[-44.1681,-22.6043],[-44.1635,-22.6047],[-44.1676,-22.6064],[-44.1621,-22.6089],[-44.1624,-22.609]]]}},{"type":"Feature","properties":{"cod_tema":"ARL_PROPOSTA","cod_imovel":"RJ-3300407-E3D2E60720F2421B975F43665F22B261","num_area":"6.6105000000000000000000000000000","ind_status":"AT"},"geometry":{"type":"Polygon","coordinates":[[[-44.134,-22.3753],[-44.1321,-22.3786],[-44.1339,-22.3753],[-44.134,-22.3753]]]}},{"type":"Feature","properties":{"cod_tema":"ARL_PROPOSTA","cod_imovel":"RJ-3300407-A00F0933CB0F439BAB87C4AF630942D8","num_area":"3.3650000000000000000000000000000","ind_status":"AT"},"geometry":{"type":"Polygon","coordinates":[[[-44.1156,-22.4182],[-44.1196,-22.4175],[-44.1155,-22.4182],[-44.1156,-22.4182]]]}},{"type":"Feature","properties":{"cod_tema":"ARL_PROPOSTA","cod_imovel":"RJ-3300407-0979E7534D4D4F919084C7BC1E763051","num_area":"14.814400000000000000000000000000","ind_status":"AT"},"geometry":{"type":"Polygon","coordinates":[[[-44.3013,-22.4975],[-44.2983,-22.4976],[-44.3011,-22.4982],[-44.3005,-22.5031],[-44.3013,-22.4975],[-44.3013,-22.4975]],[[-44.3007,-22.5018],[-44.303,-22.4978],[-44.3007,-22.5017],[-44.3007,-22.5018]],[[-44.3042,-22.5034],[-44.3039,-22.501],[-44.3042,-22.5036],[-44.3042,-22.5034]],[[-44.3046,-22.502],[-44.3045,-22.4994],[-44.3046,-22.502],[-44.3046,-22.502]],[[-44.308,-22.4979],[-44.3071,-22.5016],[-44.3078,-22.4992],[-44.308,-22.4979]]]}},{"type":"Feature","properties":{"cod_tema":"ARL_PROPOSTA","cod_imovel":"RJ-3300407-8D99B026D59F47C296A8682A277EFAD0","num_area":"8.3021000000000000000000000000000","ind_status":"AT"},"geometry":{"type":"Polygon","coordinates":[[[-44.213,-22.5639],[-44.215,-22.562],[-44.2129,-22.5637],[-44.213,-22.5639]],[[-44.2113,-22.5642],[-44.2085,-22.5634],[-44.2112,-22.5641],[-44.2113,-22.5642]],[[-44.2203,-22.5626],[-44.217,-22.5607],[-44.2203,-22.5625],[-44.2203,-22.5626]],[[-44.2164,-22.5601],[-44.2145,-22.5593],[-44.2163,-22.5602],[-44.2164,-22.5601]]]}},{"type":"Feature","properties":{"cod_tema":"ARL_PROPOSTA","cod_imovel":"RJ-3300407-908214A2A2E2465D920A27E474CF1168","num_area":"1.4397000000000000000000000000000","ind_status":"AT"},"geometry":{"type":"Polygon","coordinates":[[[-44.1707,-22.4927],[-44.1699,-22.4946],[-44.1708,-22.4927],[-44.1707,-22.4927]]]}},{"type":"Feature","properties":{"cod_tema":"ARL_PROPOSTA","cod_imovel":"RJ-3300407-6F758905BE2C49A38900F5D4EF5FCA98","num_area":"2.4427000000000000000000000000000","ind_status":"AT"},"geometry":{"type":"Polygon","coordinates":[[[-44.2987,-22.5649],[-44.2975,-22.562],[-44.2987,-22.5649],[-44.2987,-22.5649]],[[-44.2988,-22.5649],[-44.2975,-22.562],[-44.2988,-22.5649],[-44.2988,-22.5649]],[[-44.2836,-22.5665],[-44.2873,-22.5641],[-44.2839,-22.5663],[-44.2836,-22.5665]],[[-44.2831,-22.5681],[-44.2864,-22.5655],[-44.283,-22.5681],[-44.2831,-22.5681]]]}},{"type":"Feature","properties":{"cod_tema":"ARL_PROPOSTA","cod_imovel":"RJ-3300407-027120EC92124771BCE9A7EC531A2CA0","num_area":"1.6087000000000000000000000000000","ind_status":"AT"},"geometry":{"type":"Polygon","coordinates":[[[-44.279,-22.5654],[-44.2829,-22.5681],[-44.2793,-22.5657],[-44.279,-22.5654]],[[-44.279,-22.5655],[-44.2826,-22.5681],[-44.2792,-22.5657],[-44.279,-22.5655]]]}},{"type":"Feature","properties":{"cod_tema":"ARL_PROPOSTA","cod_imovel":"RJ-3300407-7FD0F9B7B7AA4117B165BBBFAE80CD7D","num_area":"2.0501000000000000000000000000000","ind_status":"AT"},"geometry":{"type":"Polygon","coordinates":[[[-44.2743,-22.5753],[-44.2728,-22.5776],[-44.2743,-22.5756],[-44.2743,-22.5753]],[[-44.2742,-22.5753],[-44.2728,-22.5776],[-44.2742,-22.5756],[-44.2742,-22.5753]]]}},{"type":"Feature","properties":{"cod_tema":"ARL_AVERBADA","cod_imovel":"RJ-3300407-8AF0F2312CD84490BCD49A17CCE4B053","num_area":"9.5623000000000000000000000000000","ind_status":"AT"},"geometry":{"type":"Polygon","coordinates":[[[-44.2441,-22.4997],[-44.2471,-22.5006],[-44.2445,-22.4945],[-44.2446,-22.4984],[-44.2441,-22.4997]]]}},{"type":"Feature","properties":{"cod_tema":"ARL_PROPOSTA","cod_imovel":"RJ-3300407-F95B26B248624602939A4F056E4C2732","num_area":"6.5666000000000000000000000000000","ind_status":"AT"},"geometry":{"type":"Polygon","coordinates":[[[-44.1668,-22.3993],[-44.1642,-22.4023],[-44.1674,-22.3992],[-44.1668,-22.3993]]]}},{"type":"Feature","properties":{"cod_tema":"ARL_PROPOSTA","cod_imovel":"RJ-3300407-6617F89E69CD44D7A102C22BFD9A43A7","num_area":"24.411200000000000000000000000000","ind_status":"AT"},"geometry":{"type":"Polygon","coordinates":[[[-44.1434,-22.5918],[-44.1405,-22.5925],[-44.1434,-22.5921],[-44.1434,-22.5918]],[[-44.1422,-22.5939],[-44.1457,-22.5944],[-44.144,-22.5929],[-44.1422,-22.5939]],[[-44.1447,-22.5974],[-44.1437,-22.5952],[-44.1446,-22.5974],[-44.1447,-22.5974]],[[-44.1448,-22.5974],[-44.1472,-22.5973],[-44.1448,-22.5974],[-44.1448,-22.5974]],[[-44.1472,-22.5973],[-44.1486,-22.5954],[-44.1436,-22.5951],[-44.1471,-22.5973],[-44.1472,-22.5973]]]}},{"type":"Feature","properties":{"cod_tema":"ARL_PROPOSTA","cod_imovel":"RJ-3300407-F5E181FB48DB478BABBC39571F2DE65B","num_area":"126.29470000000000000000000000000","ind_status":"AT"},"geometry":{"type":"Polygon","coordinates":[[[-44.3107,-22.4739],[-44.314,-22.4726],[-44.31,-22.4737],[-44.3107,-22.4739]],[[-44.3238,-22.4821],[-44.3268,-22.4846],[-44.3287,-22.4821],[-44.3267,-22.4786],[-44.3266,-22.4827],[-44.3238,-22.4821],[-44.3238,-22.4821]],[[-44.3286,-22.4825],[-44.3272,-22.4789],[-44.3286,-22.4824],[-44.3286,-22.4825]],[[-44.3215,-22.4682],[-44.3192,-22.4626],[-44.3136,-22.4616],[-44.3183,-22.4693],[-44.3216,-22.4685],[-44.3215,-22.4682]],[[-44.3136,-22.4616],[-44.3152,-22.4649],[-44.3136,-22.4619],[-44.3136,-22.4616]],[[-44.3188,-22.4694],[-44.3188,-22.4744],[-44.319,-22.4695],[-44.3188,-22.4694]],[[-44.3188,-22.4745],[-44.3211,-22.4779],[-44.3231,-22.4725],[-44.3202,-22.4707],[-44.3188,-22.4744],[-44.3188,-22.4745]],[[-44.3206,-22.4695],[-44.3309,-22.479],[-44.3324,-22.4766],[-44.3209,-22.469],[-44.3206,-22.4695]],[[-44.3159,-22.4653],[-44.3174,-22.4686],[-44.3162,-22.4656],[-44.3159,-22.4653]],[[-44.3198,-22.4752],[-44.3206,-22.4783],[-44.3198,-22.4752],[-44.3198,-22.4752]],[[-44.3262,-22.4775],[-44.3309,-22.479],[-44.3262,-22.4774],[-44.3262,-22.4775]]]}},{"type":"Feature","properties":{"cod_tema":"ARL_PROPOSTA","cod_imovel":"RJ-3300407-31F0CA9B529842DDA842FB79A21B913E","num_area":"5.5068000000000000000000000000000","ind_status":"AT"},"geometry":{"type":"Polygon","coordinates":[[[-44.2091,-22.4739],[-44.2093,-22.476],[-44.2113,-22.4743],[-44.2093,-22.474],[-44.2091,-22.4739]],[[-44.2152,-22.4746],[-44.2142,-22.4771],[-44.2154,-22.4744],[-44.2152,-22.4746]],[[-44.2153,-22.477],[-44.2157,-22.475],[-44.2154,-22.477],[-44.2153,-22.477]]]}},{"type":"Feature","properties":{"cod_tema":"ARL_PROPOSTA","cod_imovel":"RJ-3300407-14E8948C4EE44FAB96A5336F577B90F0","num_area":"12.452500000000000000000000000000","ind_status":"AT"},"geometry":{"type":"Polygon","coordinates":[[[-44.1602,-22.3703],[-44.1591,-22.3686],[-44.1642,-22.368],[-44.1585,-22.3701],[-44.1602,-22.3703]]]}},{"type":"Feature","properties":{"cod_tema":"ARL_PROPOSTA","cod_imovel":"RJ-3300407-6EE11F4DD943414496AD96D00D5E4758","num_area":"2.2719000000000000000000000000000","ind_status":"AT"},"geometry":{"type":"Polygon","coordinates":[[[-44.3,-22.4687],[-44.301,-22.4708],[-44.3,-22.4689],[-44.3,-22.4687]],[[-44.2997,-22.4687],[-44.2995,-22.471],[-44.2997,-22.4688],[-44.2997,-22.4687]]]}}]}