{"type":"FeatureCollection","features":[{"type":"Feature","properties":{"cod_tema":"ARL_PROPOSTA","cod_imovel":"RJ-3300803-50256A42CC67430AB2C506B33AC5A71A","num_area":"18.667400000000000000000000000000","ind_status":"AT"},"geometry":{"type":"Polygon","coordinates":[[[-42.6582,-22.5749],[-42.6589,-22.5795],[-42.6608,-22.5746],[-42.6582,-22.5749]],[[-42.6589,-22.5796],[-42.661,-22.5829],[-42.6609,-22.5766],[-42.659,-22.579],[-42.6589,-22.5796]]]}},{"type":"Feature","properties":{"cod_tema":"ARL_PROPOSTA","cod_imovel":"RJ-3300803-1FCFF4B3E0C54BD8836498715DD11272","num_area":"108.58050000000000000000000000000","ind_status":"AT"},"geometry":{"type":"Polygon","coordinates":[[[-42.7791,-22.5236],[-42.7719,-22.5189],[-42.7664,-22.5302],[-42.7826,-22.5255],[-42.7791,-22.5236]]]}},{"type":"Feature","properties":{"cod_tema":"ARL_PROPOSTA","cod_imovel":"RJ-3300803-F5E594812D7449FCBD52F42B4528F4FC","num_area":"8.8153000000000000000000000000000","ind_status":"AT"},"geometry":{"type":"Polygon","coordinates":[[[-42.8108,-22.5275],[-42.8103,-22.525],[-42.8076,-22.5303],[-42.8107,-22.5281],[-42.8108,-22.5275]]]}},{"type":"Feature","properties":{"cod_tema":"ARL_PROPOSTA","cod_imovel":"RJ-3300803-662ABEA4B4D54EFC973032FE20B4891D","num_area":"7.7279000000000000000000000000000","ind_status":"AT"},"geometry":{"type":"Polygon","coordinates":[[[-42.8015,-22.5279],[-42.8025,-22.5234],[-42.8016,-22.5278],[-42.8015,-22.5279]]]}},{"type":"Feature","properties":{"cod_tema":"ARL_PROPOSTA","cod_imovel":"RJ-3300803-DB582B612C6F4FAE9B847DBD4F2A8E39","num_area":"4.6626000000000000000000000000000","ind_status":"AT"},"geometry":{"type":"Polygon","coordinates":[[[-42.7491,-22.6169],[-42.7518,-22.617],[-42.75,-22.6157],[-42.7491,-22.6169]]]}},{"type":"Feature","properties":{"cod_tema":"ARL_PROPOSTA","cod_imovel":"RJ-3300803-887501F3468944DE8F1B1B7A9DE989E2","num_area":"2.3000000000000000000000000000000","ind_status":"AT"},"geometry":{"type":"Polygon","coordinates":[[[-42.7151,-22.5291],[-42.7157,-22.5266],[-42.7137,-22.5283],[-42.7151,-22.5291]]]}},{"type":"Feature","properties":{"cod_tema":"ARL_PROPOSTA","cod_imovel":"RJ-3300803-F92155432DDF41608D40981FD3D4A24E","num_area":"4.3187000000000000000000000000000","ind_status":"AT"},"geometry":{"type":"Polygon","coordinates":[[[-42.8012,-22.5868],[-42.8029,-22.5856],[-42.8012,-22.5869],[-42.8012,-22.5868]]]}},{"type":"Feature","properties":{"cod_tema":"ARL_PROPOSTA","cod_imovel":"RJ-3300803-50F026DE3723459C8A916F04B76574D8","num_area":"9.7316000000000000000000000000000","ind_status":"AT"},"geometry":{"type":"Polygon","coordinates":[[[-42.6163,-22.6096],[-42.6197,-22.6086],[-42.616,-22.6066],[-42.6163,-22.6096]]]}},{"type":"Feature","properties":{"cod_tema":"ARL_PROPOSTA","cod_imovel":"RJ-3300803-9FF17948F1194E2B91D9F787596697A7","num_area":"331.87220000000000000000000000000","ind_status":"AT"},"geometry":{"type":"Polygon","coordinates":[[[-42.5794,-22.4488],[-42.5723,-22.4455],[-42.5717,-22.4414],[-42.5666,-22.4457],[-42.5669,-22.4499],[-42.5621,-22.4498],[-42.5751,-22.463],[-42.5863,-22.4655],[-42.5849,-22.4474],[-42.5807,-22.4489],[-42.5794,-22.4488]]]}},{"type":"Feature","properties":{"cod_tema":"ARL_PROPOSTA","cod_imovel":"RJ-3300803-2E595863D2534472B4CC5C2DEFAEAA93","num_area":"10.285000000000000000000000000000","ind_status":"AT"},"geometry":{"type":"Polygon","coordinates":[[[-42.7264,-22.4022],[-42.7296,-22.411],[-42.7274,-22.4053],[-42.7264,-22.4022]]]}},{"type":"Feature","properties":{"cod_tema":"ARL_PROPOSTA","cod_imovel":"RJ-3300803-D7A6A12CD4AC4C5792DF083B2A1F636E","num_area":"5.8594000000000000000000000000000","ind_status":"AT"},"geometry":{"type":"Polygon","coordinates":[[[-42.6323,-22.4542],[-42.6326,-22.4565],[-42.6375,-22.4537],[-42.6348,-22.4539],[-42.6323,-22.4542]]]}},{"type":"Feature","properties":{"cod_tema":"ARL_PROPOSTA","cod_imovel":"RJ-3300803-8C739F29D3F54A7896633DE2437B40A2","num_area":"3.7455000000000000000000000000000","ind_status":"AT"},"geometry":{"type":"Polygon","coordinates":[[[-42.8233,-22.518],[-42.82,-22.5189],[-42.8231,-22.5182],[-42.8233,-22.518]]]}},{"type":"Feature","properties":{"cod_tema":"ARL_PROPOSTA","cod_imovel":"RJ-3300803-C76924D19C354E2E9CAFFCDD62AD0074","num_area":"3.6113000000000000000000000000000","ind_status":"AT"},"geometry":{"type":"Polygon","coordinates":[[[-42.8308,-22.6188],[-42.8316,-22.6207],[-42.8308,-22.6188],[-42.8308,-22.6188]]]}},{"type":"Feature","properties":{"cod_tema":"ARL_PROPOSTA","cod_imovel":"RJ-3300803-8620FF2C7A81428AA782A83956C0F950","num_area":"2.5177000000000000000000000000000","ind_status":"AT"},"geometry":{"type":"Polygon","coordinates":[[[-42.7062,-22.5167],[-42.704,-22.5164],[-42.7062,-22.5171],[-42.7062,-22.5167]]]}},{"type":"Feature","properties":{"cod_tema":"ARL_PROPOSTA","cod_imovel":"RJ-3300803-331ECC7B9DEF409DAF3C986C1A04EFE7","num_area":"13.495700000000000000000000000000","ind_status":"AT"},"geometry":{"type":"Polygon","coordinates":[[[-42.6629,-22.6335],[-42.6682,-22.6317],[-42.6619,-22.6334],[-42.6629,-22.6335]]]}},{"type":"Feature","properties":{"cod_tema":"ARL_PROPOSTA","cod_imovel":"RJ-3300803-33EEC76DFE784E178AF5C0D5396F31E8","num_area":"1.1364000000000000000000000000000","ind_status":"AT"},"geometry":{"type":"Polygon","coordinates":[[[-42.8197,-22.5199],[-42.8202,-22.5175],[-42.8197,-22.5199],[-42.8197,-22.5199]]]}},{"type":"Feature","properties":{"cod_tema":"ARL_PROPOSTA","cod_imovel":"RJ-3300803-4F5AD117D0CD4E76851F01D5A9114BD6","num_area":"3.9013000000000000000000000000000","ind_status":"AT"},"geometry":{"type":"Polygon","coordinates":[[[-42.6808,-22.6289],[-42.684,-22.6297],[-42.6809,-22.6286],[-42.6808,-22.6289]]]}},{"type":"Feature","properties":{"cod_tema":"ARL_PROPOSTA","cod_imovel":"RJ-3300803-627CA69FEC4B441BA21B7B870F22FFD5","num_area":"3.1905000000000000000000000000000","ind_status":"AT"},"geometry":{"type":"Polygon","coordinates":[[[-42.7348,-22.6092],[-42.735,-22.6122],[-42.7355,-22.6098],[-42.7348,-22.6092]]]}},{"type":"Feature","properties":{"cod_tema":"ARL_PROPOSTA","cod_imovel":"RJ-3300803-70618C3626C5427D91845FC25839FB45","num_area":"10.188100000000000000000000000000","ind_status":"AT"},"geometry":{"type":"Polygon","coordinates":[[[-42.6572,-22.6358],[-42.6585,-22.6402],[-42.6606,-22.6343],[-42.6572,-22.6358]]]}},{"type":"Feature","properties":{"cod_tema":"ARL_PROPOSTA","cod_imovel":"RJ-3300803-6D5E177B5AD547E2933435CE4D01E706","num_area":"0.5509000000000000000000000000000","ind_status":"AT"},"geometry":{"type":"Polygon","coordinates":[[[-42.8714,-22.5811],[-42.8715,-22.5839],[-42.8709,-22.5819],[-42.8714,-22.5811]]]}},{"type":"Feature","properties":{"cod_tema":"ARL_PROPOSTA","cod_imovel":"RJ-3300803-84EBAB5F07E14DA7BC8107AF70142746","num_area":"3.6473000000000000000000000000000","ind_status":"AT"},"geometry":{"type":"Polygon","coordinates":[[[-42.7356,-22.513],[-42.7329,-22.5139],[-42.7357,-22.5139],[-42.7356,-22.513]]]}},{"type":"Feature","properties":{"cod_tema":"ARL_PROPOSTA","cod_imovel":"RJ-3300803-9768F0BC45AB4A389E3A36140F7E61F0","num_area":"3.6283000000000000000000000000000","ind_status":"AT"},"geometry":{"type":"Polygon","coordinates":[[[-42.7225,-22.6408],[-42.7244,-22.6385],[-42.722,-22.6396],[-42.7225,-22.6408]]]}},{"type":"Feature","properties":{"cod_tema":"ARL_PROPOSTA","cod_imovel":"RJ-3300803-C2325E8686BB4D00BD67EFA001544EB9","num_area":"2.6853000000000000000000000000000","ind_status":"AT"},"geometry":{"type":"Polygon","coordinates":[[[-42.8759,-22.6179],[-42.8736,-22.6167],[-42.8753,-22.6185],[-42.8759,-22.6179]]]}},{"type":"Feature","properties":{"cod_tema":"ARL_PROPOSTA","cod_imovel":"RJ-3300803-F0D16178E07041A0869820E6C386A808","num_area":"15.524100000000000000000000000000","ind_status":"AT"},"geometry":{"type":"Polygon","coordinates":[[[-42.7245,-22.6323],[-42.7284,-22.6315],[-42.7275,-22.6289],[-42.7222,-22.6289],[-42.7244,-22.6322],[-42.7245,-22.6323]]]}},{"type":"Feature","properties":{"cod_tema":"ARL_PROPOSTA","cod_imovel":"RJ-3300803-E435BD947D7748FA812A6786D4256284","num_area":"8.3198000000000000000000000000000","ind_status":"AT"},"geometry":{"type":"Polygon","coordinates":[[[-42.6984,-22.6366],[-42.6998,-22.6383],[-42.7023,-22.6348],[-42.6998,-22.6369],[-42.6995,-22.6339],[-42.6984,-22.6366]]]}},{"type":"Feature","properties":{"cod_tema":"ARL_PROPOSTA","cod_imovel":"RJ-3300803-CABDEB558BE84277A5D3DDC115B9F0A1","num_area":"3.8797000000000000000000000000000","ind_status":"AT"},"geometry":{"type":"Polygon","coordinates":[[[-42.6502,-22.5221],[-42.6486,-22.5205],[-42.6499,-22.5221],[-42.6502,-22.5221]]]}},{"type":"Feature","properties":{"cod_tema":"ARL_PROPOSTA","cod_imovel":"RJ-3300803-E35C7841F7BA4EBB8DF95C1680EFBA9E","num_area":"16.944900000000000000000000000000","ind_status":"AT"},"geometry":{"type":"Polygon","coordinates":[[[-42.6303,-22.4668],[-42.6205,-22.47],[-42.6305,-22.4676],[-42.6303,-22.4668]]]}},{"type":"Feature","properties":{"cod_tema":"ARL_PROPOSTA","cod_imovel":"RJ-3300803-4E9624C8E46646CE928E60CB8ABB7DE3","num_area":"14.399100000000000000000000000000","ind_status":"AT"},"geometry":{"type":"Polygon","coordinates":[[[-42.7045,-22.489],[-42.7031,-22.4861],[-42.6999,-22.4894],[-42.7045,-22.489],[-42.7045,-22.489]]]}},{"type":"Feature","properties":{"cod_tema":"ARL_PROPOSTA","cod_imovel":"RJ-3300803-83C97E0576E8425EB1FDFACDD61EBCE7","num_area":"4.0536000000000000000000000000000","ind_status":"AT"},"geometry":{"type":"Polygon","coordinates":[[[-42.8281,-22.52],[-42.8268,-22.517],[-42.8279,-22.5204],[-42.8281,-22.52]]]}},{"type":"Feature","properties":{"cod_tema":"ARL_PROPOSTA","cod_imovel":"RJ-3300803-BAE3621DD9DC419A95B91CC1C6C39861","num_area":"16.768000000000000000000000000000","ind_status":"PE"},"geometry":{"type":"Polygon","coordinates":[[[-42.6979,-22.5423],[-42.6977,-22.5465],[-42.7011,-22.5471],[-42.6979,-22.5423]],[[-42.6969,-22.5407],[-42.6971,-22.5463],[-42.6976,-22.5418],[-42.6969,-22.5407]]]}},{"type":"Feature","properties":{"cod_tema":"ARL_PROPOSTA","cod_imovel":"RJ-3300803-536DA047F57847F68EDF401554A08220","num_area":"8.8715000000000000000000000000000","ind_status":"AT"},"geometry":{"type":"Polygon","coordinates":[[[-42.6503,-22.4175],[-42.6465,-22.4189],[-42.6506,-22.4219],[-42.6503,-22.4175]]]}},{"type":"Feature","properties":{"cod_tema":"ARL_PROPOSTA","cod_imovel":"RJ-3300803-E5ECF34F7D744473B56A8038A0D03D47","num_area":"3.2755000000000000000000000000000","ind_status":"AT"},"geometry":{"type":"Polygon","coordinates":[[[-42.6328,-22.5343],[-42.6324,-22.5371],[-42.633,-22.5342],[-42.6328,-22.5343]]]}},{"type":"Feature","properties":{"cod_tema":"ARL_PROPOSTA","cod_imovel":"RJ-3300803-184ABABABBD042D8BEC7922EC4B9A1AA","num_area":"5.5513000000000000000000000000000","ind_status":"AT"},"geometry":{"type":"Polygon","coordinates":[[[-42.5883,-22.5241],[-42.59,-22.5209],[-42.5884,-22.5233],[-42.5883,-22.5241]]]}},{"type":"Feature","properties":{"cod_tema":"ARL_PROPOSTA","cod_imovel":"RJ-3300803-BECF0F5BCD1A4673A7AA6533ED1B775A","num_area":"43.116300000000000000000000000000","ind_status":"AT"},"geometry":{"type":"Polygon","coordinates":[[[-42.5944,-22.5232],[-42.5992,-22.5211],[-42.5951,-22.5211],[-42.5944,-22.5232]],[[-42.599,-22.5208],[-42.5927,-22.5149],[-42.5958,-22.5156],[-42.5944,-22.5133],[-42.586,-22.5148],[-42.5987,-22.5208],[-42.599,-22.5208]]]}},{"type":"Feature","properties":{"cod_tema":"ARL_PROPOSTA","cod_imovel":"RJ-3300803-AF556D955B54430C9E61C2E0588AEEAF","num_area":"31.236900000000000000000000000000","ind_status":"AT"},"geometry":{"type":"Polygon","coordinates":[[[-42.5968,-22.4767],[-42.5837,-22.4684],[-42.5938,-22.4761],[-42.5968,-22.4767]]]}},{"type":"Feature","properties":{"cod_tema":"ARL_PROPOSTA","cod_imovel":"RJ-3300803-B2E321ADBBFC4423AA10A42747FE7F31","num_area":"1.0064000000000000000000000000000","ind_status":"AT"},"geometry":{"type":"Polygon","coordinates":[[[-42.7952,-22.6285],[-42.7966,-22.6317],[-42.7954,-22.6287],[-42.7952,-22.6285]]]}},{"type":"Feature","properties":{"cod_tema":"ARL_PROPOSTA","cod_imovel":"RJ-3300803-CCC7D55AB9F145149241902E884F38DC","num_area":"11.193900000000000000000000000000","ind_status":"AT"},"geometry":{"type":"Polygon","coordinates":[[[-42.575,-22.4899],[-42.5807,-22.4878],[-42.5748,-22.4891],[-42.575,-22.4899]]]}},{"type":"Feature","properties":{"cod_tema":"ARL_PROPOSTA","cod_imovel":"RJ-3300803-F748B0D28C6F439CA768A1C67383E6E3","num_area":"6.6388000000000000000000000000000","ind_status":"AT"},"geometry":{"type":"Polygon","coordinates":[[[-42.6172,-22.5085],[-42.6175,-22.5047],[-42.6163,-22.5084],[-42.6172,-22.5085]],[[-42.6175,-22.5047],[-42.616,-22.5084],[-42.6174,-22.5048],[-42.6175,-22.5047]]]}},{"type":"Feature","properties":{"cod_tema":"ARL_PROPOSTA","cod_imovel":"RJ-3300803-0E8B13E6569E47EA911F8CF43B214147","num_area":"4.1113000000000000000000000000000","ind_status":"AT"},"geometry":{"type":"Polygon","coordinates":[[[-42.8358,-22.6069],[-42.8336,-22.608],[-42.8359,-22.6069],[-42.8358,-22.6069]]]}},{"type":"Feature","properties":{"cod_tema":"ARL_PROPOSTA","cod_imovel":"RJ-3300803-F7A50C3765BC42D2B7F85B1ED34FCAEB","num_area":"28.556700000000000000000000000000","ind_status":"PE"},"geometry":{"type":"Polygon","coordinates":[[[-42.5902,-22.587],[-42.5976,-22.5854],[-42.5937,-22.5828],[-42.5891,-22.5858],[-42.5902,-22.587]]]}},{"type":"Feature","properties":{"cod_tema":"ARL_PROPOSTA","cod_imovel":"RJ-3300803-2D211DF91BA44A03B717617AE48F3A07","num_area":"4.7520000000000000000000000000000","ind_status":"AT"},"geometry":{"type":"Polygon","coordinates":[[[-42.8534,-22.5602],[-42.8548,-22.5621],[-42.8536,-22.5602],[-42.8534,-22.5602]]]}},{"type":"Feature","properties":{"cod_tema":"ARL_PROPOSTA","cod_imovel":"RJ-3300803-4EA914A407DF477EB672A69D2C473032","num_area":"8.9150000000000000000000000000000","ind_status":"AT"},"geometry":{"type":"Polygon","coordinates":[[[-42.7972,-22.4551],[-42.796,-22.4572],[-42.7989,-22.4583],[-42.8004,-22.4561],[-42.7972,-22.4551]]]}},{"type":"Feature","properties":{"cod_tema":"ARL_PROPOSTA","cod_imovel":"RJ-3300803-012A43E23F1046949340EE7CFC23B863","num_area":"1.7757000000000000000000000000000","ind_status":"AT"},"geometry":{"type":"Polygon","coordinates":[[[-42.843,-22.5673],[-42.8451,-22.5665],[-42.8432,-22.5672],[-42.843,-22.5673]]]}},{"type":"Feature","properties":{"cod_tema":"ARL_PROPOSTA","cod_imovel":"RJ-3300803-01CB1205E1D146CE9CE60C3A705010EC","num_area":"15.802200000000000000000000000000","ind_status":"AT"},"geometry":{"type":"Polygon","coordinates":[[[-42.8596,-22.5471],[-42.8553,-22.544],[-42.8593,-22.5472],[-42.8596,-22.5471]],[[-42.8552,-22.544],[-42.8515,-22.5383],[-42.8554,-22.5443],[-42.8552,-22.544]],[[-42.8535,-22.5399],[-42.8518,-22.5383],[-42.8533,-22.5397],[-42.8535,-22.5399]]]}},{"type":"Feature","properties":{"cod_tema":"ARL_PROPOSTA","cod_imovel":"RJ-3300803-07601F39C1D9409C8D87E2F6B75EB93F","num_area":"2.3177000000000000000000000000000","ind_status":"AT"},"geometry":{"type":"Polygon","coordinates":[[[-42.7249,-22.5238],[-42.7276,-22.5235],[-42.7255,-22.5231],[-42.7249,-22.5238]]]}},{"type":"Feature","properties":{"cod_tema":"ARL_PROPOSTA","cod_imovel":"RJ-3300803-0B30049134974728847D1C71C40FF6F9","num_area":"5.7984000000000000000000000000000","ind_status":"AT"},"geometry":{"type":"Polygon","coordinates":[[[-42.8698,-22.609],[-42.8671,-22.6071],[-42.8697,-22.609],[-42.8698,-22.609]]]}},{"type":"Feature","properties":{"cod_tema":"ARL_PROPOSTA","cod_imovel":"RJ-3300803-0DA5ECDEC7004F4E8A4CEEF38947835D","num_area":"7.9844000000000000000000000000000","ind_status":"AT"},"geometry":{"type":"Polygon","coordinates":[[[-42.6363,-22.6125],[-42.6335,-22.6097],[-42.6328,-22.6129],[-42.6363,-22.6125]]]}},{"type":"Feature","properties":{"cod_tema":"ARL_PROPOSTA","cod_imovel":"RJ-3300803-10BDC44EB6FB46AE8D5E2996684CF4D9","num_area":"6.0943000000000000000000000000000","ind_status":"AT"},"geometry":{"type":"Polygon","coordinates":[[[-42.8034,-22.611],[-42.8041,-22.6137],[-42.8043,-22.6112],[-42.8034,-22.611]],[[-42.8025,-22.6076],[-42.8044,-22.609],[-42.8027,-22.6078],[-42.8025,-22.6076]]]}},{"type":"Feature","properties":{"cod_tema":"ARL_PROPOSTA","cod_imovel":"RJ-3300803-15665E5C0DB940AB98186F7C14D0EF0F","num_area":"9.4925000000000000000000000000000","ind_status":"AT"},"geometry":{"type":"Polygon","coordinates":[[[-42.7326,-22.5163],[-42.7389,-22.516],[-42.7321,-22.5162],[-42.7326,-22.5163]]]}},{"type":"Feature","properties":{"cod_tema":"ARL_PROPOSTA","cod_imovel":"RJ-3300803-179F8BD37FDF4CDD93D04DA014B6EA56","num_area":"5.5572000000000000000000000000000","ind_status":"AT"},"geometry":{"type":"Polygon","coordinates":[[[-42.7093,-22.6284],[-42.7112,-22.6276],[-42.7084,-22.6265],[-42.7093,-22.6284]]]}},{"type":"Feature","properties":{"cod_tema":"ARL_PROPOSTA","cod_imovel":"RJ-3300803-1A56B35EEF5E4F9FA1D8D2D7B4B5A14B","num_area":"2.0302000000000000000000000000000","ind_status":"AT"},"geometry":{"type":"Polygon","coordinates":[[[-42.6885,-22.5853],[-42.6906,-22.5854],[-42.6885,-22.5851],[-42.6885,-22.5853]]]}},{"type":"Feature","properties":{"cod_tema":"ARL_PROPOSTA","cod_imovel":"RJ-3300803-1ECC5774993C47DBB9A1D83ECDAEBD53","num_area":"3.3805000000000000000000000000000","ind_status":"AT"},"geometry":{"type":"Polygon","coordinates":[[[-42.7944,-22.621],[-42.7938,-22.6185],[-42.7941,-22.6209],[-42.7944,-22.621]]]}},{"type":"Feature","properties":{"cod_tema":"ARL_PROPOSTA","cod_imovel":"RJ-3300803-1FC65EE3745A4E7D9496DC3DFEDAD0E2","num_area":"3.0037000000000000000000000000000","ind_status":"AT"},"geometry":{"type":"Polygon","coordinates":[[[-42.7795,-22.4747],[-42.7758,-22.4736],[-42.7795,-22.4749],[-42.7795,-22.4747]],[[-42.7774,-22.4768],[-42.7751,-22.4768],[-42.7774,-22.4768],[-42.7774,-22.4768]],[[-42.7751,-22.4767],[-42.7774,-22.4767],[-42.7752,-22.4765],[-42.7751,-22.4767]]]}},{"type":"Feature","properties":{"cod_tema":"ARL_PROPOSTA","cod_imovel":"RJ-3300803-2388E762AFB34245AACF485E8556A06E","num_area":"3.2890000000000000000000000000000","ind_status":"AT"},"geometry":{"type":"Polygon","coordinates":[[[-42.6758,-22.6197],[-42.6737,-22.6193],[-42.6757,-22.6204],[-42.6758,-22.6197]]]}},{"type":"Feature","properties":{"cod_tema":"ARL_PROPOSTA","cod_imovel":"RJ-3300803-27D4677394304F35A4E985B7265E6554","num_area":"1.1940000000000000000000000000000","ind_status":"AT"},"geometry":{"type":"Polygon","coordinates":[[[-42.7154,-22.5271],[-42.714,-22.5286],[-42.716,-22.5271],[-42.7154,-22.5271]]]}},{"type":"Feature","properties":{"cod_tema":"ARL_PROPOSTA","cod_imovel":"RJ-3300803-2804D8100B964BD49AC31C0D26518C89","num_area":"5.7178000000000000000000000000000","ind_status":"AT"},"geometry":{"type":"Polygon","coordinates":[[[-42.7749,-22.4868],[-42.7704,-22.4854],[-42.7746,-22.4872],[-42.7749,-22.4868]]]}},{"type":"Feature","properties":{"cod_tema":"ARL_PROPOSTA","cod_imovel":"RJ-3300803-29B09DA70D0349F0A7F2ACDDAE9D25E2","num_area":"15.473000000000000000000000000000","ind_status":"AT"},"geometry":{"type":"Polygon","coordinates":[[[-42.8627,-22.504],[-42.8602,-22.5116],[-42.8633,-22.5105],[-42.8627,-22.504],[-42.8627,-22.504]],[[-42.8603,-22.5116],[-42.864,-22.5108],[-42.8603,-22.5116],[-42.8603,-22.5116]]]}},{"type":"Feature","properties":{"cod_tema":"ARL_PROPOSTA","cod_imovel":"RJ-3300803-2B9E60BCF8FC4E328958EF8524A339B1","num_area":"6.3990000000000000000000000000000","ind_status":"AT"},"geometry":{"type":"Polygon","coordinates":[[[-42.8693,-22.5884],[-42.8734,-22.5861],[-42.8697,-22.588],[-42.8693,-22.5884]]]}},{"type":"Feature","properties":{"cod_tema":"ARL_PROPOSTA","cod_imovel":"RJ-3300803-3611F287637B4C4D8F00962099563442","num_area":"2.5321000000000000000000000000000","ind_status":"AT"},"geometry":{"type":"Polygon","coordinates":[[[-42.8075,-22.503],[-42.8085,-22.5049],[-42.8094,-22.5026],[-42.8075,-22.503]]]}},{"type":"Feature","properties":{"cod_tema":"ARL_PROPOSTA","cod_imovel":"RJ-3300803-38E57F1999EE43088FDBFA324AE4B3D2","num_area":"21.070000000000000000000000000000","ind_status":"AT"},"geometry":{"type":"Polygon","coordinates":[[[-42.818,-22.4806],[-42.8233,-22.474],[-42.8218,-22.4719],[-42.8175,-22.4795],[-42.818,-22.4806]]]}},{"type":"Feature","properties":{"cod_tema":"ARL_PROPOSTA","cod_imovel":"RJ-3300803-3BB3DAABF13044F3BC63B48577FEF38B","num_area":"4.8214000000000000000000000000000","ind_status":"AT"},"geometry":{"type":"Polygon","coordinates":[[[-42.6531,-22.6246],[-42.6511,-22.6257],[-42.6531,-22.6246],[-42.6531,-22.6246]]]}},{"type":"Feature","properties":{"cod_tema":"ARL_PROPOSTA","cod_imovel":"RJ-3300803-3C28662ED05048C2AA2CFC771841BA77","num_area":"5.9700000000000000000000000000000","ind_status":"AT"},"geometry":{"type":"Polygon","coordinates":[[[-42.5841,-22.4014],[-42.5815,-22.4019],[-42.5841,-22.4016],[-42.5841,-22.4014]],[[-42.5782,-22.4039],[-42.5807,-22.4049],[-42.5788,-22.404],[-42.5782,-22.4039]]]}},{"type":"Feature","properties":{"cod_tema":"ARL_PROPOSTA","cod_imovel":"RJ-3300803-3CB156DE9CCF4268978E75F61E343AA5","num_area":"2.5110000000000000000000000000000","ind_status":"AT"},"geometry":{"type":"Polygon","coordinates":[[[-42.8788,-22.6036],[-42.8777,-22.6013],[-42.8779,-22.6041],[-42.8788,-22.6036]]]}},{"type":"Feature","properties":{"cod_tema":"ARL_PROPOSTA","cod_imovel":"RJ-3300803-411B9269003F4D2BB4D0F848B8853712","num_area":"6.2722000000000000000000000000000","ind_status":"AT"},"geometry":{"type":"Polygon","coordinates":[[[-42.7209,-22.5596],[-42.7186,-22.5616],[-42.7211,-22.5613],[-42.7209,-22.5596]]]}},{"type":"Feature","properties":{"cod_tema":"ARL_PROPOSTA","cod_imovel":"RJ-3300803-4314C92DA70C45A9B36CED3447CF2FD0","num_area":"2.3707000000000000000000000000000","ind_status":"AT"},"geometry":{"type":"Polygon","coordinates":[[[-42.7905,-22.4489],[-42.7934,-22.4482],[-42.7905,-22.4488],[-42.7905,-22.4489]]]}},{"type":"Feature","properties":{"cod_tema":"ARL_PROPOSTA","cod_imovel":"RJ-3300803-45A2EE915D0848E4B38CB232B0E2F6D8","num_area":"81.216500000000000000000000000000","ind_status":"AT"},"geometry":{"type":"Polygon","coordinates":[[[-42.8475,-22.4786],[-42.852,-22.4804],[-42.8662,-22.4732],[-42.867,-22.4678],[-42.8475,-22.4786]]]}},{"type":"Feature","properties":{"cod_tema":"ARL_PROPOSTA","cod_imovel":"RJ-3300803-44180F3F8CE043B18495C51247E9409F","num_area":"13.349600000000000000000000000000","ind_status":"AT"},"geometry":{"type":"Polygon","coordinates":[[[-42.6054,-22.5217],[-42.5979,-22.5228],[-42.6051,-22.5231],[-42.6054,-22.5217]]]}},{"type":"Feature","properties":{"cod_tema":"ARL_PROPOSTA","cod_imovel":"RJ-3300803-54E63057CC8B4EE2975750905B23C053","num_area":"2.4513000000000000000000000000000","ind_status":"AT"},"geometry":{"type":"Polygon","coordinates":[[[-42.8196,-22.5232],[-42.8221,-22.5234],[-42.8196,-22.5232],[-42.8196,-22.5232]]]}},{"type":"Feature","properties":{"cod_tema":"ARL_PROPOSTA","cod_imovel":"RJ-3300803-49A4958728C941CCB9BBD894657D8BF8","num_area":"12.152700000000000000000000000000","ind_status":"AT"},"geometry":{"type":"Polygon","coordinates":[[[-42.8038,-22.5054],[-42.8028,-22.5078],[-42.8057,-22.4998],[-42.8039,-22.505],[-42.8038,-22.5054]]]}},{"type":"Feature","properties":{"cod_tema":"ARL_PROPOSTA","cod_imovel":"RJ-3300803-523313655FB0451CA83F753A9AB529B3","num_area":"9.0093000000000000000000000000000","ind_status":"AT"},"geometry":{"type":"Polygon","coordinates":[[[-42.7552,-22.4992],[-42.7512,-22.4985],[-42.7541,-22.499],[-42.7552,-22.4992]]]}},{"type":"Feature","properties":{"cod_tema":"ARL_PROPOSTA","cod_imovel":"RJ-3300803-52CD0853DF5F4610961911BE3C6944F6","num_area":"2.5707000000000000000000000000000","ind_status":"AT"},"geometry":{"type":"Polygon","coordinates":[[[-42.7185,-22.5181],[-42.7179,-22.5207],[-42.7187,-22.5187],[-42.7185,-22.5181]]]}},{"type":"Feature","properties":{"cod_tema":"ARL_PROPOSTA","cod_imovel":"RJ-3300803-5268FEF7A6C6443DA3B25D1055D819CD","num_area":"13.210300000000000000000000000000","ind_status":"AT"},"geometry":{"type":"Polygon","coordinates":[[[-42.7513,-22.5047],[-42.7517,-22.5023],[-42.7483,-22.503],[-42.7507,-22.5045],[-42.7513,-22.5047]],[[-42.7457,-22.5014],[-42.749,-22.5017],[-42.7458,-22.5014],[-42.7457,-22.5014]],[[-42.752,-22.5006],[-42.748,-22.4997],[-42.7517,-22.5004],[-42.752,-22.5006]]]}},{"type":"Feature","properties":{"cod_tema":"ARL_PROPOSTA","cod_imovel":"RJ-3300803-55848B70570143D882077163999692E2","num_area":"6.6433000000000000000000000000000","ind_status":"AT"},"geometry":{"type":"Polygon","coordinates":[[[-42.657,-22.5598],[-42.6568,-22.562],[-42.6595,-22.5592],[-42.657,-22.5598]]]}},{"type":"Feature","properties":{"cod_tema":"ARL_PROPOSTA","cod_imovel":"RJ-3300803-5761DC88A3CE42F8A7C7C9ACA8A8E622","num_area":"5.8960000000000000000000000000000","ind_status":"AT"},"geometry":{"type":"Polygon","coordinates":[[[-42.6921,-22.4661],[-42.6961,-22.4642],[-42.6939,-22.4628],[-42.6921,-22.4661],[-42.6921,-22.4661]]]}},{"type":"Feature","properties":{"cod_tema":"ARL_PROPOSTA","cod_imovel":"RJ-3300803-5BB194694CF041E888E3A6581BE03412","num_area":"1.3703000000000000000000000000000","ind_status":"AT"},"geometry":{"type":"Polygon","coordinates":[[[-42.673,-22.4638],[-42.6709,-22.4607],[-42.6729,-22.4637],[-42.673,-22.4638]]]}},{"type":"Feature","properties":{"cod_tema":"ARL_PROPOSTA","cod_imovel":"RJ-3300803-58A592DC639E4ECDB0BDA009926D05A3","num_area":"4.9055000000000000000000000000000","ind_status":"AT"},"geometry":{"type":"Polygon","coordinates":[[[-42.8298,-22.602],[-42.8309,-22.5984],[-42.8295,-22.6021],[-42.8298,-22.602]]]}},{"type":"Feature","properties":{"cod_tema":"ARL_PROPOSTA","cod_imovel":"RJ-3300803-5AD7BC12B5C341568EA699ACA504EFFD","num_area":"4.9139000000000000000000000000000","ind_status":"AT"},"geometry":{"type":"Polygon","coordinates":[[[-42.6124,-22.4397],[-42.6162,-22.4415],[-42.616,-22.4391],[-42.6124,-22.4397]]]}},{"type":"Feature","properties":{"cod_tema":"ARL_PROPOSTA","cod_imovel":"RJ-3300803-5C6200D85E894B8292F72E754DAA30E5","num_area":"2.5820000000000000000000000000000","ind_status":"AT"},"geometry":{"type":"Polygon","coordinates":[[[-42.8775,-22.5961],[-42.882,-22.5977],[-42.8786,-22.5962],[-42.8775,-22.5961]]]}},{"type":"Feature","properties":{"cod_tema":"ARL_PROPOSTA","cod_imovel":"RJ-3300803-5F774988BF7944A7AA3EEEDEA82D633B","num_area":"1.0165000000000000000000000000000","ind_status":"AT"},"geometry":{"type":"Polygon","coordinates":[[[-42.8003,-22.4337],[-42.797,-22.4363],[-42.8003,-22.4338],[-42.8003,-22.4337]]]}},{"type":"Feature","properties":{"cod_tema":"ARL_PROPOSTA","cod_imovel":"RJ-3300803-61C263450277410A9DA629FEED6B35BA","num_area":"2.4638000000000000000000000000000","ind_status":"AT"},"geometry":{"type":"Polygon","coordinates":[[[-42.7207,-22.523],[-42.7231,-22.5222],[-42.7209,-22.5225],[-42.7207,-22.523]]]}},{"type":"Feature","properties":{"cod_tema":"ARL_PROPOSTA","cod_imovel":"RJ-3300803-6283EB4E806A4E5BA3001B50906FC0F1","num_area":"3.1430000000000000000000000000000","ind_status":"AT"},"geometry":{"type":"Polygon","coordinates":[[[-42.6468,-22.4878],[-42.6449,-22.4856],[-42.6466,-22.4879],[-42.6468,-22.4878]]]}},{"type":"Feature","properties":{"cod_tema":"ARL_PROPOSTA","cod_imovel":"RJ-3300803-66F65E8350E04422AE839BE9180529BE","num_area":"4.2067000000000000000000000000000","ind_status":"AT"},"geometry":{"type":"Polygon","coordinates":[[[-42.7293,-22.4964],[-42.7314,-22.4977],[-42.7294,-22.4964],[-42.7293,-22.4964]]]}},{"type":"Feature","properties":{"cod_tema":"ARL_PROPOSTA","cod_imovel":"RJ-3300803-68A24A185B984DC7AF4A575E479BFCB2","num_area":"4.5927000000000000000000000000000","ind_status":"AT"},"geometry":{"type":"Polygon","coordinates":[[[-42.7201,-22.5596],[-42.7221,-22.5579],[-42.7191,-22.5598],[-42.7201,-22.5596]]]}},{"type":"Feature","properties":{"cod_tema":"ARL_PROPOSTA","cod_imovel":"RJ-3300803-6F6B462D606640579EBE616B0AAF051D","num_area":"4.6103000000000000000000000000000","ind_status":"AT"},"geometry":{"type":"Polygon","coordinates":[[[-42.7837,-22.4909],[-42.7871,-22.4921],[-42.7838,-22.4908],[-42.7837,-22.4909]]]}},{"type":"Feature","properties":{"cod_tema":"ARL_PROPOSTA","cod_imovel":"RJ-3300803-72EC2534EBF54DF19728CA196DB8CE30","num_area":"2.8859000000000000000000000000000","ind_status":"AT"},"geometry":{"type":"Polygon","coordinates":[[[-42.7029,-22.5142],[-42.7015,-22.517],[-42.703,-22.5142],[-42.7029,-22.5142]],[[-42.7016,-22.5171],[-42.7042,-22.5149],[-42.7016,-22.517],[-42.7016,-22.5171]]]}},{"type":"Feature","properties":{"cod_tema":"ARL_PROPOSTA","cod_imovel":"RJ-3300803-7584D141E0DA428EBD6E79E6BC910E95","num_area":"4.8787000000000000000000000000000","ind_status":"AT"},"geometry":{"type":"Polygon","coordinates":[[[-42.7876,-22.4473],[-42.7853,-22.4456],[-42.7862,-22.4481],[-42.7876,-22.4473]]]}},{"type":"Feature","properties":{"cod_tema":"ARL_PROPOSTA","cod_imovel":"RJ-3300803-7BB38C33759140D98292803A5BCF12D3","num_area":"7.0600000000000000000000000000000","ind_status":"AT"},"geometry":{"type":"Polygon","coordinates":[[[-42.8653,-22.5831],[-42.8616,-22.5807],[-42.8635,-22.5856],[-42.8653,-22.5831]]]}},{"type":"Feature","properties":{"cod_tema":"ARL_PROPOSTA","cod_imovel":"RJ-3300803-7EC8D8A0DF2F44C29A09BFB4CEFA0D35","num_area":"6.0548000000000000000000000000000","ind_status":"AT"},"geometry":{"type":"Polygon","coordinates":[[[-42.6814,-22.6388],[-42.6785,-22.6409],[-42.6826,-22.6408],[-42.6814,-22.639],[-42.6814,-22.6388]]]}},{"type":"Feature","properties":{"cod_tema":"ARL_PROPOSTA","cod_imovel":"RJ-3300803-7D3A7A87160A4E078818682625490BD1","num_area":"4.4057000000000000000000000000000","ind_status":"AT"},"geometry":{"type":"Polygon","coordinates":[[[-42.6616,-22.619],[-42.6658,-22.6177],[-42.6615,-22.6185],[-42.6616,-22.619]]]}},{"type":"Feature","properties":{"cod_tema":"ARL_PROPOSTA","cod_imovel":"RJ-3300803-7EFCEB51DEEF46EAAEC1BE9A2F44D93F","num_area":"3.4183000000000000000000000000000","ind_status":"AT"},"geometry":{"type":"Polygon","coordinates":[[[-42.7338,-22.5587],[-42.7358,-22.5609],[-42.7338,-22.5587],[-42.7338,-22.5587]]]}},{"type":"Feature","properties":{"cod_tema":"ARL_PROPOSTA","cod_imovel":"RJ-3300803-7FBD81B521974B65A4743452F23C6769","num_area":"5.0012000000000000000000000000000","ind_status":"AT"},"geometry":{"type":"Polygon","coordinates":[[[-42.7173,-22.4403],[-42.7192,-22.442],[-42.7176,-22.4397],[-42.7173,-22.4403]]]}},{"type":"Feature","properties":{"cod_tema":"ARL_PROPOSTA","cod_imovel":"RJ-3300803-87CD14D239A9487D802F3F357DB379A5","num_area":"4.2321000000000000000000000000000","ind_status":"AT"},"geometry":{"type":"Polygon","coordinates":[[[-42.707,-22.6277],[-42.7095,-22.6285],[-42.7071,-22.6277],[-42.707,-22.6277]]]}},{"type":"Feature","properties":{"cod_tema":"ARL_APROVADA_NAO_AVERBADA","cod_imovel":"RJ-3300803-8901034F8D444D69B6E19029FB67D0E3","num_area":"16.377700000000000000000000000000","ind_status":"AT"},"geometry":{"type":"Polygon","coordinates":[[[-42.7126,-22.4603],[-42.7082,-22.4593],[-42.7103,-22.465],[-42.7126,-22.4603],[-42.7126,-22.4603]]]}},{"type":"Feature","properties":{"cod_tema":"ARL_PROPOSTA","cod_imovel":"RJ-3300803-899F13786B7E49498C1CE4F486D01F4B","num_area":"5.7272000000000000000000000000000","ind_status":"AT"},"geometry":{"type":"Polygon","coordinates":[[[-42.7879,-22.4676],[-42.79,-22.4652],[-42.788,-22.4672],[-42.7879,-22.4676]]]}},{"type":"Feature","properties":{"cod_tema":"ARL_PROPOSTA","cod_imovel":"RJ-3300803-8ED3377E0D5D4FCDB368B6B0C072F7FB","num_area":"119.47170000000000000000000000000","ind_status":"CA"},"geometry":{"type":"Polygon","coordinates":[[[-42.6866,-22.4155],[-42.6891,-22.4158],[-42.6825,-22.4157],[-42.6862,-22.4135],[-42.6907,-22.417],[-42.6945,-22.4142],[-42.6876,-22.4094],[-42.6964,-22.4129],[-42.6838,-22.4056],[-42.6813,-22.4158],[-42.684,-22.4186],[-42.6866,-22.4155]]]}},{"type":"Feature","properties":{"cod_tema":"ARL_PROPOSTA","cod_imovel":"RJ-3300803-8FB593AB7E1F413AA0ADAB1CAFE990A4","num_area":"29.862700000000000000000000000000","ind_status":"AT"},"geometry":{"type":"Polygon","coordinates":[[[-42.6229,-22.4367],[-42.6179,-22.4367],[-42.6203,-22.441],[-42.6229,-22.4367]],[[-42.6182,-22.4388],[-42.62,-22.4414],[-42.6184,-22.439],[-42.6182,-22.4388]],[[-42.6151,-22.4389],[-42.6151,-22.4432],[-42.6185,-22.4395],[-42.6151,-22.439],[-42.6151,-22.4389]]]}},{"type":"Feature","properties":{"cod_tema":"ARL_PROPOSTA","cod_imovel":"RJ-3300803-968CDAEAB3094DF993ED75485C9CAD2E","num_area":"0.3751000000000000000000000000000","ind_status":"AT"},"geometry":{"type":"Polygon","coordinates":[[[-42.825,-22.639],[-42.8276,-22.6384],[-42.825,-22.6388],[-42.825,-22.639]]]}},{"type":"Feature","properties":{"cod_tema":"ARL_PROPOSTA","cod_imovel":"RJ-3300803-9D8231B03844430AA11EFEED056FC3B9","num_area":"1.6950000000000000000000000000000","ind_status":"PE"},"geometry":{"type":"Polygon","coordinates":[[[-42.7464,-22.5891],[-42.7465,-22.5936],[-42.7468,-22.5891],[-42.7464,-22.5891]],[[-42.7438,-22.5938],[-42.7465,-22.5939],[-42.7437,-22.5938],[-42.7438,-22.5938]]]}},{"type":"Feature","properties":{"cod_tema":"ARL_PROPOSTA","cod_imovel":"RJ-3300803-9D75227F37DB4A76AF75897A439DFD67","num_area":"2.9153000000000000000000000000000","ind_status":"AT"},"geometry":{"type":"Polygon","coordinates":[[[-42.8143,-22.6186],[-42.8145,-22.6207],[-42.8156,-22.6186],[-42.8143,-22.6186]]]}},{"type":"Feature","properties":{"cod_tema":"ARL_PROPOSTA","cod_imovel":"RJ-3300803-A56AE6419C4D4B4BA24A8E6CC59866A1","num_area":"1.2537000000000000000000000000000","ind_status":"AT"},"geometry":{"type":"Polygon","coordinates":[[[-42.6574,-22.6205],[-42.6586,-22.623],[-42.6576,-22.621],[-42.6574,-22.6205]]]}},{"type":"Feature","properties":{"cod_tema":"ARL_PROPOSTA","cod_imovel":"RJ-3300803-ACE806A6A3F2488CA3B7BC756ECD1FBF","num_area":"95.233700000000000000000000000000","ind_status":"AT"},"geometry":{"type":"Polygon","coordinates":[[[-42.6979,-22.4264],[-42.7118,-22.428],[-42.7035,-22.4263],[-42.7098,-22.4261],[-42.7054,-22.4228],[-42.6956,-22.4258],[-42.6979,-22.4264]],[[-42.7118,-22.428],[-42.715,-22.4244],[-42.7118,-22.4206],[-42.7055,-22.4228],[-42.711,-22.4271],[-42.7118,-22.428]]]}},{"type":"Feature","properties":{"cod_tema":"ARL_PROPOSTA","cod_imovel":"RJ-3300803-AC2DF757354D4BC49682B210B26906B2","num_area":"5.3448000000000000000000000000000","ind_status":"AT"},"geometry":{"type":"Polygon","coordinates":[[[-42.6145,-22.5797],[-42.6163,-22.5758],[-42.6146,-22.5793],[-42.6145,-22.5797]]]}},{"type":"Feature","properties":{"cod_tema":"ARL_PROPOSTA","cod_imovel":"RJ-3300803-AF65C98D8A744B73BA655626DC875464","num_area":"3.2861000000000000000000000000000","ind_status":"AT"},"geometry":{"type":"Polygon","coordinates":[[[-42.7348,-22.6237],[-42.7371,-22.6247],[-42.7353,-22.6214],[-42.7348,-22.6236],[-42.7348,-22.6237]]]}},{"type":"Feature","properties":{"cod_tema":"ARL_PROPOSTA","cod_imovel":"RJ-3300803-B14211903EE84DD7B14A10EFC4CD4EAF","num_area":"93.830000000000000000000000000000","ind_status":"SU"},"geometry":{"type":"Polygon","coordinates":[[[-42.6462,-22.5314],[-42.6482,-22.534],[-42.6501,-22.5322],[-42.6485,-22.534],[-42.6511,-22.531],[-42.6592,-22.5332],[-42.6582,-22.5295],[-42.6664,-22.532],[-42.6492,-22.5265],[-42.6467,-22.53],[-42.6462,-22.5314]]]}},{"type":"Feature","properties":{"cod_tema":"ARL_PROPOSTA","cod_imovel":"RJ-3300803-B23112CC41C84977A07F03A6B41EB8E4","num_area":"3.0030000000000000000000000000000","ind_status":"AT"},"geometry":{"type":"Polygon","coordinates":[[[-42.7761,-22.4823],[-42.7789,-22.483],[-42.7761,-22.4823],[-42.7761,-22.4823]]]}},{"type":"Feature","properties":{"cod_tema":"ARL_PROPOSTA","cod_imovel":"RJ-3300803-B2BBC1F956A84A2CA491FE24A26E0D50","num_area":"1.3385000000000000000000000000000","ind_status":"AT"},"geometry":{"type":"Polygon","coordinates":[[[-42.8235,-22.6219],[-42.8213,-22.6208],[-42.8235,-22.6219],[-42.8235,-22.6219]]]}},{"type":"Feature","properties":{"cod_tema":"ARL_PROPOSTA","cod_imovel":"RJ-3300803-B4327F44B54243DAAB40C9E208298C9A","num_area":"6.2953000000000000000000000000000","ind_status":"AT"},"geometry":{"type":"Polygon","coordinates":[[[-42.8711,-22.5097],[-42.8706,-22.5056],[-42.8704,-22.5093],[-42.8711,-22.5097]]]}},{"type":"Feature","properties":{"cod_tema":"ARL_PROPOSTA","cod_imovel":"RJ-3300803-B52797530B9346329243B34C8D342791","num_area":"1.9409000000000000000000000000000","ind_status":"AT"},"geometry":{"type":"Polygon","coordinates":[[[-42.8601,-22.5628],[-42.8625,-22.5616],[-42.8602,-22.5626],[-42.8601,-22.5628]],[[-42.8612,-22.5629],[-42.8633,-22.5612],[-42.861,-22.5631],[-42.8612,-22.5629]]]}},{"type":"Feature","properties":{"cod_tema":"ARL_PROPOSTA","cod_imovel":"RJ-3300803-B8926A435AE3437EB992711391C98DF9","num_area":"5.7413000000000000000000000000000","ind_status":"AT"},"geometry":{"type":"Polygon","coordinates":[[[-42.7895,-22.4398],[-42.7868,-22.4415],[-42.7904,-22.4427],[-42.7896,-22.4398],[-42.7895,-22.4398]]]}},{"type":"Feature","properties":{"cod_tema":"ARL_PROPOSTA","cod_imovel":"RJ-3300803-B8B4DC0C4E8742E28ABBFB427641B1EF","num_area":"1.9905000000000000000000000000000","ind_status":"AT"},"geometry":{"type":"Polygon","coordinates":[[[-42.7798,-22.5667],[-42.7791,-22.5648],[-42.7789,-22.567],[-42.7798,-22.5667]]]}},{"type":"Feature","properties":{"cod_tema":"ARL_PROPOSTA","cod_imovel":"RJ-3300803-BBE999192C454389A9C17A882575C58A","num_area":"2.0097000000000000000000000000000","ind_status":"AT"},"geometry":{"type":"Polygon","coordinates":[[[-42.8175,-22.6135],[-42.8152,-22.6137],[-42.8175,-22.614],[-42.8175,-22.6135]]]}},{"type":"Feature","properties":{"cod_tema":"ARL_PROPOSTA","cod_imovel":"RJ-3300803-BE30E1E89C7540898091BE8636A2B2FD","num_area":"1.0014000000000000000000000000000","ind_status":"AT"},"geometry":{"type":"Polygon","coordinates":[[[-42.8348,-22.6374],[-42.8325,-22.6378],[-42.8348,-22.6374],[-42.8348,-22.6374]]]}},{"type":"Feature","properties":{"cod_tema":"ARL_PROPOSTA","cod_imovel":"RJ-3300803-C2C5E882516C45A9BA68C73DE6AADB53","num_area":"4.6477000000000000000000000000000","ind_status":"AT"},"geometry":{"type":"Polygon","coordinates":[[[-42.8558,-22.5608],[-42.859,-22.5615],[-42.8561,-22.5607],[-42.8558,-22.5608]]]}},{"type":"Feature","properties":{"cod_tema":"ARL_PROPOSTA","cod_imovel":"RJ-3300803-C1C88D566F5646178BDC7126BB31B86D","num_area":"1.1288000000000000000000000000000","ind_status":"AT"},"geometry":{"type":"Polygon","coordinates":[[[-42.8375,-22.637],[-42.8348,-22.6374],[-42.8375,-22.637],[-42.8375,-22.637]]]}},{"type":"Feature","properties":{"cod_tema":"ARL_PROPOSTA","cod_imovel":"RJ-3300803-C3C92BDE9A814DE1AE190CC9C282BD54","num_area":"4.9755000000000000000000000000000","ind_status":"AT"},"geometry":{"type":"Polygon","coordinates":[[[-42.6728,-22.5812],[-42.6667,-22.5806],[-42.6732,-22.582],[-42.6728,-22.5812]]]}},{"type":"Feature","properties":{"cod_tema":"ARL_PROPOSTA","cod_imovel":"RJ-3300803-C9688EF842B44EB8970D70B9F1AF5F7A","num_area":"2.4725000000000000000000000000000","ind_status":"AT"},"geometry":{"type":"Polygon","coordinates":[[[-42.7026,-22.53],[-42.6983,-22.5308],[-42.7025,-22.53],[-42.7026,-22.53]]]}},{"type":"Feature","properties":{"cod_tema":"ARL_PROPOSTA","cod_imovel":"RJ-3300803-C84BE807B35E4FE1B801457BFBEDA284","num_area":"1.0059000000000000000000000000000","ind_status":"AT"},"geometry":{"type":"Polygon","coordinates":[[[-42.7387,-22.5921],[-42.737,-22.5909],[-42.7387,-22.5922],[-42.7387,-22.5921]]]}},{"type":"Feature","properties":{"cod_tema":"ARL_PROPOSTA","cod_imovel":"RJ-3300803-C8799E296DF843B4BC261F8ABC7751A3","num_area":"2.7211000000000000000000000000000","ind_status":"AT"},"geometry":{"type":"Polygon","coordinates":[[[-42.7339,-22.5088],[-42.736,-22.5111],[-42.7344,-22.5095],[-42.7339,-22.5088]]]}},{"type":"Feature","properties":{"cod_tema":"ARL_PROPOSTA","cod_imovel":"RJ-3300803-CA8DA762C4754C44AA4155235AF396C1","num_area":"8.8558000000000000000000000000000","ind_status":"AT"},"geometry":{"type":"Polygon","coordinates":[[[-42.8044,-22.5674],[-42.8083,-22.5688],[-42.8044,-22.5674],[-42.8044,-22.5674]]]}},{"type":"Feature","properties":{"cod_tema":"ARL_PROPOSTA","cod_imovel":"RJ-3300803-CCEF094339A84F50BD109830EC6712FB","num_area":"18.068300000000000000000000000000","ind_status":"AT"},"geometry":{"type":"Polygon","coordinates":[[[-42.7197,-22.6054],[-42.7176,-22.6056],[-42.7211,-22.6132],[-42.7227,-22.6117],[-42.7197,-22.6054]]]}},{"type":"Feature","properties":{"cod_tema":"ARL_PROPOSTA","cod_imovel":"RJ-3300803-D035191AA05C463DB5C35F8B325834D8","num_area":"8.0078000000000000000000000000000","ind_status":"AT"},"geometry":{"type":"Polygon","coordinates":[[[-42.6003,-22.4126],[-42.5999,-22.4172],[-42.603,-22.4156],[-42.6007,-22.414],[-42.6003,-22.4126]]]}},{"type":"Feature","properties":{"cod_tema":"ARL_PROPOSTA","cod_imovel":"RJ-3300803-E1FA6502254845E59F8023A0D5A5575A","num_area":"5.2915000000000000000000000000000","ind_status":"AT"},"geometry":{"type":"Polygon","coordinates":[[[-42.788,-22.4583],[-42.7903,-22.4593],[-42.7883,-22.4583],[-42.788,-22.4583]],[[-42.7914,-22.4579],[-42.7886,-22.4577],[-42.7912,-22.4579],[-42.7914,-22.4579]],[[-42.7917,-22.4563],[-42.7891,-22.4541],[-42.7914,-22.4566],[-42.7917,-22.4563]]]}},{"type":"Feature","properties":{"cod_tema":"ARL_PROPOSTA","cod_imovel":"RJ-3300803-CF4AFE73859642A585A17279C72BA18D","num_area":"6.3489000000000000000000000000000","ind_status":"AT"},"geometry":{"type":"Polygon","coordinates":[[[-42.8377,-22.5993],[-42.8361,-22.6037],[-42.8377,-22.5993],[-42.8377,-22.5993]]]}},{"type":"Feature","properties":{"cod_tema":"ARL_PROPOSTA","cod_imovel":"RJ-3300803-D3000A2748214A289EFDE62A6BCAF648","num_area":"9.9652000000000000000000000000000","ind_status":"AT"},"geometry":{"type":"Polygon","coordinates":[[[-42.8597,-22.6035],[-42.8617,-22.6074],[-42.8614,-22.603],[-42.8597,-22.6035]]]}},{"type":"Feature","properties":{"cod_tema":"ARL_PROPOSTA","cod_imovel":"RJ-3300803-DEC6E894DFB94EF19818DE7297C1B5E9","num_area":"17.701000000000000000000000000000","ind_status":"AT"},"geometry":{"type":"Polygon","coordinates":[[[-42.8001,-22.5247],[-42.7947,-22.5294],[-42.8017,-22.5282],[-42.8001,-22.5247]]]}},{"type":"Feature","properties":{"cod_tema":"ARL_PROPOSTA","cod_imovel":"RJ-3300803-DEFCC21F00344E48BBC841662E4F6AF7","num_area":"3.5555000000000000000000000000000","ind_status":"AT"},"geometry":{"type":"Polygon","coordinates":[[[-42.7649,-22.5853],[-42.7622,-22.5824],[-42.7646,-22.5856],[-42.7649,-22.5853]]]}},{"type":"Feature","properties":{"cod_tema":"ARL_PROPOSTA","cod_imovel":"RJ-3300803-E10DABC2AE444FB1B0E14D2D6214949F","num_area":"5.4462000000000000000000000000000","ind_status":"AT"},"geometry":{"type":"Polygon","coordinates":[[[-42.7263,-22.424],[-42.732,-22.4242],[-42.7272,-22.4228],[-42.7263,-22.424]]]}},{"type":"Feature","properties":{"cod_tema":"ARL_PROPOSTA","cod_imovel":"RJ-3300803-E2977B39E7A745E682507C58A352A810","num_area":"1.6107000000000000000000000000000","ind_status":"AT"},"geometry":{"type":"Polygon","coordinates":[[[-42.7241,-22.6294],[-42.7263,-22.6292],[-42.7243,-22.6294],[-42.7241,-22.6294]]]}},{"type":"Feature","properties":{"cod_tema":"ARL_PROPOSTA","cod_imovel":"RJ-3300803-EA1A8CDCC6664DC3A344E9362E1C9855","num_area":"4.1591000000000000000000000000000","ind_status":"AT"},"geometry":{"type":"Polygon","coordinates":[[[-42.8195,-22.5323],[-42.8159,-22.5324],[-42.8194,-22.5325],[-42.8195,-22.5323]]]}},{"type":"Feature","properties":{"cod_tema":"ARL_PROPOSTA","cod_imovel":"RJ-3300803-EE52AF31B302403CA7CC260B6E8612CE","num_area":"1.1451000000000000000000000000000","ind_status":"PE"},"geometry":{"type":"Polygon","coordinates":[[[-42.7411,-22.5935],[-42.7437,-22.5938],[-42.7412,-22.5935],[-42.7411,-22.5935]]]}},{"type":"Feature","properties":{"cod_tema":"ARL_PROPOSTA","cod_imovel":"RJ-3300803-F2BA62560F614B7EA916EC790EE8AF29","num_area":"3.6361000000000000000000000000000","ind_status":"AT"},"geometry":{"type":"Polygon","coordinates":[[[-42.6908,-22.5367],[-42.6855,-22.5334],[-42.6903,-22.5365],[-42.6908,-22.5367]]]}},{"type":"Feature","properties":{"cod_tema":"ARL_PROPOSTA","cod_imovel":"RJ-3300803-F3C15B90E1AE4057901DF70C20506CA7","num_area":"5.0617000000000000000000000000000","ind_status":"AT"},"geometry":{"type":"Polygon","coordinates":[[[-42.7537,-22.5019],[-42.7546,-22.4995],[-42.7519,-22.5015],[-42.7537,-22.5019]]]}},{"type":"Feature","properties":{"cod_tema":"ARL_PROPOSTA","cod_imovel":"RJ-3300803-F6CA5484C73F4A9C997178D11697EDDE","num_area":"3.6233000000000000000000000000000","ind_status":"AT"},"geometry":{"type":"Polygon","coordinates":[[[-42.8305,-22.5608],[-42.8285,-22.5638],[-42.83,-22.5621],[-42.8305,-22.5608]]]}},{"type":"Feature","properties":{"cod_tema":"ARL_PROPOSTA","cod_imovel":"RJ-3300803-FEC279B768E14A5795DE02C32269D906","num_area":"4.0278000000000000000000000000000","ind_status":"AT"},"geometry":{"type":"Polygon","coordinates":[[[-42.7396,-22.6785],[-42.7415,-22.68],[-42.74,-22.6778],[-42.7396,-22.6785]]]}},{"type":"Feature","properties":{"cod_tema":"ARL_PROPOSTA","cod_imovel":"RJ-3300803-0F569F4908B74CF9817369A8B0159365","num_area":"9.2978000000000000000000000000000","ind_status":"AT"},"geometry":{"type":"Polygon","coordinates":[[[-42.8075,-22.5113],[-42.8091,-22.5097],[-42.8067,-22.511],[-42.8075,-22.5113]],[[-42.8073,-22.5072],[-42.8117,-22.5107],[-42.8072,-22.5075],[-42.8073,-22.5072]],[[-42.807,-22.5071],[-42.8115,-22.511],[-42.8068,-22.5076],[-42.807,-22.5071]]]}},{"type":"Feature","properties":{"cod_tema":"ARL_PROPOSTA","cod_imovel":"RJ-3300803-46F39D272E86460EAFF9D9622F508CFD","num_area":"3.2371000000000000000000000000000","ind_status":"AT"},"geometry":{"type":"Polygon","coordinates":[[[-42.7441,-22.637],[-42.7436,-22.6347],[-42.7438,-22.637],[-42.7441,-22.637]]]}},{"type":"Feature","properties":{"cod_tema":"ARL_PROPOSTA","cod_imovel":"RJ-3300803-B81E0D3C86DC4885AC1B0E5BAC7A72F6","num_area":"50.802100000000000000000000000000","ind_status":"CA"},"geometry":{"type":"Polygon","coordinates":[[[-42.7119,-22.4514],[-42.7081,-22.4533],[-42.7122,-22.4516],[-42.7119,-22.4514]],[[-42.7081,-22.4533],[-42.706,-22.4556],[-42.7109,-22.4601],[-42.7133,-22.4557],[-42.7093,-22.4572],[-42.7143,-22.454],[-42.7081,-22.4533],[-42.7081,-22.4533]]]}},{"type":"Feature","properties":{"cod_tema":"ARL_PROPOSTA","cod_imovel":"RJ-3300803-C0C656385977497EA5863DA870388791","num_area":"18.348200000000000000000000000000","ind_status":"AT"},"geometry":{"type":"Polygon","coordinates":[[[-42.665,-22.4747],[-42.6637,-22.4778],[-42.6656,-22.4752],[-42.665,-22.4747]],[[-42.6689,-22.4721],[-42.6667,-22.4708],[-42.665,-22.4747],[-42.6684,-22.473],[-42.6689,-22.4721]],[[-42.6668,-22.4758],[-42.6664,-22.4729],[-42.6665,-22.4757],[-42.6668,-22.4758]]]}},{"type":"Feature","properties":{"cod_tema":"ARL_PROPOSTA","cod_imovel":"RJ-3300803-8007665D1BC949EDBA6B8949CB0AC4D8","num_area":"8.2391000000000000000000000000000","ind_status":"AT"},"geometry":{"type":"Polygon","coordinates":[[[-42.6114,-22.5699],[-42.6069,-22.5679],[-42.608,-22.5699],[-42.6114,-22.5699]]]}},{"type":"Feature","properties":{"cod_tema":"ARL_PROPOSTA","cod_imovel":"RJ-3300803-92E9C1DAE31B4C3D80C1A1B45DFA8AFF","num_area":"1643.4507000000000000000000000000","ind_status":"PE"},"geometry":{"type":"Polygon","coordinates":[[[-42.7421,-22.4354],[-42.7397,-22.4339],[-42.7421,-22.4353],[-42.7421,-22.4354]],[[-42.745,-22.444],[-42.7432,-22.4458],[-42.7423,-22.4431],[-42.7362,-22.4498],[-42.7414,-22.4437],[-42.7396,-22.4421],[-42.7312,-22.4482],[-42.7395,-22.4424],[-42.734,-22.4438],[-42.7401,-22.4391],[-42.7379,-22.435],[-42.7341,-22.4406],[-42.7293,-22.4421],[-42.7263,-22.4374],[-42.7225,-22.4374],[-42.7228,-22.4422],[-42.7144,-22.441],[-42.7072,-22.4451],[-42.7102,-22.4459],[-42.7102,-22.4417],[-42.712,-22.4512],[-42.7165,-22.4495],[-42.7175,-22.4527],[-42.7179,-22.4466],[-42.7213,-22.4456],[-42.7462,-22.4541],[-42.7459,-22.4431],[-42.745,-22.444]],[[-42.741,-22.4457],[-42.7418,-22.4478],[-42.741,-22.4457],[-42.741,-22.4457]],[[-42.7075,-22.4464],[-42.7034,-22.4533],[-42.7109,-22.4601],[-42.7133,-22.4558],[-42.7092,-22.4572],[-42.7147,-22.453],[-42.704,-22.4546],[-42.7124,-22.4518],[-42.7075,-22.4495],[-42.7122,-22.4501],[-42.7118,-22.4477],[-42.7083,-22.4487],[-42.7118,-22.4469],[-42.7075,-22.4463],[-42.7075,-22.4464]],[[-42.7236,-22.4376],[-42.7235,-22.4336],[-42.7236,-22.4376],[-42.7236,-22.4376]],[[-42.7219,-22.4365],[-42.7208,-22.4385],[-42.722,-22.4367],[-42.7219,-22.4365]],[[-42.7207,-22.4386],[-42.7188,-22.4421],[-42.722,-22.4406],[-42.7207,-22.4386],[-42.7207,-22.4386]],[[-42.7462,-22.4542],[-42.749,-22.4575],[-42.7504,-22.455],[-42.7462,-22.4542],[-42.7462,-22.4542]],[[-42.7035,-22.4378],[-42.6958,-22.4274],[-42.7101,-22.4262],[-42.6948,-22.4234],[-42.6975,-22.423],[-42.6944,-22.4209],[-42.6999,-22.4212],[-42.6985,-22.4192],[-42.7002,-22.4213],[-42.6962,-22.4178],[-42.6852,-22.4189],[-42.6886,-22.4152],[-42.6852,-22.4105],[-42.6993,-22.4152],[-42.708,-22.4246],[-42.7084,-22.4223],[-42.7041,-22.4157],[-42.6885,-22.4071],[-42.6824,-22.418],[-42.6784,-22.4352],[-42.6941,-22.4445],[-42.6891,-22.4387],[-42.6975,-22.4406],[-42.6957,-22.435],[-42.6866,-22.4316],[-42.6928,-22.4331],[-42.6777,-22.4208],[-42.6985,-22.4361],[-42.7035,-22.4378]],[[-42.6941,-22.4146],[-42.6962,-22.4162],[-42.6939,-22.4146],[-42.6941,-22.4146]],[[-42.691,-22.4349],[-42.6906,-22.4381],[-42.691,-22.4349],[-42.691,-22.4349]],[[-42.6825,-22.4399],[-42.6752,-22.4409],[-42.6726,-22.4445],[-42.6726,-22.454],[-42.6763,-22.4567],[-42.6786,-22.4533],[-42.6697,-22.4508],[-42.6712,-22.447],[-42.6809,-22.443],[-42.6768,-22.4479],[-42.6781,-22.4528],[-42.6819,-22.4443],[-42.6785,-22.453],[-42.6827,-22.4449],[-42.6786,-22.4531],[-42.6853,-22.4492],[-42.681,-22.4563],[-42.6848,-22.4524],[-42.6864,-22.455],[-42.6908,-22.4541],[-42.6894,-22.4568],[-42.6936,-22.456],[-42.6899,-22.4474],[-42.701,-22.4467],[-42.703,-22.443],[-42.6976,-22.4436],[-42.6982,-22.4403],[-42.6947,-22.4476],[-42.6825,-22.4399],[-42.6825,-22.4399]],[[-42.677,-22.4555],[-42.6745,-22.4564],[-42.6771,-22.4552],[-42.677,-22.4555]],[[-42.6785,-22.442],[-42.6758,-22.4409],[-42.6784,-22.442],[-42.6785,-22.442]],[[-42.6769,-22.4397],[-42.6752,-22.4409],[-42.6769,-22.4397],[-42.6769,-22.4397]],[[-42.6753,-22.4576],[-42.6779,-22.4575],[-42.675,-22.4579],[-42.6769,-22.4616],[-42.6796,-22.458],[-42.6758,-22.4592],[-42.6809,-22.4563],[-42.6753,-22.4576],[-42.6753,-22.4576]]]}},{"type":"Feature","properties":{"cod_tema":"ARL_AVERBADA","cod_imovel":"RJ-3300803-92E9C1DAE31B4C3D80C1A1B45DFA8AFF","num_area":"64.676300000000000000000000000000","ind_status":"PE"},"geometry":{"type":"Polygon","coordinates":[[[-42.7032,-22.4384],[-42.6923,-22.4324],[-42.7058,-22.4444],[-42.7079,-22.4401],[-42.7072,-22.4451],[-42.7093,-22.4404],[-42.7035,-22.4378],[-42.7032,-22.4384]]]}},{"type":"Feature","properties":{"cod_tema":"ARL_PROPOSTA","cod_imovel":"RJ-3304300-E6CB0E12B93C4BFA866E62B30874E000","num_area":"3.5736000000000000000000000000000","ind_status":"PE"},"geometry":{"type":"Polygon","coordinates":[[[-42.6611,-22.6376],[-42.6596,-22.6402],[-42.6611,-22.6378],[-42.6611,-22.6376]]]}},{"type":"Feature","properties":{"cod_tema":"ARL_PROPOSTA","cod_imovel":"RJ-3300803-1F43B52D3FE94B07A5BB95791B159CA3","num_area":"90.925900000000000000000000000000","ind_status":"AT"},"geometry":{"type":"Polygon","coordinates":[[[-42.6146,-22.5539],[-42.6212,-22.5571],[-42.6257,-22.5504],[-42.6158,-22.5447],[-42.6146,-22.5539]]]}},{"type":"Feature","properties":{"cod_tema":"ARL_PROPOSTA","cod_imovel":"RJ-3300803-672F35B91964400789031D103AE2BD05","num_area":"39.146800000000000000000000000000","ind_status":"AT"},"geometry":{"type":"Polygon","coordinates":[[[-42.7863,-22.5254],[-42.7852,-22.5273],[-42.7877,-22.5267],[-42.7863,-22.5254]],[[-42.7851,-22.5275],[-42.7845,-22.5316],[-42.7906,-22.5295],[-42.7851,-22.5275],[-42.7851,-22.5275]],[[-42.791,-22.533],[-42.7909,-22.5296],[-42.7886,-22.5325],[-42.791,-22.533]]]}},{"type":"Feature","properties":{"cod_tema":"ARL_PROPOSTA","cod_imovel":"RJ-3300803-CBDC91D1959A473185D7F3AFB4A2B6E1","num_area":"1.5394000000000000000000000000000","ind_status":"AT"},"geometry":{"type":"Polygon","coordinates":[[[-42.7353,-22.4882],[-42.7373,-22.4882],[-42.7353,-22.4882],[-42.7353,-22.4882]],[[-42.7365,-22.4857],[-42.735,-22.4873],[-42.7366,-22.4859],[-42.7365,-22.4857]]]}},{"type":"Feature","properties":{"cod_tema":"ARL_PROPOSTA","cod_imovel":"RJ-3300803-E4FB72F11E1B4B4893C07657B502D756","num_area":"9.3454000000000000000000000000000","ind_status":"AT"},"geometry":{"type":"Polygon","coordinates":[[[-42.7942,-22.5475],[-42.7924,-22.5462],[-42.7917,-22.5506],[-42.7942,-22.5475]]]}},{"type":"Feature","properties":{"cod_tema":"ARL_PROPOSTA","cod_imovel":"RJ-3300803-D3FFA4C8439547E2972017C64A7E2B2D","num_area":"4.8162000000000000000000000000000","ind_status":"AT"},"geometry":{"type":"Polygon","coordinates":[[[-42.669,-22.5803],[-42.6733,-22.5821],[-42.6708,-22.5807],[-42.669,-22.5803]]]}},{"type":"Feature","properties":{"cod_tema":"ARL_PROPOSTA","cod_imovel":"RJ-3300803-B19F34B8092C489C9B85DFD63048CE6F","num_area":"4.3037000000000000000000000000000","ind_status":"AT"},"geometry":{"type":"Polygon","coordinates":[[[-42.8107,-22.6029],[-42.8078,-22.6047],[-42.8108,-22.603],[-42.8107,-22.6029]]]}},{"type":"Feature","properties":{"cod_tema":"ARL_PROPOSTA","cod_imovel":"RJ-3300803-552AF0DDF21746DA918A8B2BAB6715D0","num_area":"6.6325000000000000000000000000000","ind_status":"AT"},"geometry":{"type":"Polygon","coordinates":[[[-42.6148,-22.5153],[-42.6107,-22.5189],[-42.615,-22.5154],[-42.6148,-22.5153]]]}},{"type":"Feature","properties":{"cod_tema":"ARL_PROPOSTA","cod_imovel":"RJ-3300803-6620A9DEB80F4CFB8F715B8A63741EAE","num_area":"30.585000000000000000000000000000","ind_status":"AT"},"geometry":{"type":"Polygon","coordinates":[[[-42.7829,-22.5273],[-42.7835,-22.5233],[-42.7801,-22.5219],[-42.7796,-22.5334],[-42.7829,-22.5274],[-42.7829,-22.5273]]]}},{"type":"Feature","properties":{"cod_tema":"ARL_PROPOSTA","cod_imovel":"RJ-3300803-2BB29B45FFA44A2E93DA66465DD3B61E","num_area":"116.66720000000000000000000000000","ind_status":"AT"},"geometry":{"type":"Polygon","coordinates":[[[-42.7553,-22.5068],[-42.7584,-22.5064],[-42.7553,-22.5065],[-42.7553,-22.5068]],[[-42.7577,-22.5237],[-42.7537,-22.5244],[-42.7576,-22.5239],[-42.7577,-22.5237]],[[-42.755,-22.5109],[-42.7572,-22.5104],[-42.7555,-22.5071],[-42.7546,-22.5107],[-42.755,-22.5109]],[[-42.7479,-22.5294],[-42.7499,-22.5307],[-42.7452,-22.5262],[-42.742,-22.5274],[-42.7464,-22.5284],[-42.7479,-22.5294]],[[-42.7641,-22.5161],[-42.7606,-22.5163],[-42.7622,-22.5184],[-42.7641,-22.5163],[-42.7641,-22.5161]],[[-42.7678,-22.5125],[-42.7668,-22.5064],[-42.7609,-22.5008],[-42.7581,-22.5026],[-42.7619,-22.5018],[-42.7609,-22.5053],[-42.7651,-22.5062],[-42.767,-22.5122],[-42.7678,-22.5125]],[[-42.7634,-22.5114],[-42.7507,-22.516],[-42.7565,-22.5204],[-42.7635,-22.5124],[-42.7634,-22.5114]]]}},{"type":"Feature","properties":{"cod_tema":"ARL_PROPOSTA","cod_imovel":"RJ-3300803-B57F615EC9894A7280C66DDF2CB41C62","num_area":"10.097200000000000000000000000000","ind_status":"AT"},"geometry":{"type":"Polygon","coordinates":[[[-42.6026,-22.4836],[-42.6011,-22.4851],[-42.608,-22.4848],[-42.6031,-22.4831],[-42.6026,-22.4836]]]}},{"type":"Feature","properties":{"cod_tema":"ARL_PROPOSTA","cod_imovel":"RJ-3300803-0D9C47893B9B4BEEB6A5DE3E5D949373","num_area":"3.2470000000000000000000000000000","ind_status":"AT"},"geometry":{"type":"Polygon","coordinates":[[[-42.6973,-22.6177],[-42.6954,-22.6163],[-42.6962,-22.6184],[-42.6973,-22.6177]]]}},{"type":"Feature","properties":{"cod_tema":"ARL_PROPOSTA","cod_imovel":"RJ-3300803-EBABEF8C32C44F88AB687455E1831C63","num_area":"21.318500000000000000000000000000","ind_status":"AT"},"geometry":{"type":"Polygon","coordinates":[[[-42.7555,-22.478],[-42.7557,-22.4746],[-42.7511,-22.4755],[-42.7514,-22.4808],[-42.7554,-22.4785],[-42.7555,-22.478]]]}},{"type":"Feature","properties":{"cod_tema":"ARL_PROPOSTA","cod_imovel":"RJ-3300803-4108138BA54041038436F2CEAA9FAF50","num_area":"3.4527000000000000000000000000000","ind_status":"AT"},"geometry":{"type":"Polygon","coordinates":[[[-42.6951,-22.6227],[-42.6993,-22.621],[-42.695,-22.6226],[-42.6951,-22.6227]]]}},{"type":"Feature","properties":{"cod_tema":"ARL_PROPOSTA","cod_imovel":"RJ-3300803-56EAD66BCF1345C1BBC5DF8021895481","num_area":"21.612500000000000000000000000000","ind_status":"AT"},"geometry":{"type":"Polygon","coordinates":[[[-42.7046,-22.6147],[-42.7033,-22.6119],[-42.6997,-22.6131],[-42.7015,-22.6167],[-42.706,-22.6173],[-42.7046,-22.6147]],[[-42.7031,-22.62],[-42.7069,-22.6192],[-42.7033,-22.62],[-42.7031,-22.62]],[[-42.7032,-22.6202],[-42.7071,-22.6194],[-42.7033,-22.6202],[-42.7032,-22.6202]]]}},{"type":"Feature","properties":{"cod_tema":"ARL_PROPOSTA","cod_imovel":"RJ-3300803-49388D04013C430589500E883E78CDB3","num_area":"23.814300000000000000000000000000","ind_status":"AT"},"geometry":{"type":"Polygon","coordinates":[[[-42.5853,-22.512],[-42.5863,-22.5146],[-42.5934,-22.5125],[-42.5922,-22.5098],[-42.5853,-22.512]]]}},{"type":"Feature","properties":{"cod_tema":"ARL_PROPOSTA","cod_imovel":"RJ-3300803-D4F267326D2B49A290A026F20D1382E3","num_area":"66.348400000000000000000000000000","ind_status":"AT"},"geometry":{"type":"Polygon","coordinates":[[[-42.6429,-22.4495],[-42.6373,-22.4514],[-42.6405,-22.4461],[-42.6351,-22.4513],[-42.6327,-22.4521],[-42.6401,-22.4462],[-42.6337,-22.4512],[-42.627,-22.451],[-42.635,-22.4543],[-42.6308,-22.4538],[-42.6319,-22.4561],[-42.6429,-22.4498],[-42.6429,-22.4495]]]}},{"type":"Feature","properties":{"cod_tema":"ARL_PROPOSTA","cod_imovel":"RJ-3300803-0FFD48672751471F8669E556B7954CBC","num_area":"3.2101000000000000000000000000000","ind_status":"AT"},"geometry":{"type":"Polygon","coordinates":[[[-42.6086,-22.508],[-42.6059,-22.5084],[-42.6083,-22.5082],[-42.6086,-22.508]]]}},{"type":"Feature","properties":{"cod_tema":"ARL_PROPOSTA","cod_imovel":"RJ-3300803-64E447E35D4E476F9B1FCA293FF6DB36","num_area":"17.955600000000000000000000000000","ind_status":"AT"},"geometry":{"type":"Polygon","coordinates":[[[-42.7494,-22.5126],[-42.7436,-22.5075],[-42.7482,-22.5144],[-42.7494,-22.5126]]]}},{"type":"Feature","properties":{"cod_tema":"ARL_PROPOSTA","cod_imovel":"RJ-3300803-55AAB3CC11444FE0B5954E68F1D140AD","num_area":"14.236100000000000000000000000000","ind_status":"AT"},"geometry":{"type":"Polygon","coordinates":[[[-42.7359,-22.4159],[-42.7372,-22.4189],[-42.7361,-22.416],[-42.7359,-22.4159]],[[-42.7368,-22.4194],[-42.736,-22.4236],[-42.7368,-22.4195],[-42.7368,-22.4194]]]}},{"type":"Feature","properties":{"cod_tema":"ARL_PROPOSTA","cod_imovel":"RJ-3300803-96BEC91849E344368CB79BE3523C2371","num_area":"40.227900000000000000000000000000","ind_status":"AT"},"geometry":{"type":"Polygon","coordinates":[[[-42.621,-22.5548],[-42.6249,-22.5535],[-42.623,-22.5502],[-42.6193,-22.5523],[-42.621,-22.5548]],[[-42.623,-22.5502],[-42.6204,-22.5457],[-42.6168,-22.5488],[-42.6192,-22.5522],[-42.6218,-22.5504],[-42.623,-22.5502]]]}},{"type":"Feature","properties":{"cod_tema":"ARL_PROPOSTA","cod_imovel":"RJ-3300803-082BAD29BD644DDE8AE179282057D9A3","num_area":"8.3181000000000000000000000000000","ind_status":"AT"},"geometry":{"type":"Polygon","coordinates":[[[-42.8525,-22.5112],[-42.8526,-22.5136],[-42.8561,-22.5126],[-42.8525,-22.5112]]]}},{"type":"Feature","properties":{"cod_tema":"ARL_PROPOSTA","cod_imovel":"RJ-3300803-1EF3D3C2499F4AE5AF3CB39BA8E4F08A","num_area":"7.0023000000000000000000000000000","ind_status":"AT"},"geometry":{"type":"Polygon","coordinates":[[[-42.6329,-22.5117],[-42.6321,-22.5082],[-42.6328,-22.5118],[-42.6329,-22.5117]]]}},{"type":"Feature","properties":{"cod_tema":"ARL_PROPOSTA","cod_imovel":"RJ-3300803-269E32D9ECC4490EB7A556241036A014","num_area":"2.1031000000000000000000000000000","ind_status":"AT"},"geometry":{"type":"Polygon","coordinates":[[[-42.713,-22.529],[-42.7144,-22.5275],[-42.7123,-22.5285],[-42.713,-22.529]]]}},{"type":"Feature","properties":{"cod_tema":"ARL_PROPOSTA","cod_imovel":"RJ-3300803-8609DA0746534FB6888EE6AD972528E8","num_area":"22.059700000000000000000000000000","ind_status":"AT"},"geometry":{"type":"Polygon","coordinates":[[[-42.636,-22.4879],[-42.6325,-22.492],[-42.6385,-22.492],[-42.636,-22.4879]]]}},{"type":"Feature","properties":{"cod_tema":"ARL_PROPOSTA","cod_imovel":"RJ-3300803-41A0E25786704AA8BE9B9E145310F4BC","num_area":"1.7338000000000000000000000000000","ind_status":"AT"},"geometry":{"type":"Polygon","coordinates":[[[-42.6614,-22.6331],[-42.6637,-22.6333],[-42.6615,-22.6331],[-42.6614,-22.6331]]]}},{"type":"Feature","properties":{"cod_tema":"ARL_PROPOSTA","cod_imovel":"RJ-3300803-6E47215836374AA19C7E690937C5A83C","num_area":"2.8638000000000000000000000000000","ind_status":"AT"},"geometry":{"type":"Polygon","coordinates":[[[-42.7829,-22.5921],[-42.7856,-22.5928],[-42.7826,-22.5914],[-42.7829,-22.5921]]]}},{"type":"Feature","properties":{"cod_tema":"ARL_PROPOSTA","cod_imovel":"RJ-3300803-A02011281D4E411D821F2B7963E074D6","num_area":"15.389800000000000000000000000000","ind_status":"AT"},"geometry":{"type":"Polygon","coordinates":[[[-42.8261,-22.5941],[-42.8277,-22.5909],[-42.8244,-22.5911],[-42.8259,-22.594],[-42.8261,-22.5941]],[[-42.8288,-22.5983],[-42.8311,-22.5962],[-42.8266,-22.5981],[-42.8288,-22.5983]]]}},{"type":"Feature","properties":{"cod_tema":"ARL_PROPOSTA","cod_imovel":"RJ-3300803-A06E9379A6264FC9A315F61418EF492B","num_area":"18.217600000000000000000000000000","ind_status":"AT"},"geometry":{"type":"Polygon","coordinates":[[[-42.6084,-22.4792],[-42.612,-22.4795],[-42.6136,-22.4754],[-42.6092,-22.4756],[-42.6084,-22.4792],[-42.6084,-22.4792]],[[-42.6123,-22.4769],[-42.6091,-22.4771],[-42.6119,-22.4767],[-42.6123,-22.4769]]]}},{"type":"Feature","properties":{"cod_tema":"ARL_PROPOSTA","cod_imovel":"RJ-3300803-B652D504210B476E9DE5F0C2F184C75B","num_area":"2.9881000000000000000000000000000","ind_status":"AT"},"geometry":{"type":"Polygon","coordinates":[[[-42.6434,-22.4564],[-42.6461,-22.4553],[-42.6432,-22.4566],[-42.6434,-22.4564]]]}},{"type":"Feature","properties":{"cod_tema":"ARL_PROPOSTA","cod_imovel":"RJ-3300803-D3C9BC2B973541B3983ECE14EBB3364B","num_area":"3.0279000000000000000000000000000","ind_status":"AT"},"geometry":{"type":"Polygon","coordinates":[[[-42.6366,-22.4479],[-42.6343,-22.4486],[-42.6366,-22.4479],[-42.6366,-22.4479]]]}},{"type":"Feature","properties":{"cod_tema":"ARL_PROPOSTA","cod_imovel":"RJ-3300803-F4515B65A8EA41E794F1CBD891FBC7FC","num_area":"4.8308000000000000000000000000000","ind_status":"AT"},"geometry":{"type":"Polygon","coordinates":[[[-42.7803,-22.5511],[-42.777,-22.5504],[-42.7803,-22.5515],[-42.7803,-22.5511]]]}},{"type":"Feature","properties":{"cod_tema":"ARL_PROPOSTA","cod_imovel":"RJ-3300803-A645167D025C494F9C4A0AA3A355112D","num_area":"5.9921000000000000000000000000000","ind_status":"AT"},"geometry":{"type":"Polygon","coordinates":[[[-42.6001,-22.4797],[-42.5991,-22.4753],[-42.5999,-22.4796],[-42.6001,-22.4797]]]}},{"type":"Feature","properties":{"cod_tema":"ARL_PROPOSTA","cod_imovel":"RJ-3300803-BF27AADC173F4C95B27EAC53770EB18B","num_area":"14.256200000000000000000000000000","ind_status":"AT"},"geometry":{"type":"Polygon","coordinates":[[[-42.63,-22.4769],[-42.6291,-22.4699],[-42.627,-22.4704],[-42.63,-22.4768],[-42.63,-22.4769]]]}},{"type":"Feature","properties":{"cod_tema":"ARL_PROPOSTA","cod_imovel":"RJ-3300803-60560364DFCD47CCA1EA993FA73DFF85","num_area":"9.7818000000000000000000000000000","ind_status":"AT"},"geometry":{"type":"Polygon","coordinates":[[[-42.6321,-22.4705],[-42.6274,-22.4705],[-42.631,-22.4731],[-42.6321,-22.4706],[-42.6321,-22.4705]]]}},{"type":"Feature","properties":{"cod_tema":"ARL_PROPOSTA","cod_imovel":"RJ-3300803-4DD4F8C6C292434CAF50D9C09C8D9AB7","num_area":"17.005700000000000000000000000000","ind_status":"AT"},"geometry":{"type":"Polygon","coordinates":[[[-42.7169,-22.6165],[-42.7122,-22.6107],[-42.7146,-22.618],[-42.7167,-22.6167],[-42.7141,-22.6147],[-42.7167,-22.6167],[-42.7169,-22.6165]]]}},{"type":"Feature","properties":{"cod_tema":"ARL_PROPOSTA","cod_imovel":"RJ-3300803-EE1A6F084E6E4732ACDEFDFE4E81B8BE","num_area":"21.318500000000000000000000000000","ind_status":"CA"},"geometry":{"type":"Polygon","coordinates":[[[-42.7555,-22.478],[-42.7557,-22.4746],[-42.7511,-22.4755],[-42.7514,-22.4808],[-42.7554,-22.4785],[-42.7555,-22.478]]]}},{"type":"Feature","properties":{"cod_tema":"ARL_PROPOSTA","cod_imovel":"RJ-3300803-D42016A9D1F240B0947F73D219ABFD30","num_area":"4.3506000000000000000000000000000","ind_status":"AT"},"geometry":{"type":"Polygon","coordinates":[[[-42.6905,-22.51],[-42.6915,-22.5067],[-42.6904,-22.5099],[-42.6905,-22.51]]]}},{"type":"Feature","properties":{"cod_tema":"ARL_PROPOSTA","cod_imovel":"RJ-3300803-BB21F86F3FA445A09399D1EA70F79247","num_area":"1.8586000000000000000000000000000","ind_status":"AT"},"geometry":{"type":"Polygon","coordinates":[[[-42.6324,-22.466],[-42.631,-22.4684],[-42.6324,-22.4663],[-42.6324,-22.466]]]}},{"type":"Feature","properties":{"cod_tema":"ARL_PROPOSTA","cod_imovel":"RJ-3300803-3B57943A7382421B9B4008683043952A","num_area":"9.8866000000000000000000000000000","ind_status":"PE"},"geometry":{"type":"Polygon","coordinates":[[[-42.6944,-22.5334],[-42.6926,-22.5312],[-42.6904,-22.5358],[-42.6942,-22.5335],[-42.6944,-22.5334]]]}},{"type":"Feature","properties":{"cod_tema":"ARL_PROPOSTA","cod_imovel":"RJ-3300803-0152042F70F84D8EAE8EA24AEE8A4521","num_area":"0.1970000000000000000000000000000","ind_status":"PE"},"geometry":{"type":"Polygon","coordinates":[[[-42.8,-22.4903],[-42.7981,-22.4899],[-42.8,-22.4903],[-42.8,-22.4903]]]}},{"type":"Feature","properties":{"cod_tema":"ARL_PROPOSTA","cod_imovel":"RJ-3300803-039211B9345C42C7AADEEB0BB45D90DF","num_area":"3.0057000000000000000000000000000","ind_status":"PE"},"geometry":{"type":"Polygon","coordinates":[[[-42.7619,-22.6327],[-42.7641,-22.6352],[-42.7621,-22.6324],[-42.7619,-22.6327]]]}},{"type":"Feature","properties":{"cod_tema":"ARL_PROPOSTA","cod_imovel":"RJ-3300803-A45CE0940349403F91A4EF0447F36AE6","num_area":"19.099500000000000000000000000000","ind_status":"AT"},"geometry":{"type":"Polygon","coordinates":[[[-42.6372,-22.6184],[-42.6333,-22.6162],[-42.6403,-22.621],[-42.6372,-22.6184]],[[-42.6353,-22.6168],[-42.637,-22.614],[-42.6332,-22.6156],[-42.6353,-22.6168],[-42.6353,-22.6168]],[[-42.6332,-22.6156],[-42.633,-22.6178],[-42.6332,-22.6156],[-42.6332,-22.6156]]]}},{"type":"Feature","properties":{"cod_tema":"ARL_PROPOSTA","cod_imovel":"RJ-3300803-13C4313815B24D859D02A3FB6A2F6C27","num_area":"4.3054000000000000000000000000000","ind_status":"AT"},"geometry":{"type":"Polygon","coordinates":[[[-42.7758,-22.5794],[-42.7734,-22.5812],[-42.7761,-22.5811],[-42.7758,-22.5794]]]}},{"type":"Feature","properties":{"cod_tema":"ARL_PROPOSTA","cod_imovel":"RJ-3300803-9F269524F3FF47E8B0049EE4C7D8841D","num_area":"4.4840000000000000000000000000000","ind_status":"AT"},"geometry":{"type":"Polygon","coordinates":[[[-42.6186,-22.6124],[-42.6209,-22.6108],[-42.6181,-22.6118],[-42.6186,-22.6124]]]}},{"type":"Feature","properties":{"cod_tema":"ARL_PROPOSTA","cod_imovel":"RJ-3300803-B3384CCA590B4D55B700B9931BE86CD6","num_area":"9.9415000000000000000000000000000","ind_status":"AT"},"geometry":{"type":"Polygon","coordinates":[[[-42.77,-22.5467],[-42.7646,-22.5475],[-42.7656,-22.5496],[-42.7703,-22.5469],[-42.77,-22.5467]]]}},{"type":"Feature","properties":{"cod_tema":"ARL_PROPOSTA","cod_imovel":"RJ-3300803-52B70E58141C47F7923EDA08177A37FA","num_area":"16.353000000000000000000000000000","ind_status":"AT"},"geometry":{"type":"Polygon","coordinates":[[[-42.7401,-22.5191],[-42.7371,-22.5198],[-42.7393,-22.5195],[-42.7401,-22.5191]],[[-42.7345,-22.5241],[-42.7401,-22.5208],[-42.737,-22.5199],[-42.7355,-22.5228],[-42.7345,-22.5241]]]}},{"type":"Feature","properties":{"cod_tema":"ARL_PROPOSTA","cod_imovel":"RJ-3300803-9FFCD934D0B1409C99B271D07C05AEAB","num_area":"4.0346000000000000000000000000000","ind_status":"AT"},"geometry":{"type":"Polygon","coordinates":[[[-42.6838,-22.5654],[-42.6819,-22.5646],[-42.6836,-22.5672],[-42.6838,-22.5654]]]}},{"type":"Feature","properties":{"cod_tema":"ARL_PROPOSTA","cod_imovel":"RJ-3300803-C34D69B66EB941408BA0339000F5BE37","num_area":"5.5972000000000000000000000000000","ind_status":"AT"},"geometry":{"type":"Polygon","coordinates":[[[-42.6174,-22.6114],[-42.6211,-22.609],[-42.6171,-22.6111],[-42.6174,-22.6114]]]}},{"type":"Feature","properties":{"cod_tema":"ARL_PROPOSTA","cod_imovel":"RJ-3300803-5D4973CE52E44D6EA416E585CD4EC599","num_area":"3.3288000000000000000000000000000","ind_status":"AT"},"geometry":{"type":"Polygon","coordinates":[[[-42.6227,-22.5184],[-42.6197,-22.5179],[-42.6219,-22.5183],[-42.6227,-22.5184]]]}},{"type":"Feature","properties":{"cod_tema":"ARL_PROPOSTA","cod_imovel":"RJ-3300803-351BB34B9A5F45CC99BDC91BDC905EB4","num_area":"4.4843000000000000000000000000000","ind_status":"AT"},"geometry":{"type":"Polygon","coordinates":[[[-42.7238,-22.6064],[-42.7223,-22.6088],[-42.7247,-22.6076],[-42.7238,-22.6064]]]}},{"type":"Feature","properties":{"cod_tema":"ARL_PROPOSTA","cod_imovel":"RJ-3300803-2EBDD1E6E631488A9E01458F2F081911","num_area":"3.9359000000000000000000000000000","ind_status":"AT"},"geometry":{"type":"Polygon","coordinates":[[[-42.7232,-22.6434],[-42.7205,-22.6435],[-42.7238,-22.6436],[-42.7232,-22.6434]]]}},{"type":"Feature","properties":{"cod_tema":"ARL_PROPOSTA","cod_imovel":"RJ-3300803-EE065F6A278A4B71844160CBD607E62C","num_area":"1.0470000000000000000000000000000","ind_status":"AT"},"geometry":{"type":"Polygon","coordinates":[[[-42.8349,-22.6279],[-42.8334,-22.6261],[-42.8346,-22.6279],[-42.8349,-22.6279]]]}},{"type":"Feature","properties":{"cod_tema":"ARL_PROPOSTA","cod_imovel":"RJ-3300803-ED58FBA54E334B849E2ABE7AF7DEA667","num_area":"3.0647000000000000000000000000000","ind_status":"PE"},"geometry":{"type":"Polygon","coordinates":[[[-42.7665,-22.6259],[-42.771,-22.6265],[-42.7685,-22.625],[-42.7665,-22.6259]]]}},{"type":"Feature","properties":{"cod_tema":"ARL_PROPOSTA","cod_imovel":"RJ-3300803-249AA59FB56A429C928BE15D5152893A","num_area":"2332.9564000000000000000000000000","ind_status":"AT"},"geometry":{"type":"Polygon","coordinates":[[[-42.7498,-22.4247],[-42.7491,-22.4225],[-42.7497,-22.4245],[-42.7498,-22.4247]],[[-42.7503,-22.356],[-42.7573,-22.3649],[-42.7546,-22.3554],[-42.7579,-22.3661],[-42.7612,-22.3651],[-42.7609,-22.3565],[-42.7506,-22.356],[-42.7503,-22.356]],[[-42.7533,-22.3609],[-42.7492,-22.3569],[-42.7463,-22.3593],[-42.7535,-22.3611],[-42.7533,-22.3609]],[[-42.7527,-22.3617],[-42.748,-22.359],[-42.7441,-22.3607],[-42.7521,-22.3712],[-42.7566,-22.3719],[-42.7581,-22.3672],[-42.7489,-22.3622],[-42.7582,-22.3671],[-42.7527,-22.3617],[-42.7527,-22.3617]],[[-42.7447,-22.3617],[-42.7241,-22.3569],[-42.7105,-22.3616],[-42.7108,-22.3788],[-42.7278,-22.4077],[-42.7351,-22.4124],[-42.7299,-22.4016],[-42.7356,-22.4008],[-42.7304,-22.3974],[-42.7354,-22.3984],[-42.7171,-22.3784],[-42.7197,-22.3769],[-42.7102,-22.3624],[-42.7186,-22.365],[-42.718,-22.3721],[-42.7219,-22.3768],[-42.7282,-22.3706],[-42.727,-22.359],[-42.7273,-22.3692],[-42.735,-22.3608],[-42.7283,-22.3739],[-42.7269,-22.3839],[-42.7371,-22.3819],[-42.7315,-22.3911],[-42.7362,-22.3969],[-42.742,-22.3854],[-42.7407,-22.3792],[-42.746,-22.3818],[-42.7486,-22.375],[-42.7491,-22.3868],[-42.7763,-22.3778],[-42.7628,-22.3775],[-42.762,-22.3724],[-42.7596,-22.3764],[-42.7477,-22.3713],[-42.7468,-22.3653],[-42.7447,-22.3617]],[[-42.7433,-22.3872],[-42.7394,-22.3905],[-42.7454,-22.3923],[-42.749,-22.3869],[-42.7434,-22.3872],[-42.7433,-22.3872]],[[-42.7432,-22.3917],[-42.7393,-22.3906],[-42.7383,-22.394],[-42.7443,-22.3941],[-42.7434,-22.3917],[-42.7432,-22.3917]],[[-42.7432,-22.3941],[-42.7383,-22.3941],[-42.7365,-22.3978],[-42.7454,-22.3963],[-42.7432,-22.3941],[-42.7432,-22.3941]],[[-42.7432,-22.3973],[-42.7362,-22.4007],[-42.7471,-22.3997],[-42.7433,-22.3973],[-42.7432,-22.3973]],[[-42.7432,-22.3993],[-42.7356,-22.401],[-42.7345,-22.4059],[-42.7415,-22.3999],[-42.7365,-22.4054],[-42.7478,-22.4012],[-42.7432,-22.3993],[-42.7432,-22.3993]],[[-42.7432,-22.4029],[-42.7399,-22.4055],[-42.7461,-22.4055],[-42.7357,-22.4069],[-42.737,-22.4136],[-42.7388,-22.4088],[-42.7412,-22.4076],[-42.738,-22.41],[-42.74,-22.4125],[-42.7428,-22.4071],[-42.7413,-22.4116],[-42.7483,-22.4064],[-42.7398,-22.4128],[-42.7461,-22.41],[-42.7391,-22.4149],[-42.7458,-22.4121],[-42.74,-22.4158],[-42.7444,-22.4171],[-42.7401,-22.4204],[-42.7433,-22.4212],[-42.746,-22.4153],[-42.7495,-22.4156],[-42.7467,-22.411],[-42.7536,-22.4157],[-42.7536,-22.4099],[-42.756,-22.4236],[-42.7672,-22.4276],[-42.7578,-22.4111],[-42.7488,-22.4083],[-42.7479,-22.4013],[-42.7433,-22.4029],[-42.7432,-22.4029]]]}},{"type":"Feature","properties":{"cod_tema":"ARL_AVERBADA","cod_imovel":"RJ-3300803-249AA59FB56A429C928BE15D5152893A","num_area":"367.11060000000000000000000000000","ind_status":"AT"},"geometry":{"type":"Polygon","coordinates":[[[-42.7686,-22.376],[-42.7656,-22.3754],[-42.7695,-22.3784],[-42.7682,-22.3761],[-42.7686,-22.376]],[[-42.7672,-22.3751],[-42.7595,-22.3655],[-42.7604,-22.3757],[-42.7603,-22.3691],[-42.7643,-22.3743],[-42.7628,-22.3775],[-42.7691,-22.3795],[-42.7647,-22.374],[-42.7672,-22.3751],[-42.7672,-22.3751]],[[-42.7504,-22.3709],[-42.7612,-22.3766],[-42.7581,-22.3707],[-42.7505,-22.3709],[-42.7504,-22.3709]],[[-42.7691,-22.3793],[-42.7661,-22.3761],[-42.7689,-22.3793],[-42.7691,-22.3793]],[[-42.7362,-22.4201],[-42.7364,-22.423],[-42.7384,-22.4176],[-42.7364,-22.4199],[-42.7362,-22.4201]],[[-42.7446,-22.423],[-42.7398,-22.4191],[-42.7437,-22.4177],[-42.739,-22.4185],[-42.7446,-22.423],[-42.7446,-22.423]],[[-42.7449,-22.4231],[-42.7496,-22.4245],[-42.745,-22.42],[-42.7449,-22.4231],[-42.7449,-22.4231]],[[-42.7499,-22.425],[-42.7492,-22.4229],[-42.7499,-22.425],[-42.7499,-22.425]],[[-42.7505,-22.4252],[-42.756,-22.4309],[-42.7571,-22.4243],[-42.7562,-22.4309],[-42.7602,-22.4332],[-42.764,-22.4256],[-42.7604,-22.4333],[-42.7655,-22.435],[-42.7685,-22.4327],[-42.7652,-22.425],[-42.7563,-22.4239],[-42.7535,-22.4159],[-42.7505,-22.4252],[-42.7505,-22.4252]],[[-42.7509,-22.4271],[-42.7531,-22.4289],[-42.7509,-22.4271],[-42.7509,-22.4271]],[[-42.7491,-22.4224],[-42.751,-22.4198],[-42.748,-22.4159],[-42.749,-22.4222],[-42.7491,-22.4224]],[[-42.7535,-22.4157],[-42.7498,-22.4153],[-42.751,-22.4194],[-42.7533,-22.4159],[-42.7535,-22.4157]],[[-42.7497,-22.4153],[-42.751,-22.4197],[-42.7497,-22.4155],[-42.7497,-22.4153]],[[-42.7464,-22.417],[-42.7477,-22.42],[-42.7466,-22.4171],[-42.7464,-22.417]],[[-42.7453,-22.4176],[-42.7482,-22.4219],[-42.7453,-22.4177],[-42.7453,-22.4176]],[[-42.7437,-22.4176],[-42.7385,-22.4162],[-42.7435,-22.4176],[-42.7437,-22.4176]],[[-42.7401,-22.4156],[-42.741,-22.4132],[-42.7398,-22.4157],[-42.7401,-22.4156]],[[-42.7386,-22.4127],[-42.7354,-22.4127],[-42.7376,-22.4173],[-42.739,-22.413],[-42.7386,-22.4127]],[[-42.7634,-22.4284],[-42.7603,-22.4332],[-42.7639,-22.4257],[-42.7634,-22.4283],[-42.7634,-22.4284]]]}},{"type":"Feature","properties":{"cod_tema":"ARL_PROPOSTA","cod_imovel":"RJ-3300803-36D1A2B8817E4C53A68F0D77A07ADF06","num_area":"376.86890000000000000000000000000","ind_status":"AT"},"geometry":{"type":"Polygon","coordinates":[[[-42.6728,-22.3987],[-42.6782,-22.3921],[-42.6567,-22.3845],[-42.6493,-22.3894],[-42.6536,-22.3914],[-42.6529,-22.3948],[-42.6504,-22.3945],[-42.6536,-22.3914],[-42.6493,-22.3894],[-42.6455,-22.391],[-42.6479,-22.3955],[-42.6458,-22.3923],[-42.6437,-22.394],[-42.647,-22.3894],[-42.6445,-22.3886],[-42.6418,-22.3939],[-42.635,-22.3934],[-42.663,-22.3977],[-42.6584,-22.3897],[-42.6621,-22.3867],[-42.6584,-22.3897],[-42.6607,-22.3944],[-42.6685,-22.3927],[-42.6609,-22.3942],[-42.663,-22.3977],[-42.6709,-22.3989],[-42.6728,-22.3987]]]}},{"type":"Feature","properties":{"cod_tema":"ARL_PROPOSTA","cod_imovel":"RJ-3300803-CDE2F893C2AF420A918348B3234E66AC","num_area":"11.127200000000000000000000000000","ind_status":"AT"},"geometry":{"type":"Polygon","coordinates":[[[-42.8073,-22.5361],[-42.805,-22.5374],[-42.8078,-22.5364],[-42.8073,-22.5361]],[[-42.8095,-22.537],[-42.8094,-22.5333],[-42.8095,-22.5369],[-42.8095,-22.537]]]}},{"type":"Feature","properties":{"cod_tema":"ARL_PROPOSTA","cod_imovel":"RJ-3300803-0227C0113D984375BCCD4ED590A8E011","num_area":"8.0069000000000000000000000000000","ind_status":"AT"},"geometry":{"type":"Polygon","coordinates":[[[-42.7956,-22.5194],[-42.7959,-22.5226],[-42.799,-22.5214],[-42.7957,-22.5196],[-42.7956,-22.5194]]]}},{"type":"Feature","properties":{"cod_tema":"ARL_PROPOSTA","cod_imovel":"RJ-3300803-A3F75E0044304146BE9EC64C7E0AECF0","num_area":"2525.9908000000000000000000000000","ind_status":"AT"},"geometry":{"type":"Polygon","coordinates":[[[-42.8394,-22.446],[-42.8386,-22.4482],[-42.8394,-22.4461],[-42.8394,-22.446]],[[-42.8234,-22.4864],[-42.8256,-22.4859],[-42.8234,-22.4864],[-42.8234,-22.4864]],[[-42.8518,-22.424],[-42.8401,-22.4447],[-42.8435,-22.4463],[-42.839,-22.4495],[-42.8446,-22.4464],[-42.8439,-22.4396],[-42.8449,-22.4465],[-42.8533,-22.4381],[-42.8496,-22.4305],[-42.8539,-22.4378],[-42.8529,-22.4273],[-42.854,-22.4378],[-42.8608,-22.4337],[-42.8563,-22.4269],[-42.8608,-22.4337],[-42.8628,-22.4312],[-42.8538,-22.424],[-42.8518,-22.424]],[[-42.8615,-22.4286],[-42.8594,-22.4292],[-42.8615,-22.4285],[-42.8615,-22.4286]],[[-42.8607,-22.434],[-42.8721,-22.4441],[-42.86,-22.4357],[-42.8495,-22.4406],[-42.8479,-22.4458],[-42.8551,-22.445],[-42.8444,-22.4484],[-42.8635,-22.4495],[-42.8529,-22.4532],[-42.839,-22.4519],[-42.8333,-22.4642],[-42.8176,-22.4797],[-42.8271,-22.4818],[-42.825,-22.4723],[-42.83,-22.4784],[-42.8387,-22.4684],[-42.8386,-22.4756],[-42.8481,-22.4574],[-42.8559,-22.461],[-42.8587,-22.4542],[-42.8554,-22.4636],[-42.8624,-22.4592],[-42.8416,-22.468],[-42.8453,-22.4696],[-42.8415,-22.4725],[-42.8426,-22.4759],[-42.8587,-22.4675],[-42.8774,-22.4682],[-42.879,-22.4583],[-42.8705,-22.4318],[-42.8633,-22.4292],[-42.8633,-22.432],[-42.8607,-22.434]],[[-42.8515,-22.4418],[-42.8541,-22.4428],[-42.8501,-22.4443],[-42.8516,-22.4416],[-42.8515,-22.4418]],[[-42.8546,-22.4456],[-42.8548,-22.4493],[-42.8522,-22.4467],[-42.8545,-22.4457],[-42.8546,-22.4456]],[[-42.8457,-22.4492],[-42.8476,-22.45],[-42.8457,-22.4491],[-42.8457,-22.4492]],[[-42.8445,-22.4497],[-42.8421,-22.4521],[-42.8444,-22.4499],[-42.8445,-22.4497]],[[-42.8256,-22.4833],[-42.828,-22.4818],[-42.8256,-22.4832],[-42.8256,-22.4833]],[[-42.8286,-22.4814],[-42.8308,-22.4803],[-42.8286,-22.4814],[-42.8286,-22.4814]],[[-42.8309,-22.4803],[-42.8379,-22.4811],[-42.8403,-22.4777],[-42.8366,-22.4755],[-42.8401,-22.4752],[-42.8316,-22.4782],[-42.8372,-22.4797],[-42.83,-22.4785],[-42.8309,-22.4803],[-42.8309,-22.4803]],[[-42.8743,-22.4698],[-42.8685,-22.4728],[-42.8717,-22.4746],[-42.8725,-22.4865],[-42.8811,-22.4809],[-42.8757,-22.475],[-42.8795,-22.4776],[-42.8794,-22.4733],[-42.8811,-22.4809],[-42.8852,-22.478],[-42.8832,-22.4725],[-42.8852,-22.4779],[-42.8883,-22.4739],[-42.8851,-22.4648],[-42.8874,-22.4719],[-42.8903,-22.4717],[-42.8938,-22.4584],[-42.8907,-22.4593],[-42.8886,-22.4561],[-42.8803,-22.4586],[-42.8786,-22.4645],[-42.8862,-22.4605],[-42.8786,-22.4646],[-42.8844,-22.4639],[-42.8778,-22.4677],[-42.8823,-22.468],[-42.8743,-22.4698],[-42.8743,-22.4698]],[[-42.8704,-22.4834],[-42.8697,-22.4888],[-42.8727,-22.4871],[-42.8705,-22.4835],[-42.8704,-22.4834]],[[-42.8746,-22.4867],[-42.883,-22.4836],[-42.8789,-22.482],[-42.8746,-22.4867],[-42.8746,-22.4867]],[[-42.8831,-22.4835],[-42.8898,-22.481],[-42.8831,-22.4835],[-42.8831,-22.4835]],[[-42.8899,-22.481],[-42.8958,-22.4779],[-42.886,-22.4771],[-42.8934,-22.4794],[-42.8854,-22.4779],[-42.8807,-22.4818],[-42.8899,-22.481],[-42.8899,-22.481]],[[-42.8961,-22.4787],[-42.8965,-22.4707],[-42.8896,-22.4718],[-42.8869,-22.4761],[-42.8925,-22.4751],[-42.8861,-22.477],[-42.8929,-22.4761],[-42.8961,-22.4787],[-42.8961,-22.4787]],[[-42.8965,-22.4706],[-42.8962,-22.4669],[-42.8914,-22.4674],[-42.8904,-22.4717],[-42.8965,-22.4706],[-42.8965,-22.4706]],[[-42.8933,-22.4608],[-42.8914,-22.4673],[-42.8948,-22.4677],[-42.8955,-22.4584],[-42.8931,-22.4605],[-42.8933,-22.4608]],[[-42.8885,-22.4561],[-42.8827,-22.453],[-42.879,-22.4598],[-42.8882,-22.4561],[-42.8885,-22.4561]],[[-42.845,-22.4361],[-42.8439,-22.4381],[-42.845,-22.4364],[-42.845,-22.4361]],[[-42.8827,-22.4529],[-42.8777,-22.45],[-42.8808,-22.4551],[-42.8825,-22.453],[-42.8827,-22.4529]],[[-42.8785,-22.4519],[-42.8749,-22.451],[-42.879,-22.4593],[-42.8789,-22.4522],[-42.8785,-22.4519]],[[-42.843,-22.447],[-42.8452,-22.4465],[-42.843,-22.447],[-42.843,-22.447]]]}},{"type":"Feature","properties":{"cod_tema":"ARL_PROPOSTA","cod_imovel":"RJ-3300803-DF3026907C0A4A57B38AA6792D75E170","num_area":"7.0531000000000000000000000000000","ind_status":"AT"},"geometry":{"type":"Polygon","coordinates":[[[-42.7951,-22.5218],[-42.791,-22.5228],[-42.7947,-22.5222],[-42.7951,-22.5218]]]}},{"type":"Feature","properties":{"cod_tema":"ARL_PROPOSTA","cod_imovel":"RJ-3300803-A42A23BDE395441A914DE75A47A8502A","num_area":"0.5049000000000000000000000000000","ind_status":"PE"},"geometry":{"type":"Polygon","coordinates":[[[-42.6707,-22.5107],[-42.6728,-22.5101],[-42.6709,-22.5105],[-42.6707,-22.5107]]]}},{"type":"Feature","properties":{"cod_tema":"ARL_PROPOSTA","cod_imovel":"RJ-3300803-9E0366C20AED46D0BA723E5389631584","num_area":"0.9263000000000000000000000000000","ind_status":"PE"},"geometry":{"type":"Polygon","coordinates":[[[-42.7379,-22.6136],[-42.736,-22.6157],[-42.7378,-22.6137],[-42.7379,-22.6136]]]}},{"type":"Feature","properties":{"cod_tema":"ARL_PROPOSTA","cod_imovel":"RJ-3300803-9228516F8B6443C5B8FEC5429C4AA2A5","num_area":"1.8882000000000000000000000000000","ind_status":"PE"},"geometry":{"type":"Polygon","coordinates":[[[-42.7299,-22.5864],[-42.7268,-22.5824],[-42.7296,-22.5863],[-42.7299,-22.5864]]]}},{"type":"Feature","properties":{"cod_tema":"ARL_PROPOSTA","cod_imovel":"RJ-3300803-FB0D69ECC7A842CE8DF8A06B5FCF626B","num_area":"2.0918000000000000000000000000000","ind_status":"PE"},"geometry":{"type":"Polygon","coordinates":[[[-42.7259,-22.501],[-42.7275,-22.4985],[-42.7259,-22.501],[-42.7259,-22.501]]]}},{"type":"Feature","properties":{"cod_tema":"ARL_PROPOSTA","cod_imovel":"RJ-3300803-4D90084BF7E9442286B011E4237352B4","num_area":"3.3125000000000000000000000000000","ind_status":"PE"},"geometry":{"type":"Polygon","coordinates":[[[-42.8156,-22.5121],[-42.8147,-22.5145],[-42.8157,-22.5121],[-42.8156,-22.5121]],[[-42.8147,-22.5145],[-42.8162,-22.5126],[-42.8147,-22.5145],[-42.8147,-22.5145]]]}},{"type":"Feature","properties":{"cod_tema":"ARL_PROPOSTA","cod_imovel":"RJ-3300803-F1E8A6C8E3394FD7B7EF906DB25063C9","num_area":"2.1053000000000000000000000000000","ind_status":"PE"},"geometry":{"type":"Polygon","coordinates":[[[-42.7851,-22.4647],[-42.7848,-22.4624],[-42.7852,-22.4645],[-42.7851,-22.4647]],[[-42.7853,-22.4648],[-42.785,-22.4619],[-42.7854,-22.4648],[-42.7853,-22.4648]]]}},{"type":"Feature","properties":{"cod_tema":"ARL_PROPOSTA","cod_imovel":"RJ-3300803-01FAC10DF2BA4AD7BD740D51E1814DCD","num_area":"1.2833000000000000000000000000000","ind_status":"PE"},"geometry":{"type":"Polygon","coordinates":[[[-42.8459,-22.5181],[-42.8467,-22.5202],[-42.8461,-22.5181],[-42.8459,-22.5181]]]}},{"type":"Feature","properties":{"cod_tema":"ARL_PROPOSTA","cod_imovel":"RJ-3300803-BD9098C8C7AF4ED09337628497C794B1","num_area":"3.3826000000000000000000000000000","ind_status":"PE"},"geometry":{"type":"Polygon","coordinates":[[[-42.7514,-22.6334],[-42.7536,-22.6326],[-42.7517,-22.6331],[-42.7514,-22.6334]],[[-42.7572,-22.632],[-42.7538,-22.6336],[-42.7569,-22.6321],[-42.7572,-22.632]]]}},{"type":"Feature","properties":{"cod_tema":"ARL_PROPOSTA","cod_imovel":"RJ-3300803-35A99E492CBC44EC863514C38F238BB7","num_area":"0.4808000000000000000000000000000","ind_status":"PE"},"geometry":{"type":"Polygon","coordinates":[[[-42.6396,-22.515],[-42.6381,-22.5172],[-42.6397,-22.5152],[-42.6396,-22.515]]]}},{"type":"Feature","properties":{"cod_tema":"ARL_PROPOSTA","cod_imovel":"RJ-3300803-CD8264EAF6954D69AC952EFA28CF7333","num_area":"17.149600000000000000000000000000","ind_status":"PE"},"geometry":{"type":"Polygon","coordinates":[[[-42.6015,-22.5869],[-42.5987,-22.5845],[-42.5998,-22.5875],[-42.596,-22.5907],[-42.6015,-22.587],[-42.6015,-22.5869]]]}},{"type":"Feature","properties":{"cod_tema":"ARL_PROPOSTA","cod_imovel":"RJ-3300803-078A94D3188B4C35AA0DB5D0269D969D","num_area":"30.136200000000000000000000000000","ind_status":"AT"},"geometry":{"type":"Polygon","coordinates":[[[-42.7296,-22.445],[-42.7251,-22.4454],[-42.7336,-22.4493],[-42.7347,-22.446],[-42.7312,-22.4481],[-42.7355,-22.4442],[-42.7313,-22.4449],[-42.7296,-22.445]]]}},{"type":"Feature","properties":{"cod_tema":"ARL_PROPOSTA","cod_imovel":"RJ-3300803-249788F6384242118C880BD7B81BB41F","num_area":"5.5328000000000000000000000000000","ind_status":"PE"},"geometry":{"type":"Polygon","coordinates":[[[-42.799,-22.6164],[-42.7961,-22.6185],[-42.7988,-22.6169],[-42.799,-22.6164]]]}},{"type":"Feature","properties":{"cod_tema":"ARL_PROPOSTA","cod_imovel":"RJ-3300803-AC448723DEC1443ABFFB173D27D641B1","num_area":"39.259800000000000000000000000000","ind_status":"AT"},"geometry":{"type":"Polygon","coordinates":[[[-42.6775,-22.569],[-42.6669,-22.5719],[-42.6714,-22.5749],[-42.6777,-22.569],[-42.6775,-22.569]]]}},{"type":"Feature","properties":{"cod_tema":"ARL_PROPOSTA","cod_imovel":"RJ-3300803-7C6E3D78CC8846FDB641B0081DC6CF4A","num_area":"544.87690000000000000000000000000","ind_status":"CA"},"geometry":{"type":"Polygon","coordinates":[[[-42.7784,-22.4599],[-42.7793,-22.4576],[-42.7784,-22.4599],[-42.7784,-22.4599]],[[-42.7869,-22.4383],[-42.7846,-22.4366],[-42.7869,-22.4311],[-42.7974,-22.4291],[-42.7902,-22.4257],[-42.7961,-22.4279],[-42.7921,-22.4252],[-42.7936,-22.4229],[-42.7896,-22.4168],[-42.7961,-22.4256],[-42.7973,-22.423],[-42.8001,-22.4248],[-42.7973,-22.4114],[-42.8002,-22.4247],[-42.8022,-22.4186],[-42.812,-22.4106],[-42.8016,-22.4198],[-42.8005,-22.4278],[-42.8033,-22.4276],[-42.8145,-22.4091],[-42.8124,-22.4073],[-42.8145,-22.409],[-42.8163,-22.4059],[-42.8127,-22.4026],[-42.8096,-22.4021],[-42.8108,-22.4053],[-42.8081,-22.407],[-42.7912,-22.4122],[-42.7868,-22.4173],[-42.7845,-22.4242],[-42.7872,-22.4276],[-42.7814,-22.4318],[-42.7844,-22.4331],[-42.7786,-22.439],[-42.7869,-22.4383],[-42.7869,-22.4383]],[[-42.7803,-22.434],[-42.7763,-22.438],[-42.7798,-22.434],[-42.7803,-22.434]],[[-42.7713,-22.4502],[-42.7717,-22.4545],[-42.7713,-22.4502],[-42.7713,-22.4502]],[[-42.7719,-22.4541],[-42.7751,-22.4578],[-42.7719,-22.4546],[-42.7719,-22.4541]],[[-42.7751,-22.4578],[-42.7769,-22.4605],[-42.7754,-22.4586],[-42.7751,-22.4578]],[[-42.7946,-22.4236],[-42.7957,-22.4258],[-42.7948,-22.4238],[-42.7946,-22.4236]],[[-42.8041,-22.4269],[-42.8074,-22.4216],[-42.8044,-22.4265],[-42.8041,-22.4269]],[[-42.7738,-22.4368],[-42.7711,-22.444],[-42.7731,-22.4364],[-42.7738,-22.4368]]]}},{"type":"Feature","properties":{"cod_tema":"ARL_AVERBADA","cod_imovel":"RJ-3300803-7C6E3D78CC8846FDB641B0081DC6CF4A","num_area":"293.24730000000000000000000000000","ind_status":"CA"},"geometry":{"type":"Polygon","coordinates":[[[-42.7778,-22.4614],[-42.7859,-22.4438],[-42.7831,-22.4416],[-42.7859,-22.4437],[-42.7879,-22.439],[-42.7787,-22.4391],[-42.7834,-22.4342],[-42.774,-22.4375],[-42.7726,-22.4447],[-42.7787,-22.4504],[-42.7713,-22.4502],[-42.7722,-22.4526],[-42.7752,-22.4497],[-42.7719,-22.4546],[-42.7771,-22.4606],[-42.7778,-22.4614]],[[-42.7814,-22.4318],[-42.7798,-22.434],[-42.7834,-22.4341],[-42.7818,-22.4323],[-42.7814,-22.4318]],[[-42.7741,-22.4369],[-42.7711,-22.444],[-42.7682,-22.4434],[-42.7696,-22.4508],[-42.7755,-22.4472],[-42.7685,-22.4446],[-42.7726,-22.4447],[-42.7739,-22.4375],[-42.7741,-22.4369]],[[-42.7696,-22.4509],[-42.7727,-22.4491],[-42.7697,-22.4508],[-42.7696,-22.4509]]]}},{"type":"Feature","properties":{"cod_tema":"ARL_PROPOSTA","cod_imovel":"RJ-3300803-EA61EC69C3424866B9AE34922D122E52","num_area":"0.8856000000000000000000000000000","ind_status":"AT"},"geometry":{"type":"Polygon","coordinates":[[[-42.6751,-22.5565],[-42.6731,-22.5574],[-42.6753,-22.5565],[-42.6751,-22.5565]]]}},{"type":"Feature","properties":{"cod_tema":"ARL_PROPOSTA","cod_imovel":"RJ-3300803-1D12EBB0C36C4306949F9EC9877FB14A","num_area":"7.7365000000000000000000000000000","ind_status":"AT"},"geometry":{"type":"Polygon","coordinates":[[[-42.7818,-22.6084],[-42.7791,-22.6113],[-42.7818,-22.6085],[-42.7818,-22.6084]]]}},{"type":"Feature","properties":{"cod_tema":"ARL_PROPOSTA","cod_imovel":"RJ-3300803-9075A5E35ABC43ACA2FC7AF0B573E1FC","num_area":"12.296600000000000000000000000000","ind_status":"AT"},"geometry":{"type":"Polygon","coordinates":[[[-42.6281,-22.5049],[-42.6331,-22.5056],[-42.6243,-22.5024],[-42.6253,-22.5045],[-42.6281,-22.5049]]]}},{"type":"Feature","properties":{"cod_tema":"ARL_PROPOSTA","cod_imovel":"RJ-3300803-67CBB5C274A343D3850E7F42F2093779","num_area":"23.802400000000000000000000000000","ind_status":"AT"},"geometry":{"type":"Polygon","coordinates":[[[-42.7485,-22.5051],[-42.7515,-22.5025],[-42.7486,-22.5047],[-42.7485,-22.5051]],[[-42.7382,-22.5063],[-42.7364,-22.5077],[-42.7389,-22.5061],[-42.7382,-22.5063]],[[-42.7469,-22.5027],[-42.7492,-22.5013],[-42.746,-22.5017],[-42.7469,-22.5027]],[[-42.7421,-22.5044],[-42.7438,-22.5028],[-42.7421,-22.5044],[-42.7421,-22.5044]]]}},{"type":"Feature","properties":{"cod_tema":"ARL_PROPOSTA","cod_imovel":"RJ-3300803-DE4C145D4D7641AF9696F3D4A13A5D48","num_area":"4.8928000000000000000000000000000","ind_status":"AT"},"geometry":{"type":"Polygon","coordinates":[[[-42.6589,-22.6275],[-42.6613,-22.6293],[-42.6589,-22.6275],[-42.6589,-22.6275]]]}},{"type":"Feature","properties":{"cod_tema":"ARL_PROPOSTA","cod_imovel":"RJ-3300803-81D34CC032FB43A1ABAF87256FA8E4DA","num_area":"11.436900000000000000000000000000","ind_status":"AT"},"geometry":{"type":"Polygon","coordinates":[[[-42.7515,-22.5149],[-42.7526,-22.5184],[-42.7548,-22.5152],[-42.7516,-22.5148],[-42.7515,-22.5149]]]}},{"type":"Feature","properties":{"cod_tema":"ARL_PROPOSTA","cod_imovel":"RJ-3300803-EB5989C23B9A4A70801CD662240F5E24","num_area":"4.3278000000000000000000000000000","ind_status":"AT"},"geometry":{"type":"Polygon","coordinates":[[[-42.6193,-22.5012],[-42.6218,-22.5009],[-42.6191,-22.4995],[-42.6193,-22.5012]]]}},{"type":"Feature","properties":{"cod_tema":"ARL_PROPOSTA","cod_imovel":"RJ-3300803-E38A6988B32D440D8137FFA28CB7C622","num_area":"6.3559000000000000000000000000000","ind_status":"AT"},"geometry":{"type":"Polygon","coordinates":[[[-42.6207,-22.5742],[-42.624,-22.5739],[-42.6225,-22.5725],[-42.6207,-22.5742]]]}},{"type":"Feature","properties":{"cod_tema":"ARL_PROPOSTA","cod_imovel":"RJ-3300803-3F1D11B5C21C45E4AF40CECD9261DFBB","num_area":"3.3315000000000000000000000000000","ind_status":"AT"},"geometry":{"type":"Polygon","coordinates":[[[-42.8473,-22.6218],[-42.8441,-22.62],[-42.8462,-22.6215],[-42.8473,-22.6218]]]}},{"type":"Feature","properties":{"cod_tema":"ARL_PROPOSTA","cod_imovel":"RJ-3300803-DBD4D4162D094F5DA7FD92DFCCD36DCE","num_area":"1.9236000000000000000000000000000","ind_status":"AT"},"geometry":{"type":"Polygon","coordinates":[[[-42.6114,-22.611],[-42.6133,-22.6104],[-42.6106,-22.6102],[-42.6114,-22.611]]]}},{"type":"Feature","properties":{"cod_tema":"ARL_PROPOSTA","cod_imovel":"RJ-3300803-FB635E8DA7554C648288EA628B6A22B5","num_area":"7.8104000000000000000000000000000","ind_status":"AT"},"geometry":{"type":"Polygon","coordinates":[[[-42.6667,-22.4649],[-42.6647,-22.4625],[-42.6622,-22.4642],[-42.6665,-22.4657],[-42.6667,-22.4649]],[[-42.6623,-22.4663],[-42.6661,-22.467],[-42.6619,-22.4662],[-42.6623,-22.4663]]]}},{"type":"Feature","properties":{"cod_tema":"ARL_PROPOSTA","cod_imovel":"RJ-3300803-432C58A3DAE547F1B12BD5250473EC3B","num_area":"25.877200000000000000000000000000","ind_status":"SU"},"geometry":{"type":"Polygon","coordinates":[[[-42.8017,-22.558],[-42.7977,-22.5498],[-42.7948,-22.5536],[-42.8006,-22.5574],[-42.8017,-22.558]],[[-42.7957,-22.5621],[-42.7937,-22.5634],[-42.7965,-22.5625],[-42.7957,-22.5621]]]}},{"type":"Feature","properties":{"cod_tema":"ARL_PROPOSTA","cod_imovel":"RJ-3300803-099EA21927D9483284A64D4E9FFF9DF7","num_area":"1.1762000000000000000000000000000","ind_status":"PE"},"geometry":{"type":"Polygon","coordinates":[[[-42.6555,-22.4526],[-42.6526,-22.4544],[-42.6556,-22.4528],[-42.6555,-22.4526]]]}},{"type":"Feature","properties":{"cod_tema":"ARL_PROPOSTA","cod_imovel":"RJ-3300803-F278E933AB80471DBA6B992B9D1C5C9A","num_area":"17.103600000000000000000000000000","ind_status":"AT"},"geometry":{"type":"Polygon","coordinates":[[[-42.6447,-22.618],[-42.6357,-22.617],[-42.6444,-22.6183],[-42.6447,-22.618]]]}},{"type":"Feature","properties":{"cod_tema":"ARL_PROPOSTA","cod_imovel":"RJ-3300803-82178A6FD92B48D1AE0F30FF40ABFEAF","num_area":"27.743300000000000000000000000000","ind_status":"SU"},"geometry":{"type":"Polygon","coordinates":[[[-42.8829,-22.6275],[-42.8812,-22.6256],[-42.8827,-22.6276],[-42.8829,-22.6275]],[[-42.8754,-22.6222],[-42.8721,-22.6219],[-42.8718,-22.6249],[-42.8758,-22.6223],[-42.8754,-22.6222]]]}},{"type":"Feature","properties":{"cod_tema":"ARL_PROPOSTA","cod_imovel":"RJ-3300803-A7BE24B662984AA1905B15A313C99491","num_area":"23.705300000000000000000000000000","ind_status":"AT"},"geometry":{"type":"Polygon","coordinates":[[[-42.8602,-22.6415],[-42.9061,-22.655],[-42.8777,-22.6441],[-42.86,-22.6408],[-42.8602,-22.6415]]]}},{"type":"Feature","properties":{"cod_tema":"ARL_PROPOSTA","cod_imovel":"RJ-3300803-12CB6B03B5644DB6A6A722F7A430617C","num_area":"3.1026000000000000000000000000000","ind_status":"PE"},"geometry":{"type":"Polygon","coordinates":[[[-42.7557,-22.633],[-42.7582,-22.6312],[-42.7559,-22.6329],[-42.7557,-22.633]]]}},{"type":"Feature","properties":{"cod_tema":"ARL_PROPOSTA","cod_imovel":"RJ-3300803-B91D0D31EDE54B69A3BD11CF12FEC098","num_area":"0.5558000000000000000000000000000","ind_status":"PE"},"geometry":{"type":"Polygon","coordinates":[[[-42.6894,-22.5548],[-42.688,-22.5563],[-42.6894,-22.5548],[-42.6894,-22.5548]]]}},{"type":"Feature","properties":{"cod_tema":"ARL_PROPOSTA","cod_imovel":"RJ-3300803-F6BD43F0DFB642A3929211D1B80892C0","num_area":"5.2587000000000000000000000000000","ind_status":"AT"},"geometry":{"type":"Polygon","coordinates":[[[-42.6277,-22.466],[-42.6253,-22.4666],[-42.6304,-22.4666],[-42.6283,-22.4655],[-42.6277,-22.466]]]}},{"type":"Feature","properties":{"cod_tema":"ARL_PROPOSTA","cod_imovel":"RJ-3300803-6C4CC2D7BEAB4A3486277A441EBC37A8","num_area":"2.8480000000000000000000000000000","ind_status":"PE"},"geometry":{"type":"Polygon","coordinates":[[[-42.8641,-22.613],[-42.8661,-22.611],[-42.8644,-22.6126],[-42.8641,-22.613]]]}},{"type":"Feature","properties":{"cod_tema":"ARL_PROPOSTA","cod_imovel":"RJ-3300803-0ABC1A80D33C4C5789B7C1B7C07549E5","num_area":"2.4720000000000000000000000000000","ind_status":"PE"},"geometry":{"type":"Polygon","coordinates":[[[-42.7019,-22.5687],[-42.6994,-22.5683],[-42.7018,-22.5688],[-42.7019,-22.5687]]]}},{"type":"Feature","properties":{"cod_tema":"ARL_PROPOSTA","cod_imovel":"RJ-3300803-11A7F591FCEF4CC6B17EB1B3347D28C6","num_area":"3.5248000000000000000000000000000","ind_status":"PE"},"geometry":{"type":"Polygon","coordinates":[[[-42.7574,-22.5727],[-42.7594,-22.5745],[-42.7586,-22.5727],[-42.7574,-22.5727]]]}},{"type":"Feature","properties":{"cod_tema":"ARL_PROPOSTA","cod_imovel":"RJ-3300803-C65D5373CDA04F81B1EE7D39B94AA232","num_area":"3.1943000000000000000000000000000","ind_status":"PE"},"geometry":{"type":"Polygon","coordinates":[[[-42.7863,-22.5902],[-42.7875,-22.5878],[-42.7864,-22.5901],[-42.7863,-22.5902]]]}},{"type":"Feature","properties":{"cod_tema":"ARL_PROPOSTA","cod_imovel":"RJ-3300803-C6FF4F0E5E8448CC953AF0F9096858AA","num_area":"46.547100000000000000000000000000","ind_status":"AT"},"geometry":{"type":"Polygon","coordinates":[[[-42.7663,-22.5247],[-42.7703,-22.5207],[-42.7797,-22.524],[-42.7801,-22.5186],[-42.7789,-22.5218],[-42.7776,-22.5173],[-42.7753,-22.521],[-42.771,-22.5188],[-42.7678,-22.5236],[-42.7662,-22.5215],[-42.7666,-22.5242],[-42.7663,-22.5247]]]}},{"type":"Feature","properties":{"cod_tema":"ARL_PROPOSTA","cod_imovel":"RJ-3300803-A4685E02AEDB411F80F3494318FC0393","num_area":"4.7238000000000000000000000000000","ind_status":"AT"},"geometry":{"type":"Polygon","coordinates":[[[-42.7576,-22.5729],[-42.7592,-22.5758],[-42.7584,-22.5736],[-42.7576,-22.5729]]]}},{"type":"Feature","properties":{"cod_tema":"ARL_PROPOSTA","cod_imovel":"RJ-3300803-79E366F0AA4347F6B6F99DB4BE7FDCEA","num_area":"6.7077000000000000000000000000000","ind_status":"AT"},"geometry":{"type":"Polygon","coordinates":[[[-42.8019,-22.4906],[-42.7996,-22.4919],[-42.802,-22.4907],[-42.8019,-22.4906]],[[-42.8016,-22.4906],[-42.7996,-22.4918],[-42.8015,-22.4906],[-42.8016,-22.4906]],[[-42.7991,-22.4945],[-42.8036,-22.495],[-42.7991,-22.4945],[-42.7991,-22.4945]],[[-42.8087,-22.4947],[-42.8026,-22.491],[-42.8087,-22.4947],[-42.8087,-22.4947]]]}},{"type":"Feature","properties":{"cod_tema":"ARL_PROPOSTA","cod_imovel":"RJ-3300803-D8EF0DA058DA433FB316CFE49F6E55D1","num_area":"16.697400000000000000000000000000","ind_status":"AT"},"geometry":{"type":"Polygon","coordinates":[[[-42.8306,-22.5468],[-42.8282,-22.5415],[-42.8304,-22.5463],[-42.8306,-22.5468]],[[-42.8304,-22.547],[-42.8267,-22.545],[-42.8304,-22.547],[-42.8304,-22.547]],[[-42.8267,-22.5451],[-42.8219,-22.5432],[-42.8197,-22.5468],[-42.8239,-22.5445],[-42.8214,-22.544],[-42.8266,-22.5451],[-42.8267,-22.5451]],[[-42.8261,-22.545],[-42.8244,-22.5487],[-42.8263,-22.545],[-42.8261,-22.545]]]}},{"type":"Feature","properties":{"cod_tema":"ARL_PROPOSTA","cod_imovel":"RJ-3300803-368CAD6808114B7FBE4F88D7987A2A21","num_area":"8.4578000000000000000000000000000","ind_status":"PE"},"geometry":{"type":"Polygon","coordinates":[[[-42.8436,-22.5427],[-42.8462,-22.5406],[-42.8434,-22.5426],[-42.8436,-22.5427]],[[-42.8486,-22.5425],[-42.8438,-22.5449],[-42.8489,-22.5428],[-42.8486,-22.5425]]]}},{"type":"Feature","properties":{"cod_tema":"ARL_PROPOSTA","cod_imovel":"RJ-3300803-5E4A49998BA840C791880FB93788B1E3","num_area":"2.3243000000000000000000000000000","ind_status":"AT"},"geometry":{"type":"Polygon","coordinates":[[[-42.6914,-22.5765],[-42.6932,-22.5775],[-42.6915,-22.5765],[-42.6914,-22.5765]]]}},{"type":"Feature","properties":{"cod_tema":"ARL_PROPOSTA","cod_imovel":"RJ-3300803-68645290B94F4865A7DF56AEB705C389","num_area":"18.048400000000000000000000000000","ind_status":"CA"},"geometry":{"type":"Polygon","coordinates":[[[-42.7888,-22.5365],[-42.791,-22.5296],[-42.7886,-22.5366],[-42.7888,-22.5365]]]}},{"type":"Feature","properties":{"cod_tema":"ARL_PROPOSTA","cod_imovel":"RJ-3300803-012B649CACFB4734A82E34745B02F2DC","num_area":"23.995800000000000000000000000000","ind_status":"AT"},"geometry":{"type":"Polygon","coordinates":[[[-42.7665,-22.4808],[-42.7675,-22.4783],[-42.7658,-22.4827],[-42.7665,-22.4808]],[[-42.7579,-22.4947],[-42.7618,-22.4878],[-42.756,-22.4928],[-42.7579,-22.4947]],[[-42.7618,-22.4876],[-42.7588,-22.4899],[-42.7615,-22.4878],[-42.7618,-22.4876]]]}},{"type":"Feature","properties":{"cod_tema":"ARL_PROPOSTA","cod_imovel":"RJ-3300803-5E707FC8D53B4B4C92F52A34CEFFAF89","num_area":"104.40330000000000000000000000000","ind_status":"CA"},"geometry":{"type":"Polygon","coordinates":[[[-42.8711,-22.4462],[-42.8526,-22.4417],[-42.8583,-22.4436],[-42.8586,-22.4484],[-42.871,-22.4473],[-42.8604,-22.4483],[-42.8728,-22.4509],[-42.8715,-22.4462],[-42.8711,-22.4462]],[[-42.8551,-22.4417],[-42.8523,-22.4406],[-42.8546,-22.4416],[-42.8551,-22.4417]]]}},{"type":"Feature","properties":{"cod_tema":"ARL_PROPOSTA","cod_imovel":"RJ-3300803-19C866D764AC47969F62D4B45A17F3CD","num_area":"10.122300000000000000000000000000","ind_status":"AT"},"geometry":{"type":"Polygon","coordinates":[[[-42.673,-22.6132],[-42.6747,-22.616],[-42.6731,-22.6132],[-42.673,-22.6132]],[[-42.6728,-22.6132],[-42.6711,-22.6167],[-42.6728,-22.6132],[-42.6728,-22.6132]]]}},{"type":"Feature","properties":{"cod_tema":"ARL_PROPOSTA","cod_imovel":"RJ-3300803-093F58827F304191B1587553D310FFA8","num_area":"13.416200000000000000000000000000","ind_status":"AT"},"geometry":{"type":"Polygon","coordinates":[[[-42.6423,-22.5388],[-42.6362,-22.5365],[-42.6358,-22.5388],[-42.6393,-22.5388],[-42.6423,-22.5388]]]}},{"type":"Feature","properties":{"cod_tema":"ARL_PROPOSTA","cod_imovel":"RJ-3300803-555D061612E844FE9CD37F71A15988F2","num_area":"7.2360000000000000000000000000000","ind_status":"AT"},"geometry":{"type":"Polygon","coordinates":[[[-42.8131,-22.5697],[-42.8113,-22.5713],[-42.813,-22.5702],[-42.8131,-22.5697]],[[-42.8106,-22.5703],[-42.8096,-22.5733],[-42.8106,-22.5708],[-42.8106,-22.5703]]]}},{"type":"Feature","properties":{"cod_tema":"ARL_PROPOSTA","cod_imovel":"RJ-3300803-FE38DE7159F84B00886FB05D2E10D791","num_area":"11.301000000000000000000000000000","ind_status":"AT"},"geometry":{"type":"Polygon","coordinates":[[[-42.6113,-22.5666],[-42.6053,-22.5669],[-42.6113,-22.5666],[-42.6113,-22.5666]]]}},{"type":"Feature","properties":{"cod_tema":"ARL_PROPOSTA","cod_imovel":"RJ-3300803-13A31C3A770347A0958F61F3AE11E9BD","num_area":"7.1203000000000000000000000000000","ind_status":"CA"},"geometry":{"type":"Polygon","coordinates":[[[-42.7846,-22.5322],[-42.7867,-22.5324],[-42.7845,-22.5279],[-42.7845,-22.5321],[-42.7846,-22.5322]]]}},{"type":"Feature","properties":{"cod_tema":"ARL_PROPOSTA","cod_imovel":"RJ-3300803-551793B71C2948389BADDB6F9A7C8334","num_area":"11.107700000000000000000000000000","ind_status":"AT"},"geometry":{"type":"Polygon","coordinates":[[[-42.6446,-22.5277],[-42.647,-22.5269],[-42.6414,-22.5241],[-42.6443,-22.5277],[-42.6446,-22.5277]]]}},{"type":"Feature","properties":{"cod_tema":"ARL_PROPOSTA","cod_imovel":"RJ-3300803-7BAC9CB818C5461FB3B13EFBC7735A65","num_area":"73.402700000000000000000000000000","ind_status":"CA"},"geometry":{"type":"Polygon","coordinates":[[[-42.8057,-22.4078],[-42.7985,-22.4152],[-42.7991,-22.4203],[-42.81,-22.4054],[-42.8081,-22.407],[-42.8057,-22.4078]],[[-42.7985,-22.4153],[-42.795,-22.4245],[-42.799,-22.4205],[-42.7988,-22.4157],[-42.7985,-22.4153]]]}},{"type":"Feature","properties":{"cod_tema":"ARL_PROPOSTA","cod_imovel":"RJ-3300803-0CCEE29BF12B45E1BC2C519E4FDA51EB","num_area":"6.4582000000000000000000000000000","ind_status":"CA"},"geometry":{"type":"Polygon","coordinates":[[[-42.8116,-22.4481],[-42.8107,-22.4462],[-42.8115,-22.4481],[-42.8116,-22.4481]],[[-42.8105,-22.4501],[-42.8079,-22.4502],[-42.8105,-22.4501],[-42.8105,-22.4501]],[[-42.8107,-22.4498],[-42.8094,-22.4471],[-42.8081,-22.4499],[-42.8107,-22.4498],[-42.8107,-22.4498]]]}},{"type":"Feature","properties":{"cod_tema":"ARL_PROPOSTA","cod_imovel":"RJ-3300803-A6F6694BEF8A4B46A1E2298B6EB41F05","num_area":"12.768100000000000000000000000000","ind_status":"AT"},"geometry":{"type":"Polygon","coordinates":[[[-42.72,-22.4455],[-42.7186,-22.4432],[-42.7167,-22.4488],[-42.7203,-22.4459],[-42.72,-22.4455]]]}},{"type":"Feature","properties":{"cod_tema":"ARL_PROPOSTA","cod_imovel":"RJ-3300803-7A2426CF3C41423F81C8F4DB14B52C34","num_area":"3.4265000000000000000000000000000","ind_status":"CA"},"geometry":{"type":"Polygon","coordinates":[[[-42.8444,-22.5604],[-42.8384,-22.5544],[-42.8441,-22.5601],[-42.8444,-22.5604]]]}},{"type":"Feature","properties":{"cod_tema":"ARL_PROPOSTA","cod_imovel":"RJ-3300803-DB6CD09A324A48948A12FBA19A0A1455","num_area":"18.338400000000000000000000000000","ind_status":"CA"},"geometry":{"type":"Polygon","coordinates":[[[-42.8,-22.4191],[-42.7994,-22.4242],[-42.8004,-22.4187],[-42.8,-22.4191]],[[-42.799,-22.4205],[-42.7957,-22.4258],[-42.7989,-22.4208],[-42.799,-22.4205]]]}},{"type":"Feature","properties":{"cod_tema":"ARL_PROPOSTA","cod_imovel":"RJ-3300803-E0CBAA2599224849884538ACBA4C1877","num_area":"25.306200000000000000000000000000","ind_status":"CA"},"geometry":{"type":"Polygon","coordinates":[[[-42.7432,-22.4516],[-42.748,-22.4485],[-42.7434,-22.4465],[-42.7399,-22.4502],[-42.7432,-22.4516]],[[-42.7462,-22.4492],[-42.7447,-22.4473],[-42.7461,-22.4491],[-42.7462,-22.4492]],[[-42.7459,-22.4494],[-42.7413,-22.4502],[-42.7459,-22.4494],[-42.7459,-22.4494]]]}},{"type":"Feature","properties":{"cod_tema":"ARL_PROPOSTA","cod_imovel":"RJ-3300803-46E6F154FCBB4423B2F933CE79BF7E7A","num_area":"8.6508000000000000000000000000000","ind_status":"AT"},"geometry":{"type":"Polygon","coordinates":[[[-42.781,-22.5116],[-42.7789,-22.5148],[-42.7827,-22.5134],[-42.7813,-22.5119],[-42.781,-22.5116]],[[-42.7788,-22.5148],[-42.7824,-22.5139],[-42.7788,-22.5148],[-42.7788,-22.5148]]]}},{"type":"Feature","properties":{"cod_tema":"ARL_PROPOSTA","cod_imovel":"RJ-3300803-E267E9FE8C404B8F9EC7234173B3A27A","num_area":"0.7485000000000000000000000000000","ind_status":"PE"},"geometry":{"type":"Polygon","coordinates":[[[-42.6849,-22.5307],[-42.6866,-22.5322],[-42.6849,-22.5308],[-42.6849,-22.5307]],[[-42.6863,-22.5324],[-42.6849,-22.5308],[-42.6864,-22.5323],[-42.6863,-22.5324]]]}},{"type":"Feature","properties":{"cod_tema":"ARL_PROPOSTA","cod_imovel":"RJ-3300803-060FE0D4E1EF46C587D78202159301A3","num_area":"168.94220000000000000000000000000","ind_status":"CA"},"geometry":{"type":"Polygon","coordinates":[[[-42.715,-22.3803],[-42.724,-22.3897],[-42.7247,-22.3942],[-42.7353,-22.3997],[-42.7313,-22.3903],[-42.7258,-22.3891],[-42.7286,-22.3871],[-42.7197,-22.3811],[-42.7285,-22.387],[-42.7257,-22.382],[-42.7221,-22.3773],[-42.7191,-22.3778],[-42.715,-22.3803]],[[-42.7215,-22.3749],[-42.7116,-22.3648],[-42.7195,-22.3739],[-42.7215,-22.3749]],[[-42.7356,-22.3995],[-42.7338,-22.3951],[-42.7355,-22.3993],[-42.7356,-22.3995]],[[-42.7311,-22.3898],[-42.7258,-22.3812],[-42.7312,-22.3901],[-42.7311,-22.3898]],[[-42.7257,-22.3811],[-42.7232,-22.3786],[-42.7257,-22.3813],[-42.7257,-22.3811]]]}},{"type":"Feature","properties":{"cod_tema":"ARL_AVERBADA","cod_imovel":"RJ-3300803-060FE0D4E1EF46C587D78202159301A3","num_area":"117.59430000000000000000000000000","ind_status":"CA"},"geometry":{"type":"Polygon","coordinates":[[[-42.711,-22.3791],[-42.7201,-22.3773],[-42.712,-22.3755],[-42.7203,-22.3772],[-42.7154,-22.3734],[-42.7216,-22.3764],[-42.7102,-22.3625],[-42.7104,-22.3782],[-42.711,-22.3791]]]}},{"type":"Feature","properties":{"cod_tema":"ARL_PROPOSTA","cod_imovel":"RJ-3300803-09A87913BB0B496DBAA87D7CCC81B4BA","num_area":"33.606000000000000000000000000000","ind_status":"CA"},"geometry":{"type":"Polygon","coordinates":[[[-42.8504,-22.4392],[-42.8446,-22.4368],[-42.8429,-22.4398],[-42.847,-22.4431],[-42.8532,-22.4363],[-42.8512,-22.4386],[-42.8504,-22.4392]]]}},{"type":"Feature","properties":{"cod_tema":"ARL_PROPOSTA","cod_imovel":"RJ-3300803-544B2BF299844D0C915CBA3DF9AAB4EF","num_area":"13.203300000000000000000000000000","ind_status":"CA"},"geometry":{"type":"Polygon","coordinates":[[[-42.7814,-22.5369],[-42.7831,-22.5383],[-42.7864,-22.5343],[-42.782,-22.5343],[-42.7814,-22.5369]]]}},{"type":"Feature","properties":{"cod_tema":"ARL_PROPOSTA","cod_imovel":"RJ-3300803-E121D2BD06874D9D8CCFDC4EF3900560","num_area":"85.959100000000000000000000000000","ind_status":"CA"},"geometry":{"type":"Polygon","coordinates":[[[-42.8284,-22.4803],[-42.8218,-22.4719],[-42.8166,-22.4791],[-42.8237,-22.4837],[-42.8223,-22.4821],[-42.8282,-22.4804],[-42.8284,-22.4803]],[[-42.8264,-22.4827],[-42.8249,-22.4875],[-42.8231,-22.4851],[-42.8249,-22.488],[-42.8263,-22.4828],[-42.8264,-22.4827]],[[-42.8294,-22.4803],[-42.8263,-22.4854],[-42.8276,-22.4833],[-42.8294,-22.4803]]]}},{"type":"Feature","properties":{"cod_tema":"ARL_PROPOSTA","cod_imovel":"RJ-3300803-F6C23748020940D5B5D4F56AF707E23C","num_area":"36.322700000000000000000000000000","ind_status":"CA"},"geometry":{"type":"Polygon","coordinates":[[[-42.8014,-22.4424],[-42.7957,-22.4389],[-42.7915,-22.4408],[-42.8016,-22.4426],[-42.8014,-22.4424]],[[-42.8014,-22.4414],[-42.8029,-22.4391],[-42.7957,-22.4375],[-42.801,-22.4411],[-42.8014,-22.4414]]]}},{"type":"Feature","properties":{"cod_tema":"ARL_PROPOSTA","cod_imovel":"RJ-3300803-23113575DEFF4A7C98BCE55C60552BB7","num_area":"6.5241000000000000000000000000000","ind_status":"AT"},"geometry":{"type":"Polygon","coordinates":[[[-42.8367,-22.6089],[-42.8368,-22.6057],[-42.8365,-22.6088],[-42.8367,-22.6089]],[[-42.8401,-22.6064],[-42.8385,-22.6087],[-42.84,-22.6067],[-42.8401,-22.6064]]]}},{"type":"Feature","properties":{"cod_tema":"ARL_PROPOSTA","cod_imovel":"RJ-3300803-E81F715FC285406FAD063416C73E87F5","num_area":"5.9965000000000000000000000000000","ind_status":"AT"},"geometry":{"type":"Polygon","coordinates":[[[-42.8064,-22.6156],[-42.8086,-22.6165],[-42.8065,-22.6155],[-42.8064,-22.6156]]]}},{"type":"Feature","properties":{"cod_tema":"ARL_PROPOSTA","cod_imovel":"RJ-3300803-5DCEFF4FE0C6428DB7982730546B662F","num_area":"27.185100000000000000000000000000","ind_status":"AT"},"geometry":{"type":"Polygon","coordinates":[[[-42.6515,-22.5618],[-42.6494,-22.5547],[-42.6473,-22.561],[-42.6512,-22.5618],[-42.6515,-22.5618]]]}},{"type":"Feature","properties":{"cod_tema":"ARL_PROPOSTA","cod_imovel":"RJ-3300803-1285B22A0525469881D59DCB86986026","num_area":"19.665500000000000000000000000000","ind_status":"AT"},"geometry":{"type":"Polygon","coordinates":[[[-42.6964,-22.4876],[-42.6933,-22.4844],[-42.6895,-22.4909],[-42.6954,-22.4881],[-42.6964,-22.4876]]]}},{"type":"Feature","properties":{"cod_tema":"ARL_PROPOSTA","cod_imovel":"RJ-3300803-AF3646142C9D4AEE9D8CBEF3069DBE3A","num_area":"145.82040000000000000000000000000","ind_status":"CA"},"geometry":{"type":"Polygon","coordinates":[[[-42.6915,-22.4165],[-42.6958,-22.4175],[-42.6917,-22.423],[-42.6943,-22.4256],[-42.7096,-22.4202],[-42.6964,-22.4129],[-42.6915,-22.4165]]]}},{"type":"Feature","properties":{"cod_tema":"ARL_PROPOSTA","cod_imovel":"RJ-3300803-03E2F6A3646341A49637304A68C444F7","num_area":"2.0276000000000000000000000000000","ind_status":"PE"},"geometry":{"type":"Polygon","coordinates":[[[-42.7488,-22.5957],[-42.7514,-22.5956],[-42.7493,-22.5956],[-42.7488,-22.5957]]]}},{"type":"Feature","properties":{"cod_tema":"ARL_PROPOSTA","cod_imovel":"RJ-3300803-81021FB800FD4747808BCD72706AC3EA","num_area":"14.601600000000000000000000000000","ind_status":"AT"},"geometry":{"type":"Polygon","coordinates":[[[-42.6243,-22.4879],[-42.6258,-22.4904],[-42.63,-22.4881],[-42.6265,-22.4868],[-42.6243,-22.4879]]]}},{"type":"Feature","properties":{"cod_tema":"ARL_PROPOSTA","cod_imovel":"RJ-3300803-60373DD1758B47CE9EB35A6544A12846","num_area":"53.465000000000000000000000000000","ind_status":"AT"},"geometry":{"type":"Polygon","coordinates":[[[-42.6682,-22.5899],[-42.6624,-22.5902],[-42.6657,-22.5936],[-42.6681,-22.5916],[-42.6682,-22.5899]],[[-42.6526,-22.599],[-42.6556,-22.5981],[-42.653,-22.5988],[-42.6526,-22.599]],[[-42.6597,-22.5911],[-42.659,-22.5942],[-42.6639,-22.5951],[-42.6599,-22.5905],[-42.6597,-22.5911]]]}},{"type":"Feature","properties":{"cod_tema":"ARL_PROPOSTA","cod_imovel":"RJ-3300803-F10167A53B2041CFA035322F7CF9038F","num_area":"755.85930000000000000000000000000","ind_status":"AT"},"geometry":{"type":"Polygon","coordinates":[[[-42.7478,-22.4012],[-42.7488,-22.4083],[-42.7578,-22.4111],[-42.7683,-22.4298],[-42.7661,-22.4349],[-42.7603,-22.4341],[-42.7698,-22.4335],[-42.7716,-22.428],[-42.7645,-22.4124],[-42.7588,-22.4074],[-42.7509,-22.4058],[-42.7588,-22.4073],[-42.7486,-22.3937],[-42.7544,-22.3983],[-42.7562,-22.3851],[-42.7607,-22.3796],[-42.7551,-22.3914],[-42.7649,-22.3856],[-42.7551,-22.3914],[-42.7542,-22.4006],[-42.7555,-22.4024],[-42.7587,-22.3986],[-42.7566,-22.4047],[-42.7607,-22.3998],[-42.7567,-22.4048],[-42.7645,-22.4127],[-42.768,-22.4084],[-42.7642,-22.4134],[-42.7687,-22.4221],[-42.7678,-22.4053],[-42.7615,-22.3967],[-42.7666,-22.3844],[-42.7638,-22.3785],[-42.7559,-22.3776],[-42.7446,-22.3947],[-42.7478,-22.4012]],[[-42.7601,-22.4338],[-42.7583,-22.4379],[-42.7601,-22.4339],[-42.7601,-22.4338]],[[-42.765,-22.4354],[-42.7691,-22.434],[-42.7657,-22.4355],[-42.765,-22.4354]],[[-42.7709,-22.4259],[-42.7697,-22.4229],[-42.7709,-22.4255],[-42.7709,-22.4259]]]}},{"type":"Feature","properties":{"cod_tema":"ARL_PROPOSTA","cod_imovel":"RJ-3300803-403359A6AA6F493992D3B69CDC4C8BED","num_area":"4.8690000000000000000000000000000","ind_status":"AT"},"geometry":{"type":"Polygon","coordinates":[[[-42.6418,-22.4714],[-42.6403,-22.4731],[-42.6428,-22.4715],[-42.6418,-22.4714]],[[-42.6421,-22.4703],[-42.6395,-22.471],[-42.6425,-22.4706],[-42.6421,-22.4703]]]}},{"type":"Feature","properties":{"cod_tema":"ARL_PROPOSTA","cod_imovel":"RJ-3300803-41B4904AB6684AD5A2A26F6B1DE474A2","num_area":"24.254400000000000000000000000000","ind_status":"AT"},"geometry":{"type":"Polygon","coordinates":[[[-42.8685,-22.5715],[-42.8668,-22.5701],[-42.8685,-22.5714],[-42.8685,-22.5715]],[[-42.8665,-22.5618],[-42.8653,-22.5663],[-42.8671,-22.562],[-42.8665,-22.5618]],[[-42.87,-22.5709],[-42.8729,-22.5724],[-42.8699,-22.5709],[-42.87,-22.5709]],[[-42.8656,-22.5707],[-42.8666,-22.5663],[-42.8656,-22.5707],[-42.8656,-22.5707]],[[-42.8666,-22.5662],[-42.8691,-22.5628],[-42.8667,-22.566],[-42.8666,-22.5662]],[[-42.8675,-22.5545],[-42.8635,-22.5558],[-42.8667,-22.5552],[-42.8675,-22.5545]]]}},{"type":"Feature","properties":{"cod_tema":"ARL_PROPOSTA","cod_imovel":"RJ-3300803-9D501BFFED1543E5951B2F870637484C","num_area":"42.094700000000000000000000000000","ind_status":"AT"},"geometry":{"type":"Polygon","coordinates":[[[-42.8674,-22.4897],[-42.8615,-22.4923],[-42.8625,-22.4943],[-42.8686,-22.4915],[-42.8626,-22.4937],[-42.8634,-22.4981],[-42.8693,-22.4932],[-42.8671,-22.4906],[-42.8674,-22.4897]]]}},{"type":"Feature","properties":{"cod_tema":"ARL_PROPOSTA","cod_imovel":"RJ-3300803-B021039E44E143D79162DEF47DA04DA4","num_area":"12.928000000000000000000000000000","ind_status":"AT"},"geometry":{"type":"Polygon","coordinates":[[[-42.6735,-22.5238],[-42.6748,-22.5198],[-42.6697,-22.5239],[-42.6734,-22.5239],[-42.6735,-22.5238]]]}},{"type":"Feature","properties":{"cod_tema":"ARL_PROPOSTA","cod_imovel":"RJ-3300803-67495ABE1C5D407DA39A87F1FF191A98","num_area":"8.4919000000000000000000000000000","ind_status":"AT"},"geometry":{"type":"Polygon","coordinates":[[[-42.6937,-22.5816],[-42.6896,-22.5787],[-42.6937,-22.5816],[-42.6937,-22.5816]]]}},{"type":"Feature","properties":{"cod_tema":"ARL_PROPOSTA","cod_imovel":"RJ-3300803-13B7A82546404E428F34629F23D00085","num_area":"7.5674000000000000000000000000000","ind_status":"AT"},"geometry":{"type":"Polygon","coordinates":[[[-42.8689,-22.5046],[-42.8676,-22.5112],[-42.8698,-22.5038],[-42.8689,-22.5046]]]}},{"type":"Feature","properties":{"cod_tema":"ARL_PROPOSTA","cod_imovel":"RJ-3300803-65418026C33542A099DE192A71ADB87F","num_area":"4.6802000000000000000000000000000","ind_status":"AT"},"geometry":{"type":"Polygon","coordinates":[[[-42.6748,-22.5134],[-42.6706,-22.515],[-42.6752,-22.5143],[-42.6748,-22.5134]]]}},{"type":"Feature","properties":{"cod_tema":"ARL_PROPOSTA","cod_imovel":"RJ-3300803-241041B38863475CB5737B2A40F68073","num_area":"13.413500000000000000000000000000","ind_status":"AT"},"geometry":{"type":"Polygon","coordinates":[[[-42.7131,-22.6305],[-42.7133,-22.6277],[-42.7128,-22.6299],[-42.7131,-22.6305]],[[-42.7152,-22.6313],[-42.7165,-22.6357],[-42.7185,-22.634],[-42.7155,-22.6316],[-42.7152,-22.6313]]]}},{"type":"Feature","properties":{"cod_tema":"ARL_PROPOSTA","cod_imovel":"RJ-3300803-9FA794F7FF8F4C8692644A4EBD2DF7A1","num_area":"5.4185000000000000000000000000000","ind_status":"AT"},"geometry":{"type":"Polygon","coordinates":[[[-42.8162,-22.5066],[-42.8144,-22.5081],[-42.8175,-22.5088],[-42.8162,-22.5066],[-42.8162,-22.5066]]]}},{"type":"Feature","properties":{"cod_tema":"ARL_PROPOSTA","cod_imovel":"RJ-3300803-5923AE5EB50C4C9D80361DBAB2D62189","num_area":"3.8704000000000000000000000000000","ind_status":"AT"},"geometry":{"type":"Polygon","coordinates":[[[-42.7909,-22.5811],[-42.7904,-22.584],[-42.7914,-22.5818],[-42.7909,-22.5811]]]}},{"type":"Feature","properties":{"cod_tema":"ARL_PROPOSTA","cod_imovel":"RJ-3300803-3C494C92A3684DFF8015A8EC747237D5","num_area":"51.219400000000000000000000000000","ind_status":"AT"},"geometry":{"type":"Polygon","coordinates":[[[-42.5967,-22.6118],[-42.605,-22.6138],[-42.5945,-22.602],[-42.5965,-22.611],[-42.5967,-22.6118]]]}},{"type":"Feature","properties":{"cod_tema":"ARL_PROPOSTA","cod_imovel":"RJ-3300803-0F20F840536E420F88E671D3D26982CD","num_area":"2.5242000000000000000000000000000","ind_status":"AT"},"geometry":{"type":"Polygon","coordinates":[[[-42.6562,-22.6195],[-42.6547,-22.6177],[-42.6559,-22.6194],[-42.6562,-22.6195]]]}},{"type":"Feature","properties":{"cod_tema":"ARL_PROPOSTA","cod_imovel":"RJ-3300803-24A988D6FA0D41C5BF97ACC3C952D6AA","num_area":"78.561500000000000000000000000000","ind_status":"AT"},"geometry":{"type":"Polygon","coordinates":[[[-42.7488,-22.4679],[-42.7435,-22.4684],[-42.7486,-22.4687],[-42.7488,-22.4679]],[[-42.7386,-22.4504],[-42.7362,-22.4519],[-42.7381,-22.4608],[-42.7435,-22.4595],[-42.7463,-22.4552],[-42.7387,-22.4502],[-42.7386,-22.4504]]]}},{"type":"Feature","properties":{"cod_tema":"ARL_PROPOSTA","cod_imovel":"RJ-3300803-5D03258288104821A072D7577B640A92","num_area":"2.8527000000000000000000000000000","ind_status":"AT"},"geometry":{"type":"Polygon","coordinates":[[[-42.7927,-22.6256],[-42.7924,-22.6233],[-42.7925,-22.6254],[-42.7927,-22.6256]],[[-42.7929,-22.6255],[-42.7927,-22.6229],[-42.7929,-22.6252],[-42.7929,-22.6255]]]}},{"type":"Feature","properties":{"cod_tema":"ARL_PROPOSTA","cod_imovel":"RJ-3300803-1260F41F7EEF49EFB21BC426D397B01B","num_area":"324.83240000000000000000000000000","ind_status":"CA"},"geometry":{"type":"Polygon","coordinates":[[[-42.8764,-22.486],[-42.883,-22.4836],[-42.8789,-22.482],[-42.8756,-22.4857],[-42.8764,-22.486]],[[-42.8831,-22.4835],[-42.8898,-22.481],[-42.8831,-22.4835],[-42.8831,-22.4835]],[[-42.8853,-22.482],[-42.8959,-22.478],[-42.886,-22.4771],[-42.8934,-22.4794],[-42.8854,-22.4779],[-42.8807,-22.4818],[-42.8853,-22.482],[-42.8853,-22.482]],[[-42.8803,-22.482],[-42.8757,-22.475],[-42.8795,-22.4776],[-42.8794,-22.4733],[-42.8811,-22.4809],[-42.8852,-22.478],[-42.8832,-22.4725],[-42.8852,-22.4779],[-42.8883,-22.4739],[-42.8875,-22.4679],[-42.8753,-22.4744],[-42.8745,-22.4841],[-42.8803,-22.482],[-42.8803,-22.482]],[[-42.8961,-22.4787],[-42.8965,-22.4707],[-42.8896,-22.4718],[-42.8869,-22.4761],[-42.8925,-22.4751],[-42.8861,-22.477],[-42.896,-22.4786],[-42.8961,-22.4787]],[[-42.8948,-22.4711],[-42.8962,-22.4669],[-42.8914,-22.4674],[-42.8904,-22.4717],[-42.8945,-22.4711],[-42.8948,-22.4711]],[[-42.8903,-22.4711],[-42.893,-22.4649],[-42.8876,-22.4678],[-42.8874,-22.4719],[-42.8903,-22.4712],[-42.8903,-22.4711]],[[-42.8962,-22.4668],[-42.8959,-22.4633],[-42.8914,-22.4673],[-42.8962,-22.4668],[-42.8962,-22.4668]]]}},{"type":"Feature","properties":{"cod_tema":"ARL_PROPOSTA","cod_imovel":"RJ-3300803-FFBBAFA7FCEB4DD1B63A9EB045CE01F0","num_area":"36.704800000000000000000000000000","ind_status":"CA"},"geometry":{"type":"Polygon","coordinates":[[[-42.8533,-22.4381],[-42.8449,-22.437],[-42.8429,-22.4398],[-42.8533,-22.4381],[-42.8533,-22.4381]],[[-42.8595,-22.4418],[-42.8559,-22.4417],[-42.854,-22.4379],[-42.8516,-22.4397],[-42.8632,-22.4448],[-42.8599,-22.442],[-42.8595,-22.4418]]]}},{"type":"Feature","properties":{"cod_tema":"ARL_PROPOSTA","cod_imovel":"RJ-3300803-D9EF9F4B6001474EA9AA7922EB2154FA","num_area":"154.57380000000000000000000000000","ind_status":"AT"},"geometry":{"type":"Polygon","coordinates":[[[-42.6352,-22.6122],[-42.6321,-22.6178],[-42.6364,-22.6247],[-42.64,-22.6182],[-42.6448,-22.6194],[-42.6487,-22.6161],[-42.6364,-22.613],[-42.6352,-22.6122]],[[-42.6469,-22.6139],[-42.643,-22.608],[-42.639,-22.6066],[-42.6365,-22.6099],[-42.6469,-22.614],[-42.6469,-22.6139]]]}},{"type":"Feature","properties":{"cod_tema":"ARL_PROPOSTA","cod_imovel":"RJ-3300803-D4FDFA1F979548DFBF5C5FD6CC14F1CD","num_area":"209.96340000000000000000000000000","ind_status":"AT"},"geometry":{"type":"Polygon","coordinates":[[[-42.6128,-22.4754],[-42.6173,-22.4747],[-42.6059,-22.4678],[-42.6128,-22.4754],[-42.6128,-22.4754]],[[-42.6179,-22.4737],[-42.6309,-22.4727],[-42.6309,-22.4644],[-42.6247,-22.4681],[-42.611,-22.4646],[-42.6109,-22.4693],[-42.6154,-22.4726],[-42.6124,-22.4678],[-42.6178,-22.4737],[-42.6179,-22.4737]],[[-42.6092,-22.4665],[-42.6055,-22.4657],[-42.6084,-22.4648],[-42.6052,-22.4615],[-42.6058,-22.4676],[-42.6119,-22.4704],[-42.6097,-22.4671],[-42.6092,-22.4665]],[[-42.6085,-22.4649],[-42.6061,-22.462],[-42.6085,-22.4648],[-42.6085,-22.4649]]]}},{"type":"Feature","properties":{"cod_tema":"ARL_PROPOSTA","cod_imovel":"RJ-3300803-10D3C0CAD2854604B13DF8F5A5BEA82C","num_area":"3.4531000000000000000000000000000","ind_status":"AT"},"geometry":{"type":"Polygon","coordinates":[[[-42.8755,-22.605],[-42.8728,-22.607],[-42.8755,-22.6053],[-42.8755,-22.605]]]}},{"type":"Feature","properties":{"cod_tema":"ARL_PROPOSTA","cod_imovel":"RJ-3300803-DDDFCC1287B1430D9A21909EB56E4342","num_area":"25.575500000000000000000000000000","ind_status":"CA"},"geometry":{"type":"Polygon","coordinates":[[[-42.6906,-22.4524],[-42.6851,-22.4488],[-42.6845,-22.4523],[-42.6895,-22.4548],[-42.6906,-22.4524]]]}},{"type":"Feature","properties":{"cod_tema":"ARL_PROPOSTA","cod_imovel":"RJ-3300803-3F52D028ED5C44619EB010B663AC2ADC","num_area":"3.3406000000000000000000000000000","ind_status":"AT"},"geometry":{"type":"Polygon","coordinates":[[[-42.6356,-22.4591],[-42.638,-22.4602],[-42.6358,-22.4584],[-42.6356,-22.4591]]]}},{"type":"Feature","properties":{"cod_tema":"ARL_PROPOSTA","cod_imovel":"RJ-3300803-A92A0D9BE34F482390A9A0F46BFB065B","num_area":"7.7161000000000000000000000000000","ind_status":"AT"},"geometry":{"type":"Polygon","coordinates":[[[-42.7981,-22.5009],[-42.8,-22.4985],[-42.7976,-22.5014],[-42.7981,-22.5009]]]}},{"type":"Feature","properties":{"cod_tema":"ARL_PROPOSTA","cod_imovel":"RJ-3300803-3083A3DF000C49AF96E0CE5DE28DAE5B","num_area":"16.076500000000000000000000000000","ind_status":"AT"},"geometry":{"type":"Polygon","coordinates":[[[-42.6397,-22.5807],[-42.6356,-22.5793],[-42.6383,-22.5837],[-42.6397,-22.5807],[-42.6397,-22.5807]]]}},{"type":"Feature","properties":{"cod_tema":"ARL_PROPOSTA","cod_imovel":"RJ-3300803-DB1C3037FE684435B1D9EDB3C67F5935","num_area":"23.854100000000000000000000000000","ind_status":"PE"},"geometry":{"type":"Polygon","coordinates":[[[-42.7856,-22.5825],[-42.7873,-22.581],[-42.7828,-22.5706],[-42.7854,-22.582],[-42.7856,-22.5825]]]}},{"type":"Feature","properties":{"cod_tema":"ARL_PROPOSTA","cod_imovel":"RJ-3300803-198F9D31D75D44E4ACE215B71FA4A2E3","num_area":"1.9675000000000000000000000000000","ind_status":"AT"},"geometry":{"type":"Polygon","coordinates":[[[-42.7237,-22.5288],[-42.7249,-22.5266],[-42.7235,-22.5288],[-42.7237,-22.5288]]]}},{"type":"Feature","properties":{"cod_tema":"ARL_PROPOSTA","cod_imovel":"RJ-3300803-87D3D3B594C3438F86AFA839BD850DDD","num_area":"42.817300000000000000000000000000","ind_status":"AT"},"geometry":{"type":"Polygon","coordinates":[[[-42.7907,-22.5887],[-42.7898,-22.5923],[-42.7977,-22.5989],[-42.8001,-22.5967],[-42.7915,-22.5886],[-42.7907,-22.5887]]]}},{"type":"Feature","properties":{"cod_tema":"ARL_PROPOSTA","cod_imovel":"RJ-3300803-DACA9CE2572848CDBF602030FADD538A","num_area":"1.4366000000000000000000000000000","ind_status":"AT"},"geometry":{"type":"Polygon","coordinates":[[[-42.8501,-22.6152],[-42.852,-22.6136],[-42.8501,-22.6152],[-42.8501,-22.6152]],[[-42.8503,-22.6155],[-42.8522,-22.6141],[-42.8503,-22.6155],[-42.8503,-22.6155]]]}},{"type":"Feature","properties":{"cod_tema":"ARL_PROPOSTA","cod_imovel":"RJ-3300803-3C534E046E0B47E39CAE6B1254107118","num_area":"19.881500000000000000000000000000","ind_status":"AT"},"geometry":{"type":"Polygon","coordinates":[[[-42.7162,-22.4575],[-42.7134,-22.4599],[-42.717,-22.4639],[-42.7166,-22.4595],[-42.7162,-22.4575]]]}},{"type":"Feature","properties":{"cod_tema":"ARL_PROPOSTA","cod_imovel":"RJ-3300803-FB314B3185E64F96982FCBFF8E8154C5","num_area":"57.100700000000000000000000000000","ind_status":"AT"},"geometry":{"type":"Polygon","coordinates":[[[-42.8665,-22.4934],[-42.8688,-22.4936],[-42.8686,-22.4884],[-42.8647,-22.4903],[-42.8664,-22.4933],[-42.8665,-22.4934]],[[-42.8686,-22.4883],[-42.8652,-22.4855],[-42.8627,-22.4897],[-42.8647,-22.4916],[-42.8683,-22.4883],[-42.8686,-22.4883]],[[-42.8652,-22.4855],[-42.8619,-22.4829],[-42.8591,-22.4862],[-42.8627,-22.4897],[-42.8652,-22.4855],[-42.8652,-22.4855]]]}},{"type":"Feature","properties":{"cod_tema":"ARL_PROPOSTA","cod_imovel":"RJ-3300803-47034F3564F148519EF27218CA0246C4","num_area":"19.651100000000000000000000000000","ind_status":"AT"},"geometry":{"type":"Polygon","coordinates":[[[-42.8789,-22.5102],[-42.8863,-22.5128],[-42.8822,-22.5107],[-42.8836,-22.5091],[-42.879,-22.5102],[-42.8789,-22.5102]]]}},{"type":"Feature","properties":{"cod_tema":"ARL_PROPOSTA","cod_imovel":"RJ-3300803-2DC9EC654D0A4D3D99873A4160B1B3C3","num_area":"1561.2663000000000000000000000000","ind_status":"AT"},"geometry":{"type":"Polygon","coordinates":[[[-42.8529,-22.4689],[-42.8639,-22.4659],[-42.8743,-22.4698],[-42.8676,-22.4634],[-42.8721,-22.4666],[-42.8671,-22.4582],[-42.8743,-22.4698],[-42.8777,-22.468],[-42.874,-22.46],[-42.8785,-22.4665],[-42.8802,-22.4608],[-42.875,-22.4497],[-42.8802,-22.4608],[-42.8813,-22.4548],[-42.8772,-22.4491],[-42.8805,-22.4577],[-42.8894,-22.4557],[-42.8779,-22.4484],[-42.8728,-22.4505],[-42.8717,-22.4557],[-42.8555,-22.4562],[-42.8559,-22.4631],[-42.8648,-22.4625],[-42.8458,-22.4629],[-42.8418,-22.4713],[-42.8484,-22.4727],[-42.8529,-22.4689]],[[-42.8723,-22.4708],[-42.87,-22.4881],[-42.8813,-22.4817],[-42.8779,-22.475],[-42.8813,-22.4816],[-42.8873,-22.4763],[-42.8895,-22.4724],[-42.8873,-22.4653],[-42.8895,-22.4724],[-42.8937,-22.4589],[-42.8919,-22.4696],[-42.886,-22.477],[-42.898,-22.4765],[-42.8969,-22.4586],[-42.8901,-22.4587],[-42.8892,-22.456],[-42.8805,-22.4577],[-42.8785,-22.4666],[-42.8851,-22.4635],[-42.8738,-22.47],[-42.8784,-22.4735],[-42.8723,-22.4708],[-42.8723,-22.4708]],[[-42.87,-22.4881],[-42.8752,-22.4861],[-42.87,-22.4881],[-42.87,-22.4881]],[[-42.8752,-22.4861],[-42.8838,-22.482],[-42.8752,-22.4861],[-42.8752,-22.4861]],[[-42.8838,-22.482],[-42.8975,-22.4767],[-42.886,-22.4771],[-42.8816,-22.4815],[-42.8838,-22.482],[-42.8838,-22.482]],[[-42.8554,-22.4562],[-42.8468,-22.4564],[-42.8222,-22.4727],[-42.8282,-22.479],[-42.8299,-22.4774],[-42.8249,-22.4725],[-42.8301,-22.4777],[-42.8332,-22.4756],[-42.8305,-22.4787],[-42.8352,-22.4761],[-42.8368,-22.4731],[-42.8311,-22.4672],[-42.8396,-22.4754],[-42.8455,-22.4587],[-42.8454,-22.4635],[-42.8551,-22.4633],[-42.8554,-22.4562],[-42.8554,-22.4562]],[[-42.8399,-22.4708],[-42.8377,-22.475],[-42.8399,-22.4707],[-42.8399,-22.4708]],[[-42.8298,-22.4802],[-42.835,-22.4825],[-42.8484,-22.4727],[-42.8417,-22.4713],[-42.8396,-22.4754],[-42.8323,-22.4777],[-42.8385,-22.4798],[-42.8323,-22.4778],[-42.83,-22.48],[-42.8298,-22.4802]],[[-42.8371,-22.4748],[-42.8395,-22.477],[-42.8415,-22.4717],[-42.8439,-22.4736],[-42.8406,-22.4777],[-42.8363,-22.4778],[-42.8371,-22.4748],[-42.8371,-22.4748]]]}},{"type":"Feature","properties":{"cod_tema":"ARL_PROPOSTA","cod_imovel":"RJ-3300803-C50DF47B4B054866A17924198F726337","num_area":"9.5304000000000000000000000000000","ind_status":"AT"},"geometry":{"type":"Polygon","coordinates":[[[-42.8051,-22.6096],[-42.8073,-22.6116],[-42.8055,-22.6098],[-42.8051,-22.6096]],[[-42.808,-22.6144],[-42.8052,-22.6115],[-42.8065,-22.6176],[-42.8077,-22.6144],[-42.808,-22.6144]]]}},{"type":"Feature","properties":{"cod_tema":"ARL_PROPOSTA","cod_imovel":"RJ-3300803-37D0BCA0A6F24AAD8455EBE665B4B041","num_area":"2.0516000000000000000000000000000","ind_status":"AT"},"geometry":{"type":"Polygon","coordinates":[[[-42.8146,-22.6075],[-42.8167,-22.6084],[-42.8148,-22.6075],[-42.8146,-22.6075]]]}},{"type":"Feature","properties":{"cod_tema":"ARL_PROPOSTA","cod_imovel":"RJ-3300803-CDCB0520A5DB4682B9950076F6042417","num_area":"23.133600000000000000000000000000","ind_status":"AT"},"geometry":{"type":"Polygon","coordinates":[[[-42.7316,-22.6168],[-42.7296,-22.6155],[-42.7313,-22.6172],[-42.7316,-22.6168]],[[-42.7353,-22.615],[-42.7317,-22.6123],[-42.735,-22.6152],[-42.7353,-22.615]],[[-42.7305,-22.6229],[-42.7322,-22.6211],[-42.7281,-22.6227],[-42.7302,-22.623],[-42.7305,-22.6229]],[[-42.7327,-22.6203],[-42.7312,-22.6183],[-42.7281,-22.6226],[-42.7327,-22.6203],[-42.7327,-22.6203]]]}},{"type":"Feature","properties":{"cod_tema":"ARL_PROPOSTA","cod_imovel":"RJ-3300803-5E7C7A4E7E844F56B4CE5EA25648011D","num_area":"3.9599000000000000000000000000000","ind_status":"AT"},"geometry":{"type":"Polygon","coordinates":[[[-42.8024,-22.5841],[-42.8001,-22.5863],[-42.8028,-22.5844],[-42.8024,-22.5841]]]}},{"type":"Feature","properties":{"cod_tema":"ARL_PROPOSTA","cod_imovel":"RJ-3300803-AEE5E2FFB3D8410EA230A1A2B196AAC8","num_area":"21.019900000000000000000000000000","ind_status":"AT"},"geometry":{"type":"Polygon","coordinates":[[[-42.7227,-22.5385],[-42.7186,-22.5384],[-42.7282,-22.5406],[-42.7235,-22.5387],[-42.7227,-22.5385]]]}},{"type":"Feature","properties":{"cod_tema":"ARL_PROPOSTA","cod_imovel":"RJ-3300803-F1E510FCE6A443A8969FF99868CF8805","num_area":"16.187900000000000000000000000000","ind_status":"AT"},"geometry":{"type":"Polygon","coordinates":[[[-42.6707,-22.4666],[-42.6737,-22.4667],[-42.6709,-22.4665],[-42.6707,-22.4666]],[[-42.6737,-22.4667],[-42.6765,-22.4653],[-42.6752,-22.463],[-42.6707,-22.4648],[-42.6737,-22.4667],[-42.6737,-22.4667]]]}},{"type":"Feature","properties":{"cod_tema":"ARL_PROPOSTA","cod_imovel":"RJ-3300803-683C88074DD8401E8D6598471246E1F5","num_area":"92.316700000000000000000000000000","ind_status":"AT"},"geometry":{"type":"Polygon","coordinates":[[[-42.8447,-22.5068],[-42.8524,-22.4916],[-42.8435,-22.4921],[-42.8402,-22.4971],[-42.844,-22.5059],[-42.8447,-22.5068]]]}},{"type":"Feature","properties":{"cod_tema":"ARL_PROPOSTA","cod_imovel":"RJ-3300803-E249E54695A44E289683533A9E38633E","num_area":"110.96780000000000000000000000000","ind_status":"AT"},"geometry":{"type":"Polygon","coordinates":[[[-42.6534,-22.5196],[-42.65,-22.5267],[-42.6611,-22.5262],[-42.6588,-22.5227],[-42.6577,-22.5251],[-42.6544,-22.5236],[-42.6534,-22.5196],[-42.6534,-22.5196]],[[-42.6698,-22.5092],[-42.667,-22.5056],[-42.6549,-22.5049],[-42.6517,-22.5011],[-42.6517,-22.5054],[-42.656,-22.508],[-42.6595,-22.509],[-42.6598,-22.5056],[-42.6618,-22.5101],[-42.6696,-22.5092],[-42.6698,-22.5092]]]}},{"type":"Feature","properties":{"cod_tema":"ARL_PROPOSTA","cod_imovel":"RJ-3300803-888AE2E731BE4E6FA9649A31EC100C6E","num_area":"25.785500000000000000000000000000","ind_status":"AT"},"geometry":{"type":"Polygon","coordinates":[[[-42.562,-22.4201],[-42.5686,-22.4181],[-42.5643,-22.4167],[-42.5695,-22.4178],[-42.568,-22.4149],[-42.5616,-22.419],[-42.562,-22.4201]],[[-42.5625,-22.4175],[-42.5637,-22.4194],[-42.5625,-22.4175],[-42.5625,-22.4175]]]}},{"type":"Feature","properties":{"cod_tema":"ARL_PROPOSTA","cod_imovel":"RJ-3300803-8198A26ACDEE4B73B495F6A29C09AE5C","num_area":"0.4116000000000000000000000000000","ind_status":"AT"},"geometry":{"type":"Polygon","coordinates":[[[-42.6409,-22.4686],[-42.6382,-22.4702],[-42.641,-22.4687],[-42.6409,-22.4686]]]}},{"type":"Feature","properties":{"cod_tema":"ARL_PROPOSTA","cod_imovel":"RJ-3300803-24A39A345EE040288A5E91C4D67F6455","num_area":"5.0788000000000000000000000000000","ind_status":"AT"},"geometry":{"type":"Polygon","coordinates":[[[-42.8395,-22.5356],[-42.8433,-22.5342],[-42.8397,-22.5353],[-42.8395,-22.5356]]]}},{"type":"Feature","properties":{"cod_tema":"ARL_PROPOSTA","cod_imovel":"RJ-3300803-3748D1147DDF4A61A4DF86ACD62AA55D","num_area":"4.5705000000000000000000000000000","ind_status":"AT"},"geometry":{"type":"Polygon","coordinates":[[[-42.7249,-22.4844],[-42.7234,-22.4823],[-42.7247,-22.4843],[-42.7249,-22.4844]]]}},{"type":"Feature","properties":{"cod_tema":"ARL_PROPOSTA","cod_imovel":"RJ-3300803-14F8D5CF85B8425E93BC52B64DE849C1","num_area":"23.265800000000000000000000000000","ind_status":"AT"},"geometry":{"type":"Polygon","coordinates":[[[-42.7156,-22.4906],[-42.7208,-22.4907],[-42.7187,-22.4889],[-42.7228,-22.4854],[-42.7208,-22.4842],[-42.7158,-22.4905],[-42.7156,-22.4906]]]}},{"type":"Feature","properties":{"cod_tema":"ARL_PROPOSTA","cod_imovel":"RJ-3300803-33130FF105FF4687B07E41C7279A27BC","num_area":"2.4934000000000000000000000000000","ind_status":"AT"},"geometry":{"type":"Polygon","coordinates":[[[-42.7138,-22.5248],[-42.7157,-22.5235],[-42.7135,-22.5247],[-42.7138,-22.5248]]]}},{"type":"Feature","properties":{"cod_tema":"ARL_PROPOSTA","cod_imovel":"RJ-3300803-E8807E8DFC36480DA4FF3EAA1A9D7777","num_area":"23.265800000000000000000000000000","ind_status":"AT"},"geometry":{"type":"Polygon","coordinates":[[[-42.7156,-22.4906],[-42.7208,-22.4907],[-42.7187,-22.4889],[-42.7228,-22.4854],[-42.7208,-22.4842],[-42.7158,-22.4905],[-42.7156,-22.4906]]]}},{"type":"Feature","properties":{"cod_tema":"ARL_PROPOSTA","cod_imovel":"RJ-3300803-DBF957BBEE8C41F3906A4B2A138AC907","num_area":"3.8654000000000000000000000000000","ind_status":"AT"},"geometry":{"type":"Polygon","coordinates":[[[-42.726,-22.4839],[-42.7234,-22.4822],[-42.7259,-22.4841],[-42.726,-22.4839]]]}},{"type":"Feature","properties":{"cod_tema":"ARL_PROPOSTA","cod_imovel":"RJ-3300803-87587C03FE594E858E60243430B6F091","num_area":"2.9546000000000000000000000000000","ind_status":"AT"},"geometry":{"type":"Polygon","coordinates":[[[-42.722,-22.5069],[-42.7196,-22.5063],[-42.722,-22.5069],[-42.722,-22.5069]]]}},{"type":"Feature","properties":{"cod_tema":"ARL_APROVADA_NAO_AVERBADA","cod_imovel":"RJ-3300803-8F89BA1C99E14B828330DD0B9A9F6317","num_area":"200.00000000000000000000000000000","ind_status":"AT"},"geometry":{"type":"Polygon","coordinates":[[[-42.6732,-22.4722],[-42.6881,-22.4932],[-42.6927,-22.4822],[-42.6875,-22.4833],[-42.6776,-22.4671],[-42.6732,-22.4722]]]}},{"type":"Feature","properties":{"cod_tema":"ARL_PROPOSTA","cod_imovel":"RJ-3300803-6351240959454F1BAE47259EC4D396F8","num_area":"28.978000000000000000000000000000","ind_status":"AT"},"geometry":{"type":"Polygon","coordinates":[[[-42.7236,-22.4266],[-42.721,-22.4308],[-42.7236,-22.4332],[-42.7214,-22.4312],[-42.7203,-22.4359],[-42.7253,-22.4304],[-42.7232,-22.4284],[-42.7262,-22.4288],[-42.7236,-22.4266]]]}},{"type":"Feature","properties":{"cod_tema":"ARL_PROPOSTA","cod_imovel":"RJ-3300803-4C69215B526D4151B0DE69B003FADF2E","num_area":"778.20200000000000000000000000000","ind_status":"AT"},"geometry":{"type":"Polygon","coordinates":[[[-42.5831,-22.4136],[-42.5786,-22.415],[-42.5836,-22.4183],[-42.5915,-22.4143],[-42.5863,-22.4165],[-42.5866,-22.4145],[-42.5831,-22.4136]],[[-42.5785,-22.4151],[-42.5746,-22.4162],[-42.5784,-22.42],[-42.5847,-22.4182],[-42.5789,-22.4154],[-42.5785,-22.4151]],[[-42.5745,-22.4163],[-42.5703,-22.4176],[-42.5769,-22.4187],[-42.5747,-22.4165],[-42.5745,-22.4163]],[[-42.57,-22.4176],[-42.547,-22.4247],[-42.5609,-22.4317],[-42.584,-22.4194],[-42.5703,-22.4177],[-42.57,-22.4176]],[[-42.561,-22.4317],[-42.5675,-22.435],[-42.5844,-22.4232],[-42.584,-22.4194],[-42.5623,-22.4314],[-42.561,-22.4317]],[[-42.5676,-22.435],[-42.5776,-22.44],[-42.5887,-22.4345],[-42.584,-22.4275],[-42.5984,-22.4247],[-42.597,-22.4219],[-42.5912,-22.424],[-42.597,-22.4218],[-42.5932,-22.4142],[-42.5845,-22.4185],[-42.5841,-22.4273],[-42.573,-22.4334],[-42.5841,-22.4272],[-42.5836,-22.424],[-42.5676,-22.435],[-42.5676,-22.435]]]}},{"type":"Feature","properties":{"cod_tema":"ARL_PROPOSTA","cod_imovel":"RJ-3300803-13DFE73FDBD7476088C7F0B9F87EF3E0","num_area":"23.206300000000000000000000000000","ind_status":"AT"},"geometry":{"type":"Polygon","coordinates":[[[-42.7078,-22.47],[-42.7109,-22.4742],[-42.7159,-22.4714],[-42.7113,-22.4711],[-42.7113,-22.4678],[-42.7075,-22.4694],[-42.7078,-22.47]]]}},{"type":"Feature","properties":{"cod_tema":"ARL_PROPOSTA","cod_imovel":"RJ-3300803-C414D2A926DD4D139F2B28986031029A","num_area":"20.321000000000000000000000000000","ind_status":"AT"},"geometry":{"type":"Polygon","coordinates":[[[-42.7157,-22.4757],[-42.715,-22.4805],[-42.7175,-22.48],[-42.7168,-22.4764],[-42.7157,-22.4757]],[[-42.719,-22.486],[-42.7164,-22.4812],[-42.7183,-22.4874],[-42.719,-22.486]]]}},{"type":"Feature","properties":{"cod_tema":"ARL_PROPOSTA","cod_imovel":"RJ-3300803-6C9E5E00BA3948768BB2BDF4494D5685","num_area":"15.862700000000000000000000000000","ind_status":"AT"},"geometry":{"type":"Polygon","coordinates":[[[-42.6847,-22.5118],[-42.6794,-22.5093],[-42.6825,-22.5143],[-42.6846,-22.5119],[-42.6847,-22.5118]]]}},{"type":"Feature","properties":{"cod_tema":"ARL_PROPOSTA","cod_imovel":"RJ-3300803-55639B489857431C818C124B9F639D7F","num_area":"4.0147000000000000000000000000000","ind_status":"AT"},"geometry":{"type":"Polygon","coordinates":[[[-42.8504,-22.513],[-42.8476,-22.516],[-42.8511,-22.517],[-42.8501,-22.5137],[-42.8504,-22.513]]]}},{"type":"Feature","properties":{"cod_tema":"ARL_PROPOSTA","cod_imovel":"RJ-3300803-504A526577794B61A8B33C59C03716E3","num_area":"8.3586000000000000000000000000000","ind_status":"AT"},"geometry":{"type":"Polygon","coordinates":[[[-42.7048,-22.4488],[-42.7055,-22.4539],[-42.7054,-22.4488],[-42.7048,-22.4488]]]}},{"type":"Feature","properties":{"cod_tema":"ARL_PROPOSTA","cod_imovel":"RJ-3300803-C7C6F3B91D3141BF9406AE6A3D9ECABC","num_area":"12.828800000000000000000000000000","ind_status":"AT"},"geometry":{"type":"Polygon","coordinates":[[[-42.5846,-22.3897],[-42.5824,-22.3934],[-42.5875,-22.3916],[-42.5846,-22.3897]]]}},{"type":"Feature","properties":{"cod_tema":"ARL_PROPOSTA","cod_imovel":"RJ-3300803-ADB34E6A815449468DC20D02F1D672CE","num_area":"16.268100000000000000000000000000","ind_status":"AT"},"geometry":{"type":"Polygon","coordinates":[[[-42.8825,-22.5017],[-42.8766,-22.4989],[-42.882,-22.5047],[-42.8828,-22.5024],[-42.8825,-22.5017]]]}},{"type":"Feature","properties":{"cod_tema":"ARL_PROPOSTA","cod_imovel":"RJ-3300803-5CA8770C0361465EBEB3A29A441762B5","num_area":"18.728200000000000000000000000000","ind_status":"AT"},"geometry":{"type":"Polygon","coordinates":[[[-42.7845,-22.4471],[-42.7788,-22.4411],[-42.777,-22.4427],[-42.7837,-22.4467],[-42.7845,-22.4471]]]}},{"type":"Feature","properties":{"cod_tema":"ARL_PROPOSTA","cod_imovel":"RJ-3300803-F7C5AD54F5874432A918EA9A4C8EFD4E","num_area":"3.2014000000000000000000000000000","ind_status":"AT"},"geometry":{"type":"Polygon","coordinates":[[[-42.8436,-22.5428],[-42.8457,-22.5419],[-42.8434,-22.5426],[-42.8436,-22.5428]]]}},{"type":"Feature","properties":{"cod_tema":"ARL_PROPOSTA","cod_imovel":"RJ-3300803-68B8FDD438624BE990608BDE1EE5D5B9","num_area":"23.916600000000000000000000000000","ind_status":"AT"},"geometry":{"type":"Polygon","coordinates":[[[-42.881,-22.5094],[-42.8777,-22.5076],[-42.8811,-22.5142],[-42.8862,-22.5124],[-42.8818,-22.5125],[-42.8845,-22.5111],[-42.8792,-22.51],[-42.8834,-22.5096],[-42.8813,-22.5084],[-42.881,-22.5094]]]}},{"type":"Feature","properties":{"cod_tema":"ARL_PROPOSTA","cod_imovel":"RJ-3300803-47BC39575BE1475CA284CCFA48ED3403","num_area":"390.15740000000000000000000000000","ind_status":"AT"},"geometry":{"type":"Polygon","coordinates":[[[-42.8378,-22.4616],[-42.8458,-22.4568],[-42.8365,-22.4549],[-42.8349,-22.452],[-42.8284,-22.4537],[-42.8364,-22.4562],[-42.8374,-22.461],[-42.8378,-22.4616]],[[-42.836,-22.4521],[-42.8389,-22.4463],[-42.8366,-22.4384],[-42.8389,-22.4452],[-42.8441,-22.4372],[-42.8332,-22.4302],[-42.8284,-22.4356],[-42.8337,-22.4367],[-42.8283,-22.4356],[-42.8228,-22.4418],[-42.8284,-22.4446],[-42.8323,-22.4389],[-42.8285,-22.4446],[-42.8329,-22.4444],[-42.8255,-22.4468],[-42.8273,-22.4491],[-42.8347,-22.4476],[-42.8341,-22.4425],[-42.8355,-22.4466],[-42.8282,-22.4538],[-42.836,-22.4521],[-42.836,-22.4521]],[[-42.8388,-22.4471],[-42.8444,-22.4372],[-42.8388,-22.4471],[-42.8388,-22.4471]],[[-42.838,-22.4309],[-42.8392,-22.4282],[-42.8333,-22.4301],[-42.8379,-22.4308],[-42.838,-22.4309]],[[-42.8385,-22.4281],[-42.8421,-22.4216],[-42.835,-22.4282],[-42.8383,-22.4281],[-42.8385,-22.4281]]]}},{"type":"Feature","properties":{"cod_tema":"ARL_PROPOSTA","cod_imovel":"RJ-3300803-83A1CC6D9ED148238C6B3575F6B3E035","num_area":"19.519800000000000000000000000000","ind_status":"AT"},"geometry":{"type":"Polygon","coordinates":[[[-42.8054,-22.509],[-42.801,-22.5058],[-42.7995,-22.5086],[-42.8043,-22.5112],[-42.8054,-22.5091],[-42.8054,-22.509]]]}},{"type":"Feature","properties":{"cod_tema":"ARL_PROPOSTA","cod_imovel":"RJ-3300803-A6023F2AC428402FBC598DE71F39B733","num_area":"51.150100000000000000000000000000","ind_status":"PE"},"geometry":{"type":"Polygon","coordinates":[[[-42.6586,-22.5605],[-42.6487,-22.5582],[-42.6493,-22.5631],[-42.6536,-22.563],[-42.6547,-22.566],[-42.6579,-22.5653],[-42.6554,-22.5631],[-42.6581,-22.5607],[-42.6586,-22.5605]]]}},{"type":"Feature","properties":{"cod_tema":"ARL_PROPOSTA","cod_imovel":"RJ-3300803-19F28CA9406E4EF0B9307037DC26E476","num_area":"5.2596000000000000000000000000000","ind_status":"AT"},"geometry":{"type":"Polygon","coordinates":[[[-42.7647,-22.5044],[-42.7663,-22.5058],[-42.7656,-22.5026],[-42.7647,-22.5044]]]}},{"type":"Feature","properties":{"cod_tema":"ARL_PROPOSTA","cod_imovel":"RJ-3300803-C6EA3EF89C694B0896CED35FCB45B47F","num_area":"35.017700000000000000000000000000","ind_status":"AT"},"geometry":{"type":"Polygon","coordinates":[[[-42.7513,-22.4794],[-42.743,-22.4811],[-42.7467,-22.4864],[-42.7513,-22.4795],[-42.7513,-22.4794]]]}},{"type":"Feature","properties":{"cod_tema":"ARL_APROVADA_NAO_AVERBADA","cod_imovel":"RJ-3300803-8C40EF6AC73D4C0E9352D9AACFDC1C83","num_area":"17.781700000000000000000000000000","ind_status":"AT"},"geometry":{"type":"Polygon","coordinates":[[[-42.7171,-22.5025],[-42.7149,-22.5015],[-42.7135,-22.5048],[-42.7197,-22.5037],[-42.7171,-22.5025]]]}},{"type":"Feature","properties":{"cod_tema":"ARL_PROPOSTA","cod_imovel":"RJ-3300803-C27615D82D364A1F8D9D9B9711ECABB7","num_area":"3.9828000000000000000000000000000","ind_status":"AT"},"geometry":{"type":"Polygon","coordinates":[[[-42.7798,-22.4628],[-42.7786,-22.4598],[-42.7797,-22.4627],[-42.7798,-22.4628]],[[-42.7753,-22.4652],[-42.7777,-22.4695],[-42.7756,-22.4657],[-42.7753,-22.4652]]]}},{"type":"Feature","properties":{"cod_tema":"ARL_PROPOSTA","cod_imovel":"RJ-3300803-205E1EAE41FF48AC9F142D7902274F74","num_area":"2.9252000000000000000000000000000","ind_status":"AT"},"geometry":{"type":"Polygon","coordinates":[[[-42.682,-22.5098],[-42.6802,-22.5086],[-42.682,-22.5097],[-42.682,-22.5098]]]}},{"type":"Feature","properties":{"cod_tema":"ARL_PROPOSTA","cod_imovel":"RJ-3300803-EF984A0A56774596AE347FC98773D346","num_area":"16.410800000000000000000000000000","ind_status":"AT"},"geometry":{"type":"Polygon","coordinates":[[[-42.8817,-22.507],[-42.8803,-22.5117],[-42.8864,-22.5126],[-42.8815,-22.5088],[-42.8817,-22.507]]]}},{"type":"Feature","properties":{"cod_tema":"ARL_PROPOSTA","cod_imovel":"RJ-3300803-045CDA8CF3F849BF9CB2824D851DF110","num_area":"6.0353000000000000000000000000000","ind_status":"AT"},"geometry":{"type":"Polygon","coordinates":[[[-42.8468,-22.5534],[-42.8477,-22.5515],[-42.846,-22.5555],[-42.8468,-22.5534]]]}},{"type":"Feature","properties":{"cod_tema":"ARL_PROPOSTA","cod_imovel":"RJ-3300803-F7ACA369AC62462BB51C9535456369DA","num_area":"40.500300000000000000000000000000","ind_status":"AT"},"geometry":{"type":"Polygon","coordinates":[[[-42.6705,-22.552],[-42.6619,-22.5537],[-42.6639,-22.56],[-42.6691,-22.5586],[-42.6643,-22.5585],[-42.6679,-22.5567],[-42.6624,-22.5537],[-42.6717,-22.5526],[-42.6705,-22.552]]]}},{"type":"Feature","properties":{"cod_tema":"ARL_PROPOSTA","cod_imovel":"RJ-3300803-6C82155F02CF4911899BB27D07920039","num_area":"2.7803000000000000000000000000000","ind_status":"AT"},"geometry":{"type":"Polygon","coordinates":[[[-42.7484,-22.448],[-42.7515,-22.4476],[-42.7484,-22.448],[-42.7484,-22.448]]]}},{"type":"Feature","properties":{"cod_tema":"ARL_PROPOSTA","cod_imovel":"RJ-3300803-8BCED26D6E6C43B7B84F6B905541B3E7","num_area":"2.3982000000000000000000000000000","ind_status":"AT"},"geometry":{"type":"Polygon","coordinates":[[[-42.8348,-22.5513],[-42.8428,-22.5588],[-42.8351,-22.5512],[-42.8348,-22.5513]]]}},{"type":"Feature","properties":{"cod_tema":"ARL_PROPOSTA","cod_imovel":"RJ-3300803-4F2AA53117664A8EBCE0B811AF596570","num_area":"2.2193000000000000000000000000000","ind_status":"AT"},"geometry":{"type":"Polygon","coordinates":[[[-42.8475,-22.5589],[-42.8449,-22.5565],[-42.847,-22.5589],[-42.8475,-22.5589]]]}},{"type":"Feature","properties":{"cod_tema":"ARL_PROPOSTA","cod_imovel":"RJ-3300803-60444F360C7B4D77AE7DB3618BB04098","num_area":"0.4514000000000000000000000000000","ind_status":"AT"},"geometry":{"type":"Polygon","coordinates":[[[-42.8345,-22.5489],[-42.8348,-22.5513],[-42.8347,-22.5487],[-42.8345,-22.5489]]]}},{"type":"Feature","properties":{"cod_tema":"ARL_PROPOSTA","cod_imovel":"RJ-3300803-4C7C6BBDCFFC49DB883548BEAD620FE0","num_area":"4.8830000000000000000000000000000","ind_status":"AT"},"geometry":{"type":"Polygon","coordinates":[[[-42.8636,-22.4968],[-42.8574,-22.4974],[-42.8636,-22.4969],[-42.8636,-22.4968]]]}},{"type":"Feature","properties":{"cod_tema":"ARL_PROPOSTA","cod_imovel":"RJ-3300803-A4104863EC1449E1BB8589E543D588B8","num_area":"4.9586000000000000000000000000000","ind_status":"AT"},"geometry":{"type":"Polygon","coordinates":[[[-42.7353,-22.4869],[-42.7322,-22.4857],[-42.7351,-22.487],[-42.7353,-22.4869]]]}},{"type":"Feature","properties":{"cod_tema":"ARL_PROPOSTA","cod_imovel":"RJ-3300803-23CED9BA0C7E43539743A523B1463BD6","num_area":"4.1350000000000000000000000000000","ind_status":"AT"},"geometry":{"type":"Polygon","coordinates":[[[-42.758,-22.4736],[-42.7603,-22.4741],[-42.7582,-22.4732],[-42.758,-22.4736]]]}},{"type":"Feature","properties":{"cod_tema":"ARL_PROPOSTA","cod_imovel":"RJ-3300803-F7EE7FBE99FA48BF8B6D8516BE340E10","num_area":"1.2132000000000000000000000000000","ind_status":"AT"},"geometry":{"type":"Polygon","coordinates":[[[-42.7847,-22.4798],[-42.7831,-22.4771],[-42.784,-22.479],[-42.7847,-22.4798]]]}},{"type":"Feature","properties":{"cod_tema":"ARL_PROPOSTA","cod_imovel":"RJ-3300803-C46C05ABC0844D79B0A37AB845659BC5","num_area":"8.4121000000000000000000000000000","ind_status":"AT"},"geometry":{"type":"Polygon","coordinates":[[[-42.8767,-22.5168],[-42.873,-22.5143],[-42.8767,-22.5168],[-42.8767,-22.5168]]]}},{"type":"Feature","properties":{"cod_tema":"ARL_PROPOSTA","cod_imovel":"RJ-3300803-97545D37B87B4F4E9A01B399745653A6","num_area":"4.5288000000000000000000000000000","ind_status":"AT"},"geometry":{"type":"Polygon","coordinates":[[[-42.8058,-22.4628],[-42.8067,-22.4597],[-42.8058,-22.4628],[-42.8058,-22.4628]]]}},{"type":"Feature","properties":{"cod_tema":"ARL_PROPOSTA","cod_imovel":"RJ-3300803-D1C043AC686E4916A316FF60548D70AC","num_area":"3.6964000000000000000000000000000","ind_status":"AT"},"geometry":{"type":"Polygon","coordinates":[[[-42.7103,-22.4782],[-42.7096,-22.4752],[-42.7082,-22.4771],[-42.7103,-22.4782]]]}},{"type":"Feature","properties":{"cod_tema":"ARL_PROPOSTA","cod_imovel":"RJ-3300803-8ACDA88EDFEA4DCC82E69DBC02FFD788","num_area":"5.7509000000000000000000000000000","ind_status":"AT"},"geometry":{"type":"Polygon","coordinates":[[[-42.8377,-22.5338],[-42.8373,-22.537],[-42.8379,-22.5339],[-42.8377,-22.5338]]]}},{"type":"Feature","properties":{"cod_tema":"ARL_PROPOSTA","cod_imovel":"RJ-3300803-754BE069FDE94FDDBD46697DF0116685","num_area":"21.892700000000000000000000000000","ind_status":"AT"},"geometry":{"type":"Polygon","coordinates":[[[-42.6981,-22.4896],[-42.7075,-22.4897],[-42.7082,-22.4928],[-42.712,-22.4896],[-42.7014,-22.487],[-42.6982,-22.4894],[-42.6981,-22.4896]]]}},{"type":"Feature","properties":{"cod_tema":"ARL_PROPOSTA","cod_imovel":"RJ-3300803-0C22B0F754E74E6B983AC20AFBDED2D6","num_area":"3.6651000000000000000000000000000","ind_status":"AT"},"geometry":{"type":"Polygon","coordinates":[[[-42.6947,-22.5107],[-42.6966,-22.5087],[-42.6924,-22.5111],[-42.6945,-22.5103],[-42.6947,-22.5107]]]}},{"type":"Feature","properties":{"cod_tema":"ARL_PROPOSTA","cod_imovel":"RJ-3300803-00E5496C2D684C2A9DD2C83FA0558653","num_area":"2.0981000000000000000000000000000","ind_status":"AT"},"geometry":{"type":"Polygon","coordinates":[[[-42.7112,-22.5084],[-42.7071,-22.5096],[-42.7112,-22.5084],[-42.7112,-22.5084]]]}},{"type":"Feature","properties":{"cod_tema":"ARL_PROPOSTA","cod_imovel":"RJ-3300803-16FE133C456B43E4913748372981FA42","num_area":"6.9109000000000000000000000000000","ind_status":"AT"},"geometry":{"type":"Polygon","coordinates":[[[-42.7222,-22.5124],[-42.7203,-22.5085],[-42.7215,-22.5124],[-42.7222,-22.5124]]]}},{"type":"Feature","properties":{"cod_tema":"ARL_PROPOSTA","cod_imovel":"RJ-3300803-82D3BFFAD8C04BD49E3AC35D0C1F0483","num_area":"10.182400000000000000000000000000","ind_status":"AT"},"geometry":{"type":"Polygon","coordinates":[[[-42.7063,-22.5067],[-42.7037,-22.5068],[-42.7063,-22.507],[-42.7063,-22.5067]],[[-42.7071,-22.5093],[-42.712,-22.508],[-42.7069,-22.5092],[-42.7071,-22.5093]]]}},{"type":"Feature","properties":{"cod_tema":"ARL_PROPOSTA","cod_imovel":"RJ-3300803-F73081AEA46C4BBDBFEA10022003485E","num_area":"5.0480000000000000000000000000000","ind_status":"AT"},"geometry":{"type":"Polygon","coordinates":[[[-42.7223,-22.5091],[-42.7266,-22.5114],[-42.7223,-22.5091],[-42.7223,-22.5091]]]}},{"type":"Feature","properties":{"cod_tema":"ARL_PROPOSTA","cod_imovel":"RJ-3300803-83337D5B15BA485CA3AF753E6B1B7806","num_area":"4.8407000000000000000000000000000","ind_status":"AT"},"geometry":{"type":"Polygon","coordinates":[[[-42.7239,-22.5182],[-42.7268,-22.5165],[-42.7239,-22.5178],[-42.7239,-22.5182]],[[-42.7266,-22.5206],[-42.7282,-22.518],[-42.7264,-22.5205],[-42.7266,-22.5206]]]}},{"type":"Feature","properties":{"cod_tema":"ARL_PROPOSTA","cod_imovel":"RJ-3300803-FAC300EBAA8F49C4ABEC8EFB35319116","num_area":"3.4958000000000000000000000000000","ind_status":"AT"},"geometry":{"type":"Polygon","coordinates":[[[-42.6123,-22.5799],[-42.6152,-22.5773],[-42.6124,-22.5795],[-42.6123,-22.5799]]]}},{"type":"Feature","properties":{"cod_tema":"ARL_PROPOSTA","cod_imovel":"RJ-3300803-F0066918C87C45A2A92306C113E28BF4","num_area":"2.6399000000000000000000000000000","ind_status":"AT"},"geometry":{"type":"Polygon","coordinates":[[[-42.7124,-22.4163],[-42.7151,-22.4174],[-42.7131,-22.4156],[-42.7124,-22.4163]]]}},{"type":"Feature","properties":{"cod_tema":"ARL_PROPOSTA","cod_imovel":"RJ-3300803-7A84EFBD106A4B9F87B702C5AD3AD2CB","num_area":"6.1161000000000000000000000000000","ind_status":"AT"},"geometry":{"type":"Polygon","coordinates":[[[-42.6532,-22.4903],[-42.6568,-22.4899],[-42.6518,-22.49],[-42.6532,-22.4903]]]}},{"type":"Feature","properties":{"cod_tema":"ARL_PROPOSTA","cod_imovel":"RJ-3300803-C824ED9A69FD4A0C89554D26874DE701","num_area":"2.6807000000000000000000000000000","ind_status":"AT"},"geometry":{"type":"Polygon","coordinates":[[[-42.6943,-22.4661],[-42.6926,-22.4673],[-42.6943,-22.4661],[-42.6943,-22.4661]]]}},{"type":"Feature","properties":{"cod_tema":"ARL_PROPOSTA","cod_imovel":"RJ-3300803-870D432AAD6042FFB0F9786AEF53B04A","num_area":"12.703000000000000000000000000000","ind_status":"AT"},"geometry":{"type":"Polygon","coordinates":[[[-42.7954,-22.4548],[-42.7966,-22.4527],[-42.7951,-22.4547],[-42.7954,-22.4548]],[[-42.7965,-22.4527],[-42.7933,-22.4504],[-42.7919,-22.4529],[-42.796,-22.453],[-42.7965,-22.4527]]]}},{"type":"Feature","properties":{"cod_tema":"ARL_PROPOSTA","cod_imovel":"RJ-3300803-BABE632B985740C38E8448C577C073A4","num_area":"1.2981000000000000000000000000000","ind_status":"AT"},"geometry":{"type":"Polygon","coordinates":[[[-42.7878,-22.4513],[-42.7886,-22.4478],[-42.7878,-22.4512],[-42.7878,-22.4513]]]}},{"type":"Feature","properties":{"cod_tema":"ARL_PROPOSTA","cod_imovel":"RJ-3300803-234014B0D77B4FD4AC07F89CA5D9F86E","num_area":"9.2270000000000000000000000000000","ind_status":"AT"},"geometry":{"type":"Polygon","coordinates":[[[-42.803,-22.4392],[-42.8049,-22.4364],[-42.8022,-22.435],[-42.8021,-22.4388],[-42.803,-22.4392]]]}},{"type":"Feature","properties":{"cod_tema":"ARL_PROPOSTA","cod_imovel":"RJ-3300803-6F47A9844D944990B74EBBFA9E7ECD09","num_area":"3.4865000000000000000000000000000","ind_status":"AT"},"geometry":{"type":"Polygon","coordinates":[[[-42.8093,-22.4379],[-42.812,-22.441],[-42.8111,-22.4385],[-42.8093,-22.4379]]]}},{"type":"Feature","properties":{"cod_tema":"ARL_PROPOSTA","cod_imovel":"RJ-3300803-7630C5172B3A4C84BE99AD1F9FBBD817","num_area":"1.4064000000000000000000000000000","ind_status":"AT"},"geometry":{"type":"Polygon","coordinates":[[[-42.8299,-22.492],[-42.8319,-22.4911],[-42.8299,-22.492],[-42.8299,-22.492]]]}},{"type":"Feature","properties":{"cod_tema":"ARL_PROPOSTA","cod_imovel":"RJ-3300803-C7D6D8E5F5A34178ACC6AEDFCA5384AE","num_area":"38.147100000000000000000000000000","ind_status":"AT"},"geometry":{"type":"Polygon","coordinates":[[[-42.8499,-22.5349],[-42.8458,-22.5356],[-42.849,-22.5409],[-42.85,-22.5362],[-42.8499,-22.5349]],[[-42.8467,-22.5408],[-42.8435,-22.5426],[-42.8458,-22.5419],[-42.8467,-22.5408]],[[-42.8487,-22.5254],[-42.8468,-22.5227],[-42.845,-22.526],[-42.8477,-22.5259],[-42.8487,-22.5254]]]}},{"type":"Feature","properties":{"cod_tema":"ARL_PROPOSTA","cod_imovel":"RJ-3300803-5A4F79F73E924F85BAD4B360DAFEB878","num_area":"5.4126000000000000000000000000000","ind_status":"AT"},"geometry":{"type":"Polygon","coordinates":[[[-42.7081,-22.4593],[-42.7122,-22.4602],[-42.708,-22.459],[-42.7081,-22.4593]]]}},{"type":"Feature","properties":{"cod_tema":"ARL_PROPOSTA","cod_imovel":"RJ-3300803-113C8EDFA8584631AD1F77F63207CB06","num_area":"32.777300000000000000000000000000","ind_status":"AT"},"geometry":{"type":"Polygon","coordinates":[[[-42.6459,-22.5121],[-42.6498,-22.5111],[-42.6466,-22.5032],[-42.6442,-22.5107],[-42.6459,-22.5121]]]}},{"type":"Feature","properties":{"cod_tema":"ARL_PROPOSTA","cod_imovel":"RJ-3300803-DE6AC38B914A49A5930FB0062A959692","num_area":"7.8479000000000000000000000000000","ind_status":"AT"},"geometry":{"type":"Polygon","coordinates":[[[-42.6904,-22.4734],[-42.6944,-22.4697],[-42.692,-22.4711],[-42.6904,-22.4734]]]}},{"type":"Feature","properties":{"cod_tema":"ARL_PROPOSTA","cod_imovel":"RJ-3300803-2C454727EF8B4720934F76B202F1C314","num_area":"1.3285000000000000000000000000000","ind_status":"AT"},"geometry":{"type":"Polygon","coordinates":[[[-42.7882,-22.4671],[-42.7894,-22.4648],[-42.788,-22.4669],[-42.7882,-22.4671]]]}},{"type":"Feature","properties":{"cod_tema":"ARL_PROPOSTA","cod_imovel":"RJ-3300803-DFA84791AF0B47B2A9769BD3D5AFABBD","num_area":"408.69400000000000000000000000000","ind_status":"AT"},"geometry":{"type":"Polygon","coordinates":[[[-42.7734,-22.4022],[-42.7807,-22.401],[-42.7822,-22.3981],[-42.7784,-22.3985],[-42.7781,-22.3958],[-42.7734,-22.4022],[-42.7734,-22.4022]],[[-42.7922,-22.3999],[-42.7918,-22.4036],[-42.794,-22.4008],[-42.7918,-22.3951],[-42.7837,-22.3974],[-42.7904,-22.4025],[-42.7922,-22.3998],[-42.7922,-22.3999]],[[-42.7946,-22.4009],[-42.7964,-22.3964],[-42.7946,-22.4008],[-42.7946,-22.4009]],[[-42.8107,-22.3934],[-42.8125,-22.3899],[-42.8016,-22.3879],[-42.8034,-22.3917],[-42.8092,-22.3915],[-42.8037,-22.3945],[-42.8106,-22.3934],[-42.8107,-22.3934]],[[-42.7744,-22.3863],[-42.7691,-22.3879],[-42.7732,-22.3905],[-42.7683,-22.3899],[-42.7748,-22.3937],[-42.7753,-22.3831],[-42.7746,-22.3863],[-42.7744,-22.3863]],[[-42.7961,-22.3919],[-42.8016,-22.38],[-42.7974,-22.3792],[-42.792,-22.388],[-42.7997,-22.383],[-42.788,-22.3953],[-42.7961,-22.392],[-42.7961,-22.3919]],[[-42.7766,-22.3901],[-42.7757,-22.3965],[-42.785,-22.3857],[-42.7869,-22.3903],[-42.7823,-22.3959],[-42.7872,-22.3956],[-42.7924,-22.3826],[-42.7926,-22.3849],[-42.7959,-22.3817],[-42.7842,-22.3804],[-42.7765,-22.39],[-42.7766,-22.3901]],[[-42.7897,-22.3836],[-42.7885,-22.3876],[-42.7895,-22.3837],[-42.7897,-22.3836]],[[-42.7787,-22.3938],[-42.7765,-22.3951],[-42.7789,-22.3938],[-42.7787,-22.3938]]]}},{"type":"Feature","properties":{"cod_tema":"ARL_PROPOSTA","cod_imovel":"RJ-3300803-71059CB25C0A489D9596F940BE759D1D","num_area":"0.8360000000000000000000000000000","ind_status":"AT"},"geometry":{"type":"Polygon","coordinates":[[[-42.6689,-22.5547],[-42.6662,-22.5568],[-42.6685,-22.5558],[-42.6689,-22.5547]]]}},{"type":"Feature","properties":{"cod_tema":"ARL_PROPOSTA","cod_imovel":"RJ-3300803-2C154C294B5249699D7DD72872D161F7","num_area":"10.319000000000000000000000000000","ind_status":"AT"},"geometry":{"type":"Polygon","coordinates":[[[-42.6321,-22.5155],[-42.6314,-22.5091],[-42.632,-22.5155],[-42.6321,-22.5155]]]}},{"type":"Feature","properties":{"cod_tema":"ARL_PROPOSTA","cod_imovel":"RJ-3300803-F5C6A60797FA4034BAD1E087943B555C","num_area":"20.803500000000000000000000000000","ind_status":"AT"},"geometry":{"type":"Polygon","coordinates":[[[-42.6854,-22.5129],[-42.6879,-22.5111],[-42.6823,-22.5105],[-42.6833,-22.513],[-42.6854,-22.5129]],[[-42.6927,-22.5159],[-42.6915,-22.5186],[-42.6953,-22.5195],[-42.693,-22.516],[-42.6927,-22.5159]]]}},{"type":"Feature","properties":{"cod_tema":"ARL_PROPOSTA","cod_imovel":"RJ-3300803-FE2A38EB4EC74E96A46831322BD3F81A","num_area":"13.927700000000000000000000000000","ind_status":"AT"},"geometry":{"type":"Polygon","coordinates":[[[-42.6091,-22.4233],[-42.6056,-22.4244],[-42.6077,-22.4263],[-42.6145,-22.4224],[-42.61,-22.4232],[-42.6091,-22.4233]]]}},{"type":"Feature","properties":{"cod_tema":"ARL_PROPOSTA","cod_imovel":"RJ-3300803-BB01A6E3CA58492EBD52ACE7D0D8258B","num_area":"58.118000000000000000000000000000","ind_status":"AT"},"geometry":{"type":"Polygon","coordinates":[[[-42.7904,-22.481],[-42.7891,-22.4772],[-42.7899,-22.4809],[-42.7904,-22.481]],[[-42.7922,-22.4647],[-42.7906,-22.4676],[-42.7932,-22.4685],[-42.7922,-22.4647],[-42.7922,-22.4647]],[[-42.792,-22.4849],[-42.7924,-22.4797],[-42.7919,-22.4849],[-42.792,-22.4849]],[[-42.7988,-22.4584],[-42.7969,-22.4563],[-42.7931,-22.4631],[-42.7975,-22.4636],[-42.7962,-22.4614],[-42.8006,-22.4603],[-42.796,-22.4583],[-42.7988,-22.4584],[-42.7988,-22.4584]],[[-42.7994,-22.471],[-42.8008,-22.4682],[-42.7988,-22.4714],[-42.7994,-22.471]]]}},{"type":"Feature","properties":{"cod_tema":"ARL_PROPOSTA","cod_imovel":"RJ-3300803-B3D36498ADAB4BE8B33F185951E6BF91","num_area":"160.40370000000000000000000000000","ind_status":"AT"},"geometry":{"type":"Polygon","coordinates":[[[-42.8283,-22.4872],[-42.8388,-22.4818],[-42.8434,-22.4857],[-42.8476,-22.4789],[-42.8561,-22.481],[-42.8649,-22.4738],[-42.852,-22.4804],[-42.8332,-22.4765],[-42.8256,-22.4846],[-42.8293,-22.4828],[-42.8286,-22.4867],[-42.8283,-22.4872]]]}},{"type":"Feature","properties":{"cod_tema":"ARL_PROPOSTA","cod_imovel":"RJ-3300803-8530079E6EC844B9917A9E42B08AC8D0","num_area":"91.604000000000000000000000000000","ind_status":"AT"},"geometry":{"type":"Polygon","coordinates":[[[-42.8754,-22.5556],[-42.8861,-22.5485],[-42.8874,-22.5425],[-42.8857,-22.5482],[-42.8755,-22.5553],[-42.8754,-22.5556]],[[-42.891,-22.5379],[-42.8906,-22.5337],[-42.8877,-22.5333],[-42.8826,-22.5373],[-42.8709,-22.5501],[-42.8694,-22.5573],[-42.8713,-22.5503],[-42.883,-22.5374],[-42.8889,-22.5338],[-42.8907,-22.5376],[-42.885,-22.5386],[-42.8872,-22.5404],[-42.8853,-22.5478],[-42.8748,-22.5556],[-42.8856,-22.5482],[-42.891,-22.5379],[-42.891,-22.5379]],[[-42.8826,-22.5373],[-42.8767,-22.5435],[-42.877,-22.5339],[-42.8766,-22.5441],[-42.8826,-22.5373],[-42.8826,-22.5373]],[[-42.8774,-22.5334],[-42.8709,-22.5501],[-42.8765,-22.5442],[-42.8774,-22.5335],[-42.8774,-22.5334]],[[-42.8762,-22.5435],[-42.874,-22.5464],[-42.8759,-22.5377],[-42.8762,-22.5434],[-42.8762,-22.5435]],[[-42.8698,-22.5585],[-42.8742,-22.557],[-42.8698,-22.5583],[-42.8698,-22.5585]]]}},{"type":"Feature","properties":{"cod_tema":"ARL_PROPOSTA","cod_imovel":"RJ-3300803-544A9F148016410A9A5CDBA65DB88335","num_area":"2.7366000000000000000000000000000","ind_status":"AT"},"geometry":{"type":"Polygon","coordinates":[[[-42.6028,-22.479],[-42.6013,-22.4773],[-42.6026,-22.4789],[-42.6028,-22.479]]]}},{"type":"Feature","properties":{"cod_tema":"ARL_PROPOSTA","cod_imovel":"RJ-3300803-8E3ED90370B6405EBBC3F24DE870C214","num_area":"165.00690000000000000000000000000","ind_status":"AT"},"geometry":{"type":"Polygon","coordinates":[[[-42.6033,-22.4409],[-42.5933,-22.4317],[-42.5864,-22.4339],[-42.6028,-22.4409],[-42.5865,-22.4362],[-42.5868,-22.4422],[-42.5988,-22.4403],[-42.5868,-22.4423],[-42.587,-22.4468],[-42.6033,-22.4409]]]}},{"type":"Feature","properties":{"cod_tema":"ARL_PROPOSTA","cod_imovel":"RJ-3300803-895EED709BA249D299603024873213A9","num_area":"4.9897000000000000000000000000000","ind_status":"AT"},"geometry":{"type":"Polygon","coordinates":[[[-42.8506,-22.4998],[-42.8491,-22.4979],[-42.8506,-22.4998],[-42.8506,-22.4998]]]}},{"type":"Feature","properties":{"cod_tema":"ARL_PROPOSTA","cod_imovel":"RJ-3300803-31821FD0A1474DB6A00692C39EAE7104","num_area":"3.2896000000000000000000000000000","ind_status":"AT"},"geometry":{"type":"Polygon","coordinates":[[[-42.6524,-22.5142],[-42.654,-22.5125],[-42.6523,-22.5141],[-42.6524,-22.5142]]]}},{"type":"Feature","properties":{"cod_tema":"ARL_PROPOSTA","cod_imovel":"RJ-3300803-D9F6161536B8496D936F2A909DB5B80E","num_area":"3.0954000000000000000000000000000","ind_status":"AT"},"geometry":{"type":"Polygon","coordinates":[[[-42.6403,-22.4836],[-42.6437,-22.4825],[-42.6407,-22.4829],[-42.6403,-22.4836]]]}},{"type":"Feature","properties":{"cod_tema":"ARL_PROPOSTA","cod_imovel":"RJ-3300803-F17F4EC41C95484CA4145AEC8A4E45CC","num_area":"3.8184000000000000000000000000000","ind_status":"AT"},"geometry":{"type":"Polygon","coordinates":[[[-42.6337,-22.4961],[-42.6304,-22.4969],[-42.6334,-22.496],[-42.6337,-22.4961]]]}},{"type":"Feature","properties":{"cod_tema":"ARL_PROPOSTA","cod_imovel":"RJ-3300803-04D7220B21BA44DDBBDC8278ED3704D9","num_area":"4.6655000000000000000000000000000","ind_status":"AT"},"geometry":{"type":"Polygon","coordinates":[[[-42.5956,-22.5303],[-42.5935,-22.5328],[-42.5962,-22.5314],[-42.5956,-22.5303]]]}},{"type":"Feature","properties":{"cod_tema":"ARL_PROPOSTA","cod_imovel":"RJ-3300803-26AB39D521544E7C8570528B0638CCB3","num_area":"4.6167000000000000000000000000000","ind_status":"AT"},"geometry":{"type":"Polygon","coordinates":[[[-42.8366,-22.531],[-42.8338,-22.5294],[-42.8365,-22.531],[-42.8366,-22.531]]]}},{"type":"Feature","properties":{"cod_tema":"ARL_PROPOSTA","cod_imovel":"RJ-3300803-38C8E6F47B1D4FC5A3087B512208B0B1","num_area":"12.477700000000000000000000000000","ind_status":"AT"},"geometry":{"type":"Polygon","coordinates":[[[-42.7205,-22.5288],[-42.7207,-22.5233],[-42.7205,-22.5288],[-42.7205,-22.5288]],[[-42.7189,-22.5281],[-42.7167,-22.5312],[-42.7189,-22.5281],[-42.7189,-22.5281]]]}},{"type":"Feature","properties":{"cod_tema":"ARL_PROPOSTA","cod_imovel":"RJ-3300803-F76FB54880514D0B9B2B1E7C517ABEEF","num_area":"1.8171000000000000000000000000000","ind_status":"AT"},"geometry":{"type":"Polygon","coordinates":[[[-42.8453,-22.5586],[-42.8437,-22.5561],[-42.8449,-22.5583],[-42.8453,-22.5586]]]}},{"type":"Feature","properties":{"cod_tema":"ARL_PROPOSTA","cod_imovel":"RJ-3300803-0B14637E9E5A4948BA756E2A108BB656","num_area":"4.1226000000000000000000000000000","ind_status":"AT"},"geometry":{"type":"Polygon","coordinates":[[[-42.7864,-22.434],[-42.7861,-22.4369],[-42.7875,-22.4345],[-42.7864,-22.434]]]}},{"type":"Feature","properties":{"cod_tema":"ARL_PROPOSTA","cod_imovel":"RJ-3300803-9B36033256FF45F894F837A4D23B739E","num_area":"6.2546000000000000000000000000000","ind_status":"AT"},"geometry":{"type":"Polygon","coordinates":[[[-42.6463,-22.503],[-42.6459,-22.5059],[-42.6463,-22.503],[-42.6463,-22.503]],[[-42.6465,-22.5059],[-42.6478,-22.5029],[-42.6465,-22.5058],[-42.6465,-22.5059]]]}},{"type":"Feature","properties":{"cod_tema":"ARL_PROPOSTA","cod_imovel":"RJ-3300803-7D366EFA8C864634B929F498CEFFEC58","num_area":"62.235400000000000000000000000000","ind_status":"AT"},"geometry":{"type":"Polygon","coordinates":[[[-42.6887,-22.4801],[-42.6875,-22.4833],[-42.6927,-22.4822],[-42.6967,-22.4853],[-42.6983,-22.478],[-42.6885,-22.4817],[-42.6965,-22.4776],[-42.6902,-22.4791],[-42.6887,-22.4801]]]}},{"type":"Feature","properties":{"cod_tema":"ARL_PROPOSTA","cod_imovel":"RJ-3300803-C254A0E70EBC4D3A88E3D9B4BB6BE80C","num_area":"4.5963000000000000000000000000000","ind_status":"AT"},"geometry":{"type":"Polygon","coordinates":[[[-42.6341,-22.4852],[-42.6361,-22.4846],[-42.634,-22.4849],[-42.6341,-22.4852]],[[-42.6306,-22.4877],[-42.633,-22.487],[-42.6308,-22.4876],[-42.6306,-22.4877]]]}},{"type":"Feature","properties":{"cod_tema":"ARL_PROPOSTA","cod_imovel":"RJ-3300803-B85B44B4E7EB440C84F8B18E2CDBE162","num_area":"5.1378000000000000000000000000000","ind_status":"AT"},"geometry":{"type":"Polygon","coordinates":[[[-42.6129,-22.5222],[-42.6108,-22.5241],[-42.6127,-22.5226],[-42.6129,-22.5222]],[[-42.6146,-22.5245],[-42.6122,-22.5239],[-42.6144,-22.5244],[-42.6146,-22.5245]]]}},{"type":"Feature","properties":{"cod_tema":"ARL_PROPOSTA","cod_imovel":"RJ-3300803-8795041B4E2E4552B37711F3C1D6CDA4","num_area":"1.8409000000000000000000000000000","ind_status":"AT"},"geometry":{"type":"Polygon","coordinates":[[[-42.6452,-22.4647],[-42.6433,-22.4622],[-42.645,-22.4646],[-42.6452,-22.4647]]]}},{"type":"Feature","properties":{"cod_tema":"ARL_PROPOSTA","cod_imovel":"RJ-3300803-17F4D19A574C435588E652C835B9C314","num_area":"83.891800000000000000000000000000","ind_status":"AT"},"geometry":{"type":"Polygon","coordinates":[[[-42.7924,-22.4431],[-42.7915,-22.4449],[-42.7926,-22.4428],[-42.7924,-22.4431]],[[-42.7936,-22.4399],[-42.7915,-22.4408],[-42.795,-22.4432],[-42.7933,-22.4446],[-42.8035,-22.4444],[-42.7976,-22.4387],[-42.7949,-22.4416],[-42.7959,-22.4395],[-42.7936,-22.4397],[-42.7936,-22.4399]],[[-42.7979,-22.4451],[-42.7949,-22.445],[-42.7952,-22.4476],[-42.792,-22.4461],[-42.7959,-22.4485],[-42.7923,-22.4463],[-42.7914,-22.4484],[-42.8005,-22.4495],[-42.8031,-22.4452],[-42.7964,-22.444],[-42.8012,-22.4475],[-42.7983,-22.4454],[-42.7979,-22.4451]]]}},{"type":"Feature","properties":{"cod_tema":"ARL_PROPOSTA","cod_imovel":"RJ-3300803-647798C83F3842D88F7141C867AD20EB","num_area":"7.6099000000000000000000000000000","ind_status":"AT"},"geometry":{"type":"Polygon","coordinates":[[[-42.8478,-22.5352],[-42.8492,-22.5377],[-42.8478,-22.5352],[-42.8478,-22.5352]]]}},{"type":"Feature","properties":{"cod_tema":"ARL_PROPOSTA","cod_imovel":"RJ-3300803-65E0B774C67D4EC8A6B2FB5CF6A492C4","num_area":"57.734000000000000000000000000000","ind_status":"AT"},"geometry":{"type":"Polygon","coordinates":[[[-42.8393,-22.4873],[-42.8429,-22.485],[-42.8406,-22.4819],[-42.8302,-22.4852],[-42.8323,-22.4883],[-42.8391,-22.4873],[-42.8393,-22.4873]]]}},{"type":"Feature","properties":{"cod_tema":"ARL_PROPOSTA","cod_imovel":"RJ-3300803-F26E04C318174DB2833435F923F1AD3B","num_area":"20.892300000000000000000000000000","ind_status":"AT"},"geometry":{"type":"Polygon","coordinates":[[[-42.6235,-22.3918],[-42.6203,-22.3903],[-42.6178,-22.3943],[-42.621,-22.3961],[-42.6235,-22.392],[-42.6235,-22.3918]]]}},{"type":"Feature","properties":{"cod_tema":"ARL_PROPOSTA","cod_imovel":"RJ-3300803-E3C0660A68AC440DBB21E105CD8D5927","num_area":"2.1748000000000000000000000000000","ind_status":"AT"},"geometry":{"type":"Polygon","coordinates":[[[-42.8434,-22.5486],[-42.8452,-22.547],[-42.8433,-22.5484],[-42.8434,-22.5486]]]}},{"type":"Feature","properties":{"cod_tema":"ARL_PROPOSTA","cod_imovel":"RJ-3300803-3142BA63FD7944DF940203C7E03D348E","num_area":"43.249800000000000000000000000000","ind_status":"AT"},"geometry":{"type":"Polygon","coordinates":[[[-42.7376,-22.4223],[-42.7342,-22.4251],[-42.7359,-22.4288],[-42.7465,-22.4331],[-42.742,-22.4309],[-42.7456,-22.4278],[-42.7366,-22.4269],[-42.7386,-22.4227],[-42.7376,-22.4223]],[[-42.7359,-22.4241],[-42.7342,-22.4258],[-42.7358,-22.4242],[-42.7359,-22.4241]],[[-42.7371,-22.429],[-42.7407,-22.4329],[-42.7467,-22.4332],[-42.7372,-22.429],[-42.7371,-22.429]]]}},{"type":"Feature","properties":{"cod_tema":"ARL_PROPOSTA","cod_imovel":"RJ-3300803-6B9A185D55F94FDEAAA995D52FB76214","num_area":"37.412900000000000000000000000000","ind_status":"AT"},"geometry":{"type":"Polygon","coordinates":[[[-42.8959,-22.5354],[-42.9013,-22.5275],[-42.8931,-22.5288],[-42.8957,-22.5353],[-42.8959,-22.5354]]]}},{"type":"Feature","properties":{"cod_tema":"ARL_PROPOSTA","cod_imovel":"RJ-3300803-8484AD84E79D4C3987CB27A7EC03179B","num_area":"11.709800000000000000000000000000","ind_status":"AT"},"geometry":{"type":"Polygon","coordinates":[[[-42.6318,-22.4472],[-42.6239,-22.4463],[-42.6317,-22.4482],[-42.6318,-22.4472]]]}},{"type":"Feature","properties":{"cod_tema":"ARL_PROPOSTA","cod_imovel":"RJ-3300803-7F44A39312EE49D58C14220D89F65D6C","num_area":"77.459800000000000000000000000000","ind_status":"AT"},"geometry":{"type":"Polygon","coordinates":[[[-42.6273,-22.4848],[-42.6171,-22.4883],[-42.6226,-22.4919],[-42.6299,-22.4889],[-42.631,-22.486],[-42.6264,-22.4906],[-42.6214,-22.4898],[-42.6291,-22.4892],[-42.6303,-22.4845],[-42.6273,-22.4848]]]}},{"type":"Feature","properties":{"cod_tema":"ARL_PROPOSTA","cod_imovel":"RJ-3300803-4E566D05B3C046E297522D597ACA2EF9","num_area":"21.859600000000000000000000000000","ind_status":"AT"},"geometry":{"type":"Polygon","coordinates":[[[-42.745,-22.447],[-42.7399,-22.4502],[-42.7437,-22.4519],[-42.7452,-22.4475],[-42.745,-22.447]]]}},{"type":"Feature","properties":{"cod_tema":"ARL_PROPOSTA","cod_imovel":"RJ-3300803-D7A6FA35C3CF41F786565A41303205C4","num_area":"9.1355000000000000000000000000000","ind_status":"AT"},"geometry":{"type":"Polygon","coordinates":[[[-42.6731,-22.3983],[-42.6757,-22.4013],[-42.6738,-22.3981],[-42.6731,-22.3983]]]}},{"type":"Feature","properties":{"cod_tema":"ARL_PROPOSTA","cod_imovel":"RJ-3300803-BA267BCD93CB4EE296FF675F0F4E8263","num_area":"22.144600000000000000000000000000","ind_status":"AT"},"geometry":{"type":"Polygon","coordinates":[[[-42.6421,-22.5238],[-42.6402,-22.5268],[-42.65,-22.5267],[-42.6432,-22.5267],[-42.642,-22.524],[-42.6421,-22.5238]]]}},{"type":"Feature","properties":{"cod_tema":"ARL_PROPOSTA","cod_imovel":"RJ-3300803-C75DCD76123540A6B0EEFB5AD2E01758","num_area":"4.6092000000000000000000000000000","ind_status":"AT"},"geometry":{"type":"Polygon","coordinates":[[[-42.8357,-22.5348],[-42.8374,-22.5328],[-42.8357,-22.5346],[-42.8357,-22.5348]]]}},{"type":"Feature","properties":{"cod_tema":"ARL_PROPOSTA","cod_imovel":"RJ-3300803-7CC1A010FF7F43A19DC7780CBAE1B3B4","num_area":"8.1080000000000000000000000000000","ind_status":"AT"},"geometry":{"type":"Polygon","coordinates":[[[-42.8313,-22.5997],[-42.8303,-22.602],[-42.8313,-22.5997],[-42.8313,-22.5997]],[[-42.829,-22.6034],[-42.8311,-22.604],[-42.829,-22.6034],[-42.829,-22.6034]]]}},{"type":"Feature","properties":{"cod_tema":"ARL_PROPOSTA","cod_imovel":"RJ-3300803-2EC5A11A1A5848B8847C6C40F6A4C2E0","num_area":"69.865200000000000000000000000000","ind_status":"AT"},"geometry":{"type":"Polygon","coordinates":[[[-42.637,-22.5342],[-42.6403,-22.5343],[-42.642,-22.5297],[-42.6446,-22.5335],[-42.6433,-22.5301],[-42.6461,-22.5316],[-42.6463,-22.5279],[-42.6402,-22.5268],[-42.6324,-22.5308],[-42.637,-22.5341],[-42.637,-22.5342]]]}},{"type":"Feature","properties":{"cod_tema":"ARL_PROPOSTA","cod_imovel":"RJ-3300803-7C5848EBFE8048B6BB7B05B86C3B8BDA","num_area":"2.9690000000000000000000000000000","ind_status":"AT"},"geometry":{"type":"Polygon","coordinates":[[[-42.8135,-22.5253],[-42.8145,-22.5277],[-42.8163,-22.5253],[-42.8137,-22.5251],[-42.8135,-22.5253]]]}},{"type":"Feature","properties":{"cod_tema":"ARL_PROPOSTA","cod_imovel":"RJ-3300803-65316083926F4EA3AF85EE8D02D1ABE3","num_area":"2.9119000000000000000000000000000","ind_status":"AT"},"geometry":{"type":"Polygon","coordinates":[[[-42.6585,-22.5725],[-42.6593,-22.5747],[-42.6588,-22.5722],[-42.6585,-22.5725]]]}},{"type":"Feature","properties":{"cod_tema":"ARL_PROPOSTA","cod_imovel":"RJ-3300803-05453155147A4CD79165981D1613D0A8","num_area":"5.3792000000000000000000000000000","ind_status":"AT"},"geometry":{"type":"Polygon","coordinates":[[[-42.6805,-22.566],[-42.6782,-22.5647],[-42.6782,-22.5679],[-42.6807,-22.5668],[-42.6805,-22.566]]]}},{"type":"Feature","properties":{"cod_tema":"ARL_PROPOSTA","cod_imovel":"RJ-3300803-422DDC4E449E49A5987A941AA813337B","num_area":"25.151400000000000000000000000000","ind_status":"AT"},"geometry":{"type":"Polygon","coordinates":[[[-42.7094,-22.4404],[-42.7169,-22.4456],[-42.7155,-22.4416],[-42.7101,-22.4407],[-42.7094,-22.4404]]]}},{"type":"Feature","properties":{"cod_tema":"ARL_PROPOSTA","cod_imovel":"RJ-3300803-39DE5DEA1D0E4A559546F9551B97ABFA","num_area":"13.249500000000000000000000000000","ind_status":"AT"},"geometry":{"type":"Polygon","coordinates":[[[-42.8171,-22.6045],[-42.8112,-22.6008],[-42.8134,-22.6055],[-42.8171,-22.6045]]]}},{"type":"Feature","properties":{"cod_tema":"ARL_PROPOSTA","cod_imovel":"RJ-3300803-5BEEE06480C5423DA3EC26C761BF05A3","num_area":"12.085200000000000000000000000000","ind_status":"AT"},"geometry":{"type":"Polygon","coordinates":[[[-42.6706,-22.5983],[-42.6744,-22.5964],[-42.6731,-22.5943],[-42.6701,-22.5974],[-42.6706,-22.5983]]]}},{"type":"Feature","properties":{"cod_tema":"ARL_PROPOSTA","cod_imovel":"RJ-3300803-5931CB88935F4E3EB6BE28B72B3A2E8C","num_area":"8.8067000000000000000000000000000","ind_status":"AT"},"geometry":{"type":"Polygon","coordinates":[[[-42.8429,-22.5389],[-42.8409,-22.5373],[-42.8403,-22.5396],[-42.843,-22.5389],[-42.8429,-22.5389]]]}},{"type":"Feature","properties":{"cod_tema":"ARL_PROPOSTA","cod_imovel":"RJ-3300803-ED03374D487B414AB44A2D58E4DED97A","num_area":"8.4836000000000000000000000000000","ind_status":"AT"},"geometry":{"type":"Polygon","coordinates":[[[-42.7076,-22.4755],[-42.7062,-22.4798],[-42.7082,-22.4758],[-42.7076,-22.4755]]]}},{"type":"Feature","properties":{"cod_tema":"ARL_PROPOSTA","cod_imovel":"RJ-3300803-9A9AACE3146C4792ACB8F36F41DB8952","num_area":"16.216300000000000000000000000000","ind_status":"AT"},"geometry":{"type":"Polygon","coordinates":[[[-42.6753,-22.4984],[-42.6773,-22.5069],[-42.684,-22.5035],[-42.682,-22.5013],[-42.6793,-22.5038],[-42.6754,-22.4985],[-42.6753,-22.4984]]]}},{"type":"Feature","properties":{"cod_tema":"ARL_PROPOSTA","cod_imovel":"RJ-3300803-082B4096F87740D7AB34843A85834CD6","num_area":"27.972900000000000000000000000000","ind_status":"AT"},"geometry":{"type":"Polygon","coordinates":[[[-42.877,-22.5901],[-42.8747,-22.5896],[-42.8766,-22.5904],[-42.877,-22.5901]],[[-42.8759,-22.5958],[-42.8735,-22.5971],[-42.8759,-22.5962],[-42.8759,-22.5958]],[[-42.8695,-22.5909],[-42.8744,-22.5869],[-42.8692,-22.5905],[-42.8695,-22.5909]],[[-42.8711,-22.5935],[-42.87,-22.597],[-42.8746,-22.5918],[-42.8711,-22.5935],[-42.8711,-22.5935]]]}},{"type":"Feature","properties":{"cod_tema":"ARL_PROPOSTA","cod_imovel":"RJ-3300803-EEEC8F16AC4E40AD9206BFFE97A6270A","num_area":"24.894300000000000000000000000000","ind_status":"AT"},"geometry":{"type":"Polygon","coordinates":[[[-42.8502,-22.5914],[-42.8504,-22.5892],[-42.8496,-22.5911],[-42.8502,-22.5914]],[[-42.8404,-22.5914],[-42.8416,-22.5936],[-42.8404,-22.5913],[-42.8404,-22.5914]],[[-42.8488,-22.588],[-42.8482,-22.5846],[-42.8484,-22.5876],[-42.8488,-22.588]],[[-42.8459,-22.5888],[-42.849,-22.5889],[-42.8462,-22.5887],[-42.8459,-22.5888]],[[-42.8392,-22.5833],[-42.8414,-22.5796],[-42.8393,-22.5832],[-42.8392,-22.5833]]]}},{"type":"Feature","properties":{"cod_tema":"ARL_PROPOSTA","cod_imovel":"RJ-3300803-6E4B5C9E6B3E45EAABEB82D2F3D18179","num_area":"6.4441000000000000000000000000000","ind_status":"AT"},"geometry":{"type":"Polygon","coordinates":[[[-42.7715,-22.4757],[-42.769,-22.4766],[-42.7714,-22.4757],[-42.7715,-22.4757]]]}},{"type":"Feature","properties":{"cod_tema":"ARL_PROPOSTA","cod_imovel":"RJ-3300803-B58ADB36E5BA4E57BE2E18FF319C65E2","num_area":"0.9225000000000000000000000000000","ind_status":"AT"},"geometry":{"type":"Polygon","coordinates":[[[-42.8029,-22.5883],[-42.8023,-22.5846],[-42.8031,-22.5876],[-42.8029,-22.5883]]]}},{"type":"Feature","properties":{"cod_tema":"ARL_PROPOSTA","cod_imovel":"RJ-3300803-981B339E49624D3B83B0BDDAA261DB20","num_area":"4.3047000000000000000000000000000","ind_status":"AT"},"geometry":{"type":"Polygon","coordinates":[[[-42.7274,-22.618],[-42.7257,-22.6205],[-42.7275,-22.6185],[-42.7274,-22.618]]]}},{"type":"Feature","properties":{"cod_tema":"ARL_PROPOSTA","cod_imovel":"RJ-3300803-534D08DCD60A40E1836AF3E609FADF75","num_area":"4.8963000000000000000000000000000","ind_status":"AT"},"geometry":{"type":"Polygon","coordinates":[[[-42.7305,-22.5581],[-42.7289,-22.5623],[-42.7305,-22.5581],[-42.7305,-22.5581]]]}},{"type":"Feature","properties":{"cod_tema":"ARL_PROPOSTA","cod_imovel":"RJ-3300803-DBADF43A1DC4413C809629E9A02611E1","num_area":"20.589500000000000000000000000000","ind_status":"AT"},"geometry":{"type":"Polygon","coordinates":[[[-42.7172,-22.5601],[-42.713,-22.5664],[-42.718,-22.567],[-42.7176,-22.56],[-42.7172,-22.5601]]]}},{"type":"Feature","properties":{"cod_tema":"ARL_PROPOSTA","cod_imovel":"RJ-3300803-8DA75DB83CA64BCFAFC2204B65D3D36F","num_area":"4.9127000000000000000000000000000","ind_status":"AT"},"geometry":{"type":"Polygon","coordinates":[[[-42.7773,-22.5602],[-42.7758,-22.557],[-42.7772,-22.5602],[-42.7773,-22.5602]]]}},{"type":"Feature","properties":{"cod_tema":"ARL_PROPOSTA","cod_imovel":"RJ-3300803-ADC7F07CAE5A4D6B923CDE3ACE90DBD1","num_area":"5.4909000000000000000000000000000","ind_status":"AT"},"geometry":{"type":"Polygon","coordinates":[[[-42.8176,-22.5737],[-42.8179,-22.5706],[-42.8172,-22.5726],[-42.8176,-22.5737]],[[-42.8151,-22.5706],[-42.8147,-22.5734],[-42.8151,-22.5705],[-42.8151,-22.5706]]]}},{"type":"Feature","properties":{"cod_tema":"ARL_PROPOSTA","cod_imovel":"RJ-3300803-5DF6F1F43092491AAEDD086521E9B8F9","num_area":"5.8867000000000000000000000000000","ind_status":"AT"},"geometry":{"type":"Polygon","coordinates":[[[-42.7246,-22.6527],[-42.7289,-22.6535],[-42.7265,-22.6511],[-42.7267,-22.6532],[-42.7246,-22.6527]]]}},{"type":"Feature","properties":{"cod_tema":"ARL_PROPOSTA","cod_imovel":"RJ-3300803-DB526D6D917647528D0D46D842BCA350","num_area":"12.023900000000000000000000000000","ind_status":"AT"},"geometry":{"type":"Polygon","coordinates":[[[-42.7638,-22.6241],[-42.7673,-22.6214],[-42.7646,-22.6203],[-42.7628,-22.6248],[-42.7638,-22.6241]]]}},{"type":"Feature","properties":{"cod_tema":"ARL_PROPOSTA","cod_imovel":"RJ-3300803-AA88639C925844CC9980B31A1E4C3FAA","num_area":"50.588600000000000000000000000000","ind_status":"AT"},"geometry":{"type":"Polygon","coordinates":[[[-42.7218,-22.6693],[-42.7345,-22.6756],[-42.7361,-22.6687],[-42.7227,-22.6697],[-42.7218,-22.6693]]]}},{"type":"Feature","properties":{"cod_tema":"ARL_PROPOSTA","cod_imovel":"RJ-3300803-E34A5F41511646ED9DC8AD897D04AE67","num_area":"7.5587000000000000000000000000000","ind_status":"AT"},"geometry":{"type":"Polygon","coordinates":[[[-42.6742,-22.5094],[-42.6762,-22.512],[-42.6703,-22.5004],[-42.674,-22.5091],[-42.6742,-22.5094]]]}},{"type":"Feature","properties":{"cod_tema":"ARL_PROPOSTA","cod_imovel":"RJ-3300803-C547695D8F3A4D0B8CEA2E7B33731503","num_area":"18.661300000000000000000000000000","ind_status":"AT"},"geometry":{"type":"Polygon","coordinates":[[[-42.8684,-22.527],[-42.867,-22.5252],[-42.8679,-22.5273],[-42.8684,-22.527]],[[-42.874,-22.5212],[-42.8723,-22.5242],[-42.8776,-22.5213],[-42.874,-22.5212]]]}},{"type":"Feature","properties":{"cod_tema":"ARL_PROPOSTA","cod_imovel":"RJ-3300803-3B1123843F844882851FAB14A3AEEE1D","num_area":"9.9946000000000000000000000000000","ind_status":"AT"},"geometry":{"type":"Polygon","coordinates":[[[-42.8225,-22.5889],[-42.828,-22.5896],[-42.8253,-22.5864],[-42.8236,-22.5879],[-42.8225,-22.5889]]]}},{"type":"Feature","properties":{"cod_tema":"ARL_PROPOSTA","cod_imovel":"RJ-3300803-E2188682DE2149B7AF2615E92665DBF2","num_area":"4.9434000000000000000000000000000","ind_status":"AT"},"geometry":{"type":"Polygon","coordinates":[[[-42.7226,-22.5723],[-42.7141,-22.5732],[-42.7217,-22.5744],[-42.7226,-22.5723]]]}},{"type":"Feature","properties":{"cod_tema":"ARL_PROPOSTA","cod_imovel":"RJ-3300803-524C822E732846B08D220002C4F583F3","num_area":"4.0550000000000000000000000000000","ind_status":"AT"},"geometry":{"type":"Polygon","coordinates":[[[-42.7226,-22.5722],[-42.7234,-22.576],[-42.7229,-22.5723],[-42.7226,-22.5722]]]}},{"type":"Feature","properties":{"cod_tema":"ARL_PROPOSTA","cod_imovel":"RJ-3300803-28F7F7FDABA5467F80A017F838C3A363","num_area":"8.4592000000000000000000000000000","ind_status":"AT"},"geometry":{"type":"Polygon","coordinates":[[[-42.6368,-22.5241],[-42.6455,-22.5165],[-42.6369,-22.5241],[-42.6368,-22.5241]]]}},{"type":"Feature","properties":{"cod_tema":"ARL_PROPOSTA","cod_imovel":"RJ-3300803-FAC1A19FCAE84B4D96E951B0C6583F2F","num_area":"7.0453000000000000000000000000000","ind_status":"AT"},"geometry":{"type":"Polygon","coordinates":[[[-42.8256,-22.5939],[-42.828,-22.5909],[-42.8243,-22.5913],[-42.8255,-22.5938],[-42.8256,-22.5939]]]}},{"type":"Feature","properties":{"cod_tema":"ARL_PROPOSTA","cod_imovel":"RJ-3300803-7A838C79E7EA467EA292BA015E0B616B","num_area":"4.6750000000000000000000000000000","ind_status":"AT"},"geometry":{"type":"Polygon","coordinates":[[[-42.7476,-22.6281],[-42.7506,-22.6267],[-42.7479,-22.6278],[-42.7476,-22.6281]]]}},{"type":"Feature","properties":{"cod_tema":"ARL_PROPOSTA","cod_imovel":"RJ-3300803-8FC95C1EFB574F02B2E3D0CA0F59968C","num_area":"5.1780000000000000000000000000000","ind_status":"AT"},"geometry":{"type":"Polygon","coordinates":[[[-42.7936,-22.5992],[-42.7915,-22.6008],[-42.7941,-22.6],[-42.7936,-22.5992]]]}},{"type":"Feature","properties":{"cod_tema":"ARL_PROPOSTA","cod_imovel":"RJ-3300803-FF47A676A3E741AC91413305B1A07C3A","num_area":"9.7245000000000000000000000000000","ind_status":"AT"},"geometry":{"type":"Polygon","coordinates":[[[-42.7168,-22.5541],[-42.7184,-22.552],[-42.7149,-22.5506],[-42.7167,-22.554],[-42.7168,-22.5541]]]}},{"type":"Feature","properties":{"cod_tema":"ARL_PROPOSTA","cod_imovel":"RJ-3300803-7E20B0A3101845EBAC46045C36BBA7CB","num_area":"133.45650000000000000000000000000","ind_status":"AT"},"geometry":{"type":"Polygon","coordinates":[[[-42.7168,-22.6569],[-42.7117,-22.6605],[-42.7166,-22.6576],[-42.7168,-22.6569]],[[-42.6982,-22.6512],[-42.6962,-22.6527],[-42.7052,-22.655],[-42.706,-22.658],[-42.7106,-22.6563],[-42.708,-22.6565],[-42.7061,-22.6501],[-42.713,-22.6557],[-42.7176,-22.6529],[-42.7148,-22.6489],[-42.6996,-22.6502],[-42.6982,-22.6512]]]}},{"type":"Feature","properties":{"cod_tema":"ARL_PROPOSTA","cod_imovel":"RJ-3300803-BC725C78968342109AB5D94BB8857C67","num_area":"22.196000000000000000000000000000","ind_status":"AT"},"geometry":{"type":"Polygon","coordinates":[[[-42.8682,-22.5964],[-42.8641,-22.5936],[-42.862,-22.5958],[-42.866,-22.5985],[-42.8682,-22.5964]],[[-42.8641,-22.5936],[-42.8602,-22.5946],[-42.862,-22.5958],[-42.8641,-22.5936]]]}},{"type":"Feature","properties":{"cod_tema":"ARL_PROPOSTA","cod_imovel":"RJ-3300803-6EB0685493F74598BC9E5501D0A7A4F2","num_area":"5.5340000000000000000000000000000","ind_status":"AT"},"geometry":{"type":"Polygon","coordinates":[[[-42.7079,-22.6296],[-42.7094,-22.6325],[-42.7092,-22.6286],[-42.7079,-22.6296]]]}},{"type":"Feature","properties":{"cod_tema":"ARL_PROPOSTA","cod_imovel":"RJ-3300803-3DE18EBAB0CC4C80A21705DAA87F1BCC","num_area":"3.8443000000000000000000000000000","ind_status":"AT"},"geometry":{"type":"Polygon","coordinates":[[[-42.8243,-22.5262],[-42.8242,-22.5235],[-42.8241,-22.5265],[-42.8243,-22.5262]]]}},{"type":"Feature","properties":{"cod_tema":"ARL_PROPOSTA","cod_imovel":"RJ-3300803-263BCDA6B13948798AFB8064A713B43D","num_area":"3.8545000000000000000000000000000","ind_status":"AT"},"geometry":{"type":"Polygon","coordinates":[[[-42.8815,-22.5981],[-42.8832,-22.6004],[-42.8816,-22.5981],[-42.8815,-22.5981]]]}},{"type":"Feature","properties":{"cod_tema":"ARL_PROPOSTA","cod_imovel":"RJ-3300803-0C434B1412FD4821AEB62D68D93AB264","num_area":"28.998200000000000000000000000000","ind_status":"AT"},"geometry":{"type":"Polygon","coordinates":[[[-42.7295,-22.5312],[-42.7238,-22.5329],[-42.7293,-22.5356],[-42.7296,-22.5311],[-42.7295,-22.5312]],[[-42.7293,-22.5356],[-42.7342,-22.5318],[-42.7297,-22.531],[-42.7293,-22.5356],[-42.7293,-22.5356]]]}},{"type":"Feature","properties":{"cod_tema":"ARL_PROPOSTA","cod_imovel":"RJ-3300803-0282B22D37054C5F966853F911883C8F","num_area":"5.7869000000000000000000000000000","ind_status":"AT"},"geometry":{"type":"Polygon","coordinates":[[[-42.8011,-22.5095],[-42.8006,-22.5065],[-42.8006,-22.5091],[-42.8011,-22.5095]]]}},{"type":"Feature","properties":{"cod_tema":"ARL_PROPOSTA","cod_imovel":"RJ-3300803-FDADD93689AC4D999A4317B2B1AEA9D9","num_area":"2.3045000000000000000000000000000","ind_status":"AT"},"geometry":{"type":"Polygon","coordinates":[[[-42.7256,-22.6202],[-42.7233,-22.619],[-42.7254,-22.6201],[-42.7256,-22.6202]]]}},{"type":"Feature","properties":{"cod_tema":"ARL_PROPOSTA","cod_imovel":"RJ-3300803-A834833223E14A9F8FC557F4C9098AB4","num_area":"4.2724000000000000000000000000000","ind_status":"AT"},"geometry":{"type":"Polygon","coordinates":[[[-42.6551,-22.4919],[-42.6549,-22.4939],[-42.658,-22.4928],[-42.6551,-22.4918],[-42.6551,-22.4919]]]}},{"type":"Feature","properties":{"cod_tema":"ARL_PROPOSTA","cod_imovel":"RJ-3300803-20B0E6B80B4143C582A7E8C1DBAA18D6","num_area":"4.2202000000000000000000000000000","ind_status":"AT"},"geometry":{"type":"Polygon","coordinates":[[[-42.672,-22.6288],[-42.6724,-22.6314],[-42.6722,-22.6283],[-42.672,-22.6288]]]}},{"type":"Feature","properties":{"cod_tema":"ARL_PROPOSTA","cod_imovel":"RJ-3300803-6C4B2B4136CA4CE4BA78735A1714C0C3","num_area":"18.118700000000000000000000000000","ind_status":"AT"},"geometry":{"type":"Polygon","coordinates":[[[-42.682,-22.4457],[-42.6852,-22.4427],[-42.6827,-22.4401],[-42.6802,-22.4434],[-42.682,-22.4457]],[[-42.6853,-22.4427],[-42.6831,-22.4395],[-42.6853,-22.4427],[-42.6853,-22.4427]]]}},{"type":"Feature","properties":{"cod_tema":"ARL_PROPOSTA","cod_imovel":"RJ-3300803-FAA3990E5EC541D291A059F3F4FA74F6","num_area":"5.2335000000000000000000000000000","ind_status":"AT"},"geometry":{"type":"Polygon","coordinates":[[[-42.8573,-22.6003],[-42.856,-22.602],[-42.8597,-22.6014],[-42.8574,-22.6004],[-42.8573,-22.6003]]]}},{"type":"Feature","properties":{"cod_tema":"ARL_PROPOSTA","cod_imovel":"RJ-3300803-D3AB32CF744E40D4B33BB8C6F5A3FD89","num_area":"5.3362000000000000000000000000000","ind_status":"AT"},"geometry":{"type":"Polygon","coordinates":[[[-42.7218,-22.6199],[-42.7253,-22.622],[-42.722,-22.6196],[-42.7218,-22.6199]]]}},{"type":"Feature","properties":{"cod_tema":"ARL_PROPOSTA","cod_imovel":"RJ-3300803-04E291406FE04D509E32154E869086D1","num_area":"18.643000000000000000000000000000","ind_status":"AT"},"geometry":{"type":"Polygon","coordinates":[[[-42.7682,-22.4435],[-42.761,-22.4502],[-42.7652,-22.4507],[-42.7613,-22.4494],[-42.7667,-22.4477],[-42.7683,-22.4436],[-42.7682,-22.4435]]]}},{"type":"Feature","properties":{"cod_tema":"ARL_PROPOSTA","cod_imovel":"RJ-3300803-131A1CECF8664D0C99922E41ACAB37ED","num_area":"5.5628000000000000000000000000000","ind_status":"AT"},"geometry":{"type":"Polygon","coordinates":[[[-42.7751,-22.4833],[-42.7768,-22.4806],[-42.773,-22.4794],[-42.7736,-22.4816],[-42.7751,-22.4833]]]}},{"type":"Feature","properties":{"cod_tema":"ARL_PROPOSTA","cod_imovel":"RJ-3300936-F1D2F970BABB4BEE968377992B6E5764","num_area":"3.6904000000000000000000000000000","ind_status":"AT"},"geometry":{"type":"Polygon","coordinates":[[[-42.719,-22.664],[-42.7199,-22.6662],[-42.7196,-22.6639],[-42.719,-22.664]]]}},{"type":"Feature","properties":{"cod_tema":"ARL_PROPOSTA","cod_imovel":"RJ-3300803-FB55ABFCD5C94735858DDD21E6B4BD63","num_area":"2.9521000000000000000000000000000","ind_status":"AT"},"geometry":{"type":"Polygon","coordinates":[[[-42.7311,-22.4924],[-42.7331,-22.4941],[-42.7311,-22.4924],[-42.7311,-22.4924]]]}},{"type":"Feature","properties":{"cod_tema":"ARL_PROPOSTA","cod_imovel":"RJ-3300803-366D67098A8D445F93C48CE5BF18C266","num_area":"8.0186000000000000000000000000000","ind_status":"AT"},"geometry":{"type":"Polygon","coordinates":[[[-42.8413,-22.521],[-42.8378,-22.5203],[-42.8406,-22.5235],[-42.8422,-22.5214],[-42.8413,-22.521]]]}},{"type":"Feature","properties":{"cod_tema":"ARL_PROPOSTA","cod_imovel":"RJ-3300803-8D7B05FE470E4B858A214B948BA282BA","num_area":"2.6736000000000000000000000000000","ind_status":"AT"},"geometry":{"type":"Polygon","coordinates":[[[-42.7857,-22.4569],[-42.7856,-22.4605],[-42.7859,-22.457],[-42.7857,-22.4569]]]}},{"type":"Feature","properties":{"cod_tema":"ARL_PROPOSTA","cod_imovel":"RJ-3300803-CAECE3889FFE42BE9DB0A73A36196037","num_area":"8.7846000000000000000000000000000","ind_status":"AT"},"geometry":{"type":"Polygon","coordinates":[[[-42.7507,-22.4438],[-42.7536,-22.4389],[-42.7562,-22.4397],[-42.7527,-22.4389],[-42.7506,-22.4439],[-42.7507,-22.4438]]]}},{"type":"Feature","properties":{"cod_tema":"ARL_PROPOSTA","cod_imovel":"RJ-3300803-884B3A81DD1A45F5A243199130E4E1FF","num_area":"4.3496000000000000000000000000000","ind_status":"AT"},"geometry":{"type":"Polygon","coordinates":[[[-42.641,-22.5099],[-42.6386,-22.5119],[-42.6409,-22.51],[-42.641,-22.5099]]]}},{"type":"Feature","properties":{"cod_tema":"ARL_PROPOSTA","cod_imovel":"RJ-3300803-CDD65CD471D54CC1B46FBFAF9C5122C7","num_area":"13.628000000000000000000000000000","ind_status":"AT"},"geometry":{"type":"Polygon","coordinates":[[[-42.6491,-22.484],[-42.6537,-22.4826],[-42.6501,-22.4814],[-42.6491,-22.484]],[[-42.648,-22.475],[-42.6501,-22.4799],[-42.6487,-22.4755],[-42.648,-22.475]]]}},{"type":"Feature","properties":{"cod_tema":"ARL_PROPOSTA","cod_imovel":"RJ-3300803-23E1692D128741598266BCE3EFF6C9CD","num_area":"19.502700000000000000000000000000","ind_status":"AT"},"geometry":{"type":"Polygon","coordinates":[[[-42.6528,-22.5062],[-42.6506,-22.501],[-42.6488,-22.5079],[-42.6529,-22.5064],[-42.6528,-22.5062]]]}},{"type":"Feature","properties":{"cod_tema":"ARL_PROPOSTA","cod_imovel":"RJ-3300803-EC20EA53FF3544DCBB8977DD755EF004","num_area":"95.289000000000000000000000000000","ind_status":"AT"},"geometry":{"type":"Polygon","coordinates":[[[-42.8794,-22.5221],[-42.8773,-22.5216],[-42.8786,-22.5245],[-42.8794,-22.5221]],[[-42.8672,-22.5392],[-42.8652,-22.5399],[-42.8676,-22.5398],[-42.8672,-22.5392]],[[-42.868,-22.5444],[-42.8656,-22.546],[-42.8687,-22.5448],[-42.868,-22.5444]],[[-42.8641,-22.5547],[-42.8667,-22.5531],[-42.8644,-22.5531],[-42.8641,-22.5547]],[[-42.8756,-22.533],[-42.8733,-22.5308],[-42.8749,-22.5339],[-42.8756,-22.533]],[[-42.865,-22.533],[-42.8629,-22.5333],[-42.8653,-22.533],[-42.865,-22.533]],[[-42.8642,-22.5488],[-42.863,-22.5523],[-42.8652,-22.5496],[-42.8642,-22.5488]],[[-42.8624,-22.543],[-42.8618,-22.5465],[-42.8632,-22.5419],[-42.8624,-22.543]],[[-42.8657,-22.529],[-42.8619,-22.5314],[-42.866,-22.5294],[-42.8657,-22.529]],[[-42.8741,-22.5415],[-42.8702,-22.5393],[-42.874,-22.542],[-42.8741,-22.5415]],[[-42.8734,-22.5446],[-42.8695,-22.5437],[-42.8729,-22.5456],[-42.8734,-22.5446]],[[-42.8564,-22.5436],[-42.8598,-22.5456],[-42.8591,-22.5418],[-42.8571,-22.543],[-42.8564,-22.5436]],[[-42.871,-22.5498],[-42.871,-22.5467],[-42.8657,-22.5472],[-42.8688,-22.5511],[-42.8701,-22.549],[-42.871,-22.5498]]]}},{"type":"Feature","properties":{"cod_tema":"ARL_PROPOSTA","cod_imovel":"RJ-3300803-F4BA49C5205B4FA7965B2C0A0B970344","num_area":"16.596200000000000000000000000000","ind_status":"AT"},"geometry":{"type":"Polygon","coordinates":[[[-42.7916,-22.5724],[-42.7873,-22.5698],[-42.7878,-22.5737],[-42.7914,-22.573],[-42.7916,-22.5724]]]}},{"type":"Feature","properties":{"cod_tema":"ARL_PROPOSTA","cod_imovel":"RJ-3300803-2C146F8F6D42417584B631AE25A4A078","num_area":"4.6960000000000000000000000000000","ind_status":"AT"},"geometry":{"type":"Polygon","coordinates":[[[-42.8749,-22.5974],[-42.8775,-22.5961],[-42.875,-22.5973],[-42.8749,-22.5974]]]}},{"type":"Feature","properties":{"cod_tema":"ARL_PROPOSTA","cod_imovel":"RJ-3300803-8C6A88514D8044AAAD49815FD11D9213","num_area":"6.0044000000000000000000000000000","ind_status":"AT"},"geometry":{"type":"Polygon","coordinates":[[[-42.6983,-22.5549],[-42.6979,-22.5585],[-42.7,-22.5558],[-42.6983,-22.5549]]]}},{"type":"Feature","properties":{"cod_tema":"ARL_PROPOSTA","cod_imovel":"RJ-3300803-4BF08780491C441C8A59950535CCDBF4","num_area":"3.8388000000000000000000000000000","ind_status":"AT"},"geometry":{"type":"Polygon","coordinates":[[[-42.8932,-22.6031],[-42.895,-22.602],[-42.8924,-22.603],[-42.8932,-22.6031]]]}},{"type":"Feature","properties":{"cod_tema":"ARL_PROPOSTA","cod_imovel":"RJ-3300803-90F7CC672F6C4B25B55227B42E7CA042","num_area":"5.2139000000000000000000000000000","ind_status":"AT"},"geometry":{"type":"Polygon","coordinates":[[[-42.6439,-22.5883],[-42.6411,-22.5906],[-42.6439,-22.5883],[-42.6439,-22.5883]]]}},{"type":"Feature","properties":{"cod_tema":"ARL_PROPOSTA","cod_imovel":"RJ-3300803-ADCE410D63C94059AFD140092A5C99C6","num_area":"2.4988000000000000000000000000000","ind_status":"AT"},"geometry":{"type":"Polygon","coordinates":[[[-42.8411,-22.573],[-42.8397,-22.5755],[-42.8417,-22.5747],[-42.8411,-22.573]]]}},{"type":"Feature","properties":{"cod_tema":"ARL_PROPOSTA","cod_imovel":"RJ-3300803-587FD8DCC18A4EBD8772B3C00A036AE9","num_area":"8.7065000000000000000000000000000","ind_status":"AT"},"geometry":{"type":"Polygon","coordinates":[[[-42.8046,-22.5712],[-42.8081,-22.5709],[-42.8037,-22.5687],[-42.8045,-22.5712],[-42.8046,-22.5712]]]}},{"type":"Feature","properties":{"cod_tema":"ARL_PROPOSTA","cod_imovel":"RJ-3300803-6B4E72CB154D49EE8E847A53E066E511","num_area":"1.9896000000000000000000000000000","ind_status":"AT"},"geometry":{"type":"Polygon","coordinates":[[[-42.7623,-22.5712],[-42.7623,-22.5684],[-42.7618,-22.5713],[-42.7623,-22.5712]]]}},{"type":"Feature","properties":{"cod_tema":"ARL_PROPOSTA","cod_imovel":"RJ-3300803-8AE8BBB950E84E70B52C76DA7555A8CF","num_area":"64.583600000000000000000000000000","ind_status":"CA"},"geometry":{"type":"Polygon","coordinates":[[[-42.8007,-22.4284],[-42.8068,-22.4139],[-42.8008,-22.4198],[-42.8003,-22.428],[-42.8007,-22.4284]],[[-42.8068,-22.4138],[-42.81,-22.4054],[-42.8003,-22.4216],[-42.8047,-22.4154],[-42.8068,-22.4138]]]}},{"type":"Feature","properties":{"cod_tema":"ARL_PROPOSTA","cod_imovel":"RJ-3300803-83AF520BE30841E19B9D701F070456A2","num_area":"13.345500000000000000000000000000","ind_status":"CA"},"geometry":{"type":"Polygon","coordinates":[[[-42.7794,-22.5419],[-42.7814,-22.5369],[-42.7793,-22.5419],[-42.7794,-22.5419]]]}},{"type":"Feature","properties":{"cod_tema":"ARL_PROPOSTA","cod_imovel":"RJ-3300803-B879F7C382E74B859AC654068687EF99","num_area":"14.080600000000000000000000000000","ind_status":"CA"},"geometry":{"type":"Polygon","coordinates":[[[-42.858,-22.4451],[-42.8506,-22.4453],[-42.8578,-22.4458],[-42.858,-22.4451]]]}},{"type":"Feature","properties":{"cod_tema":"ARL_PROPOSTA","cod_imovel":"RJ-3300803-9332E8EB2EEC4C7A90241D5469299B9A","num_area":"135.16440000000000000000000000000","ind_status":"CA"},"geometry":{"type":"Polygon","coordinates":[[[-42.8065,-22.4396],[-42.8083,-22.4439],[-42.8036,-22.4445],[-42.7974,-22.4551],[-42.8011,-22.4563],[-42.8011,-22.4514],[-42.8012,-22.4564],[-42.8063,-22.458],[-42.8097,-22.4516],[-42.8032,-22.4493],[-42.808,-22.4499],[-42.8116,-22.4463],[-42.8062,-22.4449],[-42.813,-22.4454],[-42.8115,-22.4412],[-42.8066,-22.4396],[-42.8065,-22.4396]],[[-42.8124,-22.4451],[-42.8086,-22.4438],[-42.8081,-22.4398],[-42.8122,-22.445],[-42.8124,-22.4451]]]}},{"type":"Feature","properties":{"cod_tema":"ARL_AVERBADA","cod_imovel":"RJ-3300803-A4A8F890824F40C3BB1026F027790FE2","num_area":"34.678300000000000000000000000000","ind_status":"CA"},"geometry":{"type":"Polygon","coordinates":[[[-42.7092,-22.4408],[-42.7035,-22.4378],[-42.7019,-22.4414],[-42.7072,-22.4451],[-42.7092,-22.4408]]]}},{"type":"Feature","properties":{"cod_tema":"ARL_PROPOSTA","cod_imovel":"RJ-3300803-174FAB0C6C3A4DEFB8B32C824CBF125A","num_area":"10.405200000000000000000000000000","ind_status":"AT"},"geometry":{"type":"Polygon","coordinates":[[[-42.5883,-22.395],[-42.5841,-22.3976],[-42.5883,-22.3952],[-42.5883,-22.395]]]}},{"type":"Feature","properties":{"cod_tema":"ARL_PROPOSTA","cod_imovel":"RJ-3300803-1B616443993F4FC6B012450820FBE8A3","num_area":"4.2920000000000000000000000000000","ind_status":"AT"},"geometry":{"type":"Polygon","coordinates":[[[-42.7266,-22.5136],[-42.7228,-22.5146],[-42.7265,-22.5138],[-42.7266,-22.5136]]]}},{"type":"Feature","properties":{"cod_tema":"ARL_PROPOSTA","cod_imovel":"RJ-3300803-5AC7E516A6FE4E0CB68DBEFCD968A0FC","num_area":"1.8295000000000000000000000000000","ind_status":"AT"},"geometry":{"type":"Polygon","coordinates":[[[-42.6539,-22.5132],[-42.654,-22.5161],[-42.655,-22.5134],[-42.6539,-22.5132]]]}},{"type":"Feature","properties":{"cod_tema":"ARL_PROPOSTA","cod_imovel":"RJ-3300803-05C9F36D3889428089283E86507EAE4B","num_area":"6.5244000000000000000000000000000","ind_status":"AT"},"geometry":{"type":"Polygon","coordinates":[[[-42.8176,-22.6135],[-42.8203,-22.6162],[-42.817,-22.6134],[-42.8176,-22.6135]]]}},{"type":"Feature","properties":{"cod_tema":"ARL_PROPOSTA","cod_imovel":"RJ-3300803-F80B89F28C61433A90A855B1C785C853","num_area":"9.4901000000000000000000000000000","ind_status":"AT"},"geometry":{"type":"Polygon","coordinates":[[[-42.7611,-22.6321],[-42.767,-22.6349],[-42.7612,-22.632],[-42.7611,-22.6321]],[[-42.7672,-22.6348],[-42.7612,-22.6319],[-42.7664,-22.6339],[-42.7672,-22.6348]]]}},{"type":"Feature","properties":{"cod_tema":"ARL_PROPOSTA","cod_imovel":"RJ-3300803-1864D71CABB341D39E227C5AA6A4C2DE","num_area":"18.811200000000000000000000000000","ind_status":"AT"},"geometry":{"type":"Polygon","coordinates":[[[-42.7459,-22.5645],[-42.7512,-22.5589],[-42.7461,-22.5641],[-42.7459,-22.5645]],[[-42.7393,-22.5592],[-42.7418,-22.5622],[-42.7397,-22.5593],[-42.7393,-22.5592]],[[-42.7425,-22.5616],[-42.7443,-22.5639],[-42.7421,-22.5619],[-42.7425,-22.5616]],[[-42.7473,-22.5581],[-42.746,-22.5625],[-42.7491,-22.5583],[-42.7473,-22.5581]]]}},{"type":"Feature","properties":{"cod_tema":"ARL_PROPOSTA","cod_imovel":"RJ-3300803-DDE577E3342C478EBA0D0270CE1EBD69","num_area":"2.8694000000000000000000000000000","ind_status":"AT"},"geometry":{"type":"Polygon","coordinates":[[[-42.8807,-22.6028],[-42.8778,-22.6041],[-42.8808,-22.6029],[-42.8807,-22.6028]]]}},{"type":"Feature","properties":{"cod_tema":"ARL_PROPOSTA","cod_imovel":"RJ-3300803-FCD6BD91EEC945F1AEB5CF0866F13456","num_area":"14.791600000000000000000000000000","ind_status":"AT"},"geometry":{"type":"Polygon","coordinates":[[[-42.7309,-22.5271],[-42.7289,-22.5249],[-42.7306,-22.5287],[-42.7276,-22.5306],[-42.7314,-22.5275],[-42.7309,-22.5271]],[[-42.7214,-22.5319],[-42.7238,-22.5295],[-42.7197,-22.5302],[-42.7213,-22.5319],[-42.7214,-22.5319]]]}},{"type":"Feature","properties":{"cod_tema":"ARL_PROPOSTA","cod_imovel":"RJ-3300803-2590C3CBA9D348F39919BAA4C2AA3F5F","num_area":"13.208300000000000000000000000000","ind_status":"AT"},"geometry":{"type":"Polygon","coordinates":[[[-42.7302,-22.5011],[-42.734,-22.502],[-42.7335,-22.4998],[-42.7302,-22.501],[-42.7302,-22.5011]],[[-42.7296,-22.4998],[-42.7269,-22.5012],[-42.7297,-22.5005],[-42.7296,-22.4998]]]}},{"type":"Feature","properties":{"cod_tema":"ARL_PROPOSTA","cod_imovel":"RJ-3300803-E478467FA7BB4DEDA2051D7589EC8A74","num_area":"64.957700000000000000000000000000","ind_status":"AT"},"geometry":{"type":"Polygon","coordinates":[[[-42.6459,-22.6153],[-42.634,-22.6126],[-42.6333,-22.6156],[-42.6377,-22.6151],[-42.6328,-22.6163],[-42.6384,-22.6186],[-42.6459,-22.6153]],[[-42.6361,-22.6121],[-42.6293,-22.6112],[-42.631,-22.6157],[-42.6326,-22.6116],[-42.636,-22.6122],[-42.6361,-22.6121]]]}},{"type":"Feature","properties":{"cod_tema":"ARL_PROPOSTA","cod_imovel":"RJ-3300803-1C6BE13889D24E8CB3ACB950738E1F0F","num_area":"6.1513000000000000000000000000000","ind_status":"AT"},"geometry":{"type":"Polygon","coordinates":[[[-42.8198,-22.5909],[-42.8183,-22.5943],[-42.8207,-22.5944],[-42.8199,-22.5916],[-42.8198,-22.5909]]]}},{"type":"Feature","properties":{"cod_tema":"ARL_PROPOSTA","cod_imovel":"RJ-3300803-9DAB742A8C2A40F482F07A0FEF5D3BC5","num_area":"5.9909000000000000000000000000000","ind_status":"AT"},"geometry":{"type":"Polygon","coordinates":[[[-42.8028,-22.6178],[-42.8054,-22.6214],[-42.8029,-22.6178],[-42.8028,-22.6178]]]}},{"type":"Feature","properties":{"cod_tema":"ARL_PROPOSTA","cod_imovel":"RJ-3300803-D2B445C0205346F3B058361BAAD254E3","num_area":"4.6540000000000000000000000000000","ind_status":"AT"},"geometry":{"type":"Polygon","coordinates":[[[-42.7925,-22.6201],[-42.7938,-22.6185],[-42.7924,-22.62],[-42.7925,-22.6201]]]}},{"type":"Feature","properties":{"cod_tema":"ARL_PROPOSTA","cod_imovel":"RJ-3300803-565B734735C74B6A8FF7E952CAD2BC06","num_area":"0.8869000000000000000000000000000","ind_status":"AT"},"geometry":{"type":"Polygon","coordinates":[[[-42.8453,-22.5623],[-42.8437,-22.5601],[-42.8453,-22.5623],[-42.8453,-22.5623]]]}},{"type":"Feature","properties":{"cod_tema":"ARL_PROPOSTA","cod_imovel":"RJ-3300803-893B86B4BDD24019B72DEBD838278E17","num_area":"2.8868000000000000000000000000000","ind_status":"AT"},"geometry":{"type":"Polygon","coordinates":[[[-42.764,-22.5737],[-42.7655,-22.572],[-42.764,-22.5737],[-42.764,-22.5737]]]}},{"type":"Feature","properties":{"cod_tema":"ARL_PROPOSTA","cod_imovel":"RJ-3300803-19579EB4C85846C7A1055C28E4165839","num_area":"3.9369000000000000000000000000000","ind_status":"AT"},"geometry":{"type":"Polygon","coordinates":[[[-42.8282,-22.5669],[-42.8289,-22.5691],[-42.8297,-22.5669],[-42.8282,-22.5669]]]}},{"type":"Feature","properties":{"cod_tema":"ARL_PROPOSTA","cod_imovel":"RJ-3300803-2FA161DEB5454DCC873F82FDD42A690A","num_area":"1.4303000000000000000000000000000","ind_status":"AT"},"geometry":{"type":"Polygon","coordinates":[[[-42.6816,-22.5787],[-42.6836,-22.5786],[-42.6816,-22.5787],[-42.6816,-22.5787]]]}},{"type":"Feature","properties":{"cod_tema":"ARL_PROPOSTA","cod_imovel":"RJ-3300803-64247F87D16D4253B9C295FA2F3603BD","num_area":"10.617400000000000000000000000000","ind_status":"AT"},"geometry":{"type":"Polygon","coordinates":[[[-42.7089,-22.6189],[-42.7069,-22.6135],[-42.7046,-22.6142],[-42.7077,-22.6187],[-42.7089,-22.6189]]]}},{"type":"Feature","properties":{"cod_tema":"ARL_PROPOSTA","cod_imovel":"RJ-3300803-0BE6317D843248A2A80DBA9FB4E94DD0","num_area":"3.1005000000000000000000000000000","ind_status":"AT"},"geometry":{"type":"Polygon","coordinates":[[[-42.8405,-22.6167],[-42.8382,-22.6167],[-42.8406,-22.6167],[-42.8405,-22.6167]]]}},{"type":"Feature","properties":{"cod_tema":"ARL_PROPOSTA","cod_imovel":"RJ-3300803-85D76B649BB141F4B5E0D0D22F7B1D95","num_area":"2.3857000000000000000000000000000","ind_status":"AT"},"geometry":{"type":"Polygon","coordinates":[[[-42.7674,-22.5906],[-42.768,-22.5883],[-42.7674,-22.5906],[-42.7674,-22.5906]]]}},{"type":"Feature","properties":{"cod_tema":"ARL_PROPOSTA","cod_imovel":"RJ-3300803-6A0DC02619ED4A9398A68AF6EF054FA0","num_area":"6.7559000000000000000000000000000","ind_status":"AT"},"geometry":{"type":"Polygon","coordinates":[[[-42.8413,-22.5725],[-42.8407,-22.5703],[-42.8377,-22.5723],[-42.841,-22.5727],[-42.8413,-22.5725]]]}},{"type":"Feature","properties":{"cod_tema":"ARL_PROPOSTA","cod_imovel":"RJ-3300803-5400CFEBE8864B4FA2C170ADB3CA28D5","num_area":"0.5855000000000000000000000000000","ind_status":"AT"},"geometry":{"type":"Polygon","coordinates":[[[-42.8118,-22.6369],[-42.8144,-22.6371],[-42.8118,-22.6366],[-42.8118,-22.6369]]]}},{"type":"Feature","properties":{"cod_tema":"ARL_PROPOSTA","cod_imovel":"RJ-3300803-F29F3AD7E1E64F6FA2877E8926865B1F","num_area":"0.2608000000000000000000000000000","ind_status":"AT"},"geometry":{"type":"Polygon","coordinates":[[[-42.8277,-22.6385],[-42.8302,-22.6381],[-42.8277,-22.6384],[-42.8277,-22.6385]]]}},{"type":"Feature","properties":{"cod_tema":"ARL_PROPOSTA","cod_imovel":"RJ-3300803-C1107232D02E446C8B815BA6169AFE06","num_area":"1.4811000000000000000000000000000","ind_status":"AT"},"geometry":{"type":"Polygon","coordinates":[[[-42.8504,-22.5816],[-42.8486,-22.5806],[-42.8503,-22.5815],[-42.8504,-22.5816]]]}},{"type":"Feature","properties":{"cod_tema":"ARL_PROPOSTA","cod_imovel":"RJ-3300803-D980729AD12545B0A0BF1832F892A50D","num_area":"3.3589000000000000000000000000000","ind_status":"AT"},"geometry":{"type":"Polygon","coordinates":[[[-42.845,-22.6115],[-42.8476,-22.6121],[-42.8451,-22.6113],[-42.845,-22.6115]]]}},{"type":"Feature","properties":{"cod_tema":"ARL_PROPOSTA","cod_imovel":"RJ-3300803-468EAAC4DD3B42EA844384FD23739F62","num_area":"2.9249000000000000000000000000000","ind_status":"AT"},"geometry":{"type":"Polygon","coordinates":[[[-42.8034,-22.6196],[-42.8018,-22.6182],[-42.8035,-22.6198],[-42.8034,-22.6196]]]}},{"type":"Feature","properties":{"cod_tema":"ARL_PROPOSTA","cod_imovel":"RJ-3300803-017EE3ED80FC404496B8844AFA998DB5","num_area":"3.6168000000000000000000000000000","ind_status":"AT"},"geometry":{"type":"Polygon","coordinates":[[[-42.8611,-22.5765],[-42.8597,-22.5789],[-42.8615,-22.5769],[-42.8611,-22.5765]]]}},{"type":"Feature","properties":{"cod_tema":"ARL_PROPOSTA","cod_imovel":"RJ-3300803-9BDC52B898024F52AFD4B92D985AF7A6","num_area":"3.8942000000000000000000000000000","ind_status":"AT"},"geometry":{"type":"Polygon","coordinates":[[[-42.8312,-22.5812],[-42.8346,-22.5824],[-42.8327,-22.5792],[-42.8311,-22.5812],[-42.8312,-22.5812]]]}},{"type":"Feature","properties":{"cod_tema":"ARL_PROPOSTA","cod_imovel":"RJ-3300803-07C79D7885024050AAC2316D521BC28B","num_area":"14.280100000000000000000000000000","ind_status":"AT"},"geometry":{"type":"Polygon","coordinates":[[[-42.8522,-22.6136],[-42.8498,-22.616],[-42.8519,-22.6148],[-42.8522,-22.6136]],[[-42.8519,-22.612],[-42.8493,-22.6139],[-42.8513,-22.6135],[-42.8519,-22.612]],[[-42.848,-22.6129],[-42.8473,-22.6157],[-42.8482,-22.6127],[-42.848,-22.6129]]]}},{"type":"Feature","properties":{"cod_tema":"ARL_PROPOSTA","cod_imovel":"RJ-3300803-CC6CB4C119F448D4A244BC2589B7A92C","num_area":"7.0218000000000000000000000000000","ind_status":"AT"},"geometry":{"type":"Polygon","coordinates":[[[-42.8615,-22.6008],[-42.8595,-22.5991],[-42.8615,-22.6008],[-42.8615,-22.6008]]]}},{"type":"Feature","properties":{"cod_tema":"ARL_PROPOSTA","cod_imovel":"RJ-3300803-9E6A26D3D22441E587AAE796CEF3C85E","num_area":"7.1505000000000000000000000000000","ind_status":"AT"},"geometry":{"type":"Polygon","coordinates":[[[-42.8507,-22.6057],[-42.8551,-22.6058],[-42.8533,-22.6049],[-42.8507,-22.6057]]]}},{"type":"Feature","properties":{"cod_tema":"ARL_PROPOSTA","cod_imovel":"RJ-3300803-9E1861760C97400BA4834CC6D276B21E","num_area":"12.119400000000000000000000000000","ind_status":"AT"},"geometry":{"type":"Polygon","coordinates":[[[-42.7431,-22.5687],[-42.7411,-22.5723],[-42.7447,-22.572],[-42.7434,-22.5685],[-42.7431,-22.5687]]]}},{"type":"Feature","properties":{"cod_tema":"ARL_PROPOSTA","cod_imovel":"RJ-3300803-80CF59C2C38F4E6C8708CF5B4372BF00","num_area":"4.8753000000000000000000000000000","ind_status":"AT"},"geometry":{"type":"Polygon","coordinates":[[[-42.8242,-22.597],[-42.8218,-22.5963],[-42.8242,-22.597],[-42.8242,-22.597]]]}},{"type":"Feature","properties":{"cod_tema":"ARL_PROPOSTA","cod_imovel":"RJ-3300803-65903DE496554823AC5F6BEAC2E02AFF","num_area":"3.8234000000000000000000000000000","ind_status":"AT"},"geometry":{"type":"Polygon","coordinates":[[[-42.8335,-22.5922],[-42.8362,-22.593],[-42.8336,-22.5922],[-42.8335,-22.5922]]]}},{"type":"Feature","properties":{"cod_tema":"ARL_PROPOSTA","cod_imovel":"RJ-3300803-EEAA61A98D774D808A8CD9319B70E529","num_area":"19.650400000000000000000000000000","ind_status":"AT"},"geometry":{"type":"Polygon","coordinates":[[[-42.8114,-22.5246],[-42.8076,-22.5308],[-42.8111,-22.526],[-42.8114,-22.5246]],[[-42.8016,-22.5299],[-42.7997,-22.5318],[-42.8019,-22.5342],[-42.8018,-22.5297],[-42.8016,-22.5299]]]}},{"type":"Feature","properties":{"cod_tema":"ARL_PROPOSTA","cod_imovel":"RJ-3300803-F65311A711D741F99F0D089C4FA206F2","num_area":"4.0996000000000000000000000000000","ind_status":"AT"},"geometry":{"type":"Polygon","coordinates":[[[-42.6712,-22.6311],[-42.6712,-22.6276],[-42.6707,-22.631],[-42.6712,-22.6311]]]}},{"type":"Feature","properties":{"cod_tema":"ARL_PROPOSTA","cod_imovel":"RJ-3300803-87081C675CEA4C608A8F84B27E5629F4","num_area":"4.0611000000000000000000000000000","ind_status":"AT"},"geometry":{"type":"Polygon","coordinates":[[[-42.6687,-22.6178],[-42.6666,-22.6168],[-42.6685,-22.6184],[-42.6687,-22.6178]]]}},{"type":"Feature","properties":{"cod_tema":"ARL_PROPOSTA","cod_imovel":"RJ-3300803-43156E28E5DE404787E91DE631C46819","num_area":"4.6919000000000000000000000000000","ind_status":"AT"},"geometry":{"type":"Polygon","coordinates":[[[-42.6727,-22.6162],[-42.6683,-22.6167],[-42.6725,-22.617],[-42.6727,-22.6162]]]}},{"type":"Feature","properties":{"cod_tema":"ARL_PROPOSTA","cod_imovel":"RJ-3300803-DA4DA78CF51C46D2A069FD8218459AC9","num_area":"4.2936000000000000000000000000000","ind_status":"AT"},"geometry":{"type":"Polygon","coordinates":[[[-42.8146,-22.5045],[-42.8171,-22.5026],[-42.8146,-22.5045],[-42.8146,-22.5045]]]}},{"type":"Feature","properties":{"cod_tema":"ARL_PROPOSTA","cod_imovel":"RJ-3300803-AF24395A17A3406483F9C00A78CD7430","num_area":"3.9193000000000000000000000000000","ind_status":"AT"},"geometry":{"type":"Polygon","coordinates":[[[-42.6951,-22.5342],[-42.6928,-22.5304],[-42.6951,-22.5341],[-42.6951,-22.5342]]]}},{"type":"Feature","properties":{"cod_tema":"ARL_PROPOSTA","cod_imovel":"RJ-3300803-3B280EC17EFB4601806BAF7384496C15","num_area":"2.9023000000000000000000000000000","ind_status":"AT"},"geometry":{"type":"Polygon","coordinates":[[[-42.6973,-22.5303],[-42.7004,-22.5294],[-42.6973,-22.53],[-42.6973,-22.5303]]]}},{"type":"Feature","properties":{"cod_tema":"ARL_PROPOSTA","cod_imovel":"RJ-3300803-09716188A30B4B37AF8E0854FD179CCA","num_area":"16.243900000000000000000000000000","ind_status":"AT"},"geometry":{"type":"Polygon","coordinates":[[[-42.8145,-22.5567],[-42.8209,-22.5544],[-42.8163,-22.5532],[-42.8145,-22.5567]]]}},{"type":"Feature","properties":{"cod_tema":"ARL_PROPOSTA","cod_imovel":"RJ-3300803-39A501F34F654A739AD4327D0FF65E4C","num_area":"15.872800000000000000000000000000","ind_status":"SU"},"geometry":{"type":"Polygon","coordinates":[[[-42.7392,-22.5189],[-42.737,-22.5196],[-42.7392,-22.5189],[-42.7392,-22.5189]],[[-42.7394,-22.5272],[-42.74,-22.5251],[-42.7383,-22.5265],[-42.7394,-22.5272]],[[-42.7363,-22.5208],[-42.7353,-22.5236],[-42.7392,-22.5209],[-42.7365,-22.5205],[-42.7363,-22.5208]],[[-42.7323,-22.5285],[-42.7331,-22.5306],[-42.7324,-22.5284],[-42.7323,-22.5285]]]}},{"type":"Feature","properties":{"cod_tema":"ARL_PROPOSTA","cod_imovel":"RJ-3300803-940C24D94C9543CCA8AE79150782DB91","num_area":"4.2483000000000000000000000000000","ind_status":"AT"},"geometry":{"type":"Polygon","coordinates":[[[-42.8709,-22.6072],[-42.8706,-22.6045],[-42.8687,-22.6062],[-42.8708,-22.6072],[-42.8709,-22.6072]]]}},{"type":"Feature","properties":{"cod_tema":"ARL_PROPOSTA","cod_imovel":"RJ-3300803-4A0AD650AC9D46AAA967179FD218ACDA","num_area":"3.9376000000000000000000000000000","ind_status":"AT"},"geometry":{"type":"Polygon","coordinates":[[[-42.814,-22.578],[-42.8133,-22.5746],[-42.8138,-22.578],[-42.814,-22.578]]]}},{"type":"Feature","properties":{"cod_tema":"ARL_PROPOSTA","cod_imovel":"RJ-3300803-F365731A8EAB4BE6A02D8A7A91FCFBAA","num_area":"47.927600000000000000000000000000","ind_status":"AT"},"geometry":{"type":"Polygon","coordinates":[[[-42.7146,-22.5631],[-42.7143,-22.5605],[-42.7059,-22.5645],[-42.7118,-22.5684],[-42.7146,-22.5631]]]}},{"type":"Feature","properties":{"cod_tema":"ARL_PROPOSTA","cod_imovel":"RJ-3300803-30C5972327A04021B4AC50D37292B9DE","num_area":"7.2450000000000000000000000000000","ind_status":"AT"},"geometry":{"type":"Polygon","coordinates":[[[-42.7822,-22.4893],[-42.7795,-22.4907],[-42.7833,-22.4905],[-42.7822,-22.4893]]]}},{"type":"Feature","properties":{"cod_tema":"ARL_PROPOSTA","cod_imovel":"RJ-3300803-94EECB0C494B4E30850E2C5AD706C195","num_area":"6.3144000000000000000000000000000","ind_status":"AT"},"geometry":{"type":"Polygon","coordinates":[[[-42.7674,-22.4802],[-42.7723,-22.4794],[-42.7679,-22.4797],[-42.7674,-22.4802]]]}},{"type":"Feature","properties":{"cod_tema":"ARL_PROPOSTA","cod_imovel":"RJ-3300803-A1D6DBA15BEF489C95EF1542EEB4CF4E","num_area":"2.4523000000000000000000000000000","ind_status":"AT"},"geometry":{"type":"Polygon","coordinates":[[[-42.778,-22.4835],[-42.7761,-22.4823],[-42.777,-22.4841],[-42.778,-22.4835]]]}},{"type":"Feature","properties":{"cod_tema":"ARL_PROPOSTA","cod_imovel":"RJ-3300803-B303BF1D45C1480FBFD675288B0AD399","num_area":"33.183100000000000000000000000000","ind_status":"AT"},"geometry":{"type":"Polygon","coordinates":[[[-42.8501,-22.5972],[-42.8503,-22.5997],[-42.8501,-22.5972],[-42.8501,-22.5972]],[[-42.8546,-22.5885],[-42.8539,-22.5929],[-42.8551,-22.5894],[-42.8546,-22.5885]],[[-42.8588,-22.5912],[-42.8544,-22.5935],[-42.8551,-22.5961],[-42.8584,-22.5916],[-42.8588,-22.5912]]]}},{"type":"Feature","properties":{"cod_tema":"ARL_PROPOSTA","cod_imovel":"RJ-3300803-CF419D0F76FF4820BE3D8CE027AC3DD1","num_area":"7.1088000000000000000000000000000","ind_status":"AT"},"geometry":{"type":"Polygon","coordinates":[[[-42.7395,-22.5829],[-42.7422,-22.5828],[-42.7395,-22.5829],[-42.7395,-22.5829]],[[-42.7444,-22.5837],[-42.7439,-22.581],[-42.7444,-22.5834],[-42.7444,-22.5837]]]}},{"type":"Feature","properties":{"cod_tema":"ARL_PROPOSTA","cod_imovel":"RJ-3300803-AF6F25E3C15A46B6A4F68E71B4CA817E","num_area":"4.2008000000000000000000000000000","ind_status":"AT"},"geometry":{"type":"Polygon","coordinates":[[[-42.8051,-22.5706],[-42.8029,-22.5713],[-42.8051,-22.5713],[-42.8051,-22.5706]]]}},{"type":"Feature","properties":{"cod_tema":"ARL_PROPOSTA","cod_imovel":"RJ-3300803-9640879AB66B4270BFCD314758A28507","num_area":"18.359900000000000000000000000000","ind_status":"AT"},"geometry":{"type":"Polygon","coordinates":[[[-42.7185,-22.6113],[-42.7209,-22.6126],[-42.7176,-22.606],[-42.7151,-22.6069],[-42.7182,-22.6109],[-42.7185,-22.6113]]]}},{"type":"Feature","properties":{"cod_tema":"ARL_PROPOSTA","cod_imovel":"RJ-3300803-B927578C58124CED92DA096CD951CD8F","num_area":"9.5319000000000000000000000000000","ind_status":"AT"},"geometry":{"type":"Polygon","coordinates":[[[-42.8222,-22.5761],[-42.8281,-22.5744],[-42.8227,-22.576],[-42.8222,-22.5761]]]}},{"type":"Feature","properties":{"cod_tema":"ARL_PROPOSTA","cod_imovel":"RJ-3300803-C545CCE564504B7AA08011CF0325FC1A","num_area":"12.836900000000000000000000000000","ind_status":"AT"},"geometry":{"type":"Polygon","coordinates":[[[-42.7352,-22.5236],[-42.7379,-22.5183],[-42.7338,-22.5197],[-42.7351,-22.5243],[-42.7352,-22.5236]]]}},{"type":"Feature","properties":{"cod_tema":"ARL_PROPOSTA","cod_imovel":"RJ-3300803-91638CED8C354224B8F3BCC6D8F9EA29","num_area":"3.1602000000000000000000000000000","ind_status":"AT"},"geometry":{"type":"Polygon","coordinates":[[[-42.7656,-22.6258],[-42.7685,-22.6249],[-42.7657,-22.6258],[-42.7656,-22.6258]]]}},{"type":"Feature","properties":{"cod_tema":"ARL_PROPOSTA","cod_imovel":"RJ-3300803-07F2C8BB3C6845B585D2CB300563801F","num_area":"6.5302000000000000000000000000000","ind_status":"AT"},"geometry":{"type":"Polygon","coordinates":[[[-42.8228,-22.5853],[-42.8213,-22.5897],[-42.8229,-22.5852],[-42.8228,-22.5853]]]}},{"type":"Feature","properties":{"cod_tema":"ARL_PROPOSTA","cod_imovel":"RJ-3300803-73DD682C6B6B4B5986C97915926881A0","num_area":"12.041900000000000000000000000000","ind_status":"AT"},"geometry":{"type":"Polygon","coordinates":[[[-42.7153,-22.6263],[-42.7124,-22.622],[-42.7131,-22.6273],[-42.7153,-22.6263]]]}},{"type":"Feature","properties":{"cod_tema":"ARL_PROPOSTA","cod_imovel":"RJ-3300803-F32246BBC6264E0EA59211C16B0C16D4","num_area":"41.340400000000000000000000000000","ind_status":"AT"},"geometry":{"type":"Polygon","coordinates":[[[-42.7989,-22.5977],[-42.7938,-22.589],[-42.7908,-22.5891],[-42.7897,-22.5922],[-42.7987,-22.5979],[-42.7989,-22.5977]]]}},{"type":"Feature","properties":{"cod_tema":"ARL_PROPOSTA","cod_imovel":"RJ-3300803-AAC2E619B28C4F44868EFD67422F50C4","num_area":"6.6986000000000000000000000000000","ind_status":"AT"},"geometry":{"type":"Polygon","coordinates":[[[-42.7655,-22.5486],[-42.7626,-22.5472],[-42.7655,-22.5489],[-42.7655,-22.5486]]]}},{"type":"Feature","properties":{"cod_tema":"ARL_PROPOSTA","cod_imovel":"RJ-3300803-9F96A59AEEB24F55BBA88BD03A4CCA4A","num_area":"2.0892000000000000000000000000000","ind_status":"AT"},"geometry":{"type":"Polygon","coordinates":[[[-42.8729,-22.6058],[-42.8752,-22.6045],[-42.8728,-22.6058],[-42.8729,-22.6058]]]}},{"type":"Feature","properties":{"cod_tema":"ARL_PROPOSTA","cod_imovel":"RJ-3300803-3EF021F8182C4AF784B13C7D687D11DE","num_area":"8.9575000000000000000000000000000","ind_status":"AT"},"geometry":{"type":"Polygon","coordinates":[[[-42.8009,-22.5834],[-42.8035,-22.5854],[-42.8029,-22.5807],[-42.8008,-22.5826],[-42.8009,-22.5834]]]}},{"type":"Feature","properties":{"cod_tema":"ARL_PROPOSTA","cod_imovel":"RJ-3300803-2FB0B931118E4D0E8E6AAE642E741E85","num_area":"6.1581000000000000000000000000000","ind_status":"AT"},"geometry":{"type":"Polygon","coordinates":[[[-42.8346,-22.5687],[-42.8322,-22.5689],[-42.8361,-22.5687],[-42.8346,-22.5687]]]}},{"type":"Feature","properties":{"cod_tema":"ARL_PROPOSTA","cod_imovel":"RJ-3300803-706592A172534958912DC58DD9EE1E53","num_area":"2.9002000000000000000000000000000","ind_status":"AT"},"geometry":{"type":"Polygon","coordinates":[[[-42.8071,-22.5912],[-42.807,-22.5889],[-42.8068,-22.5911],[-42.8071,-22.5912]]]}},{"type":"Feature","properties":{"cod_tema":"ARL_PROPOSTA","cod_imovel":"RJ-3300803-6887664348FE409886B841230CE71776","num_area":"2.4086000000000000000000000000000","ind_status":"AT"},"geometry":{"type":"Polygon","coordinates":[[[-42.8052,-22.5927],[-42.8081,-22.5948],[-42.8054,-22.5925],[-42.8052,-22.5927]]]}},{"type":"Feature","properties":{"cod_tema":"ARL_PROPOSTA","cod_imovel":"RJ-3300803-BCB09A3089724CCF9B94D44B44E8F089","num_area":"2.6076000000000000000000000000000","ind_status":"AT"},"geometry":{"type":"Polygon","coordinates":[[[-42.7926,-22.5698],[-42.7947,-22.5693],[-42.7927,-22.5688],[-42.7926,-22.5698]]]}},{"type":"Feature","properties":{"cod_tema":"ARL_PROPOSTA","cod_imovel":"RJ-3300803-038CE5AE6A38479F880EB63CE14E3CB7","num_area":"30.582100000000000000000000000000","ind_status":"AT"},"geometry":{"type":"Polygon","coordinates":[[[-42.7272,-22.5766],[-42.7294,-22.5811],[-42.7319,-22.578],[-42.7274,-22.5762],[-42.7272,-22.5766]],[[-42.7342,-22.5711],[-42.7343,-22.5737],[-42.7341,-22.5714],[-42.7342,-22.5711]],[[-42.7408,-22.5618],[-42.7394,-22.5595],[-42.7407,-22.5619],[-42.7408,-22.5618]],[[-42.7409,-22.561],[-42.7394,-22.5594],[-42.7408,-22.5611],[-42.7409,-22.561]]]}},{"type":"Feature","properties":{"cod_tema":"ARL_PROPOSTA","cod_imovel":"RJ-3300803-70EA94ADAB884AD89A31E4A719D76035","num_area":"6.7676000000000000000000000000000","ind_status":"AT"},"geometry":{"type":"Polygon","coordinates":[[[-42.817,-22.5915],[-42.8172,-22.5952],[-42.8176,-22.5917],[-42.817,-22.5915]]]}},{"type":"Feature","properties":{"cod_tema":"ARL_PROPOSTA","cod_imovel":"RJ-3300803-FFE6752D154A4DDC98875EF89B029E88","num_area":"3.8063000000000000000000000000000","ind_status":"AT"},"geometry":{"type":"Polygon","coordinates":[[[-42.8272,-22.5699],[-42.8291,-22.567],[-42.8272,-22.5691],[-42.8272,-22.5699]]]}},{"type":"Feature","properties":{"cod_tema":"ARL_PROPOSTA","cod_imovel":"RJ-3300803-60BF437440A84D1F8A71E41354B0065A","num_area":"4.9483000000000000000000000000000","ind_status":"AT"},"geometry":{"type":"Polygon","coordinates":[[[-42.8414,-22.6127],[-42.8435,-22.6111],[-42.8414,-22.6127],[-42.8414,-22.6127]]]}},{"type":"Feature","properties":{"cod_tema":"ARL_PROPOSTA","cod_imovel":"RJ-3300803-EF61715039274CE0A8DE1D60FC5A7A59","num_area":"2.5023000000000000000000000000000","ind_status":"AT"},"geometry":{"type":"Polygon","coordinates":[[[-42.8618,-22.5656],[-42.8614,-22.5635],[-42.8618,-22.5656],[-42.8618,-22.5656]]]}},{"type":"Feature","properties":{"cod_tema":"ARL_PROPOSTA","cod_imovel":"RJ-3300803-8D6F55B6A9054D5C80116EA742B25F1D","num_area":"4.4042000000000000000000000000000","ind_status":"AT"},"geometry":{"type":"Polygon","coordinates":[[[-42.8257,-22.6198],[-42.8276,-22.6204],[-42.8263,-22.6182],[-42.8257,-22.6198]]]}},{"type":"Feature","properties":{"cod_tema":"ARL_PROPOSTA","cod_imovel":"RJ-3301900-4A3F3A9846474EE29F28AFDAA50A174A","num_area":"22.050100000000000000000000000000","ind_status":"AT"},"geometry":{"type":"Polygon","coordinates":[[[-42.8529,-22.6238],[-42.8502,-22.6231],[-42.8535,-22.6238],[-42.8529,-22.6238]],[[-42.8486,-22.6194],[-42.8494,-22.6173],[-42.8483,-22.6194],[-42.8486,-22.6194]],[[-42.8471,-22.6225],[-42.8492,-22.6269],[-42.8479,-22.6226],[-42.8471,-22.6225]]]}},{"type":"Feature","properties":{"cod_tema":"ARL_PROPOSTA","cod_imovel":"RJ-3300803-89EA7CB711744A3194F5421875F110F5","num_area":"3.8541000000000000000000000000000","ind_status":"AT"},"geometry":{"type":"Polygon","coordinates":[[[-42.7488,-22.5809],[-42.7477,-22.5837],[-42.7488,-22.581],[-42.7488,-22.5809]]]}},{"type":"Feature","properties":{"cod_tema":"ARL_PROPOSTA","cod_imovel":"RJ-3300803-B63D2FF3F0C0452C9266DC0ECF22D7CF","num_area":"52.334800000000000000000000000000","ind_status":"AT"},"geometry":{"type":"Polygon","coordinates":[[[-42.7506,-22.6721],[-42.7473,-22.67],[-42.7504,-22.6725],[-42.7506,-22.6721]],[[-42.7473,-22.6701],[-42.7407,-22.6758],[-42.7458,-22.6735],[-42.7462,-22.6761],[-42.7504,-22.6725],[-42.7473,-22.6701],[-42.7473,-22.6701]],[[-42.7407,-22.6759],[-42.7441,-22.6754],[-42.7407,-22.6759],[-42.7407,-22.6759]],[[-42.7402,-22.677],[-42.7421,-22.6796],[-42.7458,-22.6735],[-42.7403,-22.677],[-42.7402,-22.677]]]}},{"type":"Feature","properties":{"cod_tema":"ARL_PROPOSTA","cod_imovel":"RJ-3300803-6253A5C27B364D67AD43DCB141D02F82","num_area":"45.323600000000000000000000000000","ind_status":"AT"},"geometry":{"type":"Polygon","coordinates":[[[-42.8877,-22.493],[-42.8924,-22.4923],[-42.8941,-22.4883],[-42.8862,-22.4865],[-42.8877,-22.493]],[[-42.8925,-22.4923],[-42.8958,-22.4887],[-42.8923,-22.4922],[-42.8925,-22.4923]]]}},{"type":"Feature","properties":{"cod_tema":"ARL_PROPOSTA","cod_imovel":"RJ-3300803-424D004BACDD43F7AB38E49F15365033","num_area":"2.7998000000000000000000000000000","ind_status":"AT"},"geometry":{"type":"Polygon","coordinates":[[[-42.7904,-22.563],[-42.7859,-22.5631],[-42.7877,-22.5645],[-42.7904,-22.563]]]}},{"type":"Feature","properties":{"cod_tema":"ARL_PROPOSTA","cod_imovel":"RJ-3300803-6C5A95E14BB44DC7A718159495F4B936","num_area":"2.0667000000000000000000000000000","ind_status":"AT"},"geometry":{"type":"Polygon","coordinates":[[[-42.8121,-22.5132],[-42.814,-22.5142],[-42.8126,-22.5128],[-42.8121,-22.5132]]]}},{"type":"Feature","properties":{"cod_tema":"ARL_PROPOSTA","cod_imovel":"RJ-3300803-A609E1B85AE74D99B0773E4C903DC717","num_area":"19.641900000000000000000000000000","ind_status":"AT"},"geometry":{"type":"Polygon","coordinates":[[[-42.7301,-22.445],[-42.7355,-22.4406],[-42.7313,-22.4408],[-42.7298,-22.4444],[-42.7301,-22.445]]]}},{"type":"Feature","properties":{"cod_tema":"ARL_PROPOSTA","cod_imovel":"RJ-3300803-51AE8855981F403A83D000B9C51C1F93","num_area":"51.648900000000000000000000000000","ind_status":"AT"},"geometry":{"type":"Polygon","coordinates":[[[-42.7745,-22.4571],[-42.7721,-22.4548],[-42.7746,-22.4572],[-42.7745,-22.4571]],[[-42.7637,-22.464],[-42.7628,-22.4676],[-42.7636,-22.4645],[-42.7637,-22.464]],[[-42.7659,-22.4654],[-42.7683,-22.4676],[-42.7661,-22.4655],[-42.7659,-22.4654]],[[-42.7582,-22.4732],[-42.7629,-22.47],[-42.7611,-22.4662],[-42.7582,-22.4732]],[[-42.7693,-22.4711],[-42.7762,-22.4734],[-42.7694,-22.4712],[-42.7693,-22.4711]],[[-42.7611,-22.4734],[-42.767,-22.4708],[-42.7611,-22.4735],[-42.7611,-22.4734]],[[-42.7802,-22.4748],[-42.7707,-22.4597],[-42.7657,-22.4582],[-42.7651,-22.4602],[-42.7697,-22.4591],[-42.7798,-22.4737],[-42.7764,-22.4735],[-42.78,-22.4748],[-42.7802,-22.4748]],[[-42.7811,-22.475],[-42.7788,-22.4716],[-42.7811,-22.4749],[-42.7811,-22.475]],[[-42.7764,-22.4689],[-42.7769,-22.4627],[-42.7747,-22.465],[-42.77,-22.4585],[-42.7717,-22.4546],[-42.7696,-22.4587],[-42.7763,-22.4688],[-42.7764,-22.4689]]]}},{"type":"Feature","properties":{"cod_tema":"ARL_PROPOSTA","cod_imovel":"RJ-3300803-F075E4B2D9E345ECA849460D691A3F9B","num_area":"4.8086000000000000000000000000000","ind_status":"AT"},"geometry":{"type":"Polygon","coordinates":[[[-42.7183,-22.4142],[-42.7122,-22.421],[-42.7187,-22.4143],[-42.7183,-22.4142]]]}},{"type":"Feature","properties":{"cod_tema":"ARL_PROPOSTA","cod_imovel":"RJ-3300803-E47A85886C6444FB96F87C08801A4A9D","num_area":"3.6257000000000000000000000000000","ind_status":"AT"},"geometry":{"type":"Polygon","coordinates":[[[-42.7728,-22.4904],[-42.77,-22.4901],[-42.7728,-22.4904],[-42.7728,-22.4904]]]}},{"type":"Feature","properties":{"cod_tema":"ARL_PROPOSTA","cod_imovel":"RJ-3300803-33297D3C3CE7463189C4EF970D10CC55","num_area":"48.497600000000000000000000000000","ind_status":"CA"},"geometry":{"type":"Polygon","coordinates":[[[-42.6878,-22.4146],[-42.6841,-22.4186],[-42.6917,-22.423],[-42.6954,-22.4183],[-42.6885,-22.4151],[-42.6878,-22.4146]]]}},{"type":"Feature","properties":{"cod_tema":"ARL_PROPOSTA","cod_imovel":"RJ-3300803-694302504B914DC1B49F7CDAD5B93810","num_area":"5.1569000000000000000000000000000","ind_status":"AT"},"geometry":{"type":"Polygon","coordinates":[[[-42.6184,-22.5069],[-42.6162,-22.5108],[-42.6185,-22.5069],[-42.6184,-22.5069]],[[-42.6183,-22.5127],[-42.6199,-22.5106],[-42.6178,-22.5131],[-42.6183,-22.5127]],[[-42.6137,-22.5125],[-42.6153,-22.5145],[-42.6138,-22.5125],[-42.6137,-22.5125]]]}},{"type":"Feature","properties":{"cod_tema":"ARL_PROPOSTA","cod_imovel":"RJ-3300803-DFE361FCE4D34F6D80924F45DE919EC4","num_area":"17.509500000000000000000000000000","ind_status":"AT"},"geometry":{"type":"Polygon","coordinates":[[[-42.5602,-22.4112],[-42.5682,-22.4098],[-42.5652,-22.4087],[-42.5602,-22.4112]]]}},{"type":"Feature","properties":{"cod_tema":"ARL_PROPOSTA","cod_imovel":"RJ-3300803-470E8D500D864C09A6163914D563864E","num_area":"14.169800000000000000000000000000","ind_status":"AT"},"geometry":{"type":"Polygon","coordinates":[[[-42.626,-22.6068],[-42.6262,-22.609],[-42.6307,-22.6062],[-42.6259,-22.6058],[-42.626,-22.6068]]]}},{"type":"Feature","properties":{"cod_tema":"ARL_PROPOSTA","cod_imovel":"RJ-3300803-2E36297C4E134F55A994938FD9D634F1","num_area":"1.6007000000000000000000000000000","ind_status":"AT"},"geometry":{"type":"Polygon","coordinates":[[[-42.6019,-22.4795],[-42.6057,-22.4799],[-42.6019,-22.4795],[-42.6019,-22.4795]]]}},{"type":"Feature","properties":{"cod_tema":"ARL_PROPOSTA","cod_imovel":"RJ-3300803-445F731B98384CF697F9C7A6ABCFA1D3","num_area":"9.5083000000000000000000000000000","ind_status":"AT"},"geometry":{"type":"Polygon","coordinates":[[[-42.7235,-22.445],[-42.7208,-22.4426],[-42.7194,-22.4446],[-42.7222,-22.4465],[-42.7235,-22.445]]]}},{"type":"Feature","properties":{"cod_tema":"ARL_PROPOSTA","cod_imovel":"RJ-3300803-57922EB16BBD4B15A8DE9ADF76671B99","num_area":"5.9097000000000000000000000000000","ind_status":"AT"},"geometry":{"type":"Polygon","coordinates":[[[-42.7134,-22.4603],[-42.7158,-22.4579],[-42.7128,-22.4573],[-42.7128,-22.4602],[-42.7134,-22.4603]]]}},{"type":"Feature","properties":{"cod_tema":"ARL_PROPOSTA","cod_imovel":"RJ-3300803-195BCFBDE59A4AE3B99A394AC3915C10","num_area":"5.6179000000000000000000000000000","ind_status":"AT"},"geometry":{"type":"Polygon","coordinates":[[[-42.8473,-22.5042],[-42.845,-22.5047],[-42.8475,-22.5057],[-42.8473,-22.5042]]]}},{"type":"Feature","properties":{"cod_tema":"ARL_PROPOSTA","cod_imovel":"RJ-3300803-A40EE71CC91D493FAECD79F981BE6677","num_area":"3.6159000000000000000000000000000","ind_status":"AT"},"geometry":{"type":"Polygon","coordinates":[[[-42.7567,-22.6296],[-42.7589,-22.6307],[-42.7582,-22.6286],[-42.7567,-22.6296]]]}},{"type":"Feature","properties":{"cod_tema":"ARL_PROPOSTA","cod_imovel":"RJ-3300803-4B9BF3E9CDED4133A8C14E7B680D76E6","num_area":"37.646000000000000000000000000000","ind_status":"CA"},"geometry":{"type":"Polygon","coordinates":[[[-42.8109,-22.4311],[-42.8044,-22.4341],[-42.8056,-22.437],[-42.8111,-22.4312],[-42.8109,-22.4311]],[[-42.8044,-22.434],[-42.7995,-22.436],[-42.8055,-22.437],[-42.8043,-22.4343],[-42.8044,-22.434]]]}},{"type":"Feature","properties":{"cod_tema":"ARL_PROPOSTA","cod_imovel":"RJ-3300803-9716C78004CD4B98B71418D641BB5631","num_area":"1.9841000000000000000000000000000","ind_status":"AT"},"geometry":{"type":"Polygon","coordinates":[[[-42.7294,-22.4969],[-42.727,-22.498],[-42.7293,-22.497],[-42.7294,-22.4969]]]}},{"type":"Feature","properties":{"cod_tema":"ARL_PROPOSTA","cod_imovel":"RJ-3300803-13068120695D40AABEB261D0B8FACCA1","num_area":"17.293900000000000000000000000000","ind_status":"CA"},"geometry":{"type":"Polygon","coordinates":[[[-42.7944,-22.429],[-42.797,-22.4291],[-42.7915,-22.4262],[-42.7898,-22.4288],[-42.7938,-22.429],[-42.7944,-22.429]],[[-42.7956,-22.4271],[-42.7915,-22.4261],[-42.7956,-22.4274],[-42.7956,-22.4271]]]}},{"type":"Feature","properties":{"cod_tema":"ARL_PROPOSTA","cod_imovel":"RJ-3300803-3175CB3D3DF4443B8CDC5A064039E023","num_area":"4.0680000000000000000000000000000","ind_status":"AT"},"geometry":{"type":"Polygon","coordinates":[[[-42.7662,-22.5206],[-42.7686,-22.5195],[-42.7661,-22.5206],[-42.7662,-22.5206]]]}},{"type":"Feature","properties":{"cod_tema":"ARL_PROPOSTA","cod_imovel":"RJ-3300803-E9648BF5F74B4232AF3EC54B83D45C3E","num_area":"5.7969000000000000000000000000000","ind_status":"AT"},"geometry":{"type":"Polygon","coordinates":[[[-42.7389,-22.5146],[-42.7394,-22.5115],[-42.7379,-22.5142],[-42.7389,-22.5146]]]}},{"type":"Feature","properties":{"cod_tema":"ARL_PROPOSTA","cod_imovel":"RJ-3300803-2637C8AD1A5C481CB2344B2DFE805EA8","num_area":"27.029700000000000000000000000000","ind_status":"AT"},"geometry":{"type":"Polygon","coordinates":[[[-42.6601,-22.5725],[-42.6584,-22.5751],[-42.6668,-22.5781],[-42.662,-22.576],[-42.6614,-22.5707],[-42.6601,-22.5725]]]}},{"type":"Feature","properties":{"cod_tema":"ARL_PROPOSTA","cod_imovel":"RJ-3300803-F4CF0402998F4E3A913B74B222636FFF","num_area":"156.34510000000000000000000000000","ind_status":"CA"},"geometry":{"type":"Polygon","coordinates":[[[-42.7322,-22.3977],[-42.7247,-22.3942],[-42.7326,-22.3984],[-42.7322,-22.3977]],[[-42.7246,-22.396],[-42.7305,-22.4132],[-42.7363,-22.4156],[-42.7357,-22.4066],[-42.7302,-22.4049],[-42.7343,-22.4055],[-42.7354,-22.4014],[-42.7269,-22.3992],[-42.7353,-22.3998],[-42.725,-22.3962],[-42.7246,-22.396]]]}},{"type":"Feature","properties":{"cod_tema":"ARL_PROPOSTA","cod_imovel":"RJ-3300803-73FC8653788D4A9D91CCC84ED6426EB5","num_area":"42.222700000000000000000000000000","ind_status":"AT"},"geometry":{"type":"Polygon","coordinates":[[[-42.6744,-22.5921],[-42.6764,-22.5957],[-42.6795,-22.5916],[-42.6744,-22.5921]],[[-42.6926,-22.5994],[-42.699,-22.5977],[-42.6902,-22.5976],[-42.6927,-22.5989],[-42.6926,-22.5994]],[[-42.6983,-22.5968],[-42.6957,-22.5933],[-42.6906,-22.5972],[-42.6976,-22.597],[-42.6983,-22.5968]]]}},{"type":"Feature","properties":{"cod_tema":"ARL_PROPOSTA","cod_imovel":"RJ-3300803-4F768EB6327943D99D35425F6BCD6AFE","num_area":"3.1985000000000000000000000000000","ind_status":"AT"},"geometry":{"type":"Polygon","coordinates":[[[-42.7627,-22.6435],[-42.7603,-22.6466],[-42.7625,-22.6438],[-42.7627,-22.6435]]]}},{"type":"Feature","properties":{"cod_tema":"ARL_PROPOSTA","cod_imovel":"RJ-3300803-FD104B93B82044619D4B4BFB25EB4E38","num_area":"124.95270000000000000000000000000","ind_status":"CA"},"geometry":{"type":"Polygon","coordinates":[[[-42.8093,-22.4026],[-42.8068,-22.4138],[-42.8112,-22.4106],[-42.8068,-22.4139],[-42.8015,-22.4281],[-42.8143,-22.4094],[-42.8116,-22.4072],[-42.8143,-22.4094],[-42.8174,-22.4039],[-42.8096,-22.4021],[-42.8093,-22.4026]],[[-42.8015,-22.4282],[-42.8082,-22.4202],[-42.8028,-22.4275],[-42.8015,-22.4282]]]}},{"type":"Feature","properties":{"cod_tema":"ARL_PROPOSTA","cod_imovel":"RJ-3300803-C3E407EF5C2B44F3B4D4CF544C6A463E","num_area":"4.3102000000000000000000000000000","ind_status":"AT"},"geometry":{"type":"Polygon","coordinates":[[[-42.7584,-22.6398],[-42.7582,-22.6427],[-42.7584,-22.6399],[-42.7584,-22.6398]]]}},{"type":"Feature","properties":{"cod_tema":"ARL_PROPOSTA","cod_imovel":"RJ-3300803-CEEFF1CA72844C6285AB4C1D448A9130","num_area":"2.3259000000000000000000000000000","ind_status":"AT"},"geometry":{"type":"Polygon","coordinates":[[[-42.6112,-22.4061],[-42.6091,-22.4092],[-42.6109,-22.4068],[-42.6112,-22.4061]]]}},{"type":"Feature","properties":{"cod_tema":"ARL_PROPOSTA","cod_imovel":"RJ-3300803-C7CB717F672F405391485D79705D549F","num_area":"6.2577000000000000000000000000000","ind_status":"AT"},"geometry":{"type":"Polygon","coordinates":[[[-42.6275,-22.5742],[-42.6284,-22.5769],[-42.6295,-22.5738],[-42.6275,-22.5742]]]}},{"type":"Feature","properties":{"cod_tema":"ARL_PROPOSTA","cod_imovel":"RJ-3300803-3CB290B73D95432893E55722C23FCE9A","num_area":"1080.9129000000000000000000000000","ind_status":"PE"},"geometry":{"type":"Polygon","coordinates":[[[-42.7697,-22.451],[-42.7716,-22.4524],[-42.7697,-22.451],[-42.7697,-22.451]],[[-42.8141,-22.4205],[-42.8146,-22.4133],[-42.8151,-22.4183],[-42.8176,-22.4124],[-42.8141,-22.4091],[-42.8089,-22.4184],[-42.8141,-22.4205],[-42.8141,-22.4205]],[[-42.8176,-22.4145],[-42.8192,-22.4075],[-42.8165,-22.4099],[-42.8174,-22.4147],[-42.8176,-22.4145]],[[-42.8191,-22.4075],[-42.816,-22.4057],[-42.8142,-22.409],[-42.8188,-22.4075],[-42.8191,-22.4075]],[[-42.8005,-22.4495],[-42.7972,-22.4551],[-42.8019,-22.4552],[-42.8019,-22.45],[-42.8009,-22.4563],[-42.8063,-22.458],[-42.8107,-22.4498],[-42.8026,-22.4486],[-42.8107,-22.4497],[-42.805,-22.4462],[-42.8112,-22.4488],[-42.8119,-22.4463],[-42.8062,-22.4445],[-42.813,-22.4454],[-42.8051,-22.4441],[-42.8006,-22.4494],[-42.8005,-22.4495]],[[-42.7829,-22.4324],[-42.7766,-22.438],[-42.7737,-22.4369],[-42.7776,-22.4394],[-42.7818,-22.4323],[-42.7833,-22.4343],[-42.7786,-22.4391],[-42.7864,-22.4379],[-42.7848,-22.4348],[-42.7934,-22.4232],[-42.7888,-22.417],[-42.7931,-22.4229],[-42.7923,-22.4169],[-42.7934,-22.4231],[-42.7984,-22.4154],[-42.7965,-22.4096],[-42.7868,-22.4173],[-42.785,-22.4291],[-42.7864,-22.4248],[-42.7867,-22.4274],[-42.7829,-22.4324],[-42.7829,-22.4324]],[[-42.7861,-22.438],[-42.7882,-22.4393],[-42.7861,-22.438],[-42.7861,-22.438]],[[-42.7727,-22.4387],[-42.7727,-22.4433],[-42.7727,-22.4387],[-42.7727,-22.4387]],[[-42.7728,-22.4402],[-42.7718,-22.444],[-42.7684,-22.4443],[-42.772,-22.4446],[-42.773,-22.4409],[-42.7728,-22.4402]],[[-42.7985,-22.4153],[-42.803,-22.4081],[-42.7966,-22.4096],[-42.7985,-22.4153],[-42.7985,-22.4153]],[[-42.8111,-22.4322],[-42.8075,-22.4385],[-42.8153,-22.4401],[-42.8132,-22.4363],[-42.8158,-22.4402],[-42.8176,-22.4368],[-42.8149,-22.4314],[-42.8177,-22.4367],[-42.8167,-22.4308],[-42.8185,-22.4351],[-42.8207,-22.4327],[-42.817,-22.4282],[-42.8225,-22.4337],[-42.8258,-22.4284],[-42.8207,-22.4237],[-42.8281,-22.4273],[-42.8277,-22.4158],[-42.8284,-22.4274],[-42.8321,-22.4223],[-42.8306,-22.4171],[-42.8322,-22.4222],[-42.8344,-22.4181],[-42.8297,-22.4269],[-42.8364,-22.4255],[-42.8423,-22.4196],[-42.8402,-22.4126],[-42.8424,-22.4196],[-42.847,-22.4149],[-42.8409,-22.4123],[-42.8274,-22.4132],[-42.8237,-22.4102],[-42.8196,-22.4172],[-42.8248,-22.4131],[-42.8178,-22.4202],[-42.8247,-22.4176],[-42.8178,-22.4203],[-42.8111,-22.4322],[-42.8111,-22.4322]],[[-42.8067,-22.4391],[-42.8045,-22.4428],[-42.8072,-22.4404],[-42.8073,-22.4434],[-42.8068,-22.4393],[-42.8067,-22.4391]],[[-42.8074,-22.4435],[-42.8086,-22.4413],[-42.8074,-22.4434],[-42.8074,-22.4435]],[[-42.8233,-22.4313],[-42.8269,-22.4303],[-42.8257,-22.4354],[-42.8294,-22.432],[-42.8271,-22.4362],[-42.8326,-22.4308],[-42.8302,-22.427],[-42.8265,-22.4277],[-42.8313,-22.4298],[-42.8263,-22.4278],[-42.8233,-22.4313],[-42.8233,-22.4313]],[[-42.8333,-22.4301],[-42.8349,-22.4283],[-42.8303,-22.4269],[-42.8333,-22.4301],[-42.8333,-22.4301]],[[-42.835,-22.4282],[-42.841,-22.4215],[-42.8307,-22.4269],[-42.835,-22.4282],[-42.835,-22.4282]],[[-42.8411,-22.4214],[-42.8432,-22.4192],[-42.8392,-22.4225],[-42.8411,-22.4214],[-42.8411,-22.4214]]]}},{"type":"Feature","properties":{"cod_tema":"ARL_AVERBADA","cod_imovel":"RJ-3300803-3CB290B73D95432893E55722C23FCE9A","num_area":"273.86620000000000000000000000000","ind_status":"PE"},"geometry":{"type":"Polygon","coordinates":[[[-42.7685,-22.4449],[-42.7698,-22.4509],[-42.7751,-22.448],[-42.7685,-22.4449],[-42.7685,-22.4449]],[[-42.7687,-22.4458],[-42.7692,-22.4488],[-42.7688,-22.446],[-42.7687,-22.4458]],[[-42.7778,-22.4614],[-42.7798,-22.4566],[-42.7767,-22.4567],[-42.7798,-22.4565],[-42.7854,-22.445],[-42.7827,-22.438],[-42.7786,-22.439],[-42.7833,-22.4343],[-42.7818,-22.4323],[-42.7776,-22.4394],[-42.7736,-22.4369],[-42.772,-22.4443],[-42.7752,-22.4479],[-42.78,-22.441],[-42.7761,-22.4458],[-42.7811,-22.4452],[-42.7752,-22.448],[-42.7786,-22.4505],[-42.7752,-22.449],[-42.7733,-22.4523],[-42.7754,-22.4525],[-42.7719,-22.4535],[-42.7778,-22.4614],[-42.7778,-22.4614]],[[-42.7854,-22.4449],[-42.7882,-22.4394],[-42.7828,-22.438],[-42.7854,-22.4449],[-42.7854,-22.4449]],[[-42.7713,-22.4502],[-42.7723,-22.4525],[-42.7748,-22.4501],[-42.7713,-22.4502],[-42.7713,-22.4502]]]}},{"type":"Feature","properties":{"cod_tema":"ARL_PROPOSTA","cod_imovel":"RJ-3300803-C6EFF54DD5A94E87B5764DECA8A0D98C","num_area":"6.4384000000000000000000000000000","ind_status":"AT"},"geometry":{"type":"Polygon","coordinates":[[[-42.7129,-22.5245],[-42.717,-22.5217],[-42.7129,-22.5244],[-42.7129,-22.5245]]]}},{"type":"Feature","properties":{"cod_tema":"ARL_PROPOSTA","cod_imovel":"RJ-3300803-A2FD29C03B96466C9D255613B23A304B","num_area":"2.8956000000000000000000000000000","ind_status":"PE"},"geometry":{"type":"Polygon","coordinates":[[[-42.7467,-22.5938],[-42.7492,-22.5942],[-42.7467,-22.5938],[-42.7467,-22.5938]],[[-42.7496,-22.5871],[-42.7472,-22.586],[-42.7498,-22.5871],[-42.7496,-22.5871]]]}},{"type":"Feature","properties":{"cod_tema":"ARL_PROPOSTA","cod_imovel":"RJ-3300803-2F4DE4BA359C4B3EA1045AA21E77C2D7","num_area":"5.9799000000000000000000000000000","ind_status":"AT"},"geometry":{"type":"Polygon","coordinates":[[[-42.6777,-22.519],[-42.6826,-22.5205],[-42.6779,-22.5191],[-42.6777,-22.519]],[[-42.6846,-22.5204],[-42.6797,-22.5172],[-42.6845,-22.5205],[-42.6846,-22.5204]],[[-42.6792,-22.5152],[-42.6752,-22.5124],[-42.679,-22.5152],[-42.6763,-22.5164],[-42.6792,-22.5152],[-42.6792,-22.5152]],[[-42.6765,-22.5163],[-42.6807,-22.5165],[-42.6765,-22.5163],[-42.6765,-22.5163]]]}},{"type":"Feature","properties":{"cod_tema":"ARL_PROPOSTA","cod_imovel":"RJ-3300803-08D451CA05964E3F880A19E28B1581D4","num_area":"7.5325000000000000000000000000000","ind_status":"AT"},"geometry":{"type":"Polygon","coordinates":[[[-42.6726,-22.6087],[-42.6727,-22.612],[-42.6737,-22.6069],[-42.6729,-22.612],[-42.6747,-22.6059],[-42.6726,-22.6087],[-42.6726,-22.6087]]]}},{"type":"Feature","properties":{"cod_tema":"ARL_PROPOSTA","cod_imovel":"RJ-3300803-17B1E2983E53451D886870052C3638F1","num_area":"7.5421000000000000000000000000000","ind_status":"AT"},"geometry":{"type":"Polygon","coordinates":[[[-42.6897,-22.618],[-42.6901,-22.6231],[-42.69,-22.618],[-42.6897,-22.618]]]}},{"type":"Feature","properties":{"cod_tema":"ARL_PROPOSTA","cod_imovel":"RJ-3300803-71827C1C7A71418494A9B6210AD3BF93","num_area":"3.8672000000000000000000000000000","ind_status":"AT"},"geometry":{"type":"Polygon","coordinates":[[[-42.5847,-22.5095],[-42.5871,-22.5104],[-42.5847,-22.5095],[-42.5847,-22.5095]]]}},{"type":"Feature","properties":{"cod_tema":"ARL_PROPOSTA","cod_imovel":"RJ-3300803-EE6C1CF0828F45A2A2D3B753F8073B6C","num_area":"19.866300000000000000000000000000","ind_status":"CA"},"geometry":{"type":"Polygon","coordinates":[[[-42.8555,-22.4424],[-42.8593,-22.4429],[-42.855,-22.442],[-42.8555,-22.4424]],[[-42.8594,-22.4429],[-42.8621,-22.4425],[-42.8592,-22.4425],[-42.8594,-22.4429]],[[-42.8559,-22.4417],[-42.8566,-22.4393],[-42.8519,-22.4395],[-42.8554,-22.4417],[-42.8559,-22.4417]]]}},{"type":"Feature","properties":{"cod_tema":"ARL_PROPOSTA","cod_imovel":"RJ-3300803-A3E53E4BFBED4163AB634FCFAC4B525F","num_area":"3.7447000000000000000000000000000","ind_status":"AT"},"geometry":{"type":"Polygon","coordinates":[[[-42.697,-22.6164],[-42.6996,-22.6172],[-42.698,-22.616],[-42.697,-22.6164]]]}},{"type":"Feature","properties":{"cod_tema":"ARL_PROPOSTA","cod_imovel":"RJ-3300803-5193732949294D11B258F1E5FDD88D06","num_area":"8.9044000000000000000000000000000","ind_status":"AT"},"geometry":{"type":"Polygon","coordinates":[[[-42.7848,-22.5965],[-42.7833,-22.599],[-42.7854,-22.5969],[-42.7848,-22.5965]]]}},{"type":"Feature","properties":{"cod_tema":"ARL_PROPOSTA","cod_imovel":"RJ-3300803-214FE3875CF247E6BBE2C99F9F2D7907","num_area":"1.6156000000000000000000000000000","ind_status":"AT"},"geometry":{"type":"Polygon","coordinates":[[[-42.6596,-22.6346],[-42.6572,-22.6342],[-42.6599,-22.6348],[-42.6596,-22.6346]]]}},{"type":"Feature","properties":{"cod_tema":"ARL_PROPOSTA","cod_imovel":"RJ-3300803-036CCCA6C2144A82990F18236E3C5F60","num_area":"4.7261000000000000000000000000000","ind_status":"AT"},"geometry":{"type":"Polygon","coordinates":[[[-42.6405,-22.4619],[-42.6419,-22.466],[-42.6413,-22.4629],[-42.6405,-22.4619]]]}},{"type":"Feature","properties":{"cod_tema":"ARL_PROPOSTA","cod_imovel":"RJ-3300803-3C8CB40E4EA744DFB118E5DBE6801825","num_area":"13.158300000000000000000000000000","ind_status":"AT"},"geometry":{"type":"Polygon","coordinates":[[[-42.7784,-22.4599],[-42.7807,-22.4631],[-42.7815,-22.4592],[-42.7785,-22.4597],[-42.7784,-22.4599]],[[-42.7847,-22.4564],[-42.785,-22.4527],[-42.7846,-22.456],[-42.7847,-22.4564]],[[-42.7851,-22.4552],[-42.7852,-22.453],[-42.7849,-22.4551],[-42.7851,-22.4552]]]}},{"type":"Feature","properties":{"cod_tema":"ARL_PROPOSTA","cod_imovel":"RJ-3300803-225DDCEA23AF4FFEB0361FDA033E918B","num_area":"2.8400000000000000000000000000000","ind_status":"AT"},"geometry":{"type":"Polygon","coordinates":[[[-42.663,-22.5886],[-42.6657,-22.5873],[-42.6629,-22.588],[-42.663,-22.5886]]]}},{"type":"Feature","properties":{"cod_tema":"ARL_PROPOSTA","cod_imovel":"RJ-3300803-B65E202150AF4C58BF0BC3036A62DAFD","num_area":"6.0445000000000000000000000000000","ind_status":"AT"},"geometry":{"type":"Polygon","coordinates":[[[-42.716,-22.5526],[-42.7138,-22.5539],[-42.7159,-22.5529],[-42.716,-22.5526]],[[-42.7169,-22.5537],[-42.7162,-22.5567],[-42.717,-22.5541],[-42.7169,-22.5537]]]}},{"type":"Feature","properties":{"cod_tema":"ARL_PROPOSTA","cod_imovel":"RJ-3300803-401B7B665BF04F178DF5D2DB894C8008","num_area":"77.164100000000000000000000000000","ind_status":"AT"},"geometry":{"type":"Polygon","coordinates":[[[-42.6067,-22.5741],[-42.6095,-22.5721],[-42.6067,-22.5741],[-42.6067,-22.5741]],[[-42.6073,-22.5739],[-42.6115,-22.5706],[-42.6074,-22.5739],[-42.6073,-22.5739]],[[-42.6117,-22.5735],[-42.6039,-22.5798],[-42.6086,-22.5768],[-42.606,-22.581],[-42.6096,-22.5799],[-42.612,-22.5762],[-42.6117,-22.5735]],[[-42.6105,-22.5738],[-42.6076,-22.5763],[-42.6105,-22.5739],[-42.6105,-22.5738]],[[-42.6071,-22.5746],[-42.6034,-22.5777],[-42.6071,-22.5746],[-42.6071,-22.5746]],[[-42.603,-22.5755],[-42.5983,-22.5766],[-42.6,-22.5838],[-42.6033,-22.58],[-42.5998,-22.5772],[-42.6031,-22.578],[-42.6029,-22.5756],[-42.603,-22.5755]]]}},{"type":"Feature","properties":{"cod_tema":"ARL_PROPOSTA","cod_imovel":"RJ-3300803-18AACD70B16845348ADAC0FAEDA40A0C","num_area":"18.653400000000000000000000000000","ind_status":"AT"},"geometry":{"type":"Polygon","coordinates":[[[-42.6385,-22.4211],[-42.6378,-22.426],[-42.6437,-22.4232],[-42.6385,-22.4211]]]}},{"type":"Feature","properties":{"cod_tema":"ARL_PROPOSTA","cod_imovel":"RJ-3300803-C7406CEA5EA14321BF02334F3E92B540","num_area":"6.1960000000000000000000000000000","ind_status":"AT"},"geometry":{"type":"Polygon","coordinates":[[[-42.8012,-22.5304],[-42.8019,-22.5342],[-42.8015,-22.5301],[-42.8012,-22.5304]]]}},{"type":"Feature","properties":{"cod_tema":"ARL_PROPOSTA","cod_imovel":"RJ-3300803-A416D47A8FE94ECD9576BD631D178FE9","num_area":"9.2166000000000000000000000000000","ind_status":"AT"},"geometry":{"type":"Polygon","coordinates":[[[-42.8089,-22.4995],[-42.8037,-22.5009],[-42.8069,-22.502],[-42.8089,-22.4995]]]}},{"type":"Feature","properties":{"cod_tema":"ARL_PROPOSTA","cod_imovel":"RJ-3300803-7391310962CB4FFEBB40931614055BEC","num_area":"156.54610000000000000000000000000","ind_status":"AT"},"geometry":{"type":"Polygon","coordinates":[[[-42.5848,-22.6187],[-42.5845,-22.6039],[-42.5784,-22.6068],[-42.5765,-22.6184],[-42.5848,-22.6187]],[[-42.5838,-22.604],[-42.5794,-22.6008],[-42.5784,-22.6067],[-42.5833,-22.6043],[-42.5838,-22.604]],[[-42.5867,-22.6073],[-42.5903,-22.6031],[-42.5857,-22.6036],[-42.5862,-22.6071],[-42.5867,-22.6073]],[[-42.5904,-22.603],[-42.5852,-22.6021],[-42.59,-22.6031],[-42.5904,-22.603]]]}},{"type":"Feature","properties":{"cod_tema":"ARL_PROPOSTA","cod_imovel":"RJ-3300803-00ED7555DC494690AEAA107FDC170DD4","num_area":"2.4222000000000000000000000000000","ind_status":"AT"},"geometry":{"type":"Polygon","coordinates":[[[-42.648,-22.4349],[-42.6503,-22.4372],[-42.6484,-22.4346],[-42.648,-22.4349]]]}},{"type":"Feature","properties":{"cod_tema":"ARL_PROPOSTA","cod_imovel":"RJ-3300803-96E75288BA2B4BFA8155D948A3C165B7","num_area":"5.4545000000000000000000000000000","ind_status":"AT"},"geometry":{"type":"Polygon","coordinates":[[[-42.859,-22.5589],[-42.8604,-22.5573],[-42.8586,-22.5586],[-42.859,-22.5589]]]}},{"type":"Feature","properties":{"cod_tema":"ARL_PROPOSTA","cod_imovel":"RJ-3300803-96E4069F3E6D4F1D9FD1D8624581E5E8","num_area":"36.134100000000000000000000000000","ind_status":"AT"},"geometry":{"type":"Polygon","coordinates":[[[-42.8617,-22.5851],[-42.8572,-22.5818],[-42.8584,-22.5838],[-42.8542,-22.5849],[-42.8595,-22.5903],[-42.8631,-22.5861],[-42.8617,-22.5851]]]}},{"type":"Feature","properties":{"cod_tema":"ARL_PROPOSTA","cod_imovel":"RJ-3300803-3279BFC09C8D49A8B3CC444D29DC08BD","num_area":"35.437000000000000000000000000000","ind_status":"AT"},"geometry":{"type":"Polygon","coordinates":[[[-42.624,-22.6004],[-42.6319,-22.6074],[-42.6339,-22.6007],[-42.6263,-22.6003],[-42.624,-22.6004]]]}},{"type":"Feature","properties":{"cod_tema":"ARL_PROPOSTA","cod_imovel":"RJ-3300803-204429D483754BE29E4C98D9D78AB46C","num_area":"3.2797000000000000000000000000000","ind_status":"AT"},"geometry":{"type":"Polygon","coordinates":[[[-42.7706,-22.6268],[-42.7676,-22.6275],[-42.7706,-22.6275],[-42.7706,-22.6268]]]}},{"type":"Feature","properties":{"cod_tema":"ARL_PROPOSTA","cod_imovel":"RJ-3300803-CE7744F4324A44DA9B2E23F03D44059B","num_area":"3.9753000000000000000000000000000","ind_status":"AT"},"geometry":{"type":"Polygon","coordinates":[[[-42.7186,-22.4686],[-42.7181,-22.4713],[-42.7191,-22.4689],[-42.7186,-22.4686]]]}},{"type":"Feature","properties":{"cod_tema":"ARL_PROPOSTA","cod_imovel":"RJ-3300803-DF76C76381F544B9BE15A9EE474BF5F2","num_area":"40.565300000000000000000000000000","ind_status":"AT"},"geometry":{"type":"Polygon","coordinates":[[[-42.8902,-22.4982],[-42.8816,-22.4964],[-42.8766,-22.4989],[-42.8899,-22.4991],[-42.8902,-22.4982]]]}},{"type":"Feature","properties":{"cod_tema":"ARL_PROPOSTA","cod_imovel":"RJ-3300803-1E7196F62C874A7C830D72BC9AD8B552","num_area":"9.5402000000000000000000000000000","ind_status":"AT"},"geometry":{"type":"Polygon","coordinates":[[[-42.765,-22.5282],[-42.7674,-22.5264],[-42.7644,-22.5256],[-42.7624,-22.5274],[-42.7646,-22.5286],[-42.765,-22.5282]]]}},{"type":"Feature","properties":{"cod_tema":"ARL_PROPOSTA","cod_imovel":"RJ-3300803-9A2706456B634F8FA2E8086F2581B2F6","num_area":"1.8250000000000000000000000000000","ind_status":"AT"},"geometry":{"type":"Polygon","coordinates":[[[-42.6414,-22.5047],[-42.6411,-22.5015],[-42.6409,-22.5047],[-42.6414,-22.5047]]]}},{"type":"Feature","properties":{"cod_tema":"ARL_PROPOSTA","cod_imovel":"RJ-3300803-4B180F542178408196D7F20745F92F63","num_area":"14.799300000000000000000000000000","ind_status":"AT"},"geometry":{"type":"Polygon","coordinates":[[[-42.6566,-22.5637],[-42.6544,-22.5655],[-42.657,-22.565],[-42.6566,-22.5637]],[[-42.6545,-22.5609],[-42.6562,-22.563],[-42.6594,-22.559],[-42.6545,-22.5609]]]}},{"type":"Feature","properties":{"cod_tema":"ARL_PROPOSTA","cod_imovel":"RJ-3300803-153DC85EC78F4B27A360C0DC963B1A7A","num_area":"48.363800000000000000000000000000","ind_status":"AT"},"geometry":{"type":"Polygon","coordinates":[[[-42.7446,-22.6644],[-42.7506,-22.6716],[-42.7554,-22.6634],[-42.745,-22.6638],[-42.7446,-22.6644]]]}},{"type":"Feature","properties":{"cod_tema":"ARL_PROPOSTA","cod_imovel":"RJ-3300803-B19B90789D124CFCA36451699C3D5DBE","num_area":"24.021200000000000000000000000000","ind_status":"AT"},"geometry":{"type":"Polygon","coordinates":[[[-42.7739,-22.5582],[-42.7732,-22.5553],[-42.7739,-22.5581],[-42.7739,-22.5582]],[[-42.7613,-22.558],[-42.7672,-22.5588],[-42.7617,-22.5578],[-42.7613,-22.558]],[[-42.7664,-22.5546],[-42.7628,-22.5571],[-42.7677,-22.5582],[-42.7671,-22.5553],[-42.7664,-22.5546]]]}},{"type":"Feature","properties":{"cod_tema":"ARL_PROPOSTA","cod_imovel":"RJ-3300803-C3DC2456D61141A892F3C65946D36600","num_area":"6.9704000000000000000000000000000","ind_status":"AT"},"geometry":{"type":"Polygon","coordinates":[[[-42.633,-22.4655],[-42.6388,-22.4665],[-42.6332,-22.4654],[-42.633,-22.4655]]]}},{"type":"Feature","properties":{"cod_tema":"ARL_PROPOSTA","cod_imovel":"RJ-3300803-109F0371229646EE8B7D9B5B80B98260","num_area":"4.9851000000000000000000000000000","ind_status":"AT"},"geometry":{"type":"Polygon","coordinates":[[[-42.7196,-22.6403],[-42.7222,-22.6372],[-42.7196,-22.6402],[-42.7196,-22.6403]]]}},{"type":"Feature","properties":{"cod_tema":"ARL_PROPOSTA","cod_imovel":"RJ-3300803-E2B44D945DBA4312A3448F6352209E67","num_area":"9.6247000000000000000000000000000","ind_status":"AT"},"geometry":{"type":"Polygon","coordinates":[[[-42.6217,-22.4312],[-42.6252,-22.4299],[-42.6172,-22.4299],[-42.6212,-22.4312],[-42.6217,-22.4312]]]}},{"type":"Feature","properties":{"cod_tema":"ARL_PROPOSTA","cod_imovel":"RJ-3300803-40EDEE3DCF894F8C83B7A88E886AB2CD","num_area":"8.9692000000000000000000000000000","ind_status":"AT"},"geometry":{"type":"Polygon","coordinates":[[[-42.6204,-22.5258],[-42.6192,-22.5234],[-42.6203,-22.5258],[-42.6204,-22.5258]],[[-42.6148,-22.5221],[-42.617,-22.523],[-42.6148,-22.5221],[-42.6148,-22.5221]]]}},{"type":"Feature","properties":{"cod_tema":"ARL_PROPOSTA","cod_imovel":"RJ-3300803-D9F628D492204F859E43EAE2ECF8F1E4","num_area":"12.720200000000000000000000000000","ind_status":"AT"},"geometry":{"type":"Polygon","coordinates":[[[-42.5992,-22.5229],[-42.5946,-22.5241],[-42.5954,-22.5264],[-42.5999,-22.525],[-42.5992,-22.5229]]]}},{"type":"Feature","properties":{"cod_tema":"ARL_PROPOSTA","cod_imovel":"RJ-3300803-A7449122FA894FF0850DF6A803D72B4A","num_area":"6.6828000000000000000000000000000","ind_status":"AT"},"geometry":{"type":"Polygon","coordinates":[[[-42.781,-22.4631],[-42.779,-22.4595],[-42.7805,-22.4634],[-42.781,-22.4631]],[[-42.7749,-22.4654],[-42.7777,-22.4697],[-42.778,-22.4648],[-42.7765,-22.4687],[-42.7749,-22.4653],[-42.7749,-22.4654]]]}},{"type":"Feature","properties":{"cod_tema":"ARL_PROPOSTA","cod_imovel":"RJ-3300803-2D49F59FAB74434D92742F45B168E53E","num_area":"11.251000000000000000000000000000","ind_status":"AT"},"geometry":{"type":"Polygon","coordinates":[[[-42.6043,-22.5075],[-42.6003,-22.5025],[-42.6031,-22.5082],[-42.6043,-22.5075]]]}},{"type":"Feature","properties":{"cod_tema":"ARL_PROPOSTA","cod_imovel":"RJ-3300803-435294CC1FB6410D8B59606552598A76","num_area":"3.6469000000000000000000000000000","ind_status":"AT"},"geometry":{"type":"Polygon","coordinates":[[[-42.8038,-22.5737],[-42.804,-22.5766],[-42.8039,-22.5738],[-42.8038,-22.5737]]]}},{"type":"Feature","properties":{"cod_tema":"ARL_PROPOSTA","cod_imovel":"RJ-3300803-69C83B72EA634FC4947EDE71A1DC68DB","num_area":"23.241400000000000000000000000000","ind_status":"AT"},"geometry":{"type":"Polygon","coordinates":[[[-42.714,-22.4228],[-42.7112,-22.4216],[-42.7118,-22.4278],[-42.7192,-22.4275],[-42.7147,-22.4238],[-42.714,-22.4228]]]}},{"type":"Feature","properties":{"cod_tema":"ARL_PROPOSTA","cod_imovel":"RJ-3300803-DB1FB7DB8165451395E83AEDF8C5A182","num_area":"3.6019000000000000000000000000000","ind_status":"AT"},"geometry":{"type":"Polygon","coordinates":[[[-42.8104,-22.5286],[-42.8126,-22.5295],[-42.8107,-22.5272],[-42.8104,-22.5286]]]}},{"type":"Feature","properties":{"cod_tema":"ARL_PROPOSTA","cod_imovel":"RJ-3300803-4673623ACE3E454D84BB36D965BB58D2","num_area":"48.411500000000000000000000000000","ind_status":"PE"},"geometry":{"type":"Polygon","coordinates":[[[-42.7082,-22.4032],[-42.717,-22.4006],[-42.7026,-22.3977],[-42.7079,-22.403],[-42.7082,-22.4032]]]}},{"type":"Feature","properties":{"cod_tema":"ARL_PROPOSTA","cod_imovel":"RJ-3300803-D671BAF5F3F14E0E9587A867BBB42DB9","num_area":"3.7980000000000000000000000000000","ind_status":"AT"},"geometry":{"type":"Polygon","coordinates":[[[-42.6896,-22.5779],[-42.6913,-22.5757],[-42.6892,-22.5779],[-42.6896,-22.5779]]]}},{"type":"Feature","properties":{"cod_tema":"ARL_PROPOSTA","cod_imovel":"RJ-3300803-F792091B79D74EABBAC92F1B98B4A729","num_area":"3.0789000000000000000000000000000","ind_status":"AT"},"geometry":{"type":"Polygon","coordinates":[[[-42.6815,-22.5773],[-42.6794,-22.5786],[-42.6817,-22.5777],[-42.6815,-22.5773]]]}},{"type":"Feature","properties":{"cod_tema":"ARL_APROVADA_NAO_AVERBADA","cod_imovel":"RJ-3300803-DDD7CFB0A8F34A13BEC4C375FDC71886","num_area":"108.46330000000000000000000000000","ind_status":"AT"},"geometry":{"type":"Polygon","coordinates":[[[-42.7406,-22.5349],[-42.7419,-22.5428],[-42.7465,-22.5408],[-42.747,-22.5346],[-42.7407,-22.5348],[-42.7406,-22.5349]],[[-42.7554,-22.5492],[-42.7621,-22.5457],[-42.7558,-22.5453],[-42.7578,-22.5436],[-42.7536,-22.5416],[-42.7503,-22.5451],[-42.7554,-22.5492]],[[-42.7609,-22.5379],[-42.7584,-22.5368],[-42.7583,-22.5405],[-42.7608,-22.5383],[-42.7609,-22.5379]]]}},{"type":"Feature","properties":{"cod_tema":"ARL_PROPOSTA","cod_imovel":"RJ-3300803-4F751F80254D44C98B878C53258046CF","num_area":"80.766900000000000000000000000000","ind_status":"AT"},"geometry":{"type":"Polygon","coordinates":[[[-42.5926,-22.4971],[-42.5865,-22.4987],[-42.5976,-22.5051],[-42.6005,-22.5036],[-42.5944,-22.5012],[-42.5988,-22.4989],[-42.5911,-22.4986],[-42.5988,-22.4986],[-42.5956,-22.494],[-42.5933,-22.4959],[-42.5926,-22.4971]],[[-42.6011,-22.5009],[-42.5961,-22.4933],[-42.601,-22.5008],[-42.6011,-22.5009]]]}},{"type":"Feature","properties":{"cod_tema":"ARL_PROPOSTA","cod_imovel":"RJ-3300803-9388C774F52B42FEBEDC01ADD080FF93","num_area":"4.9660000000000000000000000000000","ind_status":"AT"},"geometry":{"type":"Polygon","coordinates":[[[-42.7396,-22.4862],[-42.7419,-22.4834],[-42.7396,-22.4861],[-42.7396,-22.4862]]]}},{"type":"Feature","properties":{"cod_tema":"ARL_PROPOSTA","cod_imovel":"RJ-3300803-A4B76FE0A7B34A5CA90A18072BA62A3E","num_area":"7.3432000000000000000000000000000","ind_status":"AT"},"geometry":{"type":"Polygon","coordinates":[[[-42.6244,-22.5063],[-42.6203,-22.5023],[-42.623,-22.5056],[-42.6244,-22.5063]]]}},{"type":"Feature","properties":{"cod_tema":"ARL_PROPOSTA","cod_imovel":"RJ-3300803-C293CF3F695E40D899FA8F5AB7C14A52","num_area":"2.4546000000000000000000000000000","ind_status":"AT"},"geometry":{"type":"Polygon","coordinates":[[[-42.6951,-22.608],[-42.6975,-22.6089],[-42.6952,-22.607],[-42.6951,-22.608]]]}},{"type":"Feature","properties":{"cod_tema":"ARL_PROPOSTA","cod_imovel":"RJ-3300803-CBF3F0B9DF4A489BBA1FE986CBBC01D1","num_area":"6.9564000000000000000000000000000","ind_status":"AT"},"geometry":{"type":"Polygon","coordinates":[[[-42.6744,-22.5831],[-42.6798,-22.582],[-42.6746,-22.583],[-42.6744,-22.5831]]]}},{"type":"Feature","properties":{"cod_tema":"ARL_PROPOSTA","cod_imovel":"RJ-3300803-849809E191494C57B8EBDDD3B8624C03","num_area":"3.7321000000000000000000000000000","ind_status":"AT"},"geometry":{"type":"Polygon","coordinates":[[[-42.6162,-22.4956],[-42.6052,-22.4913],[-42.6147,-22.495],[-42.6162,-22.4956]]]}},{"type":"Feature","properties":{"cod_tema":"ARL_PROPOSTA","cod_imovel":"RJ-3300803-AB4BCB15749B4549822F71E65507BCBC","num_area":"2.5184000000000000000000000000000","ind_status":"AT"},"geometry":{"type":"Polygon","coordinates":[[[-42.685,-22.5835],[-42.6857,-22.5815],[-42.6841,-22.5831],[-42.685,-22.5835]]]}},{"type":"Feature","properties":{"cod_tema":"ARL_PROPOSTA","cod_imovel":"RJ-3300803-776B5EE72E9848E1A7B89DB3014D9ABD","num_area":"5.0776000000000000000000000000000","ind_status":"AT"},"geometry":{"type":"Polygon","coordinates":[[[-42.8118,-22.5371],[-42.816,-22.5389],[-42.8118,-22.5371],[-42.8118,-22.5371]]]}},{"type":"Feature","properties":{"cod_tema":"ARL_PROPOSTA","cod_imovel":"RJ-3300803-CA2CA413FFBC45369A0ECEE06ABC52F3","num_area":"10.848600000000000000000000000000","ind_status":"AT"},"geometry":{"type":"Polygon","coordinates":[[[-42.8059,-22.5516],[-42.8108,-22.547],[-42.806,-22.5509],[-42.8059,-22.5516]]]}},{"type":"Feature","properties":{"cod_tema":"ARL_PROPOSTA","cod_imovel":"RJ-3300803-5426716D234E41AE9CD06053DDAFE57D","num_area":"6.3010000000000000000000000000000","ind_status":"AT"},"geometry":{"type":"Polygon","coordinates":[[[-42.7437,-22.4519],[-42.7464,-22.454],[-42.7452,-22.4507],[-42.7437,-22.4519]]]}},{"type":"Feature","properties":{"cod_tema":"ARL_PROPOSTA","cod_imovel":"RJ-3300803-3D25E6B2BC4A4574A6C8CACEE8E066AC","num_area":"6.7468000000000000000000000000000","ind_status":"AT"},"geometry":{"type":"Polygon","coordinates":[[[-42.8154,-22.563],[-42.8157,-22.5609],[-42.8132,-22.563],[-42.8154,-22.563]]]}},{"type":"Feature","properties":{"cod_tema":"ARL_PROPOSTA","cod_imovel":"RJ-3300803-6211E6A4F42A4F3BBE5059C87DA684ED","num_area":"84.414600000000000000000000000000","ind_status":"AT"},"geometry":{"type":"Polygon","coordinates":[[[-42.7263,-22.6478],[-42.7249,-22.6522],[-42.726,-22.6494],[-42.7263,-22.6478]],[[-42.7255,-22.6455],[-42.7124,-22.6418],[-42.7087,-22.6478],[-42.7156,-22.6463],[-42.7226,-22.6492],[-42.7252,-22.6465],[-42.7255,-22.6455]]]}},{"type":"Feature","properties":{"cod_tema":"ARL_PROPOSTA","cod_imovel":"RJ-3300803-68124D2FBF834E97BFCD693B4442085A","num_area":"7.7331000000000000000000000000000","ind_status":"AT"},"geometry":{"type":"Polygon","coordinates":[[[-42.7262,-22.412],[-42.73,-22.4124],[-42.7293,-22.4098],[-42.7262,-22.412]]]}},{"type":"Feature","properties":{"cod_tema":"ARL_PROPOSTA","cod_imovel":"RJ-3300803-D70B57E4581A4CFF899FB2C43ECC92C2","num_area":"10.499600000000000000000000000000","ind_status":"AT"},"geometry":{"type":"Polygon","coordinates":[[[-42.734,-22.6595],[-42.7374,-22.6592],[-42.7383,-22.6559],[-42.7349,-22.6575],[-42.734,-22.6595]]]}},{"type":"Feature","properties":{"cod_tema":"ARL_PROPOSTA","cod_imovel":"RJ-3300803-440BA5C5F4964DF882BBF4AF37A5172B","num_area":"13.482300000000000000000000000000","ind_status":"AT"},"geometry":{"type":"Polygon","coordinates":[[[-42.6424,-22.4803],[-42.6448,-22.4794],[-42.6424,-22.4803],[-42.6424,-22.4803]],[[-42.6404,-22.4835],[-42.6371,-22.4816],[-42.6404,-22.4835],[-42.6404,-22.4835]],[[-42.6402,-22.4747],[-42.6439,-22.476],[-42.6404,-22.4746],[-42.6402,-22.4747]],[[-42.6375,-22.4808],[-42.6397,-22.4754],[-42.6377,-22.4806],[-42.6375,-22.4808]]]}},{"type":"Feature","properties":{"cod_tema":"ARL_PROPOSTA","cod_imovel":"RJ-3300803-F56518D11E1D473F8A6F857FED2EA26B","num_area":"13.610200000000000000000000000000","ind_status":"AT"},"geometry":{"type":"Polygon","coordinates":[[[-42.6339,-22.5348],[-42.6326,-22.5374],[-42.6349,-22.5365],[-42.6326,-22.5343],[-42.6365,-22.5363],[-42.634,-22.5347],[-42.6339,-22.5348]],[[-42.6326,-22.5374],[-42.6358,-22.5388],[-42.6363,-22.5364],[-42.6328,-22.5375],[-42.6326,-22.5374]]]}},{"type":"Feature","properties":{"cod_tema":"ARL_PROPOSTA","cod_imovel":"RJ-3300803-4DBB3D2279E3475A907BF8D5283EC349","num_area":"0.8029000000000000000000000000000","ind_status":"AT"},"geometry":{"type":"Polygon","coordinates":[[[-42.6389,-22.4698],[-42.6409,-22.4683],[-42.6387,-22.4699],[-42.6389,-22.4698]]]}},{"type":"Feature","properties":{"cod_tema":"ARL_PROPOSTA","cod_imovel":"RJ-3300803-ADF3EFF2C2F44E2F8182E0BBF1B0274E","num_area":"35.343100000000000000000000000000","ind_status":"AT"},"geometry":{"type":"Polygon","coordinates":[[[-42.8185,-22.4757],[-42.8212,-22.472],[-42.8147,-22.4683],[-42.8146,-22.4739],[-42.8184,-22.4758],[-42.8185,-22.4757]]]}},{"type":"Feature","properties":{"cod_tema":"ARL_PROPOSTA","cod_imovel":"RJ-3300803-9A68369DD0754F84B6F890AA247BC332","num_area":"18.551800000000000000000000000000","ind_status":"AT"},"geometry":{"type":"Polygon","coordinates":[[[-42.6462,-22.495],[-42.643,-22.4955],[-42.6409,-22.5014],[-42.6443,-22.5006],[-42.6456,-22.4958],[-42.6462,-22.495]]]}},{"type":"Feature","properties":{"cod_tema":"ARL_PROPOSTA","cod_imovel":"RJ-3300803-83F679159DC949A5987256D45838EE53","num_area":"24.627800000000000000000000000000","ind_status":"AT"},"geometry":{"type":"Polygon","coordinates":[[[-42.6783,-22.4672],[-42.6771,-22.465],[-42.6713,-22.4678],[-42.6769,-22.4683],[-42.6728,-22.4696],[-42.6745,-22.4716],[-42.6783,-22.4672]]]}},{"type":"Feature","properties":{"cod_tema":"ARL_PROPOSTA","cod_imovel":"RJ-3300803-858123389B6A4BA2B2D4C24028C1B8EC","num_area":"235.00010000000000000000000000000","ind_status":"AT"},"geometry":{"type":"Polygon","coordinates":[[[-42.6857,-22.4064],[-42.6846,-22.3931],[-42.6787,-22.3912],[-42.6705,-22.4099],[-42.682,-22.4126],[-42.6856,-22.4065],[-42.6857,-22.4064]],[[-42.6736,-22.4059],[-42.672,-22.4086],[-42.6735,-22.4058],[-42.6736,-22.4059]]]}},{"type":"Feature","properties":{"cod_tema":"ARL_PROPOSTA","cod_imovel":"RJ-3300803-B4F0E37984964E88B7E2179E291A6317","num_area":"3.2015000000000000000000000000000","ind_status":"AT"},"geometry":{"type":"Polygon","coordinates":[[[-42.6959,-22.6413],[-42.6932,-22.642],[-42.6958,-22.6414],[-42.6959,-22.6413]]]}},{"type":"Feature","properties":{"cod_tema":"ARL_PROPOSTA","cod_imovel":"RJ-3300803-F07D8C75708B459A80EB7583947E239A","num_area":"1.9748000000000000000000000000000","ind_status":"AT"},"geometry":{"type":"Polygon","coordinates":[[[-42.6519,-22.4478],[-42.6505,-22.4501],[-42.6519,-22.4478],[-42.6519,-22.4478]]]}},{"type":"Feature","properties":{"cod_tema":"ARL_PROPOSTA","cod_imovel":"RJ-3300803-2745F6AC941C44E6B6C2FC50C061A29C","num_area":"2.1680000000000000000000000000000","ind_status":"AT"},"geometry":{"type":"Polygon","coordinates":[[[-42.649,-22.4578],[-42.6463,-22.4589],[-42.649,-22.4578],[-42.649,-22.4578]]]}},{"type":"Feature","properties":{"cod_tema":"ARL_PROPOSTA","cod_imovel":"RJ-3300803-62ECB5CF795A4161AAEE3095B1E26150","num_area":"6.0008000000000000000000000000000","ind_status":"AT"},"geometry":{"type":"Polygon","coordinates":[[[-42.6526,-22.4764],[-42.6489,-22.4732],[-42.6526,-22.477],[-42.6526,-22.4764]]]}},{"type":"Feature","properties":{"cod_tema":"ARL_PROPOSTA","cod_imovel":"RJ-3300803-F9D8652699DF492DA2FB8F1398A741FA","num_area":"5.4020000000000000000000000000000","ind_status":"AT"},"geometry":{"type":"Polygon","coordinates":[[[-42.5912,-22.3942],[-42.5939,-22.3921],[-42.5912,-22.3942],[-42.5912,-22.3942]]]}},{"type":"Feature","properties":{"cod_tema":"ARL_PROPOSTA","cod_imovel":"RJ-3300803-E3A6ACE6ED894EFEA36724C4EA5AB798","num_area":"45.743100000000000000000000000000","ind_status":"AT"},"geometry":{"type":"Polygon","coordinates":[[[-42.8174,-22.4149],[-42.8174,-22.4102],[-42.8144,-22.4087],[-42.8126,-22.4119],[-42.8174,-22.4149]],[[-42.8182,-22.4134],[-42.8209,-22.4086],[-42.8159,-22.406],[-42.8144,-22.4086],[-42.8182,-22.4131],[-42.8182,-22.4134]]]}},{"type":"Feature","properties":{"cod_tema":"ARL_PROPOSTA","cod_imovel":"RJ-3300803-CEA3E7877DA242468EE42C09B34084FD","num_area":"28.493100000000000000000000000000","ind_status":"AT"},"geometry":{"type":"Polygon","coordinates":[[[-42.7206,-22.4841],[-42.715,-22.4909],[-42.7206,-22.4907],[-42.7187,-22.489],[-42.7226,-22.4854],[-42.7206,-22.4841]]]}},{"type":"Feature","properties":{"cod_tema":"ARL_PROPOSTA","cod_imovel":"RJ-3300803-E69E7E5801DA480EB628B56082AE3D3B","num_area":"21.726300000000000000000000000000","ind_status":"AT"},"geometry":{"type":"Polygon","coordinates":[[[-42.7449,-22.447],[-42.7399,-22.4502],[-42.7437,-22.4519],[-42.7468,-22.4494],[-42.7449,-22.4476],[-42.7449,-22.447]]]}},{"type":"Feature","properties":{"cod_tema":"ARL_PROPOSTA","cod_imovel":"RJ-3300803-7625A6DF555D4DF18C8832E660308AB8","num_area":"4.5916000000000000000000000000000","ind_status":"AT"},"geometry":{"type":"Polygon","coordinates":[[[-42.7121,-22.5182],[-42.7165,-22.5183],[-42.714,-22.5182],[-42.7121,-22.5182]]]}},{"type":"Feature","properties":{"cod_tema":"ARL_PROPOSTA","cod_imovel":"RJ-3300803-C477619A228F4B3A97B3EF9604627656","num_area":"2.8978000000000000000000000000000","ind_status":"AT"},"geometry":{"type":"Polygon","coordinates":[[[-42.8626,-22.557],[-42.8603,-22.5543],[-42.8615,-22.5565],[-42.8626,-22.557]]]}},{"type":"Feature","properties":{"cod_tema":"ARL_PROPOSTA","cod_imovel":"RJ-3300803-45CE166110AA44D7B1A647F6F8AB4DD5","num_area":"12.247300000000000000000000000000","ind_status":"AT"},"geometry":{"type":"Polygon","coordinates":[[[-42.6688,-22.5514],[-42.6717,-22.5526],[-42.6688,-22.5514],[-42.6688,-22.5514]],[[-42.6708,-22.5494],[-42.6674,-22.5474],[-42.6647,-22.5512],[-42.6706,-22.5495],[-42.6708,-22.5494]]]}},{"type":"Feature","properties":{"cod_tema":"ARL_PROPOSTA","cod_imovel":"RJ-3300803-914CDBC24C5F454CBF27F9E911E1C072","num_area":"7.5328000000000000000000000000000","ind_status":"AT"},"geometry":{"type":"Polygon","coordinates":[[[-42.8494,-22.5469],[-42.8458,-22.5474],[-42.8491,-22.5473],[-42.8494,-22.5469]]]}},{"type":"Feature","properties":{"cod_tema":"ARL_PROPOSTA","cod_imovel":"RJ-3300803-A83C6C5C60144DCEB08EE751A8EEC7D9","num_area":"26.369800000000000000000000000000","ind_status":"AT"},"geometry":{"type":"Polygon","coordinates":[[[-42.6284,-22.3984],[-42.6213,-22.398],[-42.6193,-22.4019],[-42.6239,-22.4011],[-42.624,-22.4033],[-42.6284,-22.3984]]]}},{"type":"Feature","properties":{"cod_tema":"ARL_PROPOSTA","cod_imovel":"RJ-3300803-6F1176C43D2A4337B85E65CA03C859B7","num_area":"13.466400000000000000000000000000","ind_status":"AT"},"geometry":{"type":"Polygon","coordinates":[[[-42.6773,-22.5543],[-42.6697,-22.559],[-42.6809,-22.5547],[-42.6773,-22.5543],[-42.6773,-22.5543]]]}},{"type":"Feature","properties":{"cod_tema":"ARL_PROPOSTA","cod_imovel":"RJ-3300803-624A3E10BE66463783A5380FAC7069D1","num_area":"5.5756000000000000000000000000000","ind_status":"AT"},"geometry":{"type":"Polygon","coordinates":[[[-42.6163,-22.4102],[-42.6176,-22.4123],[-42.6173,-22.4099],[-42.6163,-22.4102]],[[-42.6174,-22.4144],[-42.6176,-22.4124],[-42.6173,-22.415],[-42.6174,-22.4144]],[[-42.6176,-22.4124],[-42.6164,-22.4148],[-42.6175,-22.4127],[-42.6176,-22.4124]]]}},{"type":"Feature","properties":{"cod_tema":"ARL_PROPOSTA","cod_imovel":"RJ-3300803-6DD1DD6C3B5A4897BC5FC6887763B943","num_area":"9.5050000000000000000000000000000","ind_status":"AT"},"geometry":{"type":"Polygon","coordinates":[[[-42.5922,-22.4223],[-42.5894,-22.4216],[-42.5921,-22.4224],[-42.5922,-22.4223]],[[-42.5863,-22.4236],[-42.5859,-22.4263],[-42.5865,-22.4236],[-42.5863,-22.4236]]]}},{"type":"Feature","properties":{"cod_tema":"ARL_PROPOSTA","cod_imovel":"RJ-3300803-2B46DEB8681B47E8B0F89141F6244C97","num_area":"50.509800000000000000000000000000","ind_status":"AT"},"geometry":{"type":"Polygon","coordinates":[[[-42.7288,-22.562],[-42.7304,-22.559],[-42.7284,-22.562],[-42.7288,-22.562]],[[-42.7249,-22.5617],[-42.7274,-22.562],[-42.7249,-22.5614],[-42.7249,-22.5617]],[[-42.7283,-22.5553],[-42.7276,-22.5591],[-42.7305,-22.5577],[-42.7291,-22.5554],[-42.7283,-22.5553]],[[-42.7249,-22.5742],[-42.7299,-22.5711],[-42.7249,-22.5738],[-42.7249,-22.5742]],[[-42.7296,-22.5697],[-42.7302,-22.566],[-42.7279,-22.5673],[-42.7298,-22.5694],[-42.7296,-22.5697]],[[-42.724,-22.5606],[-42.7261,-22.5572],[-42.7239,-22.5605],[-42.724,-22.5606]]]}},{"type":"Feature","properties":{"cod_tema":"ARL_PROPOSTA","cod_imovel":"RJ-3300803-12A142750F8141CD8153D6A1594EE055","num_area":"2.9923000000000000000000000000000","ind_status":"AT"},"geometry":{"type":"Polygon","coordinates":[[[-42.7463,-22.6152],[-42.747,-22.6172],[-42.7466,-22.6149],[-42.7463,-22.6152]]]}},{"type":"Feature","properties":{"cod_tema":"ARL_PROPOSTA","cod_imovel":"RJ-3300803-515EF297FF1A456DB2AB662C44A619C2","num_area":"7.5227000000000000000000000000000","ind_status":"AT"},"geometry":{"type":"Polygon","coordinates":[[[-42.7189,-22.66],[-42.7212,-22.6588],[-42.7194,-22.6599],[-42.7189,-22.66]],[[-42.7196,-22.6579],[-42.7173,-22.6566],[-42.7193,-22.658],[-42.7196,-22.6579]],[[-42.7161,-22.6561],[-42.717,-22.6596],[-42.7189,-22.6582],[-42.7168,-22.6591],[-42.7167,-22.6563],[-42.7161,-22.6561]]]}},{"type":"Feature","properties":{"cod_tema":"ARL_PROPOSTA","cod_imovel":"RJ-3300803-1F46017BA6024140B3D8B882479A35F0","num_area":"2.0803000000000000000000000000000","ind_status":"AT"},"geometry":{"type":"Polygon","coordinates":[[[-42.7583,-22.5537],[-42.7606,-22.5531],[-42.7584,-22.5536],[-42.7583,-22.5537]]]}},{"type":"Feature","properties":{"cod_tema":"ARL_PROPOSTA","cod_imovel":"RJ-3300803-785881A1678344CF9CA0035C5E7AF8D0","num_area":"7.7411000000000000000000000000000","ind_status":"AT"},"geometry":{"type":"Polygon","coordinates":[[[-42.8521,-22.5225],[-42.855,-22.5202],[-42.8515,-22.5217],[-42.8521,-22.5225]],[[-42.859,-22.5157],[-42.8558,-22.5162],[-42.8587,-22.516],[-42.859,-22.5157]]]}},{"type":"Feature","properties":{"cod_tema":"ARL_PROPOSTA","cod_imovel":"RJ-3300803-FF42BD95E00F4040B6AF55F6196BA96A","num_area":"21.479600000000000000000000000000","ind_status":"AT"},"geometry":{"type":"Polygon","coordinates":[[[-42.7256,-22.5427],[-42.7297,-22.5452],[-42.7257,-22.5425],[-42.7256,-22.5427]],[[-42.7244,-22.5476],[-42.7284,-22.5469],[-42.7249,-22.5456],[-42.7244,-22.5476]]]}},{"type":"Feature","properties":{"cod_tema":"ARL_PROPOSTA","cod_imovel":"RJ-3300803-FDBC6D52C7F54F15B18B900F2EC17B17","num_area":"12.809900000000000000000000000000","ind_status":"AT"},"geometry":{"type":"Polygon","coordinates":[[[-42.729,-22.6582],[-42.7342,-22.6609],[-42.7289,-22.6578],[-42.729,-22.6582]]]}},{"type":"Feature","properties":{"cod_tema":"ARL_PROPOSTA","cod_imovel":"RJ-3300803-3D35AFC89856430982DFD30CF603AF93","num_area":"4.2021000000000000000000000000000","ind_status":"AT"},"geometry":{"type":"Polygon","coordinates":[[[-42.8339,-22.5755],[-42.8344,-22.5732],[-42.8338,-22.5755],[-42.8339,-22.5755]],[[-42.8385,-22.5764],[-42.8355,-22.5756],[-42.8385,-22.5764],[-42.8385,-22.5764]]]}},{"type":"Feature","properties":{"cod_tema":"ARL_PROPOSTA","cod_imovel":"RJ-3300803-6AEFC7EA1BE54D07AB1E85E377177372","num_area":"9.1118000000000000000000000000000","ind_status":"AT"},"geometry":{"type":"Polygon","coordinates":[[[-42.8411,-22.573],[-42.8427,-22.5771],[-42.8424,-22.572],[-42.8411,-22.573]]]}},{"type":"Feature","properties":{"cod_tema":"ARL_PROPOSTA","cod_imovel":"RJ-3300803-4682CAEC2FC741D88D0204C36EF7C5DB","num_area":"3.0092000000000000000000000000000","ind_status":"AT"},"geometry":{"type":"Polygon","coordinates":[[[-42.7632,-22.6424],[-42.7621,-22.6443],[-42.7638,-22.6428],[-42.7632,-22.6424]]]}},{"type":"Feature","properties":{"cod_tema":"ARL_PROPOSTA","cod_imovel":"RJ-3300803-383A193BD3094A2186AD094BEB2EF924","num_area":"12.290300000000000000000000000000","ind_status":"AT"},"geometry":{"type":"Polygon","coordinates":[[[-42.6995,-22.6359],[-42.695,-22.6352],[-42.7001,-22.6391],[-42.6996,-22.636],[-42.6995,-22.6359]],[[-42.6964,-22.6337],[-42.6948,-22.635],[-42.6963,-22.6337],[-42.6964,-22.6337]]]}},{"type":"Feature","properties":{"cod_tema":"ARL_PROPOSTA","cod_imovel":"RJ-3300803-1E1EF231448A4716B32ECF36802B59FF","num_area":"15.128100000000000000000000000000","ind_status":"AT"},"geometry":{"type":"Polygon","coordinates":[[[-42.7121,-22.6623],[-42.7096,-22.6626],[-42.7117,-22.6631],[-42.7121,-22.6623]],[[-42.7141,-22.661],[-42.7172,-22.6608],[-42.7144,-22.6606],[-42.7141,-22.661]],[[-42.7201,-22.661],[-42.7239,-22.6609],[-42.7225,-22.6578],[-42.7208,-22.6604],[-42.7201,-22.661]],[[-42.7062,-22.667],[-42.7095,-22.664],[-42.7064,-22.6666],[-42.7062,-22.667]]]}},{"type":"Feature","properties":{"cod_tema":"ARL_PROPOSTA","cod_imovel":"RJ-3300803-487864C928C647D2A1CB4DFE303E6E25","num_area":"4.9384000000000000000000000000000","ind_status":"AT"},"geometry":{"type":"Polygon","coordinates":[[[-42.7355,-22.5188],[-42.7382,-22.5175],[-42.736,-22.5171],[-42.7355,-22.5188]]]}},{"type":"Feature","properties":{"cod_tema":"ARL_PROPOSTA","cod_imovel":"RJ-3300803-8D103340B5054D08B1D44E655EC6592B","num_area":"4.8097000000000000000000000000000","ind_status":"AT"},"geometry":{"type":"Polygon","coordinates":[[[-42.8143,-22.5975],[-42.8147,-22.5996],[-42.8141,-22.5966],[-42.8143,-22.5975]]]}},{"type":"Feature","properties":{"cod_tema":"ARL_PROPOSTA","cod_imovel":"RJ-3300803-A2DE7CAC299348C9A07B5BA3474A81A4","num_area":"4.0364000000000000000000000000000","ind_status":"AT"},"geometry":{"type":"Polygon","coordinates":[[[-42.7891,-22.5852],[-42.79,-22.587],[-42.7894,-22.5837],[-42.7891,-22.5852]]]}},{"type":"Feature","properties":{"cod_tema":"ARL_PROPOSTA","cod_imovel":"RJ-3300803-082ED893EA9F4C0789B05621AD6555ED","num_area":"4.5114000000000000000000000000000","ind_status":"AT"},"geometry":{"type":"Polygon","coordinates":[[[-42.8152,-22.6002],[-42.8174,-22.5977],[-42.8152,-22.6001],[-42.8152,-22.6002]]]}},{"type":"Feature","properties":{"cod_tema":"ARL_PROPOSTA","cod_imovel":"RJ-3300803-FEA2282FC83D48C190E4872D8B376722","num_area":"2.4221000000000000000000000000000","ind_status":"AT"},"geometry":{"type":"Polygon","coordinates":[[[-42.81,-22.595],[-42.807,-22.597],[-42.8102,-22.5953],[-42.81,-22.595]]]}},{"type":"Feature","properties":{"cod_tema":"ARL_PROPOSTA","cod_imovel":"RJ-3300803-BDBD97B606B440768969798FAA5E9E9E","num_area":"15.295300000000000000000000000000","ind_status":"AT"},"geometry":{"type":"Polygon","coordinates":[[[-42.8171,-22.6005],[-42.8193,-22.5991],[-42.8122,-22.5972],[-42.8171,-22.6005]]]}},{"type":"Feature","properties":{"cod_tema":"ARL_PROPOSTA","cod_imovel":"RJ-3300803-595DA4DAF1E84779810AF2DCD0FA8C33","num_area":"7.8662000000000000000000000000000","ind_status":"AT"},"geometry":{"type":"Polygon","coordinates":[[[-42.7416,-22.5703],[-42.7439,-22.5682],[-42.7409,-22.5673],[-42.7393,-22.5702],[-42.7421,-22.5707],[-42.7416,-22.5703]]]}},{"type":"Feature","properties":{"cod_tema":"ARL_PROPOSTA","cod_imovel":"RJ-3300803-6EB8D733EBCF4BDBAD1DC65EA4EA73F3","num_area":"6.5007000000000000000000000000000","ind_status":"AT"},"geometry":{"type":"Polygon","coordinates":[[[-42.7312,-22.5063],[-42.734,-22.5092],[-42.7312,-22.5062],[-42.7312,-22.5063]]]}},{"type":"Feature","properties":{"cod_tema":"ARL_PROPOSTA","cod_imovel":"RJ-3300803-D5DDD2DB402A41D0972AF8B402A6FD07","num_area":"2.4841000000000000000000000000000","ind_status":"AT"},"geometry":{"type":"Polygon","coordinates":[[[-42.8067,-22.5137],[-42.8048,-22.5147],[-42.8069,-22.5137],[-42.8067,-22.5137]]]}},{"type":"Feature","properties":{"cod_tema":"ARL_PROPOSTA","cod_imovel":"RJ-3300803-ECB60E509E5247A1813E509AA20B6B03","num_area":"65.033900000000000000000000000000","ind_status":"AT"},"geometry":{"type":"Polygon","coordinates":[[[-42.6254,-22.5849],[-42.6231,-22.5898],[-42.6264,-22.5953],[-42.6348,-22.5845],[-42.6289,-22.5846],[-42.6243,-22.5906],[-42.6288,-22.5846],[-42.6254,-22.5846],[-42.6254,-22.5849]]]}},{"type":"Feature","properties":{"cod_tema":"ARL_PROPOSTA","cod_imovel":"RJ-3300803-D629CF5CFB2042F7B5157708CFE9EA02","num_area":"28.082800000000000000000000000000","ind_status":"AT"},"geometry":{"type":"Polygon","coordinates":[[[-42.7118,-22.5864],[-42.7124,-22.5809],[-42.7048,-22.5859],[-42.7086,-22.5865],[-42.7118,-22.5864]]]}},{"type":"Feature","properties":{"cod_tema":"ARL_PROPOSTA","cod_imovel":"RJ-3300803-72CBF01DC2D14C78AFCBB7DE9151163F","num_area":"9.7494000000000000000000000000000","ind_status":"AT"},"geometry":{"type":"Polygon","coordinates":[[[-42.7941,-22.5157],[-42.7919,-22.5144],[-42.7914,-22.5179],[-42.7941,-22.5157],[-42.7941,-22.5157]]]}},{"type":"Feature","properties":{"cod_tema":"ARL_PROPOSTA","cod_imovel":"RJ-3300803-EA48DE14DCB744079BEA2B91AF9CC53C","num_area":"4.9180000000000000000000000000000","ind_status":"AT"},"geometry":{"type":"Polygon","coordinates":[[[-42.6627,-22.6259],[-42.6601,-22.6251],[-42.6625,-22.6262],[-42.6627,-22.6259]]]}},{"type":"Feature","properties":{"cod_tema":"ARL_PROPOSTA","cod_imovel":"RJ-3300803-AA65CB3AD169492581B2600A90449408","num_area":"4.1463000000000000000000000000000","ind_status":"AT"},"geometry":{"type":"Polygon","coordinates":[[[-42.6853,-22.5671],[-42.6835,-22.565],[-42.6849,-22.5673],[-42.6853,-22.5671]]]}},{"type":"Feature","properties":{"cod_tema":"ARL_PROPOSTA","cod_imovel":"RJ-3300803-AC44A9BB8B874BA5BAFECFAD06C8326D","num_area":"10.281100000000000000000000000000","ind_status":"AT"},"geometry":{"type":"Polygon","coordinates":[[[-42.6491,-22.5991],[-42.643,-22.6024],[-42.6495,-22.5989],[-42.6491,-22.5991]]]}},{"type":"Feature","properties":{"cod_tema":"ARL_PROPOSTA","cod_imovel":"RJ-3300803-127288B4344E4A28BE13150E4E24B6BB","num_area":"14.421200000000000000000000000000","ind_status":"AT"},"geometry":{"type":"Polygon","coordinates":[[[-42.58,-22.4897],[-42.574,-22.489],[-42.5785,-22.4898],[-42.58,-22.4897]]]}},{"type":"Feature","properties":{"cod_tema":"ARL_PROPOSTA","cod_imovel":"RJ-3300803-FA12F5553285455297A16741D83469F7","num_area":"7.5361000000000000000000000000000","ind_status":"AT"},"geometry":{"type":"Polygon","coordinates":[[[-42.7621,-22.4918],[-42.758,-22.4951],[-42.7614,-22.4923],[-42.7621,-22.4918]]]}},{"type":"Feature","properties":{"cod_tema":"ARL_PROPOSTA","cod_imovel":"RJ-3300803-B4795E89FC294834BA375A6D1477DCF1","num_area":"7.1686000000000000000000000000000","ind_status":"AT"},"geometry":{"type":"Polygon","coordinates":[[[-42.6685,-22.4552],[-42.6694,-22.452],[-42.6681,-22.4548],[-42.6685,-22.4552]],[[-42.67,-22.4544],[-42.6695,-22.452],[-42.6699,-22.4542],[-42.67,-22.4544]]]}},{"type":"Feature","properties":{"cod_tema":"ARL_PROPOSTA","cod_imovel":"RJ-3300803-35F86BCE7CFB44E08D861E5A338300C9","num_area":"83.295700000000000000000000000000","ind_status":"AT"},"geometry":{"type":"Polygon","coordinates":[[[-42.6701,-22.4237],[-42.6647,-22.4281],[-42.6696,-22.4316],[-42.6745,-22.4307],[-42.6696,-22.4316],[-42.6774,-22.4371],[-42.6787,-22.4337],[-42.6738,-22.4285],[-42.6701,-22.4237]]]}},{"type":"Feature","properties":{"cod_tema":"ARL_PROPOSTA","cod_imovel":"RJ-3300803-86E1552CCB9745E480E525EB91074F9A","num_area":"120.48850000000000000000000000000","ind_status":"AT"},"geometry":{"type":"Polygon","coordinates":[[[-42.7773,-22.5355],[-42.7765,-22.5333],[-42.7771,-22.5355],[-42.7773,-22.5355]],[[-42.7762,-22.5209],[-42.7685,-22.5258],[-42.7695,-22.5298],[-42.772,-22.5277],[-42.7762,-22.5296],[-42.7734,-22.522],[-42.7763,-22.5296],[-42.7828,-22.528],[-42.7828,-22.5221],[-42.7766,-22.5207],[-42.7762,-22.5209]],[[-42.7687,-22.528],[-42.7667,-22.5304],[-42.7688,-22.5282],[-42.7687,-22.528]]]}},{"type":"Feature","properties":{"cod_tema":"ARL_PROPOSTA","cod_imovel":"RJ-3300803-5E62902AA19E4EBBAE554AF36A47EC0E","num_area":"3.1057000000000000000000000000000","ind_status":"AT"},"geometry":{"type":"Polygon","coordinates":[[[-42.7221,-22.6268],[-42.7215,-22.6289],[-42.7223,-22.6268],[-42.7221,-22.6268]],[[-42.7218,-22.6269],[-42.7211,-22.629],[-42.722,-22.6269],[-42.7218,-22.6269]]]}},{"type":"Feature","properties":{"cod_tema":"ARL_PROPOSTA","cod_imovel":"RJ-3300803-67058CD3B06F4AFCB24165CCD0D62496","num_area":"5.7301000000000000000000000000000","ind_status":"AT"},"geometry":{"type":"Polygon","coordinates":[[[-42.7925,-22.5808],[-42.7942,-22.5798],[-42.792,-22.5805],[-42.7925,-22.5808]],[[-42.7906,-22.583],[-42.7928,-22.583],[-42.7908,-22.5828],[-42.7906,-22.583]]]}},{"type":"Feature","properties":{"cod_tema":"ARL_PROPOSTA","cod_imovel":"RJ-3300803-23AE3061A20D4B75B985D266E8DAA438","num_area":"32.082300000000000000000000000000","ind_status":"AT"},"geometry":{"type":"Polygon","coordinates":[[[-42.7023,-22.3975],[-42.7059,-22.401],[-42.7169,-22.4005],[-42.7035,-22.3977],[-42.7023,-22.3975]],[[-42.7156,-22.3993],[-42.7119,-22.3987],[-42.7156,-22.3993],[-42.7156,-22.3993]]]}},{"type":"Feature","properties":{"cod_tema":"ARL_PROPOSTA","cod_imovel":"RJ-3300803-49E3356332FC4969B524189E75128BF8","num_area":"4.5467000000000000000000000000000","ind_status":"AT"},"geometry":{"type":"Polygon","coordinates":[[[-42.7525,-22.5823],[-42.7517,-22.5794],[-42.7523,-22.5823],[-42.7525,-22.5823]]]}},{"type":"Feature","properties":{"cod_tema":"ARL_PROPOSTA","cod_imovel":"RJ-3300803-DD99004279C14FAB88424CE9AFC80F69","num_area":"7.6175000000000000000000000000000","ind_status":"AT"},"geometry":{"type":"Polygon","coordinates":[[[-42.5778,-22.383],[-42.5774,-22.3798],[-42.5772,-22.3839],[-42.5778,-22.383]]]}},{"type":"Feature","properties":{"cod_tema":"ARL_PROPOSTA","cod_imovel":"RJ-3300803-7C098E943CAA45218B29ABD96D44FDA1","num_area":"2.9853000000000000000000000000000","ind_status":"AT"},"geometry":{"type":"Polygon","coordinates":[[[-42.7322,-22.6125],[-42.7346,-22.6144],[-42.7324,-22.6125],[-42.7322,-22.6125]]]}},{"type":"Feature","properties":{"cod_tema":"ARL_PROPOSTA","cod_imovel":"RJ-3300803-85E1D87B87344466BB3CBAE5439F242D","num_area":"5.0535000000000000000000000000000","ind_status":"PE"},"geometry":{"type":"Polygon","coordinates":[[[-42.8841,-22.6162],[-42.8821,-22.6176],[-42.8843,-22.6163],[-42.8841,-22.6162]]]}},{"type":"Feature","properties":{"cod_tema":"ARL_PROPOSTA","cod_imovel":"RJ-3300803-72DBD16EC8344BB2B7654EEC74A738E6","num_area":"0.6702000000000000000000000000000","ind_status":"PE"},"geometry":{"type":"Polygon","coordinates":[[[-42.8851,-22.6215],[-42.8866,-22.6232],[-42.8852,-22.621],[-42.8851,-22.6215]]]}},{"type":"Feature","properties":{"cod_tema":"ARL_PROPOSTA","cod_imovel":"RJ-3300803-C17A658A6BCA463ABA18BCFF0D1ABC79","num_area":"2.6973000000000000000000000000000","ind_status":"AT"},"geometry":{"type":"Polygon","coordinates":[[[-42.6414,-22.4396],[-42.6413,-22.4416],[-42.642,-22.4394],[-42.6414,-22.4396]]]}},{"type":"Feature","properties":{"cod_tema":"ARL_PROPOSTA","cod_imovel":"RJ-3300803-55CD7ADC9B3B4793A45723B9B9443862","num_area":"4.0299000000000000000000000000000","ind_status":"AT"},"geometry":{"type":"Polygon","coordinates":[[[-42.7107,-22.5905],[-42.704,-22.5939],[-42.7098,-22.5913],[-42.7107,-22.5905]]]}},{"type":"Feature","properties":{"cod_tema":"ARL_PROPOSTA","cod_imovel":"RJ-3300803-7B93E94F896346B1856E62A92A4FAF02","num_area":"56.406500000000000000000000000000","ind_status":"AT"},"geometry":{"type":"Polygon","coordinates":[[[-42.6654,-22.4203],[-42.661,-22.4194],[-42.6658,-22.4228],[-42.6577,-22.4188],[-42.6575,-22.4217],[-42.661,-22.4216],[-42.6557,-22.4241],[-42.6648,-22.4254],[-42.6673,-22.4247],[-42.6657,-22.4215],[-42.6654,-22.4203]]]}},{"type":"Feature","properties":{"cod_tema":"ARL_PROPOSTA","cod_imovel":"RJ-3300803-9312CC93E8594EC59FB3FE4FD77DAF37","num_area":"1.0269000000000000000000000000000","ind_status":"AT"},"geometry":{"type":"Polygon","coordinates":[[[-42.7701,-22.4545],[-42.7696,-22.4587],[-42.7703,-22.456],[-42.7701,-22.4545]]]}},{"type":"Feature","properties":{"cod_tema":"ARL_PROPOSTA","cod_imovel":"RJ-3300803-93B2679F60334268BA8691F526E30A01","num_area":"1.1291000000000000000000000000000","ind_status":"AT"},"geometry":{"type":"Polygon","coordinates":[[[-42.8533,-22.5584],[-42.8576,-22.5541],[-42.8547,-22.5552],[-42.8533,-22.5584]],[[-42.8575,-22.554],[-42.8546,-22.5551],[-42.8575,-22.554],[-42.8575,-22.554]]]}},{"type":"Feature","properties":{"cod_tema":"ARL_PROPOSTA","cod_imovel":"RJ-3300803-B38C0F9486D24180BE4058FE649B51E8","num_area":"5.1437000000000000000000000000000","ind_status":"AT"},"geometry":{"type":"Polygon","coordinates":[[[-42.7619,-22.5053],[-42.7583,-22.5036],[-42.7615,-22.5064],[-42.7619,-22.5053]]]}},{"type":"Feature","properties":{"cod_tema":"ARL_PROPOSTA","cod_imovel":"RJ-3300803-CEB4CAA2B7B046DFBBC432B317A86A3A","num_area":"1.9086000000000000000000000000000","ind_status":"PE"},"geometry":{"type":"Polygon","coordinates":[[[-42.7848,-22.5927],[-42.7827,-22.5921],[-42.7848,-22.5927],[-42.7848,-22.5927]]]}},{"type":"Feature","properties":{"cod_tema":"ARL_PROPOSTA","cod_imovel":"RJ-3300803-981D54B9438B49E6AF45B65FB2C7D0F9","num_area":"2.0033000000000000000000000000000","ind_status":"AT"},"geometry":{"type":"Polygon","coordinates":[[[-42.7178,-22.4194],[-42.7163,-22.4214],[-42.7187,-22.4204],[-42.7178,-22.4194]]]}},{"type":"Feature","properties":{"cod_tema":"ARL_PROPOSTA","cod_imovel":"RJ-3300803-4D327B63EF3441659D4AA11D8F241EEB","num_area":"14.494100000000000000000000000000","ind_status":"AT"},"geometry":{"type":"Polygon","coordinates":[[[-42.8634,-22.5055],[-42.8655,-22.5076],[-42.8682,-22.5052],[-42.8632,-22.5033],[-42.8634,-22.5055]]]}},{"type":"Feature","properties":{"cod_tema":"ARL_PROPOSTA","cod_imovel":"RJ-3300803-DE465CB38C0E4EF5B705E2276FA1A8AE","num_area":"6.1932000000000000000000000000000","ind_status":"AT"},"geometry":{"type":"Polygon","coordinates":[[[-42.8452,-22.514],[-42.8415,-22.5132],[-42.8391,-22.5179],[-42.8414,-22.5136],[-42.8451,-22.514],[-42.8452,-22.514]]]}},{"type":"Feature","properties":{"cod_tema":"ARL_PROPOSTA","cod_imovel":"RJ-3300803-DE4C45D1884245B785AF9FED29D2B914","num_area":"11.901200000000000000000000000000","ind_status":"AT"},"geometry":{"type":"Polygon","coordinates":[[[-42.6169,-22.6091],[-42.6173,-22.606],[-42.6133,-22.6103],[-42.6169,-22.6091]]]}},{"type":"Feature","properties":{"cod_tema":"ARL_PROPOSTA","cod_imovel":"RJ-3300803-48A61095A09743CFBF6B93CC7618E108","num_area":"5.5976000000000000000000000000000","ind_status":"AT"},"geometry":{"type":"Polygon","coordinates":[[[-42.8539,-22.4972],[-42.8567,-22.4986],[-42.8557,-22.4962],[-42.8539,-22.4972]]]}},{"type":"Feature","properties":{"cod_tema":"ARL_PROPOSTA","cod_imovel":"RJ-3300803-3E7D96F873EF4B69889D34BA379A1492","num_area":"9.1851000000000000000000000000000","ind_status":"AT"},"geometry":{"type":"Polygon","coordinates":[[[-42.6959,-22.6169],[-42.6938,-22.6203],[-42.6964,-22.6204],[-42.696,-22.6167],[-42.6959,-22.6169]]]}},{"type":"Feature","properties":{"cod_tema":"ARL_PROPOSTA","cod_imovel":"RJ-3300803-62DC16E8E59A4AD59705F477AB8F44D7","num_area":"2.0587000000000000000000000000000","ind_status":"AT"},"geometry":{"type":"Polygon","coordinates":[[[-42.7958,-22.4258],[-42.7973,-22.423],[-42.7962,-22.4255],[-42.7958,-22.4258]]]}},{"type":"Feature","properties":{"cod_tema":"ARL_PROPOSTA","cod_imovel":"RJ-3300803-6B5CAF61667C4AE78E8A856C47267E43","num_area":"67.307900000000000000000000000000","ind_status":"AT"},"geometry":{"type":"Polygon","coordinates":[[[-42.602,-22.5374],[-42.5923,-22.5403],[-42.5958,-22.543],[-42.6087,-22.5398],[-42.6029,-22.5372],[-42.602,-22.5374]]]}},{"type":"Feature","properties":{"cod_tema":"ARL_PROPOSTA","cod_imovel":"RJ-3300803-3B6CD795DE8C4FB090E98B9E1460B4F2","num_area":"4.8168000000000000000000000000000","ind_status":"AT"},"geometry":{"type":"Polygon","coordinates":[[[-42.6868,-22.6131],[-42.6801,-22.6156],[-42.6835,-22.614],[-42.6868,-22.6131]]]}},{"type":"Feature","properties":{"cod_tema":"ARL_PROPOSTA","cod_imovel":"RJ-3300803-6B3327ED625649EBA6F687F3AB5B2142","num_area":"5.1817000000000000000000000000000","ind_status":"AT"},"geometry":{"type":"Polygon","coordinates":[[[-42.8104,-22.6025],[-42.81,-22.6001],[-42.81,-22.6029],[-42.8104,-22.6025]]]}},{"type":"Feature","properties":{"cod_tema":"ARL_PROPOSTA","cod_imovel":"RJ-3300803-EF31361F418B4500BCC6EB51B9D83F01","num_area":"7.0362000000000000000000000000000","ind_status":"AT"},"geometry":{"type":"Polygon","coordinates":[[[-42.6348,-22.5128],[-42.6396,-22.5104],[-42.6353,-22.5117],[-42.6348,-22.5128]]]}},{"type":"Feature","properties":{"cod_tema":"ARL_PROPOSTA","cod_imovel":"RJ-3300803-A41BAA4098B14E7780118C84D84E04E6","num_area":"21.862400000000000000000000000000","ind_status":"AT"},"geometry":{"type":"Polygon","coordinates":[[[-42.6779,-22.5691],[-42.6771,-22.5668],[-42.6772,-22.569],[-42.6779,-22.5691]],[[-42.6707,-22.5707],[-42.6768,-22.5693],[-42.6703,-22.5706],[-42.6707,-22.5707]],[[-42.6671,-22.5673],[-42.6684,-22.5655],[-42.6669,-22.5678],[-42.6671,-22.5673]],[[-42.6655,-22.5691],[-42.6684,-22.571],[-42.6638,-22.5665],[-42.6655,-22.5689],[-42.6655,-22.5691]]]}},{"type":"Feature","properties":{"cod_tema":"ARL_PROPOSTA","cod_imovel":"RJ-3300803-9FADC0669C674124B33B6D11C7B12DAD","num_area":"15.027900000000000000000000000000","ind_status":"AT"},"geometry":{"type":"Polygon","coordinates":[[[-42.7589,-22.4957],[-42.7576,-22.4982],[-42.7627,-22.4988],[-42.7636,-22.4961],[-42.7603,-22.4958],[-42.7589,-22.4957]]]}},{"type":"Feature","properties":{"cod_tema":"ARL_PROPOSTA","cod_imovel":"RJ-3300803-1422836199D94C2A9895F233B83B3125","num_area":"16.931200000000000000000000000000","ind_status":"AT"},"geometry":{"type":"Polygon","coordinates":[[[-42.7569,-22.4997],[-42.7589,-22.4957],[-42.7563,-22.4931],[-42.7547,-22.4985],[-42.7569,-22.4997]]]}},{"type":"Feature","properties":{"cod_tema":"ARL_PROPOSTA","cod_imovel":"RJ-3300803-9668637A3BF944B89F80E6654F297164","num_area":"5.8423000000000000000000000000000","ind_status":"AT"},"geometry":{"type":"Polygon","coordinates":[[[-42.7181,-22.4558],[-42.7199,-22.4579],[-42.7187,-22.4559],[-42.7181,-22.4558]]]}},{"type":"Feature","properties":{"cod_tema":"ARL_PROPOSTA","cod_imovel":"RJ-3300803-87EC7B6723504DCC8066FAA158A47C02","num_area":"53.586400000000000000000000000000","ind_status":"AT"},"geometry":{"type":"Polygon","coordinates":[[[-42.8199,-22.5652],[-42.8211,-22.5623],[-42.8199,-22.565],[-42.8199,-22.5652]],[[-42.8285,-22.5636],[-42.8282,-22.56],[-42.8257,-22.5606],[-42.8283,-22.5636],[-42.8285,-22.5636]],[[-42.8267,-22.5582],[-42.8218,-22.5556],[-42.8139,-22.5569],[-42.815,-22.5593],[-42.8264,-22.5585],[-42.8267,-22.5582]]]}},{"type":"Feature","properties":{"cod_tema":"ARL_PROPOSTA","cod_imovel":"RJ-3300803-172402ECEB094183AB7DDF36D613E202","num_area":"10.686000000000000000000000000000","ind_status":"AT"},"geometry":{"type":"Polygon","coordinates":[[[-42.7264,-22.4014],[-42.725,-22.3941],[-42.7263,-22.4017],[-42.7264,-22.4014]]]}},{"type":"Feature","properties":{"cod_tema":"ARL_PROPOSTA","cod_imovel":"RJ-3300803-1586B991A0C04456A9C0D1BD9E1D6AFD","num_area":"4.0724000000000000000000000000000","ind_status":"AT"},"geometry":{"type":"Polygon","coordinates":[[[-42.842,-22.6145],[-42.8401,-22.6134],[-42.8415,-22.6153],[-42.842,-22.6145]]]}},{"type":"Feature","properties":{"cod_tema":"ARL_PROPOSTA","cod_imovel":"RJ-3300803-045483CACCFF49F7B2B14ED28FE20595","num_area":"5.0042000000000000000000000000000","ind_status":"AT"},"geometry":{"type":"Polygon","coordinates":[[[-42.6727,-22.5748],[-42.6717,-22.5718],[-42.6725,-22.5744],[-42.6727,-22.5748]]]}},{"type":"Feature","properties":{"cod_tema":"ARL_PROPOSTA","cod_imovel":"RJ-3300803-CD7023C3EDB14BAA86C56A15307B9B64","num_area":"5.2181000000000000000000000000000","ind_status":"AT"},"geometry":{"type":"Polygon","coordinates":[[[-42.6078,-22.4855],[-42.6098,-22.4834],[-42.6082,-22.4847],[-42.6078,-22.4855]]]}},{"type":"Feature","properties":{"cod_tema":"ARL_PROPOSTA","cod_imovel":"RJ-3300803-464B909B8B3A46F5A2236B5AD3ECD0D6","num_area":"4.7073000000000000000000000000000","ind_status":"AT"},"geometry":{"type":"Polygon","coordinates":[[[-42.6866,-22.5765],[-42.6833,-22.5756],[-42.6855,-22.5772],[-42.6866,-22.5765]]]}},{"type":"Feature","properties":{"cod_tema":"ARL_PROPOSTA","cod_imovel":"RJ-3300803-90010F0B312B4EA3B2DB084C8BE9F3AC","num_area":"9.5259000000000000000000000000000","ind_status":"AT"},"geometry":{"type":"Polygon","coordinates":[[[-42.6543,-22.6059],[-42.6555,-22.6095],[-42.6581,-22.6082],[-42.6551,-22.606],[-42.6543,-22.6059]]]}},{"type":"Feature","properties":{"cod_tema":"ARL_PROPOSTA","cod_imovel":"RJ-3300803-B72B7C3C06A643D0B6BA6B482AA87CD7","num_area":"10.148500000000000000000000000000","ind_status":"AT"},"geometry":{"type":"Polygon","coordinates":[[[-42.7659,-22.5205],[-42.7668,-22.5248],[-42.7703,-22.5204],[-42.7679,-22.5236],[-42.766,-22.5211],[-42.7659,-22.5205]]]}},{"type":"Feature","properties":{"cod_tema":"ARL_PROPOSTA","cod_imovel":"RJ-3300803-369FEC96E8B14E8982EDA46C2AABF87E","num_area":"19.147000000000000000000000000000","ind_status":"AT"},"geometry":{"type":"Polygon","coordinates":[[[-42.6996,-22.6452],[-42.7016,-22.6416],[-42.6974,-22.6441],[-42.6956,-22.6422],[-42.6983,-22.6439],[-42.7008,-22.6415],[-42.6961,-22.6406],[-42.6954,-22.6431],[-42.6996,-22.6452]]]}},{"type":"Feature","properties":{"cod_tema":"ARL_PROPOSTA","cod_imovel":"RJ-3300803-FAC9F3AE3B0C48C4BA34FFD90F56E08D","num_area":"7.2846000000000000000000000000000","ind_status":"CA"},"geometry":{"type":"Polygon","coordinates":[[[-42.7959,-22.439],[-42.7933,-22.4417],[-42.7957,-22.4429],[-42.7988,-22.4408],[-42.7962,-22.4392],[-42.7959,-22.439]]]}},{"type":"Feature","properties":{"cod_tema":"ARL_PROPOSTA","cod_imovel":"RJ-3300803-9F5506815C6A4191A37693E1F969773C","num_area":"49.014800000000000000000000000000","ind_status":"AT"},"geometry":{"type":"Polygon","coordinates":[[[-42.6432,-22.6367],[-42.6441,-22.6405],[-42.6446,-22.6375],[-42.6432,-22.6367]],[[-42.6371,-22.6204],[-42.638,-22.6179],[-42.6347,-22.6163],[-42.6325,-22.6224],[-42.6373,-22.6243],[-42.6371,-22.6205],[-42.6371,-22.6204]],[[-42.6312,-22.6281],[-42.631,-22.6308],[-42.6333,-22.6279],[-42.6312,-22.6278],[-42.6312,-22.6281]]]}},{"type":"Feature","properties":{"cod_tema":"ARL_PROPOSTA","cod_imovel":"RJ-3300803-D4112F8A72BA4CD8BAD2C2805FAF1214","num_area":"6.9036000000000000000000000000000","ind_status":"AT"},"geometry":{"type":"Polygon","coordinates":[[[-42.6737,-22.4579],[-42.677,-22.4614],[-42.6737,-22.4581],[-42.6737,-22.4579]],[[-42.6696,-22.4565],[-42.6682,-22.4588],[-42.6698,-22.4562],[-42.6696,-22.4565]]]}},{"type":"Feature","properties":{"cod_tema":"ARL_PROPOSTA","cod_imovel":"RJ-3300803-0CA89338B12448028FB0913B3FA326E3","num_area":"2.7114000000000000000000000000000","ind_status":"AT"},"geometry":{"type":"Polygon","coordinates":[[[-42.8541,-22.4822],[-42.859,-22.4803],[-42.8541,-22.4822],[-42.8541,-22.4822]]]}},{"type":"Feature","properties":{"cod_tema":"ARL_PROPOSTA","cod_imovel":"RJ-3300803-57EE9984A18940CE8A76CCC2CD99913A","num_area":"12.838900000000000000000000000000","ind_status":"AT"},"geometry":{"type":"Polygon","coordinates":[[[-42.6682,-22.5603],[-42.6671,-22.5581],[-42.6596,-22.56],[-42.6669,-22.5611],[-42.6682,-22.5603]]]}},{"type":"Feature","properties":{"cod_tema":"ARL_PROPOSTA","cod_imovel":"RJ-3300803-C01E5114D890439FA5A80A845836F8D6","num_area":"3.6948000000000000000000000000000","ind_status":"AT"},"geometry":{"type":"Polygon","coordinates":[[[-42.7189,-22.528],[-42.7197,-22.526],[-42.7189,-22.528],[-42.7189,-22.528]],[[-42.7198,-22.5259],[-42.718,-22.5277],[-42.7197,-22.526],[-42.7198,-22.5259]]]}},{"type":"Feature","properties":{"cod_tema":"ARL_PROPOSTA","cod_imovel":"RJ-3300803-2BB34B0AD7964EDA93335A69219F6D9F","num_area":"56.861700000000000000000000000000","ind_status":"AT"},"geometry":{"type":"Polygon","coordinates":[[[-42.7519,-22.4918],[-42.7477,-22.4896],[-42.7411,-22.4953],[-42.7509,-22.498],[-42.7528,-22.4923],[-42.7519,-22.4918]]]}},{"type":"Feature","properties":{"cod_tema":"ARL_PROPOSTA","cod_imovel":"RJ-3300803-85BDFE43AE254E89A96156C785E83742","num_area":"11.969900000000000000000000000000","ind_status":"AT"},"geometry":{"type":"Polygon","coordinates":[[[-42.7541,-22.4649],[-42.7574,-22.4583],[-42.7519,-22.4608],[-42.7539,-22.4643],[-42.7541,-22.4649]]]}},{"type":"Feature","properties":{"cod_tema":"ARL_PROPOSTA","cod_imovel":"RJ-3300803-D7C8753E44354128AC880BED08878A4F","num_area":"63.639700000000000000000000000000","ind_status":"AT"},"geometry":{"type":"Polygon","coordinates":[[[-42.6204,-22.459],[-42.6234,-22.4594],[-42.6211,-22.4588],[-42.6204,-22.459]],[[-42.6308,-22.4536],[-42.6273,-22.4517],[-42.6243,-22.4544],[-42.6264,-22.4562],[-42.6293,-22.4528],[-42.6264,-22.4562],[-42.6302,-22.4591],[-42.6308,-22.4537],[-42.6308,-22.4536]],[[-42.6191,-22.4596],[-42.6191,-22.4629],[-42.626,-22.4612],[-42.6199,-22.4596],[-42.6191,-22.4596]],[[-42.6181,-22.4626],[-42.614,-22.4636],[-42.6145,-22.4659],[-42.6234,-22.4634],[-42.6201,-22.4631],[-42.6219,-22.4613],[-42.6279,-22.4622],[-42.6183,-22.4627],[-42.6181,-22.4626]]]}},{"type":"Feature","properties":{"cod_tema":"ARL_PROPOSTA","cod_imovel":"RJ-3300803-DEA9C1976C3B42D8A6C1E3ED7F3EC0FE","num_area":"72.712200000000000000000000000000","ind_status":"AT"},"geometry":{"type":"Polygon","coordinates":[[[-42.561,-22.4073],[-42.584,-22.4003],[-42.582,-22.3986],[-42.5592,-22.4054],[-42.561,-22.4073]],[[-42.5865,-22.3945],[-42.5829,-22.3977],[-42.5885,-22.3961],[-42.5865,-22.3945]]]}},{"type":"Feature","properties":{"cod_tema":"ARL_PROPOSTA","cod_imovel":"RJ-3300803-E7077753576C4A008C513AD4BD0E6D82","num_area":"2.0769000000000000000000000000000","ind_status":"AT"},"geometry":{"type":"Polygon","coordinates":[[[-42.721,-22.4504],[-42.7215,-22.4536],[-42.7211,-22.4503],[-42.721,-22.4504]]]}},{"type":"Feature","properties":{"cod_tema":"ARL_PROPOSTA","cod_imovel":"RJ-3300803-451967B7B9E343CF92F419B2D0E6B00B","num_area":"4.7275000000000000000000000000000","ind_status":"AT"},"geometry":{"type":"Polygon","coordinates":[[[-42.8051,-22.4765],[-42.8076,-22.4761],[-42.8051,-22.4765],[-42.8051,-22.4765]]]}},{"type":"Feature","properties":{"cod_tema":"ARL_PROPOSTA","cod_imovel":"RJ-3300803-3DEAA158D23243F58466DF813726D501","num_area":"5.4614000000000000000000000000000","ind_status":"AT"},"geometry":{"type":"Polygon","coordinates":[[[-42.8028,-22.5537],[-42.8059,-22.5516],[-42.8024,-22.5503],[-42.8027,-22.5534],[-42.8028,-22.5537]]]}},{"type":"Feature","properties":{"cod_tema":"ARL_PROPOSTA","cod_imovel":"RJ-3300803-1D24C10F9E094C06AF42A38437B3A328","num_area":"12.083900000000000000000000000000","ind_status":"AT"},"geometry":{"type":"Polygon","coordinates":[[[-42.7869,-22.5207],[-42.7836,-22.5208],[-42.7869,-22.5207],[-42.7869,-22.5207]],[[-42.7841,-22.5222],[-42.7882,-22.5273],[-42.7844,-22.522],[-42.7841,-22.5222]]]}},{"type":"Feature","properties":{"cod_tema":"ARL_PROPOSTA","cod_imovel":"RJ-3300803-7EF0DA567FBC412B9D68C0E6424CD467","num_area":"22.225500000000000000000000000000","ind_status":"AT"},"geometry":{"type":"Polygon","coordinates":[[[-42.7491,-22.4917],[-42.7537,-22.4926],[-42.7506,-22.4915],[-42.7491,-22.4917]],[[-42.7462,-22.4861],[-42.7397,-22.4863],[-42.7457,-22.4877],[-42.7462,-22.4861]],[[-42.7434,-22.4931],[-42.75,-22.4898],[-42.7467,-22.4874],[-42.7433,-22.4931],[-42.7434,-22.4931]]]}},{"type":"Feature","properties":{"cod_tema":"ARL_PROPOSTA","cod_imovel":"RJ-3300803-596BEF7566B1461EB0B720EC94B00FFA","num_area":"104.30400000000000000000000000000","ind_status":"AT"},"geometry":{"type":"Polygon","coordinates":[[[-42.8155,-22.5466],[-42.812,-22.547],[-42.8137,-22.5481],[-42.8155,-22.5466]],[[-42.8148,-22.5562],[-42.8185,-22.5487],[-42.8163,-22.5482],[-42.8119,-22.5577],[-42.8157,-22.5504],[-42.8145,-22.5527],[-42.8111,-22.5495],[-42.8083,-22.554],[-42.8103,-22.5487],[-42.805,-22.5563],[-42.8124,-22.561],[-42.8152,-22.56],[-42.814,-22.5572],[-42.8148,-22.5562]]]}},{"type":"Feature","properties":{"cod_tema":"ARL_PROPOSTA","cod_imovel":"RJ-3300803-695D1AE7D110444F8A28C7BCEBF9E8F5","num_area":"2.2793000000000000000000000000000","ind_status":"AT"},"geometry":{"type":"Polygon","coordinates":[[[-42.5902,-22.4779],[-42.588,-22.4789],[-42.5902,-22.4783],[-42.5902,-22.4779]]]}},{"type":"Feature","properties":{"cod_tema":"ARL_PROPOSTA","cod_imovel":"RJ-3300803-24567D257B5E49078BDBBEA04DB639E7","num_area":"2.9843000000000000000000000000000","ind_status":"AT"},"geometry":{"type":"Polygon","coordinates":[[[-42.7396,-22.4812],[-42.7367,-22.4816],[-42.7397,-22.4819],[-42.7396,-22.4812]]]}},{"type":"Feature","properties":{"cod_tema":"ARL_PROPOSTA","cod_imovel":"RJ-3300803-3069D087538C43239A4167607F020E19","num_area":"56.065300000000000000000000000000","ind_status":"AT"},"geometry":{"type":"Polygon","coordinates":[[[-42.6936,-22.5825],[-42.6918,-22.5878],[-42.6952,-22.5927],[-42.7015,-22.5876],[-42.6936,-22.5825],[-42.6936,-22.5825]]]}},{"type":"Feature","properties":{"cod_tema":"ARL_PROPOSTA","cod_imovel":"RJ-3300803-F3F73A5A0B934314A13C0046B5A1215A","num_area":"18.122100000000000000000000000000","ind_status":"AT"},"geometry":{"type":"Polygon","coordinates":[[[-42.6582,-22.5749],[-42.6589,-22.5795],[-42.6607,-22.5747],[-42.6582,-22.5749]],[[-42.6589,-22.5796],[-42.661,-22.5829],[-42.6608,-22.5767],[-42.659,-22.579],[-42.6589,-22.5796]]]}}]}