{"type":"FeatureCollection","features":[{"type":"Feature","properties":{"cod_tema":"ARL_PROPOSTA","cod_imovel":"RJ-3301157-00695372D2AB43DE95B3B70EDDF40170","num_area":"24.699100000000000000000000000000","ind_status":"AT"},"geometry":{"type":"Polygon","coordinates":[[[-41.4434,-21.4386],[-41.4401,-21.4366],[-41.4375,-21.4433],[-41.4405,-21.4435],[-41.4432,-21.4388],[-41.4434,-21.4386]]]}},{"type":"Feature","properties":{"cod_tema":"ARL_PROPOSTA","cod_imovel":"RJ-3301157-5D25F9D471384215B30B45F77F267D64","num_area":"2.2894000000000000000000000000000","ind_status":"AT"},"geometry":{"type":"Polygon","coordinates":[[[-41.6314,-21.4821],[-41.6339,-21.4837],[-41.6316,-21.4818],[-41.6314,-21.4821]]]}},{"type":"Feature","properties":{"cod_tema":"ARL_PROPOSTA","cod_imovel":"RJ-3301157-2318129F086B43C5B547D7EAE9551CB9","num_area":"1.6764000000000000000000000000000","ind_status":"AT"},"geometry":{"type":"Polygon","coordinates":[[[-41.5202,-21.4535],[-41.5186,-21.4557],[-41.5204,-21.4537],[-41.5202,-21.4535]]]}},{"type":"Feature","properties":{"cod_tema":"ARL_PROPOSTA","cod_imovel":"RJ-3301157-2E4437A937A544FA8C1BBFAC8851C53F","num_area":"3.4767000000000000000000000000000","ind_status":"AT"},"geometry":{"type":"Polygon","coordinates":[[[-41.4608,-21.4516],[-41.4641,-21.4501],[-41.4617,-21.4507],[-41.4608,-21.4516]]]}},{"type":"Feature","properties":{"cod_tema":"ARL_APROVADA_NAO_AVERBADA","cod_imovel":"RJ-3301157-0040B6474644493E8B447F26E2D1509B","num_area":"7.2251000000000000000000000000000","ind_status":"AT"},"geometry":{"type":"Polygon","coordinates":[[[-41.639,-21.5582],[-41.6369,-21.5588],[-41.6402,-21.5587],[-41.639,-21.5582]]]}},{"type":"Feature","properties":{"cod_tema":"ARL_PROPOSTA","cod_imovel":"RJ-3301157-01319CE48C1B4561B8F9AF4DFEE62526","num_area":"22.511500000000000000000000000000","ind_status":"AT"},"geometry":{"type":"Polygon","coordinates":[[[-41.5123,-21.5997],[-41.5148,-21.6001],[-41.5147,-21.5958],[-41.5123,-21.5962],[-41.5123,-21.5997]],[[-41.5168,-21.5857],[-41.5207,-21.5871],[-41.5182,-21.5861],[-41.5168,-21.5857]],[[-41.5129,-21.5865],[-41.5121,-21.5912],[-41.5128,-21.5867],[-41.5129,-21.5865]]]}},{"type":"Feature","properties":{"cod_tema":"ARL_PROPOSTA","cod_imovel":"RJ-3301157-024F360488414F1D81762CFD1C0C3987","num_area":"4.5549000000000000000000000000000","ind_status":"AT"},"geometry":{"type":"Polygon","coordinates":[[[-41.5189,-21.4815],[-41.5164,-21.4824],[-41.52,-21.4821],[-41.5189,-21.4815]]]}},{"type":"Feature","properties":{"cod_tema":"ARL_PROPOSTA","cod_imovel":"RJ-3301157-8534118A30254DFBADCEFE76F06ED160","num_area":"21.038100000000000000000000000000","ind_status":"AT"},"geometry":{"type":"Polygon","coordinates":[[[-41.435,-21.4676],[-41.4379,-21.4689],[-41.4409,-21.4655],[-41.4373,-21.4624],[-41.4351,-21.4674],[-41.435,-21.4676]]]}},{"type":"Feature","properties":{"cod_tema":"ARL_PROPOSTA","cod_imovel":"RJ-3301157-09EE8709EE9D4234A6406FD0285FAC64","num_area":"1.9154000000000000000000000000000","ind_status":"AT"},"geometry":{"type":"Polygon","coordinates":[[[-41.4734,-21.4202],[-41.4717,-21.4219],[-41.4736,-21.4205],[-41.4734,-21.4202]]]}},{"type":"Feature","properties":{"cod_tema":"ARL_PROPOSTA","cod_imovel":"RJ-3301157-1280FB12AF654823A2621C75BBF4D307","num_area":"2.8087000000000000000000000000000","ind_status":"AT"},"geometry":{"type":"Polygon","coordinates":[[[-41.6156,-21.5528],[-41.6178,-21.5535],[-41.616,-21.5522],[-41.6156,-21.5528]]]}},{"type":"Feature","properties":{"cod_tema":"ARL_PROPOSTA","cod_imovel":"RJ-3301157-14B8FBA73BE145D794CC87E20EBDAC87","num_area":"16.207300000000000000000000000000","ind_status":"AT"},"geometry":{"type":"Polygon","coordinates":[[[-41.575,-21.4625],[-41.5755,-21.4586],[-41.5724,-21.4634],[-41.5748,-21.463],[-41.575,-21.4625]]]}},{"type":"Feature","properties":{"cod_tema":"ARL_PROPOSTA","cod_imovel":"RJ-3301157-1926F628A20040578C071688EF91F843","num_area":"3.0017000000000000000000000000000","ind_status":"AT"},"geometry":{"type":"Polygon","coordinates":[[[-41.6234,-21.4749],[-41.618,-21.4746],[-41.6233,-21.4749],[-41.6234,-21.4749]]]}},{"type":"Feature","properties":{"cod_tema":"ARL_PROPOSTA","cod_imovel":"RJ-3301157-178BE25914694BD5BF5A61CA8B9D68AB","num_area":"2.0136000000000000000000000000000","ind_status":"AT"},"geometry":{"type":"Polygon","coordinates":[[[-41.5464,-21.4411],[-41.5445,-21.4426],[-41.5464,-21.4411],[-41.5464,-21.4411]]]}},{"type":"Feature","properties":{"cod_tema":"ARL_PROPOSTA","cod_imovel":"RJ-3301157-1EBD428FDDB24304B46C5969C12B096E","num_area":"4.5606000000000000000000000000000","ind_status":"AT"},"geometry":{"type":"Polygon","coordinates":[[[-41.5306,-21.4756],[-41.5296,-21.4776],[-41.5312,-21.4764],[-41.5306,-21.4756]]]}},{"type":"Feature","properties":{"cod_tema":"ARL_APROVADA_NAO_AVERBADA","cod_imovel":"RJ-3301157-1EBD428FDDB24304B46C5969C12B096E","num_area":"4.1485000000000000000000000000000","ind_status":"AT"},"geometry":{"type":"Polygon","coordinates":[[[-41.5252,-21.4799],[-41.5228,-21.4818],[-41.5254,-21.4816],[-41.5252,-21.4799]]]}},{"type":"Feature","properties":{"cod_tema":"ARL_PROPOSTA","cod_imovel":"RJ-3301157-1F5333346C53406C9D6258066DA04249","num_area":"3.6342000000000000000000000000000","ind_status":"AT"},"geometry":{"type":"Polygon","coordinates":[[[-41.5198,-21.5865],[-41.5188,-21.5839],[-41.5194,-21.5862],[-41.5198,-21.5865]]]}},{"type":"Feature","properties":{"cod_tema":"ARL_PROPOSTA","cod_imovel":"RJ-3301157-205C529D0F624E3B958D57638B1C5A1B","num_area":"10.940700000000000000000000000000","ind_status":"AT"},"geometry":{"type":"Polygon","coordinates":[[[-41.5027,-21.4448],[-41.5007,-21.4428],[-41.5024,-21.4457],[-41.5027,-21.4448]],[[-41.4936,-21.4462],[-41.4956,-21.4465],[-41.4935,-21.4457],[-41.4936,-21.4462]]]}},{"type":"Feature","properties":{"cod_tema":"ARL_PROPOSTA","cod_imovel":"RJ-3301157-2344CB424E684D019D85010587BAEBC6","num_area":"11.235400000000000000000000000000","ind_status":"AT"},"geometry":{"type":"Polygon","coordinates":[[[-41.4577,-21.5414],[-41.4535,-21.5409],[-41.457,-21.5421],[-41.4577,-21.5414]]]}},{"type":"Feature","properties":{"cod_tema":"ARL_PROPOSTA","cod_imovel":"RJ-3301157-241CEA7C664442968FB07CA4C439C10E","num_area":"6.8678000000000000000000000000000","ind_status":"AT"},"geometry":{"type":"Polygon","coordinates":[[[-41.5759,-21.4605],[-41.5756,-21.4637],[-41.5763,-21.4605],[-41.5759,-21.4605]]]}},{"type":"Feature","properties":{"cod_tema":"ARL_PROPOSTA","cod_imovel":"RJ-3301157-25A11F004EEF4FF2BDF8A48F3298973A","num_area":"21.718000000000000000000000000000","ind_status":"AT"},"geometry":{"type":"Polygon","coordinates":[[[-41.4458,-21.5701],[-41.4485,-21.5709],[-41.4462,-21.57],[-41.4458,-21.5701]],[[-41.4543,-21.573],[-41.4575,-21.5741],[-41.4551,-21.5721],[-41.4543,-21.573]],[[-41.4473,-21.5643],[-41.447,-21.5676],[-41.4475,-21.5644],[-41.4473,-21.5643]],[[-41.4471,-21.5642],[-41.4429,-21.5644],[-41.4467,-21.5646],[-41.4471,-21.5642]],[[-41.4679,-21.5777],[-41.4723,-21.5792],[-41.475,-21.5738],[-41.4727,-21.5774],[-41.468,-21.5774],[-41.4679,-21.5777]]]}},{"type":"Feature","properties":{"cod_tema":"ARL_PROPOSTA","cod_imovel":"RJ-3301157-25B40A14BD574897A624F35346C48F77","num_area":"8.7370000000000000000000000000000","ind_status":"AT"},"geometry":{"type":"Polygon","coordinates":[[[-41.6213,-21.522],[-41.6225,-21.518],[-41.6201,-21.5213],[-41.6213,-21.522]]]}},{"type":"Feature","properties":{"cod_tema":"ARL_PROPOSTA","cod_imovel":"RJ-3301157-2C21438B6D8C46BBA4378B2E9029DBF8","num_area":"5.9890000000000000000000000000000","ind_status":"AT"},"geometry":{"type":"Polygon","coordinates":[[[-41.4987,-21.4927],[-41.5014,-21.4938],[-41.4987,-21.4927],[-41.4987,-21.4927]]]}},{"type":"Feature","properties":{"cod_tema":"ARL_PROPOSTA","cod_imovel":"RJ-3301157-2D4EB9836BB14D3D9D5D975FD8A055D1","num_area":"108.45000000000000000000000000000","ind_status":"AT"},"geometry":{"type":"Polygon","coordinates":[[[-41.581,-21.515],[-41.5784,-21.5144],[-41.5802,-21.5154],[-41.581,-21.515]],[[-41.5594,-21.5186],[-41.5575,-21.5208],[-41.5602,-21.5194],[-41.5594,-21.5186]],[[-41.5687,-21.5057],[-41.5698,-21.5104],[-41.5693,-21.5064],[-41.5687,-21.5057]],[[-41.5733,-21.5101],[-41.5735,-21.5125],[-41.5765,-21.5116],[-41.5748,-21.5082],[-41.5733,-21.5101]],[[-41.5694,-21.5114],[-41.5725,-21.511],[-41.5703,-21.5112],[-41.5694,-21.5114]],[[-41.5656,-21.5172],[-41.5632,-21.5195],[-41.5664,-21.5169],[-41.5656,-21.5172]],[[-41.5546,-21.5188],[-41.5577,-21.5191],[-41.5552,-21.5186],[-41.5546,-21.5188]],[[-41.5776,-21.5145],[-41.5727,-21.5141],[-41.5779,-21.5147],[-41.5776,-21.5145]],[[-41.5633,-21.513],[-41.5616,-21.5155],[-41.5638,-21.5174],[-41.5679,-21.5153],[-41.565,-21.5135],[-41.5633,-21.513]],[[-41.5613,-21.5101],[-41.5565,-21.5104],[-41.5594,-21.5122],[-41.5564,-21.5161],[-41.5597,-21.5162],[-41.5621,-21.5103],[-41.5613,-21.5101]],[[-41.5813,-21.5139],[-41.5824,-21.5111],[-41.5788,-21.5097],[-41.5785,-21.5134],[-41.5809,-21.5132],[-41.5813,-21.5139]]]}},{"type":"Feature","properties":{"cod_tema":"ARL_PROPOSTA","cod_imovel":"RJ-3301157-2E5FC687556D4544B0D1AEDFE63D3E35","num_area":"9.4428000000000000000000000000000","ind_status":"AT"},"geometry":{"type":"Polygon","coordinates":[[[-41.5459,-21.4561],[-41.5431,-21.4564],[-41.5459,-21.4562],[-41.5459,-21.4561]],[[-41.5351,-21.4612],[-41.538,-21.4613],[-41.5358,-21.4605],[-41.5351,-21.4612]]]}},{"type":"Feature","properties":{"cod_tema":"ARL_PROPOSTA","cod_imovel":"RJ-3301157-30FFC08964C34B0297ECDAD7840A5A9B","num_area":"6.4043000000000000000000000000000","ind_status":"AT"},"geometry":{"type":"Polygon","coordinates":[[[-41.6314,-21.5268],[-41.6338,-21.5271],[-41.6316,-21.5263],[-41.6314,-21.5268]],[[-41.6307,-21.5335],[-41.6277,-21.5352],[-41.6304,-21.5341],[-41.6307,-21.5335]]]}},{"type":"Feature","properties":{"cod_tema":"ARL_PROPOSTA","cod_imovel":"RJ-3301157-3222CBC0D2F04D67922F919542F91AAB","num_area":"13.170700000000000000000000000000","ind_status":"AT"},"geometry":{"type":"Polygon","coordinates":[[[-41.6092,-21.577],[-41.6033,-21.5796],[-41.6086,-21.5777],[-41.6092,-21.577]]]}},{"type":"Feature","properties":{"cod_tema":"ARL_PROPOSTA","cod_imovel":"RJ-3301157-386E8AA69FCF453A95A336F73CBD2ECE","num_area":"9.0899000000000000000000000000000","ind_status":"AT"},"geometry":{"type":"Polygon","coordinates":[[[-41.6172,-21.5461],[-41.6149,-21.5442],[-41.6168,-21.5465],[-41.6172,-21.5461]],[[-41.6144,-21.5381],[-41.6121,-21.5394],[-41.6151,-21.5381],[-41.6144,-21.5381]],[[-41.6127,-21.5406],[-41.6108,-21.5423],[-41.6131,-21.541],[-41.6127,-21.5406]]]}},{"type":"Feature","properties":{"cod_tema":"ARL_PROPOSTA","cod_imovel":"RJ-3301157-40D7DC5CC0C446899C2CA4A1B7555EAB","num_area":"5.4432000000000000000000000000000","ind_status":"AT"},"geometry":{"type":"Polygon","coordinates":[[[-41.6199,-21.5901],[-41.6243,-21.5911],[-41.6201,-21.59],[-41.6199,-21.5901]]]}},{"type":"Feature","properties":{"cod_tema":"ARL_PROPOSTA","cod_imovel":"RJ-3301157-41262D0248CD4FFAAE4F2E84EA27D807","num_area":"5.8011000000000000000000000000000","ind_status":"AT"},"geometry":{"type":"Polygon","coordinates":[[[-41.5839,-21.5413],[-41.583,-21.5371],[-41.5838,-21.5413],[-41.5839,-21.5413]]]}},{"type":"Feature","properties":{"cod_tema":"ARL_PROPOSTA","cod_imovel":"RJ-3301157-416CFB96FECE4395878A908BE2CF7754","num_area":"3.9317000000000000000000000000000","ind_status":"AT"},"geometry":{"type":"Polygon","coordinates":[[[-41.4734,-21.4258],[-41.4741,-21.4285],[-41.4739,-21.4258],[-41.4734,-21.4258]],[[-41.4719,-21.4275],[-41.4741,-21.4285],[-41.4724,-21.4273],[-41.4719,-21.4275]],[[-41.474,-21.4286],[-41.472,-21.4277],[-41.474,-21.4286],[-41.474,-21.4286]]]}},{"type":"Feature","properties":{"cod_tema":"ARL_PROPOSTA","cod_imovel":"RJ-3301157-431DE9EA5A124E839EB0972493F7F64F","num_area":"21.361100000000000000000000000000","ind_status":"AT"},"geometry":{"type":"Polygon","coordinates":[[[-41.4805,-21.4763],[-41.4933,-21.4765],[-41.4823,-21.4745],[-41.4805,-21.4763]]]}},{"type":"Feature","properties":{"cod_tema":"ARL_PROPOSTA","cod_imovel":"RJ-3301157-44208CB50BCB437DA7620BD230F2FA18","num_area":"18.175600000000000000000000000000","ind_status":"AT"},"geometry":{"type":"Polygon","coordinates":[[[-41.5123,-21.4901],[-41.5096,-21.489],[-41.5117,-21.4898],[-41.5123,-21.4901]],[[-41.5127,-21.4979],[-41.5164,-21.4929],[-41.5093,-21.492],[-41.5133,-21.4936],[-41.5127,-21.4976],[-41.5127,-21.4979]]]}},{"type":"Feature","properties":{"cod_tema":"ARL_PROPOSTA","cod_imovel":"RJ-3301157-44268CEEF5BF4366AEBD9EF6EA59C95A","num_area":"10.878600000000000000000000000000","ind_status":"AT"},"geometry":{"type":"Polygon","coordinates":[[[-41.5915,-21.5624],[-41.5939,-21.5628],[-41.5908,-21.5621],[-41.5915,-21.5624]],[[-41.5987,-21.5559],[-41.5941,-21.5559],[-41.5987,-21.5559],[-41.5987,-21.5559]]]}},{"type":"Feature","properties":{"cod_tema":"ARL_PROPOSTA","cod_imovel":"RJ-3301157-4DADFEA525F84DBEAF687222DBD3B141","num_area":"1.2893000000000000000000000000000","ind_status":"AT"},"geometry":{"type":"Polygon","coordinates":[[[-41.5711,-21.4686],[-41.5689,-21.4692],[-41.5714,-21.4685],[-41.5711,-21.4686]]]}},{"type":"Feature","properties":{"cod_tema":"ARL_PROPOSTA","cod_imovel":"RJ-3301157-4DB84794F3084FBC852CFF766A0FA558","num_area":"38.283700000000000000000000000000","ind_status":"PE"},"geometry":{"type":"Polygon","coordinates":[[[-41.4269,-21.5605],[-41.4226,-21.5647],[-41.4224,-21.5697],[-41.4283,-21.5747],[-41.4226,-21.5697],[-41.4253,-21.5627],[-41.4265,-21.5667],[-41.4275,-21.5612],[-41.4285,-21.5663],[-41.4309,-21.5659],[-41.4287,-21.5627],[-41.4356,-21.5676],[-41.4271,-21.5603],[-41.4269,-21.5605]]]}},{"type":"Feature","properties":{"cod_tema":"ARL_PROPOSTA","cod_imovel":"RJ-3301157-51AB96ADFE4F4BF29882902FAD18A00A","num_area":"10.842600000000000000000000000000","ind_status":"AT"},"geometry":{"type":"Polygon","coordinates":[[[-41.6316,-21.5777],[-41.6301,-21.574],[-41.6313,-21.5778],[-41.6316,-21.5777]]]}},{"type":"Feature","properties":{"cod_tema":"ARL_PROPOSTA","cod_imovel":"RJ-3301157-5DF832B353A3412BA5AB95CAF88A3650","num_area":"12.677300000000000000000000000000","ind_status":"AT"},"geometry":{"type":"Polygon","coordinates":[[[-41.6251,-21.5451],[-41.6248,-21.5419],[-41.6206,-21.5408],[-41.625,-21.5452],[-41.6251,-21.5451]]]}},{"type":"Feature","properties":{"cod_tema":"ARL_PROPOSTA","cod_imovel":"RJ-3301157-6935916ADCE64715A7DA5A22CC6410F4","num_area":"6.2200000000000000000000000000000","ind_status":"AT"},"geometry":{"type":"Polygon","coordinates":[[[-41.4647,-21.4968],[-41.4645,-21.4939],[-41.4627,-21.4954],[-41.4647,-21.4968]]]}},{"type":"Feature","properties":{"cod_tema":"ARL_PROPOSTA","cod_imovel":"RJ-3301157-6243E9C54A9E4906BF968A1C17C75D66","num_area":"18.344400000000000000000000000000","ind_status":"AT"},"geometry":{"type":"Polygon","coordinates":[[[-41.4991,-21.5014],[-41.5034,-21.4988],[-41.5009,-21.4957],[-41.4991,-21.5014]]]}},{"type":"Feature","properties":{"cod_tema":"ARL_PROPOSTA","cod_imovel":"RJ-3301157-633ECCB873C04C4A99377B1A065CD1A0","num_area":"45.402400000000000000000000000000","ind_status":"AT"},"geometry":{"type":"Polygon","coordinates":[[[-41.5848,-21.4685],[-41.5871,-21.4688],[-41.5849,-21.4682],[-41.5848,-21.4685]],[[-41.5835,-21.4819],[-41.5893,-21.4862],[-41.5946,-21.4804],[-41.5827,-21.4811],[-41.5835,-21.4819]]]}},{"type":"Feature","properties":{"cod_tema":"ARL_PROPOSTA","cod_imovel":"RJ-3301157-682FC70F877F4FE2994170455827C7B9","num_area":"3.3774000000000000000000000000000","ind_status":"AT"},"geometry":{"type":"Polygon","coordinates":[[[-41.4736,-21.5101],[-41.4742,-21.5125],[-41.4736,-21.51],[-41.4736,-21.5101]]]}},{"type":"Feature","properties":{"cod_tema":"ARL_PROPOSTA","cod_imovel":"RJ-3301157-6BBF0DB61AE34441A74D641D5E5A1FCC","num_area":"4.3511000000000000000000000000000","ind_status":"AT"},"geometry":{"type":"Polygon","coordinates":[[[-41.6199,-21.5317],[-41.6232,-21.5319],[-41.6207,-21.5307],[-41.6199,-21.5317]]]}},{"type":"Feature","properties":{"cod_tema":"ARL_PROPOSTA","cod_imovel":"RJ-3301157-786C5CAEC0744275B9A326FB3BA6C0B4","num_area":"3.5182000000000000000000000000000","ind_status":"AT"},"geometry":{"type":"Polygon","coordinates":[[[-41.6356,-21.5277],[-41.6335,-21.5282],[-41.6362,-21.5282],[-41.6356,-21.5277]]]}},{"type":"Feature","properties":{"cod_tema":"ARL_PROPOSTA","cod_imovel":"RJ-3301157-75610D5A42404632952E65EA46C0FA92","num_area":"6.8603000000000000000000000000000","ind_status":"AT"},"geometry":{"type":"Polygon","coordinates":[[[-41.4655,-21.4401],[-41.4679,-21.4402],[-41.4653,-21.4395],[-41.4655,-21.4401]]]}},{"type":"Feature","properties":{"cod_tema":"ARL_PROPOSTA","cod_imovel":"RJ-3301157-75679C9B1BA548A08B65DE12B471977E","num_area":"4.7850000000000000000000000000000","ind_status":"AT"},"geometry":{"type":"Polygon","coordinates":[[[-41.4824,-21.4398],[-41.4826,-21.4422],[-41.4827,-21.4395],[-41.4824,-21.4398]]]}},{"type":"Feature","properties":{"cod_tema":"ARL_PROPOSTA","cod_imovel":"RJ-3301157-76BE6E0E2A5E4393A43F002ED78C5530","num_area":"1.4796000000000000000000000000000","ind_status":"AT"},"geometry":{"type":"Polygon","coordinates":[[[-41.461,-21.5087],[-41.4592,-21.5073],[-41.4605,-21.5092],[-41.461,-21.5087]]]}},{"type":"Feature","properties":{"cod_tema":"ARL_PROPOSTA","cod_imovel":"RJ-3301157-77911285F06B4F89831A17CBC23C0B0A","num_area":"9.9475000000000000000000000000000","ind_status":"AT"},"geometry":{"type":"Polygon","coordinates":[[[-41.5023,-21.4776],[-41.5019,-21.4796],[-41.5032,-21.4768],[-41.5023,-21.4776]],[[-41.5122,-21.4829],[-41.5058,-21.4808],[-41.5124,-21.4835],[-41.5122,-21.4829]]]}},{"type":"Feature","properties":{"cod_tema":"ARL_PROPOSTA","cod_imovel":"RJ-3301157-7AE39A74A750415284AF2B27E5DBD5A7","num_area":"3.8220000000000000000000000000000","ind_status":"AT"},"geometry":{"type":"Polygon","coordinates":[[[-41.4674,-21.5025],[-41.4669,-21.5002],[-41.4658,-21.5024],[-41.4674,-21.5025]]]}},{"type":"Feature","properties":{"cod_tema":"ARL_PROPOSTA","cod_imovel":"RJ-3301157-7BBBFF0BBB0B4F62A6696F853E86724F","num_area":"3.2286000000000000000000000000000","ind_status":"AT"},"geometry":{"type":"Polygon","coordinates":[[[-41.3858,-21.5525],[-41.3853,-21.5503],[-41.3858,-21.5525],[-41.3858,-21.5525]]]}},{"type":"Feature","properties":{"cod_tema":"ARL_PROPOSTA","cod_imovel":"RJ-3301157-7C448DE3F8254B059982BAD9CEF9DFAB","num_area":"3.5795000000000000000000000000000","ind_status":"AT"},"geometry":{"type":"Polygon","coordinates":[[[-41.5184,-21.4909],[-41.5155,-21.4889],[-41.5183,-21.491],[-41.5184,-21.4909]]]}},{"type":"Feature","properties":{"cod_tema":"ARL_PROPOSTA","cod_imovel":"RJ-3301157-7DCF56352ADB47F0A38A9F3A3F96D063","num_area":"1.9284000000000000000000000000000","ind_status":"AT"},"geometry":{"type":"Polygon","coordinates":[[[-41.4741,-21.4128],[-41.4741,-21.4097],[-41.4741,-21.4125],[-41.4741,-21.4128]]]}},{"type":"Feature","properties":{"cod_tema":"ARL_PROPOSTA","cod_imovel":"RJ-3301157-7F424817FED243EA9C4AFBAE427BE9C4","num_area":"10.438200000000000000000000000000","ind_status":"AT"},"geometry":{"type":"Polygon","coordinates":[[[-41.4181,-21.487],[-41.4204,-21.4849],[-41.4182,-21.4829],[-41.4161,-21.485],[-41.4181,-21.487]]]}},{"type":"Feature","properties":{"cod_tema":"ARL_AVERBADA","cod_imovel":"RJ-3301157-826BDC4A78A34F1B8C86973534B16172","num_area":"29.413800000000000000000000000000","ind_status":"PE"},"geometry":{"type":"Polygon","coordinates":[[[-41.5453,-21.4991],[-41.5397,-21.4949],[-41.5375,-21.4973],[-41.5429,-21.5016],[-41.5452,-21.4992],[-41.5453,-21.4991]]]}},{"type":"Feature","properties":{"cod_tema":"ARL_PROPOSTA","cod_imovel":"RJ-3301157-864DD175704A44EBB7D40D4756A603E5","num_area":"0.9532000000000000000000000000000","ind_status":"AT"},"geometry":{"type":"Polygon","coordinates":[[[-41.5292,-21.4866],[-41.5294,-21.4845],[-41.5288,-21.4867],[-41.5292,-21.4866]]]}},{"type":"Feature","properties":{"cod_tema":"ARL_PROPOSTA","cod_imovel":"RJ-3301157-8ABFD746A3BB468C998A65481D7011F6","num_area":"4.0986000000000000000000000000000","ind_status":"AT"},"geometry":{"type":"Polygon","coordinates":[[[-41.5713,-21.4644],[-41.5652,-21.4642],[-41.5702,-21.4633],[-41.5658,-21.4645],[-41.5704,-21.4636],[-41.572,-21.4682],[-41.5713,-21.4644],[-41.5713,-21.4644]]]}},{"type":"Feature","properties":{"cod_tema":"ARL_PROPOSTA","cod_imovel":"RJ-3301157-8C363F6EE67241F78D12D06250946662","num_area":"51.016400000000000000000000000000","ind_status":"AT"},"geometry":{"type":"Polygon","coordinates":[[[-41.5795,-21.549],[-41.5762,-21.5479],[-41.5748,-21.5511],[-41.5794,-21.5504],[-41.5795,-21.549]],[[-41.5936,-21.5556],[-41.5984,-21.5554],[-41.593,-21.555],[-41.5936,-21.5556]],[[-41.5919,-21.5468],[-41.5932,-21.5509],[-41.5915,-21.547],[-41.5919,-21.5468]],[[-41.5915,-21.5467],[-41.5964,-21.5544],[-41.5915,-21.5467],[-41.5915,-21.5467]],[[-41.5965,-21.5544],[-41.5932,-21.5509],[-41.5964,-21.5544],[-41.5965,-21.5544]],[[-41.5975,-21.5474],[-41.594,-21.5456],[-41.5958,-21.5473],[-41.5975,-21.5474]],[[-41.5909,-21.5543],[-41.5873,-21.5497],[-41.5858,-21.552],[-41.5898,-21.5543],[-41.5909,-21.5543]],[[-41.5932,-21.5456],[-41.5904,-21.5447],[-41.593,-21.5464],[-41.5932,-21.5456]]]}},{"type":"Feature","properties":{"cod_tema":"ARL_PROPOSTA","cod_imovel":"RJ-3301157-95E8DFB3993749EE801EBC36E2FF8314","num_area":"1.9900000000000000000000000000000","ind_status":"AT"},"geometry":{"type":"Polygon","coordinates":[[[-41.4594,-21.5073],[-41.4609,-21.5087],[-41.46,-21.5068],[-41.4594,-21.5073]]]}},{"type":"Feature","properties":{"cod_tema":"ARL_PROPOSTA","cod_imovel":"RJ-3301157-8FA491F73EDE45CAA4D489475E77584A","num_area":"4.1109000000000000000000000000000","ind_status":"AT"},"geometry":{"type":"Polygon","coordinates":[[[-41.5905,-21.5596],[-41.588,-21.5609],[-41.5912,-21.5602],[-41.5905,-21.5596]]]}},{"type":"Feature","properties":{"cod_tema":"ARL_PROPOSTA","cod_imovel":"RJ-3301157-90E138C4516F460C90D37DD891C00BBE","num_area":"3.3913000000000000000000000000000","ind_status":"AT"},"geometry":{"type":"Polygon","coordinates":[[[-41.4478,-21.4559],[-41.4461,-21.4571],[-41.4492,-21.4557],[-41.4478,-21.4559]]]}},{"type":"Feature","properties":{"cod_tema":"ARL_PROPOSTA","cod_imovel":"RJ-3301157-922B0E6DD9844580ACB53F19CE916FCC","num_area":"3.7411000000000000000000000000000","ind_status":"AT"},"geometry":{"type":"Polygon","coordinates":[[[-41.6332,-21.4879],[-41.6294,-21.4907],[-41.6331,-21.488],[-41.6332,-21.4879]]]}},{"type":"Feature","properties":{"cod_tema":"ARL_PROPOSTA","cod_imovel":"RJ-3301157-9665648AE2B446148F2C39760B6BA41F","num_area":"54.284800000000000000000000000000","ind_status":"AT"},"geometry":{"type":"Polygon","coordinates":[[[-41.6328,-21.5467],[-41.6304,-21.5438],[-41.6328,-21.547],[-41.6328,-21.5467]],[[-41.6378,-21.5578],[-41.6419,-21.5591],[-41.6431,-21.5561],[-41.6385,-21.5498],[-41.6319,-21.5497],[-41.6376,-21.5517],[-41.6379,-21.5568],[-41.6378,-21.5578]]]}},{"type":"Feature","properties":{"cod_tema":"ARL_PROPOSTA","cod_imovel":"RJ-3301157-96B60425F64143C78AD2BC2C786909A6","num_area":"7.1642000000000000000000000000000","ind_status":"AT"},"geometry":{"type":"Polygon","coordinates":[[[-41.509,-21.4266],[-41.5117,-21.4242],[-41.5067,-21.4252],[-41.509,-21.4266]]]}},{"type":"Feature","properties":{"cod_tema":"ARL_PROPOSTA","cod_imovel":"RJ-3301157-9A9A9987AEA040708B2FD577B9F17F4D","num_area":"3.7829000000000000000000000000000","ind_status":"AT"},"geometry":{"type":"Polygon","coordinates":[[[-41.4911,-21.4615],[-41.4939,-21.4619],[-41.4911,-21.4614],[-41.4911,-21.4615]]]}},{"type":"Feature","properties":{"cod_tema":"ARL_PROPOSTA","cod_imovel":"RJ-3301157-9BA5617447414A428A917061682E5E40","num_area":"1.9217000000000000000000000000000","ind_status":"AT"},"geometry":{"type":"Polygon","coordinates":[[[-41.4917,-21.5856],[-41.4937,-21.5856],[-41.4917,-21.5849],[-41.4917,-21.5856]]]}},{"type":"Feature","properties":{"cod_tema":"ARL_PROPOSTA","cod_imovel":"RJ-3301157-9BDE5507D95B4D2F8A8F85A41138C62F","num_area":"3.9910000000000000000000000000000","ind_status":"AT"},"geometry":{"type":"Polygon","coordinates":[[[-41.4914,-21.4098],[-41.4889,-21.4088],[-41.4906,-21.4104],[-41.4914,-21.4098]]]}},{"type":"Feature","properties":{"cod_tema":"ARL_PROPOSTA","cod_imovel":"RJ-3301157-9E6C5443C47B41219B0759A79F434000","num_area":"1.6744000000000000000000000000000","ind_status":"AT"},"geometry":{"type":"Polygon","coordinates":[[[-41.4873,-21.4513],[-41.4891,-21.4529],[-41.4881,-21.4504],[-41.4873,-21.4513]]]}},{"type":"Feature","properties":{"cod_tema":"ARL_PROPOSTA","cod_imovel":"RJ-3301157-A07362144B7B44FCA12D0AC38AFF5E64","num_area":"2.9703000000000000000000000000000","ind_status":"AT"},"geometry":{"type":"Polygon","coordinates":[[[-41.6153,-21.5127],[-41.6181,-21.5126],[-41.6153,-21.5116],[-41.6153,-21.5127]]]}},{"type":"Feature","properties":{"cod_tema":"ARL_PROPOSTA","cod_imovel":"RJ-3301157-A147A8078A94462F8DAF1C5168FBA075","num_area":"3.2154000000000000000000000000000","ind_status":"AT"},"geometry":{"type":"Polygon","coordinates":[[[-41.6143,-21.4772],[-41.6125,-21.4792],[-41.6145,-21.4776],[-41.6143,-21.4772]]]}},{"type":"Feature","properties":{"cod_tema":"ARL_PROPOSTA","cod_imovel":"RJ-3301157-A214E5F025444647B298893526E77284","num_area":"2.4792000000000000000000000000000","ind_status":"AT"},"geometry":{"type":"Polygon","coordinates":[[[-41.5295,-21.4419],[-41.5287,-21.4371],[-41.5289,-21.4414],[-41.5295,-21.4419]]]}},{"type":"Feature","properties":{"cod_tema":"ARL_PROPOSTA","cod_imovel":"RJ-3301157-A454EE5134154DBC8ED480B9F542C638","num_area":"13.174000000000000000000000000000","ind_status":"AT"},"geometry":{"type":"Polygon","coordinates":[[[-41.5057,-21.4579],[-41.5031,-21.4581],[-41.5058,-21.458],[-41.5057,-21.4579]],[[-41.501,-21.4602],[-41.5027,-21.4584],[-41.4969,-21.4601],[-41.4999,-21.4613],[-41.501,-21.4602]],[[-41.5025,-21.4557],[-41.4986,-21.455],[-41.5026,-21.4557],[-41.5025,-21.4557]]]}},{"type":"Feature","properties":{"cod_tema":"ARL_PROPOSTA","cod_imovel":"RJ-3301157-A7A74611917145F6B9C5641479AA0C2A","num_area":"10.069100000000000000000000000000","ind_status":"AT"},"geometry":{"type":"Polygon","coordinates":[[[-41.4054,-21.4823],[-41.4101,-21.4839],[-41.4068,-21.4808],[-41.4054,-21.4823]]]}},{"type":"Feature","properties":{"cod_tema":"ARL_PROPOSTA","cod_imovel":"RJ-3301157-ABF7A3E9EB13446A9E9DB621F56F87E8","num_area":"1.9976000000000000000000000000000","ind_status":"AT"},"geometry":{"type":"Polygon","coordinates":[[[-41.5634,-21.4532],[-41.5609,-21.4527],[-41.5636,-21.4532],[-41.5634,-21.4532]]]}},{"type":"Feature","properties":{"cod_tema":"ARL_PROPOSTA","cod_imovel":"RJ-3301157-AE0F4B908CC04E51865FAA0E5575E91A","num_area":"3.8899000000000000000000000000000","ind_status":"AT"},"geometry":{"type":"Polygon","coordinates":[[[-41.6337,-21.5693],[-41.6313,-21.5681],[-41.6332,-21.5692],[-41.6337,-21.5693]]]}},{"type":"Feature","properties":{"cod_tema":"ARL_PROPOSTA","cod_imovel":"RJ-3301157-AF130D7D860D45D2BFE7E7DF5F507198","num_area":"1.8614000000000000000000000000000","ind_status":"AT"},"geometry":{"type":"Polygon","coordinates":[[[-41.4647,-21.4725],[-41.4614,-21.4699],[-41.4648,-21.4725],[-41.4647,-21.4725]]]}},{"type":"Feature","properties":{"cod_tema":"ARL_PROPOSTA","cod_imovel":"RJ-3301157-B3631C17A91D4B75964FEFA317F27452","num_area":"34.905600000000000000000000000000","ind_status":"AT"},"geometry":{"type":"Polygon","coordinates":[[[-41.4038,-21.5284],[-41.3996,-21.5247],[-41.4016,-21.5269],[-41.4038,-21.5284]],[[-41.3963,-21.535],[-41.4012,-21.5332],[-41.3974,-21.5299],[-41.3932,-21.5317],[-41.3961,-21.5352],[-41.3963,-21.535]],[[-41.3977,-21.5321],[-41.3977,-21.5344],[-41.3977,-21.5321],[-41.3977,-21.5321]]]}},{"type":"Feature","properties":{"cod_tema":"ARL_PROPOSTA","cod_imovel":"RJ-3301157-B46254396CA74895955B48C49FECCB75","num_area":"5.3865000000000000000000000000000","ind_status":"AT"},"geometry":{"type":"Polygon","coordinates":[[[-41.6448,-21.5212],[-41.6459,-21.5233],[-41.645,-21.5212],[-41.6448,-21.5212]]]}},{"type":"Feature","properties":{"cod_tema":"ARL_PROPOSTA","cod_imovel":"RJ-3301157-B4B2491B8D554A2E86E5AF2BFFD914D3","num_area":"5.0553000000000000000000000000000","ind_status":"AT"},"geometry":{"type":"Polygon","coordinates":[[[-41.4917,-21.4181],[-41.4937,-21.4164],[-41.4917,-21.4181],[-41.4917,-21.4181]],[[-41.4929,-21.4114],[-41.4901,-21.412],[-41.4928,-21.4118],[-41.4929,-21.4114]]]}},{"type":"Feature","properties":{"cod_tema":"ARL_PROPOSTA","cod_imovel":"RJ-3301157-CEA7EFD1E90E471680D2E755ABBD3E28","num_area":"6.5615000000000000000000000000000","ind_status":"AT"},"geometry":{"type":"Polygon","coordinates":[[[-41.3794,-21.5526],[-41.3739,-21.5501],[-41.3794,-21.5527],[-41.3794,-21.5526]]]}},{"type":"Feature","properties":{"cod_tema":"ARL_PROPOSTA","cod_imovel":"RJ-3301157-BD7BBEA72C964F43B5641D00827B8488","num_area":"5.4348000000000000000000000000000","ind_status":"AT"},"geometry":{"type":"Polygon","coordinates":[[[-41.4517,-21.4754],[-41.4505,-21.4734],[-41.4515,-21.4755],[-41.4517,-21.4754]]]}},{"type":"Feature","properties":{"cod_tema":"ARL_PROPOSTA","cod_imovel":"RJ-3301157-D39504716F944A4CACE31EB9654C2622","num_area":"2.1941000000000000000000000000000","ind_status":"AT"},"geometry":{"type":"Polygon","coordinates":[[[-41.5621,-21.4457],[-41.5645,-21.4473],[-41.5623,-21.4458],[-41.5621,-21.4457]]]}},{"type":"Feature","properties":{"cod_tema":"ARL_PROPOSTA","cod_imovel":"RJ-3301157-BE606911312D4396BE5F2E97AFEC6A63","num_area":"28.236000000000000000000000000000","ind_status":"AT"},"geometry":{"type":"Polygon","coordinates":[[[-41.5021,-21.6133],[-41.5067,-21.6153],[-41.5065,-21.6109],[-41.4987,-21.6106],[-41.5021,-21.6133],[-41.5021,-21.6133]]]}},{"type":"Feature","properties":{"cod_tema":"ARL_PROPOSTA","cod_imovel":"RJ-3301157-BFF1296A924C4AE4A3DCE28B2AF590BA","num_area":"7.7403000000000000000000000000000","ind_status":"AT"},"geometry":{"type":"Polygon","coordinates":[[[-41.4882,-21.5664],[-41.4933,-21.5653],[-41.4886,-21.5665],[-41.4882,-21.5664]]]}},{"type":"Feature","properties":{"cod_tema":"ARL_PROPOSTA","cod_imovel":"RJ-3301157-CCDBC6A060BE4E0E84FF3D348792AA55","num_area":"50.753500000000000000000000000000","ind_status":"AT"},"geometry":{"type":"Polygon","coordinates":[[[-41.6568,-21.5688],[-41.6578,-21.5669],[-41.6519,-21.5641],[-41.6567,-21.5676],[-41.6568,-21.5688]],[[-41.6515,-21.5648],[-41.6486,-21.5633],[-41.6513,-21.5649],[-41.6515,-21.5648]],[[-41.6354,-21.5625],[-41.6339,-21.5639],[-41.6364,-21.5628],[-41.6354,-21.5625]],[[-41.6262,-21.5639],[-41.6226,-21.5626],[-41.6266,-21.5643],[-41.6262,-21.5639]],[[-41.6542,-21.5745],[-41.6562,-21.5696],[-41.6543,-21.5743],[-41.6542,-21.5745]],[[-41.6474,-21.5632],[-41.643,-21.5574],[-41.6404,-21.5602],[-41.6474,-21.5635],[-41.6474,-21.5632]],[[-41.6393,-21.5649],[-41.642,-21.5655],[-41.6394,-21.5649],[-41.6393,-21.5649]]]}},{"type":"Feature","properties":{"cod_tema":"ARL_PROPOSTA","cod_imovel":"RJ-3301157-CE29F6ED7C044369844B91EEE775FB38","num_area":"19.289800000000000000000000000000","ind_status":"AT"},"geometry":{"type":"Polygon","coordinates":[[[-41.4878,-21.567],[-41.4857,-21.5703],[-41.4918,-21.5723],[-41.4897,-21.5677],[-41.4878,-21.567]]]}},{"type":"Feature","properties":{"cod_tema":"ARL_PROPOSTA","cod_imovel":"RJ-3301157-D14B7DBBA79747F499E807F7B67B39E3","num_area":"4.4506000000000000000000000000000","ind_status":"AT"},"geometry":{"type":"Polygon","coordinates":[[[-41.6403,-21.5381],[-41.643,-21.5387],[-41.6403,-21.5376],[-41.6403,-21.5381]]]}},{"type":"Feature","properties":{"cod_tema":"ARL_PROPOSTA","cod_imovel":"RJ-3301157-DFD302F019524A8B98B7806B140B924E","num_area":"2.1289000000000000000000000000000","ind_status":"AT"},"geometry":{"type":"Polygon","coordinates":[[[-41.4993,-21.4847],[-41.4966,-21.4854],[-41.4988,-21.4853],[-41.4993,-21.4847]]]}},{"type":"Feature","properties":{"cod_tema":"ARL_PROPOSTA","cod_imovel":"RJ-3301157-D8470DA2B2AA4C65A822BAF8AE75EFA3","num_area":"2.1330000000000000000000000000000","ind_status":"AT"},"geometry":{"type":"Polygon","coordinates":[[[-41.4994,-21.4621],[-41.4974,-21.4609],[-41.5024,-21.4642],[-41.4994,-21.4621]]]}},{"type":"Feature","properties":{"cod_tema":"ARL_PROPOSTA","cod_imovel":"RJ-3301157-D71C7F6F728C4EF48E0FDF5C1B4F71D7","num_area":"2.2706000000000000000000000000000","ind_status":"AT"},"geometry":{"type":"Polygon","coordinates":[[[-41.5068,-21.4832],[-41.5064,-21.481],[-41.5066,-21.4831],[-41.5068,-21.4832]]]}},{"type":"Feature","properties":{"cod_tema":"ARL_PROPOSTA","cod_imovel":"RJ-3301157-D9168AFE1E6545C096C389AB93171509","num_area":"9.7014000000000000000000000000000","ind_status":"AT"},"geometry":{"type":"Polygon","coordinates":[[[-41.5091,-21.4349],[-41.5082,-21.4387],[-41.5097,-21.4343],[-41.5091,-21.4349]]]}},{"type":"Feature","properties":{"cod_tema":"ARL_PROPOSTA","cod_imovel":"RJ-3301157-DC43F4FBA99D46B9B7932DE1439191D4","num_area":"3.2173000000000000000000000000000","ind_status":"AT"},"geometry":{"type":"Polygon","coordinates":[[[-41.6076,-21.5462],[-41.6094,-21.548],[-41.6076,-21.546],[-41.6076,-21.5462]]]}},{"type":"Feature","properties":{"cod_tema":"ARL_PROPOSTA","cod_imovel":"RJ-3301157-DFD782CF780A4F288AE3EED884C1891F","num_area":"31.282000000000000000000000000000","ind_status":"AT"},"geometry":{"type":"Polygon","coordinates":[[[-41.5917,-21.5168],[-41.5889,-21.5185],[-41.5917,-21.5171],[-41.5917,-21.5168]],[[-41.5925,-21.5241],[-41.5988,-21.526],[-41.5989,-21.5203],[-41.5953,-21.5218],[-41.5925,-21.5241]]]}},{"type":"Feature","properties":{"cod_tema":"ARL_PROPOSTA","cod_imovel":"RJ-3301157-E313CA7C3DFB44BDB8FA3AE31B23D674","num_area":"10.937100000000000000000000000000","ind_status":"AT"},"geometry":{"type":"Polygon","coordinates":[[[-41.4114,-21.4831],[-41.4124,-21.487],[-41.4122,-21.4845],[-41.4114,-21.4831]],[[-41.41,-21.4864],[-41.4129,-21.4883],[-41.4089,-21.4854],[-41.41,-21.4864]]]}},{"type":"Feature","properties":{"cod_tema":"ARL_PROPOSTA","cod_imovel":"RJ-3301157-E4C8BA4261414361A33EB2B7A26FCD98","num_area":"5.1942000000000000000000000000000","ind_status":"AT"},"geometry":{"type":"Polygon","coordinates":[[[-41.4847,-21.4306],[-41.4881,-21.429],[-41.4847,-21.4305],[-41.4847,-21.4306]]]}},{"type":"Feature","properties":{"cod_tema":"ARL_PROPOSTA","cod_imovel":"RJ-3301157-EC4C51E52816448F906FCF02FABC64D8","num_area":"2.1087000000000000000000000000000","ind_status":"AT"},"geometry":{"type":"Polygon","coordinates":[[[-41.6455,-21.5134],[-41.6464,-21.5157],[-41.6459,-21.5136],[-41.6455,-21.5134]]]}},{"type":"Feature","properties":{"cod_tema":"ARL_PROPOSTA","cod_imovel":"RJ-3301157-E5524B389C9440AE8819ADA6C7F0958D","num_area":"3.9658000000000000000000000000000","ind_status":"AT"},"geometry":{"type":"Polygon","coordinates":[[[-41.5163,-21.4898],[-41.5123,-21.4901],[-41.5159,-21.4904],[-41.5163,-21.4898]]]}},{"type":"Feature","properties":{"cod_tema":"ARL_PROPOSTA","cod_imovel":"RJ-3301157-E72AC27D325E4F9385C5FA5449A24635","num_area":"9.4931000000000000000000000000000","ind_status":"AT"},"geometry":{"type":"Polygon","coordinates":[[[-41.6333,-21.539],[-41.6342,-21.5371],[-41.6307,-21.538],[-41.6333,-21.539]],[[-41.6311,-21.5338],[-41.6292,-21.5366],[-41.6319,-21.5341],[-41.6311,-21.5338]],[[-41.6371,-21.5291],[-41.6354,-21.5319],[-41.6361,-21.5298],[-41.6371,-21.5291]]]}},{"type":"Feature","properties":{"cod_tema":"ARL_PROPOSTA","cod_imovel":"RJ-3301157-E7AE25F04E0343FA8C3A8C33E32BCBEB","num_area":"3.2874000000000000000000000000000","ind_status":"AT"},"geometry":{"type":"Polygon","coordinates":[[[-41.5029,-21.4886],[-41.5059,-21.4893],[-41.5031,-21.4884],[-41.5029,-21.4886]],[[-41.5058,-21.4886],[-41.5031,-21.4882],[-41.5057,-21.4888],[-41.5058,-21.4886]]]}},{"type":"Feature","properties":{"cod_tema":"ARL_PROPOSTA","cod_imovel":"RJ-3301157-E8E257C0F0404EB5B1D405E95EDE0454","num_area":"8.4292000000000000000000000000000","ind_status":"AT"},"geometry":{"type":"Polygon","coordinates":[[[-41.4728,-21.4396],[-41.4708,-21.4414],[-41.4727,-21.44],[-41.4728,-21.4396]],[[-41.4761,-21.4395],[-41.4733,-21.4385],[-41.4766,-21.4399],[-41.4761,-21.4395]]]}},{"type":"Feature","properties":{"cod_tema":"ARL_PROPOSTA","cod_imovel":"RJ-3301157-F205E0F4EDCA4B4E8712164A7DF18538","num_area":"7.0048000000000000000000000000000","ind_status":"AT"},"geometry":{"type":"Polygon","coordinates":[[[-41.4567,-21.4732],[-41.4584,-21.4776],[-41.4581,-21.4746],[-41.4567,-21.4732]]]}},{"type":"Feature","properties":{"cod_tema":"ARL_PROPOSTA","cod_imovel":"RJ-3301157-F26614E2DACF4A66B67FADBB78AB9974","num_area":"7.5955000000000000000000000000000","ind_status":"AT"},"geometry":{"type":"Polygon","coordinates":[[[-41.6153,-21.5123],[-41.6129,-21.5143],[-41.6152,-21.5128],[-41.6153,-21.5123]]]}},{"type":"Feature","properties":{"cod_tema":"ARL_PROPOSTA","cod_imovel":"RJ-3301157-F83753E6375A43CC872C31B9EC2F4D6F","num_area":"5.4155000000000000000000000000000","ind_status":"AT"},"geometry":{"type":"Polygon","coordinates":[[[-41.5459,-21.4885],[-41.5478,-21.4877],[-41.5456,-21.4876],[-41.5459,-21.4885]]]}},{"type":"Feature","properties":{"cod_tema":"ARL_PROPOSTA","cod_imovel":"RJ-3301157-FF08B8451D0A43748140D727A1A909C7","num_area":"3.5421000000000000000000000000000","ind_status":"AT"},"geometry":{"type":"Polygon","coordinates":[[[-41.6287,-21.4984],[-41.6271,-21.5004],[-41.6288,-21.4984],[-41.6287,-21.4984]]]}},{"type":"Feature","properties":{"cod_tema":"ARL_PROPOSTA","cod_imovel":"RJ-3301157-FD09DD606203489A8BC23515C299B20F","num_area":"8.8086000000000000000000000000000","ind_status":"AT"},"geometry":{"type":"Polygon","coordinates":[[[-41.434,-21.4828],[-41.4337,-21.4794],[-41.4337,-21.4826],[-41.434,-21.4828]],[[-41.4333,-21.4829],[-41.432,-21.481],[-41.4333,-21.4833],[-41.4333,-21.4829]]]}},{"type":"Feature","properties":{"cod_tema":"ARL_PROPOSTA","cod_imovel":"RJ-3301157-6ED0AB352A6543749AB58C1E380A8C96","num_area":"7.8572000000000000000000000000000","ind_status":"AT"},"geometry":{"type":"Polygon","coordinates":[[[-41.4436,-21.5443],[-41.4387,-21.546],[-41.444,-21.5446],[-41.4436,-21.5443]]]}},{"type":"Feature","properties":{"cod_tema":"ARL_PROPOSTA","cod_imovel":"RJ-3301157-4BBF066362224219939096783F031694","num_area":"6.4789000000000000000000000000000","ind_status":"AT"},"geometry":{"type":"Polygon","coordinates":[[[-41.5077,-21.4263],[-41.5056,-21.4256],[-41.5077,-21.4261],[-41.5077,-21.4263]]]}},{"type":"Feature","properties":{"cod_tema":"ARL_PROPOSTA","cod_imovel":"RJ-3301157-B7FD731BAA8443F3ADA0B946E2FFA1CA","num_area":"6.7760000000000000000000000000000","ind_status":"AT"},"geometry":{"type":"Polygon","coordinates":[[[-41.4465,-21.5208],[-41.4487,-21.5242],[-41.4467,-21.521],[-41.4465,-21.5208]]]}},{"type":"Feature","properties":{"cod_tema":"ARL_PROPOSTA","cod_imovel":"RJ-3301157-4B4B8674212E45F5A0A62F86F4F1E33E","num_area":"11.260900000000000000000000000000","ind_status":"AT"},"geometry":{"type":"Polygon","coordinates":[[[-41.4272,-21.5112],[-41.4317,-21.5129],[-41.4311,-21.5102],[-41.4275,-21.5114],[-41.4272,-21.5112]]]}},{"type":"Feature","properties":{"cod_tema":"ARL_PROPOSTA","cod_imovel":"RJ-3301157-6C800B673F054CA8816BF766227B5D36","num_area":"28.898300000000000000000000000000","ind_status":"AT"},"geometry":{"type":"Polygon","coordinates":[[[-41.5171,-21.6051],[-41.511,-21.6064],[-41.5182,-21.6062],[-41.5224,-21.6129],[-41.5214,-21.6049],[-41.5171,-21.6051]]]}},{"type":"Feature","properties":{"cod_tema":"ARL_APROVADA_NAO_AVERBADA","cod_imovel":"RJ-3301157-94A6C68C1CCD4D88A3F904E9A4875956","num_area":"2.9817000000000000000000000000000","ind_status":"AT"},"geometry":{"type":"Polygon","coordinates":[[[-41.593,-21.5729],[-41.5895,-21.5732],[-41.5931,-21.5729],[-41.593,-21.5729]]]}},{"type":"Feature","properties":{"cod_tema":"ARL_PROPOSTA","cod_imovel":"RJ-3301157-7EDAC432B03040FDA62625865BBD4249","num_area":"16.230500000000000000000000000000","ind_status":"AT"},"geometry":{"type":"Polygon","coordinates":[[[-41.4385,-21.5353],[-41.4362,-21.5378],[-41.4392,-21.5405],[-41.4416,-21.5378],[-41.4385,-21.5353]]]}},{"type":"Feature","properties":{"cod_tema":"ARL_PROPOSTA","cod_imovel":"RJ-3301157-B32B900B0D0E49848F7F7111D28A42B6","num_area":"34.681100000000000000000000000000","ind_status":"AT"},"geometry":{"type":"Polygon","coordinates":[[[-41.461,-21.5416],[-41.4626,-21.5348],[-41.4598,-21.5375],[-41.461,-21.5414],[-41.461,-21.5416]],[[-41.4626,-21.5348],[-41.4543,-21.5289],[-41.4573,-21.5358],[-41.4624,-21.5349],[-41.4626,-21.5348]]]}},{"type":"Feature","properties":{"cod_tema":"ARL_PROPOSTA","cod_imovel":"RJ-3301157-85BCB67C50DD4FBBB4E0E32D4CA1192C","num_area":"33.949400000000000000000000000000","ind_status":"AT"},"geometry":{"type":"Polygon","coordinates":[[[-41.4922,-21.6225],[-41.4884,-21.6299],[-41.4912,-21.6326],[-41.4941,-21.6276],[-41.4924,-21.6226],[-41.4922,-21.6225]]]}},{"type":"Feature","properties":{"cod_tema":"ARL_PROPOSTA","cod_imovel":"RJ-3301157-9E8E2603552E4B91AD6AACE5A44AF10E","num_area":"29.782300000000000000000000000000","ind_status":"PE"},"geometry":{"type":"Polygon","coordinates":[[[-41.4791,-21.4247],[-41.4881,-21.4217],[-41.4877,-21.4168],[-41.4783,-21.4244],[-41.4791,-21.4247]]]}},{"type":"Feature","properties":{"cod_tema":"ARL_PROPOSTA","cod_imovel":"RJ-3301157-CA985B9E59794F118EA6AECC31BBF539","num_area":"3.9614000000000000000000000000000","ind_status":"AT"},"geometry":{"type":"Polygon","coordinates":[[[-41.4627,-21.5124],[-41.4626,-21.5102],[-41.4617,-21.5121],[-41.4627,-21.5124]]]}},{"type":"Feature","properties":{"cod_tema":"ARL_APROVADA_NAO_AVERBADA","cod_imovel":"RJ-3301157-75C7D6E0D7B44D6586461593981972B2","num_area":"12.314000000000000000000000000000","ind_status":"AT"},"geometry":{"type":"Polygon","coordinates":[[[-41.4931,-21.4764],[-41.4911,-21.4808],[-41.4951,-21.4775],[-41.4931,-21.4764],[-41.4931,-21.4764]]]}},{"type":"Feature","properties":{"cod_tema":"ARL_PROPOSTA","cod_imovel":"RJ-3301157-07D9CC8FDE394ADB95023E71E04BE7EE","num_area":"5.6094000000000000000000000000000","ind_status":"AT"},"geometry":{"type":"Polygon","coordinates":[[[-41.5389,-21.447],[-41.5406,-21.4459],[-41.5382,-21.4472],[-41.5389,-21.447]]]}},{"type":"Feature","properties":{"cod_tema":"ARL_PROPOSTA","cod_imovel":"RJ-3301157-70497647055342B0A39A9C59B86185A7","num_area":"10.602400000000000000000000000000","ind_status":"AT"},"geometry":{"type":"Polygon","coordinates":[[[-41.4447,-21.4349],[-41.4419,-21.4327],[-41.4409,-21.4353],[-41.444,-21.4364],[-41.4447,-21.4349]]]}},{"type":"Feature","properties":{"cod_tema":"ARL_PROPOSTA","cod_imovel":"RJ-3301157-B307DF7CDA9B4BFF9C4C85829465C535","num_area":"7.1986000000000000000000000000000","ind_status":"AT"},"geometry":{"type":"Polygon","coordinates":[[[-41.5106,-21.459],[-41.5125,-21.4615],[-41.5129,-21.4585],[-41.5106,-21.4589],[-41.5106,-21.459]]]}},{"type":"Feature","properties":{"cod_tema":"ARL_PROPOSTA","cod_imovel":"RJ-3301157-FE9DC2B67CD940378307F90AFFF556B8","num_area":"2.0419000000000000000000000000000","ind_status":"AT"},"geometry":{"type":"Polygon","coordinates":[[[-41.5011,-21.461],[-41.5023,-21.4589],[-41.5013,-21.4607],[-41.5011,-21.461]]]}},{"type":"Feature","properties":{"cod_tema":"ARL_PROPOSTA","cod_imovel":"RJ-3301157-2B44048BEC6347CE86AC35560EE06A01","num_area":"2.9531000000000000000000000000000","ind_status":"AT"},"geometry":{"type":"Polygon","coordinates":[[[-41.6096,-21.4845],[-41.6116,-21.4858],[-41.6095,-21.4845],[-41.6096,-21.4845]]]}},{"type":"Feature","properties":{"cod_tema":"ARL_PROPOSTA","cod_imovel":"RJ-3301157-EB63D650FAB94F45A421172C108655C4","num_area":"6.0054000000000000000000000000000","ind_status":"AT"},"geometry":{"type":"Polygon","coordinates":[[[-41.4749,-21.4183],[-41.4776,-21.4173],[-41.4753,-21.4176],[-41.4749,-21.4183]]]}},{"type":"Feature","properties":{"cod_tema":"ARL_PROPOSTA","cod_imovel":"RJ-3301157-E53BE311DCC04F5EB46CB73887380B89","num_area":"2.5541000000000000000000000000000","ind_status":"AT"},"geometry":{"type":"Polygon","coordinates":[[[-41.4926,-21.4458],[-41.4924,-21.4438],[-41.4922,-21.4461],[-41.4926,-21.4458]]]}},{"type":"Feature","properties":{"cod_tema":"ARL_PROPOSTA","cod_imovel":"RJ-3301157-F78071DE36E64C4B94CF2155F36923B9","num_area":"13.809500000000000000000000000000","ind_status":"AT"},"geometry":{"type":"Polygon","coordinates":[[[-41.6098,-21.5016],[-41.6058,-21.5058],[-41.6088,-21.5028],[-41.6098,-21.5016]],[[-41.6058,-21.5058],[-41.6048,-21.5085],[-41.6058,-21.5059],[-41.6058,-21.5058]],[[-41.6151,-21.5093],[-41.6176,-21.5053],[-41.6153,-21.5042],[-41.6151,-21.5093],[-41.6151,-21.5093]]]}},{"type":"Feature","properties":{"cod_tema":"ARL_PROPOSTA","cod_imovel":"RJ-3301157-B17362E0B11B482789F6FB32CDBD41A2","num_area":"32.095800000000000000000000000000","ind_status":"AT"},"geometry":{"type":"Polygon","coordinates":[[[-41.5365,-21.4944],[-41.5312,-21.4957],[-41.5365,-21.4966],[-41.5366,-21.4945],[-41.5373,-21.4974],[-41.5371,-21.4947],[-41.5365,-21.4944]],[[-41.5373,-21.4974],[-41.5343,-21.5006],[-41.5395,-21.5021],[-41.5373,-21.4974],[-41.5373,-21.4974]]]}},{"type":"Feature","properties":{"cod_tema":"ARL_PROPOSTA","cod_imovel":"RJ-3301157-29A989ED913842C597A8D011F583AE60","num_area":"4.1421000000000000000000000000000","ind_status":"AT"},"geometry":{"type":"Polygon","coordinates":[[[-41.565,-21.4498],[-41.5682,-21.4516],[-41.5657,-21.4502],[-41.565,-21.4498]]]}},{"type":"Feature","properties":{"cod_tema":"ARL_PROPOSTA","cod_imovel":"RJ-3301157-AE1A172897A3415FB1D69DAED2523163","num_area":"4.4072000000000000000000000000000","ind_status":"AT"},"geometry":{"type":"Polygon","coordinates":[[[-41.4659,-21.5074],[-41.4691,-21.5069],[-41.466,-21.5072],[-41.4659,-21.5074]]]}},{"type":"Feature","properties":{"cod_tema":"ARL_PROPOSTA","cod_imovel":"RJ-3301157-162D5B22008D48D2B1139745EEC05C9F","num_area":"21.031200000000000000000000000000","ind_status":"AT"},"geometry":{"type":"Polygon","coordinates":[[[-41.5078,-21.4386],[-41.5053,-21.4435],[-41.5091,-21.4426],[-41.5092,-21.4396],[-41.5078,-21.4386]],[[-41.5065,-21.444],[-41.5091,-21.4426],[-41.5065,-21.4439],[-41.5065,-21.444]],[[-41.5005,-21.4376],[-41.4951,-21.4361],[-41.5005,-21.4376],[-41.5005,-21.4376]]]}},{"type":"Feature","properties":{"cod_tema":"ARL_PROPOSTA","cod_imovel":"RJ-3301157-1250BB07C7244F00B3D0FA584B1CB0CE","num_area":"4.6721000000000000000000000000000","ind_status":"AT"},"geometry":{"type":"Polygon","coordinates":[[[-41.6029,-21.4941],[-41.6002,-21.4941],[-41.6029,-21.4941],[-41.6029,-21.4941]]]}},{"type":"Feature","properties":{"cod_tema":"ARL_PROPOSTA","cod_imovel":"RJ-3301157-14DB956BBC5240A6A6365F22909A7FC7","num_area":"1.4604000000000000000000000000000","ind_status":"AT"},"geometry":{"type":"Polygon","coordinates":[[[-41.5263,-21.4392],[-41.5246,-21.4404],[-41.5267,-21.4395],[-41.5263,-21.4392]]]}},{"type":"Feature","properties":{"cod_tema":"ARL_PROPOSTA","cod_imovel":"RJ-3301157-303F5EEF62634843987D38AF46B85561","num_area":"4.3221000000000000000000000000000","ind_status":"AT"},"geometry":{"type":"Polygon","coordinates":[[[-41.498,-21.4776],[-41.5012,-21.4789],[-41.4992,-21.4764],[-41.498,-21.4776]]]}},{"type":"Feature","properties":{"cod_tema":"ARL_PROPOSTA","cod_imovel":"RJ-3301157-2810861A97DD4BF89199E637CB60B23B","num_area":"7.8300000000000000000000000000000","ind_status":"AT"},"geometry":{"type":"Polygon","coordinates":[[[-41.4278,-21.5567],[-41.4304,-21.5589],[-41.4291,-21.5552],[-41.4278,-21.5567]]]}},{"type":"Feature","properties":{"cod_tema":"ARL_PROPOSTA","cod_imovel":"RJ-3301157-54FEDF4C43A34BB2B8AF4E5AEED28662","num_area":"11.942200000000000000000000000000","ind_status":"AT"},"geometry":{"type":"Polygon","coordinates":[[[-41.5004,-21.6405],[-41.4925,-21.6411],[-41.5001,-21.6408],[-41.5004,-21.6405]]]}},{"type":"Feature","properties":{"cod_tema":"ARL_PROPOSTA","cod_imovel":"RJ-3301157-779B330D59B646128DBC87E96DF3612D","num_area":"13.725500000000000000000000000000","ind_status":"AT"},"geometry":{"type":"Polygon","coordinates":[[[-41.4246,-21.4359],[-41.4192,-21.4414],[-41.4252,-21.4366],[-41.4246,-21.4359]]]}},{"type":"Feature","properties":{"cod_tema":"ARL_PROPOSTA","cod_imovel":"RJ-3301157-5134BB43061B4EF0A347D717CDABC723","num_area":"32.917600000000000000000000000000","ind_status":"AT"},"geometry":{"type":"Polygon","coordinates":[[[-41.4971,-21.6347],[-41.4881,-21.6305],[-41.4915,-21.6391],[-41.4982,-21.6351],[-41.4971,-21.6347]]]}},{"type":"Feature","properties":{"cod_tema":"ARL_PROPOSTA","cod_imovel":"RJ-3301157-9FB72A94B2924693B1D3651A13645110","num_area":"5.8037000000000000000000000000000","ind_status":"AT"},"geometry":{"type":"Polygon","coordinates":[[[-41.6356,-21.4751],[-41.633,-21.4718],[-41.6356,-21.4751],[-41.6356,-21.4751]]]}},{"type":"Feature","properties":{"cod_tema":"ARL_PROPOSTA","cod_imovel":"RJ-3301157-88ECAFC75D5D40BCA88D58C3F0AE178E","num_area":"1.8112000000000000000000000000000","ind_status":"AT"},"geometry":{"type":"Polygon","coordinates":[[[-41.6403,-21.5014],[-41.6375,-21.5027],[-41.6398,-21.5015],[-41.6403,-21.5014]]]}},{"type":"Feature","properties":{"cod_tema":"ARL_PROPOSTA","cod_imovel":"RJ-3301157-87DD13673E6D411B8B6ECDF59E385E15","num_area":"2.7847000000000000000000000000000","ind_status":"AT"},"geometry":{"type":"Polygon","coordinates":[[[-41.6068,-21.5506],[-41.6046,-21.5493],[-41.6064,-21.5509],[-41.6068,-21.5506]]]}},{"type":"Feature","properties":{"cod_tema":"ARL_PROPOSTA","cod_imovel":"RJ-3301157-93954D02C75E4EB98549DBE2865C448D","num_area":"43.731900000000000000000000000000","ind_status":"AT"},"geometry":{"type":"Polygon","coordinates":[[[-41.5037,-21.6331],[-41.5,-21.6344],[-41.5028,-21.6416],[-41.506,-21.639],[-41.5047,-21.634],[-41.5037,-21.6331]]]}},{"type":"Feature","properties":{"cod_tema":"ARL_PROPOSTA","cod_imovel":"RJ-3301157-46C62965C43F48B283099C85610CEEAF","num_area":"0.8587000000000000000000000000000","ind_status":"AT"},"geometry":{"type":"Polygon","coordinates":[[[-41.4568,-21.4722],[-41.4545,-21.4708],[-41.4566,-21.4727],[-41.4568,-21.4722]]]}},{"type":"Feature","properties":{"cod_tema":"ARL_PROPOSTA","cod_imovel":"RJ-3301157-EA2D37E783A0478AAE1290DF37343121","num_area":"31.897900000000000000000000000000","ind_status":"AT"},"geometry":{"type":"Polygon","coordinates":[[[-41.6189,-21.5117],[-41.6225,-21.518],[-41.6277,-21.512],[-41.6189,-21.5117]]]}},{"type":"Feature","properties":{"cod_tema":"ARL_PROPOSTA","cod_imovel":"RJ-3301157-E92CB60E011C49C58F1B559EF538944E","num_area":"8.1547000000000000000000000000000","ind_status":"AT"},"geometry":{"type":"Polygon","coordinates":[[[-41.6269,-21.5258],[-41.6244,-21.5277],[-41.6286,-21.5258],[-41.6269,-21.5258]]]}},{"type":"Feature","properties":{"cod_tema":"ARL_PROPOSTA","cod_imovel":"RJ-3301157-0128E2F57AB24901AB854EB7C40C9253","num_area":"6.2706000000000000000000000000000","ind_status":"AT"},"geometry":{"type":"Polygon","coordinates":[[[-41.5572,-21.4427],[-41.5611,-21.4443],[-41.5573,-21.4426],[-41.5572,-21.4427]]]}},{"type":"Feature","properties":{"cod_tema":"ARL_PROPOSTA","cod_imovel":"RJ-3301157-C67FA7F08914492093C7A225B8122F85","num_area":"46.587800000000000000000000000000","ind_status":"AT"},"geometry":{"type":"Polygon","coordinates":[[[-41.6195,-21.5653],[-41.6236,-21.5618],[-41.622,-21.5596],[-41.6166,-21.563],[-41.6193,-21.5654],[-41.6195,-21.5653]],[[-41.619,-21.5655],[-41.6165,-21.563],[-41.6188,-21.5652],[-41.619,-21.5655]],[[-41.6177,-21.5549],[-41.6204,-21.5554],[-41.618,-21.5552],[-41.6177,-21.5549]],[[-41.6071,-21.5622],[-41.61,-21.5624],[-41.6069,-21.5621],[-41.6071,-21.5622]],[[-41.6129,-21.5691],[-41.6158,-21.5638],[-41.6128,-21.5688],[-41.6129,-21.5691]],[[-41.6052,-21.5583],[-41.6105,-21.5597],[-41.6059,-21.558],[-41.6052,-21.5583]],[[-41.6106,-21.5597],[-41.6055,-21.5587],[-41.6104,-21.5596],[-41.6106,-21.5597]]]}},{"type":"Feature","properties":{"cod_tema":"ARL_PROPOSTA","cod_imovel":"RJ-3301157-ECE3F12883A34EB1A1C93C7FE9D0E823","num_area":"18.882600000000000000000000000000","ind_status":"AT"},"geometry":{"type":"Polygon","coordinates":[[[-41.6339,-21.5619],[-41.6375,-21.5621],[-41.6342,-21.5614],[-41.6339,-21.5619]],[[-41.6399,-21.561],[-41.6417,-21.5592],[-41.6363,-21.5589],[-41.6398,-21.561],[-41.6399,-21.561]]]}},{"type":"Feature","properties":{"cod_tema":"ARL_PROPOSTA","cod_imovel":"RJ-3301157-64A60401E2454028BFF8E489EED8071F","num_area":"136.04770000000000000000000000000","ind_status":"PE"},"geometry":{"type":"Polygon","coordinates":[[[-41.5473,-21.5638],[-41.5496,-21.5644],[-41.5482,-21.5609],[-41.5386,-21.5586],[-41.5458,-21.5633],[-41.5473,-21.5638]],[[-41.5539,-21.554],[-41.5515,-21.562],[-41.5542,-21.554],[-41.5539,-21.554]],[[-41.5516,-21.562],[-41.5501,-21.5645],[-41.5538,-21.5647],[-41.5559,-21.5575],[-41.5575,-21.5609],[-41.5606,-21.5581],[-41.5555,-21.5532],[-41.5516,-21.562],[-41.5516,-21.562]],[[-41.5686,-21.5627],[-41.569,-21.5588],[-41.5679,-21.5615],[-41.5643,-21.5583],[-41.5619,-21.5605],[-41.5654,-21.5625],[-41.5618,-21.5614],[-41.5609,-21.5637],[-41.5646,-21.5654],[-41.5589,-21.5625],[-41.5581,-21.5657],[-41.5677,-21.5688],[-41.5653,-21.5605],[-41.5685,-21.5626],[-41.5686,-21.5627]]]}},{"type":"Feature","properties":{"cod_tema":"ARL_PROPOSTA","cod_imovel":"RJ-3301157-1D752A520BC446C9AB5932967165EEEF","num_area":"17.044200000000000000000000000000","ind_status":"AT"},"geometry":{"type":"Polygon","coordinates":[[[-41.4688,-21.4087],[-41.4694,-21.4108],[-41.4691,-21.4087],[-41.4688,-21.4087]],[[-41.4732,-21.4138],[-41.471,-21.4151],[-41.4732,-21.4138],[-41.4732,-21.4138]],[[-41.4684,-21.418],[-41.4714,-21.4183],[-41.4683,-21.418],[-41.4684,-21.418]],[[-41.4681,-21.4187],[-41.4667,-21.422],[-41.4682,-21.4187],[-41.4681,-21.4187]],[[-41.4736,-21.4165],[-41.4721,-21.4185],[-41.4752,-21.4179],[-41.4745,-21.4137],[-41.4735,-21.4165],[-41.4736,-21.4165]]]}},{"type":"Feature","properties":{"cod_tema":"ARL_PROPOSTA","cod_imovel":"RJ-3301157-D6848A9624464E51B76687F574B9D641","num_area":"9.7801000000000000000000000000000","ind_status":"AT"},"geometry":{"type":"Polygon","coordinates":[[[-41.5216,-21.5997],[-41.5237,-21.5993],[-41.5219,-21.5978],[-41.5216,-21.5997]],[[-41.5237,-21.5992],[-41.5221,-21.5963],[-41.5235,-21.5993],[-41.5237,-21.5992]]]}},{"type":"Feature","properties":{"cod_tema":"ARL_PROPOSTA","cod_imovel":"RJ-3301157-775F4D9DAD034AEF933363E8FC9EA3AC","num_area":"8.7233000000000000000000000000000","ind_status":"AT"},"geometry":{"type":"Polygon","coordinates":[[[-41.5147,-21.6003],[-41.5091,-21.6011],[-41.5148,-21.6018],[-41.5147,-21.6003]]]}},{"type":"Feature","properties":{"cod_tema":"ARL_PROPOSTA","cod_imovel":"RJ-3301157-E48DBFE33C8143CBBCCB4B28EC1D9048","num_area":"6.7670000000000000000000000000000","ind_status":"AT"},"geometry":{"type":"Polygon","coordinates":[[[-41.4088,-21.5328],[-41.4115,-21.5271],[-41.4086,-21.5326],[-41.4088,-21.5328]]]}},{"type":"Feature","properties":{"cod_tema":"ARL_PROPOSTA","cod_imovel":"RJ-3301157-93C0B3311E5E4845AA86B9940BB0D2FD","num_area":"14.150500000000000000000000000000","ind_status":"AT"},"geometry":{"type":"Polygon","coordinates":[[[-41.4182,-21.5711],[-41.4224,-21.5697],[-41.419,-21.5678],[-41.4182,-21.5708],[-41.4182,-21.5711]]]}},{"type":"Feature","properties":{"cod_tema":"ARL_PROPOSTA","cod_imovel":"RJ-3301157-26F9C952D2C64275BCE8B271E03C8B22","num_area":"6.3603000000000000000000000000000","ind_status":"AT"},"geometry":{"type":"Polygon","coordinates":[[[-41.4152,-21.5],[-41.4179,-21.5008],[-41.4153,-21.4998],[-41.4152,-21.5]]]}},{"type":"Feature","properties":{"cod_tema":"ARL_PROPOSTA","cod_imovel":"RJ-3301157-58593F9A35DA4607B1FCA01E296371C7","num_area":"18.000400000000000000000000000000","ind_status":"AT"},"geometry":{"type":"Polygon","coordinates":[[[-41.4866,-21.5224],[-41.4905,-21.5198],[-41.4843,-21.5197],[-41.4866,-21.5224]]]}},{"type":"Feature","properties":{"cod_tema":"ARL_PROPOSTA","cod_imovel":"RJ-3301157-FC16DE7E0D6B4B1BB59B6CD477BF106D","num_area":"4.8058000000000000000000000000000","ind_status":"AT"},"geometry":{"type":"Polygon","coordinates":[[[-41.4177,-21.5141],[-41.4212,-21.5143],[-41.4181,-21.5139],[-41.4177,-21.5141]]]}},{"type":"Feature","properties":{"cod_tema":"ARL_PROPOSTA","cod_imovel":"RJ-3301157-9ADDF2EE44BF464E9214AAC347E904AF","num_area":"1.8803000000000000000000000000000","ind_status":"AT"},"geometry":{"type":"Polygon","coordinates":[[[-41.4381,-21.5629],[-41.4397,-21.5643],[-41.4386,-21.5623],[-41.4381,-21.5629]]]}},{"type":"Feature","properties":{"cod_tema":"ARL_PROPOSTA","cod_imovel":"RJ-3301157-D37687C4113C4609A3EBD5D4CF08C3F7","num_area":"2.4658000000000000000000000000000","ind_status":"PE"},"geometry":{"type":"Polygon","coordinates":[[[-41.4189,-21.5465],[-41.4166,-21.546],[-41.4182,-21.5473],[-41.4189,-21.5465]]]}},{"type":"Feature","properties":{"cod_tema":"ARL_PROPOSTA","cod_imovel":"RJ-3301157-1A8BD4C83B5D433B9591B7F668DDF518","num_area":"2.7328000000000000000000000000000","ind_status":"AT"},"geometry":{"type":"Polygon","coordinates":[[[-41.4228,-21.5474],[-41.4209,-21.5485],[-41.4229,-21.5474],[-41.4228,-21.5474]]]}},{"type":"Feature","properties":{"cod_tema":"ARL_PROPOSTA","cod_imovel":"RJ-3301157-77A8B30BFFE2491880EA1A5B8E042346","num_area":"23.846200000000000000000000000000","ind_status":"AT"},"geometry":{"type":"Polygon","coordinates":[[[-41.5189,-21.4242],[-41.5256,-21.4242],[-41.526,-21.4202],[-41.518,-21.4229],[-41.5189,-21.4242]]]}},{"type":"Feature","properties":{"cod_tema":"ARL_PROPOSTA","cod_imovel":"RJ-3301157-92512A5DF992482299F9FE83593774BB","num_area":"2.4177000000000000000000000000000","ind_status":"PE"},"geometry":{"type":"Polygon","coordinates":[[[-41.4233,-21.5757],[-41.4254,-21.5775],[-41.4235,-21.5755],[-41.4233,-21.5757]]]}},{"type":"Feature","properties":{"cod_tema":"ARL_PROPOSTA","cod_imovel":"RJ-3301157-91B9309B657F4FCE953DE08A457377DD","num_area":"203.94290000000000000000000000000","ind_status":"AT"},"geometry":{"type":"Polygon","coordinates":[[[-41.554,-21.5526],[-41.5516,-21.5526],[-41.5545,-21.5527],[-41.554,-21.5526]],[[-41.552,-21.5535],[-41.5542,-21.554],[-41.552,-21.5535],[-41.552,-21.5535]],[[-41.5538,-21.5544],[-41.5521,-21.5619],[-41.5555,-21.5531],[-41.5538,-21.5544],[-41.5538,-21.5544]],[[-41.5521,-21.5619],[-41.5497,-21.5641],[-41.5484,-21.5601],[-41.5297,-21.5553],[-41.5362,-21.5612],[-41.5381,-21.5582],[-41.5458,-21.5633],[-41.5588,-21.5653],[-41.558,-21.5601],[-41.5625,-21.5557],[-41.5556,-21.5531],[-41.5549,-21.5556],[-41.5612,-21.5596],[-41.5549,-21.5557],[-41.5522,-21.5619],[-41.5521,-21.5619]],[[-41.5492,-21.5601],[-41.5464,-21.5564],[-41.5481,-21.5524],[-41.5429,-21.5569],[-41.5492,-21.5601],[-41.5492,-21.5601]],[[-41.5495,-21.5526],[-41.5454,-21.5543],[-41.5494,-21.5526],[-41.5495,-21.5526]],[[-41.5299,-21.5564],[-41.5308,-21.5615],[-41.5362,-21.5612],[-41.5299,-21.5564],[-41.5299,-21.5564]]]}},{"type":"Feature","properties":{"cod_tema":"ARL_PROPOSTA","cod_imovel":"RJ-3301157-ABF2E8B89F304F64ACB3005AB9653835","num_area":"26.634900000000000000000000000000","ind_status":"AT"},"geometry":{"type":"Polygon","coordinates":[[[-41.4573,-21.4194],[-41.458,-21.4158],[-41.4573,-21.4194],[-41.4573,-21.4194]],[[-41.4656,-21.4216],[-41.4618,-21.4177],[-41.4656,-21.4215],[-41.4656,-21.4216]],[[-41.4615,-21.4271],[-41.4636,-21.4258],[-41.4561,-21.4232],[-41.4615,-21.4272],[-41.4615,-21.4271]]]}},{"type":"Feature","properties":{"cod_tema":"ARL_PROPOSTA","cod_imovel":"RJ-3301157-2FBD3E7190994D388338891662DEF1D3","num_area":"11.207900000000000000000000000000","ind_status":"AT"},"geometry":{"type":"Polygon","coordinates":[[[-41.4912,-21.6326],[-41.4938,-21.6246],[-41.4911,-21.6325],[-41.4912,-21.6326]]]}},{"type":"Feature","properties":{"cod_tema":"ARL_PROPOSTA","cod_imovel":"RJ-3301157-F9536ADBB2D843B196E076D78B2726A8","num_area":"9.9823000000000000000000000000000","ind_status":"AT"},"geometry":{"type":"Polygon","coordinates":[[[-41.4901,-21.5158],[-41.4905,-21.5198],[-41.4915,-21.517],[-41.4901,-21.5158]]]}},{"type":"Feature","properties":{"cod_tema":"ARL_PROPOSTA","cod_imovel":"RJ-3301157-0B0C69ED2D4E418DA32AA80D0F745A89","num_area":"6.6981000000000000000000000000000","ind_status":"AT"},"geometry":{"type":"Polygon","coordinates":[[[-41.5793,-21.4659],[-41.576,-21.4649],[-41.5792,-21.466],[-41.5793,-21.4659]]]}},{"type":"Feature","properties":{"cod_tema":"ARL_PROPOSTA","cod_imovel":"RJ-3301157-7E2DE58AD3704BAEA414311A0F4463F6","num_area":"28.233100000000000000000000000000","ind_status":"AT"},"geometry":{"type":"Polygon","coordinates":[[[-41.4394,-21.5117],[-41.4424,-21.5177],[-41.445,-21.5112],[-41.4395,-21.511],[-41.4394,-21.5117]]]}},{"type":"Feature","properties":{"cod_tema":"ARL_PROPOSTA","cod_imovel":"RJ-3301157-0716E5E48F0B4F1EADCBC1449E1200C4","num_area":"3.5943000000000000000000000000000","ind_status":"AT"},"geometry":{"type":"Polygon","coordinates":[[[-41.4308,-21.5129],[-41.4263,-21.5125],[-41.429,-21.5139],[-41.4308,-21.5129]]]}},{"type":"Feature","properties":{"cod_tema":"ARL_PROPOSTA","cod_imovel":"RJ-3301157-9EF0175C2A24491B883EF4F662149F7A","num_area":"3.0838000000000000000000000000000","ind_status":"PE"},"geometry":{"type":"Polygon","coordinates":[[[-41.5522,-21.4486],[-41.55,-21.4495],[-41.5522,-21.4486],[-41.5522,-21.4486]]]}},{"type":"Feature","properties":{"cod_tema":"ARL_PROPOSTA","cod_imovel":"RJ-3301157-E5794350550D4F58B25DCB5E6B0C3B74","num_area":"11.815400000000000000000000000000","ind_status":"AT"},"geometry":{"type":"Polygon","coordinates":[[[-41.4308,-21.5129],[-41.4263,-21.5155],[-41.432,-21.5146],[-41.4308,-21.5129]]]}},{"type":"Feature","properties":{"cod_tema":"ARL_PROPOSTA","cod_imovel":"RJ-3301157-D773F22F8A294D8B9A6D87B1ED63F868","num_area":"14.508000000000000000000000000000","ind_status":"AT"},"geometry":{"type":"Polygon","coordinates":[[[-41.5084,-21.4257],[-41.5091,-21.4294],[-41.512,-21.4291],[-41.51,-21.4249],[-41.5084,-21.4257]]]}},{"type":"Feature","properties":{"cod_tema":"ARL_PROPOSTA","cod_imovel":"RJ-3301157-42A6AA8EAA3E4AD797FE634D25E7F5AE","num_area":"18.426100000000000000000000000000","ind_status":"AT"},"geometry":{"type":"Polygon","coordinates":[[[-41.4991,-21.4961],[-41.4972,-21.4944],[-41.4931,-21.4984],[-41.4943,-21.5006],[-41.4991,-21.4961]]]}},{"type":"Feature","properties":{"cod_tema":"ARL_PROPOSTA","cod_imovel":"RJ-3301157-64FEED18AB8440ACA7B1AB23506303CD","num_area":"3.5259000000000000000000000000000","ind_status":"AT"},"geometry":{"type":"Polygon","coordinates":[[[-41.6,-21.5443],[-41.6032,-21.5443],[-41.6002,-21.5443],[-41.6,-21.5443]]]}},{"type":"Feature","properties":{"cod_tema":"ARL_PROPOSTA","cod_imovel":"RJ-3301157-190709A0E405481AB3EE36E6E0365CE9","num_area":"1.6272000000000000000000000000000","ind_status":"AT"},"geometry":{"type":"Polygon","coordinates":[[[-41.597,-21.5693],[-41.5938,-21.5681],[-41.5967,-21.5696],[-41.597,-21.5693]]]}},{"type":"Feature","properties":{"cod_tema":"ARL_PROPOSTA","cod_imovel":"RJ-3301157-4A1E3BDDCFFA4E3DBB04CC68E08864D5","num_area":"3.9592000000000000000000000000000","ind_status":"AT"},"geometry":{"type":"Polygon","coordinates":[[[-41.6418,-21.5302],[-41.6446,-21.5304],[-41.6423,-21.5301],[-41.6418,-21.5302]]]}},{"type":"Feature","properties":{"cod_tema":"ARL_PROPOSTA","cod_imovel":"RJ-3301157-46C3C68DC940446AB10F23A36F2D4377","num_area":"5.2895000000000000000000000000000","ind_status":"AT"},"geometry":{"type":"Polygon","coordinates":[[[-41.6378,-21.5244],[-41.6397,-21.526],[-41.6373,-21.5235],[-41.6378,-21.5244]]]}},{"type":"Feature","properties":{"cod_tema":"ARL_PROPOSTA","cod_imovel":"RJ-3301157-C2838CE3E22D44C3BC259E0EDE4C007E","num_area":"7.1092000000000000000000000000000","ind_status":"AT"},"geometry":{"type":"Polygon","coordinates":[[[-41.6231,-21.481],[-41.6254,-21.4832],[-41.6236,-21.481],[-41.6231,-21.481]]]}},{"type":"Feature","properties":{"cod_tema":"ARL_PROPOSTA","cod_imovel":"RJ-3301157-6A344B06EF9B4C4FB28ADFD2A07B5270","num_area":"3.9112000000000000000000000000000","ind_status":"AT"},"geometry":{"type":"Polygon","coordinates":[[[-41.6457,-21.4917],[-41.648,-21.4925],[-41.6457,-21.4913],[-41.6457,-21.4917]],[[-41.6514,-21.4921],[-41.6508,-21.49],[-41.6513,-21.4923],[-41.6514,-21.4921]]]}},{"type":"Feature","properties":{"cod_tema":"ARL_APROVADA_NAO_AVERBADA","cod_imovel":"RJ-3301157-993D56EBFB7E46709FC69B44CDFE5890","num_area":"14.485000000000000000000000000000","ind_status":"AT"},"geometry":{"type":"Polygon","coordinates":[[[-41.6005,-21.5833],[-41.6004,-21.5859],[-41.6045,-21.586],[-41.6051,-21.5835],[-41.6005,-21.5831],[-41.6005,-21.5833]]]}},{"type":"Feature","properties":{"cod_tema":"ARL_PROPOSTA","cod_imovel":"RJ-3301157-593D171D7A3940A3A6B70D36E35D3047","num_area":"5.8633000000000000000000000000000","ind_status":"AT"},"geometry":{"type":"Polygon","coordinates":[[[-41.6109,-21.5149],[-41.612,-21.5117],[-41.6103,-21.5148],[-41.6109,-21.5149]]]}},{"type":"Feature","properties":{"cod_tema":"ARL_PROPOSTA","cod_imovel":"RJ-3301157-6F56DC59D37748DC869ABBF9441D839B","num_area":"5.3916000000000000000000000000000","ind_status":"AT"},"geometry":{"type":"Polygon","coordinates":[[[-41.4875,-21.4283],[-41.4897,-21.4252],[-41.4884,-21.4274],[-41.4875,-21.4283]]]}},{"type":"Feature","properties":{"cod_tema":"ARL_PROPOSTA","cod_imovel":"RJ-3301157-29CC0F0F87674508AF43F9F334D0CD84","num_area":"2.2010000000000000000000000000000","ind_status":"AT"},"geometry":{"type":"Polygon","coordinates":[[[-41.5862,-21.5712],[-41.5843,-21.5702],[-41.5861,-21.5712],[-41.5862,-21.5712]]]}},{"type":"Feature","properties":{"cod_tema":"ARL_PROPOSTA","cod_imovel":"RJ-3301157-ADB3C0420E0E412390C1A7428719D8EF","num_area":"4.5092000000000000000000000000000","ind_status":"AT"},"geometry":{"type":"Polygon","coordinates":[[[-41.5172,-21.4653],[-41.5138,-21.4606],[-41.5136,-21.4652],[-41.5138,-21.4608],[-41.5138,-21.4652],[-41.5172,-21.4653],[-41.5172,-21.4653]],[[-41.5155,-21.4653],[-41.5154,-21.4609],[-41.5157,-21.4649],[-41.5155,-21.4653]]]}},{"type":"Feature","properties":{"cod_tema":"ARL_PROPOSTA","cod_imovel":"RJ-3301157-D71F1424A18541AF8B43774B34A30747","num_area":"4.4699000000000000000000000000000","ind_status":"AT"},"geometry":{"type":"Polygon","coordinates":[[[-41.5884,-21.572],[-41.5912,-21.5715],[-41.5881,-21.572],[-41.5884,-21.572]]]}},{"type":"Feature","properties":{"cod_tema":"ARL_PROPOSTA","cod_imovel":"RJ-3301157-1BEE00B72DFF4C7E98B93AD690CB7115","num_area":"27.854500000000000000000000000000","ind_status":"AT"},"geometry":{"type":"Polygon","coordinates":[[[-41.4609,-21.5535],[-41.4623,-21.5517],[-41.4605,-21.553],[-41.4609,-21.5535]],[[-41.4633,-21.5503],[-41.4609,-21.5483],[-41.463,-21.5498],[-41.4633,-21.5503]],[[-41.4702,-21.547],[-41.4699,-21.5443],[-41.4698,-21.5467],[-41.4702,-21.547]],[[-41.4605,-21.5542],[-41.4527,-21.5561],[-41.4599,-21.5539],[-41.4605,-21.5542]],[[-41.4566,-21.5499],[-41.4547,-21.5542],[-41.4576,-21.55],[-41.4605,-21.5512],[-41.4569,-21.5495],[-41.4566,-21.5499]],[[-41.4673,-21.548],[-41.4692,-21.5448],[-41.4674,-21.5471],[-41.4666,-21.5417],[-41.4668,-21.5475],[-41.4673,-21.548]]]}},{"type":"Feature","properties":{"cod_tema":"ARL_PROPOSTA","cod_imovel":"RJ-3301157-1BEA48B1E6F64779A224F712B60AE0F5","num_area":"4.1008000000000000000000000000000","ind_status":"AT"},"geometry":{"type":"Polygon","coordinates":[[[-41.5202,-21.4676],[-41.5211,-21.4702],[-41.5204,-21.4675],[-41.5202,-21.4676]]]}},{"type":"Feature","properties":{"cod_tema":"ARL_PROPOSTA","cod_imovel":"RJ-3301157-B504266EC70642E2B1FA442D5349B111","num_area":"3.9073000000000000000000000000000","ind_status":"AT"},"geometry":{"type":"Polygon","coordinates":[[[-41.4806,-21.5748],[-41.4786,-21.578],[-41.4808,-21.5748],[-41.4806,-21.5748]]]}},{"type":"Feature","properties":{"cod_tema":"ARL_PROPOSTA","cod_imovel":"RJ-3301157-163F53550E0A4B2C8EF1E4075E788F27","num_area":"2.5685000000000000000000000000000","ind_status":"AT"},"geometry":{"type":"Polygon","coordinates":[[[-41.4782,-21.5813],[-41.48,-21.5784],[-41.4783,-21.5812],[-41.4782,-21.5813]]]}},{"type":"Feature","properties":{"cod_tema":"ARL_PROPOSTA","cod_imovel":"RJ-3301157-97ADCE76543A4491865A9C1A613C3F0C","num_area":"3.9436000000000000000000000000000","ind_status":"AT"},"geometry":{"type":"Polygon","coordinates":[[[-41.5949,-21.4832],[-41.5903,-21.4851],[-41.5949,-21.484],[-41.5949,-21.4832]]]}},{"type":"Feature","properties":{"cod_tema":"ARL_PROPOSTA","cod_imovel":"RJ-3301157-1D4BA37EDDD14F97AEFC0B672DF6C292","num_area":"8.6644000000000000000000000000000","ind_status":"AT"},"geometry":{"type":"Polygon","coordinates":[[[-41.5971,-21.5693],[-41.6023,-21.5703],[-41.597,-21.5693],[-41.5971,-21.5693]]]}},{"type":"Feature","properties":{"cod_tema":"ARL_PROPOSTA","cod_imovel":"RJ-3301157-9EF36C8ECEFC4EC1B9607BF6DEE2F909","num_area":"7.7106000000000000000000000000000","ind_status":"AT"},"geometry":{"type":"Polygon","coordinates":[[[-41.4236,-21.4779],[-41.4212,-21.4817],[-41.4269,-21.4791],[-41.4243,-21.4769],[-41.4236,-21.4779]]]}},{"type":"Feature","properties":{"cod_tema":"ARL_PROPOSTA","cod_imovel":"RJ-3301157-632F8352CDE441B5A6A1B6BA8F4A47FF","num_area":"7.7297000000000000000000000000000","ind_status":"AT"},"geometry":{"type":"Polygon","coordinates":[[[-41.4336,-21.4794],[-41.4309,-21.4772],[-41.4323,-21.4807],[-41.4336,-21.4794]]]}},{"type":"Feature","properties":{"cod_tema":"ARL_PROPOSTA","cod_imovel":"RJ-3301157-9E02F5D2AA3648B887E6182BBE485385","num_area":"11.135400000000000000000000000000","ind_status":"AT"},"geometry":{"type":"Polygon","coordinates":[[[-41.5297,-21.4419],[-41.5366,-21.4435],[-41.5313,-21.4406],[-41.5297,-21.4419]]]}},{"type":"Feature","properties":{"cod_tema":"ARL_PROPOSTA","cod_imovel":"RJ-3301157-BE19B53E12944EDC8E77DD3BE95DA8A6","num_area":"6.8805000000000000000000000000000","ind_status":"PE"},"geometry":{"type":"Polygon","coordinates":[[[-41.4989,-21.5928],[-41.4983,-21.5884],[-41.4989,-21.5922],[-41.4989,-21.5928]]]}},{"type":"Feature","properties":{"cod_tema":"ARL_PROPOSTA","cod_imovel":"RJ-3301157-76AEB551863E4E6D8F1A2D0C5C220D73","num_area":"3.3036000000000000000000000000000","ind_status":"AT"},"geometry":{"type":"Polygon","coordinates":[[[-41.5284,-21.4517],[-41.5312,-21.4519],[-41.5296,-21.4506],[-41.5284,-21.4517]]]}},{"type":"Feature","properties":{"cod_tema":"ARL_PROPOSTA","cod_imovel":"RJ-3301157-32D4B41279084930B89374073AB4DD6A","num_area":"10.782000000000000000000000000000","ind_status":"AT"},"geometry":{"type":"Polygon","coordinates":[[[-41.6457,-21.53],[-41.6423,-21.5301],[-41.6463,-21.5331],[-41.6458,-21.5297],[-41.6457,-21.53]]]}},{"type":"Feature","properties":{"cod_tema":"ARL_PROPOSTA","cod_imovel":"RJ-3301157-6543E2C8E0FA4996B8534ED8D1235E78","num_area":"2.2166000000000000000000000000000","ind_status":"AT"},"geometry":{"type":"Polygon","coordinates":[[[-41.5443,-21.4312],[-41.5416,-21.4302],[-41.5439,-21.4319],[-41.5443,-21.4312]]]}},{"type":"Feature","properties":{"cod_tema":"ARL_PROPOSTA","cod_imovel":"RJ-3301157-D43EA24C10584AC8AF85A3D2DDC916AA","num_area":"2.9330000000000000000000000000000","ind_status":"AT"},"geometry":{"type":"Polygon","coordinates":[[[-41.6402,-21.5289],[-41.6414,-21.5262],[-41.6402,-21.5289],[-41.6402,-21.5289]]]}},{"type":"Feature","properties":{"cod_tema":"ARL_PROPOSTA","cod_imovel":"RJ-3301157-9F444D111A27490BAC2B45D76366465F","num_area":"2.9466000000000000000000000000000","ind_status":"AT"},"geometry":{"type":"Polygon","coordinates":[[[-41.4292,-21.5227],[-41.4273,-21.5219],[-41.4291,-21.5229],[-41.4292,-21.5227]],[[-41.4274,-21.5221],[-41.4254,-21.5207],[-41.427,-21.5223],[-41.4274,-21.5221]]]}},{"type":"Feature","properties":{"cod_tema":"ARL_PROPOSTA","cod_imovel":"RJ-3301157-6FEB82CBA82449FEBF517F2B9AC8115F","num_area":"8.1022000000000000000000000000000","ind_status":"AT"},"geometry":{"type":"Polygon","coordinates":[[[-41.4838,-21.4062],[-41.4808,-21.4059],[-41.4843,-21.4087],[-41.4838,-21.4062],[-41.4838,-21.4062]]]}},{"type":"Feature","properties":{"cod_tema":"ARL_PROPOSTA","cod_imovel":"RJ-3301157-501EC0F315A44958BB0C88D0690F95AD","num_area":"14.492000000000000000000000000000","ind_status":"AT"},"geometry":{"type":"Polygon","coordinates":[[[-41.4497,-21.5633],[-41.4472,-21.5644],[-41.4535,-21.5664],[-41.4608,-21.5589],[-41.4542,-21.5651],[-41.4498,-21.5633],[-41.4497,-21.5633]],[[-41.4614,-21.5559],[-41.4567,-21.5571],[-41.4614,-21.5562],[-41.4614,-21.5559]]]}},{"type":"Feature","properties":{"cod_tema":"ARL_PROPOSTA","cod_imovel":"RJ-3301157-61C14A94B4BB43BE849BAE9C76333775","num_area":"61.832200000000000000000000000000","ind_status":"AT"},"geometry":{"type":"Polygon","coordinates":[[[-41.4614,-21.5558],[-41.4716,-21.561],[-41.4618,-21.5558],[-41.4614,-21.5558]],[[-41.4608,-21.5589],[-41.4664,-21.5651],[-41.4619,-21.5588],[-41.4536,-21.5665],[-41.4619,-21.5591],[-41.4667,-21.5654],[-41.4609,-21.5587],[-41.4608,-21.5589]],[[-41.4616,-21.5638],[-41.4596,-21.5639],[-41.4616,-21.5641],[-41.4616,-21.5638]],[[-41.4607,-21.5677],[-41.4539,-21.5666],[-41.4753,-21.5731],[-41.4617,-21.5682],[-41.4607,-21.5677]],[[-41.4762,-21.5671],[-41.4718,-21.5677],[-41.4709,-21.5608],[-41.4714,-21.568],[-41.4759,-21.5671],[-41.4762,-21.5671]],[[-41.4765,-21.5664],[-41.4717,-21.5659],[-41.472,-21.5607],[-41.4702,-21.5641],[-41.4725,-21.5677],[-41.4765,-21.5664],[-41.4765,-21.5664]]]}},{"type":"Feature","properties":{"cod_tema":"ARL_PROPOSTA","cod_imovel":"RJ-3301157-BACBF34D15A1477D833BD042CB0F7AF8","num_area":"24.126200000000000000000000000000","ind_status":"AT"},"geometry":{"type":"Polygon","coordinates":[[[-41.489,-21.5721],[-41.4837,-21.5696],[-41.4843,-21.5727],[-41.4891,-21.5723],[-41.489,-21.5721]],[[-41.4916,-21.5766],[-41.4898,-21.5783],[-41.4829,-21.5726],[-41.489,-21.5773],[-41.4883,-21.5805],[-41.4893,-21.5772],[-41.4834,-21.5728],[-41.4896,-21.5787],[-41.4916,-21.5767],[-41.4916,-21.5766]],[[-41.4887,-21.5806],[-41.4915,-21.5771],[-41.4887,-21.5806],[-41.4887,-21.5806]]]}},{"type":"Feature","properties":{"cod_tema":"ARL_PROPOSTA","cod_imovel":"RJ-3301157-BE60F6F017C7404E8A3F1D6053758F6A","num_area":"6.5309000000000000000000000000000","ind_status":"AT"},"geometry":{"type":"Polygon","coordinates":[[[-41.482,-21.4516],[-41.4862,-21.4524],[-41.483,-21.4507],[-41.482,-21.4516]]]}},{"type":"Feature","properties":{"cod_tema":"ARL_PROPOSTA","cod_imovel":"RJ-3301157-74B6B685A3B3448FB4CE84213EDF463D","num_area":"56.098700000000000000000000000000","ind_status":"AT"},"geometry":{"type":"Polygon","coordinates":[[[-41.4932,-21.5232],[-41.4881,-21.5277],[-41.4918,-21.5307],[-41.4989,-21.527],[-41.4938,-21.5232],[-41.4932,-21.5232]]]}},{"type":"Feature","properties":{"cod_tema":"ARL_PROPOSTA","cod_imovel":"RJ-3301157-736E6509215C489AAB4FC18879FAE8A2","num_area":"2.4775000000000000000000000000000","ind_status":"AT"},"geometry":{"type":"Polygon","coordinates":[[[-41.4946,-21.5003],[-41.492,-21.5026],[-41.4947,-21.5004],[-41.4946,-21.5003]]]}},{"type":"Feature","properties":{"cod_tema":"ARL_PROPOSTA","cod_imovel":"RJ-3301157-E406BE36C76F439394702A29F6932892","num_area":"5.1851000000000000000000000000000","ind_status":"AT"},"geometry":{"type":"Polygon","coordinates":[[[-41.5109,-21.5819],[-41.5109,-21.5785],[-41.5091,-21.5815],[-41.5109,-21.5819]]]}},{"type":"Feature","properties":{"cod_tema":"ARL_PROPOSTA","cod_imovel":"RJ-3301157-E64048F77855452C9DB6B67971834888","num_area":"4.9056000000000000000000000000000","ind_status":"AT"},"geometry":{"type":"Polygon","coordinates":[[[-41.4302,-21.456],[-41.4336,-21.4566],[-41.4314,-21.455],[-41.4302,-21.456]]]}},{"type":"Feature","properties":{"cod_tema":"ARL_PROPOSTA","cod_imovel":"RJ-3301157-C5A580C9AEFD4B7EB8A78E3F69826603","num_area":"2.8426000000000000000000000000000","ind_status":"AT"},"geometry":{"type":"Polygon","coordinates":[[[-41.4948,-21.4611],[-41.4954,-21.4587],[-41.4944,-21.4608],[-41.4948,-21.4611]]]}},{"type":"Feature","properties":{"cod_tema":"ARL_PROPOSTA","cod_imovel":"RJ-3301157-1881694C29674A0FA7DE4C0209A860FE","num_area":"3.0000000000000000000000000000000","ind_status":"AT"},"geometry":{"type":"Polygon","coordinates":[[[-41.503,-21.4627],[-41.5001,-21.4613],[-41.5026,-21.4633],[-41.503,-21.4627]]]}},{"type":"Feature","properties":{"cod_tema":"ARL_PROPOSTA","cod_imovel":"RJ-3301157-4D7B0EDF956D448585D28A3E4A1BE7F2","num_area":"2.0804000000000000000000000000000","ind_status":"AT"},"geometry":{"type":"Polygon","coordinates":[[[-41.5028,-21.4635],[-41.4997,-21.4617],[-41.503,-21.4637],[-41.5028,-21.4635]]]}},{"type":"Feature","properties":{"cod_tema":"ARL_PROPOSTA","cod_imovel":"RJ-3301157-24CE1786DEEF45CF953EEC291E475C18","num_area":"5.0029000000000000000000000000000","ind_status":"AT"},"geometry":{"type":"Polygon","coordinates":[[[-41.5068,-21.4644],[-41.5047,-21.4631],[-41.5054,-21.4656],[-41.5068,-21.4644]]]}},{"type":"Feature","properties":{"cod_tema":"ARL_PROPOSTA","cod_imovel":"RJ-3301157-F8C15BDA9D0F4E4685D0A043D1E44450","num_area":"3.5737000000000000000000000000000","ind_status":"AT"},"geometry":{"type":"Polygon","coordinates":[[[-41.4957,-21.462],[-41.4961,-21.4639],[-41.496,-21.4617],[-41.4957,-21.462]]]}},{"type":"Feature","properties":{"cod_tema":"ARL_PROPOSTA","cod_imovel":"RJ-3301157-3D3DFA01520A4B4F8996B837C4051593","num_area":"2.7995000000000000000000000000000","ind_status":"AT"},"geometry":{"type":"Polygon","coordinates":[[[-41.6463,-21.5089],[-41.6471,-21.5117],[-41.6466,-21.5089],[-41.6463,-21.5089]]]}},{"type":"Feature","properties":{"cod_tema":"ARL_PROPOSTA","cod_imovel":"RJ-3301157-9DD63C06DA004FD1B4E2F3CF485BBD95","num_area":"7.4816000000000000000000000000000","ind_status":"AT"},"geometry":{"type":"Polygon","coordinates":[[[-41.6154,-21.5377],[-41.6192,-21.5362],[-41.6161,-21.5372],[-41.6154,-21.5377]],[[-41.6194,-21.5406],[-41.6177,-21.5387],[-41.6189,-21.5404],[-41.6194,-21.5406]]]}},{"type":"Feature","properties":{"cod_tema":"ARL_PROPOSTA","cod_imovel":"RJ-3301157-D1F6C3F9AD9444938E7753FFE86FB1F3","num_area":"2.4036000000000000000000000000000","ind_status":"AT"},"geometry":{"type":"Polygon","coordinates":[[[-41.6092,-21.5526],[-41.6071,-21.5527],[-41.6094,-21.5528],[-41.6092,-21.5526]]]}},{"type":"Feature","properties":{"cod_tema":"ARL_PROPOSTA","cod_imovel":"RJ-3301157-C9870848E1CF4901AFD6AEA7E6B0FB19","num_area":"2.9135000000000000000000000000000","ind_status":"AT"},"geometry":{"type":"Polygon","coordinates":[[[-41.5011,-21.5795],[-41.499,-21.5823],[-41.5012,-21.5796],[-41.5011,-21.5795]]]}},{"type":"Feature","properties":{"cod_tema":"ARL_PROPOSTA","cod_imovel":"RJ-3301157-1ED966AE64B1405A8B291916C6254BBA","num_area":"2.8765000000000000000000000000000","ind_status":"AT"},"geometry":{"type":"Polygon","coordinates":[[[-41.532,-21.4596],[-41.536,-21.4603],[-41.5327,-21.4591],[-41.532,-21.4596]]]}},{"type":"Feature","properties":{"cod_tema":"ARL_PROPOSTA","cod_imovel":"RJ-3301157-91949CE6A7094504A851952A4362A0D5","num_area":"5.4416000000000000000000000000000","ind_status":"AT"},"geometry":{"type":"Polygon","coordinates":[[[-41.4862,-21.5066],[-41.4833,-21.5062],[-41.4844,-21.5084],[-41.4862,-21.5066]]]}},{"type":"Feature","properties":{"cod_tema":"ARL_PROPOSTA","cod_imovel":"RJ-3301157-C51EE66297834161BFE3AB865351E2E0","num_area":"12.218500000000000000000000000000","ind_status":"AT"},"geometry":{"type":"Polygon","coordinates":[[[-41.6143,-21.5868],[-41.6105,-21.5854],[-41.6106,-21.5881],[-41.6139,-21.5871],[-41.6143,-21.5868]]]}},{"type":"Feature","properties":{"cod_tema":"ARL_PROPOSTA","cod_imovel":"RJ-3301157-A3664BBC83D348A59F9B8183A8E83C44","num_area":"3.0637000000000000000000000000000","ind_status":"AT"},"geometry":{"type":"Polygon","coordinates":[[[-41.4996,-21.4552],[-41.5028,-21.4562],[-41.4992,-21.4548],[-41.4996,-21.4552]]]}},{"type":"Feature","properties":{"cod_tema":"ARL_PROPOSTA","cod_imovel":"RJ-3301157-8B22A086108A40619939CEB91E51A3DD","num_area":"3.6316000000000000000000000000000","ind_status":"AT"},"geometry":{"type":"Polygon","coordinates":[[[-41.6221,-21.5189],[-41.6238,-21.5205],[-41.6224,-21.5184],[-41.6221,-21.5189]]]}},{"type":"Feature","properties":{"cod_tema":"ARL_PROPOSTA","cod_imovel":"RJ-3301157-8CA8E72206CB4B81A8E770BB98CBD42E","num_area":"5.3292000000000000000000000000000","ind_status":"AT"},"geometry":{"type":"Polygon","coordinates":[[[-41.6215,-21.5195],[-41.6213,-21.5168],[-41.6208,-21.5203],[-41.6215,-21.5195]]]}},{"type":"Feature","properties":{"cod_tema":"ARL_PROPOSTA","cod_imovel":"RJ-3301157-DE4995E26B164214A7BEE120A4C53681","num_area":"11.937100000000000000000000000000","ind_status":"AT"},"geometry":{"type":"Polygon","coordinates":[[[-41.4941,-21.434],[-41.4953,-21.4358],[-41.4959,-21.4323],[-41.4941,-21.434]],[[-41.489,-21.4392],[-41.4913,-21.4368],[-41.4894,-21.4351],[-41.4888,-21.4393],[-41.489,-21.4392]]]}},{"type":"Feature","properties":{"cod_tema":"ARL_PROPOSTA","cod_imovel":"RJ-3301157-E561390F2AFF44EC94620A56675070DD","num_area":"5.8412000000000000000000000000000","ind_status":"AT"},"geometry":{"type":"Polygon","coordinates":[[[-41.5258,-21.4637],[-41.5217,-21.4616],[-41.5251,-21.4645],[-41.5258,-21.4637]]]}},{"type":"Feature","properties":{"cod_tema":"ARL_PROPOSTA","cod_imovel":"RJ-3301157-CED721CD019F4A5B9DC27F6B6A918047","num_area":"5.3978000000000000000000000000000","ind_status":"AT"},"geometry":{"type":"Polygon","coordinates":[[[-41.5783,-21.5426],[-41.5767,-21.5449],[-41.5792,-21.5428],[-41.5783,-21.5426]]]}},{"type":"Feature","properties":{"cod_tema":"ARL_PROPOSTA","cod_imovel":"RJ-3301157-A445C4F283CE451FBB2F2B4732DFB295","num_area":"2.5386000000000000000000000000000","ind_status":"AT"},"geometry":{"type":"Polygon","coordinates":[[[-41.6348,-21.5087],[-41.634,-21.5111],[-41.635,-21.5087],[-41.6348,-21.5087]]]}},{"type":"Feature","properties":{"cod_tema":"ARL_PROPOSTA","cod_imovel":"RJ-3301157-C7358542BD104F27BEC4BAA76ACF55C0","num_area":"12.638400000000000000000000000000","ind_status":"AT"},"geometry":{"type":"Polygon","coordinates":[[[-41.5128,-21.4612],[-41.5099,-21.4578],[-41.5128,-21.4613],[-41.5128,-21.4612]]]}},{"type":"Feature","properties":{"cod_tema":"ARL_PROPOSTA","cod_imovel":"RJ-3301157-B274B32FF68B460992EF09C8F409BF29","num_area":"5.7364000000000000000000000000000","ind_status":"AT"},"geometry":{"type":"Polygon","coordinates":[[[-41.5458,-21.6083],[-41.5441,-21.6029],[-41.5454,-21.6083],[-41.5458,-21.6083]]]}},{"type":"Feature","properties":{"cod_tema":"ARL_PROPOSTA","cod_imovel":"RJ-3301157-DCC777A46DC7469E886CE62B24698674","num_area":"84.206900000000000000000000000000","ind_status":"AT"},"geometry":{"type":"Polygon","coordinates":[[[-41.5977,-21.5257],[-41.5936,-21.5244],[-41.5981,-21.528],[-41.5977,-21.5257]],[[-41.5955,-21.5333],[-41.59,-21.5322],[-41.5947,-21.5347],[-41.5955,-21.5333]],[[-41.6058,-21.5248],[-41.6094,-21.5268],[-41.6103,-21.5217],[-41.6058,-21.5248]],[[-41.6178,-21.5338],[-41.619,-21.5288],[-41.6134,-21.5305],[-41.6138,-21.5347],[-41.6099,-21.5369],[-41.6172,-21.5356],[-41.6178,-21.5338]]]}},{"type":"Feature","properties":{"cod_tema":"ARL_PROPOSTA","cod_imovel":"RJ-3301157-C3E5713CF9C44BF7B571EE3538CC6BC9","num_area":"2.1457000000000000000000000000000","ind_status":"AT"},"geometry":{"type":"Polygon","coordinates":[[[-41.4722,-21.4819],[-41.4726,-21.4796],[-41.4722,-21.4818],[-41.4722,-21.4819]]]}},{"type":"Feature","properties":{"cod_tema":"ARL_APROVADA_NAO_AVERBADA","cod_imovel":"RJ-3301157-D98C4BF4F9FE4E969B5F4417CA5AD431","num_area":"8.4567000000000000000000000000000","ind_status":"AT"},"geometry":{"type":"Polygon","coordinates":[[[-41.6221,-21.5428],[-41.6243,-21.5415],[-41.619,-21.5402],[-41.621,-21.5423],[-41.6221,-21.5428]]]}},{"type":"Feature","properties":{"cod_tema":"ARL_APROVADA_NAO_AVERBADA","cod_imovel":"RJ-3301157-32A1831C2E4948AB83895DCCFEE78F1E","num_area":"3.4674000000000000000000000000000","ind_status":"AT"},"geometry":{"type":"Polygon","coordinates":[[[-41.617,-21.5459],[-41.6145,-21.5441],[-41.6167,-21.5458],[-41.617,-21.5459]]]}},{"type":"Feature","properties":{"cod_tema":"ARL_PROPOSTA","cod_imovel":"RJ-3301157-1516699ED2B24972B854DF9E2DFC0463","num_area":"4.4069000000000000000000000000000","ind_status":"AT"},"geometry":{"type":"Polygon","coordinates":[[[-41.4863,-21.4434],[-41.4845,-21.4454],[-41.4864,-21.4442],[-41.4863,-21.4434]]]}},{"type":"Feature","properties":{"cod_tema":"ARL_PROPOSTA","cod_imovel":"RJ-3301157-9FFEDB6D318B4A6DBA7F6937364F8DE9","num_area":"4.1429000000000000000000000000000","ind_status":"AT"},"geometry":{"type":"Polygon","coordinates":[[[-41.637,-21.5164],[-41.6383,-21.5142],[-41.6369,-21.5166],[-41.637,-21.5164]]]}},{"type":"Feature","properties":{"cod_tema":"ARL_PROPOSTA","cod_imovel":"RJ-3301157-CC1D15132B4C454BB75D28445C209755","num_area":"5.0839000000000000000000000000000","ind_status":"AT"},"geometry":{"type":"Polygon","coordinates":[[[-41.5181,-21.4709],[-41.5215,-21.4711],[-41.5178,-21.4707],[-41.5181,-21.4709]]]}},{"type":"Feature","properties":{"cod_tema":"ARL_PROPOSTA","cod_imovel":"RJ-3301157-571CC7CB0CF64231AC44CE3C94C3BA7C","num_area":"6.5620000000000000000000000000000","ind_status":"AT"},"geometry":{"type":"Polygon","coordinates":[[[-41.6503,-21.5129],[-41.6533,-21.5142],[-41.6506,-21.5126],[-41.6503,-21.5129]]]}},{"type":"Feature","properties":{"cod_tema":"ARL_PROPOSTA","cod_imovel":"RJ-3301157-15305148F63840A6BBD86486442E99EB","num_area":"3.3313000000000000000000000000000","ind_status":"AT"},"geometry":{"type":"Polygon","coordinates":[[[-41.4983,-21.4358],[-41.4973,-21.4334],[-41.4977,-21.4354],[-41.4983,-21.4358]]]}},{"type":"Feature","properties":{"cod_tema":"ARL_PROPOSTA","cod_imovel":"RJ-3301157-57FAF145E29B40598F974F50F6856396","num_area":"4.6408000000000000000000000000000","ind_status":"AT"},"geometry":{"type":"Polygon","coordinates":[[[-41.491,-21.4371],[-41.4925,-21.4389],[-41.4913,-21.4366],[-41.491,-21.4371]]]}},{"type":"Feature","properties":{"cod_tema":"ARL_PROPOSTA","cod_imovel":"RJ-3301157-F778C350F70B4925B93023EE78A7AD6A","num_area":"1.7402000000000000000000000000000","ind_status":"AT"},"geometry":{"type":"Polygon","coordinates":[[[-41.432,-21.4372],[-41.434,-21.437],[-41.4319,-21.4372],[-41.432,-21.4372]]]}},{"type":"Feature","properties":{"cod_tema":"ARL_PROPOSTA","cod_imovel":"RJ-3301157-F0B8C30B2B094344B6FE5909E6F13735","num_area":"5.8492000000000000000000000000000","ind_status":"AT"},"geometry":{"type":"Polygon","coordinates":[[[-41.5269,-21.4715],[-41.529,-21.4737],[-41.5271,-21.4715],[-41.5269,-21.4715]]]}},{"type":"Feature","properties":{"cod_tema":"ARL_PROPOSTA","cod_imovel":"RJ-3301157-739F290437BB4EBEB8FA948CECC9B454","num_area":"1.6337000000000000000000000000000","ind_status":"AT"},"geometry":{"type":"Polygon","coordinates":[[[-41.5002,-21.4941],[-41.4982,-21.4928],[-41.5001,-21.4942],[-41.5002,-21.4941]]]}},{"type":"Feature","properties":{"cod_tema":"ARL_PROPOSTA","cod_imovel":"RJ-3301157-92579CEC51D1491082F293C93CF6EF24","num_area":"3.5299000000000000000000000000000","ind_status":"AT"},"geometry":{"type":"Polygon","coordinates":[[[-41.5761,-21.5691],[-41.573,-21.5702],[-41.5761,-21.5693],[-41.5761,-21.5691]]]}},{"type":"Feature","properties":{"cod_tema":"ARL_PROPOSTA","cod_imovel":"RJ-3301157-2897F1A84DC143FAB4959197C2638908","num_area":"1.9569000000000000000000000000000","ind_status":"AT"},"geometry":{"type":"Polygon","coordinates":[[[-41.5817,-21.5657],[-41.5833,-21.5642],[-41.5817,-21.5657],[-41.5817,-21.5657]]]}},{"type":"Feature","properties":{"cod_tema":"ARL_PROPOSTA","cod_imovel":"RJ-3301157-42D38F47D601407BA7E3F2B18E70FD47","num_area":"4.3925000000000000000000000000000","ind_status":"AT"},"geometry":{"type":"Polygon","coordinates":[[[-41.4887,-21.4635],[-41.4892,-21.4597],[-41.4884,-21.4632],[-41.4887,-21.4635]]]}},{"type":"Feature","properties":{"cod_tema":"ARL_PROPOSTA","cod_imovel":"RJ-3301157-7C5B2CAB40CC4CD39BCDD10575A69C39","num_area":"11.022300000000000000000000000000","ind_status":"AT"},"geometry":{"type":"Polygon","coordinates":[[[-41.5119,-21.4229],[-41.5099,-21.4241],[-41.5126,-21.4268],[-41.5129,-21.4234],[-41.5119,-21.4229]]]}},{"type":"Feature","properties":{"cod_tema":"ARL_PROPOSTA","cod_imovel":"RJ-3301157-CC849AE23AD84DAB9873743AB8E474BB","num_area":"2.4100000000000000000000000000000","ind_status":"AT"},"geometry":{"type":"Polygon","coordinates":[[[-41.4015,-21.4808],[-41.4035,-21.4823],[-41.4022,-21.4803],[-41.4015,-21.4808]]]}},{"type":"Feature","properties":{"cod_tema":"ARL_PROPOSTA","cod_imovel":"RJ-3301157-0D9945DF20374C59AD9062C7FD9E1572","num_area":"2.3627000000000000000000000000000","ind_status":"AT"},"geometry":{"type":"Polygon","coordinates":[[[-41.4225,-21.4448],[-41.4209,-21.4465],[-41.423,-21.4452],[-41.4225,-21.4448]]]}},{"type":"Feature","properties":{"cod_tema":"ARL_PROPOSTA","cod_imovel":"RJ-3301157-696E606EDFF84B209DA611B8BFAB9ABA","num_area":"0.7897000000000000000000000000000","ind_status":"AT"},"geometry":{"type":"Polygon","coordinates":[[[-41.5137,-21.4837],[-41.513,-21.4812],[-41.5134,-21.4837],[-41.5137,-21.4837]]]}},{"type":"Feature","properties":{"cod_tema":"ARL_PROPOSTA","cod_imovel":"RJ-3301157-E910F71836BE4042A44FB586352B2046","num_area":"5.4075000000000000000000000000000","ind_status":"AT"},"geometry":{"type":"Polygon","coordinates":[[[-41.5133,-21.4834],[-41.5176,-21.484],[-41.5136,-21.4833],[-41.5133,-21.4834]]]}},{"type":"Feature","properties":{"cod_tema":"ARL_PROPOSTA","cod_imovel":"RJ-3301157-27557F033D41470A8F01B0826C3BC543","num_area":"3.9352000000000000000000000000000","ind_status":"AT"},"geometry":{"type":"Polygon","coordinates":[[[-41.638,-21.4775],[-41.6356,-21.477],[-41.638,-21.4776],[-41.638,-21.4775]]]}},{"type":"Feature","properties":{"cod_tema":"ARL_PROPOSTA","cod_imovel":"RJ-3301157-EA02C906E43F4314997923AC80A8581A","num_area":"4.3376000000000000000000000000000","ind_status":"AT"},"geometry":{"type":"Polygon","coordinates":[[[-41.6436,-21.5209],[-41.6459,-21.5216],[-41.6441,-21.5203],[-41.6436,-21.5209]]]}},{"type":"Feature","properties":{"cod_tema":"ARL_PROPOSTA","cod_imovel":"RJ-3301157-7B43BAD99D5F49D3A618EC089E540006","num_area":"4.7236000000000000000000000000000","ind_status":"AT"},"geometry":{"type":"Polygon","coordinates":[[[-41.4619,-21.4965],[-41.4632,-21.4939],[-41.4606,-21.4934],[-41.4616,-21.4963],[-41.4619,-21.4965]]]}},{"type":"Feature","properties":{"cod_tema":"ARL_PROPOSTA","cod_imovel":"RJ-3301157-FDC1F2FB501940E7A61E46A8FF544223","num_area":"37.336300000000000000000000000000","ind_status":"AT"},"geometry":{"type":"Polygon","coordinates":[[[-41.518,-21.4582],[-41.5159,-21.4603],[-41.5181,-21.4582],[-41.518,-21.4582]],[[-41.534,-21.4623],[-41.5269,-21.457],[-41.5176,-21.4614],[-41.5248,-21.4584],[-41.5259,-21.4603],[-41.522,-21.4604],[-41.5252,-21.4631],[-41.5269,-21.4598],[-41.5336,-21.4627],[-41.534,-21.4623]],[[-41.5337,-21.4625],[-41.525,-21.4581],[-41.5181,-21.4614],[-41.525,-21.4581],[-41.5337,-21.4625],[-41.5337,-21.4625]],[[-41.5267,-21.4592],[-41.5232,-21.4604],[-41.5267,-21.4592],[-41.5267,-21.4592]],[[-41.5286,-21.453],[-41.5303,-21.4545],[-41.5291,-21.4525],[-41.5286,-21.453]]]}},{"type":"Feature","properties":{"cod_tema":"ARL_PROPOSTA","cod_imovel":"RJ-3301157-C735F30A412F44C6A9CDA2C25B29EE59","num_area":"3.4865000000000000000000000000000","ind_status":"AT"},"geometry":{"type":"Polygon","coordinates":[[[-41.5947,-21.4903],[-41.5972,-21.4919],[-41.595,-21.4899],[-41.5947,-21.4903]]]}},{"type":"Feature","properties":{"cod_tema":"ARL_PROPOSTA","cod_imovel":"RJ-3301157-DAEEC58900884B70A864F049F18BDCCB","num_area":"3.0787000000000000000000000000000","ind_status":"AT"},"geometry":{"type":"Polygon","coordinates":[[[-41.451,-21.4738],[-41.4543,-21.475],[-41.4511,-21.4738],[-41.451,-21.4738]]]}},{"type":"Feature","properties":{"cod_tema":"ARL_PROPOSTA","cod_imovel":"RJ-3301157-5887B16CED1644BD84CAFCFCE9A43244","num_area":"3.6119000000000000000000000000000","ind_status":"AT"},"geometry":{"type":"Polygon","coordinates":[[[-41.4548,-21.4743],[-41.4568,-21.4729],[-41.4541,-21.4737],[-41.4548,-21.4743]]]}},{"type":"Feature","properties":{"cod_tema":"ARL_PROPOSTA","cod_imovel":"RJ-3301157-B57D99B3620F486A8F2B701BF6079A54","num_area":"10.592600000000000000000000000000","ind_status":"AT"},"geometry":{"type":"Polygon","coordinates":[[[-41.4889,-21.5432],[-41.4948,-21.5421],[-41.4892,-21.543],[-41.4889,-21.5432]]]}},{"type":"Feature","properties":{"cod_tema":"ARL_PROPOSTA","cod_imovel":"RJ-3301157-4748BA163A6340EC8E21512264423B5B","num_area":"2.0600000000000000000000000000000","ind_status":"AT"},"geometry":{"type":"Polygon","coordinates":[[[-41.4718,-21.4721],[-41.4694,-21.4729],[-41.4715,-21.4724],[-41.4718,-21.4721]]]}},{"type":"Feature","properties":{"cod_tema":"ARL_PROPOSTA","cod_imovel":"RJ-3301157-D177C77A545F46A38800591556B24ACE","num_area":"2.1069000000000000000000000000000","ind_status":"AT"},"geometry":{"type":"Polygon","coordinates":[[[-41.4628,-21.4354],[-41.4654,-21.4334],[-41.4626,-21.4363],[-41.4628,-21.4354]]]}},{"type":"Feature","properties":{"cod_tema":"ARL_PROPOSTA","cod_imovel":"RJ-3301157-878219E4ECA1433391F932AD02D8D113","num_area":"3.5799000000000000000000000000000","ind_status":"AT"},"geometry":{"type":"Polygon","coordinates":[[[-41.4401,-21.5475],[-41.438,-21.5468],[-41.4398,-21.5492],[-41.4401,-21.5475]]]}},{"type":"Feature","properties":{"cod_tema":"ARL_PROPOSTA","cod_imovel":"RJ-3301157-C891CCD51B394B6CB34CAC962C4C32D3","num_area":"12.659800000000000000000000000000","ind_status":"AT"},"geometry":{"type":"Polygon","coordinates":[[[-41.4081,-21.5664],[-41.4129,-21.5669],[-41.4108,-21.563],[-41.4074,-21.5657],[-41.4081,-21.5664]]]}},{"type":"Feature","properties":{"cod_tema":"ARL_PROPOSTA","cod_imovel":"RJ-3301157-9F6053AFF34A4C649D69442CA1546A88","num_area":"172.51270000000000000000000000000","ind_status":"AT"},"geometry":{"type":"Polygon","coordinates":[[[-41.4543,-21.5899],[-41.4522,-21.5914],[-41.4545,-21.5899],[-41.4543,-21.5899]],[[-41.4337,-21.5951],[-41.4329,-21.5971],[-41.4337,-21.5953],[-41.4337,-21.5951]],[[-41.4635,-21.5966],[-41.461,-21.5972],[-41.4636,-21.5965],[-41.4635,-21.5966]],[[-41.4378,-21.592],[-41.4397,-21.5935],[-41.4376,-21.5917],[-41.4378,-21.592]],[[-41.447,-21.5984],[-41.449,-21.5975],[-41.447,-21.5983],[-41.447,-21.5984]],[[-41.4868,-21.5985],[-41.4855,-21.6033],[-41.4906,-21.6035],[-41.4868,-21.5983],[-41.4868,-21.5985]],[[-41.4485,-21.5988],[-41.449,-21.596],[-41.4485,-21.5988],[-41.4485,-21.5988]],[[-41.4495,-21.5992],[-41.4543,-21.6008],[-41.4529,-21.5975],[-41.4496,-21.5992],[-41.4495,-21.5992]],[[-41.4547,-21.601],[-41.4579,-21.6009],[-41.4548,-21.6009],[-41.4547,-21.601]],[[-41.4962,-21.6143],[-41.4984,-21.6094],[-41.4932,-21.6044],[-41.4857,-21.6109],[-41.4962,-21.6143],[-41.4962,-21.6143]],[[-41.4947,-21.6055],[-41.4984,-21.6093],[-41.4996,-21.6044],[-41.4922,-21.6021],[-41.4941,-21.6048],[-41.4947,-21.6055]],[[-41.4921,-21.6021],[-41.4936,-21.6044],[-41.4924,-21.6024],[-41.4921,-21.6021]],[[-41.4615,-21.5907],[-41.4566,-21.5928],[-41.4616,-21.5908],[-41.4615,-21.5907]],[[-41.4583,-21.5897],[-41.457,-21.5925],[-41.462,-21.5894],[-41.4584,-21.5897],[-41.4583,-21.5897]]]}},{"type":"Feature","properties":{"cod_tema":"ARL_PROPOSTA","cod_imovel":"RJ-3301157-7F1F5AA2DFD94BABA20AF1DA7731F655","num_area":"1.7899000000000000000000000000000","ind_status":"AT"},"geometry":{"type":"Polygon","coordinates":[[[-41.5126,-21.5752],[-41.5155,-21.5732],[-41.5128,-21.5747],[-41.5126,-21.5752]]]}},{"type":"Feature","properties":{"cod_tema":"ARL_PROPOSTA","cod_imovel":"RJ-3301157-86C7F72F76614AB1A46828FE16F9CCAD","num_area":"3.7929000000000000000000000000000","ind_status":"AT"},"geometry":{"type":"Polygon","coordinates":[[[-41.4058,-21.4818],[-41.406,-21.4797],[-41.4054,-21.4822],[-41.4058,-21.4818]]]}},{"type":"Feature","properties":{"cod_tema":"ARL_PROPOSTA","cod_imovel":"RJ-3301157-ECE2FFC1E5A7441A8470A2AC4AA66133","num_area":"50.681300000000000000000000000000","ind_status":"AT"},"geometry":{"type":"Polygon","coordinates":[[[-41.5607,-21.5549],[-41.5628,-21.553],[-41.5567,-21.5495],[-41.5553,-21.5531],[-41.5607,-21.5549],[-41.5607,-21.5549]],[[-41.5541,-21.5527],[-41.5541,-21.5486],[-41.5541,-21.5527],[-41.5541,-21.5527]],[[-41.5545,-21.5529],[-41.5565,-21.5492],[-41.5547,-21.5526],[-41.5545,-21.5529]],[[-41.5606,-21.5514],[-41.5561,-21.5458],[-41.5606,-21.5513],[-41.5606,-21.5514]],[[-41.5671,-21.5571],[-41.5686,-21.5555],[-41.5671,-21.5571],[-41.5671,-21.5571]],[[-41.566,-21.5526],[-41.5656,-21.5547],[-41.566,-21.5526],[-41.566,-21.5526]],[[-41.5593,-21.545],[-41.5588,-21.5429],[-41.5593,-21.545],[-41.5593,-21.545]]]}},{"type":"Feature","properties":{"cod_tema":"ARL_PROPOSTA","cod_imovel":"RJ-3301157-9C1152203ADF4C7591C6E44B7D1A5B93","num_area":"26.510100000000000000000000000000","ind_status":"PE"},"geometry":{"type":"Polygon","coordinates":[[[-41.5381,-21.5582],[-41.5379,-21.5623],[-41.5443,-21.5662],[-41.5441,-21.5623],[-41.5391,-21.5594],[-41.5381,-21.5582]]]}},{"type":"Feature","properties":{"cod_tema":"ARL_PROPOSTA","cod_imovel":"RJ-3301157-6921623942F44B75B7DE4A37F5C6F9BC","num_area":"10.436500000000000000000000000000","ind_status":"AT"},"geometry":{"type":"Polygon","coordinates":[[[-41.4406,-21.4351],[-41.4435,-21.4374],[-41.4419,-21.4328],[-41.4406,-21.4351]]]}},{"type":"Feature","properties":{"cod_tema":"ARL_PROPOSTA","cod_imovel":"RJ-3301157-1049A4FC582A43348F1190DA6C544C10","num_area":"41.921200000000000000000000000000","ind_status":"AT"},"geometry":{"type":"Polygon","coordinates":[[[-41.6237,-21.5003],[-41.6267,-21.4997],[-41.6244,-21.499],[-41.6237,-21.5003]],[[-41.6273,-21.5135],[-41.6252,-21.5164],[-41.6277,-21.5137],[-41.6273,-21.5135]],[[-41.6216,-21.5169],[-41.6247,-21.5194],[-41.6215,-21.5167],[-41.6216,-21.5169]],[[-41.6178,-21.5045],[-41.6168,-21.5089],[-41.6181,-21.504],[-41.6178,-21.5045]],[[-41.6239,-21.4996],[-41.6213,-21.4989],[-41.6236,-21.5004],[-41.6239,-21.4996]],[[-41.6272,-21.5079],[-41.6239,-21.509],[-41.6274,-21.508],[-41.6272,-21.5079]],[[-41.6327,-21.5192],[-41.6352,-21.5174],[-41.6331,-21.5181],[-41.6327,-21.5192]],[[-41.628,-21.511],[-41.6278,-21.5084],[-41.6253,-21.5101],[-41.628,-21.511]]]}},{"type":"Feature","properties":{"cod_tema":"ARL_PROPOSTA","cod_imovel":"RJ-3301157-7548EC775A144C37B90DAFF51607B8B9","num_area":"74.025500000000000000000000000000","ind_status":"AT"},"geometry":{"type":"Polygon","coordinates":[[[-41.4164,-21.523],[-41.4165,-21.5177],[-41.4157,-21.5219],[-41.4164,-21.523]],[[-41.4157,-21.5162],[-41.4091,-21.5147],[-41.4117,-21.5186],[-41.4152,-21.5169],[-41.4157,-21.5162]],[[-41.4115,-21.5269],[-41.4151,-21.524],[-41.4115,-21.5219],[-41.4121,-21.5264],[-41.4115,-21.5269]],[[-41.4071,-21.5143],[-41.4031,-21.5164],[-41.3979,-21.5123],[-41.4032,-21.5206],[-41.407,-21.5144],[-41.4071,-21.5143]],[[-41.4008,-21.5178],[-41.3985,-21.5197],[-41.4008,-21.5182],[-41.4008,-21.5178]]]}},{"type":"Feature","properties":{"cod_tema":"ARL_PROPOSTA","cod_imovel":"RJ-3301157-CD1C7A2943E04D0FBE77C59AA73B3694","num_area":"6.6059000000000000000000000000000","ind_status":"AT"},"geometry":{"type":"Polygon","coordinates":[[[-41.4594,-21.5097],[-41.458,-21.5119],[-41.4597,-21.51],[-41.4594,-21.5097]]]}},{"type":"Feature","properties":{"cod_tema":"ARL_PROPOSTA","cod_imovel":"RJ-3301157-DB1D2A4EF0B8487E936F2726CB757681","num_area":"13.099500000000000000000000000000","ind_status":"AT"},"geometry":{"type":"Polygon","coordinates":[[[-41.5243,-21.4194],[-41.5217,-21.417],[-41.5184,-21.419],[-41.5245,-21.4197],[-41.5243,-21.4194]]]}},{"type":"Feature","properties":{"cod_tema":"ARL_PROPOSTA","cod_imovel":"RJ-3301157-93F07CEE97434C71883631BFC98F8DA5","num_area":"5.6245000000000000000000000000000","ind_status":"AT"},"geometry":{"type":"Polygon","coordinates":[[[-41.4926,-21.4246],[-41.491,-21.4297],[-41.4943,-21.426],[-41.4926,-21.4246]]]}},{"type":"Feature","properties":{"cod_tema":"ARL_PROPOSTA","cod_imovel":"RJ-3301157-83BE61E7B0044CE9A5F2AA4595A9C2CD","num_area":"23.591100000000000000000000000000","ind_status":"AT"},"geometry":{"type":"Polygon","coordinates":[[[-41.6066,-21.5249],[-41.611,-21.5211],[-41.6016,-21.524],[-41.6052,-21.526],[-41.6066,-21.5249]]]}},{"type":"Feature","properties":{"cod_tema":"ARL_PROPOSTA","cod_imovel":"RJ-3301157-006AF688B55A4573B9AA7364C668FC93","num_area":"6.7435000000000000000000000000000","ind_status":"AT"},"geometry":{"type":"Polygon","coordinates":[[[-41.498,-21.4789],[-41.4944,-21.4774],[-41.4975,-21.4794],[-41.498,-21.4789]]]}},{"type":"Feature","properties":{"cod_tema":"ARL_PROPOSTA","cod_imovel":"RJ-3301157-ED80E53613BA4CFD8F53ADD4F930A79D","num_area":"4.1660000000000000000000000000000","ind_status":"AT"},"geometry":{"type":"Polygon","coordinates":[[[-41.4626,-21.4367],[-41.4656,-21.4333],[-41.4626,-21.4367],[-41.4626,-21.4367]]]}},{"type":"Feature","properties":{"cod_tema":"ARL_PROPOSTA","cod_imovel":"RJ-3301157-129D51FC85064F7A84E31BB8791E0483","num_area":"3.1717000000000000000000000000000","ind_status":"PE"},"geometry":{"type":"Polygon","coordinates":[[[-41.5442,-21.4468],[-41.5473,-21.4486],[-41.5447,-21.4464],[-41.5442,-21.4468]]]}},{"type":"Feature","properties":{"cod_tema":"ARL_PROPOSTA","cod_imovel":"RJ-3301157-19F9FAF2341F4692953612FA099661B1","num_area":"10.753500000000000000000000000000","ind_status":"CA"},"geometry":{"type":"Polygon","coordinates":[[[-41.4194,-21.5442],[-41.4231,-21.5475],[-41.4239,-21.5443],[-41.42,-21.5436],[-41.4194,-21.5442]]]}},{"type":"Feature","properties":{"cod_tema":"ARL_PROPOSTA","cod_imovel":"RJ-3301157-90C46B46BBB749258D7FAAB6A191BB77","num_area":"7.1898000000000000000000000000000","ind_status":"AT"},"geometry":{"type":"Polygon","coordinates":[[[-41.639,-21.5206],[-41.642,-21.5218],[-41.6386,-21.5202],[-41.639,-21.5206]]]}},{"type":"Feature","properties":{"cod_tema":"ARL_PROPOSTA","cod_imovel":"RJ-3301157-734C966AEC884EE79553CEADD1332740","num_area":"737.30600000000000000000000000000","ind_status":"AT"},"geometry":{"type":"Polygon","coordinates":[[[-41.5151,-21.5246],[-41.5088,-21.5171],[-41.5133,-21.5166],[-41.5054,-21.5134],[-41.5092,-21.5124],[-41.5049,-21.5073],[-41.5003,-21.5123],[-41.5151,-21.5246],[-41.5151,-21.5246]],[[-41.5136,-21.5174],[-41.516,-21.5172],[-41.5135,-21.5173],[-41.5136,-21.5174]],[[-41.5483,-21.4787],[-41.553,-21.4775],[-41.5515,-21.4694],[-41.5406,-21.4713],[-41.5437,-21.4748],[-41.5454,-21.4705],[-41.5437,-21.4748],[-41.5469,-21.4769],[-41.5484,-21.4725],[-41.5478,-21.478],[-41.5483,-21.4787]],[[-41.5505,-21.4691],[-41.5463,-21.4695],[-41.5506,-21.4691],[-41.5505,-21.4691]],[[-41.5815,-21.4799],[-41.5852,-21.4679],[-41.5825,-21.4651],[-41.575,-21.471],[-41.5783,-21.4713],[-41.5826,-21.4652],[-41.579,-21.4695],[-41.5841,-21.4673],[-41.579,-21.4699],[-41.5829,-21.4717],[-41.5783,-21.4713],[-41.5839,-21.4759],[-41.5785,-21.4714],[-41.5704,-21.4725],[-41.5823,-21.4777],[-41.5706,-21.4725],[-41.5661,-21.4777],[-41.5697,-21.4806],[-41.5718,-21.4773],[-41.5697,-21.4806],[-41.5731,-21.4845],[-41.578,-21.4796],[-41.5758,-21.4841],[-41.5834,-21.4854],[-41.5744,-21.484],[-41.5756,-21.4927],[-41.5817,-21.4905],[-41.586,-21.4836],[-41.5815,-21.4799]],[[-41.5762,-21.4876],[-41.5719,-21.4837],[-41.571,-21.49],[-41.5717,-21.4838],[-41.5694,-21.4876],[-41.5754,-21.4927],[-41.5762,-21.4892],[-41.5722,-21.4904],[-41.5762,-21.4876],[-41.5762,-21.4876]],[[-41.5691,-21.4743],[-41.5719,-21.4719],[-41.5656,-21.4667],[-41.566,-21.4728],[-41.5692,-21.4743],[-41.5691,-21.4743]],[[-41.5682,-21.4743],[-41.5656,-21.4667],[-41.5574,-21.4629],[-41.5577,-21.4676],[-41.5619,-21.467],[-41.5577,-21.4676],[-41.5614,-21.4714],[-41.56,-21.4827],[-41.563,-21.4841],[-41.5649,-21.4813],[-41.5604,-21.4768],[-41.5635,-21.4808],[-41.5665,-21.4796],[-41.5632,-21.4738],[-41.5662,-21.4771],[-41.5682,-21.4743],[-41.5682,-21.4743]]]}},{"type":"Feature","properties":{"cod_tema":"ARL_PROPOSTA","cod_imovel":"RJ-3301157-17B35F7B207248DD931D90CE9A8ED48C","num_area":"31.502900000000000000000000000000","ind_status":"AT"},"geometry":{"type":"Polygon","coordinates":[[[-41.4894,-21.6341],[-41.487,-21.6324],[-41.4847,-21.6371],[-41.4894,-21.6381],[-41.4896,-21.6345],[-41.4894,-21.6341]],[[-41.4846,-21.6372],[-41.4855,-21.6404],[-41.4877,-21.6391],[-41.4848,-21.6373],[-41.4846,-21.6372]],[[-41.4895,-21.6381],[-41.4897,-21.6347],[-41.4895,-21.6381],[-41.4895,-21.6381]]]}},{"type":"Feature","properties":{"cod_tema":"ARL_PROPOSTA","cod_imovel":"RJ-3301157-7B1F5A755E2A481EB0A7E086E90EDDBB","num_area":"4.6939000000000000000000000000000","ind_status":"AT"},"geometry":{"type":"Polygon","coordinates":[[[-41.4194,-21.4553],[-41.4224,-21.4557],[-41.4194,-21.455],[-41.4194,-21.4553]]]}},{"type":"Feature","properties":{"cod_tema":"ARL_PROPOSTA","cod_imovel":"RJ-3301157-FDE3E3AE35A24C3CB1460E4A9AC393D0","num_area":"12.885000000000000000000000000000","ind_status":"AT"},"geometry":{"type":"Polygon","coordinates":[[[-41.6253,-21.5448],[-41.6264,-21.5421],[-41.6206,-21.5409],[-41.6253,-21.5449],[-41.6253,-21.5448]]]}},{"type":"Feature","properties":{"cod_tema":"ARL_PROPOSTA","cod_imovel":"RJ-3301157-D7DE644C2BB242C8AB69EF5D90A0C1C1","num_area":"3.2452000000000000000000000000000","ind_status":"AT"},"geometry":{"type":"Polygon","coordinates":[[[-41.6502,-21.5004],[-41.647,-21.4984],[-41.6488,-21.4999],[-41.6502,-21.5004]]]}},{"type":"Feature","properties":{"cod_tema":"ARL_PROPOSTA","cod_imovel":"RJ-3301157-2BFBB977CA364DA2A578D0106780C1B2","num_area":"3.1810000000000000000000000000000","ind_status":"AT"},"geometry":{"type":"Polygon","coordinates":[[[-41.4787,-21.4132],[-41.4768,-21.4141],[-41.4791,-21.4144],[-41.4787,-21.4132]]]}},{"type":"Feature","properties":{"cod_tema":"ARL_PROPOSTA","cod_imovel":"RJ-3301157-A4BB728B95D6439EABEFAA6CC63DDBE2","num_area":"4.7893000000000000000000000000000","ind_status":"AT"},"geometry":{"type":"Polygon","coordinates":[[[-41.5014,-21.4465],[-41.4998,-21.4482],[-41.5031,-21.4484],[-41.5024,-21.4457],[-41.5014,-21.4465]]]}},{"type":"Feature","properties":{"cod_tema":"ARL_PROPOSTA","cod_imovel":"RJ-3301157-04477BBAA620488D84A03855C08667DB","num_area":"24.535400000000000000000000000000","ind_status":"AT"},"geometry":{"type":"Polygon","coordinates":[[[-41.442,-21.4376],[-41.44,-21.4415],[-41.4333,-21.4423],[-41.4411,-21.4431],[-41.4425,-21.438],[-41.442,-21.4376]]]}},{"type":"Feature","properties":{"cod_tema":"ARL_PROPOSTA","cod_imovel":"RJ-3301157-0E5B5D40EA2B4175B6286EDB37E75EA5","num_area":"148.00700000000000000000000000000","ind_status":"AT"},"geometry":{"type":"Polygon","coordinates":[[[-41.4962,-21.5919],[-41.4927,-21.5912],[-41.4958,-21.5926],[-41.4921,-21.6021],[-41.4996,-21.6044],[-41.5012,-21.5937],[-41.4962,-21.5919]],[[-41.4899,-21.5897],[-41.4873,-21.5888],[-41.4901,-21.597],[-41.4924,-21.5961],[-41.4909,-21.59],[-41.4899,-21.5897]],[[-41.4622,-21.5881],[-41.4632,-21.5794],[-41.4641,-21.5831],[-41.4691,-21.5805],[-41.4651,-21.5816],[-41.4609,-21.5765],[-41.4616,-21.588],[-41.4622,-21.5881]],[[-41.4724,-21.5885],[-41.4713,-21.5863],[-41.4647,-21.5879],[-41.4724,-21.5883],[-41.4724,-21.5885]]]}},{"type":"Feature","properties":{"cod_tema":"ARL_APROVADA_NAO_AVERBADA","cod_imovel":"RJ-3301157-58B889CA76BA406BB6C95945B0837C05","num_area":"8.8888000000000000000000000000000","ind_status":"AT"},"geometry":{"type":"Polygon","coordinates":[[[-41.6091,-21.5721],[-41.6054,-21.5731],[-41.6085,-21.5731],[-41.6091,-21.5721]]]}},{"type":"Feature","properties":{"cod_tema":"ARL_PROPOSTA","cod_imovel":"RJ-3301157-EEC0EA0A36C64429B3595B7CFF62F0C1","num_area":"5.0733000000000000000000000000000","ind_status":"AT"},"geometry":{"type":"Polygon","coordinates":[[[-41.4874,-21.4778],[-41.4824,-21.4783],[-41.4865,-21.4788],[-41.4874,-21.4778]]]}},{"type":"Feature","properties":{"cod_tema":"ARL_PROPOSTA","cod_imovel":"RJ-3301157-EBAB9188913C46AF841ADC1662467349","num_area":"4.2604000000000000000000000000000","ind_status":"AT"},"geometry":{"type":"Polygon","coordinates":[[[-41.4782,-21.468],[-41.4784,-21.4706],[-41.4782,-21.468],[-41.4782,-21.468]]]}},{"type":"Feature","properties":{"cod_tema":"ARL_PROPOSTA","cod_imovel":"RJ-3301157-ED6163B509384959BFAABD525B488447","num_area":"3.0356000000000000000000000000000","ind_status":"AT"},"geometry":{"type":"Polygon","coordinates":[[[-41.6009,-21.4877],[-41.5988,-21.4887],[-41.6012,-21.4872],[-41.6009,-21.4877]]]}},{"type":"Feature","properties":{"cod_tema":"ARL_PROPOSTA","cod_imovel":"RJ-3301157-92D76C357AF84FE08166511E028FA804","num_area":"3.0662000000000000000000000000000","ind_status":"PE"},"geometry":{"type":"Polygon","coordinates":[[[-41.3982,-21.473],[-41.3992,-21.4698],[-41.3983,-21.4729],[-41.3982,-21.473]],[[-41.3985,-21.4732],[-41.4016,-21.4718],[-41.3984,-21.4732],[-41.3985,-21.4732]]]}},{"type":"Feature","properties":{"cod_tema":"ARL_PROPOSTA","cod_imovel":"RJ-3301157-43E30B4BA5024B28A2EBD205E4613218","num_area":"30.357000000000000000000000000000","ind_status":"AT"},"geometry":{"type":"Polygon","coordinates":[[[-41.3919,-21.5613],[-41.3898,-21.5556],[-41.3853,-21.5593],[-41.3918,-21.5614],[-41.3919,-21.5613]]]}},{"type":"Feature","properties":{"cod_tema":"ARL_PROPOSTA","cod_imovel":"RJ-3301157-6992221D3891420195F59A5904D0BEA6","num_area":"137.44320000000000000000000000000","ind_status":"AT"},"geometry":{"type":"Polygon","coordinates":[[[-41.4035,-21.5652],[-41.4067,-21.5637],[-41.4034,-21.5638],[-41.4035,-21.5652]],[[-41.4145,-21.5378],[-41.4087,-21.5328],[-41.4046,-21.5358],[-41.4102,-21.5403],[-41.4068,-21.5416],[-41.4048,-21.5381],[-41.4041,-21.5402],[-41.4101,-21.5441],[-41.4136,-21.5387],[-41.4145,-21.5378]],[[-41.4074,-21.5359],[-41.4096,-21.5436],[-41.4121,-21.5405],[-41.4103,-21.5438],[-41.4044,-21.5402],[-41.4097,-21.5414],[-41.4069,-21.537],[-41.4074,-21.5359]],[[-41.3991,-21.5571],[-41.393,-21.5593],[-41.3942,-21.5633],[-41.4016,-21.5619],[-41.3992,-21.5571],[-41.3991,-21.5571]],[[-41.4052,-21.5332],[-41.3944,-21.5365],[-41.3966,-21.5385],[-41.3968,-21.5348],[-41.4027,-21.5364],[-41.4042,-21.5342],[-41.4052,-21.5332]],[[-41.4043,-21.5325],[-41.4026,-21.5362],[-41.3977,-21.5344],[-41.4026,-21.5362],[-41.4043,-21.5324],[-41.4043,-21.5325]],[[-41.4223,-21.552],[-41.4199,-21.55],[-41.4173,-21.5521],[-41.4211,-21.5542],[-41.4191,-21.5624],[-41.4212,-21.563],[-41.4222,-21.5521],[-41.4223,-21.552]]]}},{"type":"Feature","properties":{"cod_tema":"ARL_PROPOSTA","cod_imovel":"RJ-3301157-9D18DF05273E4C0B91CB87A7BBDB72BB","num_area":"2.3273000000000000000000000000000","ind_status":"AT"},"geometry":{"type":"Polygon","coordinates":[[[-41.425,-21.4634],[-41.4275,-21.4625],[-41.4247,-21.4632],[-41.425,-21.4634]]]}},{"type":"Feature","properties":{"cod_tema":"ARL_APROVADA_NAO_AVERBADA","cod_imovel":"RJ-3301157-11F0EC882BA945F4BB89E0552DCB4722","num_area":"12.300800000000000000000000000000","ind_status":"AT"},"geometry":{"type":"Polygon","coordinates":[[[-41.424,-21.5482],[-41.4279,-21.5515],[-41.43,-21.5494],[-41.4253,-21.5471],[-41.424,-21.5482]]]}},{"type":"Feature","properties":{"cod_tema":"ARL_PROPOSTA","cod_imovel":"RJ-3301157-999F7C501B66478586ED83580C7DFDB9","num_area":"5.2845000000000000000000000000000","ind_status":"AT"},"geometry":{"type":"Polygon","coordinates":[[[-41.6374,-21.4998],[-41.6409,-21.5018],[-41.638,-21.4991],[-41.6374,-21.4998]]]}},{"type":"Feature","properties":{"cod_tema":"ARL_PROPOSTA","cod_imovel":"RJ-3301157-A2A999D2E4DC42A68D03903B99C2EAA6","num_area":"0.9680000000000000000000000000000","ind_status":"AT"},"geometry":{"type":"Polygon","coordinates":[[[-41.4304,-21.5209],[-41.4289,-21.5188],[-41.4301,-21.5207],[-41.4304,-21.5209]]]}},{"type":"Feature","properties":{"cod_tema":"ARL_PROPOSTA","cod_imovel":"RJ-3301157-90BE63BBC43F444EB7EF18296D250144","num_area":"7.3395000000000000000000000000000","ind_status":"AT"},"geometry":{"type":"Polygon","coordinates":[[[-41.529,-21.4213],[-41.525,-21.4205],[-41.5256,-21.4242],[-41.5291,-21.4212],[-41.529,-21.4213]]]}},{"type":"Feature","properties":{"cod_tema":"ARL_PROPOSTA","cod_imovel":"RJ-3301157-E0956332DD3C4B9C8B4FD99CD074A9D8","num_area":"4.1497000000000000000000000000000","ind_status":"PE"},"geometry":{"type":"Polygon","coordinates":[[[-41.4223,-21.5749],[-41.4256,-21.5724],[-41.4222,-21.5747],[-41.4223,-21.5749]]]}},{"type":"Feature","properties":{"cod_tema":"ARL_PROPOSTA","cod_imovel":"RJ-3301157-85C12362B3FC4C23A6FBE88BFF75E587","num_area":"12.065100000000000000000000000000","ind_status":"AT"},"geometry":{"type":"Polygon","coordinates":[[[-41.6158,-21.4771],[-41.6177,-21.4749],[-41.6132,-21.4745],[-41.6154,-21.4773],[-41.6158,-21.4771]]]}},{"type":"Feature","properties":{"cod_tema":"ARL_PROPOSTA","cod_imovel":"RJ-3301157-D70B7AC7EB524E5B879EDE9AEE6D3C36","num_area":"40.278500000000000000000000000000","ind_status":"AT"},"geometry":{"type":"Polygon","coordinates":[[[-41.4014,-21.515],[-41.4039,-21.5159],[-41.4068,-21.5112],[-41.4041,-21.5095],[-41.4021,-21.5118],[-41.3992,-21.5086],[-41.3975,-21.5113],[-41.4009,-21.5146],[-41.4014,-21.515]]]}},{"type":"Feature","properties":{"cod_tema":"ARL_PROPOSTA","cod_imovel":"RJ-3301157-7C354FC6DC5A44B99DF06EF5900AEE50","num_area":"28.212500000000000000000000000000","ind_status":"AT"},"geometry":{"type":"Polygon","coordinates":[[[-41.5067,-21.6153],[-41.5065,-21.6109],[-41.4987,-21.6106],[-41.5063,-21.6154],[-41.5067,-21.6153]]]}},{"type":"Feature","properties":{"cod_tema":"ARL_PROPOSTA","cod_imovel":"RJ-3301157-4AD6372DB214497BB38C3632025FFF45","num_area":"66.074900000000000000000000000000","ind_status":"AT"},"geometry":{"type":"Polygon","coordinates":[[[-41.5233,-21.5344],[-41.5254,-21.5353],[-41.5234,-21.5343],[-41.5233,-21.5344]],[[-41.5274,-21.5321],[-41.5303,-21.5329],[-41.5275,-21.5319],[-41.5274,-21.5321]],[[-41.529,-21.5439],[-41.5317,-21.5449],[-41.5321,-21.5423],[-41.529,-21.5439],[-41.529,-21.5439]],[[-41.52,-21.5321],[-41.5233,-21.5324],[-41.52,-21.5319],[-41.52,-21.5321]],[[-41.5173,-21.519],[-41.5183,-21.5215],[-41.5169,-21.5188],[-41.5173,-21.519]],[[-41.5283,-21.5356],[-41.53,-21.5376],[-41.5284,-21.5355],[-41.5283,-21.5356]],[[-41.5225,-21.5259],[-41.5208,-21.5277],[-41.5226,-21.5257],[-41.5225,-21.5259]],[[-41.5207,-21.5284],[-41.5187,-21.528],[-41.521,-21.5284],[-41.5207,-21.5284]],[[-41.5358,-21.5361],[-41.5363,-21.5385],[-41.5359,-21.5362],[-41.5358,-21.5361]],[[-41.5159,-21.5172],[-41.5134,-21.5166],[-41.5157,-21.5172],[-41.5159,-21.5172]],[[-41.5128,-21.5187],[-41.5171,-21.5178],[-41.513,-21.5186],[-41.5128,-21.5187]],[[-41.5171,-21.5178],[-41.5234,-21.5198],[-41.5173,-21.5178],[-41.5171,-21.5178]],[[-41.514,-21.5368],[-41.5154,-21.5306],[-41.514,-21.5368],[-41.514,-21.5368]],[[-41.5156,-21.5303],[-41.5163,-21.528],[-41.5156,-21.5301],[-41.5156,-21.5303]],[[-41.5366,-21.5239],[-41.5315,-21.5241],[-41.5365,-21.5238],[-41.5366,-21.5239]]]}},{"type":"Feature","properties":{"cod_tema":"ARL_PROPOSTA","cod_imovel":"RJ-3301157-4A7309C4575442C686BBABD9915A625C","num_area":"7.6204000000000000000000000000000","ind_status":"AT"},"geometry":{"type":"Polygon","coordinates":[[[-41.4433,-21.5238],[-41.4463,-21.5207],[-41.4426,-21.5235],[-41.4433,-21.5238]]]}},{"type":"Feature","properties":{"cod_tema":"ARL_PROPOSTA","cod_imovel":"RJ-3301157-6D4EE7B6B5EE45129AEBDAE9E6C2B12F","num_area":"53.014200000000000000000000000000","ind_status":"AT"},"geometry":{"type":"Polygon","coordinates":[[[-41.4504,-21.5106],[-41.4528,-21.5115],[-41.4524,-21.5073],[-41.4505,-21.51],[-41.4504,-21.5106]],[[-41.4397,-21.5187],[-41.445,-21.5112],[-41.4397,-21.5113],[-41.4397,-21.5187],[-41.4397,-21.5187]],[[-41.4343,-21.5127],[-41.4396,-21.5187],[-41.4366,-21.5112],[-41.4343,-21.5127]]]}},{"type":"Feature","properties":{"cod_tema":"ARL_PROPOSTA","cod_imovel":"RJ-3301157-597A91E628294EDDBBCA9A1A1C79DC27","num_area":"9.0522000000000000000000000000000","ind_status":"AT"},"geometry":{"type":"Polygon","coordinates":[[[-41.4591,-21.434],[-41.4546,-21.4332],[-41.4586,-21.4368],[-41.4594,-21.4342],[-41.4591,-21.434]]]}},{"type":"Feature","properties":{"cod_tema":"ARL_PROPOSTA","cod_imovel":"RJ-3301157-2EB0176F79DC4C12A14D75D9C414E9B3","num_area":"22.717400000000000000000000000000","ind_status":"AT"},"geometry":{"type":"Polygon","coordinates":[[[-41.497,-21.5053],[-41.4947,-21.5077],[-41.5002,-21.5124],[-41.5049,-21.5073],[-41.4991,-21.5098],[-41.4979,-21.5071],[-41.497,-21.5053]]]}},{"type":"Feature","properties":{"cod_tema":"ARL_PROPOSTA","cod_imovel":"RJ-3301157-21B3EA7104224F31B98A0BD31FCA99EC","num_area":"77.781900000000000000000000000000","ind_status":"PE"},"geometry":{"type":"Polygon","coordinates":[[[-41.53,-21.5613],[-41.527,-21.5563],[-41.5182,-21.5519],[-41.5225,-21.5602],[-41.5296,-21.5615],[-41.53,-21.5613]],[[-41.5223,-21.542],[-41.5203,-21.5412],[-41.5201,-21.5449],[-41.5222,-21.5422],[-41.5223,-21.542]],[[-41.5266,-21.5505],[-41.5277,-21.5473],[-41.526,-21.5498],[-41.5266,-21.5505]],[[-41.5205,-21.5463],[-41.5243,-21.5498],[-41.5206,-21.5457],[-41.5205,-21.5463]]]}},{"type":"Feature","properties":{"cod_tema":"ARL_PROPOSTA","cod_imovel":"RJ-3301157-AA48D250FAA648D2B926252EE0A9862F","num_area":"35.732000000000000000000000000000","ind_status":"PE"},"geometry":{"type":"Polygon","coordinates":[[[-41.5476,-21.5639],[-41.5441,-21.5623],[-41.5447,-21.572],[-41.5481,-21.5736],[-41.5476,-21.5639]]]}},{"type":"Feature","properties":{"cod_tema":"ARL_PROPOSTA","cod_imovel":"RJ-3301157-50B0CBD3C8964EB4BE20ED8A1EBEED6B","num_area":"6.8368000000000000000000000000000","ind_status":"AT"},"geometry":{"type":"Polygon","coordinates":[[[-41.6432,-21.5221],[-41.6387,-21.523],[-41.6431,-21.5226],[-41.6432,-21.5221]]]}}]}