{"type":"FeatureCollection","features":[{"type":"Feature","properties":{"cod_tema":"ARL_PROPOSTA","cod_imovel":"RJ-3303401-F24BDE51BBD2417FA77271B93E5C21B5","num_area":"3.0236000000000000000000000000000","ind_status":"AT"},"geometry":{"type":"Polygon","coordinates":[[[-42.5882,-22.1943],[-42.5932,-22.193],[-42.5889,-22.194],[-42.5882,-22.1943]]]}},{"type":"Feature","properties":{"cod_tema":"ARL_PROPOSTA","cod_imovel":"RJ-3303401-9FD942F6E10F45C0B21F978DD4E7E996","num_area":"2.7850000000000000000000000000000","ind_status":"AT"},"geometry":{"type":"Polygon","coordinates":[[[-42.3496,-22.3715],[-42.3482,-22.3734],[-42.3504,-22.372],[-42.3496,-22.3715]]]}},{"type":"Feature","properties":{"cod_tema":"ARL_PROPOSTA","cod_imovel":"RJ-3303401-57F591754321427BA562650262C357EF","num_area":"0.5119000000000000000000000000000","ind_status":"AT"},"geometry":{"type":"Polygon","coordinates":[[[-42.7079,-22.2778],[-42.706,-22.2787],[-42.7082,-22.2779],[-42.7079,-22.2778]]]}},{"type":"Feature","properties":{"cod_tema":"ARL_PROPOSTA","cod_imovel":"RJ-3303401-5032AD5377B042528E67BA6806F81E99","num_area":"4.9488000000000000000000000000000","ind_status":"AT"},"geometry":{"type":"Polygon","coordinates":[[[-42.7047,-22.2795],[-42.7019,-22.2817],[-42.7057,-22.2791],[-42.7047,-22.2795]]]}},{"type":"Feature","properties":{"cod_tema":"ARL_PROPOSTA","cod_imovel":"RJ-3303401-252B2945F11340428E0AA256FBCEE1A4","num_area":"7.1333000000000000000000000000000","ind_status":"AT"},"geometry":{"type":"Polygon","coordinates":[[[-42.2949,-22.3563],[-42.2935,-22.3591],[-42.2957,-22.357],[-42.2949,-22.3563]]]}},{"type":"Feature","properties":{"cod_tema":"ARL_PROPOSTA","cod_imovel":"RJ-3303401-CB8A13D2152D4724A5DF72CF13BDA4C6","num_area":"1.9284000000000000000000000000000","ind_status":"AT"},"geometry":{"type":"Polygon","coordinates":[[[-42.5652,-22.1787],[-42.5624,-22.1767],[-42.5653,-22.1787],[-42.5652,-22.1787]]]}},{"type":"Feature","properties":{"cod_tema":"ARL_PROPOSTA","cod_imovel":"RJ-3303401-2EBA946BD174475388D6BB83307C7A50","num_area":"4.4418000000000000000000000000000","ind_status":"AT"},"geometry":{"type":"Polygon","coordinates":[[[-42.6019,-22.3004],[-42.6001,-22.299],[-42.6018,-22.3015],[-42.6019,-22.3004]]]}},{"type":"Feature","properties":{"cod_tema":"ARL_PROPOSTA","cod_imovel":"RJ-3303401-D94D22AF60C14FB9B7F474E26D92B052","num_area":"5.3774000000000000000000000000000","ind_status":"AT"},"geometry":{"type":"Polygon","coordinates":[[[-42.6372,-22.3302],[-42.6379,-22.3279],[-42.635,-22.3293],[-42.6372,-22.3302]]]}},{"type":"Feature","properties":{"cod_tema":"ARL_PROPOSTA","cod_imovel":"RJ-3303401-F5224B53E63B4DC681873AA3ECAF3087","num_area":"1.4209000000000000000000000000000","ind_status":"AT"},"geometry":{"type":"Polygon","coordinates":[[[-42.3184,-22.3989],[-42.3151,-22.3974],[-42.3183,-22.3987],[-42.3184,-22.3989]]]}},{"type":"Feature","properties":{"cod_tema":"ARL_PROPOSTA","cod_imovel":"RJ-3303401-01159FD7208D49EC94B2CDE163D31B11","num_area":"7.1553000000000000000000000000000","ind_status":"AT"},"geometry":{"type":"Polygon","coordinates":[[[-42.6766,-22.2901],[-42.6801,-22.2937],[-42.6765,-22.2901],[-42.6766,-22.2901]],[[-42.6794,-22.2925],[-42.6767,-22.2906],[-42.6794,-22.2925],[-42.6794,-22.2925]]]}},{"type":"Feature","properties":{"cod_tema":"ARL_PROPOSTA","cod_imovel":"RJ-3303401-6262FC976159454AB8D2B9E6186D4DBB","num_area":"11.258600000000000000000000000000","ind_status":"AT"},"geometry":{"type":"Polygon","coordinates":[[[-42.6561,-22.2588],[-42.6533,-22.2596],[-42.6545,-22.2621],[-42.6579,-22.261],[-42.6566,-22.2585],[-42.6561,-22.2588]],[[-42.6555,-22.262],[-42.6576,-22.2612],[-42.6557,-22.2618],[-42.6555,-22.262]]]}},{"type":"Feature","properties":{"cod_tema":"ARL_PROPOSTA","cod_imovel":"RJ-3303401-7106325458FB48C290F8A03FEBEE9AE8","num_area":"2.7309000000000000000000000000000","ind_status":"AT"},"geometry":{"type":"Polygon","coordinates":[[[-42.3596,-22.3154],[-42.3579,-22.3138],[-42.3596,-22.3154],[-42.3596,-22.3154]]]}},{"type":"Feature","properties":{"cod_tema":"ARL_PROPOSTA","cod_imovel":"RJ-3303401-1ACCF592AE3942B1B6EFF0E87275DE39","num_area":"9.5908000000000000000000000000000","ind_status":"AT"},"geometry":{"type":"Polygon","coordinates":[[[-42.6658,-22.2425],[-42.6596,-22.2414],[-42.6666,-22.2437],[-42.6658,-22.2425]]]}},{"type":"Feature","properties":{"cod_tema":"ARL_PROPOSTA","cod_imovel":"RJ-3303401-949088ED8684485BA23B56B93B89DC65","num_area":"14.241500000000000000000000000000","ind_status":"AT"},"geometry":{"type":"Polygon","coordinates":[[[-42.4771,-22.3603],[-42.4875,-22.3608],[-42.4773,-22.3603],[-42.4771,-22.3603]]]}},{"type":"Feature","properties":{"cod_tema":"ARL_PROPOSTA","cod_imovel":"RJ-3303401-247D10F99C9B4FE598E986426672DF8C","num_area":"29.930500000000000000000000000000","ind_status":"AT"},"geometry":{"type":"Polygon","coordinates":[[[-42.3194,-22.3105],[-42.3155,-22.3026],[-42.3137,-22.3107],[-42.3183,-22.3105],[-42.3194,-22.3105]]]}},{"type":"Feature","properties":{"cod_tema":"ARL_PROPOSTA","cod_imovel":"RJ-3303401-DFDCE03637354DF49E944CFF83BB4B87","num_area":"6.9251000000000000000000000000000","ind_status":"AT"},"geometry":{"type":"Polygon","coordinates":[[[-42.5813,-22.2492],[-42.5764,-22.2471],[-42.5812,-22.2495],[-42.5813,-22.2492]]]}},{"type":"Feature","properties":{"cod_tema":"ARL_PROPOSTA","cod_imovel":"RJ-3303401-E3F3A0F494454391A251D6FD855F935B","num_area":"5.1878000000000000000000000000000","ind_status":"AT"},"geometry":{"type":"Polygon","coordinates":[[[-42.4773,-22.29],[-42.4735,-22.2903],[-42.4769,-22.2911],[-42.4773,-22.29]]]}},{"type":"Feature","properties":{"cod_tema":"ARL_PROPOSTA","cod_imovel":"RJ-3303401-0C4BA3382E604F50B311B6C8A5A74102","num_area":"1.6250000000000000000000000000000","ind_status":"AT"},"geometry":{"type":"Polygon","coordinates":[[[-42.5581,-22.1732],[-42.5562,-22.1723],[-42.5577,-22.1746],[-42.5581,-22.1732]]]}},{"type":"Feature","properties":{"cod_tema":"ARL_PROPOSTA","cod_imovel":"RJ-3303401-22CE4C47127244CDA319BAA130F1D4F9","num_area":"1.5872000000000000000000000000000","ind_status":"AT"},"geometry":{"type":"Polygon","coordinates":[[[-42.4771,-22.3317],[-42.4769,-22.3292],[-42.4765,-22.3317],[-42.4771,-22.3317]]]}},{"type":"Feature","properties":{"cod_tema":"ARL_PROPOSTA","cod_imovel":"RJ-3303401-385CC325C7DF4C068512C00A40DEB1E3","num_area":"21.378600000000000000000000000000","ind_status":"AT"},"geometry":{"type":"Polygon","coordinates":[[[-42.5718,-22.2893],[-42.5735,-22.2819],[-42.5707,-22.2809],[-42.5717,-22.2893],[-42.5718,-22.2893]]]}},{"type":"Feature","properties":{"cod_tema":"ARL_PROPOSTA","cod_imovel":"RJ-3303401-14CC34244B7B43B38270BD4FE7C31A6D","num_area":"22.908500000000000000000000000000","ind_status":"AT"},"geometry":{"type":"Polygon","coordinates":[[[-42.4668,-22.3166],[-42.4712,-22.3111],[-42.4677,-22.3102],[-42.4636,-22.3154],[-42.4668,-22.3166]]]}},{"type":"Feature","properties":{"cod_tema":"ARL_PROPOSTA","cod_imovel":"RJ-3303401-221C0F4B630C48F0B12DB586932A7BD9","num_area":"21.618900000000000000000000000000","ind_status":"AT"},"geometry":{"type":"Polygon","coordinates":[[[-42.2927,-22.336],[-42.2878,-22.3396],[-42.295,-22.3385],[-42.2913,-22.3397],[-42.2928,-22.3361],[-42.2927,-22.336]]]}},{"type":"Feature","properties":{"cod_tema":"ARL_PROPOSTA","cod_imovel":"RJ-3303401-0626F16572AF4E428579BD8C4D92F1AF","num_area":"3.7065000000000000000000000000000","ind_status":"AT"},"geometry":{"type":"Polygon","coordinates":[[[-42.5633,-22.2363],[-42.5653,-22.2352],[-42.5608,-22.2366],[-42.5627,-22.2359],[-42.5633,-22.2363]]]}},{"type":"Feature","properties":{"cod_tema":"ARL_PROPOSTA","cod_imovel":"RJ-3303401-65243141B3984569830A36D8E85D2003","num_area":"2.2156000000000000000000000000000","ind_status":"AT"},"geometry":{"type":"Polygon","coordinates":[[[-42.5296,-22.2476],[-42.5319,-22.2499],[-42.5316,-22.2473],[-42.5296,-22.2476]]]}},{"type":"Feature","properties":{"cod_tema":"ARL_PROPOSTA","cod_imovel":"RJ-3303401-0153EB8D25C543B983BF8576649DE513","num_area":"3.3066000000000000000000000000000","ind_status":"AT"},"geometry":{"type":"Polygon","coordinates":[[[-42.4814,-22.2966],[-42.4835,-22.2963],[-42.481,-22.2955],[-42.4814,-22.2966]]]}},{"type":"Feature","properties":{"cod_tema":"ARL_PROPOSTA","cod_imovel":"RJ-3303401-007203458AFB49CA8BE1A0F90B1A5A92","num_area":"2.0189000000000000000000000000000","ind_status":"AT"},"geometry":{"type":"Polygon","coordinates":[[[-42.5209,-22.1833],[-42.5181,-22.1835],[-42.5209,-22.1833],[-42.5209,-22.1833]]]}},{"type":"Feature","properties":{"cod_tema":"ARL_PROPOSTA","cod_imovel":"RJ-3303401-0075158F0ECE4F2CAA738659BB5F2EF8","num_area":"5.1661000000000000000000000000000","ind_status":"AT"},"geometry":{"type":"Polygon","coordinates":[[[-42.3723,-22.3055],[-42.3751,-22.3033],[-42.3723,-22.3055],[-42.3723,-22.3055]]]}},{"type":"Feature","properties":{"cod_tema":"ARL_PROPOSTA","cod_imovel":"RJ-3303401-008BC9A80B9D4104ADC2592288E5C6D8","num_area":"38.693700000000000000000000000000","ind_status":"AT"},"geometry":{"type":"Polygon","coordinates":[[[-42.3011,-22.3469],[-42.2957,-22.3492],[-42.2999,-22.3482],[-42.3011,-22.3469]],[[-42.3075,-22.3478],[-42.3058,-22.3404],[-42.3008,-22.3448],[-42.3055,-22.3495],[-42.3075,-22.3478]]]}},{"type":"Feature","properties":{"cod_tema":"ARL_PROPOSTA","cod_imovel":"RJ-3303401-012269E09E61420EA8EE61A2EAE25D0B","num_area":"5.1810000000000000000000000000000","ind_status":"AT"},"geometry":{"type":"Polygon","coordinates":[[[-42.5303,-22.1844],[-42.5372,-22.1853],[-42.5304,-22.1841],[-42.5303,-22.1844]]]}},{"type":"Feature","properties":{"cod_tema":"ARL_PROPOSTA","cod_imovel":"RJ-3303401-022B21F949394C7ABBB035DEA5AA7786","num_area":"4.4575000000000000000000000000000","ind_status":"AT"},"geometry":{"type":"Polygon","coordinates":[[[-42.3163,-22.3493],[-42.3131,-22.3492],[-42.3163,-22.3493],[-42.3163,-22.3493]]]}},{"type":"Feature","properties":{"cod_tema":"ARL_PROPOSTA","cod_imovel":"RJ-3303401-02AF25DCBB544DD2B117D4AA378DFF36","num_area":"4.0964000000000000000000000000000","ind_status":"AT"},"geometry":{"type":"Polygon","coordinates":[[[-42.3952,-22.2823],[-42.3948,-22.285],[-42.3971,-22.2844],[-42.3953,-22.2823],[-42.3952,-22.2823]]]}},{"type":"Feature","properties":{"cod_tema":"ARL_PROPOSTA","cod_imovel":"RJ-3303401-03BC42D231F545B197522116AA6F0E72","num_area":"3.7475000000000000000000000000000","ind_status":"AT"},"geometry":{"type":"Polygon","coordinates":[[[-42.6014,-22.2556],[-42.5991,-22.2572],[-42.6014,-22.2556],[-42.6014,-22.2556]]]}},{"type":"Feature","properties":{"cod_tema":"ARL_PROPOSTA","cod_imovel":"RJ-3303401-04BE49B2BE5942CF9555E73C81800EDE","num_area":"2.5444000000000000000000000000000","ind_status":"AT"},"geometry":{"type":"Polygon","coordinates":[[[-42.4421,-22.2879],[-42.4399,-22.2861],[-42.44,-22.2884],[-42.4421,-22.2879]]]}},{"type":"Feature","properties":{"cod_tema":"ARL_PROPOSTA","cod_imovel":"RJ-3303401-05335E120E5442BC833D3E272A969D7D","num_area":"49.990700000000000000000000000000","ind_status":"AT"},"geometry":{"type":"Polygon","coordinates":[[[-42.6746,-22.2296],[-42.6724,-22.2247],[-42.668,-22.225],[-42.6625,-22.2317],[-42.6688,-22.2322],[-42.669,-22.2283],[-42.6733,-22.2298],[-42.6746,-22.2296]]]}},{"type":"Feature","properties":{"cod_tema":"ARL_PROPOSTA","cod_imovel":"RJ-3303401-060F771DBC0E4D8E97639DB462576A0A","num_area":"2.5889000000000000000000000000000","ind_status":"AT"},"geometry":{"type":"Polygon","coordinates":[[[-42.3299,-22.3742],[-42.3349,-22.3741],[-42.3299,-22.3741],[-42.3299,-22.3742]]]}},{"type":"Feature","properties":{"cod_tema":"ARL_PROPOSTA","cod_imovel":"RJ-3303401-067EC9D6D68548669EBAD8770D2F80F0","num_area":"3.3116000000000000000000000000000","ind_status":"AT"},"geometry":{"type":"Polygon","coordinates":[[[-42.58,-22.2171],[-42.5839,-22.2181],[-42.5805,-22.2169],[-42.58,-22.2171]]]}},{"type":"Feature","properties":{"cod_tema":"ARL_PROPOSTA","cod_imovel":"RJ-3303401-05D87F5887424418BCDC51C7CBB6E470","num_area":"3.7099000000000000000000000000000","ind_status":"AT"},"geometry":{"type":"Polygon","coordinates":[[[-42.5338,-22.1991],[-42.538,-22.2006],[-42.5345,-22.199],[-42.5338,-22.1991]]]}},{"type":"Feature","properties":{"cod_tema":"ARL_PROPOSTA","cod_imovel":"RJ-3303401-06E7BC7AA62E427B834554379BF5B85C","num_area":"4.4173000000000000000000000000000","ind_status":"AT"},"geometry":{"type":"Polygon","coordinates":[[[-42.6582,-22.3109],[-42.6548,-22.3134],[-42.658,-22.3107],[-42.6582,-22.3109]]]}},{"type":"Feature","properties":{"cod_tema":"ARL_PROPOSTA","cod_imovel":"RJ-3303401-073876558EAD4540B6207FC7D22EAC50","num_area":"0.8801000000000000000000000000000","ind_status":"AT"},"geometry":{"type":"Polygon","coordinates":[[[-42.3939,-22.3166],[-42.3961,-22.3154],[-42.3941,-22.3158],[-42.3939,-22.3166]]]}},{"type":"Feature","properties":{"cod_tema":"ARL_PROPOSTA","cod_imovel":"RJ-3303401-07417185BBA74A71A452D87D6DF6A351","num_area":"4.7176000000000000000000000000000","ind_status":"AT"},"geometry":{"type":"Polygon","coordinates":[[[-42.4317,-22.334],[-42.4284,-22.3347],[-42.4316,-22.3343],[-42.4317,-22.334]],[[-42.4284,-22.3347],[-42.4312,-22.335],[-42.4285,-22.3348],[-42.4284,-22.3347]]]}},{"type":"Feature","properties":{"cod_tema":"ARL_PROPOSTA","cod_imovel":"RJ-3303401-08062C9418A04AC39F4500283791C1C4","num_area":"4.3181000000000000000000000000000","ind_status":"AT"},"geometry":{"type":"Polygon","coordinates":[[[-42.677,-22.2699],[-42.6796,-22.2725],[-42.6771,-22.2696],[-42.677,-22.2699]]]}},{"type":"Feature","properties":{"cod_tema":"ARL_PROPOSTA","cod_imovel":"RJ-3303401-0859427A30544CCEA719C10743A8B319","num_area":"11.668500000000000000000000000000","ind_status":"AT"},"geometry":{"type":"Polygon","coordinates":[[[-42.4134,-22.317],[-42.408,-22.3164],[-42.4134,-22.3175],[-42.4134,-22.317]]]}},{"type":"Feature","properties":{"cod_tema":"ARL_PROPOSTA","cod_imovel":"RJ-3303401-0880DB4EC0E347E393ABA609D03926E8","num_area":"0.6784000000000000000000000000000","ind_status":"AT"},"geometry":{"type":"Polygon","coordinates":[[[-42.3083,-22.3543],[-42.3107,-22.3558],[-42.3083,-22.3543],[-42.3083,-22.3543]]]}},{"type":"Feature","properties":{"cod_tema":"ARL_PROPOSTA","cod_imovel":"RJ-3303401-08AAD2C9383243D78017037803E8DAAD","num_area":"2.6258000000000000000000000000000","ind_status":"AT"},"geometry":{"type":"Polygon","coordinates":[[[-42.56,-22.1808],[-42.557,-22.1819],[-42.5601,-22.1808],[-42.56,-22.1808]]]}},{"type":"Feature","properties":{"cod_tema":"ARL_PROPOSTA","cod_imovel":"RJ-3303401-08476120CE2D4540A697E7A4EEAFC5DC","num_area":"1.9341000000000000000000000000000","ind_status":"AT"},"geometry":{"type":"Polygon","coordinates":[[[-42.31,-22.3852],[-42.308,-22.3849],[-42.3099,-22.3854],[-42.31,-22.3852]]]}},{"type":"Feature","properties":{"cod_tema":"ARL_PROPOSTA","cod_imovel":"RJ-3303401-0F8A482F2D3640C3803358C798319415","num_area":"1.2498000000000000000000000000000","ind_status":"AT"},"geometry":{"type":"Polygon","coordinates":[[[-42.3103,-22.3424],[-42.3125,-22.3418],[-42.3103,-22.3419],[-42.3103,-22.3424]]]}},{"type":"Feature","properties":{"cod_tema":"ARL_PROPOSTA","cod_imovel":"RJ-3303401-0B2998DE01634A2493F9AF00147D4B7A","num_area":"2.7147000000000000000000000000000","ind_status":"AT"},"geometry":{"type":"Polygon","coordinates":[[[-42.3017,-22.3643],[-42.304,-22.3632],[-42.3018,-22.364],[-42.3017,-22.3643]]]}},{"type":"Feature","properties":{"cod_tema":"ARL_PROPOSTA","cod_imovel":"RJ-3303401-0C1FD752C5F34CDFA069A5DEFA109C7C","num_area":"10.108500000000000000000000000000","ind_status":"AT"},"geometry":{"type":"Polygon","coordinates":[[[-42.5939,-22.2562],[-42.5883,-22.2598],[-42.5939,-22.2563],[-42.5939,-22.2562]]]}},{"type":"Feature","properties":{"cod_tema":"ARL_PROPOSTA","cod_imovel":"RJ-3303401-0C234702FC064FEEACF65F9495501BEF","num_area":"4.0931000000000000000000000000000","ind_status":"AT"},"geometry":{"type":"Polygon","coordinates":[[[-42.7,-22.2737],[-42.7005,-22.2711],[-42.6986,-22.2737],[-42.7,-22.2737]]]}},{"type":"Feature","properties":{"cod_tema":"ARL_PROPOSTA","cod_imovel":"RJ-3303401-0C5DCD15092B4BF3A186AF1BFA4A1953","num_area":"5.7762000000000000000000000000000","ind_status":"AT"},"geometry":{"type":"Polygon","coordinates":[[[-42.393,-22.2907],[-42.3886,-22.2862],[-42.3931,-22.2907],[-42.393,-22.2907]]]}},{"type":"Feature","properties":{"cod_tema":"ARL_PROPOSTA","cod_imovel":"RJ-3303401-0CE4B20D2239497D9F8A25703EE044D9","num_area":"3.0325000000000000000000000000000","ind_status":"AT"},"geometry":{"type":"Polygon","coordinates":[[[-42.6889,-22.272],[-42.6912,-22.2702],[-42.6891,-22.2715],[-42.6889,-22.272]]]}},{"type":"Feature","properties":{"cod_tema":"ARL_PROPOSTA","cod_imovel":"RJ-3303401-0CFA168F02FA41EAAD2553C82AC998F1","num_area":"7.8396000000000000000000000000000","ind_status":"AT"},"geometry":{"type":"Polygon","coordinates":[[[-42.5825,-22.2872],[-42.5814,-22.2897],[-42.5846,-22.2894],[-42.5827,-22.287],[-42.5825,-22.2872]]]}},{"type":"Feature","properties":{"cod_tema":"ARL_PROPOSTA","cod_imovel":"RJ-3303401-0D35E2CF9B354772B66C6DC09DEB95B2","num_area":"5.7474000000000000000000000000000","ind_status":"AT"},"geometry":{"type":"Polygon","coordinates":[[[-42.5352,-22.3401],[-42.5383,-22.3415],[-42.5355,-22.3395],[-42.5352,-22.3401]]]}},{"type":"Feature","properties":{"cod_tema":"ARL_PROPOSTA","cod_imovel":"RJ-3303401-0E1FA565B43046339C34F0ED5913F7CC","num_area":"1.8585000000000000000000000000000","ind_status":"AT"},"geometry":{"type":"Polygon","coordinates":[[[-42.6667,-22.3346],[-42.6692,-22.3358],[-42.6671,-22.3345],[-42.6667,-22.3346]],[[-42.669,-22.3356],[-42.6671,-22.3345],[-42.6689,-22.3355],[-42.669,-22.3356]]]}},{"type":"Feature","properties":{"cod_tema":"ARL_PROPOSTA","cod_imovel":"RJ-3303401-0EF87DD8DBFD4517901B766F6D629B43","num_area":"5.4793000000000000000000000000000","ind_status":"AT"},"geometry":{"type":"Polygon","coordinates":[[[-42.2961,-22.3235],[-42.299,-22.3241],[-42.2996,-22.3212],[-42.2962,-22.323],[-42.2961,-22.3235]]]}},{"type":"Feature","properties":{"cod_tema":"ARL_PROPOSTA","cod_imovel":"RJ-3303401-1008F3CE89254ADBA15FCA7059EB24BC","num_area":"4.3306000000000000000000000000000","ind_status":"AT"},"geometry":{"type":"Polygon","coordinates":[[[-42.3454,-22.3239],[-42.3446,-22.3218],[-42.345,-22.3239],[-42.3454,-22.3239]]]}},{"type":"Feature","properties":{"cod_tema":"ARL_PROPOSTA","cod_imovel":"RJ-3303401-109DB57F671D417FA924FC15956E523A","num_area":"33.217900000000000000000000000000","ind_status":"AT"},"geometry":{"type":"Polygon","coordinates":[[[-42.5924,-22.2003],[-42.5905,-22.1982],[-42.5917,-22.2007],[-42.5924,-22.2003]],[[-42.5947,-22.1993],[-42.5933,-22.1956],[-42.5936,-22.1987],[-42.5947,-22.1993]],[[-42.5896,-22.1918],[-42.5859,-22.1926],[-42.587,-22.1953],[-42.5941,-22.1922],[-42.5923,-22.1898],[-42.5901,-22.1915],[-42.5896,-22.1918]],[[-42.588,-22.1941],[-42.5908,-22.1932],[-42.5881,-22.1941],[-42.588,-22.1941]],[[-42.5906,-22.194],[-42.5938,-22.1925],[-42.5911,-22.1938],[-42.5906,-22.194]]]}},{"type":"Feature","properties":{"cod_tema":"ARL_PROPOSTA","cod_imovel":"RJ-3303401-110C00CA340F4B34A0A2FEF05DFA4C94","num_area":"1.5233000000000000000000000000000","ind_status":"AT"},"geometry":{"type":"Polygon","coordinates":[[[-42.3735,-22.3785],[-42.3712,-22.377],[-42.3734,-22.3786],[-42.3735,-22.3785]]]}},{"type":"Feature","properties":{"cod_tema":"ARL_PROPOSTA","cod_imovel":"RJ-3303401-1195E98E9FB0469381220CFA4AE4BB43","num_area":"3.7985000000000000000000000000000","ind_status":"AT"},"geometry":{"type":"Polygon","coordinates":[[[-42.4584,-22.2395],[-42.4592,-22.2365],[-42.4575,-22.2388],[-42.4584,-22.2395]]]}},{"type":"Feature","properties":{"cod_tema":"ARL_PROPOSTA","cod_imovel":"RJ-3303401-11F841FDCFCA4B55BFD31246EDFF567A","num_area":"3.0702000000000000000000000000000","ind_status":"AT"},"geometry":{"type":"Polygon","coordinates":[[[-42.3197,-22.3996],[-42.3186,-22.4031],[-42.3203,-22.3998],[-42.3197,-22.3996]]]}},{"type":"Feature","properties":{"cod_tema":"ARL_PROPOSTA","cod_imovel":"RJ-3303401-13054262EBCF406C8ABC610E163B4499","num_area":"4.4365000000000000000000000000000","ind_status":"AT"},"geometry":{"type":"Polygon","coordinates":[[[-42.344,-22.3858],[-42.3407,-22.3869],[-42.344,-22.3858],[-42.344,-22.3858]]]}},{"type":"Feature","properties":{"cod_tema":"ARL_PROPOSTA","cod_imovel":"RJ-3303401-1347D0AD96FE4A80BCF2DC0709D4F61E","num_area":"11.354500000000000000000000000000","ind_status":"AT"},"geometry":{"type":"Polygon","coordinates":[[[-42.3136,-22.3499],[-42.3094,-22.3497],[-42.3102,-22.352],[-42.3138,-22.3502],[-42.3136,-22.3499]]]}},{"type":"Feature","properties":{"cod_tema":"ARL_PROPOSTA","cod_imovel":"RJ-3303401-13510250FE66432C97E8DA056766BD13","num_area":"32.367800000000000000000000000000","ind_status":"AT"},"geometry":{"type":"Polygon","coordinates":[[[-42.5724,-22.1948],[-42.5723,-22.1926],[-42.5685,-22.1933],[-42.5722,-22.1948],[-42.5724,-22.1948]],[[-42.5692,-22.1953],[-42.5725,-22.1953],[-42.5692,-22.1953],[-42.5692,-22.1953]],[[-42.5825,-22.2011],[-42.5775,-22.2016],[-42.5826,-22.2008],[-42.5789,-22.1965],[-42.5821,-22.1984],[-42.5751,-22.2025],[-42.5822,-22.2008],[-42.5825,-22.2011]],[[-42.583,-22.1984],[-42.5801,-22.1948],[-42.5825,-22.1982],[-42.583,-22.1984]]]}},{"type":"Feature","properties":{"cod_tema":"ARL_PROPOSTA","cod_imovel":"RJ-3303401-138BAFF6D4234C188C036588F0DA7C1D","num_area":"2.5965000000000000000000000000000","ind_status":"AT"},"geometry":{"type":"Polygon","coordinates":[[[-42.6766,-22.2713],[-42.6763,-22.2692],[-42.6749,-22.2712],[-42.6766,-22.2713]]]}},{"type":"Feature","properties":{"cod_tema":"ARL_PROPOSTA","cod_imovel":"RJ-3303401-13BCA804E5D64F73812A93C1ACBC5ADA","num_area":"2.9001000000000000000000000000000","ind_status":"AT"},"geometry":{"type":"Polygon","coordinates":[[[-42.3282,-22.3579],[-42.3288,-22.361],[-42.3287,-22.3577],[-42.3282,-22.3579]]]}},{"type":"Feature","properties":{"cod_tema":"ARL_PROPOSTA","cod_imovel":"RJ-3303401-1408D2B1B5944379A4821B83923349FF","num_area":"3.9905000000000000000000000000000","ind_status":"AT"},"geometry":{"type":"Polygon","coordinates":[[[-42.6799,-22.3459],[-42.6763,-22.3468],[-42.68,-22.3462],[-42.6799,-22.3459]]]}},{"type":"Feature","properties":{"cod_tema":"ARL_PROPOSTA","cod_imovel":"RJ-3303401-1530DFE34FD54A1DB225099A1BD5C986","num_area":"7.7071000000000000000000000000000","ind_status":"AT"},"geometry":{"type":"Polygon","coordinates":[[[-42.6856,-22.2921],[-42.6828,-22.2932],[-42.6859,-22.2953],[-42.6856,-22.2921]]]}},{"type":"Feature","properties":{"cod_tema":"ARL_PROPOSTA","cod_imovel":"RJ-3303401-152BA20CFFBA427F8E7E86FC7D8D0F2F","num_area":"10.683400000000000000000000000000","ind_status":"AT"},"geometry":{"type":"Polygon","coordinates":[[[-42.5333,-22.1939],[-42.5287,-22.1949],[-42.5368,-22.1943],[-42.5341,-22.1933],[-42.5333,-22.1939]]]}},{"type":"Feature","properties":{"cod_tema":"ARL_PROPOSTA","cod_imovel":"RJ-3303401-15DD823279264915AEB48F1A4571504B","num_area":"3.7686000000000000000000000000000","ind_status":"AT"},"geometry":{"type":"Polygon","coordinates":[[[-42.3001,-22.3148],[-42.3003,-22.3106],[-42.3003,-22.3139],[-42.3001,-22.3148]],[[-42.2984,-22.3161],[-42.2968,-22.3143],[-42.2983,-22.3161],[-42.2984,-22.3161]]]}},{"type":"Feature","properties":{"cod_tema":"ARL_PROPOSTA","cod_imovel":"RJ-3303401-163C8021F6444635BEEC49E293C62B53","num_area":"5.6303000000000000000000000000000","ind_status":"AT"},"geometry":{"type":"Polygon","coordinates":[[[-42.4677,-22.2907],[-42.4645,-22.2909],[-42.4677,-22.2913],[-42.4677,-22.2907]],[[-42.4596,-22.2916],[-42.4615,-22.2933],[-42.4601,-22.2915],[-42.4596,-22.2916]]]}},{"type":"Feature","properties":{"cod_tema":"ARL_PROPOSTA","cod_imovel":"RJ-3303401-16A870B87D0C4C178B785F20B5F09C8F","num_area":"5.1767000000000000000000000000000","ind_status":"AT"},"geometry":{"type":"Polygon","coordinates":[[[-42.3619,-22.39],[-42.3657,-22.3888],[-42.3613,-22.3899],[-42.3619,-22.39]]]}},{"type":"Feature","properties":{"cod_tema":"ARL_PROPOSTA","cod_imovel":"RJ-3303401-178C53C313BD4BAF94690A4D0FD0ED40","num_area":"2.7768000000000000000000000000000","ind_status":"AT"},"geometry":{"type":"Polygon","coordinates":[[[-42.3105,-22.3973],[-42.3084,-22.3951],[-42.3102,-22.3972],[-42.3105,-22.3973]]]}},{"type":"Feature","properties":{"cod_tema":"ARL_PROPOSTA","cod_imovel":"RJ-3303401-191B4B7597CA411DB0967CB9C7626F69","num_area":"0.3009000000000000000000000000000","ind_status":"AT"},"geometry":{"type":"Polygon","coordinates":[[[-42.6711,-22.3523],[-42.674,-22.3531],[-42.6712,-22.3523],[-42.6711,-22.3523]]]}},{"type":"Feature","properties":{"cod_tema":"ARL_PROPOSTA","cod_imovel":"RJ-3303401-1B7FECBE3AC04E409FE963AFE9EDEF4E","num_area":"13.740600000000000000000000000000","ind_status":"AT"},"geometry":{"type":"Polygon","coordinates":[[[-42.5944,-22.3308],[-42.5921,-22.3287],[-42.5916,-22.3308],[-42.5944,-22.3308]],[[-42.5919,-22.3288],[-42.5883,-22.3282],[-42.5877,-22.3307],[-42.5919,-22.3288],[-42.5919,-22.3288]]]}},{"type":"Feature","properties":{"cod_tema":"ARL_PROPOSTA","cod_imovel":"RJ-3303401-1E250AA6F05A4EDEAC3FEF692451D25D","num_area":"1.4672000000000000000000000000000","ind_status":"AT"},"geometry":{"type":"Polygon","coordinates":[[[-42.355,-22.3123],[-42.3561,-22.3094],[-42.355,-22.3123],[-42.355,-22.3123]]]}},{"type":"Feature","properties":{"cod_tema":"ARL_PROPOSTA","cod_imovel":"RJ-3303401-1FD8FE08C0564D94B0C3A7819909E8C8","num_area":"3.1043000000000000000000000000000","ind_status":"AT"},"geometry":{"type":"Polygon","coordinates":[[[-42.6605,-22.3106],[-42.6581,-22.3101],[-42.6598,-22.3119],[-42.6605,-22.3106]]]}},{"type":"Feature","properties":{"cod_tema":"ARL_PROPOSTA","cod_imovel":"RJ-3303401-1F24D241EEDB4100865848C44F79B2EF","num_area":"1.3632000000000000000000000000000","ind_status":"AT"},"geometry":{"type":"Polygon","coordinates":[[[-42.423,-22.2793],[-42.4213,-22.278],[-42.4229,-22.2797],[-42.423,-22.2793]]]}},{"type":"Feature","properties":{"cod_tema":"ARL_PROPOSTA","cod_imovel":"RJ-3303401-2284185704794B5A825F5C08C521FB45","num_area":"18.057900000000000000000000000000","ind_status":"PE"},"geometry":{"type":"Polygon","coordinates":[[[-42.4255,-22.2775],[-42.4227,-22.2782],[-42.423,-22.2817],[-42.427,-22.2784],[-42.4255,-22.2775]],[[-42.4213,-22.2826],[-42.4235,-22.2828],[-42.4213,-22.2826],[-42.4213,-22.2826]]]}},{"type":"Feature","properties":{"cod_tema":"ARL_PROPOSTA","cod_imovel":"RJ-3303401-22F234EDB0334423B4952583469D8074","num_area":"26.862200000000000000000000000000","ind_status":"AT"},"geometry":{"type":"Polygon","coordinates":[[[-42.3207,-22.3823],[-42.3202,-22.3866],[-42.3211,-22.3819],[-42.3207,-22.3823]],[[-42.3208,-22.386],[-42.3242,-22.3836],[-42.3208,-22.3858],[-42.3208,-22.386]],[[-42.3269,-22.389],[-42.3302,-22.3886],[-42.3275,-22.3864],[-42.3253,-22.3885],[-42.3269,-22.389]],[[-42.3275,-22.3863],[-42.3244,-22.3883],[-42.3271,-22.3866],[-42.3275,-22.3863]]]}},{"type":"Feature","properties":{"cod_tema":"ARL_PROPOSTA","cod_imovel":"RJ-3303401-245F4AF294B846F7A825D6BA593F242A","num_area":"4.2420000000000000000000000000000","ind_status":"AT"},"geometry":{"type":"Polygon","coordinates":[[[-42.3902,-22.2985],[-42.3932,-22.2989],[-42.3909,-22.2983],[-42.3902,-22.2985]]]}},{"type":"Feature","properties":{"cod_tema":"ARL_PROPOSTA","cod_imovel":"RJ-3303401-2713C7AB58184CBF8CF025A115A7BE10","num_area":"3.8546000000000000000000000000000","ind_status":"AT"},"geometry":{"type":"Polygon","coordinates":[[[-42.7036,-22.3329],[-42.7032,-22.33],[-42.7013,-22.3329],[-42.7036,-22.3329]]]}},{"type":"Feature","properties":{"cod_tema":"ARL_PROPOSTA","cod_imovel":"RJ-3303401-24D57DB90BFE488DBDC2A9C0AFA83FF6","num_area":"3.9652000000000000000000000000000","ind_status":"AT"},"geometry":{"type":"Polygon","coordinates":[[[-42.6524,-22.3039],[-42.6545,-22.305],[-42.6544,-22.3024],[-42.6526,-22.3037],[-42.6524,-22.3039]]]}},{"type":"Feature","properties":{"cod_tema":"ARL_PROPOSTA","cod_imovel":"RJ-3303401-2538880E03314E19A082989EE07FCA03","num_area":"6.7095000000000000000000000000000","ind_status":"AT"},"geometry":{"type":"Polygon","coordinates":[[[-42.5418,-22.2217],[-42.5384,-22.2213],[-42.5417,-22.2221],[-42.5418,-22.2217]]]}},{"type":"Feature","properties":{"cod_tema":"ARL_PROPOSTA","cod_imovel":"RJ-3303401-254C5FED176E409686A70D719D880E98","num_area":"17.254000000000000000000000000000","ind_status":"AT"},"geometry":{"type":"Polygon","coordinates":[[[-42.4142,-22.3291],[-42.4184,-22.3279],[-42.4155,-22.3256],[-42.4142,-22.3291]],[[-42.4185,-22.3245],[-42.4169,-22.3214],[-42.4178,-22.3244],[-42.4185,-22.3245]]]}},{"type":"Feature","properties":{"cod_tema":"ARL_PROPOSTA","cod_imovel":"RJ-3303401-25E945E7B91B4B70A74692F10DD692A1","num_area":"7.3832000000000000000000000000000","ind_status":"AT"},"geometry":{"type":"Polygon","coordinates":[[[-42.5975,-22.2976],[-42.595,-22.2981],[-42.6009,-22.2984],[-42.5975,-22.2976],[-42.5975,-22.2976]],[[-42.595,-22.2981],[-42.5967,-22.2994],[-42.5951,-22.2982],[-42.595,-22.2981]],[[-42.5979,-22.2993],[-42.5955,-22.2987],[-42.5977,-22.2993],[-42.5979,-22.2993]],[[-42.5988,-22.2989],[-42.6012,-22.299],[-42.5989,-22.2989],[-42.5988,-22.2989]]]}},{"type":"Feature","properties":{"cod_tema":"ARL_PROPOSTA","cod_imovel":"RJ-3303401-27669B6BE0E3418B9184F0B4610CF9F9","num_area":"15.524900000000000000000000000000","ind_status":"AT"},"geometry":{"type":"Polygon","coordinates":[[[-42.3753,-22.3026],[-42.3676,-22.2969],[-42.3753,-22.3054],[-42.3758,-22.303],[-42.3753,-22.3026]]]}},{"type":"Feature","properties":{"cod_tema":"ARL_PROPOSTA","cod_imovel":"RJ-3303401-28D4E3679DA343BDA78CC7B4DF6E6D0A","num_area":"9.6473000000000000000000000000000","ind_status":"AT"},"geometry":{"type":"Polygon","coordinates":[[[-42.5739,-22.2056],[-42.5772,-22.2069],[-42.5793,-22.2036],[-42.5744,-22.2055],[-42.5739,-22.2056]]]}},{"type":"Feature","properties":{"cod_tema":"ARL_PROPOSTA","cod_imovel":"RJ-3303401-293B3A1581884524AEFDDDDEA7331DD2","num_area":"1.4665000000000000000000000000000","ind_status":"AT"},"geometry":{"type":"Polygon","coordinates":[[[-42.5318,-22.2501],[-42.5336,-22.2512],[-42.5334,-22.2487],[-42.5318,-22.2501]]]}},{"type":"Feature","properties":{"cod_tema":"ARL_PROPOSTA","cod_imovel":"RJ-3303401-295F77188AAF41B88F3B33AFA3DE026D","num_area":"4.6879000000000000000000000000000","ind_status":"AT"},"geometry":{"type":"Polygon","coordinates":[[[-42.676,-22.2578],[-42.6734,-22.2587],[-42.6759,-22.258],[-42.676,-22.2578]],[[-42.6767,-22.2603],[-42.6729,-22.2606],[-42.6766,-22.2604],[-42.6767,-22.2603]]]}},{"type":"Feature","properties":{"cod_tema":"ARL_PROPOSTA","cod_imovel":"RJ-3303401-29F9017EF00A4E9B95D92B691F37F861","num_area":"5.6861000000000000000000000000000","ind_status":"AT"},"geometry":{"type":"Polygon","coordinates":[[[-42.6145,-22.2015],[-42.6191,-22.1995],[-42.6182,-22.1961],[-42.6145,-22.2013],[-42.6145,-22.2015]]]}},{"type":"Feature","properties":{"cod_tema":"ARL_PROPOSTA","cod_imovel":"RJ-3303401-296ADD17B7094DF6A908D2605AC769E3","num_area":"2.4946000000000000000000000000000","ind_status":"AT"},"geometry":{"type":"Polygon","coordinates":[[[-42.6626,-22.3258],[-42.6651,-22.3256],[-42.6627,-22.3257],[-42.6626,-22.3258]]]}},{"type":"Feature","properties":{"cod_tema":"ARL_PROPOSTA","cod_imovel":"RJ-3303401-2A4694002A0D4D77B002F2255BCAC7D7","num_area":"1.7230000000000000000000000000000","ind_status":"AT"},"geometry":{"type":"Polygon","coordinates":[[[-42.4754,-22.2677],[-42.4751,-22.2699],[-42.4755,-22.2678],[-42.4754,-22.2677]]]}},{"type":"Feature","properties":{"cod_tema":"ARL_PROPOSTA","cod_imovel":"RJ-3303401-2B44BF85B0D3418DAC91FBB389F867EC","num_area":"4.2726000000000000000000000000000","ind_status":"AT"},"geometry":{"type":"Polygon","coordinates":[[[-42.5932,-22.278],[-42.5916,-22.2799],[-42.5942,-22.2797],[-42.5932,-22.278]]]}},{"type":"Feature","properties":{"cod_tema":"ARL_PROPOSTA","cod_imovel":"RJ-3303401-2BFDE259CD1E4D40B94D9FD675016251","num_area":"7.8260000000000000000000000000000","ind_status":"AT"},"geometry":{"type":"Polygon","coordinates":[[[-42.5069,-22.1847],[-42.5046,-22.1834],[-42.5049,-22.1866],[-42.5075,-22.1856],[-42.5069,-22.1847]]]}},{"type":"Feature","properties":{"cod_tema":"ARL_PROPOSTA","cod_imovel":"RJ-3303401-2D4A455463FD4D4B909F4F8F93445E12","num_area":"6.7478000000000000000000000000000","ind_status":"AT"},"geometry":{"type":"Polygon","coordinates":[[[-42.4948,-22.4317],[-42.4931,-22.4334],[-42.4948,-22.4318],[-42.4948,-22.4317]],[[-42.4978,-22.4293],[-42.4952,-22.4315],[-42.4976,-22.4293],[-42.4978,-22.4293]]]}},{"type":"Feature","properties":{"cod_tema":"ARL_PROPOSTA","cod_imovel":"RJ-3303401-2E8840B839D246CBA5C73718C7757FC6","num_area":"2.3582000000000000000000000000000","ind_status":"AT"},"geometry":{"type":"Polygon","coordinates":[[[-42.3919,-22.2836],[-42.3935,-22.2819],[-42.392,-22.2836],[-42.3919,-22.2836]]]}},{"type":"Feature","properties":{"cod_tema":"ARL_PROPOSTA","cod_imovel":"RJ-3303401-3032372A02CC4D58B27B32A2C38DFA5A","num_area":"7.3767000000000000000000000000000","ind_status":"AT"},"geometry":{"type":"Polygon","coordinates":[[[-42.6733,-22.2768],[-42.669,-22.275],[-42.6689,-22.2775],[-42.6733,-22.2768]]]}},{"type":"Feature","properties":{"cod_tema":"ARL_PROPOSTA","cod_imovel":"RJ-3303401-31F2D2D9516446B4841BB56DAD233225","num_area":"7.1226000000000000000000000000000","ind_status":"AT"},"geometry":{"type":"Polygon","coordinates":[[[-42.3825,-22.3346],[-42.3819,-22.3323],[-42.3792,-22.3337],[-42.3824,-22.3346],[-42.3825,-22.3346]]]}},{"type":"Feature","properties":{"cod_tema":"ARL_PROPOSTA","cod_imovel":"RJ-3303401-31AB2A8998C644549A1C33A0EBCBCC07","num_area":"2.1710000000000000000000000000000","ind_status":"AT"},"geometry":{"type":"Polygon","coordinates":[[[-42.3291,-22.3026],[-42.3305,-22.3003],[-42.3282,-22.302],[-42.3291,-22.3026]]]}},{"type":"Feature","properties":{"cod_tema":"ARL_PROPOSTA","cod_imovel":"RJ-3303401-325426A71456453FBFDF183106872B7A","num_area":"14.535800000000000000000000000000","ind_status":"AT"},"geometry":{"type":"Polygon","coordinates":[[[-42.4949,-22.2572],[-42.4873,-22.2586],[-42.4952,-22.2586],[-42.4949,-22.2572]]]}},{"type":"Feature","properties":{"cod_tema":"ARL_PROPOSTA","cod_imovel":"RJ-3303401-3276E3A8EAF9447B828FC38FB5C646AF","num_area":"5.3352000000000000000000000000000","ind_status":"AT"},"geometry":{"type":"Polygon","coordinates":[[[-42.3795,-22.384],[-42.3777,-22.38],[-42.3771,-22.384],[-42.3795,-22.384]]]}},{"type":"Feature","properties":{"cod_tema":"ARL_PROPOSTA","cod_imovel":"RJ-3303401-34F7982B265B4EE188CE90D5D22686FE","num_area":"7.1810000000000000000000000000000","ind_status":"AT"},"geometry":{"type":"Polygon","coordinates":[[[-42.3312,-22.325],[-42.3261,-22.3249],[-42.3313,-22.325],[-42.3312,-22.325]]]}},{"type":"Feature","properties":{"cod_tema":"ARL_PROPOSTA","cod_imovel":"RJ-3303401-348EC0BE14FA4E789D325B51DBF331B0","num_area":"4.6846000000000000000000000000000","ind_status":"AT"},"geometry":{"type":"Polygon","coordinates":[[[-42.7131,-22.2836],[-42.7128,-22.2863],[-42.7152,-22.2847],[-42.7133,-22.2837],[-42.7131,-22.2836]]]}},{"type":"Feature","properties":{"cod_tema":"ARL_PROPOSTA","cod_imovel":"RJ-3303401-36917CF5AB184640B2C07B080C23D96C","num_area":"64.761700000000000000000000000000","ind_status":"AT"},"geometry":{"type":"Polygon","coordinates":[[[-42.4616,-22.4182],[-42.4518,-22.4203],[-42.4527,-22.4245],[-42.4663,-22.42],[-42.4622,-22.4182],[-42.4616,-22.4182]]]}},{"type":"Feature","properties":{"cod_tema":"ARL_PROPOSTA","cod_imovel":"RJ-3303401-36276097833D4607A1484F96BFFEB4A5","num_area":"4.8448000000000000000000000000000","ind_status":"AT"},"geometry":{"type":"Polygon","coordinates":[[[-42.4021,-22.3099],[-42.4024,-22.3061],[-42.4017,-22.3097],[-42.4021,-22.3099]]]}},{"type":"Feature","properties":{"cod_tema":"ARL_PROPOSTA","cod_imovel":"RJ-3303401-3687EB0E0BFB4ADA96865FC17CB0B3CF","num_area":"8.9011000000000000000000000000000","ind_status":"AT"},"geometry":{"type":"Polygon","coordinates":[[[-42.6831,-22.2596],[-42.6831,-22.2565],[-42.6762,-22.2589],[-42.6824,-22.2577],[-42.6829,-22.26],[-42.6831,-22.2596]]]}},{"type":"Feature","properties":{"cod_tema":"ARL_PROPOSTA","cod_imovel":"RJ-3303401-373A733343024963B271BC76538C8143","num_area":"15.386700000000000000000000000000","ind_status":"AT"},"geometry":{"type":"Polygon","coordinates":[[[-42.4261,-22.3479],[-42.4323,-22.3479],[-42.4316,-22.3459],[-42.4261,-22.3479],[-42.4261,-22.3479]]]}},{"type":"Feature","properties":{"cod_tema":"ARL_PROPOSTA","cod_imovel":"RJ-3303401-373BD3113F3446AA909DC84868E7CD01","num_area":"2.3560000000000000000000000000000","ind_status":"AT"},"geometry":{"type":"Polygon","coordinates":[[[-42.4419,-22.3395],[-42.4403,-22.3411],[-42.442,-22.3396],[-42.4419,-22.3395]]]}},{"type":"Feature","properties":{"cod_tema":"ARL_PROPOSTA","cod_imovel":"RJ-3303401-379E31F310A142A4BDD62AE436BA6F87","num_area":"4.3420000000000000000000000000000","ind_status":"AT"},"geometry":{"type":"Polygon","coordinates":[[[-42.2728,-22.2979],[-42.277,-22.2988],[-42.273,-22.2979],[-42.2728,-22.2979]]]}},{"type":"Feature","properties":{"cod_tema":"ARL_PROPOSTA","cod_imovel":"RJ-3303401-37B88413B4414AEC893B0F09553B182C","num_area":"6.4117000000000000000000000000000","ind_status":"AT"},"geometry":{"type":"Polygon","coordinates":[[[-42.6366,-22.3229],[-42.6362,-22.3259],[-42.6381,-22.3247],[-42.6366,-22.3229]],[[-42.6412,-22.3211],[-42.639,-22.3217],[-42.6411,-22.3213],[-42.6412,-22.3211]]]}},{"type":"Feature","properties":{"cod_tema":"ARL_PROPOSTA","cod_imovel":"RJ-3303401-38430D68B0D7435192C3209B8FA37EEF","num_area":"5.6778000000000000000000000000000","ind_status":"AT"},"geometry":{"type":"Polygon","coordinates":[[[-42.3206,-22.3214],[-42.3204,-22.3263],[-42.3199,-22.3213],[-42.3206,-22.3214]]]}},{"type":"Feature","properties":{"cod_tema":"ARL_PROPOSTA","cod_imovel":"RJ-3303401-388A8ECEC3524F99B468545269F53B9F","num_area":"2.1288000000000000000000000000000","ind_status":"AT"},"geometry":{"type":"Polygon","coordinates":[[[-42.6508,-22.307],[-42.6492,-22.3084],[-42.6508,-22.3072],[-42.6508,-22.307]]]}},{"type":"Feature","properties":{"cod_tema":"ARL_PROPOSTA","cod_imovel":"RJ-3303401-38833989F0EB40C6BF8E42208954B379","num_area":"3.7352000000000000000000000000000","ind_status":"AT"},"geometry":{"type":"Polygon","coordinates":[[[-42.6456,-22.3234],[-42.6459,-22.3257],[-42.6465,-22.3233],[-42.6456,-22.3234]]]}},{"type":"Feature","properties":{"cod_tema":"ARL_PROPOSTA","cod_imovel":"RJ-3303401-3894CD6F26B3416CBF4ECAEF686678A9","num_area":"2.9359000000000000000000000000000","ind_status":"AT"},"geometry":{"type":"Polygon","coordinates":[[[-42.4062,-22.3511],[-42.4091,-22.3489],[-42.4056,-22.3505],[-42.4062,-22.3511]]]}},{"type":"Feature","properties":{"cod_tema":"ARL_PROPOSTA","cod_imovel":"RJ-3303401-39316933E14847BD8F519C9E2092DDEC","num_area":"3.3669000000000000000000000000000","ind_status":"AT"},"geometry":{"type":"Polygon","coordinates":[[[-42.3709,-22.2955],[-42.3729,-22.297],[-42.3716,-22.2949],[-42.3709,-22.2955]]]}},{"type":"Feature","properties":{"cod_tema":"ARL_PROPOSTA","cod_imovel":"RJ-3303401-3A7BF31B9A914BD194D966FF6D6F583D","num_area":"38.033200000000000000000000000000","ind_status":"AT"},"geometry":{"type":"Polygon","coordinates":[[[-42.354,-22.3794],[-42.3555,-22.3817],[-42.3543,-22.3789],[-42.354,-22.3794]],[[-42.3613,-22.3789],[-42.3551,-22.3778],[-42.3611,-22.3792],[-42.3613,-22.3789]],[[-42.3636,-22.3818],[-42.3622,-22.3801],[-42.3585,-22.3836],[-42.3637,-22.3819],[-42.3636,-22.3818]],[[-42.3656,-22.3822],[-42.3634,-22.3805],[-42.3611,-22.3848],[-42.3654,-22.3825],[-42.3656,-22.3822]]]}},{"type":"Feature","properties":{"cod_tema":"ARL_PROPOSTA","cod_imovel":"RJ-3303401-3B44AAB5F333482E9CC84EA7302698E5","num_area":"3.5007000000000000000000000000000","ind_status":"AT"},"geometry":{"type":"Polygon","coordinates":[[[-42.2695,-22.3111],[-42.2683,-22.3128],[-42.2697,-22.311],[-42.2695,-22.3111]]]}},{"type":"Feature","properties":{"cod_tema":"ARL_PROPOSTA","cod_imovel":"RJ-3303401-3B15DD02958E408F9C7341F9CC63E9CC","num_area":"6.7074000000000000000000000000000","ind_status":"AT"},"geometry":{"type":"Polygon","coordinates":[[[-42.4018,-22.2818],[-42.3986,-22.2813],[-42.4018,-22.2818],[-42.4018,-22.2818]]]}},{"type":"Feature","properties":{"cod_tema":"ARL_PROPOSTA","cod_imovel":"RJ-3303401-3B97B5D09F8B4197A7B796C716C37878","num_area":"11.337700000000000000000000000000","ind_status":"AT"},"geometry":{"type":"Polygon","coordinates":[[[-42.5859,-22.2102],[-42.5838,-22.2084],[-42.5777,-22.2112],[-42.5859,-22.2107],[-42.5859,-22.2102]]]}},{"type":"Feature","properties":{"cod_tema":"ARL_PROPOSTA","cod_imovel":"RJ-3303401-3C210016E6A4414FADC86D380A388530","num_area":"5.1415000000000000000000000000000","ind_status":"AT"},"geometry":{"type":"Polygon","coordinates":[[[-42.6612,-22.2643],[-42.6641,-22.2654],[-42.6622,-22.2632],[-42.6612,-22.2643]]]}},{"type":"Feature","properties":{"cod_tema":"ARL_PROPOSTA","cod_imovel":"RJ-3303401-3CD371B7D8954E8887F13D3741E22E2C","num_area":"12.754800000000000000000000000000","ind_status":"AT"},"geometry":{"type":"Polygon","coordinates":[[[-42.4001,-22.3174],[-42.3977,-22.315],[-42.3965,-22.3193],[-42.3993,-22.3174],[-42.4001,-22.3174]]]}},{"type":"Feature","properties":{"cod_tema":"ARL_PROPOSTA","cod_imovel":"RJ-3303401-3F8B7F3F4BE74DBA962C2CCF9CC7CEBE","num_area":"3.0211000000000000000000000000000","ind_status":"AT"},"geometry":{"type":"Polygon","coordinates":[[[-42.4785,-22.3185],[-42.4748,-22.3244],[-42.4784,-22.3186],[-42.4785,-22.3185]]]}},{"type":"Feature","properties":{"cod_tema":"ARL_PROPOSTA","cod_imovel":"RJ-3303401-3D761ADFD6C04997862934B13A1772A4","num_area":"1.2072000000000000000000000000000","ind_status":"AT"},"geometry":{"type":"Polygon","coordinates":[[[-42.3713,-22.3539],[-42.3732,-22.3528],[-42.3713,-22.3536],[-42.3713,-22.3539]]]}},{"type":"Feature","properties":{"cod_tema":"ARL_PROPOSTA","cod_imovel":"RJ-3303401-3DB9736807F74F288D04E8DCE3B400D6","num_area":"19.475100000000000000000000000000","ind_status":"AT"},"geometry":{"type":"Polygon","coordinates":[[[-42.4461,-22.2851],[-42.4412,-22.284],[-42.4488,-22.2887],[-42.4462,-22.2851],[-42.4461,-22.2851]]]}},{"type":"Feature","properties":{"cod_tema":"ARL_PROPOSTA","cod_imovel":"RJ-3303401-3DCBBCF4EBE644E4A02B121A4F797846","num_area":"2.9064000000000000000000000000000","ind_status":"AT"},"geometry":{"type":"Polygon","coordinates":[[[-42.5572,-22.1895],[-42.5574,-22.1929],[-42.5573,-22.1894],[-42.5572,-22.1895]]]}},{"type":"Feature","properties":{"cod_tema":"ARL_PROPOSTA","cod_imovel":"RJ-3303401-3E01F78D224C42188CEA510C29067619","num_area":"10.031200000000000000000000000000","ind_status":"AT"},"geometry":{"type":"Polygon","coordinates":[[[-42.3849,-22.3071],[-42.3866,-22.3107],[-42.385,-22.307],[-42.3849,-22.3071]],[[-42.3873,-22.3045],[-42.385,-22.3028],[-42.3849,-22.3055],[-42.3871,-22.3043],[-42.3873,-22.3045]]]}},{"type":"Feature","properties":{"cod_tema":"ARL_PROPOSTA","cod_imovel":"RJ-3303401-3E5F9C836A294581A08C8C554CBD1A69","num_area":"3.7462000000000000000000000000000","ind_status":"AT"},"geometry":{"type":"Polygon","coordinates":[[[-42.3633,-22.3961],[-42.3595,-22.3962],[-42.3627,-22.3965],[-42.3633,-22.3961]]]}},{"type":"Feature","properties":{"cod_tema":"ARL_PROPOSTA","cod_imovel":"RJ-3303401-3E486B5B39B14D3E91036AD20488C0A4","num_area":"2.9311000000000000000000000000000","ind_status":"AT"},"geometry":{"type":"Polygon","coordinates":[[[-42.5561,-22.1752],[-42.5545,-22.1773],[-42.5567,-22.1758],[-42.5561,-22.1752]]]}},{"type":"Feature","properties":{"cod_tema":"ARL_PROPOSTA","cod_imovel":"RJ-3303401-3EDEAEA90FE7407D9B311EAE5E723154","num_area":"2.7227000000000000000000000000000","ind_status":"AT"},"geometry":{"type":"Polygon","coordinates":[[[-42.4779,-22.3859],[-42.4795,-22.3883],[-42.4788,-22.386],[-42.4779,-22.3859]]]}},{"type":"Feature","properties":{"cod_tema":"ARL_PROPOSTA","cod_imovel":"RJ-3303401-3F951137F33649ADBA9339C31AE3470A","num_area":"1.9446000000000000000000000000000","ind_status":"AT"},"geometry":{"type":"Polygon","coordinates":[[[-42.3925,-22.3074],[-42.3943,-22.3061],[-42.3924,-22.3073],[-42.3925,-22.3074]]]}},{"type":"Feature","properties":{"cod_tema":"ARL_PROPOSTA","cod_imovel":"RJ-3303401-3FDBCBDC9E754B6D80A5B8CD08A13DD7","num_area":"4.3072000000000000000000000000000","ind_status":"AT"},"geometry":{"type":"Polygon","coordinates":[[[-42.6435,-22.2738],[-42.6423,-22.2769],[-42.6444,-22.2737],[-42.6435,-22.2738]]]}},{"type":"Feature","properties":{"cod_tema":"ARL_PROPOSTA","cod_imovel":"RJ-3303401-4055BC2626A3465AAE886B5F804661E3","num_area":"5.8677000000000000000000000000000","ind_status":"AT"},"geometry":{"type":"Polygon","coordinates":[[[-42.4474,-22.3179],[-42.4507,-22.3205],[-42.4475,-22.318],[-42.4474,-22.3179]]]}},{"type":"Feature","properties":{"cod_tema":"ARL_PROPOSTA","cod_imovel":"RJ-3303401-40A69DC4ED1B4E14B3FF512ADB32B463","num_area":"5.6798000000000000000000000000000","ind_status":"AT"},"geometry":{"type":"Polygon","coordinates":[[[-42.454,-22.3039],[-42.4543,-22.3013],[-42.452,-22.3033],[-42.454,-22.3039]]]}},{"type":"Feature","properties":{"cod_tema":"ARL_PROPOSTA","cod_imovel":"RJ-3303401-419C0A429B64488585C57158E892BB34","num_area":"2.5283000000000000000000000000000","ind_status":"AT"},"geometry":{"type":"Polygon","coordinates":[[[-42.6616,-22.2473],[-42.664,-22.2474],[-42.6617,-22.2473],[-42.6616,-22.2473]]]}},{"type":"Feature","properties":{"cod_tema":"ARL_PROPOSTA","cod_imovel":"RJ-3303401-41F4D0EF5F5C4F2AB26826A9F1D8B0B7","num_area":"2.0250000000000000000000000000000","ind_status":"AT"},"geometry":{"type":"Polygon","coordinates":[[[-42.4674,-22.2381],[-42.4663,-22.2361],[-42.4677,-22.2386],[-42.4674,-22.2381]]]}},{"type":"Feature","properties":{"cod_tema":"ARL_PROPOSTA","cod_imovel":"RJ-3303401-43D2B48BC9384AC4B1A22B46022C468B","num_area":"18.943100000000000000000000000000","ind_status":"AT"},"geometry":{"type":"Polygon","coordinates":[[[-42.4823,-22.4072],[-42.4849,-22.4027],[-42.4788,-22.4078],[-42.4817,-22.4068],[-42.4823,-22.4072]],[[-42.4764,-22.4045],[-42.4744,-22.4054],[-42.4816,-22.4044],[-42.483,-22.4014],[-42.4771,-22.4042],[-42.4764,-22.4045]]]}},{"type":"Feature","properties":{"cod_tema":"ARL_PROPOSTA","cod_imovel":"RJ-3303401-443E3CA53C944F2EA1ED69221D274297","num_area":"35.999300000000000000000000000000","ind_status":"AT"},"geometry":{"type":"Polygon","coordinates":[[[-42.6495,-22.3902],[-42.6455,-22.391],[-42.6462,-22.3934],[-42.6501,-22.3911],[-42.6495,-22.3902]],[[-42.6474,-22.3893],[-42.644,-22.3878],[-42.6414,-22.3915],[-42.6466,-22.394],[-42.6455,-22.391],[-42.6474,-22.3893]]]}},{"type":"Feature","properties":{"cod_tema":"ARL_PROPOSTA","cod_imovel":"RJ-3303401-4486E3C8C09A43A391F8EC52B369CA3D","num_area":"1.1725000000000000000000000000000","ind_status":"AT"},"geometry":{"type":"Polygon","coordinates":[[[-42.3547,-22.3116],[-42.3556,-22.3093],[-42.3544,-22.3115],[-42.3547,-22.3116]]]}},{"type":"Feature","properties":{"cod_tema":"ARL_PROPOSTA","cod_imovel":"RJ-3303401-448B3AF21F304517B8681D5DACEB6DDA","num_area":"17.528200000000000000000000000000","ind_status":"AT"},"geometry":{"type":"Polygon","coordinates":[[[-42.6209,-22.3162],[-42.6186,-22.3146],[-42.6189,-22.3201],[-42.6227,-22.3192],[-42.621,-22.3163],[-42.6209,-22.3162]]]}},{"type":"Feature","properties":{"cod_tema":"ARL_PROPOSTA","cod_imovel":"RJ-3303401-459787171C8F4704B7CD83771C7CB0C2","num_area":"10.483800000000000000000000000000","ind_status":"AT"},"geometry":{"type":"Polygon","coordinates":[[[-42.399,-22.3198],[-42.3991,-22.323],[-42.4016,-22.3224],[-42.399,-22.3197],[-42.399,-22.3198]]]}},{"type":"Feature","properties":{"cod_tema":"ARL_PROPOSTA","cod_imovel":"RJ-3303401-461A148AF7234E349902076267DE6B6D","num_area":"5.5232000000000000000000000000000","ind_status":"AT"},"geometry":{"type":"Polygon","coordinates":[[[-42.4061,-22.3122],[-42.4071,-22.315],[-42.4064,-22.3121],[-42.4061,-22.3122]],[[-42.4085,-22.3162],[-42.4074,-22.3114],[-42.409,-22.3158],[-42.4085,-22.3162]]]}},{"type":"Feature","properties":{"cod_tema":"ARL_PROPOSTA","cod_imovel":"RJ-3303401-457639BB909644CEB8BD8B4B13C3671A","num_area":"1.1618000000000000000000000000000","ind_status":"AT"},"geometry":{"type":"Polygon","coordinates":[[[-42.4301,-22.4207],[-42.4276,-22.4214],[-42.4298,-22.4213],[-42.4301,-22.4207]]]}},{"type":"Feature","properties":{"cod_tema":"ARL_PROPOSTA","cod_imovel":"RJ-3303401-465EA8064AE0456682D6AA2246C25C41","num_area":"3.5795000000000000000000000000000","ind_status":"AT"},"geometry":{"type":"Polygon","coordinates":[[[-42.6553,-22.2452],[-42.6598,-22.2446],[-42.6557,-22.2449],[-42.6553,-22.2452]]]}},{"type":"Feature","properties":{"cod_tema":"ARL_PROPOSTA","cod_imovel":"RJ-3303401-48B20052394246F4B7D9B8791BF90567","num_area":"6.6982000000000000000000000000000","ind_status":"AT"},"geometry":{"type":"Polygon","coordinates":[[[-42.6582,-22.3478],[-42.6557,-22.3461],[-42.6576,-22.3488],[-42.6582,-22.3478]]]}},{"type":"Feature","properties":{"cod_tema":"ARL_PROPOSTA","cod_imovel":"RJ-3303401-4A9145D2765D432B9F38A39C7F438727","num_area":"23.980800000000000000000000000000","ind_status":"AT"},"geometry":{"type":"Polygon","coordinates":[[[-42.619,-22.1996],[-42.6134,-22.2026],[-42.6187,-22.2054],[-42.62,-22.2034],[-42.6162,-22.2005],[-42.6201,-22.2033],[-42.6194,-22.2],[-42.619,-22.1996]]]}},{"type":"Feature","properties":{"cod_tema":"ARL_PROPOSTA","cod_imovel":"RJ-3303401-4A583E5C3EBC4586B01D9C750F16BB7A","num_area":"2.8053000000000000000000000000000","ind_status":"AT"},"geometry":{"type":"Polygon","coordinates":[[[-42.3977,-22.2997],[-42.395,-22.3009],[-42.3977,-22.2997],[-42.3977,-22.2997]]]}},{"type":"Feature","properties":{"cod_tema":"ARL_PROPOSTA","cod_imovel":"RJ-3303401-4BB27A980B734634AF1A3C9F7C8344B2","num_area":"4.4076000000000000000000000000000","ind_status":"PE"},"geometry":{"type":"Polygon","coordinates":[[[-42.3028,-22.316],[-42.2995,-22.3153],[-42.3027,-22.3163],[-42.3028,-22.316]]]}},{"type":"Feature","properties":{"cod_tema":"ARL_PROPOSTA","cod_imovel":"RJ-3303401-4AF110514FDD4CDD9DEC624B160DD83D","num_area":"20.940500000000000000000000000000","ind_status":"AT"},"geometry":{"type":"Polygon","coordinates":[[[-42.7116,-22.2838],[-42.7091,-22.2843],[-42.7116,-22.2838],[-42.7116,-22.2838]],[[-42.7045,-22.2799],[-42.7038,-22.2845],[-42.709,-22.2807],[-42.7048,-22.2799],[-42.7045,-22.2799]]]}},{"type":"Feature","properties":{"cod_tema":"ARL_PROPOSTA","cod_imovel":"RJ-3303401-4C62FD4D6C7543CDB25E8E28F310BCC7","num_area":"2.5012000000000000000000000000000","ind_status":"AT"},"geometry":{"type":"Polygon","coordinates":[[[-42.3386,-22.3522],[-42.3415,-22.3511],[-42.3386,-22.3519],[-42.3386,-22.3522]]]}},{"type":"Feature","properties":{"cod_tema":"ARL_PROPOSTA","cod_imovel":"RJ-3303401-4E96E95ACA034CB3973D9D2AC8933EEF","num_area":"1.0041000000000000000000000000000","ind_status":"AT"},"geometry":{"type":"Polygon","coordinates":[[[-42.6106,-22.2813],[-42.6133,-22.2808],[-42.6107,-22.2813],[-42.6106,-22.2813]]]}},{"type":"Feature","properties":{"cod_tema":"ARL_PROPOSTA","cod_imovel":"RJ-3303401-4FC070DAD14F4B4DB5E59A03651F7155","num_area":"6.5678000000000000000000000000000","ind_status":"AT"},"geometry":{"type":"Polygon","coordinates":[[[-42.572,-22.3334],[-42.5703,-22.3308],[-42.5719,-22.3337],[-42.572,-22.3334]]]}},{"type":"Feature","properties":{"cod_tema":"ARL_PROPOSTA","cod_imovel":"RJ-3303401-4F736CDF690849AC8A81F77C011DA392","num_area":"2.1264000000000000000000000000000","ind_status":"AT"},"geometry":{"type":"Polygon","coordinates":[[[-42.3702,-22.2947],[-42.3723,-22.2947],[-42.3702,-22.2947],[-42.3702,-22.2947]]]}},{"type":"Feature","properties":{"cod_tema":"ARL_PROPOSTA","cod_imovel":"RJ-3303401-4F8E3CE17136440EA2AAF01B37CE9E67","num_area":"2.3008000000000000000000000000000","ind_status":"AT"},"geometry":{"type":"Polygon","coordinates":[[[-42.4693,-22.246],[-42.4706,-22.2443],[-42.4686,-22.2464],[-42.4693,-22.246]]]}},{"type":"Feature","properties":{"cod_tema":"ARL_PROPOSTA","cod_imovel":"RJ-3303401-4F83B03DB0F14BC4949F75858B7EB5D4","num_area":"2.2328000000000000000000000000000","ind_status":"AT"},"geometry":{"type":"Polygon","coordinates":[[[-42.7148,-22.3358],[-42.7169,-22.3362],[-42.7149,-22.3357],[-42.7148,-22.3358]]]}},{"type":"Feature","properties":{"cod_tema":"ARL_PROPOSTA","cod_imovel":"RJ-3303401-4FCBB53114004E9A849858EB1C1FBA2E","num_area":"2.9742000000000000000000000000000","ind_status":"AT"},"geometry":{"type":"Polygon","coordinates":[[[-42.6473,-22.2169],[-42.6463,-22.2199],[-42.6467,-22.2179],[-42.6473,-22.2169]]]}},{"type":"Feature","properties":{"cod_tema":"ARL_PROPOSTA","cod_imovel":"RJ-3303401-5030EE23130048F9B044A4F979322B82","num_area":"2.9203000000000000000000000000000","ind_status":"AT"},"geometry":{"type":"Polygon","coordinates":[[[-42.6058,-22.2577],[-42.6052,-22.2605],[-42.6063,-22.2583],[-42.6058,-22.2577]]]}},{"type":"Feature","properties":{"cod_tema":"ARL_PROPOSTA","cod_imovel":"RJ-3303401-51304FA559994760BC7F0E09A725582C","num_area":"8.7950000000000000000000000000000","ind_status":"AT"},"geometry":{"type":"Polygon","coordinates":[[[-42.3098,-22.3144],[-42.3086,-22.3167],[-42.3137,-22.3145],[-42.3099,-22.3142],[-42.3098,-22.3144]]]}},{"type":"Feature","properties":{"cod_tema":"ARL_PROPOSTA","cod_imovel":"RJ-3303401-5145E74EBC1E454BB9FD22AFC894194D","num_area":"5.7240000000000000000000000000000","ind_status":"AT"},"geometry":{"type":"Polygon","coordinates":[[[-42.288,-22.3893],[-42.282,-22.3861],[-42.2857,-22.3877],[-42.288,-22.3893]]]}},{"type":"Feature","properties":{"cod_tema":"ARL_PROPOSTA","cod_imovel":"RJ-3303401-523A45E9269D430F849533645AB740BE","num_area":"2.1938000000000000000000000000000","ind_status":"AT"},"geometry":{"type":"Polygon","coordinates":[[[-42.3965,-22.2937],[-42.3941,-22.2923],[-42.3966,-22.2939],[-42.3965,-22.2937]]]}},{"type":"Feature","properties":{"cod_tema":"ARL_PROPOSTA","cod_imovel":"RJ-3303401-5240893FEF284919A960570CE24482C1","num_area":"11.734300000000000000000000000000","ind_status":"AT"},"geometry":{"type":"Polygon","coordinates":[[[-42.56,-22.2047],[-42.5602,-22.207],[-42.5645,-22.2052],[-42.5603,-22.2045],[-42.56,-22.2047]]]}},{"type":"Feature","properties":{"cod_tema":"ARL_PROPOSTA","cod_imovel":"RJ-3303401-528E25B80A0944ED989F37BBF88C321A","num_area":"7.9062000000000000000000000000000","ind_status":"AT"},"geometry":{"type":"Polygon","coordinates":[[[-42.4069,-22.4158],[-42.4121,-22.4177],[-42.4088,-22.4152],[-42.4069,-22.4158]]]}},{"type":"Feature","properties":{"cod_tema":"ARL_PROPOSTA","cod_imovel":"RJ-3303401-52C6D7870663468B8B9744F8BE51AB51","num_area":"5.0125000000000000000000000000000","ind_status":"AT"},"geometry":{"type":"Polygon","coordinates":[[[-42.3184,-22.4074],[-42.3168,-22.4099],[-42.3192,-22.4074],[-42.3184,-22.4074]]]}},{"type":"Feature","properties":{"cod_tema":"ARL_PROPOSTA","cod_imovel":"RJ-3303401-5327C56797764ABD955015BBC20703F2","num_area":"3.6217000000000000000000000000000","ind_status":"AT"},"geometry":{"type":"Polygon","coordinates":[[[-42.632,-22.2462],[-42.6302,-22.2494],[-42.6312,-22.247],[-42.632,-22.2462]]]}},{"type":"Feature","properties":{"cod_tema":"ARL_PROPOSTA","cod_imovel":"RJ-3303401-532C0FD92CDD487286E52175DE978349","num_area":"3.5320000000000000000000000000000","ind_status":"AT"},"geometry":{"type":"Polygon","coordinates":[[[-42.5957,-22.2671],[-42.593,-22.2699],[-42.596,-22.2672],[-42.5957,-22.2671]]]}},{"type":"Feature","properties":{"cod_tema":"ARL_PROPOSTA","cod_imovel":"RJ-3303401-539158D12D004A50A933F5E5F0654C5E","num_area":"19.115300000000000000000000000000","ind_status":"AT"},"geometry":{"type":"Polygon","coordinates":[[[-42.595,-22.2307],[-42.5926,-22.2316],[-42.5952,-22.2346],[-42.595,-22.231],[-42.595,-22.2307]],[[-42.597,-22.2347],[-42.5981,-22.2365],[-42.5998,-22.2336],[-42.5973,-22.2346],[-42.597,-22.2347]]]}},{"type":"Feature","properties":{"cod_tema":"ARL_PROPOSTA","cod_imovel":"RJ-3303401-53A45767748E46CEBB3ACB1022E8DB70","num_area":"15.847700000000000000000000000000","ind_status":"AT"},"geometry":{"type":"Polygon","coordinates":[[[-42.3303,-22.3904],[-42.3242,-22.3882],[-42.3265,-22.3919],[-42.3303,-22.3904]]]}},{"type":"Feature","properties":{"cod_tema":"ARL_PROPOSTA","cod_imovel":"RJ-3303401-53ADE09BE3EF41A3BDAC65C959BDEE46","num_area":"4.6288000000000000000000000000000","ind_status":"AT"},"geometry":{"type":"Polygon","coordinates":[[[-42.4082,-22.2934],[-42.4054,-22.2911],[-42.4079,-22.2934],[-42.4082,-22.2934]]]}},{"type":"Feature","properties":{"cod_tema":"ARL_PROPOSTA","cod_imovel":"RJ-3303401-5520B6B7D67E4893BA17BDD649AA46F3","num_area":"3.3048000000000000000000000000000","ind_status":"AT"},"geometry":{"type":"Polygon","coordinates":[[[-42.6444,-22.3506],[-42.6416,-22.3484],[-42.6447,-22.3507],[-42.6444,-22.3506]]]}},{"type":"Feature","properties":{"cod_tema":"ARL_PROPOSTA","cod_imovel":"RJ-3303401-5595365C87B643F9A97D245FCF1E3EBA","num_area":"4.1464000000000000000000000000000","ind_status":"AT"},"geometry":{"type":"Polygon","coordinates":[[[-42.3874,-22.3178],[-42.3836,-22.3159],[-42.3865,-22.3175],[-42.3874,-22.3178]]]}},{"type":"Feature","properties":{"cod_tema":"ARL_PROPOSTA","cod_imovel":"RJ-3303401-572B43B64CE045D9BE4E05073950CD34","num_area":"2.9817000000000000000000000000000","ind_status":"AT"},"geometry":{"type":"Polygon","coordinates":[[[-42.659,-22.3303],[-42.6619,-22.3297],[-42.6591,-22.33],[-42.659,-22.3303]]]}},{"type":"Feature","properties":{"cod_tema":"ARL_PROPOSTA","cod_imovel":"RJ-3303401-573DC32336964BE391A65FD147BA9C7D","num_area":"42.115300000000000000000000000000","ind_status":"PE"},"geometry":{"type":"Polygon","coordinates":[[[-42.485,-22.2691],[-42.4776,-22.2689],[-42.4773,-22.2752],[-42.4849,-22.2715],[-42.485,-22.2691]],[[-42.4891,-22.2729],[-42.4879,-22.2765],[-42.489,-22.2729],[-42.4891,-22.2729]],[[-42.4879,-22.2765],[-42.4896,-22.2724],[-42.488,-22.2764],[-42.4879,-22.2765]],[[-42.4911,-22.2792],[-42.4903,-22.2832],[-42.4911,-22.2793],[-42.4911,-22.2792]],[[-42.4911,-22.2789],[-42.4874,-22.2767],[-42.4911,-22.2789],[-42.4911,-22.2789]],[[-42.4878,-22.2766],[-42.4895,-22.2806],[-42.4878,-22.2766],[-42.4878,-22.2766]]]}},{"type":"Feature","properties":{"cod_tema":"ARL_PROPOSTA","cod_imovel":"RJ-3303401-5854F9C99F5E4B06A3C726A54BB77180","num_area":"3.1937000000000000000000000000000","ind_status":"AT"},"geometry":{"type":"Polygon","coordinates":[[[-42.4495,-22.4069],[-42.4476,-22.4045],[-42.4484,-22.4071],[-42.4495,-22.4069]]]}},{"type":"Feature","properties":{"cod_tema":"ARL_PROPOSTA","cod_imovel":"RJ-3303401-59B44D262A4D456AB6C07B4E044E9868","num_area":"2.9077000000000000000000000000000","ind_status":"AT"},"geometry":{"type":"Polygon","coordinates":[[[-42.4692,-22.2609],[-42.4714,-22.2637],[-42.4699,-22.2611],[-42.4692,-22.2609]]]}},{"type":"Feature","properties":{"cod_tema":"ARL_PROPOSTA","cod_imovel":"RJ-3303401-5A111BA2C15248FEA7C2E39361A629A3","num_area":"4.0098000000000000000000000000000","ind_status":"AT"},"geometry":{"type":"Polygon","coordinates":[[[-42.4633,-22.2656],[-42.4666,-22.2693],[-42.4636,-22.2654],[-42.4633,-22.2656]]]}},{"type":"Feature","properties":{"cod_tema":"ARL_PROPOSTA","cod_imovel":"RJ-3303401-5AA74B8488814E64B049EB43050F368B","num_area":"8.3324000000000000000000000000000","ind_status":"AT"},"geometry":{"type":"Polygon","coordinates":[[[-42.6631,-22.2886],[-42.6679,-22.2864],[-42.6632,-22.2885],[-42.6631,-22.2886]]]}},{"type":"Feature","properties":{"cod_tema":"ARL_PROPOSTA","cod_imovel":"RJ-3303401-5ABC83525EFE46478D1BC79CAFE1E1A9","num_area":"4.6794000000000000000000000000000","ind_status":"AT"},"geometry":{"type":"Polygon","coordinates":[[[-42.5406,-22.3284],[-42.537,-22.3291],[-42.541,-22.3286],[-42.5406,-22.3284]]]}},{"type":"Feature","properties":{"cod_tema":"ARL_PROPOSTA","cod_imovel":"RJ-3303401-5B36E21D458647DC9703DDE39686D024","num_area":"5.1638000000000000000000000000000","ind_status":"AT"},"geometry":{"type":"Polygon","coordinates":[[[-42.5802,-22.2612],[-42.577,-22.2629],[-42.5805,-22.2614],[-42.5802,-22.2612]]]}},{"type":"Feature","properties":{"cod_tema":"ARL_PROPOSTA","cod_imovel":"RJ-3303401-5B3074F566BD4D04B697955AAC88CA19","num_area":"3.9999000000000000000000000000000","ind_status":"AT"},"geometry":{"type":"Polygon","coordinates":[[[-42.37,-22.2946],[-42.3665,-22.2939],[-42.3699,-22.2947],[-42.37,-22.2946]]]}},{"type":"Feature","properties":{"cod_tema":"ARL_PROPOSTA","cod_imovel":"RJ-3303401-5D4D2E955EEA4514AB0C3644CA99008F","num_area":"7.2850000000000000000000000000000","ind_status":"AT"},"geometry":{"type":"Polygon","coordinates":[[[-42.4321,-22.2949],[-42.4288,-22.2956],[-42.432,-22.295],[-42.4321,-22.2949]],[[-42.4319,-22.2951],[-42.4323,-22.2974],[-42.432,-22.2951],[-42.4319,-22.2951]],[[-42.4288,-22.2956],[-42.426,-22.2974],[-42.4288,-22.2957],[-42.4288,-22.2956]]]}},{"type":"Feature","properties":{"cod_tema":"ARL_PROPOSTA","cod_imovel":"RJ-3303401-60530344DC21481F939E58A6A769F1B1","num_area":"9.6193000000000000000000000000000","ind_status":"AT"},"geometry":{"type":"Polygon","coordinates":[[[-42.3529,-22.3371],[-42.356,-22.3387],[-42.3579,-22.3357],[-42.3535,-22.3359],[-42.3529,-22.3371]]]}},{"type":"Feature","properties":{"cod_tema":"ARL_PROPOSTA","cod_imovel":"RJ-3303401-5DA9B5A93590413481360D7F098636D7","num_area":"1.6569000000000000000000000000000","ind_status":"AT"},"geometry":{"type":"Polygon","coordinates":[[[-42.4686,-22.3331],[-42.4679,-22.331],[-42.4679,-22.3331],[-42.4686,-22.3331]]]}},{"type":"Feature","properties":{"cod_tema":"ARL_PROPOSTA","cod_imovel":"RJ-3303401-5DBFAF19E98A416AA3F08BA3CB2A3971","num_area":"11.458700000000000000000000000000","ind_status":"AT"},"geometry":{"type":"Polygon","coordinates":[[[-42.4147,-22.2925],[-42.4123,-22.2894],[-42.4141,-22.2944],[-42.4181,-22.2951],[-42.4163,-22.2926],[-42.4147,-22.2925]]]}},{"type":"Feature","properties":{"cod_tema":"ARL_PROPOSTA","cod_imovel":"RJ-3303401-5DC9122A99E54DE6AF72E144E109A9A2","num_area":"8.3138000000000000000000000000000","ind_status":"AT"},"geometry":{"type":"Polygon","coordinates":[[[-42.5182,-22.3608],[-42.5143,-22.3659],[-42.5189,-22.36],[-42.5182,-22.3608]]]}},{"type":"Feature","properties":{"cod_tema":"ARL_PROPOSTA","cod_imovel":"RJ-3303401-5DEC603B840342DEA53D56C5FBFEC908","num_area":"12.303500000000000000000000000000","ind_status":"AT"},"geometry":{"type":"Polygon","coordinates":[[[-42.4984,-22.1857],[-42.497,-22.1914],[-42.4984,-22.1857],[-42.4984,-22.1857]]]}},{"type":"Feature","properties":{"cod_tema":"ARL_PROPOSTA","cod_imovel":"RJ-3303401-5E439A3D4CC741FEB1534957A0E54496","num_area":"22.223700000000000000000000000000","ind_status":"AT"},"geometry":{"type":"Polygon","coordinates":[[[-42.5459,-22.1545],[-42.5332,-22.157],[-42.534,-22.1645],[-42.5343,-22.1578],[-42.5451,-22.1535],[-42.5435,-22.1598],[-42.5454,-22.1549],[-42.5459,-22.1545]],[[-42.5385,-22.1596],[-42.5385,-22.1575],[-42.5412,-22.1633],[-42.5387,-22.1573],[-42.5384,-22.1594],[-42.5385,-22.1596]],[[-42.5391,-22.1604],[-42.5411,-22.1634],[-42.5391,-22.1604],[-42.5391,-22.1604]]]}},{"type":"Feature","properties":{"cod_tema":"ARL_PROPOSTA","cod_imovel":"RJ-3303401-5E479A85B0E544708EFD22EB82F01301","num_area":"6.4912000000000000000000000000000","ind_status":"AT"},"geometry":{"type":"Polygon","coordinates":[[[-42.5825,-22.3259],[-42.5845,-22.3279],[-42.5811,-22.3247],[-42.5825,-22.3259]]]}},{"type":"Feature","properties":{"cod_tema":"ARL_PROPOSTA","cod_imovel":"RJ-3303401-61AD069E810149369E9C2390FFF89FB6","num_area":"4.8206000000000000000000000000000","ind_status":"AT"},"geometry":{"type":"Polygon","coordinates":[[[-42.3752,-22.3468],[-42.3728,-22.3477],[-42.3745,-22.35],[-42.3753,-22.3467],[-42.3752,-22.3468]]]}},{"type":"Feature","properties":{"cod_tema":"ARL_PROPOSTA","cod_imovel":"RJ-3303401-65EB66C0F6E449C5B6097570FEE3ABAA","num_area":"2.0708000000000000000000000000000","ind_status":"AT"},"geometry":{"type":"Polygon","coordinates":[[[-42.6474,-22.2336],[-42.6454,-22.2327],[-42.6474,-22.2334],[-42.6474,-22.2336]]]}},{"type":"Feature","properties":{"cod_tema":"ARL_PROPOSTA","cod_imovel":"RJ-3303401-665F7DAF06CC462593CAC003953F8AA1","num_area":"7.3763000000000000000000000000000","ind_status":"AT"},"geometry":{"type":"Polygon","coordinates":[[[-42.4341,-22.2519],[-42.4292,-22.2528],[-42.4346,-22.2519],[-42.4341,-22.2519]]]}},{"type":"Feature","properties":{"cod_tema":"ARL_PROPOSTA","cod_imovel":"RJ-3303401-6762A70812124DCBACB80594B8F3C185","num_area":"22.847900000000000000000000000000","ind_status":"AT"},"geometry":{"type":"Polygon","coordinates":[[[-42.437,-22.2921],[-42.438,-22.2941],[-42.4406,-22.2907],[-42.4374,-22.2919],[-42.437,-22.2921]],[[-42.4327,-22.2958],[-42.4329,-22.2982],[-42.4376,-22.2929],[-42.4327,-22.2955],[-42.4327,-22.2958]]]}},{"type":"Feature","properties":{"cod_tema":"ARL_PROPOSTA","cod_imovel":"RJ-3303401-6799BD52143C46BAAC74188C27A1F554","num_area":"10.495500000000000000000000000000","ind_status":"AT"},"geometry":{"type":"Polygon","coordinates":[[[-42.4439,-22.2532],[-42.4475,-22.2519],[-42.4412,-22.2512],[-42.4432,-22.2528],[-42.4439,-22.2532]]]}},{"type":"Feature","properties":{"cod_tema":"ARL_PROPOSTA","cod_imovel":"RJ-3303401-69C3BA59E98341F98EC5264440EAEAAB","num_area":"1.2827000000000000000000000000000","ind_status":"AT"},"geometry":{"type":"Polygon","coordinates":[[[-42.4723,-22.2306],[-42.4703,-22.231],[-42.4724,-22.2312],[-42.4723,-22.2306]]]}},{"type":"Feature","properties":{"cod_tema":"ARL_PROPOSTA","cod_imovel":"RJ-3303401-69DD9B096BFC4909A94D82996C9783EE","num_area":"1.1179000000000000000000000000000","ind_status":"AT"},"geometry":{"type":"Polygon","coordinates":[[[-42.3372,-22.4073],[-42.3357,-22.4052],[-42.3371,-22.4075],[-42.3372,-22.4073]]]}},{"type":"Feature","properties":{"cod_tema":"ARL_PROPOSTA","cod_imovel":"RJ-3303401-6BB80D71A3A047D6A39FEA2FB646A44B","num_area":"2.8701000000000000000000000000000","ind_status":"AT"},"geometry":{"type":"Polygon","coordinates":[[[-42.4559,-22.3641],[-42.4531,-22.3633],[-42.4547,-22.3657],[-42.4559,-22.3641]]]}},{"type":"Feature","properties":{"cod_tema":"ARL_PROPOSTA","cod_imovel":"RJ-3303401-6D09652D6751412FA756838EC9F96846","num_area":"7.7021000000000000000000000000000","ind_status":"AT"},"geometry":{"type":"Polygon","coordinates":[[[-42.502,-22.3415],[-42.5057,-22.3419],[-42.5048,-22.3387],[-42.502,-22.3415]]]}},{"type":"Feature","properties":{"cod_tema":"ARL_PROPOSTA","cod_imovel":"RJ-3303401-6D8B74DCB7A043B69454B775400AB9CE","num_area":"4.1395000000000000000000000000000","ind_status":"AT"},"geometry":{"type":"Polygon","coordinates":[[[-42.3644,-22.3322],[-42.3639,-22.3352],[-42.3668,-22.3349],[-42.3648,-22.3327],[-42.3644,-22.3322]]]}},{"type":"Feature","properties":{"cod_tema":"ARL_PROPOSTA","cod_imovel":"RJ-3303401-6DD3E30350544825B816364EBFD889C7","num_area":"28.075600000000000000000000000000","ind_status":"AT"},"geometry":{"type":"Polygon","coordinates":[[[-42.6179,-22.3597],[-42.6118,-22.3649],[-42.6189,-22.3648],[-42.6181,-22.3609],[-42.6136,-22.3639],[-42.6181,-22.3609],[-42.6179,-22.3597]]]}},{"type":"Feature","properties":{"cod_tema":"ARL_PROPOSTA","cod_imovel":"RJ-3303401-6E11778AD89B4E809FE1896833C07E41","num_area":"3.5563000000000000000000000000000","ind_status":"AT"},"geometry":{"type":"Polygon","coordinates":[[[-42.3265,-22.3175],[-42.3239,-22.3168],[-42.3265,-22.318],[-42.3265,-22.3175]]]}},{"type":"Feature","properties":{"cod_tema":"ARL_PROPOSTA","cod_imovel":"RJ-3303401-733360785B84413EB7DDB88EE9B141C8","num_area":"14.884700000000000000000000000000","ind_status":"AT"},"geometry":{"type":"Polygon","coordinates":[[[-42.3545,-22.3901],[-42.3535,-22.3947],[-42.3583,-22.3958],[-42.3547,-22.3902],[-42.3545,-22.3901]]]}},{"type":"Feature","properties":{"cod_tema":"ARL_PROPOSTA","cod_imovel":"RJ-3303401-6FF50EAB27EB492AA97841168541447D","num_area":"5.6245000000000000000000000000000","ind_status":"AT"},"geometry":{"type":"Polygon","coordinates":[[[-42.6589,-22.2166],[-42.6609,-22.22],[-42.6596,-22.217],[-42.6589,-22.2166]]]}},{"type":"Feature","properties":{"cod_tema":"ARL_PROPOSTA","cod_imovel":"RJ-3303401-7018BEF21BAD436AB7E1760DFFB6BED3","num_area":"2.2421000000000000000000000000000","ind_status":"AT"},"geometry":{"type":"Polygon","coordinates":[[[-42.4009,-22.3229],[-42.4037,-22.3213],[-42.4012,-22.3229],[-42.4009,-22.3229]]]}},{"type":"Feature","properties":{"cod_tema":"ARL_APROVADA_NAO_AVERBADA","cod_imovel":"RJ-3303401-702C50CFEAA14170AB876AB110EA9FEE","num_area":"4.1936000000000000000000000000000","ind_status":"AT"},"geometry":{"type":"Polygon","coordinates":[[[-42.4652,-22.3105],[-42.4641,-22.3081],[-42.4643,-22.3102],[-42.4652,-22.3105]]]}},{"type":"Feature","properties":{"cod_tema":"ARL_PROPOSTA","cod_imovel":"RJ-3303401-703B050B846E4465A9064822166309EF","num_area":"1.1481000000000000000000000000000","ind_status":"AT"},"geometry":{"type":"Polygon","coordinates":[[[-42.6345,-22.3096],[-42.636,-22.308],[-42.6346,-22.3096],[-42.6345,-22.3096]]]}},{"type":"Feature","properties":{"cod_tema":"ARL_PROPOSTA","cod_imovel":"RJ-3303401-7081FBE3F69547699975531ADBC2A22B","num_area":"51.373100000000000000000000000000","ind_status":"AT"},"geometry":{"type":"Polygon","coordinates":[[[-42.6409,-22.2911],[-42.6283,-22.2952],[-42.632,-22.3027],[-42.6355,-22.3024],[-42.6291,-22.2951],[-42.6336,-22.2977],[-42.6332,-22.2947],[-42.6409,-22.2949],[-42.6426,-22.2902],[-42.6409,-22.2911]]]}},{"type":"Feature","properties":{"cod_tema":"ARL_PROPOSTA","cod_imovel":"RJ-3303401-716A06E31D6F405C9E46C9C0F8AB95A4","num_area":"4.3604000000000000000000000000000","ind_status":"AT"},"geometry":{"type":"Polygon","coordinates":[[[-42.4286,-22.2889],[-42.4276,-22.2908],[-42.4303,-22.2896],[-42.4286,-22.2885],[-42.4286,-22.2889]]]}},{"type":"Feature","properties":{"cod_tema":"ARL_PROPOSTA","cod_imovel":"RJ-3303401-71CC2092377B47F0A670521FE862808B","num_area":"12.724200000000000000000000000000","ind_status":"AT"},"geometry":{"type":"Polygon","coordinates":[[[-42.2828,-22.283],[-42.2847,-22.2793],[-42.2809,-22.2798],[-42.2831,-22.2823],[-42.2803,-22.2809],[-42.2828,-22.283]]]}},{"type":"Feature","properties":{"cod_tema":"ARL_PROPOSTA","cod_imovel":"RJ-3303401-720E01FE3D4542FCACEC1030AFE62E60","num_area":"7.0954000000000000000000000000000","ind_status":"AT"},"geometry":{"type":"Polygon","coordinates":[[[-42.4308,-22.4299],[-42.4333,-22.4291],[-42.4297,-22.4295],[-42.4308,-22.4299]]]}},{"type":"Feature","properties":{"cod_tema":"ARL_PROPOSTA","cod_imovel":"RJ-3303401-723757E21EF14DEBA82602357729F18C","num_area":"21.475600000000000000000000000000","ind_status":"AT"},"geometry":{"type":"Polygon","coordinates":[[[-42.6262,-22.2949],[-42.623,-22.2889],[-42.6222,-22.2949],[-42.6258,-22.295],[-42.6262,-22.2949]]]}},{"type":"Feature","properties":{"cod_tema":"ARL_PROPOSTA","cod_imovel":"RJ-3303401-739F4DFDC0174BBBB728C3A0D878D200","num_area":"13.345400000000000000000000000000","ind_status":"AT"},"geometry":{"type":"Polygon","coordinates":[[[-42.5501,-22.2218],[-42.5476,-22.2224],[-42.55,-22.2244],[-42.5501,-22.2218]],[[-42.5493,-22.2207],[-42.5473,-22.2222],[-42.549,-22.221],[-42.5493,-22.2207]],[[-42.5441,-22.2166],[-42.5466,-22.217],[-42.5445,-22.2156],[-42.5441,-22.2166]]]}},{"type":"Feature","properties":{"cod_tema":"ARL_PROPOSTA","cod_imovel":"RJ-3303401-73E1C793CAC8431FB5B1D21099F74D10","num_area":"4.5050000000000000000000000000000","ind_status":"AT"},"geometry":{"type":"Polygon","coordinates":[[[-42.6634,-22.2279],[-42.667,-22.2305],[-42.6636,-22.2278],[-42.6634,-22.2279]]]}},{"type":"Feature","properties":{"cod_tema":"ARL_PROPOSTA","cod_imovel":"RJ-3303401-73D2AB7FF625422E9EFF565A6CACDF18","num_area":"6.2451000000000000000000000000000","ind_status":"AT"},"geometry":{"type":"Polygon","coordinates":[[[-42.3919,-22.4192],[-42.3908,-22.4216],[-42.3922,-22.4193],[-42.3919,-22.4192]]]}},{"type":"Feature","properties":{"cod_tema":"ARL_PROPOSTA","cod_imovel":"RJ-3303401-74514EEF0ECC45C89AAE3285EAA9A6D8","num_area":"5.0556000000000000000000000000000","ind_status":"AT"},"geometry":{"type":"Polygon","coordinates":[[[-42.2813,-22.3157],[-42.2801,-22.3183],[-42.2813,-22.3157],[-42.2813,-22.3157]]]}},{"type":"Feature","properties":{"cod_tema":"ARL_PROPOSTA","cod_imovel":"RJ-3303401-755DE252032442B68C7E846BE45E4123","num_area":"4.8954000000000000000000000000000","ind_status":"AT"},"geometry":{"type":"Polygon","coordinates":[[[-42.3457,-22.3244],[-42.3406,-22.3219],[-42.3451,-22.3245],[-42.3457,-22.3244]]]}},{"type":"Feature","properties":{"cod_tema":"ARL_PROPOSTA","cod_imovel":"RJ-3303401-75FDCD98AB57422F919E8742035C4C3D","num_area":"5.5850000000000000000000000000000","ind_status":"AT"},"geometry":{"type":"Polygon","coordinates":[[[-42.3296,-22.3733],[-42.3349,-22.3741],[-42.3296,-22.3733],[-42.3296,-22.3733]]]}},{"type":"Feature","properties":{"cod_tema":"ARL_PROPOSTA","cod_imovel":"RJ-3303401-7645DF1CABB544A2A81A17F57D251826","num_area":"6.8606000000000000000000000000000","ind_status":"AT"},"geometry":{"type":"Polygon","coordinates":[[[-42.3676,-22.3944],[-42.3667,-22.3975],[-42.3693,-22.396],[-42.3676,-22.3944]],[[-42.3667,-22.3976],[-42.3692,-22.3964],[-42.3669,-22.3972],[-42.3667,-22.3976]]]}},{"type":"Feature","properties":{"cod_tema":"ARL_PROPOSTA","cod_imovel":"RJ-3303401-768DDD7B1F164881A35E3F70C943330D","num_area":"4.1609000000000000000000000000000","ind_status":"AT"},"geometry":{"type":"Polygon","coordinates":[[[-42.4949,-22.3084],[-42.4973,-22.3078],[-42.4949,-22.3078],[-42.4949,-22.3084]],[[-42.4973,-22.3084],[-42.5009,-22.3079],[-42.4972,-22.3082],[-42.4973,-22.3084]]]}},{"type":"Feature","properties":{"cod_tema":"ARL_PROPOSTA","cod_imovel":"RJ-3303401-76C56B6347524468851770E686F5DBEF","num_area":"4.4589000000000000000000000000000","ind_status":"AT"},"geometry":{"type":"Polygon","coordinates":[[[-42.3717,-22.3801],[-42.3757,-22.3795],[-42.3718,-22.38],[-42.3717,-22.3801]]]}},{"type":"Feature","properties":{"cod_tema":"ARL_PROPOSTA","cod_imovel":"RJ-3303401-76E3EC42780140D3BD6028A1DEECB89A","num_area":"84.639700000000000000000000000000","ind_status":"AT"},"geometry":{"type":"Polygon","coordinates":[[[-42.6281,-22.2852],[-42.625,-22.2877],[-42.6263,-22.2942],[-42.6328,-22.2937],[-42.6291,-22.2936],[-42.6318,-22.2921],[-42.6259,-22.2884],[-42.6306,-22.2858],[-42.6281,-22.2852]],[[-42.6401,-22.2814],[-42.6368,-22.2817],[-42.634,-22.2774],[-42.6396,-22.2814],[-42.6369,-22.2768],[-42.6294,-22.2798],[-42.6356,-22.2822],[-42.6341,-22.2792],[-42.6372,-22.2832],[-42.6398,-22.2813],[-42.6401,-22.2814]]]}},{"type":"Feature","properties":{"cod_tema":"ARL_PROPOSTA","cod_imovel":"RJ-3303401-775F130EE3094ACFB581322C1705877A","num_area":"3.6058000000000000000000000000000","ind_status":"AT"},"geometry":{"type":"Polygon","coordinates":[[[-42.6528,-22.2494],[-42.6545,-22.2526],[-42.6528,-22.2494],[-42.6528,-22.2494]]]}},{"type":"Feature","properties":{"cod_tema":"ARL_PROPOSTA","cod_imovel":"RJ-3303401-785B4B9A7E1C40EC920EF59B3B05B942","num_area":"4.6003000000000000000000000000000","ind_status":"AT"},"geometry":{"type":"Polygon","coordinates":[[[-42.313,-22.3205],[-42.309,-22.3208],[-42.3123,-22.3211],[-42.313,-22.3205]]]}},{"type":"Feature","properties":{"cod_tema":"ARL_PROPOSTA","cod_imovel":"RJ-3303401-786F3B5242E14981803482F04814A3AF","num_area":"5.3972000000000000000000000000000","ind_status":"AT"},"geometry":{"type":"Polygon","coordinates":[[[-42.3895,-22.3025],[-42.3915,-22.3002],[-42.3901,-22.302],[-42.3895,-22.3025]]]}},{"type":"Feature","properties":{"cod_tema":"ARL_PROPOSTA","cod_imovel":"RJ-3303401-7937BD10CB6E43FC8D705341669C8577","num_area":"4.3197000000000000000000000000000","ind_status":"AT"},"geometry":{"type":"Polygon","coordinates":[[[-42.6037,-22.2573],[-42.6062,-22.2554],[-42.6036,-22.2569],[-42.6037,-22.2573]]]}},{"type":"Feature","properties":{"cod_tema":"ARL_PROPOSTA","cod_imovel":"RJ-3303401-7998A98091B04B209C8BABDCAA84B701","num_area":"2.8571000000000000000000000000000","ind_status":"AT"},"geometry":{"type":"Polygon","coordinates":[[[-42.6605,-22.3106],[-42.6613,-22.3126],[-42.6606,-22.3107],[-42.6605,-22.3106]]]}},{"type":"Feature","properties":{"cod_tema":"ARL_PROPOSTA","cod_imovel":"RJ-3303401-7A1BFD3E73A741BFA4FD08BA4176089C","num_area":"11.410500000000000000000000000000","ind_status":"AT"},"geometry":{"type":"Polygon","coordinates":[[[-42.3718,-22.3032],[-42.3748,-22.3049],[-42.3721,-22.3009],[-42.3717,-22.3031],[-42.3718,-22.3032]],[[-42.3633,-22.2966],[-42.3652,-22.298],[-42.3632,-22.2962],[-42.3633,-22.2966]],[[-42.3651,-22.2948],[-42.3633,-22.2963],[-42.3661,-22.2966],[-42.3651,-22.2948]]]}},{"type":"Feature","properties":{"cod_tema":"ARL_PROPOSTA","cod_imovel":"RJ-3303401-7A39F66C9804463BB8097A2D4C2D90AC","num_area":"3.0273000000000000000000000000000","ind_status":"AT"},"geometry":{"type":"Polygon","coordinates":[[[-42.472,-22.2337],[-42.4757,-22.232],[-42.4721,-22.2332],[-42.472,-22.2337]]]}},{"type":"Feature","properties":{"cod_tema":"ARL_PROPOSTA","cod_imovel":"RJ-3303401-7B7184D613CC46BE82E119F9362713FD","num_area":"97.330100000000000000000000000000","ind_status":"AT"},"geometry":{"type":"Polygon","coordinates":[[[-42.5943,-22.2197],[-42.6012,-22.2178],[-42.6002,-22.2152],[-42.5922,-22.2183],[-42.5942,-22.2198],[-42.5943,-22.2197]],[[-42.5954,-22.2194],[-42.5977,-22.2183],[-42.5955,-22.2194],[-42.5954,-22.2194]],[[-42.6069,-22.2189],[-42.6014,-22.2207],[-42.6,-22.2244],[-42.596,-22.2198],[-42.5959,-22.2271],[-42.6038,-22.226],[-42.6071,-22.2212],[-42.6031,-22.2209],[-42.6068,-22.2191],[-42.6069,-22.2189]],[[-42.6069,-22.2189],[-42.604,-22.2175],[-42.6067,-22.2189],[-42.6069,-22.2189]]]}},{"type":"Feature","properties":{"cod_tema":"ARL_PROPOSTA","cod_imovel":"RJ-3303401-7C26829C29B3483C9429C1D13B30E42D","num_area":"7.8020000000000000000000000000000","ind_status":"AT"},"geometry":{"type":"Polygon","coordinates":[[[-42.5532,-22.1858],[-42.5553,-22.1845],[-42.5531,-22.1842],[-42.5532,-22.1858]],[[-42.5484,-22.1824],[-42.5476,-22.1856],[-42.5492,-22.182],[-42.5484,-22.1824]]]}},{"type":"Feature","properties":{"cod_tema":"ARL_PROPOSTA","cod_imovel":"RJ-3303401-7E117CB6D80D4649BF5A60D80C4EB614","num_area":"3.3225000000000000000000000000000","ind_status":"AT"},"geometry":{"type":"Polygon","coordinates":[[[-42.672,-22.2684],[-42.6692,-22.266],[-42.6715,-22.2689],[-42.672,-22.2684]]]}},{"type":"Feature","properties":{"cod_tema":"ARL_PROPOSTA","cod_imovel":"RJ-3303401-7E22AEF4D67643C79E465B97471AA5BB","num_area":"3.0955000000000000000000000000000","ind_status":"AT"},"geometry":{"type":"Polygon","coordinates":[[[-42.38,-22.3319],[-42.3757,-22.3307],[-42.3801,-22.3319],[-42.38,-22.3319]]]}},{"type":"Feature","properties":{"cod_tema":"ARL_PROPOSTA","cod_imovel":"RJ-3303401-7E8D373145DA4854A1EA61CDAC1C677A","num_area":"3.9026000000000000000000000000000","ind_status":"AT"},"geometry":{"type":"Polygon","coordinates":[[[-42.5505,-22.2468],[-42.5521,-22.2453],[-42.5506,-22.2466],[-42.5505,-22.2468]]]}},{"type":"Feature","properties":{"cod_tema":"ARL_PROPOSTA","cod_imovel":"RJ-3303401-7FFBD94759074A91AA5C9EE6B2CD30EF","num_area":"5.4099000000000000000000000000000","ind_status":"AT"},"geometry":{"type":"Polygon","coordinates":[[[-42.3929,-22.2859],[-42.3924,-22.2886],[-42.3941,-22.2867],[-42.3929,-22.2859]]]}},{"type":"Feature","properties":{"cod_tema":"ARL_PROPOSTA","cod_imovel":"RJ-3303401-80F55C37C0C24A6D9E482E705880FFF5","num_area":"6.0390000000000000000000000000000","ind_status":"AT"},"geometry":{"type":"Polygon","coordinates":[[[-42.5175,-22.2418],[-42.5207,-22.2445],[-42.5181,-22.2419],[-42.5175,-22.2418]]]}},{"type":"Feature","properties":{"cod_tema":"ARL_PROPOSTA","cod_imovel":"RJ-3303401-811D66B2339A4BEEA2291BAC122D3C39","num_area":"3.8285000000000000000000000000000","ind_status":"AT"},"geometry":{"type":"Polygon","coordinates":[[[-42.434,-22.4224],[-42.4298,-22.4217],[-42.4325,-22.4218],[-42.434,-22.4224]]]}},{"type":"Feature","properties":{"cod_tema":"ARL_PROPOSTA","cod_imovel":"RJ-3303401-834F7B420E824FE9845E4A3BF32AFD10","num_area":"3.7281000000000000000000000000000","ind_status":"AT"},"geometry":{"type":"Polygon","coordinates":[[[-42.6272,-22.3569],[-42.628,-22.3543],[-42.6273,-22.3567],[-42.6272,-22.3569]],[[-42.626,-22.3521],[-42.6279,-22.3503],[-42.626,-22.3517],[-42.626,-22.3521]]]}},{"type":"Feature","properties":{"cod_tema":"ARL_PROPOSTA","cod_imovel":"RJ-3303401-83D543E0B345497BB2DB020438AF8510","num_area":"6.7282000000000000000000000000000","ind_status":"AT"},"geometry":{"type":"Polygon","coordinates":[[[-42.4696,-22.4109],[-42.4689,-22.4071],[-42.4677,-22.4099],[-42.4696,-22.4109]]]}},{"type":"Feature","properties":{"cod_tema":"ARL_PROPOSTA","cod_imovel":"RJ-3303401-84855316466540B591283C57470A8828","num_area":"4.3560000000000000000000000000000","ind_status":"AT"},"geometry":{"type":"Polygon","coordinates":[[[-42.6129,-22.2886],[-42.616,-22.292],[-42.6135,-22.2882],[-42.6129,-22.2886]]]}},{"type":"Feature","properties":{"cod_tema":"ARL_PROPOSTA","cod_imovel":"RJ-3303401-83F67A6B5F634A44ADB9A84E25765DE7","num_area":"6.1942000000000000000000000000000","ind_status":"AT"},"geometry":{"type":"Polygon","coordinates":[[[-42.6857,-22.3016],[-42.6831,-22.3017],[-42.6853,-22.3022],[-42.6857,-22.3016]],[[-42.6812,-22.307],[-42.6786,-22.3049],[-42.681,-22.3068],[-42.6812,-22.307]]]}},{"type":"Feature","properties":{"cod_tema":"ARL_PROPOSTA","cod_imovel":"RJ-3303401-8469AD45C4C94E44B3AF4E6161D368C8","num_area":"5.7878000000000000000000000000000","ind_status":"AT"},"geometry":{"type":"Polygon","coordinates":[[[-42.6811,-22.2756],[-42.6815,-22.2792],[-42.6815,-22.276],[-42.6811,-22.2756]]]}},{"type":"Feature","properties":{"cod_tema":"ARL_PROPOSTA","cod_imovel":"RJ-3303401-84B724DEBA084A2EA355E83C5070A636","num_area":"2.3525000000000000000000000000000","ind_status":"AT"},"geometry":{"type":"Polygon","coordinates":[[[-42.4066,-22.3193],[-42.4066,-22.322],[-42.4066,-22.3192],[-42.4066,-22.3193]]]}},{"type":"Feature","properties":{"cod_tema":"ARL_PROPOSTA","cod_imovel":"RJ-3303401-857AACD0FA16484CBF20E890359C0EAB","num_area":"7.8250000000000000000000000000000","ind_status":"AT"},"geometry":{"type":"Polygon","coordinates":[[[-42.6516,-22.2596],[-42.6552,-22.2591],[-42.6542,-22.2568],[-42.6517,-22.2596],[-42.6516,-22.2596]]]}},{"type":"Feature","properties":{"cod_tema":"ARL_PROPOSTA","cod_imovel":"RJ-3303401-86983EBC50B34BCFB80C52435752F092","num_area":"1.7167000000000000000000000000000","ind_status":"AT"},"geometry":{"type":"Polygon","coordinates":[[[-42.6508,-22.3071],[-42.65,-22.3097],[-42.6508,-22.3071],[-42.6508,-22.3071]]]}},{"type":"Feature","properties":{"cod_tema":"ARL_PROPOSTA","cod_imovel":"RJ-3303401-869E801BE60D47B69399740AF4D2D399","num_area":"8.1484000000000000000000000000000","ind_status":"AT"},"geometry":{"type":"Polygon","coordinates":[[[-42.4895,-22.191],[-42.4847,-22.1887],[-42.4891,-22.1908],[-42.4895,-22.191]]]}},{"type":"Feature","properties":{"cod_tema":"ARL_PROPOSTA","cod_imovel":"RJ-3303401-86A3FA4F5E6048B3A3AC6DBB359E4929","num_area":"4.9460000000000000000000000000000","ind_status":"AT"},"geometry":{"type":"Polygon","coordinates":[[[-42.4886,-22.299],[-42.4899,-22.3028],[-42.4898,-22.2989],[-42.4886,-22.299]]]}},{"type":"Feature","properties":{"cod_tema":"ARL_PROPOSTA","cod_imovel":"RJ-3303401-872EE86295DC493A92F6C199BFD26BC3","num_area":"6.8000000000000000000000000000000","ind_status":"AT"},"geometry":{"type":"Polygon","coordinates":[[[-42.3911,-22.3203],[-42.3897,-22.3177],[-42.3912,-22.3204],[-42.3911,-22.3203]],[[-42.3895,-22.3241],[-42.3917,-22.3225],[-42.3888,-22.3237],[-42.3895,-22.3241]]]}},{"type":"Feature","properties":{"cod_tema":"ARL_PROPOSTA","cod_imovel":"RJ-3303401-874CB5DE4A3E47829DE85CD3FD2CEEBC","num_area":"3.3715000000000000000000000000000","ind_status":"AT"},"geometry":{"type":"Polygon","coordinates":[[[-42.3357,-22.3898],[-42.337,-22.3874],[-42.3357,-22.3898],[-42.3357,-22.3898]]]}},{"type":"Feature","properties":{"cod_tema":"ARL_PROPOSTA","cod_imovel":"RJ-3303401-8780A552E1DB4317B0B3F401BC55AE45","num_area":"4.1029000000000000000000000000000","ind_status":"AT"},"geometry":{"type":"Polygon","coordinates":[[[-42.4987,-22.2311],[-42.4992,-22.2337],[-42.5002,-22.2318],[-42.4987,-22.2311]]]}},{"type":"Feature","properties":{"cod_tema":"ARL_PROPOSTA","cod_imovel":"RJ-3303401-87A4FC52C06A4CE89FFA1F8FD8BEBA3D","num_area":"2.3585000000000000000000000000000","ind_status":"AT"},"geometry":{"type":"Polygon","coordinates":[[[-42.5295,-22.2156],[-42.531,-22.2177],[-42.5296,-22.2155],[-42.5295,-22.2156]]]}},{"type":"Feature","properties":{"cod_tema":"ARL_PROPOSTA","cod_imovel":"RJ-3303401-87B82072967B43399D5BEABDB012AB65","num_area":"1.7173000000000000000000000000000","ind_status":"AT"},"geometry":{"type":"Polygon","coordinates":[[[-42.4821,-22.2689],[-42.4849,-22.269],[-42.4823,-22.2684],[-42.4821,-22.2689]]]}},{"type":"Feature","properties":{"cod_tema":"ARL_PROPOSTA","cod_imovel":"RJ-3303401-888CE6EDE3024198A8E14C2FF370F842","num_area":"4.8750000000000000000000000000000","ind_status":"AT"},"geometry":{"type":"Polygon","coordinates":[[[-42.6429,-22.3642],[-42.646,-22.3668],[-42.6437,-22.3649],[-42.6429,-22.3642]]]}},{"type":"Feature","properties":{"cod_tema":"ARL_PROPOSTA","cod_imovel":"RJ-3303401-885E75C6348C4759A3F4809320C26EA9","num_area":"4.1600000000000000000000000000000","ind_status":"AT"},"geometry":{"type":"Polygon","coordinates":[[[-42.4677,-22.2888],[-42.4654,-22.2873],[-42.4674,-22.2888],[-42.4677,-22.2888]]]}},{"type":"Feature","properties":{"cod_tema":"ARL_PROPOSTA","cod_imovel":"RJ-3303401-889EAEF605EF4EE7982AACFFCA0AC66B","num_area":"7.5622000000000000000000000000000","ind_status":"AT"},"geometry":{"type":"Polygon","coordinates":[[[-42.5801,-22.2313],[-42.58,-22.2344],[-42.5804,-22.2312],[-42.5801,-22.2313]]]}},{"type":"Feature","properties":{"cod_tema":"ARL_PROPOSTA","cod_imovel":"RJ-3303401-88FB827536234682ACE337F37A85E2C2","num_area":"8.9239000000000000000000000000000","ind_status":"AT"},"geometry":{"type":"Polygon","coordinates":[[[-42.3839,-22.3017],[-42.3817,-22.3045],[-42.3849,-22.303],[-42.3839,-22.3017]]]}},{"type":"Feature","properties":{"cod_tema":"ARL_PROPOSTA","cod_imovel":"RJ-3303401-89C9398E22B843CD9C73186575A8BD62","num_area":"4.0275000000000000000000000000000","ind_status":"AT"},"geometry":{"type":"Polygon","coordinates":[[[-42.3049,-22.3604],[-42.3014,-22.3596],[-42.3049,-22.3604],[-42.3049,-22.3604]]]}},{"type":"Feature","properties":{"cod_tema":"ARL_PROPOSTA","cod_imovel":"RJ-3303401-8A944D21471C4064BA7C533988B057C2","num_area":"19.794300000000000000000000000000","ind_status":"AT"},"geometry":{"type":"Polygon","coordinates":[[[-42.4036,-22.3447],[-42.4052,-22.3465],[-42.4081,-22.3407],[-42.4034,-22.3442],[-42.4036,-22.3447]]]}},{"type":"Feature","properties":{"cod_tema":"ARL_PROPOSTA","cod_imovel":"RJ-3303401-8A73CC723E414B12AC377108E3E48020","num_area":"9.4296000000000000000000000000000","ind_status":"AT"},"geometry":{"type":"Polygon","coordinates":[[[-42.3121,-22.2955],[-42.3083,-22.2977],[-42.3121,-22.2955],[-42.3121,-22.2955]]]}},{"type":"Feature","properties":{"cod_tema":"ARL_PROPOSTA","cod_imovel":"RJ-3303401-8B77A416D1D44EED93D90797BCB6E52D","num_area":"1.5395000000000000000000000000000","ind_status":"AT"},"geometry":{"type":"Polygon","coordinates":[[[-42.6572,-22.2959],[-42.6603,-22.2957],[-42.6574,-22.296],[-42.6572,-22.2959]]]}},{"type":"Feature","properties":{"cod_tema":"ARL_PROPOSTA","cod_imovel":"RJ-3303401-8CAD583518C449DEAFC7EFD18F4AAC5A","num_area":"1.7076000000000000000000000000000","ind_status":"AT"},"geometry":{"type":"Polygon","coordinates":[[[-42.5765,-22.3443],[-42.5751,-22.3457],[-42.5771,-22.3448],[-42.5765,-22.3443]]]}},{"type":"Feature","properties":{"cod_tema":"ARL_PROPOSTA","cod_imovel":"RJ-3303401-8D68A77F8205492B95660F701E521EF3","num_area":"6.0334000000000000000000000000000","ind_status":"AT"},"geometry":{"type":"Polygon","coordinates":[[[-42.6523,-22.2146],[-42.6486,-22.2158],[-42.651,-22.2155],[-42.6523,-22.2146]]]}},{"type":"Feature","properties":{"cod_tema":"ARL_PROPOSTA","cod_imovel":"RJ-3303401-8D6C8B221D444074B812CBC1029C974B","num_area":"4.0592000000000000000000000000000","ind_status":"AT"},"geometry":{"type":"Polygon","coordinates":[[[-42.6578,-22.2824],[-42.66,-22.281],[-42.6583,-22.2821],[-42.6578,-22.2824]]]}},{"type":"Feature","properties":{"cod_tema":"ARL_PROPOSTA","cod_imovel":"RJ-3303401-8E5F4564A625416CB128F1286685C872","num_area":"10.204600000000000000000000000000","ind_status":"AT"},"geometry":{"type":"Polygon","coordinates":[[[-42.2983,-22.3999],[-42.2999,-22.3962],[-42.2969,-22.3978],[-42.2983,-22.3999]]]}},{"type":"Feature","properties":{"cod_tema":"ARL_PROPOSTA","cod_imovel":"RJ-3303401-8E6B99D63C194604BE0BE6BD16FF3607","num_area":"1.4158000000000000000000000000000","ind_status":"AT"},"geometry":{"type":"Polygon","coordinates":[[[-42.6189,-22.2804],[-42.6158,-22.2798],[-42.6184,-22.2803],[-42.6189,-22.2804]]]}},{"type":"Feature","properties":{"cod_tema":"ARL_PROPOSTA","cod_imovel":"RJ-3303401-9121E47C1F8D42E18A0F8EEB23482968","num_area":"4.3450000000000000000000000000000","ind_status":"AT"},"geometry":{"type":"Polygon","coordinates":[[[-42.6437,-22.3059],[-42.6412,-22.3059],[-42.6438,-22.306],[-42.6437,-22.3059]]]}},{"type":"Feature","properties":{"cod_tema":"ARL_PROPOSTA","cod_imovel":"RJ-3303401-928F3D14B5614516B03B6E0C66EE7A27","num_area":"3.8631000000000000000000000000000","ind_status":"AT"},"geometry":{"type":"Polygon","coordinates":[[[-42.2935,-22.3106],[-42.2936,-22.3059],[-42.2931,-22.3103],[-42.2935,-22.3106]]]}},{"type":"Feature","properties":{"cod_tema":"ARL_PROPOSTA","cod_imovel":"RJ-3303401-92C0A1124FB340A29C1803B8D28C1F5A","num_area":"10.828100000000000000000000000000","ind_status":"AT"},"geometry":{"type":"Polygon","coordinates":[[[-42.5531,-22.3557],[-42.5507,-22.3538],[-42.5521,-22.3568],[-42.5531,-22.3557]]]}},{"type":"Feature","properties":{"cod_tema":"ARL_PROPOSTA","cod_imovel":"RJ-3303401-92D20091F92447829738C8C8E82610A8","num_area":"5.2926000000000000000000000000000","ind_status":"AT"},"geometry":{"type":"Polygon","coordinates":[[[-42.3843,-22.3557],[-42.3812,-22.3554],[-42.3803,-22.3593],[-42.3827,-22.3559],[-42.3843,-22.3557]]]}},{"type":"Feature","properties":{"cod_tema":"ARL_PROPOSTA","cod_imovel":"RJ-3303401-94E53555C2034B5293269629446E22A0","num_area":"7.1789000000000000000000000000000","ind_status":"AT"},"geometry":{"type":"Polygon","coordinates":[[[-42.5542,-22.2255],[-42.556,-22.2268],[-42.5536,-22.2226],[-42.5515,-22.224],[-42.5542,-22.2255]]]}},{"type":"Feature","properties":{"cod_tema":"ARL_PROPOSTA","cod_imovel":"RJ-3303401-95BA1DE0EEB14AE8901332D2FDB667C5","num_area":"3.5563000000000000000000000000000","ind_status":"AT"},"geometry":{"type":"Polygon","coordinates":[[[-42.4344,-22.2546],[-42.4323,-22.2536],[-42.4343,-22.2546],[-42.4344,-22.2546]]]}},{"type":"Feature","properties":{"cod_tema":"ARL_PROPOSTA","cod_imovel":"RJ-3303401-9AD4AE9204234C9FADEACC2160B48559","num_area":"1.9168000000000000000000000000000","ind_status":"AT"},"geometry":{"type":"Polygon","coordinates":[[[-42.4832,-22.2247],[-42.4801,-22.2234],[-42.4815,-22.2249],[-42.4832,-22.2247]]]}},{"type":"Feature","properties":{"cod_tema":"ARL_PROPOSTA","cod_imovel":"RJ-3303401-95D0033F2E5B4FE9851A755CFC8E7E91","num_area":"20.498000000000000000000000000000","ind_status":"AT"},"geometry":{"type":"Polygon","coordinates":[[[-42.436,-22.402],[-42.4233,-22.4036],[-42.4361,-22.4032],[-42.436,-22.402]]]}},{"type":"Feature","properties":{"cod_tema":"ARL_PROPOSTA","cod_imovel":"RJ-3303401-96287BFB33E5451AB96976C00DA3C990","num_area":"0.6417000000000000000000000000000","ind_status":"AT"},"geometry":{"type":"Polygon","coordinates":[[[-42.3714,-22.3738],[-42.3689,-22.3733],[-42.3715,-22.3741],[-42.3714,-22.3738]]]}},{"type":"Feature","properties":{"cod_tema":"ARL_PROPOSTA","cod_imovel":"RJ-3303401-96D83D49B2C7415F97C9D4EDC107DBEB","num_area":"2.3046000000000000000000000000000","ind_status":"AT"},"geometry":{"type":"Polygon","coordinates":[[[-42.6827,-22.2634],[-42.6842,-22.2614],[-42.6827,-22.2634],[-42.6827,-22.2634]]]}},{"type":"Feature","properties":{"cod_tema":"ARL_PROPOSTA","cod_imovel":"RJ-3303401-974616687027474EB0E44E27AEB67C77","num_area":"7.1013000000000000000000000000000","ind_status":"AT"},"geometry":{"type":"Polygon","coordinates":[[[-42.6567,-22.3664],[-42.6576,-22.3623],[-42.6566,-22.3655],[-42.6567,-22.3664]]]}},{"type":"Feature","properties":{"cod_tema":"ARL_PROPOSTA","cod_imovel":"RJ-3303401-98B3E8AD48A94BB5B8544E9537E15DE4","num_area":"10.713200000000000000000000000000","ind_status":"AT"},"geometry":{"type":"Polygon","coordinates":[[[-42.2983,-22.3071],[-42.2953,-22.3094],[-42.2974,-22.3085],[-42.2983,-22.3071]],[[-42.2953,-22.3094],[-42.2924,-22.3135],[-42.2954,-22.3095],[-42.2953,-22.3094]]]}},{"type":"Feature","properties":{"cod_tema":"ARL_PROPOSTA","cod_imovel":"RJ-3303401-98D4FD9A2F7C4DE98CDC8178621E64FE","num_area":"8.1726000000000000000000000000000","ind_status":"AT"},"geometry":{"type":"Polygon","coordinates":[[[-42.6809,-22.2747],[-42.6838,-22.2797],[-42.6813,-22.2745],[-42.6809,-22.2747]]]}},{"type":"Feature","properties":{"cod_tema":"ARL_PROPOSTA","cod_imovel":"RJ-3303401-9956D40E3A99466FBA4C11322E2E7F93","num_area":"6.3838000000000000000000000000000","ind_status":"AT"},"geometry":{"type":"Polygon","coordinates":[[[-42.338,-22.357],[-42.3345,-22.3572],[-42.3384,-22.3573],[-42.338,-22.357]]]}},{"type":"Feature","properties":{"cod_tema":"ARL_PROPOSTA","cod_imovel":"RJ-3303401-9A1140904712407AB411E70AFDB324F4","num_area":"1.5027000000000000000000000000000","ind_status":"AT"},"geometry":{"type":"Polygon","coordinates":[[[-42.6601,-22.2876],[-42.6578,-22.2887],[-42.6599,-22.2878],[-42.6601,-22.2876]]]}},{"type":"Feature","properties":{"cod_tema":"ARL_PROPOSTA","cod_imovel":"RJ-3303401-9D879E22697B433B8A97820E2928A88F","num_area":"24.959800000000000000000000000000","ind_status":"AT"},"geometry":{"type":"Polygon","coordinates":[[[-42.5044,-22.3294],[-42.4993,-22.3272],[-42.5047,-22.3293],[-42.5057,-22.3269],[-42.4977,-22.3257],[-42.5044,-22.3295],[-42.5044,-22.3294]]]}},{"type":"Feature","properties":{"cod_tema":"ARL_PROPOSTA","cod_imovel":"RJ-3303401-9CBA983BD88B47BC988F913748FA7CF4","num_area":"28.171200000000000000000000000000","ind_status":"AT"},"geometry":{"type":"Polygon","coordinates":[[[-42.6359,-22.2196],[-42.6327,-22.2154],[-42.6261,-22.2161],[-42.6322,-22.2182],[-42.63,-22.2174],[-42.6343,-22.2224],[-42.6354,-22.2203],[-42.6359,-22.2196]]]}},{"type":"Feature","properties":{"cod_tema":"ARL_PROPOSTA","cod_imovel":"RJ-3303401-9D45A4EAC7FA4F71BFFEFD6D678FB57D","num_area":"9.0503000000000000000000000000000","ind_status":"AT"},"geometry":{"type":"Polygon","coordinates":[[[-42.5708,-22.3101],[-42.5679,-22.3101],[-42.5719,-22.3138],[-42.5709,-22.3112],[-42.5708,-22.3101]]]}},{"type":"Feature","properties":{"cod_tema":"ARL_PROPOSTA","cod_imovel":"RJ-3303401-9E3B0D351FFB43E7A73EEA7663AE26DC","num_area":"7.7968000000000000000000000000000","ind_status":"AT"},"geometry":{"type":"Polygon","coordinates":[[[-42.3598,-22.3375],[-42.3593,-22.3455],[-42.3604,-22.3352],[-42.3598,-22.3375]]]}},{"type":"Feature","properties":{"cod_tema":"ARL_PROPOSTA","cod_imovel":"RJ-3303401-9FF61C38AF3E4FD58000D99C9BC68457","num_area":"2.2886000000000000000000000000000","ind_status":"AT"},"geometry":{"type":"Polygon","coordinates":[[[-42.3095,-22.3201],[-42.3064,-22.322],[-42.3096,-22.3201],[-42.3095,-22.3201]]]}},{"type":"Feature","properties":{"cod_tema":"ARL_PROPOSTA","cod_imovel":"RJ-3303401-A094C50A7778451D9BF4930B2F5F3B36","num_area":"22.044300000000000000000000000000","ind_status":"AT"},"geometry":{"type":"Polygon","coordinates":[[[-42.5685,-22.1933],[-42.5647,-22.1927],[-42.5692,-22.1953],[-42.5685,-22.1933]],[[-42.5656,-22.1954],[-42.5688,-22.1964],[-42.5657,-22.1953],[-42.5656,-22.1954]],[[-42.5607,-22.2027],[-42.5604,-22.206],[-42.5636,-22.2035],[-42.5607,-22.2027],[-42.5607,-22.2027]]]}},{"type":"Feature","properties":{"cod_tema":"ARL_PROPOSTA","cod_imovel":"RJ-3303401-A126CEA0E8774A058476A85AE5D103B7","num_area":"2.4761000000000000000000000000000","ind_status":"AT"},"geometry":{"type":"Polygon","coordinates":[[[-42.6114,-22.2818],[-42.6089,-22.2825],[-42.6114,-22.2818],[-42.6114,-22.2818]]]}},{"type":"Feature","properties":{"cod_tema":"ARL_PROPOSTA","cod_imovel":"RJ-3303401-A196B50FF0914BC6B7201DF49E548B30","num_area":"8.1774000000000000000000000000000","ind_status":"AT"},"geometry":{"type":"Polygon","coordinates":[[[-42.2732,-22.3009],[-42.2797,-22.3029],[-42.2734,-22.301],[-42.2732,-22.3009]]]}},{"type":"Feature","properties":{"cod_tema":"ARL_PROPOSTA","cod_imovel":"RJ-3303401-A1E44FD5F395433DA10556F36BB03B6D","num_area":"7.2177000000000000000000000000000","ind_status":"AT"},"geometry":{"type":"Polygon","coordinates":[[[-42.5023,-22.3304],[-42.5058,-22.334],[-42.5037,-22.3313],[-42.5023,-22.3304]]]}},{"type":"Feature","properties":{"cod_tema":"ARL_PROPOSTA","cod_imovel":"RJ-3303401-A2340F44ABFD46549B0810F9C03D1AD9","num_area":"7.3536000000000000000000000000000","ind_status":"AT"},"geometry":{"type":"Polygon","coordinates":[[[-42.4637,-22.3204],[-42.4604,-22.3168],[-42.4627,-22.3211],[-42.4637,-22.3204]]]}},{"type":"Feature","properties":{"cod_tema":"ARL_PROPOSTA","cod_imovel":"RJ-3303401-A250E22E760A4B48827237C27B51E33A","num_area":"64.297300000000000000000000000000","ind_status":"AT"},"geometry":{"type":"Polygon","coordinates":[[[-42.2886,-22.3387],[-42.2833,-22.3439],[-42.2838,-22.3479],[-42.2929,-22.3449],[-42.2902,-22.3457],[-42.2901,-22.3411],[-42.2886,-22.3387]]]}},{"type":"Feature","properties":{"cod_tema":"ARL_PROPOSTA","cod_imovel":"RJ-3303401-A3926AB91FCF41A1803BB2C4A22F017D","num_area":"7.3844000000000000000000000000000","ind_status":"AT"},"geometry":{"type":"Polygon","coordinates":[[[-42.415,-22.347],[-42.4217,-22.3459],[-42.415,-22.346],[-42.415,-22.347]]]}},{"type":"Feature","properties":{"cod_tema":"ARL_PROPOSTA","cod_imovel":"RJ-3303401-A67B44AB12B242F98A4078E60BC8196C","num_area":"6.0654000000000000000000000000000","ind_status":"AT"},"geometry":{"type":"Polygon","coordinates":[[[-42.6185,-22.2495],[-42.618,-22.2524],[-42.6186,-22.2497],[-42.6185,-22.2495]]]}},{"type":"Feature","properties":{"cod_tema":"ARL_PROPOSTA","cod_imovel":"RJ-3303401-A5CBFCC29D1045B783A1B18605C2518F","num_area":"8.3351000000000000000000000000000","ind_status":"AT"},"geometry":{"type":"Polygon","coordinates":[[[-42.5995,-22.2667],[-42.6037,-22.2689],[-42.6017,-22.2664],[-42.5995,-22.2667]]]}},{"type":"Feature","properties":{"cod_tema":"ARL_PROPOSTA","cod_imovel":"RJ-3303401-A6CDBA1E382C42909BC141E7B64D5536","num_area":"5.3998000000000000000000000000000","ind_status":"AT"},"geometry":{"type":"Polygon","coordinates":[[[-42.5378,-22.1969],[-42.5383,-22.2008],[-42.5406,-22.1983],[-42.538,-22.1968],[-42.5378,-22.1969]]]}},{"type":"Feature","properties":{"cod_tema":"ARL_PROPOSTA","cod_imovel":"RJ-3303401-A6E8C4BA85A043E9983738ED23B49097","num_area":"10.143500000000000000000000000000","ind_status":"AT"},"geometry":{"type":"Polygon","coordinates":[[[-42.5032,-22.2125],[-42.5077,-22.211],[-42.5033,-22.2118],[-42.5032,-22.2125]],[[-42.5032,-22.2131],[-42.5039,-22.2151],[-42.5067,-22.2121],[-42.5033,-22.213],[-42.5032,-22.2131]]]}},{"type":"Feature","properties":{"cod_tema":"ARL_PROPOSTA","cod_imovel":"RJ-3303401-A71088DDCB0047FE878A6976D5F3312E","num_area":"7.7436000000000000000000000000000","ind_status":"AT"},"geometry":{"type":"Polygon","coordinates":[[[-42.4787,-22.2296],[-42.4819,-22.2323],[-42.4798,-22.2301],[-42.4787,-22.2296]]]}},{"type":"Feature","properties":{"cod_tema":"ARL_PROPOSTA","cod_imovel":"RJ-3303401-A77B5D35C64D43989FB9AFF846077F1F","num_area":"6.1264000000000000000000000000000","ind_status":"AT"},"geometry":{"type":"Polygon","coordinates":[[[-42.6076,-22.3337],[-42.6095,-22.332],[-42.6059,-22.3327],[-42.6076,-22.3337]],[[-42.6078,-22.3318],[-42.6044,-22.3317],[-42.6077,-22.3319],[-42.6078,-22.3318]]]}},{"type":"Feature","properties":{"cod_tema":"ARL_PROPOSTA","cod_imovel":"RJ-3303401-A841BBED7B58466A97E932E86D177F8D","num_area":"4.2466000000000000000000000000000","ind_status":"AT"},"geometry":{"type":"Polygon","coordinates":[[[-42.4333,-22.2595],[-42.4304,-22.2616],[-42.4333,-22.2595],[-42.4333,-22.2595]]]}},{"type":"Feature","properties":{"cod_tema":"ARL_PROPOSTA","cod_imovel":"RJ-3303401-A8EF93A4C84348E994ED2FB3D6A5F89A","num_area":"6.9583000000000000000000000000000","ind_status":"AT"},"geometry":{"type":"Polygon","coordinates":[[[-42.5475,-22.1545],[-42.5448,-22.1535],[-42.5432,-22.1576],[-42.5476,-22.1546],[-42.5475,-22.1545]]]}},{"type":"Feature","properties":{"cod_tema":"ARL_PROPOSTA","cod_imovel":"RJ-3303401-A9361FB8D1744A53B325C79A3CC93826","num_area":"4.7474000000000000000000000000000","ind_status":"AT"},"geometry":{"type":"Polygon","coordinates":[[[-42.4179,-22.3229],[-42.4151,-22.3246],[-42.4182,-22.3246],[-42.4179,-22.3229]]]}},{"type":"Feature","properties":{"cod_tema":"ARL_PROPOSTA","cod_imovel":"RJ-3303401-A96CDDE7C8E04B10B4A1F1CB3E46960E","num_area":"0.5204000000000000000000000000000","ind_status":"AT"},"geometry":{"type":"Polygon","coordinates":[[[-42.3875,-22.2938],[-42.3861,-22.2916],[-42.3872,-22.2933],[-42.3875,-22.2938]]]}},{"type":"Feature","properties":{"cod_tema":"ARL_PROPOSTA","cod_imovel":"RJ-3303401-A9C01DE0E313465E80AD5DBA4C7FA845","num_area":"2.5572000000000000000000000000000","ind_status":"AT"},"geometry":{"type":"Polygon","coordinates":[[[-42.5808,-22.1927],[-42.5823,-22.1911],[-42.5793,-22.1921],[-42.5808,-22.1927]]]}},{"type":"Feature","properties":{"cod_tema":"ARL_PROPOSTA","cod_imovel":"RJ-3303401-AB54519D90F6416A91650FE084A474E8","num_area":"10.691500000000000000000000000000","ind_status":"AT"},"geometry":{"type":"Polygon","coordinates":[[[-42.3468,-22.3098],[-42.3566,-22.3088],[-42.3463,-22.31],[-42.3468,-22.3098]],[[-42.3449,-22.3086],[-42.3426,-22.307],[-42.3449,-22.3086],[-42.3449,-22.3086]]]}},{"type":"Feature","properties":{"cod_tema":"ARL_PROPOSTA","cod_imovel":"RJ-3303401-AB7CB85BEA3C4687ADE07D18EE452C7B","num_area":"6.2801000000000000000000000000000","ind_status":"AT"},"geometry":{"type":"Polygon","coordinates":[[[-42.6579,-22.2361],[-42.6558,-22.2344],[-42.6565,-22.2365],[-42.6579,-22.2361]]]}},{"type":"Feature","properties":{"cod_tema":"ARL_PROPOSTA","cod_imovel":"RJ-3303401-AB95BEB81E9E416393A2CDC3A32761D8","num_area":"9.0435000000000000000000000000000","ind_status":"AT"},"geometry":{"type":"Polygon","coordinates":[[[-42.3069,-22.2938],[-42.3041,-22.2931],[-42.306,-22.2966],[-42.3069,-22.2938]]]}},{"type":"Feature","properties":{"cod_tema":"ARL_PROPOSTA","cod_imovel":"RJ-3303401-AE7CD4F03464466A88615C6D167C352C","num_area":"7.1262000000000000000000000000000","ind_status":"AT"},"geometry":{"type":"Polygon","coordinates":[[[-42.303,-22.3398],[-42.3014,-22.3412],[-42.3049,-22.3412],[-42.303,-22.3398]]]}},{"type":"Feature","properties":{"cod_tema":"ARL_PROPOSTA","cod_imovel":"RJ-3303401-AF1CB829F44442D98A834E421866A22E","num_area":"11.255100000000000000000000000000","ind_status":"AT"},"geometry":{"type":"Polygon","coordinates":[[[-42.2606,-22.3696],[-42.264,-22.3691],[-42.2648,-22.3655],[-42.2614,-22.3674],[-42.2606,-22.3696]]]}},{"type":"Feature","properties":{"cod_tema":"ARL_PROPOSTA","cod_imovel":"RJ-3303401-AEBC2953CC094629B9FE827D2694BA41","num_area":"13.801200000000000000000000000000","ind_status":"AT"},"geometry":{"type":"Polygon","coordinates":[[[-42.4752,-22.3671],[-42.4733,-22.3696],[-42.4815,-22.3678],[-42.4765,-22.3668],[-42.4752,-22.3671]]]}},{"type":"Feature","properties":{"cod_tema":"ARL_PROPOSTA","cod_imovel":"RJ-3303401-B0242311524A407F8668CB58FF3E46B8","num_area":"5.6909000000000000000000000000000","ind_status":"AT"},"geometry":{"type":"Polygon","coordinates":[[[-42.6136,-22.1957],[-42.6102,-22.1951],[-42.6118,-22.1964],[-42.6136,-22.1957]],[[-42.6131,-22.2025],[-42.6142,-22.2],[-42.6129,-22.2025],[-42.6131,-22.2025]]]}},{"type":"Feature","properties":{"cod_tema":"ARL_PROPOSTA","cod_imovel":"RJ-3303401-B284086FA2E84C0DBB97A65B111A8156","num_area":"15.728200000000000000000000000000","ind_status":"AT"},"geometry":{"type":"Polygon","coordinates":[[[-42.4524,-22.3226],[-42.453,-22.3196],[-42.4495,-22.3187],[-42.4511,-22.3226],[-42.4524,-22.3226]]]}},{"type":"Feature","properties":{"cod_tema":"ARL_PROPOSTA","cod_imovel":"RJ-3303401-B2915D020879490194D27313A49FC75F","num_area":"3.4009000000000000000000000000000","ind_status":"AT"},"geometry":{"type":"Polygon","coordinates":[[[-42.453,-22.3029],[-42.4543,-22.3002],[-42.4522,-22.3022],[-42.453,-22.3029]]]}},{"type":"Feature","properties":{"cod_tema":"ARL_PROPOSTA","cod_imovel":"RJ-3303401-B3897E20EB49419F83C37545C46912CC","num_area":"0.8193000000000000000000000000000","ind_status":"AT"},"geometry":{"type":"Polygon","coordinates":[[[-42.2955,-22.312],[-42.2968,-22.3094],[-42.2951,-22.3118],[-42.2955,-22.312]]]}},{"type":"Feature","properties":{"cod_tema":"ARL_PROPOSTA","cod_imovel":"RJ-3303401-B422A0CA982047F090C06A7F48AF1C8C","num_area":"8.4319000000000000000000000000000","ind_status":"AT"},"geometry":{"type":"Polygon","coordinates":[[[-42.6238,-22.216],[-42.6194,-22.2225],[-42.6237,-22.2163],[-42.6238,-22.216]]]}},{"type":"Feature","properties":{"cod_tema":"ARL_PROPOSTA","cod_imovel":"RJ-3303401-B5CBA575BE6D42409CB0D5E2BF967825","num_area":"10.572300000000000000000000000000","ind_status":"AT"},"geometry":{"type":"Polygon","coordinates":[[[-42.4004,-22.3583],[-42.3967,-22.3575],[-42.394,-22.36],[-42.3961,-22.3605],[-42.4004,-22.3583]]]}},{"type":"Feature","properties":{"cod_tema":"ARL_PROPOSTA","cod_imovel":"RJ-3303401-B490C5CB1BF4494ABD8AC7BEF4FCE15D","num_area":"34.181600000000000000000000000000","ind_status":"AT"},"geometry":{"type":"Polygon","coordinates":[[[-42.6349,-22.3422],[-42.632,-22.3487],[-42.6416,-22.3364],[-42.6349,-22.3422],[-42.6349,-22.3422]]]}},{"type":"Feature","properties":{"cod_tema":"ARL_PROPOSTA","cod_imovel":"RJ-3303401-B6FAFB6A23324F3CB963067F560901A5","num_area":"3.6832000000000000000000000000000","ind_status":"AT"},"geometry":{"type":"Polygon","coordinates":[[[-42.3,-22.3099],[-42.2966,-22.3098],[-42.3002,-22.3103],[-42.3,-22.3099]]]}},{"type":"Feature","properties":{"cod_tema":"ARL_PROPOSTA","cod_imovel":"RJ-3303401-B91FB3AD1DC945D29B18EE1C11B308D9","num_area":"19.738000000000000000000000000000","ind_status":"AT"},"geometry":{"type":"Polygon","coordinates":[[[-42.4695,-22.3525],[-42.4665,-22.3527],[-42.4677,-22.3591],[-42.4702,-22.3585],[-42.4695,-22.3525],[-42.4695,-22.3525]]]}},{"type":"Feature","properties":{"cod_tema":"ARL_PROPOSTA","cod_imovel":"RJ-3303401-B8E6959E10EB4CA7BAA798A2207EEC36","num_area":"3.7676000000000000000000000000000","ind_status":"AT"},"geometry":{"type":"Polygon","coordinates":[[[-42.5759,-22.309],[-42.5742,-22.311],[-42.577,-22.3096],[-42.5759,-22.309]]]}},{"type":"Feature","properties":{"cod_tema":"ARL_PROPOSTA","cod_imovel":"RJ-3303401-B9E422D253404EB2B46155229DB190B3","num_area":"49.368800000000000000000000000000","ind_status":"AT"},"geometry":{"type":"Polygon","coordinates":[[[-42.3917,-22.3132],[-42.3895,-22.3129],[-42.3916,-22.3131],[-42.3917,-22.3132]],[[-42.3836,-22.3159],[-42.3874,-22.3157],[-42.3863,-22.3107],[-42.3774,-22.3128],[-42.382,-22.3154],[-42.3836,-22.3159]]]}},{"type":"Feature","properties":{"cod_tema":"ARL_PROPOSTA","cod_imovel":"RJ-3303401-BAF23548EC3A442CA118246284DEF692","num_area":"3.3320000000000000000000000000000","ind_status":"AT"},"geometry":{"type":"Polygon","coordinates":[[[-42.6872,-22.3328],[-42.685,-22.3335],[-42.6872,-22.3327],[-42.6872,-22.3328]]]}},{"type":"Feature","properties":{"cod_tema":"ARL_PROPOSTA","cod_imovel":"RJ-3303401-BB0011622F164785BC6A0BD1415F8533","num_area":"7.2650000000000000000000000000000","ind_status":"AT"},"geometry":{"type":"Polygon","coordinates":[[[-42.3794,-22.301],[-42.3814,-22.2998],[-42.3792,-22.2999],[-42.3794,-22.301]],[[-42.3852,-22.2963],[-42.3852,-22.2939],[-42.385,-22.2963],[-42.3852,-22.2963]]]}},{"type":"Feature","properties":{"cod_tema":"ARL_PROPOSTA","cod_imovel":"RJ-3303401-BB9F91D2464A4B0ABDE2942796588016","num_area":"7.5496000000000000000000000000000","ind_status":"AT"},"geometry":{"type":"Polygon","coordinates":[[[-42.376,-22.3003],[-42.3712,-22.299],[-42.3763,-22.3004],[-42.376,-22.3003]]]}},{"type":"Feature","properties":{"cod_tema":"ARL_PROPOSTA","cod_imovel":"RJ-3303401-BC7AD805D5B84714BB36C9B03341D2B0","num_area":"2.5560000000000000000000000000000","ind_status":"AT"},"geometry":{"type":"Polygon","coordinates":[[[-42.6255,-22.2032],[-42.629,-22.2034],[-42.6259,-22.2031],[-42.6255,-22.2032]]]}},{"type":"Feature","properties":{"cod_tema":"ARL_PROPOSTA","cod_imovel":"RJ-3303401-BCE70B1CC3BD42ACBFFCE087025F1C74","num_area":"9.4866000000000000000000000000000","ind_status":"AT"},"geometry":{"type":"Polygon","coordinates":[[[-42.4414,-22.4213],[-42.443,-22.4241],[-42.4446,-22.4218],[-42.444,-22.4245],[-42.4449,-22.4218],[-42.4416,-22.4213],[-42.4414,-22.4213]]]}},{"type":"Feature","properties":{"cod_tema":"ARL_PROPOSTA","cod_imovel":"RJ-3303401-BD7D2A42F1D4432180202F0C1BCE10EF","num_area":"7.3400000000000000000000000000000","ind_status":"AT"},"geometry":{"type":"Polygon","coordinates":[[[-42.6158,-22.2422],[-42.615,-22.2442],[-42.6159,-22.2422],[-42.6158,-22.2422]],[[-42.6079,-22.2444],[-42.6129,-22.2448],[-42.608,-22.2444],[-42.6079,-22.2444]]]}},{"type":"Feature","properties":{"cod_tema":"ARL_PROPOSTA","cod_imovel":"RJ-3303401-BCC48DCE3DD24B1781BA397DDEB8CB2A","num_area":"6.4242000000000000000000000000000","ind_status":"AT"},"geometry":{"type":"Polygon","coordinates":[[[-42.6005,-22.2925],[-42.6005,-22.2959],[-42.6006,-22.2925],[-42.6005,-22.2925]]]}},{"type":"Feature","properties":{"cod_tema":"ARL_PROPOSTA","cod_imovel":"RJ-3303401-BD0FFE6F5248425B9A688726B1CCA0E1","num_area":"7.9039000000000000000000000000000","ind_status":"AT"},"geometry":{"type":"Polygon","coordinates":[[[-42.489,-22.4268],[-42.4913,-22.4314],[-42.4905,-22.4268],[-42.489,-22.4268]]]}},{"type":"Feature","properties":{"cod_tema":"ARL_PROPOSTA","cod_imovel":"RJ-3303401-BE233808FCE84B59858814EEDE5AEAA8","num_area":"5.6399000000000000000000000000000","ind_status":"AT"},"geometry":{"type":"Polygon","coordinates":[[[-42.6507,-22.3143],[-42.6536,-22.3169],[-42.6507,-22.3142],[-42.6507,-22.3143]],[[-42.6554,-22.3155],[-42.6533,-22.3142],[-42.6554,-22.3156],[-42.6554,-22.3155]],[[-42.6512,-22.3129],[-42.6557,-22.3157],[-42.6513,-22.313],[-42.6512,-22.3129]]]}},{"type":"Feature","properties":{"cod_tema":"ARL_PROPOSTA","cod_imovel":"RJ-3303401-BE6D0C8BD6084E7DA0FCE4625FCA4901","num_area":"2.8974000000000000000000000000000","ind_status":"AT"},"geometry":{"type":"Polygon","coordinates":[[[-42.5376,-22.2352],[-42.5405,-22.2358],[-42.5378,-22.235],[-42.5376,-22.2352]]]}},{"type":"Feature","properties":{"cod_tema":"ARL_PROPOSTA","cod_imovel":"RJ-3303401-BF109DEA38E84430BECA87944823B550","num_area":"4.3712000000000000000000000000000","ind_status":"AT"},"geometry":{"type":"Polygon","coordinates":[[[-42.4981,-22.2029],[-42.4962,-22.2046],[-42.499,-22.2042],[-42.4981,-22.2029]]]}},{"type":"Feature","properties":{"cod_tema":"ARL_PROPOSTA","cod_imovel":"RJ-3303401-BF8390C42E504839A0436D3D4C426A99","num_area":"1.8565000000000000000000000000000","ind_status":"AT"},"geometry":{"type":"Polygon","coordinates":[[[-42.6424,-22.302],[-42.645,-22.3005],[-42.6427,-22.3018],[-42.6424,-22.302]]]}},{"type":"Feature","properties":{"cod_tema":"ARL_PROPOSTA","cod_imovel":"RJ-3303401-BEAD4273983A438DA68A85B17681EB0B","num_area":"3.9152000000000000000000000000000","ind_status":"AT"},"geometry":{"type":"Polygon","coordinates":[[[-42.488,-22.3804],[-42.4866,-22.382],[-42.4881,-22.3804],[-42.488,-22.3804]]]}},{"type":"Feature","properties":{"cod_tema":"ARL_PROPOSTA","cod_imovel":"RJ-3303401-BF3CFD7228034ABB83666F71DF8C26DB","num_area":"12.986800000000000000000000000000","ind_status":"AT"},"geometry":{"type":"Polygon","coordinates":[[[-42.6184,-22.314],[-42.6137,-22.3151],[-42.6177,-22.3158],[-42.6184,-22.314]]]}},{"type":"Feature","properties":{"cod_tema":"ARL_PROPOSTA","cod_imovel":"RJ-3303401-C1AF93F33E4B4470B45695CB8926CDEC","num_area":"20.229400000000000000000000000000","ind_status":"AT"},"geometry":{"type":"Polygon","coordinates":[[[-42.5373,-22.1791],[-42.5397,-22.1842],[-42.5407,-22.1793],[-42.5376,-22.1792],[-42.5373,-22.1791]],[[-42.5378,-22.1736],[-42.5374,-22.1771],[-42.5401,-22.175],[-42.5378,-22.1736]],[[-42.5383,-22.1773],[-42.5411,-22.1758],[-42.5385,-22.1772],[-42.5383,-22.1773]]]}},{"type":"Feature","properties":{"cod_tema":"ARL_PROPOSTA","cod_imovel":"RJ-3303401-C1D3090FBDC147558B489162730671AE","num_area":"17.368500000000000000000000000000","ind_status":"AT"},"geometry":{"type":"Polygon","coordinates":[[[-42.6897,-22.254],[-42.6898,-22.2589],[-42.6897,-22.254],[-42.6897,-22.254]],[[-42.6974,-22.2566],[-42.6959,-22.2536],[-42.6936,-22.2547],[-42.6974,-22.2564],[-42.6974,-22.2566]],[[-42.6959,-22.2536],[-42.6899,-22.2539],[-42.6936,-22.2565],[-42.6959,-22.2536],[-42.6959,-22.2536]]]}},{"type":"Feature","properties":{"cod_tema":"ARL_PROPOSTA","cod_imovel":"RJ-3303401-C2EBC06122C843C5BF58A64D4706245F","num_area":"2.3184000000000000000000000000000","ind_status":"AT"},"geometry":{"type":"Polygon","coordinates":[[[-42.664,-22.2184],[-42.6619,-22.2199],[-42.6643,-22.2184],[-42.664,-22.2184]]]}},{"type":"Feature","properties":{"cod_tema":"ARL_PROPOSTA","cod_imovel":"RJ-3303401-C32AE01FFD954503801BB11B768DDC6B","num_area":"3.8747000000000000000000000000000","ind_status":"AT"},"geometry":{"type":"Polygon","coordinates":[[[-42.3792,-22.296],[-42.3792,-22.2996],[-42.3792,-22.2956],[-42.3792,-22.296]]]}},{"type":"Feature","properties":{"cod_tema":"ARL_PROPOSTA","cod_imovel":"RJ-3303401-C2F7C3778E9C46F2864C9DD3FEF8C78F","num_area":"8.4723000000000000000000000000000","ind_status":"AT"},"geometry":{"type":"Polygon","coordinates":[[[-42.5186,-22.3689],[-42.5213,-22.3694],[-42.5197,-22.3659],[-42.5186,-22.3689]]]}},{"type":"Feature","properties":{"cod_tema":"ARL_PROPOSTA","cod_imovel":"RJ-3303401-C39ED6E4162044388F50F64B7E96256E","num_area":"9.6043000000000000000000000000000","ind_status":"AT"},"geometry":{"type":"Polygon","coordinates":[[[-42.6729,-22.2638],[-42.6766,-22.2713],[-42.678,-22.2665],[-42.6763,-22.2681],[-42.673,-22.2638],[-42.6729,-22.2638]],[[-42.6764,-22.2631],[-42.6757,-22.2662],[-42.6765,-22.2634],[-42.6764,-22.2631]]]}},{"type":"Feature","properties":{"cod_tema":"ARL_PROPOSTA","cod_imovel":"RJ-3303401-C3ADBAB5ACE6456195CA1659D749E56C","num_area":"6.9024000000000000000000000000000","ind_status":"AT"},"geometry":{"type":"Polygon","coordinates":[[[-42.4559,-22.2992],[-42.461,-22.2941],[-42.4595,-22.2918],[-42.4557,-22.2977],[-42.4559,-22.2992]]]}},{"type":"Feature","properties":{"cod_tema":"ARL_PROPOSTA","cod_imovel":"RJ-3303401-C514DDD113C342639D7C593495A50E44","num_area":"16.831700000000000000000000000000","ind_status":"AT"},"geometry":{"type":"Polygon","coordinates":[[[-42.6685,-22.2893],[-42.6685,-22.287],[-42.6684,-22.2892],[-42.6685,-22.2893]],[[-42.6681,-22.2872],[-42.6623,-22.2902],[-42.6672,-22.2899],[-42.6646,-22.2936],[-42.669,-22.2912],[-42.6682,-22.2875],[-42.6681,-22.2872]]]}},{"type":"Feature","properties":{"cod_tema":"ARL_PROPOSTA","cod_imovel":"RJ-3303401-C59D0BBFC41F42209D1901857F12D231","num_area":"2.6395000000000000000000000000000","ind_status":"AT"},"geometry":{"type":"Polygon","coordinates":[[[-42.5983,-22.2721],[-42.5964,-22.2737],[-42.5991,-22.2737],[-42.5983,-22.2721]]]}},{"type":"Feature","properties":{"cod_tema":"ARL_PROPOSTA","cod_imovel":"RJ-3303401-C682E655C61F4DBBB62076CA37562475","num_area":"4.7487000000000000000000000000000","ind_status":"AT"},"geometry":{"type":"Polygon","coordinates":[[[-42.628,-22.3181],[-42.628,-22.3209],[-42.6281,-22.3181],[-42.628,-22.3181]]]}},{"type":"Feature","properties":{"cod_tema":"ARL_PROPOSTA","cod_imovel":"RJ-3303401-C6D04AD2D6FF4BB2ADF77E9A9E442976","num_area":"21.336800000000000000000000000000","ind_status":"AT"},"geometry":{"type":"Polygon","coordinates":[[[-42.361,-22.3521],[-42.3616,-22.346],[-42.3565,-22.3496],[-42.361,-22.3521]]]}},{"type":"Feature","properties":{"cod_tema":"ARL_PROPOSTA","cod_imovel":"RJ-3303401-C722E254C0504D9AABE2CC662169160F","num_area":"1.4513000000000000000000000000000","ind_status":"AT"},"geometry":{"type":"Polygon","coordinates":[[[-42.6408,-22.3091],[-42.6405,-22.3115],[-42.6408,-22.3089],[-42.6408,-22.3091]]]}},{"type":"Feature","properties":{"cod_tema":"ARL_PROPOSTA","cod_imovel":"RJ-3303401-C880476B3A964149B6009062161CC4A8","num_area":"5.7074000000000000000000000000000","ind_status":"AT"},"geometry":{"type":"Polygon","coordinates":[[[-42.5629,-22.3142],[-42.5604,-22.3157],[-42.5627,-22.3169],[-42.5629,-22.3142]]]}},{"type":"Feature","properties":{"cod_tema":"ARL_PROPOSTA","cod_imovel":"RJ-3303401-C793758D282045899761A60D3BABBFD7","num_area":"9.4061000000000000000000000000000","ind_status":"AT"},"geometry":{"type":"Polygon","coordinates":[[[-42.2798,-22.3076],[-42.2743,-22.3067],[-42.2798,-22.3089],[-42.2798,-22.3076]]]}},{"type":"Feature","properties":{"cod_tema":"ARL_PROPOSTA","cod_imovel":"RJ-3303401-C82B9B87F5BB49BAB45CA2A88D912A91","num_area":"7.8995000000000000000000000000000","ind_status":"AT"},"geometry":{"type":"Polygon","coordinates":[[[-42.4482,-22.3157],[-42.4508,-22.3158],[-42.4478,-22.3138],[-42.4482,-22.3157]]]}},{"type":"Feature","properties":{"cod_tema":"ARL_PROPOSTA","cod_imovel":"RJ-3303401-C857C93E276F4DE89F999521F3A51E44","num_area":"6.8485000000000000000000000000000","ind_status":"AT"},"geometry":{"type":"Polygon","coordinates":[[[-42.6575,-22.209],[-42.6543,-22.2116],[-42.656,-22.2104],[-42.6575,-22.209]]]}},{"type":"Feature","properties":{"cod_tema":"ARL_PROPOSTA","cod_imovel":"RJ-3303401-C7DE1974A98A43CA918435BC1E9654CA","num_area":"4.9174000000000000000000000000000","ind_status":"AT"},"geometry":{"type":"Polygon","coordinates":[[[-42.3552,-22.3945],[-42.3584,-22.3957],[-42.3554,-22.394],[-42.3552,-22.3945]]]}},{"type":"Feature","properties":{"cod_tema":"ARL_PROPOSTA","cod_imovel":"RJ-3303401-C8CF31E3CBDB4CB4BC754635CD7299A0","num_area":"10.653500000000000000000000000000","ind_status":"AT"},"geometry":{"type":"Polygon","coordinates":[[[-42.4579,-22.2789],[-42.4483,-22.2788],[-42.4576,-22.2791],[-42.4579,-22.2789]]]}},{"type":"Feature","properties":{"cod_tema":"ARL_PROPOSTA","cod_imovel":"RJ-3303401-C9B60B8C98514837AACB6EBE8B8BF18D","num_area":"9.8869000000000000000000000000000","ind_status":"AT"},"geometry":{"type":"Polygon","coordinates":[[[-42.3202,-22.3835],[-42.3206,-22.3865],[-42.3253,-22.3862],[-42.3205,-22.3832],[-42.3202,-22.3835]]]}},{"type":"Feature","properties":{"cod_tema":"ARL_PROPOSTA","cod_imovel":"RJ-3303401-CA166BE5EE4C46BD9CB8A7A01FE3FA6A","num_area":"5.4973000000000000000000000000000","ind_status":"AT"},"geometry":{"type":"Polygon","coordinates":[[[-42.5329,-22.3295],[-42.5295,-22.3312],[-42.5336,-22.3305],[-42.5329,-22.3295]]]}},{"type":"Feature","properties":{"cod_tema":"ARL_PROPOSTA","cod_imovel":"RJ-3303401-CA3B2C13ABC944C99270C2F1BCB7E67C","num_area":"2.2879000000000000000000000000000","ind_status":"AT"},"geometry":{"type":"Polygon","coordinates":[[[-42.5174,-22.1872],[-42.5159,-22.1843],[-42.5171,-22.1869],[-42.5174,-22.1872]]]}},{"type":"Feature","properties":{"cod_tema":"ARL_PROPOSTA","cod_imovel":"RJ-3303401-CA4289222E2E4DE89156A17A6A72E0B9","num_area":"7.8165000000000000000000000000000","ind_status":"AT"},"geometry":{"type":"Polygon","coordinates":[[[-42.6968,-22.3351],[-42.6998,-22.3312],[-42.6967,-22.3351],[-42.6968,-22.3351]],[[-42.6999,-22.3312],[-42.6949,-22.3337],[-42.6994,-22.3314],[-42.6999,-22.3312]]]}},{"type":"Feature","properties":{"cod_tema":"ARL_PROPOSTA","cod_imovel":"RJ-3303401-CAB782A836A84344A6BF9A9D388906F1","num_area":"26.358200000000000000000000000000","ind_status":"AT"},"geometry":{"type":"Polygon","coordinates":[[[-42.2688,-22.3603],[-42.2614,-22.3561],[-42.2647,-22.3638],[-42.2694,-22.3605],[-42.2688,-22.3603]]]}},{"type":"Feature","properties":{"cod_tema":"ARL_PROPOSTA","cod_imovel":"RJ-3303401-CC0AD314883E49C99A15EC0593C67237","num_area":"13.750800000000000000000000000000","ind_status":"AT"},"geometry":{"type":"Polygon","coordinates":[[[-42.6509,-22.231],[-42.6478,-22.2304],[-42.6516,-22.232],[-42.6509,-22.231]],[[-42.6594,-22.2329],[-42.6589,-22.2306],[-42.6549,-22.2321],[-42.6588,-22.233],[-42.6594,-22.2329]]]}},{"type":"Feature","properties":{"cod_tema":"ARL_PROPOSTA","cod_imovel":"RJ-3303401-CD10908DF3D041A587B6D2F8A08029CF","num_area":"2.4101000000000000000000000000000","ind_status":"AT"},"geometry":{"type":"Polygon","coordinates":[[[-42.4205,-22.3072],[-42.4216,-22.3054],[-42.4198,-22.3069],[-42.4205,-22.3072]]]}},{"type":"Feature","properties":{"cod_tema":"ARL_PROPOSTA","cod_imovel":"RJ-3303401-CD282AE57BAD46E5B46C784199EA21C9","num_area":"11.901100000000000000000000000000","ind_status":"AT"},"geometry":{"type":"Polygon","coordinates":[[[-42.4351,-22.2727],[-42.4313,-22.2708],[-42.4301,-22.2735],[-42.4344,-22.2722],[-42.4351,-22.2727]],[[-42.4283,-22.2767],[-42.4311,-22.2774],[-42.4287,-22.2768],[-42.4283,-22.2767]]]}},{"type":"Feature","properties":{"cod_tema":"ARL_PROPOSTA","cod_imovel":"RJ-3303401-CD2BF703CEE44B859FA411EFE9AA46C0","num_area":"0.9018000000000000000000000000000","ind_status":"AT"},"geometry":{"type":"Polygon","coordinates":[[[-42.5017,-22.2339],[-42.5032,-22.232],[-42.5017,-22.2339],[-42.5017,-22.2339]]]}},{"type":"Feature","properties":{"cod_tema":"ARL_PROPOSTA","cod_imovel":"RJ-3303401-CE5F316BFE01435689D0AB33A75CA428","num_area":"30.802600000000000000000000000000","ind_status":"AT"},"geometry":{"type":"Polygon","coordinates":[[[-42.2672,-22.304],[-42.2723,-22.3038],[-42.2757,-22.2978],[-42.2696,-22.2986],[-42.273,-22.2995],[-42.2716,-22.3019],[-42.2679,-22.3003],[-42.2672,-22.304]]]}},{"type":"Feature","properties":{"cod_tema":"ARL_PROPOSTA","cod_imovel":"RJ-3303401-CF5D3E01D40047519ED89CDD01DD2986","num_area":"8.1564000000000000000000000000000","ind_status":"AT"},"geometry":{"type":"Polygon","coordinates":[[[-42.3506,-22.3352],[-42.3522,-22.3366],[-42.3507,-22.335],[-42.3506,-22.3352]],[[-42.3498,-22.3393],[-42.3525,-22.3404],[-42.3498,-22.3392],[-42.3498,-22.3393]],[[-42.3523,-22.3377],[-42.3503,-22.3385],[-42.3523,-22.3388],[-42.3523,-22.3377]]]}},{"type":"Feature","properties":{"cod_tema":"ARL_PROPOSTA","cod_imovel":"RJ-3303401-CF86FD188BE34FE885CDE8676C3C8CE9","num_area":"28.064400000000000000000000000000","ind_status":"AT"},"geometry":{"type":"Polygon","coordinates":[[[-42.6246,-22.2048],[-42.6225,-22.2077],[-42.6252,-22.2095],[-42.6274,-22.2093],[-42.6254,-22.2063],[-42.6316,-22.2044],[-42.6252,-22.2041],[-42.6246,-22.2048]]]}},{"type":"Feature","properties":{"cod_tema":"ARL_PROPOSTA","cod_imovel":"RJ-3303401-CF31F1F63C0649F0A39AA7770EEDE735","num_area":"14.382100000000000000000000000000","ind_status":"AT"},"geometry":{"type":"Polygon","coordinates":[[[-42.2752,-22.3632],[-42.2767,-22.3656],[-42.2752,-22.3631],[-42.2752,-22.3632]],[[-42.278,-22.3632],[-42.2792,-22.3689],[-42.2811,-22.3642],[-42.2782,-22.3632],[-42.278,-22.3632]]]}},{"type":"Feature","properties":{"cod_tema":"ARL_PROPOSTA","cod_imovel":"RJ-3303401-CFE2BB8AC5894342899E0BE13C4D7A6E","num_area":"6.8071000000000000000000000000000","ind_status":"AT"},"geometry":{"type":"Polygon","coordinates":[[[-42.3216,-22.3609],[-42.3271,-22.3602],[-42.3216,-22.3605],[-42.3216,-22.3609]]]}},{"type":"Feature","properties":{"cod_tema":"ARL_PROPOSTA","cod_imovel":"RJ-3303401-D05967B6583542C1974CAD34D019C8D9","num_area":"12.260000000000000000000000000000","ind_status":"AT"},"geometry":{"type":"Polygon","coordinates":[[[-42.5039,-22.436],[-42.5069,-22.4361],[-42.5047,-22.4319],[-42.5039,-22.436]]]}},{"type":"Feature","properties":{"cod_tema":"ARL_PROPOSTA","cod_imovel":"RJ-3303401-D1219416B0DE44EC92B2864103A65F1D","num_area":"5.6888000000000000000000000000000","ind_status":"AT"},"geometry":{"type":"Polygon","coordinates":[[[-42.6112,-22.2094],[-42.6144,-22.2104],[-42.6117,-22.2091],[-42.6112,-22.2094]]]}},{"type":"Feature","properties":{"cod_tema":"ARL_PROPOSTA","cod_imovel":"RJ-3303401-D15456CE398143C18C558CD6458DF248","num_area":"16.649500000000000000000000000000","ind_status":"AT"},"geometry":{"type":"Polygon","coordinates":[[[-42.4772,-22.2864],[-42.4812,-22.2876],[-42.4801,-22.2845],[-42.4765,-22.2848],[-42.4772,-22.2864]]]}},{"type":"Feature","properties":{"cod_tema":"ARL_PROPOSTA","cod_imovel":"RJ-3303401-D243E25D31554F3F99F80DF503149ED0","num_area":"3.1904000000000000000000000000000","ind_status":"AT"},"geometry":{"type":"Polygon","coordinates":[[[-42.4065,-22.3088],[-42.4068,-22.3112],[-42.4066,-22.3088],[-42.4065,-22.3088]],[[-42.4064,-22.3088],[-42.4068,-22.3113],[-42.4064,-22.3089],[-42.4064,-22.3088]]]}},{"type":"Feature","properties":{"cod_tema":"ARL_PROPOSTA","cod_imovel":"RJ-3303401-D2B0F6EB6397464986E1025CB0862EAC","num_area":"6.4179000000000000000000000000000","ind_status":"AT"},"geometry":{"type":"Polygon","coordinates":[[[-42.3457,-22.3893],[-42.3481,-22.3901],[-42.3463,-22.3889],[-42.3457,-22.3893]],[[-42.3467,-22.3938],[-42.3491,-22.3937],[-42.347,-22.3935],[-42.3467,-22.3938]]]}},{"type":"Feature","properties":{"cod_tema":"ARL_PROPOSTA","cod_imovel":"RJ-3303401-D40080AC98E1456991E27BD764516D36","num_area":"2.5856000000000000000000000000000","ind_status":"AT"},"geometry":{"type":"Polygon","coordinates":[[[-42.4099,-22.2792],[-42.4084,-22.2807],[-42.4102,-22.2794],[-42.4099,-22.2792]]]}},{"type":"Feature","properties":{"cod_tema":"ARL_PROPOSTA","cod_imovel":"RJ-3303401-D40B6E98AECD4968B4409146CDCDA61A","num_area":"2.0221000000000000000000000000000","ind_status":"AT"},"geometry":{"type":"Polygon","coordinates":[[[-42.6971,-22.3368],[-42.6971,-22.339],[-42.6973,-22.337],[-42.6971,-22.3368]]]}},{"type":"Feature","properties":{"cod_tema":"ARL_PROPOSTA","cod_imovel":"RJ-3303401-D43401C3D08D40A69E38C9BCE7D0B93A","num_area":"56.357200000000000000000000000000","ind_status":"AT"},"geometry":{"type":"Polygon","coordinates":[[[-42.27,-22.4001],[-42.2668,-22.3907],[-42.2649,-22.3937],[-42.2684,-22.3984],[-42.27,-22.4001]],[[-42.2715,-22.4001],[-42.2694,-22.3968],[-42.2713,-22.4001],[-42.2715,-22.4001]],[[-42.2674,-22.3931],[-42.2708,-22.3913],[-42.2666,-22.3896],[-42.2674,-22.3931],[-42.2674,-22.3931]],[[-42.2714,-22.3928],[-42.2758,-22.394],[-42.2716,-22.3926],[-42.2714,-22.3928]],[[-42.2722,-22.3952],[-42.2737,-22.3978],[-42.2768,-22.3962],[-42.2769,-22.3996],[-42.2758,-22.3941],[-42.2723,-22.3951],[-42.2722,-22.3952]],[[-42.272,-22.3954],[-42.2732,-22.3977],[-42.272,-22.3954],[-42.272,-22.3954]],[[-42.2778,-22.3981],[-42.2759,-22.3936],[-42.2778,-22.3978],[-42.2778,-22.3981]]]}},{"type":"Feature","properties":{"cod_tema":"ARL_PROPOSTA","cod_imovel":"RJ-3303401-D4DB7F0DB1674FEE8EEF848221D8AEDA","num_area":"14.202300000000000000000000000000","ind_status":"AT"},"geometry":{"type":"Polygon","coordinates":[[[-42.596,-22.2229],[-42.5925,-22.2236],[-42.5934,-22.2273],[-42.596,-22.2229],[-42.596,-22.2229]]]}},{"type":"Feature","properties":{"cod_tema":"ARL_PROPOSTA","cod_imovel":"RJ-3303401-D4FC944AB0A941B093575407E03D130F","num_area":"9.6344000000000000000000000000000","ind_status":"AT"},"geometry":{"type":"Polygon","coordinates":[[[-42.4442,-22.2509],[-42.4406,-22.2481],[-42.4436,-22.2494],[-42.4442,-22.2509]]]}},{"type":"Feature","properties":{"cod_tema":"ARL_PROPOSTA","cod_imovel":"RJ-3303401-D547FC466CA6407CA8D5BBFAE20E43AF","num_area":"27.813000000000000000000000000000","ind_status":"AT"},"geometry":{"type":"Polygon","coordinates":[[[-42.553,-22.1679],[-42.5551,-22.1663],[-42.553,-22.1679],[-42.553,-22.1679]],[[-42.5548,-22.1664],[-42.553,-22.1679],[-42.5548,-22.1667],[-42.5548,-22.1664]],[[-42.5491,-22.1723],[-42.5499,-22.1753],[-42.5552,-22.1736],[-42.5572,-22.1636],[-42.5544,-22.1742],[-42.5492,-22.1723],[-42.5491,-22.1723]]]}},{"type":"Feature","properties":{"cod_tema":"ARL_PROPOSTA","cod_imovel":"RJ-3303401-D5C8D0B56FB543AA9C3EB7A9057A270B","num_area":"4.2084000000000000000000000000000","ind_status":"AT"},"geometry":{"type":"Polygon","coordinates":[[[-42.5636,-22.1731],[-42.5607,-22.1726],[-42.5636,-22.1733],[-42.5636,-22.1731]]]}},{"type":"Feature","properties":{"cod_tema":"ARL_PROPOSTA","cod_imovel":"RJ-3303401-E078CB98613B47CC8A49C12A9371B69F","num_area":"28.128800000000000000000000000000","ind_status":"AT"},"geometry":{"type":"Polygon","coordinates":[[[-42.4127,-22.2993],[-42.4161,-22.2943],[-42.4113,-22.2985],[-42.4127,-22.2993]],[[-42.4118,-22.2968],[-42.415,-22.2941],[-42.4083,-22.2932],[-42.4083,-22.2968],[-42.4118,-22.2969],[-42.4118,-22.2968]]]}},{"type":"Feature","properties":{"cod_tema":"ARL_PROPOSTA","cod_imovel":"RJ-3303401-D6F79749BB734832A312117B57300B41","num_area":"3.4276000000000000000000000000000","ind_status":"AT"},"geometry":{"type":"Polygon","coordinates":[[[-42.6522,-22.368],[-42.6535,-22.3664],[-42.6522,-22.368],[-42.6522,-22.368]]]}},{"type":"Feature","properties":{"cod_tema":"ARL_PROPOSTA","cod_imovel":"RJ-3303401-D747744F9FA2480CA056E6182392E2B2","num_area":"1.2168000000000000000000000000000","ind_status":"AT"},"geometry":{"type":"Polygon","coordinates":[[[-42.6524,-22.307],[-42.6516,-22.3091],[-42.6528,-22.3072],[-42.6524,-22.307]]]}},{"type":"Feature","properties":{"cod_tema":"ARL_PROPOSTA","cod_imovel":"RJ-3303401-D7677F8277C541749FD6488887BDF8F9","num_area":"2.6801000000000000000000000000000","ind_status":"AT"},"geometry":{"type":"Polygon","coordinates":[[[-42.5073,-22.2209],[-42.5039,-22.2197],[-42.5071,-22.2217],[-42.5073,-22.2209]]]}},{"type":"Feature","properties":{"cod_tema":"ARL_PROPOSTA","cod_imovel":"RJ-3303401-D79CB41C773B4114A18250E88ABC279F","num_area":"10.003500000000000000000000000000","ind_status":"AT"},"geometry":{"type":"Polygon","coordinates":[[[-42.5145,-22.3727],[-42.5121,-22.3692],[-42.5107,-22.3714],[-42.5145,-22.3727]]]}},{"type":"Feature","properties":{"cod_tema":"ARL_PROPOSTA","cod_imovel":"RJ-3303401-D78BD02C1FC14B428AE2E3802041A205","num_area":"5.1678000000000000000000000000000","ind_status":"AT"},"geometry":{"type":"Polygon","coordinates":[[[-42.4036,-22.3649],[-42.4048,-22.3678],[-42.4042,-22.3651],[-42.4036,-22.3649]]]}},{"type":"Feature","properties":{"cod_tema":"ARL_PROPOSTA","cod_imovel":"RJ-3303401-D8DD5CA4B31B4B6BAD97089DA151CF78","num_area":"2.1609000000000000000000000000000","ind_status":"AT"},"geometry":{"type":"Polygon","coordinates":[[[-42.6882,-22.2608],[-42.6863,-22.2626],[-42.6888,-22.2602],[-42.6882,-22.2608]]]}},{"type":"Feature","properties":{"cod_tema":"ARL_PROPOSTA","cod_imovel":"RJ-3303401-DB3D0401F91B4278923FD847ED2A5B10","num_area":"31.105300000000000000000000000000","ind_status":"AT"},"geometry":{"type":"Polygon","coordinates":[[[-42.5874,-22.2439],[-42.5824,-22.2515],[-42.5897,-22.2454],[-42.5874,-22.2439]]]}},{"type":"Feature","properties":{"cod_tema":"ARL_PROPOSTA","cod_imovel":"RJ-3303401-DC9B587DB035446898603FD767D6D529","num_area":"6.7022000000000000000000000000000","ind_status":"AT"},"geometry":{"type":"Polygon","coordinates":[[[-42.5917,-22.2414],[-42.5924,-22.2386],[-42.5895,-22.2386],[-42.5917,-22.2414],[-42.5917,-22.2414]]]}},{"type":"Feature","properties":{"cod_tema":"ARL_PROPOSTA","cod_imovel":"RJ-3303401-DC5BB1A9672448B1AED503EE077AB437","num_area":"7.5943000000000000000000000000000","ind_status":"AT"},"geometry":{"type":"Polygon","coordinates":[[[-42.6557,-22.342],[-42.6521,-22.3397],[-42.6504,-22.3419],[-42.6557,-22.342]]]}},{"type":"Feature","properties":{"cod_tema":"ARL_PROPOSTA","cod_imovel":"RJ-3303401-DE240EB03E9C4503928CB5D1D09D6ADC","num_area":"0.8509000000000000000000000000000","ind_status":"AT"},"geometry":{"type":"Polygon","coordinates":[[[-42.6691,-22.28],[-42.6695,-22.2827],[-42.6692,-22.2801],[-42.6691,-22.28]]]}},{"type":"Feature","properties":{"cod_tema":"ARL_PROPOSTA","cod_imovel":"RJ-3303401-E27EC468A8B94BD3A5BC44A05CF5ED75","num_area":"9.2509000000000000000000000000000","ind_status":"AT"},"geometry":{"type":"Polygon","coordinates":[[[-42.267,-22.3116],[-42.2644,-22.3128],[-42.2693,-22.3138],[-42.267,-22.3116]]]}},{"type":"Feature","properties":{"cod_tema":"ARL_PROPOSTA","cod_imovel":"RJ-3303401-E2D5100CE8ED46B6B58943E0DA2CCAF5","num_area":"1.5691000000000000000000000000000","ind_status":"AT"},"geometry":{"type":"Polygon","coordinates":[[[-42.4135,-22.3655],[-42.4119,-22.3669],[-42.4136,-22.3656],[-42.4135,-22.3655]]]}},{"type":"Feature","properties":{"cod_tema":"ARL_PROPOSTA","cod_imovel":"RJ-3303401-E293D7858BB0415CA5DE4B5047774688","num_area":"3.2434000000000000000000000000000","ind_status":"AT"},"geometry":{"type":"Polygon","coordinates":[[[-42.3297,-22.4105],[-42.3328,-22.4082],[-42.3297,-22.4104],[-42.3297,-22.4105]]]}},{"type":"Feature","properties":{"cod_tema":"ARL_PROPOSTA","cod_imovel":"RJ-3303401-E36777AF19294C2D9CDFEDA9D44A2EFC","num_area":"2.2015000000000000000000000000000","ind_status":"AT"},"geometry":{"type":"Polygon","coordinates":[[[-42.5275,-22.1995],[-42.5299,-22.2006],[-42.5276,-22.1995],[-42.5275,-22.1995]]]}},{"type":"Feature","properties":{"cod_tema":"ARL_PROPOSTA","cod_imovel":"RJ-3303401-E41CDB3E7503415CA5773D670D441372","num_area":"7.5656000000000000000000000000000","ind_status":"AT"},"geometry":{"type":"Polygon","coordinates":[[[-42.3062,-22.3981],[-42.3059,-22.4006],[-42.3064,-22.3981],[-42.3062,-22.3981]],[[-42.3029,-22.3976],[-42.3047,-22.4012],[-42.3032,-22.3981],[-42.3029,-22.3976]],[[-42.3053,-22.3952],[-42.304,-22.3971],[-42.3055,-22.3956],[-42.3053,-22.3952]]]}},{"type":"Feature","properties":{"cod_tema":"ARL_PROPOSTA","cod_imovel":"RJ-3303401-E4C655DD4FEE47EC835B76742619F551","num_area":"4.7442000000000000000000000000000","ind_status":"AT"},"geometry":{"type":"Polygon","coordinates":[[[-42.3275,-22.3616],[-42.3236,-22.3618],[-42.3275,-22.3616],[-42.3275,-22.3616]]]}},{"type":"Feature","properties":{"cod_tema":"ARL_PROPOSTA","cod_imovel":"RJ-3303401-E4EA15E9FE7145CD874C4CB5190CA85E","num_area":"37.050900000000000000000000000000","ind_status":"AT"},"geometry":{"type":"Polygon","coordinates":[[[-42.2981,-22.4031],[-42.3015,-22.3952],[-42.3003,-22.399],[-42.2997,-22.3964],[-42.2965,-22.3991],[-42.2981,-22.4031]],[[-42.2924,-22.3868],[-42.2912,-22.3907],[-42.2942,-22.3922],[-42.2962,-22.3902],[-42.2924,-22.3865],[-42.2924,-22.3868]]]}},{"type":"Feature","properties":{"cod_tema":"ARL_PROPOSTA","cod_imovel":"RJ-3303401-E7FAA105B3D344DEB1FBD3790E8951FA","num_area":"6.9829000000000000000000000000000","ind_status":"AT"},"geometry":{"type":"Polygon","coordinates":[[[-42.5039,-22.436],[-42.5068,-22.436],[-42.5043,-22.4336],[-42.5039,-22.436]]]}},{"type":"Feature","properties":{"cod_tema":"ARL_PROPOSTA","cod_imovel":"RJ-3303401-E69EE40C15EE42AD919EC6FDBFC28781","num_area":"3.9248000000000000000000000000000","ind_status":"AT"},"geometry":{"type":"Polygon","coordinates":[[[-42.2875,-22.3134],[-42.2902,-22.315],[-42.2895,-22.3125],[-42.2875,-22.3134]]]}},{"type":"Feature","properties":{"cod_tema":"ARL_PROPOSTA","cod_imovel":"RJ-3303401-E6CDAC7ED7FF490BB588012C1AC8DE12","num_area":"2.8478000000000000000000000000000","ind_status":"AT"},"geometry":{"type":"Polygon","coordinates":[[[-42.5579,-22.1959],[-42.5609,-22.1962],[-42.5576,-22.1958],[-42.5579,-22.1959]]]}},{"type":"Feature","properties":{"cod_tema":"ARL_PROPOSTA","cod_imovel":"RJ-3303401-E7533A46CE5F4161978E590A5987C9C2","num_area":"2.3549000000000000000000000000000","ind_status":"AT"},"geometry":{"type":"Polygon","coordinates":[[[-42.5076,-22.2607],[-42.506,-22.2623],[-42.5079,-22.2607],[-42.5076,-22.2607]]]}},{"type":"Feature","properties":{"cod_tema":"ARL_PROPOSTA","cod_imovel":"RJ-3303401-E7979F9F153541258449CABDD3D47CEB","num_area":"3.5372000000000000000000000000000","ind_status":"AT"},"geometry":{"type":"Polygon","coordinates":[[[-42.6022,-22.2588],[-42.599,-22.2581],[-42.6019,-22.2588],[-42.6022,-22.2588]]]}},{"type":"Feature","properties":{"cod_tema":"ARL_PROPOSTA","cod_imovel":"RJ-3303401-E87DDADFA06E4CF390532B696EE1A8F3","num_area":"10.970000000000000000000000000000","ind_status":"AT"},"geometry":{"type":"Polygon","coordinates":[[[-42.6124,-22.3181],[-42.6104,-22.32],[-42.6127,-22.3185],[-42.6124,-22.3181]],[[-42.6107,-22.3187],[-42.6055,-22.3202],[-42.6107,-22.3189],[-42.6107,-22.3187]]]}},{"type":"Feature","properties":{"cod_tema":"ARL_PROPOSTA","cod_imovel":"RJ-3303401-E81B8F62D41342FF9F91AF59539D1735","num_area":"1.4421000000000000000000000000000","ind_status":"AT"},"geometry":{"type":"Polygon","coordinates":[[[-42.6654,-22.318],[-42.6672,-22.316],[-42.6656,-22.3179],[-42.6654,-22.318]]]}},{"type":"Feature","properties":{"cod_tema":"ARL_PROPOSTA","cod_imovel":"RJ-3303401-E8DB96EC86C44337AAA77C568C5CE890","num_area":"2.2752000000000000000000000000000","ind_status":"AT"},"geometry":{"type":"Polygon","coordinates":[[[-42.3028,-22.3918],[-42.3043,-22.3938],[-42.3031,-22.3917],[-42.3028,-22.3918]]]}},{"type":"Feature","properties":{"cod_tema":"ARL_PROPOSTA","cod_imovel":"RJ-3303401-EB5DA5E4D1DC4F0FB7EA147305FE2E38","num_area":"4.1906000000000000000000000000000","ind_status":"AT"},"geometry":{"type":"Polygon","coordinates":[[[-42.5615,-22.2466],[-42.5642,-22.2467],[-42.5614,-22.2465],[-42.5615,-22.2466]]]}},{"type":"Feature","properties":{"cod_tema":"ARL_PROPOSTA","cod_imovel":"RJ-3303401-ED1DB3714E3A4DEE9D466281EB75B43D","num_area":"20.430100000000000000000000000000","ind_status":"AT"},"geometry":{"type":"Polygon","coordinates":[[[-42.5038,-22.2379],[-42.5017,-22.2394],[-42.5036,-22.2407],[-42.5044,-22.2376],[-42.5038,-22.2379]],[[-42.5028,-22.2441],[-42.4985,-22.2466],[-42.5025,-22.2444],[-42.5028,-22.2441]],[[-42.5,-22.2376],[-42.5017,-22.2354],[-42.5001,-22.2374],[-42.5,-22.2376]]]}},{"type":"Feature","properties":{"cod_tema":"ARL_PROPOSTA","cod_imovel":"RJ-3303401-EE0DBD6FC48E4BBF92C5CB95998AAD2C","num_area":"7.0611000000000000000000000000000","ind_status":"AT"},"geometry":{"type":"Polygon","coordinates":[[[-42.5074,-22.4266],[-42.5122,-22.4277],[-42.508,-22.4266],[-42.5074,-22.4266]]]}},{"type":"Feature","properties":{"cod_tema":"ARL_PROPOSTA","cod_imovel":"RJ-3303401-EE1E3A8D669D480C840CD76C5E167262","num_area":"5.4548000000000000000000000000000","ind_status":"AT"},"geometry":{"type":"Polygon","coordinates":[[[-42.4921,-22.3634],[-42.4918,-22.3659],[-42.4941,-22.3635],[-42.4921,-22.3634]]]}},{"type":"Feature","properties":{"cod_tema":"ARL_PROPOSTA","cod_imovel":"RJ-3303401-EF9F33953C044A5FB61623A46351FD94","num_area":"9.8101000000000000000000000000000","ind_status":"AT"},"geometry":{"type":"Polygon","coordinates":[[[-42.3154,-22.3226],[-42.3122,-22.3209],[-42.3138,-22.3251],[-42.3159,-22.3232],[-42.3154,-22.3226]]]}},{"type":"Feature","properties":{"cod_tema":"ARL_PROPOSTA","cod_imovel":"RJ-3303401-EFA48F82A914477C8AD5ED077278538B","num_area":"14.382100000000000000000000000000","ind_status":"AT"},"geometry":{"type":"Polygon","coordinates":[[[-42.2752,-22.3632],[-42.2767,-22.3656],[-42.2752,-22.3631],[-42.2752,-22.3632]],[[-42.278,-22.3632],[-42.2792,-22.3689],[-42.2811,-22.3642],[-42.2782,-22.3632],[-42.278,-22.3632]]]}},{"type":"Feature","properties":{"cod_tema":"ARL_PROPOSTA","cod_imovel":"RJ-3303401-F1306C591989456DA44D72120B9FDE04","num_area":"4.0845000000000000000000000000000","ind_status":"AT"},"geometry":{"type":"Polygon","coordinates":[[[-42.3397,-22.3523],[-42.3361,-22.3522],[-42.3398,-22.3534],[-42.3397,-22.3523]]]}},{"type":"Feature","properties":{"cod_tema":"ARL_PROPOSTA","cod_imovel":"RJ-3303401-F2A833E62F9F44FAA46065192D938D2A","num_area":"2.6623000000000000000000000000000","ind_status":"AT"},"geometry":{"type":"Polygon","coordinates":[[[-42.3993,-22.3008],[-42.3966,-22.3009],[-42.399,-22.3015],[-42.3993,-22.3008]]]}},{"type":"Feature","properties":{"cod_tema":"ARL_PROPOSTA","cod_imovel":"RJ-3303401-F2D8DB2B757342589FE2EB6EEBEF365F","num_area":"33.826900000000000000000000000000","ind_status":"AT"},"geometry":{"type":"Polygon","coordinates":[[[-42.6479,-22.298],[-42.6528,-22.2978],[-42.6503,-22.3013],[-42.6572,-22.2969],[-42.6551,-22.2935],[-42.6495,-22.2961],[-42.6479,-22.298]],[[-42.6508,-22.3011],[-42.6551,-22.2981],[-42.6508,-22.301],[-42.6508,-22.3011]]]}},{"type":"Feature","properties":{"cod_tema":"ARL_PROPOSTA","cod_imovel":"RJ-3303401-F8A3F44151FF4AB4846059DFD0946771","num_area":"9.1714000000000000000000000000000","ind_status":"AT"},"geometry":{"type":"Polygon","coordinates":[[[-42.4025,-22.2821],[-42.4067,-22.2815],[-42.4068,-22.2773],[-42.4019,-22.2815],[-42.4025,-22.2821]]]}},{"type":"Feature","properties":{"cod_tema":"ARL_PROPOSTA","cod_imovel":"RJ-3303401-F71C218FFB604432AEE20EEE81F3CF44","num_area":"2.9916000000000000000000000000000","ind_status":"AT"},"geometry":{"type":"Polygon","coordinates":[[[-42.545,-22.2268],[-42.5467,-22.2287],[-42.5452,-22.2269],[-42.545,-22.2268]]]}},{"type":"Feature","properties":{"cod_tema":"ARL_PROPOSTA","cod_imovel":"RJ-3303401-F387ABC554A1487CB679C690C5D74A48","num_area":"9.8704000000000000000000000000000","ind_status":"AT"},"geometry":{"type":"Polygon","coordinates":[[[-42.6313,-22.2194],[-42.6287,-22.2218],[-42.6333,-22.2222],[-42.6316,-22.2196],[-42.6313,-22.2194]]]}},{"type":"Feature","properties":{"cod_tema":"ARL_PROPOSTA","cod_imovel":"RJ-3303401-F40A4CB65965461897F87B0C0A37362E","num_area":"30.830800000000000000000000000000","ind_status":"AT"},"geometry":{"type":"Polygon","coordinates":[[[-42.6228,-22.3877],[-42.6301,-22.3922],[-42.6326,-22.3896],[-42.6285,-22.3873],[-42.6311,-22.391],[-42.6281,-22.3878],[-42.6277,-22.3906],[-42.6258,-22.3858],[-42.6228,-22.3877]]]}},{"type":"Feature","properties":{"cod_tema":"ARL_PROPOSTA","cod_imovel":"RJ-3303401-F5ABC9419D1F4D18B7228EC453F534DB","num_area":"3.8042000000000000000000000000000","ind_status":"AT"},"geometry":{"type":"Polygon","coordinates":[[[-42.427,-22.2899],[-42.4237,-22.2898],[-42.4272,-22.2906],[-42.427,-22.2899]]]}},{"type":"Feature","properties":{"cod_tema":"ARL_PROPOSTA","cod_imovel":"RJ-3303401-F65661A49EF8445DB87F1E53E0530037","num_area":"4.9973000000000000000000000000000","ind_status":"AT"},"geometry":{"type":"Polygon","coordinates":[[[-42.604,-22.2327],[-42.6054,-22.2342],[-42.6041,-22.2326],[-42.604,-22.2327]],[[-42.6078,-22.2306],[-42.6056,-22.2327],[-42.6078,-22.2306],[-42.6078,-22.2306]]]}},{"type":"Feature","properties":{"cod_tema":"ARL_PROPOSTA","cod_imovel":"RJ-3303401-F7D032BE4E874AF9B4502759BCFBBBB7","num_area":"9.9675000000000000000000000000000","ind_status":"AT"},"geometry":{"type":"Polygon","coordinates":[[[-42.6322,-22.2447],[-42.634,-22.2427],[-42.6312,-22.2414],[-42.6328,-22.2447],[-42.6322,-22.2447]]]}},{"type":"Feature","properties":{"cod_tema":"ARL_PROPOSTA","cod_imovel":"RJ-3303401-FA80006F229B4DD9B404D47F5E9AE1BE","num_area":"3.8258000000000000000000000000000","ind_status":"AT"},"geometry":{"type":"Polygon","coordinates":[[[-42.3682,-22.3217],[-42.3663,-22.3209],[-42.368,-22.3226],[-42.3682,-22.3217]]]}},{"type":"Feature","properties":{"cod_tema":"ARL_PROPOSTA","cod_imovel":"RJ-3303401-F6F889462E264251913DEF2BE9222E82","num_area":"5.7853000000000000000000000000000","ind_status":"AT"},"geometry":{"type":"Polygon","coordinates":[[[-42.3636,-22.3743],[-42.3648,-22.3767],[-42.3637,-22.374],[-42.3636,-22.3743]]]}},{"type":"Feature","properties":{"cod_tema":"ARL_PROPOSTA","cod_imovel":"RJ-3303401-F93D5DC5DA254980B2280A14D7393F80","num_area":"6.3017000000000000000000000000000","ind_status":"AT"},"geometry":{"type":"Polygon","coordinates":[[[-42.5364,-22.1722],[-42.5343,-22.1693],[-42.5358,-22.1725],[-42.5364,-22.1722]]]}},{"type":"Feature","properties":{"cod_tema":"ARL_PROPOSTA","cod_imovel":"RJ-3303401-F978F91F3C614AE1B657DE61CA1918E7","num_area":"0.6784000000000000000000000000000","ind_status":"AT"},"geometry":{"type":"Polygon","coordinates":[[[-42.3083,-22.3543],[-42.3107,-22.3558],[-42.3083,-22.3543],[-42.3083,-22.3543]]]}},{"type":"Feature","properties":{"cod_tema":"ARL_PROPOSTA","cod_imovel":"RJ-3303401-FA03538EA913408D9A6A132472754769","num_area":"6.4696000000000000000000000000000","ind_status":"AT"},"geometry":{"type":"Polygon","coordinates":[[[-42.6004,-22.2485],[-42.5985,-22.2446],[-42.599,-22.2505],[-42.6004,-22.2487],[-42.6004,-22.2485]]]}},{"type":"Feature","properties":{"cod_tema":"ARL_PROPOSTA","cod_imovel":"RJ-3303401-FB7B11E47A0040CA8B926942225BB7BC","num_area":"3.7846000000000000000000000000000","ind_status":"AT"},"geometry":{"type":"Polygon","coordinates":[[[-42.7032,-22.3313],[-42.701,-22.3335],[-42.7033,-22.3315],[-42.7032,-22.3313]]]}},{"type":"Feature","properties":{"cod_tema":"ARL_PROPOSTA","cod_imovel":"RJ-3303401-FB2E9C03F54D4D5BA9709D4C656350FA","num_area":"5.5099000000000000000000000000000","ind_status":"AT"},"geometry":{"type":"Polygon","coordinates":[[[-42.6187,-22.2003],[-42.6195,-22.2023],[-42.6204,-22.1997],[-42.6187,-22.2003]]]}},{"type":"Feature","properties":{"cod_tema":"ARL_PROPOSTA","cod_imovel":"RJ-3303401-FB70C95FF8DC4B1EBE2BDE590EA816CA","num_area":"1.5275000000000000000000000000000","ind_status":"AT"},"geometry":{"type":"Polygon","coordinates":[[[-42.6078,-22.2634],[-42.6103,-22.2634],[-42.6078,-22.2633],[-42.6078,-22.2634]]]}},{"type":"Feature","properties":{"cod_tema":"ARL_PROPOSTA","cod_imovel":"RJ-3303401-FBA5C376CE2444C2BF4A5A78BE06E507","num_area":"4.4187000000000000000000000000000","ind_status":"AT"},"geometry":{"type":"Polygon","coordinates":[[[-42.5736,-22.2841],[-42.5732,-22.2821],[-42.573,-22.2845],[-42.5736,-22.2841]]]}},{"type":"Feature","properties":{"cod_tema":"ARL_PROPOSTA","cod_imovel":"RJ-3303401-FC68C959A1DD4BEDA3CEA69E3E96BECF","num_area":"2.0612000000000000000000000000000","ind_status":"AT"},"geometry":{"type":"Polygon","coordinates":[[[-42.692,-22.2801],[-42.6917,-22.2841],[-42.692,-22.2801],[-42.692,-22.2801]]]}},{"type":"Feature","properties":{"cod_tema":"ARL_PROPOSTA","cod_imovel":"RJ-3303401-FCCEE9C653D94E7F984690874403356D","num_area":"1.6009000000000000000000000000000","ind_status":"AT"},"geometry":{"type":"Polygon","coordinates":[[[-42.4793,-22.2296],[-42.4797,-22.2275],[-42.4789,-22.2294],[-42.4793,-22.2296]]]}},{"type":"Feature","properties":{"cod_tema":"ARL_PROPOSTA","cod_imovel":"RJ-3303401-FD04D4275AEA496887F3754B14D6A8E8","num_area":"2.5691000000000000000000000000000","ind_status":"AT"},"geometry":{"type":"Polygon","coordinates":[[[-42.6546,-22.2934],[-42.657,-22.2935],[-42.6549,-22.2926],[-42.6546,-22.2934]]]}},{"type":"Feature","properties":{"cod_tema":"ARL_PROPOSTA","cod_imovel":"RJ-3303401-FE374A28448A4738A0226CE8EFAD8E7B","num_area":"1.6638000000000000000000000000000","ind_status":"AT"},"geometry":{"type":"Polygon","coordinates":[[[-42.3567,-22.4071],[-42.3605,-22.4107],[-42.3568,-22.4069],[-42.3567,-22.4071]]]}},{"type":"Feature","properties":{"cod_tema":"ARL_PROPOSTA","cod_imovel":"RJ-3303401-FEC717DCF1B6441C96D3F21DF9803C7B","num_area":"13.410600000000000000000000000000","ind_status":"AT"},"geometry":{"type":"Polygon","coordinates":[[[-42.6441,-22.2769],[-42.6396,-22.2775],[-42.6449,-22.2793],[-42.6462,-22.2766],[-42.6419,-22.2786],[-42.6448,-22.2768],[-42.6441,-22.2769]]]}},{"type":"Feature","properties":{"cod_tema":"ARL_PROPOSTA","cod_imovel":"RJ-3303401-FECB687154F74F22B2C6C4F9E5893F9C","num_area":"6.2272000000000000000000000000000","ind_status":"AT"},"geometry":{"type":"Polygon","coordinates":[[[-42.4859,-22.2322],[-42.4909,-22.2326],[-42.4864,-22.2315],[-42.4859,-22.2322]]]}},{"type":"Feature","properties":{"cod_tema":"ARL_PROPOSTA","cod_imovel":"RJ-3303401-FFE5F061F47843078D3F340B245C41F8","num_area":"1.1075000000000000000000000000000","ind_status":"AT"},"geometry":{"type":"Polygon","coordinates":[[[-42.5838,-22.2997],[-42.5817,-22.3008],[-42.5838,-22.3005],[-42.5838,-22.2997]]]}},{"type":"Feature","properties":{"cod_tema":"ARL_PROPOSTA","cod_imovel":"RJ-3303401-FFCA8F6783AC4A0D82B2D7EA065CF3EB","num_area":"20.343200000000000000000000000000","ind_status":"AT"},"geometry":{"type":"Polygon","coordinates":[[[-42.7177,-22.3154],[-42.7193,-22.3112],[-42.7141,-22.3177],[-42.7179,-22.3158],[-42.7177,-22.3154]],[[-42.7145,-22.3159],[-42.7097,-22.3198],[-42.7144,-22.3162],[-42.7145,-22.3159]]]}},{"type":"Feature","properties":{"cod_tema":"ARL_PROPOSTA","cod_imovel":"RJ-3303401-FFF8560651FB445BB88A1B7ADE7FE4DF","num_area":"5.3832000000000000000000000000000","ind_status":"AT"},"geometry":{"type":"Polygon","coordinates":[[[-42.3483,-22.3107],[-42.3457,-22.3118],[-42.3479,-22.3108],[-42.3483,-22.3107]],[[-42.3457,-22.3102],[-42.3437,-22.3122],[-42.3457,-22.3103],[-42.3457,-22.3102]]]}},{"type":"Feature","properties":{"cod_tema":"ARL_PROPOSTA","cod_imovel":"RJ-3303401-F470B5C3E283426795B535DEA5FA6F7B","num_area":"14.483200000000000000000000000000","ind_status":"AT"},"geometry":{"type":"Polygon","coordinates":[[[-42.7091,-22.2696],[-42.7139,-22.2696],[-42.7142,-22.2663],[-42.7107,-22.267],[-42.7091,-22.2696]]]}},{"type":"Feature","properties":{"cod_tema":"ARL_PROPOSTA","cod_imovel":"RJ-3303401-B00E7EC03B194AFBAEDDBE85F69825AE","num_area":"12.906600000000000000000000000000","ind_status":"AT"},"geometry":{"type":"Polygon","coordinates":[[[-42.4861,-22.2118],[-42.4825,-22.2121],[-42.4861,-22.2136],[-42.4826,-22.2167],[-42.4867,-22.2149],[-42.4861,-22.2118],[-42.4861,-22.2118]]]}},{"type":"Feature","properties":{"cod_tema":"ARL_PROPOSTA","cod_imovel":"RJ-3303401-9C38EF3BDB1745CFB2C38D29B7CEC146","num_area":"9.9488000000000000000000000000000","ind_status":"AT"},"geometry":{"type":"Polygon","coordinates":[[[-42.4869,-22.3742],[-42.4823,-22.3738],[-42.4867,-22.3742],[-42.4869,-22.3742]],[[-42.481,-22.3717],[-42.4811,-22.3756],[-42.4834,-22.3753],[-42.4811,-22.3719],[-42.481,-22.3717]]]}},{"type":"Feature","properties":{"cod_tema":"ARL_AVERBADA","cod_imovel":"RJ-3303401-9C38EF3BDB1745CFB2C38D29B7CEC146","num_area":"10.150600000000000000000000000000","ind_status":"AT"},"geometry":{"type":"Polygon","coordinates":[[[-42.4867,-22.3724],[-42.4816,-22.3711],[-42.4868,-22.3733],[-42.4867,-22.3724]],[[-42.4834,-22.3736],[-42.4869,-22.3739],[-42.4838,-22.3738],[-42.4834,-22.3736]]]}},{"type":"Feature","properties":{"cod_tema":"ARL_PROPOSTA","cod_imovel":"RJ-3303401-6E84E76A36EE44419DF950BE4432C301","num_area":"50.679700000000000000000000000000","ind_status":"PE"},"geometry":{"type":"Polygon","coordinates":[[[-42.392,-22.3344],[-42.3947,-22.3382],[-42.3998,-22.3375],[-42.3985,-22.334],[-42.3942,-22.3338],[-42.3985,-22.334],[-42.3974,-22.3308],[-42.392,-22.331],[-42.392,-22.3344]],[[-42.3964,-22.3362],[-42.3995,-22.3378],[-42.3965,-22.3362],[-42.3964,-22.3362]]]}},{"type":"Feature","properties":{"cod_tema":"ARL_PROPOSTA","cod_imovel":"RJ-3303401-A7A98C6AE07B4440BB9D7FA5B969E290","num_area":"9.4161000000000000000000000000000","ind_status":"AT"},"geometry":{"type":"Polygon","coordinates":[[[-42.5802,-22.3293],[-42.5785,-22.3234],[-42.58,-22.3294],[-42.5802,-22.3293]],[[-42.5788,-22.321],[-42.5778,-22.3235],[-42.5802,-22.3218],[-42.5788,-22.321]],[[-42.5788,-22.3232],[-42.5773,-22.3248],[-42.5787,-22.3232],[-42.5788,-22.3232]]]}},{"type":"Feature","properties":{"cod_tema":"ARL_PROPOSTA","cod_imovel":"RJ-3303401-2BDFEB2380304F70A0C3F4178E1FF948","num_area":"9.2491000000000000000000000000000","ind_status":"AT"},"geometry":{"type":"Polygon","coordinates":[[[-42.6523,-22.2795],[-42.6572,-22.2789],[-42.6527,-22.2783],[-42.6523,-22.2795]]]}},{"type":"Feature","properties":{"cod_tema":"ARL_PROPOSTA","cod_imovel":"RJ-3303401-6D63B261B87D4733A4A6D3DE2478917D","num_area":"3.0694000000000000000000000000000","ind_status":"AT"},"geometry":{"type":"Polygon","coordinates":[[[-42.4572,-22.3301],[-42.4566,-22.3333],[-42.4573,-22.3313],[-42.4572,-22.3301]]]}},{"type":"Feature","properties":{"cod_tema":"ARL_PROPOSTA","cod_imovel":"RJ-3303401-EEC2EE24F48E4356A043B3AFF6CA5CCA","num_area":"2.7680000000000000000000000000000","ind_status":"PE"},"geometry":{"type":"Polygon","coordinates":[[[-42.5548,-22.3751],[-42.5517,-22.3763],[-42.5549,-22.3752],[-42.5548,-22.3751]]]}},{"type":"Feature","properties":{"cod_tema":"ARL_PROPOSTA","cod_imovel":"RJ-3303401-A37F755D5ABE43BBA72815A7E42B51A9","num_area":"5.6998000000000000000000000000000","ind_status":"AT"},"geometry":{"type":"Polygon","coordinates":[[[-42.552,-22.1587],[-42.5502,-22.1609],[-42.5517,-22.159],[-42.552,-22.1587]]]}},{"type":"Feature","properties":{"cod_tema":"ARL_PROPOSTA","cod_imovel":"RJ-3303401-3383B01FB24148E68D1E0E55CA3CDE77","num_area":"8.6189000000000000000000000000000","ind_status":"AT"},"geometry":{"type":"Polygon","coordinates":[[[-42.513,-22.4074],[-42.509,-22.407],[-42.513,-22.4075],[-42.513,-22.4074]]]}},{"type":"Feature","properties":{"cod_tema":"ARL_PROPOSTA","cod_imovel":"RJ-3303401-8FC7ECAE5A3742C4808C27EE90A29227","num_area":"5.8589000000000000000000000000000","ind_status":"AT"},"geometry":{"type":"Polygon","coordinates":[[[-42.5702,-22.3305],[-42.5732,-22.3278],[-42.57,-22.3305],[-42.5702,-22.3305]]]}},{"type":"Feature","properties":{"cod_tema":"ARL_PROPOSTA","cod_imovel":"RJ-3303401-48C0DD57A5B14301920207197A8D79FA","num_area":"138.62740000000000000000000000000","ind_status":"AT"},"geometry":{"type":"Polygon","coordinates":[[[-42.5161,-22.4358],[-42.5236,-22.4469],[-42.5366,-22.4577],[-42.5413,-22.4576],[-42.5256,-22.4454],[-42.524,-22.4395],[-42.5214,-22.4422],[-42.5236,-22.4372],[-42.5208,-22.4352],[-42.5169,-22.4386],[-42.5208,-22.4337],[-42.5161,-22.4358],[-42.5161,-22.4358]]]}},{"type":"Feature","properties":{"cod_tema":"ARL_PROPOSTA","cod_imovel":"RJ-3303401-ECA96572CB274F39AAAF6EFE2E441A74","num_area":"30.464700000000000000000000000000","ind_status":"AT"},"geometry":{"type":"Polygon","coordinates":[[[-42.5547,-22.2122],[-42.547,-22.21],[-42.5527,-22.2166],[-42.5563,-22.2128],[-42.5547,-22.2122]]]}},{"type":"Feature","properties":{"cod_tema":"ARL_PROPOSTA","cod_imovel":"RJ-3303401-F39B47FE5374402EBAEAC262A12FE487","num_area":"2.9574000000000000000000000000000","ind_status":"AT"},"geometry":{"type":"Polygon","coordinates":[[[-42.4021,-22.2957],[-42.4043,-22.2971],[-42.4025,-22.2954],[-42.4021,-22.2957]]]}},{"type":"Feature","properties":{"cod_tema":"ARL_PROPOSTA","cod_imovel":"RJ-3303401-0F315BC193DB458E9A0960443B37BFBC","num_area":"4.6258000000000000000000000000000","ind_status":"AT"},"geometry":{"type":"Polygon","coordinates":[[[-42.4612,-22.3334],[-42.4572,-22.3351],[-42.461,-22.334],[-42.4612,-22.3334]]]}},{"type":"Feature","properties":{"cod_tema":"ARL_PROPOSTA","cod_imovel":"RJ-3303401-F33FBCB01A1C4A92AA3C3584C0FB5532","num_area":"3.3115000000000000000000000000000","ind_status":"AT"},"geometry":{"type":"Polygon","coordinates":[[[-42.6541,-22.3029],[-42.6527,-22.3057],[-42.6544,-22.3032],[-42.6541,-22.3029]]]}},{"type":"Feature","properties":{"cod_tema":"ARL_PROPOSTA","cod_imovel":"RJ-3303401-940F2B3F40D846AEBA6DFA65EC0BFF69","num_area":"11.520500000000000000000000000000","ind_status":"AT"},"geometry":{"type":"Polygon","coordinates":[[[-42.3114,-22.4097],[-42.3059,-22.41],[-42.3066,-22.4128],[-42.3099,-22.411],[-42.3114,-22.4097]]]}},{"type":"Feature","properties":{"cod_tema":"ARL_PROPOSTA","cod_imovel":"RJ-3303401-1423063F80B14D74B30C90BAD7F7673B","num_area":"63.816000000000000000000000000000","ind_status":"AT"},"geometry":{"type":"Polygon","coordinates":[[[-42.5414,-22.457],[-42.5259,-22.4444],[-42.5231,-22.4466],[-42.5378,-22.4569],[-42.5414,-22.457]],[[-42.5329,-22.4387],[-42.5375,-22.435],[-42.5354,-22.4367],[-42.5329,-22.4387]]]}},{"type":"Feature","properties":{"cod_tema":"ARL_PROPOSTA","cod_imovel":"RJ-3303401-E81987D88A694793B728AC8949E11960","num_area":"5.0280000000000000000000000000000","ind_status":"AT"},"geometry":{"type":"Polygon","coordinates":[[[-42.5896,-22.2764],[-42.587,-22.2778],[-42.5896,-22.2775],[-42.5896,-22.2764]]]}},{"type":"Feature","properties":{"cod_tema":"ARL_PROPOSTA","cod_imovel":"RJ-3303401-F34E58014C544E1282BADA98D0F28876","num_area":"161.51840000000000000000000000000","ind_status":"AT"},"geometry":{"type":"Polygon","coordinates":[[[-42.6406,-22.2912],[-42.6428,-22.29],[-42.6403,-22.2906],[-42.6406,-22.2912]],[[-42.6429,-22.2835],[-42.6369,-22.2769],[-42.6307,-22.2778],[-42.636,-22.2863],[-42.6429,-22.2835],[-42.6429,-22.2835]],[[-42.6281,-22.285],[-42.625,-22.2877],[-42.6263,-22.2942],[-42.6367,-22.2931],[-42.6383,-22.2896],[-42.6344,-22.2892],[-42.633,-22.2924],[-42.6296,-22.2886],[-42.633,-22.2864],[-42.6281,-22.285],[-42.6281,-22.285]],[[-42.6344,-22.2891],[-42.6375,-22.2891],[-42.6345,-22.289],[-42.6344,-22.2891]]]}},{"type":"Feature","properties":{"cod_tema":"ARL_PROPOSTA","cod_imovel":"RJ-3303401-54F9AFAE592A42E7947DA8A5C1605462","num_area":"6.0566000000000000000000000000000","ind_status":"AT"},"geometry":{"type":"Polygon","coordinates":[[[-42.306,-22.4135],[-42.3098,-22.4137],[-42.3062,-22.4134],[-42.306,-22.4135]]]}},{"type":"Feature","properties":{"cod_tema":"ARL_PROPOSTA","cod_imovel":"RJ-3303401-BC30650C34BA420990E24C04EA3077A3","num_area":"3.5094000000000000000000000000000","ind_status":"AT"},"geometry":{"type":"Polygon","coordinates":[[[-42.5442,-22.2373],[-42.5435,-22.2351],[-42.5429,-22.2378],[-42.5442,-22.2373]]]}},{"type":"Feature","properties":{"cod_tema":"ARL_PROPOSTA","cod_imovel":"RJ-3303401-8F5ACE59D6AB44C28A5ED4C95649D655","num_area":"5.9925000000000000000000000000000","ind_status":"AT"},"geometry":{"type":"Polygon","coordinates":[[[-42.2892,-22.3332],[-42.2891,-22.3308],[-42.2872,-22.3334],[-42.2892,-22.3332]]]}},{"type":"Feature","properties":{"cod_tema":"ARL_PROPOSTA","cod_imovel":"RJ-3303401-8E9553F4E733424A8E2F57F397EBD1FA","num_area":"3.9296000000000000000000000000000","ind_status":"CA"},"geometry":{"type":"Polygon","coordinates":[[[-42.4784,-22.3371],[-42.4799,-22.3405],[-42.4821,-22.3392],[-42.4785,-22.3372],[-42.4784,-22.3371]]]}},{"type":"Feature","properties":{"cod_tema":"ARL_PROPOSTA","cod_imovel":"RJ-3303401-1098F35C61154E53B7C6E6827060F637","num_area":"79.213000000000000000000000000000","ind_status":"CA"},"geometry":{"type":"Polygon","coordinates":[[[-42.6098,-22.373],[-42.6119,-22.3817],[-42.617,-22.3858],[-42.6228,-22.3877],[-42.628,-22.3848],[-42.6153,-22.38],[-42.6101,-22.3729],[-42.6098,-22.373]]]}},{"type":"Feature","properties":{"cod_tema":"ARL_PROPOSTA","cod_imovel":"RJ-3303401-4A6C9C568F52436582258221D01AE83A","num_area":"4.3926000000000000000000000000000","ind_status":"AT"},"geometry":{"type":"Polygon","coordinates":[[[-42.3205,-22.3338],[-42.3198,-22.3376],[-42.3208,-22.3344],[-42.3205,-22.3338]]]}},{"type":"Feature","properties":{"cod_tema":"ARL_PROPOSTA","cod_imovel":"RJ-3303401-9E0A86EF680A48DEB57849FC71E60983","num_area":"2.5662000000000000000000000000000","ind_status":"AT"},"geometry":{"type":"Polygon","coordinates":[[[-42.6447,-22.2506],[-42.6456,-22.2488],[-42.6446,-22.2505],[-42.6447,-22.2506]]]}},{"type":"Feature","properties":{"cod_tema":"ARL_PROPOSTA","cod_imovel":"RJ-3303401-FE103E42EF744AFEB82C89C9F78D08C3","num_area":"2.9339000000000000000000000000000","ind_status":"AT"},"geometry":{"type":"Polygon","coordinates":[[[-42.3366,-22.3951],[-42.3337,-22.3957],[-42.3366,-22.3951],[-42.3366,-22.3951]]]}},{"type":"Feature","properties":{"cod_tema":"ARL_PROPOSTA","cod_imovel":"RJ-3303401-EF885085878C47CF8D3CB5EF86BCF47C","num_area":"3.5704000000000000000000000000000","ind_status":"AT"},"geometry":{"type":"Polygon","coordinates":[[[-42.4521,-22.3191],[-42.4484,-22.3181],[-42.4501,-22.3202],[-42.4521,-22.3191]]]}},{"type":"Feature","properties":{"cod_tema":"ARL_PROPOSTA","cod_imovel":"RJ-3303401-16CE6C58DD9441AE8CE651B9561B6AD8","num_area":"3.4831000000000000000000000000000","ind_status":"AT"},"geometry":{"type":"Polygon","coordinates":[[[-42.3028,-22.3259],[-42.299,-22.3245],[-42.3017,-22.3256],[-42.3028,-22.3259]]]}},{"type":"Feature","properties":{"cod_tema":"ARL_PROPOSTA","cod_imovel":"RJ-3303401-394E9F2C935D46779975370ABD66AD7E","num_area":"2.5916000000000000000000000000000","ind_status":"AT"},"geometry":{"type":"Polygon","coordinates":[[[-42.3009,-22.3956],[-42.3025,-22.3973],[-42.301,-22.3953],[-42.3009,-22.3956]]]}},{"type":"Feature","properties":{"cod_tema":"ARL_PROPOSTA","cod_imovel":"RJ-3303401-1B394AA8B7FC4B8896A90A7558AD11A8","num_area":"14.622000000000000000000000000000","ind_status":"AT"},"geometry":{"type":"Polygon","coordinates":[[[-42.6417,-22.2791],[-42.6365,-22.2774],[-42.6375,-22.2808],[-42.6408,-22.2795],[-42.6417,-22.2791]]]}},{"type":"Feature","properties":{"cod_tema":"ARL_PROPOSTA","cod_imovel":"RJ-3303401-F9068AD9B5FF4C40ABF678E26C25DC57","num_area":"81.903100000000000000000000000000","ind_status":"AT"},"geometry":{"type":"Polygon","coordinates":[[[-42.5136,-22.3871],[-42.512,-22.3818],[-42.506,-22.3779],[-42.4968,-22.3803],[-42.5018,-22.3828],[-42.5042,-22.3796],[-42.5018,-22.3828],[-42.5097,-22.3858],[-42.5136,-22.3871]]]}},{"type":"Feature","properties":{"cod_tema":"ARL_PROPOSTA","cod_imovel":"RJ-3303401-4AF70AB059354B44BF2EC566A0F1D768","num_area":"11.006600000000000000000000000000","ind_status":"AT"},"geometry":{"type":"Polygon","coordinates":[[[-42.4709,-22.4356],[-42.4753,-22.4336],[-42.4729,-22.4337],[-42.4709,-22.4356]],[[-42.4753,-22.4335],[-42.4755,-22.4315],[-42.4752,-22.4335],[-42.4753,-22.4335]]]}},{"type":"Feature","properties":{"cod_tema":"ARL_PROPOSTA","cod_imovel":"RJ-3303401-4565B9ADC58145C88779981EB6A6F1BD","num_area":"5.2219000000000000000000000000000","ind_status":"AT"},"geometry":{"type":"Polygon","coordinates":[[[-42.5836,-22.321],[-42.5865,-22.3193],[-42.5833,-22.3204],[-42.5836,-22.321]]]}},{"type":"Feature","properties":{"cod_tema":"ARL_PROPOSTA","cod_imovel":"RJ-3303401-A0919B9386BF4588A72C445F95EE2D53","num_area":"19.714800000000000000000000000000","ind_status":"AT"},"geometry":{"type":"Polygon","coordinates":[[[-42.5722,-22.2436],[-42.5723,-22.2413],[-42.5666,-22.2439],[-42.5722,-22.2436],[-42.5722,-22.2436]],[[-42.5666,-22.2439],[-42.5646,-22.2463],[-42.5667,-22.2439],[-42.5666,-22.2439]],[[-42.5666,-22.2467],[-42.571,-22.2448],[-42.5667,-22.2464],[-42.5666,-22.2467]]]}},{"type":"Feature","properties":{"cod_tema":"ARL_PROPOSTA","cod_imovel":"RJ-3303401-07CCAE2B289045ACAB1B68E24FF1BD98","num_area":"4.4365000000000000000000000000000","ind_status":"AT"},"geometry":{"type":"Polygon","coordinates":[[[-42.5258,-22.2064],[-42.5315,-22.2056],[-42.5269,-22.2068],[-42.5258,-22.2064]]]}},{"type":"Feature","properties":{"cod_tema":"ARL_PROPOSTA","cod_imovel":"RJ-3303401-9549B95B85AF48349F92F66C2EC41E1A","num_area":"2.2250000000000000000000000000000","ind_status":"AT"},"geometry":{"type":"Polygon","coordinates":[[[-42.5164,-22.3408],[-42.5184,-22.3409],[-42.5165,-22.3395],[-42.5164,-22.3408]]]}},{"type":"Feature","properties":{"cod_tema":"ARL_PROPOSTA","cod_imovel":"RJ-3303401-9F4AA1237C684869A91C7EC76C39376A","num_area":"4.5178000000000000000000000000000","ind_status":"AT"},"geometry":{"type":"Polygon","coordinates":[[[-42.5685,-22.2764],[-42.5727,-22.2791],[-42.569,-22.2758],[-42.5685,-22.2764]]]}},{"type":"Feature","properties":{"cod_tema":"ARL_PROPOSTA","cod_imovel":"RJ-3303401-B8DD905C17D44BF39E4F34F15F446CFD","num_area":"5.6019000000000000000000000000000","ind_status":"AT"},"geometry":{"type":"Polygon","coordinates":[[[-42.3608,-22.3065],[-42.3655,-22.3051],[-42.3613,-22.3053],[-42.3608,-22.3065]]]}},{"type":"Feature","properties":{"cod_tema":"ARL_PROPOSTA","cod_imovel":"RJ-3303401-E52E1C3F03E64533BE87AEB4DD29B430","num_area":"2.3376000000000000000000000000000","ind_status":"AT"},"geometry":{"type":"Polygon","coordinates":[[[-42.3259,-22.3931],[-42.323,-22.3944],[-42.3258,-22.3934],[-42.3259,-22.3931]]]}},{"type":"Feature","properties":{"cod_tema":"ARL_PROPOSTA","cod_imovel":"RJ-3303401-D897981146624BC4B9CC489D88D16404","num_area":"4.4322000000000000000000000000000","ind_status":"AT"},"geometry":{"type":"Polygon","coordinates":[[[-42.4854,-22.3797],[-42.4819,-22.38],[-42.4846,-22.3804],[-42.4854,-22.3797]]]}},{"type":"Feature","properties":{"cod_tema":"ARL_PROPOSTA","cod_imovel":"RJ-3303401-4A7A6E6849704618AF416482379082AA","num_area":"1.5285000000000000000000000000000","ind_status":"AT"},"geometry":{"type":"Polygon","coordinates":[[[-42.3548,-22.3381],[-42.3545,-22.336],[-42.3548,-22.3404],[-42.3548,-22.3381]]]}},{"type":"Feature","properties":{"cod_tema":"ARL_PROPOSTA","cod_imovel":"RJ-3303401-95FFF7BA3E6E42899684E70A8976BBE6","num_area":"1.7206000000000000000000000000000","ind_status":"AT"},"geometry":{"type":"Polygon","coordinates":[[[-42.6257,-22.3498],[-42.624,-22.3481],[-42.6259,-22.3503],[-42.6257,-22.3498]]]}},{"type":"Feature","properties":{"cod_tema":"ARL_PROPOSTA","cod_imovel":"RJ-3303401-9D94335B024C417AAC91A60EB994932E","num_area":"12.144700000000000000000000000000","ind_status":"AT"},"geometry":{"type":"Polygon","coordinates":[[[-42.4982,-22.3145],[-42.5026,-22.31],[-42.4965,-22.3126],[-42.4982,-22.3145]]]}},{"type":"Feature","properties":{"cod_tema":"ARL_PROPOSTA","cod_imovel":"RJ-3303401-EC9EC359F80047E39876B2A8DD25D6E4","num_area":"2.2761000000000000000000000000000","ind_status":"AT"},"geometry":{"type":"Polygon","coordinates":[[[-42.6994,-22.2689],[-42.7021,-22.2674],[-42.6994,-22.2686],[-42.6994,-22.2689]]]}},{"type":"Feature","properties":{"cod_tema":"ARL_PROPOSTA","cod_imovel":"RJ-3303401-38AB7A21C4AF48F58427770773C85545","num_area":"0.5959000000000000000000000000000","ind_status":"AT"},"geometry":{"type":"Polygon","coordinates":[[[-42.5927,-22.323],[-42.5942,-22.3245],[-42.5927,-22.3231],[-42.5927,-22.323]]]}},{"type":"Feature","properties":{"cod_tema":"ARL_PROPOSTA","cod_imovel":"RJ-3303401-13F6087BFC2C49C684A6953E03768FDF","num_area":"5.7271000000000000000000000000000","ind_status":"AT"},"geometry":{"type":"Polygon","coordinates":[[[-42.5236,-22.2097],[-42.5224,-22.2134],[-42.5239,-22.2087],[-42.5236,-22.2097]]]}},{"type":"Feature","properties":{"cod_tema":"ARL_PROPOSTA","cod_imovel":"RJ-3303401-CB8E0DFFE2524890995D3089083838DE","num_area":"2.1868000000000000000000000000000","ind_status":"AT"},"geometry":{"type":"Polygon","coordinates":[[[-42.2973,-22.3878],[-42.2998,-22.3884],[-42.2973,-22.3874],[-42.2973,-22.3878]]]}},{"type":"Feature","properties":{"cod_tema":"ARL_PROPOSTA","cod_imovel":"RJ-3303401-BDC7A3B2BE4B48EB8CD239AF8EDCBCB7","num_area":"13.778200000000000000000000000000","ind_status":"AT"},"geometry":{"type":"Polygon","coordinates":[[[-42.5394,-22.1909],[-42.5401,-22.195],[-42.5423,-22.1913],[-42.5394,-22.1909],[-42.5394,-22.1909]]]}},{"type":"Feature","properties":{"cod_tema":"ARL_PROPOSTA","cod_imovel":"RJ-3303401-A110DC3CAC064D4CBC065CB64664176A","num_area":"3.7791000000000000000000000000000","ind_status":"AT"},"geometry":{"type":"Polygon","coordinates":[[[-42.5026,-22.1924],[-42.5003,-22.1907],[-42.5023,-22.193],[-42.5026,-22.1924]]]}},{"type":"Feature","properties":{"cod_tema":"ARL_PROPOSTA","cod_imovel":"RJ-3303401-F712A3E9BECE463396B2D7FA504C7AD1","num_area":"2.9334000000000000000000000000000","ind_status":"AT"},"geometry":{"type":"Polygon","coordinates":[[[-42.6647,-22.3197],[-42.666,-22.3171],[-42.6647,-22.3188],[-42.6647,-22.3197]]]}},{"type":"Feature","properties":{"cod_tema":"ARL_PROPOSTA","cod_imovel":"RJ-3303401-1B0AF9A060B5460C84D77E26ECDC2B95","num_area":"3.4385000000000000000000000000000","ind_status":"AT"},"geometry":{"type":"Polygon","coordinates":[[[-42.5196,-22.1763],[-42.5167,-22.177],[-42.5193,-22.1778],[-42.5196,-22.1763]]]}},{"type":"Feature","properties":{"cod_tema":"ARL_PROPOSTA","cod_imovel":"RJ-3303401-14477C47DF2A4751A9B8451E270E1B3A","num_area":"7.8324000000000000000000000000000","ind_status":"AT"},"geometry":{"type":"Polygon","coordinates":[[[-42.6892,-22.3464],[-42.6926,-22.3463],[-42.6876,-22.3436],[-42.6892,-22.3464]]]}},{"type":"Feature","properties":{"cod_tema":"ARL_PROPOSTA","cod_imovel":"RJ-3303401-612B459D454F4B2F8F3B5BED713C9842","num_area":"16.508700000000000000000000000000","ind_status":"AT"},"geometry":{"type":"Polygon","coordinates":[[[-42.4378,-22.3451],[-42.4324,-22.3419],[-42.4353,-22.3454],[-42.4378,-22.3451]]]}},{"type":"Feature","properties":{"cod_tema":"ARL_PROPOSTA","cod_imovel":"RJ-3303401-435E4821E4674CD19FD7A27007AE32B7","num_area":"7.6891000000000000000000000000000","ind_status":"AT"},"geometry":{"type":"Polygon","coordinates":[[[-42.3563,-22.3304],[-42.3548,-22.3274],[-42.3549,-22.3303],[-42.3563,-22.3304]]]}},{"type":"Feature","properties":{"cod_tema":"ARL_PROPOSTA","cod_imovel":"RJ-3303401-95D30C736C70408690F53B37AD94F16C","num_area":"0.4535000000000000000000000000000","ind_status":"AT"},"geometry":{"type":"Polygon","coordinates":[[[-42.3162,-22.3321],[-42.3176,-22.3304],[-42.3161,-22.332],[-42.3162,-22.3321]]]}},{"type":"Feature","properties":{"cod_tema":"ARL_PROPOSTA","cod_imovel":"RJ-3303401-B868EFCDFFAA47DA9A06367A563AA48E","num_area":"2.1302000000000000000000000000000","ind_status":"AT"},"geometry":{"type":"Polygon","coordinates":[[[-42.5199,-22.3224],[-42.5187,-22.3196],[-42.5197,-22.3223],[-42.5199,-22.3224]]]}},{"type":"Feature","properties":{"cod_tema":"ARL_PROPOSTA","cod_imovel":"RJ-3303401-DF2151DCDB3043EC93D4856527EC8966","num_area":"8.3007000000000000000000000000000","ind_status":"AT"},"geometry":{"type":"Polygon","coordinates":[[[-42.6396,-22.3077],[-42.6389,-22.3034],[-42.6389,-22.3069],[-42.6396,-22.3077]],[[-42.6393,-22.31],[-42.6379,-22.308],[-42.6388,-22.3099],[-42.6393,-22.31]]]}},{"type":"Feature","properties":{"cod_tema":"ARL_PROPOSTA","cod_imovel":"RJ-3303401-93F106A6EEBA4FB8BB8EC90B1D2E84E5","num_area":"1.9658000000000000000000000000000","ind_status":"AT"},"geometry":{"type":"Polygon","coordinates":[[[-42.3393,-22.3313],[-42.3367,-22.3309],[-42.3391,-22.3314],[-42.3393,-22.3313]]]}},{"type":"Feature","properties":{"cod_tema":"ARL_PROPOSTA","cod_imovel":"RJ-3303401-70E15441C41F411FAEEE2626AF0E29D8","num_area":"42.701800000000000000000000000000","ind_status":"AT"},"geometry":{"type":"Polygon","coordinates":[[[-42.6408,-22.3366],[-42.6455,-22.3462],[-42.6474,-22.3385],[-42.6424,-22.3358],[-42.6408,-22.3366]],[[-42.643,-22.3419],[-42.6441,-22.344],[-42.643,-22.3419],[-42.643,-22.3419]]]}},{"type":"Feature","properties":{"cod_tema":"ARL_PROPOSTA","cod_imovel":"RJ-3303401-1A8DE6C278504542ADB7020C1F9CFB30","num_area":"17.555900000000000000000000000000","ind_status":"AT"},"geometry":{"type":"Polygon","coordinates":[[[-42.4126,-22.3088],[-42.4116,-22.3062],[-42.4094,-22.3086],[-42.4135,-22.3137],[-42.4134,-22.3092],[-42.4126,-22.3088]]]}},{"type":"Feature","properties":{"cod_tema":"ARL_PROPOSTA","cod_imovel":"RJ-3303401-27D5345078F84874BB0E93AEA13F6CD8","num_area":"63.406800000000000000000000000000","ind_status":"AT"},"geometry":{"type":"Polygon","coordinates":[[[-42.658,-22.2664],[-42.6551,-22.2641],[-42.6424,-22.2715],[-42.6423,-22.2758],[-42.6533,-22.2688],[-42.6556,-22.2718],[-42.6552,-22.2665],[-42.6588,-22.268],[-42.658,-22.2664]]]}},{"type":"Feature","properties":{"cod_tema":"ARL_PROPOSTA","cod_imovel":"RJ-3303401-F251E33DDE7A474687F130BB13288B58","num_area":"1.7676000000000000000000000000000","ind_status":"AT"},"geometry":{"type":"Polygon","coordinates":[[[-42.6503,-22.2737],[-42.6534,-22.2734],[-42.6502,-22.2731],[-42.6503,-22.2737]]]}},{"type":"Feature","properties":{"cod_tema":"ARL_PROPOSTA","cod_imovel":"RJ-3303401-2C9435A5D9FD48B78238622D7D13F9CD","num_area":"2.3359000000000000000000000000000","ind_status":"AT"},"geometry":{"type":"Polygon","coordinates":[[[-42.4645,-22.2384],[-42.4651,-22.2407],[-42.4658,-22.2387],[-42.4645,-22.2384]]]}},{"type":"Feature","properties":{"cod_tema":"ARL_PROPOSTA","cod_imovel":"RJ-3303401-E5801C62DAC84DA48D8A3AE56ECFE7FF","num_area":"4.9023000000000000000000000000000","ind_status":"AT"},"geometry":{"type":"Polygon","coordinates":[[[-42.5054,-22.3022],[-42.5062,-22.2982],[-42.505,-22.3011],[-42.5054,-22.3022]]]}},{"type":"Feature","properties":{"cod_tema":"ARL_PROPOSTA","cod_imovel":"RJ-3303401-BF824FDE399A414BA6CD72907B96CB78","num_area":"8.5910000000000000000000000000000","ind_status":"AT"},"geometry":{"type":"Polygon","coordinates":[[[-42.458,-22.3097],[-42.4603,-22.3054],[-42.456,-22.3092],[-42.458,-22.3097]]]}},{"type":"Feature","properties":{"cod_tema":"ARL_PROPOSTA","cod_imovel":"RJ-3303401-2CEE04C1712447C3A5D8E9E4055C12C1","num_area":"8.2208000000000000000000000000000","ind_status":"AT"},"geometry":{"type":"Polygon","coordinates":[[[-42.3504,-22.403],[-42.3541,-22.4044],[-42.3494,-22.4006],[-42.3504,-22.403]]]}},{"type":"Feature","properties":{"cod_tema":"ARL_PROPOSTA","cod_imovel":"RJ-3303401-72925BF3ECEE42409CB1A78D22B356FF","num_area":"2.0560000000000000000000000000000","ind_status":"AT"},"geometry":{"type":"Polygon","coordinates":[[[-42.5735,-22.286],[-42.5732,-22.2883],[-42.5738,-22.2861],[-42.5735,-22.286]]]}},{"type":"Feature","properties":{"cod_tema":"ARL_PROPOSTA","cod_imovel":"RJ-3303401-C7CDC38D731F425FBD4D37638AA7B734","num_area":"1.6137000000000000000000000000000","ind_status":"AT"},"geometry":{"type":"Polygon","coordinates":[[[-42.7059,-22.2646],[-42.7084,-22.2671],[-42.706,-22.2646],[-42.7059,-22.2646]]]}},{"type":"Feature","properties":{"cod_tema":"ARL_PROPOSTA","cod_imovel":"RJ-3303401-EB7EBF61AA4440D2B7298309F2EB871A","num_area":"1.0337000000000000000000000000000","ind_status":"AT"},"geometry":{"type":"Polygon","coordinates":[[[-42.3216,-22.3593],[-42.3223,-22.3615],[-42.3219,-22.3592],[-42.3216,-22.3593]]]}},{"type":"Feature","properties":{"cod_tema":"ARL_AVERBADA","cod_imovel":"RJ-3303401-CDBC76D05B24498B923D3CB8E60263A4","num_area":"1.7129000000000000000000000000000","ind_status":"AT"},"geometry":{"type":"Polygon","coordinates":[[[-42.3603,-22.3146],[-42.3599,-22.3174],[-42.3604,-22.3147],[-42.3603,-22.3146]]]}},{"type":"Feature","properties":{"cod_tema":"ARL_PROPOSTA","cod_imovel":"RJ-3303401-6E7B29B04B4240D7AFCDAC01EE4876DE","num_area":"7.2024000000000000000000000000000","ind_status":"AT"},"geometry":{"type":"Polygon","coordinates":[[[-42.2138,-22.3477],[-42.2121,-22.3499],[-42.2146,-22.3505],[-42.2139,-22.3477],[-42.2138,-22.3477]]]}},{"type":"Feature","properties":{"cod_tema":"ARL_PROPOSTA","cod_imovel":"RJ-3303401-A9CFAABAE71549AF92FE22CAEDC83F79","num_area":"1.0899000000000000000000000000000","ind_status":"AT"},"geometry":{"type":"Polygon","coordinates":[[[-42.286,-22.3021],[-42.2854,-22.3047],[-42.2861,-22.3021],[-42.286,-22.3021]]]}},{"type":"Feature","properties":{"cod_tema":"ARL_AVERBADA","cod_imovel":"RJ-3303401-EF9E6F06AA274E41AF92AF3BB648A6B1","num_area":"24.683000000000000000000000000000","ind_status":"AT"},"geometry":{"type":"Polygon","coordinates":[[[-42.3653,-22.3155],[-42.3679,-22.3124],[-42.3628,-22.3111],[-42.3608,-22.3153],[-42.3642,-22.3164],[-42.3653,-22.3155]]]}},{"type":"Feature","properties":{"cod_tema":"ARL_PROPOSTA","cod_imovel":"RJ-3303401-20F52005A0F24CB1A048EFE3BBFCD29E","num_area":"2.9948000000000000000000000000000","ind_status":"AT"},"geometry":{"type":"Polygon","coordinates":[[[-42.5036,-22.2922],[-42.5011,-22.2907],[-42.5036,-22.2922],[-42.5036,-22.2922]]]}},{"type":"Feature","properties":{"cod_tema":"ARL_PROPOSTA","cod_imovel":"RJ-3303401-D142B3C7C2C94113B3DCC102AC2721FE","num_area":"6.8856000000000000000000000000000","ind_status":"AT"},"geometry":{"type":"Polygon","coordinates":[[[-42.2157,-22.3414],[-42.2164,-22.3462],[-42.2163,-22.3423],[-42.2157,-22.3414]]]}},{"type":"Feature","properties":{"cod_tema":"ARL_PROPOSTA","cod_imovel":"RJ-3303401-BAF1B96178FB4BEDAFB204008A28A492","num_area":"4.6918000000000000000000000000000","ind_status":"AT"},"geometry":{"type":"Polygon","coordinates":[[[-42.4538,-22.2448],[-42.451,-22.2473],[-42.4529,-22.2457],[-42.4538,-22.2448]]]}},{"type":"Feature","properties":{"cod_tema":"ARL_PROPOSTA","cod_imovel":"RJ-3303401-2D8A7C84914C4D328893809F48315359","num_area":"4.4171000000000000000000000000000","ind_status":"AT"},"geometry":{"type":"Polygon","coordinates":[[[-42.6078,-22.2787],[-42.6103,-22.2797],[-42.6088,-22.2778],[-42.6078,-22.2787]]]}},{"type":"Feature","properties":{"cod_tema":"ARL_PROPOSTA","cod_imovel":"RJ-3303401-F0047F2E0FC1405F828A9DF12C1ED4C1","num_area":"4.3495000000000000000000000000000","ind_status":"AT"},"geometry":{"type":"Polygon","coordinates":[[[-42.4148,-22.3093],[-42.4157,-22.3123],[-42.4149,-22.3092],[-42.4148,-22.3093]]]}},{"type":"Feature","properties":{"cod_tema":"ARL_PROPOSTA","cod_imovel":"RJ-3303401-0EC81C9B54C14B3893D0BAAB0DD5DAD4","num_area":"4.9244000000000000000000000000000","ind_status":"AT"},"geometry":{"type":"Polygon","coordinates":[[[-42.453,-22.3633],[-42.4504,-22.3637],[-42.454,-22.3647],[-42.453,-22.3633]]]}},{"type":"Feature","properties":{"cod_tema":"ARL_PROPOSTA","cod_imovel":"RJ-3303401-B5466030DA3D4B5B95978F724CE55C50","num_area":"4.2788000000000000000000000000000","ind_status":"AT"},"geometry":{"type":"Polygon","coordinates":[[[-42.3576,-22.3357],[-42.3562,-22.3415],[-42.3581,-22.3359],[-42.3576,-22.3357]]]}},{"type":"Feature","properties":{"cod_tema":"ARL_PROPOSTA","cod_imovel":"RJ-3303401-29694E475CD64BD2A895B03B37FFDD0E","num_area":"2.7103000000000000000000000000000","ind_status":"AT"},"geometry":{"type":"Polygon","coordinates":[[[-42.3636,-22.328],[-42.3626,-22.3254],[-42.3635,-22.328],[-42.3636,-22.328]]]}},{"type":"Feature","properties":{"cod_tema":"ARL_PROPOSTA","cod_imovel":"RJ-3303401-CDA352F9B9164362BF1DC793492F3CD6","num_area":"2.6027000000000000000000000000000","ind_status":"AT"},"geometry":{"type":"Polygon","coordinates":[[[-42.6384,-22.2195],[-42.6359,-22.2195],[-42.6384,-22.2208],[-42.6384,-22.2195]]]}},{"type":"Feature","properties":{"cod_tema":"ARL_PROPOSTA","cod_imovel":"RJ-3303401-DF559BEA7E87448B90C854D21EE09DF4","num_area":"5.4566000000000000000000000000000","ind_status":"AT"},"geometry":{"type":"Polygon","coordinates":[[[-42.4454,-22.2907],[-42.4484,-22.2894],[-42.4451,-22.2903],[-42.4454,-22.2907]]]}},{"type":"Feature","properties":{"cod_tema":"ARL_PROPOSTA","cod_imovel":"RJ-3303401-D5EAB6D1053E4704AA0F1AB98D447F49","num_area":"2.6461000000000000000000000000000","ind_status":"AT"},"geometry":{"type":"Polygon","coordinates":[[[-42.6853,-22.2694],[-42.6853,-22.272],[-42.6867,-22.2695],[-42.6853,-22.2694]]]}},{"type":"Feature","properties":{"cod_tema":"ARL_PROPOSTA","cod_imovel":"RJ-3303401-859DE650EC384E3392C277A2627422D5","num_area":"7.7366000000000000000000000000000","ind_status":"AT"},"geometry":{"type":"Polygon","coordinates":[[[-42.6961,-22.2709],[-42.6953,-22.2732],[-42.6994,-22.2728],[-42.6962,-22.2706],[-42.6961,-22.2709]]]}},{"type":"Feature","properties":{"cod_tema":"ARL_PROPOSTA","cod_imovel":"RJ-3303401-49551228050F40F8B3E238CD2EA5D993","num_area":"10.491200000000000000000000000000","ind_status":"AT"},"geometry":{"type":"Polygon","coordinates":[[[-42.3379,-22.3223],[-42.3357,-22.3197],[-42.3343,-22.3234],[-42.3379,-22.3223],[-42.3379,-22.3223]],[[-42.3345,-22.3249],[-42.3377,-22.3243],[-42.3346,-22.3249],[-42.3345,-22.3249]],[[-42.3383,-22.324],[-42.3352,-22.3246],[-42.3382,-22.3241],[-42.3383,-22.324]]]}},{"type":"Feature","properties":{"cod_tema":"ARL_PROPOSTA","cod_imovel":"RJ-3303401-FA9B7F741F644DDDAE5170394F4A05A2","num_area":"5.4350000000000000000000000000000","ind_status":"AT"},"geometry":{"type":"Polygon","coordinates":[[[-42.4186,-22.302],[-42.4203,-22.3042],[-42.4186,-22.302],[-42.4186,-22.302]]]}},{"type":"Feature","properties":{"cod_tema":"ARL_PROPOSTA","cod_imovel":"RJ-3303401-DBBBD0767A274908986BC7DB24B55B21","num_area":"14.003800000000000000000000000000","ind_status":"AT"},"geometry":{"type":"Polygon","coordinates":[[[-42.4687,-22.2271],[-42.4724,-22.2247],[-42.4671,-22.2244],[-42.4687,-22.2271]]]}},{"type":"Feature","properties":{"cod_tema":"ARL_PROPOSTA","cod_imovel":"RJ-3303401-86C1128C664C4287807077B04101D60D","num_area":"4.7297000000000000000000000000000","ind_status":"AT"},"geometry":{"type":"Polygon","coordinates":[[[-42.4935,-22.3028],[-42.492,-22.3043],[-42.4952,-22.3032],[-42.4935,-22.3028]]]}},{"type":"Feature","properties":{"cod_tema":"ARL_PROPOSTA","cod_imovel":"RJ-3303401-21B1CFDD687242DDBD629EB35C0B4C22","num_area":"14.457600000000000000000000000000","ind_status":"AT"},"geometry":{"type":"Polygon","coordinates":[[[-42.3581,-22.3353],[-42.3539,-22.3359],[-42.3539,-22.3384],[-42.3584,-22.3366],[-42.3581,-22.3353]]]}},{"type":"Feature","properties":{"cod_tema":"ARL_PROPOSTA","cod_imovel":"RJ-3303401-042C6666D6574549ACAA606B5BD04C26","num_area":"8.5103000000000000000000000000000","ind_status":"AT"},"geometry":{"type":"Polygon","coordinates":[[[-42.3192,-22.3773],[-42.3231,-22.3786],[-42.3203,-22.3754],[-42.3192,-22.3773]]]}},{"type":"Feature","properties":{"cod_tema":"ARL_PROPOSTA","cod_imovel":"RJ-3303401-D74F7C6DC217487393E4BD2547AAED6B","num_area":"4.0805000000000000000000000000000","ind_status":"AT"},"geometry":{"type":"Polygon","coordinates":[[[-42.3696,-22.3196],[-42.3666,-22.3207],[-42.369,-22.3207],[-42.3696,-22.3196]]]}},{"type":"Feature","properties":{"cod_tema":"ARL_PROPOSTA","cod_imovel":"RJ-3303401-6722931953044418BDEC47A9B3D05EB2","num_area":"20.032300000000000000000000000000","ind_status":"AT"},"geometry":{"type":"Polygon","coordinates":[[[-42.6776,-22.2425],[-42.6733,-22.2442],[-42.6814,-22.2451],[-42.678,-22.2423],[-42.6776,-22.2425]]]}},{"type":"Feature","properties":{"cod_tema":"ARL_PROPOSTA","cod_imovel":"RJ-3303401-4D48897259024AC0A51B5EE6C61E636B","num_area":"21.527300000000000000000000000000","ind_status":"AT"},"geometry":{"type":"Polygon","coordinates":[[[-42.5364,-22.1737],[-42.539,-22.1768],[-42.5398,-22.173],[-42.5364,-22.1737]],[[-42.539,-22.1768],[-42.5418,-22.173],[-42.5391,-22.1767],[-42.539,-22.1768]],[[-42.5426,-22.1753],[-42.5404,-22.1767],[-42.5426,-22.1754],[-42.5426,-22.1753]]]}},{"type":"Feature","properties":{"cod_tema":"ARL_PROPOSTA","cod_imovel":"RJ-3303401-3C1C55C3841D499089B48CF500911968","num_area":"8.1192000000000000000000000000000","ind_status":"AT"},"geometry":{"type":"Polygon","coordinates":[[[-42.7118,-22.3268],[-42.7087,-22.3248],[-42.7076,-22.3272],[-42.7118,-22.3268]]]}},{"type":"Feature","properties":{"cod_tema":"ARL_PROPOSTA","cod_imovel":"RJ-3303401-013D7B172FF34DB7BB275E37110785C6","num_area":"12.911700000000000000000000000000","ind_status":"AT"},"geometry":{"type":"Polygon","coordinates":[[[-42.2418,-22.351],[-42.2445,-22.3506],[-42.2385,-22.3485],[-42.2418,-22.351],[-42.2418,-22.351]],[[-42.2445,-22.3506],[-42.2475,-22.3502],[-42.2455,-22.3473],[-42.2445,-22.3506],[-42.2445,-22.3506]]]}},{"type":"Feature","properties":{"cod_tema":"ARL_PROPOSTA","cod_imovel":"RJ-3303401-420D78CBDBBA4E02A9B3F3A903B34C87","num_area":"0.9629000000000000000000000000000","ind_status":"AT"},"geometry":{"type":"Polygon","coordinates":[[[-42.3159,-22.4033],[-42.3182,-22.4019],[-42.3158,-22.4033],[-42.3159,-22.4033]]]}},{"type":"Feature","properties":{"cod_tema":"ARL_PROPOSTA","cod_imovel":"RJ-3303401-F100612393C948B7A296146719108CBE","num_area":"3.2470000000000000000000000000000","ind_status":"AT"},"geometry":{"type":"Polygon","coordinates":[[[-42.3352,-22.3062],[-42.3327,-22.3064],[-42.3347,-22.3073],[-42.3352,-22.3062]]]}},{"type":"Feature","properties":{"cod_tema":"ARL_PROPOSTA","cod_imovel":"RJ-3303401-E74F02E783D343E8A7A76AB800370F7A","num_area":"7.5094000000000000000000000000000","ind_status":"AT"},"geometry":{"type":"Polygon","coordinates":[[[-42.338,-22.3012],[-42.3364,-22.3058],[-42.3383,-22.3011],[-42.338,-22.3012]]]}},{"type":"Feature","properties":{"cod_tema":"ARL_PROPOSTA","cod_imovel":"RJ-3303401-92DE8F85B21042A08073AB13FC5EF2B0","num_area":"1.6137000000000000000000000000000","ind_status":"AT"},"geometry":{"type":"Polygon","coordinates":[[[-42.3383,-22.3011],[-42.3361,-22.3],[-42.338,-22.3012],[-42.3383,-22.3011]]]}},{"type":"Feature","properties":{"cod_tema":"ARL_PROPOSTA","cod_imovel":"RJ-3303401-40F9C5CF70104027ACB01932666AAB1D","num_area":"3.9335000000000000000000000000000","ind_status":"AT"},"geometry":{"type":"Polygon","coordinates":[[[-42.3491,-22.4124],[-42.3512,-22.4119],[-42.3491,-22.4103],[-42.3491,-22.4124]]]}},{"type":"Feature","properties":{"cod_tema":"ARL_PROPOSTA","cod_imovel":"RJ-3303401-D52828A4ECC84A28ADCB8C3E9BC9BFE1","num_area":"9.7126000000000000000000000000000","ind_status":"AT"},"geometry":{"type":"Polygon","coordinates":[[[-42.6,-22.3134],[-42.5994,-22.3167],[-42.6001,-22.3133],[-42.6,-22.3134]],[[-42.6012,-22.3099],[-42.6033,-22.3096],[-42.6013,-22.3099],[-42.6012,-22.3099]],[[-42.6033,-22.3087],[-42.6003,-22.3087],[-42.6033,-22.3087],[-42.6033,-22.3087]]]}},{"type":"Feature","properties":{"cod_tema":"ARL_PROPOSTA","cod_imovel":"RJ-3303401-39E502F849B340F68F8A5B57B4933AFB","num_area":"1.0367000000000000000000000000000","ind_status":"AT"},"geometry":{"type":"Polygon","coordinates":[[[-42.6908,-22.3266],[-42.6908,-22.3239],[-42.6908,-22.3266],[-42.6908,-22.3266]]]}},{"type":"Feature","properties":{"cod_tema":"ARL_PROPOSTA","cod_imovel":"RJ-3303401-094467AA6A09473B9F3726DFC7F68302","num_area":"1.8287000000000000000000000000000","ind_status":"AT"},"geometry":{"type":"Polygon","coordinates":[[[-42.4224,-22.2743],[-42.4228,-22.2765],[-42.4226,-22.2743],[-42.4224,-22.2743]]]}},{"type":"Feature","properties":{"cod_tema":"ARL_PROPOSTA","cod_imovel":"RJ-3303401-FC8ECBFBAAF8423F943BCD16944F290E","num_area":"3.6366000000000000000000000000000","ind_status":"AT"},"geometry":{"type":"Polygon","coordinates":[[[-42.3321,-22.3636],[-42.3297,-22.3626],[-42.3307,-22.3646],[-42.3321,-22.3636]],[[-42.3333,-22.3693],[-42.3346,-22.3675],[-42.333,-22.3689],[-42.3333,-22.3693]]]}},{"type":"Feature","properties":{"cod_tema":"ARL_PROPOSTA","cod_imovel":"RJ-3303401-694B2411094A407DA47673CCFFBC6145","num_area":"0.9733000000000000000000000000000","ind_status":"AT"},"geometry":{"type":"Polygon","coordinates":[[[-42.6448,-22.3529],[-42.641,-22.3485],[-42.6446,-22.353],[-42.6448,-22.3529]]]}},{"type":"Feature","properties":{"cod_tema":"ARL_PROPOSTA","cod_imovel":"RJ-3303401-E09332136519458084E664FE299EDF82","num_area":"5.9504000000000000000000000000000","ind_status":"AT"},"geometry":{"type":"Polygon","coordinates":[[[-42.3247,-22.3074],[-42.3228,-22.3085],[-42.3267,-22.3096],[-42.3251,-22.3072],[-42.3247,-22.3074]]]}},{"type":"Feature","properties":{"cod_tema":"ARL_PROPOSTA","cod_imovel":"RJ-3303401-2C4DD692C4E8419C879CB3CADC3F14E5","num_area":"52.199400000000000000000000000000","ind_status":"AT"},"geometry":{"type":"Polygon","coordinates":[[[-42.2293,-22.3454],[-42.224,-22.338],[-42.2286,-22.3415],[-42.2281,-22.3367],[-42.2179,-22.3403],[-42.2224,-22.341],[-42.223,-22.3383],[-42.2224,-22.341],[-42.2278,-22.3449],[-42.2293,-22.3454]]]}},{"type":"Feature","properties":{"cod_tema":"ARL_PROPOSTA","cod_imovel":"RJ-3303401-76AFA5183130433C890269F12BF3E6E4","num_area":"4.9443000000000000000000000000000","ind_status":"AT"},"geometry":{"type":"Polygon","coordinates":[[[-42.4591,-22.3927],[-42.4559,-22.3927],[-42.457,-22.3948],[-42.4591,-22.3927],[-42.4591,-22.3927]]]}},{"type":"Feature","properties":{"cod_tema":"ARL_PROPOSTA","cod_imovel":"RJ-3303401-F000C5FD45024FE6A9CE86648BA9E0C6","num_area":"5.5884000000000000000000000000000","ind_status":"AT"},"geometry":{"type":"Polygon","coordinates":[[[-42.5077,-22.3995],[-42.5047,-22.4012],[-42.5082,-22.3995],[-42.5077,-22.3995]]]}},{"type":"Feature","properties":{"cod_tema":"ARL_PROPOSTA","cod_imovel":"RJ-3303401-1E19F03D045B40F0801603EEA41A6637","num_area":"5.9837000000000000000000000000000","ind_status":"AT"},"geometry":{"type":"Polygon","coordinates":[[[-42.5234,-22.1905],[-42.52,-22.197],[-42.5224,-22.1917],[-42.5234,-22.1905]]]}},{"type":"Feature","properties":{"cod_tema":"ARL_PROPOSTA","cod_imovel":"RJ-3303401-38F87A5977E3474095D04E20448573E8","num_area":"3.8574000000000000000000000000000","ind_status":"AT"},"geometry":{"type":"Polygon","coordinates":[[[-42.6551,-22.3098],[-42.6527,-22.3075],[-42.6551,-22.3098],[-42.6551,-22.3098]]]}},{"type":"Feature","properties":{"cod_tema":"ARL_PROPOSTA","cod_imovel":"RJ-3303401-F1A23D226AFE4B5299170BE25A9031BC","num_area":"7.1775000000000000000000000000000","ind_status":"AT"},"geometry":{"type":"Polygon","coordinates":[[[-42.4841,-22.2164],[-42.4812,-22.2135],[-42.482,-22.2172],[-42.4841,-22.2164]]]}},{"type":"Feature","properties":{"cod_tema":"ARL_PROPOSTA","cod_imovel":"RJ-3303401-D34234D492D447E1BF20D5D1871FC4F0","num_area":"2.0420000000000000000000000000000","ind_status":"AT"},"geometry":{"type":"Polygon","coordinates":[[[-42.3059,-22.3331],[-42.3079,-22.3338],[-42.3061,-22.3323],[-42.3059,-22.3331]]]}},{"type":"Feature","properties":{"cod_tema":"ARL_PROPOSTA","cod_imovel":"RJ-3303401-5C00C75586A54036A96C658457A024EC","num_area":"11.462500000000000000000000000000","ind_status":"AT"},"geometry":{"type":"Polygon","coordinates":[[[-42.6432,-22.3769],[-42.645,-22.3788],[-42.6479,-22.3764],[-42.6452,-22.3762],[-42.6432,-22.3769]]]}},{"type":"Feature","properties":{"cod_tema":"ARL_PROPOSTA","cod_imovel":"RJ-3303401-585E0CB088AF43EEBBBABE6E37DA22CE","num_area":"19.032400000000000000000000000000","ind_status":"AT"},"geometry":{"type":"Polygon","coordinates":[[[-42.5747,-22.2996],[-42.5777,-22.3042],[-42.5795,-22.2989],[-42.5747,-22.2996]]]}},{"type":"Feature","properties":{"cod_tema":"ARL_PROPOSTA","cod_imovel":"RJ-3303401-DBB43C8E6D1B4FE4AAB624FF581B7C7D","num_area":"2.0722000000000000000000000000000","ind_status":"AT"},"geometry":{"type":"Polygon","coordinates":[[[-42.3703,-22.3714],[-42.3682,-22.3725],[-42.3716,-22.3718],[-42.3703,-22.3714]]]}},{"type":"Feature","properties":{"cod_tema":"ARL_PROPOSTA","cod_imovel":"RJ-3303401-2944F60712104BB79C408C554434ECC8","num_area":"6.4880000000000000000000000000000","ind_status":"AT"},"geometry":{"type":"Polygon","coordinates":[[[-42.4878,-22.3817],[-42.4829,-22.3823],[-42.4877,-22.3818],[-42.4878,-22.3817]]]}},{"type":"Feature","properties":{"cod_tema":"ARL_PROPOSTA","cod_imovel":"RJ-3303401-BA38C97CDAF649DB8DCA6E14A17E6849","num_area":"7.8813000000000000000000000000000","ind_status":"AT"},"geometry":{"type":"Polygon","coordinates":[[[-42.2482,-22.3536],[-42.2469,-22.3516],[-42.2476,-22.3549],[-42.2482,-22.3536]]]}},{"type":"Feature","properties":{"cod_tema":"ARL_PROPOSTA","cod_imovel":"RJ-3303401-045CF0B7339F4F75BB4EBA5D7C751260","num_area":"5.2095000000000000000000000000000","ind_status":"PE"},"geometry":{"type":"Polygon","coordinates":[[[-42.512,-22.3508],[-42.5151,-22.3508],[-42.5115,-22.3506],[-42.512,-22.3508]]]}},{"type":"Feature","properties":{"cod_tema":"ARL_PROPOSTA","cod_imovel":"RJ-3303401-ADD987B5D8C24046A665EC8036ABB5B4","num_area":"3.2569000000000000000000000000000","ind_status":"AT"},"geometry":{"type":"Polygon","coordinates":[[[-42.6532,-22.2242],[-42.6521,-22.2264],[-42.6532,-22.2242],[-42.6532,-22.2242]]]}},{"type":"Feature","properties":{"cod_tema":"ARL_PROPOSTA","cod_imovel":"RJ-3303401-EEBEA8C8C2814EC999F96C00B67AC6C8","num_area":"0.3088000000000000000000000000000","ind_status":"AT"},"geometry":{"type":"Polygon","coordinates":[[[-42.6624,-22.2765],[-42.6624,-22.2739],[-42.6624,-22.2765],[-42.6624,-22.2765]]]}},{"type":"Feature","properties":{"cod_tema":"ARL_PROPOSTA","cod_imovel":"RJ-3303401-D4DA995F0E9647FD92625088C1E41AEE","num_area":"0.9230000000000000000000000000000","ind_status":"PE"},"geometry":{"type":"Polygon","coordinates":[[[-42.3997,-22.413],[-42.402,-22.4131],[-42.3997,-22.413],[-42.3997,-22.413]]]}},{"type":"Feature","properties":{"cod_tema":"ARL_PROPOSTA","cod_imovel":"RJ-3303401-35577A65C3E84278AA8C5F6E080DEC7D","num_area":"2.3386000000000000000000000000000","ind_status":"PE"},"geometry":{"type":"Polygon","coordinates":[[[-42.5489,-22.3717],[-42.5525,-22.3719],[-42.5492,-22.3715],[-42.5489,-22.3717]]]}},{"type":"Feature","properties":{"cod_tema":"ARL_PROPOSTA","cod_imovel":"RJ-3303401-F7DCF45D88EF491F826F03B947A674C4","num_area":"6.8826000000000000000000000000000","ind_status":"PE"},"geometry":{"type":"Polygon","coordinates":[[[-42.5757,-22.2819],[-42.5807,-22.2787],[-42.5762,-22.2816],[-42.5757,-22.2819]]]}},{"type":"Feature","properties":{"cod_tema":"ARL_PROPOSTA","cod_imovel":"RJ-3303401-86F4BA8F780E4E1A843067D20E4425F1","num_area":"2.9089000000000000000000000000000","ind_status":"AT"},"geometry":{"type":"Polygon","coordinates":[[[-42.4245,-22.3298],[-42.4222,-22.3309],[-42.4244,-22.331],[-42.4245,-22.3298]]]}},{"type":"Feature","properties":{"cod_tema":"ARL_PROPOSTA","cod_imovel":"RJ-3303401-7C333AAE792B4805B74DAFECEBA5DD21","num_area":"16.153000000000000000000000000000","ind_status":"AT"},"geometry":{"type":"Polygon","coordinates":[[[-42.6413,-22.2232],[-42.6402,-22.2194],[-42.635,-22.2228],[-42.6411,-22.2234],[-42.6413,-22.2232]]]}},{"type":"Feature","properties":{"cod_tema":"ARL_PROPOSTA","cod_imovel":"RJ-3303401-DD8566215AA84934B0626408B080397E","num_area":"7.4536000000000000000000000000000","ind_status":"AT"},"geometry":{"type":"Polygon","coordinates":[[[-42.6668,-22.2196],[-42.6711,-22.2242],[-42.6667,-22.2196],[-42.6668,-22.2196]]]}},{"type":"Feature","properties":{"cod_tema":"ARL_PROPOSTA","cod_imovel":"RJ-3303401-056E494D4A5B486CB017E16388144345","num_area":"2.3126000000000000000000000000000","ind_status":"AT"},"geometry":{"type":"Polygon","coordinates":[[[-42.5312,-22.1859],[-42.5273,-22.1851],[-42.5312,-22.186],[-42.5312,-22.1859]]]}},{"type":"Feature","properties":{"cod_tema":"ARL_PROPOSTA","cod_imovel":"RJ-3303401-1A59AC934274468E8BD6160D961E9017","num_area":"2.0592000000000000000000000000000","ind_status":"AT"},"geometry":{"type":"Polygon","coordinates":[[[-42.2946,-22.3819],[-42.2945,-22.3793],[-42.2944,-22.3817],[-42.2946,-22.3819]]]}},{"type":"Feature","properties":{"cod_tema":"ARL_PROPOSTA","cod_imovel":"RJ-3303401-4E97851E8E594202B94A1C37B565E1D7","num_area":"4.4153000000000000000000000000000","ind_status":"AT"},"geometry":{"type":"Polygon","coordinates":[[[-42.2994,-22.3244],[-42.2982,-22.3217],[-42.2954,-22.3234],[-42.2994,-22.3244],[-42.2994,-22.3244]]]}},{"type":"Feature","properties":{"cod_tema":"ARL_PROPOSTA","cod_imovel":"RJ-3303401-3DB6913AAB20428189C2EEC580B94649","num_area":"2.8767000000000000000000000000000","ind_status":"AT"},"geometry":{"type":"Polygon","coordinates":[[[-42.4935,-22.1881],[-42.4953,-22.1894],[-42.4936,-22.188],[-42.4935,-22.1881]]]}},{"type":"Feature","properties":{"cod_tema":"ARL_PROPOSTA","cod_imovel":"RJ-3303401-A5A1D03E2B1E42F4BEA8DF2AC658E820","num_area":"3.8301000000000000000000000000000","ind_status":"AT"},"geometry":{"type":"Polygon","coordinates":[[[-42.3541,-22.2988],[-42.356,-22.3012],[-42.3541,-22.2988],[-42.3541,-22.2988]]]}},{"type":"Feature","properties":{"cod_tema":"ARL_PROPOSTA","cod_imovel":"RJ-3303401-BCBF90E16D7B4A25B98FF13C0BD98AA5","num_area":"1.5683000000000000000000000000000","ind_status":"AT"},"geometry":{"type":"Polygon","coordinates":[[[-42.4194,-22.2838],[-42.4173,-22.2839],[-42.4194,-22.2845],[-42.4194,-22.2838]]]}},{"type":"Feature","properties":{"cod_tema":"ARL_PROPOSTA","cod_imovel":"RJ-3303401-9875ABEF10644F6EA3D8B4B2B7C77C13","num_area":"5.3812000000000000000000000000000","ind_status":"AT"},"geometry":{"type":"Polygon","coordinates":[[[-42.4067,-22.4015],[-42.4037,-22.4012],[-42.4065,-22.4018],[-42.4067,-22.4015]]]}},{"type":"Feature","properties":{"cod_tema":"ARL_PROPOSTA","cod_imovel":"RJ-3303401-24863CC57C8B43EAA39E133D426E707F","num_area":"4.8301000000000000000000000000000","ind_status":"AT"},"geometry":{"type":"Polygon","coordinates":[[[-42.5061,-22.1944],[-42.5028,-22.1929],[-42.5054,-22.1942],[-42.5061,-22.1944]]]}},{"type":"Feature","properties":{"cod_tema":"ARL_PROPOSTA","cod_imovel":"RJ-3303401-6A4E35516AFE40E2961A4D6EEECAC227","num_area":"5.6080000000000000000000000000000","ind_status":"AT"},"geometry":{"type":"Polygon","coordinates":[[[-42.6796,-22.3326],[-42.6769,-22.3337],[-42.6805,-22.3366],[-42.6796,-22.3326]]]}},{"type":"Feature","properties":{"cod_tema":"ARL_PROPOSTA","cod_imovel":"RJ-3303401-5FA9303E5A584E129C9C1EFDB15026BE","num_area":"2.8863000000000000000000000000000","ind_status":"AT"},"geometry":{"type":"Polygon","coordinates":[[[-42.4923,-22.4175],[-42.4929,-22.4218],[-42.493,-22.4179],[-42.4923,-22.4175]]]}},{"type":"Feature","properties":{"cod_tema":"ARL_PROPOSTA","cod_imovel":"RJ-3303401-2B67D666EE8B486B8B73D02BA151190B","num_area":"2.7875000000000000000000000000000","ind_status":"AT"},"geometry":{"type":"Polygon","coordinates":[[[-42.4636,-22.3072],[-42.4608,-22.3122],[-42.4638,-22.3073],[-42.4636,-22.3072]]]}},{"type":"Feature","properties":{"cod_tema":"ARL_PROPOSTA","cod_imovel":"RJ-3303401-E80D362B423D456D946D130EC53957BB","num_area":"7.4275000000000000000000000000000","ind_status":"AT"},"geometry":{"type":"Polygon","coordinates":[[[-42.598,-22.1866],[-42.5935,-22.19],[-42.5981,-22.1871],[-42.598,-22.1866]]]}},{"type":"Feature","properties":{"cod_tema":"ARL_PROPOSTA","cod_imovel":"RJ-3303401-DD33CC4E02AA4A0E9C262CF85FC58477","num_area":"47.892700000000000000000000000000","ind_status":"AT"},"geometry":{"type":"Polygon","coordinates":[[[-42.4125,-22.4043],[-42.4151,-22.4066],[-42.4125,-22.4043],[-42.4125,-22.4043]],[[-42.4111,-22.3901],[-42.4054,-22.3958],[-42.4095,-22.4015],[-42.4103,-22.3993],[-42.4063,-22.3984],[-42.4107,-22.3981],[-42.4064,-22.3969],[-42.4092,-22.3968],[-42.4077,-22.3947],[-42.4109,-22.3976],[-42.4108,-22.392],[-42.4141,-22.3942],[-42.4112,-22.3901],[-42.4111,-22.3901]]]}},{"type":"Feature","properties":{"cod_tema":"ARL_PROPOSTA","cod_imovel":"RJ-3303401-2FAB3E42D2824199A49A3B8181D4287F","num_area":"5.6222000000000000000000000000000","ind_status":"AT"},"geometry":{"type":"Polygon","coordinates":[[[-42.4164,-22.3634],[-42.4169,-22.3659],[-42.4195,-22.3649],[-42.4169,-22.3635],[-42.4164,-22.3634]]]}},{"type":"Feature","properties":{"cod_tema":"ARL_PROPOSTA","cod_imovel":"RJ-3303401-962861FCC26B44DEAB8F2E08E0AE8CFC","num_area":"2.0830000000000000000000000000000","ind_status":"AT"},"geometry":{"type":"Polygon","coordinates":[[[-42.3198,-22.4172],[-42.3195,-22.415],[-42.3195,-22.4173],[-42.3198,-22.4172]]]}},{"type":"Feature","properties":{"cod_tema":"ARL_PROPOSTA","cod_imovel":"RJ-3303401-85055419E16647FF93BC7F9FEDB42CD4","num_area":"4.5705000000000000000000000000000","ind_status":"AT"},"geometry":{"type":"Polygon","coordinates":[[[-42.4061,-22.4087],[-42.4038,-22.4098],[-42.4071,-22.4107],[-42.4061,-22.4087]]]}},{"type":"Feature","properties":{"cod_tema":"ARL_PROPOSTA","cod_imovel":"RJ-3303401-D1ADF0DBC7B943EBB6542891147D88B5","num_area":"6.7909000000000000000000000000000","ind_status":"AT"},"geometry":{"type":"Polygon","coordinates":[[[-42.2899,-22.2948],[-42.2931,-22.2938],[-42.2899,-22.2948],[-42.2899,-22.2948]]]}},{"type":"Feature","properties":{"cod_tema":"ARL_PROPOSTA","cod_imovel":"RJ-3303401-E917B0FB5EA4439B82DCC6F3A672BA31","num_area":"8.6817000000000000000000000000000","ind_status":"AT"},"geometry":{"type":"Polygon","coordinates":[[[-42.62,-22.2939],[-42.622,-22.2947],[-42.6204,-22.2929],[-42.62,-22.2939]],[[-42.6196,-22.2885],[-42.6229,-22.2893],[-42.6198,-22.2886],[-42.6196,-22.2885]],[[-42.6191,-22.29],[-42.6224,-22.2923],[-42.6195,-22.2903],[-42.6191,-22.29]]]}},{"type":"Feature","properties":{"cod_tema":"ARL_PROPOSTA","cod_imovel":"RJ-3303401-56FC6DEA28F14F8294DAA9BBF6E82DB4","num_area":"1.4975000000000000000000000000000","ind_status":"AT"},"geometry":{"type":"Polygon","coordinates":[[[-42.421,-22.4106],[-42.4184,-22.4107],[-42.4206,-22.4108],[-42.421,-22.4106]]]}},{"type":"Feature","properties":{"cod_tema":"ARL_PROPOSTA","cod_imovel":"RJ-3303401-8F28EF92821E458FB093D8D060FE7A57","num_area":"0.5914000000000000000000000000000","ind_status":"AT"},"geometry":{"type":"Polygon","coordinates":[[[-42.6678,-22.315],[-42.6722,-22.3142],[-42.6679,-22.3149],[-42.6678,-22.315]]]}},{"type":"Feature","properties":{"cod_tema":"ARL_PROPOSTA","cod_imovel":"RJ-3303401-6FBF502142E641628C00EDB5EC8BDE34","num_area":"4.0298000000000000000000000000000","ind_status":"AT"},"geometry":{"type":"Polygon","coordinates":[[[-42.3421,-22.3211],[-42.3401,-22.3198],[-42.3421,-22.3211],[-42.3421,-22.3211]]]}},{"type":"Feature","properties":{"cod_tema":"ARL_PROPOSTA","cod_imovel":"RJ-3303401-C5035101C9934EB6ACBE0BCD2E8E4C70","num_area":"12.174000000000000000000000000000","ind_status":"AT"},"geometry":{"type":"Polygon","coordinates":[[[-42.5609,-22.1911],[-42.5652,-22.1908],[-42.5643,-22.1877],[-42.5622,-22.1893],[-42.5609,-22.1911]]]}},{"type":"Feature","properties":{"cod_tema":"ARL_PROPOSTA","cod_imovel":"RJ-3303401-572782EA833C473ABF6F9C16009EE565","num_area":"1.4145000000000000000000000000000","ind_status":"AT"},"geometry":{"type":"Polygon","coordinates":[[[-42.6642,-22.2544],[-42.6616,-22.2516],[-42.6642,-22.2544],[-42.6642,-22.2544]]]}},{"type":"Feature","properties":{"cod_tema":"ARL_PROPOSTA","cod_imovel":"RJ-3303401-746A5C3D209C42F6A248D3CD2C1CF97D","num_area":"10.507100000000000000000000000000","ind_status":"AT"},"geometry":{"type":"Polygon","coordinates":[[[-42.4012,-22.3987],[-42.3958,-22.4008],[-42.4012,-22.4008],[-42.4012,-22.3987]]]}},{"type":"Feature","properties":{"cod_tema":"ARL_PROPOSTA","cod_imovel":"RJ-3303401-8FA23EB171DD4588A12C91924C0A2256","num_area":"4.0195000000000000000000000000000","ind_status":"AT"},"geometry":{"type":"Polygon","coordinates":[[[-42.3604,-22.3077],[-42.3644,-22.3065],[-42.361,-22.3065],[-42.3604,-22.3077]]]}},{"type":"Feature","properties":{"cod_tema":"ARL_PROPOSTA","cod_imovel":"RJ-3303401-A4F219C29D1D4FBA9E8BDC2F5E64C722","num_area":"10.130700000000000000000000000000","ind_status":"AT"},"geometry":{"type":"Polygon","coordinates":[[[-42.6088,-22.2426],[-42.6114,-22.2421],[-42.6079,-22.2401],[-42.6088,-22.2426]],[[-42.6069,-22.2423],[-42.6078,-22.2401],[-42.6052,-22.2404],[-42.6069,-22.2423],[-42.6069,-22.2423]]]}},{"type":"Feature","properties":{"cod_tema":"ARL_PROPOSTA","cod_imovel":"RJ-3303401-6D919677225E458DAA6A82168B70E510","num_area":"3.7175000000000000000000000000000","ind_status":"AT"},"geometry":{"type":"Polygon","coordinates":[[[-42.3365,-22.3096],[-42.3389,-22.3054],[-42.3362,-22.3095],[-42.3365,-22.3096]]]}},{"type":"Feature","properties":{"cod_tema":"ARL_PROPOSTA","cod_imovel":"RJ-3303401-3A6FE32103194B569C57922B71EAC2C8","num_area":"1.2880000000000000000000000000000","ind_status":"AT"},"geometry":{"type":"Polygon","coordinates":[[[-42.4166,-22.3213],[-42.4187,-22.3208],[-42.4167,-22.3211],[-42.4166,-22.3213]]]}},{"type":"Feature","properties":{"cod_tema":"ARL_PROPOSTA","cod_imovel":"RJ-3303401-98F67ED8E96B42A9BC18886C5B506110","num_area":"11.814200000000000000000000000000","ind_status":"AT"},"geometry":{"type":"Polygon","coordinates":[[[-42.3062,-22.2999],[-42.3073,-22.3062],[-42.3073,-22.3013],[-42.3062,-22.2999]]]}},{"type":"Feature","properties":{"cod_tema":"ARL_PROPOSTA","cod_imovel":"RJ-3303401-BABD585BA8074C8985B3F22A118DCBD8","num_area":"2.5842000000000000000000000000000","ind_status":"AT"},"geometry":{"type":"Polygon","coordinates":[[[-42.3719,-22.3702],[-42.3671,-22.3724],[-42.3719,-22.3707],[-42.3719,-22.3702]]]}},{"type":"Feature","properties":{"cod_tema":"ARL_PROPOSTA","cod_imovel":"RJ-3303401-CE0E3CF6782345E1B1AD5412261DEC33","num_area":"12.001800000000000000000000000000","ind_status":"AT"},"geometry":{"type":"Polygon","coordinates":[[[-42.2893,-22.403],[-42.2961,-22.4054],[-42.2895,-22.4024],[-42.2893,-22.403]]]}},{"type":"Feature","properties":{"cod_tema":"ARL_PROPOSTA","cod_imovel":"RJ-3303401-028A58F7F0A04197BAE42321AB9BEE8D","num_area":"5.6025000000000000000000000000000","ind_status":"AT"},"geometry":{"type":"Polygon","coordinates":[[[-42.3601,-22.3033],[-42.3627,-22.3028],[-42.3573,-22.3015],[-42.3601,-22.3033]]]}},{"type":"Feature","properties":{"cod_tema":"ARL_PROPOSTA","cod_imovel":"RJ-3303401-EB5D9CD482374ED5B88E17DC90E43DF5","num_area":"5.1460000000000000000000000000000","ind_status":"AT"},"geometry":{"type":"Polygon","coordinates":[[[-42.3558,-22.3088],[-42.3627,-22.3085],[-42.356,-22.3081],[-42.3558,-22.3088]]]}},{"type":"Feature","properties":{"cod_tema":"ARL_PROPOSTA","cod_imovel":"RJ-3303401-9C01CC502D1B463F8D64D3B36DBB9097","num_area":"4.1740000000000000000000000000000","ind_status":"AT"},"geometry":{"type":"Polygon","coordinates":[[[-42.3296,-22.3359],[-42.3282,-22.3409],[-42.3316,-22.3379],[-42.3297,-22.3359],[-42.3296,-22.3359]]]}},{"type":"Feature","properties":{"cod_tema":"ARL_PROPOSTA","cod_imovel":"RJ-3303401-3F19F19E39B44F918E200B9C31DFD09D","num_area":"2.5601000000000000000000000000000","ind_status":"AT"},"geometry":{"type":"Polygon","coordinates":[[[-42.6548,-22.3172],[-42.6524,-22.318],[-42.6551,-22.3176],[-42.6548,-22.3172]]]}},{"type":"Feature","properties":{"cod_tema":"ARL_PROPOSTA","cod_imovel":"RJ-3303401-08107D95951D4B11A7FA877CB8B8AE2D","num_area":"4.1669000000000000000000000000000","ind_status":"AT"},"geometry":{"type":"Polygon","coordinates":[[[-42.3076,-22.3511],[-42.3094,-22.3495],[-42.3068,-22.3493],[-42.3076,-22.3511]]]}},{"type":"Feature","properties":{"cod_tema":"ARL_PROPOSTA","cod_imovel":"RJ-3303401-02D1ADC523CB4ED2837596B433AF9F09","num_area":"22.192100000000000000000000000000","ind_status":"AT"},"geometry":{"type":"Polygon","coordinates":[[[-42.3748,-22.3665],[-42.3765,-22.3644],[-42.3713,-22.361],[-42.3687,-22.3633],[-42.3748,-22.3665]]]}},{"type":"Feature","properties":{"cod_tema":"ARL_PROPOSTA","cod_imovel":"RJ-3303401-3C1F122E06E9421A87F28F998BD75624","num_area":"32.302700000000000000000000000000","ind_status":"AT"},"geometry":{"type":"Polygon","coordinates":[[[-42.5511,-22.2029],[-42.5414,-22.2018],[-42.5396,-22.2048],[-42.5512,-22.2053],[-42.5525,-22.2021],[-42.5511,-22.2029]]]}},{"type":"Feature","properties":{"cod_tema":"ARL_PROPOSTA","cod_imovel":"RJ-3303401-F69263A320744ACFBE1241FE561084FE","num_area":"81.296600000000000000000000000000","ind_status":"AT"},"geometry":{"type":"Polygon","coordinates":[[[-42.2985,-22.3734],[-42.2905,-22.3703],[-42.2818,-22.3774],[-42.2925,-22.3753],[-42.2985,-22.3734]]]}},{"type":"Feature","properties":{"cod_tema":"ARL_PROPOSTA","cod_imovel":"RJ-3303401-899AD70464EC421D83DD77B0B6503D10","num_area":"3.5344000000000000000000000000000","ind_status":"AT"},"geometry":{"type":"Polygon","coordinates":[[[-42.6031,-22.2474],[-42.6046,-22.2502],[-42.6044,-22.2476],[-42.6031,-22.2474]]]}},{"type":"Feature","properties":{"cod_tema":"ARL_PROPOSTA","cod_imovel":"RJ-3303401-74299CCF5E034EC6A851CBB4EB720E4F","num_area":"5.7964000000000000000000000000000","ind_status":"AT"},"geometry":{"type":"Polygon","coordinates":[[[-42.6157,-22.2421],[-42.6123,-22.2453],[-42.6152,-22.2436],[-42.6157,-22.2421]]]}},{"type":"Feature","properties":{"cod_tema":"ARL_PROPOSTA","cod_imovel":"RJ-3303401-E9B5438BA1C2455DB90909FF4ECF07BC","num_area":"82.733600000000000000000000000000","ind_status":"AT"},"geometry":{"type":"Polygon","coordinates":[[[-42.4008,-22.3794],[-42.3997,-22.3836],[-42.4027,-22.3864],[-42.4008,-22.3791],[-42.4008,-22.3794]],[[-42.4034,-22.3867],[-42.4231,-22.3929],[-42.423,-22.3886],[-42.4206,-22.3884],[-42.4229,-22.3856],[-42.4117,-22.3872],[-42.4126,-22.39],[-42.4106,-22.3864],[-42.4034,-22.3867],[-42.4034,-22.3867]],[[-42.4058,-22.385],[-42.4038,-22.3834],[-42.4057,-22.385],[-42.4058,-22.385]]]}},{"type":"Feature","properties":{"cod_tema":"ARL_PROPOSTA","cod_imovel":"RJ-3303401-A93508CDEB1C4D53BF686732C886C824","num_area":"8.6638000000000000000000000000000","ind_status":"AT"},"geometry":{"type":"Polygon","coordinates":[[[-42.4741,-22.3593],[-42.473,-22.3615],[-42.4782,-22.3598],[-42.474,-22.359],[-42.4741,-22.3593]],[[-42.477,-22.359],[-42.4749,-22.3589],[-42.477,-22.359],[-42.477,-22.359]]]}},{"type":"Feature","properties":{"cod_tema":"ARL_PROPOSTA","cod_imovel":"RJ-3303401-E73001DF7E9845EF9C43131BE295B92C","num_area":"3.2349000000000000000000000000000","ind_status":"AT"},"geometry":{"type":"Polygon","coordinates":[[[-42.6894,-22.2832],[-42.6893,-22.2809],[-42.6893,-22.2831],[-42.6894,-22.2832]]]}},{"type":"Feature","properties":{"cod_tema":"ARL_PROPOSTA","cod_imovel":"RJ-3303401-7A6BF73708BA4885A82E62050FF063B4","num_area":"1.2050000000000000000000000000000","ind_status":"AT"},"geometry":{"type":"Polygon","coordinates":[[[-42.6841,-22.3405],[-42.6823,-22.3414],[-42.6842,-22.3406],[-42.6841,-22.3405]]]}},{"type":"Feature","properties":{"cod_tema":"ARL_PROPOSTA","cod_imovel":"RJ-3303401-F0B6F08AC78D41DBB4E50695A1775DE4","num_area":"2.6861000000000000000000000000000","ind_status":"AT"},"geometry":{"type":"Polygon","coordinates":[[[-42.6448,-22.3629],[-42.6448,-22.3602],[-42.6446,-22.3629],[-42.6448,-22.3629]]]}},{"type":"Feature","properties":{"cod_tema":"ARL_PROPOSTA","cod_imovel":"RJ-3303401-416066EBE02643A38D87DE66E676D030","num_area":"29.647000000000000000000000000000","ind_status":"AT"},"geometry":{"type":"Polygon","coordinates":[[[-42.3368,-22.3112],[-42.3378,-22.3132],[-42.337,-22.3112],[-42.3368,-22.3112]],[[-42.3365,-22.31],[-42.3389,-22.3101],[-42.3397,-22.3057],[-42.3342,-22.3055],[-42.3335,-22.3102],[-42.3365,-22.3099],[-42.3365,-22.31]]]}},{"type":"Feature","properties":{"cod_tema":"ARL_PROPOSTA","cod_imovel":"RJ-3303401-CA5C9542CC5142F3AFE7C63D07E2ADF2","num_area":"13.398300000000000000000000000000","ind_status":"AT"},"geometry":{"type":"Polygon","coordinates":[[[-42.3756,-22.379],[-42.3815,-22.378],[-42.3753,-22.3781],[-42.3756,-22.379]]]}},{"type":"Feature","properties":{"cod_tema":"ARL_PROPOSTA","cod_imovel":"RJ-3303401-F87D876F9673414599296D0EB3D34892","num_area":"5.5791000000000000000000000000000","ind_status":"AT"},"geometry":{"type":"Polygon","coordinates":[[[-42.714,-22.2959],[-42.7166,-22.2968],[-42.7141,-22.2956],[-42.714,-22.2959]]]}},{"type":"Feature","properties":{"cod_tema":"ARL_PROPOSTA","cod_imovel":"RJ-3303401-4DDE2B1091FB4C1782CECD7785792A87","num_area":"4.6500000000000000000000000000000","ind_status":"AT"},"geometry":{"type":"Polygon","coordinates":[[[-42.4107,-22.4189],[-42.4084,-22.4202],[-42.4119,-22.4194],[-42.4107,-22.4189]]]}},{"type":"Feature","properties":{"cod_tema":"ARL_PROPOSTA","cod_imovel":"RJ-3303401-FB1077FAC5144C91A0D87511A0213626","num_area":"1.1036000000000000000000000000000","ind_status":"AT"},"geometry":{"type":"Polygon","coordinates":[[[-42.6335,-22.3626],[-42.6342,-22.3605],[-42.6335,-22.3626],[-42.6335,-22.3626]]]}},{"type":"Feature","properties":{"cod_tema":"ARL_PROPOSTA","cod_imovel":"RJ-3303401-957E6C0A50324D3A8E194501F1DFD62D","num_area":"25.699900000000000000000000000000","ind_status":"AT"},"geometry":{"type":"Polygon","coordinates":[[[-42.4647,-22.4094],[-42.4671,-22.4118],[-42.467,-22.407],[-42.4641,-22.4084],[-42.4647,-22.4094]],[[-42.464,-22.4063],[-42.4642,-22.4039],[-42.4619,-22.4059],[-42.4639,-22.4063],[-42.464,-22.4063]],[[-42.4619,-22.4058],[-42.4584,-22.4051],[-42.4593,-22.4082],[-42.4618,-22.4059],[-42.4619,-22.4058]]]}},{"type":"Feature","properties":{"cod_tema":"ARL_PROPOSTA","cod_imovel":"RJ-3303401-EBC563FE172841D69B53536ECEDB074F","num_area":"2.9837000000000000000000000000000","ind_status":"AT"},"geometry":{"type":"Polygon","coordinates":[[[-42.2736,-22.3681],[-42.2734,-22.3659],[-42.2731,-22.368],[-42.2736,-22.3681]]]}},{"type":"Feature","properties":{"cod_tema":"ARL_PROPOSTA","cod_imovel":"RJ-3303401-DEB5CCB193DA4E36AFEBCBA272871A74","num_area":"20.490600000000000000000000000000","ind_status":"AT"},"geometry":{"type":"Polygon","coordinates":[[[-42.2809,-22.3572],[-42.2798,-22.3541],[-42.271,-22.3554],[-42.2745,-22.3555],[-42.2742,-22.3581],[-42.2781,-22.3545],[-42.2776,-22.3571],[-42.2791,-22.3547],[-42.2807,-22.357],[-42.2809,-22.3572]]]}},{"type":"Feature","properties":{"cod_tema":"ARL_PROPOSTA","cod_imovel":"RJ-3303401-6449F3C4FB7E49BC9A0CD12D2B6CE7C1","num_area":"31.505600000000000000000000000000","ind_status":"AT"},"geometry":{"type":"Polygon","coordinates":[[[-42.3705,-22.3373],[-42.3765,-22.3399],[-42.3763,-22.3369],[-42.3717,-22.3363],[-42.3705,-22.3373]],[[-42.3757,-22.3366],[-42.3741,-22.3329],[-42.3757,-22.3366],[-42.3757,-22.3366]],[[-42.3749,-22.3342],[-42.3763,-22.3366],[-42.3753,-22.3343],[-42.3749,-22.3342]],[[-42.3759,-22.3328],[-42.3749,-22.3307],[-42.3759,-22.3328],[-42.3759,-22.3328]]]}},{"type":"Feature","properties":{"cod_tema":"ARL_PROPOSTA","cod_imovel":"RJ-3303401-938F7614BEDD44BA84DD674668DB8B32","num_area":"7.6178000000000000000000000000000","ind_status":"AT"},"geometry":{"type":"Polygon","coordinates":[[[-42.5099,-22.1755],[-42.5052,-22.1751],[-42.5099,-22.1755],[-42.5099,-22.1755]]]}},{"type":"Feature","properties":{"cod_tema":"ARL_PROPOSTA","cod_imovel":"RJ-3303401-091F48DBC48248A1A7570A47BAC2C217","num_area":"3.1016000000000000000000000000000","ind_status":"AT"},"geometry":{"type":"Polygon","coordinates":[[[-42.3574,-22.3965],[-42.357,-22.3993],[-42.3587,-22.3982],[-42.3574,-22.3965]]]}},{"type":"Feature","properties":{"cod_tema":"ARL_PROPOSTA","cod_imovel":"RJ-3303401-8869C6F1E6A648E8B653B264BDB3A6B7","num_area":"10.362800000000000000000000000000","ind_status":"AT"},"geometry":{"type":"Polygon","coordinates":[[[-42.4374,-22.3752],[-42.437,-22.3694],[-42.4357,-22.3746],[-42.4374,-22.3752]]]}},{"type":"Feature","properties":{"cod_tema":"ARL_PROPOSTA","cod_imovel":"RJ-3303401-933F3081DD5A4E2CA4134100E32C71CB","num_area":"16.524000000000000000000000000000","ind_status":"AT"},"geometry":{"type":"Polygon","coordinates":[[[-42.3597,-22.4142],[-42.3524,-22.4142],[-42.3588,-22.415],[-42.3597,-22.4142]]]}},{"type":"Feature","properties":{"cod_tema":"ARL_PROPOSTA","cod_imovel":"RJ-3303401-6DA6221224144F13883B6684C30D6671","num_area":"8.3988000000000000000000000000000","ind_status":"AT"},"geometry":{"type":"Polygon","coordinates":[[[-42.3686,-22.3173],[-42.3649,-22.3189],[-42.3697,-22.3193],[-42.3692,-22.3172],[-42.3686,-22.3173]]]}},{"type":"Feature","properties":{"cod_tema":"ARL_PROPOSTA","cod_imovel":"RJ-3303401-ED2B0441D48A4BEB877AAD58C5EFF6C0","num_area":"18.505300000000000000000000000000","ind_status":"AT"},"geometry":{"type":"Polygon","coordinates":[[[-42.4539,-22.407],[-42.4556,-22.4095],[-42.4592,-22.4082],[-42.4583,-22.4053],[-42.454,-22.4069],[-42.4539,-22.407]]]}},{"type":"Feature","properties":{"cod_tema":"ARL_PROPOSTA","cod_imovel":"RJ-3303401-1619AD09FF444DE496C9F7F527DBC2A9","num_area":"28.275500000000000000000000000000","ind_status":"AT"},"geometry":{"type":"Polygon","coordinates":[[[-42.3247,-22.3701],[-42.3254,-22.3735],[-42.3193,-22.3739],[-42.3212,-22.3768],[-42.3262,-22.3754],[-42.3283,-22.3724],[-42.3262,-22.3704],[-42.3247,-22.3701]]]}},{"type":"Feature","properties":{"cod_tema":"ARL_PROPOSTA","cod_imovel":"RJ-3303401-BC497B8BD1D54C6194AF9813C471A0D6","num_area":"14.290400000000000000000000000000","ind_status":"AT"},"geometry":{"type":"Polygon","coordinates":[[[-42.6903,-22.3087],[-42.6885,-22.3069],[-42.6903,-22.3088],[-42.6903,-22.3087]],[[-42.6885,-22.2998],[-42.6841,-22.303],[-42.688,-22.3036],[-42.6885,-22.2998]]]}},{"type":"Feature","properties":{"cod_tema":"ARL_PROPOSTA","cod_imovel":"RJ-3303401-ABD619629B71496A9D2CDA66303B7B2B","num_area":"7.7829000000000000000000000000000","ind_status":"AT"},"geometry":{"type":"Polygon","coordinates":[[[-42.6334,-22.3621],[-42.629,-22.3629],[-42.6335,-22.3628],[-42.6334,-22.3621]]]}},{"type":"Feature","properties":{"cod_tema":"ARL_PROPOSTA","cod_imovel":"RJ-3303401-66E06535DA22405F91D435AAC0E705AC","num_area":"5.0073000000000000000000000000000","ind_status":"AT"},"geometry":{"type":"Polygon","coordinates":[[[-42.6515,-22.3165],[-42.6493,-22.3149],[-42.6514,-22.3165],[-42.6515,-22.3165]],[[-42.6458,-22.3256],[-42.6484,-22.3226],[-42.6459,-22.3251],[-42.6458,-22.3256]]]}},{"type":"Feature","properties":{"cod_tema":"ARL_PROPOSTA","cod_imovel":"RJ-3303401-A14CE562B05C463A9EFB01A759BFC0E8","num_area":"12.908400000000000000000000000000","ind_status":"AT"},"geometry":{"type":"Polygon","coordinates":[[[-42.3345,-22.331],[-42.3297,-22.3322],[-42.3291,-22.3356],[-42.3297,-22.3322],[-42.3319,-22.3353],[-42.3355,-22.3316],[-42.3345,-22.331]]]}},{"type":"Feature","properties":{"cod_tema":"ARL_PROPOSTA","cod_imovel":"RJ-3303401-956AFBCFE3F841A689E0F1E82044EF88","num_area":"2.1117000000000000000000000000000","ind_status":"AT"},"geometry":{"type":"Polygon","coordinates":[[[-42.467,-22.2699],[-42.4696,-22.2694],[-42.4676,-22.269],[-42.467,-22.2699]]]}},{"type":"Feature","properties":{"cod_tema":"ARL_PROPOSTA","cod_imovel":"RJ-3303401-17895AF22C79475F953EBA9D694AA563","num_area":"8.5049000000000000000000000000000","ind_status":"AT"},"geometry":{"type":"Polygon","coordinates":[[[-42.6575,-22.3208],[-42.6568,-22.323],[-42.6577,-22.3205],[-42.6575,-22.3208]],[[-42.6568,-22.323],[-42.6612,-22.3256],[-42.6575,-22.3228],[-42.6595,-22.3211],[-42.6568,-22.323],[-42.6568,-22.323]]]}},{"type":"Feature","properties":{"cod_tema":"ARL_PROPOSTA","cod_imovel":"RJ-3303401-841547C58F674FB39F1DDDC940B41F34","num_area":"5.6855000000000000000000000000000","ind_status":"AT"},"geometry":{"type":"Polygon","coordinates":[[[-42.7013,-22.327],[-42.7063,-22.3305],[-42.7013,-22.327],[-42.7013,-22.327]]]}},{"type":"Feature","properties":{"cod_tema":"ARL_PROPOSTA","cod_imovel":"RJ-3303401-5EAFB10CDC7E43C08832A1B71C0FC73D","num_area":"3.8452000000000000000000000000000","ind_status":"AT"},"geometry":{"type":"Polygon","coordinates":[[[-42.471,-22.2184],[-42.4716,-22.2207],[-42.4706,-22.2161],[-42.471,-22.2184]]]}},{"type":"Feature","properties":{"cod_tema":"ARL_PROPOSTA","cod_imovel":"RJ-3303401-C7F4484DB767484F84012210EB56813F","num_area":"13.197000000000000000000000000000","ind_status":"AT"},"geometry":{"type":"Polygon","coordinates":[[[-42.4032,-22.3088],[-42.4031,-22.3152],[-42.4044,-22.3088],[-42.4032,-22.3088]]]}},{"type":"Feature","properties":{"cod_tema":"ARL_PROPOSTA","cod_imovel":"RJ-3303401-0934C3F81DF14B5FAD42C5F2D34F0C33","num_area":"4.8171000000000000000000000000000","ind_status":"AT"},"geometry":{"type":"Polygon","coordinates":[[[-42.3768,-22.3687],[-42.377,-22.3714],[-42.3791,-22.3701],[-42.3768,-22.3687]]]}},{"type":"Feature","properties":{"cod_tema":"ARL_PROPOSTA","cod_imovel":"RJ-3303401-9FB75CDBA5F94AFAB5BE70B71BBB9731","num_area":"3.4019000000000000000000000000000","ind_status":"AT"},"geometry":{"type":"Polygon","coordinates":[[[-42.5121,-22.4063],[-42.5151,-22.409],[-42.5123,-22.4058],[-42.5121,-22.4063]]]}},{"type":"Feature","properties":{"cod_tema":"ARL_PROPOSTA","cod_imovel":"RJ-3303401-A9E5932477E6401B854152DB1FE8279E","num_area":"1.7250000000000000000000000000000","ind_status":"AT"},"geometry":{"type":"Polygon","coordinates":[[[-42.3662,-22.3967],[-42.3638,-22.3964],[-42.3665,-22.3972],[-42.3662,-22.3967]]]}},{"type":"Feature","properties":{"cod_tema":"ARL_PROPOSTA","cod_imovel":"RJ-3303401-AC8182E0DDC94E60A66493E8FEEF7D35","num_area":"4.6563000000000000000000000000000","ind_status":"AT"},"geometry":{"type":"Polygon","coordinates":[[[-42.5558,-22.2331],[-42.5574,-22.2373],[-42.5559,-22.2334],[-42.5558,-22.2331]]]}},{"type":"Feature","properties":{"cod_tema":"ARL_PROPOSTA","cod_imovel":"RJ-3303401-D361292C32404EE28CEA1CD49663D057","num_area":"0.5560000000000000000000000000000","ind_status":"AT"},"geometry":{"type":"Polygon","coordinates":[[[-42.6417,-22.3484],[-42.6432,-22.3503],[-42.6417,-22.3484],[-42.6417,-22.3484]]]}},{"type":"Feature","properties":{"cod_tema":"ARL_PROPOSTA","cod_imovel":"RJ-3303401-DD0F25CFDE7D40EFBD8AD1DDBB1EAFF4","num_area":"5.7800000000000000000000000000000","ind_status":"AT"},"geometry":{"type":"Polygon","coordinates":[[[-42.4141,-22.2707],[-42.4115,-22.2723],[-42.4144,-22.2709],[-42.4141,-22.2707]]]}},{"type":"Feature","properties":{"cod_tema":"ARL_PROPOSTA","cod_imovel":"RJ-3303401-D1AADD4F44434DC78E161BADB8972BB9","num_area":"3.4741000000000000000000000000000","ind_status":"AT"},"geometry":{"type":"Polygon","coordinates":[[[-42.672,-22.2765],[-42.669,-22.2749],[-42.6713,-22.2761],[-42.672,-22.2765]]]}},{"type":"Feature","properties":{"cod_tema":"ARL_PROPOSTA","cod_imovel":"RJ-3303401-6CF52EAC5C7448A4AF03B953F04D47C2","num_area":"11.428200000000000000000000000000","ind_status":"AT"},"geometry":{"type":"Polygon","coordinates":[[[-42.4912,-22.2488],[-42.4985,-22.2525],[-42.4924,-22.2486],[-42.4912,-22.2488]]]}},{"type":"Feature","properties":{"cod_tema":"ARL_PROPOSTA","cod_imovel":"RJ-3303401-F7177AF4D44B49F9BFD77030F3B643E2","num_area":"5.1582000000000000000000000000000","ind_status":"AT"},"geometry":{"type":"Polygon","coordinates":[[[-42.4934,-22.245],[-42.4971,-22.2476],[-42.4948,-22.2448],[-42.4934,-22.245]]]}},{"type":"Feature","properties":{"cod_tema":"ARL_PROPOSTA","cod_imovel":"RJ-3303401-58FAACC480E7424A9CD8F4E8D99163F5","num_area":"7.5997000000000000000000000000000","ind_status":"AT"},"geometry":{"type":"Polygon","coordinates":[[[-42.6105,-22.3257],[-42.6135,-22.3308],[-42.6112,-22.3257],[-42.6105,-22.3257]]]}},{"type":"Feature","properties":{"cod_tema":"ARL_PROPOSTA","cod_imovel":"RJ-3303401-7BD5EDB2D6FB4CB7BA5C854A7895AF12","num_area":"40.759400000000000000000000000000","ind_status":"AT"},"geometry":{"type":"Polygon","coordinates":[[[-42.4695,-22.3475],[-42.4625,-22.3476],[-42.4626,-22.3527],[-42.4697,-22.3524],[-42.4695,-22.3475]]]}},{"type":"Feature","properties":{"cod_tema":"ARL_PROPOSTA","cod_imovel":"RJ-3303401-D14A0A62C96242A6867F7E1DAAD5351F","num_area":"36.898700000000000000000000000000","ind_status":"AT"},"geometry":{"type":"Polygon","coordinates":[[[-42.4678,-22.3604],[-42.4665,-22.3528],[-42.4627,-22.3529],[-42.4648,-22.3635],[-42.4665,-22.3602],[-42.4678,-22.3604]]]}},{"type":"Feature","properties":{"cod_tema":"ARL_PROPOSTA","cod_imovel":"RJ-3303401-87945C292FFD4DA8B306B59099A1EFF3","num_area":"3.9287000000000000000000000000000","ind_status":"AT"},"geometry":{"type":"Polygon","coordinates":[[[-42.5682,-22.2037],[-42.5705,-22.2042],[-42.5684,-22.2038],[-42.5682,-22.2037]]]}},{"type":"Feature","properties":{"cod_tema":"ARL_PROPOSTA","cod_imovel":"RJ-3303401-6ACAD7FCA0AB44B7A79F384A3E06905A","num_area":"1.2611000000000000000000000000000","ind_status":"AT"},"geometry":{"type":"Polygon","coordinates":[[[-42.5635,-22.241],[-42.5658,-22.242],[-42.5637,-22.2408],[-42.5635,-22.241]]]}},{"type":"Feature","properties":{"cod_tema":"ARL_PROPOSTA","cod_imovel":"RJ-3303401-1EBCD0CC5FCE48B09931AD28A76A885D","num_area":"14.536200000000000000000000000000","ind_status":"AT"},"geometry":{"type":"Polygon","coordinates":[[[-42.5932,-22.2546],[-42.5903,-22.2571],[-42.5955,-22.2599],[-42.5935,-22.2558],[-42.5932,-22.2546]]]}},{"type":"Feature","properties":{"cod_tema":"ARL_PROPOSTA","cod_imovel":"RJ-3303401-BEEB211F3BF44F86A4462F6994CFEC06","num_area":"9.6648000000000000000000000000000","ind_status":"AT"},"geometry":{"type":"Polygon","coordinates":[[[-42.3369,-22.3112],[-42.3368,-22.3133],[-42.3369,-22.3111],[-42.3369,-22.3112]],[[-42.3379,-22.3076],[-42.3369,-22.3109],[-42.34,-22.3051],[-42.3381,-22.3066],[-42.3379,-22.3076]]]}},{"type":"Feature","properties":{"cod_tema":"ARL_PROPOSTA","cod_imovel":"RJ-3303401-4A57629321094A8D84DC99DF6F22983E","num_area":"1.5590000000000000000000000000000","ind_status":"AT"},"geometry":{"type":"Polygon","coordinates":[[[-42.2775,-22.3047],[-42.2754,-22.3057],[-42.2775,-22.3047],[-42.2775,-22.3047]]]}},{"type":"Feature","properties":{"cod_tema":"ARL_PROPOSTA","cod_imovel":"RJ-3303401-60019C29F1F247E7BD0782BA8EA80C72","num_area":"1.8618000000000000000000000000000","ind_status":"AT"},"geometry":{"type":"Polygon","coordinates":[[[-42.4461,-22.3687],[-42.444,-22.3701],[-42.4462,-22.369],[-42.4461,-22.3687]]]}},{"type":"Feature","properties":{"cod_tema":"ARL_PROPOSTA","cod_imovel":"RJ-3303401-DE46A02F8DEC456095B97C27D448FC32","num_area":"1.1485000000000000000000000000000","ind_status":"AT"},"geometry":{"type":"Polygon","coordinates":[[[-42.4431,-22.3998],[-42.4421,-22.4019],[-42.4435,-22.4],[-42.4431,-22.3998]]]}},{"type":"Feature","properties":{"cod_tema":"ARL_APROVADA_NAO_AVERBADA","cod_imovel":"RJ-3303401-55FED0AFD607432F83F1FC12443A7156","num_area":"158.38630000000000000000000000000","ind_status":"AT"},"geometry":{"type":"Polygon","coordinates":[[[-42.6937,-22.3908],[-42.6997,-22.3949],[-42.7064,-22.3917],[-42.6997,-22.3872],[-42.6953,-22.3892],[-42.6937,-22.3908]],[[-42.7065,-22.3916],[-42.7068,-22.3877],[-42.7082,-22.3909],[-42.7107,-22.3896],[-42.7075,-22.3825],[-42.6996,-22.3871],[-42.7065,-22.3916],[-42.7065,-22.3916]],[[-42.7113,-22.3894],[-42.7104,-22.3828],[-42.7116,-22.3892],[-42.7123,-22.386],[-42.7149,-22.3876],[-42.7113,-22.3805],[-42.7075,-22.3825],[-42.7092,-22.3861],[-42.7102,-22.382],[-42.7108,-22.3896],[-42.7113,-22.3894]]]}},{"type":"Feature","properties":{"cod_tema":"ARL_PROPOSTA","cod_imovel":"RJ-3303401-D9F8570930614B1F8979C05A6D175D2B","num_area":"8.7733000000000000000000000000000","ind_status":"AT"},"geometry":{"type":"Polygon","coordinates":[[[-42.3353,-22.4289],[-42.3385,-22.4285],[-42.335,-22.4277],[-42.3353,-22.4289]]]}},{"type":"Feature","properties":{"cod_tema":"ARL_PROPOSTA","cod_imovel":"RJ-3303401-A74306A69C1849C39B698B4E58616A6E","num_area":"7.8816000000000000000000000000000","ind_status":"AT"},"geometry":{"type":"Polygon","coordinates":[[[-42.3707,-22.384],[-42.3648,-22.3832],[-42.3709,-22.3847],[-42.3707,-22.384]]]}},{"type":"Feature","properties":{"cod_tema":"ARL_PROPOSTA","cod_imovel":"RJ-3303401-EB029664DECE4FDE98F59602DB5C0998","num_area":"1.9905000000000000000000000000000","ind_status":"AT"},"geometry":{"type":"Polygon","coordinates":[[[-42.381,-22.3437],[-42.383,-22.3453],[-42.3813,-22.3434],[-42.381,-22.3437]]]}},{"type":"Feature","properties":{"cod_tema":"ARL_PROPOSTA","cod_imovel":"RJ-3303401-E3733CDA9551401E86C682802139FCEE","num_area":"16.135500000000000000000000000000","ind_status":"AT"},"geometry":{"type":"Polygon","coordinates":[[[-42.6671,-22.2691],[-42.6721,-22.2738],[-42.6671,-22.2691],[-42.6671,-22.2691]],[[-42.6666,-22.2692],[-42.6719,-22.2739],[-42.6666,-22.2693],[-42.6666,-22.2692]],[[-42.6735,-22.2718],[-42.6762,-22.2747],[-42.6774,-22.2721],[-42.6746,-22.2715],[-42.6735,-22.2718]],[[-42.6738,-22.275],[-42.6774,-22.2749],[-42.674,-22.2748],[-42.6738,-22.275]]]}},{"type":"Feature","properties":{"cod_tema":"ARL_PROPOSTA","cod_imovel":"RJ-3303401-6366A880AA074C03A72E31F7958DB2E6","num_area":"7.7745000000000000000000000000000","ind_status":"AT"},"geometry":{"type":"Polygon","coordinates":[[[-42.3197,-22.3995],[-42.3207,-22.3964],[-42.3182,-22.3962],[-42.3197,-22.3996],[-42.3197,-22.3995]]]}},{"type":"Feature","properties":{"cod_tema":"ARL_PROPOSTA","cod_imovel":"RJ-3303401-647F09EFE6A24C9C8EA3B2E860316843","num_area":"9.9266000000000000000000000000000","ind_status":"AT"},"geometry":{"type":"Polygon","coordinates":[[[-42.4641,-22.2928],[-42.4622,-22.2965],[-42.4651,-22.2961],[-42.4641,-22.2928],[-42.4641,-22.2928]]]}},{"type":"Feature","properties":{"cod_tema":"ARL_PROPOSTA","cod_imovel":"RJ-3303401-CC0284D344F7418C91383C31826A9E6A","num_area":"11.591000000000000000000000000000","ind_status":"AT"},"geometry":{"type":"Polygon","coordinates":[[[-42.4922,-22.2651],[-42.497,-22.2613],[-42.493,-22.2613],[-42.4937,-22.2641],[-42.4922,-22.2651]]]}},{"type":"Feature","properties":{"cod_tema":"ARL_PROPOSTA","cod_imovel":"RJ-3303401-54F6CAE0A79F44A5BD59599D1CD3B5C8","num_area":"2.9240000000000000000000000000000","ind_status":"AT"},"geometry":{"type":"Polygon","coordinates":[[[-42.4292,-22.3592],[-42.4269,-22.3592],[-42.4294,-22.3601],[-42.4292,-22.3592]]]}},{"type":"Feature","properties":{"cod_tema":"ARL_PROPOSTA","cod_imovel":"RJ-3303401-4EB24866688A4E5F97999F0C2E66E8BE","num_area":"0.7949000000000000000000000000000","ind_status":"AT"},"geometry":{"type":"Polygon","coordinates":[[[-42.3816,-22.409],[-42.3792,-22.408],[-42.3813,-22.4092],[-42.3816,-22.409]]]}},{"type":"Feature","properties":{"cod_tema":"ARL_PROPOSTA","cod_imovel":"RJ-3303401-18551EA90B4140E3BB9524EE4B98F797","num_area":"9.8606000000000000000000000000000","ind_status":"AT"},"geometry":{"type":"Polygon","coordinates":[[[-42.3687,-22.3167],[-42.3643,-22.3164],[-42.369,-22.3169],[-42.3687,-22.3167]]]}},{"type":"Feature","properties":{"cod_tema":"ARL_AVERBADA","cod_imovel":"RJ-3303401-18551EA90B4140E3BB9524EE4B98F797","num_area":"13.418000000000000000000000000000","ind_status":"AT"},"geometry":{"type":"Polygon","coordinates":[[[-42.3689,-22.3163],[-42.3717,-22.3138],[-42.368,-22.3124],[-42.366,-22.3149],[-42.3689,-22.3163]]]}},{"type":"Feature","properties":{"cod_tema":"ARL_PROPOSTA","cod_imovel":"RJ-3303401-E524702DAF3B4547A197A8B731F8C41E","num_area":"2.2664000000000000000000000000000","ind_status":"AT"},"geometry":{"type":"Polygon","coordinates":[[[-42.482,-22.2416],[-42.4834,-22.2443],[-42.4827,-22.2414],[-42.482,-22.2416]]]}},{"type":"Feature","properties":{"cod_tema":"ARL_PROPOSTA","cod_imovel":"RJ-3303401-CBED381153B74B6DB233139230BF8E6C","num_area":"23.231700000000000000000000000000","ind_status":"AT"},"geometry":{"type":"Polygon","coordinates":[[[-42.375,-22.3185],[-42.3732,-22.3214],[-42.3769,-22.3235],[-42.3799,-22.3212],[-42.375,-22.3185]]]}},{"type":"Feature","properties":{"cod_tema":"ARL_PROPOSTA","cod_imovel":"RJ-3303401-2409F34B5386421894A1C70A4BCD00D8","num_area":"3.0276000000000000000000000000000","ind_status":"AT"},"geometry":{"type":"Polygon","coordinates":[[[-42.6397,-22.2168],[-42.6386,-22.2143],[-42.6387,-22.217],[-42.6397,-22.2168]]]}},{"type":"Feature","properties":{"cod_tema":"ARL_PROPOSTA","cod_imovel":"RJ-3303401-63354CAAA171413BA334C371A57E8D53","num_area":"3.9918000000000000000000000000000","ind_status":"AT"},"geometry":{"type":"Polygon","coordinates":[[[-42.3427,-22.3451],[-42.3415,-22.3431],[-42.3426,-22.345],[-42.3427,-22.3451]]]}},{"type":"Feature","properties":{"cod_tema":"ARL_PROPOSTA","cod_imovel":"RJ-3303401-466091B0B56C4AD69095B215C7F7B950","num_area":"3.2676000000000000000000000000000","ind_status":"AT"},"geometry":{"type":"Polygon","coordinates":[[[-42.4558,-22.3067],[-42.4541,-22.3052],[-42.4561,-22.3076],[-42.4558,-22.3067]]]}},{"type":"Feature","properties":{"cod_tema":"ARL_PROPOSTA","cod_imovel":"RJ-3303401-D560C3EFE8C9455481D06A17FB986624","num_area":"2.4159000000000000000000000000000","ind_status":"AT"},"geometry":{"type":"Polygon","coordinates":[[[-42.6394,-22.2282],[-42.6363,-22.2278],[-42.6394,-22.2285],[-42.6394,-22.2282]]]}},{"type":"Feature","properties":{"cod_tema":"ARL_PROPOSTA","cod_imovel":"RJ-3303401-F536A91E36C54204A68EF907EC42809A","num_area":"1.0277000000000000000000000000000","ind_status":"AT"},"geometry":{"type":"Polygon","coordinates":[[[-42.6377,-22.2197],[-42.6404,-22.2194],[-42.638,-22.2195],[-42.6377,-22.2197]]]}},{"type":"Feature","properties":{"cod_tema":"ARL_PROPOSTA","cod_imovel":"RJ-3303401-78548EA53DAE4990AD160054CEBF6013","num_area":"5.5806000000000000000000000000000","ind_status":"AT"},"geometry":{"type":"Polygon","coordinates":[[[-42.5435,-22.2187],[-42.5402,-22.2174],[-42.5435,-22.2187],[-42.5435,-22.2187]],[[-42.544,-22.2217],[-42.5421,-22.2186],[-42.5438,-22.2217],[-42.544,-22.2217]],[[-42.5402,-22.2174],[-42.5428,-22.2209],[-42.5403,-22.2175],[-42.5402,-22.2174]]]}},{"type":"Feature","properties":{"cod_tema":"ARL_PROPOSTA","cod_imovel":"RJ-3303401-9251BBBF22034196A892BD9EB1874AE0","num_area":"0.4499000000000000000000000000000","ind_status":"AT"},"geometry":{"type":"Polygon","coordinates":[[[-42.316,-22.332],[-42.3175,-22.3304],[-42.3159,-22.3319],[-42.316,-22.332]]]}},{"type":"Feature","properties":{"cod_tema":"ARL_PROPOSTA","cod_imovel":"RJ-3303401-38CE6097679549EFB9B7880D1F2B45BA","num_area":"20.565900000000000000000000000000","ind_status":"AT"},"geometry":{"type":"Polygon","coordinates":[[[-42.3959,-22.3235],[-42.3921,-22.3231],[-42.3918,-22.328],[-42.397,-22.3236],[-42.3959,-22.3235]]]}},{"type":"Feature","properties":{"cod_tema":"ARL_PROPOSTA","cod_imovel":"RJ-3303401-77C6F9A7CB184D138B3767ACC4128461","num_area":"10.159600000000000000000000000000","ind_status":"AT"},"geometry":{"type":"Polygon","coordinates":[[[-42.3037,-22.4077],[-42.31,-22.4059],[-42.3051,-22.4067],[-42.3037,-22.4077]]]}},{"type":"Feature","properties":{"cod_tema":"ARL_PROPOSTA","cod_imovel":"RJ-3303401-07712234846E4A80B2DB46D7E092DF61","num_area":"6.1404000000000000000000000000000","ind_status":"AT"},"geometry":{"type":"Polygon","coordinates":[[[-42.5751,-22.2804],[-42.5725,-22.2799],[-42.5738,-22.2816],[-42.5751,-22.2804]]]}},{"type":"Feature","properties":{"cod_tema":"ARL_PROPOSTA","cod_imovel":"RJ-3303401-3C8F5702C27741F19090531C8024C540","num_area":"2.5645000000000000000000000000000","ind_status":"AT"},"geometry":{"type":"Polygon","coordinates":[[[-42.2822,-22.306],[-42.2794,-22.3069],[-42.2825,-22.3067],[-42.2822,-22.306]]]}},{"type":"Feature","properties":{"cod_tema":"ARL_PROPOSTA","cod_imovel":"RJ-3303401-BC67827DE9654C469DEB4BB88F61FD75","num_area":"2.0866000000000000000000000000000","ind_status":"AT"},"geometry":{"type":"Polygon","coordinates":[[[-42.5524,-22.2408],[-42.5575,-22.2405],[-42.5525,-22.2409],[-42.5524,-22.2408]]]}},{"type":"Feature","properties":{"cod_tema":"ARL_PROPOSTA","cod_imovel":"RJ-3303401-DF8DB6CE0ED64EE5BE13B81E7A3A4590","num_area":"2.2704000000000000000000000000000","ind_status":"AT"},"geometry":{"type":"Polygon","coordinates":[[[-42.4302,-22.2523],[-42.4329,-22.2517],[-42.4302,-22.2522],[-42.4302,-22.2523]]]}},{"type":"Feature","properties":{"cod_tema":"ARL_PROPOSTA","cod_imovel":"RJ-3303401-046320D8371D47B0896AE005D79E03C7","num_area":"7.8758000000000000000000000000000","ind_status":"AT"},"geometry":{"type":"Polygon","coordinates":[[[-42.4447,-22.2919],[-42.4412,-22.2916],[-42.4446,-22.292],[-42.4447,-22.2919]]]}},{"type":"Feature","properties":{"cod_tema":"ARL_PROPOSTA","cod_imovel":"RJ-3303401-55404DB2231746F7A4962591868BE964","num_area":"23.996500000000000000000000000000","ind_status":"AT"},"geometry":{"type":"Polygon","coordinates":[[[-42.3849,-22.3242],[-42.3847,-22.3271],[-42.3921,-22.3273],[-42.3921,-22.3244],[-42.3849,-22.3242]]]}},{"type":"Feature","properties":{"cod_tema":"ARL_PROPOSTA","cod_imovel":"RJ-3303401-BDC61157D1654BD19BF83ACB70A451B3","num_area":"4.5876000000000000000000000000000","ind_status":"AT"},"geometry":{"type":"Polygon","coordinates":[[[-42.3348,-22.3224],[-42.3344,-22.3199],[-42.3344,-22.3228],[-42.3348,-22.3224]]]}},{"type":"Feature","properties":{"cod_tema":"ARL_PROPOSTA","cod_imovel":"RJ-3303401-5B90B5805C034663AA37E080DDDDCB99","num_area":"3.1583000000000000000000000000000","ind_status":"AT"},"geometry":{"type":"Polygon","coordinates":[[[-42.3944,-22.317],[-42.3965,-22.3191],[-42.3947,-22.317],[-42.3944,-22.317]]]}},{"type":"Feature","properties":{"cod_tema":"ARL_PROPOSTA","cod_imovel":"RJ-3303401-42243A821F1B4F20B561D75700213411","num_area":"2.1210000000000000000000000000000","ind_status":"AT"},"geometry":{"type":"Polygon","coordinates":[[[-42.406,-22.3015],[-42.4053,-22.2995],[-42.4057,-22.3017],[-42.406,-22.3015]]]}},{"type":"Feature","properties":{"cod_tema":"ARL_PROPOSTA","cod_imovel":"RJ-3303401-667498FB0402492D8B4DF1CC6405CF25","num_area":"13.359700000000000000000000000000","ind_status":"AT"},"geometry":{"type":"Polygon","coordinates":[[[-42.4302,-22.2603],[-42.4244,-22.2636],[-42.427,-22.2645],[-42.4302,-22.2603]]]}},{"type":"Feature","properties":{"cod_tema":"ARL_PROPOSTA","cod_imovel":"RJ-3303401-3306F04504BC4486806F5D3E3F5B210F","num_area":"8.9855000000000000000000000000000","ind_status":"AT"},"geometry":{"type":"Polygon","coordinates":[[[-42.5063,-22.3238],[-42.5029,-22.3191],[-42.5063,-22.3238],[-42.5063,-22.3238]]]}},{"type":"Feature","properties":{"cod_tema":"ARL_PROPOSTA","cod_imovel":"RJ-3303401-B3840EF04EF54F61B6E7C815447D9689","num_area":"20.340300000000000000000000000000","ind_status":"AT"},"geometry":{"type":"Polygon","coordinates":[[[-42.5992,-22.1976],[-42.601,-22.1946],[-42.5969,-22.1996],[-42.5992,-22.1976]],[[-42.5995,-22.1901],[-42.5994,-22.1934],[-42.6003,-22.1902],[-42.5995,-22.1901]]]}},{"type":"Feature","properties":{"cod_tema":"ARL_PROPOSTA","cod_imovel":"RJ-3303401-8E010B00B1314B22A96A5D1C439AB0BF","num_area":"0.4519000000000000000000000000000","ind_status":"AT"},"geometry":{"type":"Polygon","coordinates":[[[-42.6843,-22.2573],[-42.685,-22.2593],[-42.6846,-22.2568],[-42.6843,-22.2573]]]}},{"type":"Feature","properties":{"cod_tema":"ARL_PROPOSTA","cod_imovel":"RJ-3303401-4D1F9FEAD7CE44668D81A8802CA5C106","num_area":"3.5248000000000000000000000000000","ind_status":"AT"},"geometry":{"type":"Polygon","coordinates":[[[-42.5848,-22.1952],[-42.5862,-22.1934],[-42.5829,-22.1955],[-42.5848,-22.1952]]]}},{"type":"Feature","properties":{"cod_tema":"ARL_PROPOSTA","cod_imovel":"RJ-3303401-37DB198F752E421785463C36084C4CAA","num_area":"23.357300000000000000000000000000","ind_status":"AT"},"geometry":{"type":"Polygon","coordinates":[[[-42.6156,-22.2249],[-42.6113,-22.2257],[-42.6118,-22.2317],[-42.6154,-22.2254],[-42.6156,-22.2249]]]}},{"type":"Feature","properties":{"cod_tema":"ARL_PROPOSTA","cod_imovel":"RJ-3303401-5B06153E93C8427CB12C5B95F9417154","num_area":"1.7391000000000000000000000000000","ind_status":"AT"},"geometry":{"type":"Polygon","coordinates":[[[-42.6791,-22.289],[-42.6779,-22.2855],[-42.6789,-22.2884],[-42.6791,-22.289]]]}},{"type":"Feature","properties":{"cod_tema":"ARL_PROPOSTA","cod_imovel":"RJ-3303401-35D3B3C4CE144DE2BE6F235BF7049550","num_area":"1.7865000000000000000000000000000","ind_status":"AT"},"geometry":{"type":"Polygon","coordinates":[[[-42.2942,-22.3349],[-42.2962,-22.3335],[-42.2941,-22.3332],[-42.2942,-22.3349]]]}},{"type":"Feature","properties":{"cod_tema":"ARL_PROPOSTA","cod_imovel":"RJ-3303401-D14ED8AFD6B94CEA8F26D40AD65C4064","num_area":"6.3045000000000000000000000000000","ind_status":"AT"},"geometry":{"type":"Polygon","coordinates":[[[-42.2838,-22.4025],[-42.2796,-22.4024],[-42.284,-22.4027],[-42.2838,-22.4025]]]}},{"type":"Feature","properties":{"cod_tema":"ARL_PROPOSTA","cod_imovel":"RJ-3303401-9EACD2B02C1A4C799739FBBC48DA9F05","num_area":"1.0964000000000000000000000000000","ind_status":"AT"},"geometry":{"type":"Polygon","coordinates":[[[-42.4328,-22.3603],[-42.4327,-22.3577],[-42.432,-22.3603],[-42.4328,-22.3603]]]}},{"type":"Feature","properties":{"cod_tema":"ARL_PROPOSTA","cod_imovel":"RJ-3303401-AA97BE03A74646B5AF22089D5A4C7751","num_area":"0.6403000000000000000000000000000","ind_status":"AT"},"geometry":{"type":"Polygon","coordinates":[[[-42.4032,-22.2827],[-42.4056,-22.2846],[-42.4035,-22.2828],[-42.4032,-22.2827]]]}},{"type":"Feature","properties":{"cod_tema":"ARL_PROPOSTA","cod_imovel":"RJ-3303401-4045333E60304B1E8FBFF08DABD0AC9D","num_area":"5.1256000000000000000000000000000","ind_status":"AT"},"geometry":{"type":"Polygon","coordinates":[[[-42.4449,-22.3194],[-42.4463,-22.3209],[-42.4471,-22.3177],[-42.445,-22.3192],[-42.4449,-22.3194]]]}},{"type":"Feature","properties":{"cod_tema":"ARL_PROPOSTA","cod_imovel":"RJ-3303401-025EC26DEAAA42878AEC496F5DE6F4EC","num_area":"11.688500000000000000000000000000","ind_status":"AT"},"geometry":{"type":"Polygon","coordinates":[[[-42.451,-22.2891],[-42.4569,-22.2952],[-42.4513,-22.2895],[-42.451,-22.2891]]]}},{"type":"Feature","properties":{"cod_tema":"ARL_PROPOSTA","cod_imovel":"RJ-3303401-FC1F850C1FDC4E4A87DF45B980A129CB","num_area":"3.6777000000000000000000000000000","ind_status":"AT"},"geometry":{"type":"Polygon","coordinates":[[[-42.5806,-22.2202],[-42.5824,-22.2229],[-42.5802,-22.2199],[-42.5806,-22.2202]]]}},{"type":"Feature","properties":{"cod_tema":"ARL_PROPOSTA","cod_imovel":"RJ-3303401-9B68244F6F7543AA8E9A3D96781547E3","num_area":"5.3401000000000000000000000000000","ind_status":"AT"},"geometry":{"type":"Polygon","coordinates":[[[-42.3567,-22.35],[-42.36,-22.3499],[-42.3578,-22.3492],[-42.3567,-22.35]]]}},{"type":"Feature","properties":{"cod_tema":"ARL_PROPOSTA","cod_imovel":"RJ-3303401-13B499A25C0940A9BAE35C0FCC26BDFC","num_area":"9.4591000000000000000000000000000","ind_status":"AT"},"geometry":{"type":"Polygon","coordinates":[[[-42.5546,-22.1745],[-42.5508,-22.1759],[-42.5549,-22.1777],[-42.5546,-22.1745]]]}},{"type":"Feature","properties":{"cod_tema":"ARL_PROPOSTA","cod_imovel":"RJ-3303401-99195357BDCC4A44BEB76B2FC58711FE","num_area":"9.1008000000000000000000000000000","ind_status":"AT"},"geometry":{"type":"Polygon","coordinates":[[[-42.3724,-22.3919],[-42.3741,-22.3871],[-42.3704,-22.3832],[-42.3708,-22.3893],[-42.3708,-22.3838],[-42.3735,-22.3871],[-42.3722,-22.392],[-42.3724,-22.3919]]]}},{"type":"Feature","properties":{"cod_tema":"ARL_PROPOSTA","cod_imovel":"RJ-3303401-F151FE3692C94622A90E52550D3BC07F","num_area":"1.4581000000000000000000000000000","ind_status":"AT"},"geometry":{"type":"Polygon","coordinates":[[[-42.6546,-22.2824],[-42.6516,-22.2815],[-42.6545,-22.2822],[-42.6546,-22.2824]]]}},{"type":"Feature","properties":{"cod_tema":"ARL_PROPOSTA","cod_imovel":"RJ-3303401-B4710EE83F6C40E19D14CE31AD28CDAB","num_area":"0.4554000000000000000000000000000","ind_status":"AT"},"geometry":{"type":"Polygon","coordinates":[[[-42.5369,-22.3227],[-42.5388,-22.3219],[-42.5369,-22.3225],[-42.5369,-22.3227]]]}},{"type":"Feature","properties":{"cod_tema":"ARL_AVERBADA","cod_imovel":"RJ-3303401-7033D3527A174210BBE5FBB26A0CC3F5","num_area":"7.9749000000000000000000000000000","ind_status":"AT"},"geometry":{"type":"Polygon","coordinates":[[[-42.5346,-22.1696],[-42.5348,-22.173],[-42.5374,-22.1726],[-42.5354,-22.1695],[-42.5346,-22.1696]]]}},{"type":"Feature","properties":{"cod_tema":"ARL_PROPOSTA","cod_imovel":"RJ-3303401-41816C6D1E0E4C708B999705F671314C","num_area":"3.1800000000000000000000000000000","ind_status":"AT"},"geometry":{"type":"Polygon","coordinates":[[[-42.3887,-22.286],[-42.3866,-22.2886],[-42.3881,-22.2873],[-42.3887,-22.286]]]}},{"type":"Feature","properties":{"cod_tema":"ARL_PROPOSTA","cod_imovel":"RJ-3303401-4271E481BC3F447BADA42CCB6E313269","num_area":"6.0145000000000000000000000000000","ind_status":"AT"},"geometry":{"type":"Polygon","coordinates":[[[-42.6602,-22.3012],[-42.6629,-22.2993],[-42.658,-22.2994],[-42.6594,-22.3009],[-42.6602,-22.3012]]]}},{"type":"Feature","properties":{"cod_tema":"ARL_PROPOSTA","cod_imovel":"RJ-3303401-CC74D22758814804B778DF3CBD820012","num_area":"31.725900000000000000000000000000","ind_status":"AT"},"geometry":{"type":"Polygon","coordinates":[[[-42.5132,-22.2749],[-42.5194,-22.2724],[-42.5107,-22.2704],[-42.5122,-22.275],[-42.5132,-22.2749]]]}},{"type":"Feature","properties":{"cod_tema":"ARL_PROPOSTA","cod_imovel":"RJ-3303401-6D9C79418B764385BA2222BC25D7F5E2","num_area":"3.5968000000000000000000000000000","ind_status":"AT"},"geometry":{"type":"Polygon","coordinates":[[[-42.6263,-22.2071],[-42.6274,-22.2095],[-42.6272,-22.2069],[-42.6263,-22.2071]]]}},{"type":"Feature","properties":{"cod_tema":"ARL_PROPOSTA","cod_imovel":"RJ-3303401-4232993EA36A4F8E8595718F8FDD6146","num_area":"2.5478000000000000000000000000000","ind_status":"AT"},"geometry":{"type":"Polygon","coordinates":[[[-42.4006,-22.3067],[-42.4018,-22.3113],[-42.4009,-22.307],[-42.4006,-22.3067]]]}},{"type":"Feature","properties":{"cod_tema":"ARL_PROPOSTA","cod_imovel":"RJ-3303401-F8B259CE464D4B1E8CB5A7C1E39B8FA5","num_area":"3.8400000000000000000000000000000","ind_status":"AT"},"geometry":{"type":"Polygon","coordinates":[[[-42.6361,-22.1895],[-42.635,-22.1921],[-42.6362,-22.1896],[-42.6361,-22.1895]]]}},{"type":"Feature","properties":{"cod_tema":"ARL_PROPOSTA","cod_imovel":"RJ-3303401-BA25C7F34B3E41F59E4C0B43CCFEA78B","num_area":"3.9310000000000000000000000000000","ind_status":"AT"},"geometry":{"type":"Polygon","coordinates":[[[-42.4129,-22.2913],[-42.4099,-22.2901],[-42.4122,-22.2925],[-42.4129,-22.2913]]]}},{"type":"Feature","properties":{"cod_tema":"ARL_PROPOSTA","cod_imovel":"RJ-3303401-5ED1F2E13B60420AA06FD8FD4467B2F8","num_area":"2.2724000000000000000000000000000","ind_status":"AT"},"geometry":{"type":"Polygon","coordinates":[[[-42.4641,-22.2586],[-42.4616,-22.2584],[-42.4636,-22.2594],[-42.4641,-22.2586]]]}},{"type":"Feature","properties":{"cod_tema":"ARL_PROPOSTA","cod_imovel":"RJ-3303401-149E7254F3FE4DCEB3D8887EA7452C63","num_area":"14.808000000000000000000000000000","ind_status":"AT"},"geometry":{"type":"Polygon","coordinates":[[[-42.5252,-22.1706],[-42.5217,-22.1663],[-42.5186,-22.1702],[-42.5253,-22.1709],[-42.5252,-22.1706]]]}},{"type":"Feature","properties":{"cod_tema":"ARL_PROPOSTA","cod_imovel":"RJ-3303401-66DF150291A84FA787947C6E1B5A484D","num_area":"0.9932000000000000000000000000000","ind_status":"AT"},"geometry":{"type":"Polygon","coordinates":[[[-42.5081,-22.1842],[-42.5061,-22.1849],[-42.5085,-22.1846],[-42.5081,-22.1842]]]}},{"type":"Feature","properties":{"cod_tema":"ARL_PROPOSTA","cod_imovel":"RJ-3303401-5582BA8C664147F5AC54FAA6C0F13AE8","num_area":"3.6915000000000000000000000000000","ind_status":"AT"},"geometry":{"type":"Polygon","coordinates":[[[-42.6253,-22.2034],[-42.6296,-22.2048],[-42.6254,-22.2034],[-42.6253,-22.2034]]]}},{"type":"Feature","properties":{"cod_tema":"ARL_PROPOSTA","cod_imovel":"RJ-3303401-35C7743FF4E542B59319679B3BF38279","num_area":"4.3316000000000000000000000000000","ind_status":"AT"},"geometry":{"type":"Polygon","coordinates":[[[-42.5025,-22.2109],[-42.5009,-22.2079],[-42.5022,-22.2112],[-42.5025,-22.2109]]]}},{"type":"Feature","properties":{"cod_tema":"ARL_PROPOSTA","cod_imovel":"RJ-3303401-62B94018D1F44991B6155A74780F7159","num_area":"3.4493000000000000000000000000000","ind_status":"AT"},"geometry":{"type":"Polygon","coordinates":[[[-42.4174,-22.3118],[-42.415,-22.3089],[-42.4147,-22.3117],[-42.4174,-22.3118]]]}},{"type":"Feature","properties":{"cod_tema":"ARL_PROPOSTA","cod_imovel":"RJ-3303401-5CFACAB8A9BB4C49B43036E21A0C3EE6","num_area":"0.7785000000000000000000000000000","ind_status":"AT"},"geometry":{"type":"Polygon","coordinates":[[[-42.4984,-22.2191],[-42.4998,-22.2206],[-42.4979,-22.2196],[-42.4984,-22.2191]]]}},{"type":"Feature","properties":{"cod_tema":"ARL_PROPOSTA","cod_imovel":"RJ-3303401-D43D5C5F6ADA4E7B9616E9978B7A7C21","num_area":"2.1228000000000000000000000000000","ind_status":"AT"},"geometry":{"type":"Polygon","coordinates":[[[-42.5655,-22.1804],[-42.5621,-22.1786],[-42.5654,-22.1804],[-42.5655,-22.1804]]]}},{"type":"Feature","properties":{"cod_tema":"ARL_PROPOSTA","cod_imovel":"RJ-3303401-06B38217EC114D83AF749289DD9813BE","num_area":"2.3022000000000000000000000000000","ind_status":"AT"},"geometry":{"type":"Polygon","coordinates":[[[-42.5634,-22.1786],[-42.5617,-22.1775],[-42.5635,-22.1786],[-42.5634,-22.1786]]]}},{"type":"Feature","properties":{"cod_tema":"ARL_PROPOSTA","cod_imovel":"RJ-3303401-8C31F70D74834AAE95CE8A668F9B67FB","num_area":"5.3612000000000000000000000000000","ind_status":"AT"},"geometry":{"type":"Polygon","coordinates":[[[-42.6533,-22.2864],[-42.6512,-22.2847],[-42.6503,-22.2872],[-42.6534,-22.2865],[-42.6533,-22.2864]]]}},{"type":"Feature","properties":{"cod_tema":"ARL_PROPOSTA","cod_imovel":"RJ-3303401-6B2433351D7B4D1AB9B6649F5C6D5964","num_area":"4.2981000000000000000000000000000","ind_status":"AT"},"geometry":{"type":"Polygon","coordinates":[[[-42.3935,-22.2914],[-42.3937,-22.2883],[-42.3935,-22.2913],[-42.3935,-22.2914]]]}},{"type":"Feature","properties":{"cod_tema":"ARL_PROPOSTA","cod_imovel":"RJ-3303401-4AD3439E74524F5187FC93521826E2B3","num_area":"4.5745000000000000000000000000000","ind_status":"AT"},"geometry":{"type":"Polygon","coordinates":[[[-42.3928,-22.2861],[-42.3907,-22.2874],[-42.3932,-22.286],[-42.3928,-22.2861]]]}},{"type":"Feature","properties":{"cod_tema":"ARL_PROPOSTA","cod_imovel":"RJ-3303401-A83C187007314E4F8679C5931ADEBB83","num_area":"1.4994000000000000000000000000000","ind_status":"AT"},"geometry":{"type":"Polygon","coordinates":[[[-42.3978,-22.2884],[-42.3953,-22.2875],[-42.398,-22.2885],[-42.3978,-22.2884]]]}},{"type":"Feature","properties":{"cod_tema":"ARL_PROPOSTA","cod_imovel":"RJ-3303401-52EC4BA0432343409BEA263F3826C846","num_area":"1.6335000000000000000000000000000","ind_status":"AT"},"geometry":{"type":"Polygon","coordinates":[[[-42.4171,-22.301],[-42.415,-22.3004],[-42.4171,-22.301],[-42.4171,-22.301]]]}},{"type":"Feature","properties":{"cod_tema":"ARL_PROPOSTA","cod_imovel":"RJ-3303401-B8BEC5FD6C434CBAB0495F576474CE71","num_area":"10.674000000000000000000000000000","ind_status":"AT"},"geometry":{"type":"Polygon","coordinates":[[[-42.6365,-22.1886],[-42.6308,-22.1862],[-42.6358,-22.1883],[-42.6365,-22.1886]]]}},{"type":"Feature","properties":{"cod_tema":"ARL_PROPOSTA","cod_imovel":"RJ-3303401-6F34E127F08C41538015D8C1112D1FFB","num_area":"7.4278000000000000000000000000000","ind_status":"AT"},"geometry":{"type":"Polygon","coordinates":[[[-42.4029,-22.404],[-42.3997,-22.4044],[-42.4036,-22.4043],[-42.4029,-22.404]]]}},{"type":"Feature","properties":{"cod_tema":"ARL_PROPOSTA","cod_imovel":"RJ-3303401-6468BD8F624449E0A7E3F88B959649C4","num_area":"6.0294000000000000000000000000000","ind_status":"AT"},"geometry":{"type":"Polygon","coordinates":[[[-42.4695,-22.3167],[-42.4687,-22.3148],[-42.4668,-22.3168],[-42.4695,-22.3169],[-42.4695,-22.3167]]]}},{"type":"Feature","properties":{"cod_tema":"ARL_PROPOSTA","cod_imovel":"RJ-3303401-BA68534E664245049E649F40AD29C0C1","num_area":"16.425600000000000000000000000000","ind_status":"AT"},"geometry":{"type":"Polygon","coordinates":[[[-42.4321,-22.2459],[-42.4374,-22.2513],[-42.4386,-22.2482],[-42.4321,-22.2459]]]}},{"type":"Feature","properties":{"cod_tema":"ARL_PROPOSTA","cod_imovel":"RJ-3303401-08F34AA362E74063A91CA8013D38D537","num_area":"47.386900000000000000000000000000","ind_status":"AT"},"geometry":{"type":"Polygon","coordinates":[[[-42.4983,-22.2527],[-42.508,-22.2496],[-42.4984,-22.2515],[-42.4983,-22.2527]],[[-42.5154,-22.251],[-42.5081,-22.2569],[-42.5129,-22.2569],[-42.5148,-22.2518],[-42.5154,-22.251]]]}},{"type":"Feature","properties":{"cod_tema":"ARL_PROPOSTA","cod_imovel":"RJ-3303401-95DDD5F0251646FC95AC49CA152B7E58","num_area":"2.8783000000000000000000000000000","ind_status":"AT"},"geometry":{"type":"Polygon","coordinates":[[[-42.4561,-22.3246],[-42.4567,-22.3267],[-42.4566,-22.3244],[-42.4561,-22.3246]]]}},{"type":"Feature","properties":{"cod_tema":"ARL_PROPOSTA","cod_imovel":"RJ-3303401-D7EB4476FC574D5F921376FACBF49051","num_area":"19.556700000000000000000000000000","ind_status":"AT"},"geometry":{"type":"Polygon","coordinates":[[[-42.6761,-22.2542],[-42.6734,-22.2564],[-42.682,-22.2527],[-42.6774,-22.2536],[-42.6761,-22.2542]],[[-42.6857,-22.2505],[-42.6878,-22.2509],[-42.6857,-22.2505],[-42.6857,-22.2505]],[[-42.6895,-22.2546],[-42.6892,-22.2525],[-42.6859,-22.2551],[-42.6895,-22.2547],[-42.6895,-22.2546]]]}},{"type":"Feature","properties":{"cod_tema":"ARL_PROPOSTA","cod_imovel":"RJ-3303401-FFF19045E2F442599F9C56CBE4438100","num_area":"6.0730000000000000000000000000000","ind_status":"AT"},"geometry":{"type":"Polygon","coordinates":[[[-42.6895,-22.2553],[-42.6874,-22.2593],[-42.6896,-22.2562],[-42.6895,-22.2553]]]}},{"type":"Feature","properties":{"cod_tema":"ARL_PROPOSTA","cod_imovel":"RJ-3303401-88C06EC9AF68465B891FE6FD0BAC59AC","num_area":"7.4116000000000000000000000000000","ind_status":"AT"},"geometry":{"type":"Polygon","coordinates":[[[-42.5129,-22.2163],[-42.517,-22.2143],[-42.5131,-22.2156],[-42.5129,-22.2163]]]}},{"type":"Feature","properties":{"cod_tema":"ARL_PROPOSTA","cod_imovel":"RJ-3303401-803688FAFF5341FE838956AE6FD97D9A","num_area":"9.3165000000000000000000000000000","ind_status":"AT"},"geometry":{"type":"Polygon","coordinates":[[[-42.4802,-22.2464],[-42.4784,-22.2484],[-42.4809,-22.2499],[-42.4806,-22.2461],[-42.4802,-22.2464]]]}},{"type":"Feature","properties":{"cod_tema":"ARL_PROPOSTA","cod_imovel":"RJ-3303401-16290458E26B42F39634A3B25A7924BC","num_area":"13.659100000000000000000000000000","ind_status":"AT"},"geometry":{"type":"Polygon","coordinates":[[[-42.4517,-22.3183],[-42.4515,-22.3146],[-42.4475,-22.315],[-42.4512,-22.3184],[-42.4517,-22.3183]],[[-42.4515,-22.3146],[-42.4476,-22.3154],[-42.4514,-22.3146],[-42.4515,-22.3146]]]}},{"type":"Feature","properties":{"cod_tema":"ARL_PROPOSTA","cod_imovel":"RJ-3303401-EB7BAA1F6E82462EBB2453E1470D3F76","num_area":"9.9552000000000000000000000000000","ind_status":"AT"},"geometry":{"type":"Polygon","coordinates":[[[-42.6031,-22.2491],[-42.5986,-22.2442],[-42.5951,-22.2448],[-42.6016,-22.2472],[-42.6031,-22.2491]]]}},{"type":"Feature","properties":{"cod_tema":"ARL_PROPOSTA","cod_imovel":"RJ-3303401-EB7198005B1C46658BF40EBFB582F532","num_area":"2.6314000000000000000000000000000","ind_status":"AT"},"geometry":{"type":"Polygon","coordinates":[[[-42.3653,-22.3692],[-42.365,-22.3726],[-42.3654,-22.3692],[-42.3653,-22.3692]]]}},{"type":"Feature","properties":{"cod_tema":"ARL_PROPOSTA","cod_imovel":"RJ-3303401-670D58753488456DB393B3D537E81EAE","num_area":"1.5018000000000000000000000000000","ind_status":"AT"},"geometry":{"type":"Polygon","coordinates":[[[-42.6559,-22.2915],[-42.6577,-22.2894],[-42.6562,-22.2911],[-42.6559,-22.2915]]]}},{"type":"Feature","properties":{"cod_tema":"ARL_PROPOSTA","cod_imovel":"RJ-3303401-C852B972965C4D5E90D865A0F6906F45","num_area":"8.1675000000000000000000000000000","ind_status":"AT"},"geometry":{"type":"Polygon","coordinates":[[[-42.4376,-22.3073],[-42.4371,-22.305],[-42.4348,-22.3084],[-42.4376,-22.3073]]]}},{"type":"Feature","properties":{"cod_tema":"ARL_PROPOSTA","cod_imovel":"RJ-3303401-060CA37634F14388BD831522AA8974F8","num_area":"4.4912000000000000000000000000000","ind_status":"AT"},"geometry":{"type":"Polygon","coordinates":[[[-42.4335,-22.3069],[-42.4328,-22.3093],[-42.4348,-22.3084],[-42.4335,-22.3069]]]}},{"type":"Feature","properties":{"cod_tema":"ARL_PROPOSTA","cod_imovel":"RJ-3303401-10B0DDF93E7E4B4E95265A7817510FC2","num_area":"17.968200000000000000000000000000","ind_status":"AT"},"geometry":{"type":"Polygon","coordinates":[[[-42.4278,-22.3056],[-42.4277,-22.3028],[-42.4223,-22.3008],[-42.426,-22.305],[-42.4278,-22.3056]]]}},{"type":"Feature","properties":{"cod_tema":"ARL_PROPOSTA","cod_imovel":"RJ-3303401-A2FF79164B4543FD82630FBC37DEF731","num_area":"2.0962000000000000000000000000000","ind_status":"AT"},"geometry":{"type":"Polygon","coordinates":[[[-42.4268,-22.2998],[-42.4275,-22.3023],[-42.4266,-22.2999],[-42.4268,-22.2998]]]}},{"type":"Feature","properties":{"cod_tema":"ARL_PROPOSTA","cod_imovel":"RJ-3303401-1ECD0BE07EF949408DC270AE293D5828","num_area":"8.2995000000000000000000000000000","ind_status":"AT"},"geometry":{"type":"Polygon","coordinates":[[[-42.5147,-22.4295],[-42.5189,-22.4285],[-42.5175,-22.4267],[-42.5144,-22.4292],[-42.5147,-22.4295]]]}},{"type":"Feature","properties":{"cod_tema":"ARL_PROPOSTA","cod_imovel":"RJ-3303401-841CE3675B3A4F26B0F311F057C0827B","num_area":"3.0591000000000000000000000000000","ind_status":"PE"},"geometry":{"type":"Polygon","coordinates":[[[-42.6893,-22.2524],[-42.6857,-22.252],[-42.6891,-22.2524],[-42.6893,-22.2524]]]}},{"type":"Feature","properties":{"cod_tema":"ARL_PROPOSTA","cod_imovel":"RJ-3303401-AB698661FCD44ED59B33D170D26CDBAB","num_area":"4.3824000000000000000000000000000","ind_status":"AT"},"geometry":{"type":"Polygon","coordinates":[[[-42.4083,-22.2922],[-42.4145,-22.292],[-42.4106,-22.2922],[-42.4083,-22.2922]]]}},{"type":"Feature","properties":{"cod_tema":"ARL_PROPOSTA","cod_imovel":"RJ-3303401-79FA21B3CEAB4C4A82CBF4984620B8AA","num_area":"4.5132000000000000000000000000000","ind_status":"AT"},"geometry":{"type":"Polygon","coordinates":[[[-42.6064,-22.199],[-42.6052,-22.2014],[-42.6086,-22.1992],[-42.6064,-22.199]]]}},{"type":"Feature","properties":{"cod_tema":"ARL_PROPOSTA","cod_imovel":"RJ-3303401-311B85BBC84E43D7A524D774199FAC2D","num_area":"6.0516000000000000000000000000000","ind_status":"AT"},"geometry":{"type":"Polygon","coordinates":[[[-42.4782,-22.2437],[-42.4785,-22.2406],[-42.4777,-22.2445],[-42.4782,-22.2437]]]}},{"type":"Feature","properties":{"cod_tema":"ARL_PROPOSTA","cod_imovel":"RJ-3303401-7D1C1AED490B4E0FAAB74D3C5C9D3BCA","num_area":"8.6011000000000000000000000000000","ind_status":"AT"},"geometry":{"type":"Polygon","coordinates":[[[-42.5236,-22.3484],[-42.5227,-22.344],[-42.5217,-22.3481],[-42.5236,-22.3484]]]}},{"type":"Feature","properties":{"cod_tema":"ARL_PROPOSTA","cod_imovel":"RJ-3303401-CA39A2D46C72462CAA26E8180564359E","num_area":"1.1824000000000000000000000000000","ind_status":"AT"},"geometry":{"type":"Polygon","coordinates":[[[-42.4967,-22.2279],[-42.4974,-22.2246],[-42.4968,-22.2268],[-42.4967,-22.2279]]]}},{"type":"Feature","properties":{"cod_tema":"ARL_PROPOSTA","cod_imovel":"RJ-3303401-64563DF1780D4A2BB387B40813F142A0","num_area":"2.7753000000000000000000000000000","ind_status":"AT"},"geometry":{"type":"Polygon","coordinates":[[[-42.4281,-22.307],[-42.4253,-22.306],[-42.4281,-22.3072],[-42.4281,-22.307]]]}},{"type":"Feature","properties":{"cod_tema":"ARL_PROPOSTA","cod_imovel":"RJ-3303401-624C754DF93142A9A1E3BAC5185881E8","num_area":"3.0521000000000000000000000000000","ind_status":"AT"},"geometry":{"type":"Polygon","coordinates":[[[-42.5845,-22.2621],[-42.5874,-22.2629],[-42.585,-22.2616],[-42.5845,-22.2621]]]}},{"type":"Feature","properties":{"cod_tema":"ARL_PROPOSTA","cod_imovel":"RJ-3303401-C39F9D7FFE244F3C9B3AD0F387170979","num_area":"3.6764000000000000000000000000000","ind_status":"AT"},"geometry":{"type":"Polygon","coordinates":[[[-42.6332,-22.1925],[-42.6352,-22.1941],[-42.6332,-22.1924],[-42.6332,-22.1925]],[[-42.6306,-22.196],[-42.6326,-22.1951],[-42.6306,-22.196],[-42.6306,-22.196]]]}},{"type":"Feature","properties":{"cod_tema":"ARL_PROPOSTA","cod_imovel":"RJ-3303401-D18CF2B289FD448D883824645341DA07","num_area":"9.8640000000000000000000000000000","ind_status":"AT"},"geometry":{"type":"Polygon","coordinates":[[[-42.3244,-22.339],[-42.3261,-22.3421],[-42.3261,-22.3393],[-42.3244,-22.339]]]}},{"type":"Feature","properties":{"cod_tema":"ARL_PROPOSTA","cod_imovel":"RJ-3303401-5555C26E836B45328259EB498EBB8D7F","num_area":"7.0203000000000000000000000000000","ind_status":"AT"},"geometry":{"type":"Polygon","coordinates":[[[-42.3549,-22.3446],[-42.354,-22.3467],[-42.358,-22.3453],[-42.3549,-22.3446]]]}},{"type":"Feature","properties":{"cod_tema":"ARL_PROPOSTA","cod_imovel":"RJ-3303401-C9CC395DEB344E7BA574BA1249E65069","num_area":"2.6103000000000000000000000000000","ind_status":"AT"},"geometry":{"type":"Polygon","coordinates":[[[-42.5198,-22.3312],[-42.5204,-22.3334],[-42.5199,-22.331],[-42.5198,-22.3312]]]}},{"type":"Feature","properties":{"cod_tema":"ARL_PROPOSTA","cod_imovel":"RJ-3303401-17879DD9CD1549C39CBBEA74F761A8B9","num_area":"9.8009000000000000000000000000000","ind_status":"AT"},"geometry":{"type":"Polygon","coordinates":[[[-42.6174,-22.2029],[-42.6128,-22.2025],[-42.6182,-22.206],[-42.6184,-22.2038],[-42.6174,-22.2029]]]}},{"type":"Feature","properties":{"cod_tema":"ARL_PROPOSTA","cod_imovel":"RJ-3303401-A520FC2C3AF34BCD805C6EE7C431C866","num_area":"132.16740000000000000000000000000","ind_status":"AT"},"geometry":{"type":"Polygon","coordinates":[[[-42.2854,-22.3489],[-42.28,-22.3464],[-42.2778,-22.3523],[-42.28,-22.3464],[-42.2762,-22.3464],[-42.2771,-22.3543],[-42.2806,-22.3545],[-42.2809,-22.3578],[-42.2869,-22.358],[-42.2882,-22.3553],[-42.2847,-22.3572],[-42.2882,-22.3553],[-42.2896,-22.3472],[-42.2855,-22.3489],[-42.2854,-22.3489]],[[-42.2852,-22.3552],[-42.2857,-22.3529],[-42.2846,-22.3574],[-42.2852,-22.3552]]]}},{"type":"Feature","properties":{"cod_tema":"ARL_PROPOSTA","cod_imovel":"RJ-3303401-F730E7738CBD44BBA951B448B2F1DA9A","num_area":"9.1296000000000000000000000000000","ind_status":"AT"},"geometry":{"type":"Polygon","coordinates":[[[-42.4796,-22.2446],[-42.4791,-22.2484],[-42.4819,-22.2467],[-42.4796,-22.2446]]]}},{"type":"Feature","properties":{"cod_tema":"ARL_PROPOSTA","cod_imovel":"RJ-3303401-B3DF590F2CC8404B86C28C8FB668A5F9","num_area":"2.9251000000000000000000000000000","ind_status":"AT"},"geometry":{"type":"Polygon","coordinates":[[[-42.55,-22.2586],[-42.5484,-22.2607],[-42.55,-22.2587],[-42.55,-22.2586]]]}},{"type":"Feature","properties":{"cod_tema":"ARL_PROPOSTA","cod_imovel":"RJ-3303401-4D52A8BD6EF34180B61E75508F493F66","num_area":"23.564100000000000000000000000000","ind_status":"AT"},"geometry":{"type":"Polygon","coordinates":[[[-42.3267,-22.3632],[-42.3242,-22.3621],[-42.3209,-22.3668],[-42.3232,-22.3685],[-42.326,-22.3656],[-42.3267,-22.3632]]]}},{"type":"Feature","properties":{"cod_tema":"ARL_PROPOSTA","cod_imovel":"RJ-3303401-C8FED32D79524467B73D9339C2622950","num_area":"8.1929000000000000000000000000000","ind_status":"AT"},"geometry":{"type":"Polygon","coordinates":[[[-42.4738,-22.3304],[-42.4721,-22.3273],[-42.4737,-22.3309],[-42.4738,-22.3304]]]}},{"type":"Feature","properties":{"cod_tema":"ARL_PROPOSTA","cod_imovel":"RJ-3303401-5474ACFEBF6A45698E68EA3E09CA26D7","num_area":"10.662400000000000000000000000000","ind_status":"AT"},"geometry":{"type":"Polygon","coordinates":[[[-42.3135,-22.2997],[-42.3127,-22.2956],[-42.3108,-22.2985],[-42.3135,-22.2997]]]}},{"type":"Feature","properties":{"cod_tema":"ARL_PROPOSTA","cod_imovel":"RJ-3303401-917B87CF99814510905DBAB9159D59BB","num_area":"8.8773000000000000000000000000000","ind_status":"AT"},"geometry":{"type":"Polygon","coordinates":[[[-42.3093,-22.295],[-42.3069,-22.2938],[-42.306,-22.2969],[-42.3092,-22.2951],[-42.3093,-22.295]]]}},{"type":"Feature","properties":{"cod_tema":"ARL_PROPOSTA","cod_imovel":"RJ-3303401-126C2F2064234A708316C8F1CC4A9DDE","num_area":"37.295500000000000000000000000000","ind_status":"AT"},"geometry":{"type":"Polygon","coordinates":[[[-42.2212,-22.3433],[-42.2209,-22.3476],[-42.2214,-22.3446],[-42.2212,-22.3433]],[[-42.2201,-22.3419],[-42.2161,-22.3412],[-42.2149,-22.3464],[-42.2184,-22.345],[-42.2166,-22.3422],[-42.2191,-22.3486],[-42.2208,-22.3434],[-42.2201,-22.3419]]]}},{"type":"Feature","properties":{"cod_tema":"ARL_PROPOSTA","cod_imovel":"RJ-3303401-F5DFDC62DADD4AC7A1D14A81F38AF079","num_area":"11.601500000000000000000000000000","ind_status":"AT"},"geometry":{"type":"Polygon","coordinates":[[[-42.5396,-22.2167],[-42.5437,-22.2183],[-42.5448,-22.2157],[-42.5414,-22.2152],[-42.5396,-22.2167]]]}},{"type":"Feature","properties":{"cod_tema":"ARL_PROPOSTA","cod_imovel":"RJ-3303401-9DF5962BEB69428CAE0EC2C7FDD9F355","num_area":"5.2132000000000000000000000000000","ind_status":"AT"},"geometry":{"type":"Polygon","coordinates":[[[-42.5129,-22.1802],[-42.5157,-22.1814],[-42.5129,-22.1801],[-42.5129,-22.1802]]]}},{"type":"Feature","properties":{"cod_tema":"ARL_PROPOSTA","cod_imovel":"RJ-3303401-8AF8D8CFA0BA477388A9C86261335F6C","num_area":"3.2242000000000000000000000000000","ind_status":"AT"},"geometry":{"type":"Polygon","coordinates":[[[-42.3413,-22.3167],[-42.3441,-22.3158],[-42.3416,-22.3165],[-42.3413,-22.3167]]]}},{"type":"Feature","properties":{"cod_tema":"ARL_PROPOSTA","cod_imovel":"RJ-3303401-45759E99A11A4E02AB6AC4D0D236700B","num_area":"16.062100000000000000000000000000","ind_status":"AT"},"geometry":{"type":"Polygon","coordinates":[[[-42.3327,-22.402],[-42.3248,-22.4022],[-42.3313,-22.4026],[-42.3327,-22.402]],[[-42.3248,-22.4022],[-42.3269,-22.4031],[-42.325,-22.4024],[-42.3248,-22.4022]]]}},{"type":"Feature","properties":{"cod_tema":"ARL_PROPOSTA","cod_imovel":"RJ-3303401-E6788DDC17014F15B4F93220F0F5B8A1","num_area":"3.7646000000000000000000000000000","ind_status":"AT"},"geometry":{"type":"Polygon","coordinates":[[[-42.3931,-22.3012],[-42.3906,-22.3011],[-42.393,-22.3016],[-42.3931,-22.3012]]]}},{"type":"Feature","properties":{"cod_tema":"ARL_PROPOSTA","cod_imovel":"RJ-3303401-9E1569982BB94BAA90264B64BD3DEC4D","num_area":"4.7946000000000000000000000000000","ind_status":"AT"},"geometry":{"type":"Polygon","coordinates":[[[-42.2404,-22.3614],[-42.2434,-22.3637],[-42.2407,-22.3603],[-42.2404,-22.3614]]]}},{"type":"Feature","properties":{"cod_tema":"ARL_PROPOSTA","cod_imovel":"RJ-3303401-5A034918FF8249A88F48C168EA4DA4EA","num_area":"5.3875000000000000000000000000000","ind_status":"AT"},"geometry":{"type":"Polygon","coordinates":[[[-42.3813,-22.3861],[-42.3819,-22.3815],[-42.381,-22.386],[-42.3813,-22.3861]]]}},{"type":"Feature","properties":{"cod_tema":"ARL_PROPOSTA","cod_imovel":"RJ-3303401-7FC33E036A784B9A916C59B770A01C8C","num_area":"3.4095000000000000000000000000000","ind_status":"AT"},"geometry":{"type":"Polygon","coordinates":[[[-42.581,-22.3191],[-42.5836,-22.3174],[-42.5812,-22.319],[-42.581,-22.3191]]]}},{"type":"Feature","properties":{"cod_tema":"ARL_PROPOSTA","cod_imovel":"RJ-3303401-A25DA45B74974FC2BAC616FFCAEB4BBE","num_area":"3.9721000000000000000000000000000","ind_status":"AT"},"geometry":{"type":"Polygon","coordinates":[[[-42.5737,-22.2367],[-42.5732,-22.2336],[-42.5732,-22.2368],[-42.5737,-22.2367]]]}},{"type":"Feature","properties":{"cod_tema":"ARL_PROPOSTA","cod_imovel":"RJ-3303401-3A628B95B6114814A3B5CCFE59A8D7D0","num_area":"3.7344000000000000000000000000000","ind_status":"AT"},"geometry":{"type":"Polygon","coordinates":[[[-42.5142,-22.423],[-42.5124,-22.4206],[-42.5145,-22.4239],[-42.5142,-22.423]]]}},{"type":"Feature","properties":{"cod_tema":"ARL_PROPOSTA","cod_imovel":"RJ-3303401-063472B9624C4A0C956DED53CC6544EB","num_area":"3.4986000000000000000000000000000","ind_status":"AT"},"geometry":{"type":"Polygon","coordinates":[[[-42.5852,-22.2145],[-42.5856,-22.2166],[-42.5855,-22.2144],[-42.5852,-22.2145]]]}},{"type":"Feature","properties":{"cod_tema":"ARL_PROPOSTA","cod_imovel":"RJ-3303401-B9DCAC96E4B84932A0E89A9604D908DE","num_area":"2.7497000000000000000000000000000","ind_status":"AT"},"geometry":{"type":"Polygon","coordinates":[[[-42.4922,-22.2218],[-42.4951,-22.2229],[-42.4922,-22.2218],[-42.4922,-22.2218]]]}},{"type":"Feature","properties":{"cod_tema":"ARL_PROPOSTA","cod_imovel":"RJ-3303401-63920B1C2A60468CB941064E47BCE523","num_area":"2.7479000000000000000000000000000","ind_status":"AT"},"geometry":{"type":"Polygon","coordinates":[[[-42.6513,-22.2216],[-42.6531,-22.2227],[-42.652,-22.2205],[-42.6513,-22.2216]]]}},{"type":"Feature","properties":{"cod_tema":"ARL_PROPOSTA","cod_imovel":"RJ-3303401-3BFD8C25128C4EA7921485ED6E05E550","num_area":"4.6679000000000000000000000000000","ind_status":"AT"},"geometry":{"type":"Polygon","coordinates":[[[-42.4845,-22.3211],[-42.483,-22.3188],[-42.4842,-22.3208],[-42.4845,-22.3211]]]}},{"type":"Feature","properties":{"cod_tema":"ARL_PROPOSTA","cod_imovel":"RJ-3303401-7473BAC163104101805588473ECF9273","num_area":"7.1303000000000000000000000000000","ind_status":"AT"},"geometry":{"type":"Polygon","coordinates":[[[-42.3573,-22.3527],[-42.3601,-22.3548],[-42.3604,-22.3519],[-42.3573,-22.3527]]]}},{"type":"Feature","properties":{"cod_tema":"ARL_PROPOSTA","cod_imovel":"RJ-3303401-1E6F8605B9524CC3909D858F95037C4C","num_area":"7.7189000000000000000000000000000","ind_status":"AT"},"geometry":{"type":"Polygon","coordinates":[[[-42.2958,-22.4039],[-42.2944,-22.4074],[-42.2972,-22.4078],[-42.2972,-22.4052],[-42.2958,-22.4039]]]}},{"type":"Feature","properties":{"cod_tema":"ARL_PROPOSTA","cod_imovel":"RJ-3303401-58ACEE9CFB534352A3EBC3D41068DA99","num_area":"5.8696000000000000000000000000000","ind_status":"AT"},"geometry":{"type":"Polygon","coordinates":[[[-42.504,-22.1844],[-42.5017,-22.1858],[-42.5045,-22.1847],[-42.504,-22.1844]]]}},{"type":"Feature","properties":{"cod_tema":"ARL_PROPOSTA","cod_imovel":"RJ-3303401-C49FD70025404CC6A12D4781925A6DD9","num_area":"2.1948000000000000000000000000000","ind_status":"AT"},"geometry":{"type":"Polygon","coordinates":[[[-42.2957,-22.3837],[-42.2976,-22.3845],[-42.2957,-22.3836],[-42.2957,-22.3837]]]}},{"type":"Feature","properties":{"cod_tema":"ARL_PROPOSTA","cod_imovel":"RJ-3303401-DB7666A8183546B28C70B0DF6BF8C728","num_area":"4.4749000000000000000000000000000","ind_status":"AT"},"geometry":{"type":"Polygon","coordinates":[[[-42.2998,-22.3883],[-42.3016,-22.3874],[-42.297,-22.3863],[-42.2998,-22.3883]]]}},{"type":"Feature","properties":{"cod_tema":"ARL_PROPOSTA","cod_imovel":"RJ-3303401-96ED8CD79B04468EA97E6646E0EBF814","num_area":"17.668800000000000000000000000000","ind_status":"AT"},"geometry":{"type":"Polygon","coordinates":[[[-42.3714,-22.3263],[-42.3694,-22.3199],[-42.3714,-22.3263],[-42.3714,-22.3263]],[[-42.369,-22.3252],[-42.3714,-22.3264],[-42.3692,-22.3252],[-42.369,-22.3252]]]}},{"type":"Feature","properties":{"cod_tema":"ARL_PROPOSTA","cod_imovel":"RJ-3303401-3110662071EB46C1907892AB1098138E","num_area":"2.3883000000000000000000000000000","ind_status":"PE"},"geometry":{"type":"Polygon","coordinates":[[[-42.6468,-22.236],[-42.6475,-22.2382],[-42.6468,-22.236],[-42.6468,-22.236]]]}},{"type":"Feature","properties":{"cod_tema":"ARL_PROPOSTA","cod_imovel":"RJ-3303401-D0D3DF4B02E44AEDA8BDC4FCF50C863E","num_area":"3.4976000000000000000000000000000","ind_status":"AT"},"geometry":{"type":"Polygon","coordinates":[[[-42.522,-22.2057],[-42.5245,-22.2054],[-42.5225,-22.2049],[-42.522,-22.2057]]]}},{"type":"Feature","properties":{"cod_tema":"ARL_PROPOSTA","cod_imovel":"RJ-3303401-BAB8882FF2E9429391966446274788F4","num_area":"4.0387000000000000000000000000000","ind_status":"AT"},"geometry":{"type":"Polygon","coordinates":[[[-42.3693,-22.347],[-42.3669,-22.347],[-42.3693,-22.3482],[-42.3693,-22.347]]]}},{"type":"Feature","properties":{"cod_tema":"ARL_PROPOSTA","cod_imovel":"RJ-3303401-87EB52994ADC4FAA9225C6337A767983","num_area":"6.3101000000000000000000000000000","ind_status":"AT"},"geometry":{"type":"Polygon","coordinates":[[[-42.3569,-22.3731],[-42.3565,-22.369],[-42.3562,-22.3727],[-42.3569,-22.3731]]]}},{"type":"Feature","properties":{"cod_tema":"ARL_PROPOSTA","cod_imovel":"RJ-3303401-9E5CD968BE3E47D8AE217FBEC1E87522","num_area":"4.8807000000000000000000000000000","ind_status":"AT"},"geometry":{"type":"Polygon","coordinates":[[[-42.3393,-22.3603],[-42.3385,-22.3631],[-42.3393,-22.3603],[-42.3393,-22.3603]]]}},{"type":"Feature","properties":{"cod_tema":"ARL_PROPOSTA","cod_imovel":"RJ-3303401-3C7B98076F934FEB816EB570E445F274","num_area":"3.1452000000000000000000000000000","ind_status":"AT"},"geometry":{"type":"Polygon","coordinates":[[[-42.4537,-22.3758],[-42.4543,-22.3736],[-42.4531,-22.3755],[-42.4537,-22.3758]]]}},{"type":"Feature","properties":{"cod_tema":"ARL_PROPOSTA","cod_imovel":"RJ-3303401-9F779AC3FBF6471DBBB1F724C403F807","num_area":"1.4739000000000000000000000000000","ind_status":"AT"},"geometry":{"type":"Polygon","coordinates":[[[-42.3383,-22.3739],[-42.3396,-22.3716],[-42.3386,-22.3734],[-42.3383,-22.3739]]]}},{"type":"Feature","properties":{"cod_tema":"ARL_PROPOSTA","cod_imovel":"RJ-3303401-ED98534F76A94D13ADA632893A65DF8E","num_area":"2.6519000000000000000000000000000","ind_status":"AT"},"geometry":{"type":"Polygon","coordinates":[[[-42.3211,-22.3768],[-42.3178,-22.3764],[-42.321,-22.3771],[-42.3211,-22.3768]]]}},{"type":"Feature","properties":{"cod_tema":"ARL_PROPOSTA","cod_imovel":"RJ-3303401-FE4F5C5B82DB405BA30EA0276B95C176","num_area":"1.7983000000000000000000000000000","ind_status":"AT"},"geometry":{"type":"Polygon","coordinates":[[[-42.4984,-22.2673],[-42.4953,-22.2675],[-42.4978,-22.2683],[-42.4984,-22.2673]]]}},{"type":"Feature","properties":{"cod_tema":"ARL_PROPOSTA","cod_imovel":"RJ-3303401-F7F8A2509B83428FA191D05E9D5BAB80","num_area":"2.8392000000000000000000000000000","ind_status":"AT"},"geometry":{"type":"Polygon","coordinates":[[[-42.3148,-22.3715],[-42.3118,-22.3718],[-42.3155,-22.3722],[-42.3148,-22.3715]]]}},{"type":"Feature","properties":{"cod_tema":"ARL_PROPOSTA","cod_imovel":"RJ-3303401-DB93B9644E5649D183F8530397AA3CB8","num_area":"8.7130000000000000000000000000000","ind_status":"AT"},"geometry":{"type":"Polygon","coordinates":[[[-42.3879,-22.3817],[-42.3926,-22.384],[-42.3896,-22.3812],[-42.3879,-22.3817]]]}},{"type":"Feature","properties":{"cod_tema":"ARL_PROPOSTA","cod_imovel":"RJ-3303401-1D130CAE93434D42B008449BBD7429BF","num_area":"4.7653000000000000000000000000000","ind_status":"AT"},"geometry":{"type":"Polygon","coordinates":[[[-42.3597,-22.4082],[-42.3629,-22.4083],[-42.3601,-22.4082],[-42.3597,-22.4082]]]}},{"type":"Feature","properties":{"cod_tema":"ARL_PROPOSTA","cod_imovel":"RJ-3303401-1D867F98CE93487387E4B4DFC2B3EA70","num_area":"2.9900000000000000000000000000000","ind_status":"PE"},"geometry":{"type":"Polygon","coordinates":[[[-42.3136,-22.3625],[-42.3187,-22.3615],[-42.3137,-22.3622],[-42.3136,-22.3625]]]}},{"type":"Feature","properties":{"cod_tema":"ARL_PROPOSTA","cod_imovel":"RJ-3303401-CE83B4A9A0C648FD8CA51BFC18D5A686","num_area":"11.183400000000000000000000000000","ind_status":"AT"},"geometry":{"type":"Polygon","coordinates":[[[-42.3147,-22.3715],[-42.3193,-22.3654],[-42.3136,-22.3716],[-42.3147,-22.3715]]]}},{"type":"Feature","properties":{"cod_tema":"ARL_PROPOSTA","cod_imovel":"RJ-3303401-D6C97BA202E24C249A43058192D9CD28","num_area":"2.0689000000000000000000000000000","ind_status":"AT"},"geometry":{"type":"Polygon","coordinates":[[[-42.3112,-22.3981],[-42.3126,-22.4001],[-42.3118,-22.3979],[-42.3112,-22.3981]],[[-42.3128,-22.3999],[-42.3118,-22.3979],[-42.3127,-22.3998],[-42.3128,-22.3999]]]}},{"type":"Feature","properties":{"cod_tema":"ARL_PROPOSTA","cod_imovel":"RJ-3303401-746A5398802D40E792E472FF8977426B","num_area":"11.418200000000000000000000000000","ind_status":"AT"},"geometry":{"type":"Polygon","coordinates":[[[-42.3498,-22.3817],[-42.3451,-22.378],[-42.3451,-22.3814],[-42.3497,-22.3817],[-42.3498,-22.3817]]]}},{"type":"Feature","properties":{"cod_tema":"ARL_PROPOSTA","cod_imovel":"RJ-3303401-6EE3D01A12494135B8D70E0FF3E54B00","num_area":"2.1021000000000000000000000000000","ind_status":"AT"},"geometry":{"type":"Polygon","coordinates":[[[-42.3188,-22.3529],[-42.3227,-22.3524],[-42.3188,-22.3528],[-42.3188,-22.3529]]]}},{"type":"Feature","properties":{"cod_tema":"ARL_PROPOSTA","cod_imovel":"RJ-3303401-FF3928A49176469FA4EBAC53F7A61DA6","num_area":"2.3386000000000000000000000000000","ind_status":"AT"},"geometry":{"type":"Polygon","coordinates":[[[-42.3372,-22.4104],[-42.3363,-22.413],[-42.3374,-22.4105],[-42.3372,-22.4104]],[[-42.3369,-22.4102],[-42.3361,-22.4131],[-42.3368,-22.4104],[-42.3369,-22.4102]]]}},{"type":"Feature","properties":{"cod_tema":"ARL_PROPOSTA","cod_imovel":"RJ-3303401-6D3EA96761E1421B911FAAE0770CF9FA","num_area":"2.6721000000000000000000000000000","ind_status":"AT"},"geometry":{"type":"Polygon","coordinates":[[[-42.3344,-22.403],[-42.3322,-22.4022],[-42.3344,-22.4031],[-42.3344,-22.403]]]}},{"type":"Feature","properties":{"cod_tema":"ARL_PROPOSTA","cod_imovel":"RJ-3303401-A47E9EB3B99C4A2CB9815445C3E41296","num_area":"11.611300000000000000000000000000","ind_status":"AT"},"geometry":{"type":"Polygon","coordinates":[[[-42.3168,-22.4117],[-42.311,-22.4142],[-42.3171,-22.4122],[-42.3168,-22.4117]]]}},{"type":"Feature","properties":{"cod_tema":"ARL_PROPOSTA","cod_imovel":"RJ-3303401-3F6D8454989F49F888D850EF691B3FE6","num_area":"2.8441000000000000000000000000000","ind_status":"AT"},"geometry":{"type":"Polygon","coordinates":[[[-42.3014,-22.3118],[-42.3027,-22.3095],[-42.3015,-22.3112],[-42.3014,-22.3118]]]}},{"type":"Feature","properties":{"cod_tema":"ARL_PROPOSTA","cod_imovel":"RJ-3303401-504670196C584CB29C3EDDDF1824EA1B","num_area":"5.2776000000000000000000000000000","ind_status":"AT"},"geometry":{"type":"Polygon","coordinates":[[[-42.3065,-22.2988],[-42.3044,-22.298],[-42.3063,-22.2991],[-42.3065,-22.2988]]]}},{"type":"Feature","properties":{"cod_tema":"ARL_PROPOSTA","cod_imovel":"RJ-3303401-749E94C83C214C42B250B9FFCB9A89CA","num_area":"2.0461000000000000000000000000000","ind_status":"AT"},"geometry":{"type":"Polygon","coordinates":[[[-42.3016,-22.2983],[-42.301,-22.3007],[-42.3019,-22.2987],[-42.3016,-22.2983]]]}},{"type":"Feature","properties":{"cod_tema":"ARL_PROPOSTA","cod_imovel":"RJ-3303401-4D11376053CB492CB99A18537413D9BE","num_area":"10.811100000000000000000000000000","ind_status":"AT"},"geometry":{"type":"Polygon","coordinates":[[[-42.301,-22.2982],[-42.2977,-22.2991],[-42.3004,-22.2984],[-42.301,-22.2982]],[[-42.298,-22.2978],[-42.2933,-22.2989],[-42.298,-22.2981],[-42.298,-22.2978]]]}},{"type":"Feature","properties":{"cod_tema":"ARL_PROPOSTA","cod_imovel":"RJ-3303401-528D0B4D8A22469CBA181E056A1D14DB","num_area":"1.8498000000000000000000000000000","ind_status":"AT"},"geometry":{"type":"Polygon","coordinates":[[[-42.3986,-22.3491],[-42.3964,-22.3489],[-42.3987,-22.3491],[-42.3986,-22.3491]]]}},{"type":"Feature","properties":{"cod_tema":"ARL_PROPOSTA","cod_imovel":"RJ-3303401-7B1AFB4D96EA429694BEC144843B7C91","num_area":"6.0807000000000000000000000000000","ind_status":"AT"},"geometry":{"type":"Polygon","coordinates":[[[-42.3506,-22.3417],[-42.349,-22.3435],[-42.3513,-22.3417],[-42.3506,-22.3417]]]}},{"type":"Feature","properties":{"cod_tema":"ARL_PROPOSTA","cod_imovel":"RJ-3303401-74664CEAF3D74EBA98B5CA8001C688EB","num_area":"3.9040000000000000000000000000000","ind_status":"AT"},"geometry":{"type":"Polygon","coordinates":[[[-42.2741,-22.3021],[-42.2766,-22.3045],[-42.2747,-22.3023],[-42.2741,-22.3021]]]}},{"type":"Feature","properties":{"cod_tema":"ARL_PROPOSTA","cod_imovel":"RJ-3303401-02C65A409CD64A1691CC9011C142F774","num_area":"7.7250000000000000000000000000000","ind_status":"AT"},"geometry":{"type":"Polygon","coordinates":[[[-42.2682,-22.3128],[-42.2653,-22.3134],[-42.2681,-22.3156],[-42.2682,-22.3128],[-42.2682,-22.3128]]]}},{"type":"Feature","properties":{"cod_tema":"ARL_PROPOSTA","cod_imovel":"RJ-3303401-8E0A16A285F746E2BF4263524738F5AD","num_area":"3.7733000000000000000000000000000","ind_status":"AT"},"geometry":{"type":"Polygon","coordinates":[[[-42.5022,-22.193],[-42.4992,-22.19],[-42.5012,-22.1923],[-42.5022,-22.193]]]}},{"type":"Feature","properties":{"cod_tema":"ARL_PROPOSTA","cod_imovel":"RJ-3303401-2F83BD17BA314939A3548EA93DD8C336","num_area":"4.0827000000000000000000000000000","ind_status":"AT"},"geometry":{"type":"Polygon","coordinates":[[[-42.3465,-22.3324],[-42.3448,-22.3304],[-42.3464,-22.3326],[-42.3465,-22.3324]]]}},{"type":"Feature","properties":{"cod_tema":"ARL_PROPOSTA","cod_imovel":"RJ-3303401-3A326EE01E274EDA8B3D624A59049117","num_area":"3.5238000000000000000000000000000","ind_status":"AT"},"geometry":{"type":"Polygon","coordinates":[[[-42.3652,-22.3914],[-42.3629,-22.3905],[-42.3651,-22.3917],[-42.3652,-22.3914]]]}},{"type":"Feature","properties":{"cod_tema":"ARL_PROPOSTA","cod_imovel":"RJ-3303401-0AC6CDC589234DB6979627F3902C41C8","num_area":"2.9105000000000000000000000000000","ind_status":"AT"},"geometry":{"type":"Polygon","coordinates":[[[-42.2978,-22.3345],[-42.3,-22.3335],[-42.2978,-22.3344],[-42.2978,-22.3345]]]}},{"type":"Feature","properties":{"cod_tema":"ARL_PROPOSTA","cod_imovel":"RJ-3303401-7E8BE04E76F645CDBDE7AA2108E0D762","num_area":"2.8133000000000000000000000000000","ind_status":"AT"},"geometry":{"type":"Polygon","coordinates":[[[-42.3021,-22.3381],[-42.3033,-22.34],[-42.3023,-22.338],[-42.3021,-22.3381]]]}},{"type":"Feature","properties":{"cod_tema":"ARL_PROPOSTA","cod_imovel":"RJ-3303401-A2096ADA31C84A7D8FB8B91964B3C6D1","num_area":"2.5043000000000000000000000000000","ind_status":"AT"},"geometry":{"type":"Polygon","coordinates":[[[-42.3874,-22.4204],[-42.3901,-22.4198],[-42.3873,-22.4201],[-42.3874,-22.4204]]]}},{"type":"Feature","properties":{"cod_tema":"ARL_PROPOSTA","cod_imovel":"RJ-3303401-424F50ED93F44DF19CF2663D5142FB54","num_area":"1.4444000000000000000000000000000","ind_status":"AT"},"geometry":{"type":"Polygon","coordinates":[[[-42.3201,-22.3118],[-42.3212,-22.3157],[-42.3201,-22.3117],[-42.3201,-22.3118]]]}},{"type":"Feature","properties":{"cod_tema":"ARL_PROPOSTA","cod_imovel":"RJ-3303401-A0084B2F5E394FDABF1332145747C13B","num_area":"3.2398000000000000000000000000000","ind_status":"PE"},"geometry":{"type":"Polygon","coordinates":[[[-42.6604,-22.2482],[-42.6544,-22.245],[-42.6601,-22.2485],[-42.6604,-22.2482]]]}},{"type":"Feature","properties":{"cod_tema":"ARL_PROPOSTA","cod_imovel":"RJ-3303401-254451EC3E8D41F4B1E9B82DB8644D74","num_area":"4.7012000000000000000000000000000","ind_status":"AT"},"geometry":{"type":"Polygon","coordinates":[[[-42.4924,-22.3118],[-42.4926,-22.3147],[-42.4933,-22.3126],[-42.4924,-22.3118]]]}},{"type":"Feature","properties":{"cod_tema":"ARL_PROPOSTA","cod_imovel":"RJ-3303401-118A3762319241B39CED15B8DD35646E","num_area":"6.3783000000000000000000000000000","ind_status":"AT"},"geometry":{"type":"Polygon","coordinates":[[[-42.6054,-22.2382],[-42.6004,-22.2384],[-42.6054,-22.2382],[-42.6054,-22.2382]]]}},{"type":"Feature","properties":{"cod_tema":"ARL_PROPOSTA","cod_imovel":"RJ-3303401-909D3A12D135491AA5591FC3C1A2C4B6","num_area":"2.8026000000000000000000000000000","ind_status":"AT"},"geometry":{"type":"Polygon","coordinates":[[[-42.664,-22.2274],[-42.666,-22.226],[-42.6618,-22.2261],[-42.6638,-22.2273],[-42.664,-22.2274]]]}},{"type":"Feature","properties":{"cod_tema":"ARL_PROPOSTA","cod_imovel":"RJ-3303401-75C4A721D8F54FD79B9966A6ADFF745C","num_area":"4.9320000000000000000000000000000","ind_status":"AT"},"geometry":{"type":"Polygon","coordinates":[[[-42.6544,-22.2686],[-42.6549,-22.2714],[-42.6552,-22.2692],[-42.6544,-22.2686]]]}},{"type":"Feature","properties":{"cod_tema":"ARL_PROPOSTA","cod_imovel":"RJ-3303401-794C6BBD4B324311BAAC83BA99F60CAA","num_area":"3.5732000000000000000000000000000","ind_status":"AT"},"geometry":{"type":"Polygon","coordinates":[[[-42.4834,-22.245],[-42.4819,-22.247],[-42.484,-22.245],[-42.4834,-22.245]]]}},{"type":"Feature","properties":{"cod_tema":"ARL_PROPOSTA","cod_imovel":"RJ-3303401-F304A91BF041429CA34EA11757B7EFD1","num_area":"6.4028000000000000000000000000000","ind_status":"AT"},"geometry":{"type":"Polygon","coordinates":[[[-42.5854,-22.2594],[-42.5842,-22.2623],[-42.5856,-22.2601],[-42.5854,-22.2594]]]}},{"type":"Feature","properties":{"cod_tema":"ARL_PROPOSTA","cod_imovel":"RJ-3303401-27284C52BC3B4001B76CDD6584A03335","num_area":"3.7391000000000000000000000000000","ind_status":"AT"},"geometry":{"type":"Polygon","coordinates":[[[-42.3671,-22.3655],[-42.3653,-22.3671],[-42.3671,-22.3661],[-42.3671,-22.3655]]]}},{"type":"Feature","properties":{"cod_tema":"ARL_PROPOSTA","cod_imovel":"RJ-3303401-674CB3957B644326AFA05C5C833068B5","num_area":"2.8301000000000000000000000000000","ind_status":"AT"},"geometry":{"type":"Polygon","coordinates":[[[-42.5093,-22.1856],[-42.5115,-22.1855],[-42.5082,-22.1847],[-42.5093,-22.1856]]]}},{"type":"Feature","properties":{"cod_tema":"ARL_PROPOSTA","cod_imovel":"RJ-3303401-A8901288BBC04CBDBD03EAEF13F65434","num_area":"0.7902000000000000000000000000000","ind_status":"AT"},"geometry":{"type":"Polygon","coordinates":[[[-42.5071,-22.1994],[-42.5083,-22.1972],[-42.5071,-22.1992],[-42.5071,-22.1994]]]}},{"type":"Feature","properties":{"cod_tema":"ARL_PROPOSTA","cod_imovel":"RJ-3303401-77A1A8D039BF41CE87EAB5D5F143F10E","num_area":"29.719500000000000000000000000000","ind_status":"AT"},"geometry":{"type":"Polygon","coordinates":[[[-42.3416,-22.3742],[-42.3386,-22.3731],[-42.3401,-22.3778],[-42.3343,-22.3757],[-42.3396,-22.3803],[-42.3437,-22.3754],[-42.3418,-22.3744],[-42.3416,-22.3742]]]}},{"type":"Feature","properties":{"cod_tema":"ARL_PROPOSTA","cod_imovel":"RJ-3303401-0BBBF7612E5E41CA81F2564EB208E2A5","num_area":"8.4566000000000000000000000000000","ind_status":"AT"},"geometry":{"type":"Polygon","coordinates":[[[-42.7222,-22.3409],[-42.7201,-22.3422],[-42.7225,-22.3435],[-42.7225,-22.3412],[-42.7222,-22.3409]],[[-42.7201,-22.3422],[-42.718,-22.3436],[-42.7225,-22.3435],[-42.7205,-22.3423],[-42.7201,-22.3422]]]}},{"type":"Feature","properties":{"cod_tema":"ARL_PROPOSTA","cod_imovel":"RJ-3303401-786617F4707D47E4860C7A5589DE4558","num_area":"6.0779000000000000000000000000000","ind_status":"AT"},"geometry":{"type":"Polygon","coordinates":[[[-42.7245,-22.3378],[-42.7236,-22.3354],[-42.7222,-22.3376],[-42.7244,-22.3378],[-42.7245,-22.3378]]]}},{"type":"Feature","properties":{"cod_tema":"ARL_PROPOSTA","cod_imovel":"RJ-3303401-0A0B765E70244ED38163D67A5A7275A2","num_area":"4.1391000000000000000000000000000","ind_status":"AT"},"geometry":{"type":"Polygon","coordinates":[[[-42.3307,-22.3719],[-42.3349,-22.3741],[-42.3311,-22.3717],[-42.3307,-22.3719]]]}},{"type":"Feature","properties":{"cod_tema":"ARL_PROPOSTA","cod_imovel":"RJ-3303401-FBD1D50728D24D76B09ABFFDACBF9207","num_area":"3.4161000000000000000000000000000","ind_status":"AT"},"geometry":{"type":"Polygon","coordinates":[[[-42.4713,-22.2607],[-42.4722,-22.2643],[-42.4713,-22.2607],[-42.4713,-22.2607]]]}},{"type":"Feature","properties":{"cod_tema":"ARL_PROPOSTA","cod_imovel":"RJ-3303401-4412D132AD334488B5437E085502F725","num_area":"7.7183000000000000000000000000000","ind_status":"AT"},"geometry":{"type":"Polygon","coordinates":[[[-42.6245,-22.2806],[-42.6274,-22.2813],[-42.6252,-22.279],[-42.6245,-22.2806]]]}},{"type":"Feature","properties":{"cod_tema":"ARL_PROPOSTA","cod_imovel":"RJ-3303401-96D5FC19639C45369270618545AC4EE5","num_area":"8.7089000000000000000000000000000","ind_status":"AT"},"geometry":{"type":"Polygon","coordinates":[[[-42.6221,-22.2888],[-42.626,-22.2872],[-42.6221,-22.288],[-42.6221,-22.2888]]]}},{"type":"Feature","properties":{"cod_tema":"ARL_PROPOSTA","cod_imovel":"RJ-3303401-DD6EC2BCD92242D09D6737B915D69257","num_area":"2.3428000000000000000000000000000","ind_status":"AT"},"geometry":{"type":"Polygon","coordinates":[[[-42.5602,-22.326],[-42.5625,-22.3242],[-42.5605,-22.3261],[-42.5602,-22.326]]]}},{"type":"Feature","properties":{"cod_tema":"ARL_PROPOSTA","cod_imovel":"RJ-3303401-D78D267501FD449694F23AB61ACD929E","num_area":"1.0016000000000000000000000000000","ind_status":"AT"},"geometry":{"type":"Polygon","coordinates":[[[-42.6133,-22.2899],[-42.6141,-22.2877],[-42.6129,-22.2902],[-42.6133,-22.2899]]]}},{"type":"Feature","properties":{"cod_tema":"ARL_PROPOSTA","cod_imovel":"RJ-3303401-8F8A0CEB70A645D6B889DEF0BA649ABA","num_area":"6.5335000000000000000000000000000","ind_status":"AT"},"geometry":{"type":"Polygon","coordinates":[[[-42.3132,-22.4039],[-42.3167,-22.4019],[-42.3132,-22.4036],[-42.3132,-22.4039]],[[-42.309,-22.4027],[-42.3115,-22.4017],[-42.3091,-22.4026],[-42.309,-22.4027]],[[-42.3093,-22.4038],[-42.3114,-22.4022],[-42.3094,-22.4036],[-42.3093,-22.4038]]]}},{"type":"Feature","properties":{"cod_tema":"ARL_PROPOSTA","cod_imovel":"RJ-3303401-6C4D42599FCA4077B54ADF3B8D235EF0","num_area":"20.165800000000000000000000000000","ind_status":"AT"},"geometry":{"type":"Polygon","coordinates":[[[-42.2675,-22.321],[-42.271,-22.3241],[-42.2715,-22.3207],[-42.2678,-22.321],[-42.2675,-22.321]],[[-42.2667,-22.3226],[-42.268,-22.3254],[-42.2709,-22.3242],[-42.2675,-22.323],[-42.2667,-22.3226]]]}},{"type":"Feature","properties":{"cod_tema":"ARL_PROPOSTA","cod_imovel":"RJ-3303401-3544590B4F5547848DB482203509AF9D","num_area":"9.1333000000000000000000000000000","ind_status":"AT"},"geometry":{"type":"Polygon","coordinates":[[[-42.2737,-22.3183],[-42.2688,-22.318],[-42.2703,-22.3199],[-42.2737,-22.3183]]]}},{"type":"Feature","properties":{"cod_tema":"ARL_PROPOSTA","cod_imovel":"RJ-3303401-834BF43B08B449009BED67EEA95AAEFA","num_area":"9.4606000000000000000000000000000","ind_status":"AT"},"geometry":{"type":"Polygon","coordinates":[[[-42.307,-22.3778],[-42.3068,-22.3807],[-42.3091,-22.3777],[-42.307,-22.3778]],[[-42.3063,-22.3803],[-42.3058,-22.3778],[-42.3063,-22.3803],[-42.3063,-22.3803]]]}},{"type":"Feature","properties":{"cod_tema":"ARL_PROPOSTA","cod_imovel":"RJ-3303401-736B627B6B4B4069ABACB334426ADC64","num_area":"3.0787000000000000000000000000000","ind_status":"AT"},"geometry":{"type":"Polygon","coordinates":[[[-42.6663,-22.2519],[-42.6685,-22.2501],[-42.666,-22.2515],[-42.6663,-22.2519]]]}},{"type":"Feature","properties":{"cod_tema":"ARL_PROPOSTA","cod_imovel":"RJ-3303401-33297A79ACB548BE9BE6D2C53B512314","num_area":"4.6138000000000000000000000000000","ind_status":"AT"},"geometry":{"type":"Polygon","coordinates":[[[-42.6153,-22.2651],[-42.6119,-22.2654],[-42.6152,-22.2656],[-42.614,-22.2676],[-42.6155,-22.2652],[-42.6153,-22.2651]],[[-42.6161,-22.2653],[-42.614,-22.2676],[-42.6159,-22.2657],[-42.6161,-22.2653]]]}},{"type":"Feature","properties":{"cod_tema":"ARL_PROPOSTA","cod_imovel":"RJ-3303401-ACF4CABFB8D44B8799815019C4D5D326","num_area":"2.0065000000000000000000000000000","ind_status":"AT"},"geometry":{"type":"Polygon","coordinates":[[[-42.3984,-22.41],[-42.3982,-22.4075],[-42.3984,-22.41],[-42.3984,-22.41]]]}},{"type":"Feature","properties":{"cod_tema":"ARL_PROPOSTA","cod_imovel":"RJ-3303401-294761DBD2824AB5A0AF46BB3C554E7F","num_area":"17.623800000000000000000000000000","ind_status":"AT"},"geometry":{"type":"Polygon","coordinates":[[[-42.4652,-22.2385],[-42.4666,-22.2344],[-42.4604,-22.2354],[-42.4638,-22.2374],[-42.4652,-22.2385]]]}},{"type":"Feature","properties":{"cod_tema":"ARL_PROPOSTA","cod_imovel":"RJ-3303401-ECF192F0DE084C2390D814ADDA1253FB","num_area":"6.1031000000000000000000000000000","ind_status":"AT"},"geometry":{"type":"Polygon","coordinates":[[[-42.5091,-22.2202],[-42.5024,-22.2175],[-42.5084,-22.2205],[-42.5091,-22.2202]]]}},{"type":"Feature","properties":{"cod_tema":"ARL_PROPOSTA","cod_imovel":"RJ-3303401-22E74072FB72409E9FCA2A13FC45D1D3","num_area":"1.0659000000000000000000000000000","ind_status":"AT"},"geometry":{"type":"Polygon","coordinates":[[[-42.5349,-22.2425],[-42.5325,-22.2435],[-42.5351,-22.243],[-42.5349,-22.2425]]]}},{"type":"Feature","properties":{"cod_tema":"ARL_PROPOSTA","cod_imovel":"RJ-3303401-44C73734C42A47E0A82701010F44A3D4","num_area":"4.3623000000000000000000000000000","ind_status":"AT"},"geometry":{"type":"Polygon","coordinates":[[[-42.593,-22.2446],[-42.591,-22.2469],[-42.5928,-22.2451],[-42.593,-22.2446]]]}},{"type":"Feature","properties":{"cod_tema":"ARL_PROPOSTA","cod_imovel":"RJ-3303401-6F72C4958DEC43DD9DD6F95B4BD63BC5","num_area":"3.8452000000000000000000000000000","ind_status":"AT"},"geometry":{"type":"Polygon","coordinates":[[[-42.471,-22.2184],[-42.4716,-22.2207],[-42.4706,-22.2161],[-42.471,-22.2184]]]}},{"type":"Feature","properties":{"cod_tema":"ARL_PROPOSTA","cod_imovel":"RJ-3303401-A6E04926BA9047F299D2E4506434E348","num_area":"3.6629000000000000000000000000000","ind_status":"AT"},"geometry":{"type":"Polygon","coordinates":[[[-42.5151,-22.4276],[-42.5174,-22.4266],[-42.5154,-22.4274],[-42.5151,-22.4276]]]}},{"type":"Feature","properties":{"cod_tema":"ARL_PROPOSTA","cod_imovel":"RJ-3303401-2288374BA94A4812AD1C17D30D33E64F","num_area":"7.5962000000000000000000000000000","ind_status":"AT"},"geometry":{"type":"Polygon","coordinates":[[[-42.2646,-22.3127],[-42.2664,-22.3149],[-42.267,-22.3117],[-42.2646,-22.3127]]]}},{"type":"Feature","properties":{"cod_tema":"ARL_PROPOSTA","cod_imovel":"RJ-3303401-ABC11578100C4EC7A34C28E8443FA466","num_area":"6.5271000000000000000000000000000","ind_status":"AT"},"geometry":{"type":"Polygon","coordinates":[[[-42.6492,-22.3085],[-42.649,-22.3062],[-42.6484,-22.3084],[-42.6492,-22.3085]]]}},{"type":"Feature","properties":{"cod_tema":"ARL_PROPOSTA","cod_imovel":"RJ-3303401-9642D023169F4207B7E419EDDB7B41A1","num_area":"6.1168000000000000000000000000000","ind_status":"AT"},"geometry":{"type":"Polygon","coordinates":[[[-42.3662,-22.3561],[-42.3695,-22.3564],[-42.3667,-22.3551],[-42.3662,-22.3561]]]}},{"type":"Feature","properties":{"cod_tema":"ARL_PROPOSTA","cod_imovel":"RJ-3303401-E79C28BAA07846878F2AFD356DFE0F5E","num_area":"9.3752000000000000000000000000000","ind_status":"AT"},"geometry":{"type":"Polygon","coordinates":[[[-42.652,-22.2943],[-42.6549,-22.298],[-42.6521,-22.2941],[-42.652,-22.2943]],[[-42.6554,-22.2919],[-42.6534,-22.2941],[-42.6555,-22.2918],[-42.6554,-22.2919]]]}},{"type":"Feature","properties":{"cod_tema":"ARL_PROPOSTA","cod_imovel":"RJ-3303401-977A9EBF7E094ADEACD04C9F583AD5F1","num_area":"5.4025000000000000000000000000000","ind_status":"AT"},"geometry":{"type":"Polygon","coordinates":[[[-42.5021,-22.3573],[-42.5062,-22.3562],[-42.5028,-22.3566],[-42.5021,-22.3573]]]}},{"type":"Feature","properties":{"cod_tema":"ARL_PROPOSTA","cod_imovel":"RJ-3303401-95722AD755744FAABA7ADB429D28E75A","num_area":"3.4992000000000000000000000000000","ind_status":"AT"},"geometry":{"type":"Polygon","coordinates":[[[-42.6933,-22.3218],[-42.6911,-22.3221],[-42.6934,-22.3219],[-42.6933,-22.3218]]]}},{"type":"Feature","properties":{"cod_tema":"ARL_PROPOSTA","cod_imovel":"RJ-3303401-2EC1906EED1547F3A9F59D4F062F301F","num_area":"2.3766000000000000000000000000000","ind_status":"AT"},"geometry":{"type":"Polygon","coordinates":[[[-42.3303,-22.3545],[-42.3325,-22.3544],[-42.3302,-22.3544],[-42.3303,-22.3545]]]}},{"type":"Feature","properties":{"cod_tema":"ARL_PROPOSTA","cod_imovel":"RJ-3303401-4D3A61F4217045E2884DC65F5FFF6ACD","num_area":"3.9762000000000000000000000000000","ind_status":"AT"},"geometry":{"type":"Polygon","coordinates":[[[-42.4842,-22.4051],[-42.4835,-22.4074],[-42.4864,-22.4064],[-42.4842,-22.4051]]]}},{"type":"Feature","properties":{"cod_tema":"ARL_PROPOSTA","cod_imovel":"RJ-3303401-0F32DEA9B5D2457AA1501993E33361DF","num_area":"3.4298000000000000000000000000000","ind_status":"AT"},"geometry":{"type":"Polygon","coordinates":[[[-42.3158,-22.3938],[-42.3131,-22.3952],[-42.3158,-22.3938],[-42.3158,-22.3938]]]}},{"type":"Feature","properties":{"cod_tema":"ARL_PROPOSTA","cod_imovel":"RJ-3303401-CA47D7CA32CB4AC287D395F80A57302F","num_area":"7.9693000000000000000000000000000","ind_status":"AT"},"geometry":{"type":"Polygon","coordinates":[[[-42.3134,-22.4235],[-42.3174,-22.4221],[-42.3142,-22.4227],[-42.3134,-22.4235]]]}},{"type":"Feature","properties":{"cod_tema":"ARL_PROPOSTA","cod_imovel":"RJ-3303401-E027BF8735AE45AABDA8122410BA6D34","num_area":"5.7841000000000000000000000000000","ind_status":"AT"},"geometry":{"type":"Polygon","coordinates":[[[-42.3061,-22.4181],[-42.3104,-22.42],[-42.3061,-22.418],[-42.3061,-22.4181]]]}},{"type":"Feature","properties":{"cod_tema":"ARL_PROPOSTA","cod_imovel":"RJ-3303401-1E2DD836CD6C493CA3DEF949AD7F8828","num_area":"3.8724000000000000000000000000000","ind_status":"AT"},"geometry":{"type":"Polygon","coordinates":[[[-42.3657,-22.3654],[-42.3626,-22.3654],[-42.3653,-22.3659],[-42.3657,-22.3654]]]}},{"type":"Feature","properties":{"cod_tema":"ARL_PROPOSTA","cod_imovel":"RJ-3303401-A1F6DEA6DADD4C088253B207AD1ABFEC","num_area":"20.541000000000000000000000000000","ind_status":"AT"},"geometry":{"type":"Polygon","coordinates":[[[-42.5057,-22.4233],[-42.504,-22.4285],[-42.5056,-22.4245],[-42.5057,-22.4233]],[[-42.5039,-22.436],[-42.5055,-22.4277],[-42.5038,-22.4348],[-42.5039,-22.436]]]}},{"type":"Feature","properties":{"cod_tema":"ARL_PROPOSTA","cod_imovel":"RJ-3303401-897591F9CEB8418E8F8EEEAE5B63AC56","num_area":"6.4285000000000000000000000000000","ind_status":"AT"},"geometry":{"type":"Polygon","coordinates":[[[-42.3431,-22.4078],[-42.3404,-22.4061],[-42.3432,-22.4082],[-42.3431,-22.4078]]]}},{"type":"Feature","properties":{"cod_tema":"ARL_PROPOSTA","cod_imovel":"RJ-3303401-1026EFB45F474F169D37E90CF684173C","num_area":"11.038500000000000000000000000000","ind_status":"AT"},"geometry":{"type":"Polygon","coordinates":[[[-42.5807,-22.3225],[-42.5842,-22.3253],[-42.5811,-22.3222],[-42.5807,-22.3225]],[[-42.5856,-22.3198],[-42.5838,-22.3215],[-42.5855,-22.3199],[-42.5856,-22.3198]]]}},{"type":"Feature","properties":{"cod_tema":"ARL_PROPOSTA","cod_imovel":"RJ-3303401-C638DF750E6B4D818BED58EE3E571421","num_area":"1.6720000000000000000000000000000","ind_status":"AT"},"geometry":{"type":"Polygon","coordinates":[[[-42.3287,-22.35],[-42.3321,-22.3525],[-42.3289,-22.3501],[-42.3287,-22.35]]]}},{"type":"Feature","properties":{"cod_tema":"ARL_PROPOSTA","cod_imovel":"RJ-3303401-D1C512C5AF404651BE5B40D204B5EC66","num_area":"68.344300000000000000000000000000","ind_status":"AT"},"geometry":{"type":"Polygon","coordinates":[[[-42.5376,-22.4172],[-42.5407,-22.4142],[-42.5314,-22.4053],[-42.5293,-22.413],[-42.5376,-22.4172]]]}},{"type":"Feature","properties":{"cod_tema":"ARL_PROPOSTA","cod_imovel":"RJ-3303401-A27015389A6D467DB56B190EE505EC7E","num_area":"2.2991000000000000000000000000000","ind_status":"AT"},"geometry":{"type":"Polygon","coordinates":[[[-42.3564,-22.3282],[-42.3525,-22.3269],[-42.3563,-22.3283],[-42.3564,-22.3282]]]}},{"type":"Feature","properties":{"cod_tema":"ARL_PROPOSTA","cod_imovel":"RJ-3303401-8B7206744CE54C408EEE871778759F04","num_area":"3.8356000000000000000000000000000","ind_status":"AT"},"geometry":{"type":"Polygon","coordinates":[[[-42.3924,-22.4156],[-42.3905,-22.4174],[-42.3925,-22.4157],[-42.3924,-22.4156]],[[-42.3914,-22.4171],[-42.3938,-22.4165],[-42.3915,-22.4171],[-42.3914,-22.4171]]]}},{"type":"Feature","properties":{"cod_tema":"ARL_PROPOSTA","cod_imovel":"RJ-3303401-6B7495D7623E4DBD812346930922A6F8","num_area":"8.9523000000000000000000000000000","ind_status":"AT"},"geometry":{"type":"Polygon","coordinates":[[[-42.3972,-22.4151],[-42.3937,-22.4162],[-42.3968,-22.4179],[-42.3973,-22.4156],[-42.3972,-22.4151]]]}},{"type":"Feature","properties":{"cod_tema":"ARL_PROPOSTA","cod_imovel":"RJ-3303401-0C60015AE7494A10AC34D4D192880E01","num_area":"1.6887000000000000000000000000000","ind_status":"AT"},"geometry":{"type":"Polygon","coordinates":[[[-42.5238,-22.4119],[-42.5256,-22.4144],[-42.5239,-22.412],[-42.5238,-22.4119]]]}},{"type":"Feature","properties":{"cod_tema":"ARL_PROPOSTA","cod_imovel":"RJ-3303401-D7BC29EA01BB47E1BB188D0FF40B8978","num_area":"8.5155000000000000000000000000000","ind_status":"AT"},"geometry":{"type":"Polygon","coordinates":[[[-42.6521,-22.2481],[-42.656,-22.2497],[-42.6531,-22.2497],[-42.6553,-22.2485],[-42.6534,-22.2465],[-42.6521,-22.2481]]]}},{"type":"Feature","properties":{"cod_tema":"ARL_PROPOSTA","cod_imovel":"RJ-3303401-F9ED4A81BD0049D89B5B062E92E6A76D","num_area":"3.2019000000000000000000000000000","ind_status":"AT"},"geometry":{"type":"Polygon","coordinates":[[[-42.4509,-22.4039],[-42.4554,-22.4044],[-42.4514,-22.4033],[-42.4509,-22.4039]]]}},{"type":"Feature","properties":{"cod_tema":"ARL_PROPOSTA","cod_imovel":"RJ-3303401-05B2BA015837446DBC88A81E27B8B0A5","num_area":"6.3143000000000000000000000000000","ind_status":"AT"},"geometry":{"type":"Polygon","coordinates":[[[-42.4527,-22.397],[-42.4516,-22.4009],[-42.4528,-22.3979],[-42.4527,-22.397]]]}},{"type":"Feature","properties":{"cod_tema":"ARL_PROPOSTA","cod_imovel":"RJ-3303401-0E3D9108ACE94618BA4B714C6F28554C","num_area":"5.9194000000000000000000000000000","ind_status":"AT"},"geometry":{"type":"Polygon","coordinates":[[[-42.4497,-22.3975],[-42.4516,-22.4007],[-42.4502,-22.3974],[-42.4497,-22.3975]]]}},{"type":"Feature","properties":{"cod_tema":"ARL_PROPOSTA","cod_imovel":"RJ-3303401-DD72C6BECD8747E0984437552A192842","num_area":"6.6004000000000000000000000000000","ind_status":"AT"},"geometry":{"type":"Polygon","coordinates":[[[-42.4529,-22.4005],[-42.4546,-22.3966],[-42.4519,-22.397],[-42.4529,-22.4004],[-42.4529,-22.4005]]]}},{"type":"Feature","properties":{"cod_tema":"ARL_PROPOSTA","cod_imovel":"RJ-3303401-466373EF8E5C46978B12697F204AFA8A","num_area":"2.3596000000000000000000000000000","ind_status":"AT"},"geometry":{"type":"Polygon","coordinates":[[[-42.376,-22.412],[-42.3781,-22.4114],[-42.3758,-22.4104],[-42.376,-22.412]]]}},{"type":"Feature","properties":{"cod_tema":"ARL_PROPOSTA","cod_imovel":"RJ-3303401-3E4621AAEFE141EC9E2BBE2DF527797E","num_area":"15.446000000000000000000000000000","ind_status":"AT"},"geometry":{"type":"Polygon","coordinates":[[[-42.3027,-22.3704],[-42.3061,-22.3691],[-42.2974,-22.3704],[-42.3009,-22.3704],[-42.3027,-22.3704]]]}},{"type":"Feature","properties":{"cod_tema":"ARL_PROPOSTA","cod_imovel":"RJ-3303401-266E87B63B014E1A8B05975424D06617","num_area":"2.6641000000000000000000000000000","ind_status":"AT"},"geometry":{"type":"Polygon","coordinates":[[[-42.3105,-22.3661],[-42.3107,-22.3702],[-42.3113,-22.3668],[-42.3105,-22.3661]]]}},{"type":"Feature","properties":{"cod_tema":"ARL_PROPOSTA","cod_imovel":"RJ-3303401-666D79E4DC904BC0A55AADEB21C3B615","num_area":"33.949100000000000000000000000000","ind_status":"AT"},"geometry":{"type":"Polygon","coordinates":[[[-42.4068,-22.3938],[-42.411,-22.3901],[-42.4049,-22.3868],[-42.41,-22.391],[-42.4072,-22.3922],[-42.4047,-22.3875],[-42.4042,-22.3912],[-42.4068,-22.3938]]]}},{"type":"Feature","properties":{"cod_tema":"ARL_PROPOSTA","cod_imovel":"RJ-3303401-74EACF6C654E4F8A9A5415CAFC1FE2A5","num_area":"18.912700000000000000000000000000","ind_status":"AT"},"geometry":{"type":"Polygon","coordinates":[[[-42.3137,-22.3852],[-42.3126,-22.3877],[-42.3195,-22.3856],[-42.3192,-22.3823],[-42.3137,-22.3852]]]}},{"type":"Feature","properties":{"cod_tema":"ARL_PROPOSTA","cod_imovel":"RJ-3303401-F23BBDB6393441B58961102686A0F305","num_area":"1.8943000000000000000000000000000","ind_status":"AT"},"geometry":{"type":"Polygon","coordinates":[[[-42.6395,-22.3084],[-42.6403,-22.3052],[-42.6394,-22.3084],[-42.6395,-22.3084]]]}},{"type":"Feature","properties":{"cod_tema":"ARL_PROPOSTA","cod_imovel":"RJ-3303401-C63B4851C8FB418D8454A72B791F7DD1","num_area":"1.4598000000000000000000000000000","ind_status":"AT"},"geometry":{"type":"Polygon","coordinates":[[[-42.646,-22.3283],[-42.6496,-22.3261],[-42.6458,-22.3281],[-42.646,-22.3283]]]}},{"type":"Feature","properties":{"cod_tema":"ARL_PROPOSTA","cod_imovel":"RJ-3303401-8ED2B1FDCFF94DBEB9017D7CBB4D3E75","num_area":"6.9386000000000000000000000000000","ind_status":"AT"},"geometry":{"type":"Polygon","coordinates":[[[-42.3336,-22.3465],[-42.3355,-22.3487],[-42.3355,-22.3463],[-42.3336,-22.3465]]]}},{"type":"Feature","properties":{"cod_tema":"ARL_PROPOSTA","cod_imovel":"RJ-3303401-631C76B1B56C4143BE738481FA32A210","num_area":"12.218500000000000000000000000000","ind_status":"AT"},"geometry":{"type":"Polygon","coordinates":[[[-42.4431,-22.3306],[-42.4442,-22.3274],[-42.4391,-22.3282],[-42.4415,-22.3298],[-42.4431,-22.3306]]]}},{"type":"Feature","properties":{"cod_tema":"ARL_PROPOSTA","cod_imovel":"RJ-3303401-D263D783E55E49218494A63E009B5C56","num_area":"4.9524000000000000000000000000000","ind_status":"AT"},"geometry":{"type":"Polygon","coordinates":[[[-42.442,-22.3749],[-42.4433,-22.3772],[-42.4425,-22.3748],[-42.442,-22.3749]]]}},{"type":"Feature","properties":{"cod_tema":"ARL_PROPOSTA","cod_imovel":"RJ-3303401-349462D2C26747DF82D83AE550C7AB5A","num_area":"2.4392000000000000000000000000000","ind_status":"AT"},"geometry":{"type":"Polygon","coordinates":[[[-42.3786,-22.3416],[-42.3759,-22.3398],[-42.378,-22.3422],[-42.3786,-22.3416]]]}},{"type":"Feature","properties":{"cod_tema":"ARL_PROPOSTA","cod_imovel":"RJ-3303401-C6BEDA824C1641EE8C8AF958D482055B","num_area":"3.2438000000000000000000000000000","ind_status":"AT"},"geometry":{"type":"Polygon","coordinates":[[[-42.3285,-22.3239],[-42.331,-22.3235],[-42.3286,-22.3232],[-42.3285,-22.3239]]]}},{"type":"Feature","properties":{"cod_tema":"ARL_PROPOSTA","cod_imovel":"RJ-3303401-D00CEAC57FC34DFB8A0AF75985109BC2","num_area":"6.2037000000000000000000000000000","ind_status":"AT"},"geometry":{"type":"Polygon","coordinates":[[[-42.3829,-22.3818],[-42.381,-22.3832],[-42.3847,-22.3823],[-42.3829,-22.3818]]]}},{"type":"Feature","properties":{"cod_tema":"ARL_PROPOSTA","cod_imovel":"RJ-3303401-1163FCC08BBE4271BF3E9D36F27F96F7","num_area":"10.465100000000000000000000000000","ind_status":"AT"},"geometry":{"type":"Polygon","coordinates":[[[-42.585,-22.3415],[-42.5885,-22.3431],[-42.5871,-22.3417],[-42.585,-22.3415]],[[-42.5885,-22.3431],[-42.5918,-22.3446],[-42.5929,-22.3423],[-42.5871,-22.3417],[-42.5885,-22.3431],[-42.5885,-22.3431]],[[-42.5904,-22.3422],[-42.5877,-22.3418],[-42.5901,-22.3422],[-42.5904,-22.3422]]]}},{"type":"Feature","properties":{"cod_tema":"ARL_PROPOSTA","cod_imovel":"RJ-3303401-87E0E51C3AB441BE957A4A0710A45EDC","num_area":"2.8329000000000000000000000000000","ind_status":"AT"},"geometry":{"type":"Polygon","coordinates":[[[-42.4738,-22.3952],[-42.4724,-22.3968],[-42.4743,-22.3961],[-42.4738,-22.3952]]]}},{"type":"Feature","properties":{"cod_tema":"ARL_PROPOSTA","cod_imovel":"RJ-3303401-8F3527B8E3DC4ECF8D6AC243585F1153","num_area":"5.7734000000000000000000000000000","ind_status":"AT"},"geometry":{"type":"Polygon","coordinates":[[[-42.3505,-22.3275],[-42.344,-22.3263],[-42.3505,-22.3276],[-42.3505,-22.3275]]]}},{"type":"Feature","properties":{"cod_tema":"ARL_PROPOSTA","cod_imovel":"RJ-3303401-5C6EAC4B5435404BAB2883FBF06B7D2A","num_area":"12.690300000000000000000000000000","ind_status":"AT"},"geometry":{"type":"Polygon","coordinates":[[[-42.4323,-22.3263],[-42.4298,-22.3248],[-42.4315,-22.326],[-42.4323,-22.3263]],[[-42.4246,-22.3332],[-42.433,-22.3313],[-42.4248,-22.3327],[-42.4246,-22.3332]]]}},{"type":"Feature","properties":{"cod_tema":"ARL_PROPOSTA","cod_imovel":"RJ-3303401-889178C2844D44A7AA367999112F03A0","num_area":"14.784500000000000000000000000000","ind_status":"AT"},"geometry":{"type":"Polygon","coordinates":[[[-42.5149,-22.3904],[-42.5165,-22.3869],[-42.5104,-22.3885],[-42.5137,-22.3899],[-42.5149,-22.3904]]]}},{"type":"Feature","properties":{"cod_tema":"ARL_PROPOSTA","cod_imovel":"RJ-3303401-4BAA6DD2128A444C90668FC9678BF2C3","num_area":"34.800400000000000000000000000000","ind_status":"AT"},"geometry":{"type":"Polygon","coordinates":[[[-42.5156,-22.4109],[-42.5156,-22.4084],[-42.5087,-22.4118],[-42.5116,-22.4147],[-42.5172,-22.4134],[-42.5156,-22.4109],[-42.5156,-22.4109]],[[-42.5149,-22.4101],[-42.5099,-22.4122],[-42.5149,-22.4101],[-42.5149,-22.4101]]]}},{"type":"Feature","properties":{"cod_tema":"ARL_PROPOSTA","cod_imovel":"RJ-3303401-8B961D21D5C74F039F1B54F8A65F5C14","num_area":"4.1262000000000000000000000000000","ind_status":"AT"},"geometry":{"type":"Polygon","coordinates":[[[-42.522,-22.3263],[-42.5188,-22.3256],[-42.522,-22.3263],[-42.522,-22.3263]]]}},{"type":"Feature","properties":{"cod_tema":"ARL_PROPOSTA","cod_imovel":"RJ-3303401-73CEC8ACF3344BF7B2E1F51B281092EE","num_area":"11.344000000000000000000000000000","ind_status":"AT"},"geometry":{"type":"Polygon","coordinates":[[[-42.3834,-22.3551],[-42.3813,-22.3554],[-42.3888,-22.3532],[-42.3853,-22.3544],[-42.3834,-22.3551]]]}},{"type":"Feature","properties":{"cod_tema":"ARL_PROPOSTA","cod_imovel":"RJ-3303401-1F75CAB5D9AE40059A0049878499DD04","num_area":"488.72700000000000000000000000000","ind_status":"AT"},"geometry":{"type":"Polygon","coordinates":[[[-42.5145,-22.384],[-42.5186,-22.3865],[-42.5201,-22.3823],[-42.5145,-22.384],[-42.5145,-22.384]],[[-42.5281,-22.3694],[-42.5251,-22.37],[-42.5329,-22.3698],[-42.5299,-22.3695],[-42.5281,-22.3694]],[[-42.535,-22.391],[-42.5411,-22.3932],[-42.5399,-22.3822],[-42.535,-22.391],[-42.535,-22.391]],[[-42.5191,-22.3866],[-42.5269,-22.3891],[-42.5243,-22.381],[-42.5207,-22.3819],[-42.5191,-22.3866],[-42.5191,-22.3866]],[[-42.5278,-22.3891],[-42.5377,-22.3826],[-42.5302,-22.3843],[-42.5367,-22.3821],[-42.5291,-22.3775],[-42.5268,-22.3788],[-42.5286,-22.3829],[-42.5259,-22.3789],[-42.5245,-22.3849],[-42.5278,-22.389],[-42.5278,-22.3891]],[[-42.541,-22.3828],[-42.5472,-22.3905],[-42.5445,-22.3871],[-42.5426,-22.3923],[-42.5446,-22.3885],[-42.5408,-22.3833],[-42.5416,-22.3932],[-42.5465,-22.3941],[-42.5511,-22.3893],[-42.5407,-22.3824],[-42.541,-22.3828]],[[-42.5564,-22.4043],[-42.557,-22.3964],[-42.5511,-22.3865],[-42.5327,-22.3732],[-42.5333,-22.3706],[-42.5275,-22.3718],[-42.5354,-22.379],[-42.5296,-22.3771],[-42.5374,-22.382],[-42.5443,-22.3822],[-42.5514,-22.3886],[-42.5506,-22.392],[-42.5564,-22.3976],[-42.5564,-22.4043],[-42.5564,-22.4043]],[[-42.5242,-22.3709],[-42.5162,-22.3792],[-42.5116,-22.3798],[-42.5141,-22.3833],[-42.5307,-22.3755],[-42.5277,-22.3729],[-42.518,-22.378],[-42.5258,-22.3755],[-42.5273,-22.3726],[-42.5243,-22.3708],[-42.5242,-22.3709]]]}},{"type":"Feature","properties":{"cod_tema":"ARL_PROPOSTA","cod_imovel":"RJ-3303401-DB1578CA20834959863C5AF72A2C00CF","num_area":"5.1643000000000000000000000000000","ind_status":"AT"},"geometry":{"type":"Polygon","coordinates":[[[-42.4303,-22.3305],[-42.4275,-22.3331],[-42.4321,-22.332],[-42.4303,-22.3305]]]}},{"type":"Feature","properties":{"cod_tema":"ARL_PROPOSTA","cod_imovel":"RJ-3303401-8AC361A434044A938C8ADF07F84B3C7C","num_area":"16.417100000000000000000000000000","ind_status":"AT"},"geometry":{"type":"Polygon","coordinates":[[[-42.44,-22.3571],[-42.4402,-22.3542],[-42.4361,-22.3633],[-42.4394,-22.3629],[-42.44,-22.3571]]]}},{"type":"Feature","properties":{"cod_tema":"ARL_PROPOSTA","cod_imovel":"RJ-3303401-ED7802E8952343678F2CA1E64813C61C","num_area":"4.6093000000000000000000000000000","ind_status":"AT"},"geometry":{"type":"Polygon","coordinates":[[[-42.3508,-22.3449],[-42.3484,-22.3461],[-42.3506,-22.3464],[-42.3508,-22.3449]]]}},{"type":"Feature","properties":{"cod_tema":"ARL_PROPOSTA","cod_imovel":"RJ-3303401-472DFEA9085041EB8C9F89B2AD10FA70","num_area":"4.5759000000000000000000000000000","ind_status":"AT"},"geometry":{"type":"Polygon","coordinates":[[[-42.2907,-22.3208],[-42.2941,-22.3196],[-42.2907,-22.3206],[-42.2907,-22.3208]]]}},{"type":"Feature","properties":{"cod_tema":"ARL_PROPOSTA","cod_imovel":"RJ-3303401-3ABB8EC24A3943F7A9DEF49603BD1AF6","num_area":"2.0737000000000000000000000000000","ind_status":"AT"},"geometry":{"type":"Polygon","coordinates":[[[-42.4056,-22.2735],[-42.4032,-22.2729],[-42.4053,-22.2742],[-42.4056,-22.2735]]]}},{"type":"Feature","properties":{"cod_tema":"ARL_PROPOSTA","cod_imovel":"RJ-3303401-39D91438B621416B951C7E250D80CFF0","num_area":"1.1023000000000000000000000000000","ind_status":"AT"},"geometry":{"type":"Polygon","coordinates":[[[-42.2814,-22.3062],[-42.2782,-22.3067],[-42.2804,-22.3064],[-42.2814,-22.3062]]]}},{"type":"Feature","properties":{"cod_tema":"ARL_PROPOSTA","cod_imovel":"RJ-3303401-A75D92A2882B4CCBBE74BA032CE2FF1C","num_area":"0.8262000000000000000000000000000","ind_status":"AT"},"geometry":{"type":"Polygon","coordinates":[[[-42.6298,-22.2975],[-42.6328,-22.2981],[-42.6305,-22.2975],[-42.6298,-22.2975]]]}},{"type":"Feature","properties":{"cod_tema":"ARL_PROPOSTA","cod_imovel":"RJ-3303401-45C41C8B50AB4964A53C2E52C6D54DBF","num_area":"6.9935000000000000000000000000000","ind_status":"AT"},"geometry":{"type":"Polygon","coordinates":[[[-42.3901,-22.4197],[-42.3936,-22.4196],[-42.3902,-22.4191],[-42.3901,-22.4197]]]}},{"type":"Feature","properties":{"cod_tema":"ARL_PROPOSTA","cod_imovel":"RJ-3303401-41A9ACC2728843E29A6AE7484AABA43E","num_area":"3.9006000000000000000000000000000","ind_status":"AT"},"geometry":{"type":"Polygon","coordinates":[[[-42.4079,-22.424],[-42.41,-22.4227],[-42.4069,-22.4226],[-42.4079,-22.424]]]}},{"type":"Feature","properties":{"cod_tema":"ARL_PROPOSTA","cod_imovel":"RJ-3303401-ED397E1E6B134990AC13F34B038ACEB7","num_area":"7.5556000000000000000000000000000","ind_status":"AT"},"geometry":{"type":"Polygon","coordinates":[[[-42.3591,-22.3683],[-42.3575,-22.3713],[-42.3589,-22.3692],[-42.3591,-22.3683]]]}},{"type":"Feature","properties":{"cod_tema":"ARL_PROPOSTA","cod_imovel":"RJ-3303401-5FFEE66A3C3E4F4FAB4B9E6C9559A011","num_area":"2.5868000000000000000000000000000","ind_status":"AT"},"geometry":{"type":"Polygon","coordinates":[[[-42.2905,-22.332],[-42.2911,-22.33],[-42.2905,-22.3319],[-42.2905,-22.332]]]}},{"type":"Feature","properties":{"cod_tema":"ARL_PROPOSTA","cod_imovel":"RJ-3303401-326C735C0E0547BB999DF5C2AA719F10","num_area":"2.9111000000000000000000000000000","ind_status":"AT"},"geometry":{"type":"Polygon","coordinates":[[[-42.6643,-22.2184],[-42.6619,-22.2193],[-42.6641,-22.2191],[-42.6643,-22.2184]],[[-42.6642,-22.2227],[-42.6615,-22.2219],[-42.6643,-22.2229],[-42.6642,-22.2227]]]}},{"type":"Feature","properties":{"cod_tema":"ARL_PROPOSTA","cod_imovel":"RJ-3303401-8842A85F574A4B41BDDEC83A24D6C667","num_area":"3.0568000000000000000000000000000","ind_status":"AT"},"geometry":{"type":"Polygon","coordinates":[[[-42.476,-22.4047],[-42.4785,-22.4048],[-42.4765,-22.4043],[-42.476,-22.4047]]]}},{"type":"Feature","properties":{"cod_tema":"ARL_PROPOSTA","cod_imovel":"RJ-3303401-6FCDDAAA6F3343E5BD504FC1F882FBD4","num_area":"10.710000000000000000000000000000","ind_status":"AT"},"geometry":{"type":"Polygon","coordinates":[[[-42.5151,-22.3703],[-42.5142,-22.366],[-42.5121,-22.3692],[-42.5151,-22.3703]]]}},{"type":"Feature","properties":{"cod_tema":"ARL_PROPOSTA","cod_imovel":"RJ-3303401-F2BE5F26343C4AF896EFF22DF8F9547C","num_area":"99.870000000000000000000000000000","ind_status":"AT"},"geometry":{"type":"Polygon","coordinates":[[[-42.697,-22.3198],[-42.7067,-22.3103],[-42.6991,-22.3089],[-42.692,-22.3128],[-42.6948,-22.3175],[-42.6983,-22.3168],[-42.7036,-22.3092],[-42.6958,-22.3187],[-42.697,-22.3198]],[[-42.6991,-22.3145],[-42.6994,-22.3093],[-42.6991,-22.3145],[-42.6991,-22.3145]]]}},{"type":"Feature","properties":{"cod_tema":"ARL_PROPOSTA","cod_imovel":"RJ-3303401-3CF105E003EE4F84B7D81939EB6AD15C","num_area":"50.785900000000000000000000000000","ind_status":"AT"},"geometry":{"type":"Polygon","coordinates":[[[-42.491,-22.4158],[-42.4782,-22.4136],[-42.4897,-22.4176],[-42.4935,-22.4161],[-42.491,-22.4158],[-42.491,-22.4158]],[[-42.4788,-22.4123],[-42.4768,-22.4107],[-42.4786,-22.4124],[-42.4788,-22.4123]],[[-42.5015,-22.409],[-42.4994,-22.4116],[-42.5058,-22.4133],[-42.5015,-22.409],[-42.5015,-22.409]],[[-42.4986,-22.4077],[-42.5019,-22.4083],[-42.4986,-22.4076],[-42.4986,-22.4077]]]}},{"type":"Feature","properties":{"cod_tema":"ARL_APROVADA_NAO_AVERBADA","cod_imovel":"RJ-3303401-6C47DAF542484AF6B8ACCD5AB4FCC65E","num_area":"75.991700000000000000000000000000","ind_status":"AT"},"geometry":{"type":"Polygon","coordinates":[[[-42.7217,-22.353],[-42.724,-22.348],[-42.7219,-22.3447],[-42.7125,-22.346],[-42.7156,-22.3497],[-42.7195,-22.3471],[-42.7156,-22.3498],[-42.7216,-22.353],[-42.7217,-22.353]]]}},{"type":"Feature","properties":{"cod_tema":"ARL_PROPOSTA","cod_imovel":"RJ-3303401-D0194061FF004298B6BB114B40D97A80","num_area":"29.986900000000000000000000000000","ind_status":"AT"},"geometry":{"type":"Polygon","coordinates":[[[-42.4083,-22.2951],[-42.4148,-22.2983],[-42.4166,-22.2949],[-42.4086,-22.2933],[-42.4083,-22.2951]]]}},{"type":"Feature","properties":{"cod_tema":"ARL_PROPOSTA","cod_imovel":"RJ-3303401-7F1051580C844908B48DEDFCB43F4DC0","num_area":"0.6857000000000000000000000000000","ind_status":"AT"},"geometry":{"type":"Polygon","coordinates":[[[-42.6331,-22.2078],[-42.6333,-22.21],[-42.6336,-22.2075],[-42.6331,-22.2078]]]}},{"type":"Feature","properties":{"cod_tema":"ARL_PROPOSTA","cod_imovel":"RJ-3303401-2D3DC72662F34002ABF95D809CC70E29","num_area":"36.181600000000000000000000000000","ind_status":"AT"},"geometry":{"type":"Polygon","coordinates":[[[-42.4953,-22.402],[-42.5001,-22.4036],[-42.5028,-22.4001],[-42.4986,-22.398],[-42.4958,-22.4001],[-42.4953,-22.402]]]}},{"type":"Feature","properties":{"cod_tema":"ARL_PROPOSTA","cod_imovel":"RJ-3303401-2BF93861765B4F5AB79015EAE56B602E","num_area":"9.8086000000000000000000000000000","ind_status":"AT"},"geometry":{"type":"Polygon","coordinates":[[[-42.3474,-22.3999],[-42.3427,-22.4032],[-42.3479,-22.4004],[-42.3474,-22.3999]]]}},{"type":"Feature","properties":{"cod_tema":"ARL_PROPOSTA","cod_imovel":"RJ-3303401-984D6B63260244BCB513631442EC91AD","num_area":"4.4182000000000000000000000000000","ind_status":"AT"},"geometry":{"type":"Polygon","coordinates":[[[-42.301,-22.3149],[-42.3035,-22.3127],[-42.3009,-22.3117],[-42.301,-22.3149],[-42.301,-22.3149]]]}},{"type":"Feature","properties":{"cod_tema":"ARL_PROPOSTA","cod_imovel":"RJ-3303401-3FD97BBA466049059C060C9BB7ED4E6D","num_area":"7.1704000000000000000000000000000","ind_status":"AT"},"geometry":{"type":"Polygon","coordinates":[[[-42.502,-22.4329],[-42.504,-22.4352],[-42.5027,-22.4311],[-42.502,-22.4329]]]}},{"type":"Feature","properties":{"cod_tema":"ARL_PROPOSTA","cod_imovel":"RJ-3303401-228CE9B7C9C54CBCBBE122C8FBA20C34","num_area":"3.8053000000000000000000000000000","ind_status":"AT"},"geometry":{"type":"Polygon","coordinates":[[[-42.4276,-22.42],[-42.4254,-22.4213],[-42.4278,-22.42],[-42.4276,-22.42]]]}},{"type":"Feature","properties":{"cod_tema":"ARL_PROPOSTA","cod_imovel":"RJ-3303401-B78580CB13694B3288FE464A154BC32F","num_area":"6.5381000000000000000000000000000","ind_status":"AT"},"geometry":{"type":"Polygon","coordinates":[[[-42.3357,-22.3177],[-42.3355,-22.3206],[-42.3381,-22.3203],[-42.3359,-22.3179],[-42.3357,-22.3177]]]}},{"type":"Feature","properties":{"cod_tema":"ARL_PROPOSTA","cod_imovel":"RJ-3303401-592D8F52B64047569CC03FF74DF929D3","num_area":"2.3805000000000000000000000000000","ind_status":"AT"},"geometry":{"type":"Polygon","coordinates":[[[-42.6164,-22.2864],[-42.6159,-22.2838],[-42.6163,-22.2865],[-42.6164,-22.2864]]]}},{"type":"Feature","properties":{"cod_tema":"ARL_AVERBADA","cod_imovel":"RJ-3303401-E987651C1E704F63BF890227265020EA","num_area":"124.60550000000000000000000000000","ind_status":"AT"},"geometry":{"type":"Polygon","coordinates":[[[-42.6592,-22.3547],[-42.6608,-22.3521],[-42.6593,-22.3544],[-42.6592,-22.3547]],[[-42.6547,-22.36],[-42.6591,-22.3569],[-42.6547,-22.3599],[-42.6547,-22.36]],[[-42.6808,-22.3546],[-42.672,-22.3592],[-42.6841,-22.3545],[-42.6808,-22.3546]],[[-42.6694,-22.3697],[-42.6744,-22.3726],[-42.6695,-22.3698],[-42.6721,-22.3671],[-42.6693,-22.369],[-42.6694,-22.3697]],[[-42.67,-22.3539],[-42.6636,-22.3549],[-42.6701,-22.354],[-42.67,-22.3539]],[[-42.6615,-22.3617],[-42.6666,-22.3644],[-42.6704,-22.361],[-42.6671,-22.3578],[-42.6661,-22.3609],[-42.666,-22.3581],[-42.6616,-22.3594],[-42.6615,-22.3617]],[[-42.6633,-22.3555],[-42.6616,-22.3593],[-42.6636,-22.355],[-42.6633,-22.3555]],[[-42.6911,-22.3638],[-42.6936,-22.3632],[-42.6922,-22.3604],[-42.6892,-22.3614],[-42.691,-22.3637],[-42.6911,-22.3638]],[[-42.6887,-22.3583],[-42.6847,-22.3632],[-42.6891,-22.3581],[-42.6882,-22.3611],[-42.692,-22.3599],[-42.6906,-22.3572],[-42.6887,-22.3583]]]}},{"type":"Feature","properties":{"cod_tema":"ARL_PROPOSTA","cod_imovel":"RJ-3303401-7AA6E4CB6C1547F3A333E820247E37C8","num_area":"2.1903000000000000000000000000000","ind_status":"AT"},"geometry":{"type":"Polygon","coordinates":[[[-42.5727,-22.3332],[-42.5765,-22.3368],[-42.5728,-22.3331],[-42.5727,-22.3332]]]}},{"type":"Feature","properties":{"cod_tema":"ARL_APROVADA_NAO_AVERBADA","cod_imovel":"RJ-3303401-566749B5B17A4E8AB8B400AD675F2760","num_area":"26.659300000000000000000000000000","ind_status":"AT"},"geometry":{"type":"Polygon","coordinates":[[[-42.6651,-22.3619],[-42.6586,-22.365],[-42.6669,-22.3651],[-42.6651,-22.3619]]]}},{"type":"Feature","properties":{"cod_tema":"ARL_PROPOSTA","cod_imovel":"RJ-3303401-EE98E9A649774EC2B7ADA3F757A46BAC","num_area":"2.4249000000000000000000000000000","ind_status":"AT"},"geometry":{"type":"Polygon","coordinates":[[[-42.5798,-22.303],[-42.582,-22.3042],[-42.5792,-22.3022],[-42.5798,-22.303]]]}},{"type":"Feature","properties":{"cod_tema":"ARL_PROPOSTA","cod_imovel":"RJ-3303401-17FB908B24774E438CA04EC6D4BD7CA2","num_area":"3.9296000000000000000000000000000","ind_status":"AT"},"geometry":{"type":"Polygon","coordinates":[[[-42.4784,-22.3371],[-42.4799,-22.3405],[-42.4821,-22.3392],[-42.4785,-22.3372],[-42.4784,-22.3371]]]}},{"type":"Feature","properties":{"cod_tema":"ARL_PROPOSTA","cod_imovel":"RJ-3303401-7E5DDE3B62B345E882B78ECE22D41E94","num_area":"10.292200000000000000000000000000","ind_status":"AT"},"geometry":{"type":"Polygon","coordinates":[[[-42.4667,-22.3855],[-42.4697,-22.391],[-42.4674,-22.3853],[-42.4667,-22.3855]]]}},{"type":"Feature","properties":{"cod_tema":"ARL_PROPOSTA","cod_imovel":"RJ-3303401-0000E34ED47D4B688F4149E7FAB7625C","num_area":"1.0398000000000000000000000000000","ind_status":"AT"},"geometry":{"type":"Polygon","coordinates":[[[-42.7091,-22.3199],[-42.7124,-22.3188],[-42.7094,-22.3199],[-42.7091,-22.3199]]]}},{"type":"Feature","properties":{"cod_tema":"ARL_PROPOSTA","cod_imovel":"RJ-3303401-6E90BD66A84E4013A30678EFE79BD778","num_area":"13.580800000000000000000000000000","ind_status":"AT"},"geometry":{"type":"Polygon","coordinates":[[[-42.4435,-22.3273],[-42.4396,-22.3281],[-42.4435,-22.3289],[-42.4435,-22.3273]],[[-42.4378,-22.331],[-42.4356,-22.3358],[-42.4383,-22.3314],[-42.4378,-22.331]]]}},{"type":"Feature","properties":{"cod_tema":"ARL_PROPOSTA","cod_imovel":"RJ-3303401-210A1AAAB6DD440BBF2F2B90177C9E29","num_area":"6.8751000000000000000000000000000","ind_status":"AT"},"geometry":{"type":"Polygon","coordinates":[[[-42.677,-22.3318],[-42.6749,-22.3304],[-42.6772,-22.3318],[-42.677,-22.3318]],[[-42.6714,-22.3304],[-42.6729,-22.3331],[-42.6715,-22.3306],[-42.6714,-22.3304]],[[-42.6795,-22.3322],[-42.684,-22.3323],[-42.6795,-22.3321],[-42.6795,-22.3322]]]}},{"type":"Feature","properties":{"cod_tema":"ARL_PROPOSTA","cod_imovel":"RJ-3303401-E243D8D2AADA4177BAE67C0C5D334FCA","num_area":"7.5753000000000000000000000000000","ind_status":"AT"},"geometry":{"type":"Polygon","coordinates":[[[-42.5857,-22.331],[-42.5847,-22.3267],[-42.5855,-22.3312],[-42.5857,-22.331]]]}},{"type":"Feature","properties":{"cod_tema":"ARL_PROPOSTA","cod_imovel":"RJ-3303401-4D8D94EE085946D4AA7A13CA34C9B07B","num_area":"1.6478000000000000000000000000000","ind_status":"AT"},"geometry":{"type":"Polygon","coordinates":[[[-42.4031,-22.3459],[-42.401,-22.346],[-42.4033,-22.3467],[-42.4031,-22.3459]]]}},{"type":"Feature","properties":{"cod_tema":"ARL_PROPOSTA","cod_imovel":"RJ-3303401-95B7873E78284EB1B01D5D4A80ED4E68","num_area":"7.7632000000000000000000000000000","ind_status":"AT"},"geometry":{"type":"Polygon","coordinates":[[[-42.6538,-22.3377],[-42.6571,-22.3346],[-42.6529,-22.3367],[-42.6538,-22.3377]]]}},{"type":"Feature","properties":{"cod_tema":"ARL_PROPOSTA","cod_imovel":"RJ-3303401-A38D7CC12A454AC1B5BF88DE54909D91","num_area":"9.5431000000000000000000000000000","ind_status":"AT"},"geometry":{"type":"Polygon","coordinates":[[[-42.4777,-22.3768],[-42.4806,-22.3797],[-42.4791,-22.3756],[-42.4777,-22.3768]]]}},{"type":"Feature","properties":{"cod_tema":"ARL_PROPOSTA","cod_imovel":"RJ-3303401-5A967230A5E84B60883F4C4B5CB0B0AE","num_area":"17.247800000000000000000000000000","ind_status":"AT"},"geometry":{"type":"Polygon","coordinates":[[[-42.5895,-22.2986],[-42.5894,-22.3058],[-42.5941,-22.3096],[-42.5901,-22.2983],[-42.5895,-22.2986]]]}},{"type":"Feature","properties":{"cod_tema":"ARL_PROPOSTA","cod_imovel":"RJ-3303401-F168BBB8DD314F80AA857C41DA21A919","num_area":"29.841400000000000000000000000000","ind_status":"AT"},"geometry":{"type":"Polygon","coordinates":[[[-42.3959,-22.4022],[-42.3976,-22.3988],[-42.3921,-22.3955],[-42.3859,-22.3973],[-42.3935,-22.3981],[-42.3958,-22.4021],[-42.3959,-22.4022]]]}},{"type":"Feature","properties":{"cod_tema":"ARL_PROPOSTA","cod_imovel":"RJ-3303401-F81E898444454F7E865838AEA26A26F5","num_area":"2.3280000000000000000000000000000","ind_status":"AT"},"geometry":{"type":"Polygon","coordinates":[[[-42.6248,-22.3063],[-42.6221,-22.3053],[-42.6243,-22.3065],[-42.6248,-22.3063]]]}},{"type":"Feature","properties":{"cod_tema":"ARL_PROPOSTA","cod_imovel":"RJ-3303401-A7F8367AD1A644BE9C912D5A82015D4F","num_area":"186.98600000000000000000000000000","ind_status":"AT"},"geometry":{"type":"Polygon","coordinates":[[[-42.6233,-22.3446],[-42.6266,-22.3352],[-42.6141,-22.3319],[-42.6073,-22.3365],[-42.6086,-22.3431],[-42.6148,-22.3397],[-42.6111,-22.3365],[-42.6143,-22.3365],[-42.6147,-22.3396],[-42.6192,-22.3364],[-42.6147,-22.3396],[-42.6215,-22.344],[-42.6227,-22.3392],[-42.6228,-22.3453],[-42.6233,-22.3446]],[[-42.6094,-22.3384],[-42.6138,-22.3383],[-42.6094,-22.3384],[-42.6094,-22.3384]]]}},{"type":"Feature","properties":{"cod_tema":"ARL_PROPOSTA","cod_imovel":"RJ-3303401-1A1D2DFF74ED43E38E5C7946B0A3E4A0","num_area":"5.3480000000000000000000000000000","ind_status":"AT"},"geometry":{"type":"Polygon","coordinates":[[[-42.4549,-22.3634],[-42.4524,-22.3653],[-42.4548,-22.3646],[-42.4549,-22.3634]]]}},{"type":"Feature","properties":{"cod_tema":"ARL_PROPOSTA","cod_imovel":"RJ-3303401-F64E54CB132747F09740513FDC6C1A27","num_area":"12.481900000000000000000000000000","ind_status":"AT"},"geometry":{"type":"Polygon","coordinates":[[[-42.3368,-22.4002],[-42.3388,-22.3943],[-42.3349,-22.396],[-42.3381,-22.3955],[-42.3359,-22.3983],[-42.3368,-22.4002]]]}},{"type":"Feature","properties":{"cod_tema":"ARL_PROPOSTA","cod_imovel":"RJ-3303401-84B2BEB7220648AD8A82583C9F7BABBC","num_area":"88.494300000000000000000000000000","ind_status":"AT"},"geometry":{"type":"Polygon","coordinates":[[[-42.6098,-22.373],[-42.6119,-22.3817],[-42.617,-22.3858],[-42.6228,-22.3877],[-42.628,-22.3848],[-42.6209,-22.3829],[-42.6101,-22.3729],[-42.6098,-22.373]]]}},{"type":"Feature","properties":{"cod_tema":"ARL_PROPOSTA","cod_imovel":"RJ-3303401-FF0863F624F04CDE803AD321B8A4ED61","num_area":"143.35930000000000000000000000000","ind_status":"AT"},"geometry":{"type":"Polygon","coordinates":[[[-42.6336,-22.3863],[-42.6269,-22.3912],[-42.6508,-22.3961],[-42.6561,-22.3926],[-42.6546,-22.3874],[-42.6458,-22.3919],[-42.6336,-22.3863]]]}},{"type":"Feature","properties":{"cod_tema":"ARL_PROPOSTA","cod_imovel":"RJ-3303401-941E699C59344F09B380FB179108F82C","num_area":"52.307700000000000000000000000000","ind_status":"AT"},"geometry":{"type":"Polygon","coordinates":[[[-42.2886,-22.3326],[-42.2802,-22.3389],[-42.2886,-22.3326],[-42.2886,-22.3326]],[[-42.2798,-22.3381],[-42.2721,-22.3354],[-42.2622,-22.3427],[-42.2719,-22.3378],[-42.2798,-22.3381],[-42.2798,-22.3381]]]}},{"type":"Feature","properties":{"cod_tema":"ARL_PROPOSTA","cod_imovel":"RJ-3303401-009E21352E294794A3677BBC16719673","num_area":"3.1474000000000000000000000000000","ind_status":"AT"},"geometry":{"type":"Polygon","coordinates":[[[-42.5015,-22.3987],[-42.5037,-22.399],[-42.5003,-22.398],[-42.5015,-22.3987]]]}},{"type":"Feature","properties":{"cod_tema":"ARL_PROPOSTA","cod_imovel":"RJ-3303401-79D21DA496B848FFAAC8ADEF7E487FAD","num_area":"5.8956000000000000000000000000000","ind_status":"AT"},"geometry":{"type":"Polygon","coordinates":[[[-42.6855,-22.2699],[-42.6842,-22.2674],[-42.6855,-22.2715],[-42.6855,-22.2699]]]}},{"type":"Feature","properties":{"cod_tema":"ARL_PROPOSTA","cod_imovel":"RJ-3303401-B32BF922AABC449DBF41BDE5ECB8B320","num_area":"13.481700000000000000000000000000","ind_status":"AT"},"geometry":{"type":"Polygon","coordinates":[[[-42.4375,-22.3749],[-42.4435,-22.3771],[-42.4429,-22.374],[-42.4375,-22.3749],[-42.4375,-22.3749]],[[-42.4383,-22.3685],[-42.4389,-22.3663],[-42.4382,-22.3684],[-42.4383,-22.3685]]]}},{"type":"Feature","properties":{"cod_tema":"ARL_PROPOSTA","cod_imovel":"RJ-3303401-01E43EAE3B964E3381B2455FB510363A","num_area":"9.9026000000000000000000000000000","ind_status":"AT"},"geometry":{"type":"Polygon","coordinates":[[[-42.3423,-22.3303],[-42.3396,-22.3311],[-42.3407,-22.333],[-42.3448,-22.3321],[-42.3425,-22.3297],[-42.3423,-22.3303]]]}},{"type":"Feature","properties":{"cod_tema":"ARL_PROPOSTA","cod_imovel":"RJ-3303401-610099D3C8F941A0A5BCA0D346242BFE","num_area":"4.8057000000000000000000000000000","ind_status":"AT"},"geometry":{"type":"Polygon","coordinates":[[[-42.5076,-22.3912],[-42.5088,-22.3887],[-42.5062,-22.3893],[-42.5076,-22.3912]]]}},{"type":"Feature","properties":{"cod_tema":"ARL_PROPOSTA","cod_imovel":"RJ-3303401-CFAEE7B248EC4A24865B3B21D406588D","num_area":"41.004300000000000000000000000000","ind_status":"AT"},"geometry":{"type":"Polygon","coordinates":[[[-42.6501,-22.3738],[-42.6423,-22.3815],[-42.6459,-22.3834],[-42.6518,-22.3765],[-42.6508,-22.373],[-42.6501,-22.3738]],[[-42.648,-22.3783],[-42.6508,-22.3731],[-42.648,-22.3782],[-42.648,-22.3783]]]}},{"type":"Feature","properties":{"cod_tema":"ARL_PROPOSTA","cod_imovel":"RJ-3303401-27FB51387A694198ABBB3A79ED42D628","num_area":"11.308600000000000000000000000000","ind_status":"AT"},"geometry":{"type":"Polygon","coordinates":[[[-42.3978,-22.3535],[-42.3922,-22.3531],[-42.3967,-22.3551],[-42.3978,-22.3535]]]}},{"type":"Feature","properties":{"cod_tema":"ARL_PROPOSTA","cod_imovel":"RJ-3303401-E4D7A8FF749A4DCAA31299270C14FC94","num_area":"5.1475000000000000000000000000000","ind_status":"AT"},"geometry":{"type":"Polygon","coordinates":[[[-42.2937,-22.3888],[-42.2924,-22.3869],[-42.2932,-22.389],[-42.2937,-22.3888]],[[-42.2897,-22.3901],[-42.2924,-22.3892],[-42.2896,-22.3901],[-42.2897,-22.3901]]]}},{"type":"Feature","properties":{"cod_tema":"ARL_PROPOSTA","cod_imovel":"RJ-3303401-8F8D1AE7A9B940F69E73E86FC1759C02","num_area":"18.914600000000000000000000000000","ind_status":"AT"},"geometry":{"type":"Polygon","coordinates":[[[-42.364,-22.4141],[-42.3659,-22.412],[-42.3621,-22.4086],[-42.3635,-22.4144],[-42.364,-22.4141]]]}},{"type":"Feature","properties":{"cod_tema":"ARL_PROPOSTA","cod_imovel":"RJ-3303401-6AA11CDEDCA84001AA10D61AEE212696","num_area":"7.2013000000000000000000000000000","ind_status":"AT"},"geometry":{"type":"Polygon","coordinates":[[[-42.4695,-22.3834],[-42.4659,-22.3867],[-42.4704,-22.385],[-42.4695,-22.3834]]]}},{"type":"Feature","properties":{"cod_tema":"ARL_PROPOSTA","cod_imovel":"RJ-3303401-3D051AD7323D4BC1B52024709475A17E","num_area":"18.596400000000000000000000000000","ind_status":"AT"},"geometry":{"type":"Polygon","coordinates":[[[-42.6535,-22.3497],[-42.6501,-22.3445],[-42.6498,-22.3508],[-42.65,-22.3481],[-42.6534,-22.3496],[-42.6535,-22.3497]]]}},{"type":"Feature","properties":{"cod_tema":"ARL_PROPOSTA","cod_imovel":"RJ-3303401-1804F8EBFE7942DEAE7AF6F971D989FE","num_area":"5.2407000000000000000000000000000","ind_status":"AT"},"geometry":{"type":"Polygon","coordinates":[[[-42.3751,-22.383],[-42.377,-22.3842],[-42.3754,-22.3808],[-42.3752,-22.3829],[-42.3751,-22.383]],[[-42.3771,-22.3842],[-42.3756,-22.3822],[-42.3771,-22.3842],[-42.3771,-22.3842]]]}},{"type":"Feature","properties":{"cod_tema":"ARL_PROPOSTA","cod_imovel":"RJ-3303401-AD2A7D75D7B94EDA84F867DB007C537E","num_area":"1.6506000000000000000000000000000","ind_status":"AT"},"geometry":{"type":"Polygon","coordinates":[[[-42.3088,-22.3597],[-42.309,-22.3618],[-42.309,-22.3596],[-42.3088,-22.3597]]]}},{"type":"Feature","properties":{"cod_tema":"ARL_PROPOSTA","cod_imovel":"RJ-3303401-408FD4D4F0B744119846D3B780D38B1D","num_area":"21.716500000000000000000000000000","ind_status":"AT"},"geometry":{"type":"Polygon","coordinates":[[[-42.6687,-22.3839],[-42.6705,-22.3793],[-42.6665,-22.381],[-42.6678,-22.3836],[-42.6687,-22.3839]],[[-42.6664,-22.381],[-42.6677,-22.3836],[-42.6664,-22.3811],[-42.6664,-22.381]],[[-42.6645,-22.3817],[-42.6639,-22.3853],[-42.6664,-22.3838],[-42.6645,-22.3817],[-42.6645,-22.3817]],[[-42.664,-22.3818],[-42.6638,-22.3853],[-42.6639,-22.3818],[-42.664,-22.3818]]]}},{"type":"Feature","properties":{"cod_tema":"ARL_PROPOSTA","cod_imovel":"RJ-3303401-383A0AD5FC594D55830DE99121482073","num_area":"11.748000000000000000000000000000","ind_status":"AT"},"geometry":{"type":"Polygon","coordinates":[[[-42.453,-22.4326],[-42.4579,-22.4285],[-42.4529,-22.4324],[-42.453,-22.4326]]]}},{"type":"Feature","properties":{"cod_tema":"ARL_PROPOSTA","cod_imovel":"RJ-3303401-6AF06B765D974706A06BAC10BCF8918D","num_area":"8.7052000000000000000000000000000","ind_status":"AT"},"geometry":{"type":"Polygon","coordinates":[[[-42.4861,-22.3843],[-42.4868,-22.388],[-42.4887,-22.3866],[-42.4861,-22.3843],[-42.4861,-22.3843]]]}},{"type":"Feature","properties":{"cod_tema":"ARL_PROPOSTA","cod_imovel":"RJ-3303401-89EB43A21CA84E6E86907CA5DFFBE168","num_area":"4.4737000000000000000000000000000","ind_status":"AT"},"geometry":{"type":"Polygon","coordinates":[[[-42.6587,-22.3417],[-42.6563,-22.3428],[-42.6591,-22.3427],[-42.6587,-22.3417]]]}},{"type":"Feature","properties":{"cod_tema":"ARL_PROPOSTA","cod_imovel":"RJ-3303401-673577CB3A9C45639455FB1117364A55","num_area":"2.3957000000000000000000000000000","ind_status":"AT"},"geometry":{"type":"Polygon","coordinates":[[[-42.3184,-22.3307],[-42.3161,-22.3316],[-42.3183,-22.3308],[-42.3184,-22.3307]]]}},{"type":"Feature","properties":{"cod_tema":"ARL_PROPOSTA","cod_imovel":"RJ-3303401-84E67AF2CC9B460EBE74FE5D2253F8A8","num_area":"14.460600000000000000000000000000","ind_status":"AT"},"geometry":{"type":"Polygon","coordinates":[[[-42.3748,-22.369],[-42.3769,-22.3708],[-42.3764,-22.3666],[-42.3733,-22.3656],[-42.3713,-22.3676],[-42.374,-22.3686],[-42.3748,-22.369]],[[-42.376,-22.3672],[-42.3753,-22.3695],[-42.376,-22.3672],[-42.376,-22.3672]]]}},{"type":"Feature","properties":{"cod_tema":"ARL_PROPOSTA","cod_imovel":"RJ-3303401-4AAB9BFFE8184D6E98593B44EB36CE17","num_area":"16.407900000000000000000000000000","ind_status":"AT"},"geometry":{"type":"Polygon","coordinates":[[[-42.2356,-22.3506],[-42.242,-22.3489],[-42.2402,-22.347],[-42.2349,-22.3494],[-42.2356,-22.3506]]]}},{"type":"Feature","properties":{"cod_tema":"ARL_PROPOSTA","cod_imovel":"RJ-3303401-76032E72612F445CB474A75EB2670025","num_area":"10.325800000000000000000000000000","ind_status":"AT"},"geometry":{"type":"Polygon","coordinates":[[[-42.4148,-22.3297],[-42.4095,-22.3291],[-42.4151,-22.3312],[-42.4148,-22.3297]]]}},{"type":"Feature","properties":{"cod_tema":"ARL_PROPOSTA","cod_imovel":"RJ-3303401-D7EA78D0169B48D08F872D33DE1ED33F","num_area":"7.6757000000000000000000000000000","ind_status":"AT"},"geometry":{"type":"Polygon","coordinates":[[[-42.6616,-22.3255],[-42.6556,-22.3241],[-42.6614,-22.326],[-42.6616,-22.3255]],[[-42.6573,-22.3226],[-42.6553,-22.3249],[-42.657,-22.3228],[-42.6573,-22.3226]]]}},{"type":"Feature","properties":{"cod_tema":"ARL_PROPOSTA","cod_imovel":"RJ-3303401-E3C7854A47BC4A48AB998B15DE1493AC","num_area":"10.238700000000000000000000000000","ind_status":"AT"},"geometry":{"type":"Polygon","coordinates":[[[-42.6876,-22.2881],[-42.6895,-22.2905],[-42.6876,-22.288],[-42.6876,-22.2881]],[[-42.6895,-22.2908],[-42.6875,-22.2889],[-42.6894,-22.2908],[-42.6895,-22.2908]],[[-42.6882,-22.2948],[-42.6879,-22.2926],[-42.6881,-22.2951],[-42.6882,-22.2948]]]}},{"type":"Feature","properties":{"cod_tema":"ARL_PROPOSTA","cod_imovel":"RJ-3303401-36170112816F441B83F8DC2BA61DEC2A","num_area":"8.9398000000000000000000000000000","ind_status":"AT"},"geometry":{"type":"Polygon","coordinates":[[[-42.6274,-22.3474],[-42.6258,-22.3503],[-42.6298,-22.3463],[-42.6275,-22.3465],[-42.6274,-22.3474]]]}},{"type":"Feature","properties":{"cod_tema":"ARL_PROPOSTA","cod_imovel":"RJ-3303401-969346A71F584E7588ABB88A6D020F5C","num_area":"1.4542000000000000000000000000000","ind_status":"AT"},"geometry":{"type":"Polygon","coordinates":[[[-42.6904,-22.3377],[-42.691,-22.3355],[-42.6903,-22.3377],[-42.6904,-22.3377]]]}},{"type":"Feature","properties":{"cod_tema":"ARL_PROPOSTA","cod_imovel":"RJ-3303401-E79ACA5A895D49A8990FDB799D2083EA","num_area":"10.829400000000000000000000000000","ind_status":"AT"},"geometry":{"type":"Polygon","coordinates":[[[-42.6775,-22.3474],[-42.6743,-22.3523],[-42.681,-22.3483],[-42.6786,-22.3477],[-42.6775,-22.3474]]]}},{"type":"Feature","properties":{"cod_tema":"ARL_PROPOSTA","cod_imovel":"RJ-3303401-DED33BA2235C4C35AD8332D3AB6A7F34","num_area":"10.289900000000000000000000000000","ind_status":"AT"},"geometry":{"type":"Polygon","coordinates":[[[-42.6307,-22.3164],[-42.6275,-22.3178],[-42.6304,-22.3198],[-42.6307,-22.3164],[-42.6307,-22.3164]]]}},{"type":"Feature","properties":{"cod_tema":"ARL_PROPOSTA","cod_imovel":"RJ-3303401-DB14135C19084E87BD0A4FEC50DCCA4E","num_area":"8.6621000000000000000000000000000","ind_status":"AT"},"geometry":{"type":"Polygon","coordinates":[[[-42.6198,-22.3124],[-42.6204,-22.3157],[-42.6202,-22.3125],[-42.6198,-22.3124]]]}},{"type":"Feature","properties":{"cod_tema":"ARL_PROPOSTA","cod_imovel":"RJ-3303401-8134D1D220F649948D0C8DFD92F433BB","num_area":"6.5232000000000000000000000000000","ind_status":"AT"},"geometry":{"type":"Polygon","coordinates":[[[-42.6816,-22.3418],[-42.6829,-22.339],[-42.6817,-22.3413],[-42.6816,-22.3418]]]}},{"type":"Feature","properties":{"cod_tema":"ARL_PROPOSTA","cod_imovel":"RJ-3303401-078EA59307E24E539D44162705117C5D","num_area":"7.2224000000000000000000000000000","ind_status":"AT"},"geometry":{"type":"Polygon","coordinates":[[[-42.601,-22.3097],[-42.5975,-22.3151],[-42.6007,-22.3103],[-42.601,-22.3097]]]}},{"type":"Feature","properties":{"cod_tema":"ARL_PROPOSTA","cod_imovel":"RJ-3303401-D5800B5B305D4FA1848059491A8C2E98","num_area":"1.2530000000000000000000000000000","ind_status":"AT"},"geometry":{"type":"Polygon","coordinates":[[[-42.6349,-22.3638],[-42.6366,-22.3614],[-42.6351,-22.3637],[-42.6349,-22.3638]]]}},{"type":"Feature","properties":{"cod_tema":"ARL_PROPOSTA","cod_imovel":"RJ-3303401-E90D9D44363948209FDB6E7938176996","num_area":"4.8871000000000000000000000000000","ind_status":"PE"},"geometry":{"type":"Polygon","coordinates":[[[-42.6331,-22.3041],[-42.631,-22.3041],[-42.633,-22.3056],[-42.6331,-22.3041]]]}},{"type":"Feature","properties":{"cod_tema":"ARL_PROPOSTA","cod_imovel":"RJ-3303401-24CD05FC87DF4FB1A8603422D174677D","num_area":"18.635000000000000000000000000000","ind_status":"AT"},"geometry":{"type":"Polygon","coordinates":[[[-42.6165,-22.3078],[-42.6106,-22.3109],[-42.6172,-22.308],[-42.6165,-22.3078]],[[-42.604,-22.3128],[-42.6024,-22.3162],[-42.604,-22.3128],[-42.604,-22.3128]],[[-42.6069,-22.3166],[-42.6058,-22.3142],[-42.607,-22.3166],[-42.6069,-22.3166]]]}},{"type":"Feature","properties":{"cod_tema":"ARL_PROPOSTA","cod_imovel":"RJ-3303401-C603531DA5294A88B32D1726D1679F7C","num_area":"20.316700000000000000000000000000","ind_status":"AT"},"geometry":{"type":"Polygon","coordinates":[[[-42.6299,-22.3255],[-42.63,-22.3232],[-42.6297,-22.3252],[-42.6299,-22.3255]],[[-42.6259,-22.3236],[-42.628,-22.3209],[-42.626,-22.3236],[-42.6259,-22.3236]],[[-42.6247,-22.3264],[-42.6255,-22.3293],[-42.6295,-22.3257],[-42.6285,-22.3225],[-42.6248,-22.3264],[-42.6247,-22.3264]]]}},{"type":"Feature","properties":{"cod_tema":"ARL_PROPOSTA","cod_imovel":"RJ-3303401-F2CCF3617CD041208A37DAB5E467A724","num_area":"0.3505000000000000000000000000000","ind_status":"PE"},"geometry":{"type":"Polygon","coordinates":[[[-42.6467,-22.3568],[-42.6445,-22.3579],[-42.6467,-22.3566],[-42.6467,-22.3568]]]}},{"type":"Feature","properties":{"cod_tema":"ARL_PROPOSTA","cod_imovel":"RJ-3303401-A919D6A18B234C34B8B5920EF6D9C7B7","num_area":"7.1594000000000000000000000000000","ind_status":"AT"},"geometry":{"type":"Polygon","coordinates":[[[-42.6103,-22.318],[-42.605,-22.3204],[-42.6105,-22.318],[-42.6103,-22.318]]]}},{"type":"Feature","properties":{"cod_tema":"ARL_PROPOSTA","cod_imovel":"RJ-3303401-1DEDAF612EB2433D8A72CD4A4F6C9269","num_area":"9.8523000000000000000000000000000","ind_status":"AT"},"geometry":{"type":"Polygon","coordinates":[[[-42.6283,-22.3561],[-42.6309,-22.3521],[-42.6284,-22.3556],[-42.6283,-22.3561]],[[-42.6322,-22.3505],[-42.6294,-22.3508],[-42.6323,-22.3505],[-42.6322,-22.3505]]]}},{"type":"Feature","properties":{"cod_tema":"ARL_PROPOSTA","cod_imovel":"RJ-3303401-F4920CB346304D928B6B719BD56D99AE","num_area":"5.0819000000000000000000000000000","ind_status":"AT"},"geometry":{"type":"Polygon","coordinates":[[[-42.7039,-22.2827],[-42.7008,-22.284],[-42.7039,-22.2829],[-42.7039,-22.2827]]]}},{"type":"Feature","properties":{"cod_tema":"ARL_PROPOSTA","cod_imovel":"RJ-3303401-BF46B5BEB7584F04BF0614AF68454BF6","num_area":"2.1775000000000000000000000000000","ind_status":"PE"},"geometry":{"type":"Polygon","coordinates":[[[-42.6419,-22.3588],[-42.644,-22.3586],[-42.642,-22.3587],[-42.6419,-22.3588]]]}},{"type":"Feature","properties":{"cod_tema":"ARL_PROPOSTA","cod_imovel":"RJ-3303401-1A6A95E42660438788BA9CC0F117939C","num_area":"2.2086000000000000000000000000000","ind_status":"AT"},"geometry":{"type":"Polygon","coordinates":[[[-42.6419,-22.3612],[-42.6439,-22.3636],[-42.642,-22.3612],[-42.6419,-22.3612]]]}},{"type":"Feature","properties":{"cod_tema":"ARL_PROPOSTA","cod_imovel":"RJ-3303401-FC82B0AD054C412F9AC5753C16854356","num_area":"2.7060000000000000000000000000000","ind_status":"AT"},"geometry":{"type":"Polygon","coordinates":[[[-42.6916,-22.2805],[-42.6897,-22.2822],[-42.6916,-22.2806],[-42.6916,-22.2805]]]}},{"type":"Feature","properties":{"cod_tema":"ARL_PROPOSTA","cod_imovel":"RJ-3303401-8EA042908D5C4784B0987C8C8D9EE454","num_area":"1.1150000000000000000000000000000","ind_status":"AT"},"geometry":{"type":"Polygon","coordinates":[[[-42.6655,-22.3291],[-42.665,-22.3317],[-42.6657,-22.3291],[-42.6655,-22.3291]]]}},{"type":"Feature","properties":{"cod_tema":"ARL_PROPOSTA","cod_imovel":"RJ-3303401-4642E9DEFF824490968D1D784F2FA9ED","num_area":"8.4791000000000000000000000000000","ind_status":"AT"},"geometry":{"type":"Polygon","coordinates":[[[-42.599,-22.2956],[-42.6001,-22.2922],[-42.5964,-22.2938],[-42.5992,-22.2953],[-42.599,-22.2956]]]}},{"type":"Feature","properties":{"cod_tema":"ARL_PROPOSTA","cod_imovel":"RJ-3303401-94802E0E0D674665A779355D77B9918F","num_area":"44.614400000000000000000000000000","ind_status":"AT"},"geometry":{"type":"Polygon","coordinates":[[[-42.5972,-22.2952],[-42.5954,-22.2971],[-42.5975,-22.2953],[-42.5972,-22.2952]],[[-42.6112,-22.3039],[-42.6009,-22.2959],[-42.6033,-22.3028],[-42.6111,-22.3042],[-42.6112,-22.3039]]]}},{"type":"Feature","properties":{"cod_tema":"ARL_PROPOSTA","cod_imovel":"RJ-3303401-F7A925A345734737B5E408DB7981C31C","num_area":"0.9717000000000000000000000000000","ind_status":"AT"},"geometry":{"type":"Polygon","coordinates":[[[-42.6341,-22.3601],[-42.6334,-22.362],[-42.6342,-22.3602],[-42.6341,-22.3601]]]}},{"type":"Feature","properties":{"cod_tema":"ARL_PROPOSTA","cod_imovel":"RJ-3303401-E62EFED1A0D94242976C084753FB34B6","num_area":"9.7030000000000000000000000000000","ind_status":"AT"},"geometry":{"type":"Polygon","coordinates":[[[-42.5999,-22.3034],[-42.6043,-22.3029],[-42.5998,-22.3032],[-42.5999,-22.3034]]]}},{"type":"Feature","properties":{"cod_tema":"ARL_PROPOSTA","cod_imovel":"RJ-3303401-F1D971BD0F26448DA1D9091BA3BC8875","num_area":"5.0224000000000000000000000000000","ind_status":"AT"},"geometry":{"type":"Polygon","coordinates":[[[-42.6435,-22.3639],[-42.6418,-22.361],[-42.6429,-22.3642],[-42.6435,-22.3639]]]}},{"type":"Feature","properties":{"cod_tema":"ARL_PROPOSTA","cod_imovel":"RJ-3303401-E4568F04EF2646B496391E3DE94EA15B","num_area":"3.0596000000000000000000000000000","ind_status":"AT"},"geometry":{"type":"Polygon","coordinates":[[[-42.6395,-22.3652],[-42.6421,-22.3645],[-42.6397,-22.3643],[-42.6395,-22.3652]]]}},{"type":"Feature","properties":{"cod_tema":"ARL_PROPOSTA","cod_imovel":"RJ-3303401-565EAAB0D65D4331AF4956E1248923DD","num_area":"2.5413000000000000000000000000000","ind_status":"AT"},"geometry":{"type":"Polygon","coordinates":[[[-42.6404,-22.3519],[-42.6373,-22.3532],[-42.6404,-22.352],[-42.6404,-22.3519]]]}},{"type":"Feature","properties":{"cod_tema":"ARL_PROPOSTA","cod_imovel":"RJ-3303401-D0C5AD8ADE3D4C45A91648FEFEEAC268","num_area":"4.8857000000000000000000000000000","ind_status":"AT"},"geometry":{"type":"Polygon","coordinates":[[[-42.691,-22.2918],[-42.6934,-22.2933],[-42.6912,-22.2919],[-42.691,-22.2918]]]}},{"type":"Feature","properties":{"cod_tema":"ARL_PROPOSTA","cod_imovel":"RJ-3303401-81EA65234ACD439CB0A047F1D2DC9173","num_area":"11.674800000000000000000000000000","ind_status":"AT"},"geometry":{"type":"Polygon","coordinates":[[[-42.6723,-22.305],[-42.6709,-22.3102],[-42.6756,-22.3056],[-42.6723,-22.305],[-42.6723,-22.305]]]}},{"type":"Feature","properties":{"cod_tema":"ARL_PROPOSTA","cod_imovel":"RJ-3303401-A4F6CADB4DAB479DB2570433AFDF9CFF","num_area":"2.8611000000000000000000000000000","ind_status":"AT"},"geometry":{"type":"Polygon","coordinates":[[[-42.716,-22.2803],[-42.713,-22.2809],[-42.7159,-22.2806],[-42.716,-22.2803]]]}},{"type":"Feature","properties":{"cod_tema":"ARL_PROPOSTA","cod_imovel":"RJ-3303401-EDBE2C0042D8409A8F460B13187F8321","num_area":"2.7689000000000000000000000000000","ind_status":"AT"},"geometry":{"type":"Polygon","coordinates":[[[-42.6971,-22.2929],[-42.6957,-22.2905],[-42.697,-22.2929],[-42.6971,-22.2929]]]}},{"type":"Feature","properties":{"cod_tema":"ARL_PROPOSTA","cod_imovel":"RJ-3303401-E367FE400153400EB3E84A21C2FCCCC8","num_area":"0.6232000000000000000000000000000","ind_status":"AT"},"geometry":{"type":"Polygon","coordinates":[[[-42.6664,-22.3481],[-42.6681,-22.3497],[-42.6665,-22.348],[-42.6664,-22.3481]]]}},{"type":"Feature","properties":{"cod_tema":"ARL_PROPOSTA","cod_imovel":"RJ-3303401-E2494B4537DA4E2F976C49319E71D94E","num_area":"5.7342000000000000000000000000000","ind_status":"AT"},"geometry":{"type":"Polygon","coordinates":[[[-42.716,-22.2864],[-42.7126,-22.2881],[-42.7158,-22.2867],[-42.716,-22.2864]]]}},{"type":"Feature","properties":{"cod_tema":"ARL_PROPOSTA","cod_imovel":"RJ-3303401-D0B034971C0A48BA96788BCC49D45B4E","num_area":"3.4696000000000000000000000000000","ind_status":"AT"},"geometry":{"type":"Polygon","coordinates":[[[-42.6733,-22.315],[-42.6711,-22.3144],[-42.6732,-22.3155],[-42.6733,-22.315]]]}},{"type":"Feature","properties":{"cod_tema":"ARL_PROPOSTA","cod_imovel":"RJ-3303401-667D9A170A54493286E60FBAFC6F3303","num_area":"3.6051000000000000000000000000000","ind_status":"AT"},"geometry":{"type":"Polygon","coordinates":[[[-42.6996,-22.2762],[-42.7016,-22.2753],[-42.6996,-22.2761],[-42.6996,-22.2762]]]}},{"type":"Feature","properties":{"cod_tema":"ARL_PROPOSTA","cod_imovel":"RJ-3303401-3DE92E1BEF9C4A7E99DDFB7E1C3AD629","num_area":"3.4013000000000000000000000000000","ind_status":"AT"},"geometry":{"type":"Polygon","coordinates":[[[-42.6842,-22.3187],[-42.6856,-22.3204],[-42.6842,-22.3187],[-42.6842,-22.3187]],[[-42.6839,-22.319],[-42.6859,-22.3219],[-42.684,-22.319],[-42.6839,-22.319]]]}},{"type":"Feature","properties":{"cod_tema":"ARL_PROPOSTA","cod_imovel":"RJ-3303401-792BE1B8182A424C8560CAAA94B6D978","num_area":"5.7715000000000000000000000000000","ind_status":"AT"},"geometry":{"type":"Polygon","coordinates":[[[-42.685,-22.2982],[-42.682,-22.2963],[-42.6849,-22.2983],[-42.685,-22.2982]]]}},{"type":"Feature","properties":{"cod_tema":"ARL_PROPOSTA","cod_imovel":"RJ-3303401-E0E8C9BD66DA460AA5E9B972E7B85781","num_area":"3.6632000000000000000000000000000","ind_status":"AT"},"geometry":{"type":"Polygon","coordinates":[[[-42.7087,-22.2889],[-42.7032,-22.2899],[-42.709,-22.2896],[-42.7087,-22.2889]],[[-42.7031,-22.2899],[-42.7007,-22.2893],[-42.7032,-22.29],[-42.7031,-22.2899]]]}},{"type":"Feature","properties":{"cod_tema":"ARL_PROPOSTA","cod_imovel":"RJ-3303401-736C2BBCC62D4D058A17EC9F90E1E1AC","num_area":"0.3984000000000000000000000000000","ind_status":"AT"},"geometry":{"type":"Polygon","coordinates":[[[-42.6768,-22.3172],[-42.676,-22.3151],[-42.6766,-22.3172],[-42.6768,-22.3172]]]}},{"type":"Feature","properties":{"cod_tema":"ARL_PROPOSTA","cod_imovel":"RJ-3303401-C6CA45FCAB8243ECAE4CDE2115B8BCE5","num_area":"5.9590000000000000000000000000000","ind_status":"AT"},"geometry":{"type":"Polygon","coordinates":[[[-42.681,-22.3098],[-42.6761,-22.3114],[-42.6813,-22.3106],[-42.681,-22.3098]]]}},{"type":"Feature","properties":{"cod_tema":"ARL_PROPOSTA","cod_imovel":"RJ-3303401-8F83685E9B6D4A0EB21A52FAA27DE859","num_area":"1.2102000000000000000000000000000","ind_status":"AT"},"geometry":{"type":"Polygon","coordinates":[[[-42.5856,-22.3014],[-42.5836,-22.3005],[-42.5854,-22.3013],[-42.5856,-22.3014]]]}},{"type":"Feature","properties":{"cod_tema":"ARL_PROPOSTA","cod_imovel":"RJ-3303401-FB9353854F9248F2B5173E3FBF88157E","num_area":"8.5655000000000000000000000000000","ind_status":"AT"},"geometry":{"type":"Polygon","coordinates":[[[-42.5793,-22.2863],[-42.5827,-22.2854],[-42.5794,-22.2846],[-42.5793,-22.2863]]]}},{"type":"Feature","properties":{"cod_tema":"ARL_PROPOSTA","cod_imovel":"RJ-3303401-2826A2336B21476D8772F2FBC0FF4F6E","num_area":"2.9905000000000000000000000000000","ind_status":"AT"},"geometry":{"type":"Polygon","coordinates":[[[-42.6916,-22.3287],[-42.6893,-22.3295],[-42.6916,-22.3288],[-42.6916,-22.3287]]]}},{"type":"Feature","properties":{"cod_tema":"ARL_PROPOSTA","cod_imovel":"RJ-3303401-03E3929D95364085ACC559A0DF55C4E7","num_area":"4.6727000000000000000000000000000","ind_status":"AT"},"geometry":{"type":"Polygon","coordinates":[[[-42.5811,-22.3045],[-42.5789,-22.3067],[-42.5816,-22.3052],[-42.5811,-22.3045]]]}},{"type":"Feature","properties":{"cod_tema":"ARL_PROPOSTA","cod_imovel":"RJ-3303401-5C2921AD5F824A018BE6B71B22ED4AE3","num_area":"5.2389000000000000000000000000000","ind_status":"AT"},"geometry":{"type":"Polygon","coordinates":[[[-42.5932,-22.3165],[-42.5904,-22.3163],[-42.5937,-22.3177],[-42.5932,-22.3165]]]}},{"type":"Feature","properties":{"cod_tema":"ARL_PROPOSTA","cod_imovel":"RJ-3303401-E57683CC1E7B4C28BC4E2DFE51E97F70","num_area":"1.8672000000000000000000000000000","ind_status":"AT"},"geometry":{"type":"Polygon","coordinates":[[[-42.6986,-22.3355],[-42.7008,-22.3354],[-42.6988,-22.3355],[-42.6986,-22.3355]]]}},{"type":"Feature","properties":{"cod_tema":"ARL_PROPOSTA","cod_imovel":"RJ-3303401-490F46683EDE40879916C673D33408A5","num_area":"4.4551000000000000000000000000000","ind_status":"AT"},"geometry":{"type":"Polygon","coordinates":[[[-42.6939,-22.3413],[-42.6952,-22.3384],[-42.694,-22.3411],[-42.6939,-22.3413]]]}},{"type":"Feature","properties":{"cod_tema":"ARL_PROPOSTA","cod_imovel":"RJ-3303401-88A5A424EFE34233B93DA95876AE0072","num_area":"7.8968000000000000000000000000000","ind_status":"AT"},"geometry":{"type":"Polygon","coordinates":[[[-42.6767,-22.35],[-42.6775,-22.3474],[-42.6736,-22.3477],[-42.6767,-22.35]]]}},{"type":"Feature","properties":{"cod_tema":"ARL_PROPOSTA","cod_imovel":"RJ-3303401-0CAD8AEA75C54F2AA91E809DC42660DF","num_area":"0.7380000000000000000000000000000","ind_status":"AT"},"geometry":{"type":"Polygon","coordinates":[[[-42.6677,-22.3454],[-42.6697,-22.3447],[-42.6677,-22.3453],[-42.6677,-22.3454]]]}},{"type":"Feature","properties":{"cod_tema":"ARL_PROPOSTA","cod_imovel":"RJ-3303401-88D9B90C30064C8482F82DDA35B59E0B","num_area":"1.0479000000000000000000000000000","ind_status":"AT"},"geometry":{"type":"Polygon","coordinates":[[[-42.6676,-22.3445],[-42.6701,-22.3439],[-42.6677,-22.3441],[-42.6676,-22.3445]]]}},{"type":"Feature","properties":{"cod_tema":"ARL_PROPOSTA","cod_imovel":"RJ-3303401-7725189436244050871D8E4D4421012C","num_area":"0.6868000000000000000000000000000","ind_status":"AT"},"geometry":{"type":"Polygon","coordinates":[[[-42.6677,-22.3451],[-42.6698,-22.3445],[-42.6677,-22.3448],[-42.6677,-22.3451]]]}},{"type":"Feature","properties":{"cod_tema":"ARL_PROPOSTA","cod_imovel":"RJ-3303401-CCF880616D1A4C00A06B11C96E34EB9F","num_area":"10.880300000000000000000000000000","ind_status":"AT"},"geometry":{"type":"Polygon","coordinates":[[[-42.4267,-22.3747],[-42.4216,-22.3728],[-42.4269,-22.3749],[-42.4267,-22.3747]]]}},{"type":"Feature","properties":{"cod_tema":"ARL_PROPOSTA","cod_imovel":"RJ-3303401-E03CE5DFD0FF4D1B9B383A8457FD907B","num_area":"2.6604000000000000000000000000000","ind_status":"AT"},"geometry":{"type":"Polygon","coordinates":[[[-42.4468,-22.3623],[-42.4443,-22.363],[-42.4468,-22.3634],[-42.4468,-22.3623]]]}},{"type":"Feature","properties":{"cod_tema":"ARL_PROPOSTA","cod_imovel":"RJ-3303401-7CC9EC38DE994ED8A07ED870368F5520","num_area":"3.0560000000000000000000000000000","ind_status":"AT"},"geometry":{"type":"Polygon","coordinates":[[[-42.4837,-22.3482],[-42.4796,-22.3501],[-42.484,-22.3486],[-42.4837,-22.3482]]]}},{"type":"Feature","properties":{"cod_tema":"ARL_PROPOSTA","cod_imovel":"RJ-3303401-415A24EE6C1B47CA8F5FBADBD327DAE0","num_area":"9.0668000000000000000000000000000","ind_status":"AT"},"geometry":{"type":"Polygon","coordinates":[[[-42.464,-22.3743],[-42.4679,-22.3728],[-42.4653,-22.3721],[-42.464,-22.3743]]]}},{"type":"Feature","properties":{"cod_tema":"ARL_PROPOSTA","cod_imovel":"RJ-3303401-C230787068834DC09D553A0C59CD1FEC","num_area":"7.2526000000000000000000000000000","ind_status":"AT"},"geometry":{"type":"Polygon","coordinates":[[[-42.4538,-22.3715],[-42.4571,-22.3718],[-42.4526,-22.3694],[-42.4528,-22.372],[-42.4538,-22.3715]],[[-42.4552,-22.3723],[-42.4574,-22.3719],[-42.4552,-22.3723],[-42.4552,-22.3723]]]}},{"type":"Feature","properties":{"cod_tema":"ARL_PROPOSTA","cod_imovel":"RJ-3303401-2D4CEF3BF1104590BCAB2F5DBCE43905","num_area":"10.056000000000000000000000000000","ind_status":"AT"},"geometry":{"type":"Polygon","coordinates":[[[-42.4418,-22.382],[-42.4461,-22.379],[-42.4417,-22.3817],[-42.4418,-22.382]]]}},{"type":"Feature","properties":{"cod_tema":"ARL_PROPOSTA","cod_imovel":"RJ-3303401-F132DE5E285846FB9D8EE07D881DD5E7","num_area":"17.695000000000000000000000000000","ind_status":"AT"},"geometry":{"type":"Polygon","coordinates":[[[-42.4116,-22.3731],[-42.4112,-22.3768],[-42.4122,-22.3736],[-42.4116,-22.3731]],[[-42.4112,-22.3769],[-42.4141,-22.3775],[-42.4112,-22.3768],[-42.4112,-22.3769]],[[-42.4141,-22.3775],[-42.4113,-22.3742],[-42.4138,-22.3773],[-42.4141,-22.3775]]]}},{"type":"Feature","properties":{"cod_tema":"ARL_PROPOSTA","cod_imovel":"RJ-3303401-2DEC38B5B9D347089D26BD277CC3C202","num_area":"16.708300000000000000000000000000","ind_status":"AT"},"geometry":{"type":"Polygon","coordinates":[[[-42.4302,-22.3585],[-42.4246,-22.3619],[-42.4298,-22.3614],[-42.4308,-22.3584],[-42.4302,-22.3585]]]}},{"type":"Feature","properties":{"cod_tema":"ARL_PROPOSTA","cod_imovel":"RJ-3303401-78C2BF74BDFF4B44A5F9B77819C6C27C","num_area":"4.0277000000000000000000000000000","ind_status":"AT"},"geometry":{"type":"Polygon","coordinates":[[[-42.4234,-22.3677],[-42.4239,-22.37],[-42.4244,-22.3668],[-42.4234,-22.3677]]]}},{"type":"Feature","properties":{"cod_tema":"ARL_PROPOSTA","cod_imovel":"RJ-3303401-97E6DB74AD2546F7B8D68E3CD6973EEB","num_area":"1.8859000000000000000000000000000","ind_status":"AT"},"geometry":{"type":"Polygon","coordinates":[[[-42.4226,-22.3686],[-42.4234,-22.3706],[-42.4236,-22.3683],[-42.4226,-22.3686]]]}},{"type":"Feature","properties":{"cod_tema":"ARL_PROPOSTA","cod_imovel":"RJ-3303401-5342C3489AC24DF889B892A84C517563","num_area":"3.9458000000000000000000000000000","ind_status":"AT"},"geometry":{"type":"Polygon","coordinates":[[[-42.4267,-22.3747],[-42.4292,-22.3757],[-42.4269,-22.3741],[-42.4267,-22.3747]],[[-42.4269,-22.375],[-42.4291,-22.3759],[-42.4269,-22.375],[-42.4269,-22.375]]]}},{"type":"Feature","properties":{"cod_tema":"ARL_PROPOSTA","cod_imovel":"RJ-3303401-F7FFA04360E846D0BD8F5702DD2D519B","num_area":"28.877300000000000000000000000000","ind_status":"AT"},"geometry":{"type":"Polygon","coordinates":[[[-42.4265,-22.3828],[-42.4303,-22.3811],[-42.4266,-22.3824],[-42.4265,-22.3828]],[[-42.4303,-22.3811],[-42.4266,-22.3824],[-42.4302,-22.3812],[-42.4303,-22.3811]],[[-42.4305,-22.3803],[-42.4315,-22.3752],[-42.4278,-22.3762],[-42.4303,-22.3804],[-42.4305,-22.3803]],[[-42.4274,-22.3782],[-42.4267,-22.3817],[-42.4275,-22.3785],[-42.4274,-22.3782]]]}},{"type":"Feature","properties":{"cod_tema":"ARL_PROPOSTA","cod_imovel":"RJ-3303401-D077B7B85D16404DB4E1047615217341","num_area":"6.0907000000000000000000000000000","ind_status":"AT"},"geometry":{"type":"Polygon","coordinates":[[[-42.4269,-22.3595],[-42.4227,-22.3617],[-42.4272,-22.3606],[-42.4269,-22.3595]]]}},{"type":"Feature","properties":{"cod_tema":"ARL_PROPOSTA","cod_imovel":"RJ-3303401-2708280DF234456F8D5A30C7290608AE","num_area":"4.3228000000000000000000000000000","ind_status":"AT"},"geometry":{"type":"Polygon","coordinates":[[[-42.4219,-22.3688],[-42.419,-22.3663],[-42.4213,-22.369],[-42.4219,-22.3688]]]}},{"type":"Feature","properties":{"cod_tema":"ARL_PROPOSTA","cod_imovel":"RJ-3303401-A1F2DE2C19AE4469842F2E4FEB1AE993","num_area":"1.1961000000000000000000000000000","ind_status":"AT"},"geometry":{"type":"Polygon","coordinates":[[[-42.4224,-22.3701],[-42.4231,-22.372],[-42.4231,-22.3699],[-42.4224,-22.3701]]]}},{"type":"Feature","properties":{"cod_tema":"ARL_PROPOSTA","cod_imovel":"RJ-3303401-3ADBDB02E3954A66AE54BCBB8256B23A","num_area":"7.7191000000000000000000000000000","ind_status":"AT"},"geometry":{"type":"Polygon","coordinates":[[[-42.4069,-22.362],[-42.4102,-22.364],[-42.4088,-22.3607],[-42.4069,-22.362]]]}},{"type":"Feature","properties":{"cod_tema":"ARL_PROPOSTA","cod_imovel":"RJ-3303401-88AC138D341C4270B3F8086D5540D105","num_area":"5.3760000000000000000000000000000","ind_status":"AT"},"geometry":{"type":"Polygon","coordinates":[[[-42.3999,-22.3655],[-42.3978,-22.3659],[-42.3999,-22.3659],[-42.3999,-22.3655]]]}},{"type":"Feature","properties":{"cod_tema":"ARL_PROPOSTA","cod_imovel":"RJ-3303401-D838869BB1FF40F9BEDFDFF9C57E3538","num_area":"3.3737000000000000000000000000000","ind_status":"AT"},"geometry":{"type":"Polygon","coordinates":[[[-42.395,-22.3699],[-42.3947,-22.3725],[-42.3963,-22.3709],[-42.395,-22.3699]]]}},{"type":"Feature","properties":{"cod_tema":"ARL_PROPOSTA","cod_imovel":"RJ-3303401-83C4A98F295A42D08E9686DCFE28F869","num_area":"10.181800000000000000000000000000","ind_status":"AT"},"geometry":{"type":"Polygon","coordinates":[[[-42.4304,-22.3527],[-42.4271,-22.3544],[-42.4319,-22.3533],[-42.4304,-22.3527]]]}},{"type":"Feature","properties":{"cod_tema":"ARL_PROPOSTA","cod_imovel":"RJ-3303401-1690BAAEDB3047558C9E559978C48618","num_area":"4.9177000000000000000000000000000","ind_status":"AT"},"geometry":{"type":"Polygon","coordinates":[[[-42.4409,-22.3547],[-42.4471,-22.3546],[-42.4441,-22.3546],[-42.4409,-22.3547]]]}},{"type":"Feature","properties":{"cod_tema":"ARL_PROPOSTA","cod_imovel":"RJ-3303401-41A5E79676B84887BA665241BA95EEE6","num_area":"4.9422000000000000000000000000000","ind_status":"AT"},"geometry":{"type":"Polygon","coordinates":[[[-42.3981,-22.3536],[-42.3999,-22.3548],[-42.4004,-22.3519],[-42.3982,-22.3534],[-42.3981,-22.3536]]]}},{"type":"Feature","properties":{"cod_tema":"ARL_PROPOSTA","cod_imovel":"RJ-3303401-EE0CADDEFE2C430AA054213123FBD43C","num_area":"6.2648000000000000000000000000000","ind_status":"AT"},"geometry":{"type":"Polygon","coordinates":[[[-42.3951,-22.4067],[-42.3984,-22.4072],[-42.3952,-22.4067],[-42.3951,-22.4067]]]}},{"type":"Feature","properties":{"cod_tema":"ARL_PROPOSTA","cod_imovel":"RJ-3303401-2EBF7AF0BED741BB968A1285E197FDBB","num_area":"2.9291000000000000000000000000000","ind_status":"AT"},"geometry":{"type":"Polygon","coordinates":[[[-42.3735,-22.4006],[-42.3731,-22.4028],[-42.3738,-22.4008],[-42.3735,-22.4006]]]}},{"type":"Feature","properties":{"cod_tema":"ARL_PROPOSTA","cod_imovel":"RJ-3303401-1F8EFEE01ADA4E2F9BC16800883BFA0D","num_area":"2.4414000000000000000000000000000","ind_status":"AT"},"geometry":{"type":"Polygon","coordinates":[[[-42.4072,-22.4176],[-42.4063,-22.4155],[-42.4071,-22.4176],[-42.4072,-22.4176]]]}},{"type":"Feature","properties":{"cod_tema":"ARL_PROPOSTA","cod_imovel":"RJ-3303401-8984A6E8947448AD9BF29ED55E30103E","num_area":"2.6046000000000000000000000000000","ind_status":"AT"},"geometry":{"type":"Polygon","coordinates":[[[-42.6501,-22.3226],[-42.6497,-22.3254],[-42.6524,-22.3218],[-42.6504,-22.3227],[-42.6501,-22.3226]],[[-42.6498,-22.3254],[-42.6524,-22.3219],[-42.6499,-22.3252],[-42.6498,-22.3254]]]}},{"type":"Feature","properties":{"cod_tema":"ARL_PROPOSTA","cod_imovel":"RJ-3303401-88B0AA98202E4EC1AC801801A9632D04","num_area":"1.2777000000000000000000000000000","ind_status":"AT"},"geometry":{"type":"Polygon","coordinates":[[[-42.6318,-22.3456],[-42.6311,-22.3476],[-42.6324,-22.3457],[-42.6318,-22.3456]]]}},{"type":"Feature","properties":{"cod_tema":"ARL_PROPOSTA","cod_imovel":"RJ-3303401-4A45C2A239974A30B6DF4FB0579E896B","num_area":"2.6452000000000000000000000000000","ind_status":"AT"},"geometry":{"type":"Polygon","coordinates":[[[-42.6718,-22.3356],[-42.674,-22.3353],[-42.6717,-22.3355],[-42.6718,-22.3356]]]}},{"type":"Feature","properties":{"cod_tema":"ARL_PROPOSTA","cod_imovel":"RJ-3303401-21AD9C9DCBCA4C479B888AE5330EC9F0","num_area":"9.3828000000000000000000000000000","ind_status":"AT"},"geometry":{"type":"Polygon","coordinates":[[[-42.422,-22.4274],[-42.4232,-22.4253],[-42.4182,-22.4267],[-42.422,-22.4274]]]}},{"type":"Feature","properties":{"cod_tema":"ARL_PROPOSTA","cod_imovel":"RJ-3303401-78ECFD52FD4B4BB1B4362E2659AE44D5","num_area":"9.2567000000000000000000000000000","ind_status":"AT"},"geometry":{"type":"Polygon","coordinates":[[[-42.52,-22.4077],[-42.5233,-22.4072],[-42.52,-22.4076],[-42.52,-22.4077]],[[-42.5209,-22.4094],[-42.5248,-22.4078],[-42.521,-22.4095],[-42.5209,-22.4094]]]}},{"type":"Feature","properties":{"cod_tema":"ARL_PROPOSTA","cod_imovel":"RJ-3303401-5D757EEE2FB844A2A9945BE511947AD0","num_area":"12.442500000000000000000000000000","ind_status":"AT"},"geometry":{"type":"Polygon","coordinates":[[[-42.3995,-22.3752],[-42.3952,-22.3746],[-42.3981,-22.3748],[-42.3995,-22.3752]],[[-42.3965,-22.3703],[-42.393,-22.3701],[-42.3954,-22.3714],[-42.3965,-22.3703]]]}},{"type":"Feature","properties":{"cod_tema":"ARL_PROPOSTA","cod_imovel":"RJ-3303401-AE336153C06A4544993DCDCFDEEE71E8","num_area":"1.9306000000000000000000000000000","ind_status":"AT"},"geometry":{"type":"Polygon","coordinates":[[[-42.6613,-22.3259],[-42.6595,-22.328],[-42.6618,-22.3264],[-42.6613,-22.3259]]]}},{"type":"Feature","properties":{"cod_tema":"ARL_PROPOSTA","cod_imovel":"RJ-3303401-AFAC83E5977643F084D87A27D57C2A27","num_area":"8.4572000000000000000000000000000","ind_status":"AT"},"geometry":{"type":"Polygon","coordinates":[[[-42.6706,-22.2881],[-42.6681,-22.2869],[-42.6688,-22.2926],[-42.6705,-22.2881],[-42.6706,-22.2881]]]}},{"type":"Feature","properties":{"cod_tema":"ARL_PROPOSTA","cod_imovel":"RJ-3303401-054D414AC7B54950A3EFB290B66B1048","num_area":"6.8688000000000000000000000000000","ind_status":"AT"},"geometry":{"type":"Polygon","coordinates":[[[-42.6812,-22.3383],[-42.6858,-22.3389],[-42.6812,-22.3383],[-42.6812,-22.3383]]]}},{"type":"Feature","properties":{"cod_tema":"ARL_PROPOSTA","cod_imovel":"RJ-3303401-6B4095D42ED547B5B44D9D352BE5CB9F","num_area":"5.5503000000000000000000000000000","ind_status":"AT"},"geometry":{"type":"Polygon","coordinates":[[[-42.5042,-22.3987],[-42.505,-22.4012],[-42.5046,-22.3983],[-42.5042,-22.3987]]]}},{"type":"Feature","properties":{"cod_tema":"ARL_PROPOSTA","cod_imovel":"RJ-3303401-5F9B027D8D28474BB83E7A32FEA8B6C9","num_area":"4.8345000000000000000000000000000","ind_status":"AT"},"geometry":{"type":"Polygon","coordinates":[[[-42.6483,-22.3225],[-42.647,-22.3248],[-42.6483,-22.3225],[-42.6483,-22.3225]]]}},{"type":"Feature","properties":{"cod_tema":"ARL_PROPOSTA","cod_imovel":"RJ-3303401-4153D4D8CFC04CFF9BBDE975898ECEB2","num_area":"13.014500000000000000000000000000","ind_status":"AT"},"geometry":{"type":"Polygon","coordinates":[[[-42.5038,-22.3594],[-42.4998,-22.3635],[-42.505,-22.3589],[-42.5038,-22.3594]]]}},{"type":"Feature","properties":{"cod_tema":"ARL_PROPOSTA","cod_imovel":"RJ-3303401-81ADF56E3DBF49B5B8B37EC42DE8DD97","num_area":"0.1802000000000000000000000000000","ind_status":"AT"},"geometry":{"type":"Polygon","coordinates":[[[-42.3991,-22.4151],[-42.4015,-22.4156],[-42.3985,-22.415],[-42.3991,-22.4151]]]}},{"type":"Feature","properties":{"cod_tema":"ARL_PROPOSTA","cod_imovel":"RJ-3303401-7A2FE6410B8B47FD9675D6ACDAD918DF","num_area":"2.2173000000000000000000000000000","ind_status":"AT"},"geometry":{"type":"Polygon","coordinates":[[[-42.6645,-22.3208],[-42.6629,-22.3189],[-42.6645,-22.3202],[-42.6645,-22.3208]]]}},{"type":"Feature","properties":{"cod_tema":"ARL_PROPOSTA","cod_imovel":"RJ-3303401-4040E7036A5F4283A16E2AA7DCE39D47","num_area":"4.3371000000000000000000000000000","ind_status":"AT"},"geometry":{"type":"Polygon","coordinates":[[[-42.6553,-22.3243],[-42.6525,-22.3255],[-42.6553,-22.3243],[-42.6553,-22.3243]]]}},{"type":"Feature","properties":{"cod_tema":"ARL_PROPOSTA","cod_imovel":"RJ-3303401-A0216D47597B4E1FAA17F79631843AD3","num_area":"4.7753000000000000000000000000000","ind_status":"AT"},"geometry":{"type":"Polygon","coordinates":[[[-42.6582,-22.3239],[-42.6611,-22.3257],[-42.6587,-22.3236],[-42.6582,-22.3239]]]}},{"type":"Feature","properties":{"cod_tema":"ARL_PROPOSTA","cod_imovel":"RJ-3303401-94387B996B224BAA9D2592B666FAD76D","num_area":"3.0554000000000000000000000000000","ind_status":"AT"},"geometry":{"type":"Polygon","coordinates":[[[-42.6221,-22.2966],[-42.6225,-22.2946],[-42.6206,-22.2964],[-42.6221,-22.2966]]]}},{"type":"Feature","properties":{"cod_tema":"ARL_PROPOSTA","cod_imovel":"RJ-3303401-995DF55E60764DE6AEB1EA31CC412C15","num_area":"9.3130000000000000000000000000000","ind_status":"AT"},"geometry":{"type":"Polygon","coordinates":[[[-42.628,-22.2961],[-42.6222,-22.2961],[-42.6258,-22.2958],[-42.628,-22.2961]]]}},{"type":"Feature","properties":{"cod_tema":"ARL_PROPOSTA","cod_imovel":"RJ-3303401-F0294888363E48B8AECCFE672FA54E2F","num_area":"1.3745000000000000000000000000000","ind_status":"AT"},"geometry":{"type":"Polygon","coordinates":[[[-42.4368,-22.3386],[-42.4352,-22.34],[-42.4368,-22.3386],[-42.4368,-22.3386]]]}},{"type":"Feature","properties":{"cod_tema":"ARL_PROPOSTA","cod_imovel":"RJ-3303401-8F11A07718274CC092511997B6810935","num_area":"43.425800000000000000000000000000","ind_status":"AT"},"geometry":{"type":"Polygon","coordinates":[[[-42.4303,-22.3965],[-42.4319,-22.4005],[-42.439,-22.3992],[-42.4368,-22.3938],[-42.4324,-22.3958],[-42.4303,-22.3965]]]}},{"type":"Feature","properties":{"cod_tema":"ARL_PROPOSTA","cod_imovel":"RJ-3303401-6CFA471F1E694F55B205E53CB6136B9B","num_area":"31.957800000000000000000000000000","ind_status":"AT"},"geometry":{"type":"Polygon","coordinates":[[[-42.4632,-22.422],[-42.4652,-22.4205],[-42.4547,-22.4201],[-42.4539,-22.423],[-42.4623,-22.4227],[-42.4632,-22.422]]]}},{"type":"Feature","properties":{"cod_tema":"ARL_PROPOSTA","cod_imovel":"RJ-3303401-8B747652E8F3451F8D1BE31281D11623","num_area":"16.963900000000000000000000000000","ind_status":"AT"},"geometry":{"type":"Polygon","coordinates":[[[-42.6583,-22.3669],[-42.6593,-22.3628],[-42.656,-22.3617],[-42.658,-22.3669],[-42.6583,-22.3669]]]}},{"type":"Feature","properties":{"cod_tema":"ARL_PROPOSTA","cod_imovel":"RJ-3303401-9ABD21830FB045FEA76E4EB2701BE933","num_area":"0.3888000000000000000000000000000","ind_status":"AT"},"geometry":{"type":"Polygon","coordinates":[[[-42.6653,-22.3061],[-42.6658,-22.3085],[-42.6653,-22.306],[-42.6653,-22.3061]]]}},{"type":"Feature","properties":{"cod_tema":"ARL_PROPOSTA","cod_imovel":"RJ-3303401-602E1FFBC0DD4E36B4C801AE0C6304C9","num_area":"11.200800000000000000000000000000","ind_status":"AT"},"geometry":{"type":"Polygon","coordinates":[[[-42.4536,-22.3827],[-42.4544,-22.3783],[-42.4518,-22.3792],[-42.4536,-22.3827],[-42.4536,-22.3827]],[[-42.4538,-22.3825],[-42.4549,-22.3781],[-42.4538,-22.3825],[-42.4538,-22.3825]]]}},{"type":"Feature","properties":{"cod_tema":"ARL_PROPOSTA","cod_imovel":"RJ-3303401-8DF8E225A31C470E9928390EE608D5ED","num_area":"24.173800000000000000000000000000","ind_status":"AT"},"geometry":{"type":"Polygon","coordinates":[[[-42.38,-22.3943],[-42.385,-22.3981],[-42.3874,-22.3961],[-42.3807,-22.392],[-42.38,-22.3943]]]}},{"type":"Feature","properties":{"cod_tema":"ARL_PROPOSTA","cod_imovel":"RJ-3303401-28732333B3E649C19F830721092BECCB","num_area":"7.8845000000000000000000000000000","ind_status":"AT"},"geometry":{"type":"Polygon","coordinates":[[[-42.6454,-22.3261],[-42.6406,-22.3277],[-42.6454,-22.3263],[-42.6454,-22.3261]],[[-42.6414,-22.329],[-42.644,-22.328],[-42.6414,-22.329],[-42.6414,-22.329]]]}},{"type":"Feature","properties":{"cod_tema":"ARL_PROPOSTA","cod_imovel":"RJ-3303401-1A8D4A156C064363ADF4D4269BB24FE8","num_area":"1.9429000000000000000000000000000","ind_status":"AT"},"geometry":{"type":"Polygon","coordinates":[[[-42.6487,-22.3384],[-42.6497,-22.335],[-42.6484,-22.3383],[-42.6487,-22.3384]]]}},{"type":"Feature","properties":{"cod_tema":"ARL_PROPOSTA","cod_imovel":"RJ-3303401-CB4BC04727F14636BE7A30FB54C7EC51","num_area":"2.8598000000000000000000000000000","ind_status":"AT"},"geometry":{"type":"Polygon","coordinates":[[[-42.6717,-22.3241],[-42.6698,-22.3252],[-42.6717,-22.3242],[-42.6717,-22.3241]]]}},{"type":"Feature","properties":{"cod_tema":"ARL_PROPOSTA","cod_imovel":"RJ-3303401-81E48D3921DA474186BBCB5248BA8FBF","num_area":"2.5550000000000000000000000000000","ind_status":"AT"},"geometry":{"type":"Polygon","coordinates":[[[-42.6273,-22.3102],[-42.6297,-22.31],[-42.6273,-22.3102],[-42.6273,-22.3102]]]}},{"type":"Feature","properties":{"cod_tema":"ARL_PROPOSTA","cod_imovel":"RJ-3303401-A8D294031094497FB883A7246236A7F0","num_area":"3.7060000000000000000000000000000","ind_status":"AT"},"geometry":{"type":"Polygon","coordinates":[[[-42.4677,-22.383],[-42.4653,-22.3825],[-42.4676,-22.3831],[-42.4677,-22.383]]]}},{"type":"Feature","properties":{"cod_tema":"ARL_PROPOSTA","cod_imovel":"RJ-3303401-F6A71A52378C4083B954A642423ABDEC","num_area":"2.9405000000000000000000000000000","ind_status":"AT"},"geometry":{"type":"Polygon","coordinates":[[[-42.4064,-22.3727],[-42.4085,-22.3758],[-42.4068,-22.3727],[-42.4064,-22.3727]]]}},{"type":"Feature","properties":{"cod_tema":"ARL_PROPOSTA","cod_imovel":"RJ-3303401-C4BB95A76CAD412DB6DE454EE4A4D125","num_area":"11.167400000000000000000000000000","ind_status":"AT"},"geometry":{"type":"Polygon","coordinates":[[[-42.6576,-22.3727],[-42.6556,-22.3669],[-42.6576,-22.3727],[-42.6576,-22.3727]]]}},{"type":"Feature","properties":{"cod_tema":"ARL_PROPOSTA","cod_imovel":"RJ-3303401-57A6AD77103D44C1BA6B095045825A06","num_area":"26.545100000000000000000000000000","ind_status":"AT"},"geometry":{"type":"Polygon","coordinates":[[[-42.6162,-22.295],[-42.6126,-22.2885],[-42.6062,-22.286],[-42.6159,-22.2951],[-42.6162,-22.295]]]}},{"type":"Feature","properties":{"cod_tema":"ARL_PROPOSTA","cod_imovel":"RJ-3303401-E3BC2819883C4AC184654A63C9D92181","num_area":"6.1982000000000000000000000000000","ind_status":"AT"},"geometry":{"type":"Polygon","coordinates":[[[-42.4898,-22.4038],[-42.4905,-22.4012],[-42.4872,-22.4009],[-42.4898,-22.4038],[-42.4898,-22.4038]]]}},{"type":"Feature","properties":{"cod_tema":"ARL_PROPOSTA","cod_imovel":"RJ-3303401-B3AB40052E424543A7959EE77001207D","num_area":"3.1618000000000000000000000000000","ind_status":"AT"},"geometry":{"type":"Polygon","coordinates":[[[-42.4851,-22.3702],[-42.4862,-22.3722],[-42.4851,-22.3699],[-42.4851,-22.3702]]]}},{"type":"Feature","properties":{"cod_tema":"ARL_PROPOSTA","cod_imovel":"RJ-3303401-3DB9B3BBBCDF4093ACEC83150BBC7D7F","num_area":"19.662400000000000000000000000000","ind_status":"AT"},"geometry":{"type":"Polygon","coordinates":[[[-42.3982,-22.3844],[-42.3845,-22.384],[-42.3953,-22.3847],[-42.3982,-22.3844]]]}},{"type":"Feature","properties":{"cod_tema":"ARL_PROPOSTA","cod_imovel":"RJ-3303401-B9A2984B935743688EE3A00E838FC42B","num_area":"18.580000000000000000000000000000","ind_status":"AT"},"geometry":{"type":"Polygon","coordinates":[[[-42.3886,-22.3996],[-42.3875,-22.3961],[-42.3851,-22.3993],[-42.388,-22.3996],[-42.3886,-22.3996]],[[-42.3798,-22.4081],[-42.3836,-22.4061],[-42.3798,-22.4081],[-42.3798,-22.4081]]]}},{"type":"Feature","properties":{"cod_tema":"ARL_PROPOSTA","cod_imovel":"RJ-3303401-7D8552309B07473EAF42581B28B72D45","num_area":"4.0924000000000000000000000000000","ind_status":"AT"},"geometry":{"type":"Polygon","coordinates":[[[-42.3892,-22.3671],[-42.3868,-22.3685],[-42.3888,-22.3676],[-42.3892,-22.3671]]]}},{"type":"Feature","properties":{"cod_tema":"ARL_PROPOSTA","cod_imovel":"RJ-3303401-34C5273CE3434AAEB5DC9434FB183E7B","num_area":"5.3364000000000000000000000000000","ind_status":"AT"},"geometry":{"type":"Polygon","coordinates":[[[-42.435,-22.3703],[-42.4329,-22.3672],[-42.4344,-22.3704],[-42.435,-22.3703]]]}},{"type":"Feature","properties":{"cod_tema":"ARL_PROPOSTA","cod_imovel":"RJ-3303401-D55726E58D3847E0B9BC2B1257FABC1E","num_area":"6.6542000000000000000000000000000","ind_status":"AT"},"geometry":{"type":"Polygon","coordinates":[[[-42.5072,-22.4199],[-42.5034,-22.4212],[-42.5069,-22.4211],[-42.5072,-22.4199]]]}},{"type":"Feature","properties":{"cod_tema":"ARL_PROPOSTA","cod_imovel":"RJ-3303401-E5127D68577C49B0BB4DC193AB5627DC","num_area":"6.2735000000000000000000000000000","ind_status":"AT"},"geometry":{"type":"Polygon","coordinates":[[[-42.416,-22.3559],[-42.4131,-22.3563],[-42.4165,-22.358],[-42.4168,-22.3555],[-42.416,-22.3559]]]}},{"type":"Feature","properties":{"cod_tema":"ARL_PROPOSTA","cod_imovel":"RJ-3303401-3D7892C38F7146DDB312AD1448C7A157","num_area":"2.6905000000000000000000000000000","ind_status":"AT"},"geometry":{"type":"Polygon","coordinates":[[[-42.632,-22.3223],[-42.6365,-22.3229],[-42.6331,-22.3227],[-42.632,-22.3223]]]}},{"type":"Feature","properties":{"cod_tema":"ARL_PROPOSTA","cod_imovel":"RJ-3303401-D7CA1C3756E141C6A6480A74DA0BC159","num_area":"24.288700000000000000000000000000","ind_status":"AT"},"geometry":{"type":"Polygon","coordinates":[[[-42.4468,-22.3582],[-42.4469,-22.3548],[-42.4393,-22.3559],[-42.4391,-22.3582],[-42.4439,-22.3584],[-42.4468,-22.3582]]]}},{"type":"Feature","properties":{"cod_tema":"ARL_PROPOSTA","cod_imovel":"RJ-3303401-70328CB3080744AB9887BD66CBDFBD67","num_area":"14.948100000000000000000000000000","ind_status":"AT"},"geometry":{"type":"Polygon","coordinates":[[[-42.4374,-22.346],[-42.4383,-22.3432],[-42.4347,-22.3426],[-42.4334,-22.3455],[-42.4378,-22.3439],[-42.4373,-22.3464],[-42.4374,-22.346]]]}},{"type":"Feature","properties":{"cod_tema":"ARL_PROPOSTA","cod_imovel":"RJ-3303401-DDBB39ED925F4D25AEA028811750C96B","num_area":"7.9591000000000000000000000000000","ind_status":"AT"},"geometry":{"type":"Polygon","coordinates":[[[-42.4094,-22.3673],[-42.4104,-22.3691],[-42.4094,-22.3671],[-42.4094,-22.3673]],[[-42.4105,-22.3691],[-42.4131,-22.3689],[-42.4098,-22.3671],[-42.4105,-22.369],[-42.4105,-22.3691]]]}},{"type":"Feature","properties":{"cod_tema":"ARL_PROPOSTA","cod_imovel":"RJ-3303401-D5A703116EAD4BE6A7EDD1AF52B38F00","num_area":"9.5557000000000000000000000000000","ind_status":"AT"},"geometry":{"type":"Polygon","coordinates":[[[-42.5988,-22.3182],[-42.596,-22.3132],[-42.5972,-22.3164],[-42.5988,-22.3182]]]}},{"type":"Feature","properties":{"cod_tema":"ARL_PROPOSTA","cod_imovel":"RJ-3303401-ADDD1F2F4A7A4D568849EEB545DF05B3","num_area":"2.3101000000000000000000000000000","ind_status":"AT"},"geometry":{"type":"Polygon","coordinates":[[[-42.6738,-22.3577],[-42.6773,-22.3565],[-42.6731,-22.357],[-42.6738,-22.3577]]]}},{"type":"Feature","properties":{"cod_tema":"ARL_PROPOSTA","cod_imovel":"RJ-3303401-927430EA15484A8F9FCE31041A842A2A","num_area":"8.6945000000000000000000000000000","ind_status":"AT"},"geometry":{"type":"Polygon","coordinates":[[[-42.6853,-22.3112],[-42.684,-22.3086],[-42.6847,-22.3118],[-42.6853,-22.3112]],[[-42.684,-22.3086],[-42.6762,-22.304],[-42.6836,-22.309],[-42.684,-22.3086]]]}},{"type":"Feature","properties":{"cod_tema":"ARL_PROPOSTA","cod_imovel":"RJ-3303401-08A20468A0354DF7B8142EED5246414C","num_area":"5.4245000000000000000000000000000","ind_status":"AT"},"geometry":{"type":"Polygon","coordinates":[[[-42.6897,-22.3416],[-42.6915,-22.3443],[-42.6899,-22.3416],[-42.6897,-22.3416]]]}},{"type":"Feature","properties":{"cod_tema":"ARL_PROPOSTA","cod_imovel":"RJ-3303401-5AFE4C56501345D18C7A9378B266DDAB","num_area":"9.2684000000000000000000000000000","ind_status":"AT"},"geometry":{"type":"Polygon","coordinates":[[[-42.5627,-22.2344],[-42.5653,-22.2342],[-42.5627,-22.2344],[-42.5627,-22.2344]],[[-42.5705,-22.2237],[-42.5688,-22.2259],[-42.5706,-22.2237],[-42.5705,-22.2237]],[[-42.5658,-22.2281],[-42.5659,-22.2307],[-42.5658,-22.228],[-42.5658,-22.2281]]]}},{"type":"Feature","properties":{"cod_tema":"ARL_PROPOSTA","cod_imovel":"RJ-3303401-375814B312EA423FA78BAC930B71631C","num_area":"0.5544000000000000000000000000000","ind_status":"AT"},"geometry":{"type":"Polygon","coordinates":[[[-42.7062,-22.3342],[-42.7078,-22.337],[-42.7062,-22.3342],[-42.7062,-22.3342]]]}},{"type":"Feature","properties":{"cod_tema":"ARL_PROPOSTA","cod_imovel":"RJ-3303401-074F090563104B789BE89EDEAAF5B0CF","num_area":"5.8230000000000000000000000000000","ind_status":"AT"},"geometry":{"type":"Polygon","coordinates":[[[-42.6323,-22.3678],[-42.6356,-22.3642],[-42.6322,-22.3678],[-42.6323,-22.3678]]]}},{"type":"Feature","properties":{"cod_tema":"ARL_PROPOSTA","cod_imovel":"RJ-3303401-BB62BABEDB74438880277BC9C2936B45","num_area":"7.6949000000000000000000000000000","ind_status":"AT"},"geometry":{"type":"Polygon","coordinates":[[[-42.6301,-22.3656],[-42.6259,-22.3649],[-42.629,-22.3652],[-42.6301,-22.3656]],[[-42.6279,-22.3687],[-42.6302,-22.3674],[-42.6278,-22.3686],[-42.6279,-22.3687]]]}},{"type":"Feature","properties":{"cod_tema":"ARL_PROPOSTA","cod_imovel":"RJ-3303401-5260CF62FFCB4D8989F5B66A52D9A0B0","num_area":"1.7641000000000000000000000000000","ind_status":"AT"},"geometry":{"type":"Polygon","coordinates":[[[-42.4112,-22.4051],[-42.4111,-22.4027],[-42.4104,-22.4047],[-42.4112,-22.4051]]]}},{"type":"Feature","properties":{"cod_tema":"ARL_PROPOSTA","cod_imovel":"RJ-3303401-46E373F37028412ABB2CFFC91DE93118","num_area":"2.4205000000000000000000000000000","ind_status":"AT"},"geometry":{"type":"Polygon","coordinates":[[[-42.6856,-22.3249],[-42.6877,-22.3244],[-42.6857,-22.3248],[-42.6856,-22.3249]]]}},{"type":"Feature","properties":{"cod_tema":"ARL_PROPOSTA","cod_imovel":"RJ-3303401-63F9981591C4456EB2DE1BFBA1021D5C","num_area":"5.3059000000000000000000000000000","ind_status":"AT"},"geometry":{"type":"Polygon","coordinates":[[[-42.391,-22.3645],[-42.3875,-22.3653],[-42.3897,-22.366],[-42.391,-22.3645]]]}},{"type":"Feature","properties":{"cod_tema":"ARL_PROPOSTA","cod_imovel":"RJ-3303401-0BB69243CFB145908F5711DEE462068B","num_area":"10.019500000000000000000000000000","ind_status":"AT"},"geometry":{"type":"Polygon","coordinates":[[[-42.5014,-22.4234],[-42.5042,-22.4198],[-42.502,-22.4188],[-42.5007,-22.423],[-42.5014,-22.4234]]]}},{"type":"Feature","properties":{"cod_tema":"ARL_PROPOSTA","cod_imovel":"RJ-3303401-563E23BF43B943EBA4E4E4A323C7CE1F","num_area":"6.5753000000000000000000000000000","ind_status":"AT"},"geometry":{"type":"Polygon","coordinates":[[[-42.6699,-22.2981],[-42.6663,-22.3026],[-42.6699,-22.2981],[-42.6699,-22.2981]],[[-42.6659,-22.3013],[-42.6656,-22.306],[-42.6669,-22.2995],[-42.6659,-22.3013],[-42.6659,-22.3013]]]}},{"type":"Feature","properties":{"cod_tema":"ARL_PROPOSTA","cod_imovel":"RJ-3303401-F3074505FEDA4EF6930B210F4AFC536C","num_area":"10.343900000000000000000000000000","ind_status":"AT"},"geometry":{"type":"Polygon","coordinates":[[[-42.423,-22.4015],[-42.4196,-22.4006],[-42.4207,-22.4034],[-42.4231,-22.4018],[-42.423,-22.4015]]]}},{"type":"Feature","properties":{"cod_tema":"ARL_PROPOSTA","cod_imovel":"RJ-3303401-A9A51CE407644BECAFC7A73648262548","num_area":"9.9889000000000000000000000000000","ind_status":"AT"},"geometry":{"type":"Polygon","coordinates":[[[-42.4149,-22.3406],[-42.4125,-22.3393],[-42.4143,-22.3407],[-42.4149,-22.3406]],[[-42.411,-22.3393],[-42.4086,-22.341],[-42.4125,-22.3408],[-42.411,-22.3394],[-42.411,-22.3393]]]}},{"type":"Feature","properties":{"cod_tema":"ARL_PROPOSTA","cod_imovel":"RJ-3303401-9473426A9C644546B34E79DFA7BD5816","num_area":"4.2332000000000000000000000000000","ind_status":"AT"},"geometry":{"type":"Polygon","coordinates":[[[-42.6027,-22.3203],[-42.6007,-22.3206],[-42.6037,-22.3214],[-42.6027,-22.3203]]]}},{"type":"Feature","properties":{"cod_tema":"ARL_PROPOSTA","cod_imovel":"RJ-3303401-4FB9FCB30A7B40228B23253A372F148F","num_area":"2.9655000000000000000000000000000","ind_status":"AT"},"geometry":{"type":"Polygon","coordinates":[[[-42.4325,-22.4306],[-42.4349,-22.432],[-42.433,-22.4298],[-42.4325,-22.4306]]]}},{"type":"Feature","properties":{"cod_tema":"ARL_PROPOSTA","cod_imovel":"RJ-3303401-1FE8EC13596740FDB6993F8536F6F65C","num_area":"16.583900000000000000000000000000","ind_status":"AT"},"geometry":{"type":"Polygon","coordinates":[[[-42.508,-22.4167],[-42.5055,-22.4172],[-42.505,-22.4253],[-42.5075,-22.4187],[-42.508,-22.4167]]]}},{"type":"Feature","properties":{"cod_tema":"ARL_PROPOSTA","cod_imovel":"RJ-3303401-D79940444EAD47608DE0843EE515A8E1","num_area":"63.498500000000000000000000000000","ind_status":"AT"},"geometry":{"type":"Polygon","coordinates":[[[-42.4219,-22.3823],[-42.4245,-22.3929],[-42.4322,-22.384],[-42.4265,-22.3828],[-42.4253,-22.3873],[-42.4228,-22.3835],[-42.4219,-22.3823]],[[-42.4262,-22.3818],[-42.4277,-22.3764],[-42.4209,-22.3808],[-42.4257,-22.3818],[-42.4262,-22.3818]]]}},{"type":"Feature","properties":{"cod_tema":"ARL_PROPOSTA","cod_imovel":"RJ-3303401-98ECF575E3C746099858008A79F7925C","num_area":"69.566800000000000000000000000000","ind_status":"AT"},"geometry":{"type":"Polygon","coordinates":[[[-42.4315,-22.3897],[-42.4312,-22.3927],[-42.4358,-22.3923],[-42.437,-22.3846],[-42.4323,-22.3841],[-42.4247,-22.3929],[-42.4311,-22.3928],[-42.4288,-22.3915],[-42.4309,-22.3889],[-42.4315,-22.3897]]]}},{"type":"Feature","properties":{"cod_tema":"ARL_PROPOSTA","cod_imovel":"RJ-3303401-317D511CF0E44DA0B2B7C95F39727AB1","num_area":"17.586000000000000000000000000000","ind_status":"AT"},"geometry":{"type":"Polygon","coordinates":[[[-42.4463,-22.3526],[-42.4444,-22.3536],[-42.4539,-22.356],[-42.4537,-22.3536],[-42.4463,-22.3528],[-42.4463,-22.3526]]]}},{"type":"Feature","properties":{"cod_tema":"ARL_PROPOSTA","cod_imovel":"RJ-3303401-47F0F31FB4194853BE05B1FBB8AE2752","num_area":"22.545100000000000000000000000000","ind_status":"AT"},"geometry":{"type":"Polygon","coordinates":[[[-42.3742,-22.3803],[-42.3706,-22.3821],[-42.3729,-22.3848],[-42.3781,-22.3816],[-42.3757,-22.38],[-42.3742,-22.3803]]]}},{"type":"Feature","properties":{"cod_tema":"ARL_PROPOSTA","cod_imovel":"RJ-3303401-AD19B553C58C4C92B89965075D9B512A","num_area":"18.584300000000000000000000000000","ind_status":"AT"},"geometry":{"type":"Polygon","coordinates":[[[-42.6441,-22.3192],[-42.6405,-22.3184],[-42.6421,-22.3203],[-42.6441,-22.3192]]]}},{"type":"Feature","properties":{"cod_tema":"ARL_PROPOSTA","cod_imovel":"RJ-3303401-7ED83562FF034FBA8FC43FE060E70E7B","num_area":"1.2412000000000000000000000000000","ind_status":"AT"},"geometry":{"type":"Polygon","coordinates":[[[-42.4798,-22.3881],[-42.4774,-22.3869],[-42.4794,-22.3883],[-42.4798,-22.3881]]]}},{"type":"Feature","properties":{"cod_tema":"ARL_PROPOSTA","cod_imovel":"RJ-3303401-F60D89CECF3C4D4FA998DE33AEEAF8A2","num_area":"17.653800000000000000000000000000","ind_status":"AT"},"geometry":{"type":"Polygon","coordinates":[[[-42.6412,-22.3484],[-42.6442,-22.3459],[-42.6382,-22.3442],[-42.6412,-22.3484],[-42.6412,-22.3484]],[[-42.6405,-22.3462],[-42.6439,-22.3458],[-42.6407,-22.3463],[-42.6405,-22.3462]]]}},{"type":"Feature","properties":{"cod_tema":"ARL_PROPOSTA","cod_imovel":"RJ-3303401-D965797F0E1E4C95BF531AE88624E475","num_area":"37.734100000000000000000000000000","ind_status":"AT"},"geometry":{"type":"Polygon","coordinates":[[[-42.6474,-22.3385],[-42.6454,-22.3462],[-42.6484,-22.347],[-42.6526,-22.3398],[-42.6494,-22.339],[-42.6474,-22.3385]],[[-42.6474,-22.3427],[-42.6461,-22.3463],[-42.6474,-22.3427],[-42.6474,-22.3427]]]}},{"type":"Feature","properties":{"cod_tema":"ARL_PROPOSTA","cod_imovel":"RJ-3303401-8B0CE5BF938740ABABCCF9A8240C3EF4","num_area":"22.763100000000000000000000000000","ind_status":"AT"},"geometry":{"type":"Polygon","coordinates":[[[-42.6442,-22.35],[-42.6501,-22.3517],[-42.6484,-22.347],[-42.6455,-22.3462],[-42.644,-22.3498],[-42.6442,-22.35]]]}},{"type":"Feature","properties":{"cod_tema":"ARL_PROPOSTA","cod_imovel":"RJ-3303401-CD7AB286A0CC411D978E269885E7314D","num_area":"8.2105000000000000000000000000000","ind_status":"AT"},"geometry":{"type":"Polygon","coordinates":[[[-42.6959,-22.2781],[-42.6959,-22.2706],[-42.6956,-22.278],[-42.6959,-22.2781]]]}},{"type":"Feature","properties":{"cod_tema":"ARL_PROPOSTA","cod_imovel":"RJ-3303401-0533FF6440494A759BC6B74DACBE48B0","num_area":"14.622100000000000000000000000000","ind_status":"AT"},"geometry":{"type":"Polygon","coordinates":[[[-42.4525,-22.3608],[-42.4545,-22.3589],[-42.4491,-22.3607],[-42.4525,-22.3608]],[[-42.4495,-22.3588],[-42.4468,-22.3607],[-42.4496,-22.3588],[-42.4495,-22.3588]]]}},{"type":"Feature","properties":{"cod_tema":"ARL_PROPOSTA","cod_imovel":"RJ-3303401-8247324BBA9945CDA0FCEB3814B7238E","num_area":"4.9353000000000000000000000000000","ind_status":"AT"},"geometry":{"type":"Polygon","coordinates":[[[-42.6332,-22.363],[-42.6317,-22.365],[-42.6332,-22.363],[-42.6332,-22.363]]]}},{"type":"Feature","properties":{"cod_tema":"ARL_PROPOSTA","cod_imovel":"RJ-3303401-70D86D7023584515970EF9496201DFFF","num_area":"1.0286000000000000000000000000000","ind_status":"AT"},"geometry":{"type":"Polygon","coordinates":[[[-42.6442,-22.3514],[-42.6425,-22.3493],[-42.644,-22.3515],[-42.6442,-22.3514]]]}},{"type":"Feature","properties":{"cod_tema":"ARL_PROPOSTA","cod_imovel":"RJ-3303401-E05553E93256418CB2417A65559DA63A","num_area":"11.226000000000000000000000000000","ind_status":"AT"},"geometry":{"type":"Polygon","coordinates":[[[-42.4597,-22.3579],[-42.4629,-22.3544],[-42.4583,-22.3555],[-42.4593,-22.3577],[-42.4616,-22.3548],[-42.4593,-22.3577],[-42.4597,-22.3579]],[[-42.4583,-22.3556],[-42.4559,-22.3566],[-42.4584,-22.3574],[-42.4583,-22.3556]]]}},{"type":"Feature","properties":{"cod_tema":"ARL_PROPOSTA","cod_imovel":"RJ-3303401-16EBE3884B604D95B3464420FAA3E980","num_area":"6.6299000000000000000000000000000","ind_status":"AT"},"geometry":{"type":"Polygon","coordinates":[[[-42.4752,-22.4011],[-42.476,-22.4047],[-42.4763,-22.4024],[-42.4752,-22.4011]]]}},{"type":"Feature","properties":{"cod_tema":"ARL_PROPOSTA","cod_imovel":"RJ-3303401-A2A6E608547D4253A475180B32AEBB45","num_area":"11.204900000000000000000000000000","ind_status":"AT"},"geometry":{"type":"Polygon","coordinates":[[[-42.6848,-22.3463],[-42.6909,-22.3451],[-42.6853,-22.3459],[-42.6848,-22.3463]]]}},{"type":"Feature","properties":{"cod_tema":"ARL_PROPOSTA","cod_imovel":"RJ-3303401-5144BC05AEEB4463BFCD8A72811C4BE9","num_area":"3.4620000000000000000000000000000","ind_status":"AT"},"geometry":{"type":"Polygon","coordinates":[[[-42.2449,-22.3404],[-42.243,-22.3416],[-42.2455,-22.343],[-42.245,-22.3409],[-42.2449,-22.3404]]]}},{"type":"Feature","properties":{"cod_tema":"ARL_PROPOSTA","cod_imovel":"RJ-3303401-96EE852789A34AC5A1D70717000AD1A7","num_area":"11.834400000000000000000000000000","ind_status":"AT"},"geometry":{"type":"Polygon","coordinates":[[[-42.6543,-22.3822],[-42.6506,-22.3778],[-42.6527,-22.3833],[-42.6543,-22.3822]]]}},{"type":"Feature","properties":{"cod_tema":"ARL_PROPOSTA","cod_imovel":"RJ-3303401-0417470D421A4C83BD6F1018CD34BF51","num_area":"2.2946000000000000000000000000000","ind_status":"AT"},"geometry":{"type":"Polygon","coordinates":[[[-42.3259,-22.3451],[-42.3226,-22.3452],[-42.326,-22.3456],[-42.3259,-22.3451]]]}},{"type":"Feature","properties":{"cod_tema":"ARL_PROPOSTA","cod_imovel":"RJ-3303401-B2680271A54442D8BDB4387687C2816B","num_area":"1.9884000000000000000000000000000","ind_status":"AT"},"geometry":{"type":"Polygon","coordinates":[[[-42.4799,-22.2208],[-42.4764,-22.2209],[-42.4799,-22.2208],[-42.4799,-22.2208]]]}},{"type":"Feature","properties":{"cod_tema":"ARL_PROPOSTA","cod_imovel":"RJ-3303401-E3EA6215B9AF48FA9EAE9EDBFB224C6B","num_area":"3.3913000000000000000000000000000","ind_status":"AT"},"geometry":{"type":"Polygon","coordinates":[[[-42.2747,-22.3031],[-42.273,-22.3015],[-42.275,-22.3036],[-42.2747,-22.3031]]]}},{"type":"Feature","properties":{"cod_tema":"ARL_PROPOSTA","cod_imovel":"RJ-3303401-76E4F93DE51242DC95E3C91C12EA6C1A","num_area":"4.9723000000000000000000000000000","ind_status":"AT"},"geometry":{"type":"Polygon","coordinates":[[[-42.2972,-22.3335],[-42.2977,-22.331],[-42.2967,-22.3333],[-42.2972,-22.3335]]]}},{"type":"Feature","properties":{"cod_tema":"ARL_PROPOSTA","cod_imovel":"RJ-3303401-9103518B2E924FBBB29AB92990FE0515","num_area":"1.8811000000000000000000000000000","ind_status":"AT"},"geometry":{"type":"Polygon","coordinates":[[[-42.6747,-22.3044],[-42.6756,-22.3023],[-42.6743,-22.3043],[-42.6747,-22.3044]]]}},{"type":"Feature","properties":{"cod_tema":"ARL_PROPOSTA","cod_imovel":"RJ-3303401-44EE96D9C80C4600BA52AB1789917B45","num_area":"16.134600000000000000000000000000","ind_status":"CA"},"geometry":{"type":"Polygon","coordinates":[[[-42.6479,-22.3728],[-42.6459,-22.3784],[-42.65,-22.3757],[-42.6486,-22.3722],[-42.6479,-22.3728]]]}},{"type":"Feature","properties":{"cod_tema":"ARL_PROPOSTA","cod_imovel":"RJ-3303401-CE5334079D6D401A8AE0C056CD1A5248","num_area":"23.930400000000000000000000000000","ind_status":"AT"},"geometry":{"type":"Polygon","coordinates":[[[-42.4618,-22.4016],[-42.4626,-22.3978],[-42.4591,-22.3995],[-42.4608,-22.4019],[-42.4618,-22.4016]],[[-42.4543,-22.4029],[-42.461,-22.4054],[-42.4614,-22.4032],[-42.4547,-22.4031],[-42.4543,-22.4029]]]}},{"type":"Feature","properties":{"cod_tema":"ARL_PROPOSTA","cod_imovel":"RJ-3303401-F54A447A6F274256A24E5F5A332E841E","num_area":"4.6391000000000000000000000000000","ind_status":"AT"},"geometry":{"type":"Polygon","coordinates":[[[-42.444,-22.3446],[-42.447,-22.3435],[-42.444,-22.3422],[-42.444,-22.3446]]]}},{"type":"Feature","properties":{"cod_tema":"ARL_PROPOSTA","cod_imovel":"RJ-3303401-53FD2E731D0E42C0A5953E614B41F85E","num_area":"6.5039000000000000000000000000000","ind_status":"AT"},"geometry":{"type":"Polygon","coordinates":[[[-42.4756,-22.2698],[-42.4767,-22.2724],[-42.4759,-22.2688],[-42.4756,-22.2698]]]}},{"type":"Feature","properties":{"cod_tema":"ARL_PROPOSTA","cod_imovel":"RJ-3303401-AA72A8CE1644417F858DB229D8A7ACDF","num_area":"3.5393000000000000000000000000000","ind_status":"AT"},"geometry":{"type":"Polygon","coordinates":[[[-42.4035,-22.3647],[-42.4001,-22.3658],[-42.4038,-22.3647],[-42.4035,-22.3647]]]}},{"type":"Feature","properties":{"cod_tema":"ARL_PROPOSTA","cod_imovel":"RJ-3303401-F2D898BF54B54258A9504A3F5EBC85BF","num_area":"11.548000000000000000000000000000","ind_status":"AT"},"geometry":{"type":"Polygon","coordinates":[[[-42.5421,-22.3479],[-42.5449,-22.3469],[-42.5421,-22.3458],[-42.5421,-22.3479]],[[-42.5449,-22.3469],[-42.5422,-22.3443],[-42.5449,-22.3469],[-42.5449,-22.3469]]]}},{"type":"Feature","properties":{"cod_tema":"ARL_PROPOSTA","cod_imovel":"RJ-3303401-D5167FC2BACF478882690B48949EBC6D","num_area":"2.1822000000000000000000000000000","ind_status":"AT"},"geometry":{"type":"Polygon","coordinates":[[[-42.6848,-22.3178],[-42.6827,-22.3184],[-42.6848,-22.3178],[-42.6848,-22.3178]],[[-42.6842,-22.3171],[-42.6796,-22.3194],[-42.6842,-22.3171],[-42.6842,-22.3171]]]}},{"type":"Feature","properties":{"cod_tema":"ARL_PROPOSTA","cod_imovel":"RJ-3303401-D77C09B6C52E4DDEB08CFE830B2B08B2","num_area":"15.065100000000000000000000000000","ind_status":"AT"},"geometry":{"type":"Polygon","coordinates":[[[-42.6826,-22.3439],[-42.6874,-22.3435],[-42.6819,-22.3417],[-42.6826,-22.3439]]]}},{"type":"Feature","properties":{"cod_tema":"ARL_PROPOSTA","cod_imovel":"RJ-3303401-6A9DAE6C820E4B58B09BF4F83F2F40A1","num_area":"4.5920000000000000000000000000000","ind_status":"AT"},"geometry":{"type":"Polygon","coordinates":[[[-42.4913,-22.3673],[-42.4917,-22.3643],[-42.4899,-22.3672],[-42.4913,-22.3673]]]}},{"type":"Feature","properties":{"cod_tema":"ARL_PROPOSTA","cod_imovel":"RJ-3303401-F2A725DAD4484409A771308D0867DBAC","num_area":"21.507600000000000000000000000000","ind_status":"AT"},"geometry":{"type":"Polygon","coordinates":[[[-42.6126,-22.347],[-42.6122,-22.3503],[-42.6168,-22.3505],[-42.6169,-22.348],[-42.6126,-22.347],[-42.6126,-22.347]]]}},{"type":"Feature","properties":{"cod_tema":"ARL_PROPOSTA","cod_imovel":"RJ-3303401-EDA74F8968AB4A54862E073421B0E896","num_area":"13.911700000000000000000000000000","ind_status":"AT"},"geometry":{"type":"Polygon","coordinates":[[[-42.4517,-22.2735],[-42.4486,-22.2776],[-42.4544,-22.2788],[-42.4529,-22.2758],[-42.4501,-22.2775],[-42.4521,-22.2736],[-42.4517,-22.2735]]]}},{"type":"Feature","properties":{"cod_tema":"ARL_PROPOSTA","cod_imovel":"RJ-3303401-02533EC432BE4708891CB5FF778DDC59","num_area":"22.632900000000000000000000000000","ind_status":"AT"},"geometry":{"type":"Polygon","coordinates":[[[-42.6108,-22.3012],[-42.6113,-22.3039],[-42.6181,-22.3038],[-42.611,-22.299],[-42.6106,-22.3011],[-42.6108,-22.3012]]]}},{"type":"Feature","properties":{"cod_tema":"ARL_PROPOSTA","cod_imovel":"RJ-3303401-CD7CAC03B69844D192049FEE69D81E6F","num_area":"10.149000000000000000000000000000","ind_status":"AT"},"geometry":{"type":"Polygon","coordinates":[[[-42.3891,-22.4095],[-42.3863,-22.406],[-42.3846,-22.4075],[-42.3886,-22.41],[-42.3891,-22.4095]]]}},{"type":"Feature","properties":{"cod_tema":"ARL_PROPOSTA","cod_imovel":"RJ-3303401-9F1C59FB7EE0478BA98258F683351339","num_area":"13.556300000000000000000000000000","ind_status":"AT"},"geometry":{"type":"Polygon","coordinates":[[[-42.4783,-22.3495],[-42.4841,-22.3472],[-42.4794,-22.35],[-42.4803,-22.3473],[-42.4777,-22.3474],[-42.4783,-22.3495]]]}},{"type":"Feature","properties":{"cod_tema":"ARL_PROPOSTA","cod_imovel":"RJ-3303401-F5DA4164B36940D486A44C4FBE118ADC","num_area":"3.8189000000000000000000000000000","ind_status":"AT"},"geometry":{"type":"Polygon","coordinates":[[[-42.6716,-22.3084],[-42.6726,-22.3044],[-42.6711,-22.3102],[-42.6716,-22.3084]]]}},{"type":"Feature","properties":{"cod_tema":"ARL_PROPOSTA","cod_imovel":"RJ-3303401-33FB36BECAB140BB9B8D5B721E664E34","num_area":"16.840800000000000000000000000000","ind_status":"AT"},"geometry":{"type":"Polygon","coordinates":[[[-42.6507,-22.3385],[-42.6579,-22.335],[-42.6528,-22.3362],[-42.6507,-22.3385]]]}},{"type":"Feature","properties":{"cod_tema":"ARL_PROPOSTA","cod_imovel":"RJ-3303401-B73A24459C1640B4BBD5613E465CA015","num_area":"5.9764000000000000000000000000000","ind_status":"AT"},"geometry":{"type":"Polygon","coordinates":[[[-42.5907,-22.326],[-42.5909,-22.3228],[-42.5902,-22.3252],[-42.5907,-22.326]],[[-42.5913,-22.327],[-42.5913,-22.323],[-42.5913,-22.327],[-42.5913,-22.327]],[[-42.5908,-22.3228],[-42.5902,-22.3251],[-42.5908,-22.3228],[-42.5908,-22.3228]]]}},{"type":"Feature","properties":{"cod_tema":"ARL_PROPOSTA","cod_imovel":"RJ-3303401-D3F3D1719E964F21938DD768636E4105","num_area":"5.8465000000000000000000000000000","ind_status":"AT"},"geometry":{"type":"Polygon","coordinates":[[[-42.5711,-22.3301],[-42.5746,-22.3266],[-42.5718,-22.3299],[-42.5711,-22.3301]]]}},{"type":"Feature","properties":{"cod_tema":"ARL_PROPOSTA","cod_imovel":"RJ-3303401-C5E0A3DC4D3F4528822388FABCC46DB7","num_area":"10.423400000000000000000000000000","ind_status":"AT"},"geometry":{"type":"Polygon","coordinates":[[[-42.6296,-22.3156],[-42.632,-22.3155],[-42.6298,-22.3155],[-42.6296,-22.3156]],[[-42.6248,-22.3158],[-42.6273,-22.318],[-42.6249,-22.3158],[-42.6248,-22.3158]],[[-42.6295,-22.3124],[-42.627,-22.3111],[-42.6295,-22.3126],[-42.6295,-22.3124]],[[-42.6238,-22.3147],[-42.6263,-22.3143],[-42.6241,-22.3148],[-42.6238,-22.3147]]]}},{"type":"Feature","properties":{"cod_tema":"ARL_PROPOSTA","cod_imovel":"RJ-3303401-CB49F1083E2D48C9A72BFEF2B860AACD","num_area":"13.523100000000000000000000000000","ind_status":"AT"},"geometry":{"type":"Polygon","coordinates":[[[-42.7103,-22.3428],[-42.7084,-22.3374],[-42.7058,-22.3402],[-42.7102,-22.3428],[-42.7103,-22.3428]],[[-42.7102,-22.3389],[-42.7095,-22.3363],[-42.7101,-22.3388],[-42.7102,-22.3389]],[[-42.7102,-22.3387],[-42.7097,-22.3364],[-42.7101,-22.3386],[-42.7102,-22.3387]]]}},{"type":"Feature","properties":{"cod_tema":"ARL_PROPOSTA","cod_imovel":"RJ-3303401-5A39ABA292D04643A9D615F174295403","num_area":"42.673200000000000000000000000000","ind_status":"AT"},"geometry":{"type":"Polygon","coordinates":[[[-42.6398,-22.3372],[-42.6369,-22.3405],[-42.6382,-22.3442],[-42.6455,-22.3462],[-42.6398,-22.3372]],[[-42.6391,-22.3437],[-42.6439,-22.3457],[-42.6397,-22.3442],[-42.6391,-22.3437]]]}},{"type":"Feature","properties":{"cod_tema":"ARL_PROPOSTA","cod_imovel":"RJ-3303401-2A5BDEA5BAB041AA82411A522C1F72AC","num_area":"9.5556000000000000000000000000000","ind_status":"AT"},"geometry":{"type":"Polygon","coordinates":[[[-42.6052,-22.3081],[-42.6094,-22.307],[-42.6062,-22.3052],[-42.6052,-22.3081]]]}},{"type":"Feature","properties":{"cod_tema":"ARL_PROPOSTA","cod_imovel":"RJ-3303401-B116EB6971D8488C973324CC0E562B58","num_area":"4.9982000000000000000000000000000","ind_status":"AT"},"geometry":{"type":"Polygon","coordinates":[[[-42.4919,-22.3742],[-42.4938,-22.3729],[-42.4919,-22.3742],[-42.4919,-22.3742]]]}},{"type":"Feature","properties":{"cod_tema":"ARL_PROPOSTA","cod_imovel":"RJ-3303401-548F18B794064929BD1D964FB5C84BFF","num_area":"4.4682000000000000000000000000000","ind_status":"AT"},"geometry":{"type":"Polygon","coordinates":[[[-42.6774,-22.3202],[-42.6836,-22.3188],[-42.6774,-22.3202],[-42.6774,-22.3202]]]}},{"type":"Feature","properties":{"cod_tema":"ARL_PROPOSTA","cod_imovel":"RJ-3303401-9962D9F2814E43AEB5785DFF708CEB2E","num_area":"2.9561000000000000000000000000000","ind_status":"AT"},"geometry":{"type":"Polygon","coordinates":[[[-42.4783,-22.3493],[-42.476,-22.3492],[-42.4777,-22.3504],[-42.4783,-22.3493]]]}},{"type":"Feature","properties":{"cod_tema":"ARL_PROPOSTA","cod_imovel":"RJ-3303401-B3B227957A534ACA9D9F74EA1FDB4379","num_area":"1.7502000000000000000000000000000","ind_status":"AT"},"geometry":{"type":"Polygon","coordinates":[[[-42.4958,-22.3348],[-42.4927,-22.3347],[-42.4957,-22.3351],[-42.4958,-22.3348]]]}},{"type":"Feature","properties":{"cod_tema":"ARL_PROPOSTA","cod_imovel":"RJ-3303401-F21FE7B92AB245FC888B9B3D44DC1937","num_area":"1.0872000000000000000000000000000","ind_status":"AT"},"geometry":{"type":"Polygon","coordinates":[[[-42.6396,-22.3552],[-42.6397,-22.353],[-42.6391,-22.3551],[-42.6396,-22.3552]]]}},{"type":"Feature","properties":{"cod_tema":"ARL_PROPOSTA","cod_imovel":"RJ-3303401-10ABF1603A6C4D7AB62F3CC066458803","num_area":"6.5099000000000000000000000000000","ind_status":"AT"},"geometry":{"type":"Polygon","coordinates":[[[-42.4076,-22.3583],[-42.4062,-22.3604],[-42.4105,-22.3587],[-42.4076,-22.3583]]]}},{"type":"Feature","properties":{"cod_tema":"ARL_PROPOSTA","cod_imovel":"RJ-3303401-B6F3374FC4784D1099EEE0D0D8880E98","num_area":"9.6132000000000000000000000000000","ind_status":"AT"},"geometry":{"type":"Polygon","coordinates":[[[-42.4349,-22.3568],[-42.4327,-22.3587],[-42.4373,-22.3559],[-42.4349,-22.3568]]]}},{"type":"Feature","properties":{"cod_tema":"ARL_PROPOSTA","cod_imovel":"RJ-3303401-C0A91D61CB4C496DA26FB7C0D1B34CE9","num_area":"4.3249000000000000000000000000000","ind_status":"AT"},"geometry":{"type":"Polygon","coordinates":[[[-42.41,-22.275],[-42.4063,-22.2724],[-42.4096,-22.2749],[-42.41,-22.275]]]}},{"type":"Feature","properties":{"cod_tema":"ARL_PROPOSTA","cod_imovel":"RJ-3303401-734314E6DB854CB8861B236D0C68BE5B","num_area":"15.015000000000000000000000000000","ind_status":"AT"},"geometry":{"type":"Polygon","coordinates":[[[-42.3981,-22.4056],[-42.3986,-22.4082],[-42.4049,-22.4069],[-42.4009,-22.4055],[-42.3981,-22.4056]]]}},{"type":"Feature","properties":{"cod_tema":"ARL_PROPOSTA","cod_imovel":"RJ-3303401-75BD55476C49432C83AB58689FD25235","num_area":"3.0730000000000000000000000000000","ind_status":"AT"},"geometry":{"type":"Polygon","coordinates":[[[-42.6989,-22.3203],[-42.699,-22.323],[-42.6993,-22.3201],[-42.6989,-22.3203]]]}},{"type":"Feature","properties":{"cod_tema":"ARL_PROPOSTA","cod_imovel":"RJ-3303401-E6616873B8AD4F4A926EAFECBA1DB3EB","num_area":"4.6001000000000000000000000000000","ind_status":"AT"},"geometry":{"type":"Polygon","coordinates":[[[-42.4862,-22.3842],[-42.4888,-22.3874],[-42.4891,-22.3853],[-42.4862,-22.3842]]]}},{"type":"Feature","properties":{"cod_tema":"ARL_PROPOSTA","cod_imovel":"RJ-3303401-13C168BFC9C64375B090FAE338706DB6","num_area":"2.5823000000000000000000000000000","ind_status":"AT"},"geometry":{"type":"Polygon","coordinates":[[[-42.6697,-22.3106],[-42.6706,-22.3086],[-42.6675,-22.31],[-42.6696,-22.3105],[-42.6697,-22.3106]]]}},{"type":"Feature","properties":{"cod_tema":"ARL_PROPOSTA","cod_imovel":"RJ-3303401-317238078A04430A8C020F98C40CDF52","num_area":"2.7580000000000000000000000000000","ind_status":"AT"},"geometry":{"type":"Polygon","coordinates":[[[-42.6345,-22.3111],[-42.6338,-22.3085],[-42.6342,-22.3108],[-42.6345,-22.3111]],[[-42.6345,-22.3109],[-42.6342,-22.3085],[-42.6344,-22.3107],[-42.6345,-22.3109]]]}},{"type":"Feature","properties":{"cod_tema":"ARL_PROPOSTA","cod_imovel":"RJ-3303401-91E73D8243864CD68C08CCC6415E54CD","num_area":"3.8017000000000000000000000000000","ind_status":"AT"},"geometry":{"type":"Polygon","coordinates":[[[-42.6219,-22.3526],[-42.6233,-22.3565],[-42.6221,-22.3525],[-42.6219,-22.3526]]]}},{"type":"Feature","properties":{"cod_tema":"ARL_PROPOSTA","cod_imovel":"RJ-3303401-CCC96271D1094858BBCD40BAC183B0F4","num_area":"2.3799000000000000000000000000000","ind_status":"AT"},"geometry":{"type":"Polygon","coordinates":[[[-42.6229,-22.3462],[-42.6241,-22.3489],[-42.6232,-22.346],[-42.6229,-22.3462]]]}},{"type":"Feature","properties":{"cod_tema":"ARL_PROPOSTA","cod_imovel":"RJ-3303401-4572F9F6F14A4040A7896A88B9EE7310","num_area":"5.2530000000000000000000000000000","ind_status":"AT"},"geometry":{"type":"Polygon","coordinates":[[[-42.623,-22.3543],[-42.6244,-22.3569],[-42.6227,-22.3523],[-42.623,-22.3543]]]}},{"type":"Feature","properties":{"cod_tema":"ARL_PROPOSTA","cod_imovel":"RJ-3303401-6308CCA713AC42608577F14D4451BC54","num_area":"53.955600000000000000000000000000","ind_status":"AT"},"geometry":{"type":"Polygon","coordinates":[[[-42.6473,-22.3774],[-42.6502,-22.3751],[-42.6485,-22.3724],[-42.6451,-22.3789],[-42.647,-22.3776],[-42.6473,-22.3774]],[[-42.657,-22.3755],[-42.6545,-22.3732],[-42.6529,-22.3766],[-42.6598,-22.3831],[-42.6575,-22.376],[-42.657,-22.3755]],[[-42.6532,-22.3773],[-42.6554,-22.3806],[-42.6532,-22.3773],[-42.6532,-22.3773]]]}},{"type":"Feature","properties":{"cod_tema":"ARL_PROPOSTA","cod_imovel":"RJ-3303401-091A5B119B63416486236402454887A9","num_area":"11.367100000000000000000000000000","ind_status":"AT"},"geometry":{"type":"Polygon","coordinates":[[[-42.6097,-22.3253],[-42.6126,-22.3237],[-42.6059,-22.3235],[-42.6091,-22.325],[-42.6097,-22.3253]]]}},{"type":"Feature","properties":{"cod_tema":"ARL_PROPOSTA","cod_imovel":"RJ-3303401-5556B497C0CA4905AC6D94598197626F","num_area":"3.2896000000000000000000000000000","ind_status":"AT"},"geometry":{"type":"Polygon","coordinates":[[[-42.6888,-22.2883],[-42.6898,-22.2906],[-42.689,-22.2887],[-42.6888,-22.2883]]]}},{"type":"Feature","properties":{"cod_tema":"ARL_PROPOSTA","cod_imovel":"RJ-3303401-0199D0A46B104C34903AAFFD1FA8C003","num_area":"2.1843000000000000000000000000000","ind_status":"AT"},"geometry":{"type":"Polygon","coordinates":[[[-42.4869,-22.3254],[-42.4843,-22.3265],[-42.4871,-22.3256],[-42.4869,-22.3254]]]}},{"type":"Feature","properties":{"cod_tema":"ARL_PROPOSTA","cod_imovel":"RJ-3303401-AA44886B6B9043AD8A3FD61274D2447F","num_area":"10.789600000000000000000000000000","ind_status":"AT"},"geometry":{"type":"Polygon","coordinates":[[[-42.6948,-22.3448],[-42.6939,-22.3475],[-42.6983,-22.3467],[-42.6948,-22.3448],[-42.6948,-22.3448]]]}},{"type":"Feature","properties":{"cod_tema":"ARL_PROPOSTA","cod_imovel":"RJ-3303401-77D89E5BEC2E4DDAACFF240C2D0F69B7","num_area":"2.6060000000000000000000000000000","ind_status":"AT"},"geometry":{"type":"Polygon","coordinates":[[[-42.4873,-22.3472],[-42.4838,-22.3479],[-42.4875,-22.3479],[-42.4873,-22.3472]]]}},{"type":"Feature","properties":{"cod_tema":"ARL_PROPOSTA","cod_imovel":"RJ-3303401-8C8F6F99A2EC44618BA92C545DFE571A","num_area":"25.408400000000000000000000000000","ind_status":"AT"},"geometry":{"type":"Polygon","coordinates":[[[-42.3201,-22.4172],[-42.3176,-22.4223],[-42.3213,-22.4223],[-42.3218,-22.417],[-42.3201,-22.4172]]]}},{"type":"Feature","properties":{"cod_tema":"ARL_PROPOSTA","cod_imovel":"RJ-3303401-59FCE71B3FDB4FCCA1A1AB5561AEEA00","num_area":"3.3211000000000000000000000000000","ind_status":"AT"},"geometry":{"type":"Polygon","coordinates":[[[-42.4099,-22.4027],[-42.4076,-22.4001],[-42.4096,-22.4026],[-42.4099,-22.4027]]]}},{"type":"Feature","properties":{"cod_tema":"ARL_PROPOSTA","cod_imovel":"RJ-3303401-5B5F839DCCF14AE381CCA24B416336D5","num_area":"2.5202000000000000000000000000000","ind_status":"AT"},"geometry":{"type":"Polygon","coordinates":[[[-42.3379,-22.3688],[-42.338,-22.3666],[-42.3379,-22.3686],[-42.3379,-22.3688]]]}},{"type":"Feature","properties":{"cod_tema":"ARL_PROPOSTA","cod_imovel":"RJ-3303401-570DC4C40F5D4CF8A79DF746BCB3D537","num_area":"3.8807000000000000000000000000000","ind_status":"AT"},"geometry":{"type":"Polygon","coordinates":[[[-42.2221,-22.3527],[-42.22,-22.3535],[-42.2223,-22.353],[-42.2209,-22.348],[-42.2171,-22.349],[-42.2206,-22.3486],[-42.222,-22.3525],[-42.2221,-22.3527]]]}},{"type":"Feature","properties":{"cod_tema":"ARL_PROPOSTA","cod_imovel":"RJ-3303401-3FCE750B41A947DCBD1C50001D9AF53A","num_area":"13.256300000000000000000000000000","ind_status":"AT"},"geometry":{"type":"Polygon","coordinates":[[[-42.4717,-22.3524],[-42.4722,-22.358],[-42.4742,-22.3576],[-42.4719,-22.3524],[-42.4717,-22.3524]]]}},{"type":"Feature","properties":{"cod_tema":"ARL_PROPOSTA","cod_imovel":"RJ-3303401-AFBF7F3B5F134A8BAE306E019D2E2E99","num_area":"15.059300000000000000000000000000","ind_status":"AT"},"geometry":{"type":"Polygon","coordinates":[[[-42.4695,-22.3663],[-42.4716,-22.3668],[-42.471,-22.3615],[-42.4682,-22.362],[-42.4707,-22.3666],[-42.4695,-22.3663]]]}},{"type":"Feature","properties":{"cod_tema":"ARL_PROPOSTA","cod_imovel":"RJ-3303401-A53CD315934D4FC6AFBC69499A4B3A92","num_area":"13.612500000000000000000000000000","ind_status":"AT"},"geometry":{"type":"Polygon","coordinates":[[[-42.4721,-22.3581],[-42.4695,-22.3524],[-42.4702,-22.3584],[-42.4721,-22.3581]]]}},{"type":"Feature","properties":{"cod_tema":"ARL_PROPOSTA","cod_imovel":"RJ-3303401-206BF0A16FDE4566AFD49FC6EC171C45","num_area":"10.582200000000000000000000000000","ind_status":"AT"},"geometry":{"type":"Polygon","coordinates":[[[-42.5808,-22.246],[-42.5751,-22.2442],[-42.5761,-22.2472],[-42.5795,-22.2461],[-42.5808,-22.246]]]}},{"type":"Feature","properties":{"cod_tema":"ARL_PROPOSTA","cod_imovel":"RJ-3303401-395236533DF0492B951910A686FA73D4","num_area":"2.3519000000000000000000000000000","ind_status":"AT"},"geometry":{"type":"Polygon","coordinates":[[[-42.5604,-22.1714],[-42.5579,-22.173],[-42.5613,-22.1727],[-42.5604,-22.1714]]]}},{"type":"Feature","properties":{"cod_tema":"ARL_PROPOSTA","cod_imovel":"RJ-3303401-E67B15C6C32A478C8D331F2E15F79356","num_area":"10.448200000000000000000000000000","ind_status":"AT"},"geometry":{"type":"Polygon","coordinates":[[[-42.4762,-22.3043],[-42.4769,-22.3011],[-42.4727,-22.301],[-42.4749,-22.3035],[-42.4762,-22.3043]]]}},{"type":"Feature","properties":{"cod_tema":"ARL_PROPOSTA","cod_imovel":"RJ-3303401-47813EBA95AA4177875FC46192FFA33F","num_area":"5.3688000000000000000000000000000","ind_status":"AT"},"geometry":{"type":"Polygon","coordinates":[[[-42.3204,-22.311],[-42.3168,-22.3113],[-42.3195,-22.3111],[-42.3204,-22.311]]]}},{"type":"Feature","properties":{"cod_tema":"ARL_PROPOSTA","cod_imovel":"RJ-3303401-BADD7D1BBFBF4CE2B7030F7CC1290D89","num_area":"5.1150000000000000000000000000000","ind_status":"AT"},"geometry":{"type":"Polygon","coordinates":[[[-42.3766,-22.3684],[-42.3784,-22.3718],[-42.3776,-22.3692],[-42.3766,-22.3684]]]}},{"type":"Feature","properties":{"cod_tema":"ARL_PROPOSTA","cod_imovel":"RJ-3303401-C10199BBB4DE4D88831AA9FA99BB2014","num_area":"4.5421000000000000000000000000000","ind_status":"AT"},"geometry":{"type":"Polygon","coordinates":[[[-42.6012,-22.3517],[-42.6009,-22.3539],[-42.6036,-22.3524],[-42.6012,-22.3517]]]}},{"type":"Feature","properties":{"cod_tema":"ARL_PROPOSTA","cod_imovel":"RJ-3303401-8D59C01FD21244ABB00DB8453E566C09","num_area":"3.0646000000000000000000000000000","ind_status":"AT"},"geometry":{"type":"Polygon","coordinates":[[[-42.3166,-22.3282],[-42.319,-22.3271],[-42.3159,-22.3279],[-42.3166,-22.3282]]]}},{"type":"Feature","properties":{"cod_tema":"ARL_PROPOSTA","cod_imovel":"RJ-3303401-0022E6933FCE49BEB35F457D0960939F","num_area":"6.5116000000000000000000000000000","ind_status":"AT"},"geometry":{"type":"Polygon","coordinates":[[[-42.2828,-22.3242],[-42.2791,-22.3236],[-42.2826,-22.3244],[-42.2828,-22.3242]]]}},{"type":"Feature","properties":{"cod_tema":"ARL_PROPOSTA","cod_imovel":"RJ-3303401-FF7D9A7929A946ED9358B1F8C06356B3","num_area":"8.9749000000000000000000000000000","ind_status":"AT"},"geometry":{"type":"Polygon","coordinates":[[[-42.7124,-22.2893],[-42.7084,-22.2881],[-42.7122,-22.2896],[-42.7124,-22.2893]]]}},{"type":"Feature","properties":{"cod_tema":"ARL_PROPOSTA","cod_imovel":"RJ-3303401-C5F74E876BD346E497EFD2CD4C80D85C","num_area":"3.4760000000000000000000000000000","ind_status":"CA"},"geometry":{"type":"Polygon","coordinates":[[[-42.4151,-22.4066],[-42.4126,-22.4043],[-42.4132,-22.4065],[-42.4151,-22.4066]]]}},{"type":"Feature","properties":{"cod_tema":"ARL_PROPOSTA","cod_imovel":"RJ-3303401-0D14BD63F01A4CF7878C7B3BF3002F76","num_area":"29.121100000000000000000000000000","ind_status":"AT"},"geometry":{"type":"Polygon","coordinates":[[[-42.3634,-22.3811],[-42.3585,-22.3835],[-42.3637,-22.3819],[-42.3634,-22.3811]],[[-42.364,-22.3808],[-42.3613,-22.3846],[-42.3688,-22.3827],[-42.3641,-22.3809],[-42.364,-22.3808]]]}},{"type":"Feature","properties":{"cod_tema":"ARL_PROPOSTA","cod_imovel":"RJ-3303401-F048A0351BE440B69E067A36999FD642","num_area":"8.8175000000000000000000000000000","ind_status":"AT"},"geometry":{"type":"Polygon","coordinates":[[[-42.7005,-22.2711],[-42.6969,-22.2711],[-42.6966,-22.2735],[-42.7,-22.2736],[-42.7005,-22.2711]]]}},{"type":"Feature","properties":{"cod_tema":"ARL_PROPOSTA","cod_imovel":"RJ-3303401-130A44AC6C554AC48B71122D09539682","num_area":"5.6215000000000000000000000000000","ind_status":"AT"},"geometry":{"type":"Polygon","coordinates":[[[-42.419,-22.3354],[-42.4154,-22.3369],[-42.4191,-22.3368],[-42.419,-22.3354]]]}},{"type":"Feature","properties":{"cod_tema":"ARL_PROPOSTA","cod_imovel":"RJ-3303401-C4EC8B6997F84B8590EB2EF6EAD5F22B","num_area":"3.7884000000000000000000000000000","ind_status":"AT"},"geometry":{"type":"Polygon","coordinates":[[[-42.2621,-22.3599],[-42.2579,-22.3599],[-42.2621,-22.3599],[-42.2621,-22.3599]]]}},{"type":"Feature","properties":{"cod_tema":"ARL_PROPOSTA","cod_imovel":"RJ-3303401-5EA5D8F690DA4AD481B1C6A2BF443FC1","num_area":"21.952300000000000000000000000000","ind_status":"AT"},"geometry":{"type":"Polygon","coordinates":[[[-42.3109,-22.3963],[-42.3136,-22.3928],[-42.3111,-22.3963],[-42.3109,-22.3963]],[[-42.3103,-22.3988],[-42.3083,-22.3959],[-42.3103,-22.3975],[-42.3103,-22.3988]],[[-42.3158,-22.3938],[-42.3183,-22.394],[-42.3157,-22.39],[-42.3133,-22.3915],[-42.3156,-22.3932],[-42.3158,-22.3938]]]}},{"type":"Feature","properties":{"cod_tema":"ARL_PROPOSTA","cod_imovel":"RJ-3303401-5A33349544C3425A92B1F2D430B4B511","num_area":"11.930700000000000000000000000000","ind_status":"AT"},"geometry":{"type":"Polygon","coordinates":[[[-42.2979,-22.3422],[-42.2924,-22.3453],[-42.2981,-22.3428],[-42.2979,-22.3422]]]}},{"type":"Feature","properties":{"cod_tema":"ARL_PROPOSTA","cod_imovel":"RJ-3303401-C6D97596F927472F9D5D792676185081","num_area":"19.040900000000000000000000000000","ind_status":"AT"},"geometry":{"type":"Polygon","coordinates":[[[-42.3257,-22.3786],[-42.3248,-22.3736],[-42.3218,-22.3734],[-42.3234,-22.3774],[-42.3257,-22.3786]]]}},{"type":"Feature","properties":{"cod_tema":"ARL_PROPOSTA","cod_imovel":"RJ-3303401-3CD88AC1A633486D8D9F12A48ED7DB4E","num_area":"4.6583000000000000000000000000000","ind_status":"AT"},"geometry":{"type":"Polygon","coordinates":[[[-42.371,-22.3405],[-42.374,-22.3401],[-42.371,-22.34],[-42.371,-22.3405]]]}},{"type":"Feature","properties":{"cod_tema":"ARL_PROPOSTA","cod_imovel":"RJ-3303401-BB54925F99984276A4E55998CAAF4BEC","num_area":"4.5368000000000000000000000000000","ind_status":"AT"},"geometry":{"type":"Polygon","coordinates":[[[-42.2887,-22.3979],[-42.2915,-22.3987],[-42.2896,-22.3968],[-42.2887,-22.3979]]]}},{"type":"Feature","properties":{"cod_tema":"ARL_PROPOSTA","cod_imovel":"RJ-3303401-D1B296AE8D5447F991C332BEC832EA79","num_area":"12.274000000000000000000000000000","ind_status":"AT"},"geometry":{"type":"Polygon","coordinates":[[[-42.3517,-22.366],[-42.3511,-22.3637],[-42.3437,-22.3663],[-42.3501,-22.3665],[-42.3517,-22.366]]]}},{"type":"Feature","properties":{"cod_tema":"ARL_PROPOSTA","cod_imovel":"RJ-3303401-30B3352841824C1784930A7F52497496","num_area":"2.4190000000000000000000000000000","ind_status":"AT"},"geometry":{"type":"Polygon","coordinates":[[[-42.3206,-22.3374],[-42.3182,-22.3382],[-42.3203,-22.338],[-42.3206,-22.3374]]]}},{"type":"Feature","properties":{"cod_tema":"ARL_PROPOSTA","cod_imovel":"RJ-3303401-353E68493A364BB0B90D82024A3BDC5C","num_area":"4.1525000000000000000000000000000","ind_status":"AT"},"geometry":{"type":"Polygon","coordinates":[[[-42.4228,-22.4279],[-42.425,-22.4234],[-42.4218,-22.4279],[-42.4228,-22.4279]]]}},{"type":"Feature","properties":{"cod_tema":"ARL_PROPOSTA","cod_imovel":"RJ-3303401-A86010ACDE1749EC83DA7D41DA61C88E","num_area":"7.6943000000000000000000000000000","ind_status":"AT"},"geometry":{"type":"Polygon","coordinates":[[[-42.4646,-22.3633],[-42.4637,-22.3584],[-42.4611,-22.362],[-42.4634,-22.3628],[-42.4646,-22.3633]]]}},{"type":"Feature","properties":{"cod_tema":"ARL_PROPOSTA","cod_imovel":"RJ-3303401-9EE98E14953641FDA2F871B9677127F4","num_area":"4.4016000000000000000000000000000","ind_status":"AT"},"geometry":{"type":"Polygon","coordinates":[[[-42.4906,-22.4304],[-42.4893,-22.4345],[-42.4911,-22.43],[-42.4906,-22.4304]]]}},{"type":"Feature","properties":{"cod_tema":"ARL_PROPOSTA","cod_imovel":"RJ-3303401-61C4EF5E185C410B8F37A9E3EABD14D7","num_area":"4.5601000000000000000000000000000","ind_status":"AT"},"geometry":{"type":"Polygon","coordinates":[[[-42.3974,-22.3],[-42.3967,-22.3019],[-42.3997,-22.3002],[-42.3974,-22.3]]]}},{"type":"Feature","properties":{"cod_tema":"ARL_PROPOSTA","cod_imovel":"RJ-3303401-3E8222A760B34E2DB8027465E2190F20","num_area":"5.8138000000000000000000000000000","ind_status":"AT"},"geometry":{"type":"Polygon","coordinates":[[[-42.476,-22.3384],[-42.4768,-22.3348],[-42.475,-22.3384],[-42.476,-22.3384]]]}},{"type":"Feature","properties":{"cod_tema":"ARL_PROPOSTA","cod_imovel":"RJ-3303401-2C4B0F19604C4288821502D17C41583D","num_area":"1.3823000000000000000000000000000","ind_status":"AT"},"geometry":{"type":"Polygon","coordinates":[[[-42.4928,-22.2004],[-42.4914,-22.1985],[-42.4928,-22.2004],[-42.4928,-22.2004]]]}},{"type":"Feature","properties":{"cod_tema":"ARL_PROPOSTA","cod_imovel":"RJ-3303401-79FEB6392E584AF8A8650A83A35FE212","num_area":"21.585100000000000000000000000000","ind_status":"AT"},"geometry":{"type":"Polygon","coordinates":[[[-42.446,-22.3464],[-42.4525,-22.3409],[-42.4441,-22.3444],[-42.4459,-22.3465],[-42.446,-22.3464]]]}},{"type":"Feature","properties":{"cod_tema":"ARL_PROPOSTA","cod_imovel":"RJ-3303401-D5DA9A6580304D56B7B5BF9384B8ED23","num_area":"2.0015000000000000000000000000000","ind_status":"AT"},"geometry":{"type":"Polygon","coordinates":[[[-42.3488,-22.4039],[-42.3503,-22.4023],[-42.3483,-22.4031],[-42.3488,-22.4039]]]}},{"type":"Feature","properties":{"cod_tema":"ARL_PROPOSTA","cod_imovel":"RJ-3303401-7486A94A719B48598A43D3273C60E5E0","num_area":"0.4690000000000000000000000000000","ind_status":"AT"},"geometry":{"type":"Polygon","coordinates":[[[-42.4306,-22.4024],[-42.4305,-22.4049],[-42.4307,-22.4028],[-42.4306,-22.4024]]]}},{"type":"Feature","properties":{"cod_tema":"ARL_PROPOSTA","cod_imovel":"RJ-3303401-4F8029CC45224B3B88F916FE1CF8C837","num_area":"2.7318000000000000000000000000000","ind_status":"AT"},"geometry":{"type":"Polygon","coordinates":[[[-42.2937,-22.3228],[-42.291,-22.3235],[-42.2938,-22.3228],[-42.2937,-22.3228]]]}},{"type":"Feature","properties":{"cod_tema":"ARL_PROPOSTA","cod_imovel":"RJ-3303401-146194E86DF34B929FB1DA7356A9263B","num_area":"3.7594000000000000000000000000000","ind_status":"AT"},"geometry":{"type":"Polygon","coordinates":[[[-42.429,-22.2579],[-42.4316,-22.2581],[-42.4298,-22.2568],[-42.429,-22.2579]]]}},{"type":"Feature","properties":{"cod_tema":"ARL_PROPOSTA","cod_imovel":"RJ-3303401-3F8D16517D0647C69C748F3274364B8E","num_area":"2.8382000000000000000000000000000","ind_status":"AT"},"geometry":{"type":"Polygon","coordinates":[[[-42.3922,-22.4137],[-42.3896,-22.4115],[-42.3898,-22.414],[-42.3922,-22.4137]]]}},{"type":"Feature","properties":{"cod_tema":"ARL_PROPOSTA","cod_imovel":"RJ-3303401-60E3730FA9E440D086D88CB1E6346890","num_area":"2.4952000000000000000000000000000","ind_status":"AT"},"geometry":{"type":"Polygon","coordinates":[[[-42.4242,-22.3702],[-42.4239,-22.3724],[-42.4243,-22.3702],[-42.4242,-22.3702]]]}},{"type":"Feature","properties":{"cod_tema":"ARL_PROPOSTA","cod_imovel":"RJ-3303401-3BBD5FABFB4A4672A6A19382854986ED","num_area":"4.0971000000000000000000000000000","ind_status":"AT"},"geometry":{"type":"Polygon","coordinates":[[[-42.2943,-22.3316],[-42.2951,-22.3335],[-42.297,-22.3294],[-42.2943,-22.3316],[-42.2943,-22.3316]]]}},{"type":"Feature","properties":{"cod_tema":"ARL_PROPOSTA","cod_imovel":"RJ-3303401-6FDDE36E33EC44FF8AB015646DF3FD60","num_area":"4.5688000000000000000000000000000","ind_status":"AT"},"geometry":{"type":"Polygon","coordinates":[[[-42.3225,-22.3217],[-42.3232,-22.3242],[-42.3227,-22.3211],[-42.3225,-22.3217]]]}},{"type":"Feature","properties":{"cod_tema":"ARL_PROPOSTA","cod_imovel":"RJ-3303401-BDE6356D79CA41348CBE34F8C36ABF46","num_area":"2.7667000000000000000000000000000","ind_status":"AT"},"geometry":{"type":"Polygon","coordinates":[[[-42.2879,-22.3208],[-42.2857,-22.3207],[-42.2869,-22.3226],[-42.2879,-22.3208]]]}},{"type":"Feature","properties":{"cod_tema":"ARL_PROPOSTA","cod_imovel":"RJ-3303401-539FCD9F155649D686F2D9B580E62EE4","num_area":"4.3381000000000000000000000000000","ind_status":"AT"},"geometry":{"type":"Polygon","coordinates":[[[-42.3332,-22.3283],[-42.3323,-22.331],[-42.3338,-22.3289],[-42.3332,-22.3283]]]}},{"type":"Feature","properties":{"cod_tema":"ARL_PROPOSTA","cod_imovel":"RJ-3303401-9767891BC48B44479BEBD012A0B1C9DE","num_area":"14.061600000000000000000000000000","ind_status":"AT"},"geometry":{"type":"Polygon","coordinates":[[[-42.3331,-22.3774],[-42.3384,-22.3788],[-42.3384,-22.3765],[-42.3337,-22.3773],[-42.3331,-22.3774]]]}},{"type":"Feature","properties":{"cod_tema":"ARL_PROPOSTA","cod_imovel":"RJ-3303401-3046E6979BCB4418A2C991647D9105CF","num_area":"14.647800000000000000000000000000","ind_status":"AT"},"geometry":{"type":"Polygon","coordinates":[[[-42.4637,-22.3584],[-42.463,-22.3546],[-42.4597,-22.3579],[-42.4631,-22.3558],[-42.4599,-22.3582],[-42.4622,-22.3606],[-42.4637,-22.3584]]]}},{"type":"Feature","properties":{"cod_tema":"ARL_PROPOSTA","cod_imovel":"RJ-3303401-93BBA529C5EA440BAA83B941A1E59A40","num_area":"1.2010000000000000000000000000000","ind_status":"AT"},"geometry":{"type":"Polygon","coordinates":[[[-42.3851,-22.35],[-42.3857,-22.3468],[-42.3846,-22.3498],[-42.3851,-22.35]]]}},{"type":"Feature","properties":{"cod_tema":"ARL_PROPOSTA","cod_imovel":"RJ-3303401-75B479C30955488788A83075B735DF4F","num_area":"8.8041000000000000000000000000000","ind_status":"AT"},"geometry":{"type":"Polygon","coordinates":[[[-42.5752,-22.2057],[-42.5726,-22.2071],[-42.5741,-22.209],[-42.5761,-22.2066],[-42.5752,-22.2057]]]}},{"type":"Feature","properties":{"cod_tema":"ARL_PROPOSTA","cod_imovel":"RJ-3303401-2FFEE8CBA58F4FB8951AF42697457555","num_area":"10.063600000000000000000000000000","ind_status":"AT"},"geometry":{"type":"Polygon","coordinates":[[[-42.4452,-22.2808],[-42.4487,-22.2844],[-42.447,-22.2817],[-42.4452,-22.2808]]]}},{"type":"Feature","properties":{"cod_tema":"ARL_PROPOSTA","cod_imovel":"RJ-3303401-999EBC7F050A4F978C35DF37563ABA5E","num_area":"6.0573000000000000000000000000000","ind_status":"AT"},"geometry":{"type":"Polygon","coordinates":[[[-42.658,-22.2387],[-42.6559,-22.2398],[-42.658,-22.2387],[-42.658,-22.2387]]]}},{"type":"Feature","properties":{"cod_tema":"ARL_PROPOSTA","cod_imovel":"RJ-3303401-C87BACE634A24DDE8EACD9D33162A3E0","num_area":"13.426000000000000000000000000000","ind_status":"AT"},"geometry":{"type":"Polygon","coordinates":[[[-42.5181,-22.1731],[-42.5142,-22.1788],[-42.5196,-22.1758],[-42.5183,-22.1733],[-42.5181,-22.1731]]]}},{"type":"Feature","properties":{"cod_tema":"ARL_PROPOSTA","cod_imovel":"RJ-3303401-532A7B67C44A40C18F5E1AC7684E4825","num_area":"3.2740000000000000000000000000000","ind_status":"AT"},"geometry":{"type":"Polygon","coordinates":[[[-42.6934,-22.2726],[-42.691,-22.2738],[-42.6932,-22.2734],[-42.6934,-22.2726]]]}},{"type":"Feature","properties":{"cod_tema":"ARL_PROPOSTA","cod_imovel":"RJ-3303401-69030139C61D474FAA316DB23FA3F5B0","num_area":"3.2994000000000000000000000000000","ind_status":"AT"},"geometry":{"type":"Polygon","coordinates":[[[-42.3206,-22.3331],[-42.3209,-22.3373],[-42.3218,-22.3343],[-42.3206,-22.3331]]]}},{"type":"Feature","properties":{"cod_tema":"ARL_PROPOSTA","cod_imovel":"RJ-3303401-B239A312CEE54741BC9E96A9931FB35F","num_area":"28.062000000000000000000000000000","ind_status":"AT"},"geometry":{"type":"Polygon","coordinates":[[[-42.6426,-22.2707],[-42.6456,-22.2684],[-42.6427,-22.2703],[-42.6426,-22.2707]],[[-42.6545,-22.2633],[-42.6478,-22.2685],[-42.6547,-22.2637],[-42.6545,-22.2633]],[[-42.6522,-22.2643],[-42.6527,-22.2606],[-42.6481,-22.2655],[-42.6522,-22.2644],[-42.6522,-22.2643]],[[-42.6481,-22.2655],[-42.6459,-22.2673],[-42.6485,-22.2659],[-42.6481,-22.2655]]]}},{"type":"Feature","properties":{"cod_tema":"ARL_PROPOSTA","cod_imovel":"RJ-3303401-09309EAC28C0467CB55F911DCDBE3AFF","num_area":"3.6140000000000000000000000000000","ind_status":"AT"},"geometry":{"type":"Polygon","coordinates":[[[-42.3288,-22.3623],[-42.3266,-22.361],[-42.3284,-22.3624],[-42.3288,-22.3623]]]}},{"type":"Feature","properties":{"cod_tema":"ARL_PROPOSTA","cod_imovel":"RJ-3303401-D418639B0289471AB1705A0D19D2EDFB","num_area":"1.5076000000000000000000000000000","ind_status":"AT"},"geometry":{"type":"Polygon","coordinates":[[[-42.3832,-22.3554],[-42.3862,-22.3545],[-42.3832,-22.3551],[-42.3832,-22.3554]]]}},{"type":"Feature","properties":{"cod_tema":"ARL_PROPOSTA","cod_imovel":"RJ-3303401-B4E94A7A088B4CCDA874714ACDFA224A","num_area":"4.0710000000000000000000000000000","ind_status":"AT"},"geometry":{"type":"Polygon","coordinates":[[[-42.7064,-22.2767],[-42.7037,-22.2781],[-42.7065,-22.277],[-42.7064,-22.2767]]]}},{"type":"Feature","properties":{"cod_tema":"ARL_PROPOSTA","cod_imovel":"RJ-3303401-1EE1BF57F9D54465AA322A25B6B89C07","num_area":"12.279800000000000000000000000000","ind_status":"AT"},"geometry":{"type":"Polygon","coordinates":[[[-42.2968,-22.4072],[-42.2968,-22.4045],[-42.2915,-22.4038],[-42.296,-22.4067],[-42.2968,-22.4072]]]}},{"type":"Feature","properties":{"cod_tema":"ARL_PROPOSTA","cod_imovel":"RJ-3303401-B8498A163F1C4A52A291958D8A5AF972","num_area":"2.5615000000000000000000000000000","ind_status":"AT"},"geometry":{"type":"Polygon","coordinates":[[[-42.485,-22.2201],[-42.4835,-22.222],[-42.4856,-22.2198],[-42.485,-22.2201]]]}},{"type":"Feature","properties":{"cod_tema":"ARL_PROPOSTA","cod_imovel":"RJ-3303401-C5666E8BC2E64F128DB80A9ECB6F9659","num_area":"22.030500000000000000000000000000","ind_status":"AT"},"geometry":{"type":"Polygon","coordinates":[[[-42.2396,-22.3612],[-42.2411,-22.3541],[-42.2369,-22.3604],[-42.2396,-22.3613],[-42.2396,-22.3612]],[[-42.2288,-22.3568],[-42.2249,-22.3578],[-42.2301,-22.357],[-42.2288,-22.3568]]]}},{"type":"Feature","properties":{"cod_tema":"ARL_APROVADA_NAO_AVERBADA","cod_imovel":"RJ-3303401-B42557E9274441B1B0356B8CD14A9ECD","num_area":"82.958600000000000000000000000000","ind_status":"AT"},"geometry":{"type":"Polygon","coordinates":[[[-42.6766,-22.3719],[-42.6704,-22.3741],[-42.6687,-22.3839],[-42.6759,-22.3811],[-42.6762,-22.3761],[-42.6727,-22.3779],[-42.6769,-22.3719],[-42.6766,-22.3719]],[[-42.6759,-22.3829],[-42.6805,-22.3834],[-42.6795,-22.3792],[-42.6758,-22.3828],[-42.6759,-22.3829]],[[-42.6793,-22.3839],[-42.6827,-22.3839],[-42.6794,-22.3838],[-42.6793,-22.3839]]]}},{"type":"Feature","properties":{"cod_tema":"ARL_PROPOSTA","cod_imovel":"RJ-3303401-ED21AC2C59434B5A9A872BECA07762CB","num_area":"16.592800000000000000000000000000","ind_status":"AT"},"geometry":{"type":"Polygon","coordinates":[[[-42.6568,-22.3772],[-42.6575,-22.3831],[-42.6603,-22.3836],[-42.6587,-22.3777],[-42.6568,-22.3772]],[[-42.6604,-22.3836],[-42.662,-22.3816],[-42.6597,-22.3812],[-42.6604,-22.3836],[-42.6604,-22.3836]],[[-42.6615,-22.3835],[-42.6624,-22.3817],[-42.6615,-22.3835],[-42.6615,-22.3835]]]}},{"type":"Feature","properties":{"cod_tema":"ARL_PROPOSTA","cod_imovel":"RJ-3303401-977C16ADBB8F4E84892AD336D3B55211","num_area":"1.6211000000000000000000000000000","ind_status":"AT"},"geometry":{"type":"Polygon","coordinates":[[[-42.6453,-22.353],[-42.6413,-22.3484],[-42.6448,-22.3528],[-42.6453,-22.353]]]}},{"type":"Feature","properties":{"cod_tema":"ARL_PROPOSTA","cod_imovel":"RJ-3303401-54B26DF070B0444C84E69C2FFD438DF9","num_area":"3.1189000000000000000000000000000","ind_status":"AT"},"geometry":{"type":"Polygon","coordinates":[[[-42.3999,-22.3467],[-42.394,-22.3476],[-42.3998,-22.347],[-42.3999,-22.3467]]]}},{"type":"Feature","properties":{"cod_tema":"ARL_AVERBADA","cod_imovel":"RJ-3303401-0987FD96E22241D3B1DFD262839958F6","num_area":"5.5547000000000000000000000000000","ind_status":"AT"},"geometry":{"type":"Polygon","coordinates":[[[-42.5784,-22.2215],[-42.5751,-22.2201],[-42.578,-22.2215],[-42.5784,-22.2215]]]}},{"type":"Feature","properties":{"cod_tema":"ARL_PROPOSTA","cod_imovel":"RJ-3303401-84E4BE27EFFC4ADEBD9B72694C1CF1D4","num_area":"25.577800000000000000000000000000","ind_status":"AT"},"geometry":{"type":"Polygon","coordinates":[[[-42.5768,-22.2249],[-42.5732,-22.2229],[-42.5768,-22.225],[-42.5768,-22.2249]],[[-42.576,-22.2253],[-42.5748,-22.2235],[-42.5761,-22.2252],[-42.576,-22.2253]],[[-42.5784,-22.227],[-42.576,-22.2256],[-42.5784,-22.2272],[-42.5784,-22.227]],[[-42.5789,-22.2268],[-42.5773,-22.2254],[-42.5788,-22.2268],[-42.5789,-22.2268]],[[-42.5809,-22.2258],[-42.5802,-22.2279],[-42.5808,-22.2259],[-42.5809,-22.2258]],[[-42.5847,-22.2262],[-42.581,-22.2249],[-42.5818,-22.2298],[-42.5847,-22.2262]]]}},{"type":"Feature","properties":{"cod_tema":"ARL_PROPOSTA","cod_imovel":"RJ-3303401-1B023734416A46A6BE523EA6D783470F","num_area":"5.4822000000000000000000000000000","ind_status":"AT"},"geometry":{"type":"Polygon","coordinates":[[[-42.579,-22.2303],[-42.5814,-22.2303],[-42.579,-22.2302],[-42.579,-22.2303]]]}},{"type":"Feature","properties":{"cod_tema":"ARL_PROPOSTA","cod_imovel":"RJ-3303401-C8C85EF9664F44B680AA48614FA85A76","num_area":"1.4477000000000000000000000000000","ind_status":"AT"},"geometry":{"type":"Polygon","coordinates":[[[-42.5758,-22.2143],[-42.5772,-22.216],[-42.5758,-22.2143],[-42.5758,-22.2143]]]}},{"type":"Feature","properties":{"cod_tema":"ARL_PROPOSTA","cod_imovel":"RJ-3303401-D8B2378B7AB54BE6B42A3D51A5232483","num_area":"3.4958000000000000000000000000000","ind_status":"AT"},"geometry":{"type":"Polygon","coordinates":[[[-42.4943,-22.3832],[-42.4902,-22.3842],[-42.4933,-22.3841],[-42.4943,-22.3832]]]}},{"type":"Feature","properties":{"cod_tema":"ARL_AVERBADA","cod_imovel":"RJ-3303401-9A9F03426F514C0E867178824BFC4FC0","num_area":"5.5978000000000000000000000000000","ind_status":"AT"},"geometry":{"type":"Polygon","coordinates":[[[-42.5182,-22.4039],[-42.5215,-22.4037],[-42.5182,-22.4038],[-42.5182,-22.4039]],[[-42.5215,-22.3992],[-42.5185,-22.4],[-42.5215,-22.3992],[-42.5215,-22.3992]]]}},{"type":"Feature","properties":{"cod_tema":"ARL_PROPOSTA","cod_imovel":"RJ-3303401-AF27EC3675C94ED4BBD1C0463E93DE87","num_area":"11.228700000000000000000000000000","ind_status":"AT"},"geometry":{"type":"Polygon","coordinates":[[[-42.4907,-22.2653],[-42.4921,-22.2689],[-42.4943,-22.2672],[-42.4927,-22.2637],[-42.4907,-22.2653]]]}},{"type":"Feature","properties":{"cod_tema":"ARL_PROPOSTA","cod_imovel":"RJ-3303401-96E275E9F07A4A35B3B83254E553F5CE","num_area":"1.7215000000000000000000000000000","ind_status":"AT"},"geometry":{"type":"Polygon","coordinates":[[[-42.4404,-22.4086],[-42.4425,-22.4084],[-42.4404,-22.4077],[-42.4404,-22.4086]]]}},{"type":"Feature","properties":{"cod_tema":"ARL_PROPOSTA","cod_imovel":"RJ-3303401-1321AAD96AA645D19030F6E5DA7CE9F4","num_area":"53.922400000000000000000000000000","ind_status":"AT"},"geometry":{"type":"Polygon","coordinates":[[[-42.598,-22.1979],[-42.5882,-22.2044],[-42.5963,-22.1998],[-42.592,-22.2045],[-42.6015,-22.2031],[-42.6002,-22.1993],[-42.598,-22.1979]]]}},{"type":"Feature","properties":{"cod_tema":"ARL_PROPOSTA","cod_imovel":"RJ-3303401-A5EAE1B46FC14D1D9BE2FE50B8A5F109","num_area":"8.8830000000000000000000000000000","ind_status":"AT"},"geometry":{"type":"Polygon","coordinates":[[[-42.2968,-22.3197],[-42.2951,-22.3157],[-42.2967,-22.3197],[-42.2968,-22.3197]]]}},{"type":"Feature","properties":{"cod_tema":"ARL_PROPOSTA","cod_imovel":"RJ-3303401-774454C3DFEB432FAA388EBF52C2B9BA","num_area":"5.1884000000000000000000000000000","ind_status":"AT"},"geometry":{"type":"Polygon","coordinates":[[[-42.295,-22.316],[-42.2922,-22.3174],[-42.2948,-22.3165],[-42.295,-22.316]]]}},{"type":"Feature","properties":{"cod_tema":"ARL_PROPOSTA","cod_imovel":"RJ-3303401-4C85310C6BDB4582A18E07830CFF7B33","num_area":"7.4168000000000000000000000000000","ind_status":"AT"},"geometry":{"type":"Polygon","coordinates":[[[-42.2928,-22.322],[-42.2975,-22.3203],[-42.2931,-22.3219],[-42.2928,-22.322]],[[-42.298,-22.32],[-42.2971,-22.3179],[-42.2979,-22.32],[-42.298,-22.32]]]}},{"type":"Feature","properties":{"cod_tema":"ARL_PROPOSTA","cod_imovel":"RJ-3303401-77AC8295F95D43C39D1EDF31D0025D5C","num_area":"114.94140000000000000000000000000","ind_status":"AT"},"geometry":{"type":"Polygon","coordinates":[[[-42.2783,-22.3797],[-42.2718,-22.3777],[-42.2772,-22.3797],[-42.2783,-22.3797]],[[-42.2727,-22.3769],[-42.2713,-22.3744],[-42.2819,-22.3721],[-42.2762,-22.3749],[-42.2805,-22.3783],[-42.2786,-22.3807],[-42.2864,-22.3733],[-42.2851,-22.3687],[-42.2755,-22.3688],[-42.2718,-22.3731],[-42.2726,-22.3769],[-42.2727,-22.3769]]]}},{"type":"Feature","properties":{"cod_tema":"ARL_PROPOSTA","cod_imovel":"RJ-3303401-205BCE3045BF4A1AB1AE5C91814E969A","num_area":"2.1156000000000000000000000000000","ind_status":"AT"},"geometry":{"type":"Polygon","coordinates":[[[-42.3084,-22.3151],[-42.3065,-22.314],[-42.3087,-22.3153],[-42.3084,-22.3151]]]}},{"type":"Feature","properties":{"cod_tema":"ARL_PROPOSTA","cod_imovel":"RJ-3303401-0CE3439D00D84B04A930F80D52B091CA","num_area":"4.5947000000000000000000000000000","ind_status":"AT"},"geometry":{"type":"Polygon","coordinates":[[[-42.3005,-22.312],[-42.3028,-22.3157],[-42.3008,-22.3124],[-42.3005,-22.312]]]}},{"type":"Feature","properties":{"cod_tema":"ARL_PROPOSTA","cod_imovel":"RJ-3303401-965BECA67E26440685CAD436D16BE4B6","num_area":"5.2408000000000000000000000000000","ind_status":"AT"},"geometry":{"type":"Polygon","coordinates":[[[-42.5479,-22.3448],[-42.5457,-22.3436],[-42.5457,-22.3466],[-42.5474,-22.345],[-42.5479,-22.3448]]]}},{"type":"Feature","properties":{"cod_tema":"ARL_PROPOSTA","cod_imovel":"RJ-3303401-6B5FB0CA5A174D2C90290DE640FB221D","num_area":"6.3938000000000000000000000000000","ind_status":"AT"},"geometry":{"type":"Polygon","coordinates":[[[-42.2318,-22.3401],[-42.2285,-22.337],[-42.2319,-22.3411],[-42.2318,-22.3401]]]}},{"type":"Feature","properties":{"cod_tema":"ARL_PROPOSTA","cod_imovel":"RJ-3303401-2C3D0ACDC5354B428838F04F3EE24B96","num_area":"7.2144000000000000000000000000000","ind_status":"AT"},"geometry":{"type":"Polygon","coordinates":[[[-42.5849,-22.3097],[-42.5911,-22.3108],[-42.5858,-22.309],[-42.5849,-22.3097]]]}},{"type":"Feature","properties":{"cod_tema":"ARL_PROPOSTA","cod_imovel":"RJ-3303401-9390A7CC5993459E887B703130EF7D94","num_area":"7.4457000000000000000000000000000","ind_status":"AT"},"geometry":{"type":"Polygon","coordinates":[[[-42.4217,-22.3468],[-42.4259,-22.3447],[-42.4217,-22.3458],[-42.4217,-22.3468]]]}},{"type":"Feature","properties":{"cod_tema":"ARL_PROPOSTA","cod_imovel":"RJ-3303401-5593866C2B364A099FA433596605D8F2","num_area":"6.9268000000000000000000000000000","ind_status":"AT"},"geometry":{"type":"Polygon","coordinates":[[[-42.6716,-22.3303],[-42.6743,-22.3303],[-42.6716,-22.3302],[-42.6716,-22.3303]],[[-42.6809,-22.3274],[-42.6769,-22.3278],[-42.6815,-22.3282],[-42.6809,-22.3274]]]}},{"type":"Feature","properties":{"cod_tema":"ARL_PROPOSTA","cod_imovel":"RJ-3303401-3CA8278514BF4AA9979B17128DED2952","num_area":"11.476600000000000000000000000000","ind_status":"AT"},"geometry":{"type":"Polygon","coordinates":[[[-42.3486,-22.4267],[-42.3535,-22.428],[-42.3511,-22.4242],[-42.3517,-22.4271],[-42.3507,-22.4245],[-42.3489,-22.4264],[-42.3486,-22.4267]]]}},{"type":"Feature","properties":{"cod_tema":"ARL_PROPOSTA","cod_imovel":"RJ-3303401-B88A96A0F1B54309A00652F9D5AF2160","num_area":"2.1990000000000000000000000000000","ind_status":"AT"},"geometry":{"type":"Polygon","coordinates":[[[-42.345,-22.3144],[-42.3424,-22.3152],[-42.3446,-22.3146],[-42.345,-22.3144]]]}},{"type":"Feature","properties":{"cod_tema":"ARL_PROPOSTA","cod_imovel":"RJ-3303401-07CAAC22EB494549B2B20B59B7F0E9CF","num_area":"25.762100000000000000000000000000","ind_status":"AT"},"geometry":{"type":"Polygon","coordinates":[[[-42.3073,-22.3817],[-42.3077,-22.3866],[-42.3114,-22.3795],[-42.3087,-22.3777],[-42.3074,-22.3815],[-42.3073,-22.3817]]]}},{"type":"Feature","properties":{"cod_tema":"ARL_PROPOSTA","cod_imovel":"RJ-3303401-1B4DD7A1FA5142EFA704959E65C579DC","num_area":"7.7333000000000000000000000000000","ind_status":"AT"},"geometry":{"type":"Polygon","coordinates":[[[-42.3579,-22.3143],[-42.3548,-22.3159],[-42.3577,-22.3149],[-42.3579,-22.3143]],[[-42.3535,-22.3253],[-42.3566,-22.3231],[-42.3538,-22.3239],[-42.3535,-22.3253]]]}},{"type":"Feature","properties":{"cod_tema":"ARL_PROPOSTA","cod_imovel":"RJ-3303401-E78FE01800374F5F8DC90027E9BC8313","num_area":"7.2823000000000000000000000000000","ind_status":"AT"},"geometry":{"type":"Polygon","coordinates":[[[-42.2923,-22.3542],[-42.2954,-22.356],[-42.2941,-22.3538],[-42.2923,-22.3542]]]}},{"type":"Feature","properties":{"cod_tema":"ARL_PROPOSTA","cod_imovel":"RJ-3303401-E32C38F2D1E54FBDB1F2EBE3CD2CEABD","num_area":"3.2714000000000000000000000000000","ind_status":"AT"},"geometry":{"type":"Polygon","coordinates":[[[-42.3251,-22.3117],[-42.3224,-22.3094],[-42.3241,-22.3121],[-42.3251,-22.3117]]]}},{"type":"Feature","properties":{"cod_tema":"ARL_PROPOSTA","cod_imovel":"RJ-3303401-C7E1EF8D120A4258B7E2F43DA1D01FE4","num_area":"10.324800000000000000000000000000","ind_status":"AT"},"geometry":{"type":"Polygon","coordinates":[[[-42.346,-22.3455],[-42.3465,-22.3422],[-42.3444,-22.3426],[-42.3459,-22.3454],[-42.346,-22.3455]],[[-42.3457,-22.3495],[-42.3435,-22.3501],[-42.3456,-22.3494],[-42.3457,-22.3495]],[[-42.3457,-22.3489],[-42.3436,-22.3497],[-42.3456,-22.3489],[-42.3457,-22.3489]]]}},{"type":"Feature","properties":{"cod_tema":"ARL_PROPOSTA","cod_imovel":"RJ-3303401-E97EC86BEB9C4CB692B861C83DE22932","num_area":"15.325400000000000000000000000000","ind_status":"AT"},"geometry":{"type":"Polygon","coordinates":[[[-42.3964,-22.3434],[-42.4047,-22.3441],[-42.3965,-22.3432],[-42.3964,-22.3434]]]}},{"type":"Feature","properties":{"cod_tema":"ARL_PROPOSTA","cod_imovel":"RJ-3303401-925E602B914047B795E5BFF63639A0A9","num_area":"34.461500000000000000000000000000","ind_status":"AT"},"geometry":{"type":"Polygon","coordinates":[[[-42.3257,-22.3347],[-42.3249,-22.3299],[-42.3174,-22.3317],[-42.3221,-22.3378],[-42.3244,-22.3345],[-42.3224,-22.3314],[-42.3256,-22.335],[-42.3257,-22.3347]],[[-42.3225,-22.3381],[-42.3247,-22.3365],[-42.3225,-22.338],[-42.3225,-22.3381]],[[-42.3225,-22.3383],[-42.3259,-22.3383],[-42.3226,-22.3383],[-42.3225,-22.3383]]]}},{"type":"Feature","properties":{"cod_tema":"ARL_PROPOSTA","cod_imovel":"RJ-3303401-65A5B7673DBB437A97BE76E9E63E4559","num_area":"4.1672000000000000000000000000000","ind_status":"AT"},"geometry":{"type":"Polygon","coordinates":[[[-42.6804,-22.2499],[-42.6772,-22.2495],[-42.6804,-22.2499],[-42.6804,-22.2499]],[[-42.6774,-22.2477],[-42.6752,-22.2479],[-42.6773,-22.2478],[-42.6774,-22.2477]]]}},{"type":"Feature","properties":{"cod_tema":"ARL_PROPOSTA","cod_imovel":"RJ-3303401-0EC6F7134E344F50871E901CAF026D62","num_area":"6.8899000000000000000000000000000","ind_status":"AT"},"geometry":{"type":"Polygon","coordinates":[[[-42.592,-22.3255],[-42.5893,-22.3256],[-42.5913,-22.328],[-42.5924,-22.3257],[-42.592,-22.3255]],[[-42.5863,-22.3224],[-42.5854,-22.3245],[-42.5864,-22.3225],[-42.5863,-22.3224]]]}},{"type":"Feature","properties":{"cod_tema":"ARL_PROPOSTA","cod_imovel":"RJ-3303401-D88BAF116F2944DCB407F45AFA2C7938","num_area":"8.9579000000000000000000000000000","ind_status":"AT"},"geometry":{"type":"Polygon","coordinates":[[[-42.4733,-22.3781],[-42.4757,-22.3734],[-42.4718,-22.3773],[-42.4733,-22.3781]]]}},{"type":"Feature","properties":{"cod_tema":"ARL_PROPOSTA","cod_imovel":"RJ-3303401-0A301319F3E7466C9C623F6ECCF16618","num_area":"1.7531000000000000000000000000000","ind_status":"AT"},"geometry":{"type":"Polygon","coordinates":[[[-42.3113,-22.3237],[-42.3126,-22.3209],[-42.3104,-22.323],[-42.3113,-22.3237]]]}},{"type":"Feature","properties":{"cod_tema":"ARL_PROPOSTA","cod_imovel":"RJ-3303401-5F1A5C75D01E434BB0BA6B569191AD23","num_area":"4.1756000000000000000000000000000","ind_status":"AT"},"geometry":{"type":"Polygon","coordinates":[[[-42.3206,-22.3327],[-42.3169,-22.3322],[-42.3197,-22.3335],[-42.3206,-22.3327]]]}},{"type":"Feature","properties":{"cod_tema":"ARL_PROPOSTA","cod_imovel":"RJ-3303401-1E68C15BB0D945C599800DE48BC772B9","num_area":"5.0712000000000000000000000000000","ind_status":"AT"},"geometry":{"type":"Polygon","coordinates":[[[-42.2869,-22.2944],[-42.2854,-22.2924],[-42.2868,-22.2949],[-42.2869,-22.2944]]]}},{"type":"Feature","properties":{"cod_tema":"ARL_PROPOSTA","cod_imovel":"RJ-3303401-AF416388C1834E34BD4DE8CEABC447B9","num_area":"4.1846000000000000000000000000000","ind_status":"AT"},"geometry":{"type":"Polygon","coordinates":[[[-42.3639,-22.3776],[-42.3603,-22.3774],[-42.3638,-22.3778],[-42.3639,-22.3776]]]}},{"type":"Feature","properties":{"cod_tema":"ARL_PROPOSTA","cod_imovel":"RJ-3303401-BD66C092A82447CDB9743AA9EED22884","num_area":"13.747500000000000000000000000000","ind_status":"AT"},"geometry":{"type":"Polygon","coordinates":[[[-42.2531,-22.3639],[-42.2563,-22.3607],[-42.2537,-22.3568],[-42.2527,-22.3633],[-42.2531,-22.3639]]]}},{"type":"Feature","properties":{"cod_tema":"ARL_PROPOSTA","cod_imovel":"RJ-3303401-FED7D74D71FC47C1B69F2F9DCA24D0ED","num_area":"6.1258000000000000000000000000000","ind_status":"AT"},"geometry":{"type":"Polygon","coordinates":[[[-42.3435,-22.3394],[-42.3444,-22.3415],[-42.3456,-22.3395],[-42.3435,-22.3394]]]}},{"type":"Feature","properties":{"cod_tema":"ARL_PROPOSTA","cod_imovel":"RJ-3303401-F157DCD457DA49FDB0985C96FA2FBBAD","num_area":"19.728200000000000000000000000000","ind_status":"AT"},"geometry":{"type":"Polygon","coordinates":[[[-42.5542,-22.2449],[-42.554,-22.249],[-42.56,-22.2472],[-42.5547,-22.2447],[-42.5542,-22.2449]]]}},{"type":"Feature","properties":{"cod_tema":"ARL_PROPOSTA","cod_imovel":"RJ-3303401-F2C1C9AF309845A6AF64199EF2FE7585","num_area":"9.4093000000000000000000000000000","ind_status":"AT"},"geometry":{"type":"Polygon","coordinates":[[[-42.6599,-22.3571],[-42.6636,-22.355],[-42.6599,-22.3571],[-42.6599,-22.3571]],[[-42.6641,-22.3544],[-42.6669,-22.3534],[-42.6641,-22.3544],[-42.6641,-22.3544]]]}},{"type":"Feature","properties":{"cod_tema":"ARL_PROPOSTA","cod_imovel":"RJ-3303401-0D8540526DC3468D80487A59B319EE2C","num_area":"0.4000000000000000000000000000000","ind_status":"AT"},"geometry":{"type":"Polygon","coordinates":[[[-42.2819,-22.3813],[-42.28,-22.3823],[-42.2821,-22.3816],[-42.2819,-22.3813]]]}},{"type":"Feature","properties":{"cod_tema":"ARL_PROPOSTA","cod_imovel":"RJ-3303401-7068FAB77909408687F460FD2F9B2F6A","num_area":"5.8505000000000000000000000000000","ind_status":"AT"},"geometry":{"type":"Polygon","coordinates":[[[-42.3564,-22.3282],[-42.3524,-22.3269],[-42.3563,-22.3283],[-42.3564,-22.3282]]]}},{"type":"Feature","properties":{"cod_tema":"ARL_PROPOSTA","cod_imovel":"RJ-3303401-BC2F9B3203814F409C6EBDCDD73D8134","num_area":"25.626100000000000000000000000000","ind_status":"AT"},"geometry":{"type":"Polygon","coordinates":[[[-42.3516,-22.4012],[-42.3509,-22.3974],[-42.3444,-22.4015],[-42.35,-22.402],[-42.3516,-22.4012]]]}},{"type":"Feature","properties":{"cod_tema":"ARL_PROPOSTA","cod_imovel":"RJ-3303401-67358DE7617548458623C1BACE30EC7F","num_area":"9.2883000000000000000000000000000","ind_status":"AT"},"geometry":{"type":"Polygon","coordinates":[[[-42.3168,-22.4103],[-42.3202,-22.4085],[-42.3168,-22.4101],[-42.3168,-22.4103]],[[-42.3272,-22.4123],[-42.326,-22.4092],[-42.3267,-22.4118],[-42.3272,-22.4123]]]}},{"type":"Feature","properties":{"cod_tema":"ARL_PROPOSTA","cod_imovel":"RJ-3303401-F3D21967545844E083A564A9A0D0FDF1","num_area":"8.1366000000000000000000000000000","ind_status":"AT"},"geometry":{"type":"Polygon","coordinates":[[[-42.3813,-22.3554],[-42.388,-22.3541],[-42.3834,-22.3551],[-42.3813,-22.3554]]]}},{"type":"Feature","properties":{"cod_tema":"ARL_PROPOSTA","cod_imovel":"RJ-3303401-D2D6549AA6E34B25B9C9C168AA61CC28","num_area":"15.516300000000000000000000000000","ind_status":"AT"},"geometry":{"type":"Polygon","coordinates":[[[-42.4388,-22.4076],[-42.4483,-22.4103],[-42.4508,-22.4064],[-42.4492,-22.4093],[-42.44,-22.4074],[-42.4388,-22.4076]],[[-42.4508,-22.4064],[-42.4546,-22.4062],[-42.4508,-22.4063],[-42.4508,-22.4064]]]}},{"type":"Feature","properties":{"cod_tema":"ARL_PROPOSTA","cod_imovel":"RJ-3303401-9C9D1304B74D4D89AEB36B55A7EDED88","num_area":"18.730300000000000000000000000000","ind_status":"AT"},"geometry":{"type":"Polygon","coordinates":[[[-42.394,-22.3655],[-42.3896,-22.3662],[-42.3926,-22.3696],[-42.3939,-22.3668],[-42.394,-22.3655]]]}},{"type":"Feature","properties":{"cod_tema":"ARL_PROPOSTA","cod_imovel":"RJ-3303401-50631E724F0F4E29A3F9AB91FB1E0458","num_area":"72.270500000000000000000000000000","ind_status":"AT"},"geometry":{"type":"Polygon","coordinates":[[[-42.5331,-22.3974],[-42.5481,-22.394],[-42.5344,-22.392],[-42.5331,-22.3974]]]}},{"type":"Feature","properties":{"cod_tema":"ARL_PROPOSTA","cod_imovel":"RJ-3303401-B3A8721F3610490BACC4AB58FDB59514","num_area":"4.0242000000000000000000000000000","ind_status":"AT"},"geometry":{"type":"Polygon","coordinates":[[[-42.6017,-22.3194],[-42.6035,-22.3212],[-42.602,-22.3193],[-42.6017,-22.3194]]]}},{"type":"Feature","properties":{"cod_tema":"ARL_PROPOSTA","cod_imovel":"RJ-3303401-0F282978FE1448BBAD2C7502D137FEF6","num_area":"9.4508000000000000000000000000000","ind_status":"AT"},"geometry":{"type":"Polygon","coordinates":[[[-42.3561,-22.3351],[-42.3572,-22.3416],[-42.3571,-22.3357],[-42.3561,-22.3351]]]}},{"type":"Feature","properties":{"cod_tema":"ARL_PROPOSTA","cod_imovel":"RJ-3303401-17CD4F15FBE04D5ABD538362CF8A1485","num_area":"1.6094000000000000000000000000000","ind_status":"AT"},"geometry":{"type":"Polygon","coordinates":[[[-42.378,-22.3409],[-42.3802,-22.3412],[-42.378,-22.3409],[-42.378,-22.3409]]]}},{"type":"Feature","properties":{"cod_tema":"ARL_PROPOSTA","cod_imovel":"RJ-3303401-2941811C577E49CDB9CD55ECCA7C34C6","num_area":"9.6584000000000000000000000000000","ind_status":"AT"},"geometry":{"type":"Polygon","coordinates":[[[-42.3253,-22.3381],[-42.3291,-22.3374],[-42.3254,-22.3375],[-42.3253,-22.3381]],[[-42.3241,-22.3297],[-42.3256,-22.3329],[-42.3257,-22.3295],[-42.3241,-22.3297]]]}},{"type":"Feature","properties":{"cod_tema":"ARL_APROVADA_NAO_AVERBADA","cod_imovel":"RJ-3303401-6CA3548557184F2E8C9ED61FB53DE9DE","num_area":"20.186100000000000000000000000000","ind_status":"AT"},"geometry":{"type":"Polygon","coordinates":[[[-42.3428,-22.3562],[-42.3479,-22.3595],[-42.3462,-22.3618],[-42.3496,-22.3602],[-42.3429,-22.356],[-42.3428,-22.3562]]]}},{"type":"Feature","properties":{"cod_tema":"ARL_PROPOSTA","cod_imovel":"RJ-3303401-74288D0C27504AAE9D8FA9871A17BF46","num_area":"12.232600000000000000000000000000","ind_status":"AT"},"geometry":{"type":"Polygon","coordinates":[[[-42.4005,-22.3586],[-42.4068,-22.3591],[-42.4004,-22.3569],[-42.4005,-22.3586]]]}},{"type":"Feature","properties":{"cod_tema":"ARL_PROPOSTA","cod_imovel":"RJ-3303401-10876ED184444E6F8A2E264B622F5B1F","num_area":"9.4999000000000000000000000000000","ind_status":"AT"},"geometry":{"type":"Polygon","coordinates":[[[-42.6412,-22.22],[-42.6432,-22.2229],[-42.6469,-22.2212],[-42.6406,-22.219],[-42.6412,-22.22]]]}},{"type":"Feature","properties":{"cod_tema":"ARL_PROPOSTA","cod_imovel":"RJ-3303401-1C818D1252114773A8C3065D54D5D2CF","num_area":"17.021800000000000000000000000000","ind_status":"AT"},"geometry":{"type":"Polygon","coordinates":[[[-42.3352,-22.3072],[-42.3352,-22.3118],[-42.3396,-22.3034],[-42.3355,-22.3068],[-42.3352,-22.3072]]]}},{"type":"Feature","properties":{"cod_tema":"ARL_PROPOSTA","cod_imovel":"RJ-3303401-2C1AF1C853B04EE9BBBE718A3096C715","num_area":"9.6276000000000000000000000000000","ind_status":"AT"},"geometry":{"type":"Polygon","coordinates":[[[-42.6715,-22.2993],[-42.6703,-22.3025],[-42.6715,-22.2992],[-42.6715,-22.2993]],[[-42.6777,-22.2938],[-42.6744,-22.2941],[-42.6753,-22.2971],[-42.6775,-22.2945],[-42.6777,-22.2938]]]}},{"type":"Feature","properties":{"cod_tema":"ARL_PROPOSTA","cod_imovel":"RJ-3303401-B52698C7E0F24275B67ADF8319F72768","num_area":"2.4821000000000000000000000000000","ind_status":"AT"},"geometry":{"type":"Polygon","coordinates":[[[-42.3542,-22.314],[-42.3559,-22.3094],[-42.3546,-22.3126],[-42.3542,-22.314]]]}},{"type":"Feature","properties":{"cod_tema":"ARL_PROPOSTA","cod_imovel":"RJ-3303401-9FA8A6A163814E469E249E99DAD88389","num_area":"8.4283000000000000000000000000000","ind_status":"AT"},"geometry":{"type":"Polygon","coordinates":[[[-42.5949,-22.2914],[-42.5893,-22.2882],[-42.5941,-22.2911],[-42.5949,-22.2914]]]}},{"type":"Feature","properties":{"cod_tema":"ARL_PROPOSTA","cod_imovel":"RJ-3303401-E6319D98D4304241B1AF0CA9F3C58670","num_area":"3.2613000000000000000000000000000","ind_status":"AT"},"geometry":{"type":"Polygon","coordinates":[[[-42.4169,-22.2872],[-42.4189,-22.289],[-42.4178,-22.2866],[-42.4169,-22.2872]]]}},{"type":"Feature","properties":{"cod_tema":"ARL_PROPOSTA","cod_imovel":"RJ-3303401-9B83CDFB18D64CA9AC37A5EDDE578B5E","num_area":"11.881300000000000000000000000000","ind_status":"AT"},"geometry":{"type":"Polygon","coordinates":[[[-42.6687,-22.2506],[-42.6681,-22.2529],[-42.6705,-22.25],[-42.6687,-22.2506]],[[-42.6739,-22.2525],[-42.6771,-22.2538],[-42.6739,-22.2523],[-42.6739,-22.2525]]]}},{"type":"Feature","properties":{"cod_tema":"ARL_PROPOSTA","cod_imovel":"RJ-3303401-B9BC1E7A28424A86A54E91CBE0C1DF22","num_area":"12.331800000000000000000000000000","ind_status":"AT"},"geometry":{"type":"Polygon","coordinates":[[[-42.4391,-22.312],[-42.4468,-22.3175],[-42.4397,-22.312],[-42.4391,-22.312]]]}},{"type":"Feature","properties":{"cod_tema":"ARL_PROPOSTA","cod_imovel":"RJ-3303401-6B6FCF285B254D679D8C724D5B35FEF0","num_area":"11.003300000000000000000000000000","ind_status":"AT"},"geometry":{"type":"Polygon","coordinates":[[[-42.4025,-22.4034],[-42.4,-22.4009],[-42.3979,-22.4033],[-42.4025,-22.4034]]]}},{"type":"Feature","properties":{"cod_tema":"ARL_PROPOSTA","cod_imovel":"RJ-3303401-C8677651D77E4E6E89C3930DBE08F45E","num_area":"9.7273000000000000000000000000000","ind_status":"AT"},"geometry":{"type":"Polygon","coordinates":[[[-42.443,-22.2635],[-42.44,-22.2676],[-42.4415,-22.2708],[-42.4444,-22.2691],[-42.4403,-22.2679],[-42.443,-22.2635],[-42.443,-22.2635]]]}},{"type":"Feature","properties":{"cod_tema":"ARL_PROPOSTA","cod_imovel":"RJ-3303401-28F310878F9C4C478BE62BABBC88CD26","num_area":"7.2351000000000000000000000000000","ind_status":"AT"},"geometry":{"type":"Polygon","coordinates":[[[-42.422,-22.2878],[-42.4238,-22.2856],[-42.4192,-22.2858],[-42.4219,-22.2875],[-42.422,-22.2878]]]}},{"type":"Feature","properties":{"cod_tema":"ARL_PROPOSTA","cod_imovel":"RJ-3303401-B80CCDC6F8E74751AF3E52019AD74914","num_area":"6.9259000000000000000000000000000","ind_status":"AT"},"geometry":{"type":"Polygon","coordinates":[[[-42.6187,-22.2131],[-42.6188,-22.2105],[-42.6172,-22.2119],[-42.6187,-22.2131]],[[-42.6148,-22.2088],[-42.6114,-22.2088],[-42.6141,-22.2091],[-42.6148,-22.2088]]]}},{"type":"Feature","properties":{"cod_tema":"ARL_PROPOSTA","cod_imovel":"RJ-3303401-73545A09C79E4E6699B2AA65C2A2EB89","num_area":"2.8954000000000000000000000000000","ind_status":"AT"},"geometry":{"type":"Polygon","coordinates":[[[-42.6243,-22.2047],[-42.6259,-22.2027],[-42.6235,-22.2042],[-42.6243,-22.2047]]]}},{"type":"Feature","properties":{"cod_tema":"ARL_PROPOSTA","cod_imovel":"RJ-3303401-7AAF7B8634244E108970874638C44634","num_area":"5.2796000000000000000000000000000","ind_status":"AT"},"geometry":{"type":"Polygon","coordinates":[[[-42.4353,-22.3967],[-42.4386,-22.3971],[-42.4359,-22.3964],[-42.4353,-22.3967]],[[-42.4386,-22.3971],[-42.4361,-22.3963],[-42.438,-22.397],[-42.4386,-22.3971]]]}},{"type":"Feature","properties":{"cod_tema":"ARL_PROPOSTA","cod_imovel":"RJ-3303401-4D6E30C36DB747F7B93AE6E102EA087C","num_area":"9.9999000000000000000000000000000","ind_status":"AT"},"geometry":{"type":"Polygon","coordinates":[[[-42.39,-22.3342],[-42.388,-22.3383],[-42.3906,-22.3385],[-42.39,-22.3342]]]}},{"type":"Feature","properties":{"cod_tema":"ARL_PROPOSTA","cod_imovel":"RJ-3303401-BACE920A666D4107AB467F1702F8B4E9","num_area":"3.6620000000000000000000000000000","ind_status":"AT"},"geometry":{"type":"Polygon","coordinates":[[[-42.3069,-22.3214],[-42.3032,-22.3201],[-42.3067,-22.3217],[-42.3069,-22.3214]]]}},{"type":"Feature","properties":{"cod_tema":"ARL_PROPOSTA","cod_imovel":"RJ-3303401-99EFDCE5B29748E4932D2E0A5824346C","num_area":"3.7324000000000000000000000000000","ind_status":"AT"},"geometry":{"type":"Polygon","coordinates":[[[-42.4307,-22.2724],[-42.427,-22.2722],[-42.4306,-22.2726],[-42.4307,-22.2724]]]}},{"type":"Feature","properties":{"cod_tema":"ARL_PROPOSTA","cod_imovel":"RJ-3303401-54F42DDC0E924FEEB3376C48774B499B","num_area":"7.5352000000000000000000000000000","ind_status":"AT"},"geometry":{"type":"Polygon","coordinates":[[[-42.446,-22.3497],[-42.4496,-22.3463],[-42.4461,-22.3493],[-42.446,-22.3497]]]}},{"type":"Feature","properties":{"cod_tema":"ARL_PROPOSTA","cod_imovel":"RJ-3303401-CE856B322B79404885175C0D4B54839D","num_area":"8.0030000000000000000000000000000","ind_status":"AT"},"geometry":{"type":"Polygon","coordinates":[[[-42.3272,-22.3608],[-42.3273,-22.3561],[-42.3271,-22.361],[-42.3272,-22.3608]]]}},{"type":"Feature","properties":{"cod_tema":"ARL_PROPOSTA","cod_imovel":"RJ-3303401-5A0E7CA07B23454799972AA28479D55E","num_area":"12.012400000000000000000000000000","ind_status":"AT"},"geometry":{"type":"Polygon","coordinates":[[[-42.3212,-22.3574],[-42.3271,-22.3605],[-42.3223,-22.3576],[-42.3212,-22.3574]]]}},{"type":"Feature","properties":{"cod_tema":"ARL_PROPOSTA","cod_imovel":"RJ-3303401-3E9D2C67B76F4844A445EEB29AD989E1","num_area":"3.4361000000000000000000000000000","ind_status":"AT"},"geometry":{"type":"Polygon","coordinates":[[[-42.6646,-22.3495],[-42.6611,-22.3478],[-42.665,-22.3496],[-42.6646,-22.3495]]]}},{"type":"Feature","properties":{"cod_tema":"ARL_PROPOSTA","cod_imovel":"RJ-3303401-068AD46DDF22418698567B3F54871C80","num_area":"4.0473000000000000000000000000000","ind_status":"AT"},"geometry":{"type":"Polygon","coordinates":[[[-42.4885,-22.1933],[-42.4908,-22.1918],[-42.4888,-22.1924],[-42.4885,-22.1933]]]}},{"type":"Feature","properties":{"cod_tema":"ARL_PROPOSTA","cod_imovel":"RJ-3303401-B533094326E74CA984F3FC5F0FD58CFC","num_area":"14.518100000000000000000000000000","ind_status":"AT"},"geometry":{"type":"Polygon","coordinates":[[[-42.3447,-22.3265],[-42.3488,-22.3288],[-42.3444,-22.3313],[-42.3498,-22.3313],[-42.3498,-22.3279],[-42.345,-22.3265],[-42.3447,-22.3265]]]}},{"type":"Feature","properties":{"cod_tema":"ARL_PROPOSTA","cod_imovel":"RJ-3303401-9775CACF92604105A90E63E1EB34832F","num_area":"28.593400000000000000000000000000","ind_status":"AT"},"geometry":{"type":"Polygon","coordinates":[[[-42.2924,-22.3409],[-42.2887,-22.3435],[-42.2926,-22.3501],[-42.2941,-22.3464],[-42.2902,-22.3448],[-42.2932,-22.341],[-42.2924,-22.3409]]]}},{"type":"Feature","properties":{"cod_tema":"ARL_PROPOSTA","cod_imovel":"RJ-3303401-703D50A4C6414C52ACD514F24E9E702C","num_area":"19.528600000000000000000000000000","ind_status":"AT"},"geometry":{"type":"Polygon","coordinates":[[[-42.4995,-22.4047],[-42.4993,-22.3984],[-42.4958,-22.4021],[-42.4979,-22.4045],[-42.4995,-22.4047]]]}},{"type":"Feature","properties":{"cod_tema":"ARL_PROPOSTA","cod_imovel":"RJ-3303401-E3452EB4E7D94419BC9B06F354EF35E0","num_area":"34.113000000000000000000000000000","ind_status":"AT"},"geometry":{"type":"Polygon","coordinates":[[[-42.4827,-22.4073],[-42.4771,-22.4081],[-42.4838,-22.413],[-42.4837,-22.407],[-42.4827,-22.4073]]]}},{"type":"Feature","properties":{"cod_tema":"ARL_PROPOSTA","cod_imovel":"RJ-3303401-88528B1C44FC4A95883CB35909AD16B7","num_area":"2.8882000000000000000000000000000","ind_status":"AT"},"geometry":{"type":"Polygon","coordinates":[[[-42.6951,-22.2828],[-42.6924,-22.2834],[-42.6949,-22.284],[-42.6951,-22.2828]]]}},{"type":"Feature","properties":{"cod_tema":"ARL_PROPOSTA","cod_imovel":"RJ-3303401-EED69669386A41119AFE85609F8CBFA7","num_area":"6.7358000000000000000000000000000","ind_status":"AT"},"geometry":{"type":"Polygon","coordinates":[[[-42.5179,-22.203],[-42.5149,-22.2004],[-42.5176,-22.2033],[-42.5179,-22.203]],[[-42.517,-22.199],[-42.5146,-22.1994],[-42.517,-22.199],[-42.517,-22.199]]]}},{"type":"Feature","properties":{"cod_tema":"ARL_PROPOSTA","cod_imovel":"RJ-3303401-C7358F8C01E84D38B9FECB8B8749A07F","num_area":"3.5060000000000000000000000000000","ind_status":"AT"},"geometry":{"type":"Polygon","coordinates":[[[-42.4591,-22.2852],[-42.4571,-22.2837],[-42.4591,-22.2852],[-42.4591,-22.2852]],[[-42.4594,-22.2852],[-42.458,-22.2834],[-42.4593,-22.285],[-42.4594,-22.2852]]]}},{"type":"Feature","properties":{"cod_tema":"ARL_PROPOSTA","cod_imovel":"RJ-3303401-BEA49D2F93FF47869DAAE95E4678E7B4","num_area":"22.816800000000000000000000000000","ind_status":"AT"},"geometry":{"type":"Polygon","coordinates":[[[-42.5881,-22.2448],[-42.5832,-22.2491],[-42.5863,-22.2508],[-42.5893,-22.2455],[-42.5881,-22.2448]]]}},{"type":"Feature","properties":{"cod_tema":"ARL_PROPOSTA","cod_imovel":"RJ-3303401-BC223FA10B0048A2BE7418D6D9044B28","num_area":"2.8016000000000000000000000000000","ind_status":"AT"},"geometry":{"type":"Polygon","coordinates":[[[-42.4283,-22.351],[-42.4309,-22.3519],[-42.4283,-22.3506],[-42.4283,-22.351]]]}},{"type":"Feature","properties":{"cod_tema":"ARL_PROPOSTA","cod_imovel":"RJ-3303401-96E1DAA598B444D0820BB5AAB8142BBF","num_area":"3.8204000000000000000000000000000","ind_status":"AT"},"geometry":{"type":"Polygon","coordinates":[[[-42.4399,-22.2863],[-42.4362,-22.2849],[-42.4395,-22.2867],[-42.4399,-22.2863]]]}},{"type":"Feature","properties":{"cod_tema":"ARL_PROPOSTA","cod_imovel":"RJ-3303401-E6BB25EF6BEE49988D9E52B2E164ADF5","num_area":"6.9171000000000000000000000000000","ind_status":"AT"},"geometry":{"type":"Polygon","coordinates":[[[-42.4137,-22.3502],[-42.4143,-22.3469],[-42.4115,-22.3491],[-42.4137,-22.3502]]]}},{"type":"Feature","properties":{"cod_tema":"ARL_PROPOSTA","cod_imovel":"RJ-3303401-9F346A882A924FAA97CC8D45775194EC","num_area":"8.6685000000000000000000000000000","ind_status":"AT"},"geometry":{"type":"Polygon","coordinates":[[[-42.4916,-22.2183],[-42.4942,-22.2196],[-42.4954,-22.2165],[-42.4931,-22.2167],[-42.4916,-22.2183]],[[-42.4954,-22.2149],[-42.4928,-22.2147],[-42.4954,-22.2151],[-42.4954,-22.2149]]]}},{"type":"Feature","properties":{"cod_tema":"ARL_PROPOSTA","cod_imovel":"RJ-3303401-36BEFDA7317E4756A6300A82B2859C49","num_area":"3.8006000000000000000000000000000","ind_status":"AT"},"geometry":{"type":"Polygon","coordinates":[[[-42.3039,-22.3571],[-42.3066,-22.3572],[-42.3036,-22.357],[-42.3039,-22.3571]],[[-42.3058,-22.3577],[-42.3106,-22.3569],[-42.306,-22.3576],[-42.3058,-22.3577]]]}},{"type":"Feature","properties":{"cod_tema":"ARL_PROPOSTA","cod_imovel":"RJ-3303401-1653276FA435451E8CDF76EDEABBFBC3","num_area":"11.986100000000000000000000000000","ind_status":"AT"},"geometry":{"type":"Polygon","coordinates":[[[-42.6037,-22.3011],[-42.6032,-22.2986],[-42.5982,-22.2994],[-42.6037,-22.3011],[-42.6037,-22.3011]]]}},{"type":"Feature","properties":{"cod_tema":"ARL_PROPOSTA","cod_imovel":"RJ-3303401-C4BC62456F5A46D0B6D3918E4764F49E","num_area":"7.1246000000000000000000000000000","ind_status":"CA"},"geometry":{"type":"Polygon","coordinates":[[[-42.389,-22.3342],[-42.3919,-22.3335],[-42.3893,-22.3323],[-42.389,-22.3342]]]}},{"type":"Feature","properties":{"cod_tema":"ARL_PROPOSTA","cod_imovel":"RJ-3303401-E7963E51B71043EF9BFA0B404752BEC2","num_area":"6.8741000000000000000000000000000","ind_status":"AT"},"geometry":{"type":"Polygon","coordinates":[[[-42.3558,-22.3956],[-42.3525,-22.3938],[-42.352,-22.3959],[-42.3558,-22.3959],[-42.3558,-22.3956]]]}},{"type":"Feature","properties":{"cod_tema":"ARL_PROPOSTA","cod_imovel":"RJ-3303401-39467D7E53C44193AC854B7DAE8C3A07","num_area":"3.0059000000000000000000000000000","ind_status":"AT"},"geometry":{"type":"Polygon","coordinates":[[[-42.6498,-22.3708],[-42.6488,-22.3729],[-42.6498,-22.3708],[-42.6498,-22.3708]]]}},{"type":"Feature","properties":{"cod_tema":"ARL_PROPOSTA","cod_imovel":"RJ-3303401-B74A9522D0DB4830884A8F0C26A6419B","num_area":"2.7959000000000000000000000000000","ind_status":"AT"},"geometry":{"type":"Polygon","coordinates":[[[-42.2927,-22.3023],[-42.2906,-22.3005],[-42.2923,-22.3024],[-42.2927,-22.3023]]]}},{"type":"Feature","properties":{"cod_tema":"ARL_PROPOSTA","cod_imovel":"RJ-3303401-D06B0CBF27EA4FD6820BB8C160D4F87A","num_area":"9.9488000000000000000000000000000","ind_status":"AT"},"geometry":{"type":"Polygon","coordinates":[[[-42.4336,-22.2829],[-42.4372,-22.2837],[-42.4359,-22.2811],[-42.4336,-22.2829]]]}},{"type":"Feature","properties":{"cod_tema":"ARL_PROPOSTA","cod_imovel":"RJ-3303401-E8E1952B171648A395CC7675D5DA535F","num_area":"9.1114000000000000000000000000000","ind_status":"AT"},"geometry":{"type":"Polygon","coordinates":[[[-42.4873,-22.2609],[-42.4872,-22.2581],[-42.4841,-22.259],[-42.4868,-22.2609],[-42.4873,-22.2609]]]}},{"type":"Feature","properties":{"cod_tema":"ARL_PROPOSTA","cod_imovel":"RJ-3303401-76C2F4D4ADC64C6C9417798047159523","num_area":"11.694800000000000000000000000000","ind_status":"AT"},"geometry":{"type":"Polygon","coordinates":[[[-42.4161,-22.2825],[-42.416,-22.2876],[-42.4189,-22.2876],[-42.4161,-22.2825],[-42.4161,-22.2825]]]}},{"type":"Feature","properties":{"cod_tema":"ARL_PROPOSTA","cod_imovel":"RJ-3303401-B7F46BBEE760433C8595D3CE9AE6659E","num_area":"26.033100000000000000000000000000","ind_status":"AT"},"geometry":{"type":"Polygon","coordinates":[[[-42.4672,-22.2704],[-42.4649,-22.2673],[-42.4625,-22.2716],[-42.4657,-22.2752],[-42.4677,-22.2703],[-42.4672,-22.2704]]]}},{"type":"Feature","properties":{"cod_tema":"ARL_PROPOSTA","cod_imovel":"RJ-3303401-247C090F0204417EBF47D231B3B973B1","num_area":"4.3082000000000000000000000000000","ind_status":"AT"},"geometry":{"type":"Polygon","coordinates":[[[-42.3435,-22.3394],[-42.3399,-22.3401],[-42.3432,-22.3407],[-42.3435,-22.3394]]]}},{"type":"Feature","properties":{"cod_tema":"ARL_PROPOSTA","cod_imovel":"RJ-3303401-6D4C69BA97294A718E02832C7D91E516","num_area":"21.823200000000000000000000000000","ind_status":"AT"},"geometry":{"type":"Polygon","coordinates":[[[-42.4647,-22.2778],[-42.4662,-22.282],[-42.4648,-22.2779],[-42.4647,-22.2778]],[[-42.4681,-22.2701],[-42.4663,-22.2756],[-42.4702,-22.2703],[-42.4681,-22.2701]]]}},{"type":"Feature","properties":{"cod_tema":"ARL_PROPOSTA","cod_imovel":"RJ-3303401-827BAE20CC2B42C2B2D7DF8054078750","num_area":"2.1535000000000000000000000000000","ind_status":"AT"},"geometry":{"type":"Polygon","coordinates":[[[-42.5671,-22.3426],[-42.5689,-22.3471],[-42.5672,-22.3425],[-42.5671,-22.3426]]]}},{"type":"Feature","properties":{"cod_tema":"ARL_PROPOSTA","cod_imovel":"RJ-3303401-1F6C90070CBB45BFBDF2D7C5A9903E9B","num_area":"1.3650000000000000000000000000000","ind_status":"AT"},"geometry":{"type":"Polygon","coordinates":[[[-42.6288,-22.3161],[-42.6275,-22.3178],[-42.6291,-22.3166],[-42.6288,-22.3161]]]}},{"type":"Feature","properties":{"cod_tema":"ARL_PROPOSTA","cod_imovel":"RJ-3303401-D34B22E4E1A8461BADD586A857ACCC20","num_area":"5.7493000000000000000000000000000","ind_status":"AT"},"geometry":{"type":"Polygon","coordinates":[[[-42.4399,-22.3544],[-42.4408,-22.3584],[-42.44,-22.3539],[-42.4399,-22.3544]]]}},{"type":"Feature","properties":{"cod_tema":"ARL_PROPOSTA","cod_imovel":"RJ-3303401-02D78A82D0D249F3A7245704B8B45AE3","num_area":"1.7476000000000000000000000000000","ind_status":"AT"},"geometry":{"type":"Polygon","coordinates":[[[-42.3195,-22.321],[-42.317,-22.3194],[-42.3194,-22.321],[-42.3195,-22.321]]]}},{"type":"Feature","properties":{"cod_tema":"ARL_PROPOSTA","cod_imovel":"RJ-3303401-267A0F597E3149E292ADC0CF8245F94F","num_area":"1.8948000000000000000000000000000","ind_status":"AT"},"geometry":{"type":"Polygon","coordinates":[[[-42.3424,-22.3401],[-42.339,-22.3399],[-42.3425,-22.3401],[-42.3424,-22.3401]],[[-42.3386,-22.3395],[-42.3364,-22.3377],[-42.3386,-22.3396],[-42.3386,-22.3395]]]}},{"type":"Feature","properties":{"cod_tema":"ARL_PROPOSTA","cod_imovel":"RJ-3303401-6A9E41925DFB425597985DCBD21F702C","num_area":"6.0196000000000000000000000000000","ind_status":"PE"},"geometry":{"type":"Polygon","coordinates":[[[-42.527,-22.357],[-42.528,-22.3542],[-42.525,-22.3562],[-42.527,-22.357]]]}},{"type":"Feature","properties":{"cod_tema":"ARL_PROPOSTA","cod_imovel":"RJ-3303401-A726F4C34AB24363926F3411E76637FB","num_area":"5.0873000000000000000000000000000","ind_status":"AT"},"geometry":{"type":"Polygon","coordinates":[[[-42.4548,-22.3956],[-42.4547,-22.3983],[-42.4548,-22.3956],[-42.4548,-22.3956]]]}},{"type":"Feature","properties":{"cod_tema":"ARL_PROPOSTA","cod_imovel":"RJ-3303401-C7D78D99EAE74954BC7B63A3E4DCE890","num_area":"5.3534000000000000000000000000000","ind_status":"AT"},"geometry":{"type":"Polygon","coordinates":[[[-42.4756,-22.2196],[-42.4723,-22.2201],[-42.4756,-22.2196],[-42.4756,-22.2196]],[[-42.4724,-22.2165],[-42.4714,-22.2189],[-42.4724,-22.2165],[-42.4724,-22.2165]]]}},{"type":"Feature","properties":{"cod_tema":"ARL_PROPOSTA","cod_imovel":"RJ-3303401-C6AB28A6A3AA4CC68E99BC0273C2154C","num_area":"5.8831000000000000000000000000000","ind_status":"AT"},"geometry":{"type":"Polygon","coordinates":[[[-42.4984,-22.4352],[-42.5012,-22.4351],[-42.4996,-22.4329],[-42.4984,-22.4352]]]}},{"type":"Feature","properties":{"cod_tema":"ARL_PROPOSTA","cod_imovel":"RJ-3303401-370028F977B14219AB24477D72196D9A","num_area":"17.457900000000000000000000000000","ind_status":"AT"},"geometry":{"type":"Polygon","coordinates":[[[-42.584,-22.3278],[-42.5821,-22.3237],[-42.5804,-22.3292],[-42.584,-22.3278]]]}},{"type":"Feature","properties":{"cod_tema":"ARL_PROPOSTA","cod_imovel":"RJ-3303401-F6A7AA95DD81413CBE471372358D7F17","num_area":"1.4196000000000000000000000000000","ind_status":"AT"},"geometry":{"type":"Polygon","coordinates":[[[-42.5729,-22.2387],[-42.5692,-22.2361],[-42.5728,-22.2389],[-42.5729,-22.2387]]]}},{"type":"Feature","properties":{"cod_tema":"ARL_PROPOSTA","cod_imovel":"RJ-3303401-26764C7EDC1D44CC90EAE5E0058B09D2","num_area":"2.1506000000000000000000000000000","ind_status":"AT"},"geometry":{"type":"Polygon","coordinates":[[[-42.6396,-22.2156],[-42.6419,-22.2143],[-42.6389,-22.2148],[-42.6396,-22.2156]]]}},{"type":"Feature","properties":{"cod_tema":"ARL_PROPOSTA","cod_imovel":"RJ-3303401-BE1C9B3D93734A3B92F58C6D9A960FB8","num_area":"4.5505000000000000000000000000000","ind_status":"AT"},"geometry":{"type":"Polygon","coordinates":[[[-42.5765,-22.3205],[-42.5765,-22.3227],[-42.5787,-22.321],[-42.5765,-22.3205]]]}},{"type":"Feature","properties":{"cod_tema":"ARL_PROPOSTA","cod_imovel":"RJ-3303401-17E949996B9B454DAFFDB27D9DF35480","num_area":"5.0504000000000000000000000000000","ind_status":"AT"},"geometry":{"type":"Polygon","coordinates":[[[-42.5743,-22.3268],[-42.5752,-22.329],[-42.5744,-22.3268],[-42.5743,-22.3268]]]}},{"type":"Feature","properties":{"cod_tema":"ARL_PROPOSTA","cod_imovel":"RJ-3303401-A91F7596C8FB49A093A6FD4B873DF239","num_area":"2.5412000000000000000000000000000","ind_status":"AT"},"geometry":{"type":"Polygon","coordinates":[[[-42.5778,-22.3283],[-42.5797,-22.3295],[-42.5777,-22.3282],[-42.5778,-22.3283]]]}}]}