{"type":"FeatureCollection","features":[{"type":"Feature","properties":{"cod_tema":"ARL_PROPOSTA","cod_imovel":"RJ-3304706-C87E532C61094AA1B3319A56D69AE450","num_area":"14.788000000000000000000000000000","ind_status":"AT"},"geometry":{"type":"Polygon","coordinates":[[[-42.3067,-21.546],[-42.3001,-21.547],[-42.3063,-21.5491],[-42.3073,-21.5467],[-42.3064,-21.5492],[-42.3068,-21.546],[-42.3067,-21.546]]]}},{"type":"Feature","properties":{"cod_tema":"ARL_PROPOSTA","cod_imovel":"RJ-3304706-24F5989B8B6F4090B7CFB0AD33BA3D5D","num_area":"11.182200000000000000000000000000","ind_status":"AT"},"geometry":{"type":"Polygon","coordinates":[[[-42.1826,-21.6041],[-42.1808,-21.6056],[-42.1829,-21.6045],[-42.1826,-21.6041]],[[-42.1908,-21.602],[-42.188,-21.6037],[-42.1892,-21.6067],[-42.1908,-21.6022],[-42.1908,-21.602]]]}},{"type":"Feature","properties":{"cod_tema":"ARL_PROPOSTA","cod_imovel":"RJ-3304706-A01C822B586C43D5AFFE3E5465AA1882","num_area":"1.6735000000000000000000000000000","ind_status":"AT"},"geometry":{"type":"Polygon","coordinates":[[[-42.2503,-21.6548],[-42.252,-21.6561],[-42.2503,-21.6548],[-42.2503,-21.6548]]]}},{"type":"Feature","properties":{"cod_tema":"ARL_PROPOSTA","cod_imovel":"RJ-3304706-6BEB43A728D147E9A57B9CA834C11CBA","num_area":"1.1002000000000000000000000000000","ind_status":"AT"},"geometry":{"type":"Polygon","coordinates":[[[-42.153,-21.5709],[-42.1556,-21.5687],[-42.153,-21.5708],[-42.153,-21.5709]]]}},{"type":"Feature","properties":{"cod_tema":"ARL_PROPOSTA","cod_imovel":"RJ-3304706-EEDFE393A1774BF6AD3CF5BC74E77151","num_area":"11.566100000000000000000000000000","ind_status":"AT"},"geometry":{"type":"Polygon","coordinates":[[[-42.1677,-21.4996],[-42.1691,-21.4977],[-42.1628,-21.5001],[-42.1668,-21.4999],[-42.1677,-21.4996]]]}},{"type":"Feature","properties":{"cod_tema":"ARL_PROPOSTA","cod_imovel":"RJ-3304706-80F4361F7F5B4C11A22CB1DFC3B423C3","num_area":"26.730000000000000000000000000000","ind_status":"AT"},"geometry":{"type":"Polygon","coordinates":[[[-42.1713,-21.4918],[-42.1682,-21.4932],[-42.1728,-21.4932],[-42.1711,-21.496],[-42.1767,-21.495],[-42.172,-21.4919],[-42.1713,-21.4918]]]}},{"type":"Feature","properties":{"cod_tema":"ARL_PROPOSTA","cod_imovel":"RJ-3304706-18A44532B1124606995EE21B1BB8741F","num_area":"6.5997000000000000000000000000000","ind_status":"AT"},"geometry":{"type":"Polygon","coordinates":[[[-42.0596,-21.5022],[-42.0629,-21.5009],[-42.0596,-21.5021],[-42.0596,-21.5022]]]}},{"type":"Feature","properties":{"cod_tema":"ARL_PROPOSTA","cod_imovel":"RJ-3304706-81500CC78ACB45B6BD358F9055419438","num_area":"7.8229000000000000000000000000000","ind_status":"AT"},"geometry":{"type":"Polygon","coordinates":[[[-42.2014,-21.5544],[-42.2063,-21.5551],[-42.2015,-21.5544],[-42.2014,-21.5544]]]}},{"type":"Feature","properties":{"cod_tema":"ARL_PROPOSTA","cod_imovel":"RJ-3304706-28709A73A86843859D4C680B1E747F6C","num_area":"4.8933000000000000000000000000000","ind_status":"AT"},"geometry":{"type":"Polygon","coordinates":[[[-42.2505,-21.4523],[-42.2529,-21.4534],[-42.253,-21.451],[-42.2497,-21.4523],[-42.2505,-21.4523]]]}},{"type":"Feature","properties":{"cod_tema":"ARL_PROPOSTA","cod_imovel":"RJ-3304706-3456C78640C8442791DED8CDC6C18ED1","num_area":"6.9952000000000000000000000000000","ind_status":"AT"},"geometry":{"type":"Polygon","coordinates":[[[-42.3418,-21.6371],[-42.3453,-21.6397],[-42.3422,-21.637],[-42.3418,-21.6371]]]}},{"type":"Feature","properties":{"cod_tema":"ARL_PROPOSTA","cod_imovel":"RJ-3304706-3D779507E1A7462BB9423C984CB12BE4","num_area":"4.9819000000000000000000000000000","ind_status":"AT"},"geometry":{"type":"Polygon","coordinates":[[[-42.0708,-21.4519],[-42.0735,-21.451],[-42.072,-21.4487],[-42.0708,-21.4517],[-42.0708,-21.4519]]]}},{"type":"Feature","properties":{"cod_tema":"ARL_PROPOSTA","cod_imovel":"RJ-3304706-259942FAAFE14470B22A6ACCEA537E60","num_area":"2.2044000000000000000000000000000","ind_status":"AT"},"geometry":{"type":"Polygon","coordinates":[[[-42.0584,-21.4627],[-42.0562,-21.4629],[-42.0584,-21.4627],[-42.0584,-21.4627]]]}},{"type":"Feature","properties":{"cod_tema":"ARL_PROPOSTA","cod_imovel":"RJ-3304706-40150CABC4C54F72ABFC77666157DEFD","num_area":"38.694900000000000000000000000000","ind_status":"AT"},"geometry":{"type":"Polygon","coordinates":[[[-42.2173,-21.5277],[-42.2168,-21.5233],[-42.2163,-21.5269],[-42.2173,-21.5277]],[[-42.2174,-21.5277],[-42.2196,-21.5265],[-42.2174,-21.5276],[-42.2174,-21.5277]],[[-42.2196,-21.5265],[-42.2216,-21.5208],[-42.2196,-21.5265],[-42.2196,-21.5265]],[[-42.2216,-21.5208],[-42.2188,-21.5187],[-42.2166,-21.522],[-42.2186,-21.5237],[-42.2215,-21.5208],[-42.2216,-21.5208]]]}},{"type":"Feature","properties":{"cod_tema":"ARL_PROPOSTA","cod_imovel":"RJ-3304706-19D55D1C17BC43329EAE033CDAF41BA9","num_area":"11.092700000000000000000000000000","ind_status":"AT"},"geometry":{"type":"Polygon","coordinates":[[[-42.2764,-21.5723],[-42.273,-21.567],[-42.2757,-21.5719],[-42.2764,-21.5723]]]}},{"type":"Feature","properties":{"cod_tema":"ARL_PROPOSTA","cod_imovel":"RJ-3304706-CA8A084ED2F040F286A43458ECF921C6","num_area":"2.8521000000000000000000000000000","ind_status":"AT"},"geometry":{"type":"Polygon","coordinates":[[[-42.3193,-21.6252],[-42.3177,-21.6269],[-42.3215,-21.626],[-42.3196,-21.6252],[-42.3193,-21.6252]]]}},{"type":"Feature","properties":{"cod_tema":"ARL_PROPOSTA","cod_imovel":"RJ-3304706-B809A1C0FEFB455E9F1D539CF8E29CE8","num_area":"38.635800000000000000000000000000","ind_status":"PE"},"geometry":{"type":"Polygon","coordinates":[[[-42.3114,-21.5918],[-42.3136,-21.591],[-42.3114,-21.5917],[-42.3114,-21.5918]],[[-42.3262,-21.5931],[-42.3196,-21.5946],[-42.3256,-21.5969],[-42.3257,-21.594],[-42.3262,-21.5931]],[[-42.3213,-21.5954],[-42.3185,-21.5957],[-42.3251,-21.6001],[-42.3252,-21.5961],[-42.3213,-21.5954],[-42.3213,-21.5954]]]}},{"type":"Feature","properties":{"cod_tema":"ARL_APROVADA_NAO_AVERBADA","cod_imovel":"RJ-3304706-9E631ABF71B547C9A7B7514CD2A1956E","num_area":"4.6028000000000000000000000000000","ind_status":"AT"},"geometry":{"type":"Polygon","coordinates":[[[-42.3508,-21.6214],[-42.3492,-21.619],[-42.3503,-21.6218],[-42.3508,-21.6214]]]}},{"type":"Feature","properties":{"cod_tema":"ARL_PROPOSTA","cod_imovel":"RJ-3304706-130C643389824AC9AA0D18C73DF26C35","num_area":"10.134700000000000000000000000000","ind_status":"AT"},"geometry":{"type":"Polygon","coordinates":[[[-42.1646,-21.5596],[-42.1621,-21.5642],[-42.1656,-21.5594],[-42.1646,-21.5596]]]}},{"type":"Feature","properties":{"cod_tema":"ARL_APROVADA_NAO_AVERBADA","cod_imovel":"RJ-3304706-988B9216488E4D6CB87F0F5F4E286176","num_area":"6.3418000000000000000000000000000","ind_status":"AT"},"geometry":{"type":"Polygon","coordinates":[[[-42.1642,-21.5638],[-42.166,-21.5619],[-42.1645,-21.5635],[-42.1642,-21.5638]]]}},{"type":"Feature","properties":{"cod_tema":"ARL_PROPOSTA","cod_imovel":"RJ-3304706-B2AE4C6817864342BC0AA3937D75EDFD","num_area":"17.533700000000000000000000000000","ind_status":"AT"},"geometry":{"type":"Polygon","coordinates":[[[-42.0764,-21.5426],[-42.0743,-21.5437],[-42.0762,-21.5497],[-42.0764,-21.5426],[-42.0764,-21.5426]]]}},{"type":"Feature","properties":{"cod_tema":"ARL_PROPOSTA","cod_imovel":"RJ-3304706-2FBFE28DC77E4087B9E399C41E5AE0AC","num_area":"5.9947000000000000000000000000000","ind_status":"AT"},"geometry":{"type":"Polygon","coordinates":[[[-42.181,-21.6018],[-42.1803,-21.6052],[-42.1825,-21.6034],[-42.181,-21.6018]]]}},{"type":"Feature","properties":{"cod_tema":"ARL_PROPOSTA","cod_imovel":"RJ-3304706-03F9F87BCB3848199B35225EB30AC63B","num_area":"3.5661000000000000000000000000000","ind_status":"AT"},"geometry":{"type":"Polygon","coordinates":[[[-42.0724,-21.5628],[-42.0745,-21.5639],[-42.0724,-21.5627],[-42.0724,-21.5628]]]}},{"type":"Feature","properties":{"cod_tema":"ARL_PROPOSTA","cod_imovel":"RJ-3304706-01125EA612784EB1896273699D9FD932","num_area":"2.8961000000000000000000000000000","ind_status":"AT"},"geometry":{"type":"Polygon","coordinates":[[[-42.2085,-21.5764],[-42.2062,-21.573],[-42.2076,-21.5754],[-42.2085,-21.5764]]]}},{"type":"Feature","properties":{"cod_tema":"ARL_PROPOSTA","cod_imovel":"RJ-3304706-0137699198684A92AEFB07329CEBF4E2","num_area":"4.4334000000000000000000000000000","ind_status":"AT"},"geometry":{"type":"Polygon","coordinates":[[[-42.3547,-21.6258],[-42.3533,-21.6242],[-42.3547,-21.6258],[-42.3547,-21.6258]]]}},{"type":"Feature","properties":{"cod_tema":"ARL_PROPOSTA","cod_imovel":"RJ-3304706-01F4992295C64234AB19A5E460F7ED8D","num_area":"25.744800000000000000000000000000","ind_status":"AT"},"geometry":{"type":"Polygon","coordinates":[[[-42.2068,-21.6068],[-42.2074,-21.604],[-42.201,-21.599],[-42.2045,-21.6045],[-42.2068,-21.6068]]]}},{"type":"Feature","properties":{"cod_tema":"ARL_PROPOSTA","cod_imovel":"RJ-3304706-03DCB3B869DB4DB1B777E6C31B3EFFFF","num_area":"5.6005000000000000000000000000000","ind_status":"AT"},"geometry":{"type":"Polygon","coordinates":[[[-42.2614,-21.5866],[-42.2583,-21.5883],[-42.2613,-21.5877],[-42.2614,-21.5866]]]}},{"type":"Feature","properties":{"cod_tema":"ARL_PROPOSTA","cod_imovel":"RJ-3304706-046433152BD64E5AB2613B23C23518A0","num_area":"18.907200000000000000000000000000","ind_status":"AT"},"geometry":{"type":"Polygon","coordinates":[[[-42.2128,-21.5549],[-42.2085,-21.546],[-42.2073,-21.5495],[-42.2118,-21.555],[-42.2128,-21.5549]]]}},{"type":"Feature","properties":{"cod_tema":"ARL_PROPOSTA","cod_imovel":"RJ-3304706-02CC319140D94B94B71AA47B8B76606B","num_area":"30.416400000000000000000000000000","ind_status":"AT"},"geometry":{"type":"Polygon","coordinates":[[[-42.0481,-21.4954],[-42.0436,-21.5007],[-42.0456,-21.5019],[-42.0489,-21.5002],[-42.0486,-21.4951],[-42.0481,-21.4954]],[[-42.0469,-21.5026],[-42.0518,-21.503],[-42.0514,-21.4989],[-42.0466,-21.5024],[-42.0469,-21.5026]],[[-42.0512,-21.499],[-42.0469,-21.5023],[-42.0512,-21.499],[-42.0512,-21.499]]]}},{"type":"Feature","properties":{"cod_tema":"ARL_PROPOSTA","cod_imovel":"RJ-3304706-035EA6D893ED4651A154BBD4F0301B28","num_area":"4.7744000000000000000000000000000","ind_status":"AT"},"geometry":{"type":"Polygon","coordinates":[[[-42.1831,-21.4774],[-42.1855,-21.48],[-42.1832,-21.4774],[-42.1831,-21.4774]]]}},{"type":"Feature","properties":{"cod_tema":"ARL_PROPOSTA","cod_imovel":"RJ-3304706-062D64330A8649B4A017CAA9416EA1B1","num_area":"7.7960000000000000000000000000000","ind_status":"AT"},"geometry":{"type":"Polygon","coordinates":[[[-42.1531,-21.494],[-42.1564,-21.4961],[-42.154,-21.4933],[-42.1531,-21.494]]]}},{"type":"Feature","properties":{"cod_tema":"ARL_PROPOSTA","cod_imovel":"RJ-3304706-068DC9128B1F4DA3B0A6D2B7E92AFF0B","num_area":"6.9587000000000000000000000000000","ind_status":"AT"},"geometry":{"type":"Polygon","coordinates":[[[-42.1035,-21.593],[-42.1071,-21.5919],[-42.1029,-21.5924],[-42.1035,-21.593]],[[-42.0966,-21.5901],[-42.1044,-21.589],[-42.0967,-21.59],[-42.0966,-21.5901]],[[-42.1054,-21.5911],[-42.0997,-21.5926],[-42.1052,-21.5912],[-42.1054,-21.5911]],[[-42.1044,-21.589],[-42.0981,-21.5903],[-42.1044,-21.589],[-42.1044,-21.589]],[[-42.106,-21.5906],[-42.1045,-21.589],[-42.1057,-21.5908],[-42.106,-21.5906]]]}},{"type":"Feature","properties":{"cod_tema":"ARL_PROPOSTA","cod_imovel":"RJ-3304706-07AE1ED65B724B1586DFF2154547A23F","num_area":"67.455000000000000000000000000000","ind_status":"PE"},"geometry":{"type":"Polygon","coordinates":[[[-42.3264,-21.5928],[-42.3259,-21.5955],[-42.328,-21.5926],[-42.3264,-21.5928]],[[-42.336,-21.5849],[-42.3377,-21.578],[-42.3321,-21.5843],[-42.3352,-21.5854],[-42.336,-21.5849]],[[-42.3449,-21.5957],[-42.3501,-21.5877],[-42.3434,-21.5874],[-42.342,-21.5942],[-42.3462,-21.5906],[-42.3435,-21.5942],[-42.3449,-21.5957]]]}},{"type":"Feature","properties":{"cod_tema":"ARL_PROPOSTA","cod_imovel":"RJ-3304706-0AA8766593B54A1DAA3489E0B5060C04","num_area":"3.4661000000000000000000000000000","ind_status":"AT"},"geometry":{"type":"Polygon","coordinates":[[[-42.2366,-21.5745],[-42.236,-21.5766],[-42.2371,-21.5743],[-42.2366,-21.5745]]]}},{"type":"Feature","properties":{"cod_tema":"ARL_PROPOSTA","cod_imovel":"RJ-3304706-0BF4E9E9F1A84EBEA3172A9E6111BAA5","num_area":"1.6131000000000000000000000000000","ind_status":"AT"},"geometry":{"type":"Polygon","coordinates":[[[-42.0356,-21.4442],[-42.0385,-21.4426],[-42.0356,-21.4442],[-42.0356,-21.4442]]]}},{"type":"Feature","properties":{"cod_tema":"ARL_PROPOSTA","cod_imovel":"RJ-3304706-0E60B4E68AE74CF4908A226BC5BA3E17","num_area":"3.2887000000000000000000000000000","ind_status":"AT"},"geometry":{"type":"Polygon","coordinates":[[[-42.2789,-21.6025],[-42.2758,-21.602],[-42.279,-21.6025],[-42.2789,-21.6025]]]}},{"type":"Feature","properties":{"cod_tema":"ARL_PROPOSTA","cod_imovel":"RJ-3304706-0EA333840EED41598432034C899DEFB2","num_area":"7.8150000000000000000000000000000","ind_status":"AT"},"geometry":{"type":"Polygon","coordinates":[[[-42.0927,-21.4703],[-42.0887,-21.471],[-42.0934,-21.4706],[-42.0927,-21.4703]]]}},{"type":"Feature","properties":{"cod_tema":"ARL_PROPOSTA","cod_imovel":"RJ-3304706-121F2BA9D1404335B4B74DF5133A8303","num_area":"2.0900000000000000000000000000000","ind_status":"AT"},"geometry":{"type":"Polygon","coordinates":[[[-42.191,-21.6242],[-42.1902,-21.6264],[-42.1912,-21.6243],[-42.191,-21.6242]]]}},{"type":"Feature","properties":{"cod_tema":"ARL_PROPOSTA","cod_imovel":"RJ-3304706-14B2D9D7782544E2BFA4B26235DF3D50","num_area":"8.8874000000000000000000000000000","ind_status":"AT"},"geometry":{"type":"Polygon","coordinates":[[[-42.2653,-21.7031],[-42.2686,-21.7049],[-42.2656,-21.7029],[-42.2653,-21.7031]]]}},{"type":"Feature","properties":{"cod_tema":"ARL_PROPOSTA","cod_imovel":"RJ-3304706-1612C97ADE5C493F9878694EDDCD84B8","num_area":"4.4644000000000000000000000000000","ind_status":"AT"},"geometry":{"type":"Polygon","coordinates":[[[-42.2158,-21.6702],[-42.216,-21.6735],[-42.2159,-21.6695],[-42.2158,-21.6702]]]}},{"type":"Feature","properties":{"cod_tema":"ARL_PROPOSTA","cod_imovel":"RJ-3304706-16640B775F7C4EC689C3D0BF8E645674","num_area":"5.0024000000000000000000000000000","ind_status":"AT"},"geometry":{"type":"Polygon","coordinates":[[[-42.2648,-21.6226],[-42.2619,-21.6236],[-42.2645,-21.6231],[-42.2648,-21.6226]]]}},{"type":"Feature","properties":{"cod_tema":"ARL_PROPOSTA","cod_imovel":"RJ-3304706-1811CBF62E8048679B6294E288FB5443","num_area":"5.2525000000000000000000000000000","ind_status":"AT"},"geometry":{"type":"Polygon","coordinates":[[[-42.1074,-21.4864],[-42.1072,-21.4843],[-42.1071,-21.4867],[-42.1074,-21.4864]]]}},{"type":"Feature","properties":{"cod_tema":"ARL_PROPOSTA","cod_imovel":"RJ-3304706-2A1C82801C3C4407A568489359BDAB6A","num_area":"9.1002000000000000000000000000000","ind_status":"AT"},"geometry":{"type":"Polygon","coordinates":[[[-42.2087,-21.5511],[-42.2054,-21.5532],[-42.2088,-21.5521],[-42.2087,-21.5511]]]}},{"type":"Feature","properties":{"cod_tema":"ARL_APROVADA_NAO_AVERBADA","cod_imovel":"RJ-3304706-230265908A28470BA10C9DC51627F3F7","num_area":"12.128500000000000000000000000000","ind_status":"AT"},"geometry":{"type":"Polygon","coordinates":[[[-42.3228,-21.6253],[-42.3217,-21.6209],[-42.3194,-21.6252],[-42.3228,-21.6253]],[[-42.3307,-21.6224],[-42.3252,-21.6195],[-42.3299,-21.6225],[-42.3307,-21.6224]]]}},{"type":"Feature","properties":{"cod_tema":"ARL_PROPOSTA","cod_imovel":"RJ-3304706-24D4551C90824DABA73C779FFE647CBB","num_area":"3.2518000000000000000000000000000","ind_status":"AT"},"geometry":{"type":"Polygon","coordinates":[[[-41.9969,-21.4555],[-41.994,-21.4567],[-41.997,-21.4554],[-41.9969,-21.4555]],[[-41.9997,-21.4535],[-41.9983,-21.4553],[-41.9997,-21.4537],[-41.9997,-21.4535]]]}},{"type":"Feature","properties":{"cod_tema":"ARL_PROPOSTA","cod_imovel":"RJ-3304706-26B679F34C67470FBEE86F902AA85B7C","num_area":"12.588900000000000000000000000000","ind_status":"AT"},"geometry":{"type":"Polygon","coordinates":[[[-42.3672,-21.6171],[-42.3623,-21.6143],[-42.3636,-21.6177],[-42.3668,-21.6173],[-42.3672,-21.6171]]]}},{"type":"Feature","properties":{"cod_tema":"ARL_PROPOSTA","cod_imovel":"RJ-3304706-27B4F7C09C2A4A709869C3D43FD6B5D4","num_area":"1.7456000000000000000000000000000","ind_status":"AT"},"geometry":{"type":"Polygon","coordinates":[[[-42.2571,-21.6167],[-42.2595,-21.6177],[-42.2572,-21.6164],[-42.2571,-21.6167]]]}},{"type":"Feature","properties":{"cod_tema":"ARL_PROPOSTA","cod_imovel":"RJ-3304706-2843747598FF4DC4BA958C4D82F9E75A","num_area":"35.191900000000000000000000000000","ind_status":"AT"},"geometry":{"type":"Polygon","coordinates":[[[-42.1616,-21.5316],[-42.1611,-21.5282],[-42.1596,-21.5305],[-42.1616,-21.5316]],[[-42.1513,-21.5144],[-42.149,-21.5138],[-42.1509,-21.5147],[-42.1513,-21.5144]],[[-42.1446,-21.5242],[-42.1422,-21.5214],[-42.1441,-21.5241],[-42.1446,-21.5242]],[[-42.1466,-21.5141],[-42.1421,-21.5182],[-42.1461,-21.5163],[-42.1483,-21.5197],[-42.1465,-21.5151],[-42.1466,-21.5141]]]}},{"type":"Feature","properties":{"cod_tema":"ARL_PROPOSTA","cod_imovel":"RJ-3304706-2B3EDE9577F445C1866477125461E5AA","num_area":"7.7342000000000000000000000000000","ind_status":"AT"},"geometry":{"type":"Polygon","coordinates":[[[-42.0924,-21.4642],[-42.095,-21.4631],[-42.0928,-21.464],[-42.0924,-21.4642]],[[-42.0836,-21.4581],[-42.0815,-21.4598],[-42.0841,-21.4587],[-42.0836,-21.4581]]]}},{"type":"Feature","properties":{"cod_tema":"ARL_PROPOSTA","cod_imovel":"RJ-3304706-2B76A871C3B84766A8B7F29783EEAAB4","num_area":"1.8552000000000000000000000000000","ind_status":"AT"},"geometry":{"type":"Polygon","coordinates":[[[-42.2944,-21.6484],[-42.2939,-21.6457],[-42.2935,-21.6478],[-42.2944,-21.6484]]]}},{"type":"Feature","properties":{"cod_tema":"ARL_PROPOSTA","cod_imovel":"RJ-3304706-2C2985AF7D3041929942ACD91F601998","num_area":"7.1003000000000000000000000000000","ind_status":"AT"},"geometry":{"type":"Polygon","coordinates":[[[-42.1667,-21.6181],[-42.1656,-21.6158],[-42.1666,-21.6176],[-42.1667,-21.6181]]]}},{"type":"Feature","properties":{"cod_tema":"ARL_PROPOSTA","cod_imovel":"RJ-3304706-2D5720723DA748E4BDFD24E4C9906EDF","num_area":"2.5162000000000000000000000000000","ind_status":"AT"},"geometry":{"type":"Polygon","coordinates":[[[-42.0146,-21.4642],[-42.0121,-21.4652],[-42.0149,-21.4651],[-42.0146,-21.4642]]]}},{"type":"Feature","properties":{"cod_tema":"ARL_PROPOSTA","cod_imovel":"RJ-3304706-2E09984C1DB645A7A6B9805D6DB8A4D9","num_area":"8.1283000000000000000000000000000","ind_status":"AT"},"geometry":{"type":"Polygon","coordinates":[[[-42.2281,-21.5752],[-42.2254,-21.5762],[-42.228,-21.5781],[-42.2284,-21.5752],[-42.2281,-21.5752]]]}},{"type":"Feature","properties":{"cod_tema":"ARL_PROPOSTA","cod_imovel":"RJ-3304706-305AEBCFCACF40F9B1DADE7FA9BE5B23","num_area":"2.7995000000000000000000000000000","ind_status":"AT"},"geometry":{"type":"Polygon","coordinates":[[[-42.2364,-21.5863],[-42.2349,-21.5848],[-42.2363,-21.5869],[-42.2364,-21.5863]]]}},{"type":"Feature","properties":{"cod_tema":"ARL_PROPOSTA","cod_imovel":"RJ-3304706-4FD7C77301254BD38E7C5BD6DA45F20B","num_area":"5.1901000000000000000000000000000","ind_status":"AT"},"geometry":{"type":"Polygon","coordinates":[[[-42.2607,-21.4491],[-42.2583,-21.4482],[-42.2581,-21.4511],[-42.2604,-21.4493],[-42.2607,-21.4491]]]}},{"type":"Feature","properties":{"cod_tema":"ARL_PROPOSTA","cod_imovel":"RJ-3304706-327C1FC20CBE402FBEF346803E713CE8","num_area":"14.355300000000000000000000000000","ind_status":"AT"},"geometry":{"type":"Polygon","coordinates":[[[-42.2573,-21.4674],[-42.2603,-21.4664],[-42.2579,-21.464],[-42.2538,-21.4676],[-42.2573,-21.4675],[-42.2573,-21.4674]]]}},{"type":"Feature","properties":{"cod_tema":"ARL_PROPOSTA","cod_imovel":"RJ-3304706-3370F788F3A64F9FA51C4AD6BAD3C3C4","num_area":"7.4789000000000000000000000000000","ind_status":"AT"},"geometry":{"type":"Polygon","coordinates":[[[-42.0899,-21.5019],[-42.0906,-21.5046],[-42.093,-21.5027],[-42.09,-21.5017],[-42.0899,-21.5019]]]}},{"type":"Feature","properties":{"cod_tema":"ARL_PROPOSTA","cod_imovel":"RJ-3304706-3449EB1C99FF458A966BFF50F6A0C5A5","num_area":"3.1007000000000000000000000000000","ind_status":"AT"},"geometry":{"type":"Polygon","coordinates":[[[-42.189,-21.573],[-42.1869,-21.5736],[-42.189,-21.5733],[-42.189,-21.573]]]}},{"type":"Feature","properties":{"cod_tema":"ARL_PROPOSTA","cod_imovel":"RJ-3304706-39B2ABF77CDD43FBB14D50E7863BFDF3","num_area":"9.1723000000000000000000000000000","ind_status":"AT"},"geometry":{"type":"Polygon","coordinates":[[[-42.1745,-21.4892],[-42.1735,-21.4924],[-42.1746,-21.4895],[-42.1745,-21.4892]],[[-42.1832,-21.4813],[-42.1783,-21.4802],[-42.1827,-21.4819],[-42.1832,-21.4813]]]}},{"type":"Feature","properties":{"cod_tema":"ARL_PROPOSTA","cod_imovel":"RJ-3304706-389C42A9C7EB49CA8EB8D64C438F0E82","num_area":"36.521000000000000000000000000000","ind_status":"AT"},"geometry":{"type":"Polygon","coordinates":[[[-42.2254,-21.4952],[-42.2271,-21.4969],[-42.243,-21.4912],[-42.2412,-21.4878],[-42.24,-21.4915],[-42.2329,-21.4905],[-42.2285,-21.4939],[-42.2254,-21.4952]]]}},{"type":"Feature","properties":{"cod_tema":"ARL_PROPOSTA","cod_imovel":"RJ-3304706-390BD9C51BE449D4AEF02AF3F7294BCE","num_area":"7.8132000000000000000000000000000","ind_status":"AT"},"geometry":{"type":"Polygon","coordinates":[[[-42.2798,-21.4563],[-42.2794,-21.4599],[-42.2815,-21.4588],[-42.2798,-21.4563]]]}},{"type":"Feature","properties":{"cod_tema":"ARL_PROPOSTA","cod_imovel":"RJ-3304706-39A50C9573714679975D10360610E2A0","num_area":"0.6703000000000000000000000000000","ind_status":"AT"},"geometry":{"type":"Polygon","coordinates":[[[-42.1629,-21.6256],[-42.1653,-21.6255],[-42.1632,-21.6256],[-42.1629,-21.6256]],[[-42.1629,-21.6256],[-42.1653,-21.6255],[-42.1632,-21.6256],[-42.1629,-21.6256]]]}},{"type":"Feature","properties":{"cod_tema":"ARL_PROPOSTA","cod_imovel":"RJ-3304706-3B928E37B7164481B33EFA70AE797B34","num_area":"3.5078000000000000000000000000000","ind_status":"AT"},"geometry":{"type":"Polygon","coordinates":[[[-42.1832,-21.623],[-42.1814,-21.6206],[-42.1828,-21.6228],[-42.1832,-21.623]]]}},{"type":"Feature","properties":{"cod_tema":"ARL_PROPOSTA","cod_imovel":"RJ-3304706-3DEBEBD431D04F549AFA96B8569F8E30","num_area":"5.8349000000000000000000000000000","ind_status":"AT"},"geometry":{"type":"Polygon","coordinates":[[[-42.2889,-21.6329],[-42.2902,-21.6347],[-42.2891,-21.6325],[-42.2889,-21.6329]]]}},{"type":"Feature","properties":{"cod_tema":"ARL_PROPOSTA","cod_imovel":"RJ-3304706-3F2C3552B42A4A9B9EC7CB424F0FD72F","num_area":"3.3457000000000000000000000000000","ind_status":"AT"},"geometry":{"type":"Polygon","coordinates":[[[-42.1143,-21.484],[-42.1168,-21.4843],[-42.1149,-21.4824],[-42.1143,-21.484]]]}},{"type":"Feature","properties":{"cod_tema":"ARL_PROPOSTA","cod_imovel":"RJ-3304706-4145E001B2B342E1ACFD966B359E3BCF","num_area":"1.7973000000000000000000000000000","ind_status":"AT"},"geometry":{"type":"Polygon","coordinates":[[[-42.128,-21.5677],[-42.1271,-21.5703],[-42.1289,-21.5686],[-42.128,-21.5677]]]}},{"type":"Feature","properties":{"cod_tema":"ARL_PROPOSTA","cod_imovel":"RJ-3304706-40A79B3622564F00953E0F03C42A9842","num_area":"25.561400000000000000000000000000","ind_status":"AT"},"geometry":{"type":"Polygon","coordinates":[[[-42.1725,-21.5687],[-42.1692,-21.569],[-42.1726,-21.569],[-42.1725,-21.5687]],[[-42.1826,-21.5797],[-42.1802,-21.5797],[-42.1827,-21.58],[-42.1826,-21.5797]],[[-42.1794,-21.5708],[-42.1764,-21.5696],[-42.1748,-21.5725],[-42.1793,-21.571],[-42.1794,-21.5708]],[[-42.1758,-21.5763],[-42.1786,-21.5757],[-42.176,-21.5763],[-42.1758,-21.5763]]]}},{"type":"Feature","properties":{"cod_tema":"ARL_PROPOSTA","cod_imovel":"RJ-3304706-43687686901447C9BE203D7A087A2F95","num_area":"6.8401000000000000000000000000000","ind_status":"AT"},"geometry":{"type":"Polygon","coordinates":[[[-42.2433,-21.685],[-42.2397,-21.6858],[-42.2442,-21.6863],[-42.2433,-21.685]]]}},{"type":"Feature","properties":{"cod_tema":"ARL_PROPOSTA","cod_imovel":"RJ-3304706-438385786EC2464B8CE12A3398EE80BF","num_area":"3.5925000000000000000000000000000","ind_status":"AT"},"geometry":{"type":"Polygon","coordinates":[[[-42.3,-21.5639],[-42.3007,-21.5618],[-42.3,-21.564],[-42.3,-21.5639]]]}},{"type":"Feature","properties":{"cod_tema":"ARL_PROPOSTA","cod_imovel":"RJ-3304706-43F9AA11536E4B3FABC1205BFABF5084","num_area":"4.6394000000000000000000000000000","ind_status":"AT"},"geometry":{"type":"Polygon","coordinates":[[[-42.2422,-21.5885],[-42.2441,-21.5871],[-42.2421,-21.5884],[-42.2422,-21.5885]],[[-42.2428,-21.5853],[-42.2442,-21.5827],[-42.2426,-21.5852],[-42.2428,-21.5853]]]}},{"type":"Feature","properties":{"cod_tema":"ARL_PROPOSTA","cod_imovel":"RJ-3304706-474A8372E8E5446980E12FCD427EC72C","num_area":"7.3214000000000000000000000000000","ind_status":"AT"},"geometry":{"type":"Polygon","coordinates":[[[-42.1642,-21.4887],[-42.1606,-21.4906],[-42.1643,-21.4889],[-42.1642,-21.4887]]]}},{"type":"Feature","properties":{"cod_tema":"ARL_PROPOSTA","cod_imovel":"RJ-3304706-47852CF2E12640D99343DF9323FEE80F","num_area":"22.614500000000000000000000000000","ind_status":"AT"},"geometry":{"type":"Polygon","coordinates":[[[-42.2477,-21.553],[-42.248,-21.5554],[-42.2482,-21.553],[-42.2477,-21.553]],[[-42.2619,-21.5419],[-42.2592,-21.5411],[-42.2552,-21.5468],[-42.2619,-21.5419]]]}},{"type":"Feature","properties":{"cod_tema":"ARL_PROPOSTA","cod_imovel":"RJ-3304706-4958F84D6B1546719E0847A95F189514","num_area":"3.6874000000000000000000000000000","ind_status":"AT"},"geometry":{"type":"Polygon","coordinates":[[[-42.2774,-21.5878],[-42.279,-21.5864],[-42.2766,-21.5876],[-42.2774,-21.5878]]]}},{"type":"Feature","properties":{"cod_tema":"ARL_PROPOSTA","cod_imovel":"RJ-3304706-491F2417FF4C4B79ACC5A76090ED50D9","num_area":"30.831300000000000000000000000000","ind_status":"AT"},"geometry":{"type":"Polygon","coordinates":[[[-42.2416,-21.4885],[-42.2405,-21.4916],[-42.2467,-21.4912],[-42.2476,-21.4843],[-42.2454,-21.4888],[-42.2432,-21.4859],[-42.2416,-21.4885],[-42.2416,-21.4885]]]}},{"type":"Feature","properties":{"cod_tema":"ARL_PROPOSTA","cod_imovel":"RJ-3304706-4FD64160CC964D98A52B3C1C7B0A4958","num_area":"2.0009000000000000000000000000000","ind_status":"AT"},"geometry":{"type":"Polygon","coordinates":[[[-42.1095,-21.6032],[-42.1103,-21.6057],[-42.1093,-21.6035],[-42.1095,-21.6032]]]}},{"type":"Feature","properties":{"cod_tema":"ARL_PROPOSTA","cod_imovel":"RJ-3304706-4C1ED53E9CE64DE8BBC46229A5C1D549","num_area":"1.7102000000000000000000000000000","ind_status":"AT"},"geometry":{"type":"Polygon","coordinates":[[[-42.2959,-21.6336],[-42.2985,-21.6321],[-42.2962,-21.6336],[-42.2959,-21.6336]],[[-42.2961,-21.6337],[-42.2987,-21.6322],[-42.2961,-21.6337],[-42.2961,-21.6337]]]}},{"type":"Feature","properties":{"cod_tema":"ARL_PROPOSTA","cod_imovel":"RJ-3304706-4C80AD4E68484771AA956545A73CDD46","num_area":"3.3200000000000000000000000000000","ind_status":"AT"},"geometry":{"type":"Polygon","coordinates":[[[-42.2471,-21.5758],[-42.2471,-21.5782],[-42.2472,-21.5761],[-42.2471,-21.5758]],[[-42.2489,-21.5825],[-42.2507,-21.581],[-42.2465,-21.5826],[-42.2488,-21.5827],[-42.2489,-21.5825]]]}},{"type":"Feature","properties":{"cod_tema":"ARL_PROPOSTA","cod_imovel":"RJ-3304706-51D5CD76AB9B4067903D772DCD9DD251","num_area":"7.4849000000000000000000000000000","ind_status":"AT"},"geometry":{"type":"Polygon","coordinates":[[[-42.1193,-21.5047],[-42.1208,-21.502],[-42.1189,-21.5045],[-42.1193,-21.5047]]]}},{"type":"Feature","properties":{"cod_tema":"ARL_AVERBADA","cod_imovel":"RJ-3304706-583BC710EB7743ABAC4E390D512C29E1","num_area":"5.3005000000000000000000000000000","ind_status":"AT"},"geometry":{"type":"Polygon","coordinates":[[[-42.3049,-21.5979],[-42.3064,-21.595],[-42.3029,-21.5966],[-42.3049,-21.5979]]]}},{"type":"Feature","properties":{"cod_tema":"ARL_APROVADA_NAO_AVERBADA","cod_imovel":"RJ-3304706-593E1F1B842B48348AFF7DB323A94871","num_area":"5.3005000000000000000000000000000","ind_status":"AT"},"geometry":{"type":"Polygon","coordinates":[[[-42.3049,-21.5979],[-42.3064,-21.595],[-42.3029,-21.5966],[-42.3049,-21.5979]]]}},{"type":"Feature","properties":{"cod_tema":"ARL_PROPOSTA","cod_imovel":"RJ-3304706-5D66D9E610D743B38B18A317D6B5179E","num_area":"1.6827000000000000000000000000000","ind_status":"AT"},"geometry":{"type":"Polygon","coordinates":[[[-42.1196,-21.5047],[-42.1207,-21.5029],[-42.1196,-21.5047],[-42.1196,-21.5047]]]}},{"type":"Feature","properties":{"cod_tema":"ARL_PROPOSTA","cod_imovel":"RJ-3304706-5D9BC021F7974772BCD90BE6C0CFD4B6","num_area":"6.7540000000000000000000000000000","ind_status":"AT"},"geometry":{"type":"Polygon","coordinates":[[[-42.2575,-21.4538],[-42.2595,-21.457],[-42.2576,-21.4542],[-42.2575,-21.4538]],[[-42.2574,-21.4538],[-42.2593,-21.4571],[-42.2574,-21.4538],[-42.2574,-21.4538]],[[-42.2617,-21.4553],[-42.2605,-21.4575],[-42.2617,-21.4555],[-42.2617,-21.4553]],[[-42.2616,-21.4579],[-42.2618,-21.4553],[-42.2608,-21.4577],[-42.2616,-21.4579]]]}},{"type":"Feature","properties":{"cod_tema":"ARL_PROPOSTA","cod_imovel":"RJ-3304706-5EF9E000062E4E81A10EFBA0E9F6425B","num_area":"13.917600000000000000000000000000","ind_status":"AT"},"geometry":{"type":"Polygon","coordinates":[[[-42.148,-21.4834],[-42.1446,-21.4848],[-42.1481,-21.4834],[-42.148,-21.4834]],[[-42.1527,-21.485],[-42.1479,-21.4852],[-42.1527,-21.485],[-42.1527,-21.485]]]}},{"type":"Feature","properties":{"cod_tema":"ARL_PROPOSTA","cod_imovel":"RJ-3304706-5EFBD30FAE5A40289E25C4BB93F7F7ED","num_area":"10.916400000000000000000000000000","ind_status":"AT"},"geometry":{"type":"Polygon","coordinates":[[[-42.2094,-21.4653],[-42.2121,-21.4658],[-42.2136,-21.4612],[-42.2109,-21.4634],[-42.2094,-21.4653]]]}},{"type":"Feature","properties":{"cod_tema":"ARL_PROPOSTA","cod_imovel":"RJ-3304706-5F6ED093B59F4D5087D7C1604B2CEF7F","num_area":"9.5713000000000000000000000000000","ind_status":"AT"},"geometry":{"type":"Polygon","coordinates":[[[-42.1089,-21.4803],[-42.1113,-21.4813],[-42.1091,-21.4802],[-42.1089,-21.4803]],[[-42.1022,-21.4921],[-42.1047,-21.4906],[-42.1022,-21.4921],[-42.1022,-21.4921]]]}},{"type":"Feature","properties":{"cod_tema":"ARL_PROPOSTA","cod_imovel":"RJ-3304706-608622AF11F8464D9F6D59670EC13554","num_area":"5.5965000000000000000000000000000","ind_status":"AT"},"geometry":{"type":"Polygon","coordinates":[[[-42.1445,-21.5162],[-42.1451,-21.513],[-42.1433,-21.516],[-42.1445,-21.5162]]]}},{"type":"Feature","properties":{"cod_tema":"ARL_PROPOSTA","cod_imovel":"RJ-3304706-618EC604E99E4607889B3089AB6B506F","num_area":"4.1465000000000000000000000000000","ind_status":"AT"},"geometry":{"type":"Polygon","coordinates":[[[-42.166,-21.6048],[-42.1636,-21.603],[-42.1653,-21.6043],[-42.166,-21.6048]]]}},{"type":"Feature","properties":{"cod_tema":"ARL_PROPOSTA","cod_imovel":"RJ-3304706-62753D6A429549E4818CC5071F913234","num_area":"16.918700000000000000000000000000","ind_status":"AT"},"geometry":{"type":"Polygon","coordinates":[[[-42.3685,-21.6369],[-42.3635,-21.6317],[-42.3645,-21.6359],[-42.3688,-21.6372],[-42.3685,-21.6369]]]}},{"type":"Feature","properties":{"cod_tema":"ARL_PROPOSTA","cod_imovel":"RJ-3304706-6BD400405D474E349FCD07B797B68813","num_area":"4.3930000000000000000000000000000","ind_status":"PE"},"geometry":{"type":"Polygon","coordinates":[[[-42.0489,-21.4654],[-42.05,-21.4623],[-42.0481,-21.465],[-42.0489,-21.4654]]]}},{"type":"Feature","properties":{"cod_tema":"ARL_PROPOSTA","cod_imovel":"RJ-3304706-67E851E615C44FE4BFF6FD4B4DD852A8","num_area":"5.5207000000000000000000000000000","ind_status":"AT"},"geometry":{"type":"Polygon","coordinates":[[[-42.018,-21.4327],[-42.0199,-21.4349],[-42.0181,-21.4326],[-42.018,-21.4327]]]}},{"type":"Feature","properties":{"cod_tema":"ARL_PROPOSTA","cod_imovel":"RJ-3304706-65FFF7424EF54967AB74752D8CA6FBBA","num_area":"6.8409000000000000000000000000000","ind_status":"PE"},"geometry":{"type":"Polygon","coordinates":[[[-42.1839,-21.4638],[-42.1807,-21.4653],[-42.1842,-21.4645],[-42.1839,-21.4638]]]}},{"type":"Feature","properties":{"cod_tema":"ARL_PROPOSTA","cod_imovel":"RJ-3304706-67386DD46EF24C92A8B6764B0DAA9FE6","num_area":"2.9434000000000000000000000000000","ind_status":"AT"},"geometry":{"type":"Polygon","coordinates":[[[-42.0861,-21.5281],[-42.0887,-21.5292],[-42.0861,-21.5281],[-42.0861,-21.5281]]]}},{"type":"Feature","properties":{"cod_tema":"ARL_PROPOSTA","cod_imovel":"RJ-3304706-68F8079E9F834A0F892A9620866B82E9","num_area":"29.662900000000000000000000000000","ind_status":"AT"},"geometry":{"type":"Polygon","coordinates":[[[-42.2308,-21.4774],[-42.2195,-21.4773],[-42.2242,-21.4786],[-42.2257,-21.4827],[-42.2229,-21.4777],[-42.2308,-21.4774]],[[-42.2286,-21.4821],[-42.2258,-21.4828],[-42.2279,-21.4823],[-42.2286,-21.4821]],[[-42.2253,-21.4828],[-42.222,-21.48],[-42.225,-21.4824],[-42.2253,-21.4828]],[[-42.2189,-21.4862],[-42.2255,-21.4828],[-42.219,-21.4862],[-42.2189,-21.4862]],[[-42.2207,-21.4857],[-42.2264,-21.4829],[-42.2212,-21.4853],[-42.2207,-21.4857]]]}},{"type":"Feature","properties":{"cod_tema":"ARL_PROPOSTA","cod_imovel":"RJ-3304706-6A67161C3EE74BBC9E212C2526F351A7","num_area":"43.302300000000000000000000000000","ind_status":"AT"},"geometry":{"type":"Polygon","coordinates":[[[-42.0341,-21.5067],[-42.0355,-21.5023],[-42.0326,-21.5043],[-42.0341,-21.5067]],[[-42.0398,-21.5018],[-42.0382,-21.4997],[-42.0384,-21.5038],[-42.0398,-21.5018]],[[-42.0388,-21.5134],[-42.0376,-21.5097],[-42.0355,-21.5112],[-42.0384,-21.5134],[-42.0388,-21.5134]],[[-42.0288,-21.5056],[-42.035,-21.5101],[-42.0297,-21.5057],[-42.0288,-21.5056]],[[-42.0357,-21.496],[-42.0311,-21.4987],[-42.032,-21.5012],[-42.0371,-21.4979],[-42.0359,-21.4958],[-42.0357,-21.496]]]}},{"type":"Feature","properties":{"cod_tema":"ARL_PROPOSTA","cod_imovel":"RJ-3304706-6AC29DD09A91436BAD7F21492BE39B4C","num_area":"10.486100000000000000000000000000","ind_status":"AT"},"geometry":{"type":"Polygon","coordinates":[[[-42.1136,-21.5933],[-42.1159,-21.5938],[-42.1136,-21.5933],[-42.1136,-21.5933]],[[-42.1122,-21.5922],[-42.1183,-21.5924],[-42.1123,-21.5922],[-42.1122,-21.5922]]]}},{"type":"Feature","properties":{"cod_tema":"ARL_PROPOSTA","cod_imovel":"RJ-3304706-6D15D9DFD91B4561AAB4FE92BF8B18AE","num_area":"3.5222000000000000000000000000000","ind_status":"AT"},"geometry":{"type":"Polygon","coordinates":[[[-42.3161,-21.6057],[-42.318,-21.6075],[-42.3163,-21.6059],[-42.3161,-21.6057]]]}},{"type":"Feature","properties":{"cod_tema":"ARL_PROPOSTA","cod_imovel":"RJ-3304706-6D6AC327D3B64823BDDB32809C85C54C","num_area":"9.6936000000000000000000000000000","ind_status":"CA"},"geometry":{"type":"Polygon","coordinates":[[[-42.0481,-21.4667],[-42.0515,-21.4671],[-42.0477,-21.4664],[-42.0481,-21.4667]]]}},{"type":"Feature","properties":{"cod_tema":"ARL_PROPOSTA","cod_imovel":"RJ-3304706-70F8D56E7BED4D1CAD79653DB4C61291","num_area":"5.3947000000000000000000000000000","ind_status":"AT"},"geometry":{"type":"Polygon","coordinates":[[[-42.3452,-21.6394],[-42.3417,-21.6384],[-42.3452,-21.6395],[-42.3452,-21.6394]]]}},{"type":"Feature","properties":{"cod_tema":"ARL_PROPOSTA","cod_imovel":"RJ-3304706-74A829D1B95B4379A9EFDB6143A6E155","num_area":"1.3195000000000000000000000000000","ind_status":"AT"},"geometry":{"type":"Polygon","coordinates":[[[-42.042,-21.4666],[-42.0403,-21.4654],[-42.042,-21.4666],[-42.042,-21.4666]]]}},{"type":"Feature","properties":{"cod_tema":"ARL_PROPOSTA","cod_imovel":"RJ-3304706-7888305CB6AF418A99C0574B06250F2A","num_area":"2.7094000000000000000000000000000","ind_status":"AT"},"geometry":{"type":"Polygon","coordinates":[[[-42.3032,-21.5905],[-42.3013,-21.5892],[-42.303,-21.5904],[-42.3032,-21.5905]]]}},{"type":"Feature","properties":{"cod_tema":"ARL_PROPOSTA","cod_imovel":"RJ-3304706-7631888A18D9429C8C7FF0716FB12C1A","num_area":"10.013000000000000000000000000000","ind_status":"AT"},"geometry":{"type":"Polygon","coordinates":[[[-42.251,-21.5332],[-42.247,-21.533],[-42.2508,-21.5332],[-42.251,-21.5332]],[[-42.2509,-21.5365],[-42.2524,-21.5336],[-42.2499,-21.5372],[-42.2509,-21.5365]]]}},{"type":"Feature","properties":{"cod_tema":"ARL_PROPOSTA","cod_imovel":"RJ-3304706-79E909019299458793F16E65BBD45D22","num_area":"9.6411000000000000000000000000000","ind_status":"AT"},"geometry":{"type":"Polygon","coordinates":[[[-42.0016,-21.4543],[-42.0022,-21.4499],[-42.0016,-21.4543],[-42.0016,-21.4543]],[[-42.0023,-21.4498],[-42.0031,-21.4463],[-41.999,-21.4529],[-42.002,-21.45],[-42.0023,-21.4498]],[[-42.0024,-21.4498],[-42.0033,-21.4465],[-42.0024,-21.4497],[-42.0024,-21.4498]]]}},{"type":"Feature","properties":{"cod_tema":"ARL_PROPOSTA","cod_imovel":"RJ-3304706-7ADB03BAFA8F45829165871A43F21540","num_area":"9.5025000000000000000000000000000","ind_status":"AT"},"geometry":{"type":"Polygon","coordinates":[[[-42.0932,-21.4642],[-42.0947,-21.4677],[-42.0941,-21.4643],[-42.0932,-21.4642]],[[-42.0903,-21.4637],[-42.0883,-21.4646],[-42.0905,-21.4638],[-42.0903,-21.4637]],[[-42.0916,-21.4672],[-42.0888,-21.4669],[-42.0916,-21.4672],[-42.0916,-21.4672]]]}},{"type":"Feature","properties":{"cod_tema":"ARL_PROPOSTA","cod_imovel":"RJ-3304706-7C5D9FC8FF5549C793C7E98DBFC01609","num_area":"6.0700000000000000000000000000000","ind_status":"CA"},"geometry":{"type":"Polygon","coordinates":[[[-42.1854,-21.4704],[-42.1814,-21.4722],[-42.1854,-21.4705],[-42.1854,-21.4704]]]}},{"type":"Feature","properties":{"cod_tema":"ARL_PROPOSTA","cod_imovel":"RJ-3304706-7C7DD94142F647D2A7D889DCE1C59532","num_area":"3.7367000000000000000000000000000","ind_status":"AT"},"geometry":{"type":"Polygon","coordinates":[[[-42.1093,-21.5265],[-42.1101,-21.5292],[-42.1093,-21.5265],[-42.1093,-21.5265]],[[-42.1122,-21.5268],[-42.1147,-21.5251],[-42.1118,-21.5271],[-42.1122,-21.5268]]]}},{"type":"Feature","properties":{"cod_tema":"ARL_PROPOSTA","cod_imovel":"RJ-3304706-7D542A1E7C874967ADAA286825353950","num_area":"5.0517000000000000000000000000000","ind_status":"AT"},"geometry":{"type":"Polygon","coordinates":[[[-42.0898,-21.4916],[-42.0863,-21.4924],[-42.0894,-21.4928],[-42.0898,-21.4916]]]}},{"type":"Feature","properties":{"cod_tema":"ARL_PROPOSTA","cod_imovel":"RJ-3304706-80B6A87A9AEF46F7951BFBD7F9E1C091","num_area":"1.9690000000000000000000000000000","ind_status":"AT"},"geometry":{"type":"Polygon","coordinates":[[[-42.2135,-21.6668],[-42.2161,-21.6674],[-42.2137,-21.6669],[-42.2135,-21.6668]]]}},{"type":"Feature","properties":{"cod_tema":"ARL_PROPOSTA","cod_imovel":"RJ-3304706-8127F230FB7C4820AD654704D8845C3A","num_area":"1.3061000000000000000000000000000","ind_status":"AT"},"geometry":{"type":"Polygon","coordinates":[[[-42.1393,-21.5587],[-42.1396,-21.5567],[-42.1393,-21.5587],[-42.1393,-21.5587]]]}},{"type":"Feature","properties":{"cod_tema":"ARL_PROPOSTA","cod_imovel":"RJ-3304706-83AF3913659D4DA08C80D9DD4BBD55F8","num_area":"2.4428000000000000000000000000000","ind_status":"AT"},"geometry":{"type":"Polygon","coordinates":[[[-42.1722,-21.6097],[-42.1739,-21.6081],[-42.1717,-21.6093],[-42.1722,-21.6097]]]}},{"type":"Feature","properties":{"cod_tema":"ARL_PROPOSTA","cod_imovel":"RJ-3304706-843A3134C4A44539B1120F01A1285762","num_area":"3.8697000000000000000000000000000","ind_status":"AT"},"geometry":{"type":"Polygon","coordinates":[[[-42.14,-21.534],[-42.1399,-21.5368],[-42.1403,-21.5346],[-42.14,-21.534]]]}},{"type":"Feature","properties":{"cod_tema":"ARL_PROPOSTA","cod_imovel":"RJ-3304706-86652C1C0BD647E4A5E9E1C2D3BEA412","num_area":"5.2850000000000000000000000000000","ind_status":"AT"},"geometry":{"type":"Polygon","coordinates":[[[-42.1586,-21.5742],[-42.1621,-21.5752],[-42.1591,-21.5739],[-42.1586,-21.5742]]]}},{"type":"Feature","properties":{"cod_tema":"ARL_PROPOSTA","cod_imovel":"RJ-3304706-8911037E9DB948AEAEA15398F80998A0","num_area":"2.7904000000000000000000000000000","ind_status":"AT"},"geometry":{"type":"Polygon","coordinates":[[[-42.1871,-21.5969],[-42.1827,-21.5971],[-42.1866,-21.5972],[-42.1871,-21.5969]],[[-42.1827,-21.6005],[-42.1841,-21.599],[-42.1824,-21.6004],[-42.1827,-21.6005]]]}},{"type":"Feature","properties":{"cod_tema":"ARL_PROPOSTA","cod_imovel":"RJ-3304706-8944E3F364C246CD857C104996E4DBF9","num_area":"10.966300000000000000000000000000","ind_status":"AT"},"geometry":{"type":"Polygon","coordinates":[[[-42.3197,-21.6235],[-42.3201,-21.6215],[-42.3167,-21.6231],[-42.3192,-21.6262],[-42.3197,-21.6235]]]}},{"type":"Feature","properties":{"cod_tema":"ARL_PROPOSTA","cod_imovel":"RJ-3304706-8A48E990E0CC4A11B1E977F9E9CF9C7D","num_area":"24.935800000000000000000000000000","ind_status":"AT"},"geometry":{"type":"Polygon","coordinates":[[[-42.2244,-21.563],[-42.2207,-21.565],[-42.2239,-21.5634],[-42.2244,-21.563]],[[-42.217,-21.5616],[-42.2225,-21.5602],[-42.2193,-21.5609],[-42.217,-21.5616]],[[-42.2059,-21.569],[-42.2038,-21.5682],[-42.204,-21.5712],[-42.2058,-21.5692],[-42.2059,-21.569]]]}},{"type":"Feature","properties":{"cod_tema":"ARL_PROPOSTA","cod_imovel":"RJ-3304706-8C40978B6469436687A7AEA237B9A5DB","num_area":"1.9964000000000000000000000000000","ind_status":"AT"},"geometry":{"type":"Polygon","coordinates":[[[-42.2661,-21.6674],[-42.268,-21.6686],[-42.2661,-21.6674],[-42.2661,-21.6674]],[[-42.268,-21.6686],[-42.2661,-21.6674],[-42.2679,-21.6686],[-42.268,-21.6686]]]}},{"type":"Feature","properties":{"cod_tema":"ARL_PROPOSTA","cod_imovel":"RJ-3304706-8FCFC3FE55EF41AAB5A435E44458D54E","num_area":"2.4760000000000000000000000000000","ind_status":"AT"},"geometry":{"type":"Polygon","coordinates":[[[-42.0533,-21.4824],[-42.0508,-21.4829],[-42.0533,-21.4824],[-42.0533,-21.4824]]]}},{"type":"Feature","properties":{"cod_tema":"ARL_PROPOSTA","cod_imovel":"RJ-3304706-907C124F2B7A4CAE94A7C7BB5FE09AEC","num_area":"14.973000000000000000000000000000","ind_status":"PE"},"geometry":{"type":"Polygon","coordinates":[[[-42.0281,-21.5061],[-42.0248,-21.5017],[-42.0238,-21.5059],[-42.0281,-21.5061],[-42.0281,-21.5061]]]}},{"type":"Feature","properties":{"cod_tema":"ARL_PROPOSTA","cod_imovel":"RJ-3304706-90E5362AA48E429AAC85EADBA1C38690","num_area":"1.9614000000000000000000000000000","ind_status":"AT"},"geometry":{"type":"Polygon","coordinates":[[[-42.2837,-21.563],[-42.2816,-21.5618],[-42.2833,-21.5634],[-42.2837,-21.563]]]}},{"type":"Feature","properties":{"cod_tema":"ARL_PROPOSTA","cod_imovel":"RJ-3304706-948C034A62784FA7AC5C61FD35249C99","num_area":"5.8563000000000000000000000000000","ind_status":"AT"},"geometry":{"type":"Polygon","coordinates":[[[-42.1775,-21.4737],[-42.1743,-21.4746],[-42.1776,-21.4739],[-42.1775,-21.4737]],[[-42.1796,-21.474],[-42.1806,-21.4714],[-42.1798,-21.474],[-42.1796,-21.474]]]}},{"type":"Feature","properties":{"cod_tema":"ARL_PROPOSTA","cod_imovel":"RJ-3304706-959249AF700A49098DAD17F74DF8A9F7","num_area":"14.431300000000000000000000000000","ind_status":"AT"},"geometry":{"type":"Polygon","coordinates":[[[-42.3036,-21.5401],[-42.2998,-21.5394],[-42.3031,-21.5408],[-42.3036,-21.5401]],[[-42.3006,-21.5466],[-42.3065,-21.5446],[-42.2999,-21.547],[-42.3006,-21.5466]]]}},{"type":"Feature","properties":{"cod_tema":"ARL_PROPOSTA","cod_imovel":"RJ-3304706-963C2D1F1BBD46ECAC4B10CAAFE9DDE5","num_area":"4.8461000000000000000000000000000","ind_status":"AT"},"geometry":{"type":"Polygon","coordinates":[[[-42.2213,-21.6431],[-42.2227,-21.641],[-42.2209,-21.643],[-42.2213,-21.6431]]]}},{"type":"Feature","properties":{"cod_tema":"ARL_PROPOSTA","cod_imovel":"RJ-3304706-96CCB490AAF54A188AF8E906817807EF","num_area":"3.6558000000000000000000000000000","ind_status":"AT"},"geometry":{"type":"Polygon","coordinates":[[[-42.2241,-21.4669],[-42.2259,-21.4686],[-42.2241,-21.4669],[-42.2241,-21.4669]]]}},{"type":"Feature","properties":{"cod_tema":"ARL_PROPOSTA","cod_imovel":"RJ-3304706-995CA6810B9F4C84B43308B962CEB2C7","num_area":"4.1525000000000000000000000000000","ind_status":"AT"},"geometry":{"type":"Polygon","coordinates":[[[-42.0816,-21.5332],[-42.0798,-21.5312],[-42.0814,-21.533],[-42.0816,-21.5332]]]}},{"type":"Feature","properties":{"cod_tema":"ARL_PROPOSTA","cod_imovel":"RJ-3304706-9A425F31CB7B44B1AD7E1111108A3556","num_area":"5.4619000000000000000000000000000","ind_status":"AT"},"geometry":{"type":"Polygon","coordinates":[[[-42.1227,-21.563],[-42.1202,-21.5667],[-42.1254,-21.5651],[-42.1226,-21.5636],[-42.1204,-21.5665],[-42.1227,-21.563],[-42.1227,-21.563]],[[-42.127,-21.5643],[-42.1243,-21.5619],[-42.1268,-21.5642],[-42.127,-21.5643]]]}},{"type":"Feature","properties":{"cod_tema":"ARL_PROPOSTA","cod_imovel":"RJ-3304706-9AC1198FC0434B028F86137509F5DD1B","num_area":"16.702200000000000000000000000000","ind_status":"AT"},"geometry":{"type":"Polygon","coordinates":[[[-42.3024,-21.6171],[-42.3019,-21.6148],[-42.2997,-21.6178],[-42.303,-21.6172],[-42.3024,-21.6171]],[[-42.2992,-21.6199],[-42.2967,-21.6227],[-42.2989,-21.6206],[-42.2992,-21.6199]]]}},{"type":"Feature","properties":{"cod_tema":"ARL_PROPOSTA","cod_imovel":"RJ-3304706-9B1C7CC62E8F4511B40C040A619FA40F","num_area":"5.7111000000000000000000000000000","ind_status":"AT"},"geometry":{"type":"Polygon","coordinates":[[[-42.2002,-21.6375],[-42.1977,-21.6386],[-42.2004,-21.6376],[-42.2002,-21.6375]],[[-42.2008,-21.6408],[-42.2025,-21.6383],[-42.2005,-21.6406],[-42.2008,-21.6408]]]}},{"type":"Feature","properties":{"cod_tema":"ARL_PROPOSTA","cod_imovel":"RJ-3304706-9B5008B458BB4D9C930B9A3FF8E8AA8F","num_area":"5.5058000000000000000000000000000","ind_status":"AT"},"geometry":{"type":"Polygon","coordinates":[[[-42.2969,-21.6031],[-42.2928,-21.6037],[-42.2965,-21.6034],[-42.2969,-21.6031]]]}},{"type":"Feature","properties":{"cod_tema":"ARL_PROPOSTA","cod_imovel":"RJ-3304706-9CA519B277EA464CADAF4FD13DD4D491","num_area":"6.0139000000000000000000000000000","ind_status":"AT"},"geometry":{"type":"Polygon","coordinates":[[[-42.1357,-21.5254],[-42.1347,-21.5296],[-42.1358,-21.5265],[-42.1357,-21.5254]]]}},{"type":"Feature","properties":{"cod_tema":"ARL_PROPOSTA","cod_imovel":"RJ-3304706-9E6A6DEE10F64810BAFA5201DA3DC321","num_area":"44.906000000000000000000000000000","ind_status":"AT"},"geometry":{"type":"Polygon","coordinates":[[[-42.2992,-21.556],[-42.2969,-21.5553],[-42.2992,-21.5564],[-42.2992,-21.556]],[[-42.2838,-21.5554],[-42.2857,-21.5567],[-42.2836,-21.5551],[-42.2838,-21.5554]],[[-42.2851,-21.5573],[-42.2853,-21.5603],[-42.2855,-21.5575],[-42.2851,-21.5573]],[[-42.3177,-21.556],[-42.3137,-21.5525],[-42.308,-21.5549],[-42.3175,-21.556],[-42.3177,-21.556]],[[-42.2872,-21.5482],[-42.2823,-21.5504],[-42.2829,-21.5544],[-42.287,-21.5537],[-42.2825,-21.552],[-42.2874,-21.5494],[-42.2872,-21.5482]]]}},{"type":"Feature","properties":{"cod_tema":"ARL_PROPOSTA","cod_imovel":"RJ-3304706-A21A4F5BBE514A7D8138734FBA4A9721","num_area":"2.6776000000000000000000000000000","ind_status":"AT"},"geometry":{"type":"Polygon","coordinates":[[[-42.1114,-21.5792],[-42.1097,-21.5776],[-42.1105,-21.5798],[-42.1114,-21.5792]]]}},{"type":"Feature","properties":{"cod_tema":"ARL_PROPOSTA","cod_imovel":"RJ-3304706-A54FB59B3DB449F6816298201815D339","num_area":"5.8511000000000000000000000000000","ind_status":"AT"},"geometry":{"type":"Polygon","coordinates":[[[-42.3208,-21.6341],[-42.3183,-21.6348],[-42.3218,-21.634],[-42.3208,-21.6341]]]}},{"type":"Feature","properties":{"cod_tema":"ARL_PROPOSTA","cod_imovel":"RJ-3304706-A69380ED10D54984AD80102A1348423E","num_area":"1.4697000000000000000000000000000","ind_status":"AT"},"geometry":{"type":"Polygon","coordinates":[[[-42.3218,-21.6426],[-42.3242,-21.641],[-42.3223,-21.6425],[-42.3218,-21.6426]]]}},{"type":"Feature","properties":{"cod_tema":"ARL_PROPOSTA","cod_imovel":"RJ-3304706-A7370CE637674918BBCBC31EF5E68D56","num_area":"6.9109000000000000000000000000000","ind_status":"AT"},"geometry":{"type":"Polygon","coordinates":[[[-42.3368,-21.6302],[-42.3345,-21.631],[-42.3387,-21.6299],[-42.3347,-21.6283],[-42.3376,-21.6306],[-42.3368,-21.6302]],[[-42.3347,-21.6318],[-42.3368,-21.6314],[-42.3346,-21.6311],[-42.3347,-21.6318]]]}},{"type":"Feature","properties":{"cod_tema":"ARL_PROPOSTA","cod_imovel":"RJ-3304706-ACF6880F1B104BED83F2974D1827AB88","num_area":"6.1540000000000000000000000000000","ind_status":"AT"},"geometry":{"type":"Polygon","coordinates":[[[-42.027,-21.4699],[-42.0298,-21.4701],[-42.027,-21.4699],[-42.027,-21.4699]]]}},{"type":"Feature","properties":{"cod_tema":"ARL_PROPOSTA","cod_imovel":"RJ-3304706-AEB6AE3BE3124A78AFC58090E6052521","num_area":"3.4425000000000000000000000000000","ind_status":"AT"},"geometry":{"type":"Polygon","coordinates":[[[-42.2791,-21.5858],[-42.2772,-21.5849],[-42.279,-21.5864],[-42.2791,-21.5858]]]}},{"type":"Feature","properties":{"cod_tema":"ARL_PROPOSTA","cod_imovel":"RJ-3304706-B17755D428B94B169E8194318B61C2BB","num_area":"12.740100000000000000000000000000","ind_status":"AT"},"geometry":{"type":"Polygon","coordinates":[[[-42.2716,-21.525],[-42.2722,-21.5218],[-42.2667,-21.5239],[-42.2716,-21.525],[-42.2716,-21.525]]]}},{"type":"Feature","properties":{"cod_tema":"ARL_PROPOSTA","cod_imovel":"RJ-3304706-B1262A8F92834B9190F3FA9728073E1C","num_area":"1.5513000000000000000000000000000","ind_status":"AT"},"geometry":{"type":"Polygon","coordinates":[[[-42.168,-21.6179],[-42.1663,-21.6192],[-42.168,-21.618],[-42.168,-21.6179]]]}},{"type":"Feature","properties":{"cod_tema":"ARL_PROPOSTA","cod_imovel":"RJ-3304706-B29A5AB28E7841939D8845E308E6FA65","num_area":"24.257200000000000000000000000000","ind_status":"AT"},"geometry":{"type":"Polygon","coordinates":[[[-42.1333,-21.5617],[-42.1357,-21.56],[-42.1329,-21.5609],[-42.1333,-21.5617]],[[-42.1412,-21.5698],[-42.1454,-21.5718],[-42.1414,-21.5695],[-42.1412,-21.5698]],[[-42.1352,-21.5646],[-42.1424,-21.5645],[-42.1365,-21.5645],[-42.1352,-21.5646]]]}},{"type":"Feature","properties":{"cod_tema":"ARL_PROPOSTA","cod_imovel":"RJ-3304706-BAB6E0A8661842D48D64F5023FA14CE5","num_area":"18.857500000000000000000000000000","ind_status":"AT"},"geometry":{"type":"Polygon","coordinates":[[[-42.2112,-21.5953],[-42.2084,-21.5939],[-42.2017,-21.5997],[-42.2041,-21.601],[-42.2082,-21.597],[-42.2112,-21.5953]]]}},{"type":"Feature","properties":{"cod_tema":"ARL_PROPOSTA","cod_imovel":"RJ-3304706-BACBB5C727AD48DCA24C1FC1ECA30B97","num_area":"19.521500000000000000000000000000","ind_status":"AT"},"geometry":{"type":"Polygon","coordinates":[[[-42.1734,-21.5108],[-42.1709,-21.5095],[-42.173,-21.5111],[-42.1734,-21.5108]],[[-42.1692,-21.5092],[-42.1657,-21.5068],[-42.1654,-21.51],[-42.1686,-21.5102],[-42.1692,-21.5092]]]}},{"type":"Feature","properties":{"cod_tema":"ARL_PROPOSTA","cod_imovel":"RJ-3304706-BEA99F0DD147457B9E6D2C5CF66878E0","num_area":"1.6139000000000000000000000000000","ind_status":"AT"},"geometry":{"type":"Polygon","coordinates":[[[-42.0974,-21.5731],[-42.0967,-21.5704],[-42.097,-21.5727],[-42.0974,-21.5731]],[[-42.0971,-21.5728],[-42.0967,-21.5704],[-42.0971,-21.5726],[-42.0971,-21.5728]]]}},{"type":"Feature","properties":{"cod_tema":"ARL_PROPOSTA","cod_imovel":"RJ-3304706-BEC3740CB2A2491CA97025F8BA4B1959","num_area":"1.5338000000000000000000000000000","ind_status":"AT"},"geometry":{"type":"Polygon","coordinates":[[[-42.0359,-21.4435],[-42.0384,-21.4422],[-42.0357,-21.4436],[-42.0359,-21.4435]]]}},{"type":"Feature","properties":{"cod_tema":"ARL_PROPOSTA","cod_imovel":"RJ-3304706-C0E45E6909784C759CE914AEE2A601F1","num_area":"33.303600000000000000000000000000","ind_status":"AT"},"geometry":{"type":"Polygon","coordinates":[[[-42.1168,-21.5259],[-42.1213,-21.5233],[-42.1291,-21.5263],[-42.123,-21.5217],[-42.1156,-21.5254],[-42.1168,-21.5259]],[[-42.1228,-21.5318],[-42.1178,-21.5352],[-42.1231,-21.5316],[-42.1228,-21.5318]]]}},{"type":"Feature","properties":{"cod_tema":"ARL_PROPOSTA","cod_imovel":"RJ-3304706-C15DB153DCD74AF88388CC23B84787B8","num_area":"1.4730000000000000000000000000000","ind_status":"AT"},"geometry":{"type":"Polygon","coordinates":[[[-42.1756,-21.4916],[-42.177,-21.4893],[-42.1751,-21.4916],[-42.1756,-21.4916]]]}},{"type":"Feature","properties":{"cod_tema":"ARL_PROPOSTA","cod_imovel":"RJ-3304706-C2A7D90B9C4C4624B20E04EF2D687DFA","num_area":"3.1387000000000000000000000000000","ind_status":"AT"},"geometry":{"type":"Polygon","coordinates":[[[-42.1928,-21.672],[-42.1959,-21.6729],[-42.1937,-21.6717],[-42.1928,-21.672]]]}},{"type":"Feature","properties":{"cod_tema":"ARL_PROPOSTA","cod_imovel":"RJ-3304706-C4F0F3E1D6F942E48880024660882D97","num_area":"4.4624000000000000000000000000000","ind_status":"AT"},"geometry":{"type":"Polygon","coordinates":[[[-42.1576,-21.4829],[-42.1568,-21.4868],[-42.1588,-21.4837],[-42.1576,-21.4829]]]}},{"type":"Feature","properties":{"cod_tema":"ARL_PROPOSTA","cod_imovel":"RJ-3304706-C4564141236446B18967A1478AC4FA68","num_area":"66.157200000000000000000000000000","ind_status":"AT"},"geometry":{"type":"Polygon","coordinates":[[[-42.0658,-21.4404],[-42.0623,-21.4403],[-42.0645,-21.4355],[-42.0601,-21.4346],[-42.0613,-21.4417],[-42.0661,-21.4443],[-42.0659,-21.4403],[-42.0658,-21.4404]],[[-42.0623,-21.4416],[-42.0646,-21.4444],[-42.0629,-21.4421],[-42.0623,-21.4416]],[[-42.0689,-21.4484],[-42.0732,-21.4452],[-42.07,-21.4425],[-42.0686,-21.4485],[-42.0689,-21.4484]],[[-42.072,-21.4492],[-42.0694,-21.449],[-42.0719,-21.4496],[-42.072,-21.4492]]]}},{"type":"Feature","properties":{"cod_tema":"ARL_PROPOSTA","cod_imovel":"RJ-3304706-C46F442C89F449539176725CA461CA2A","num_area":"6.6575000000000000000000000000000","ind_status":"AT"},"geometry":{"type":"Polygon","coordinates":[[[-42.0625,-21.5428],[-42.0663,-21.5436],[-42.065,-21.5407],[-42.0622,-21.5424],[-42.0625,-21.5428]]]}},{"type":"Feature","properties":{"cod_tema":"ARL_PROPOSTA","cod_imovel":"RJ-3304706-C65D307DAD6E425C81DBF9D759256197","num_area":"3.0501000000000000000000000000000","ind_status":"AT"},"geometry":{"type":"Polygon","coordinates":[[[-42.075,-21.5646],[-42.0778,-21.5649],[-42.0745,-21.5639],[-42.075,-21.5646]]]}},{"type":"Feature","properties":{"cod_tema":"ARL_PROPOSTA","cod_imovel":"RJ-3304706-C6FB2C81364E4F9997B78F038A2DBD10","num_area":"4.5131000000000000000000000000000","ind_status":"AT"},"geometry":{"type":"Polygon","coordinates":[[[-42.115,-21.5743],[-42.1161,-21.5716],[-42.1148,-21.5743],[-42.115,-21.5743]]]}},{"type":"Feature","properties":{"cod_tema":"ARL_PROPOSTA","cod_imovel":"RJ-3304706-C8BD8722AF944CB4B378EBFB08802907","num_area":"3.4183000000000000000000000000000","ind_status":"AT"},"geometry":{"type":"Polygon","coordinates":[[[-42.2446,-21.4567],[-42.2459,-21.4591],[-42.2449,-21.457],[-42.2446,-21.4567]],[[-42.244,-21.4573],[-42.2458,-21.4592],[-42.2442,-21.4575],[-42.244,-21.4573]]]}},{"type":"Feature","properties":{"cod_tema":"ARL_PROPOSTA","cod_imovel":"RJ-3304706-C8D95CB169304C31BB6D7BE410B53EE3","num_area":"5.8405000000000000000000000000000","ind_status":"AT"},"geometry":{"type":"Polygon","coordinates":[[[-42.1882,-21.5983],[-42.1899,-21.6025],[-42.1895,-21.5997],[-42.1882,-21.5983]]]}},{"type":"Feature","properties":{"cod_tema":"ARL_PROPOSTA","cod_imovel":"RJ-3304706-C8FFB034C3F046128EFAE1982979896B","num_area":"3.4331000000000000000000000000000","ind_status":"AT"},"geometry":{"type":"Polygon","coordinates":[[[-42.2713,-21.621],[-42.2691,-21.6219],[-42.2711,-21.6216],[-42.2713,-21.621]],[[-42.2709,-21.625],[-42.2701,-21.6227],[-42.2708,-21.6251],[-42.2709,-21.625]]]}},{"type":"Feature","properties":{"cod_tema":"ARL_PROPOSTA","cod_imovel":"RJ-3304706-CA58515B36A94073861603304DB2C863","num_area":"2.4041000000000000000000000000000","ind_status":"AT"},"geometry":{"type":"Polygon","coordinates":[[[-42.3183,-21.6346],[-42.3201,-21.6334],[-42.3182,-21.6347],[-42.3183,-21.6346]]]}},{"type":"Feature","properties":{"cod_tema":"ARL_PROPOSTA","cod_imovel":"RJ-3304706-CB5FD9CA7F3547979BC3363F6C90A3FA","num_area":"2.3540000000000000000000000000000","ind_status":"AT"},"geometry":{"type":"Polygon","coordinates":[[[-42.2859,-21.5955],[-42.2875,-21.5937],[-42.2861,-21.5953],[-42.2859,-21.5955]]]}},{"type":"Feature","properties":{"cod_tema":"ARL_PROPOSTA","cod_imovel":"RJ-3304706-CC0A26DD71174912A6D2A4C850DB774E","num_area":"4.1442000000000000000000000000000","ind_status":"AT"},"geometry":{"type":"Polygon","coordinates":[[[-42.0307,-21.4764],[-42.0312,-21.4807],[-42.0355,-21.4792],[-42.0301,-21.4798],[-42.0309,-21.4764],[-42.0307,-21.4764]],[[-42.036,-21.4776],[-42.0335,-21.4774],[-42.0353,-21.4757],[-42.0358,-21.4782],[-42.036,-21.4776]]]}},{"type":"Feature","properties":{"cod_tema":"ARL_PROPOSTA","cod_imovel":"RJ-3304706-CD0BB9FA674440D3917493F98A06F628","num_area":"5.5260000000000000000000000000000","ind_status":"AT"},"geometry":{"type":"Polygon","coordinates":[[[-42.3327,-21.6149],[-42.3354,-21.6144],[-42.3327,-21.6148],[-42.3327,-21.6149]]]}},{"type":"Feature","properties":{"cod_tema":"ARL_PROPOSTA","cod_imovel":"RJ-3304706-CDB59AB11A0648F8A69172716F9C896C","num_area":"3.3579000000000000000000000000000","ind_status":"AT"},"geometry":{"type":"Polygon","coordinates":[[[-42.1841,-21.495],[-42.1851,-21.4979],[-42.1841,-21.495],[-42.1841,-21.495]]]}},{"type":"Feature","properties":{"cod_tema":"ARL_PROPOSTA","cod_imovel":"RJ-3304706-CE130C76E8AB49459B58BED755A77C6A","num_area":"11.556200000000000000000000000000","ind_status":"AT"},"geometry":{"type":"Polygon","coordinates":[[[-42.1797,-21.483],[-42.1783,-21.4859],[-42.1797,-21.483],[-42.1797,-21.483]],[[-42.176,-21.4899],[-42.1751,-21.4918],[-42.1783,-21.4915],[-42.1761,-21.4897],[-42.176,-21.4899]]]}},{"type":"Feature","properties":{"cod_tema":"ARL_PROPOSTA","cod_imovel":"RJ-3304706-D0ED3290202D4A71AF59CE3DF10D8CED","num_area":"2.4989000000000000000000000000000","ind_status":"PE"},"geometry":{"type":"Polygon","coordinates":[[[-42.2777,-21.6489],[-42.2798,-21.6478],[-42.2774,-21.648],[-42.2777,-21.6489]]]}},{"type":"Feature","properties":{"cod_tema":"ARL_PROPOSTA","cod_imovel":"RJ-3304706-D0FDCD3250564C3C86E46DA123EA31D0","num_area":"11.830300000000000000000000000000","ind_status":"AT"},"geometry":{"type":"Polygon","coordinates":[[[-42.121,-21.553],[-42.1205,-21.5497],[-42.1155,-21.5495],[-42.121,-21.553]]]}},{"type":"Feature","properties":{"cod_tema":"ARL_PROPOSTA","cod_imovel":"RJ-3304706-D2280C90D95A40768042583A7A88E6D0","num_area":"4.9261000000000000000000000000000","ind_status":"AT"},"geometry":{"type":"Polygon","coordinates":[[[-42.3014,-21.5916],[-42.2987,-21.5918],[-42.3009,-21.5928],[-42.3014,-21.5916]]]}},{"type":"Feature","properties":{"cod_tema":"ARL_PROPOSTA","cod_imovel":"RJ-3304706-D35B7523690C4927BD5C2BC0F0642720","num_area":"5.4365000000000000000000000000000","ind_status":"AT"},"geometry":{"type":"Polygon","coordinates":[[[-42.2933,-21.5974],[-42.2912,-21.5998],[-42.2936,-21.5976],[-42.2933,-21.5974]]]}},{"type":"Feature","properties":{"cod_tema":"ARL_PROPOSTA","cod_imovel":"RJ-3304706-D35CDE8B84F142EBB74261F524DA83DF","num_area":"4.8889000000000000000000000000000","ind_status":"AT"},"geometry":{"type":"Polygon","coordinates":[[[-42.2628,-21.5489],[-42.2645,-21.5508],[-42.2651,-21.5485],[-42.2628,-21.5489],[-42.2628,-21.5489]]]}},{"type":"Feature","properties":{"cod_tema":"ARL_PROPOSTA","cod_imovel":"RJ-3304706-D439AB1E722A47B99ACA511BA5BB4AB4","num_area":"4.6299000000000000000000000000000","ind_status":"AT"},"geometry":{"type":"Polygon","coordinates":[[[-42.2676,-21.5564],[-42.2669,-21.5584],[-42.2696,-21.5571],[-42.2676,-21.5564],[-42.2676,-21.5564]]]}},{"type":"Feature","properties":{"cod_tema":"ARL_PROPOSTA","cod_imovel":"RJ-3304706-DBA562F964AD4F25AEA10EA538E12ECE","num_area":"7.9525000000000000000000000000000","ind_status":"AT"},"geometry":{"type":"Polygon","coordinates":[[[-42.1398,-21.4835],[-42.1365,-21.4838],[-42.1393,-21.4846],[-42.1398,-21.4835]]]}},{"type":"Feature","properties":{"cod_tema":"ARL_PROPOSTA","cod_imovel":"RJ-3304706-DBC58A64F45A46A3A0E7D664069F0B79","num_area":"15.447500000000000000000000000000","ind_status":"AT"},"geometry":{"type":"Polygon","coordinates":[[[-42.1291,-21.5757],[-42.1311,-21.578],[-42.1347,-21.5738],[-42.129,-21.5748],[-42.1291,-21.5757]]]}},{"type":"Feature","properties":{"cod_tema":"ARL_PROPOSTA","cod_imovel":"RJ-3304706-DD7A430279F14B8C9BF42CC82E4E1AEF","num_area":"26.894300000000000000000000000000","ind_status":"AT"},"geometry":{"type":"Polygon","coordinates":[[[-42.1463,-21.485],[-42.1443,-21.4881],[-42.1476,-21.4851],[-42.1463,-21.485]],[[-42.1505,-21.4881],[-42.1442,-21.491],[-42.1479,-21.4922],[-42.1496,-21.4893],[-42.1505,-21.4881]],[[-42.1493,-21.4944],[-42.1517,-21.4933],[-42.1487,-21.4934],[-42.1493,-21.4944]]]}},{"type":"Feature","properties":{"cod_tema":"ARL_PROPOSTA","cod_imovel":"RJ-3304706-DD8667AC42104B4D94274AE70C5F5A0A","num_area":"8.0954000000000000000000000000000","ind_status":"AT"},"geometry":{"type":"Polygon","coordinates":[[[-42.0992,-21.5428],[-42.1018,-21.54],[-42.0991,-21.5424],[-42.0992,-21.5428]],[[-42.1057,-21.5362],[-42.1024,-21.5367],[-42.1057,-21.5362],[-42.1057,-21.5362]]]}},{"type":"Feature","properties":{"cod_tema":"ARL_PROPOSTA","cod_imovel":"RJ-3304706-DDEFDBE0A35149E283CD4702D5D38177","num_area":"4.9866000000000000000000000000000","ind_status":"AT"},"geometry":{"type":"Polygon","coordinates":[[[-42.3162,-21.5561],[-42.3133,-21.5559],[-42.3153,-21.5587],[-42.3162,-21.5561]]]}},{"type":"Feature","properties":{"cod_tema":"ARL_PROPOSTA","cod_imovel":"RJ-3304706-DE2F4F021C354F4EAA60C7D85E191CAC","num_area":"2.4278000000000000000000000000000","ind_status":"AT"},"geometry":{"type":"Polygon","coordinates":[[[-42.0029,-21.4405],[-42.0034,-21.4439],[-42.0029,-21.4405],[-42.0029,-21.4405]]]}},{"type":"Feature","properties":{"cod_tema":"ARL_PROPOSTA","cod_imovel":"RJ-3304706-E148B36C3C724F9AB1E51F1A46AD36D6","num_area":"1.0658000000000000000000000000000","ind_status":"AT"},"geometry":{"type":"Polygon","coordinates":[[[-42.0688,-21.4905],[-42.0662,-21.4898],[-42.0687,-21.4905],[-42.0688,-21.4905]]]}},{"type":"Feature","properties":{"cod_tema":"ARL_PROPOSTA","cod_imovel":"RJ-3304706-E16C4B3BB20845A0B1DA5A154E99A1E1","num_area":"15.941600000000000000000000000000","ind_status":"AT"},"geometry":{"type":"Polygon","coordinates":[[[-42.2689,-21.5112],[-42.2713,-21.509],[-42.2677,-21.5067],[-42.2682,-21.5105],[-42.2689,-21.5112]],[[-42.2659,-21.504],[-42.2635,-21.5055],[-42.2657,-21.5044],[-42.2659,-21.504]]]}},{"type":"Feature","properties":{"cod_tema":"ARL_PROPOSTA","cod_imovel":"RJ-3304706-E3141F7120C84C2DADB5A9D4B1D7E27F","num_area":"4.5870000000000000000000000000000","ind_status":"AT"},"geometry":{"type":"Polygon","coordinates":[[[-42.1688,-21.4772],[-42.1724,-21.4752],[-42.1688,-21.4771],[-42.1688,-21.4772]]]}},{"type":"Feature","properties":{"cod_tema":"ARL_PROPOSTA","cod_imovel":"RJ-3304706-E327956763BA4F4D9219030899E8C3FD","num_area":"2.4276000000000000000000000000000","ind_status":"AT"},"geometry":{"type":"Polygon","coordinates":[[[-42.1888,-21.6234],[-42.1895,-21.6263],[-42.1891,-21.6231],[-42.1888,-21.6234]]]}},{"type":"Feature","properties":{"cod_tema":"ARL_PROPOSTA","cod_imovel":"RJ-3304706-E3AB734C90B049088145C8A4D427F804","num_area":"2.4596000000000000000000000000000","ind_status":"AT"},"geometry":{"type":"Polygon","coordinates":[[[-42.2928,-21.6402],[-42.2901,-21.6386],[-42.2928,-21.6403],[-42.2928,-21.6402]]]}},{"type":"Feature","properties":{"cod_tema":"ARL_PROPOSTA","cod_imovel":"RJ-3304706-EC520450C058435CB214A7C9A9647479","num_area":"24.791800000000000000000000000000","ind_status":"PE"},"geometry":{"type":"Polygon","coordinates":[[[-42.3485,-21.5865],[-42.3433,-21.5876],[-42.3487,-21.5901],[-42.3485,-21.5865]]]}},{"type":"Feature","properties":{"cod_tema":"ARL_PROPOSTA","cod_imovel":"RJ-3304706-ECE8DE5E6CB14BE399BD14E236730C7A","num_area":"2.9425000000000000000000000000000","ind_status":"AT"},"geometry":{"type":"Polygon","coordinates":[[[-42.2522,-21.6084],[-42.2477,-21.6035],[-42.2521,-21.6085],[-42.2522,-21.6084]]]}},{"type":"Feature","properties":{"cod_tema":"ARL_PROPOSTA","cod_imovel":"RJ-3304706-EE16016360CA462286D2BBBC78B582A4","num_area":"14.372700000000000000000000000000","ind_status":"AT"},"geometry":{"type":"Polygon","coordinates":[[[-42.143,-21.5874],[-42.1393,-21.585],[-42.1419,-21.5877],[-42.143,-21.5874]],[[-42.1369,-21.5906],[-42.1367,-21.5934],[-42.139,-21.5916],[-42.1369,-21.5906],[-42.1369,-21.5906]]]}},{"type":"Feature","properties":{"cod_tema":"ARL_PROPOSTA","cod_imovel":"RJ-3304706-EF2BF181872B4D6295279EA0AD4E090F","num_area":"62.229900000000000000000000000000","ind_status":"AT"},"geometry":{"type":"Polygon","coordinates":[[[-42.0721,-21.4486],[-42.0741,-21.4445],[-42.0671,-21.439],[-42.0646,-21.444],[-42.0695,-21.4494],[-42.0721,-21.4486]]]}},{"type":"Feature","properties":{"cod_tema":"ARL_PROPOSTA","cod_imovel":"RJ-3304706-EFA7470B42D349B5A0DBC8BECA617696","num_area":"3.7781000000000000000000000000000","ind_status":"AT"},"geometry":{"type":"Polygon","coordinates":[[[-42.1885,-21.5585],[-42.1889,-21.5558],[-42.1869,-21.5578],[-42.1885,-21.5585]]]}},{"type":"Feature","properties":{"cod_tema":"ARL_PROPOSTA","cod_imovel":"RJ-3304706-F0FA96C41B99468583083156BB2FFBE1","num_area":"6.6456000000000000000000000000000","ind_status":"AT"},"geometry":{"type":"Polygon","coordinates":[[[-42.3355,-21.6355],[-42.3339,-21.6389],[-42.3362,-21.6355],[-42.3355,-21.6355]]]}},{"type":"Feature","properties":{"cod_tema":"ARL_PROPOSTA","cod_imovel":"RJ-3304706-F2321CF438B64E89A99DF989077562CC","num_area":"4.9168000000000000000000000000000","ind_status":"AT"},"geometry":{"type":"Polygon","coordinates":[[[-42.1059,-21.577],[-42.1042,-21.5796],[-42.1059,-21.5775],[-42.1059,-21.577]]]}},{"type":"Feature","properties":{"cod_tema":"ARL_PROPOSTA","cod_imovel":"RJ-3304706-F390652869214A08B16D20B24111708F","num_area":"3.9617000000000000000000000000000","ind_status":"AT"},"geometry":{"type":"Polygon","coordinates":[[[-42.0703,-21.4887],[-42.0705,-21.486],[-42.07,-21.4885],[-42.0703,-21.4887]],[[-42.0667,-21.4896],[-42.0699,-21.4896],[-42.0667,-21.4896],[-42.0667,-21.4896]]]}},{"type":"Feature","properties":{"cod_tema":"ARL_PROPOSTA","cod_imovel":"RJ-3304706-F7C5CC2DB38F4AF2A76FDE5DAE2DC148","num_area":"2.9095000000000000000000000000000","ind_status":"AT"},"geometry":{"type":"Polygon","coordinates":[[[-42.1568,-21.5042],[-42.1574,-21.5066],[-42.1569,-21.5045],[-42.1568,-21.5042]]]}},{"type":"Feature","properties":{"cod_tema":"ARL_PROPOSTA","cod_imovel":"RJ-3304706-F85786DF3B324C1DAF0F2C4E28242852","num_area":"1.7497000000000000000000000000000","ind_status":"AT"},"geometry":{"type":"Polygon","coordinates":[[[-42.205,-21.6884],[-42.2079,-21.6892],[-42.2051,-21.6882],[-42.205,-21.6884]],[[-42.2075,-21.6877],[-42.2049,-21.6881],[-42.2083,-21.6879],[-42.2075,-21.6877]]]}},{"type":"Feature","properties":{"cod_tema":"ARL_PROPOSTA","cod_imovel":"RJ-3304706-FFA65054158E42499D69D1E0ABDF0104","num_area":"2.8051000000000000000000000000000","ind_status":"AT"},"geometry":{"type":"Polygon","coordinates":[[[-42.1851,-21.6218],[-42.1873,-21.6203],[-42.1851,-21.6218],[-42.1851,-21.6218]]]}},{"type":"Feature","properties":{"cod_tema":"ARL_PROPOSTA","cod_imovel":"RJ-3304706-E85F1CDD957B4009AD0C95303B8ABD42","num_area":"5.9040000000000000000000000000000","ind_status":"AT"},"geometry":{"type":"Polygon","coordinates":[[[-42.1147,-21.4625],[-42.1174,-21.4624],[-42.1152,-21.4618],[-42.1147,-21.4625]]]}},{"type":"Feature","properties":{"cod_tema":"ARL_PROPOSTA","cod_imovel":"RJ-3304706-C0CA87298833453AA92B853995CC5766","num_area":"5.8810000000000000000000000000000","ind_status":"PE"},"geometry":{"type":"Polygon","coordinates":[[[-42.2244,-21.5341],[-42.2246,-21.5362],[-42.2266,-21.5325],[-42.2244,-21.5339],[-42.2244,-21.5341]]]}},{"type":"Feature","properties":{"cod_tema":"ARL_PROPOSTA","cod_imovel":"RJ-3304706-474E62216CB948B38149D07D0BA4C5EF","num_area":"2.4378000000000000000000000000000","ind_status":"AT"},"geometry":{"type":"Polygon","coordinates":[[[-42.1807,-21.4905],[-42.1814,-21.4884],[-42.1807,-21.4905],[-42.1807,-21.4905]]]}},{"type":"Feature","properties":{"cod_tema":"ARL_PROPOSTA","cod_imovel":"RJ-3304706-823583D8517742C18B0CD044CC7A1861","num_area":"3.0530000000000000000000000000000","ind_status":"PE"},"geometry":{"type":"Polygon","coordinates":[[[-42.2688,-21.5581],[-42.267,-21.5597],[-42.2689,-21.5584],[-42.2688,-21.5581]]]}},{"type":"Feature","properties":{"cod_tema":"ARL_PROPOSTA","cod_imovel":"RJ-3304706-303AB6DB0A21406F858966C181E55FD3","num_area":"3.8592000000000000000000000000000","ind_status":"AT"},"geometry":{"type":"Polygon","coordinates":[[[-42.1862,-21.6127],[-42.1833,-21.6126],[-42.1855,-21.6131],[-42.1862,-21.6127]]]}},{"type":"Feature","properties":{"cod_tema":"ARL_PROPOSTA","cod_imovel":"RJ-3304706-BC1AD3C2F6FE4CECA266F9524A548F42","num_area":"11.718000000000000000000000000000","ind_status":"AT"},"geometry":{"type":"Polygon","coordinates":[[[-42.1083,-21.4738],[-42.1123,-21.4742],[-42.11,-21.4728],[-42.1083,-21.4738]],[[-42.1114,-21.4713],[-42.1126,-21.4737],[-42.1116,-21.4711],[-42.1114,-21.4713]]]}},{"type":"Feature","properties":{"cod_tema":"ARL_PROPOSTA","cod_imovel":"RJ-3304706-CE7D361BB7FF4CAA9C460A94EFE6096C","num_area":"2.9371000000000000000000000000000","ind_status":"AT"},"geometry":{"type":"Polygon","coordinates":[[[-42.04,-21.4686],[-42.0399,-21.466],[-42.0399,-21.4685],[-42.04,-21.4686]]]}},{"type":"Feature","properties":{"cod_tema":"ARL_PROPOSTA","cod_imovel":"RJ-3304706-BB07D3BD28AF4CBDB68319A0999D8754","num_area":"63.696900000000000000000000000000","ind_status":"PE"},"geometry":{"type":"Polygon","coordinates":[[[-42.2072,-21.5979],[-42.2041,-21.6001],[-42.2124,-21.6117],[-42.2208,-21.6172],[-42.222,-21.6152],[-42.2119,-21.6086],[-42.2081,-21.6005],[-42.2072,-21.5979]]]}},{"type":"Feature","properties":{"cod_tema":"ARL_PROPOSTA","cod_imovel":"RJ-3304706-8D025A9ECAE84D53890EF871277A66E2","num_area":"2.5103000000000000000000000000000","ind_status":"AT"},"geometry":{"type":"Polygon","coordinates":[[[-42.1529,-21.5347],[-42.1496,-21.5347],[-42.153,-21.5349],[-42.1529,-21.5347]]]}},{"type":"Feature","properties":{"cod_tema":"ARL_PROPOSTA","cod_imovel":"RJ-3304706-4F019261DD724C0F8305E3FB66DC4EE6","num_area":"2.6563000000000000000000000000000","ind_status":"AT"},"geometry":{"type":"Polygon","coordinates":[[[-42.176,-21.6173],[-42.1737,-21.618],[-42.1757,-21.6175],[-42.176,-21.6173]]]}},{"type":"Feature","properties":{"cod_tema":"ARL_PROPOSTA","cod_imovel":"RJ-3304706-E8F8DFBAD2F4495788C06C2936363BB7","num_area":"1.6917000000000000000000000000000","ind_status":"AT"},"geometry":{"type":"Polygon","coordinates":[[[-42.2452,-21.6179],[-42.2463,-21.6201],[-42.2452,-21.617],[-42.2452,-21.6179]]]}},{"type":"Feature","properties":{"cod_tema":"ARL_PROPOSTA","cod_imovel":"RJ-3304706-FD044A1E68DC4949897A02F3CEFA617E","num_area":"3.0996000000000000000000000000000","ind_status":"AT"},"geometry":{"type":"Polygon","coordinates":[[[-42.1684,-21.5605],[-42.1701,-21.5621],[-42.1688,-21.5601],[-42.1684,-21.5605]]]}},{"type":"Feature","properties":{"cod_tema":"ARL_PROPOSTA","cod_imovel":"RJ-3304706-030B8C038E4E4D0DAB7FA43180E49EC4","num_area":"11.086200000000000000000000000000","ind_status":"AT"},"geometry":{"type":"Polygon","coordinates":[[[-42.2647,-21.4703],[-42.2694,-21.4686],[-42.2665,-21.4674],[-42.2647,-21.4703],[-42.2647,-21.4703]]]}},{"type":"Feature","properties":{"cod_tema":"ARL_PROPOSTA","cod_imovel":"RJ-3304706-0B6A5CABF7D540A8AF4B9B74B4FD772A","num_area":"4.8513000000000000000000000000000","ind_status":"AT"},"geometry":{"type":"Polygon","coordinates":[[[-42.0884,-21.4871],[-42.0853,-21.489],[-42.0888,-21.487],[-42.0884,-21.4871]]]}},{"type":"Feature","properties":{"cod_tema":"ARL_PROPOSTA","cod_imovel":"RJ-3304706-B3D4EB225407457E86CFF31E2F654AA9","num_area":"3.3973000000000000000000000000000","ind_status":"AT"},"geometry":{"type":"Polygon","coordinates":[[[-42.0621,-21.4665],[-42.0604,-21.4676],[-42.0623,-21.4664],[-42.0621,-21.4665]]]}},{"type":"Feature","properties":{"cod_tema":"ARL_PROPOSTA","cod_imovel":"RJ-3304706-2E70D26C12934550B7663DB56AFECEB1","num_area":"2.3794000000000000000000000000000","ind_status":"CA"},"geometry":{"type":"Polygon","coordinates":[[[-42.1437,-21.5858],[-42.1442,-21.5836],[-42.1437,-21.5857],[-42.1437,-21.5858]]]}},{"type":"Feature","properties":{"cod_tema":"ARL_PROPOSTA","cod_imovel":"RJ-3304706-EB498E1CC83A41649638BFADB0DFA7B5","num_area":"180.77300000000000000000000000000","ind_status":"PE"},"geometry":{"type":"Polygon","coordinates":[[[-42.2933,-21.5063],[-42.2896,-21.5038],[-42.2928,-21.5065],[-42.2933,-21.5063]],[[-42.2988,-21.5126],[-42.2951,-21.5104],[-42.2985,-21.5125],[-42.2988,-21.5126]],[[-42.2673,-21.5381],[-42.2626,-21.5371],[-42.2604,-21.5404],[-42.2625,-21.5432],[-42.2664,-21.5421],[-42.2639,-21.5423],[-42.269,-21.5467],[-42.2719,-21.5404],[-42.2681,-21.5339],[-42.2649,-21.537],[-42.2694,-21.5438],[-42.2663,-21.5426],[-42.2693,-21.5437],[-42.2667,-21.5391],[-42.2673,-21.5381]],[[-42.2942,-21.5112],[-42.2931,-21.5068],[-42.2939,-21.5113],[-42.2942,-21.5112]],[[-42.2782,-21.5352],[-42.2712,-21.5329],[-42.278,-21.5355],[-42.2782,-21.5352]],[[-42.2957,-21.5196],[-42.293,-21.5182],[-42.2891,-21.5247],[-42.2955,-21.5196],[-42.2957,-21.5196]],[[-42.2952,-21.5308],[-42.2986,-21.5284],[-42.297,-21.5224],[-42.2935,-21.5273],[-42.2965,-21.5289],[-42.2946,-21.5308],[-42.2952,-21.5308]],[[-42.2832,-21.5202],[-42.2837,-21.526],[-42.2886,-21.5252],[-42.2838,-21.5258],[-42.2831,-21.5204],[-42.2832,-21.5202]],[[-42.2825,-21.5204],[-42.2832,-21.5286],[-42.2912,-21.5367],[-42.2836,-21.526],[-42.2918,-21.5358],[-42.2841,-21.5277],[-42.2891,-21.5242],[-42.2836,-21.526],[-42.2827,-21.5207],[-42.2825,-21.5204]]]}},{"type":"Feature","properties":{"cod_tema":"ARL_PROPOSTA","cod_imovel":"RJ-3304706-C986CD8244A745899A05526C36250DDB","num_area":"14.626300000000000000000000000000","ind_status":"PE"},"geometry":{"type":"Polygon","coordinates":[[[-42.0543,-21.4648],[-42.0491,-21.4642],[-42.0515,-21.4672],[-42.0544,-21.4648],[-42.0543,-21.4648]]]}},{"type":"Feature","properties":{"cod_tema":"ARL_PROPOSTA","cod_imovel":"RJ-3304706-B7A27DEF33184316B91C2EEDA095919F","num_area":"13.299100000000000000000000000000","ind_status":"AT"},"geometry":{"type":"Polygon","coordinates":[[[-42.2837,-21.4447],[-42.2786,-21.4447],[-42.2817,-21.4471],[-42.2837,-21.4447],[-42.2837,-21.4447]]]}},{"type":"Feature","properties":{"cod_tema":"ARL_AVERBADA","cod_imovel":"RJ-3304706-C99B51BAD5B2490AB1FF0D37BCC22A73","num_area":"4.0210000000000000000000000000000","ind_status":"AT"},"geometry":{"type":"Polygon","coordinates":[[[-42.2949,-21.5844],[-42.2917,-21.5886],[-42.2943,-21.5857],[-42.2949,-21.5844]]]}},{"type":"Feature","properties":{"cod_tema":"ARL_PROPOSTA","cod_imovel":"RJ-3304706-77B7C6449FEC4B56B6866F47DAE1E6D7","num_area":"2.9979000000000000000000000000000","ind_status":"AT"},"geometry":{"type":"Polygon","coordinates":[[[-42.2692,-21.5605],[-42.2688,-21.5633],[-42.27,-21.5615],[-42.2692,-21.5605]]]}},{"type":"Feature","properties":{"cod_tema":"ARL_PROPOSTA","cod_imovel":"RJ-3304706-038FE5E832734BE791ACC4112A7DBFE7","num_area":"6.6424000000000000000000000000000","ind_status":"AT"},"geometry":{"type":"Polygon","coordinates":[[[-42.2503,-21.6209],[-42.2476,-21.6196],[-42.2506,-21.623],[-42.2504,-21.6209],[-42.2503,-21.6209]]]}},{"type":"Feature","properties":{"cod_tema":"ARL_PROPOSTA","cod_imovel":"RJ-3304706-85EEF0AE31954FA08564D39E0EA8B47F","num_area":"4.4971000000000000000000000000000","ind_status":"AT"},"geometry":{"type":"Polygon","coordinates":[[[-42.3451,-21.6176],[-42.3418,-21.6174],[-42.3451,-21.6176],[-42.3451,-21.6176]]]}},{"type":"Feature","properties":{"cod_tema":"ARL_PROPOSTA","cod_imovel":"RJ-3304706-96AD13C423614C4FA2EC2308ADB9ECD6","num_area":"13.653300000000000000000000000000","ind_status":"AT"},"geometry":{"type":"Polygon","coordinates":[[[-42.1827,-21.5238],[-42.1849,-21.5245],[-42.1829,-21.5235],[-42.1827,-21.5238]],[[-42.1739,-21.5212],[-42.1809,-21.5203],[-42.1763,-21.5199],[-42.1739,-21.5212]]]}},{"type":"Feature","properties":{"cod_tema":"ARL_PROPOSTA","cod_imovel":"RJ-3304706-6FD88F5F9ABD45B48D153248DBDF9616","num_area":"4.3684000000000000000000000000000","ind_status":"AT"},"geometry":{"type":"Polygon","coordinates":[[[-42.2409,-21.6861],[-42.2425,-21.6893],[-42.241,-21.6863],[-42.2409,-21.6861]]]}},{"type":"Feature","properties":{"cod_tema":"ARL_PROPOSTA","cod_imovel":"RJ-3304706-971D675141884BB0B5C974B8F9949AE4","num_area":"2.8245000000000000000000000000000","ind_status":"AT"},"geometry":{"type":"Polygon","coordinates":[[[-42.2445,-21.5869],[-42.2418,-21.5888],[-42.2445,-21.5871],[-42.2445,-21.5869]]]}},{"type":"Feature","properties":{"cod_tema":"ARL_PROPOSTA","cod_imovel":"RJ-3304706-3C5A12E83097461BBD14E63F2CADD9E9","num_area":"7.6697000000000000000000000000000","ind_status":"PE"},"geometry":{"type":"Polygon","coordinates":[[[-42.2268,-21.6],[-42.2234,-21.5975],[-42.2239,-21.5998],[-42.2268,-21.6]],[[-42.2226,-21.5983],[-42.221,-21.5997],[-42.2227,-21.5983],[-42.2226,-21.5983]]]}},{"type":"Feature","properties":{"cod_tema":"ARL_PROPOSTA","cod_imovel":"RJ-3304706-7D0F209D7C1E44798ED152458CEBCDE0","num_area":"4.2266000000000000000000000000000","ind_status":"CA"},"geometry":{"type":"Polygon","coordinates":[[[-42.2568,-21.644],[-42.2547,-21.6453],[-42.2577,-21.6453],[-42.2568,-21.644]]]}},{"type":"Feature","properties":{"cod_tema":"ARL_PROPOSTA","cod_imovel":"RJ-3304706-F96AD2F47C0C46F3A6118EA7D07A1E6C","num_area":"1.4721000000000000000000000000000","ind_status":"AT"},"geometry":{"type":"Polygon","coordinates":[[[-42.1975,-21.4955],[-42.1971,-21.4977],[-42.1975,-21.4955],[-42.1975,-21.4955]],[[-42.1948,-21.4912],[-42.1958,-21.4933],[-42.1946,-21.4915],[-42.1948,-21.4912]]]}},{"type":"Feature","properties":{"cod_tema":"ARL_PROPOSTA","cod_imovel":"RJ-3304706-C79BC59F3A7943B7B4E0B78AE5E1865E","num_area":"16.284500000000000000000000000000","ind_status":"AT"},"geometry":{"type":"Polygon","coordinates":[[[-42.2853,-21.453],[-42.2828,-21.4508],[-42.279,-21.4532],[-42.2827,-21.4556],[-42.2854,-21.4533],[-42.2853,-21.453]]]}},{"type":"Feature","properties":{"cod_tema":"ARL_PROPOSTA","cod_imovel":"RJ-3304706-3ADBF3AA3CF347D68F817C8E7042DA21","num_area":"6.7302000000000000000000000000000","ind_status":"AT"},"geometry":{"type":"Polygon","coordinates":[[[-42.1472,-21.608],[-42.1439,-21.6087],[-42.1468,-21.6078],[-42.1472,-21.608]]]}},{"type":"Feature","properties":{"cod_tema":"ARL_PROPOSTA","cod_imovel":"RJ-3304706-47454C0F850A448C855460070A1294A1","num_area":"4.2864000000000000000000000000000","ind_status":"AT"},"geometry":{"type":"Polygon","coordinates":[[[-42.1772,-21.5231],[-42.1745,-21.5239],[-42.177,-21.524],[-42.1772,-21.5231]]]}},{"type":"Feature","properties":{"cod_tema":"ARL_PROPOSTA","cod_imovel":"RJ-3304706-815743A9015349C7AE080F82ED0D9FDD","num_area":"6.4083000000000000000000000000000","ind_status":"AT"},"geometry":{"type":"Polygon","coordinates":[[[-42.1837,-21.5264],[-42.1788,-21.5265],[-42.1837,-21.5265],[-42.1837,-21.5264]],[[-42.1831,-21.5266],[-42.1804,-21.5267],[-42.1852,-21.5257],[-42.1831,-21.5266],[-42.1831,-21.5266]]]}},{"type":"Feature","properties":{"cod_tema":"ARL_PROPOSTA","cod_imovel":"RJ-3304706-B98F6FF71D464155B1F365A57A849100","num_area":"55.321400000000000000000000000000","ind_status":"AT"},"geometry":{"type":"Polygon","coordinates":[[[-42.0882,-21.5391],[-42.0873,-21.545],[-42.0915,-21.5493],[-42.096,-21.5453],[-42.0917,-21.5416],[-42.0893,-21.5439],[-42.0917,-21.5416],[-42.0885,-21.5382],[-42.0882,-21.5391]]]}},{"type":"Feature","properties":{"cod_tema":"ARL_PROPOSTA","cod_imovel":"RJ-3304706-D71CF21BE29D45A58B2DC6FB432DFA88","num_area":"24.865900000000000000000000000000","ind_status":"PE"},"geometry":{"type":"Polygon","coordinates":[[[-42.3313,-21.5731],[-42.3269,-21.5709],[-42.325,-21.5758],[-42.3315,-21.5736],[-42.3313,-21.5731]]]}},{"type":"Feature","properties":{"cod_tema":"ARL_PROPOSTA","cod_imovel":"RJ-3304706-E36DFC0DAC6842E1B4C58E68776CA024","num_area":"9.9683000000000000000000000000000","ind_status":"AT"},"geometry":{"type":"Polygon","coordinates":[[[-42.2009,-21.5146],[-42.2031,-21.5131],[-42.2012,-21.5113],[-42.1999,-21.5148],[-42.2009,-21.5146]]]}},{"type":"Feature","properties":{"cod_tema":"ARL_PROPOSTA","cod_imovel":"RJ-3304706-30D577AA9034447C8F0798FBCD6723C3","num_area":"4.1259000000000000000000000000000","ind_status":"AT"},"geometry":{"type":"Polygon","coordinates":[[[-42.1532,-21.5069],[-42.1504,-21.5051],[-42.1531,-21.5069],[-42.1532,-21.5069]]]}},{"type":"Feature","properties":{"cod_tema":"ARL_PROPOSTA","cod_imovel":"RJ-3304706-2D353EBF6D2A4C4A98D17BBE0E88D184","num_area":"5.7672000000000000000000000000000","ind_status":"AT"},"geometry":{"type":"Polygon","coordinates":[[[-42.0983,-21.5213],[-42.0967,-21.5241],[-42.098,-21.5216],[-42.0983,-21.5213]],[[-42.0983,-21.5272],[-42.1004,-21.5267],[-42.0983,-21.5272],[-42.0983,-21.5272]]]}},{"type":"Feature","properties":{"cod_tema":"ARL_PROPOSTA","cod_imovel":"RJ-3304706-0927E89F970F4F279ED2B1A328DC86F4","num_area":"11.366500000000000000000000000000","ind_status":"AT"},"geometry":{"type":"Polygon","coordinates":[[[-42.0843,-21.571],[-42.082,-21.5697],[-42.0846,-21.571],[-42.0843,-21.571]],[[-42.085,-21.5793],[-42.0829,-21.5756],[-42.085,-21.5793],[-42.085,-21.5793]]]}},{"type":"Feature","properties":{"cod_tema":"ARL_PROPOSTA","cod_imovel":"RJ-3304706-6CB1375466EE40D8A1F2486EA6743382","num_area":"12.463100000000000000000000000000","ind_status":"AT"},"geometry":{"type":"Polygon","coordinates":[[[-42.1541,-21.5849],[-42.1504,-21.5799],[-42.1529,-21.5847],[-42.1541,-21.5849]]]}},{"type":"Feature","properties":{"cod_tema":"ARL_PROPOSTA","cod_imovel":"RJ-3304706-3B00F562529B4396ACC30BD5112B902B","num_area":"1.6050000000000000000000000000000","ind_status":"AT"},"geometry":{"type":"Polygon","coordinates":[[[-42.199,-21.5373],[-42.201,-21.5368],[-42.1989,-21.5372],[-42.199,-21.5373]]]}},{"type":"Feature","properties":{"cod_tema":"ARL_PROPOSTA","cod_imovel":"RJ-3304706-F433BBB08D9C44F0A759F0615EDD4DD6","num_area":"9.1719000000000000000000000000000","ind_status":"AT"},"geometry":{"type":"Polygon","coordinates":[[[-42.2541,-21.5863],[-42.2497,-21.5846],[-42.2531,-21.5871],[-42.2541,-21.5863]]]}},{"type":"Feature","properties":{"cod_tema":"ARL_PROPOSTA","cod_imovel":"RJ-3304706-B8007C07E12949A4A924E30DF8FFD505","num_area":"21.524400000000000000000000000000","ind_status":"AT"},"geometry":{"type":"Polygon","coordinates":[[[-42.3457,-21.6175],[-42.3399,-21.6167],[-42.3376,-21.6193],[-42.3447,-21.621],[-42.346,-21.6176],[-42.3457,-21.6175]]]}},{"type":"Feature","properties":{"cod_tema":"ARL_PROPOSTA","cod_imovel":"RJ-3304706-A57EC653AC1B47D0B0E2FCFB2E916C41","num_area":"3.2327000000000000000000000000000","ind_status":"AT"},"geometry":{"type":"Polygon","coordinates":[[[-42.1837,-21.4725],[-42.1867,-21.4697],[-42.1835,-21.4724],[-42.1837,-21.4725]]]}},{"type":"Feature","properties":{"cod_tema":"ARL_PROPOSTA","cod_imovel":"RJ-3304706-A3C741F3EFFF4E13AD19ED740B50DEC5","num_area":"6.9452000000000000000000000000000","ind_status":"PE"},"geometry":{"type":"Polygon","coordinates":[[[-42.2271,-21.5968],[-42.2242,-21.5976],[-42.2275,-21.5997],[-42.2269,-21.5972],[-42.2271,-21.5968]]]}},{"type":"Feature","properties":{"cod_tema":"ARL_APROVADA_NAO_AVERBADA","cod_imovel":"RJ-3304706-21CB6089BC624904B189B148D2908C99","num_area":"1.4656000000000000000000000000000","ind_status":"AT"},"geometry":{"type":"Polygon","coordinates":[[[-42.2533,-21.6117],[-42.2526,-21.6142],[-42.2535,-21.6118],[-42.2533,-21.6117]]]}},{"type":"Feature","properties":{"cod_tema":"ARL_PROPOSTA","cod_imovel":"RJ-3304706-DF90FC3D7A3342B5A8725FE9AF5AA2BD","num_area":"6.2817000000000000000000000000000","ind_status":"AT"},"geometry":{"type":"Polygon","coordinates":[[[-42.1686,-21.6158],[-42.1718,-21.6148],[-42.1694,-21.616],[-42.1686,-21.6158]]]}},{"type":"Feature","properties":{"cod_tema":"ARL_PROPOSTA","cod_imovel":"RJ-3304706-46DD038DA2B2409A8D2B7F60E7A90BB6","num_area":"20.635400000000000000000000000000","ind_status":"AT"},"geometry":{"type":"Polygon","coordinates":[[[-42.1467,-21.5589],[-42.149,-21.563],[-42.1529,-21.5595],[-42.1497,-21.5573],[-42.1467,-21.5589]]]}},{"type":"Feature","properties":{"cod_tema":"ARL_PROPOSTA","cod_imovel":"RJ-3304706-C46271B300DA4A98A8CD2FD4DF78FAFA","num_area":"8.5228000000000000000000000000000","ind_status":"AT"},"geometry":{"type":"Polygon","coordinates":[[[-42.2501,-21.5318],[-42.2527,-21.5324],[-42.25,-21.5317],[-42.2501,-21.5318]],[[-42.2574,-21.5391],[-42.2605,-21.5396],[-42.2574,-21.5391],[-42.2574,-21.5391]]]}},{"type":"Feature","properties":{"cod_tema":"ARL_PROPOSTA","cod_imovel":"RJ-3304706-A62867A9BBDB473CBE5DFE5CBD0295E8","num_area":"48.260100000000000000000000000000","ind_status":"AT"},"geometry":{"type":"Polygon","coordinates":[[[-42.1007,-21.558],[-42.1013,-21.5603],[-42.1059,-21.5528],[-42.0957,-21.555],[-42.1005,-21.5578],[-42.1007,-21.558]]]}},{"type":"Feature","properties":{"cod_tema":"ARL_PROPOSTA","cod_imovel":"RJ-3304706-0B397996BE5A46A7B200E0A66F71666B","num_area":"2.4026000000000000000000000000000","ind_status":"AT"},"geometry":{"type":"Polygon","coordinates":[[[-42.2593,-21.6079],[-42.2614,-21.6088],[-42.2593,-21.6078],[-42.2593,-21.6079]]]}},{"type":"Feature","properties":{"cod_tema":"ARL_PROPOSTA","cod_imovel":"RJ-3304706-08F59441783F4BAB80F356DB10383B8F","num_area":"13.361100000000000000000000000000","ind_status":"AT"},"geometry":{"type":"Polygon","coordinates":[[[-42.1249,-21.5654],[-42.122,-21.5692],[-42.1262,-21.571],[-42.1245,-21.5675],[-42.1249,-21.5654]]]}},{"type":"Feature","properties":{"cod_tema":"ARL_PROPOSTA","cod_imovel":"RJ-3304706-4B38B6D557C2483093645F993224E906","num_area":"5.3964000000000000000000000000000","ind_status":"AT"},"geometry":{"type":"Polygon","coordinates":[[[-42.0617,-21.4904],[-42.0614,-21.4928],[-42.0626,-21.4907],[-42.0617,-21.4904]]]}},{"type":"Feature","properties":{"cod_tema":"ARL_PROPOSTA","cod_imovel":"RJ-3304706-924DFBE069574F82AE7754A963B02F0C","num_area":"10.711500000000000000000000000000","ind_status":"AT"},"geometry":{"type":"Polygon","coordinates":[[[-42.1469,-21.5974],[-42.1424,-21.598],[-42.1465,-21.5977],[-42.1469,-21.5974]],[[-42.1424,-21.598],[-42.1411,-21.5996],[-42.1456,-21.5978],[-42.1425,-21.5981],[-42.1424,-21.598]]]}},{"type":"Feature","properties":{"cod_tema":"ARL_PROPOSTA","cod_imovel":"RJ-3304706-DB736633B60F44D2B0CE03D1D2B090C0","num_area":"2.0119000000000000000000000000000","ind_status":"AT"},"geometry":{"type":"Polygon","coordinates":[[[-42.1835,-21.6309],[-42.1816,-21.6295],[-42.1832,-21.6311],[-42.1835,-21.6309]]]}},{"type":"Feature","properties":{"cod_tema":"ARL_PROPOSTA","cod_imovel":"RJ-3304706-C67DAB50332F4D04BDDD8677EDABB825","num_area":"11.748500000000000000000000000000","ind_status":"AT"},"geometry":{"type":"Polygon","coordinates":[[[-42.0396,-21.5067],[-42.0451,-21.5015],[-42.0396,-21.5052],[-42.0396,-21.5067]]]}},{"type":"Feature","properties":{"cod_tema":"ARL_PROPOSTA","cod_imovel":"RJ-3304706-B7E2E925F6184BB1A53E92C7F3371614","num_area":"1.9603000000000000000000000000000","ind_status":"AT"},"geometry":{"type":"Polygon","coordinates":[[[-42.1128,-21.5151],[-42.1125,-21.5173],[-42.1128,-21.5151],[-42.1128,-21.5151]]]}},{"type":"Feature","properties":{"cod_tema":"ARL_PROPOSTA","cod_imovel":"RJ-3304706-126D5B2272EA421F8D66CC6F70972014","num_area":"2.8086000000000000000000000000000","ind_status":"AT"},"geometry":{"type":"Polygon","coordinates":[[[-42.0426,-21.4812],[-42.0407,-21.4803],[-42.0419,-21.482],[-42.0426,-21.4812]]]}},{"type":"Feature","properties":{"cod_tema":"ARL_PROPOSTA","cod_imovel":"RJ-3304706-6B60EBDEFAED4A9BB42C9EB0BF8DE454","num_area":"8.3073000000000000000000000000000","ind_status":"AT"},"geometry":{"type":"Polygon","coordinates":[[[-42.1469,-21.6028],[-42.1448,-21.6037],[-42.1469,-21.6028],[-42.1469,-21.6028]],[[-42.1503,-21.6054],[-42.1466,-21.6062],[-42.1501,-21.6054],[-42.1503,-21.6054]]]}},{"type":"Feature","properties":{"cod_tema":"ARL_PROPOSTA","cod_imovel":"RJ-3304706-458205EBD399422D86FCD3AB1CA18E0B","num_area":"3.4217000000000000000000000000000","ind_status":"AT"},"geometry":{"type":"Polygon","coordinates":[[[-42.2772,-21.6147],[-42.2799,-21.6146],[-42.2774,-21.6146],[-42.2772,-21.6147]]]}},{"type":"Feature","properties":{"cod_tema":"ARL_PROPOSTA","cod_imovel":"RJ-3304706-E8FF6C68698E4ED1AFF0FDA36F953BA3","num_area":"20.536800000000000000000000000000","ind_status":"AT"},"geometry":{"type":"Polygon","coordinates":[[[-42.2331,-21.5399],[-42.2374,-21.5408],[-42.2332,-21.54],[-42.2331,-21.5399]],[[-42.2378,-21.537],[-42.2347,-21.5344],[-42.2365,-21.5364],[-42.2341,-21.5379],[-42.2377,-21.537],[-42.2378,-21.537]],[[-42.2399,-21.5404],[-42.2347,-21.5422],[-42.2398,-21.5404],[-42.2399,-21.5404]],[[-42.2439,-21.5404],[-42.2382,-21.5383],[-42.243,-21.5408],[-42.2439,-21.5404]],[[-42.2429,-21.5408],[-42.2385,-21.54],[-42.2415,-21.5416],[-42.2429,-21.5408]]]}},{"type":"Feature","properties":{"cod_tema":"ARL_PROPOSTA","cod_imovel":"RJ-3304706-4C16A45361334667BC3748CE775F0CE5","num_area":"13.195700000000000000000000000000","ind_status":"PE"},"geometry":{"type":"Polygon","coordinates":[[[-42.1716,-21.5123],[-42.1702,-21.5178],[-42.1727,-21.5117],[-42.1716,-21.5123]]]}},{"type":"Feature","properties":{"cod_tema":"ARL_PROPOSTA","cod_imovel":"RJ-3304706-6E493532EF944DD19C0D59B122396B06","num_area":"8.0923000000000000000000000000000","ind_status":"AT"},"geometry":{"type":"Polygon","coordinates":[[[-42.0721,-21.4802],[-42.066,-21.4808],[-42.0699,-21.481],[-42.0721,-21.4802]]]}},{"type":"Feature","properties":{"cod_tema":"ARL_PROPOSTA","cod_imovel":"RJ-3304706-32B6322DB4BD469B96961D4637C9F140","num_area":"4.5521000000000000000000000000000","ind_status":"AT"},"geometry":{"type":"Polygon","coordinates":[[[-42.2218,-21.6276],[-42.2211,-21.6255],[-42.2188,-21.6277],[-42.2218,-21.6271],[-42.2218,-21.6276]]]}},{"type":"Feature","properties":{"cod_tema":"ARL_PROPOSTA","cod_imovel":"RJ-3304706-BC89BA5A6D654EF38D93F19815372E36","num_area":"8.9766000000000000000000000000000","ind_status":"AT"},"geometry":{"type":"Polygon","coordinates":[[[-42.1138,-21.5182],[-42.1082,-21.5202],[-42.1138,-21.5182],[-42.1138,-21.5182]]]}},{"type":"Feature","properties":{"cod_tema":"ARL_PROPOSTA","cod_imovel":"RJ-3304706-C7D0E38BFC54442483D9F1B196B343A8","num_area":"5.3140000000000000000000000000000","ind_status":"AT"},"geometry":{"type":"Polygon","coordinates":[[[-42.0089,-21.4288],[-42.0081,-21.4314],[-42.01,-21.4292],[-42.0089,-21.4288]]]}},{"type":"Feature","properties":{"cod_tema":"ARL_PROPOSTA","cod_imovel":"RJ-3304706-1789BD65FF6641BEA0A8EC55724D1434","num_area":"10.834100000000000000000000000000","ind_status":"AT"},"geometry":{"type":"Polygon","coordinates":[[[-42.3103,-21.6432],[-42.3088,-21.6403],[-42.3056,-21.6433],[-42.3103,-21.6432],[-42.3103,-21.6432]]]}},{"type":"Feature","properties":{"cod_tema":"ARL_PROPOSTA","cod_imovel":"RJ-3304706-217E59E8C5974366AEFEC21984D21113","num_area":"16.985200000000000000000000000000","ind_status":"AT"},"geometry":{"type":"Polygon","coordinates":[[[-42.2576,-21.6958],[-42.2562,-21.6913],[-42.2535,-21.6924],[-42.2549,-21.6974],[-42.2576,-21.6958]]]}},{"type":"Feature","properties":{"cod_tema":"ARL_PROPOSTA","cod_imovel":"RJ-3304706-ABA993604B9F440C8327EA4E40D4CBFB","num_area":"1.0387000000000000000000000000000","ind_status":"AT"},"geometry":{"type":"Polygon","coordinates":[[[-42.34,-21.6592],[-42.3389,-21.6618],[-42.3353,-21.6596],[-42.3389,-21.6619],[-42.34,-21.6592],[-42.34,-21.6592]]]}},{"type":"Feature","properties":{"cod_tema":"ARL_PROPOSTA","cod_imovel":"RJ-3304706-E704F4E42295404A899154150050AA3C","num_area":"15.291300000000000000000000000000","ind_status":"AT"},"geometry":{"type":"Polygon","coordinates":[[[-42.3533,-21.5963],[-42.3477,-21.598],[-42.3533,-21.5969],[-42.3533,-21.5963]]]}},{"type":"Feature","properties":{"cod_tema":"ARL_PROPOSTA","cod_imovel":"RJ-3304706-70597D9C0C1345CABCB34CE8CF955011","num_area":"23.791400000000000000000000000000","ind_status":"AT"},"geometry":{"type":"Polygon","coordinates":[[[-42.1975,-21.5459],[-42.1964,-21.544],[-42.1974,-21.5464],[-42.1975,-21.5459]],[[-42.2,-21.5381],[-42.1963,-21.538],[-42.1992,-21.5387],[-42.2,-21.5381]],[[-42.1907,-21.5386],[-42.1926,-21.5421],[-42.1922,-21.5394],[-42.1907,-21.5386]],[[-42.1947,-21.5382],[-42.1914,-21.5381],[-42.1944,-21.5391],[-42.1947,-21.5382]]]}},{"type":"Feature","properties":{"cod_tema":"ARL_PROPOSTA","cod_imovel":"RJ-3304706-F1DA215557554B51A46B6481EC14EAE0","num_area":"6.7724000000000000000000000000000","ind_status":"AT"},"geometry":{"type":"Polygon","coordinates":[[[-42.1599,-21.5207],[-42.164,-21.5213],[-42.16,-21.5207],[-42.1599,-21.5207]]]}},{"type":"Feature","properties":{"cod_tema":"ARL_PROPOSTA","cod_imovel":"RJ-3304706-47253A0DA9F948128F2767E02786DCB6","num_area":"5.7381000000000000000000000000000","ind_status":"AT"},"geometry":{"type":"Polygon","coordinates":[[[-42.2083,-21.4772],[-42.211,-21.4777],[-42.2098,-21.4758],[-42.2083,-21.4772]]]}},{"type":"Feature","properties":{"cod_tema":"ARL_PROPOSTA","cod_imovel":"RJ-3304706-8A1D6753F71545D4AABC5FA810F616D7","num_area":"1.3868000000000000000000000000000","ind_status":"AT"},"geometry":{"type":"Polygon","coordinates":[[[-42.0433,-21.4729],[-42.0424,-21.475],[-42.0433,-21.473],[-42.0433,-21.4729]]]}},{"type":"Feature","properties":{"cod_tema":"ARL_PROPOSTA","cod_imovel":"RJ-3304706-A1FEF2D012764C1F8AA1500C56E47657","num_area":"3.2954000000000000000000000000000","ind_status":"AT"},"geometry":{"type":"Polygon","coordinates":[[[-42.1439,-21.593],[-42.1438,-21.5956],[-42.1447,-21.5932],[-42.1439,-21.593]]]}},{"type":"Feature","properties":{"cod_tema":"ARL_PROPOSTA","cod_imovel":"RJ-3304706-17A101968FB342608393E0F40678D18D","num_area":"97.825600000000000000000000000000","ind_status":"AT"},"geometry":{"type":"Polygon","coordinates":[[[-42.2948,-21.5785],[-42.2998,-21.5832],[-42.2993,-21.5785],[-42.2951,-21.5786],[-42.2948,-21.5785]],[[-42.3164,-21.5727],[-42.3184,-21.5709],[-42.3166,-21.5727],[-42.3164,-21.5727]],[[-42.3149,-21.5659],[-42.31,-21.5687],[-42.3219,-21.5655],[-42.3168,-21.5622],[-42.3149,-21.5659],[-42.3149,-21.5659]],[[-42.3105,-21.5762],[-42.3075,-21.5785],[-42.3106,-21.5763],[-42.3105,-21.5762]],[[-42.3252,-21.5765],[-42.3312,-21.5735],[-42.3274,-21.5744],[-42.3278,-21.5718],[-42.3228,-21.569],[-42.3196,-21.5713],[-42.3248,-21.5767],[-42.3252,-21.5765]]]}},{"type":"Feature","properties":{"cod_tema":"ARL_PROPOSTA","cod_imovel":"RJ-3304706-DAE8364248DD48CF916E859C8F2EA567","num_area":"22.406000000000000000000000000000","ind_status":"AT"},"geometry":{"type":"Polygon","coordinates":[[[-42.2241,-21.4759],[-42.2214,-21.4722],[-42.221,-21.4763],[-42.2235,-21.4759],[-42.2241,-21.4759]],[[-42.2112,-21.4708],[-42.2092,-21.4748],[-42.2133,-21.476],[-42.2112,-21.4716],[-42.2112,-21.4708]]]}},{"type":"Feature","properties":{"cod_tema":"ARL_PROPOSTA","cod_imovel":"RJ-3304706-4AF2C8100F7C4A798B3AF420F848397D","num_area":"10.050700000000000000000000000000","ind_status":"AT"},"geometry":{"type":"Polygon","coordinates":[[[-42.2097,-21.5326],[-42.2096,-21.5359],[-42.2099,-21.5329],[-42.2097,-21.5326]],[[-42.2164,-21.5359],[-42.2153,-21.5337],[-42.2164,-21.5359],[-42.2164,-21.5359]]]}},{"type":"Feature","properties":{"cod_tema":"ARL_PROPOSTA","cod_imovel":"RJ-3304706-372F9E83159A494BBDF075B66413A9FB","num_area":"3.4964000000000000000000000000000","ind_status":"AT"},"geometry":{"type":"Polygon","coordinates":[[[-42.2566,-21.6507],[-42.2548,-21.6527],[-42.2567,-21.6512],[-42.2566,-21.6507]]]}},{"type":"Feature","properties":{"cod_tema":"ARL_PROPOSTA","cod_imovel":"RJ-3304706-51830A5B46D246B68ADA549551039500","num_area":"21.293100000000000000000000000000","ind_status":"AT"},"geometry":{"type":"Polygon","coordinates":[[[-42.2535,-21.5016],[-42.2505,-21.5033],[-42.2538,-21.5039],[-42.2531,-21.5017],[-42.2535,-21.5016]],[[-42.258,-21.5075],[-42.2594,-21.5092],[-42.2605,-21.5049],[-42.2584,-21.5074],[-42.258,-21.5075]],[[-42.2467,-21.5003],[-42.2506,-21.502],[-42.2468,-21.5002],[-42.2467,-21.5003]]]}},{"type":"Feature","properties":{"cod_tema":"ARL_PROPOSTA","cod_imovel":"RJ-3304706-91B0241DDB0A46D396A16AC2EAE34B2F","num_area":"23.018700000000000000000000000000","ind_status":"AT"},"geometry":{"type":"Polygon","coordinates":[[[-42.0703,-21.522],[-42.0743,-21.5204],[-42.0698,-21.5168],[-42.0677,-21.5175],[-42.07,-21.5216],[-42.0703,-21.522]]]}},{"type":"Feature","properties":{"cod_tema":"ARL_PROPOSTA","cod_imovel":"RJ-3304706-D8D980231B2C482D883FF88BAFE5BB1F","num_area":"16.196700000000000000000000000000","ind_status":"AT"},"geometry":{"type":"Polygon","coordinates":[[[-42.2525,-21.4568],[-42.2499,-21.4595],[-42.2523,-21.4611],[-42.2565,-21.4586],[-42.2526,-21.4568],[-42.2525,-21.4568]]]}},{"type":"Feature","properties":{"cod_tema":"ARL_PROPOSTA","cod_imovel":"RJ-3304706-92BA21E904FD4ED5A37C181966D25691","num_area":"3.4517000000000000000000000000000","ind_status":"AT"},"geometry":{"type":"Polygon","coordinates":[[[-42.2872,-21.613],[-42.2857,-21.6102],[-42.287,-21.613],[-42.2872,-21.613]]]}},{"type":"Feature","properties":{"cod_tema":"ARL_PROPOSTA","cod_imovel":"RJ-3304706-08F34FBD69C649FDABB03D7E1A41A271","num_area":"6.7312000000000000000000000000000","ind_status":"AT"},"geometry":{"type":"Polygon","coordinates":[[[-42.2018,-21.5975],[-42.202,-21.6004],[-42.2041,-21.5987],[-42.202,-21.5973],[-42.2018,-21.5975]]]}},{"type":"Feature","properties":{"cod_tema":"ARL_PROPOSTA","cod_imovel":"RJ-3304706-9BA67385961546BA920EA51F4AA48AA2","num_area":"5.3302000000000000000000000000000","ind_status":"AT"},"geometry":{"type":"Polygon","coordinates":[[[-42.2305,-21.6313],[-42.229,-21.6363],[-42.2306,-21.6313],[-42.2305,-21.6313]]]}},{"type":"Feature","properties":{"cod_tema":"ARL_PROPOSTA","cod_imovel":"RJ-3304706-30B8E3809F5740C690BCA5EFB8854222","num_area":"11.483800000000000000000000000000","ind_status":"PE"},"geometry":{"type":"Polygon","coordinates":[[[-42.3326,-21.5789],[-42.3348,-21.5764],[-42.3324,-21.5747],[-42.331,-21.578],[-42.3326,-21.5789]]]}},{"type":"Feature","properties":{"cod_tema":"ARL_PROPOSTA","cod_imovel":"RJ-3304706-753FC8A6EC4C4DF7837BD786E559E683","num_area":"13.580900000000000000000000000000","ind_status":"AT"},"geometry":{"type":"Polygon","coordinates":[[[-42.257,-21.5973],[-42.253,-21.5989],[-42.256,-21.5981],[-42.257,-21.5973]]]}},{"type":"Feature","properties":{"cod_tema":"ARL_PROPOSTA","cod_imovel":"RJ-3304706-CB26BFC795B047158C39A59F3C1E0BBD","num_area":"2.8062000000000000000000000000000","ind_status":"AT"},"geometry":{"type":"Polygon","coordinates":[[[-42.048,-21.4667],[-42.0454,-21.4687],[-42.048,-21.4667],[-42.048,-21.4667]]]}},{"type":"Feature","properties":{"cod_tema":"ARL_PROPOSTA","cod_imovel":"RJ-3304706-FFF4706DDBDA438CB22600D93BB6BF44","num_area":"8.8674000000000000000000000000000","ind_status":"AT"},"geometry":{"type":"Polygon","coordinates":[[[-42.078,-21.4859],[-42.0779,-21.4902],[-42.0791,-21.4863],[-42.078,-21.4859]]]}},{"type":"Feature","properties":{"cod_tema":"ARL_PROPOSTA","cod_imovel":"RJ-3304706-C869472915FF4353AF20B1AE560F3B91","num_area":"2.4088000000000000000000000000000","ind_status":"AT"},"geometry":{"type":"Polygon","coordinates":[[[-42.1143,-21.5116],[-42.1156,-21.5133],[-42.1143,-21.5116],[-42.1143,-21.5116]]]}},{"type":"Feature","properties":{"cod_tema":"ARL_PROPOSTA","cod_imovel":"RJ-3304706-97AF15A3868C4D859893A651987D5CA4","num_area":"5.0478000000000000000000000000000","ind_status":"AT"},"geometry":{"type":"Polygon","coordinates":[[[-42.2257,-21.6258],[-42.2242,-21.6283],[-42.2262,-21.6256],[-42.2257,-21.6258]]]}},{"type":"Feature","properties":{"cod_tema":"ARL_PROPOSTA","cod_imovel":"RJ-3304706-659487286BF7499BBA2CEBC3AC9E6FF8","num_area":"3.2291000000000000000000000000000","ind_status":"AT"},"geometry":{"type":"Polygon","coordinates":[[[-42.2851,-21.6682],[-42.286,-21.6662],[-42.2827,-21.6698],[-42.285,-21.6683],[-42.2851,-21.6682]]]}},{"type":"Feature","properties":{"cod_tema":"ARL_PROPOSTA","cod_imovel":"RJ-3304706-BF7AEEC92BFE4A89B3D5851ECDC8AEFA","num_area":"2.9344000000000000000000000000000","ind_status":"AT"},"geometry":{"type":"Polygon","coordinates":[[[-42.1557,-21.5936],[-42.1575,-21.5912],[-42.1549,-21.5931],[-42.1557,-21.5936]]]}},{"type":"Feature","properties":{"cod_tema":"ARL_PROPOSTA","cod_imovel":"RJ-3304706-63DF3355709D4AE8961E156D68DAA0BE","num_area":"26.618500000000000000000000000000","ind_status":"AT"},"geometry":{"type":"Polygon","coordinates":[[[-42.1949,-21.5946],[-42.1903,-21.591],[-42.1841,-21.5934],[-42.1913,-21.5943],[-42.19,-21.5915],[-42.1948,-21.596],[-42.1949,-21.5946]]]}},{"type":"Feature","properties":{"cod_tema":"ARL_PROPOSTA","cod_imovel":"RJ-3304706-95C21635E83242989E63FC0785695105","num_area":"46.284500000000000000000000000000","ind_status":"AT"},"geometry":{"type":"Polygon","coordinates":[[[-42.1334,-21.6005],[-42.1264,-21.6005],[-42.1314,-21.6028],[-42.1334,-21.6007],[-42.1334,-21.6005]],[[-42.1271,-21.5998],[-42.1228,-21.6011],[-42.1266,-21.6001],[-42.1271,-21.5998]],[[-42.1183,-21.5924],[-42.1149,-21.5898],[-42.113,-21.592],[-42.118,-21.5923],[-42.1183,-21.5924]],[[-42.133,-21.596],[-42.1301,-21.5983],[-42.1341,-21.5957],[-42.133,-21.596]],[[-42.1228,-21.5963],[-42.1275,-21.5977],[-42.1231,-21.5959],[-42.1228,-21.5963]]]}},{"type":"Feature","properties":{"cod_tema":"ARL_PROPOSTA","cod_imovel":"RJ-3304706-8ACB8FEA2FC04532AFA24A66E1494527","num_area":"2.1179000000000000000000000000000","ind_status":"AT"},"geometry":{"type":"Polygon","coordinates":[[[-42.1403,-21.5153],[-42.1377,-21.5166],[-42.1399,-21.5156],[-42.1403,-21.5153]]]}},{"type":"Feature","properties":{"cod_tema":"ARL_PROPOSTA","cod_imovel":"RJ-3304706-AD25449FD7534A319D636309B5A769E4","num_area":"2.1585000000000000000000000000000","ind_status":"AT"},"geometry":{"type":"Polygon","coordinates":[[[-42.1403,-21.5153],[-42.1377,-21.5166],[-42.1399,-21.5156],[-42.1403,-21.5153]]]}},{"type":"Feature","properties":{"cod_tema":"ARL_PROPOSTA","cod_imovel":"RJ-3304706-490D86849DDC47E08825766EF677C8CF","num_area":"11.678700000000000000000000000000","ind_status":"AT"},"geometry":{"type":"Polygon","coordinates":[[[-42.2341,-21.6323],[-42.2325,-21.6279],[-42.2307,-21.6297],[-42.2341,-21.6323]]]}},{"type":"Feature","properties":{"cod_tema":"ARL_PROPOSTA","cod_imovel":"RJ-3304706-8F154DBAEAE748CD9CBAB1A8796B4429","num_area":"7.0028000000000000000000000000000","ind_status":"AT"},"geometry":{"type":"Polygon","coordinates":[[[-42.2778,-21.588],[-42.2759,-21.5898],[-42.2794,-21.5893],[-42.2778,-21.588]]]}},{"type":"Feature","properties":{"cod_tema":"ARL_PROPOSTA","cod_imovel":"RJ-3304706-6F5E2832877D41629AB0399A8569FB72","num_area":"1.3766000000000000000000000000000","ind_status":"AT"},"geometry":{"type":"Polygon","coordinates":[[[-42.0114,-21.4786],[-42.0094,-21.4775],[-42.0115,-21.4791],[-42.0114,-21.4786]]]}},{"type":"Feature","properties":{"cod_tema":"ARL_PROPOSTA","cod_imovel":"RJ-3304706-6B1571D24DA543E8B3E108B1CFF8BBF8","num_area":"1.2841000000000000000000000000000","ind_status":"AT"},"geometry":{"type":"Polygon","coordinates":[[[-42.3041,-21.6188],[-42.3061,-21.6178],[-42.3041,-21.6186],[-42.3041,-21.6188]]]}},{"type":"Feature","properties":{"cod_tema":"ARL_PROPOSTA","cod_imovel":"RJ-3304706-92BDD09187AA4956AD73FE9FD625BEA6","num_area":"1.8654000000000000000000000000000","ind_status":"AT"},"geometry":{"type":"Polygon","coordinates":[[[-42.3305,-21.6269],[-42.3324,-21.6256],[-42.3302,-21.6268],[-42.3305,-21.6269]]]}},{"type":"Feature","properties":{"cod_tema":"ARL_PROPOSTA","cod_imovel":"RJ-3304706-4FE39C647029418FB34F313078181A26","num_area":"3.0021000000000000000000000000000","ind_status":"AT"},"geometry":{"type":"Polygon","coordinates":[[[-42.2183,-21.5795],[-42.216,-21.5797],[-42.2186,-21.5798],[-42.2183,-21.5795]]]}},{"type":"Feature","properties":{"cod_tema":"ARL_PROPOSTA","cod_imovel":"RJ-3304706-CF6C1F1203E94E91A3CE7E1C21CEA8D1","num_area":"6.3378000000000000000000000000000","ind_status":"AT"},"geometry":{"type":"Polygon","coordinates":[[[-42.2755,-21.6716],[-42.2718,-21.6685],[-42.2758,-21.672],[-42.2755,-21.6716]]]}},{"type":"Feature","properties":{"cod_tema":"ARL_PROPOSTA","cod_imovel":"RJ-3304706-6FB3BE5505DA42BCA72217E978C315C1","num_area":"21.323400000000000000000000000000","ind_status":"AT"},"geometry":{"type":"Polygon","coordinates":[[[-42.2626,-21.5484],[-42.2625,-21.5446],[-42.2582,-21.5482],[-42.2625,-21.5523],[-42.2626,-21.5486],[-42.2626,-21.5484]]]}},{"type":"Feature","properties":{"cod_tema":"ARL_PROPOSTA","cod_imovel":"RJ-3304706-668467916CAA417A9D3CD3A9E1CCBBB9","num_area":"24.577400000000000000000000000000","ind_status":"AT"},"geometry":{"type":"Polygon","coordinates":[[[-42.0974,-21.5083],[-42.0943,-21.5122],[-42.0969,-21.5136],[-42.0998,-21.5103],[-42.0981,-21.508],[-42.0974,-21.5083]]]}},{"type":"Feature","properties":{"cod_tema":"ARL_PROPOSTA","cod_imovel":"RJ-3304706-9D22A21ECA95418C8CF8CCA8FE935C28","num_area":"12.059400000000000000000000000000","ind_status":"AT"},"geometry":{"type":"Polygon","coordinates":[[[-42.1041,-21.5282],[-42.1015,-21.5317],[-42.1058,-21.5309],[-42.1041,-21.5282]]]}},{"type":"Feature","properties":{"cod_tema":"ARL_PROPOSTA","cod_imovel":"RJ-3304706-F67FCFBDA564491A9F031C97011897DB","num_area":"10.307200000000000000000000000000","ind_status":"AT"},"geometry":{"type":"Polygon","coordinates":[[[-42.3555,-21.631],[-42.3535,-21.6325],[-42.3564,-21.6349],[-42.3558,-21.6314],[-42.3555,-21.631]]]}},{"type":"Feature","properties":{"cod_tema":"ARL_PROPOSTA","cod_imovel":"RJ-3304706-9B7D90033C474A30B321AA378C52FB22","num_area":"24.971700000000000000000000000000","ind_status":"CA"},"geometry":{"type":"Polygon","coordinates":[[[-42.21,-21.6082],[-42.2042,-21.6081],[-42.2085,-21.6126],[-42.2101,-21.6085],[-42.21,-21.6082]]]}},{"type":"Feature","properties":{"cod_tema":"ARL_PROPOSTA","cod_imovel":"RJ-3304706-2C26B77750D646BBBCD535BF587B2F63","num_area":"11.984400000000000000000000000000","ind_status":"CA"},"geometry":{"type":"Polygon","coordinates":[[[-42.3503,-21.6171],[-42.3446,-21.6163],[-42.349,-21.6188],[-42.3503,-21.6171]]]}},{"type":"Feature","properties":{"cod_tema":"ARL_APROVADA_NAO_AVERBADA","cod_imovel":"RJ-3304706-C663D37433694F09B2CFCAE7688265FC","num_area":"5.8375000000000000000000000000000","ind_status":"AT"},"geometry":{"type":"Polygon","coordinates":[[[-42.0798,-21.4802],[-42.0738,-21.4827],[-42.0793,-21.4806],[-42.0798,-21.4802]]]}},{"type":"Feature","properties":{"cod_tema":"ARL_AVERBADA","cod_imovel":"RJ-3304706-690C9CA8FF2844F08CDE8B1738C5A7D4","num_area":"10.874900000000000000000000000000","ind_status":"AT"},"geometry":{"type":"Polygon","coordinates":[[[-42.2611,-21.5491],[-42.2626,-21.5446],[-42.2592,-21.5475],[-42.2611,-21.5491]]]}},{"type":"Feature","properties":{"cod_tema":"ARL_APROVADA_NAO_AVERBADA","cod_imovel":"RJ-3304706-CE2597AC26FC48D78A440456FDB9A861","num_area":"9.2115000000000000000000000000000","ind_status":"AT"},"geometry":{"type":"Polygon","coordinates":[[[-42.266,-21.5524],[-42.2643,-21.5509],[-42.2602,-21.5547],[-42.2654,-21.5536],[-42.266,-21.5524]]]}},{"type":"Feature","properties":{"cod_tema":"ARL_PROPOSTA","cod_imovel":"RJ-3304706-0C39939217704AB29766F69EDA278AEE","num_area":"7.5199000000000000000000000000000","ind_status":"PE"},"geometry":{"type":"Polygon","coordinates":[[[-42.2704,-21.5893],[-42.27,-21.5857],[-42.2696,-21.5882],[-42.2704,-21.5893]],[[-42.2665,-21.5897],[-42.2678,-21.5878],[-42.2665,-21.5895],[-42.2665,-21.5897]]]}},{"type":"Feature","properties":{"cod_tema":"ARL_PROPOSTA","cod_imovel":"RJ-3304706-52FE9A651D104C36B972706D22DF4493","num_area":"18.445900000000000000000000000000","ind_status":"AT"},"geometry":{"type":"Polygon","coordinates":[[[-42.0394,-21.5018],[-42.0413,-21.5035],[-42.0404,-21.5009],[-42.0394,-21.5018]],[[-42.0418,-21.492],[-42.0356,-21.4964],[-42.0374,-21.4985],[-42.0426,-21.4917],[-42.0418,-21.492]]]}},{"type":"Feature","properties":{"cod_tema":"ARL_PROPOSTA","cod_imovel":"RJ-3304706-2091A884EFBF46FDAE052F0D35AF5E7E","num_area":"10.151900000000000000000000000000","ind_status":"AT"},"geometry":{"type":"Polygon","coordinates":[[[-42.355,-21.5957],[-42.351,-21.5966],[-42.3535,-21.5989],[-42.3548,-21.596],[-42.355,-21.5957]]]}},{"type":"Feature","properties":{"cod_tema":"ARL_AVERBADA","cod_imovel":"RJ-3304706-250EBAB3C9B645E393C59D5CD3C37A17","num_area":"8.8228000000000000000000000000000","ind_status":"AT"},"geometry":{"type":"Polygon","coordinates":[[[-42.1632,-21.5542],[-42.1586,-21.5535],[-42.1633,-21.5542],[-42.1632,-21.5542]]]}},{"type":"Feature","properties":{"cod_tema":"ARL_PROPOSTA","cod_imovel":"RJ-3304706-457F1ACBAF114C17B8A015F96238CE4F","num_area":"6.6484000000000000000000000000000","ind_status":"AT"},"geometry":{"type":"Polygon","coordinates":[[[-42.2187,-21.6802],[-42.2217,-21.6809],[-42.2177,-21.6807],[-42.2187,-21.6802]]]}},{"type":"Feature","properties":{"cod_tema":"ARL_PROPOSTA","cod_imovel":"RJ-3304706-356BC0D0DB8744D99E85CBB7BB59BA98","num_area":"3.7705000000000000000000000000000","ind_status":"AT"},"geometry":{"type":"Polygon","coordinates":[[[-42.2141,-21.5961],[-42.2157,-21.5947],[-42.2141,-21.596],[-42.2141,-21.5961]]]}},{"type":"Feature","properties":{"cod_tema":"ARL_PROPOSTA","cod_imovel":"RJ-3304706-22AE104E22ED481DAB41474F61A0E71E","num_area":"1.6876000000000000000000000000000","ind_status":"AT"},"geometry":{"type":"Polygon","coordinates":[[[-42.1823,-21.5713],[-42.1858,-21.5698],[-42.1822,-21.5714],[-42.1823,-21.5713]]]}},{"type":"Feature","properties":{"cod_tema":"ARL_PROPOSTA","cod_imovel":"RJ-3304706-321A7D7C08A94AF4B0AAA2A777C34D49","num_area":"1.4173000000000000000000000000000","ind_status":"AT"},"geometry":{"type":"Polygon","coordinates":[[[-42.2896,-21.6452],[-42.2919,-21.6447],[-42.2898,-21.6454],[-42.2896,-21.6452]],[[-42.2902,-21.6459],[-42.292,-21.6447],[-42.2904,-21.6459],[-42.2902,-21.6459]]]}},{"type":"Feature","properties":{"cod_tema":"ARL_PROPOSTA","cod_imovel":"RJ-3304706-B140667A64F246248A4F4B6932621D14","num_area":"0.3376000000000000000000000000000","ind_status":"AT"},"geometry":{"type":"Polygon","coordinates":[[[-42.2931,-21.6364],[-42.2953,-21.6379],[-42.2932,-21.6366],[-42.2931,-21.6364]]]}},{"type":"Feature","properties":{"cod_tema":"ARL_PROPOSTA","cod_imovel":"RJ-3304706-5A4ADEE4489543E3B752568B70E4278F","num_area":"0.6202000000000000000000000000000","ind_status":"AT"},"geometry":{"type":"Polygon","coordinates":[[[-42.0642,-21.4701],[-42.0672,-21.4706],[-42.0644,-21.47],[-42.0642,-21.4701]]]}},{"type":"Feature","properties":{"cod_tema":"ARL_PROPOSTA","cod_imovel":"RJ-3304706-92B32A1DFFFB46C2B0120909383EE765","num_area":"5.5386000000000000000000000000000","ind_status":"AT"},"geometry":{"type":"Polygon","coordinates":[[[-42.0355,-21.4513],[-42.0386,-21.4494],[-42.0357,-21.4512],[-42.0355,-21.4513]]]}},{"type":"Feature","properties":{"cod_tema":"ARL_PROPOSTA","cod_imovel":"RJ-3304706-B392B092E728457E80849193EEF6C955","num_area":"13.876200000000000000000000000000","ind_status":"AT"},"geometry":{"type":"Polygon","coordinates":[[[-42.1026,-21.5773],[-42.0998,-21.5744],[-42.0978,-21.5765],[-42.1022,-21.5776],[-42.1026,-21.5773]]]}},{"type":"Feature","properties":{"cod_tema":"ARL_PROPOSTA","cod_imovel":"RJ-3304706-99A008D452D74F35BC9D5CD85B6A0188","num_area":"13.309200000000000000000000000000","ind_status":"AT"},"geometry":{"type":"Polygon","coordinates":[[[-42.2709,-21.5134],[-42.2675,-21.5099],[-42.2661,-21.5129],[-42.271,-21.5135],[-42.2709,-21.5134]]]}},{"type":"Feature","properties":{"cod_tema":"ARL_PROPOSTA","cod_imovel":"RJ-3304706-07F7E95EC877489CB97230D82ACBC365","num_area":"1.4251000000000000000000000000000","ind_status":"AT"},"geometry":{"type":"Polygon","coordinates":[[[-42.1835,-21.5707],[-42.1787,-21.5667],[-42.1829,-21.571],[-42.1835,-21.5707]]]}},{"type":"Feature","properties":{"cod_tema":"ARL_PROPOSTA","cod_imovel":"RJ-3304706-337597BB0649455BA84C68853B2AC9EE","num_area":"7.7558000000000000000000000000000","ind_status":"AT"},"geometry":{"type":"Polygon","coordinates":[[[-42.3148,-21.6066],[-42.3135,-21.6016],[-42.3143,-21.6056],[-42.3148,-21.6066]]]}},{"type":"Feature","properties":{"cod_tema":"ARL_PROPOSTA","cod_imovel":"RJ-3304706-8BDCE19C2357456CB81265DBA6875A49","num_area":"7.9985000000000000000000000000000","ind_status":"AT"},"geometry":{"type":"Polygon","coordinates":[[[-42.2761,-21.6281],[-42.2769,-21.6238],[-42.2752,-21.6267],[-42.2761,-21.6281]],[[-42.2742,-21.6291],[-42.2747,-21.6315],[-42.2742,-21.6291],[-42.2742,-21.6291]]]}},{"type":"Feature","properties":{"cod_tema":"ARL_PROPOSTA","cod_imovel":"RJ-3304706-E8325923FF9D40298450377B4674F287","num_area":"4.5886000000000000000000000000000","ind_status":"AT"},"geometry":{"type":"Polygon","coordinates":[[[-42.1907,-21.4798],[-42.189,-21.4762],[-42.1902,-21.4795],[-42.1907,-21.4798]]]}},{"type":"Feature","properties":{"cod_tema":"ARL_PROPOSTA","cod_imovel":"RJ-3304706-7D823A52D5A942828F5F998AD4EB2178","num_area":"1.9567000000000000000000000000000","ind_status":"AT"},"geometry":{"type":"Polygon","coordinates":[[[-42.2731,-21.5923],[-42.2716,-21.5943],[-42.2732,-21.5928],[-42.2731,-21.5923]]]}},{"type":"Feature","properties":{"cod_tema":"ARL_PROPOSTA","cod_imovel":"RJ-3304706-44B3EC3F058744D0BBF57BF6B38FAA78","num_area":"2.7478000000000000000000000000000","ind_status":"AT"},"geometry":{"type":"Polygon","coordinates":[[[-42.0757,-21.5601],[-42.0771,-21.5619],[-42.076,-21.56],[-42.0757,-21.5601]]]}},{"type":"Feature","properties":{"cod_tema":"ARL_PROPOSTA","cod_imovel":"RJ-3304706-3847B7DB2D2C4798847AF82A52551CCA","num_area":"3.1642000000000000000000000000000","ind_status":"AT"},"geometry":{"type":"Polygon","coordinates":[[[-42.1983,-21.5646],[-42.1986,-21.5622],[-42.1981,-21.5643],[-42.1983,-21.5646]]]}},{"type":"Feature","properties":{"cod_tema":"ARL_PROPOSTA","cod_imovel":"RJ-3304706-40EDD8795DDF49A08DA2A81F0576E8CD","num_area":"6.5062000000000000000000000000000","ind_status":"AT"},"geometry":{"type":"Polygon","coordinates":[[[-42.0585,-21.4782],[-42.0583,-21.4823],[-42.0598,-21.4785],[-42.0585,-21.4782]]]}},{"type":"Feature","properties":{"cod_tema":"ARL_PROPOSTA","cod_imovel":"RJ-3304706-9D487CD309CF43948D4FCBEED0FEECCB","num_area":"0.2032000000000000000000000000000","ind_status":"AT"},"geometry":{"type":"Polygon","coordinates":[[[-42.2666,-21.4656],[-42.2635,-21.467],[-42.2663,-21.4656],[-42.2666,-21.4656]]]}},{"type":"Feature","properties":{"cod_tema":"ARL_PROPOSTA","cod_imovel":"RJ-3304706-B211B0FB3FC649AAB206405C5B940FC8","num_area":"5.1563000000000000000000000000000","ind_status":"AT"},"geometry":{"type":"Polygon","coordinates":[[[-42.044,-21.5001],[-42.0476,-21.4976],[-42.045,-21.4994],[-42.044,-21.5001]]]}},{"type":"Feature","properties":{"cod_tema":"ARL_PROPOSTA","cod_imovel":"RJ-3304706-7FD0EC8D00C048FCAA9842A261FD94CB","num_area":"5.5002000000000000000000000000000","ind_status":"AT"},"geometry":{"type":"Polygon","coordinates":[[[-42.2088,-21.4917],[-42.211,-21.4924],[-42.2088,-21.4917],[-42.2088,-21.4917]]]}},{"type":"Feature","properties":{"cod_tema":"ARL_PROPOSTA","cod_imovel":"RJ-3304706-850E1E4CC5DB450FA3AE6FA3BFCF66B7","num_area":"1.2877000000000000000000000000000","ind_status":"AT"},"geometry":{"type":"Polygon","coordinates":[[[-42.2395,-21.6733],[-42.2391,-21.6761],[-42.2395,-21.6734],[-42.2395,-21.6733]],[[-42.2427,-21.6723],[-42.2424,-21.6744],[-42.2427,-21.6723],[-42.2427,-21.6723]],[[-42.2425,-21.6744],[-42.2427,-21.6723],[-42.2425,-21.6744],[-42.2425,-21.6744]]]}},{"type":"Feature","properties":{"cod_tema":"ARL_PROPOSTA","cod_imovel":"RJ-3304706-366A8EBB5A0549C6A12193C8E75D1CFC","num_area":"4.0003000000000000000000000000000","ind_status":"AT"},"geometry":{"type":"Polygon","coordinates":[[[-42.1213,-21.5598],[-42.1192,-21.5587],[-42.1214,-21.5602],[-42.1213,-21.5598]],[[-42.1234,-21.5596],[-42.1242,-21.5619],[-42.1235,-21.5596],[-42.1234,-21.5596]]]}},{"type":"Feature","properties":{"cod_tema":"ARL_PROPOSTA","cod_imovel":"RJ-3304706-D15EE82743244232BD9015675CA7B3C9","num_area":"5.0879000000000000000000000000000","ind_status":"AT"},"geometry":{"type":"Polygon","coordinates":[[[-42.0765,-21.4998],[-42.0746,-21.4978],[-42.076,-21.4998],[-42.0765,-21.4998]],[[-42.0669,-21.4973],[-42.0697,-21.4979],[-42.0671,-21.4968],[-42.0669,-21.4973]]]}},{"type":"Feature","properties":{"cod_tema":"ARL_PROPOSTA","cod_imovel":"RJ-3304706-6BCE55D57B874F40A47C5D246BDCA0C9","num_area":"3.4605000000000000000000000000000","ind_status":"AT"},"geometry":{"type":"Polygon","coordinates":[[[-42.1766,-21.617],[-42.1746,-21.6178],[-42.1766,-21.6175],[-42.1766,-21.617]],[[-42.1746,-21.6208],[-42.1766,-21.6191],[-42.174,-21.6204],[-42.1746,-21.6208]]]}},{"type":"Feature","properties":{"cod_tema":"ARL_PROPOSTA","cod_imovel":"RJ-3304706-F01791586D8E431D8E26D5EEAA537AA9","num_area":"17.067900000000000000000000000000","ind_status":"AT"},"geometry":{"type":"Polygon","coordinates":[[[-42.1848,-21.5891],[-42.1873,-21.592],[-42.1905,-21.5908],[-42.1859,-21.5862],[-42.1848,-21.589],[-42.1848,-21.5891]]]}},{"type":"Feature","properties":{"cod_tema":"ARL_PROPOSTA","cod_imovel":"RJ-3304706-B28797C63B9446A6B9BF7ECD26BB83EB","num_area":"1.9144000000000000000000000000000","ind_status":"AT"},"geometry":{"type":"Polygon","coordinates":[[[-42.078,-21.4627],[-42.0761,-21.4611],[-42.0779,-21.463],[-42.078,-21.4627]]]}},{"type":"Feature","properties":{"cod_tema":"ARL_PROPOSTA","cod_imovel":"RJ-3304706-4347086906E54A27AF0A7AA17EA67FC1","num_area":"3.6453000000000000000000000000000","ind_status":"AT"},"geometry":{"type":"Polygon","coordinates":[[[-42.2095,-21.6153],[-42.2105,-21.6177],[-42.2121,-21.6141],[-42.2097,-21.6154],[-42.2095,-21.6153]]]}},{"type":"Feature","properties":{"cod_tema":"ARL_PROPOSTA","cod_imovel":"RJ-3304706-1D670CF7066A4E0FA2C30112FA7E0385","num_area":"5.4827000000000000000000000000000","ind_status":"AT"},"geometry":{"type":"Polygon","coordinates":[[[-42.0847,-21.5121],[-42.0848,-21.5149],[-42.0871,-21.5129],[-42.0847,-21.512],[-42.0847,-21.5121]]]}},{"type":"Feature","properties":{"cod_tema":"ARL_PROPOSTA","cod_imovel":"RJ-3304706-9F63DAF825174D72965F70D4DF581BB2","num_area":"9.8109000000000000000000000000000","ind_status":"AT"},"geometry":{"type":"Polygon","coordinates":[[[-42.3361,-21.6494],[-42.3357,-21.6452],[-42.3358,-21.6495],[-42.3361,-21.6494]],[[-42.3312,-21.646],[-42.3313,-21.6529],[-42.3314,-21.6487],[-42.3312,-21.646]]]}},{"type":"Feature","properties":{"cod_tema":"ARL_PROPOSTA","cod_imovel":"RJ-3304706-354BA01512934771BF440F619557DB43","num_area":"3.1938000000000000000000000000000","ind_status":"AT"},"geometry":{"type":"Polygon","coordinates":[[[-42.3387,-21.6147],[-42.3387,-21.6121],[-42.3378,-21.6144],[-42.3387,-21.6147]]]}},{"type":"Feature","properties":{"cod_tema":"ARL_PROPOSTA","cod_imovel":"RJ-3304706-59AD3B6D25134DCAB6D18DC810C350E4","num_area":"6.3985000000000000000000000000000","ind_status":"AT"},"geometry":{"type":"Polygon","coordinates":[[[-42.27,-21.6662],[-42.2734,-21.6667],[-42.27,-21.6662],[-42.27,-21.6662]]]}},{"type":"Feature","properties":{"cod_tema":"ARL_PROPOSTA","cod_imovel":"RJ-3304706-F988984B3FB240B895D93E90B9A2C968","num_area":"2.6340000000000000000000000000000","ind_status":"AT"},"geometry":{"type":"Polygon","coordinates":[[[-42.3393,-21.6088],[-42.3372,-21.6098],[-42.3394,-21.6088],[-42.3393,-21.6088]]]}},{"type":"Feature","properties":{"cod_tema":"ARL_PROPOSTA","cod_imovel":"RJ-3304706-536F2E166AB149958833F74B07DAB7E1","num_area":"3.8049000000000000000000000000000","ind_status":"AT"},"geometry":{"type":"Polygon","coordinates":[[[-42.3674,-21.6173],[-42.3636,-21.6181],[-42.3676,-21.6176],[-42.3674,-21.6173]]]}},{"type":"Feature","properties":{"cod_tema":"ARL_PROPOSTA","cod_imovel":"RJ-3304706-079C33A25FBD497BA92D4EC790E9A0F5","num_area":"3.8808000000000000000000000000000","ind_status":"AT"},"geometry":{"type":"Polygon","coordinates":[[[-42.2133,-21.6389],[-42.2091,-21.6356],[-42.2133,-21.6389],[-42.2133,-21.6389]],[[-42.2125,-21.6361],[-42.215,-21.6349],[-42.2125,-21.6359],[-42.2125,-21.6361]]]}},{"type":"Feature","properties":{"cod_tema":"ARL_PROPOSTA","cod_imovel":"RJ-3304706-A25FD9D582B14351B5077752318330FB","num_area":"7.0087000000000000000000000000000","ind_status":"AT"},"geometry":{"type":"Polygon","coordinates":[[[-42.1999,-21.6332],[-42.2036,-21.6328],[-42.1998,-21.6332],[-42.1999,-21.6332]]]}},{"type":"Feature","properties":{"cod_tema":"ARL_PROPOSTA","cod_imovel":"RJ-3304706-45CE0D586A2A484B964FE3B9EDD1C280","num_area":"6.0086000000000000000000000000000","ind_status":"AT"},"geometry":{"type":"Polygon","coordinates":[[[-42.3172,-21.5626],[-42.3136,-21.5633],[-42.3157,-21.5651],[-42.317,-21.563],[-42.3172,-21.5626]]]}},{"type":"Feature","properties":{"cod_tema":"ARL_PROPOSTA","cod_imovel":"RJ-3304706-BB3203999DD24409AA11667DC1BF7CA1","num_area":"1.1227000000000000000000000000000","ind_status":"AT"},"geometry":{"type":"Polygon","coordinates":[[[-42.2493,-21.6891],[-42.2514,-21.6869],[-42.2495,-21.6887],[-42.2493,-21.6891]]]}},{"type":"Feature","properties":{"cod_tema":"ARL_PROPOSTA","cod_imovel":"RJ-3304706-53B0BF911A50483A8E5C31E027AAA44C","num_area":"4.2668000000000000000000000000000","ind_status":"AT"},"geometry":{"type":"Polygon","coordinates":[[[-42.2655,-21.4727],[-42.2625,-21.4732],[-42.2651,-21.4728],[-42.2655,-21.4727]]]}},{"type":"Feature","properties":{"cod_tema":"ARL_PROPOSTA","cod_imovel":"RJ-3304706-0DBECF7642A34DD288F56099CC225AAB","num_area":"4.5119000000000000000000000000000","ind_status":"AT"},"geometry":{"type":"Polygon","coordinates":[[[-42.108,-21.5082],[-42.1094,-21.5109],[-42.1082,-21.5081],[-42.108,-21.5082]]]}},{"type":"Feature","properties":{"cod_tema":"ARL_PROPOSTA","cod_imovel":"RJ-3304706-316BFC4C34024F2BB56BFABA9E78851E","num_area":"1.4315000000000000000000000000000","ind_status":"AT"},"geometry":{"type":"Polygon","coordinates":[[[-42.0179,-21.4842],[-42.0199,-21.4851],[-42.018,-21.4842],[-42.0179,-21.4842]]]}},{"type":"Feature","properties":{"cod_tema":"ARL_PROPOSTA","cod_imovel":"RJ-3304706-0E3D9F0F9BC641E0AFA0732C19860189","num_area":"3.7431000000000000000000000000000","ind_status":"AT"},"geometry":{"type":"Polygon","coordinates":[[[-42.0919,-21.5074],[-42.0939,-21.5054],[-42.0911,-21.5065],[-42.0919,-21.5074]]]}},{"type":"Feature","properties":{"cod_tema":"ARL_PROPOSTA","cod_imovel":"RJ-3304706-FC018064001949D7B3ECD6B536DBE657","num_area":"13.397200000000000000000000000000","ind_status":"AT"},"geometry":{"type":"Polygon","coordinates":[[[-42.2271,-21.4745],[-42.2306,-21.4762],[-42.2283,-21.4738],[-42.2271,-21.4745]],[[-42.229,-21.4739],[-42.2308,-21.4761],[-42.2279,-21.4717],[-42.229,-21.4739],[-42.229,-21.4739]],[[-42.2315,-21.4606],[-42.2276,-21.4604],[-42.2296,-21.4611],[-42.2267,-21.468],[-42.2312,-21.4613],[-42.2315,-21.4606]],[[-42.2269,-21.468],[-42.23,-21.4612],[-42.2266,-21.4672],[-42.2269,-21.468]],[[-42.2286,-21.4706],[-42.2311,-21.4713],[-42.2291,-21.4708],[-42.2286,-21.4706]]]}},{"type":"Feature","properties":{"cod_tema":"ARL_PROPOSTA","cod_imovel":"RJ-3304706-F87A8F05944A4C85B184C7E5C2203BE4","num_area":"0.6302000000000000000000000000000","ind_status":"AT"},"geometry":{"type":"Polygon","coordinates":[[[-42.264,-21.5436],[-42.2659,-21.5453],[-42.264,-21.5436],[-42.264,-21.5436]]]}},{"type":"Feature","properties":{"cod_tema":"ARL_PROPOSTA","cod_imovel":"RJ-3304706-4498919454104F3CB0BD235DE592CED5","num_area":"2.4399000000000000000000000000000","ind_status":"AT"},"geometry":{"type":"Polygon","coordinates":[[[-42.0585,-21.4848],[-42.06,-21.4867],[-42.0587,-21.4849],[-42.0585,-21.4848]]]}},{"type":"Feature","properties":{"cod_tema":"ARL_PROPOSTA","cod_imovel":"RJ-3304706-979F1AB09B9B43CDA4FFBBA4C33CE4B6","num_area":"4.1650000000000000000000000000000","ind_status":"AT"},"geometry":{"type":"Polygon","coordinates":[[[-42.1712,-21.5573],[-42.1688,-21.5598],[-42.1713,-21.5573],[-42.1712,-21.5573]]]}},{"type":"Feature","properties":{"cod_tema":"ARL_PROPOSTA","cod_imovel":"RJ-3304706-65018024544D41CE92D0FBD5695AD4AE","num_area":"13.066200000000000000000000000000","ind_status":"AT"},"geometry":{"type":"Polygon","coordinates":[[[-42.1354,-21.5944],[-42.1382,-21.5946],[-42.1358,-21.5941],[-42.1354,-21.5944]],[[-42.1396,-21.5972],[-42.1378,-21.5998],[-42.1396,-21.5972],[-42.1396,-21.5972]]]}},{"type":"Feature","properties":{"cod_tema":"ARL_PROPOSTA","cod_imovel":"RJ-3304706-80C85476E75048E39C1749FEB557E4B2","num_area":"0.8341000000000000000000000000000","ind_status":"AT"},"geometry":{"type":"Polygon","coordinates":[[[-42.0207,-21.4476],[-42.022,-21.45],[-42.021,-21.4479],[-42.0207,-21.4476]],[[-42.0206,-21.4477],[-42.0195,-21.4509],[-42.0207,-21.4477],[-42.0206,-21.4477]],[[-42.0196,-21.4509],[-42.022,-21.4501],[-42.0196,-21.4508],[-42.0196,-21.4509]]]}},{"type":"Feature","properties":{"cod_tema":"ARL_PROPOSTA","cod_imovel":"RJ-3304706-4BAFD07558E2440EB42B335B76D8379C","num_area":"4.1762000000000000000000000000000","ind_status":"AT"},"geometry":{"type":"Polygon","coordinates":[[[-42.0315,-21.4852],[-42.0308,-21.4888],[-42.0317,-21.4852],[-42.0315,-21.4852]]]}},{"type":"Feature","properties":{"cod_tema":"ARL_PROPOSTA","cod_imovel":"RJ-3304706-CD68C83069CE4608BC6ACED2166FF94D","num_area":"2.3794000000000000000000000000000","ind_status":"AT"},"geometry":{"type":"Polygon","coordinates":[[[-42.1437,-21.5858],[-42.1442,-21.5836],[-42.1437,-21.5857],[-42.1437,-21.5858]]]}},{"type":"Feature","properties":{"cod_tema":"ARL_PROPOSTA","cod_imovel":"RJ-3304706-B86BE00D81564E708EB6100664CCFEF0","num_area":"12.922900000000000000000000000000","ind_status":"AT"},"geometry":{"type":"Polygon","coordinates":[[[-42.1322,-21.5893],[-42.1265,-21.5892],[-42.1323,-21.5896],[-42.1322,-21.5893]]]}},{"type":"Feature","properties":{"cod_tema":"ARL_PROPOSTA","cod_imovel":"RJ-3304706-DE965492E4FE4F1A8522E9425D4BC131","num_area":"10.825400000000000000000000000000","ind_status":"AT"},"geometry":{"type":"Polygon","coordinates":[[[-42.2724,-21.5968],[-42.2761,-21.5981],[-42.2765,-21.5951],[-42.2718,-21.5962],[-42.2724,-21.5968]]]}},{"type":"Feature","properties":{"cod_tema":"ARL_PROPOSTA","cod_imovel":"RJ-3304706-C144E77A7A0846BF94198FDD8E6D8268","num_area":"17.809900000000000000000000000000","ind_status":"AT"},"geometry":{"type":"Polygon","coordinates":[[[-42.1623,-21.5961],[-42.1612,-21.5931],[-42.1582,-21.5984],[-42.1638,-21.5968],[-42.1623,-21.5961]]]}},{"type":"Feature","properties":{"cod_tema":"ARL_PROPOSTA","cod_imovel":"RJ-3304706-B7F7D33FBFA7422089880A9584EB8A51","num_area":"10.736400000000000000000000000000","ind_status":"AT"},"geometry":{"type":"Polygon","coordinates":[[[-42.1307,-21.4895],[-42.13,-21.4865],[-42.1272,-21.4877],[-42.1297,-21.4884],[-42.1307,-21.4895]],[[-42.1292,-21.4891],[-42.124,-21.4931],[-42.1292,-21.4894],[-42.1292,-21.4891]],[[-42.1284,-21.4889],[-42.1239,-21.4931],[-42.1283,-21.489],[-42.1284,-21.4889]]]}},{"type":"Feature","properties":{"cod_tema":"ARL_PROPOSTA","cod_imovel":"RJ-3304706-DDF9CA9F97E849C0A2D29855F848F21E","num_area":"12.227500000000000000000000000000","ind_status":"AT"},"geometry":{"type":"Polygon","coordinates":[[[-42.1891,-21.5901],[-42.193,-21.588],[-42.19,-21.5877],[-42.1891,-21.5901]]]}},{"type":"Feature","properties":{"cod_tema":"ARL_PROPOSTA","cod_imovel":"RJ-3304706-379133E5ACC94DE2ACA3EEEDC678D754","num_area":"3.0056000000000000000000000000000","ind_status":"AT"},"geometry":{"type":"Polygon","coordinates":[[[-42.2351,-21.6679],[-42.2371,-21.6662],[-42.235,-21.6678],[-42.2351,-21.6679]]]}},{"type":"Feature","properties":{"cod_tema":"ARL_PROPOSTA","cod_imovel":"RJ-3304706-4F9E5C613C254D3EA27A1C67052278E0","num_area":"4.6099000000000000000000000000000","ind_status":"AT"},"geometry":{"type":"Polygon","coordinates":[[[-42.0055,-21.4826],[-42.0075,-21.4835],[-42.0055,-21.4824],[-42.0055,-21.4826]]]}},{"type":"Feature","properties":{"cod_tema":"ARL_PROPOSTA","cod_imovel":"RJ-3304706-6A7EDBA7E2894EB6BB9CC221F9C047E0","num_area":"7.8995000000000000000000000000000","ind_status":"AT"},"geometry":{"type":"Polygon","coordinates":[[[-42.1288,-21.487],[-42.1278,-21.4848],[-42.1188,-21.4903],[-42.1285,-21.487],[-42.1288,-21.487]],[[-42.1189,-21.4904],[-42.1207,-21.4886],[-42.1189,-21.4903],[-42.1189,-21.4904]],[[-42.1209,-21.4887],[-42.1265,-21.4863],[-42.1209,-21.4886],[-42.1209,-21.4887]]]}},{"type":"Feature","properties":{"cod_tema":"ARL_PROPOSTA","cod_imovel":"RJ-3304706-B3206389154B4C9B92155B4F687C8382","num_area":"1.9719000000000000000000000000000","ind_status":"AT"},"geometry":{"type":"Polygon","coordinates":[[[-42.0846,-21.531],[-42.0819,-21.531],[-42.0842,-21.5313],[-42.0846,-21.531]]]}},{"type":"Feature","properties":{"cod_tema":"ARL_PROPOSTA","cod_imovel":"RJ-3304706-265AB1DFC66447669E38CC68C90E0036","num_area":"8.3147000000000000000000000000000","ind_status":"AT"},"geometry":{"type":"Polygon","coordinates":[[[-42.2146,-21.6397],[-42.2173,-21.643],[-42.215,-21.6464],[-42.2178,-21.6429],[-42.216,-21.641],[-42.2146,-21.6397]]]}},{"type":"Feature","properties":{"cod_tema":"ARL_PROPOSTA","cod_imovel":"RJ-3304706-A582FE21D9ED4839973342534EC2001F","num_area":"55.684500000000000000000000000000","ind_status":"AT"},"geometry":{"type":"Polygon","coordinates":[[[-42.2635,-21.4635],[-42.2638,-21.4611],[-42.2628,-21.4643],[-42.2635,-21.4635]],[[-42.2862,-21.4486],[-42.2788,-21.4528],[-42.2809,-21.4587],[-42.2865,-21.4496],[-42.2862,-21.4486]]]}},{"type":"Feature","properties":{"cod_tema":"ARL_PROPOSTA","cod_imovel":"RJ-3304706-E77718352DB04B3BA26134A1ED01BEB8","num_area":"8.6061000000000000000000000000000","ind_status":"AT"},"geometry":{"type":"Polygon","coordinates":[[[-42.1335,-21.5653],[-42.1365,-21.5662],[-42.1328,-21.5632],[-42.1304,-21.5654],[-42.133,-21.5653],[-42.1335,-21.5653]]]}},{"type":"Feature","properties":{"cod_tema":"ARL_PROPOSTA","cod_imovel":"RJ-3304706-6A805B2E68034507821F30221B77C7EA","num_area":"2.2521000000000000000000000000000","ind_status":"AT"},"geometry":{"type":"Polygon","coordinates":[[[-42.1701,-21.5062],[-42.168,-21.5076],[-42.17,-21.5065],[-42.1701,-21.5062]]]}},{"type":"Feature","properties":{"cod_tema":"ARL_PROPOSTA","cod_imovel":"RJ-3304706-078C4FCA405142578B6F59F87FFFCC47","num_area":"14.888400000000000000000000000000","ind_status":"AT"},"geometry":{"type":"Polygon","coordinates":[[[-42.0836,-21.5248],[-42.0802,-21.5272],[-42.0827,-21.5284],[-42.0841,-21.5251],[-42.0836,-21.5248]]]}},{"type":"Feature","properties":{"cod_tema":"ARL_PROPOSTA","cod_imovel":"RJ-3304706-7E2B71C284BD42A6B46E264B213F2F4F","num_area":"4.1402000000000000000000000000000","ind_status":"AT"},"geometry":{"type":"Polygon","coordinates":[[[-42.0666,-21.5104],[-42.0675,-21.5084],[-42.0661,-21.5106],[-42.0666,-21.5104]]]}},{"type":"Feature","properties":{"cod_tema":"ARL_PROPOSTA","cod_imovel":"RJ-3304706-7487C5198ADE41E1989CD086F35F9A8F","num_area":"3.2475000000000000000000000000000","ind_status":"AT"},"geometry":{"type":"Polygon","coordinates":[[[-42.0794,-21.5379],[-42.0779,-21.5361],[-42.0792,-21.5381],[-42.0794,-21.5379]]]}},{"type":"Feature","properties":{"cod_tema":"ARL_PROPOSTA","cod_imovel":"RJ-3304706-8D792B807EF44C69ABC96B7F0E6B93FB","num_area":"53.336100000000000000000000000000","ind_status":"AT"},"geometry":{"type":"Polygon","coordinates":[[[-42.1216,-21.5518],[-42.1212,-21.5471],[-42.119,-21.5495],[-42.1216,-21.5518]],[[-42.1154,-21.5464],[-42.1153,-21.5396],[-42.1124,-21.5412],[-42.1155,-21.545],[-42.1154,-21.5464]],[[-42.1285,-21.5498],[-42.1302,-21.5457],[-42.1247,-21.5451],[-42.1238,-21.549],[-42.1277,-21.552],[-42.1284,-21.5498],[-42.1285,-21.5498]]]}},{"type":"Feature","properties":{"cod_tema":"ARL_PROPOSTA","cod_imovel":"RJ-3304706-3BD1ACFF18544FA08C4EF0F4E6977B90","num_area":"4.5114000000000000000000000000000","ind_status":"AT"},"geometry":{"type":"Polygon","coordinates":[[[-42.2025,-21.5676],[-42.206,-21.569],[-42.2025,-21.5675],[-42.2025,-21.5676]]]}},{"type":"Feature","properties":{"cod_tema":"ARL_PROPOSTA","cod_imovel":"RJ-3304706-B1CC237EEFB34E0A993A6936F8CE19EC","num_area":"42.453000000000000000000000000000","ind_status":"AT"},"geometry":{"type":"Polygon","coordinates":[[[-42.2218,-21.6457],[-42.2178,-21.6429],[-42.2161,-21.6455],[-42.2282,-21.653],[-42.2223,-21.6459],[-42.2218,-21.6457]]]}},{"type":"Feature","properties":{"cod_tema":"ARL_PROPOSTA","cod_imovel":"RJ-3304706-76F8E47C8BEB47FD8E26B8E7F81A4322","num_area":"3.9163000000000000000000000000000","ind_status":"AT"},"geometry":{"type":"Polygon","coordinates":[[[-42.2504,-21.5766],[-42.2531,-21.5781],[-42.2505,-21.5765],[-42.2504,-21.5766]]]}},{"type":"Feature","properties":{"cod_tema":"ARL_PROPOSTA","cod_imovel":"RJ-3304706-6241E0A4904C4F64A9B3C83507C7543B","num_area":"8.6900000000000000000000000000000","ind_status":"AT"},"geometry":{"type":"Polygon","coordinates":[[[-42.0208,-21.433],[-42.0213,-21.4377],[-42.0211,-21.433],[-42.0208,-21.433]]]}},{"type":"Feature","properties":{"cod_tema":"ARL_PROPOSTA","cod_imovel":"RJ-3304706-6D554995F7DB4F08B654B70C626B478B","num_area":"12.363900000000000000000000000000","ind_status":"AT"},"geometry":{"type":"Polygon","coordinates":[[[-42.3228,-21.6173],[-42.3247,-21.6156],[-42.321,-21.6124],[-42.3215,-21.6164],[-42.3228,-21.6173]]]}},{"type":"Feature","properties":{"cod_tema":"ARL_PROPOSTA","cod_imovel":"RJ-3304706-D615447C21ED465981EF4A6B01DB45F8","num_area":"1.1676000000000000000000000000000","ind_status":"AT"},"geometry":{"type":"Polygon","coordinates":[[[-42.0135,-21.4505],[-42.0119,-21.4473],[-42.0136,-21.4502],[-42.0135,-21.4505]]]}},{"type":"Feature","properties":{"cod_tema":"ARL_PROPOSTA","cod_imovel":"RJ-3304706-A580CD541CCE4FA598254AF388383535","num_area":"14.818200000000000000000000000000","ind_status":"AT"},"geometry":{"type":"Polygon","coordinates":[[[-42.2718,-21.5964],[-42.2715,-21.6013],[-42.2741,-21.598],[-42.2718,-21.5964]],[[-42.2671,-21.6058],[-42.2695,-21.6034],[-42.2655,-21.6045],[-42.2671,-21.6058]]]}},{"type":"Feature","properties":{"cod_tema":"ARL_PROPOSTA","cod_imovel":"RJ-3304706-D0903754605E4543875E53A57E222F85","num_area":"19.368700000000000000000000000000","ind_status":"AT"},"geometry":{"type":"Polygon","coordinates":[[[-42.1615,-21.5494],[-42.1598,-21.5431],[-42.1532,-21.5455],[-42.1609,-21.5493],[-42.1615,-21.5494]]]}},{"type":"Feature","properties":{"cod_tema":"ARL_PROPOSTA","cod_imovel":"RJ-3304706-646F4CE488264179BCB69EB0FDC34BA1","num_area":"7.2680000000000000000000000000000","ind_status":"AT"},"geometry":{"type":"Polygon","coordinates":[[[-42.0029,-21.455],[-42.0043,-21.458],[-42.0031,-21.455],[-42.0029,-21.455]]]}},{"type":"Feature","properties":{"cod_tema":"ARL_PROPOSTA","cod_imovel":"RJ-3304706-12767642B07E4CD99C44EF86C63633A6","num_area":"3.8776000000000000000000000000000","ind_status":"AT"},"geometry":{"type":"Polygon","coordinates":[[[-42.202,-21.4708],[-42.2012,-21.4685],[-42.2013,-21.4709],[-42.202,-21.4708]]]}},{"type":"Feature","properties":{"cod_tema":"ARL_PROPOSTA","cod_imovel":"RJ-3304706-6BADFD60C65644749BB086BFE815DA2E","num_area":"4.9264000000000000000000000000000","ind_status":"AT"},"geometry":{"type":"Polygon","coordinates":[[[-42.3141,-21.5979],[-42.3134,-21.5952],[-42.3139,-21.5978],[-42.3141,-21.5979]]]}},{"type":"Feature","properties":{"cod_tema":"ARL_PROPOSTA","cod_imovel":"RJ-3304706-A2673455325549D28687D5FB00B2CB21","num_area":"5.0817000000000000000000000000000","ind_status":"AT"},"geometry":{"type":"Polygon","coordinates":[[[-42.0556,-21.473],[-42.0522,-21.4728],[-42.0555,-21.4731],[-42.0556,-21.473]]]}},{"type":"Feature","properties":{"cod_tema":"ARL_PROPOSTA","cod_imovel":"RJ-3304706-FB0A98917BD64DB7ACBCDC2CF7C736A1","num_area":"8.0696000000000000000000000000000","ind_status":"AT"},"geometry":{"type":"Polygon","coordinates":[[[-42.1642,-21.4976],[-42.1617,-21.4994],[-42.1643,-21.4981],[-42.1642,-21.4976]]]}},{"type":"Feature","properties":{"cod_tema":"ARL_PROPOSTA","cod_imovel":"RJ-3304706-0BAE18B845F641A9A116A1072E1E2080","num_area":"1.8990000000000000000000000000000","ind_status":"AT"},"geometry":{"type":"Polygon","coordinates":[[[-42.246,-21.6766],[-42.2454,-21.6805],[-42.2455,-21.6768],[-42.246,-21.6766]],[[-42.2459,-21.6765],[-42.2454,-21.6805],[-42.2459,-21.6765],[-42.2459,-21.6765]]]}},{"type":"Feature","properties":{"cod_tema":"ARL_PROPOSTA","cod_imovel":"RJ-3304706-AA16B4E8119C4EA9B6F61D663451D933","num_area":"3.8938000000000000000000000000000","ind_status":"AT"},"geometry":{"type":"Polygon","coordinates":[[[-42.2009,-21.5469],[-42.2,-21.55],[-42.2024,-21.5477],[-42.2009,-21.5469]]]}},{"type":"Feature","properties":{"cod_tema":"ARL_PROPOSTA","cod_imovel":"RJ-3304706-4C9169ACD6704A27945C6BF2F67009D2","num_area":"3.0742000000000000000000000000000","ind_status":"AT"},"geometry":{"type":"Polygon","coordinates":[[[-42.2108,-21.5408],[-42.2132,-21.5409],[-42.2102,-21.5389],[-42.2107,-21.541],[-42.2108,-21.5408]]]}},{"type":"Feature","properties":{"cod_tema":"ARL_PROPOSTA","cod_imovel":"RJ-3304706-570564A756A84F2D8562C9BB2885C32A","num_area":"4.3772000000000000000000000000000","ind_status":"AT"},"geometry":{"type":"Polygon","coordinates":[[[-42.2186,-21.5504],[-42.2207,-21.5516],[-42.2191,-21.5498],[-42.2186,-21.5504]]]}},{"type":"Feature","properties":{"cod_tema":"ARL_PROPOSTA","cod_imovel":"RJ-3304706-979C4FA2CFB54EAAB7139395CB0963F8","num_area":"4.0251000000000000000000000000000","ind_status":"AT"},"geometry":{"type":"Polygon","coordinates":[[[-42.1148,-21.5252],[-42.114,-21.5278],[-42.1153,-21.5254],[-42.1148,-21.5252]]]}},{"type":"Feature","properties":{"cod_tema":"ARL_PROPOSTA","cod_imovel":"RJ-3304706-98A31B3D1D094709AE2514353222E375","num_area":"14.539300000000000000000000000000","ind_status":"AT"},"geometry":{"type":"Polygon","coordinates":[[[-42.1715,-21.6232],[-42.1738,-21.6271],[-42.1764,-21.6254],[-42.1715,-21.6232],[-42.1715,-21.6232]]]}},{"type":"Feature","properties":{"cod_tema":"ARL_PROPOSTA","cod_imovel":"RJ-3304706-9653EEE223204EEDBABAE4600C54955B","num_area":"4.0624000000000000000000000000000","ind_status":"AT"},"geometry":{"type":"Polygon","coordinates":[[[-42.035,-21.4953],[-42.0372,-21.4933],[-42.0346,-21.4956],[-42.035,-21.4953]]]}},{"type":"Feature","properties":{"cod_tema":"ARL_PROPOSTA","cod_imovel":"RJ-3304706-AD17CBD5081E454C8A5AACA33C514121","num_area":"2.6880000000000000000000000000000","ind_status":"AT"},"geometry":{"type":"Polygon","coordinates":[[[-42.2289,-21.5264],[-42.2271,-21.5293],[-42.2288,-21.5271],[-42.2289,-21.5264]]]}},{"type":"Feature","properties":{"cod_tema":"ARL_PROPOSTA","cod_imovel":"RJ-3304706-CC163A5246FF4349A98873D3A4717D5A","num_area":"1.6392000000000000000000000000000","ind_status":"PE"},"geometry":{"type":"Polygon","coordinates":[[[-42.2113,-21.6268],[-42.2157,-21.6278],[-42.2133,-21.6289],[-42.2113,-21.6268]]]}},{"type":"Feature","properties":{"cod_tema":"ARL_PROPOSTA","cod_imovel":"RJ-3304706-657F35579EC74D7AA12BB5F12A266DC9","num_area":"6.6607000000000000000000000000000","ind_status":"AT"},"geometry":{"type":"Polygon","coordinates":[[[-42.215,-21.5678],[-42.2183,-21.569],[-42.2153,-21.5676],[-42.215,-21.5678]]]}},{"type":"Feature","properties":{"cod_tema":"ARL_PROPOSTA","cod_imovel":"RJ-3304706-82D0F16E68B34E3DA71F9EC9B41BA886","num_area":"29.417900000000000000000000000000","ind_status":"AT"},"geometry":{"type":"Polygon","coordinates":[[[-42.2235,-21.5682],[-42.2205,-21.5685],[-42.2225,-21.5691],[-42.2235,-21.5682]],[[-42.2252,-21.5728],[-42.2206,-21.572],[-42.2251,-21.5722],[-42.2252,-21.5728]],[[-42.217,-21.5668],[-42.2183,-21.569],[-42.225,-21.5643],[-42.2171,-21.5667],[-42.217,-21.5668]]]}},{"type":"Feature","properties":{"cod_tema":"ARL_PROPOSTA","cod_imovel":"RJ-3304706-A3744D801672409EB7F7CA94740B0AB2","num_area":"1.5981000000000000000000000000000","ind_status":"AT"},"geometry":{"type":"Polygon","coordinates":[[[-42.039,-21.4469],[-42.0413,-21.4469],[-42.0393,-21.4466],[-42.039,-21.4469]]]}},{"type":"Feature","properties":{"cod_tema":"ARL_PROPOSTA","cod_imovel":"RJ-3304706-565F72F948B645D88B4CCC851E34A793","num_area":"2.7694000000000000000000000000000","ind_status":"AT"},"geometry":{"type":"Polygon","coordinates":[[[-42.0057,-21.4783],[-42.0079,-21.4793],[-42.0058,-21.4778],[-42.0057,-21.4783]]]}},{"type":"Feature","properties":{"cod_tema":"ARL_PROPOSTA","cod_imovel":"RJ-3304706-D08FC0176ADA476B8A62B3EA3B15D0E1","num_area":"11.262400000000000000000000000000","ind_status":"AT"},"geometry":{"type":"Polygon","coordinates":[[[-42.1647,-21.577],[-42.1683,-21.5774],[-42.1656,-21.5761],[-42.1647,-21.577]],[[-42.1553,-21.5704],[-42.1581,-21.5715],[-42.1558,-21.5701],[-42.1553,-21.5704]]]}},{"type":"Feature","properties":{"cod_tema":"ARL_PROPOSTA","cod_imovel":"RJ-3304706-7788F3883CB645E089B76CCAECBC7638","num_area":"23.532000000000000000000000000000","ind_status":"AT"},"geometry":{"type":"Polygon","coordinates":[[[-42.0657,-21.5398],[-42.0687,-21.544],[-42.0714,-21.5415],[-42.07,-21.5378],[-42.0657,-21.5398],[-42.0657,-21.5398]]]}},{"type":"Feature","properties":{"cod_tema":"ARL_PROPOSTA","cod_imovel":"RJ-3304706-15F316276829421BAE41FD33F758C776","num_area":"7.7099000000000000000000000000000","ind_status":"AT"},"geometry":{"type":"Polygon","coordinates":[[[-42.0394,-21.4516],[-42.042,-21.4528],[-42.0392,-21.4513],[-42.0394,-21.4516]]]}},{"type":"Feature","properties":{"cod_tema":"ARL_PROPOSTA","cod_imovel":"RJ-3304706-D275BB4F8E4341D5991F6FBDF458016F","num_area":"7.2815000000000000000000000000000","ind_status":"AT"},"geometry":{"type":"Polygon","coordinates":[[[-42.081,-21.4865],[-42.079,-21.4896],[-42.0812,-21.4865],[-42.081,-21.4865]]]}},{"type":"Feature","properties":{"cod_tema":"ARL_PROPOSTA","cod_imovel":"RJ-3304706-928B140A53D04A2F9640E23DC8A328D5","num_area":"2.7959000000000000000000000000000","ind_status":"AT"},"geometry":{"type":"Polygon","coordinates":[[[-42.0709,-21.5471],[-42.0707,-21.5498],[-42.0709,-21.5472],[-42.0709,-21.5471]]]}},{"type":"Feature","properties":{"cod_tema":"ARL_PROPOSTA","cod_imovel":"RJ-3304706-EBBFA4B8508B47399CA4123F5F88E806","num_area":"10.041500000000000000000000000000","ind_status":"AT"},"geometry":{"type":"Polygon","coordinates":[[[-42.0924,-21.5589],[-42.1008,-21.5583],[-42.0953,-21.5553],[-42.0922,-21.5585],[-42.0924,-21.5589]]]}},{"type":"Feature","properties":{"cod_tema":"ARL_PROPOSTA","cod_imovel":"RJ-3304706-9095F8D3F2354028B8891996A1DAE3F1","num_area":"5.5039000000000000000000000000000","ind_status":"AT"},"geometry":{"type":"Polygon","coordinates":[[[-42.2182,-21.5032],[-42.2145,-21.5021],[-42.2171,-21.5032],[-42.2182,-21.5032]]]}},{"type":"Feature","properties":{"cod_tema":"ARL_PROPOSTA","cod_imovel":"RJ-3304706-262781FEB0B943B0959536786565ACE3","num_area":"13.173400000000000000000000000000","ind_status":"AT"},"geometry":{"type":"Polygon","coordinates":[[[-42.2546,-21.5139],[-42.2579,-21.5112],[-42.2543,-21.5103],[-42.2543,-21.5137],[-42.2546,-21.5139]]]}},{"type":"Feature","properties":{"cod_tema":"ARL_PROPOSTA","cod_imovel":"RJ-3304706-4DB3D3FD8DB94F0A87C4BCD06129F74B","num_area":"30.485200000000000000000000000000","ind_status":"AT"},"geometry":{"type":"Polygon","coordinates":[[[-42.2607,-21.6424],[-42.2579,-21.6452],[-42.264,-21.6499],[-42.2656,-21.6467],[-42.2607,-21.6424]]]}},{"type":"Feature","properties":{"cod_tema":"ARL_PROPOSTA","cod_imovel":"RJ-3304706-1BD70D7596314078AD4C8C650B90C22D","num_area":"4.6779000000000000000000000000000","ind_status":"AT"},"geometry":{"type":"Polygon","coordinates":[[[-42.1769,-21.5229],[-42.1744,-21.5233],[-42.1767,-21.5244],[-42.1769,-21.5229]]]}},{"type":"Feature","properties":{"cod_tema":"ARL_PROPOSTA","cod_imovel":"RJ-3304706-215D298388194FFAB6F8116ABF17F3AC","num_area":"4.5055000000000000000000000000000","ind_status":"AT"},"geometry":{"type":"Polygon","coordinates":[[[-42.2556,-21.5198],[-42.2573,-21.5184],[-42.2548,-21.52],[-42.2556,-21.5198]]]}},{"type":"Feature","properties":{"cod_tema":"ARL_PROPOSTA","cod_imovel":"RJ-3304706-2D3B96400034474FA66A8FEEE0247F9A","num_area":"4.4023000000000000000000000000000","ind_status":"AT"},"geometry":{"type":"Polygon","coordinates":[[[-42.2749,-21.5779],[-42.2745,-21.575],[-42.2744,-21.5775],[-42.2749,-21.5779]]]}},{"type":"Feature","properties":{"cod_tema":"ARL_PROPOSTA","cod_imovel":"RJ-3304706-06E976F2FC11420CAA6F2BFB53D77E1A","num_area":"3.0973000000000000000000000000000","ind_status":"AT"},"geometry":{"type":"Polygon","coordinates":[[[-42.331,-21.6049],[-42.3296,-21.6034],[-42.3322,-21.6062],[-42.331,-21.6049]]]}},{"type":"Feature","properties":{"cod_tema":"ARL_PROPOSTA","cod_imovel":"RJ-3304706-CC8CA1E5446749ECA6D893C0D6008AB7","num_area":"6.9906000000000000000000000000000","ind_status":"AT"},"geometry":{"type":"Polygon","coordinates":[[[-42.1824,-21.6099],[-42.1774,-21.6066],[-42.1811,-21.6089],[-42.1824,-21.6099]]]}},{"type":"Feature","properties":{"cod_tema":"ARL_PROPOSTA","cod_imovel":"RJ-3304706-1F5D9816C61F439BBB098E2A908BC1E7","num_area":"6.9043000000000000000000000000000","ind_status":"AT"},"geometry":{"type":"Polygon","coordinates":[[[-42.0832,-21.4941],[-42.0813,-21.4964],[-42.0847,-21.4955],[-42.0832,-21.4941]]]}},{"type":"Feature","properties":{"cod_tema":"ARL_PROPOSTA","cod_imovel":"RJ-3304706-36F735868F5F4E7D809418752C48FBA8","num_area":"22.673300000000000000000000000000","ind_status":"AT"},"geometry":{"type":"Polygon","coordinates":[[[-42.1505,-21.5804],[-42.1484,-21.5823],[-42.1531,-21.5867],[-42.1554,-21.5842],[-42.1505,-21.5804]]]}},{"type":"Feature","properties":{"cod_tema":"ARL_PROPOSTA","cod_imovel":"RJ-3304706-4E0488E9F03E44CEA5885CA3C599878B","num_area":"22.851100000000000000000000000000","ind_status":"AT"},"geometry":{"type":"Polygon","coordinates":[[[-42.1463,-21.5957],[-42.1423,-21.5936],[-42.1398,-21.5976],[-42.1441,-21.5992],[-42.1463,-21.5957]]]}},{"type":"Feature","properties":{"cod_tema":"ARL_PROPOSTA","cod_imovel":"RJ-3304706-6086AE6CDFFD47A987B2D0FF80D9EA36","num_area":"6.9681000000000000000000000000000","ind_status":"AT"},"geometry":{"type":"Polygon","coordinates":[[[-42.2817,-21.6014],[-42.281,-21.5995],[-42.2799,-21.6021],[-42.2817,-21.6014]]]}},{"type":"Feature","properties":{"cod_tema":"ARL_PROPOSTA","cod_imovel":"RJ-3304706-5C204D2845EC469E9B779B9DE34A13D6","num_area":"3.5329000000000000000000000000000","ind_status":"AT"},"geometry":{"type":"Polygon","coordinates":[[[-42.1549,-21.5621],[-42.1553,-21.5651],[-42.1552,-21.5622],[-42.1549,-21.5621]]]}},{"type":"Feature","properties":{"cod_tema":"ARL_PROPOSTA","cod_imovel":"RJ-3304706-8C4B51E49B604480BF5530E94E1D8E17","num_area":"3.8482000000000000000000000000000","ind_status":"AT"},"geometry":{"type":"Polygon","coordinates":[[[-42.2635,-21.5871],[-42.2605,-21.5849],[-42.2631,-21.5871],[-42.2635,-21.5871]]]}},{"type":"Feature","properties":{"cod_tema":"ARL_PROPOSTA","cod_imovel":"RJ-3304706-6C327162CAB64F9EBE7207D5A78D3F2C","num_area":"3.7588000000000000000000000000000","ind_status":"AT"},"geometry":{"type":"Polygon","coordinates":[[[-42.1617,-21.526],[-42.1595,-21.523],[-42.1617,-21.526],[-42.1617,-21.526]]]}},{"type":"Feature","properties":{"cod_tema":"ARL_PROPOSTA","cod_imovel":"RJ-3304706-14011C34B55F44AE89EEBA9577DD2897","num_area":"10.011500000000000000000000000000","ind_status":"AT"},"geometry":{"type":"Polygon","coordinates":[[[-42.1616,-21.5015],[-42.1615,-21.5043],[-42.1622,-21.5016],[-42.1616,-21.5015]],[[-42.1678,-21.4992],[-42.1662,-21.5013],[-42.1682,-21.4991],[-42.1678,-21.4992]],[[-42.1669,-21.5014],[-42.1691,-21.5002],[-42.1671,-21.5011],[-42.1669,-21.5014]],[[-42.1691,-21.4994],[-42.1716,-21.4997],[-42.1692,-21.4992],[-42.1691,-21.4994]]]}},{"type":"Feature","properties":{"cod_tema":"ARL_PROPOSTA","cod_imovel":"RJ-3304706-D7EFE1CC2CCF48249432DABF8B37CB84","num_area":"3.9243000000000000000000000000000","ind_status":"AT"},"geometry":{"type":"Polygon","coordinates":[[[-42.2682,-21.5833],[-42.2658,-21.5824],[-42.2679,-21.5834],[-42.2682,-21.5833]]]}},{"type":"Feature","properties":{"cod_tema":"ARL_PROPOSTA","cod_imovel":"RJ-3304706-52107BD7066D4F45A09E1621A15E2179","num_area":"3.2007000000000000000000000000000","ind_status":"AT"},"geometry":{"type":"Polygon","coordinates":[[[-42.2082,-21.62],[-42.2093,-21.6223],[-42.2084,-21.6199],[-42.2082,-21.62]]]}},{"type":"Feature","properties":{"cod_tema":"ARL_PROPOSTA","cod_imovel":"RJ-3304706-F7444054900049C8A9EE7BDD47064546","num_area":"9.1283000000000000000000000000000","ind_status":"AT"},"geometry":{"type":"Polygon","coordinates":[[[-42.2769,-21.5977],[-42.2742,-21.596],[-42.2739,-21.5997],[-42.2769,-21.5977]]]}},{"type":"Feature","properties":{"cod_tema":"ARL_PROPOSTA","cod_imovel":"RJ-3304706-9415F3DE4F6E4C3E9201478C8E5333F9","num_area":"1.3847000000000000000000000000000","ind_status":"AT"},"geometry":{"type":"Polygon","coordinates":[[[-42.069,-21.5133],[-42.0711,-21.5125],[-42.069,-21.5132],[-42.069,-21.5133]]]}},{"type":"Feature","properties":{"cod_tema":"ARL_PROPOSTA","cod_imovel":"RJ-3304706-29ACDE59E11B44EEACAE3C9526E49D33","num_area":"10.121100000000000000000000000000","ind_status":"AT"},"geometry":{"type":"Polygon","coordinates":[[[-42.081,-21.4799],[-42.0738,-21.4825],[-42.081,-21.4799],[-42.081,-21.4799]]]}},{"type":"Feature","properties":{"cod_tema":"ARL_PROPOSTA","cod_imovel":"RJ-3304706-68388936B36544BF84A701E1A0C4077F","num_area":"11.129300000000000000000000000000","ind_status":"AT"},"geometry":{"type":"Polygon","coordinates":[[[-42.0829,-21.4526],[-42.0793,-21.455],[-42.0819,-21.4563],[-42.0835,-21.4531],[-42.0829,-21.4526]]]}},{"type":"Feature","properties":{"cod_tema":"ARL_PROPOSTA","cod_imovel":"RJ-3304706-E4C24D8FE120406CACFE9356EA0A6CED","num_area":"3.0028000000000000000000000000000","ind_status":"AT"},"geometry":{"type":"Polygon","coordinates":[[[-42.2558,-21.5946],[-42.2536,-21.5951],[-42.2553,-21.5963],[-42.2558,-21.5946]]]}},{"type":"Feature","properties":{"cod_tema":"ARL_PROPOSTA","cod_imovel":"RJ-3304706-B695B8DC49864294B556C5CC5FEDE2C7","num_area":"5.3160000000000000000000000000000","ind_status":"AT"},"geometry":{"type":"Polygon","coordinates":[[[-42.2493,-21.5899],[-42.2464,-21.5914],[-42.2492,-21.5919],[-42.2493,-21.5899]]]}},{"type":"Feature","properties":{"cod_tema":"ARL_PROPOSTA","cod_imovel":"RJ-3304706-E0CCEC623A414CF0ABD15F85E290BCB6","num_area":"7.5943000000000000000000000000000","ind_status":"AT"},"geometry":{"type":"Polygon","coordinates":[[[-42.3087,-21.6403],[-42.3073,-21.6425],[-42.3111,-21.6425],[-42.3092,-21.6407],[-42.3087,-21.6403]]]}},{"type":"Feature","properties":{"cod_tema":"ARL_PROPOSTA","cod_imovel":"RJ-3304706-37D5E6FE87464138A7AC329BE218690D","num_area":"2.5302000000000000000000000000000","ind_status":"AT"},"geometry":{"type":"Polygon","coordinates":[[[-42.0684,-21.4741],[-42.0684,-21.4718],[-42.0684,-21.474],[-42.0684,-21.4741]]]}},{"type":"Feature","properties":{"cod_tema":"ARL_PROPOSTA","cod_imovel":"RJ-3304706-C84B7E758DD245519C18B8F6DAC8D962","num_area":"10.410800000000000000000000000000","ind_status":"AT"},"geometry":{"type":"Polygon","coordinates":[[[-42.2892,-21.543],[-42.2911,-21.5441],[-42.2906,-21.5419],[-42.2892,-21.543]],[[-42.2898,-21.5384],[-42.2927,-21.5364],[-42.2909,-21.535],[-42.29,-21.5382],[-42.2898,-21.5384]],[[-42.2927,-21.5362],[-42.2909,-21.535],[-42.2927,-21.5362],[-42.2927,-21.5362]]]}},{"type":"Feature","properties":{"cod_tema":"ARL_PROPOSTA","cod_imovel":"RJ-3304706-422C91B580974C3DB0F6D37018EACB60","num_area":"0.9752000000000000000000000000000","ind_status":"AT"},"geometry":{"type":"Polygon","coordinates":[[[-42.1888,-21.5115],[-42.1879,-21.5137],[-42.1887,-21.5118],[-42.1888,-21.5115]]]}},{"type":"Feature","properties":{"cod_tema":"ARL_PROPOSTA","cod_imovel":"RJ-3304706-01BBA8CE0E01470EB2DCB684DE034B35","num_area":"1.4928000000000000000000000000000","ind_status":"AT"},"geometry":{"type":"Polygon","coordinates":[[[-42.1181,-21.5306],[-42.1162,-21.5316],[-42.1181,-21.5306],[-42.1181,-21.5306]]]}},{"type":"Feature","properties":{"cod_tema":"ARL_PROPOSTA","cod_imovel":"RJ-3304706-1AE516777CAB4ABAB761BD61B78D5706","num_area":"2.7326000000000000000000000000000","ind_status":"AT"},"geometry":{"type":"Polygon","coordinates":[[[-42.2098,-21.5277],[-42.2098,-21.5307],[-42.2099,-21.5278],[-42.2098,-21.5277]]]}},{"type":"Feature","properties":{"cod_tema":"ARL_PROPOSTA","cod_imovel":"RJ-3304706-96006271DC0F4ACF9E32A4E4E24FA8B5","num_area":"1.6500000000000000000000000000000","ind_status":"AT"},"geometry":{"type":"Polygon","coordinates":[[[-42.1125,-21.6022],[-42.1108,-21.6034],[-42.1132,-21.6024],[-42.1125,-21.6022]]]}},{"type":"Feature","properties":{"cod_tema":"ARL_PROPOSTA","cod_imovel":"RJ-3304706-4C2338D5BEC14B75BEBBAE7D79242EB2","num_area":"17.877400000000000000000000000000","ind_status":"AT"},"geometry":{"type":"Polygon","coordinates":[[[-42.1643,-21.4811],[-42.1709,-21.4829],[-42.1655,-21.4785],[-42.1643,-21.4811]],[[-42.1658,-21.4735],[-42.1617,-21.4749],[-42.1656,-21.4736],[-42.1658,-21.4735]],[[-42.163,-21.4749],[-42.166,-21.4736],[-42.163,-21.4747],[-42.163,-21.4749]]]}},{"type":"Feature","properties":{"cod_tema":"ARL_PROPOSTA","cod_imovel":"RJ-3304706-C12061EBD1FF49F68FA260E19DF3989D","num_area":"2.4780000000000000000000000000000","ind_status":"AT"},"geometry":{"type":"Polygon","coordinates":[[[-42.1116,-21.5276],[-42.1137,-21.5284],[-42.1116,-21.5275],[-42.1116,-21.5276]]]}},{"type":"Feature","properties":{"cod_tema":"ARL_PROPOSTA","cod_imovel":"RJ-3304706-07DF8A540D7644B784099A3EC040A52D","num_area":"7.2157000000000000000000000000000","ind_status":"AT"},"geometry":{"type":"Polygon","coordinates":[[[-42.143,-21.5303],[-42.1467,-21.5291],[-42.143,-21.5303],[-42.143,-21.5303]]]}},{"type":"Feature","properties":{"cod_tema":"ARL_PROPOSTA","cod_imovel":"RJ-3304706-CE04F380DF1746F68664639218C52CE9","num_area":"13.188400000000000000000000000000","ind_status":"AT"},"geometry":{"type":"Polygon","coordinates":[[[-42.0791,-21.4791],[-42.0743,-21.4832],[-42.081,-21.4799],[-42.0791,-21.4791]]]}},{"type":"Feature","properties":{"cod_tema":"ARL_PROPOSTA","cod_imovel":"RJ-3304706-EB1FB71ADD714B4D830B88CB7216AD25","num_area":"12.450900000000000000000000000000","ind_status":"AT"},"geometry":{"type":"Polygon","coordinates":[[[-42.0862,-21.5248],[-42.0806,-21.525],[-42.0831,-21.5269],[-42.0862,-21.5248]]]}},{"type":"Feature","properties":{"cod_tema":"ARL_PROPOSTA","cod_imovel":"RJ-3304706-55B3B3DE12A047B88CEAE17B7409A11E","num_area":"3.4385000000000000000000000000000","ind_status":"AT"},"geometry":{"type":"Polygon","coordinates":[[[-42.1929,-21.4786],[-42.1906,-21.4805],[-42.1933,-21.4797],[-42.1929,-21.4786]]]}},{"type":"Feature","properties":{"cod_tema":"ARL_PROPOSTA","cod_imovel":"RJ-3304706-F7F658283D6B442C990F53F19F20A648","num_area":"11.699800000000000000000000000000","ind_status":"AT"},"geometry":{"type":"Polygon","coordinates":[[[-42.1504,-21.4698],[-42.1477,-21.4731],[-42.1506,-21.4709],[-42.1504,-21.4698]],[[-42.1445,-21.4775],[-42.1418,-21.4766],[-42.1441,-21.4777],[-42.1445,-21.4775]]]}},{"type":"Feature","properties":{"cod_tema":"ARL_PROPOSTA","cod_imovel":"RJ-3304706-5284B11245404B03B17CBED3AF405EAA","num_area":"20.997800000000000000000000000000","ind_status":"AT"},"geometry":{"type":"Polygon","coordinates":[[[-42.304,-21.6499],[-42.3009,-21.6501],[-42.3037,-21.651],[-42.304,-21.6499]],[[-42.3103,-21.6507],[-42.3069,-21.6514],[-42.3103,-21.6509],[-42.3103,-21.6507]],[[-42.3058,-21.6563],[-42.3103,-21.6535],[-42.3065,-21.6533],[-42.3058,-21.6563],[-42.3058,-21.6563]]]}},{"type":"Feature","properties":{"cod_tema":"ARL_PROPOSTA","cod_imovel":"RJ-3304706-D5EAF3D0C6C544BB8EE9460D5A0A4112","num_area":"0.7034000000000000000000000000000","ind_status":"AT"},"geometry":{"type":"Polygon","coordinates":[[[-42.1883,-21.5762],[-42.1869,-21.579],[-42.1884,-21.5767],[-42.1883,-21.5762]]]}},{"type":"Feature","properties":{"cod_tema":"ARL_PROPOSTA","cod_imovel":"RJ-3304706-2A48653CCFE14AFD9ADF98EE4319E0CD","num_area":"1.5948000000000000000000000000000","ind_status":"AT"},"geometry":{"type":"Polygon","coordinates":[[[-42.1529,-21.5306],[-42.1507,-21.5324],[-42.1538,-21.5311],[-42.1529,-21.534],[-42.154,-21.531],[-42.1529,-21.5306]]]}},{"type":"Feature","properties":{"cod_tema":"ARL_PROPOSTA","cod_imovel":"RJ-3304706-FFBDDEA1027D4521A0BA83B927E034E2","num_area":"7.8162000000000000000000000000000","ind_status":"AT"},"geometry":{"type":"Polygon","coordinates":[[[-42.2091,-21.6592],[-42.2057,-21.6571],[-42.2087,-21.6609],[-42.2091,-21.6592]]]}},{"type":"Feature","properties":{"cod_tema":"ARL_PROPOSTA","cod_imovel":"RJ-3304706-0C3365BFB7EE463E979D41F85F932D6A","num_area":"32.410300000000000000000000000000","ind_status":"AT"},"geometry":{"type":"Polygon","coordinates":[[[-42.1001,-21.5445],[-42.0958,-21.5459],[-42.1002,-21.5451],[-42.1001,-21.5445]],[[-42.0917,-21.5504],[-42.0928,-21.5482],[-42.0916,-21.55],[-42.0917,-21.5504]],[[-42.0962,-21.5564],[-42.0943,-21.5545],[-42.0962,-21.5563],[-42.0962,-21.5564]],[[-42.1051,-21.55],[-42.1063,-21.5536],[-42.1091,-21.5492],[-42.1057,-21.5505],[-42.1051,-21.55]]]}},{"type":"Feature","properties":{"cod_tema":"ARL_PROPOSTA","cod_imovel":"RJ-3304706-E0D11CAF2B314CE29F3A42C0D37706DF","num_area":"21.747000000000000000000000000000","ind_status":"AT"},"geometry":{"type":"Polygon","coordinates":[[[-42.0024,-21.4962],[-42.0025,-21.4877],[-41.9986,-21.4888],[-42.002,-21.4958],[-42.0024,-21.4962]]]}},{"type":"Feature","properties":{"cod_tema":"ARL_PROPOSTA","cod_imovel":"RJ-3304706-AF140BEF950849D8A35F2C7A2C293C3C","num_area":"7.6305000000000000000000000000000","ind_status":"AT"},"geometry":{"type":"Polygon","coordinates":[[[-42.1697,-21.5586],[-42.1682,-21.5571],[-42.1676,-21.5606],[-42.1697,-21.5586]]]}},{"type":"Feature","properties":{"cod_tema":"ARL_PROPOSTA","cod_imovel":"RJ-3304706-D48F5338EF3F41A3B11E734A93B48235","num_area":"2.7856000000000000000000000000000","ind_status":"AT"},"geometry":{"type":"Polygon","coordinates":[[[-42.0118,-21.4762],[-42.0074,-21.4767],[-42.0118,-21.4769],[-42.0118,-21.4762]]]}},{"type":"Feature","properties":{"cod_tema":"ARL_PROPOSTA","cod_imovel":"RJ-3304706-CBEDE3CC3D834E2BBCEE0AAC8F9EBFAF","num_area":"8.4743000000000000000000000000000","ind_status":"AT"},"geometry":{"type":"Polygon","coordinates":[[[-42.1512,-21.5163],[-42.1505,-21.5134],[-42.1501,-21.5163],[-42.1475,-21.5147],[-42.1505,-21.5168],[-42.1512,-21.5163]]]}},{"type":"Feature","properties":{"cod_tema":"ARL_PROPOSTA","cod_imovel":"RJ-3304706-4DF91F3836CA44DAA33C775691DDB8D2","num_area":"8.2668000000000000000000000000000","ind_status":"AT"},"geometry":{"type":"Polygon","coordinates":[[[-42.149,-21.4948],[-42.1538,-21.4957],[-42.1503,-21.4938],[-42.149,-21.4948]]]}},{"type":"Feature","properties":{"cod_tema":"ARL_PROPOSTA","cod_imovel":"RJ-3304706-9658011D0B1D415D9C09D0CBDAE015BD","num_area":"3.0118000000000000000000000000000","ind_status":"AT"},"geometry":{"type":"Polygon","coordinates":[[[-42.2492,-21.5911],[-42.2467,-21.5909],[-42.2492,-21.5925],[-42.2492,-21.5911]]]}},{"type":"Feature","properties":{"cod_tema":"ARL_PROPOSTA","cod_imovel":"RJ-3304706-428F06AEC2224FAD86108CA136093E31","num_area":"6.6927000000000000000000000000000","ind_status":"AT"},"geometry":{"type":"Polygon","coordinates":[[[-42.257,-21.4478],[-42.2581,-21.4512],[-42.2571,-21.4478],[-42.257,-21.4478]]]}},{"type":"Feature","properties":{"cod_tema":"ARL_PROPOSTA","cod_imovel":"RJ-3304706-4BDBCB8518324C12894C8EC0B8566472","num_area":"11.027600000000000000000000000000","ind_status":"AT"},"geometry":{"type":"Polygon","coordinates":[[[-42.0883,-21.4986],[-42.0912,-21.4974],[-42.0888,-21.4972],[-42.0883,-21.4986]],[[-42.094,-21.5021],[-42.0936,-21.4991],[-42.0936,-21.5023],[-42.094,-21.5021]]]}},{"type":"Feature","properties":{"cod_tema":"ARL_PROPOSTA","cod_imovel":"RJ-3304706-9791365C2A8B459584DF6A54D303EF76","num_area":"34.459300000000000000000000000000","ind_status":"AT"},"geometry":{"type":"Polygon","coordinates":[[[-42.276,-21.5719],[-42.2815,-21.5791],[-42.2798,-21.584],[-42.2848,-21.5779],[-42.2762,-21.5716],[-42.276,-21.5719]]]}},{"type":"Feature","properties":{"cod_tema":"ARL_PROPOSTA","cod_imovel":"RJ-3304706-A7455C90D4A447CD92EB3E45BFF29050","num_area":"2.7470000000000000000000000000000","ind_status":"AT"},"geometry":{"type":"Polygon","coordinates":[[[-42.3094,-21.5954],[-42.3074,-21.5953],[-42.3092,-21.5964],[-42.3094,-21.5954]]]}},{"type":"Feature","properties":{"cod_tema":"ARL_PROPOSTA","cod_imovel":"RJ-3304706-DD55D9E41A804418BAED13F0E3C833F7","num_area":"7.3434000000000000000000000000000","ind_status":"AT"},"geometry":{"type":"Polygon","coordinates":[[[-42.1537,-21.5545],[-42.1512,-21.5572],[-42.1548,-21.5558],[-42.1537,-21.5545]]]}},{"type":"Feature","properties":{"cod_tema":"ARL_PROPOSTA","cod_imovel":"RJ-3304706-29241190DC6D4B8980D9208967344110","num_area":"4.8222000000000000000000000000000","ind_status":"AT"},"geometry":{"type":"Polygon","coordinates":[[[-42.1144,-21.5447],[-42.1116,-21.5452],[-42.1149,-21.5451],[-42.1144,-21.5447]]]}},{"type":"Feature","properties":{"cod_tema":"ARL_PROPOSTA","cod_imovel":"RJ-3304706-59774452A65C42BF8AC094660477FFC8","num_area":"6.2563000000000000000000000000000","ind_status":"AT"},"geometry":{"type":"Polygon","coordinates":[[[-42.3003,-21.5784],[-42.2966,-21.5784],[-42.2987,-21.5798],[-42.3003,-21.5784]]]}},{"type":"Feature","properties":{"cod_tema":"ARL_PROPOSTA","cod_imovel":"RJ-3304706-ED88CAE18688423F9D4A9647DC65A882","num_area":"1.1750000000000000000000000000000","ind_status":"AT"},"geometry":{"type":"Polygon","coordinates":[[[-42.0204,-21.492],[-42.0188,-21.4897],[-42.0198,-21.4916],[-42.0204,-21.492]]]}},{"type":"Feature","properties":{"cod_tema":"ARL_PROPOSTA","cod_imovel":"RJ-3304706-90D0E32996AC4191B36099F571F5B15D","num_area":"2.6149000000000000000000000000000","ind_status":"AT"},"geometry":{"type":"Polygon","coordinates":[[[-42.0372,-21.4608],[-42.039,-21.462],[-42.0373,-21.4609],[-42.0372,-21.4608]]]}},{"type":"Feature","properties":{"cod_tema":"ARL_PROPOSTA","cod_imovel":"RJ-3304706-A493702E9EA842398ECB97D495155A52","num_area":"3.1986000000000000000000000000000","ind_status":"AT"},"geometry":{"type":"Polygon","coordinates":[[[-42.2023,-21.6757],[-42.2011,-21.6725],[-42.2015,-21.6748],[-42.2023,-21.6757]]]}},{"type":"Feature","properties":{"cod_tema":"ARL_PROPOSTA","cod_imovel":"RJ-3304706-9746C6AE20D9451BB52D74F13C797204","num_area":"3.2747000000000000000000000000000","ind_status":"AT"},"geometry":{"type":"Polygon","coordinates":[[[-42.1988,-21.6764],[-42.1955,-21.6761],[-42.1981,-21.6764],[-42.1988,-21.6764]]]}},{"type":"Feature","properties":{"cod_tema":"ARL_PROPOSTA","cod_imovel":"RJ-3304706-AC8F421A65444344A9D7F357E9C8A09B","num_area":"2.9377000000000000000000000000000","ind_status":"AT"},"geometry":{"type":"Polygon","coordinates":[[[-42.2287,-21.6396],[-42.2271,-21.6418],[-42.2287,-21.6396],[-42.2287,-21.6396]]]}},{"type":"Feature","properties":{"cod_tema":"ARL_PROPOSTA","cod_imovel":"RJ-3304706-E74607AE396A4657991108C1A70417E3","num_area":"3.6805000000000000000000000000000","ind_status":"AT"},"geometry":{"type":"Polygon","coordinates":[[[-42.2113,-21.464],[-42.2133,-21.4635],[-42.2113,-21.4632],[-42.2113,-21.464]]]}},{"type":"Feature","properties":{"cod_tema":"ARL_PROPOSTA","cod_imovel":"RJ-3304706-E4574B1BEBE4435FB3631A67F88F8589","num_area":"31.872200000000000000000000000000","ind_status":"AT"},"geometry":{"type":"Polygon","coordinates":[[[-42.2062,-21.6345],[-42.2046,-21.6366],[-42.2117,-21.642],[-42.2143,-21.6396],[-42.2071,-21.6352],[-42.2062,-21.6345]]]}},{"type":"Feature","properties":{"cod_tema":"ARL_PROPOSTA","cod_imovel":"RJ-3304706-349248F27BCD4597A010AAABD1364F1C","num_area":"1.6747000000000000000000000000000","ind_status":"AT"},"geometry":{"type":"Polygon","coordinates":[[[-42.2567,-21.459],[-42.2587,-21.4584],[-42.2566,-21.459],[-42.2567,-21.459]]]}},{"type":"Feature","properties":{"cod_tema":"ARL_PROPOSTA","cod_imovel":"RJ-3304706-EA6FE99C42E84F92989A87F02E27D720","num_area":"7.1755000000000000000000000000000","ind_status":"AT"},"geometry":{"type":"Polygon","coordinates":[[[-42.2033,-21.6655],[-42.2056,-21.6663],[-42.2047,-21.6636],[-42.2032,-21.6654],[-42.2033,-21.6655]]]}},{"type":"Feature","properties":{"cod_tema":"ARL_PROPOSTA","cod_imovel":"RJ-3304706-D12F3D27278247CA83F8B8086106E765","num_area":"6.6338000000000000000000000000000","ind_status":"AT"},"geometry":{"type":"Polygon","coordinates":[[[-42.1885,-21.6154],[-42.1878,-21.6127],[-42.1885,-21.6153],[-42.1885,-21.6154]]]}},{"type":"Feature","properties":{"cod_tema":"ARL_PROPOSTA","cod_imovel":"RJ-3304706-68BADF2AFA22420CADCFCFC5C36166C5","num_area":"8.3571000000000000000000000000000","ind_status":"AT"},"geometry":{"type":"Polygon","coordinates":[[[-42.2059,-21.4674],[-42.2049,-21.4657],[-42.2039,-21.4697],[-42.2059,-21.4674]]]}},{"type":"Feature","properties":{"cod_tema":"ARL_PROPOSTA","cod_imovel":"RJ-3304706-751CD5CF09694102A64BF6E616830BCB","num_area":"3.3252000000000000000000000000000","ind_status":"AT"},"geometry":{"type":"Polygon","coordinates":[[[-42.1694,-21.6042],[-42.1667,-21.6054],[-42.1696,-21.605],[-42.1694,-21.6042]]]}},{"type":"Feature","properties":{"cod_tema":"ARL_PROPOSTA","cod_imovel":"RJ-3304706-EC116DA24A114807A935C2590541966C","num_area":"8.0403000000000000000000000000000","ind_status":"AT"},"geometry":{"type":"Polygon","coordinates":[[[-42.2338,-21.587],[-42.2358,-21.5903],[-42.2352,-21.587],[-42.2338,-21.587]]]}},{"type":"Feature","properties":{"cod_tema":"ARL_PROPOSTA","cod_imovel":"RJ-3304706-C7BE25A0DAEE44D2A1A3D131E817DE65","num_area":"3.2677000000000000000000000000000","ind_status":"AT"},"geometry":{"type":"Polygon","coordinates":[[[-42.2692,-21.6812],[-42.2658,-21.6809],[-42.2684,-21.682],[-42.2692,-21.6812]]]}},{"type":"Feature","properties":{"cod_tema":"ARL_PROPOSTA","cod_imovel":"RJ-3304706-E881ABD8CD874BC0BEF6F014E6900774","num_area":"25.608500000000000000000000000000","ind_status":"AT"},"geometry":{"type":"Polygon","coordinates":[[[-42.3553,-21.6334],[-42.3577,-21.631],[-42.3535,-21.6323],[-42.3553,-21.6334]],[[-42.3583,-21.6265],[-42.3548,-21.6256],[-42.351,-21.631],[-42.3591,-21.6274],[-42.3583,-21.6265]]]}},{"type":"Feature","properties":{"cod_tema":"ARL_PROPOSTA","cod_imovel":"RJ-3304706-CBFFF18D1799491ABB3035492A9431AC","num_area":"1.6960000000000000000000000000000","ind_status":"AT"},"geometry":{"type":"Polygon","coordinates":[[[-42.2359,-21.5748],[-42.234,-21.5762],[-42.2361,-21.5753],[-42.2359,-21.5748]]]}},{"type":"Feature","properties":{"cod_tema":"ARL_PROPOSTA","cod_imovel":"RJ-3304706-1D14ACF2AF714E2ABF867FBD0089DF60","num_area":"5.8382000000000000000000000000000","ind_status":"AT"},"geometry":{"type":"Polygon","coordinates":[[[-42.1304,-21.5729],[-42.127,-21.5746],[-42.1304,-21.5729],[-42.1304,-21.5729]]]}},{"type":"Feature","properties":{"cod_tema":"ARL_AVERBADA","cod_imovel":"RJ-3304706-2493AAB72E8346F58DCB45428A4F164D","num_area":"3.2048000000000000000000000000000","ind_status":"AT"},"geometry":{"type":"Polygon","coordinates":[[[-42.2321,-21.6055],[-42.2288,-21.6055],[-42.232,-21.6056],[-42.2321,-21.6055]]]}},{"type":"Feature","properties":{"cod_tema":"ARL_PROPOSTA","cod_imovel":"RJ-3304706-B3B9F0F16CBF441CB244CE46031D2EF0","num_area":"3.4898000000000000000000000000000","ind_status":"AT"},"geometry":{"type":"Polygon","coordinates":[[[-42.2301,-21.6296],[-42.2279,-21.6306],[-42.2302,-21.6297],[-42.2301,-21.6296]]]}},{"type":"Feature","properties":{"cod_tema":"ARL_PROPOSTA","cod_imovel":"RJ-3304706-800A971CF92745A3891404F79AD53B15","num_area":"1.9178000000000000000000000000000","ind_status":"AT"},"geometry":{"type":"Polygon","coordinates":[[[-42.2617,-21.6516],[-42.2588,-21.6507],[-42.2618,-21.6517],[-42.2617,-21.6516]]]}},{"type":"Feature","properties":{"cod_tema":"ARL_PROPOSTA","cod_imovel":"RJ-3304706-CD0C982E63DE4462BD191F2E71473970","num_area":"3.5262000000000000000000000000000","ind_status":"AT"},"geometry":{"type":"Polygon","coordinates":[[[-42.0158,-21.4734],[-42.018,-21.4723],[-42.0156,-21.4717],[-42.0158,-21.4734]]]}},{"type":"Feature","properties":{"cod_tema":"ARL_PROPOSTA","cod_imovel":"RJ-3304706-6104910DD1F64E3580462170A5DC1770","num_area":"9.3425000000000000000000000000000","ind_status":"AT"},"geometry":{"type":"Polygon","coordinates":[[[-42.2477,-21.5289],[-42.2492,-21.5317],[-42.2518,-21.5303],[-42.2477,-21.5289]]]}},{"type":"Feature","properties":{"cod_tema":"ARL_PROPOSTA","cod_imovel":"RJ-3304706-970A1BF28557435887A9702D6E2E2B95","num_area":"4.3174000000000000000000000000000","ind_status":"AT"},"geometry":{"type":"Polygon","coordinates":[[[-42.1412,-21.5997],[-42.1397,-21.602],[-42.1414,-21.5997],[-42.1412,-21.5997]]]}},{"type":"Feature","properties":{"cod_tema":"ARL_PROPOSTA","cod_imovel":"RJ-3304706-ADD86A71E53F4204B4A51F7BEEFB39F7","num_area":"4.9103000000000000000000000000000","ind_status":"AT"},"geometry":{"type":"Polygon","coordinates":[[[-42.1228,-21.5975],[-42.1263,-21.5972],[-42.123,-21.5969],[-42.1228,-21.5975]],[[-42.123,-21.6012],[-42.1263,-21.6],[-42.1234,-21.6011],[-42.123,-21.6012]]]}},{"type":"Feature","properties":{"cod_tema":"ARL_PROPOSTA","cod_imovel":"RJ-3304706-B02D71E242404C18BBB38100FD7060B3","num_area":"7.0300000000000000000000000000000","ind_status":"AT"},"geometry":{"type":"Polygon","coordinates":[[[-42.055,-21.462],[-42.0532,-21.4635],[-42.0552,-21.4623],[-42.055,-21.462]],[[-42.0532,-21.4652],[-42.0509,-21.4633],[-42.0532,-21.4652],[-42.0532,-21.4652]]]}},{"type":"Feature","properties":{"cod_tema":"ARL_PROPOSTA","cod_imovel":"RJ-3304706-AE780196F63F469988B221839310EF18","num_area":"6.6839000000000000000000000000000","ind_status":"AT"},"geometry":{"type":"Polygon","coordinates":[[[-42.0877,-21.4813],[-42.0857,-21.4831],[-42.09,-21.4831],[-42.0877,-21.4813]]]}},{"type":"Feature","properties":{"cod_tema":"ARL_PROPOSTA","cod_imovel":"RJ-3304706-5D01DA36ED3647508802FCA3BE945B6B","num_area":"6.9420000000000000000000000000000","ind_status":"AT"},"geometry":{"type":"Polygon","coordinates":[[[-42.2418,-21.5657],[-42.2424,-21.5679],[-42.2439,-21.5652],[-42.2419,-21.5656],[-42.2418,-21.5657]]]}},{"type":"Feature","properties":{"cod_tema":"ARL_PROPOSTA","cod_imovel":"RJ-3304706-D1A89F1F0BC0415C8597177E2AEE27F4","num_area":"8.7528000000000000000000000000000","ind_status":"AT"},"geometry":{"type":"Polygon","coordinates":[[[-42.0418,-21.4462],[-42.0389,-21.447],[-42.042,-21.4466],[-42.0418,-21.4462]],[[-42.0374,-21.4431],[-42.0356,-21.4449],[-42.0391,-21.4418],[-42.0374,-21.4431]]]}},{"type":"Feature","properties":{"cod_tema":"ARL_PROPOSTA","cod_imovel":"RJ-3304706-763B07A3BEE74E7C916B582A38D2D85D","num_area":"2.3312000000000000000000000000000","ind_status":"AT"},"geometry":{"type":"Polygon","coordinates":[[[-42.2529,-21.6817],[-42.2542,-21.6799],[-42.2527,-21.6816],[-42.2529,-21.6817]]]}},{"type":"Feature","properties":{"cod_tema":"ARL_PROPOSTA","cod_imovel":"RJ-3304706-AD86F3BF18C14CD882197860CA93544C","num_area":"15.539800000000000000000000000000","ind_status":"AT"},"geometry":{"type":"Polygon","coordinates":[[[-42.2365,-21.6619],[-42.2336,-21.6588],[-42.2331,-21.6643],[-42.2365,-21.6619]]]}},{"type":"Feature","properties":{"cod_tema":"ARL_PROPOSTA","cod_imovel":"RJ-3304706-D1553E03437F4ECA98A0AACFE7389A5A","num_area":"3.5521000000000000000000000000000","ind_status":"AT"},"geometry":{"type":"Polygon","coordinates":[[[-42.2455,-21.5441],[-42.2477,-21.5443],[-42.2456,-21.5441],[-42.2455,-21.5441]]]}},{"type":"Feature","properties":{"cod_tema":"ARL_PROPOSTA","cod_imovel":"RJ-3304706-493DDFE667DA46DF86B2501F9A70C995","num_area":"8.8300000000000000000000000000000","ind_status":"AT"},"geometry":{"type":"Polygon","coordinates":[[[-42.0931,-21.5571],[-42.0957,-21.5549],[-42.0921,-21.5534],[-42.0922,-21.5561],[-42.0931,-21.5571]]]}},{"type":"Feature","properties":{"cod_tema":"ARL_PROPOSTA","cod_imovel":"RJ-3304706-6460063F88EA465BA71E253B9077D9FF","num_area":"4.7716000000000000000000000000000","ind_status":"AT"},"geometry":{"type":"Polygon","coordinates":[[[-42.0898,-21.5518],[-42.0916,-21.5499],[-42.0888,-21.5505],[-42.0898,-21.5518]]]}},{"type":"Feature","properties":{"cod_tema":"ARL_PROPOSTA","cod_imovel":"RJ-3304706-01FE68D1E85C42B5AAA6C9B3F842AB12","num_area":"28.844400000000000000000000000000","ind_status":"AT"},"geometry":{"type":"Polygon","coordinates":[[[-42.2337,-21.5029],[-42.231,-21.4959],[-42.2359,-21.4947],[-42.2388,-21.4998],[-42.2445,-21.4991],[-42.2391,-21.4995],[-42.2359,-21.4943],[-42.2391,-21.4995],[-42.2434,-21.4993],[-42.2359,-21.4942],[-42.2317,-21.4949],[-42.2285,-21.4989],[-42.2337,-21.5032],[-42.2337,-21.5029]]]}},{"type":"Feature","properties":{"cod_tema":"ARL_PROPOSTA","cod_imovel":"RJ-3304706-34B17398C4374A76BCC1E51B28F893AF","num_area":"26.350900000000000000000000000000","ind_status":"AT"},"geometry":{"type":"Polygon","coordinates":[[[-42.3584,-21.5988],[-42.3556,-21.5968],[-42.3509,-21.6057],[-42.3584,-21.5988]]]}},{"type":"Feature","properties":{"cod_tema":"ARL_PROPOSTA","cod_imovel":"RJ-3304706-5D11231C053540C8BD5D47E8109CCBBD","num_area":"14.423200000000000000000000000000","ind_status":"AT"},"geometry":{"type":"Polygon","coordinates":[[[-42.2091,-21.6068],[-42.2043,-21.608],[-42.206,-21.6102],[-42.2099,-21.608],[-42.2091,-21.6068]]]}},{"type":"Feature","properties":{"cod_tema":"ARL_PROPOSTA","cod_imovel":"RJ-3304706-8E3D75679CBD473C9D511A991298090A","num_area":"3.1057000000000000000000000000000","ind_status":"AT"},"geometry":{"type":"Polygon","coordinates":[[[-42.164,-21.5546],[-42.1661,-21.5552],[-42.1641,-21.5543],[-42.164,-21.5546]]]}},{"type":"Feature","properties":{"cod_tema":"ARL_PROPOSTA","cod_imovel":"RJ-3304706-EBE022F7FC2741C5915FB00D5C86472E","num_area":"1.5352000000000000000000000000000","ind_status":"AT"},"geometry":{"type":"Polygon","coordinates":[[[-42.3338,-21.6038],[-42.3319,-21.6036],[-42.3341,-21.604],[-42.3338,-21.6038]]]}},{"type":"Feature","properties":{"cod_tema":"ARL_PROPOSTA","cod_imovel":"RJ-3304706-1FC94ADC5BBC4CF6A6F5335B4260ED7A","num_area":"1.8870000000000000000000000000000","ind_status":"PE"},"geometry":{"type":"Polygon","coordinates":[[[-42.2217,-21.5406],[-42.2215,-21.5386],[-42.2215,-21.5408],[-42.2255,-21.5406],[-42.2219,-21.5406],[-42.2217,-21.5406]]]}},{"type":"Feature","properties":{"cod_tema":"ARL_PROPOSTA","cod_imovel":"RJ-3304706-C8811930303F4893B78500535F6E755E","num_area":"10.159000000000000000000000000000","ind_status":"AT"},"geometry":{"type":"Polygon","coordinates":[[[-42.3132,-21.6401],[-42.3107,-21.6424],[-42.3142,-21.6425],[-42.3134,-21.6403],[-42.3132,-21.6401]]]}},{"type":"Feature","properties":{"cod_tema":"ARL_PROPOSTA","cod_imovel":"RJ-3304706-FFC80D2ED0E74982B96629D6760BEDCD","num_area":"17.996800000000000000000000000000","ind_status":"AT"},"geometry":{"type":"Polygon","coordinates":[[[-42.2371,-21.5546],[-42.2346,-21.5554],[-42.2372,-21.555],[-42.2371,-21.5546]],[[-42.2339,-21.5593],[-42.2259,-21.5574],[-42.2251,-21.5616],[-42.2338,-21.5592],[-42.2339,-21.5593]]]}},{"type":"Feature","properties":{"cod_tema":"ARL_PROPOSTA","cod_imovel":"RJ-3304706-7BDDA9C325AA40FD909C00C20258E2A7","num_area":"1.6045000000000000000000000000000","ind_status":"AT"},"geometry":{"type":"Polygon","coordinates":[[[-42.2636,-21.7056],[-42.2664,-21.7067],[-42.2644,-21.7059],[-42.2636,-21.7056]]]}},{"type":"Feature","properties":{"cod_tema":"ARL_PROPOSTA","cod_imovel":"RJ-3304706-0F96E3A3593E4F1E90B094C772CD0D01","num_area":"8.8424000000000000000000000000000","ind_status":"AT"},"geometry":{"type":"Polygon","coordinates":[[[-42.131,-21.5887],[-42.1369,-21.5906],[-42.131,-21.5881],[-42.131,-21.5887]]]}},{"type":"Feature","properties":{"cod_tema":"ARL_PROPOSTA","cod_imovel":"RJ-3304706-62620E419B6A4606A7E7C1F91ED10CA5","num_area":"2.9335000000000000000000000000000","ind_status":"AT"},"geometry":{"type":"Polygon","coordinates":[[[-42.1229,-21.4661],[-42.1202,-21.4667],[-42.1221,-21.468],[-42.1229,-21.4661]]]}},{"type":"Feature","properties":{"cod_tema":"ARL_PROPOSTA","cod_imovel":"RJ-3304706-36976626E79A48389CCAB36CED515451","num_area":"7.0590000000000000000000000000000","ind_status":"AT"},"geometry":{"type":"Polygon","coordinates":[[[-42.183,-21.5066],[-42.1826,-21.502],[-42.182,-21.5061],[-42.183,-21.5066]]]}},{"type":"Feature","properties":{"cod_tema":"ARL_PROPOSTA","cod_imovel":"RJ-3304706-1813730295AF400A995C4C856790EA2D","num_area":"18.766300000000000000000000000000","ind_status":"AT"},"geometry":{"type":"Polygon","coordinates":[[[-42.1956,-21.5875],[-42.193,-21.5883],[-42.1978,-21.5885],[-42.1956,-21.5875]],[[-42.1924,-21.5891],[-42.1927,-21.5922],[-42.1947,-21.5898],[-42.1924,-21.5891]],[[-42.1976,-21.5919],[-42.1989,-21.5868],[-42.1955,-21.5937],[-42.2,-21.5896],[-42.199,-21.5867],[-42.1979,-21.5918],[-42.1976,-21.5919]],[[-42.1987,-21.5829],[-42.2033,-21.5841],[-42.1996,-21.5832],[-42.1987,-21.5829]],[[-42.1986,-21.583],[-42.2046,-21.585],[-42.199,-21.5833],[-42.1986,-21.583]],[[-42.2046,-21.5886],[-42.2039,-21.5862],[-42.2044,-21.5882],[-42.2046,-21.5886]]]}},{"type":"Feature","properties":{"cod_tema":"ARL_PROPOSTA","cod_imovel":"RJ-3304706-C3ACF6383FA84632A078C5250FADA189","num_area":"9.9956000000000000000000000000000","ind_status":"AT"},"geometry":{"type":"Polygon","coordinates":[[[-42.3298,-21.634],[-42.3279,-21.6365],[-42.3328,-21.6353],[-42.3304,-21.634],[-42.3298,-21.634]]]}},{"type":"Feature","properties":{"cod_tema":"ARL_PROPOSTA","cod_imovel":"RJ-3304706-D2138F6FCE61425B8277A250452D458D","num_area":"4.4412000000000000000000000000000","ind_status":"AT"},"geometry":{"type":"Polygon","coordinates":[[[-42.2677,-21.6291],[-42.2677,-21.6266],[-42.2655,-21.6283],[-42.2676,-21.6295],[-42.2677,-21.6291]]]}},{"type":"Feature","properties":{"cod_tema":"ARL_PROPOSTA","cod_imovel":"RJ-3304706-23FC4F389D6B4D0FBB47F04DD54AB48A","num_area":"4.3057000000000000000000000000000","ind_status":"AT"},"geometry":{"type":"Polygon","coordinates":[[[-42.2467,-21.5768],[-42.2451,-21.5752],[-42.2466,-21.577],[-42.2467,-21.5768]]]}},{"type":"Feature","properties":{"cod_tema":"ARL_PROPOSTA","cod_imovel":"RJ-3304706-BBA8E275FB084846BBBB196FBA29BD91","num_area":"3.3668000000000000000000000000000","ind_status":"AT"},"geometry":{"type":"Polygon","coordinates":[[[-42.2419,-21.6672],[-42.2425,-21.6711],[-42.242,-21.6673],[-42.2419,-21.6672]]]}},{"type":"Feature","properties":{"cod_tema":"ARL_PROPOSTA","cod_imovel":"RJ-3304706-26950E5B47EB46EF8B82F5FEC2A84064","num_area":"14.368300000000000000000000000000","ind_status":"AT"},"geometry":{"type":"Polygon","coordinates":[[[-42.2507,-21.6212],[-42.2472,-21.6169],[-42.2505,-21.6211],[-42.2507,-21.6212]],[[-42.2445,-21.6156],[-42.2471,-21.6178],[-42.249,-21.6133],[-42.2456,-21.6143],[-42.2445,-21.6156]]]}},{"type":"Feature","properties":{"cod_tema":"ARL_PROPOSTA","cod_imovel":"RJ-3304706-CAD92F86CA154331AF7EBCD2D2E91B5F","num_area":"2.9408000000000000000000000000000","ind_status":"AT"},"geometry":{"type":"Polygon","coordinates":[[[-42.3265,-21.6336],[-42.3259,-21.6356],[-42.3268,-21.6337],[-42.3265,-21.6336]]]}},{"type":"Feature","properties":{"cod_tema":"ARL_PROPOSTA","cod_imovel":"RJ-3304706-C15683B06117410A9A01A20760029DEF","num_area":"1.7346000000000000000000000000000","ind_status":"AT"},"geometry":{"type":"Polygon","coordinates":[[[-42.3093,-21.5968],[-42.3096,-21.5996],[-42.3094,-21.5967],[-42.3093,-21.5968]]]}},{"type":"Feature","properties":{"cod_tema":"ARL_PROPOSTA","cod_imovel":"RJ-3304706-8E0E7D1C8E5A42CA936FD9D6A6C32F51","num_area":"2.2692000000000000000000000000000","ind_status":"AT"},"geometry":{"type":"Polygon","coordinates":[[[-42.3104,-21.6188],[-42.3071,-21.6193],[-42.3098,-21.6194],[-42.3104,-21.6188]]]}},{"type":"Feature","properties":{"cod_tema":"ARL_PROPOSTA","cod_imovel":"RJ-3304706-4D3F2F0645734900AA73FCA1CA121872","num_area":"10.865400000000000000000000000000","ind_status":"AT"},"geometry":{"type":"Polygon","coordinates":[[[-42.3064,-21.6152],[-42.3029,-21.617],[-42.3071,-21.6191],[-42.3071,-21.6147],[-42.3064,-21.6152]]]}},{"type":"Feature","properties":{"cod_tema":"ARL_PROPOSTA","cod_imovel":"RJ-3304706-5EB89744A7E343DF8D21DC5AB8F10709","num_area":"13.199700000000000000000000000000","ind_status":"AT"},"geometry":{"type":"Polygon","coordinates":[[[-42.0125,-21.4641],[-42.0127,-21.4662],[-42.0142,-21.464],[-42.0125,-21.4641]],[[-42.0119,-21.4598],[-42.0151,-21.461],[-42.0119,-21.4595],[-42.0119,-21.4598]],[[-42.0084,-21.4689],[-42.0057,-21.4677],[-42.0084,-21.4689],[-42.0084,-21.4689]]]}},{"type":"Feature","properties":{"cod_tema":"ARL_PROPOSTA","cod_imovel":"RJ-3304706-CDFCDFAEBC0041D389F74125FC0C9A98","num_area":"11.241300000000000000000000000000","ind_status":"AT"},"geometry":{"type":"Polygon","coordinates":[[[-42.3028,-21.6108],[-42.3001,-21.6122],[-42.3048,-21.6111],[-42.3028,-21.6108],[-42.3028,-21.6108]],[[-42.3041,-21.6155],[-42.3026,-21.6131],[-42.3042,-21.6153],[-42.3041,-21.6155]]]}},{"type":"Feature","properties":{"cod_tema":"ARL_PROPOSTA","cod_imovel":"RJ-3304706-8FE25756D10847B2A1935E86957D82E4","num_area":"4.1518000000000000000000000000000","ind_status":"AT"},"geometry":{"type":"Polygon","coordinates":[[[-42.0693,-21.4724],[-42.0686,-21.4762],[-42.0702,-21.4728],[-42.0693,-21.4724]]]}},{"type":"Feature","properties":{"cod_tema":"ARL_PROPOSTA","cod_imovel":"RJ-3304706-F522AA1E905042569E3E005A8BECC683","num_area":"6.5794000000000000000000000000000","ind_status":"AT"},"geometry":{"type":"Polygon","coordinates":[[[-42.0538,-21.4742],[-42.0512,-21.4732],[-42.0523,-21.4766],[-42.0537,-21.4742],[-42.0538,-21.4742]]]}},{"type":"Feature","properties":{"cod_tema":"ARL_APROVADA_NAO_AVERBADA","cod_imovel":"RJ-3304706-6693A8354C864A33BDD746B3E882DA8F","num_area":"11.495600000000000000000000000000","ind_status":"AT"},"geometry":{"type":"Polygon","coordinates":[[[-42.0611,-21.5319],[-42.0547,-21.5269],[-42.06,-21.5326],[-42.0611,-21.5319]]]}},{"type":"Feature","properties":{"cod_tema":"ARL_PROPOSTA","cod_imovel":"RJ-3304706-8F0DF928637D4C18ABE5F095637D1793","num_area":"4.7421000000000000000000000000000","ind_status":"AT"},"geometry":{"type":"Polygon","coordinates":[[[-42.3114,-21.6361],[-42.3093,-21.6366],[-42.3115,-21.6363],[-42.3114,-21.6361]],[[-42.312,-21.6406],[-42.3082,-21.6399],[-42.3113,-21.6409],[-42.312,-21.6406]]]}},{"type":"Feature","properties":{"cod_tema":"ARL_PROPOSTA","cod_imovel":"RJ-3304706-8CCF4C9806AD4E369B78E94E6BB27DF0","num_area":"9.1924000000000000000000000000000","ind_status":"AT"},"geometry":{"type":"Polygon","coordinates":[[[-42.2089,-21.5521],[-42.2071,-21.5506],[-42.2062,-21.5535],[-42.2085,-21.5523],[-42.2089,-21.5521]]]}},{"type":"Feature","properties":{"cod_tema":"ARL_PROPOSTA","cod_imovel":"RJ-3304706-99525BB65CC64ABCA4485F301A87F153","num_area":"2.5900000000000000000000000000000","ind_status":"AT"},"geometry":{"type":"Polygon","coordinates":[[[-42.0123,-21.4431],[-42.0113,-21.4412],[-42.0122,-21.443],[-42.0123,-21.4431]]]}},{"type":"Feature","properties":{"cod_tema":"ARL_PROPOSTA","cod_imovel":"RJ-3304706-684DA7087A7E46BC891D876128ECA845","num_area":"94.560300000000000000000000000000","ind_status":"AT"},"geometry":{"type":"Polygon","coordinates":[[[-42.0624,-21.5214],[-42.0583,-21.517],[-42.0499,-21.5222],[-42.0619,-21.529],[-42.0621,-21.5262],[-42.0624,-21.5214]]]}},{"type":"Feature","properties":{"cod_tema":"ARL_PROPOSTA","cod_imovel":"RJ-3304706-72B2967D074D493F93927CD00C75E044","num_area":"2.1955000000000000000000000000000","ind_status":"AT"},"geometry":{"type":"Polygon","coordinates":[[[-42.3236,-21.6127],[-42.3214,-21.6118],[-42.3231,-21.6133],[-42.3236,-21.6127]]]}},{"type":"Feature","properties":{"cod_tema":"ARL_PROPOSTA","cod_imovel":"RJ-3304706-B608491EF15B40728077F954E94947EE","num_area":"4.7376000000000000000000000000000","ind_status":"AT"},"geometry":{"type":"Polygon","coordinates":[[[-42.3272,-21.6499],[-42.328,-21.6468],[-42.3271,-21.6493],[-42.3272,-21.6499]]]}},{"type":"Feature","properties":{"cod_tema":"ARL_PROPOSTA","cod_imovel":"RJ-3304706-A669A387CF0445DBA82C93868049C8F5","num_area":"0.8498000000000000000000000000000","ind_status":"PE"},"geometry":{"type":"Polygon","coordinates":[[[-42.2057,-21.6184],[-42.2029,-21.617],[-42.2056,-21.6183],[-42.2057,-21.6184]],[[-42.2058,-21.6184],[-42.203,-21.6169],[-42.2057,-21.6182],[-42.2058,-21.6184]]]}},{"type":"Feature","properties":{"cod_tema":"ARL_PROPOSTA","cod_imovel":"RJ-3304706-13F761E153F64AB0A4B2B7530A33033B","num_area":"6.1838000000000000000000000000000","ind_status":"AT"},"geometry":{"type":"Polygon","coordinates":[[[-42.1832,-21.6317],[-42.1804,-21.6286],[-42.1824,-21.633],[-42.1832,-21.6317]]]}},{"type":"Feature","properties":{"cod_tema":"ARL_PROPOSTA","cod_imovel":"RJ-3304706-F31379F47BB447B99BDF2FEC74E90D05","num_area":"1.0548000000000000000000000000000","ind_status":"PE"},"geometry":{"type":"Polygon","coordinates":[[[-42.2889,-21.6329],[-42.2902,-21.6349],[-42.2891,-21.6327],[-42.2889,-21.6329]]]}},{"type":"Feature","properties":{"cod_tema":"ARL_PROPOSTA","cod_imovel":"RJ-3304706-3EE682CE4DD448FA807992D709AEE1B0","num_area":"13.527300000000000000000000000000","ind_status":"AT"},"geometry":{"type":"Polygon","coordinates":[[[-42.3334,-21.6381],[-42.3311,-21.6404],[-42.3342,-21.6417],[-42.3362,-21.6393],[-42.3339,-21.6377],[-42.3334,-21.6381]]]}},{"type":"Feature","properties":{"cod_tema":"ARL_PROPOSTA","cod_imovel":"RJ-3304706-DCC3AF0602F7449D87F61B5A0970BF8D","num_area":"17.575000000000000000000000000000","ind_status":"AT"},"geometry":{"type":"Polygon","coordinates":[[[-42.2928,-21.552],[-42.2922,-21.5554],[-42.2933,-21.5493],[-42.2929,-21.5516],[-42.2928,-21.552]],[[-42.2933,-21.5552],[-42.2956,-21.554],[-42.2938,-21.5495],[-42.293,-21.5551],[-42.2933,-21.5552]]]}},{"type":"Feature","properties":{"cod_tema":"ARL_PROPOSTA","cod_imovel":"RJ-3304706-6CEE99467ABD45AFBB1BF0181398A930","num_area":"2.0429000000000000000000000000000","ind_status":"AT"},"geometry":{"type":"Polygon","coordinates":[[[-42.2732,-21.4639],[-42.2727,-21.4658],[-42.2741,-21.4641],[-42.2732,-21.4639]]]}},{"type":"Feature","properties":{"cod_tema":"ARL_PROPOSTA","cod_imovel":"RJ-3304706-F543CCAC950A4FCD942A0B21C6D48E62","num_area":"7.5389000000000000000000000000000","ind_status":"AT"},"geometry":{"type":"Polygon","coordinates":[[[-42.2782,-21.4658],[-42.2814,-21.4619],[-42.2773,-21.4638],[-42.2782,-21.4658]]]}},{"type":"Feature","properties":{"cod_tema":"ARL_PROPOSTA","cod_imovel":"RJ-3304706-505C3878541C4F4792D80E3357CE6C9F","num_area":"3.2694000000000000000000000000000","ind_status":"AT"},"geometry":{"type":"Polygon","coordinates":[[[-42.1742,-21.5601],[-42.1792,-21.5626],[-42.1745,-21.5601],[-42.1742,-21.5601]],[[-42.1761,-21.5615],[-42.1792,-21.5627],[-42.1763,-21.5615],[-42.1761,-21.5615]]]}},{"type":"Feature","properties":{"cod_tema":"ARL_PROPOSTA","cod_imovel":"RJ-3304706-90D12EFA95424C72BDAEA72D8D8F5FEF","num_area":"17.377100000000000000000000000000","ind_status":"AT"},"geometry":{"type":"Polygon","coordinates":[[[-42.0941,-21.4653],[-42.0961,-21.4678],[-42.0944,-21.4646],[-42.0941,-21.4653]],[[-42.0996,-21.4725],[-42.1017,-21.4691],[-42.0993,-21.4723],[-42.0996,-21.4725]],[[-42.0946,-21.4713],[-42.0977,-21.4705],[-42.0941,-21.471],[-42.0946,-21.4713]]]}},{"type":"Feature","properties":{"cod_tema":"ARL_PROPOSTA","cod_imovel":"RJ-3304706-EF63B5F09A8042E694C2C7DD1636CD28","num_area":"6.6635000000000000000000000000000","ind_status":"AT"},"geometry":{"type":"Polygon","coordinates":[[[-42.1873,-21.5515],[-42.1847,-21.5515],[-42.1862,-21.5535],[-42.1873,-21.5515]]]}},{"type":"Feature","properties":{"cod_tema":"ARL_PROPOSTA","cod_imovel":"RJ-3304706-A419176083F147DDB4442ABE96A187CB","num_area":"3.3563000000000000000000000000000","ind_status":"PE"},"geometry":{"type":"Polygon","coordinates":[[[-42.059,-21.4435],[-42.0565,-21.4452],[-42.0588,-21.444],[-42.059,-21.4435]]]}},{"type":"Feature","properties":{"cod_tema":"ARL_PROPOSTA","cod_imovel":"RJ-3304706-E6C65448B50F4F19841289A57C7FEE78","num_area":"6.2713000000000000000000000000000","ind_status":"AT"},"geometry":{"type":"Polygon","coordinates":[[[-42.22,-21.6196],[-42.2195,-21.6175],[-42.2197,-21.6197],[-42.22,-21.6196]],[[-42.2114,-21.6144],[-42.2111,-21.6166],[-42.2141,-21.6145],[-42.2115,-21.6144],[-42.2114,-21.6144]]]}},{"type":"Feature","properties":{"cod_tema":"ARL_PROPOSTA","cod_imovel":"RJ-3304706-E72FA5F177774F6DB9576BF9F7CC5A3F","num_area":"8.0112000000000000000000000000000","ind_status":"PE"},"geometry":{"type":"Polygon","coordinates":[[[-42.2498,-21.6433],[-42.2452,-21.6414],[-42.2497,-21.6433],[-42.2498,-21.6433]]]}},{"type":"Feature","properties":{"cod_tema":"ARL_PROPOSTA","cod_imovel":"RJ-3304706-3961D192EFAC4739BD77B2928E69C2F9","num_area":"0.5164000000000000000000000000000","ind_status":"AT"},"geometry":{"type":"Polygon","coordinates":[[[-42.176,-21.4892],[-42.1751,-21.4916],[-42.1761,-21.4893],[-42.176,-21.4892]]]}},{"type":"Feature","properties":{"cod_tema":"ARL_PROPOSTA","cod_imovel":"RJ-3304706-9677AF786F684D72891C22256DCFB393","num_area":"8.5441000000000000000000000000000","ind_status":"AT"},"geometry":{"type":"Polygon","coordinates":[[[-42.2476,-21.4684],[-42.2492,-21.4705],[-42.2479,-21.4688],[-42.2476,-21.4684]],[[-42.2495,-21.472],[-42.2471,-21.4724],[-42.2492,-21.4721],[-42.2495,-21.472]],[[-42.2491,-21.4733],[-42.2478,-21.4776],[-42.2509,-21.4768],[-42.2495,-21.4735],[-42.2491,-21.4733]]]}},{"type":"Feature","properties":{"cod_tema":"ARL_PROPOSTA","cod_imovel":"RJ-3304706-5540590B050240C6A04FDD19987EA9E4","num_area":"4.7953000000000000000000000000000","ind_status":"AT"},"geometry":{"type":"Polygon","coordinates":[[[-42.2827,-21.4547],[-42.2862,-21.4546],[-42.2827,-21.4546],[-42.2827,-21.4547]]]}},{"type":"Feature","properties":{"cod_tema":"ARL_PROPOSTA","cod_imovel":"RJ-3304706-54029BA29D7141B09A95AAB8C847863A","num_area":"13.505300000000000000000000000000","ind_status":"AT"},"geometry":{"type":"Polygon","coordinates":[[[-42.2311,-21.4604],[-42.2354,-21.4615],[-42.2358,-21.4555],[-42.2332,-21.4579],[-42.2311,-21.4604]]]}},{"type":"Feature","properties":{"cod_tema":"ARL_PROPOSTA","cod_imovel":"RJ-3304706-9E6588B9F11044CE9C5F588BF267E9AC","num_area":"4.9383000000000000000000000000000","ind_status":"AT"},"geometry":{"type":"Polygon","coordinates":[[[-42.3484,-21.5967],[-42.3497,-21.5925],[-42.3479,-21.5966],[-42.3484,-21.5967]]]}},{"type":"Feature","properties":{"cod_tema":"ARL_PROPOSTA","cod_imovel":"RJ-3304706-88B21FBBED374076B161AA2957D2D3A4","num_area":"10.042500000000000000000000000000","ind_status":"AT"},"geometry":{"type":"Polygon","coordinates":[[[-42.347,-21.5954],[-42.3488,-21.5918],[-42.3469,-21.5953],[-42.347,-21.5954]]]}},{"type":"Feature","properties":{"cod_tema":"ARL_PROPOSTA","cod_imovel":"RJ-3304706-A3CC51A5071D42C2B573B8DBDE595640","num_area":"2.3665000000000000000000000000000","ind_status":"AT"},"geometry":{"type":"Polygon","coordinates":[[[-42.268,-21.5919],[-42.2683,-21.5897],[-42.2678,-21.5919],[-42.268,-21.5919]]]}},{"type":"Feature","properties":{"cod_tema":"ARL_APROVADA_NAO_AVERBADA","cod_imovel":"RJ-3304706-08A76FC6ED2A49EFB49CB3190BAEA352","num_area":"5.0953000000000000000000000000000","ind_status":"AT"},"geometry":{"type":"Polygon","coordinates":[[[-42.19,-21.5099],[-42.1887,-21.5129],[-42.1902,-21.5098],[-42.19,-21.5099]]]}},{"type":"Feature","properties":{"cod_tema":"ARL_PROPOSTA","cod_imovel":"RJ-3304706-2780A19A15D846BAA5BDFD670783EFB5","num_area":"6.5353000000000000000000000000000","ind_status":"AT"},"geometry":{"type":"Polygon","coordinates":[[[-42.1311,-21.5709],[-42.1305,-21.5728],[-42.1346,-21.572],[-42.1311,-21.5709]]]}},{"type":"Feature","properties":{"cod_tema":"ARL_PROPOSTA","cod_imovel":"RJ-3304706-82488F0976F74622885BB927AE2DC4B8","num_area":"46.402500000000000000000000000000","ind_status":"PE"},"geometry":{"type":"Polygon","coordinates":[[[-42.1499,-21.5668],[-42.1435,-21.5669],[-42.1479,-21.5719],[-42.1524,-21.5707],[-42.1538,-21.5658],[-42.1499,-21.567],[-42.1499,-21.5668]],[[-42.1445,-21.5689],[-42.1471,-21.5746],[-42.1446,-21.5689],[-42.1445,-21.5689]],[[-42.154,-21.5639],[-42.1525,-21.5708],[-42.1562,-21.5663],[-42.1544,-21.5643],[-42.154,-21.5639]],[[-42.1526,-21.5707],[-42.1563,-21.5659],[-42.1527,-21.5706],[-42.1526,-21.5707]]]}},{"type":"Feature","properties":{"cod_tema":"ARL_PROPOSTA","cod_imovel":"RJ-3304706-E422423108234232AF93E8F96621C20E","num_area":"7.5532000000000000000000000000000","ind_status":"CA"},"geometry":{"type":"Polygon","coordinates":[[[-42.1628,-21.5642],[-42.1654,-21.5581],[-42.1639,-21.5621],[-42.1628,-21.5642]]]}},{"type":"Feature","properties":{"cod_tema":"ARL_PROPOSTA","cod_imovel":"RJ-3304706-00D71E7942344792B1D4B4683130635C","num_area":"32.170500000000000000000000000000","ind_status":"AT"},"geometry":{"type":"Polygon","coordinates":[[[-42.093,-21.5608],[-42.0919,-21.5585],[-42.0856,-21.5603],[-42.0893,-21.5648],[-42.093,-21.5609],[-42.093,-21.5608]]]}},{"type":"Feature","properties":{"cod_tema":"ARL_PROPOSTA","cod_imovel":"RJ-3304706-C9C187BA3B754C2F907C266929363951","num_area":"7.9981000000000000000000000000000","ind_status":"AT"},"geometry":{"type":"Polygon","coordinates":[[[-42.2365,-21.6339],[-42.236,-21.6306],[-42.236,-21.6342],[-42.2365,-21.6339]]]}},{"type":"Feature","properties":{"cod_tema":"ARL_PROPOSTA","cod_imovel":"RJ-3304706-B9840DCACAF94BAE84158B394FB035B9","num_area":"3.5221000000000000000000000000000","ind_status":"AT"},"geometry":{"type":"Polygon","coordinates":[[[-42.2394,-21.5528],[-42.2392,-21.5549],[-42.2401,-21.5524],[-42.2394,-21.5528]]]}},{"type":"Feature","properties":{"cod_tema":"ARL_PROPOSTA","cod_imovel":"RJ-3304706-4DCFFDBF5BB34D8FB0D562AF1C5054C6","num_area":"12.377500000000000000000000000000","ind_status":"AT"},"geometry":{"type":"Polygon","coordinates":[[[-42.0708,-21.548],[-42.0743,-21.5472],[-42.0742,-21.5438],[-42.0709,-21.5477],[-42.0708,-21.548]]]}},{"type":"Feature","properties":{"cod_tema":"ARL_PROPOSTA","cod_imovel":"RJ-3304706-C6005654BACA475B8CB51135EF00B09C","num_area":"6.0390000000000000000000000000000","ind_status":"AT"},"geometry":{"type":"Polygon","coordinates":[[[-42.2265,-21.6259],[-42.2289,-21.6264],[-42.2271,-21.6237],[-42.2263,-21.6255],[-42.2265,-21.6259]]]}},{"type":"Feature","properties":{"cod_tema":"ARL_PROPOSTA","cod_imovel":"RJ-3304706-387DED85F3D545D599C8D7191AB6B312","num_area":"3.1153000000000000000000000000000","ind_status":"CA"},"geometry":{"type":"Polygon","coordinates":[[[-42.1998,-21.55],[-42.1978,-21.5502],[-42.2001,-21.5512],[-42.1998,-21.55]]]}},{"type":"Feature","properties":{"cod_tema":"ARL_PROPOSTA","cod_imovel":"RJ-3304706-B5CF225502B64BB0B1629F175F3E1A17","num_area":"2.7181000000000000000000000000000","ind_status":"AT"},"geometry":{"type":"Polygon","coordinates":[[[-42.0493,-21.4514],[-42.0477,-21.4495],[-42.0492,-21.4513],[-42.0493,-21.4514]]]}},{"type":"Feature","properties":{"cod_tema":"ARL_PROPOSTA","cod_imovel":"RJ-3304706-ACB1F0F59A404673A1E7E1E4EF195D85","num_area":"2.5435000000000000000000000000000","ind_status":"AT"},"geometry":{"type":"Polygon","coordinates":[[[-42.2421,-21.4926],[-42.2418,-21.4954],[-42.2425,-21.4935],[-42.2421,-21.4926]]]}},{"type":"Feature","properties":{"cod_tema":"ARL_PROPOSTA","cod_imovel":"RJ-3304706-15D51E7E62F64F86A57EC3E8BFDBA90C","num_area":"3.1665000000000000000000000000000","ind_status":"AT"},"geometry":{"type":"Polygon","coordinates":[[[-42.0802,-21.4979],[-42.078,-21.4988],[-42.0802,-21.4986],[-42.0802,-21.4979]]]}},{"type":"Feature","properties":{"cod_tema":"ARL_PROPOSTA","cod_imovel":"RJ-3304706-9CC285B05A41449987CA1D142D1674A0","num_area":"0.9266000000000000000000000000000","ind_status":"AT"},"geometry":{"type":"Polygon","coordinates":[[[-42.1543,-21.513],[-42.1559,-21.5114],[-42.1543,-21.5129],[-42.1543,-21.513]]]}},{"type":"Feature","properties":{"cod_tema":"ARL_PROPOSTA","cod_imovel":"RJ-3304706-74A4AC833CFE4604BB8DE6E3AAE8E3E9","num_area":"2.6005000000000000000000000000000","ind_status":"AT"},"geometry":{"type":"Polygon","coordinates":[[[-42.1597,-21.5128],[-42.1609,-21.5156],[-42.16,-21.5127],[-42.1597,-21.5128]]]}},{"type":"Feature","properties":{"cod_tema":"ARL_PROPOSTA","cod_imovel":"RJ-3304706-E16B28378DB94115B7ABFBB936301D4E","num_area":"8.6585000000000000000000000000000","ind_status":"AT"},"geometry":{"type":"Polygon","coordinates":[[[-42.1941,-21.6174],[-42.197,-21.6184],[-42.1966,-21.6153],[-42.1942,-21.6172],[-42.1941,-21.6174]]]}},{"type":"Feature","properties":{"cod_tema":"ARL_PROPOSTA","cod_imovel":"RJ-3304706-8452EA2A7E0B4F42A2CA817700A21090","num_area":"3.8115000000000000000000000000000","ind_status":"AT"},"geometry":{"type":"Polygon","coordinates":[[[-42.2475,-21.6431],[-42.2449,-21.6414],[-42.2466,-21.6439],[-42.2475,-21.6431]]]}},{"type":"Feature","properties":{"cod_tema":"ARL_PROPOSTA","cod_imovel":"RJ-3304706-DABD9CEBA7474EEDB1D18636AA734CDB","num_area":"10.497300000000000000000000000000","ind_status":"AT"},"geometry":{"type":"Polygon","coordinates":[[[-42.2574,-21.5425],[-42.2538,-21.5411],[-42.2572,-21.543],[-42.2574,-21.5425]],[[-42.2511,-21.5382],[-42.254,-21.5391],[-42.2512,-21.5376],[-42.2511,-21.5382]]]}},{"type":"Feature","properties":{"cod_tema":"ARL_PROPOSTA","cod_imovel":"RJ-3304706-6804875F953F468FB88760928912F986","num_area":"9.3703000000000000000000000000000","ind_status":"AT"},"geometry":{"type":"Polygon","coordinates":[[[-42.101,-21.5262],[-42.1016,-21.5296],[-42.1041,-21.5282],[-42.101,-21.5262]]]}},{"type":"Feature","properties":{"cod_tema":"ARL_PROPOSTA","cod_imovel":"RJ-3304706-0EAD8615654245B4B73DE72967BB7254","num_area":"2.0551000000000000000000000000000","ind_status":"AT"},"geometry":{"type":"Polygon","coordinates":[[[-42.1554,-21.5184],[-42.1574,-21.5218],[-42.1558,-21.519],[-42.1554,-21.5184]]]}},{"type":"Feature","properties":{"cod_tema":"ARL_PROPOSTA","cod_imovel":"RJ-3304706-72DB36186A15469DAB058390528B38D6","num_area":"1.1517000000000000000000000000000","ind_status":"AT"},"geometry":{"type":"Polygon","coordinates":[[[-42.288,-21.6077],[-42.2854,-21.6071],[-42.2878,-21.6078],[-42.288,-21.6077]]]}},{"type":"Feature","properties":{"cod_tema":"ARL_PROPOSTA","cod_imovel":"RJ-3304706-4AA42461551440FA97349A141C3E1400","num_area":"5.2134000000000000000000000000000","ind_status":"AT"},"geometry":{"type":"Polygon","coordinates":[[[-42.2767,-21.444],[-42.2749,-21.4416],[-42.2742,-21.4443],[-42.2766,-21.444],[-42.2767,-21.444]]]}},{"type":"Feature","properties":{"cod_tema":"ARL_PROPOSTA","cod_imovel":"RJ-3304706-262C6344C62D4EBEB870E38316D725BD","num_area":"5.8890000000000000000000000000000","ind_status":"AT"},"geometry":{"type":"Polygon","coordinates":[[[-42.0865,-21.4739],[-42.083,-21.4758],[-42.0868,-21.4753],[-42.0865,-21.4739]]]}},{"type":"Feature","properties":{"cod_tema":"ARL_PROPOSTA","cod_imovel":"RJ-3304706-C10D7B40181B438E851A28A98B84E506","num_area":"4.6283000000000000000000000000000","ind_status":"AT"},"geometry":{"type":"Polygon","coordinates":[[[-42.0202,-21.4627],[-42.0212,-21.4609],[-42.0187,-21.4651],[-42.0202,-21.4628],[-42.0202,-21.4627]]]}},{"type":"Feature","properties":{"cod_tema":"ARL_PROPOSTA","cod_imovel":"RJ-3304706-A2A34279DE234A04B7B6458A4167DF0F","num_area":"22.225200000000000000000000000000","ind_status":"AT"},"geometry":{"type":"Polygon","coordinates":[[[-42.1711,-21.5302],[-42.1765,-21.5318],[-42.1699,-21.5265],[-42.1711,-21.5302],[-42.1711,-21.5302]]]}},{"type":"Feature","properties":{"cod_tema":"ARL_PROPOSTA","cod_imovel":"RJ-3304706-8326E721C6D64999BD32A513FF2688D1","num_area":"4.0022000000000000000000000000000","ind_status":"AT"},"geometry":{"type":"Polygon","coordinates":[[[-42.3312,-21.6039],[-42.3355,-21.6038],[-42.3312,-21.6039],[-42.3312,-21.6039]]]}},{"type":"Feature","properties":{"cod_tema":"ARL_PROPOSTA","cod_imovel":"RJ-3304706-1EB66990223F43C2A9711E039AE7CF75","num_area":"5.2302000000000000000000000000000","ind_status":"AT"},"geometry":{"type":"Polygon","coordinates":[[[-42.2259,-21.6318],[-42.2283,-21.6288],[-42.2249,-21.6307],[-42.2259,-21.6318]]]}},{"type":"Feature","properties":{"cod_tema":"ARL_PROPOSTA","cod_imovel":"RJ-3304706-AF4C5CA63A714DBA9BD87729374DD814","num_area":"4.2756000000000000000000000000000","ind_status":"AT"},"geometry":{"type":"Polygon","coordinates":[[[-42.1684,-21.5351],[-42.1661,-21.5336],[-42.1676,-21.5353],[-42.1684,-21.5351]]]}},{"type":"Feature","properties":{"cod_tema":"ARL_PROPOSTA","cod_imovel":"RJ-3304706-A2D7FC2923C744C09C5419529019BC88","num_area":"9.7467000000000000000000000000000","ind_status":"AT"},"geometry":{"type":"Polygon","coordinates":[[[-42.3312,-21.5784],[-42.3338,-21.5807],[-42.3323,-21.5765],[-42.3312,-21.5784]]]}},{"type":"Feature","properties":{"cod_tema":"ARL_APROVADA_NAO_AVERBADA","cod_imovel":"RJ-3304706-801F5E143D5D439FACDEF831BECC22F4","num_area":"2.6430000000000000000000000000000","ind_status":"AT"},"geometry":{"type":"Polygon","coordinates":[[[-42.0606,-21.5365],[-42.0594,-21.5333],[-42.0607,-21.5361],[-42.0606,-21.5365]]]}},{"type":"Feature","properties":{"cod_tema":"ARL_PROPOSTA","cod_imovel":"RJ-3304706-DB2B66D9EDCC43DDB3798675EE7ED8A5","num_area":"14.159500000000000000000000000000","ind_status":"PE"},"geometry":{"type":"Polygon","coordinates":[[[-42.2136,-21.5056],[-42.2089,-21.5065],[-42.2141,-21.5075],[-42.2128,-21.512],[-42.2138,-21.5056],[-42.2136,-21.5056]]]}},{"type":"Feature","properties":{"cod_tema":"ARL_PROPOSTA","cod_imovel":"RJ-3304706-B6924C842F984A1CA05D3C57CD8A0D77","num_area":"4.1520000000000000000000000000000","ind_status":"AT"},"geometry":{"type":"Polygon","coordinates":[[[-42.1474,-21.5003],[-42.1443,-21.4988],[-42.1475,-21.5006],[-42.1474,-21.5003]]]}},{"type":"Feature","properties":{"cod_tema":"ARL_PROPOSTA","cod_imovel":"RJ-3304706-FF771FE106D541D889063E10C9783C31","num_area":"5.0358000000000000000000000000000","ind_status":"AT"},"geometry":{"type":"Polygon","coordinates":[[[-42.2485,-21.5318],[-42.2458,-21.5285],[-42.2485,-21.5318],[-42.2485,-21.5318]]]}},{"type":"Feature","properties":{"cod_tema":"ARL_PROPOSTA","cod_imovel":"RJ-3304706-D5780A53877247FE8BACF6A1F13E2FFF","num_area":"9.1919000000000000000000000000000","ind_status":"AT"},"geometry":{"type":"Polygon","coordinates":[[[-42.0683,-21.4749],[-42.0651,-21.4733],[-42.0637,-21.476],[-42.0683,-21.4749],[-42.0683,-21.4749]]]}},{"type":"Feature","properties":{"cod_tema":"ARL_PROPOSTA","cod_imovel":"RJ-3304706-D057508BEF3349F9B5EC9BF0C99F496F","num_area":"8.0793000000000000000000000000000","ind_status":"AT"},"geometry":{"type":"Polygon","coordinates":[[[-42.0576,-21.4632],[-42.0532,-21.4635],[-42.0545,-21.4658],[-42.0576,-21.4632],[-42.0576,-21.4632]]]}},{"type":"Feature","properties":{"cod_tema":"ARL_PROPOSTA","cod_imovel":"RJ-3304706-A852380B6F4744BA80F274F7FBBEE584","num_area":"4.1568000000000000000000000000000","ind_status":"AT"},"geometry":{"type":"Polygon","coordinates":[[[-42.0315,-21.4516],[-42.0295,-21.4505],[-42.0303,-21.4527],[-42.0315,-21.4516]]]}},{"type":"Feature","properties":{"cod_tema":"ARL_PROPOSTA","cod_imovel":"RJ-3304706-0F51425E62CE4B23ABFE3A704DD537B1","num_area":"2.8651000000000000000000000000000","ind_status":"AT"},"geometry":{"type":"Polygon","coordinates":[[[-42.1412,-21.4914],[-42.1388,-21.4913],[-42.1412,-21.4914],[-42.1412,-21.4914]]]}},{"type":"Feature","properties":{"cod_tema":"ARL_APROVADA_NAO_AVERBADA","cod_imovel":"RJ-3304706-6EBDDC4EEEBA4237A5E4393AD95B7B96","num_area":"6.3017000000000000000000000000000","ind_status":"CA"},"geometry":{"type":"Polygon","coordinates":[[[-42.1654,-21.5621],[-42.1628,-21.565],[-42.1658,-21.562],[-42.1654,-21.5621]]]}},{"type":"Feature","properties":{"cod_tema":"ARL_PROPOSTA","cod_imovel":"RJ-3304706-1A7971BCF6D14F63BD7DD1053224EDA6","num_area":"4.3796000000000000000000000000000","ind_status":"AT"},"geometry":{"type":"Polygon","coordinates":[[[-42.0071,-21.4848],[-42.0099,-21.486],[-42.0069,-21.4843],[-42.0071,-21.4848]]]}},{"type":"Feature","properties":{"cod_tema":"ARL_PROPOSTA","cod_imovel":"RJ-3304706-A8E02944775F4C1A827CEE7457536032","num_area":"6.6481000000000000000000000000000","ind_status":"AT"},"geometry":{"type":"Polygon","coordinates":[[[-42.1086,-21.5099],[-42.1045,-21.5104],[-42.1087,-21.5105],[-42.1086,-21.5099]]]}},{"type":"Feature","properties":{"cod_tema":"ARL_PROPOSTA","cod_imovel":"RJ-3304706-CB7F179E6AFA4EE3A909FF4F92D9C396","num_area":"3.2693000000000000000000000000000","ind_status":"AT"},"geometry":{"type":"Polygon","coordinates":[[[-42.2289,-21.6325],[-42.2319,-21.6304],[-42.2283,-21.6319],[-42.2289,-21.6325]]]}},{"type":"Feature","properties":{"cod_tema":"ARL_PROPOSTA","cod_imovel":"RJ-3304706-2AC1086A192241DFB0C753402A9597B3","num_area":"5.5872000000000000000000000000000","ind_status":"AT"},"geometry":{"type":"Polygon","coordinates":[[[-42.2362,-21.6392],[-42.2372,-21.636],[-42.2351,-21.6381],[-42.2362,-21.6392]]]}},{"type":"Feature","properties":{"cod_tema":"ARL_PROPOSTA","cod_imovel":"RJ-3304706-94F4F4DA6CD94C739D004B52C69C4078","num_area":"7.3755000000000000000000000000000","ind_status":"AT"},"geometry":{"type":"Polygon","coordinates":[[[-42.077,-21.4684],[-42.0822,-21.4672],[-42.0771,-21.4678],[-42.077,-21.4684]]]}},{"type":"Feature","properties":{"cod_tema":"ARL_PROPOSTA","cod_imovel":"RJ-3304706-58454C048605401B8E6F0631486B0073","num_area":"12.638800000000000000000000000000","ind_status":"AT"},"geometry":{"type":"Polygon","coordinates":[[[-42.1124,-21.4928],[-42.1114,-21.4905],[-42.1074,-21.4931],[-42.1124,-21.4929],[-42.1124,-21.4928]]]}},{"type":"Feature","properties":{"cod_tema":"ARL_PROPOSTA","cod_imovel":"RJ-3304706-C102DF8A2EA14F6192BB11C896228BBA","num_area":"4.9889000000000000000000000000000","ind_status":"PE"},"geometry":{"type":"Polygon","coordinates":[[[-42.2045,-21.5741],[-42.2082,-21.5778],[-42.2048,-21.5746],[-42.2045,-21.5741]],[[-42.2043,-21.5743],[-42.2051,-21.5767],[-42.2045,-21.5747],[-42.2043,-21.5743]],[[-42.2049,-21.5767],[-42.2082,-21.5778],[-42.2051,-21.5767],[-42.2049,-21.5767]]]}},{"type":"Feature","properties":{"cod_tema":"ARL_PROPOSTA","cod_imovel":"RJ-3304706-FBFE5BCC670346C49DC45728EF7F9EBA","num_area":"1.0057000000000000000000000000000","ind_status":"CA"},"geometry":{"type":"Polygon","coordinates":[[[-42.1926,-21.6294],[-42.1912,-21.6308],[-42.193,-21.6298],[-42.1926,-21.6294]]]}},{"type":"Feature","properties":{"cod_tema":"ARL_PROPOSTA","cod_imovel":"RJ-3304706-479715042E1F476DAA85820603B2A634","num_area":"2.9258000000000000000000000000000","ind_status":"AT"},"geometry":{"type":"Polygon","coordinates":[[[-42.2594,-21.6089],[-42.2584,-21.6052],[-42.2586,-21.6085],[-42.2594,-21.6089]]]}},{"type":"Feature","properties":{"cod_tema":"ARL_PROPOSTA","cod_imovel":"RJ-3304706-4ED097DB66A4472ABD266A357563FC24","num_area":"43.621200000000000000000000000000","ind_status":"AT"},"geometry":{"type":"Polygon","coordinates":[[[-42.0665,-21.5263],[-42.0555,-21.5295],[-42.064,-21.535],[-42.0637,-21.5295],[-42.0667,-21.5271],[-42.0665,-21.5263]]]}},{"type":"Feature","properties":{"cod_tema":"ARL_PROPOSTA","cod_imovel":"RJ-3304706-3755F640A0B04744BFA8ECC36553BDDC","num_area":"36.779200000000000000000000000000","ind_status":"AT"},"geometry":{"type":"Polygon","coordinates":[[[-42.257,-21.6724],[-42.2534,-21.6703],[-42.2589,-21.6752],[-42.2574,-21.6728],[-42.257,-21.6724]],[[-42.2634,-21.6778],[-42.2594,-21.6787],[-42.2626,-21.6844],[-42.2654,-21.6833],[-42.2642,-21.6783],[-42.2634,-21.6778]]]}},{"type":"Feature","properties":{"cod_tema":"ARL_PROPOSTA","cod_imovel":"RJ-3304706-974D28E6D11241F083904CFB316D1262","num_area":"23.178600000000000000000000000000","ind_status":"AT"},"geometry":{"type":"Polygon","coordinates":[[[-42.0519,-21.5177],[-42.0506,-21.52],[-42.0578,-21.5176],[-42.0566,-21.5142],[-42.0527,-21.5166],[-42.0519,-21.5177]]]}},{"type":"Feature","properties":{"cod_tema":"ARL_PROPOSTA","cod_imovel":"RJ-3304706-5EEFAE1D62CB430698697AAA7A177CF3","num_area":"2.6360000000000000000000000000000","ind_status":"AT"},"geometry":{"type":"Polygon","coordinates":[[[-42.2512,-21.6527],[-42.2488,-21.654],[-42.2507,-21.6529],[-42.2512,-21.6527]]]}},{"type":"Feature","properties":{"cod_tema":"ARL_PROPOSTA","cod_imovel":"RJ-3304706-6E5415FD273A48DBB329D9B9650B5EB2","num_area":"1.8489000000000000000000000000000","ind_status":"AT"},"geometry":{"type":"Polygon","coordinates":[[[-42.2414,-21.5839],[-42.2387,-21.5851],[-42.2417,-21.5843],[-42.2414,-21.5839]]]}},{"type":"Feature","properties":{"cod_tema":"ARL_PROPOSTA","cod_imovel":"RJ-3304706-A68910F91C1A46E0AC21DCDFB3F56735","num_area":"4.0254000000000000000000000000000","ind_status":"AT"},"geometry":{"type":"Polygon","coordinates":[[[-42.3101,-21.561],[-42.3116,-21.5635],[-42.3101,-21.5611],[-42.3101,-21.561]]]}},{"type":"Feature","properties":{"cod_tema":"ARL_PROPOSTA","cod_imovel":"RJ-3304706-25112F22211D497B80AEA6D2C2F60CC6","num_area":"8.6109000000000000000000000000000","ind_status":"AT"},"geometry":{"type":"Polygon","coordinates":[[[-42.19,-21.5016],[-42.1872,-21.5037],[-42.1897,-21.5046],[-42.1902,-21.5016],[-42.19,-21.5016]]]}},{"type":"Feature","properties":{"cod_tema":"ARL_PROPOSTA","cod_imovel":"RJ-3304706-4D9763800715488FB56DE8330CA2FA0A","num_area":"27.276200000000000000000000000000","ind_status":"AT"},"geometry":{"type":"Polygon","coordinates":[[[-42.346,-21.6176],[-42.3449,-21.6205],[-42.3514,-21.6233],[-42.3465,-21.6178],[-42.346,-21.6176]],[[-42.3507,-21.6313],[-42.349,-21.6287],[-42.3505,-21.6309],[-42.3507,-21.6313]],[[-42.351,-21.6309],[-42.3546,-21.6277],[-42.3501,-21.6294],[-42.3494,-21.6264],[-42.3509,-21.6308],[-42.351,-21.6309]]]}},{"type":"Feature","properties":{"cod_tema":"ARL_PROPOSTA","cod_imovel":"RJ-3304706-C73750F8C23A46C8A8A3CD7A39AD5F38","num_area":"17.138500000000000000000000000000","ind_status":"AT"},"geometry":{"type":"Polygon","coordinates":[[[-42.3284,-21.6465],[-42.3284,-21.6416],[-42.3251,-21.6475],[-42.3281,-21.6467],[-42.3284,-21.6465]],[[-42.3219,-21.6427],[-42.3242,-21.641],[-42.3218,-21.6426],[-42.3219,-21.6427]]]}},{"type":"Feature","properties":{"cod_tema":"ARL_APROVADA_NAO_AVERBADA","cod_imovel":"RJ-3304706-0EF2E439EC864D1BB070BEC0B9AE983C","num_area":"4.5167000000000000000000000000000","ind_status":"PE"},"geometry":{"type":"Polygon","coordinates":[[[-42.1994,-21.5485],[-42.1977,-21.5501],[-42.1995,-21.5484],[-42.1994,-21.5485]]]}},{"type":"Feature","properties":{"cod_tema":"ARL_PROPOSTA","cod_imovel":"RJ-3304706-B4E4C991FAF14CE9BDBB9FB8D2597055","num_area":"3.1608000000000000000000000000000","ind_status":"AT"},"geometry":{"type":"Polygon","coordinates":[[[-42.2711,-21.4674],[-42.2704,-21.4647],[-42.2706,-21.4672],[-42.2711,-21.4674]]]}},{"type":"Feature","properties":{"cod_tema":"ARL_PROPOSTA","cod_imovel":"RJ-3304706-AB4C9D23D78D45C2AE6BA01FF873AD80","num_area":"2.8865000000000000000000000000000","ind_status":"AT"},"geometry":{"type":"Polygon","coordinates":[[[-42.0475,-21.4565],[-42.05,-21.4582],[-42.0475,-21.4565],[-42.0475,-21.4565]]]}},{"type":"Feature","properties":{"cod_tema":"ARL_PROPOSTA","cod_imovel":"RJ-3304706-B38708CC1CB6495DA8378B0EAFCE38B2","num_area":"2.7845000000000000000000000000000","ind_status":"AT"},"geometry":{"type":"Polygon","coordinates":[[[-42.0216,-21.481],[-42.0234,-21.482],[-42.0216,-21.481],[-42.0216,-21.481]]]}},{"type":"Feature","properties":{"cod_tema":"ARL_PROPOSTA","cod_imovel":"RJ-3304706-A0854DCD585344D89AE3CD954AA134C0","num_area":"2.7274000000000000000000000000000","ind_status":"AT"},"geometry":{"type":"Polygon","coordinates":[[[-42.2466,-21.5426],[-42.244,-21.5425],[-42.2464,-21.5425],[-42.2466,-21.5426]]]}},{"type":"Feature","properties":{"cod_tema":"ARL_PROPOSTA","cod_imovel":"RJ-3304706-DC2E0243BB674104977A26CADE380E5F","num_area":"1.4721000000000000000000000000000","ind_status":"AT"},"geometry":{"type":"Polygon","coordinates":[[[-42.2454,-21.6572],[-42.2432,-21.6579],[-42.2453,-21.6574],[-42.2454,-21.6572]]]}},{"type":"Feature","properties":{"cod_tema":"ARL_PROPOSTA","cod_imovel":"RJ-3304706-9F47CAC275724F7D95EF5C40BE12B43F","num_area":"7.8735000000000000000000000000000","ind_status":"AT"},"geometry":{"type":"Polygon","coordinates":[[[-42.3214,-21.6125],[-42.3218,-21.6164],[-42.3218,-21.6131],[-42.3214,-21.6125]],[[-42.3205,-21.6166],[-42.3183,-21.6171],[-42.3208,-21.6167],[-42.3205,-21.6166]]]}},{"type":"Feature","properties":{"cod_tema":"ARL_PROPOSTA","cod_imovel":"RJ-3304706-137444D860034B4E8F3807CA88784487","num_area":"43.323100000000000000000000000000","ind_status":"AT"},"geometry":{"type":"Polygon","coordinates":[[[-42.1303,-21.4898],[-42.1294,-21.4931],[-42.1344,-21.4971],[-42.1367,-21.4908],[-42.1311,-21.4894],[-42.1303,-21.4898]]]}},{"type":"Feature","properties":{"cod_tema":"ARL_PROPOSTA","cod_imovel":"RJ-3304706-9424898266814C05A039FFD7B40B1FCF","num_area":"5.2296000000000000000000000000000","ind_status":"AT"},"geometry":{"type":"Polygon","coordinates":[[[-42.1379,-21.5069],[-42.1358,-21.5071],[-42.1382,-21.5094],[-42.1383,-21.5073],[-42.1379,-21.5069]]]}},{"type":"Feature","properties":{"cod_tema":"ARL_PROPOSTA","cod_imovel":"RJ-3304706-6DFD480417104F6C87EDD92B74A45E37","num_area":"11.157900000000000000000000000000","ind_status":"AT"},"geometry":{"type":"Polygon","coordinates":[[[-42.1061,-21.5684],[-42.1114,-21.5655],[-42.1064,-21.5654],[-42.1061,-21.5682],[-42.1061,-21.5684]]]}},{"type":"Feature","properties":{"cod_tema":"ARL_PROPOSTA","cod_imovel":"RJ-3304706-1497D768953E45F1960CB2D4E4003040","num_area":"29.178800000000000000000000000000","ind_status":"AT"},"geometry":{"type":"Polygon","coordinates":[[[-42.2462,-21.5119],[-42.2421,-21.5086],[-42.239,-21.5121],[-42.2413,-21.5149],[-42.2464,-21.5122],[-42.2462,-21.5119]]]}},{"type":"Feature","properties":{"cod_tema":"ARL_PROPOSTA","cod_imovel":"RJ-3304706-13A4FF14D08948548848CB4DEAC7753B","num_area":"37.962500000000000000000000000000","ind_status":"AT"},"geometry":{"type":"Polygon","coordinates":[[[-42.2405,-21.5133],[-42.2391,-21.5103],[-42.2311,-21.5118],[-42.2348,-21.5157],[-42.2404,-21.5135],[-42.2405,-21.5133]]]}},{"type":"Feature","properties":{"cod_tema":"ARL_PROPOSTA","cod_imovel":"RJ-3304706-53B53680CC8642E780A2761DC9EF07E7","num_area":"3.0336000000000000000000000000000","ind_status":"AT"},"geometry":{"type":"Polygon","coordinates":[[[-42.0869,-21.5332],[-42.0841,-21.5314],[-42.0865,-21.5333],[-42.0869,-21.5332]]]}},{"type":"Feature","properties":{"cod_tema":"ARL_PROPOSTA","cod_imovel":"RJ-3304706-AAA163E366654F0E843C100C9E403246","num_area":"6.3095000000000000000000000000000","ind_status":"AT"},"geometry":{"type":"Polygon","coordinates":[[[-42.1109,-21.5518],[-42.1059,-21.5526],[-42.1077,-21.554],[-42.1109,-21.5518]]]}},{"type":"Feature","properties":{"cod_tema":"ARL_PROPOSTA","cod_imovel":"RJ-3304706-ED0E7A2C86464F6684F836339D22A5DA","num_area":"8.0666000000000000000000000000000","ind_status":"AT"},"geometry":{"type":"Polygon","coordinates":[[[-42.2269,-21.627],[-42.2234,-21.6289],[-42.2281,-21.6289],[-42.2269,-21.627]]]}},{"type":"Feature","properties":{"cod_tema":"ARL_PROPOSTA","cod_imovel":"RJ-3304706-22B308DC351A4172B00552CCF61B2ACB","num_area":"14.912800000000000000000000000000","ind_status":"AT"},"geometry":{"type":"Polygon","coordinates":[[[-42.1173,-21.5081],[-42.115,-21.5117],[-42.1194,-21.5128],[-42.1173,-21.5081],[-42.1173,-21.5081]]]}},{"type":"Feature","properties":{"cod_tema":"ARL_PROPOSTA","cod_imovel":"RJ-3304706-80E1E017ADEA40968CB903D4DFBA0525","num_area":"3.9693000000000000000000000000000","ind_status":"AT"},"geometry":{"type":"Polygon","coordinates":[[[-42.0141,-21.474],[-42.0169,-21.4757],[-42.0146,-21.4742],[-42.0141,-21.474]]]}},{"type":"Feature","properties":{"cod_tema":"ARL_PROPOSTA","cod_imovel":"RJ-3304706-BB0A608176D34E078968651226A5E561","num_area":"4.1202000000000000000000000000000","ind_status":"AT"},"geometry":{"type":"Polygon","coordinates":[[[-42.2318,-21.6099],[-42.2323,-21.6078],[-42.2318,-21.6099],[-42.2318,-21.6099]]]}},{"type":"Feature","properties":{"cod_tema":"ARL_PROPOSTA","cod_imovel":"RJ-3304706-E2BDEA9058824E41AED5B36C0C33887F","num_area":"1.5756000000000000000000000000000","ind_status":"AT"},"geometry":{"type":"Polygon","coordinates":[[[-42.0828,-21.5244],[-42.0863,-21.5246],[-42.0839,-21.5249],[-42.0828,-21.5244]]]}},{"type":"Feature","properties":{"cod_tema":"ARL_PROPOSTA","cod_imovel":"RJ-3304706-1D8B15A1C0854CA3813E5E9120D6F023","num_area":"2.8024000000000000000000000000000","ind_status":"AT"},"geometry":{"type":"Polygon","coordinates":[[[-42.1799,-21.6141],[-42.1771,-21.6139],[-42.1792,-21.6145],[-42.1799,-21.6141]]]}},{"type":"Feature","properties":{"cod_tema":"ARL_PROPOSTA","cod_imovel":"RJ-3304706-9A3B2056C8244D6294A3A86D51B97D20","num_area":"3.3159000000000000000000000000000","ind_status":"AT"},"geometry":{"type":"Polygon","coordinates":[[[-42.2468,-21.5555],[-42.2491,-21.5557],[-42.2468,-21.5555],[-42.2468,-21.5555]]]}},{"type":"Feature","properties":{"cod_tema":"ARL_PROPOSTA","cod_imovel":"RJ-3304706-D4E78A79AF2F4A12BDFE662D4EA301C2","num_area":"5.2946000000000000000000000000000","ind_status":"AT"},"geometry":{"type":"Polygon","coordinates":[[[-42.3445,-21.6015],[-42.3457,-21.5995],[-42.3422,-21.6017],[-42.3442,-21.602],[-42.3445,-21.6015]]]}},{"type":"Feature","properties":{"cod_tema":"ARL_PROPOSTA","cod_imovel":"RJ-3304706-DD24A08D94D44C6C9C254ED0A83B5A5F","num_area":"1.7724000000000000000000000000000","ind_status":"AT"},"geometry":{"type":"Polygon","coordinates":[[[-42.2274,-21.5809],[-42.2241,-21.5781],[-42.2279,-21.5814],[-42.2274,-21.5809]]]}},{"type":"Feature","properties":{"cod_tema":"ARL_PROPOSTA","cod_imovel":"RJ-3304706-4183BC093E75415389026F6CE2A41801","num_area":"3.2800000000000000000000000000000","ind_status":"AT"},"geometry":{"type":"Polygon","coordinates":[[[-41.9975,-21.4599],[-41.9957,-21.4635],[-41.9975,-21.46],[-41.9975,-21.4599]]]}},{"type":"Feature","properties":{"cod_tema":"ARL_PROPOSTA","cod_imovel":"RJ-3304706-D55980DC45D24D91AA847BABF57B90FB","num_area":"1.2500000000000000000000000000000","ind_status":"AT"},"geometry":{"type":"Polygon","coordinates":[[[-42.001,-21.46],[-41.9988,-21.4563],[-42.0008,-21.4599],[-42.001,-21.46]]]}},{"type":"Feature","properties":{"cod_tema":"ARL_PROPOSTA","cod_imovel":"RJ-3304706-DE2249748BBE49518E5339D1C83542B3","num_area":"6.6493000000000000000000000000000","ind_status":"AT"},"geometry":{"type":"Polygon","coordinates":[[[-42.0652,-21.4974],[-42.0679,-21.5009],[-42.067,-21.4973],[-42.0652,-21.4974]]]}},{"type":"Feature","properties":{"cod_tema":"ARL_PROPOSTA","cod_imovel":"RJ-3304706-0A9F21527DB4420A9606CB7D2F68C769","num_area":"6.5996000000000000000000000000000","ind_status":"AT"},"geometry":{"type":"Polygon","coordinates":[[[-42.0615,-21.5051],[-42.065,-21.5081],[-42.062,-21.5053],[-42.0615,-21.5051]]]}},{"type":"Feature","properties":{"cod_tema":"ARL_PROPOSTA","cod_imovel":"RJ-3304706-A3C8804C8E6A4D9AAF208F25497E8EF6","num_area":"6.7063000000000000000000000000000","ind_status":"AT"},"geometry":{"type":"Polygon","coordinates":[[[-42.0589,-21.4937],[-42.0608,-21.4925],[-42.0589,-21.4935],[-42.0589,-21.4937]],[[-42.0675,-21.4948],[-42.0661,-21.4973],[-42.0675,-21.495],[-42.0675,-21.4948]]]}},{"type":"Feature","properties":{"cod_tema":"ARL_PROPOSTA","cod_imovel":"RJ-3304706-CA5234330D3E4690A6A92776357ED325","num_area":"28.563800000000000000000000000000","ind_status":"AT"},"geometry":{"type":"Polygon","coordinates":[[[-42.2593,-21.6696],[-42.258,-21.6674],[-42.2592,-21.6705],[-42.2565,-21.6714],[-42.261,-21.6718],[-42.2604,-21.6749],[-42.2661,-21.6673],[-42.2605,-21.6746],[-42.2613,-21.6715],[-42.2569,-21.6713],[-42.2613,-21.6715],[-42.2642,-21.6665],[-42.2595,-21.67],[-42.2593,-21.6696]],[[-42.2668,-21.6674],[-42.2642,-21.6665],[-42.2666,-21.6675],[-42.2668,-21.6674]],[[-42.2698,-21.6805],[-42.2694,-21.677],[-42.264,-21.6772],[-42.2695,-21.6773],[-42.2697,-21.6805],[-42.2698,-21.6805]],[[-42.2701,-21.6806],[-42.2699,-21.6769],[-42.2652,-21.6744],[-42.27,-21.6805],[-42.2701,-21.6806]],[[-42.265,-21.6748],[-42.2682,-21.6763],[-42.264,-21.6772],[-42.2689,-21.6767],[-42.2651,-21.6749],[-42.265,-21.6748]]]}},{"type":"Feature","properties":{"cod_tema":"ARL_PROPOSTA","cod_imovel":"RJ-3304706-6DE078B133B8479AAC96352346289D86","num_area":"0.6224000000000000000000000000000","ind_status":"AT"},"geometry":{"type":"Polygon","coordinates":[[[-42.3021,-21.6071],[-42.2997,-21.6089],[-42.3021,-21.6072],[-42.3021,-21.6071]]]}},{"type":"Feature","properties":{"cod_tema":"ARL_PROPOSTA","cod_imovel":"RJ-3304706-E34B73CD2F214552BAB02300B6A8E656","num_area":"7.1636000000000000000000000000000","ind_status":"AT"},"geometry":{"type":"Polygon","coordinates":[[[-42.1583,-21.5804],[-42.1555,-21.58],[-42.1572,-21.5821],[-42.1583,-21.5804]]]}},{"type":"Feature","properties":{"cod_tema":"ARL_PROPOSTA","cod_imovel":"RJ-3304706-B4003A90F0AB4A55A8DC222FBB85A16D","num_area":"1.4854000000000000000000000000000","ind_status":"AT"},"geometry":{"type":"Polygon","coordinates":[[[-42.2402,-21.5803],[-42.239,-21.5822],[-42.2406,-21.5808],[-42.2402,-21.5803]]]}},{"type":"Feature","properties":{"cod_tema":"ARL_PROPOSTA","cod_imovel":"RJ-3304706-2B0BD936EB1C43C89F6B26AA8885A98F","num_area":"5.6750000000000000000000000000000","ind_status":"AT"},"geometry":{"type":"Polygon","coordinates":[[[-42.2103,-21.5611],[-42.2118,-21.5588],[-42.2098,-21.5607],[-42.2103,-21.5611]]]}},{"type":"Feature","properties":{"cod_tema":"ARL_PROPOSTA","cod_imovel":"RJ-3304706-A07671144AA94F21AB7375C1FB5C710A","num_area":"5.9070000000000000000000000000000","ind_status":"AT"},"geometry":{"type":"Polygon","coordinates":[[[-42.0469,-21.4719],[-42.0478,-21.4692],[-42.0449,-21.4702],[-42.0462,-21.4723],[-42.0469,-21.4719]]]}},{"type":"Feature","properties":{"cod_tema":"ARL_PROPOSTA","cod_imovel":"RJ-3304706-83B7338B43724C6398C1990C12BDA269","num_area":"5.8432000000000000000000000000000","ind_status":"PE"},"geometry":{"type":"Polygon","coordinates":[[[-42.0601,-21.4378],[-42.0577,-21.436],[-42.0565,-21.4399],[-42.0577,-21.4372],[-42.0601,-21.4378]]]}},{"type":"Feature","properties":{"cod_tema":"ARL_PROPOSTA","cod_imovel":"RJ-3304706-E6DAFE285AA54DA98488C3A76873C684","num_area":"5.0818000000000000000000000000000","ind_status":"AT"},"geometry":{"type":"Polygon","coordinates":[[[-42.2883,-21.5829],[-42.2905,-21.5828],[-42.2865,-21.5812],[-42.2881,-21.5827],[-42.2883,-21.5829]]]}},{"type":"Feature","properties":{"cod_tema":"ARL_PROPOSTA","cod_imovel":"RJ-3304706-2D0398841B824DCD9AAED4E6E3EF69BB","num_area":"14.470500000000000000000000000000","ind_status":"AT"},"geometry":{"type":"Polygon","coordinates":[[[-42.2002,-21.538],[-42.1983,-21.5367],[-42.199,-21.5387],[-42.2002,-21.538]],[[-42.1944,-21.547],[-42.198,-21.5454],[-42.1952,-21.546],[-42.1944,-21.547]]]}},{"type":"Feature","properties":{"cod_tema":"ARL_PROPOSTA","cod_imovel":"RJ-3304706-CB0A9062DC2540DB91123195745F989F","num_area":"4.5094000000000000000000000000000","ind_status":"AT"},"geometry":{"type":"Polygon","coordinates":[[[-42.222,-21.4551],[-42.2201,-21.4563],[-42.2222,-21.4555],[-42.222,-21.4551]]]}},{"type":"Feature","properties":{"cod_tema":"ARL_PROPOSTA","cod_imovel":"RJ-3304706-C2F459DDF4E244ED98F41E56EC5D1E51","num_area":"2.7932000000000000000000000000000","ind_status":"AT"},"geometry":{"type":"Polygon","coordinates":[[[-42.0795,-21.5229],[-42.0815,-21.5228],[-42.0792,-21.5225],[-42.0795,-21.5229]]]}},{"type":"Feature","properties":{"cod_tema":"ARL_PROPOSTA","cod_imovel":"RJ-3304706-334212DC952447BF9F2B5D36067D0D5A","num_area":"7.6490000000000000000000000000000","ind_status":"AT"},"geometry":{"type":"Polygon","coordinates":[[[-42.2401,-21.6423],[-42.2414,-21.6389],[-42.2381,-21.6415],[-42.2401,-21.6423]]]}},{"type":"Feature","properties":{"cod_tema":"ARL_PROPOSTA","cod_imovel":"RJ-3304706-55B199290D3B4EDAB372001743F80E2D","num_area":"3.3123000000000000000000000000000","ind_status":"AT"},"geometry":{"type":"Polygon","coordinates":[[[-42.3013,-21.6129],[-42.2993,-21.6148],[-42.3018,-21.6132],[-42.3013,-21.6129]]]}},{"type":"Feature","properties":{"cod_tema":"ARL_PROPOSTA","cod_imovel":"RJ-3304706-4BB232A1E9BB4A8683198B00E962C2E4","num_area":"5.2482000000000000000000000000000","ind_status":"AT"},"geometry":{"type":"Polygon","coordinates":[[[-42.278,-21.6667],[-42.2786,-21.6644],[-42.2775,-21.6662],[-42.278,-21.6667]]]}},{"type":"Feature","properties":{"cod_tema":"ARL_PROPOSTA","cod_imovel":"RJ-3304706-81157F4B73364BA097C9F89A4FC16B85","num_area":"8.1261000000000000000000000000000","ind_status":"AT"},"geometry":{"type":"Polygon","coordinates":[[[-41.9993,-21.461],[-42.0023,-21.4649],[-42.0001,-21.4596],[-41.9993,-21.461]]]}},{"type":"Feature","properties":{"cod_tema":"ARL_PROPOSTA","cod_imovel":"RJ-3304706-1BDEE57AFB1A4649B03D49FF59B713EE","num_area":"6.2704000000000000000000000000000","ind_status":"AT"},"geometry":{"type":"Polygon","coordinates":[[[-41.9943,-21.456],[-41.9974,-21.4563],[-41.9944,-21.456],[-41.9943,-21.456]]]}},{"type":"Feature","properties":{"cod_tema":"ARL_PROPOSTA","cod_imovel":"RJ-3304706-8F8CB415E11E49E483D1EFCBF96AE400","num_area":"2.2639000000000000000000000000000","ind_status":"AT"},"geometry":{"type":"Polygon","coordinates":[[[-42.2886,-21.5742],[-42.2873,-21.5763],[-42.2898,-21.5752],[-42.2886,-21.5742]]]}},{"type":"Feature","properties":{"cod_tema":"ARL_PROPOSTA","cod_imovel":"RJ-3304706-60CCF2D4823845E9A39A31E3F7864B22","num_area":"8.8745000000000000000000000000000","ind_status":"AT"},"geometry":{"type":"Polygon","coordinates":[[[-41.9973,-21.4656],[-41.9943,-21.4637],[-41.9966,-21.4657],[-41.9973,-21.4656]]]}}]}