{"type":"FeatureCollection","features":[{"type":"Feature","properties":{"cod_tema":"ARL_PROPOSTA","cod_imovel":"RJ-3306156-BC5FD9B40B1B40268084A6134D43D7A3","num_area":"3.4617000000000000000000000000000","ind_status":"AT"},"geometry":{"type":"Polygon","coordinates":[[[-41.8944,-20.8874],[-41.8965,-20.8875],[-41.8926,-20.8853],[-41.8942,-20.8874],[-41.8944,-20.8874]]]}},{"type":"Feature","properties":{"cod_tema":"ARL_PROPOSTA","cod_imovel":"RJ-3306156-E67BB3EC2376432990667A22393A7128","num_area":"0.5511000000000000000000000000000","ind_status":"AT"},"geometry":{"type":"Polygon","coordinates":[[[-41.8169,-20.973],[-41.8155,-20.9715],[-41.8169,-20.973],[-41.8169,-20.973]]]}},{"type":"Feature","properties":{"cod_tema":"ARL_PROPOSTA","cod_imovel":"RJ-3306156-074BE0B681214D9CB99D416C97B974E1","num_area":"9.6983000000000000000000000000000","ind_status":"AT"},"geometry":{"type":"Polygon","coordinates":[[[-41.8451,-20.9321],[-41.8417,-20.9335],[-41.8455,-20.9348],[-41.8452,-20.9322],[-41.8451,-20.9321]]]}},{"type":"Feature","properties":{"cod_tema":"ARL_PROPOSTA","cod_imovel":"RJ-3306156-96695F280E7C4886BD59DB1AF6850724","num_area":"1.5441000000000000000000000000000","ind_status":"CA"},"geometry":{"type":"Polygon","coordinates":[[[-41.8905,-20.9278],[-41.8881,-20.9269],[-41.8903,-20.9281],[-41.8905,-20.9278]]]}},{"type":"Feature","properties":{"cod_tema":"ARL_PROPOSTA","cod_imovel":"RJ-3306156-C8718D92F4004D598D3B7E22E6D9F6D8","num_area":"11.947000000000000000000000000000","ind_status":"AT"},"geometry":{"type":"Polygon","coordinates":[[[-41.8647,-20.8627],[-41.8703,-20.8627],[-41.8648,-20.8624],[-41.8647,-20.8627]],[[-41.8751,-20.8641],[-41.8722,-20.8656],[-41.8751,-20.8641],[-41.8751,-20.8641]]]}},{"type":"Feature","properties":{"cod_tema":"ARL_PROPOSTA","cod_imovel":"RJ-3306156-4C95AC154A694DB195CF3CE56D59EB50","num_area":"6.0492000000000000000000000000000","ind_status":"AT"},"geometry":{"type":"Polygon","coordinates":[[[-41.8081,-20.9253],[-41.8106,-20.9243],[-41.8076,-20.9257],[-41.8081,-20.9253]],[[-41.8021,-20.9291],[-41.805,-20.9276],[-41.8021,-20.9291],[-41.8021,-20.9291]],[[-41.8126,-20.9208],[-41.8141,-20.9178],[-41.8126,-20.9207],[-41.8126,-20.9208]]]}},{"type":"Feature","properties":{"cod_tema":"ARL_PROPOSTA","cod_imovel":"RJ-3306156-BBD8C2594FA948A68A223688CEFFED3D","num_area":"6.1660000000000000000000000000000","ind_status":"AT"},"geometry":{"type":"Polygon","coordinates":[[[-41.8051,-20.9043],[-41.8041,-20.9023],[-41.8051,-20.9043],[-41.8051,-20.9043]],[[-41.8071,-20.9031],[-41.8051,-20.9044],[-41.8121,-20.9033],[-41.8071,-20.9031],[-41.8071,-20.9031]],[[-41.7973,-20.9022],[-41.7948,-20.9025],[-41.7972,-20.9022],[-41.7973,-20.9022]]]}},{"type":"Feature","properties":{"cod_tema":"ARL_PROPOSTA","cod_imovel":"RJ-3306156-0814814637A240078F243B9AF695DA36","num_area":"1.9174000000000000000000000000000","ind_status":"AT"},"geometry":{"type":"Polygon","coordinates":[[[-41.8225,-20.9599],[-41.8206,-20.9586],[-41.8225,-20.9599],[-41.8225,-20.9599]]]}},{"type":"Feature","properties":{"cod_tema":"ARL_PROPOSTA","cod_imovel":"RJ-3306156-0B92B07A2A484994BBA447E4703495E4","num_area":"19.374700000000000000000000000000","ind_status":"AT"},"geometry":{"type":"Polygon","coordinates":[[[-41.8626,-20.8663],[-41.8562,-20.8728],[-41.861,-20.8718],[-41.8626,-20.8663],[-41.8626,-20.8663]]]}},{"type":"Feature","properties":{"cod_tema":"ARL_PROPOSTA","cod_imovel":"RJ-3306156-161E4CAF919141FA8C77E1A91579B0D8","num_area":"5.8340000000000000000000000000000","ind_status":"AT"},"geometry":{"type":"Polygon","coordinates":[[[-41.8591,-20.8676],[-41.8621,-20.8662],[-41.8584,-20.8669],[-41.8591,-20.8676]]]}},{"type":"Feature","properties":{"cod_tema":"ARL_AVERBADA","cod_imovel":"RJ-3306156-0F1F4A96DA1B45D9AA0A3FD00EEF143F","num_area":"3.8263000000000000000000000000000","ind_status":"AT"},"geometry":{"type":"Polygon","coordinates":[[[-41.8297,-20.9028],[-41.8283,-20.9043],[-41.831,-20.9046],[-41.8299,-20.9026],[-41.8297,-20.9028]]]}},{"type":"Feature","properties":{"cod_tema":"ARL_PROPOSTA","cod_imovel":"RJ-3306156-0F9720B6FA284A22AF3B0862D89B9578","num_area":"8.6518000000000000000000000000000","ind_status":"AT"},"geometry":{"type":"Polygon","coordinates":[[[-41.8159,-20.8942],[-41.8166,-20.8976],[-41.8195,-20.8969],[-41.816,-20.8942],[-41.8159,-20.8942]]]}},{"type":"Feature","properties":{"cod_tema":"ARL_PROPOSTA","cod_imovel":"RJ-3306156-113A0F64161B4EA5BDB9D9659E1123DC","num_area":"0.2933000000000000000000000000000","ind_status":"AT"},"geometry":{"type":"Polygon","coordinates":[[[-41.8209,-20.8632],[-41.8216,-20.8612],[-41.8209,-20.8632],[-41.8209,-20.8632]],[[-41.8203,-20.8632],[-41.8215,-20.8611],[-41.8206,-20.8631],[-41.8203,-20.8632]]]}},{"type":"Feature","properties":{"cod_tema":"ARL_PROPOSTA","cod_imovel":"RJ-3306156-2672DE389E2740869DF1E3185283CA32","num_area":"4.5193000000000000000000000000000","ind_status":"AT"},"geometry":{"type":"Polygon","coordinates":[[[-41.7748,-20.862],[-41.7768,-20.8633],[-41.7749,-20.8617],[-41.7748,-20.862]]]}},{"type":"Feature","properties":{"cod_tema":"ARL_PROPOSTA","cod_imovel":"RJ-3306156-153AB7BD34844C1896DDDD227AC6EAD3","num_area":"11.255000000000000000000000000000","ind_status":"AT"},"geometry":{"type":"Polygon","coordinates":[[[-41.7644,-20.8323],[-41.7664,-20.8294],[-41.7643,-20.8324],[-41.7644,-20.8323]],[[-41.7608,-20.8316],[-41.7617,-20.8298],[-41.7608,-20.8316],[-41.7608,-20.8316]]]}},{"type":"Feature","properties":{"cod_tema":"ARL_PROPOSTA","cod_imovel":"RJ-3306156-2FEEA4BFF22744C2A63233BE6E674666","num_area":"4.4241000000000000000000000000000","ind_status":"AT"},"geometry":{"type":"Polygon","coordinates":[[[-41.8541,-20.8664],[-41.851,-20.8655],[-41.8541,-20.8664],[-41.8541,-20.8664]]]}},{"type":"Feature","properties":{"cod_tema":"ARL_PROPOSTA","cod_imovel":"RJ-3306156-224FB7C8E36E49C280238576AB3D6E6B","num_area":"2.8255000000000000000000000000000","ind_status":"AT"},"geometry":{"type":"Polygon","coordinates":[[[-41.7532,-20.8515],[-41.7512,-20.8524],[-41.7532,-20.8515],[-41.7532,-20.8515]]]}},{"type":"Feature","properties":{"cod_tema":"ARL_PROPOSTA","cod_imovel":"RJ-3306156-279BEDF72E4A4896911D53D179D59E27","num_area":"13.050200000000000000000000000000","ind_status":"AT"},"geometry":{"type":"Polygon","coordinates":[[[-41.8857,-20.954],[-41.884,-20.9465],[-41.8795,-20.9493],[-41.883,-20.9485],[-41.8826,-20.9524],[-41.8856,-20.954],[-41.8857,-20.954]]]}},{"type":"Feature","properties":{"cod_tema":"ARL_PROPOSTA","cod_imovel":"RJ-3306156-2A1825DB57114F0FA777AD178B8FEAF0","num_area":"5.5264000000000000000000000000000","ind_status":"PE"},"geometry":{"type":"Polygon","coordinates":[[[-41.8374,-20.9159],[-41.8353,-20.9203],[-41.8386,-20.917],[-41.8374,-20.9159]]]}},{"type":"Feature","properties":{"cod_tema":"ARL_PROPOSTA","cod_imovel":"RJ-3306156-2AFC149131EA4C2C8FD1BD0F00974AE7","num_area":"0.3888000000000000000000000000000","ind_status":"AT"},"geometry":{"type":"Polygon","coordinates":[[[-41.8234,-20.8554],[-41.823,-20.8526],[-41.8233,-20.8554],[-41.8234,-20.8554]]]}},{"type":"Feature","properties":{"cod_tema":"ARL_PROPOSTA","cod_imovel":"RJ-3306156-30294C99D88F4FF7B94FEEA63A6C7568","num_area":"12.580300000000000000000000000000","ind_status":"AT"},"geometry":{"type":"Polygon","coordinates":[[[-41.8836,-20.9277],[-41.8817,-20.9288],[-41.8836,-20.9277],[-41.8836,-20.9277]],[[-41.8792,-20.9245],[-41.883,-20.9263],[-41.8792,-20.9245],[-41.8792,-20.9245]]]}},{"type":"Feature","properties":{"cod_tema":"ARL_PROPOSTA","cod_imovel":"RJ-3306156-339EECA3C08647C48A20FF547EDD6807","num_area":"14.064400000000000000000000000000","ind_status":"AT"},"geometry":{"type":"Polygon","coordinates":[[[-41.8979,-20.9512],[-41.8972,-20.9551],[-41.9011,-20.9541],[-41.8994,-20.9515],[-41.8979,-20.9512]]]}},{"type":"Feature","properties":{"cod_tema":"ARL_PROPOSTA","cod_imovel":"RJ-3306156-33B6053C36CA40F99A0C1E97EA5CCE3C","num_area":"4.9431000000000000000000000000000","ind_status":"AT"},"geometry":{"type":"Polygon","coordinates":[[[-41.8084,-20.8567],[-41.8111,-20.8569],[-41.8085,-20.8567],[-41.8084,-20.8567]],[[-41.8158,-20.8541],[-41.816,-20.851],[-41.8157,-20.854],[-41.8158,-20.8541]]]}},{"type":"Feature","properties":{"cod_tema":"ARL_PROPOSTA","cod_imovel":"RJ-3306156-34162FFFAD4A4C3E86DD9F75947AF062","num_area":"3.3555000000000000000000000000000","ind_status":"AT"},"geometry":{"type":"Polygon","coordinates":[[[-41.7607,-20.8631],[-41.7625,-20.862],[-41.7573,-20.8624],[-41.76,-20.8629],[-41.7607,-20.8631]]]}},{"type":"Feature","properties":{"cod_tema":"ARL_PROPOSTA","cod_imovel":"RJ-3306156-34E0CE65A0AE4CA9864FCAC52E863583","num_area":"2.9384000000000000000000000000000","ind_status":"AT"},"geometry":{"type":"Polygon","coordinates":[[[-41.7792,-20.8426],[-41.7817,-20.8425],[-41.7792,-20.8425],[-41.7792,-20.8426]]]}},{"type":"Feature","properties":{"cod_tema":"ARL_PROPOSTA","cod_imovel":"RJ-3306156-3682552D018D42D2843B22BC5F103CC6","num_area":"21.378600000000000000000000000000","ind_status":"AT"},"geometry":{"type":"Polygon","coordinates":[[[-41.8473,-20.9158],[-41.8427,-20.918],[-41.847,-20.9162],[-41.8473,-20.9158]],[[-41.8477,-20.9136],[-41.8436,-20.919],[-41.8477,-20.9136],[-41.8477,-20.9136]],[[-41.8546,-20.9194],[-41.8486,-20.9122],[-41.8545,-20.9195],[-41.8499,-20.924],[-41.8546,-20.9199],[-41.8546,-20.9194]],[[-41.8485,-20.9291],[-41.8524,-20.9274],[-41.8495,-20.9288],[-41.8485,-20.9291]],[[-41.8511,-20.9173],[-41.8484,-20.9198],[-41.8504,-20.9218],[-41.8502,-20.9183],[-41.8511,-20.9173]],[[-41.8516,-20.9141],[-41.8493,-20.9125],[-41.8516,-20.9141],[-41.8516,-20.9141]],[[-41.8538,-20.9216],[-41.8499,-20.924],[-41.8535,-20.9223],[-41.8523,-20.9272],[-41.8538,-20.922],[-41.8538,-20.9216]],[[-41.8522,-20.9272],[-41.8501,-20.9281],[-41.8521,-20.9272],[-41.8522,-20.9272]],[[-41.8537,-20.9225],[-41.8532,-20.9259],[-41.8537,-20.9226],[-41.8537,-20.9225]]]}},{"type":"Feature","properties":{"cod_tema":"ARL_PROPOSTA","cod_imovel":"RJ-3306156-3A750A8BFF8346819F8D0EEEAE4A59F6","num_area":"8.2669000000000000000000000000000","ind_status":"AT"},"geometry":{"type":"Polygon","coordinates":[[[-41.8803,-20.96],[-41.8781,-20.963],[-41.8812,-20.961],[-41.8803,-20.96]]]}},{"type":"Feature","properties":{"cod_tema":"ARL_PROPOSTA","cod_imovel":"RJ-3306156-3B600A21D1974F0CBBE35586E430BFAD","num_area":"5.1914000000000000000000000000000","ind_status":"AT"},"geometry":{"type":"Polygon","coordinates":[[[-41.8389,-20.8531],[-41.8387,-20.8558],[-41.8391,-20.8528],[-41.8389,-20.8531]]]}},{"type":"Feature","properties":{"cod_tema":"ARL_PROPOSTA","cod_imovel":"RJ-3306156-3B934EA7254D43D9B94F05F2AD65D47C","num_area":"51.971300000000000000000000000000","ind_status":"AT"},"geometry":{"type":"Polygon","coordinates":[[[-41.8155,-20.913],[-41.8233,-20.9102],[-41.8222,-20.9068],[-41.8214,-20.9098],[-41.8152,-20.909],[-41.8154,-20.9129],[-41.8155,-20.913]],[[-41.8113,-20.9155],[-41.8144,-20.9142],[-41.8127,-20.9111],[-41.8083,-20.9121],[-41.8108,-20.9151],[-41.8113,-20.9155]],[[-41.8189,-20.9003],[-41.8128,-20.9034],[-41.8203,-20.902],[-41.8189,-20.9003]]]}},{"type":"Feature","properties":{"cod_tema":"ARL_PROPOSTA","cod_imovel":"RJ-3306156-3E73FFF052DB418E8AF414B58AA47249","num_area":"6.1997000000000000000000000000000","ind_status":"AT"},"geometry":{"type":"Polygon","coordinates":[[[-41.792,-20.8137],[-41.7903,-20.8109],[-41.792,-20.8138],[-41.792,-20.8137]]]}},{"type":"Feature","properties":{"cod_tema":"ARL_PROPOSTA","cod_imovel":"RJ-3306156-3E9CC12A2EFE4A24BEEC7B8819552B55","num_area":"2.0050000000000000000000000000000","ind_status":"AT"},"geometry":{"type":"Polygon","coordinates":[[[-41.8021,-20.9299],[-41.8084,-20.9298],[-41.802,-20.9298],[-41.8021,-20.9299]],[[-41.8055,-20.9307],[-41.8085,-20.9299],[-41.8055,-20.9307],[-41.8055,-20.9307]]]}},{"type":"Feature","properties":{"cod_tema":"ARL_PROPOSTA","cod_imovel":"RJ-3306156-3FAD5DF3EFBC4A7F879844DB2DB3A642","num_area":"2.5878000000000000000000000000000","ind_status":"AT"},"geometry":{"type":"Polygon","coordinates":[[[-41.8127,-20.9498],[-41.8145,-20.9486],[-41.8126,-20.9496],[-41.8127,-20.9498]]]}},{"type":"Feature","properties":{"cod_tema":"ARL_PROPOSTA","cod_imovel":"RJ-3306156-44EF45E9F9724B42988D389A0233B166","num_area":"3.1021000000000000000000000000000","ind_status":"AT"},"geometry":{"type":"Polygon","coordinates":[[[-41.8197,-20.8863],[-41.8225,-20.8886],[-41.8197,-20.8863],[-41.8197,-20.8863]]]}},{"type":"Feature","properties":{"cod_tema":"ARL_PROPOSTA","cod_imovel":"RJ-3306156-47F331AD828C4EDCB25B0BDCEFEDC3FC","num_area":"8.8712000000000000000000000000000","ind_status":"AT"},"geometry":{"type":"Polygon","coordinates":[[[-41.7823,-20.851],[-41.7844,-20.8492],[-41.7821,-20.8509],[-41.7823,-20.851]],[[-41.7782,-20.8453],[-41.775,-20.8455],[-41.7781,-20.8453],[-41.7782,-20.8453]]]}},{"type":"Feature","properties":{"cod_tema":"ARL_PROPOSTA","cod_imovel":"RJ-3306156-4EC252D8E1054069A9195CAAA6F07185","num_area":"4.8298000000000000000000000000000","ind_status":"AT"},"geometry":{"type":"Polygon","coordinates":[[[-41.8653,-20.8831],[-41.8633,-20.8798],[-41.8651,-20.883],[-41.8653,-20.8831]],[[-41.8665,-20.8806],[-41.8699,-20.8791],[-41.8688,-20.8768],[-41.8663,-20.8812],[-41.8665,-20.8806]]]}},{"type":"Feature","properties":{"cod_tema":"ARL_PROPOSTA","cod_imovel":"RJ-3306156-5949AE9244EF413A9FEF5F43CAAB9235","num_area":"4.2654000000000000000000000000000","ind_status":"AT"},"geometry":{"type":"Polygon","coordinates":[[[-41.8402,-20.925],[-41.8393,-20.927],[-41.8402,-20.925],[-41.8402,-20.925]]]}},{"type":"Feature","properties":{"cod_tema":"ARL_PROPOSTA","cod_imovel":"RJ-3306156-50B5911009164CA0A6563FFA34E175B9","num_area":"1.4636000000000000000000000000000","ind_status":"AT"},"geometry":{"type":"Polygon","coordinates":[[[-41.8039,-20.8646],[-41.8075,-20.8631],[-41.8039,-20.8646],[-41.8039,-20.8646]]]}},{"type":"Feature","properties":{"cod_tema":"ARL_PROPOSTA","cod_imovel":"RJ-3306156-57D5F6E0C8A548FE8337B84849C8E784","num_area":"3.2796000000000000000000000000000","ind_status":"AT"},"geometry":{"type":"Polygon","coordinates":[[[-41.8022,-20.8786],[-41.8041,-20.8796],[-41.8023,-20.8785],[-41.8022,-20.8786]]]}},{"type":"Feature","properties":{"cod_tema":"ARL_PROPOSTA","cod_imovel":"RJ-3306156-5A827354081D4CCFB5474BE98996E6E7","num_area":"1.8901000000000000000000000000000","ind_status":"AT"},"geometry":{"type":"Polygon","coordinates":[[[-41.7689,-20.8752],[-41.7663,-20.8775],[-41.7689,-20.8752],[-41.7689,-20.8752]],[[-41.7671,-20.8744],[-41.7663,-20.8775],[-41.7671,-20.8744],[-41.7671,-20.8744]]]}},{"type":"Feature","properties":{"cod_tema":"ARL_PROPOSTA","cod_imovel":"RJ-3306156-646B08F9092A46038D0A30F6A7244343","num_area":"3.7123000000000000000000000000000","ind_status":"AT"},"geometry":{"type":"Polygon","coordinates":[[[-41.7423,-20.8589],[-41.739,-20.8662],[-41.7423,-20.8589],[-41.7423,-20.8589]]]}},{"type":"Feature","properties":{"cod_tema":"ARL_PROPOSTA","cod_imovel":"RJ-3306156-68291E14251442F4817E28A00D1189A2","num_area":"5.1927000000000000000000000000000","ind_status":"AT"},"geometry":{"type":"Polygon","coordinates":[[[-41.7973,-20.8575],[-41.8009,-20.857],[-41.7973,-20.8576],[-41.7973,-20.8575]],[[-41.797,-20.859],[-41.801,-20.8575],[-41.797,-20.859],[-41.797,-20.859]]]}},{"type":"Feature","properties":{"cod_tema":"ARL_PROPOSTA","cod_imovel":"RJ-3306156-6DA6FD147CBB45CF932A610764F3472C","num_area":"6.8110000000000000000000000000000","ind_status":"AT"},"geometry":{"type":"Polygon","coordinates":[[[-41.7687,-20.8451],[-41.7645,-20.846],[-41.7684,-20.8452],[-41.7687,-20.8451]]]}},{"type":"Feature","properties":{"cod_tema":"ARL_PROPOSTA","cod_imovel":"RJ-3306156-6B6E2A873ADA4BAA8C0025A384095BDD","num_area":"1.1905000000000000000000000000000","ind_status":"AT"},"geometry":{"type":"Polygon","coordinates":[[[-41.8514,-20.9293],[-41.8498,-20.9307],[-41.8515,-20.9297],[-41.8514,-20.9293]]]}},{"type":"Feature","properties":{"cod_tema":"ARL_PROPOSTA","cod_imovel":"RJ-3306156-6D4E6C360D0D4DABACAF5FCBC533BEB9","num_area":"11.109900000000000000000000000000","ind_status":"AT"},"geometry":{"type":"Polygon","coordinates":[[[-41.8023,-20.8528],[-41.8042,-20.847],[-41.8023,-20.8528],[-41.8023,-20.8528]]]}},{"type":"Feature","properties":{"cod_tema":"ARL_PROPOSTA","cod_imovel":"RJ-3306156-720F77F330C74FC8B8BAB735CDC2F2B5","num_area":"2.3466000000000000000000000000000","ind_status":"AT"},"geometry":{"type":"Polygon","coordinates":[[[-41.8509,-20.9287],[-41.8489,-20.9302],[-41.851,-20.9292],[-41.8509,-20.9287]]]}},{"type":"Feature","properties":{"cod_tema":"ARL_PROPOSTA","cod_imovel":"RJ-3306156-779455DD1A1C47769B52FA35C17C4B64","num_area":"3.9476000000000000000000000000000","ind_status":"AT"},"geometry":{"type":"Polygon","coordinates":[[[-41.828,-20.9378],[-41.8254,-20.9376],[-41.828,-20.9379],[-41.828,-20.9378]]]}},{"type":"Feature","properties":{"cod_tema":"ARL_PROPOSTA","cod_imovel":"RJ-3306156-763589F71A934C6D9019B142BD509F49","num_area":"4.2440000000000000000000000000000","ind_status":"AT"},"geometry":{"type":"Polygon","coordinates":[[[-41.77,-20.8707],[-41.7687,-20.8734],[-41.7709,-20.8717],[-41.77,-20.8707]]]}},{"type":"Feature","properties":{"cod_tema":"ARL_PROPOSTA","cod_imovel":"RJ-3306156-7668C05E2FB645A7A59D181A97A55F44","num_area":"27.730800000000000000000000000000","ind_status":"AT"},"geometry":{"type":"Polygon","coordinates":[[[-41.8646,-20.849],[-41.8626,-20.8478],[-41.8614,-20.8513],[-41.8643,-20.8493],[-41.8646,-20.849]],[[-41.8514,-20.8499],[-41.8477,-20.8476],[-41.8486,-20.8513],[-41.8512,-20.8501],[-41.8514,-20.8499]],[[-41.8594,-20.8528],[-41.8575,-20.8546],[-41.8593,-20.8531],[-41.8594,-20.8528]],[[-41.8631,-20.8596],[-41.8642,-20.8542],[-41.8613,-20.8575],[-41.863,-20.8597],[-41.8631,-20.8596]]]}},{"type":"Feature","properties":{"cod_tema":"ARL_PROPOSTA","cod_imovel":"RJ-3306156-78A9240AF998443593760144B6CBBF10","num_area":"12.918900000000000000000000000000","ind_status":"AT"},"geometry":{"type":"Polygon","coordinates":[[[-41.8229,-20.85],[-41.8198,-20.8509],[-41.8223,-20.854],[-41.8287,-20.8457],[-41.8242,-20.8504],[-41.8229,-20.85]],[[-41.823,-20.8526],[-41.8288,-20.8457],[-41.8236,-20.8523],[-41.823,-20.8526]],[[-41.8351,-20.8486],[-41.8347,-20.8509],[-41.8352,-20.8489],[-41.8351,-20.8486]]]}},{"type":"Feature","properties":{"cod_tema":"ARL_PROPOSTA","cod_imovel":"RJ-3306156-7A6FBA92671A49BEBCA1EF3BC989F0D0","num_area":"4.0378000000000000000000000000000","ind_status":"CA"},"geometry":{"type":"Polygon","coordinates":[[[-41.7981,-20.965],[-41.7973,-20.9674],[-41.7984,-20.9651],[-41.7981,-20.965]]]}},{"type":"Feature","properties":{"cod_tema":"ARL_PROPOSTA","cod_imovel":"RJ-3306156-7A9F46F9B5444EE28FEFB724BDF6063F","num_area":"21.523900000000000000000000000000","ind_status":"PE"},"geometry":{"type":"Polygon","coordinates":[[[-41.8749,-20.9551],[-41.8747,-20.9503],[-41.8696,-20.9577],[-41.8747,-20.955],[-41.8749,-20.9551]]]}},{"type":"Feature","properties":{"cod_tema":"ARL_PROPOSTA","cod_imovel":"RJ-3306156-7B5251844C3546848B8FA83F9096D073","num_area":"7.3737000000000000000000000000000","ind_status":"AT"},"geometry":{"type":"Polygon","coordinates":[[[-41.8229,-20.9384],[-41.8202,-20.9399],[-41.8227,-20.9415],[-41.823,-20.9385],[-41.8229,-20.9384]]]}},{"type":"Feature","properties":{"cod_tema":"ARL_PROPOSTA","cod_imovel":"RJ-3306156-81BE91518ECA4BAF83724FDEDE7A2D47","num_area":"7.8877000000000000000000000000000","ind_status":"AT"},"geometry":{"type":"Polygon","coordinates":[[[-41.7838,-20.8349],[-41.7859,-20.8379],[-41.7839,-20.8349],[-41.7838,-20.8349]]]}},{"type":"Feature","properties":{"cod_tema":"ARL_PROPOSTA","cod_imovel":"RJ-3306156-85B7E7A36EED439A8F8C3CD09307EC08","num_area":"18.958100000000000000000000000000","ind_status":"AT"},"geometry":{"type":"Polygon","coordinates":[[[-41.8455,-20.8793],[-41.8508,-20.8752],[-41.8449,-20.8793],[-41.8455,-20.8793]],[[-41.8546,-20.8714],[-41.8501,-20.8691],[-41.8533,-20.8744],[-41.8552,-20.8725],[-41.8546,-20.8714]]]}},{"type":"Feature","properties":{"cod_tema":"ARL_PROPOSTA","cod_imovel":"RJ-3306156-87D52D453B0A43838659E92024FBA1E1","num_area":"11.172600000000000000000000000000","ind_status":"AT"},"geometry":{"type":"Polygon","coordinates":[[[-41.7988,-20.911],[-41.8034,-20.9108],[-41.7982,-20.9102],[-41.7988,-20.911]]]}},{"type":"Feature","properties":{"cod_tema":"ARL_PROPOSTA","cod_imovel":"RJ-3306156-87FE3995F74142448605870ACE5DEB3A","num_area":"0.5808000000000000000000000000000","ind_status":"AT"},"geometry":{"type":"Polygon","coordinates":[[[-41.8057,-20.9801],[-41.8035,-20.9804],[-41.8058,-20.9802],[-41.8057,-20.9801]]]}},{"type":"Feature","properties":{"cod_tema":"ARL_PROPOSTA","cod_imovel":"RJ-3306156-9025220AA4D94112AF7400EA59C4893A","num_area":"0.9719000000000000000000000000000","ind_status":"AT"},"geometry":{"type":"Polygon","coordinates":[[[-41.797,-20.8591],[-41.8012,-20.8636],[-41.7969,-20.8592],[-41.797,-20.8591]]]}},{"type":"Feature","properties":{"cod_tema":"ARL_PROPOSTA","cod_imovel":"RJ-3306156-910CB5FC93574240BE4C376614751516","num_area":"5.2960000000000000000000000000000","ind_status":"AT"},"geometry":{"type":"Polygon","coordinates":[[[-41.8707,-20.9065],[-41.8698,-20.9035],[-41.8707,-20.9064],[-41.8707,-20.9065]]]}},{"type":"Feature","properties":{"cod_tema":"ARL_PROPOSTA","cod_imovel":"RJ-3306156-91C417CD71174B7FB95ABBDF2EF88DB0","num_area":"20.137400000000000000000000000000","ind_status":"AT"},"geometry":{"type":"Polygon","coordinates":[[[-41.8188,-20.9472],[-41.822,-20.9455],[-41.8206,-20.9435],[-41.8156,-20.9456],[-41.8202,-20.9437],[-41.8188,-20.9472],[-41.8188,-20.9472]]]}},{"type":"Feature","properties":{"cod_tema":"ARL_PROPOSTA","cod_imovel":"RJ-3306156-9A1F131E044B4D509272774E7E2166DB","num_area":"1.9499000000000000000000000000000","ind_status":"AT"},"geometry":{"type":"Polygon","coordinates":[[[-41.8077,-20.9703],[-41.8095,-20.969],[-41.8078,-20.9703],[-41.8077,-20.9703]]]}},{"type":"Feature","properties":{"cod_tema":"ARL_PROPOSTA","cod_imovel":"RJ-3306156-9DFB71871C2B46F89423DF3BFF830C1E","num_area":"8.2577000000000000000000000000000","ind_status":"AT"},"geometry":{"type":"Polygon","coordinates":[[[-41.8684,-20.9114],[-41.8657,-20.912],[-41.8686,-20.9116],[-41.8684,-20.9114]],[[-41.8707,-20.9153],[-41.8702,-20.913],[-41.87,-20.9151],[-41.8707,-20.9153]]]}},{"type":"Feature","properties":{"cod_tema":"ARL_PROPOSTA","cod_imovel":"RJ-3306156-A0E89BBAE18D41BEBABD30A8C3D3842F","num_area":"5.3864000000000000000000000000000","ind_status":"AT"},"geometry":{"type":"Polygon","coordinates":[[[-41.8095,-20.8882],[-41.8074,-20.8884],[-41.8113,-20.8892],[-41.8095,-20.8882],[-41.8095,-20.8882]]]}},{"type":"Feature","properties":{"cod_tema":"ARL_PROPOSTA","cod_imovel":"RJ-3306156-A77FF2FE489B489997E954D181DC8BB0","num_area":"0.9274000000000000000000000000000","ind_status":"AT"},"geometry":{"type":"Polygon","coordinates":[[[-41.8351,-20.8715],[-41.8374,-20.8724],[-41.8351,-20.8714],[-41.8351,-20.8715]]]}},{"type":"Feature","properties":{"cod_tema":"ARL_PROPOSTA","cod_imovel":"RJ-3306156-AA745765626E4F09A4554D9514E70932","num_area":"0.5406000000000000000000000000000","ind_status":"AT"},"geometry":{"type":"Polygon","coordinates":[[[-41.8222,-20.9005],[-41.8204,-20.902],[-41.8223,-20.9005],[-41.8222,-20.9005]]]}},{"type":"Feature","properties":{"cod_tema":"ARL_PROPOSTA","cod_imovel":"RJ-3306156-AF1060B5B307454F9F4FB2D2487D8A67","num_area":"2.1310000000000000000000000000000","ind_status":"AT"},"geometry":{"type":"Polygon","coordinates":[[[-41.8689,-20.8965],[-41.87,-20.8988],[-41.8689,-20.8964],[-41.8689,-20.8965]]]}},{"type":"Feature","properties":{"cod_tema":"ARL_PROPOSTA","cod_imovel":"RJ-3306156-AFB1F6F1D2C84B4AA0BABBDC8BE603DA","num_area":"11.916000000000000000000000000000","ind_status":"AT"},"geometry":{"type":"Polygon","coordinates":[[[-41.8795,-20.8872],[-41.8816,-20.8876],[-41.8792,-20.8869],[-41.8795,-20.8872]],[[-41.8811,-20.8819],[-41.878,-20.8797],[-41.8807,-20.8819],[-41.8811,-20.8819]],[[-41.8812,-20.8816],[-41.8815,-20.8792],[-41.8783,-20.8794],[-41.8809,-20.8817],[-41.8812,-20.8816]]]}},{"type":"Feature","properties":{"cod_tema":"ARL_PROPOSTA","cod_imovel":"RJ-3306156-B4FA8AF06430489786A802A0E3900D43","num_area":"2.9467000000000000000000000000000","ind_status":"AT"},"geometry":{"type":"Polygon","coordinates":[[[-41.7522,-20.8504],[-41.7547,-20.8507],[-41.7523,-20.8503],[-41.7522,-20.8504]]]}},{"type":"Feature","properties":{"cod_tema":"ARL_PROPOSTA","cod_imovel":"RJ-3306156-B5D8C123F3D64FC28CB1834307F941D6","num_area":"2.2089000000000000000000000000000","ind_status":"AT"},"geometry":{"type":"Polygon","coordinates":[[[-41.7564,-20.8547],[-41.7587,-20.8561],[-41.7576,-20.8543],[-41.7564,-20.8547]]]}},{"type":"Feature","properties":{"cod_tema":"ARL_PROPOSTA","cod_imovel":"RJ-3306156-B677744B6ECB48C5BF0B70FE6FC8F0B9","num_area":"1.5619000000000000000000000000000","ind_status":"AT"},"geometry":{"type":"Polygon","coordinates":[[[-41.8162,-20.9238],[-41.8137,-20.9226],[-41.8162,-20.924],[-41.8162,-20.9238]]]}},{"type":"Feature","properties":{"cod_tema":"ARL_PROPOSTA","cod_imovel":"RJ-3306156-BFC832D3267C43B4912C2C88B55C9A09","num_area":"2.9369000000000000000000000000000","ind_status":"AT"},"geometry":{"type":"Polygon","coordinates":[[[-41.8924,-20.9603],[-41.8907,-20.9618],[-41.8925,-20.9603],[-41.8924,-20.9603]]]}},{"type":"Feature","properties":{"cod_tema":"ARL_PROPOSTA","cod_imovel":"RJ-3306156-C1B7B135E75B4E41AD30B3944C7A500A","num_area":"1.6938000000000000000000000000000","ind_status":"AT"},"geometry":{"type":"Polygon","coordinates":[[[-41.8807,-20.9141],[-41.8778,-20.9182],[-41.8807,-20.9141],[-41.8807,-20.9141]]]}},{"type":"Feature","properties":{"cod_tema":"ARL_PROPOSTA","cod_imovel":"RJ-3306156-D755F095C2E24AD2A899A0BC093CF197","num_area":"2.6747000000000000000000000000000","ind_status":"AT"},"geometry":{"type":"Polygon","coordinates":[[[-41.8637,-20.9149],[-41.8655,-20.9135],[-41.8631,-20.9144],[-41.8637,-20.9149]]]}},{"type":"Feature","properties":{"cod_tema":"ARL_PROPOSTA","cod_imovel":"RJ-3306156-C827082BCE3C4E49AEFBCC482FBBA963","num_area":"3.8128000000000000000000000000000","ind_status":"AT"},"geometry":{"type":"Polygon","coordinates":[[[-41.8456,-20.8589],[-41.8427,-20.8609],[-41.8458,-20.8592],[-41.8456,-20.8589]]]}},{"type":"Feature","properties":{"cod_tema":"ARL_PROPOSTA","cod_imovel":"RJ-3306156-C9127E4E79A040FF9FA6727D2D405FDB","num_area":"11.447500000000000000000000000000","ind_status":"AT"},"geometry":{"type":"Polygon","coordinates":[[[-41.8004,-20.8895],[-41.8019,-20.8924],[-41.8005,-20.8895],[-41.8004,-20.8895]],[[-41.8062,-20.8914],[-41.8043,-20.889],[-41.806,-20.8912],[-41.8062,-20.8914]],[[-41.8065,-20.8914],[-41.8044,-20.889],[-41.8064,-20.8913],[-41.8065,-20.8914]],[[-41.8077,-20.8936],[-41.8086,-20.8914],[-41.8077,-20.8935],[-41.8077,-20.8936]],[[-41.8086,-20.8914],[-41.8065,-20.8916],[-41.8086,-20.8914],[-41.8086,-20.8914]]]}},{"type":"Feature","properties":{"cod_tema":"ARL_PROPOSTA","cod_imovel":"RJ-3306156-D246F1844EC34B499000F0BFBFDF8F28","num_area":"4.2489000000000000000000000000000","ind_status":"PE"},"geometry":{"type":"Polygon","coordinates":[[[-41.8149,-20.9747],[-41.8113,-20.9751],[-41.8148,-20.9748],[-41.8149,-20.9747]],[[-41.8117,-20.9762],[-41.8139,-20.9753],[-41.812,-20.976],[-41.8117,-20.9762]]]}},{"type":"Feature","properties":{"cod_tema":"ARL_PROPOSTA","cod_imovel":"RJ-3306156-CEC429C8535D495C9E1004C475218F52","num_area":"20.926700000000000000000000000000","ind_status":"AT"},"geometry":{"type":"Polygon","coordinates":[[[-41.8495,-20.9343],[-41.8552,-20.9408],[-41.8553,-20.9361],[-41.8497,-20.933],[-41.8495,-20.9343]]]}},{"type":"Feature","properties":{"cod_tema":"ARL_PROPOSTA","cod_imovel":"RJ-3306156-D00E8A821ED2409E80AAA47DDE6E49A4","num_area":"6.6539000000000000000000000000000","ind_status":"AT"},"geometry":{"type":"Polygon","coordinates":[[[-41.8749,-20.8706],[-41.8731,-20.8693],[-41.8747,-20.8711],[-41.8749,-20.8706]],[[-41.8731,-20.8693],[-41.8753,-20.8717],[-41.8732,-20.8693],[-41.8731,-20.8693]]]}},{"type":"Feature","properties":{"cod_tema":"ARL_PROPOSTA","cod_imovel":"RJ-3306156-D9B1D0D7B33349D09DB44BE5A0E0C45C","num_area":"3.4404000000000000000000000000000","ind_status":"AT"},"geometry":{"type":"Polygon","coordinates":[[[-41.8066,-20.8892],[-41.8078,-20.8871],[-41.8066,-20.8892],[-41.8066,-20.8892]]]}},{"type":"Feature","properties":{"cod_tema":"ARL_PROPOSTA","cod_imovel":"RJ-3306156-DF30BF2DC6384BB5BC6F156C6F9A64E9","num_area":"3.2951000000000000000000000000000","ind_status":"AT"},"geometry":{"type":"Polygon","coordinates":[[[-41.8411,-20.8878],[-41.8394,-20.8861],[-41.8409,-20.8879],[-41.8411,-20.8878]]]}},{"type":"Feature","properties":{"cod_tema":"ARL_PROPOSTA","cod_imovel":"RJ-3306156-E2F859A8D8B14378AC097AB856422456","num_area":"3.5142000000000000000000000000000","ind_status":"AT"},"geometry":{"type":"Polygon","coordinates":[[[-41.7924,-20.9728],[-41.7923,-20.9699],[-41.7925,-20.9727],[-41.7924,-20.9728]]]}},{"type":"Feature","properties":{"cod_tema":"ARL_PROPOSTA","cod_imovel":"RJ-3306156-E30CCDF531904E05B2FD62B4F4D4956B","num_area":"3.9107000000000000000000000000000","ind_status":"AT"},"geometry":{"type":"Polygon","coordinates":[[[-41.8952,-20.9561],[-41.8978,-20.9558],[-41.8955,-20.9555],[-41.8952,-20.9561]]]}},{"type":"Feature","properties":{"cod_tema":"ARL_PROPOSTA","cod_imovel":"RJ-3306156-E48CD45EBC7B441D9421ADA4BB976DF0","num_area":"1.8067000000000000000000000000000","ind_status":"AT"},"geometry":{"type":"Polygon","coordinates":[[[-41.8824,-20.8676],[-41.8788,-20.871],[-41.8824,-20.8676],[-41.8824,-20.8676]],[[-41.8758,-20.8703],[-41.8787,-20.8711],[-41.8764,-20.8705],[-41.8758,-20.8703]],[[-41.8788,-20.871],[-41.8756,-20.8701],[-41.8786,-20.864],[-41.8756,-20.8701],[-41.8783,-20.8708],[-41.8788,-20.871]]]}},{"type":"Feature","properties":{"cod_tema":"ARL_PROPOSTA","cod_imovel":"RJ-3306156-E4DEBA3495014588AA1FF5A8DCFE6777","num_area":"3.2300000000000000000000000000000","ind_status":"AT"},"geometry":{"type":"Polygon","coordinates":[[[-41.8966,-20.9012],[-41.8989,-20.8995],[-41.8965,-20.9012],[-41.8966,-20.9012]]]}},{"type":"Feature","properties":{"cod_tema":"ARL_PROPOSTA","cod_imovel":"RJ-3306156-E772D1A99ECA42C78FE788095DD7F13D","num_area":"11.482100000000000000000000000000","ind_status":"AT"},"geometry":{"type":"Polygon","coordinates":[[[-41.9013,-20.9459],[-41.8983,-20.949],[-41.9032,-20.9456],[-41.9013,-20.9459]]]}},{"type":"Feature","properties":{"cod_tema":"ARL_PROPOSTA","cod_imovel":"RJ-3306156-E807396C70274B7AA2B9380D48AEDCE4","num_area":"4.6715000000000000000000000000000","ind_status":"AT"},"geometry":{"type":"Polygon","coordinates":[[[-41.7912,-20.8866],[-41.7919,-20.8835],[-41.7912,-20.8861],[-41.7912,-20.8866]]]}},{"type":"Feature","properties":{"cod_tema":"ARL_PROPOSTA","cod_imovel":"RJ-3306156-E86CF1FB3DA04B0B9403B0DDB0738A45","num_area":"7.4817000000000000000000000000000","ind_status":"AT"},"geometry":{"type":"Polygon","coordinates":[[[-41.8955,-20.908],[-41.895,-20.9047],[-41.8955,-20.908],[-41.8955,-20.908]]]}},{"type":"Feature","properties":{"cod_tema":"ARL_PROPOSTA","cod_imovel":"RJ-3306156-EC9AAE29DD7D4C1797BDF87CC0D9B080","num_area":"3.2438000000000000000000000000000","ind_status":"AT"},"geometry":{"type":"Polygon","coordinates":[[[-41.881,-20.9477],[-41.8843,-20.9459],[-41.881,-20.9477],[-41.881,-20.9477]]]}},{"type":"Feature","properties":{"cod_tema":"ARL_PROPOSTA","cod_imovel":"RJ-3306156-EDEE81B625644871998A5E4562066AD8","num_area":"4.3977000000000000000000000000000","ind_status":"AT"},"geometry":{"type":"Polygon","coordinates":[[[-41.8352,-20.8659],[-41.8379,-20.8665],[-41.8355,-20.8655],[-41.8352,-20.8659]],[[-41.8364,-20.8605],[-41.8346,-20.8635],[-41.8364,-20.8606],[-41.8364,-20.8605]],[[-41.8364,-20.8605],[-41.8345,-20.8635],[-41.8362,-20.8607],[-41.8364,-20.8605]],[[-41.8345,-20.8635],[-41.8357,-20.8617],[-41.8346,-20.8634],[-41.8345,-20.8635]]]}},{"type":"Feature","properties":{"cod_tema":"ARL_PROPOSTA","cod_imovel":"RJ-3306156-F7F2200DC8F84F5F85F2AA614E03A818","num_area":"8.1186000000000000000000000000000","ind_status":"AT"},"geometry":{"type":"Polygon","coordinates":[[[-41.9066,-20.9594],[-41.9022,-20.9595],[-41.9065,-20.9595],[-41.9066,-20.9594]],[[-41.8962,-20.9627],[-41.9015,-20.9635],[-41.896,-20.9627],[-41.8962,-20.9627]]]}},{"type":"Feature","properties":{"cod_tema":"ARL_PROPOSTA","cod_imovel":"RJ-3306156-F995C9ED57464B3BA49BF7AC7C7E2ABF","num_area":"1.3876000000000000000000000000000","ind_status":"AT"},"geometry":{"type":"Polygon","coordinates":[[[-41.7865,-20.8448],[-41.7859,-20.8429],[-41.7865,-20.8448],[-41.7865,-20.8448]]]}},{"type":"Feature","properties":{"cod_tema":"ARL_AVERBADA","cod_imovel":"RJ-3306156-C9441D7FBE084194AA1FEBBD65C5C67D","num_area":"20.639300000000000000000000000000","ind_status":"PE"},"geometry":{"type":"Polygon","coordinates":[[[-41.8236,-20.9636],[-41.8223,-20.9599],[-41.8158,-20.9615],[-41.8161,-20.9649],[-41.8188,-20.9613],[-41.8228,-20.9628],[-41.8236,-20.9636]]]}},{"type":"Feature","properties":{"cod_tema":"ARL_AVERBADA","cod_imovel":"RJ-3306156-1570D9384A9F428C837BB06CFD098710","num_area":"5.7984000000000000000000000000000","ind_status":"AT"},"geometry":{"type":"Polygon","coordinates":[[[-41.8252,-20.8965],[-41.828,-20.8971],[-41.8261,-20.899],[-41.8291,-20.8969],[-41.8258,-20.896],[-41.8252,-20.8965]]]}},{"type":"Feature","properties":{"cod_tema":"ARL_PROPOSTA","cod_imovel":"RJ-3306156-C8CCF8EDF16248BA83BCD05C8094E90C","num_area":"4.6143000000000000000000000000000","ind_status":"AT"},"geometry":{"type":"Polygon","coordinates":[[[-41.8325,-20.882],[-41.8339,-20.8852],[-41.8336,-20.883],[-41.8325,-20.882]]]}},{"type":"Feature","properties":{"cod_tema":"ARL_PROPOSTA","cod_imovel":"RJ-3306156-532CD98F8766437BAA8300D63BD1508C","num_area":"1.7212000000000000000000000000000","ind_status":"AT"},"geometry":{"type":"Polygon","coordinates":[[[-41.8634,-20.9163],[-41.8611,-20.917],[-41.8634,-20.9163],[-41.8634,-20.9163]]]}},{"type":"Feature","properties":{"cod_tema":"ARL_PROPOSTA","cod_imovel":"RJ-3306156-FAD11D67050C40DD8E991FB8A470D967","num_area":"2.6707000000000000000000000000000","ind_status":"AT"},"geometry":{"type":"Polygon","coordinates":[[[-41.9115,-20.9357],[-41.9111,-20.9335],[-41.9109,-20.9365],[-41.9115,-20.9357]],[[-41.9108,-20.9337],[-41.9108,-20.9363],[-41.9111,-20.9342],[-41.9108,-20.9337]]]}},{"type":"Feature","properties":{"cod_tema":"ARL_PROPOSTA","cod_imovel":"RJ-3306156-9A1F5060FE79434BA4ED31C64D2CF0D4","num_area":"32.679700000000000000000000000000","ind_status":"AT"},"geometry":{"type":"Polygon","coordinates":[[[-41.8261,-20.9235],[-41.8316,-20.9243],[-41.8375,-20.9152],[-41.8262,-20.9234],[-41.8261,-20.9235]]]}},{"type":"Feature","properties":{"cod_tema":"ARL_PROPOSTA","cod_imovel":"RJ-3306156-6DD103D2A7104A5D8A1498B1ED40228A","num_area":"3.1629000000000000000000000000000","ind_status":"PE"},"geometry":{"type":"Polygon","coordinates":[[[-41.7999,-20.8808],[-41.8025,-20.8809],[-41.7999,-20.8807],[-41.7999,-20.8808]]]}},{"type":"Feature","properties":{"cod_tema":"ARL_PROPOSTA","cod_imovel":"RJ-3306156-BF1027D884E349DCB20C776035372158","num_area":"4.8495000000000000000000000000000","ind_status":"AT"},"geometry":{"type":"Polygon","coordinates":[[[-41.8132,-20.9261],[-41.812,-20.9277],[-41.8134,-20.9262],[-41.8132,-20.9261]],[[-41.8158,-20.9288],[-41.8182,-20.9292],[-41.8158,-20.9287],[-41.8158,-20.9288]],[[-41.8162,-20.9271],[-41.8147,-20.9256],[-41.8145,-20.9284],[-41.8162,-20.9271],[-41.8162,-20.9271]]]}},{"type":"Feature","properties":{"cod_tema":"ARL_PROPOSTA","cod_imovel":"RJ-3306156-B53B857AE5AE496A860B498F047122EB","num_area":"8.6860000000000000000000000000000","ind_status":"AT"},"geometry":{"type":"Polygon","coordinates":[[[-41.8818,-20.9099],[-41.8787,-20.9108],[-41.8829,-20.9105],[-41.8818,-20.9099]]]}},{"type":"Feature","properties":{"cod_tema":"ARL_PROPOSTA","cod_imovel":"RJ-3306156-D30B9B80F5384F01A52EB22E3A629D4F","num_area":"4.5522000000000000000000000000000","ind_status":"AT"},"geometry":{"type":"Polygon","coordinates":[[[-41.8045,-20.9047],[-41.8025,-20.9017],[-41.804,-20.9047],[-41.8045,-20.9047]],[[-41.8019,-20.9028],[-41.8035,-20.9047],[-41.8021,-20.9028],[-41.8019,-20.9028]],[[-41.8018,-20.9031],[-41.8034,-20.9048],[-41.802,-20.9032],[-41.8018,-20.9031]]]}},{"type":"Feature","properties":{"cod_tema":"ARL_PROPOSTA","cod_imovel":"RJ-3306156-60420246638C42129B161876A67AE042","num_area":"6.1727000000000000000000000000000","ind_status":"AT"},"geometry":{"type":"Polygon","coordinates":[[[-41.8329,-20.9013],[-41.8342,-20.8995],[-41.8329,-20.9013],[-41.8329,-20.9013]],[[-41.8349,-20.898],[-41.8332,-20.8957],[-41.8349,-20.8981],[-41.8349,-20.898]]]}},{"type":"Feature","properties":{"cod_tema":"ARL_PROPOSTA","cod_imovel":"RJ-3306156-F309DB4892A74243B2F20BF29A3E001A","num_area":"20.614800000000000000000000000000","ind_status":"PE"},"geometry":{"type":"Polygon","coordinates":[[[-41.7845,-20.8057],[-41.7815,-20.8041],[-41.7901,-20.81],[-41.7848,-20.8059],[-41.7845,-20.8057]]]}},{"type":"Feature","properties":{"cod_tema":"ARL_PROPOSTA","cod_imovel":"RJ-3304102-2B69DD43BD6F4831A410A4A4FA107ACF","num_area":"5.0182000000000000000000000000000","ind_status":"AT"},"geometry":{"type":"Polygon","coordinates":[[[-41.9035,-20.9032],[-41.9056,-20.9048],[-41.904,-20.9024],[-41.9035,-20.9032]]]}},{"type":"Feature","properties":{"cod_tema":"ARL_PROPOSTA","cod_imovel":"RJ-3306156-1FA79F09CE2A44B0B2DB165A0917B793","num_area":"1.7324000000000000000000000000000","ind_status":"AT"},"geometry":{"type":"Polygon","coordinates":[[[-41.8194,-20.8759],[-41.822,-20.8763],[-41.8195,-20.8758],[-41.8194,-20.8759]]]}},{"type":"Feature","properties":{"cod_tema":"ARL_PROPOSTA","cod_imovel":"RJ-3306156-9BD10F1D0F9B49FBABF637E66D76D964","num_area":"1.4959000000000000000000000000000","ind_status":"AT"},"geometry":{"type":"Polygon","coordinates":[[[-41.7804,-20.8641],[-41.782,-20.862],[-41.7801,-20.8638],[-41.7804,-20.8641]]]}},{"type":"Feature","properties":{"cod_tema":"ARL_PROPOSTA","cod_imovel":"RJ-3306156-AA4A51A50A4448699FD836A87007F2AC","num_area":"18.474500000000000000000000000000","ind_status":"SU"},"geometry":{"type":"Polygon","coordinates":[[[-41.8367,-20.9394],[-41.835,-20.9381],[-41.8364,-20.9396],[-41.8367,-20.9394]],[[-41.8325,-20.9349],[-41.8381,-20.9334],[-41.838,-20.9309],[-41.8324,-20.9347],[-41.8325,-20.9349]]]}},{"type":"Feature","properties":{"cod_tema":"ARL_PROPOSTA","cod_imovel":"RJ-3306156-2D661A425ECA4F1F81BF12A31ADC3B02","num_area":"2.9165000000000000000000000000000","ind_status":"AT"},"geometry":{"type":"Polygon","coordinates":[[[-41.8353,-20.9454],[-41.8325,-20.9453],[-41.835,-20.9457],[-41.8353,-20.9454]]]}},{"type":"Feature","properties":{"cod_tema":"ARL_PROPOSTA","cod_imovel":"RJ-3306156-01B71BC35F3944A796B37C2323773862","num_area":"1.4383000000000000000000000000000","ind_status":"AT"},"geometry":{"type":"Polygon","coordinates":[[[-41.8167,-20.8945],[-41.8198,-20.8964],[-41.8179,-20.8948],[-41.8167,-20.8945]]]}},{"type":"Feature","properties":{"cod_tema":"ARL_PROPOSTA","cod_imovel":"RJ-3306156-4EB697D575314F19AD16C82AC333995B","num_area":"8.4129000000000000000000000000000","ind_status":"AT"},"geometry":{"type":"Polygon","coordinates":[[[-41.7698,-20.8426],[-41.7669,-20.8438],[-41.7711,-20.843],[-41.7698,-20.8426]],[[-41.7692,-20.8453],[-41.7713,-20.843],[-41.7693,-20.8452],[-41.7692,-20.8453]]]}},{"type":"Feature","properties":{"cod_tema":"ARL_PROPOSTA","cod_imovel":"RJ-3306156-3EBEDA186256424E8B6FDF55E0EBB251","num_area":"24.264400000000000000000000000000","ind_status":"AT"},"geometry":{"type":"Polygon","coordinates":[[[-41.8105,-20.9015],[-41.8056,-20.9039],[-41.8103,-20.9019],[-41.8105,-20.9015]],[[-41.8211,-20.8977],[-41.8159,-20.8942],[-41.8166,-20.8976],[-41.8211,-20.8977],[-41.8211,-20.8977]],[[-41.8173,-20.9021],[-41.8202,-20.9012],[-41.8169,-20.9021],[-41.8173,-20.9021]]]}},{"type":"Feature","properties":{"cod_tema":"ARL_PROPOSTA","cod_imovel":"RJ-3306156-D67A9AD888ED49B4A016BED2CDDF7599","num_area":"2.0759000000000000000000000000000","ind_status":"AT"},"geometry":{"type":"Polygon","coordinates":[[[-41.8596,-20.9054],[-41.8576,-20.9062],[-41.8597,-20.9055],[-41.8596,-20.9054]]]}},{"type":"Feature","properties":{"cod_tema":"ARL_PROPOSTA","cod_imovel":"RJ-3306156-E2A1E6569AD848008D739732FB5163FA","num_area":"21.124000000000000000000000000000","ind_status":"AT"},"geometry":{"type":"Polygon","coordinates":[[[-41.7694,-20.8348],[-41.7651,-20.839],[-41.7676,-20.8423],[-41.7709,-20.8405],[-41.7704,-20.8379],[-41.7666,-20.8391],[-41.7697,-20.8354],[-41.7694,-20.8348]]]}},{"type":"Feature","properties":{"cod_tema":"ARL_PROPOSTA","cod_imovel":"RJ-3306156-A8450DC7017D42D8AECF4DA2B9A2C940","num_area":"4.7025000000000000000000000000000","ind_status":"AT"},"geometry":{"type":"Polygon","coordinates":[[[-41.8384,-20.9256],[-41.8355,-20.9278],[-41.8385,-20.9259],[-41.8384,-20.9256]]]}},{"type":"Feature","properties":{"cod_tema":"ARL_PROPOSTA","cod_imovel":"RJ-3306156-6822AAE9EB2D4BCBBF1AAADE5AB8A7FC","num_area":"9.0625000000000000000000000000000","ind_status":"AT"},"geometry":{"type":"Polygon","coordinates":[[[-41.842,-20.9427],[-41.8413,-20.9403],[-41.8381,-20.9429],[-41.842,-20.9427],[-41.842,-20.9427]]]}},{"type":"Feature","properties":{"cod_tema":"ARL_PROPOSTA","cod_imovel":"RJ-3306156-103BF0E2DA404BD5BCBFCC6CFE71B780","num_area":"4.8553000000000000000000000000000","ind_status":"AT"},"geometry":{"type":"Polygon","coordinates":[[[-41.8603,-20.9027],[-41.8582,-20.9056],[-41.8601,-20.9029],[-41.8603,-20.9027]]]}},{"type":"Feature","properties":{"cod_tema":"ARL_PROPOSTA","cod_imovel":"RJ-3306156-27FDD8AC6100492BA7B5487A722C27AF","num_area":"8.4875000000000000000000000000000","ind_status":"AT"},"geometry":{"type":"Polygon","coordinates":[[[-41.8462,-20.8661],[-41.8503,-20.8658],[-41.8466,-20.866],[-41.8478,-20.8621],[-41.8461,-20.8658],[-41.8462,-20.8661]]]}},{"type":"Feature","properties":{"cod_tema":"ARL_PROPOSTA","cod_imovel":"RJ-3306156-8CC8BFD0064744B3B28026ED6E6B1961","num_area":"4.3575000000000000000000000000000","ind_status":"AT"},"geometry":{"type":"Polygon","coordinates":[[[-41.8613,-20.9015],[-41.8587,-20.9016],[-41.8612,-20.9015],[-41.8613,-20.9015]]]}},{"type":"Feature","properties":{"cod_tema":"ARL_AVERBADA","cod_imovel":"RJ-3306156-246EA6C5D89744F6B245093245C1E65A","num_area":"17.466700000000000000000000000000","ind_status":"AT"},"geometry":{"type":"Polygon","coordinates":[[[-41.8582,-20.9055],[-41.8576,-20.9019],[-41.858,-20.9055],[-41.8582,-20.9055]],[[-41.8572,-20.9072],[-41.8524,-20.9058],[-41.8563,-20.9084],[-41.8572,-20.9072]],[[-41.8543,-20.899],[-41.8583,-20.8979],[-41.8548,-20.8986],[-41.8543,-20.899]]]}},{"type":"Feature","properties":{"cod_tema":"ARL_PROPOSTA","cod_imovel":"RJ-3306156-1180DA5E78C244418A959530A0FAA08E","num_area":"40.293800000000000000000000000000","ind_status":"AT"},"geometry":{"type":"Polygon","coordinates":[[[-41.8506,-20.8775],[-41.8456,-20.8815],[-41.8506,-20.8775],[-41.8506,-20.8775]],[[-41.8525,-20.8829],[-41.8474,-20.8816],[-41.8458,-20.8848],[-41.8544,-20.8852],[-41.8503,-20.8844],[-41.8531,-20.8827],[-41.8525,-20.8829]]]}},{"type":"Feature","properties":{"cod_tema":"ARL_AVERBADA","cod_imovel":"RJ-3306156-5B9FE4449F55492BA7AE7B6E1DD372EF","num_area":"29.796100000000000000000000000000","ind_status":"AT"},"geometry":{"type":"Polygon","coordinates":[[[-41.8459,-20.8989],[-41.8423,-20.8977],[-41.8444,-20.8992],[-41.8459,-20.8989]],[[-41.8443,-20.8909],[-41.8359,-20.8948],[-41.839,-20.8959],[-41.8444,-20.8909],[-41.8443,-20.8909]]]}},{"type":"Feature","properties":{"cod_tema":"ARL_PROPOSTA","cod_imovel":"RJ-3306156-10F2918C0CDD492E8607B4D9CA0E5E3C","num_area":"9.0846000000000000000000000000000","ind_status":"AT"},"geometry":{"type":"Polygon","coordinates":[[[-41.8684,-20.8972],[-41.8665,-20.8916],[-41.8681,-20.897],[-41.8684,-20.8972]]]}},{"type":"Feature","properties":{"cod_tema":"ARL_PROPOSTA","cod_imovel":"RJ-3306156-F86CECFA02DA43078B2049F3769C96A6","num_area":"6.6423000000000000000000000000000","ind_status":"AT"},"geometry":{"type":"Polygon","coordinates":[[[-41.8581,-20.9087],[-41.8614,-20.909],[-41.8586,-20.9078],[-41.8581,-20.9087]]]}},{"type":"Feature","properties":{"cod_tema":"ARL_PROPOSTA","cod_imovel":"RJ-3306156-74A0B45067734D6BB36198E0A8A05F28","num_area":"2.9565000000000000000000000000000","ind_status":"AT"},"geometry":{"type":"Polygon","coordinates":[[[-41.8555,-20.908],[-41.8585,-20.908],[-41.8555,-20.908],[-41.8555,-20.908]]]}},{"type":"Feature","properties":{"cod_tema":"ARL_PROPOSTA","cod_imovel":"RJ-3306156-7BC1A1CA09AF4E62803B3518AED90E7C","num_area":"4.8331000000000000000000000000000","ind_status":"AT"},"geometry":{"type":"Polygon","coordinates":[[[-41.8442,-20.938],[-41.8415,-20.9411],[-41.8443,-20.938],[-41.8442,-20.938]]]}},{"type":"Feature","properties":{"cod_tema":"ARL_PROPOSTA","cod_imovel":"RJ-3306156-19798BD6B52744BBAFF3D6256101BF32","num_area":"12.020100000000000000000000000000","ind_status":"AT"},"geometry":{"type":"Polygon","coordinates":[[[-41.842,-20.8727],[-41.8497,-20.8679],[-41.8427,-20.8724],[-41.842,-20.8727]]]}},{"type":"Feature","properties":{"cod_tema":"ARL_PROPOSTA","cod_imovel":"RJ-3306156-6B31165EC26A4895ACA60D4D131BF6F7","num_area":"31.296700000000000000000000000000","ind_status":"AT"},"geometry":{"type":"Polygon","coordinates":[[[-41.8207,-20.9235],[-41.8202,-20.9273],[-41.8275,-20.9246],[-41.8207,-20.9234],[-41.8207,-20.9235]]]}},{"type":"Feature","properties":{"cod_tema":"ARL_PROPOSTA","cod_imovel":"RJ-3306156-60BC80671AF14AFB96AD8BA787714751","num_area":"5.6000000000000000000000000000000","ind_status":"AT"},"geometry":{"type":"Polygon","coordinates":[[[-41.7682,-20.8411],[-41.7637,-20.8406],[-41.7672,-20.8411],[-41.7682,-20.8411]]]}},{"type":"Feature","properties":{"cod_tema":"ARL_PROPOSTA","cod_imovel":"RJ-3306156-64EFE385C131462BA7D86A715AE4C754","num_area":"7.1425000000000000000000000000000","ind_status":"AT"},"geometry":{"type":"Polygon","coordinates":[[[-41.8337,-20.9324],[-41.8354,-20.9279],[-41.8337,-20.9324],[-41.8337,-20.9324]],[[-41.8317,-20.933],[-41.833,-20.9308],[-41.8317,-20.933],[-41.8317,-20.933]]]}},{"type":"Feature","properties":{"cod_tema":"ARL_PROPOSTA","cod_imovel":"RJ-3306156-A3DEE3CA1DA24790BFC4AE0139FC7BC7","num_area":"26.612900000000000000000000000000","ind_status":"AT"},"geometry":{"type":"Polygon","coordinates":[[[-41.8456,-20.9235],[-41.8427,-20.9231],[-41.8456,-20.9235],[-41.8456,-20.9235]],[[-41.8413,-20.9307],[-41.8462,-20.9309],[-41.8411,-20.9306],[-41.8413,-20.9307]],[[-41.8366,-20.9279],[-41.8355,-20.9314],[-41.84,-20.9304],[-41.8367,-20.9279],[-41.8366,-20.9279]]]}},{"type":"Feature","properties":{"cod_tema":"ARL_PROPOSTA","cod_imovel":"RJ-3306156-E2D9D069FA674D888543375000E3FC02","num_area":"4.9491000000000000000000000000000","ind_status":"AT"},"geometry":{"type":"Polygon","coordinates":[[[-41.8868,-20.8746],[-41.8893,-20.8752],[-41.8868,-20.8746],[-41.8868,-20.8746]],[[-41.8911,-20.8733],[-41.8855,-20.8731],[-41.8911,-20.8733],[-41.8911,-20.8733]]]}},{"type":"Feature","properties":{"cod_tema":"ARL_PROPOSTA","cod_imovel":"RJ-3306156-461237A44B2D4E1E8477A7C45E55FE7F","num_area":"2.7151000000000000000000000000000","ind_status":"AT"},"geometry":{"type":"Polygon","coordinates":[[[-41.8719,-20.9165],[-41.8699,-20.9181],[-41.8722,-20.9169],[-41.8719,-20.9165]]]}},{"type":"Feature","properties":{"cod_tema":"ARL_AVERBADA","cod_imovel":"RJ-3306156-B4E614ADBA6748D9B8CF3DF4951DAC75","num_area":"37.441900000000000000000000000000","ind_status":"AT"},"geometry":{"type":"Polygon","coordinates":[[[-41.8269,-20.8957],[-41.8282,-20.8928],[-41.8266,-20.8957],[-41.8269,-20.8957]],[[-41.828,-20.8879],[-41.8325,-20.8818],[-41.8313,-20.8786],[-41.826,-20.8847],[-41.8279,-20.8879],[-41.828,-20.8879]]]}},{"type":"Feature","properties":{"cod_tema":"ARL_AVERBADA","cod_imovel":"RJ-3306156-94865276C4F741D68FCFEF6D04BEFFA1","num_area":"6.9069000000000000000000000000000","ind_status":"PE"},"geometry":{"type":"Polygon","coordinates":[[[-41.8809,-20.9083],[-41.8824,-20.911],[-41.8823,-20.9089],[-41.8809,-20.9083]]]}},{"type":"Feature","properties":{"cod_tema":"ARL_PROPOSTA","cod_imovel":"RJ-3306156-BE172E6A55FB42189031BB7B57B00B98","num_area":"0.5874000000000000000000000000000","ind_status":"AT"},"geometry":{"type":"Polygon","coordinates":[[[-41.8376,-20.8694],[-41.8355,-20.8692],[-41.8376,-20.8694],[-41.8376,-20.8694]]]}},{"type":"Feature","properties":{"cod_tema":"ARL_PROPOSTA","cod_imovel":"RJ-3306156-11487A17A6D54E87AE13AA42C2F188D8","num_area":"13.371900000000000000000000000000","ind_status":"AT"},"geometry":{"type":"Polygon","coordinates":[[[-41.8145,-20.8474],[-41.8115,-20.8454],[-41.8092,-20.8484],[-41.8145,-20.8483],[-41.8145,-20.8474]]]}},{"type":"Feature","properties":{"cod_tema":"ARL_PROPOSTA","cod_imovel":"RJ-3306156-DB4B93DA09D64CE7B251C0035198ADE6","num_area":"5.2738000000000000000000000000000","ind_status":"AT"},"geometry":{"type":"Polygon","coordinates":[[[-41.7683,-20.8353],[-41.7634,-20.8337],[-41.766,-20.8356],[-41.7683,-20.8353]]]}},{"type":"Feature","properties":{"cod_tema":"ARL_PROPOSTA","cod_imovel":"RJ-3306156-0757CCE18507497E8E1634DF3DD05E0B","num_area":"2.0567000000000000000000000000000","ind_status":"AT"},"geometry":{"type":"Polygon","coordinates":[[[-41.8595,-20.9273],[-41.8602,-20.9245],[-41.8608,-20.9271],[-41.8595,-20.9273]],[[-41.8613,-20.9266],[-41.8602,-20.9245],[-41.8613,-20.9266],[-41.8613,-20.9266]]]}},{"type":"Feature","properties":{"cod_tema":"ARL_PROPOSTA","cod_imovel":"RJ-3306156-AD97BCDE285F4B2985EF6F3005246317","num_area":"5.6855000000000000000000000000000","ind_status":"AT"},"geometry":{"type":"Polygon","coordinates":[[[-41.8102,-20.8433],[-41.8115,-20.84],[-41.8102,-20.8433],[-41.8102,-20.8433]]]}},{"type":"Feature","properties":{"cod_tema":"ARL_PROPOSTA","cod_imovel":"RJ-3306156-F558C34C3D4740EB8584F6CBCF7E23D5","num_area":"13.385600000000000000000000000000","ind_status":"AT"},"geometry":{"type":"Polygon","coordinates":[[[-41.8596,-20.9648],[-41.8587,-20.968],[-41.854,-20.9684],[-41.8571,-20.9684],[-41.8541,-20.9693],[-41.8559,-20.9717],[-41.8599,-20.9682],[-41.8596,-20.9648]]]}},{"type":"Feature","properties":{"cod_tema":"ARL_PROPOSTA","cod_imovel":"RJ-3306156-8EEA472C6D6F44158DFC3D019FA19FED","num_area":"1.7836000000000000000000000000000","ind_status":"AT"},"geometry":{"type":"Polygon","coordinates":[[[-41.8689,-20.9209],[-41.8706,-20.9234],[-41.8689,-20.9209],[-41.8689,-20.9209]]]}},{"type":"Feature","properties":{"cod_tema":"ARL_PROPOSTA","cod_imovel":"RJ-3306156-39DB9C8FFD6B414487F2FD4C4C81DE5C","num_area":"4.9130000000000000000000000000000","ind_status":"AT"},"geometry":{"type":"Polygon","coordinates":[[[-41.8033,-20.8402],[-41.8076,-20.8424],[-41.8036,-20.8398],[-41.8033,-20.8402]]]}},{"type":"Feature","properties":{"cod_tema":"ARL_PROPOSTA","cod_imovel":"RJ-3306156-C9FED4F0A7A64B60A6806A4BD776B3EB","num_area":"4.8361000000000000000000000000000","ind_status":"CA"},"geometry":{"type":"Polygon","coordinates":[[[-41.8862,-20.9312],[-41.8843,-20.9294],[-41.8864,-20.9315],[-41.8862,-20.9312]]]}},{"type":"Feature","properties":{"cod_tema":"ARL_PROPOSTA","cod_imovel":"RJ-3306156-29A343CABF7A4203A10E7B740F6E77E0","num_area":"0.8311000000000000000000000000000","ind_status":"AT"},"geometry":{"type":"Polygon","coordinates":[[[-41.8413,-20.8621],[-41.8439,-20.8603],[-41.8414,-20.8621],[-41.8413,-20.8621]]]}},{"type":"Feature","properties":{"cod_tema":"ARL_PROPOSTA","cod_imovel":"RJ-3306156-A292A8ECFF344805AF7E8C9738B961C3","num_area":"7.8928000000000000000000000000000","ind_status":"AT"},"geometry":{"type":"Polygon","coordinates":[[[-41.834,-20.8677],[-41.8379,-20.8695],[-41.8345,-20.8675],[-41.834,-20.8677]]]}},{"type":"Feature","properties":{"cod_tema":"ARL_PROPOSTA","cod_imovel":"RJ-3306156-3E6E7956D33049808AD71B78E5902FBA","num_area":"6.0361000000000000000000000000000","ind_status":"AT"},"geometry":{"type":"Polygon","coordinates":[[[-41.8232,-20.9542],[-41.8255,-20.9554],[-41.8235,-20.9545],[-41.8232,-20.9542]],[[-41.8237,-20.9569],[-41.821,-20.9584],[-41.8232,-20.9574],[-41.8237,-20.9569]]]}},{"type":"Feature","properties":{"cod_tema":"ARL_PROPOSTA","cod_imovel":"RJ-3306156-3809F5FC0CCD4E79B1E8E134EA1F3FC8","num_area":"5.3344000000000000000000000000000","ind_status":"AT"},"geometry":{"type":"Polygon","coordinates":[[[-41.8356,-20.8556],[-41.8349,-20.8521],[-41.8356,-20.8556],[-41.8356,-20.8556]]]}},{"type":"Feature","properties":{"cod_tema":"ARL_PROPOSTA","cod_imovel":"RJ-3306156-23A0F1F772774637AFB1B3E35570A223","num_area":"3.0080000000000000000000000000000","ind_status":"AT"},"geometry":{"type":"Polygon","coordinates":[[[-41.82,-20.9227],[-41.8252,-20.923],[-41.8204,-20.9217],[-41.82,-20.9227]]]}},{"type":"Feature","properties":{"cod_tema":"ARL_PROPOSTA","cod_imovel":"RJ-3306156-9E4F12ACA3074E17BF852AE26445F594","num_area":"12.395900000000000000000000000000","ind_status":"AT"},"geometry":{"type":"Polygon","coordinates":[[[-41.8835,-20.8751],[-41.877,-20.8738],[-41.8833,-20.8752],[-41.8769,-20.8743],[-41.8766,-20.878],[-41.8785,-20.8794],[-41.8769,-20.8744],[-41.8835,-20.8751],[-41.8835,-20.8751]],[[-41.8783,-20.8794],[-41.8768,-20.878],[-41.8783,-20.8794],[-41.8783,-20.8794]],[[-41.8864,-20.8755],[-41.8786,-20.8739],[-41.8864,-20.8754],[-41.8864,-20.8755]]]}},{"type":"Feature","properties":{"cod_tema":"ARL_PROPOSTA","cod_imovel":"RJ-3306156-E5BFA23F4DC14803AE966CA6F9615671","num_area":"3.0023000000000000000000000000000","ind_status":"AT"},"geometry":{"type":"Polygon","coordinates":[[[-41.9094,-20.9469],[-41.9111,-20.9484],[-41.9095,-20.9468],[-41.9094,-20.9469]]]}},{"type":"Feature","properties":{"cod_tema":"ARL_PROPOSTA","cod_imovel":"RJ-3306156-CA6D9C8234B740C587923F80BEBBF5AD","num_area":"11.271600000000000000000000000000","ind_status":"AT"},"geometry":{"type":"Polygon","coordinates":[[[-41.79,-20.9006],[-41.7942,-20.904],[-41.7901,-20.9006],[-41.79,-20.9006]]]}},{"type":"Feature","properties":{"cod_tema":"ARL_PROPOSTA","cod_imovel":"RJ-3306156-47439B62E1E248A2A6BBD85995334821","num_area":"12.723600000000000000000000000000","ind_status":"AT"},"geometry":{"type":"Polygon","coordinates":[[[-41.8006,-20.9779],[-41.8028,-20.978],[-41.8007,-20.978],[-41.8006,-20.9779]],[[-41.7994,-20.9716],[-41.8004,-20.9752],[-41.7996,-20.9717],[-41.7994,-20.9716]],[[-41.7978,-20.9726],[-41.8003,-20.9752],[-41.7988,-20.9731],[-41.7978,-20.9726]],[[-41.7955,-20.974],[-41.7925,-20.9751],[-41.7956,-20.9739],[-41.7955,-20.974]]]}},{"type":"Feature","properties":{"cod_tema":"ARL_PROPOSTA","cod_imovel":"RJ-3306156-DC026D37E6F14DCC9B9B89F5ADE8374D","num_area":"2.4975000000000000000000000000000","ind_status":"AT"},"geometry":{"type":"Polygon","coordinates":[[[-41.8719,-20.9165],[-41.87,-20.918],[-41.8719,-20.9167],[-41.8719,-20.9165]]]}},{"type":"Feature","properties":{"cod_tema":"ARL_PROPOSTA","cod_imovel":"RJ-3306156-DF8D75918E9F4DC7AD5492A6A7D740D9","num_area":"1.5268000000000000000000000000000","ind_status":"AT"},"geometry":{"type":"Polygon","coordinates":[[[-41.8952,-20.8888],[-41.8942,-20.8918],[-41.8952,-20.8888],[-41.8952,-20.8888]]]}},{"type":"Feature","properties":{"cod_tema":"ARL_PROPOSTA","cod_imovel":"RJ-3306156-D4BBF4D692AF45E0B9F79AD35E8A3D61","num_area":"5.0548000000000000000000000000000","ind_status":"AT"},"geometry":{"type":"Polygon","coordinates":[[[-41.885,-20.9017],[-41.8808,-20.8998],[-41.8852,-20.9019],[-41.885,-20.9017]]]}},{"type":"Feature","properties":{"cod_tema":"ARL_PROPOSTA","cod_imovel":"RJ-3306156-EFA9C063A2C2482B9AA40463B75CE5E0","num_area":"2.4493000000000000000000000000000","ind_status":"AT"},"geometry":{"type":"Polygon","coordinates":[[[-41.8567,-20.8718],[-41.8584,-20.8706],[-41.8563,-20.8707],[-41.8567,-20.8718]]]}},{"type":"Feature","properties":{"cod_tema":"ARL_PROPOSTA","cod_imovel":"RJ-3306156-89C18730037D46E0B5C6F1E2E6E00D14","num_area":"4.1919000000000000000000000000000","ind_status":"AT"},"geometry":{"type":"Polygon","coordinates":[[[-41.7725,-20.8359],[-41.7731,-20.8337],[-41.7713,-20.836],[-41.7725,-20.8359]]]}},{"type":"Feature","properties":{"cod_tema":"ARL_PROPOSTA","cod_imovel":"RJ-3306156-1DA0F1CB5CC84871850E686FC9F3762A","num_area":"3.8329000000000000000000000000000","ind_status":"AT"},"geometry":{"type":"Polygon","coordinates":[[[-41.8249,-20.9132],[-41.8228,-20.9142],[-41.8252,-20.9133],[-41.8249,-20.9132]]]}},{"type":"Feature","properties":{"cod_tema":"ARL_PROPOSTA","cod_imovel":"RJ-3306156-29D597BB1546448AA70C9452E0226C5F","num_area":"2.1477000000000000000000000000000","ind_status":"AT"},"geometry":{"type":"Polygon","coordinates":[[[-41.8564,-20.8725],[-41.8591,-20.8736],[-41.8571,-20.8727],[-41.8564,-20.8725]]]}},{"type":"Feature","properties":{"cod_tema":"ARL_PROPOSTA","cod_imovel":"RJ-3306156-170749E3834C472EB37B7F55255B982E","num_area":"19.534100000000000000000000000000","ind_status":"CA"},"geometry":{"type":"Polygon","coordinates":[[[-41.8698,-20.9579],[-41.8744,-20.9547],[-41.8746,-20.9503],[-41.8696,-20.9577],[-41.8698,-20.9579]]]}},{"type":"Feature","properties":{"cod_tema":"ARL_PROPOSTA","cod_imovel":"RJ-3306156-98644CB6D25D48E9AD7F6D6453D64E13","num_area":"1.9204000000000000000000000000000","ind_status":"AT"},"geometry":{"type":"Polygon","coordinates":[[[-41.8042,-20.8993],[-41.8028,-20.896],[-41.8041,-20.8993],[-41.8042,-20.8993]],[[-41.8033,-20.8967],[-41.8042,-20.8993],[-41.8033,-20.8967],[-41.8033,-20.8967]]]}},{"type":"Feature","properties":{"cod_tema":"ARL_PROPOSTA","cod_imovel":"RJ-3306156-9AE41C6B08014E0FA02023BB5835C0A0","num_area":"6.5707000000000000000000000000000","ind_status":"AT"},"geometry":{"type":"Polygon","coordinates":[[[-41.8359,-20.8974],[-41.837,-20.9016],[-41.8366,-20.8978],[-41.8359,-20.8974]]]}},{"type":"Feature","properties":{"cod_tema":"ARL_PROPOSTA","cod_imovel":"RJ-3306156-2FFFCCC04F3242B89BC896393E433CF0","num_area":"5.4054000000000000000000000000000","ind_status":"AT"},"geometry":{"type":"Polygon","coordinates":[[[-41.8135,-20.8648],[-41.8152,-20.8691],[-41.8167,-20.8671],[-41.8136,-20.8649],[-41.8135,-20.8648]]]}},{"type":"Feature","properties":{"cod_tema":"ARL_PROPOSTA","cod_imovel":"RJ-3306156-29277819C989489C804FC022EA3E361B","num_area":"5.5310000000000000000000000000000","ind_status":"AT"},"geometry":{"type":"Polygon","coordinates":[[[-41.8594,-20.9283],[-41.8596,-20.9306],[-41.8594,-20.9283],[-41.8594,-20.9283]],[[-41.8573,-20.9308],[-41.8597,-20.9334],[-41.8576,-20.9309],[-41.8573,-20.9308]]]}},{"type":"Feature","properties":{"cod_tema":"ARL_PROPOSTA","cod_imovel":"RJ-3306156-81084E80892E48079F8AD7D58BC4A273","num_area":"2.8934000000000000000000000000000","ind_status":"AT"},"geometry":{"type":"Polygon","coordinates":[[[-41.7629,-20.8724],[-41.7637,-20.8745],[-41.7632,-20.8722],[-41.7629,-20.8724]]]}},{"type":"Feature","properties":{"cod_tema":"ARL_PROPOSTA","cod_imovel":"RJ-3306156-269AF0860CEC4B1B9446111A52D9C76E","num_area":"23.991700000000000000000000000000","ind_status":"AT"},"geometry":{"type":"Polygon","coordinates":[[[-41.8907,-20.9382],[-41.893,-20.9393],[-41.8984,-20.9337],[-41.8955,-20.9323],[-41.8919,-20.9367],[-41.8907,-20.9382]]]}},{"type":"Feature","properties":{"cod_tema":"ARL_PROPOSTA","cod_imovel":"RJ-3306156-309F3661E212457384EE7BBADAC553BA","num_area":"9.9465000000000000000000000000000","ind_status":"AT"},"geometry":{"type":"Polygon","coordinates":[[[-41.8385,-20.9062],[-41.841,-20.9102],[-41.8447,-20.9078],[-41.8396,-20.907],[-41.8385,-20.9062]]]}},{"type":"Feature","properties":{"cod_tema":"ARL_PROPOSTA","cod_imovel":"RJ-3306156-1A47BC7C3F794B1A901111C4C5F2A083","num_area":"7.7655000000000000000000000000000","ind_status":"AT"},"geometry":{"type":"Polygon","coordinates":[[[-41.751,-20.8198],[-41.7538,-20.8168],[-41.7499,-20.8204],[-41.751,-20.8198]]]}},{"type":"Feature","properties":{"cod_tema":"ARL_PROPOSTA","cod_imovel":"RJ-3306156-22E42206DCD14BA9A4F865FCF626F5C0","num_area":"33.970700000000000000000000000000","ind_status":"AT"},"geometry":{"type":"Polygon","coordinates":[[[-41.905,-20.9285],[-41.9105,-20.933],[-41.9133,-20.9265],[-41.9051,-20.9282],[-41.905,-20.9285]],[[-41.9038,-20.939],[-41.9039,-20.9364],[-41.9039,-20.9389],[-41.9038,-20.939]]]}},{"type":"Feature","properties":{"cod_tema":"ARL_PROPOSTA","cod_imovel":"RJ-3306156-6B53EBA85F904C3FA3ABED7D6AE5C50F","num_area":"3.4283000000000000000000000000000","ind_status":"AT"},"geometry":{"type":"Polygon","coordinates":[[[-41.8299,-20.9356],[-41.8328,-20.9357],[-41.83,-20.9355],[-41.8299,-20.9356]]]}},{"type":"Feature","properties":{"cod_tema":"ARL_PROPOSTA","cod_imovel":"RJ-3306156-93B41A835E44462293A3B18615BDE703","num_area":"12.112800000000000000000000000000","ind_status":"AT"},"geometry":{"type":"Polygon","coordinates":[[[-41.7617,-20.8252],[-41.7652,-20.8243],[-41.7609,-20.8244],[-41.7617,-20.8252]]]}},{"type":"Feature","properties":{"cod_tema":"ARL_PROPOSTA","cod_imovel":"RJ-3306156-C787B958AEEC4FC0A1B8C1E232B2985B","num_area":"17.307300000000000000000000000000","ind_status":"AT"},"geometry":{"type":"Polygon","coordinates":[[[-41.8727,-20.8957],[-41.8726,-20.899],[-41.8766,-20.8993],[-41.8756,-20.8954],[-41.873,-20.8958],[-41.8727,-20.8957]]]}},{"type":"Feature","properties":{"cod_tema":"ARL_PROPOSTA","cod_imovel":"RJ-3306156-644A0ABE01EA4ED5A1AD3D8BC084E25F","num_area":"3.9662000000000000000000000000000","ind_status":"AT"},"geometry":{"type":"Polygon","coordinates":[[[-41.7567,-20.8181],[-41.7579,-20.8212],[-41.7573,-20.8179],[-41.7567,-20.8181]]]}},{"type":"Feature","properties":{"cod_tema":"ARL_PROPOSTA","cod_imovel":"RJ-3306156-4E5CFA2250FA400AAA6B0D1E122517D4","num_area":"8.5699000000000000000000000000000","ind_status":"AT"},"geometry":{"type":"Polygon","coordinates":[[[-41.8343,-20.9097],[-41.8296,-20.9076],[-41.8326,-20.9103],[-41.8343,-20.9097]]]}},{"type":"Feature","properties":{"cod_tema":"ARL_PROPOSTA","cod_imovel":"RJ-3306156-F2B989DF99154BDCB6DD4F4F68EFC7D2","num_area":"3.4570000000000000000000000000000","ind_status":"AT"},"geometry":{"type":"Polygon","coordinates":[[[-41.813,-20.8891],[-41.8151,-20.888],[-41.8132,-20.8889],[-41.813,-20.8891]]]}},{"type":"Feature","properties":{"cod_tema":"ARL_PROPOSTA","cod_imovel":"RJ-3306156-BE06322C689D4E5FBBA34EA1AA6314BD","num_area":"18.707800000000000000000000000000","ind_status":"AT"},"geometry":{"type":"Polygon","coordinates":[[[-41.872,-20.8781],[-41.8653,-20.8831],[-41.8756,-20.8792],[-41.8724,-20.8782],[-41.872,-20.8781]]]}},{"type":"Feature","properties":{"cod_tema":"ARL_PROPOSTA","cod_imovel":"RJ-3306156-CB81AB37E09E4714840B651E7C114B5E","num_area":"0.0059000000000000000000000000000","ind_status":"AT"},"geometry":{"type":"Polygon","coordinates":[[[-41.8047,-20.9762],[-41.8063,-20.9782],[-41.8047,-20.9762],[-41.8047,-20.9762]]]}},{"type":"Feature","properties":{"cod_tema":"ARL_PROPOSTA","cod_imovel":"RJ-3306156-65654EC5377E4B5080052A138B888611","num_area":"0.0066000000000000000000000000000","ind_status":"AT"},"geometry":{"type":"Polygon","coordinates":[[[-41.8065,-20.9784],[-41.8047,-20.9762],[-41.8064,-20.9781],[-41.8065,-20.9784]]]}},{"type":"Feature","properties":{"cod_tema":"ARL_PROPOSTA","cod_imovel":"RJ-3306156-A0FDA6796EE347909F27E204B8EF2306","num_area":"5.9457000000000000000000000000000","ind_status":"AT"},"geometry":{"type":"Polygon","coordinates":[[[-41.8359,-20.8733],[-41.8342,-20.877],[-41.8376,-20.8794],[-41.8359,-20.8738],[-41.8359,-20.8733]],[[-41.841,-20.8762],[-41.8386,-20.8752],[-41.8398,-20.8801],[-41.8384,-20.8762],[-41.841,-20.8762],[-41.841,-20.8762]],[[-41.8412,-20.8763],[-41.84,-20.8801],[-41.8411,-20.8766],[-41.8412,-20.8763]]]}},{"type":"Feature","properties":{"cod_tema":"ARL_PROPOSTA","cod_imovel":"RJ-3306156-57F5B817384A4C2BB76FD745B1AF8BBF","num_area":"7.8823000000000000000000000000000","ind_status":"AT"},"geometry":{"type":"Polygon","coordinates":[[[-41.8209,-20.9313],[-41.8189,-20.9347],[-41.8212,-20.9314],[-41.8209,-20.9313]]]}},{"type":"Feature","properties":{"cod_tema":"ARL_PROPOSTA","cod_imovel":"RJ-3306156-7B05F25EA9CE42A9BC463FAEAFDCA6F7","num_area":"18.193900000000000000000000000000","ind_status":"AT"},"geometry":{"type":"Polygon","coordinates":[[[-41.8044,-20.88],[-41.802,-20.8831],[-41.8046,-20.8845],[-41.8073,-20.88],[-41.8051,-20.8804],[-41.8044,-20.88]]]}},{"type":"Feature","properties":{"cod_tema":"ARL_PROPOSTA","cod_imovel":"RJ-3306156-6CAB743AD1CD4F7CA53E131A6F6F3F89","num_area":"2.9347000000000000000000000000000","ind_status":"AT"},"geometry":{"type":"Polygon","coordinates":[[[-41.8718,-20.9016],[-41.8733,-20.8994],[-41.8719,-20.9014],[-41.8718,-20.9016]]]}},{"type":"Feature","properties":{"cod_tema":"ARL_PROPOSTA","cod_imovel":"RJ-3306156-48B52ED47394413FBCF5C319A208DF5F","num_area":"2.1541000000000000000000000000000","ind_status":"AT"},"geometry":{"type":"Polygon","coordinates":[[[-41.7654,-20.8801],[-41.7675,-20.8801],[-41.7656,-20.8795],[-41.7654,-20.8801]],[[-41.7657,-20.8781],[-41.7637,-20.8791],[-41.7656,-20.8781],[-41.7657,-20.8781]],[[-41.7637,-20.8792],[-41.7657,-20.8782],[-41.7638,-20.8792],[-41.7637,-20.8792]]]}},{"type":"Feature","properties":{"cod_tema":"ARL_PROPOSTA","cod_imovel":"RJ-3306156-B7FC84040D52470AA82D830386461C8C","num_area":"5.0676000000000000000000000000000","ind_status":"AT"},"geometry":{"type":"Polygon","coordinates":[[[-41.8704,-20.8676],[-41.8696,-20.8699],[-41.8704,-20.8677],[-41.8704,-20.8676]]]}},{"type":"Feature","properties":{"cod_tema":"ARL_PROPOSTA","cod_imovel":"RJ-3306156-AA246B4A003B4D15BA8AFE3C8234FF15","num_area":"0.8480000000000000000000000000000","ind_status":"AT"},"geometry":{"type":"Polygon","coordinates":[[[-41.8304,-20.9516],[-41.8334,-20.9497],[-41.8302,-20.9516],[-41.8304,-20.9516]]]}},{"type":"Feature","properties":{"cod_tema":"ARL_PROPOSTA","cod_imovel":"RJ-3306156-BCF5452E0EE94480BE2E6626EE82BAB0","num_area":"1.8361000000000000000000000000000","ind_status":"AT"},"geometry":{"type":"Polygon","coordinates":[[[-41.8681,-20.8731],[-41.8656,-20.8736],[-41.8683,-20.8733],[-41.8681,-20.8731]]]}},{"type":"Feature","properties":{"cod_tema":"ARL_PROPOSTA","cod_imovel":"RJ-3306156-81F878CD8FEB467BAD9C1C9731421501","num_area":"6.8114000000000000000000000000000","ind_status":"AT"},"geometry":{"type":"Polygon","coordinates":[[[-41.7546,-20.8464],[-41.7549,-20.8496],[-41.7549,-20.8464],[-41.7546,-20.8464]]]}},{"type":"Feature","properties":{"cod_tema":"ARL_PROPOSTA","cod_imovel":"RJ-3306156-8A2DAB6981204884A11A07AAF011345E","num_area":"15.177900000000000000000000000000","ind_status":"AT"},"geometry":{"type":"Polygon","coordinates":[[[-41.8142,-20.8635],[-41.8111,-20.8644],[-41.8179,-20.865],[-41.8179,-20.8626],[-41.8142,-20.8635],[-41.8142,-20.8635]]]}},{"type":"Feature","properties":{"cod_tema":"ARL_PROPOSTA","cod_imovel":"RJ-3306156-D9D23CB094D04B73A0BBF4FDF72DFB61","num_area":"2.0139000000000000000000000000000","ind_status":"AT"},"geometry":{"type":"Polygon","coordinates":[[[-41.8082,-20.871],[-41.8116,-20.8711],[-41.8083,-20.871],[-41.8082,-20.871]]]}},{"type":"Feature","properties":{"cod_tema":"ARL_PROPOSTA","cod_imovel":"RJ-3306156-6EA90CA4B5E04D80B03B8B73424DD1A8","num_area":"4.6170000000000000000000000000000","ind_status":"AT"},"geometry":{"type":"Polygon","coordinates":[[[-41.7512,-20.8363],[-41.7526,-20.8341],[-41.7516,-20.8358],[-41.7512,-20.8363]]]}},{"type":"Feature","properties":{"cod_tema":"ARL_PROPOSTA","cod_imovel":"RJ-3306156-D65B5AD5C2DA419B929C6E42528B26F5","num_area":"6.1939000000000000000000000000000","ind_status":"AT"},"geometry":{"type":"Polygon","coordinates":[[[-41.8221,-20.9092],[-41.8231,-20.907],[-41.822,-20.909],[-41.8221,-20.9092]]]}},{"type":"Feature","properties":{"cod_tema":"ARL_PROPOSTA","cod_imovel":"RJ-3306156-34357431C36244B5B7ABFE9C3019E3CE","num_area":"19.024000000000000000000000000000","ind_status":"AT"},"geometry":{"type":"Polygon","coordinates":[[[-41.8057,-20.947],[-41.8101,-20.9482],[-41.8058,-20.9469],[-41.8057,-20.947]],[[-41.7988,-20.9506],[-41.8018,-20.9522],[-41.8021,-20.9484],[-41.7991,-20.9504],[-41.7988,-20.9506]],[[-41.8096,-20.9521],[-41.8103,-20.9483],[-41.8086,-20.9562],[-41.8095,-20.9522],[-41.8096,-20.9521]]]}},{"type":"Feature","properties":{"cod_tema":"ARL_PROPOSTA","cod_imovel":"RJ-3306156-860CECDBDF4D4FCBB1FAEA58ECB6271F","num_area":"16.483200000000000000000000000000","ind_status":"AT"},"geometry":{"type":"Polygon","coordinates":[[[-41.9013,-20.9447],[-41.902,-20.9427],[-41.8989,-20.9448],[-41.8997,-20.9424],[-41.8957,-20.9416],[-41.9011,-20.9449],[-41.9013,-20.9447]]]}},{"type":"Feature","properties":{"cod_tema":"ARL_PROPOSTA","cod_imovel":"RJ-3306156-979A581E4D9F4BBFB67D5A417C97789A","num_area":"2.2272000000000000000000000000000","ind_status":"AT"},"geometry":{"type":"Polygon","coordinates":[[[-41.8651,-20.9255],[-41.8627,-20.9257],[-41.865,-20.9259],[-41.8651,-20.9255]]]}},{"type":"Feature","properties":{"cod_tema":"ARL_PROPOSTA","cod_imovel":"RJ-3306156-C9331C0959B847B5A641E48BC52127AC","num_area":"54.106700000000000000000000000000","ind_status":"AT"},"geometry":{"type":"Polygon","coordinates":[[[-41.8023,-20.9587],[-41.8056,-20.9616],[-41.8039,-20.959],[-41.8023,-20.9587]],[[-41.7869,-20.966],[-41.7908,-20.9672],[-41.7871,-20.964],[-41.7869,-20.966]],[[-41.8072,-20.9717],[-41.8089,-20.9675],[-41.8065,-20.9675],[-41.806,-20.9723],[-41.8072,-20.9717]],[[-41.7989,-20.9626],[-41.7906,-20.9586],[-41.7917,-20.964],[-41.799,-20.9654],[-41.7995,-20.9625],[-41.7989,-20.9626]]]}},{"type":"Feature","properties":{"cod_tema":"ARL_PROPOSTA","cod_imovel":"RJ-3306156-889C23745F19406CB447D3FCEF6AE75C","num_area":"0.1848000000000000000000000000000","ind_status":"AT"},"geometry":{"type":"Polygon","coordinates":[[[-41.8476,-20.9405],[-41.8447,-20.9422],[-41.8474,-20.9406],[-41.8476,-20.9405]]]}},{"type":"Feature","properties":{"cod_tema":"ARL_PROPOSTA","cod_imovel":"RJ-3306156-DA86DCC36274488DB00A672B3DE06C3E","num_area":"9.1183000000000000000000000000000","ind_status":"AT"},"geometry":{"type":"Polygon","coordinates":[[[-41.8014,-20.8892],[-41.8042,-20.8858],[-41.7991,-20.8895],[-41.8014,-20.8892],[-41.8014,-20.8892]]]}},{"type":"Feature","properties":{"cod_tema":"ARL_PROPOSTA","cod_imovel":"RJ-3306156-3DA320FD6CDD42EDAD037AC158849B7A","num_area":"26.396300000000000000000000000000","ind_status":"AT"},"geometry":{"type":"Polygon","coordinates":[[[-41.79,-20.9191],[-41.791,-20.9172],[-41.79,-20.919],[-41.79,-20.9191]],[[-41.8035,-20.9187],[-41.801,-20.9205],[-41.7918,-20.9165],[-41.8009,-20.9218],[-41.8036,-20.919],[-41.8035,-20.9187]],[[-41.7919,-20.9168],[-41.7938,-20.9224],[-41.793,-20.9172],[-41.7919,-20.9168]]]}},{"type":"Feature","properties":{"cod_tema":"ARL_PROPOSTA","cod_imovel":"RJ-3306156-9B70AA1CF7094323BA9C22178534D807","num_area":"3.1372000000000000000000000000000","ind_status":"AT"},"geometry":{"type":"Polygon","coordinates":[[[-41.7456,-20.8134],[-41.7495,-20.8162],[-41.7458,-20.8132],[-41.7456,-20.8134]]]}},{"type":"Feature","properties":{"cod_tema":"ARL_PROPOSTA","cod_imovel":"RJ-3306156-31901805A75741508569A0D2FB1F521A","num_area":"2.8425000000000000000000000000000","ind_status":"AT"},"geometry":{"type":"Polygon","coordinates":[[[-41.7786,-20.8019],[-41.7812,-20.8051],[-41.7787,-20.802],[-41.7786,-20.8019]]]}},{"type":"Feature","properties":{"cod_tema":"ARL_PROPOSTA","cod_imovel":"RJ-3306156-90D72BAF7354492C81FC1A4D6CEAAADA","num_area":"5.5349000000000000000000000000000","ind_status":"AT"},"geometry":{"type":"Polygon","coordinates":[[[-41.7781,-20.8157],[-41.7734,-20.8161],[-41.7786,-20.8165],[-41.7781,-20.8157]]]}},{"type":"Feature","properties":{"cod_tema":"ARL_PROPOSTA","cod_imovel":"RJ-3306156-3C9A6207701E41F996D1FAEFF35C2CB1","num_area":"29.255400000000000000000000000000","ind_status":"AT"},"geometry":{"type":"Polygon","coordinates":[[[-41.7845,-20.8187],[-41.7777,-20.8197],[-41.7794,-20.8247],[-41.7766,-20.8258],[-41.7845,-20.8191],[-41.7845,-20.8187]]]}},{"type":"Feature","properties":{"cod_tema":"ARL_PROPOSTA","cod_imovel":"RJ-3306156-22CBA961CA384908A3C6FDFBFB00EAEA","num_area":"3.7752000000000000000000000000000","ind_status":"AT"},"geometry":{"type":"Polygon","coordinates":[[[-41.8422,-20.9119],[-41.8394,-20.9117],[-41.8424,-20.9119],[-41.8422,-20.9119]]]}},{"type":"Feature","properties":{"cod_tema":"ARL_PROPOSTA","cod_imovel":"RJ-3306156-935A0A99E1E6486ABBAC8757FEA485B7","num_area":"41.554600000000000000000000000000","ind_status":"AT"},"geometry":{"type":"Polygon","coordinates":[[[-41.9032,-20.9035],[-41.9004,-20.9026],[-41.8958,-20.9087],[-41.9006,-20.9099],[-41.8997,-20.9079],[-41.9032,-20.9071],[-41.9032,-20.9035]]]}},{"type":"Feature","properties":{"cod_tema":"ARL_PROPOSTA","cod_imovel":"RJ-3306156-CF5FA2DE400E4D13AFD255542EFD2899","num_area":"15.498000000000000000000000000000","ind_status":"AT"},"geometry":{"type":"Polygon","coordinates":[[[-41.874,-20.9319],[-41.8773,-20.9287],[-41.8698,-20.9312],[-41.8738,-20.9319],[-41.874,-20.9319]]]}},{"type":"Feature","properties":{"cod_tema":"ARL_PROPOSTA","cod_imovel":"RJ-3306156-73859E69FA99422B8E00122DEFCB4468","num_area":"49.441900000000000000000000000000","ind_status":"AT"},"geometry":{"type":"Polygon","coordinates":[[[-41.7871,-20.9017],[-41.7834,-20.9015],[-41.7875,-20.9025],[-41.7871,-20.9017]],[[-41.7929,-20.8957],[-41.791,-20.8871],[-41.7857,-20.8903],[-41.7927,-20.8957],[-41.7929,-20.8957]]]}},{"type":"Feature","properties":{"cod_tema":"ARL_PROPOSTA","cod_imovel":"RJ-3306156-6DC55B7072A64880AC415D533668C65E","num_area":"7.4724000000000000000000000000000","ind_status":"AT"},"geometry":{"type":"Polygon","coordinates":[[[-41.7948,-20.9851],[-41.793,-20.9828],[-41.7915,-20.9879],[-41.7944,-20.9851],[-41.7948,-20.9851]]]}},{"type":"Feature","properties":{"cod_tema":"ARL_PROPOSTA","cod_imovel":"RJ-3306156-06B7DFD8315746FF807D6493A8249889","num_area":"1.9842000000000000000000000000000","ind_status":"AT"},"geometry":{"type":"Polygon","coordinates":[[[-41.8633,-20.9165],[-41.8611,-20.9169],[-41.8631,-20.9167],[-41.8633,-20.9165]]]}},{"type":"Feature","properties":{"cod_tema":"ARL_PROPOSTA","cod_imovel":"RJ-3306156-FD04D2C3E0374DDCBA3C5CD743A24AA2","num_area":"1.8292000000000000000000000000000","ind_status":"AT"},"geometry":{"type":"Polygon","coordinates":[[[-41.8698,-20.9036],[-41.872,-20.9041],[-41.87,-20.9036],[-41.8698,-20.9036]]]}},{"type":"Feature","properties":{"cod_tema":"ARL_PROPOSTA","cod_imovel":"RJ-3306156-490E7B9C2D9547239626B6D82EC3F3A1","num_area":"3.7993000000000000000000000000000","ind_status":"AT"},"geometry":{"type":"Polygon","coordinates":[[[-41.8824,-20.8978],[-41.8856,-20.8978],[-41.8824,-20.8974],[-41.8824,-20.8978]]]}},{"type":"Feature","properties":{"cod_tema":"ARL_PROPOSTA","cod_imovel":"RJ-3306156-2AE9F400F5404936B0E2178E72BA88DE","num_area":"6.5519000000000000000000000000000","ind_status":"AT"},"geometry":{"type":"Polygon","coordinates":[[[-41.8633,-20.9222],[-41.8655,-20.9228],[-41.8664,-20.919],[-41.8638,-20.9218],[-41.8633,-20.9222]]]}},{"type":"Feature","properties":{"cod_tema":"ARL_PROPOSTA","cod_imovel":"RJ-3306156-3F8D87D0793D4A0FBD7972D18753880F","num_area":"4.5365000000000000000000000000000","ind_status":"AT"},"geometry":{"type":"Polygon","coordinates":[[[-41.8288,-20.9043],[-41.8268,-20.9055],[-41.8295,-20.9061],[-41.8288,-20.9043]]]}},{"type":"Feature","properties":{"cod_tema":"ARL_PROPOSTA","cod_imovel":"RJ-3306156-BC59DBF7476843999DD171CA740F31BB","num_area":"2.1678000000000000000000000000000","ind_status":"AT"},"geometry":{"type":"Polygon","coordinates":[[[-41.7899,-20.9063],[-41.7926,-20.9068],[-41.7899,-20.9063],[-41.7899,-20.9063]]]}},{"type":"Feature","properties":{"cod_tema":"ARL_PROPOSTA","cod_imovel":"RJ-3306156-C4DB0DB6C92043ECA44C8308462713EA","num_area":"7.2936000000000000000000000000000","ind_status":"AT"},"geometry":{"type":"Polygon","coordinates":[[[-41.8279,-20.8775],[-41.8351,-20.8789],[-41.8281,-20.8776],[-41.8279,-20.8775]]]}},{"type":"Feature","properties":{"cod_tema":"ARL_PROPOSTA","cod_imovel":"RJ-3306156-7D35E708968044F8B8EBBA2194DA66C2","num_area":"17.939100000000000000000000000000","ind_status":"AT"},"geometry":{"type":"Polygon","coordinates":[[[-41.8896,-20.9078],[-41.8865,-20.9104],[-41.8943,-20.911],[-41.8957,-20.9083],[-41.8896,-20.9078],[-41.8896,-20.9078]]]}},{"type":"Feature","properties":{"cod_tema":"ARL_PROPOSTA","cod_imovel":"RJ-3306156-204FC807082F4011988BBEF888619805","num_area":"2.0008000000000000000000000000000","ind_status":"AT"},"geometry":{"type":"Polygon","coordinates":[[[-41.82,-20.8508],[-41.8178,-20.8524],[-41.82,-20.8509],[-41.82,-20.8508]]]}},{"type":"Feature","properties":{"cod_tema":"ARL_PROPOSTA","cod_imovel":"RJ-3306156-374A44C0936F43E59A28894FBD092735","num_area":"1.2463000000000000000000000000000","ind_status":"AT"},"geometry":{"type":"Polygon","coordinates":[[[-41.8058,-20.9799],[-41.8034,-20.9801],[-41.8056,-20.98],[-41.8058,-20.9799]]]}},{"type":"Feature","properties":{"cod_tema":"ARL_PROPOSTA","cod_imovel":"RJ-3306156-271B7F7BDEF14DB990DD6D34054994B6","num_area":"11.625000000000000000000000000000","ind_status":"AT"},"geometry":{"type":"Polygon","coordinates":[[[-41.8761,-20.9554],[-41.869,-20.9584],[-41.8762,-20.9566],[-41.8761,-20.9554]]]}},{"type":"Feature","properties":{"cod_tema":"ARL_PROPOSTA","cod_imovel":"RJ-3306156-9DA9379F69D241509D7DFDEBB666101F","num_area":"2.8722000000000000000000000000000","ind_status":"AT"},"geometry":{"type":"Polygon","coordinates":[[[-41.8371,-20.8529],[-41.835,-20.8521],[-41.8371,-20.853],[-41.8371,-20.8529]]]}},{"type":"Feature","properties":{"cod_tema":"ARL_PROPOSTA","cod_imovel":"RJ-3306156-21F18DEB61BD4C4688C4EC1EE50BB874","num_area":"3.3016000000000000000000000000000","ind_status":"AT"},"geometry":{"type":"Polygon","coordinates":[[[-41.8895,-20.8954],[-41.8884,-20.8975],[-41.8896,-20.8955],[-41.8895,-20.8954]]]}},{"type":"Feature","properties":{"cod_tema":"ARL_PROPOSTA","cod_imovel":"RJ-3306156-575B9103AA564609AE865211EB702245","num_area":"3.6167000000000000000000000000000","ind_status":"AT"},"geometry":{"type":"Polygon","coordinates":[[[-41.7963,-20.8733],[-41.7995,-20.8722],[-41.7963,-20.8726],[-41.7963,-20.8733]]]}},{"type":"Feature","properties":{"cod_tema":"ARL_PROPOSTA","cod_imovel":"RJ-3306156-CA9AC219EDB645588ABA1BBE3871258C","num_area":"6.9238000000000000000000000000000","ind_status":"AT"},"geometry":{"type":"Polygon","coordinates":[[[-41.7962,-20.9653],[-41.7958,-20.9675],[-41.7986,-20.9669],[-41.7963,-20.9653],[-41.7962,-20.9653]]]}},{"type":"Feature","properties":{"cod_tema":"ARL_PROPOSTA","cod_imovel":"RJ-3306156-BF9E283C461145A9AED9092447C7DD0E","num_area":"1.5314000000000000000000000000000","ind_status":"AT"},"geometry":{"type":"Polygon","coordinates":[[[-41.8746,-20.8916],[-41.8737,-20.8939],[-41.8747,-20.8914],[-41.8746,-20.8916]]]}},{"type":"Feature","properties":{"cod_tema":"ARL_PROPOSTA","cod_imovel":"RJ-3306156-A072D9129B404018A786B5E323B6C3C3","num_area":"2.0202000000000000000000000000000","ind_status":"AT"},"geometry":{"type":"Polygon","coordinates":[[[-41.8391,-20.9123],[-41.841,-20.9134],[-41.8393,-20.9119],[-41.8391,-20.9123]]]}},{"type":"Feature","properties":{"cod_tema":"ARL_PROPOSTA","cod_imovel":"RJ-3306156-E813261958304A56B7470FEF135F1BC7","num_area":"1.2329000000000000000000000000000","ind_status":"AT"},"geometry":{"type":"Polygon","coordinates":[[[-41.8769,-20.8912],[-41.8735,-20.8896],[-41.8768,-20.8912],[-41.8769,-20.8912]]]}},{"type":"Feature","properties":{"cod_tema":"ARL_PROPOSTA","cod_imovel":"RJ-3306156-1BF1DC14AACB44CD9D7F44A4DEF06F6B","num_area":"5.8282000000000000000000000000000","ind_status":"AT"},"geometry":{"type":"Polygon","coordinates":[[[-41.8636,-20.8888],[-41.8661,-20.8876],[-41.8619,-20.8892],[-41.8636,-20.8888]]]}},{"type":"Feature","properties":{"cod_tema":"ARL_PROPOSTA","cod_imovel":"RJ-3306156-7DEDB6E2438F4FC69E09052E7C019288","num_area":"4.9108000000000000000000000000000","ind_status":"AT"},"geometry":{"type":"Polygon","coordinates":[[[-41.8061,-20.8728],[-41.8026,-20.8695],[-41.8056,-20.8728],[-41.8061,-20.8728]]]}},{"type":"Feature","properties":{"cod_tema":"ARL_PROPOSTA","cod_imovel":"RJ-3306156-E30E6EBFAA8640C2A1D260140CCF1AE6","num_area":"8.4088000000000000000000000000000","ind_status":"AT"},"geometry":{"type":"Polygon","coordinates":[[[-41.7919,-20.8234],[-41.7943,-20.8228],[-41.792,-20.8226],[-41.7919,-20.8234]],[[-41.7998,-20.8216],[-41.7968,-20.8216],[-41.8002,-20.8225],[-41.7998,-20.8216]]]}},{"type":"Feature","properties":{"cod_tema":"ARL_PROPOSTA","cod_imovel":"RJ-3306156-AD3C8B4C91CB4C32985917992EFC4064","num_area":"29.416200000000000000000000000000","ind_status":"AT"},"geometry":{"type":"Polygon","coordinates":[[[-41.8022,-20.846],[-41.8026,-20.8492],[-41.8029,-20.8459],[-41.8022,-20.846]],[[-41.7841,-20.8535],[-41.7877,-20.8529],[-41.7884,-20.8557],[-41.793,-20.8512],[-41.7872,-20.8501],[-41.7843,-20.8534],[-41.7841,-20.8535]]]}},{"type":"Feature","properties":{"cod_tema":"ARL_PROPOSTA","cod_imovel":"RJ-3306156-65B15B4155AF452C8C11F85B15D4A5CC","num_area":"13.902300000000000000000000000000","ind_status":"AT"},"geometry":{"type":"Polygon","coordinates":[[[-41.777,-20.8781],[-41.7784,-20.8721],[-41.7747,-20.8753],[-41.777,-20.8781]]]}},{"type":"Feature","properties":{"cod_tema":"ARL_PROPOSTA","cod_imovel":"RJ-3306156-2CF29B1941E945398A0750DE8F2A788E","num_area":"2.0243000000000000000000000000000","ind_status":"AT"},"geometry":{"type":"Polygon","coordinates":[[[-41.7907,-20.8685],[-41.7941,-20.8669],[-41.7907,-20.8686],[-41.7907,-20.8685]]]}},{"type":"Feature","properties":{"cod_tema":"ARL_PROPOSTA","cod_imovel":"RJ-3306156-E85EEFCBB9044D66875329E47B464E4D","num_area":"19.546400000000000000000000000000","ind_status":"AT"},"geometry":{"type":"Polygon","coordinates":[[[-41.8852,-20.8694],[-41.8829,-20.8712],[-41.8892,-20.8728],[-41.8853,-20.8694],[-41.8852,-20.8694]]]}},{"type":"Feature","properties":{"cod_tema":"ARL_PROPOSTA","cod_imovel":"RJ-3306156-FC6C717A6C96483CBAF74D687D6F6C03","num_area":"21.374900000000000000000000000000","ind_status":"AT"},"geometry":{"type":"Polygon","coordinates":[[[-41.8575,-20.9618],[-41.8597,-20.9641],[-41.8659,-20.9623],[-41.8642,-20.9595],[-41.8578,-20.9617],[-41.8575,-20.9618]],[[-41.8664,-20.9569],[-41.8673,-20.9593],[-41.8666,-20.9569],[-41.8664,-20.9569]]]}},{"type":"Feature","properties":{"cod_tema":"ARL_PROPOSTA","cod_imovel":"RJ-3306156-181D7E38A9424F3D9A1EEA6DF7912C27","num_area":"4.3332000000000000000000000000000","ind_status":"AT"},"geometry":{"type":"Polygon","coordinates":[[[-41.8867,-20.9573],[-41.8842,-20.9554],[-41.886,-20.9568],[-41.8867,-20.9573]]]}},{"type":"Feature","properties":{"cod_tema":"ARL_PROPOSTA","cod_imovel":"RJ-3306156-6339C9F5158A4FD0A7F1CEBA7B688476","num_area":"7.0572000000000000000000000000000","ind_status":"AT"},"geometry":{"type":"Polygon","coordinates":[[[-41.8723,-20.887],[-41.8695,-20.8898],[-41.8728,-20.8874],[-41.8723,-20.887]]]}},{"type":"Feature","properties":{"cod_tema":"ARL_PROPOSTA","cod_imovel":"RJ-3306156-39744158929C4F5D9626DED5B70B7E98","num_area":"3.2976000000000000000000000000000","ind_status":"AT"},"geometry":{"type":"Polygon","coordinates":[[[-41.8793,-20.8872],[-41.8813,-20.8882],[-41.8797,-20.887],[-41.8793,-20.8872]]]}},{"type":"Feature","properties":{"cod_tema":"ARL_PROPOSTA","cod_imovel":"RJ-3306156-7B2FA7476BED4946BCDF554B39DB6E76","num_area":"1.3450000000000000000000000000000","ind_status":"AT"},"geometry":{"type":"Polygon","coordinates":[[[-41.8104,-20.8683],[-41.8082,-20.8683],[-41.8104,-20.8683],[-41.8104,-20.8683]]]}},{"type":"Feature","properties":{"cod_tema":"ARL_PROPOSTA","cod_imovel":"RJ-3306156-A7809713080446AC94851597A8C07368","num_area":"6.2977000000000000000000000000000","ind_status":"AT"},"geometry":{"type":"Polygon","coordinates":[[[-41.868,-20.9412],[-41.8662,-20.943],[-41.8686,-20.9444],[-41.8681,-20.9412],[-41.868,-20.9412]],[[-41.8756,-20.9303],[-41.8751,-20.9336],[-41.8757,-20.9304],[-41.8756,-20.9303]]]}},{"type":"Feature","properties":{"cod_tema":"ARL_PROPOSTA","cod_imovel":"RJ-3306156-9B9E10B7E9BC43E887B382882784B438","num_area":"3.0652000000000000000000000000000","ind_status":"AT"},"geometry":{"type":"Polygon","coordinates":[[[-41.8388,-20.8559],[-41.8356,-20.8557],[-41.8388,-20.8559],[-41.8388,-20.8559]],[[-41.8385,-20.857],[-41.8363,-20.8571],[-41.8384,-20.857],[-41.8385,-20.857]]]}},{"type":"Feature","properties":{"cod_tema":"ARL_PROPOSTA","cod_imovel":"RJ-3306156-F4679577C6A945E8923674DAEC17C690","num_area":"32.573600000000000000000000000000","ind_status":"AT"},"geometry":{"type":"Polygon","coordinates":[[[-41.8551,-20.8845],[-41.8568,-20.8857],[-41.8551,-20.8845],[-41.8551,-20.8845]],[[-41.8597,-20.8905],[-41.8565,-20.8924],[-41.8628,-20.8911],[-41.8597,-20.8905],[-41.8597,-20.8905]],[[-41.8568,-20.8857],[-41.8483,-20.8885],[-41.8588,-20.8894],[-41.8568,-20.8857],[-41.8568,-20.8857]]]}},{"type":"Feature","properties":{"cod_tema":"ARL_PROPOSTA","cod_imovel":"RJ-3306156-323CBB856F6141828E086A1B02B26EEE","num_area":"4.7193000000000000000000000000000","ind_status":"AT"},"geometry":{"type":"Polygon","coordinates":[[[-41.8826,-20.946],[-41.8844,-20.9433],[-41.8826,-20.9459],[-41.8826,-20.946]]]}},{"type":"Feature","properties":{"cod_tema":"ARL_PROPOSTA","cod_imovel":"RJ-3306156-15E4173EFE05454EB460A0CF158F1CD9","num_area":"11.768000000000000000000000000000","ind_status":"AT"},"geometry":{"type":"Polygon","coordinates":[[[-41.8729,-20.895],[-41.8691,-20.896],[-41.8724,-20.8954],[-41.8729,-20.895]]]}},{"type":"Feature","properties":{"cod_tema":"ARL_PROPOSTA","cod_imovel":"RJ-3306156-7D7C1E7ECBE94EB9B905A987690AE910","num_area":"9.5845000000000000000000000000000","ind_status":"AT"},"geometry":{"type":"Polygon","coordinates":[[[-41.8194,-20.8759],[-41.8214,-20.879],[-41.8225,-20.8764],[-41.8197,-20.876],[-41.8194,-20.8759]]]}},{"type":"Feature","properties":{"cod_tema":"ARL_PROPOSTA","cod_imovel":"RJ-3306156-096B09923E16403C95BC6C2C6AF22EC2","num_area":"3.3893000000000000000000000000000","ind_status":"AT"},"geometry":{"type":"Polygon","coordinates":[[[-41.828,-20.9046],[-41.8294,-20.902],[-41.828,-20.9046],[-41.828,-20.9046]]]}},{"type":"Feature","properties":{"cod_tema":"ARL_PROPOSTA","cod_imovel":"RJ-3304102-AECBDCB72C41462D87E1FBA425317104","num_area":"1.7796000000000000000000000000000","ind_status":"AT"},"geometry":{"type":"Polygon","coordinates":[[[-41.8998,-20.8617],[-41.8945,-20.8617],[-41.8998,-20.8618],[-41.8998,-20.8617]]]}},{"type":"Feature","properties":{"cod_tema":"ARL_PROPOSTA","cod_imovel":"RJ-3306156-65BBBA488191459593B4B3AE32DDBC44","num_area":"1.7003000000000000000000000000000","ind_status":"AT"},"geometry":{"type":"Polygon","coordinates":[[[-41.8152,-20.9756],[-41.8137,-20.9787],[-41.8155,-20.9761],[-41.8152,-20.9756]]]}},{"type":"Feature","properties":{"cod_tema":"ARL_PROPOSTA","cod_imovel":"RJ-3306156-35929DECD19E4DD5A571D9CDB0169236","num_area":"3.5594000000000000000000000000000","ind_status":"AT"},"geometry":{"type":"Polygon","coordinates":[[[-41.864,-20.8637],[-41.8615,-20.8635],[-41.864,-20.8637],[-41.864,-20.8637]]]}},{"type":"Feature","properties":{"cod_tema":"ARL_PROPOSTA","cod_imovel":"RJ-3306156-9394433C97E443B1B65C076AFADEA4D8","num_area":"25.561300000000000000000000000000","ind_status":"AT"},"geometry":{"type":"Polygon","coordinates":[[[-41.8428,-20.9231],[-41.846,-20.9216],[-41.8428,-20.923],[-41.8428,-20.9231]],[[-41.8378,-20.92],[-41.8319,-20.9241],[-41.8342,-20.9258],[-41.8334,-20.9225],[-41.8378,-20.9229],[-41.8378,-20.92],[-41.8378,-20.92]]]}},{"type":"Feature","properties":{"cod_tema":"ARL_PROPOSTA","cod_imovel":"RJ-3306156-7CF2ABE90FF44D88BF505C363DCBF9B1","num_area":"3.7508000000000000000000000000000","ind_status":"AT"},"geometry":{"type":"Polygon","coordinates":[[[-41.8058,-20.8742],[-41.8078,-20.8754],[-41.806,-20.8739],[-41.8058,-20.8742]]]}},{"type":"Feature","properties":{"cod_tema":"ARL_PROPOSTA","cod_imovel":"RJ-3303104-FAEA32DC5C4D46E08C14FA704D618D08","num_area":"1.2038000000000000000000000000000","ind_status":"AT"},"geometry":{"type":"Polygon","coordinates":[[[-41.8299,-20.957],[-41.8308,-20.9547],[-41.8298,-20.957],[-41.8299,-20.957]]]}},{"type":"Feature","properties":{"cod_tema":"ARL_PROPOSTA","cod_imovel":"RJ-3306156-945CC32B5E154D00893CCFF41F8EAD85","num_area":"1.0001000000000000000000000000000","ind_status":"AT"},"geometry":{"type":"Polygon","coordinates":[[[-41.7863,-20.8369],[-41.7846,-20.838],[-41.7863,-20.8369],[-41.7863,-20.8369]]]}},{"type":"Feature","properties":{"cod_tema":"ARL_PROPOSTA","cod_imovel":"RJ-3306156-250926C052C3405797E0A418621DBEFF","num_area":"5.6300000000000000000000000000000","ind_status":"AT"},"geometry":{"type":"Polygon","coordinates":[[[-41.8327,-20.9103],[-41.8353,-20.9084],[-41.8334,-20.91],[-41.8327,-20.9103]],[[-41.8384,-20.9128],[-41.8409,-20.9095],[-41.8367,-20.9079],[-41.8403,-20.909],[-41.8385,-20.9127],[-41.8384,-20.9128]]]}},{"type":"Feature","properties":{"cod_tema":"ARL_PROPOSTA","cod_imovel":"RJ-3306156-0A58809DA8BE45FF9D0E70E6971BF46E","num_area":"7.9328000000000000000000000000000","ind_status":"AT"},"geometry":{"type":"Polygon","coordinates":[[[-41.8767,-20.8993],[-41.8802,-20.8996],[-41.8766,-20.8975],[-41.8767,-20.8993]]]}},{"type":"Feature","properties":{"cod_tema":"ARL_PROPOSTA","cod_imovel":"RJ-3306156-1F2898F2B1474DFABAECF20BE5D26A95","num_area":"5.8795000000000000000000000000000","ind_status":"AT"},"geometry":{"type":"Polygon","coordinates":[[[-41.771,-20.832],[-41.7695,-20.8291],[-41.7709,-20.8335],[-41.771,-20.832]]]}},{"type":"Feature","properties":{"cod_tema":"ARL_PROPOSTA","cod_imovel":"RJ-3306156-B8B59B55F5164F1FBA57683079B1A331","num_area":"1.4225000000000000000000000000000","ind_status":"AT"},"geometry":{"type":"Polygon","coordinates":[[[-41.8712,-20.8854],[-41.8728,-20.8836],[-41.8712,-20.8853],[-41.8712,-20.8854]]]}},{"type":"Feature","properties":{"cod_tema":"ARL_PROPOSTA","cod_imovel":"RJ-3306156-EBE26D7F6AFA41F68289333B5B641E48","num_area":"9.7973000000000000000000000000000","ind_status":"AT"},"geometry":{"type":"Polygon","coordinates":[[[-41.8325,-20.9243],[-41.8366,-20.9232],[-41.8338,-20.9204],[-41.8319,-20.9241],[-41.8325,-20.9243]]]}},{"type":"Feature","properties":{"cod_tema":"ARL_PROPOSTA","cod_imovel":"RJ-3306156-40D0E19B0F2E4E26B7B7D2D9056104BC","num_area":"8.3381000000000000000000000000000","ind_status":"AT"},"geometry":{"type":"Polygon","coordinates":[[[-41.7723,-20.8359],[-41.7738,-20.8335],[-41.7713,-20.836],[-41.7723,-20.8359]],[[-41.7759,-20.8388],[-41.7732,-20.8367],[-41.7756,-20.8389],[-41.7759,-20.8388]]]}},{"type":"Feature","properties":{"cod_tema":"ARL_PROPOSTA","cod_imovel":"RJ-3306156-B273D3AB0E774F909161E6CC9D830FEC","num_area":"9.4407000000000000000000000000000","ind_status":"AT"},"geometry":{"type":"Polygon","coordinates":[[[-41.822,-20.911],[-41.8251,-20.9132],[-41.8243,-20.9096],[-41.822,-20.911]]]}},{"type":"Feature","properties":{"cod_tema":"ARL_PROPOSTA","cod_imovel":"RJ-3306156-EFF28BC8462046B2B069B20A23E4BDD6","num_area":"12.356800000000000000000000000000","ind_status":"AT"},"geometry":{"type":"Polygon","coordinates":[[[-41.7599,-20.8596],[-41.7584,-20.8571],[-41.7555,-20.8596],[-41.7595,-20.8598],[-41.7599,-20.8596]]]}},{"type":"Feature","properties":{"cod_tema":"ARL_PROPOSTA","cod_imovel":"RJ-3306156-217BBC10D0A744A6AC465EAEAD2B97C6","num_area":"7.2886000000000000000000000000000","ind_status":"AT"},"geometry":{"type":"Polygon","coordinates":[[[-41.812,-20.9694],[-41.815,-20.9674],[-41.812,-20.9694],[-41.812,-20.9694]]]}},{"type":"Feature","properties":{"cod_tema":"ARL_PROPOSTA","cod_imovel":"RJ-3306156-63A5CCD6F5F24D37981BC601EAF0243A","num_area":"1.8292000000000000000000000000000","ind_status":"AT"},"geometry":{"type":"Polygon","coordinates":[[[-41.8385,-20.8667],[-41.8387,-20.8644],[-41.8379,-20.8664],[-41.8385,-20.8667]]]}},{"type":"Feature","properties":{"cod_tema":"ARL_PROPOSTA","cod_imovel":"RJ-3306156-FE2E180EBEA143AA830FE35D4D3A4BCF","num_area":"3.1990000000000000000000000000000","ind_status":"AT"},"geometry":{"type":"Polygon","coordinates":[[[-41.8182,-20.8789],[-41.8153,-20.8777],[-41.8181,-20.8789],[-41.8182,-20.8789]]]}},{"type":"Feature","properties":{"cod_tema":"ARL_PROPOSTA","cod_imovel":"RJ-3306156-0D01EC5CE0EE4FDEA64D6BA8E8D40AB9","num_area":"21.243900000000000000000000000000","ind_status":"AT"},"geometry":{"type":"Polygon","coordinates":[[[-41.8864,-20.9714],[-41.8896,-20.9718],[-41.8868,-20.9711],[-41.8864,-20.9714]],[[-41.8826,-20.962],[-41.8776,-20.9661],[-41.8829,-20.9622],[-41.8826,-20.962]],[[-41.8877,-20.9654],[-41.8811,-20.9699],[-41.8877,-20.9654],[-41.8877,-20.9654]],[[-41.8813,-20.97],[-41.8877,-20.9655],[-41.8813,-20.97],[-41.8813,-20.97]]]}},{"type":"Feature","properties":{"cod_tema":"ARL_PROPOSTA","cod_imovel":"RJ-3304102-3E22A9AEC02141808D2C7003738B397E","num_area":"12.362700000000000000000000000000","ind_status":"AT"},"geometry":{"type":"Polygon","coordinates":[[[-41.886,-20.9317],[-41.8842,-20.9297],[-41.8864,-20.9325],[-41.886,-20.9317]],[[-41.8811,-20.9239],[-41.8831,-20.9266],[-41.8856,-20.925],[-41.8821,-20.9239],[-41.8811,-20.9239]],[[-41.8885,-20.9268],[-41.8905,-20.9277],[-41.8886,-20.9269],[-41.8885,-20.9268]]]}},{"type":"Feature","properties":{"cod_tema":"ARL_PROPOSTA","cod_imovel":"RJ-3306156-2D6D7CA96F22469595C64B0B957826E2","num_area":"3.1645000000000000000000000000000","ind_status":"AT"},"geometry":{"type":"Polygon","coordinates":[[[-41.838,-20.9416],[-41.8409,-20.9408],[-41.8381,-20.9414],[-41.838,-20.9416]]]}},{"type":"Feature","properties":{"cod_tema":"ARL_PROPOSTA","cod_imovel":"RJ-3306156-24F7EE1D736048718B7ECFE2DD62D039","num_area":"5.0779000000000000000000000000000","ind_status":"AT"},"geometry":{"type":"Polygon","coordinates":[[[-41.8324,-20.8821],[-41.8324,-20.8797],[-41.8323,-20.882],[-41.8324,-20.8821]]]}},{"type":"Feature","properties":{"cod_tema":"ARL_PROPOSTA","cod_imovel":"RJ-3306156-02DFF38E6DFE4B40AAC15F80E4D04EE5","num_area":"15.221400000000000000000000000000","ind_status":"AT"},"geometry":{"type":"Polygon","coordinates":[[[-41.78,-20.8684],[-41.7783,-20.8698],[-41.7803,-20.8683],[-41.78,-20.8684]],[[-41.77,-20.8706],[-41.7714,-20.8732],[-41.77,-20.8705],[-41.77,-20.8706]],[[-41.7757,-20.8752],[-41.7766,-20.8728],[-41.7756,-20.8751],[-41.7757,-20.8752]],[[-41.7709,-20.8676],[-41.7724,-20.8699],[-41.7711,-20.8676],[-41.7709,-20.8676]]]}},{"type":"Feature","properties":{"cod_tema":"ARL_PROPOSTA","cod_imovel":"RJ-3306156-80F37E069C8C4A9A924FCA5619BDBDF7","num_area":"6.4962000000000000000000000000000","ind_status":"AT"},"geometry":{"type":"Polygon","coordinates":[[[-41.838,-20.9187],[-41.8375,-20.9159],[-41.8356,-20.9202],[-41.838,-20.9187],[-41.838,-20.9187]]]}},{"type":"Feature","properties":{"cod_tema":"ARL_PROPOSTA","cod_imovel":"RJ-3306156-F9C133719F80461CA5639BA37C3FA227","num_area":"5.8084000000000000000000000000000","ind_status":"AT"},"geometry":{"type":"Polygon","coordinates":[[[-41.7473,-20.8696],[-41.7411,-20.8717],[-41.7473,-20.8696],[-41.7473,-20.8696]]]}},{"type":"Feature","properties":{"cod_tema":"ARL_PROPOSTA","cod_imovel":"RJ-3306156-004E55E8F25242948D39104A47020333","num_area":"54.635800000000000000000000000000","ind_status":"AT"},"geometry":{"type":"Polygon","coordinates":[[[-41.859,-20.9705],[-41.8591,-20.9749],[-41.8723,-20.9706],[-41.8597,-20.9695],[-41.859,-20.9705]]]}},{"type":"Feature","properties":{"cod_tema":"ARL_PROPOSTA","cod_imovel":"RJ-3306156-2A76DD6BFCAF4B1E81E9780EB7336031","num_area":"1.6888000000000000000000000000000","ind_status":"AT"},"geometry":{"type":"Polygon","coordinates":[[[-41.8957,-20.8881],[-41.8955,-20.8905],[-41.8957,-20.8883],[-41.8957,-20.8881]]]}},{"type":"Feature","properties":{"cod_tema":"ARL_PROPOSTA","cod_imovel":"RJ-3306156-4D33B470FA014DF4A146447B9CFBAD3E","num_area":"2.8129000000000000000000000000000","ind_status":"AT"},"geometry":{"type":"Polygon","coordinates":[[[-41.8387,-20.8644],[-41.8387,-20.8665],[-41.8387,-20.8644],[-41.8387,-20.8644]]]}},{"type":"Feature","properties":{"cod_tema":"ARL_PROPOSTA","cod_imovel":"RJ-3306156-753FE73EB55D4B67B044D16B35D148E9","num_area":"5.3849000000000000000000000000000","ind_status":"AT"},"geometry":{"type":"Polygon","coordinates":[[[-41.8018,-20.843],[-41.8016,-20.846],[-41.8023,-20.8429],[-41.8018,-20.843]],[[-41.8027,-20.8366],[-41.8025,-20.8415],[-41.8032,-20.8367],[-41.8027,-20.8366]]]}},{"type":"Feature","properties":{"cod_tema":"ARL_PROPOSTA","cod_imovel":"RJ-3306156-D54BA5B3C98D4623A95D34ED55D21351","num_area":"44.022100000000000000000000000000","ind_status":"AT"},"geometry":{"type":"Polygon","coordinates":[[[-41.8958,-20.9328],[-41.8913,-20.936],[-41.8916,-20.9421],[-41.8975,-20.9412],[-41.8948,-20.9378],[-41.8984,-20.9336],[-41.8959,-20.9328],[-41.8958,-20.9328]]]}},{"type":"Feature","properties":{"cod_tema":"ARL_PROPOSTA","cod_imovel":"RJ-3306156-B0541A8C1A934678A3C5CB670D1ECA56","num_area":"31.701900000000000000000000000000","ind_status":"AT"},"geometry":{"type":"Polygon","coordinates":[[[-41.8957,-20.9551],[-41.8968,-20.9529],[-41.8956,-20.9552],[-41.8957,-20.9551]],[[-41.8947,-20.9542],[-41.895,-20.9565],[-41.8944,-20.9544],[-41.8947,-20.9542]],[[-41.8915,-20.9488],[-41.8986,-20.945],[-41.8915,-20.9423],[-41.8915,-20.9486],[-41.8915,-20.9488]]]}},{"type":"Feature","properties":{"cod_tema":"ARL_PROPOSTA","cod_imovel":"RJ-3306156-F1AC1DF096014D5EA6B5B837831F335F","num_area":"35.213000000000000000000000000000","ind_status":"AT"},"geometry":{"type":"Polygon","coordinates":[[[-41.8853,-20.9391],[-41.8914,-20.9489],[-41.8906,-20.9389],[-41.8854,-20.9391],[-41.8853,-20.9391]]]}},{"type":"Feature","properties":{"cod_tema":"ARL_PROPOSTA","cod_imovel":"RJ-3306156-6FDBABDE81C7413DACF603D1DF53D08F","num_area":"33.883700000000000000000000000000","ind_status":"AT"},"geometry":{"type":"Polygon","coordinates":[[[-41.8865,-20.933],[-41.8849,-20.937],[-41.8905,-20.9366],[-41.8854,-20.9374],[-41.8899,-20.9388],[-41.8917,-20.9353],[-41.8873,-20.933],[-41.8865,-20.933]]]}},{"type":"Feature","properties":{"cod_tema":"ARL_PROPOSTA","cod_imovel":"RJ-3306156-AE77F780B2184B3F9A4847E5AE7C3A2C","num_area":"31.380700000000000000000000000000","ind_status":"AT"},"geometry":{"type":"Polygon","coordinates":[[[-41.9125,-20.953],[-41.9151,-20.9543],[-41.9123,-20.9529],[-41.9125,-20.953]],[[-41.9171,-20.9431],[-41.9158,-20.9467],[-41.918,-20.9477],[-41.9181,-20.9446],[-41.9171,-20.9431]],[[-41.9027,-20.9463],[-41.8994,-20.946],[-41.8979,-20.9494],[-41.9031,-20.9496],[-41.9029,-20.9468],[-41.9037,-20.9495],[-41.9032,-20.947],[-41.9027,-20.9463]]]}},{"type":"Feature","properties":{"cod_tema":"ARL_PROPOSTA","cod_imovel":"RJ-3306156-3BCED141A42B430A96C622AB1861FA83","num_area":"3.6585000000000000000000000000000","ind_status":"AT"},"geometry":{"type":"Polygon","coordinates":[[[-41.8798,-20.9725],[-41.877,-20.9699],[-41.8771,-20.9739],[-41.88,-20.9729],[-41.8798,-20.9725]],[[-41.8778,-20.9702],[-41.8798,-20.9724],[-41.8771,-20.9738],[-41.8778,-20.9705],[-41.8778,-20.9702]]]}},{"type":"Feature","properties":{"cod_tema":"ARL_PROPOSTA","cod_imovel":"RJ-3306156-EB81EC597A22497C855687A59C969633","num_area":"5.6775000000000000000000000000000","ind_status":"AT"},"geometry":{"type":"Polygon","coordinates":[[[-41.9123,-20.9295],[-41.9103,-20.9305],[-41.9124,-20.9321],[-41.9127,-20.9296],[-41.9123,-20.9295]]]}},{"type":"Feature","properties":{"cod_tema":"ARL_PROPOSTA","cod_imovel":"RJ-3306156-892F77BA556649C7ABF273F61F7C22B6","num_area":"1.7099000000000000000000000000000","ind_status":"AT"},"geometry":{"type":"Polygon","coordinates":[[[-41.8832,-20.9037],[-41.8857,-20.9053],[-41.8834,-20.9037],[-41.8832,-20.9037]]]}},{"type":"Feature","properties":{"cod_tema":"ARL_PROPOSTA","cod_imovel":"RJ-3306156-144A81B779EF46AF8D99AF893260957A","num_area":"1.8333000000000000000000000000000","ind_status":"AT"},"geometry":{"type":"Polygon","coordinates":[[[-41.8151,-20.9685],[-41.8132,-20.97],[-41.8151,-20.9686],[-41.8151,-20.9685]]]}},{"type":"Feature","properties":{"cod_tema":"ARL_PROPOSTA","cod_imovel":"RJ-3306156-42E2E12527AF44E8B1633EF84E99BCA3","num_area":"4.3093000000000000000000000000000","ind_status":"CA"},"geometry":{"type":"Polygon","coordinates":[[[-41.8117,-20.9762],[-41.8148,-20.9745],[-41.8114,-20.9757],[-41.8117,-20.9762]]]}},{"type":"Feature","properties":{"cod_tema":"ARL_PROPOSTA","cod_imovel":"RJ-3306156-A30823B20BC34073B8A89D3D867DE0B5","num_area":"4.9422000000000000000000000000000","ind_status":"AT"},"geometry":{"type":"Polygon","coordinates":[[[-41.8169,-20.9526],[-41.8144,-20.9521],[-41.8169,-20.9527],[-41.8169,-20.9526]]]}},{"type":"Feature","properties":{"cod_tema":"ARL_PROPOSTA","cod_imovel":"RJ-3306156-2243EE4E93364A51B68A74BCC029E526","num_area":"2.2766000000000000000000000000000","ind_status":"AT"},"geometry":{"type":"Polygon","coordinates":[[[-41.8266,-20.9492],[-41.8273,-20.9461],[-41.8264,-20.9492],[-41.8266,-20.9492]]]}},{"type":"Feature","properties":{"cod_tema":"ARL_PROPOSTA","cod_imovel":"RJ-3306156-01A9954110374B4D9DED5FE92670CAFB","num_area":"1.0537000000000000000000000000000","ind_status":"AT"},"geometry":{"type":"Polygon","coordinates":[[[-41.7955,-20.881],[-41.7948,-20.8789],[-41.7955,-20.881],[-41.7955,-20.881]]]}},{"type":"Feature","properties":{"cod_tema":"ARL_PROPOSTA","cod_imovel":"RJ-3306156-FE1A9D5084F947B39F8F24B78A0CB15D","num_area":"2.8043000000000000000000000000000","ind_status":"AT"},"geometry":{"type":"Polygon","coordinates":[[[-41.886,-20.915],[-41.8883,-20.9159],[-41.8861,-20.9149],[-41.886,-20.915]]]}},{"type":"Feature","properties":{"cod_tema":"ARL_PROPOSTA","cod_imovel":"RJ-3306156-9B6311988A2A4CD1B5853932CDAEFDF2","num_area":"19.358200000000000000000000000000","ind_status":"AT"},"geometry":{"type":"Polygon","coordinates":[[[-41.8765,-20.8655],[-41.8772,-20.8604],[-41.8705,-20.8604],[-41.8748,-20.8614],[-41.8751,-20.8651],[-41.8765,-20.8655]]]}},{"type":"Feature","properties":{"cod_tema":"ARL_PROPOSTA","cod_imovel":"RJ-3306156-3469E5FCCDA444F99B7C3DB27112EF74","num_area":"3.4883000000000000000000000000000","ind_status":"AT"},"geometry":{"type":"Polygon","coordinates":[[[-41.9011,-20.9004],[-41.9005,-20.9025],[-41.9029,-20.9016],[-41.9011,-20.9004]]]}},{"type":"Feature","properties":{"cod_tema":"ARL_PROPOSTA","cod_imovel":"RJ-3306156-FE2A9505248E43E9B4020F1C9D01146F","num_area":"38.965300000000000000000000000000","ind_status":"AT"},"geometry":{"type":"Polygon","coordinates":[[[-41.8969,-20.9275],[-41.8924,-20.9271],[-41.8967,-20.9282],[-41.8969,-20.9275]],[[-41.8858,-20.9318],[-41.8903,-20.9357],[-41.8946,-20.9336],[-41.884,-20.9289],[-41.8858,-20.9318]]]}},{"type":"Feature","properties":{"cod_tema":"ARL_AVERBADA","cod_imovel":"RJ-3306156-FDF6DBA6C65341DEB932A8E27DD16B62","num_area":"30.417900000000000000000000000000","ind_status":"AT"},"geometry":{"type":"Polygon","coordinates":[[[-41.8818,-20.9153],[-41.8856,-20.9189],[-41.8907,-20.9161],[-41.8847,-20.9126],[-41.8819,-20.9152],[-41.8818,-20.9153]]]}},{"type":"Feature","properties":{"cod_tema":"ARL_PROPOSTA","cod_imovel":"RJ-3306156-A9B1C22D47874371AB8F0CD394584B07","num_area":"18.047300000000000000000000000000","ind_status":"AT"},"geometry":{"type":"Polygon","coordinates":[[[-41.8492,-20.9358],[-41.8497,-20.933],[-41.8452,-20.9321],[-41.8447,-20.937],[-41.8483,-20.9361],[-41.8492,-20.9358]]]}},{"type":"Feature","properties":{"cod_tema":"ARL_PROPOSTA","cod_imovel":"RJ-3306156-34A0394876FD4FC59F36BC6A38C1D3FA","num_area":"22.074600000000000000000000000000","ind_status":"AT"},"geometry":{"type":"Polygon","coordinates":[[[-41.8877,-20.9756],[-41.8868,-20.978],[-41.8921,-20.9741],[-41.8879,-20.9755],[-41.8877,-20.9756]],[[-41.8825,-20.9734],[-41.8877,-20.972],[-41.8825,-20.9733],[-41.8825,-20.9734]]]}},{"type":"Feature","properties":{"cod_tema":"ARL_PROPOSTA","cod_imovel":"RJ-3306156-6FF384E765EB445BA32B0692A0771E48","num_area":"23.330700000000000000000000000000","ind_status":"AT"},"geometry":{"type":"Polygon","coordinates":[[[-41.8283,-20.8932],[-41.8287,-20.8972],[-41.8283,-20.8932],[-41.8283,-20.8932]],[[-41.8336,-20.8851],[-41.8329,-20.8821],[-41.8272,-20.8865],[-41.8344,-20.8857],[-41.8336,-20.8851]]]}},{"type":"Feature","properties":{"cod_tema":"ARL_PROPOSTA","cod_imovel":"RJ-3306156-0CD1D28F2B894AEE9F9F825CC4E1D831","num_area":"7.6067000000000000000000000000000","ind_status":"AT"},"geometry":{"type":"Polygon","coordinates":[[[-41.8847,-20.9016],[-41.8816,-20.8999],[-41.8856,-20.9052],[-41.8844,-20.9019],[-41.8847,-20.9016]]]}},{"type":"Feature","properties":{"cod_tema":"ARL_PROPOSTA","cod_imovel":"RJ-3306156-A1BA8BE6D06945C8B0041D1AC35E7681","num_area":"106.46210000000000000000000000000","ind_status":"AT"},"geometry":{"type":"Polygon","coordinates":[[[-41.8755,-20.9129],[-41.8721,-20.9135],[-41.8751,-20.9136],[-41.8755,-20.9129]],[[-41.8773,-20.9123],[-41.8824,-20.9061],[-41.8758,-20.9092],[-41.8764,-20.9117],[-41.8773,-20.9123]],[[-41.8816,-20.8994],[-41.8737,-20.8989],[-41.8698,-20.9073],[-41.8831,-20.9035],[-41.8816,-20.8994]],[[-41.8698,-20.907],[-41.8657,-20.9119],[-41.8698,-20.9073],[-41.8698,-20.907]],[[-41.8699,-20.9087],[-41.8743,-20.9063],[-41.8699,-20.9085],[-41.8699,-20.9087]]]}},{"type":"Feature","properties":{"cod_tema":"ARL_PROPOSTA","cod_imovel":"RJ-3304102-783C0C35B5F145D28E0C66DBECFC20DA","num_area":"5.4744000000000000000000000000000","ind_status":"AT"},"geometry":{"type":"Polygon","coordinates":[[[-41.9032,-20.9037],[-41.9034,-20.9072],[-41.9034,-20.9033],[-41.9032,-20.9037]]]}},{"type":"Feature","properties":{"cod_tema":"ARL_PROPOSTA","cod_imovel":"RJ-3306156-7748BF033B5442FC8E9C11DB5E92B274","num_area":"5.2744000000000000000000000000000","ind_status":"AT"},"geometry":{"type":"Polygon","coordinates":[[[-41.8584,-20.8741],[-41.8556,-20.8728],[-41.8546,-20.8751],[-41.8586,-20.8742],[-41.8584,-20.8741]]]}},{"type":"Feature","properties":{"cod_tema":"ARL_PROPOSTA","cod_imovel":"RJ-3306156-39B9E67CEE6843D48D0AE50DD4DBA593","num_area":"3.0654000000000000000000000000000","ind_status":"AT"},"geometry":{"type":"Polygon","coordinates":[[[-41.8115,-20.8382],[-41.8081,-20.8395],[-41.8114,-20.8386],[-41.8115,-20.8382]]]}},{"type":"Feature","properties":{"cod_tema":"ARL_PROPOSTA","cod_imovel":"RJ-3306156-053F462B611242B58CF96D83A1CC7313","num_area":"5.9435000000000000000000000000000","ind_status":"AT"},"geometry":{"type":"Polygon","coordinates":[[[-41.8513,-20.9469],[-41.8494,-20.9492],[-41.8526,-20.9483],[-41.8513,-20.9469]]]}},{"type":"Feature","properties":{"cod_tema":"ARL_PROPOSTA","cod_imovel":"RJ-3306156-0C9C322DA29F411489DA6F16D0178271","num_area":"2.4246000000000000000000000000000","ind_status":"AT"},"geometry":{"type":"Polygon","coordinates":[[[-41.8714,-20.8661],[-41.8698,-20.8645],[-41.8713,-20.866],[-41.8714,-20.8661]]]}},{"type":"Feature","properties":{"cod_tema":"ARL_PROPOSTA","cod_imovel":"RJ-3306156-1E5D86A6FEAA4947A453A3FA86E217BB","num_area":"1.8376000000000000000000000000000","ind_status":"AT"},"geometry":{"type":"Polygon","coordinates":[[[-41.8172,-20.8394],[-41.8194,-20.8428],[-41.8172,-20.8395],[-41.8172,-20.8394]]]}},{"type":"Feature","properties":{"cod_tema":"ARL_PROPOSTA","cod_imovel":"RJ-3306156-241CDA2899234C5792360BD02C5CC15A","num_area":"5.7749000000000000000000000000000","ind_status":"AT"},"geometry":{"type":"Polygon","coordinates":[[[-41.8173,-20.8455],[-41.8145,-20.8485],[-41.8207,-20.8433],[-41.8183,-20.8445],[-41.8173,-20.8455]]]}},{"type":"Feature","properties":{"cod_tema":"ARL_PROPOSTA","cod_imovel":"RJ-3306156-427BCE5714804F0795F22F58C09CAE2F","num_area":"9.4790000000000000000000000000000","ind_status":"AT"},"geometry":{"type":"Polygon","coordinates":[[[-41.853,-20.8611],[-41.8547,-20.864],[-41.8574,-20.8603],[-41.8526,-20.8605],[-41.853,-20.8611]]]}},{"type":"Feature","properties":{"cod_tema":"ARL_PROPOSTA","cod_imovel":"RJ-3306156-81E68215DB8D419EAAEB6771F19949B5","num_area":"10.107300000000000000000000000000","ind_status":"AT"},"geometry":{"type":"Polygon","coordinates":[[[-41.8725,-20.8782],[-41.8753,-20.879],[-41.8757,-20.8743],[-41.8728,-20.8778],[-41.8725,-20.8782]]]}},{"type":"Feature","properties":{"cod_tema":"ARL_PROPOSTA","cod_imovel":"RJ-3306156-9D9D1082434F4D2B90E2ADD83E0841D3","num_area":"2.5114000000000000000000000000000","ind_status":"PE"},"geometry":{"type":"Polygon","coordinates":[[[-41.8082,-20.9011],[-41.8056,-20.9035],[-41.8082,-20.9011],[-41.8082,-20.9011]]]}},{"type":"Feature","properties":{"cod_tema":"ARL_PROPOSTA","cod_imovel":"RJ-3306156-A8CD898D0860426D9C2EA500C3B0F057","num_area":"1.4375000000000000000000000000000","ind_status":"AT"},"geometry":{"type":"Polygon","coordinates":[[[-41.8528,-20.9043],[-41.8502,-20.9032],[-41.8528,-20.9043],[-41.8528,-20.9043]]]}},{"type":"Feature","properties":{"cod_tema":"ARL_PROPOSTA","cod_imovel":"RJ-3306156-9484379013E44816A6D5F777A5FBFEB5","num_area":"0.6206000000000000000000000000000","ind_status":"PE"},"geometry":{"type":"Polygon","coordinates":[[[-41.8768,-20.9345],[-41.8791,-20.9326],[-41.8771,-20.9343],[-41.8768,-20.9345]]]}},{"type":"Feature","properties":{"cod_tema":"ARL_PROPOSTA","cod_imovel":"RJ-3306156-2AB4C0CEE6144570B85237FA2BE203F5","num_area":"1.3060000000000000000000000000000","ind_status":"AT"},"geometry":{"type":"Polygon","coordinates":[[[-41.8707,-20.8789],[-41.869,-20.8771],[-41.8706,-20.8789],[-41.8707,-20.8789]]]}},{"type":"Feature","properties":{"cod_tema":"ARL_PROPOSTA","cod_imovel":"RJ-3306156-8E22CEEEEA2544B1AF24FD885EDFDAC9","num_area":"4.9925000000000000000000000000000","ind_status":"AT"},"geometry":{"type":"Polygon","coordinates":[[[-41.8604,-20.8998],[-41.8623,-20.9015],[-41.8618,-20.8996],[-41.8604,-20.8998]]]}},{"type":"Feature","properties":{"cod_tema":"ARL_PROPOSTA","cod_imovel":"RJ-3306156-5BC66AD76A57444CB1C8E9150647E8FA","num_area":"5.2855000000000000000000000000000","ind_status":"AT"},"geometry":{"type":"Polygon","coordinates":[[[-41.8199,-20.8514],[-41.822,-20.8546],[-41.8205,-20.8521],[-41.8199,-20.8514]]]}},{"type":"Feature","properties":{"cod_tema":"ARL_PROPOSTA","cod_imovel":"RJ-3306156-9440D01D8F8A4217985DE39BF7867B3E","num_area":"6.2961000000000000000000000000000","ind_status":"AT"},"geometry":{"type":"Polygon","coordinates":[[[-41.859,-20.8698],[-41.8577,-20.8715],[-41.8611,-20.8717],[-41.8592,-20.8696],[-41.859,-20.8698]]]}},{"type":"Feature","properties":{"cod_tema":"ARL_PROPOSTA","cod_imovel":"RJ-3306156-2C44C3C6A34F4AA5BA1E09FBCCE6A400","num_area":"10.303100000000000000000000000000","ind_status":"AT"},"geometry":{"type":"Polygon","coordinates":[[[-41.7956,-20.974],[-41.7909,-20.9746],[-41.7961,-20.9747],[-41.7956,-20.974]]]}},{"type":"Feature","properties":{"cod_tema":"ARL_PROPOSTA","cod_imovel":"RJ-3306156-AB2D91B9BF3848CBA6D76896AE47EF99","num_area":"6.5545000000000000000000000000000","ind_status":"AT"},"geometry":{"type":"Polygon","coordinates":[[[-41.8379,-20.8677],[-41.84,-20.8677],[-41.8377,-20.867],[-41.8379,-20.8677]],[[-41.8419,-20.8726],[-41.8419,-20.8685],[-41.8419,-20.8723],[-41.8419,-20.8726]]]}},{"type":"Feature","properties":{"cod_tema":"ARL_PROPOSTA","cod_imovel":"RJ-3306156-A40F1EE49B9A4CC4A5C923CB33663E6E","num_area":"2.6259000000000000000000000000000","ind_status":"AT"},"geometry":{"type":"Polygon","coordinates":[[[-41.8634,-20.9195],[-41.8659,-20.9193],[-41.8635,-20.9196],[-41.8634,-20.9195]]]}}]}