{"type":"FeatureCollection","features":[{"type":"Feature","properties":{"cod_tema":"AREA_UTILIDADE_PUBLICA","cod_imovel":"RJ-3301009-759A45FDD340456881631CC7182EEFBC","num_area":"0.8062000000000000000000000000000","ind_status":"AT"},"geometry":{"type":"Polygon","coordinates":[[[-41.5335,-21.9764],[-41.5425,-21.9673],[-41.534,-21.9757],[-41.5335,-21.9764]]]}},{"type":"Feature","properties":{"cod_tema":"AREA_SERVIDAO_ADMINISTRATIVA_TOTAL","cod_imovel":"RJ-3301009-759A45FDD340456881631CC7182EEFBC","num_area":"0.8062000000000000000000000000000","ind_status":"AT"},"geometry":{"type":"Polygon","coordinates":[[[-41.5335,-21.9764],[-41.5425,-21.9673],[-41.534,-21.9757],[-41.5335,-21.9764]]]}},{"type":"Feature","properties":{"cod_tema":"AREA_UTILIDADE_PUBLICA","cod_imovel":"RJ-3301009-2CF647C86ACF49FE8F70B24481A191D6","num_area":"4.8831000000000000000000000000000","ind_status":"CA"},"geometry":{"type":"Polygon","coordinates":[[[-41.4127,-21.7894],[-41.418,-21.7953],[-41.413,-21.7894],[-41.4127,-21.7894]]]}},{"type":"Feature","properties":{"cod_tema":"AREA_SERVIDAO_ADMINISTRATIVA_TOTAL","cod_imovel":"RJ-3301009-2CF647C86ACF49FE8F70B24481A191D6","num_area":"4.8831000000000000000000000000000","ind_status":"CA"},"geometry":{"type":"Polygon","coordinates":[[[-41.4127,-21.7894],[-41.418,-21.7953],[-41.413,-21.7894],[-41.4127,-21.7894]]]}},{"type":"Feature","properties":{"cod_tema":"AREA_UTILIDADE_PUBLICA","cod_imovel":"RJ-3301009-82EBD044CB914D2B88398E85B899EB88","num_area":"0.4347000000000000000000000000000","ind_status":"PE"},"geometry":{"type":"Polygon","coordinates":[[[-41.3816,-21.456],[-41.3848,-21.4558],[-41.3802,-21.4515],[-41.3816,-21.456],[-41.3816,-21.456]]]}},{"type":"Feature","properties":{"cod_tema":"AREA_SERVIDAO_ADMINISTRATIVA_TOTAL","cod_imovel":"RJ-3301009-82EBD044CB914D2B88398E85B899EB88","num_area":"16.606100000000000000000000000000","ind_status":"PE"},"geometry":{"type":"Polygon","coordinates":[[[-41.3816,-21.456],[-41.3848,-21.4558],[-41.3802,-21.4515],[-41.3816,-21.456],[-41.3816,-21.456]]]}},{"type":"Feature","properties":{"cod_tema":"AREA_UTILIDADE_PUBLICA","cod_imovel":"RJ-3301009-DEC89DE14D8C427C805A81F52EA190FC","num_area":"125.49070000000000000000000000000","ind_status":"PE"},"geometry":{"type":"Polygon","coordinates":[[[-41.4,-21.7817],[-41.3853,-21.7965],[-41.3895,-21.7929],[-41.397,-21.8053],[-41.3897,-21.7927],[-41.3973,-21.8052],[-41.3898,-21.7926],[-41.4,-21.7817]],[[-41.4488,-21.8242],[-41.4312,-21.8112],[-41.4364,-21.8071],[-41.4342,-21.8112],[-41.4284,-21.8079],[-41.4292,-21.8129],[-41.4232,-21.8157],[-41.4066,-21.8107],[-41.4139,-21.8136],[-41.4055,-21.8243],[-41.4001,-21.8146],[-41.4042,-21.8255],[-41.3982,-21.8186],[-41.3925,-21.8193],[-41.4089,-21.8289],[-41.4079,-21.8172],[-41.431,-21.8112],[-41.4488,-21.8245],[-41.4488,-21.8242]],[[-41.4181,-21.8162],[-41.4488,-21.825],[-41.4246,-21.8181],[-41.4181,-21.8162]],[[-41.4024,-21.8076],[-41.4061,-21.8105],[-41.4026,-21.8078],[-41.4024,-21.8076]],[[-41.4075,-21.7772],[-41.4198,-21.7708],[-41.409,-21.7763],[-41.4075,-21.7772]],[[-41.4127,-21.7894],[-41.4091,-21.7846],[-41.4127,-21.7894],[-41.4127,-21.7894]],[[-41.4098,-21.7514],[-41.4109,-21.7465],[-41.4097,-21.7509],[-41.4098,-21.7514]],[[-41.431,-21.7889],[-41.4323,-21.7848],[-41.4444,-21.7939],[-41.4324,-21.7846],[-41.4308,-21.7887],[-41.431,-21.7889]],[[-41.4436,-21.7769],[-41.4353,-21.7718],[-41.4418,-21.7758],[-41.4436,-21.7769]]]}},{"type":"Feature","properties":{"cod_tema":"AREA_SERVIDAO_ADMINISTRATIVA_TOTAL","cod_imovel":"RJ-3301009-DEC89DE14D8C427C805A81F52EA190FC","num_area":"125.49070000000000000000000000000","ind_status":"PE"},"geometry":{"type":"Polygon","coordinates":[[[-41.4,-21.7817],[-41.3853,-21.7965],[-41.3895,-21.7929],[-41.397,-21.8053],[-41.3897,-21.7927],[-41.3973,-21.8052],[-41.3898,-21.7926],[-41.4,-21.7817]],[[-41.4488,-21.8242],[-41.4312,-21.8112],[-41.4364,-21.8071],[-41.4342,-21.8112],[-41.4284,-21.8079],[-41.4292,-21.8129],[-41.4232,-21.8157],[-41.4066,-21.8107],[-41.4139,-21.8136],[-41.4055,-21.8243],[-41.4001,-21.8146],[-41.4042,-21.8255],[-41.3982,-21.8186],[-41.3925,-21.8193],[-41.4089,-21.8289],[-41.4079,-21.8172],[-41.431,-21.8112],[-41.4488,-21.8245],[-41.4488,-21.8242]],[[-41.4181,-21.8162],[-41.4488,-21.825],[-41.4246,-21.8181],[-41.4181,-21.8162]],[[-41.4024,-21.8076],[-41.4061,-21.8105],[-41.4026,-21.8078],[-41.4024,-21.8076]],[[-41.4075,-21.7772],[-41.4198,-21.7708],[-41.409,-21.7763],[-41.4075,-21.7772]],[[-41.4127,-21.7894],[-41.4091,-21.7846],[-41.4127,-21.7894],[-41.4127,-21.7894]],[[-41.4098,-21.7514],[-41.4109,-21.7465],[-41.4097,-21.7509],[-41.4098,-21.7514]],[[-41.431,-21.7889],[-41.4323,-21.7848],[-41.4444,-21.7939],[-41.4324,-21.7846],[-41.4308,-21.7887],[-41.431,-21.7889]],[[-41.4436,-21.7769],[-41.4353,-21.7718],[-41.4418,-21.7758],[-41.4436,-21.7769]]]}},{"type":"Feature","properties":{"cod_tema":"AREA_UTILIDADE_PUBLICA","cod_imovel":"RJ-3301009-C57CA8890540495AB1A51345810EF7A6","num_area":"1.8184000000000000000000000000000","ind_status":"PE"},"geometry":{"type":"Polygon","coordinates":[[[-41.3176,-21.8385],[-41.3325,-21.8366],[-41.3205,-21.8388],[-41.3176,-21.8385]]]}},{"type":"Feature","properties":{"cod_tema":"AREA_SERVIDAO_ADMINISTRATIVA_TOTAL","cod_imovel":"RJ-3301009-C57CA8890540495AB1A51345810EF7A6","num_area":"1.8184000000000000000000000000000","ind_status":"PE"},"geometry":{"type":"Polygon","coordinates":[[[-41.3176,-21.8385],[-41.3325,-21.8366],[-41.3205,-21.8388],[-41.3176,-21.8385]]]}},{"type":"Feature","properties":{"cod_tema":"AREA_UTILIDADE_PUBLICA","cod_imovel":"RJ-3301009-5824B5510DBC4330B2AF1FA19D2FEAA9","num_area":"0.8057000000000000000000000000000","ind_status":"PE"},"geometry":{"type":"Polygon","coordinates":[[[-41.4102,-21.3399],[-41.3987,-21.3367],[-41.41,-21.34],[-41.4102,-21.3399]]]}},{"type":"Feature","properties":{"cod_tema":"AREA_SERVIDAO_ADMINISTRATIVA_TOTAL","cod_imovel":"RJ-3301009-5824B5510DBC4330B2AF1FA19D2FEAA9","num_area":"0.8057000000000000000000000000000","ind_status":"PE"},"geometry":{"type":"Polygon","coordinates":[[[-41.4102,-21.3399],[-41.3987,-21.3367],[-41.41,-21.34],[-41.4102,-21.3399]]]}},{"type":"Feature","properties":{"cod_tema":"AREA_UTILIDADE_PUBLICA","cod_imovel":"RJ-3301009-7C04ABF47F0E4CE1824466CB086C162C","num_area":"3.3103000000000000000000000000000","ind_status":"AT"},"geometry":{"type":"Polygon","coordinates":[[[-41.2931,-21.5804],[-41.2758,-21.5852],[-41.2891,-21.5806],[-41.2908,-21.5896],[-41.2948,-21.5893],[-41.2908,-21.5894],[-41.2896,-21.5809],[-41.2931,-21.5804],[-41.2931,-21.5804]]]}},{"type":"Feature","properties":{"cod_tema":"AREA_SERVIDAO_ADMINISTRATIVA_TOTAL","cod_imovel":"RJ-3301009-7C04ABF47F0E4CE1824466CB086C162C","num_area":"3.3103000000000000000000000000000","ind_status":"AT"},"geometry":{"type":"Polygon","coordinates":[[[-41.2931,-21.5804],[-41.2758,-21.5852],[-41.2891,-21.5806],[-41.2908,-21.5896],[-41.2948,-21.5893],[-41.2908,-21.5894],[-41.2896,-21.5809],[-41.2931,-21.5804],[-41.2931,-21.5804]]]}},{"type":"Feature","properties":{"cod_tema":"AREA_UTILIDADE_PUBLICA","cod_imovel":"RJ-3301009-319C88EEF66B4CE3BFCAB39788F0BB7C","num_area":"5.5593000000000000000000000000000","ind_status":"AT"},"geometry":{"type":"Polygon","coordinates":[[[-41.5143,-21.9148],[-41.514,-21.9114],[-41.5235,-21.91],[-41.5133,-21.9122],[-41.5043,-21.9042],[-41.5143,-21.9147],[-41.5143,-21.9148]]]}},{"type":"Feature","properties":{"cod_tema":"AREA_SERVIDAO_ADMINISTRATIVA_TOTAL","cod_imovel":"RJ-3301009-319C88EEF66B4CE3BFCAB39788F0BB7C","num_area":"5.5593000000000000000000000000000","ind_status":"AT"},"geometry":{"type":"Polygon","coordinates":[[[-41.5143,-21.9148],[-41.514,-21.9114],[-41.5235,-21.91],[-41.5133,-21.9122],[-41.5043,-21.9042],[-41.5143,-21.9147],[-41.5143,-21.9148]]]}},{"type":"Feature","properties":{"cod_tema":"AREA_UTILIDADE_PUBLICA","cod_imovel":"RJ-3301009-8C9AB83095544D0DB434E7C51464365F","num_area":"3.5965000000000000000000000000000","ind_status":"PE"},"geometry":{"type":"Polygon","coordinates":[[[-41.3437,-21.3743],[-41.3469,-21.3705],[-41.3438,-21.3743],[-41.3437,-21.3743]]]}},{"type":"Feature","properties":{"cod_tema":"AREA_SERVIDAO_ADMINISTRATIVA_TOTAL","cod_imovel":"RJ-3301009-8C9AB83095544D0DB434E7C51464365F","num_area":"3.5965000000000000000000000000000","ind_status":"PE"},"geometry":{"type":"Polygon","coordinates":[[[-41.3437,-21.3743],[-41.3469,-21.3705],[-41.3438,-21.3743],[-41.3437,-21.3743]]]}},{"type":"Feature","properties":{"cod_tema":"AREA_INFRAESTRUTURA_PUBLICA","cod_imovel":"RJ-3301009-8C31F966E39C4265B404D5AF21630813","num_area":"0.1244000000000000000000000000000","ind_status":"AT"},"geometry":{"type":"Polygon","coordinates":[[[-41.5581,-21.7394],[-41.5552,-21.7381],[-41.5581,-21.7395],[-41.5581,-21.7394]]]}},{"type":"Feature","properties":{"cod_tema":"AREA_SERVIDAO_ADMINISTRATIVA_TOTAL","cod_imovel":"RJ-3301009-8C31F966E39C4265B404D5AF21630813","num_area":"0.1244000000000000000000000000000","ind_status":"AT"},"geometry":{"type":"Polygon","coordinates":[[[-41.5581,-21.7394],[-41.5552,-21.7381],[-41.5581,-21.7395],[-41.5581,-21.7394]]]}},{"type":"Feature","properties":{"cod_tema":"AREA_INFRAESTRUTURA_PUBLICA","cod_imovel":"RJ-3301009-F6909F03E8CD4553952D0F223DFD70E9","num_area":"16.020200000000000000000000000000","ind_status":"PE"},"geometry":{"type":"Polygon","coordinates":[[[-41.3541,-21.4459],[-41.3537,-21.4597],[-41.354,-21.4485],[-41.3541,-21.4459]]]}},{"type":"Feature","properties":{"cod_tema":"AREA_UTILIDADE_PUBLICA","cod_imovel":"RJ-3301009-F6909F03E8CD4553952D0F223DFD70E9","num_area":"2.6646000000000000000000000000000","ind_status":"PE"},"geometry":{"type":"Polygon","coordinates":[[[-41.3499,-21.4476],[-41.3472,-21.4515],[-41.35,-21.4476],[-41.3499,-21.4476]],[[-41.3427,-21.4347],[-41.3433,-21.4477],[-41.3427,-21.4348],[-41.3427,-21.4347]]]}},{"type":"Feature","properties":{"cod_tema":"AREA_SERVIDAO_ADMINISTRATIVA_TOTAL","cod_imovel":"RJ-3301009-F6909F03E8CD4553952D0F223DFD70E9","num_area":"18.684700000000000000000000000000","ind_status":"PE"},"geometry":{"type":"Polygon","coordinates":[[[-41.3541,-21.4459],[-41.3537,-21.4597],[-41.354,-21.4485],[-41.3541,-21.4459]],[[-41.3499,-21.4476],[-41.3472,-21.4515],[-41.35,-21.4476],[-41.3499,-21.4476]],[[-41.3427,-21.4347],[-41.3433,-21.4477],[-41.3427,-21.4348],[-41.3427,-21.4347]]]}},{"type":"Feature","properties":{"cod_tema":"AREA_INFRAESTRUTURA_PUBLICA","cod_imovel":"RJ-3301009-EC74567EBBA74BDC8CE262DE35850F05","num_area":"6.4399000000000000000000000000000","ind_status":"AT"},"geometry":{"type":"Polygon","coordinates":[[[-41.3585,-21.8249],[-41.3421,-21.8236],[-41.3584,-21.8249],[-41.3585,-21.8249]],[[-41.3608,-21.8285],[-41.3574,-21.8387],[-41.3606,-21.8287],[-41.3608,-21.8285]]]}},{"type":"Feature","properties":{"cod_tema":"AREA_SERVIDAO_ADMINISTRATIVA_TOTAL","cod_imovel":"RJ-3301009-EC74567EBBA74BDC8CE262DE35850F05","num_area":"6.4399000000000000000000000000000","ind_status":"AT"},"geometry":{"type":"Polygon","coordinates":[[[-41.3585,-21.8249],[-41.3421,-21.8236],[-41.3584,-21.8249],[-41.3585,-21.8249]],[[-41.3608,-21.8285],[-41.3574,-21.8387],[-41.3606,-21.8287],[-41.3608,-21.8285]]]}},{"type":"Feature","properties":{"cod_tema":"AREA_INFRAESTRUTURA_PUBLICA","cod_imovel":"RJ-3301009-6CE0B748B84C4D80BC414A61BD2A1CFD","num_area":"6.0002000000000000000000000000000","ind_status":"AT"},"geometry":{"type":"Polygon","coordinates":[[[-41.5446,-21.8841],[-41.5282,-21.8743],[-41.54,-21.8815],[-41.5446,-21.8841]]]}},{"type":"Feature","properties":{"cod_tema":"AREA_UTILIDADE_PUBLICA","cod_imovel":"RJ-3301009-6CE0B748B84C4D80BC414A61BD2A1CFD","num_area":"0.9265000000000000000000000000000","ind_status":"AT"},"geometry":{"type":"Polygon","coordinates":[[[-41.537,-21.8906],[-41.5382,-21.8933],[-41.5431,-21.8765],[-41.5369,-21.8905],[-41.537,-21.8906]]]}},{"type":"Feature","properties":{"cod_tema":"AREA_SERVIDAO_ADMINISTRATIVA_TOTAL","cod_imovel":"RJ-3301009-6CE0B748B84C4D80BC414A61BD2A1CFD","num_area":"6.9097000000000000000000000000000","ind_status":"AT"},"geometry":{"type":"Polygon","coordinates":[[[-41.5446,-21.8841],[-41.5431,-21.8765],[-41.5419,-21.8823],[-41.5282,-21.8743],[-41.542,-21.8827],[-41.5382,-21.8933],[-41.542,-21.8827],[-41.5446,-21.8841]]]}},{"type":"Feature","properties":{"cod_tema":"AREA_UTILIDADE_PUBLICA","cod_imovel":"RJ-3301009-F4D4FA43EB764B5EBA510D9C16B92D07","num_area":"0.5757000000000000000000000000000","ind_status":"AT"},"geometry":{"type":"Polygon","coordinates":[[[-41.6525,-21.8729],[-41.6437,-21.8733],[-41.6524,-21.873],[-41.6525,-21.8729]]]}},{"type":"Feature","properties":{"cod_tema":"AREA_SERVIDAO_ADMINISTRATIVA_TOTAL","cod_imovel":"RJ-3301009-F4D4FA43EB764B5EBA510D9C16B92D07","num_area":"0.5757000000000000000000000000000","ind_status":"AT"},"geometry":{"type":"Polygon","coordinates":[[[-41.6525,-21.8729],[-41.6437,-21.8733],[-41.6524,-21.873],[-41.6525,-21.8729]]]}},{"type":"Feature","properties":{"cod_tema":"AREA_UTILIDADE_PUBLICA","cod_imovel":"RJ-3301009-C615CB2EEC11427CB4E267461B89A2BE","num_area":"0.2415000000000000000000000000000","ind_status":"AT"},"geometry":{"type":"Polygon","coordinates":[[[-41.5042,-21.37],[-41.5004,-21.3698],[-41.5042,-21.37],[-41.5042,-21.37]]]}},{"type":"Feature","properties":{"cod_tema":"AREA_SERVIDAO_ADMINISTRATIVA_TOTAL","cod_imovel":"RJ-3301009-C615CB2EEC11427CB4E267461B89A2BE","num_area":"0.2415000000000000000000000000000","ind_status":"AT"},"geometry":{"type":"Polygon","coordinates":[[[-41.5042,-21.37],[-41.5004,-21.3698],[-41.5042,-21.37],[-41.5042,-21.37]]]}},{"type":"Feature","properties":{"cod_tema":"AREA_INFRAESTRUTURA_PUBLICA","cod_imovel":"RJ-3301009-032B6B416D6C4DAEBE942491D7B82AC2","num_area":"0.5547000000000000000000000000000","ind_status":"AT"},"geometry":{"type":"Polygon","coordinates":[[[-41.5063,-21.3884],[-41.5076,-21.3945],[-41.5065,-21.3887],[-41.5063,-21.3884]]]}},{"type":"Feature","properties":{"cod_tema":"AREA_SERVIDAO_ADMINISTRATIVA_TOTAL","cod_imovel":"RJ-3301009-032B6B416D6C4DAEBE942491D7B82AC2","num_area":"0.5547000000000000000000000000000","ind_status":"AT"},"geometry":{"type":"Polygon","coordinates":[[[-41.5063,-21.3884],[-41.5076,-21.3945],[-41.5065,-21.3887],[-41.5063,-21.3884]]]}},{"type":"Feature","properties":{"cod_tema":"AREA_UTILIDADE_PUBLICA","cod_imovel":"RJ-3301009-0492266C4D104B1D9B418E5CEC535A93","num_area":"0.7027000000000000000000000000000","ind_status":"AT"},"geometry":{"type":"Polygon","coordinates":[[[-41.405,-21.6072],[-41.4109,-21.6093],[-41.4016,-21.6011],[-41.405,-21.6072],[-41.405,-21.6072]]]}},{"type":"Feature","properties":{"cod_tema":"AREA_SERVIDAO_ADMINISTRATIVA_TOTAL","cod_imovel":"RJ-3301009-0492266C4D104B1D9B418E5CEC535A93","num_area":"0.7027000000000000000000000000000","ind_status":"AT"},"geometry":{"type":"Polygon","coordinates":[[[-41.405,-21.6072],[-41.4109,-21.6093],[-41.4016,-21.6011],[-41.405,-21.6072],[-41.405,-21.6072]]]}},{"type":"Feature","properties":{"cod_tema":"AREA_INFRAESTRUTURA_PUBLICA","cod_imovel":"RJ-3301009-04A9FEEA14754619A5B347A4B93CFBC0","num_area":"0.4490000000000000000000000000000","ind_status":"AT"},"geometry":{"type":"Polygon","coordinates":[[[-41.549,-22.0075],[-41.5542,-22.0031],[-41.5495,-22.007],[-41.549,-22.0075]]]}},{"type":"Feature","properties":{"cod_tema":"AREA_SERVIDAO_ADMINISTRATIVA_TOTAL","cod_imovel":"RJ-3301009-04A9FEEA14754619A5B347A4B93CFBC0","num_area":"0.4490000000000000000000000000000","ind_status":"AT"},"geometry":{"type":"Polygon","coordinates":[[[-41.549,-22.0075],[-41.5542,-22.0031],[-41.5495,-22.007],[-41.549,-22.0075]]]}},{"type":"Feature","properties":{"cod_tema":"AREA_UTILIDADE_PUBLICA","cod_imovel":"RJ-3301009-052EC778314C4E2FB9099DC1032CAD62","num_area":"0.3697000000000000000000000000000","ind_status":"PE"},"geometry":{"type":"Polygon","coordinates":[[[-41.5414,-21.2978],[-41.5417,-21.3032],[-41.5414,-21.2989],[-41.5414,-21.2978]]]}},{"type":"Feature","properties":{"cod_tema":"AREA_SERVIDAO_ADMINISTRATIVA_TOTAL","cod_imovel":"RJ-3301009-052EC778314C4E2FB9099DC1032CAD62","num_area":"0.3697000000000000000000000000000","ind_status":"PE"},"geometry":{"type":"Polygon","coordinates":[[[-41.5414,-21.2978],[-41.5417,-21.3032],[-41.5414,-21.2989],[-41.5414,-21.2978]]]}},{"type":"Feature","properties":{"cod_tema":"AREA_INFRAESTRUTURA_PUBLICA","cod_imovel":"RJ-3301009-0546E5C5D49B4637A2E0C21E5232384B","num_area":"0.8222000000000000000000000000000","ind_status":"AT"},"geometry":{"type":"Polygon","coordinates":[[[-41.2796,-21.3336],[-41.273,-21.3274],[-41.2796,-21.3336],[-41.2796,-21.3336]]]}},{"type":"Feature","properties":{"cod_tema":"AREA_SERVIDAO_ADMINISTRATIVA_TOTAL","cod_imovel":"RJ-3301009-0546E5C5D49B4637A2E0C21E5232384B","num_area":"0.8222000000000000000000000000000","ind_status":"AT"},"geometry":{"type":"Polygon","coordinates":[[[-41.2796,-21.3336],[-41.273,-21.3274],[-41.2796,-21.3336],[-41.2796,-21.3336]]]}},{"type":"Feature","properties":{"cod_tema":"AREA_INFRAESTRUTURA_PUBLICA","cod_imovel":"RJ-3301009-061D2008F14E4C5391960CDFD717FB7C","num_area":"3.3811000000000000000000000000000","ind_status":"AT"},"geometry":{"type":"Polygon","coordinates":[[[-41.3074,-21.3674],[-41.294,-21.368],[-41.3072,-21.3674],[-41.3074,-21.3674]]]}},{"type":"Feature","properties":{"cod_tema":"AREA_SERVIDAO_ADMINISTRATIVA_TOTAL","cod_imovel":"RJ-3301009-061D2008F14E4C5391960CDFD717FB7C","num_area":"3.3811000000000000000000000000000","ind_status":"AT"},"geometry":{"type":"Polygon","coordinates":[[[-41.3074,-21.3674],[-41.294,-21.368],[-41.3072,-21.3674],[-41.3074,-21.3674]]]}},{"type":"Feature","properties":{"cod_tema":"AREA_INFRAESTRUTURA_PUBLICA","cod_imovel":"RJ-3301009-06A788951E694E7998E70EFFA86AF243","num_area":"0.1775000000000000000000000000000","ind_status":"AT"},"geometry":{"type":"Polygon","coordinates":[[[-41.3115,-21.3877],[-41.3102,-21.3848],[-41.3115,-21.3876],[-41.3115,-21.3877]]]}},{"type":"Feature","properties":{"cod_tema":"AREA_SERVIDAO_ADMINISTRATIVA_TOTAL","cod_imovel":"RJ-3301009-06A788951E694E7998E70EFFA86AF243","num_area":"0.1775000000000000000000000000000","ind_status":"AT"},"geometry":{"type":"Polygon","coordinates":[[[-41.3115,-21.3877],[-41.3102,-21.3848],[-41.3115,-21.3876],[-41.3115,-21.3877]]]}},{"type":"Feature","properties":{"cod_tema":"AREA_INFRAESTRUTURA_PUBLICA","cod_imovel":"RJ-3301009-07053F2D36074CA4A716EF29D6F95CC2","num_area":"4.0891000000000000000000000000000","ind_status":"AT"},"geometry":{"type":"Polygon","coordinates":[[[-41.5551,-21.759],[-41.558,-21.7569],[-41.5552,-21.759],[-41.5551,-21.759]],[[-41.5688,-21.7671],[-41.5572,-21.7654],[-41.5688,-21.7671],[-41.5688,-21.7671]]]}},{"type":"Feature","properties":{"cod_tema":"AREA_SERVIDAO_ADMINISTRATIVA_TOTAL","cod_imovel":"RJ-3301009-07053F2D36074CA4A716EF29D6F95CC2","num_area":"4.0891000000000000000000000000000","ind_status":"AT"},"geometry":{"type":"Polygon","coordinates":[[[-41.5551,-21.759],[-41.558,-21.7569],[-41.5552,-21.759],[-41.5551,-21.759]],[[-41.5688,-21.7671],[-41.5572,-21.7654],[-41.5688,-21.7671],[-41.5688,-21.7671]]]}},{"type":"Feature","properties":{"cod_tema":"AREA_UTILIDADE_PUBLICA","cod_imovel":"RJ-3301009-0722BB03BB164EA2BCEF10FD483BEA47","num_area":"0.1161000000000000000000000000000","ind_status":"AT"},"geometry":{"type":"Polygon","coordinates":[[[-41.2908,-21.2813],[-41.2938,-21.2826],[-41.2908,-21.2813],[-41.2908,-21.2813]]]}},{"type":"Feature","properties":{"cod_tema":"AREA_SERVIDAO_ADMINISTRATIVA_TOTAL","cod_imovel":"RJ-3301009-0722BB03BB164EA2BCEF10FD483BEA47","num_area":"0.1161000000000000000000000000000","ind_status":"AT"},"geometry":{"type":"Polygon","coordinates":[[[-41.2908,-21.2813],[-41.2938,-21.2826],[-41.2908,-21.2813],[-41.2908,-21.2813]]]}},{"type":"Feature","properties":{"cod_tema":"AREA_UTILIDADE_PUBLICA","cod_imovel":"RJ-3301009-0711D612AE1740BD97BE6CE2A6B84768","num_area":"0.3032000000000000000000000000000","ind_status":"AT"},"geometry":{"type":"Polygon","coordinates":[[[-41.5024,-21.7486],[-41.5024,-21.7441],[-41.5027,-21.749],[-41.5024,-21.7486]]]}},{"type":"Feature","properties":{"cod_tema":"AREA_SERVIDAO_ADMINISTRATIVA_TOTAL","cod_imovel":"RJ-3301009-0711D612AE1740BD97BE6CE2A6B84768","num_area":"0.3032000000000000000000000000000","ind_status":"AT"},"geometry":{"type":"Polygon","coordinates":[[[-41.5024,-21.7486],[-41.5024,-21.7441],[-41.5027,-21.749],[-41.5024,-21.7486]]]}},{"type":"Feature","properties":{"cod_tema":"AREA_UTILIDADE_PUBLICA","cod_imovel":"RJ-3301009-073D29491FA54210862C7AC17445897D","num_area":"0.2594000000000000000000000000000","ind_status":"AT"},"geometry":{"type":"Polygon","coordinates":[[[-41.3597,-21.3617],[-41.3543,-21.3602],[-41.3597,-21.3617],[-41.3597,-21.3617]]]}},{"type":"Feature","properties":{"cod_tema":"AREA_SERVIDAO_ADMINISTRATIVA_TOTAL","cod_imovel":"RJ-3301009-073D29491FA54210862C7AC17445897D","num_area":"0.2594000000000000000000000000000","ind_status":"AT"},"geometry":{"type":"Polygon","coordinates":[[[-41.3597,-21.3617],[-41.3543,-21.3602],[-41.3597,-21.3617],[-41.3597,-21.3617]]]}},{"type":"Feature","properties":{"cod_tema":"AREA_INFRAESTRUTURA_PUBLICA","cod_imovel":"RJ-3301009-07E57FAE39464B9CB770EB75B926C726","num_area":"6.2835000000000000000000000000000","ind_status":"AT"},"geometry":{"type":"Polygon","coordinates":[[[-41.6279,-21.916],[-41.6319,-21.9212],[-41.6139,-21.8986],[-41.6279,-21.916]]]}},{"type":"Feature","properties":{"cod_tema":"AREA_SERVIDAO_ADMINISTRATIVA_TOTAL","cod_imovel":"RJ-3301009-07E57FAE39464B9CB770EB75B926C726","num_area":"6.2835000000000000000000000000000","ind_status":"AT"},"geometry":{"type":"Polygon","coordinates":[[[-41.6279,-21.916],[-41.6319,-21.9212],[-41.6139,-21.8986],[-41.6279,-21.916]]]}},{"type":"Feature","properties":{"cod_tema":"AREA_INFRAESTRUTURA_PUBLICA","cod_imovel":"RJ-3301009-0AFF59A8E26F4BDA88B1DDB5C1DFCA16","num_area":"0.6397000000000000000000000000000","ind_status":"AT"},"geometry":{"type":"Polygon","coordinates":[[[-41.3133,-21.9096],[-41.3169,-21.9073],[-41.3134,-21.9095],[-41.3133,-21.9096]]]}},{"type":"Feature","properties":{"cod_tema":"AREA_SERVIDAO_ADMINISTRATIVA_TOTAL","cod_imovel":"RJ-3301009-0AFF59A8E26F4BDA88B1DDB5C1DFCA16","num_area":"0.6397000000000000000000000000000","ind_status":"AT"},"geometry":{"type":"Polygon","coordinates":[[[-41.3133,-21.9096],[-41.3169,-21.9073],[-41.3134,-21.9095],[-41.3133,-21.9096]]]}},{"type":"Feature","properties":{"cod_tema":"AREA_UTILIDADE_PUBLICA","cod_imovel":"RJ-3301009-0B382139F1944B8D8C5A7C3FE7F22C42","num_area":"0.3592000000000000000000000000000","ind_status":"AT"},"geometry":{"type":"Polygon","coordinates":[[[-41.2722,-21.4795],[-41.2753,-21.4818],[-41.2722,-21.4795],[-41.2722,-21.4795]]]}},{"type":"Feature","properties":{"cod_tema":"AREA_SERVIDAO_ADMINISTRATIVA_TOTAL","cod_imovel":"RJ-3301009-0B382139F1944B8D8C5A7C3FE7F22C42","num_area":"0.3592000000000000000000000000000","ind_status":"AT"},"geometry":{"type":"Polygon","coordinates":[[[-41.2722,-21.4795],[-41.2753,-21.4818],[-41.2722,-21.4795],[-41.2722,-21.4795]]]}},{"type":"Feature","properties":{"cod_tema":"AREA_INFRAESTRUTURA_PUBLICA","cod_imovel":"RJ-3301009-0BDE76AD26C240AD96FEDCC1ED79AB39","num_area":"5.2750000000000000000000000000000","ind_status":"AT"},"geometry":{"type":"Polygon","coordinates":[[[-41.2705,-21.8195],[-41.2756,-21.8227],[-41.2715,-21.82],[-41.2705,-21.8195]],[[-41.2795,-21.828],[-41.2805,-21.8185],[-41.2792,-21.8271],[-41.2795,-21.828]]]}},{"type":"Feature","properties":{"cod_tema":"AREA_SERVIDAO_ADMINISTRATIVA_TOTAL","cod_imovel":"RJ-3301009-0BDE76AD26C240AD96FEDCC1ED79AB39","num_area":"5.2750000000000000000000000000000","ind_status":"AT"},"geometry":{"type":"Polygon","coordinates":[[[-41.2705,-21.8195],[-41.2756,-21.8227],[-41.2715,-21.82],[-41.2705,-21.8195]],[[-41.2795,-21.828],[-41.2805,-21.8185],[-41.2792,-21.8271],[-41.2795,-21.828]]]}},{"type":"Feature","properties":{"cod_tema":"AREA_INFRAESTRUTURA_PUBLICA","cod_imovel":"RJ-3301009-0C950F3FDE0042EFA8BA35603196BAEF","num_area":"0.3962000000000000000000000000000","ind_status":"AT"},"geometry":{"type":"Polygon","coordinates":[[[-41.5517,-22.0171],[-41.5515,-22.0135],[-41.5517,-22.0169],[-41.5517,-22.0171]]]}},{"type":"Feature","properties":{"cod_tema":"AREA_SERVIDAO_ADMINISTRATIVA_TOTAL","cod_imovel":"RJ-3301009-0C950F3FDE0042EFA8BA35603196BAEF","num_area":"0.3962000000000000000000000000000","ind_status":"AT"},"geometry":{"type":"Polygon","coordinates":[[[-41.5517,-22.0171],[-41.5515,-22.0135],[-41.5517,-22.0169],[-41.5517,-22.0171]]]}},{"type":"Feature","properties":{"cod_tema":"AREA_UTILIDADE_PUBLICA","cod_imovel":"RJ-3301009-0FF98ADB998E4880A13967650E5751F4","num_area":"51.037800000000000000000000000000","ind_status":"AT"},"geometry":{"type":"Polygon","coordinates":[[[-41.4718,-21.3421],[-41.4703,-21.3382],[-41.4632,-21.3427],[-41.4682,-21.3474],[-41.4717,-21.3424],[-41.4718,-21.3421]]]}},{"type":"Feature","properties":{"cod_tema":"AREA_SERVIDAO_ADMINISTRATIVA_TOTAL","cod_imovel":"RJ-3301009-0FF98ADB998E4880A13967650E5751F4","num_area":"51.037800000000000000000000000000","ind_status":"AT"},"geometry":{"type":"Polygon","coordinates":[[[-41.4718,-21.3421],[-41.4703,-21.3382],[-41.4632,-21.3427],[-41.4682,-21.3474],[-41.4717,-21.3424],[-41.4718,-21.3421]]]}},{"type":"Feature","properties":{"cod_tema":"AREA_INFRAESTRUTURA_PUBLICA","cod_imovel":"RJ-3301009-0E3EF1A2648945B7894B99A8B6EE3AF8","num_area":"0.4980000000000000000000000000000","ind_status":"AT"},"geometry":{"type":"Polygon","coordinates":[[[-41.4728,-21.3808],[-41.4702,-21.3833],[-41.4728,-21.3808],[-41.4728,-21.3808]],[[-41.4713,-21.3932],[-41.4692,-21.3909],[-41.4713,-21.3932],[-41.4713,-21.3932]]]}},{"type":"Feature","properties":{"cod_tema":"AREA_UTILIDADE_PUBLICA","cod_imovel":"RJ-3301009-0E3EF1A2648945B7894B99A8B6EE3AF8","num_area":"1.0075000000000000000000000000000","ind_status":"AT"},"geometry":{"type":"Polygon","coordinates":[[[-41.4694,-21.3895],[-41.4778,-21.3855],[-41.4717,-21.388],[-41.4694,-21.3895]]]}},{"type":"Feature","properties":{"cod_tema":"AREA_SERVIDAO_ADMINISTRATIVA_TOTAL","cod_imovel":"RJ-3301009-0E3EF1A2648945B7894B99A8B6EE3AF8","num_area":"1.5003000000000000000000000000000","ind_status":"AT"},"geometry":{"type":"Polygon","coordinates":[[[-41.4694,-21.3895],[-41.4778,-21.3855],[-41.4694,-21.3894],[-41.4694,-21.3895]],[[-41.4728,-21.3808],[-41.4702,-21.3833],[-41.4728,-21.3808],[-41.4728,-21.3808]],[[-41.4713,-21.3932],[-41.4692,-21.3909],[-41.4713,-21.3932],[-41.4713,-21.3932]]]}},{"type":"Feature","properties":{"cod_tema":"AREA_INFRAESTRUTURA_PUBLICA","cod_imovel":"RJ-3301009-106CC95980E04FB5AA0660BEAEEEC9EA","num_area":"0.3933000000000000000000000000000","ind_status":"AT"},"geometry":{"type":"Polygon","coordinates":[[[-41.4148,-21.2711],[-41.419,-21.2708],[-41.4149,-21.2711],[-41.4148,-21.2711]]]}},{"type":"Feature","properties":{"cod_tema":"AREA_SERVIDAO_ADMINISTRATIVA_TOTAL","cod_imovel":"RJ-3301009-106CC95980E04FB5AA0660BEAEEEC9EA","num_area":"0.3933000000000000000000000000000","ind_status":"AT"},"geometry":{"type":"Polygon","coordinates":[[[-41.4148,-21.2711],[-41.419,-21.2708],[-41.4149,-21.2711],[-41.4148,-21.2711]]]}},{"type":"Feature","properties":{"cod_tema":"AREA_INFRAESTRUTURA_PUBLICA","cod_imovel":"RJ-3301009-0FD50B9AEDC249118992E22BC7693D6B","num_area":"1.5590000000000000000000000000000","ind_status":"AT"},"geometry":{"type":"Polygon","coordinates":[[[-41.4811,-21.8744],[-41.4875,-21.8779],[-41.4812,-21.8743],[-41.4811,-21.8744]]]}},{"type":"Feature","properties":{"cod_tema":"AREA_UTILIDADE_PUBLICA","cod_imovel":"RJ-3301009-0FD50B9AEDC249118992E22BC7693D6B","num_area":"1.1500000000000000000000000000000","ind_status":"AT"},"geometry":{"type":"Polygon","coordinates":[[[-41.4899,-21.8743],[-41.4811,-21.8775],[-41.4899,-21.8743],[-41.4899,-21.8743]]]}},{"type":"Feature","properties":{"cod_tema":"AREA_SERVIDAO_ADMINISTRATIVA_TOTAL","cod_imovel":"RJ-3301009-0FD50B9AEDC249118992E22BC7693D6B","num_area":"2.6836000000000000000000000000000","ind_status":"AT"},"geometry":{"type":"Polygon","coordinates":[[[-41.4811,-21.8744],[-41.4873,-21.878],[-41.4899,-21.8743],[-41.4812,-21.8743],[-41.4811,-21.8744]]]}},{"type":"Feature","properties":{"cod_tema":"AREA_UTILIDADE_PUBLICA","cod_imovel":"RJ-3301009-105ED9614B884453A49049FC9401AC44","num_area":"0.4270000000000000000000000000000","ind_status":"AT"},"geometry":{"type":"Polygon","coordinates":[[[-41.5483,-21.3757],[-41.5519,-21.3772],[-41.5507,-21.3703],[-41.5483,-21.3757],[-41.5483,-21.3757]]]}},{"type":"Feature","properties":{"cod_tema":"AREA_SERVIDAO_ADMINISTRATIVA_TOTAL","cod_imovel":"RJ-3301009-105ED9614B884453A49049FC9401AC44","num_area":"0.4270000000000000000000000000000","ind_status":"AT"},"geometry":{"type":"Polygon","coordinates":[[[-41.5483,-21.3757],[-41.5519,-21.3772],[-41.5507,-21.3703],[-41.5483,-21.3757],[-41.5483,-21.3757]]]}},{"type":"Feature","properties":{"cod_tema":"AREA_INFRAESTRUTURA_PUBLICA","cod_imovel":"RJ-3301009-10736E0E81604E4B8D034557EB4BEC09","num_area":"0.4676000000000000000000000000000","ind_status":"AT"},"geometry":{"type":"Polygon","coordinates":[[[-41.4508,-21.2716],[-41.4571,-21.2725],[-41.4508,-21.2715],[-41.4508,-21.2716]]]}},{"type":"Feature","properties":{"cod_tema":"AREA_SERVIDAO_ADMINISTRATIVA_TOTAL","cod_imovel":"RJ-3301009-10736E0E81604E4B8D034557EB4BEC09","num_area":"0.4676000000000000000000000000000","ind_status":"AT"},"geometry":{"type":"Polygon","coordinates":[[[-41.4508,-21.2716],[-41.4571,-21.2725],[-41.4508,-21.2715],[-41.4508,-21.2716]]]}},{"type":"Feature","properties":{"cod_tema":"AREA_UTILIDADE_PUBLICA","cod_imovel":"RJ-3301009-10A9574A957A4960970F224184A3E30B","num_area":"0.4186000000000000000000000000000","ind_status":"AT"},"geometry":{"type":"Polygon","coordinates":[[[-41.5045,-21.2998],[-41.511,-21.3002],[-41.5045,-21.2998],[-41.5045,-21.2998]]]}},{"type":"Feature","properties":{"cod_tema":"AREA_SERVIDAO_ADMINISTRATIVA_TOTAL","cod_imovel":"RJ-3301009-10A9574A957A4960970F224184A3E30B","num_area":"0.4186000000000000000000000000000","ind_status":"AT"},"geometry":{"type":"Polygon","coordinates":[[[-41.5045,-21.2998],[-41.511,-21.3002],[-41.5045,-21.2998],[-41.5045,-21.2998]]]}},{"type":"Feature","properties":{"cod_tema":"AREA_INFRAESTRUTURA_PUBLICA","cod_imovel":"RJ-3301009-10B49AE2CA1042FE834230A533D9CAC6","num_area":"0.2277000000000000000000000000000","ind_status":"AT"},"geometry":{"type":"Polygon","coordinates":[[[-41.5391,-21.7112],[-41.5463,-21.7109],[-41.5392,-21.7112],[-41.5391,-21.7112]]]}},{"type":"Feature","properties":{"cod_tema":"AREA_SERVIDAO_ADMINISTRATIVA_TOTAL","cod_imovel":"RJ-3301009-10B49AE2CA1042FE834230A533D9CAC6","num_area":"0.2277000000000000000000000000000","ind_status":"AT"},"geometry":{"type":"Polygon","coordinates":[[[-41.5391,-21.7112],[-41.5463,-21.7109],[-41.5392,-21.7112],[-41.5391,-21.7112]]]}},{"type":"Feature","properties":{"cod_tema":"AREA_INFRAESTRUTURA_PUBLICA","cod_imovel":"RJ-3301009-136303B533E44D4F85F6ABF0662B0616","num_area":"7.7285000000000000000000000000000","ind_status":"AT"},"geometry":{"type":"Polygon","coordinates":[[[-41.367,-21.4265],[-41.3712,-21.4183],[-41.3605,-21.4301],[-41.3544,-21.4334],[-41.3498,-21.4301],[-41.3544,-21.4336],[-41.3667,-21.4266],[-41.367,-21.4265]]]}},{"type":"Feature","properties":{"cod_tema":"AREA_SERVIDAO_ADMINISTRATIVA_TOTAL","cod_imovel":"RJ-3301009-136303B533E44D4F85F6ABF0662B0616","num_area":"7.7285000000000000000000000000000","ind_status":"AT"},"geometry":{"type":"Polygon","coordinates":[[[-41.367,-21.4265],[-41.3712,-21.4183],[-41.3605,-21.4301],[-41.3544,-21.4334],[-41.3498,-21.4301],[-41.3544,-21.4336],[-41.3667,-21.4266],[-41.367,-21.4265]]]}},{"type":"Feature","properties":{"cod_tema":"AREA_UTILIDADE_PUBLICA","cod_imovel":"RJ-3301009-16A9016914894831A9CBA5306E53FEF5","num_area":"0.2695000000000000000000000000000","ind_status":"AT"},"geometry":{"type":"Polygon","coordinates":[[[-41.6734,-21.7305],[-41.6698,-21.7277],[-41.6735,-21.7308],[-41.6734,-21.7305]]]}},{"type":"Feature","properties":{"cod_tema":"AREA_SERVIDAO_ADMINISTRATIVA_TOTAL","cod_imovel":"RJ-3301009-16A9016914894831A9CBA5306E53FEF5","num_area":"0.2695000000000000000000000000000","ind_status":"AT"},"geometry":{"type":"Polygon","coordinates":[[[-41.6734,-21.7305],[-41.6698,-21.7277],[-41.6735,-21.7308],[-41.6734,-21.7305]]]}},{"type":"Feature","properties":{"cod_tema":"AREA_INFRAESTRUTURA_PUBLICA","cod_imovel":"RJ-3301009-16F123DCC9E24070A82E93CBE257A7C0","num_area":"0.2210000000000000000000000000000","ind_status":"AT"},"geometry":{"type":"Polygon","coordinates":[[[-41.3084,-21.3959],[-41.3099,-21.4009],[-41.3084,-21.396],[-41.3084,-21.3959]]]}},{"type":"Feature","properties":{"cod_tema":"AREA_SERVIDAO_ADMINISTRATIVA_TOTAL","cod_imovel":"RJ-3301009-16F123DCC9E24070A82E93CBE257A7C0","num_area":"0.2210000000000000000000000000000","ind_status":"AT"},"geometry":{"type":"Polygon","coordinates":[[[-41.3084,-21.3959],[-41.3099,-21.4009],[-41.3084,-21.396],[-41.3084,-21.3959]]]}},{"type":"Feature","properties":{"cod_tema":"AREA_UTILIDADE_PUBLICA","cod_imovel":"RJ-3301009-1736706C61A1480AAEF496806D610297","num_area":"0.4950000000000000000000000000000","ind_status":"AT"},"geometry":{"type":"Polygon","coordinates":[[[-41.2031,-22.0322],[-41.194,-22.0349],[-41.2031,-22.0322],[-41.2031,-22.0322]]]}},{"type":"Feature","properties":{"cod_tema":"AREA_SERVIDAO_ADMINISTRATIVA_TOTAL","cod_imovel":"RJ-3301009-1736706C61A1480AAEF496806D610297","num_area":"0.4950000000000000000000000000000","ind_status":"AT"},"geometry":{"type":"Polygon","coordinates":[[[-41.2031,-22.0322],[-41.194,-22.0349],[-41.2031,-22.0322],[-41.2031,-22.0322]]]}},{"type":"Feature","properties":{"cod_tema":"AREA_INFRAESTRUTURA_PUBLICA","cod_imovel":"RJ-3301009-18406F80517249919CBAD2A1DABC2007","num_area":"1.4115000000000000000000000000000","ind_status":"AT"},"geometry":{"type":"Polygon","coordinates":[[[-41.279,-21.7838],[-41.2724,-21.7846],[-41.278,-21.7846],[-41.279,-21.7838]]]}},{"type":"Feature","properties":{"cod_tema":"AREA_SERVIDAO_ADMINISTRATIVA_TOTAL","cod_imovel":"RJ-3301009-18406F80517249919CBAD2A1DABC2007","num_area":"1.4115000000000000000000000000000","ind_status":"AT"},"geometry":{"type":"Polygon","coordinates":[[[-41.279,-21.7838],[-41.2724,-21.7846],[-41.278,-21.7846],[-41.279,-21.7838]]]}},{"type":"Feature","properties":{"cod_tema":"AREA_INFRAESTRUTURA_PUBLICA","cod_imovel":"RJ-3301009-184102B7382A4F03AADA96F0A98497B0","num_area":"0.3252000000000000000000000000000","ind_status":"AT"},"geometry":{"type":"Polygon","coordinates":[[[-41.3956,-21.4353],[-41.3973,-21.4386],[-41.3956,-21.4353],[-41.3956,-21.4353]]]}},{"type":"Feature","properties":{"cod_tema":"AREA_SERVIDAO_ADMINISTRATIVA_TOTAL","cod_imovel":"RJ-3301009-184102B7382A4F03AADA96F0A98497B0","num_area":"0.3252000000000000000000000000000","ind_status":"AT"},"geometry":{"type":"Polygon","coordinates":[[[-41.3956,-21.4353],[-41.3973,-21.4386],[-41.3956,-21.4353],[-41.3956,-21.4353]]]}},{"type":"Feature","properties":{"cod_tema":"AREA_UTILIDADE_PUBLICA","cod_imovel":"RJ-3301009-194431D1D0794705AFFDD0150FA61514","num_area":"0.1328000000000000000000000000000","ind_status":"AT"},"geometry":{"type":"Polygon","coordinates":[[[-41.42,-21.2276],[-41.4213,-21.2248],[-41.4201,-21.2275],[-41.42,-21.2276]]]}},{"type":"Feature","properties":{"cod_tema":"AREA_SERVIDAO_ADMINISTRATIVA_TOTAL","cod_imovel":"RJ-3301009-194431D1D0794705AFFDD0150FA61514","num_area":"0.1328000000000000000000000000000","ind_status":"AT"},"geometry":{"type":"Polygon","coordinates":[[[-41.42,-21.2276],[-41.4213,-21.2248],[-41.4201,-21.2275],[-41.42,-21.2276]]]}},{"type":"Feature","properties":{"cod_tema":"AREA_UTILIDADE_PUBLICA","cod_imovel":"RJ-3301009-19D6AB7E1C71465BA2CA7167B2926A2B","num_area":"1.2507000000000000000000000000000","ind_status":"CA"},"geometry":{"type":"Polygon","coordinates":[[[-41.2647,-21.3588],[-41.2611,-21.3647],[-41.2648,-21.3589],[-41.2647,-21.3588]]]}},{"type":"Feature","properties":{"cod_tema":"AREA_SERVIDAO_ADMINISTRATIVA_TOTAL","cod_imovel":"RJ-3301009-19D6AB7E1C71465BA2CA7167B2926A2B","num_area":"1.2507000000000000000000000000000","ind_status":"CA"},"geometry":{"type":"Polygon","coordinates":[[[-41.2647,-21.3588],[-41.2611,-21.3647],[-41.2648,-21.3589],[-41.2647,-21.3588]]]}},{"type":"Feature","properties":{"cod_tema":"AREA_INFRAESTRUTURA_PUBLICA","cod_imovel":"RJ-3301009-1ABA3EC6DA464392B60BE0D957E67786","num_area":"0.5384000000000000000000000000000","ind_status":"AT"},"geometry":{"type":"Polygon","coordinates":[[[-41.3115,-21.2942],[-41.3138,-21.2967],[-41.3115,-21.2942],[-41.3115,-21.2942]],[[-41.3162,-21.2896],[-41.3118,-21.2937],[-41.3161,-21.2897],[-41.3162,-21.2896]]]}},{"type":"Feature","properties":{"cod_tema":"AREA_SERVIDAO_ADMINISTRATIVA_TOTAL","cod_imovel":"RJ-3301009-1ABA3EC6DA464392B60BE0D957E67786","num_area":"0.5384000000000000000000000000000","ind_status":"AT"},"geometry":{"type":"Polygon","coordinates":[[[-41.3115,-21.2942],[-41.3138,-21.2967],[-41.3115,-21.2942],[-41.3115,-21.2942]],[[-41.3162,-21.2896],[-41.3118,-21.2937],[-41.3161,-21.2897],[-41.3162,-21.2896]]]}},{"type":"Feature","properties":{"cod_tema":"AREA_UTILIDADE_PUBLICA","cod_imovel":"RJ-3301009-1AC014344B794AD9949BB612FBEBD4D4","num_area":"0.5907000000000000000000000000000","ind_status":"AT"},"geometry":{"type":"Polygon","coordinates":[[[-41.2473,-21.3882],[-41.2537,-21.3881],[-41.2474,-21.3882],[-41.2473,-21.3882]]]}},{"type":"Feature","properties":{"cod_tema":"AREA_SERVIDAO_ADMINISTRATIVA_TOTAL","cod_imovel":"RJ-3301009-1AC014344B794AD9949BB612FBEBD4D4","num_area":"0.5907000000000000000000000000000","ind_status":"AT"},"geometry":{"type":"Polygon","coordinates":[[[-41.2473,-21.3882],[-41.2537,-21.3881],[-41.2474,-21.3882],[-41.2473,-21.3882]]]}},{"type":"Feature","properties":{"cod_tema":"AREA_UTILIDADE_PUBLICA","cod_imovel":"RJ-3301009-1ADD7DF905404AA7BDA805B5CBBA4E7F","num_area":"3.6631000000000000000000000000000","ind_status":"AT"},"geometry":{"type":"Polygon","coordinates":[[[-41.2817,-21.5231],[-41.2641,-21.5256],[-41.2817,-21.5231],[-41.2817,-21.5231]]]}},{"type":"Feature","properties":{"cod_tema":"AREA_SERVIDAO_ADMINISTRATIVA_TOTAL","cod_imovel":"RJ-3301009-1ADD7DF905404AA7BDA805B5CBBA4E7F","num_area":"3.6631000000000000000000000000000","ind_status":"AT"},"geometry":{"type":"Polygon","coordinates":[[[-41.2817,-21.5231],[-41.2641,-21.5256],[-41.2817,-21.5231],[-41.2817,-21.5231]]]}},{"type":"Feature","properties":{"cod_tema":"AREA_UTILIDADE_PUBLICA","cod_imovel":"RJ-3301009-1BAF7819FF034A4F85B0325FF869F2E0","num_area":"0.1580000000000000000000000000000","ind_status":"AT"},"geometry":{"type":"Polygon","coordinates":[[[-41.4467,-21.8104],[-41.4437,-21.8097],[-41.4467,-21.8104],[-41.4467,-21.8104]]]}},{"type":"Feature","properties":{"cod_tema":"AREA_SERVIDAO_ADMINISTRATIVA_TOTAL","cod_imovel":"RJ-3301009-1BAF7819FF034A4F85B0325FF869F2E0","num_area":"0.1580000000000000000000000000000","ind_status":"AT"},"geometry":{"type":"Polygon","coordinates":[[[-41.4467,-21.8104],[-41.4437,-21.8097],[-41.4467,-21.8104],[-41.4467,-21.8104]]]}},{"type":"Feature","properties":{"cod_tema":"AREA_UTILIDADE_PUBLICA","cod_imovel":"RJ-3301009-227CFE5F351046BCAE35706E08DC9620","num_area":"0.1457000000000000000000000000000","ind_status":"AT"},"geometry":{"type":"Polygon","coordinates":[[[-41.3736,-21.2891],[-41.3735,-21.2859],[-41.3736,-21.2891],[-41.3736,-21.2891]]]}},{"type":"Feature","properties":{"cod_tema":"AREA_SERVIDAO_ADMINISTRATIVA_TOTAL","cod_imovel":"RJ-3301009-227CFE5F351046BCAE35706E08DC9620","num_area":"0.1457000000000000000000000000000","ind_status":"AT"},"geometry":{"type":"Polygon","coordinates":[[[-41.3736,-21.2891],[-41.3735,-21.2859],[-41.3736,-21.2891],[-41.3736,-21.2891]]]}},{"type":"Feature","properties":{"cod_tema":"AREA_UTILIDADE_PUBLICA","cod_imovel":"RJ-3301009-23F7C361E0974A38AA7A85CDE413E8D3","num_area":"0.1678000000000000000000000000000","ind_status":"AT"},"geometry":{"type":"Polygon","coordinates":[[[-41.3525,-21.4752],[-41.3548,-21.4785],[-41.3527,-21.4756],[-41.3525,-21.4752]]]}},{"type":"Feature","properties":{"cod_tema":"AREA_SERVIDAO_ADMINISTRATIVA_TOTAL","cod_imovel":"RJ-3301009-23F7C361E0974A38AA7A85CDE413E8D3","num_area":"0.1678000000000000000000000000000","ind_status":"AT"},"geometry":{"type":"Polygon","coordinates":[[[-41.3525,-21.4752],[-41.3548,-21.4785],[-41.3527,-21.4756],[-41.3525,-21.4752]]]}},{"type":"Feature","properties":{"cod_tema":"AREA_UTILIDADE_PUBLICA","cod_imovel":"RJ-3301009-24779CF8DD1C415392A9288155B38914","num_area":"0.2320000000000000000000000000000","ind_status":"AT"},"geometry":{"type":"Polygon","coordinates":[[[-41.4879,-21.374],[-41.4846,-21.3751],[-41.4879,-21.3743],[-41.4879,-21.374]]]}},{"type":"Feature","properties":{"cod_tema":"AREA_SERVIDAO_ADMINISTRATIVA_TOTAL","cod_imovel":"RJ-3301009-24779CF8DD1C415392A9288155B38914","num_area":"0.2320000000000000000000000000000","ind_status":"AT"},"geometry":{"type":"Polygon","coordinates":[[[-41.4879,-21.374],[-41.4846,-21.3751],[-41.4879,-21.3743],[-41.4879,-21.374]]]}},{"type":"Feature","properties":{"cod_tema":"AREA_UTILIDADE_PUBLICA","cod_imovel":"RJ-3301009-24C92F0EFF87427CA128B149295C79DF","num_area":"0.5098000000000000000000000000000","ind_status":"AT"},"geometry":{"type":"Polygon","coordinates":[[[-41.2973,-21.4064],[-41.294,-21.4061],[-41.2972,-21.4101],[-41.297,-21.4064],[-41.2973,-21.4064]]]}},{"type":"Feature","properties":{"cod_tema":"AREA_SERVIDAO_ADMINISTRATIVA_TOTAL","cod_imovel":"RJ-3301009-24C92F0EFF87427CA128B149295C79DF","num_area":"0.5098000000000000000000000000000","ind_status":"AT"},"geometry":{"type":"Polygon","coordinates":[[[-41.2973,-21.4064],[-41.294,-21.4061],[-41.2972,-21.4101],[-41.297,-21.4064],[-41.2973,-21.4064]]]}},{"type":"Feature","properties":{"cod_tema":"AREA_UTILIDADE_PUBLICA","cod_imovel":"RJ-3301009-24EA0213D209413DAF3C048726DBA7F5","num_area":"0.2052000000000000000000000000000","ind_status":"AT"},"geometry":{"type":"Polygon","coordinates":[[[-41.3597,-21.3616],[-41.3635,-21.3645],[-41.3599,-21.3617],[-41.3597,-21.3616]]]}},{"type":"Feature","properties":{"cod_tema":"AREA_SERVIDAO_ADMINISTRATIVA_TOTAL","cod_imovel":"RJ-3301009-24EA0213D209413DAF3C048726DBA7F5","num_area":"0.2052000000000000000000000000000","ind_status":"AT"},"geometry":{"type":"Polygon","coordinates":[[[-41.3597,-21.3616],[-41.3635,-21.3645],[-41.3599,-21.3617],[-41.3597,-21.3616]]]}},{"type":"Feature","properties":{"cod_tema":"AREA_INFRAESTRUTURA_PUBLICA","cod_imovel":"RJ-3301009-250386E50D8B412188B8D69A4080F48B","num_area":"0.6637000000000000000000000000000","ind_status":"AT"},"geometry":{"type":"Polygon","coordinates":[[[-41.4159,-21.449],[-41.4106,-21.4396],[-41.4154,-21.4487],[-41.4159,-21.449]]]}},{"type":"Feature","properties":{"cod_tema":"AREA_SERVIDAO_ADMINISTRATIVA_TOTAL","cod_imovel":"RJ-3301009-250386E50D8B412188B8D69A4080F48B","num_area":"0.6637000000000000000000000000000","ind_status":"AT"},"geometry":{"type":"Polygon","coordinates":[[[-41.4159,-21.449],[-41.4106,-21.4396],[-41.4154,-21.4487],[-41.4159,-21.449]]]}},{"type":"Feature","properties":{"cod_tema":"AREA_UTILIDADE_PUBLICA","cod_imovel":"RJ-3301009-2573114C05DD4A17A609F0F354B90D50","num_area":"13.841000000000000000000000000000","ind_status":"AT"},"geometry":{"type":"Polygon","coordinates":[[[-41.2098,-22.048],[-41.2,-22.0512],[-41.2096,-22.0482],[-41.2098,-22.048]]]}},{"type":"Feature","properties":{"cod_tema":"AREA_SERVIDAO_ADMINISTRATIVA_TOTAL","cod_imovel":"RJ-3301009-2573114C05DD4A17A609F0F354B90D50","num_area":"13.841000000000000000000000000000","ind_status":"AT"},"geometry":{"type":"Polygon","coordinates":[[[-41.2098,-22.048],[-41.2,-22.0512],[-41.2096,-22.0482],[-41.2098,-22.048]]]}},{"type":"Feature","properties":{"cod_tema":"AREA_UTILIDADE_PUBLICA","cod_imovel":"RJ-3301009-258B3D8F7031458E9A817C28C02C0BC0","num_area":"0.5581000000000000000000000000000","ind_status":"AT"},"geometry":{"type":"Polygon","coordinates":[[[-41.3864,-21.2573],[-41.3742,-21.2564],[-41.3867,-21.2574],[-41.3864,-21.2573]]]}},{"type":"Feature","properties":{"cod_tema":"AREA_SERVIDAO_ADMINISTRATIVA_TOTAL","cod_imovel":"RJ-3301009-258B3D8F7031458E9A817C28C02C0BC0","num_area":"0.5581000000000000000000000000000","ind_status":"AT"},"geometry":{"type":"Polygon","coordinates":[[[-41.3864,-21.2573],[-41.3742,-21.2564],[-41.3867,-21.2574],[-41.3864,-21.2573]]]}},{"type":"Feature","properties":{"cod_tema":"AREA_UTILIDADE_PUBLICA","cod_imovel":"RJ-3301009-258D24D9FEA44A8AAD1E6B1FD79D9AE6","num_area":"0.2368000000000000000000000000000","ind_status":"AT"},"geometry":{"type":"Polygon","coordinates":[[[-41.1621,-21.993],[-41.1579,-21.9918],[-41.1621,-21.993],[-41.1621,-21.993]]]}},{"type":"Feature","properties":{"cod_tema":"AREA_SERVIDAO_ADMINISTRATIVA_TOTAL","cod_imovel":"RJ-3301009-258D24D9FEA44A8AAD1E6B1FD79D9AE6","num_area":"0.2368000000000000000000000000000","ind_status":"AT"},"geometry":{"type":"Polygon","coordinates":[[[-41.1621,-21.993],[-41.1579,-21.9918],[-41.1621,-21.993],[-41.1621,-21.993]]]}},{"type":"Feature","properties":{"cod_tema":"AREA_INFRAESTRUTURA_PUBLICA","cod_imovel":"RJ-3301009-25A3516E956545DAB9DFB3FC28C2B0DE","num_area":"0.4967000000000000000000000000000","ind_status":"AT"},"geometry":{"type":"Polygon","coordinates":[[[-41.3826,-21.4985],[-41.3854,-21.4932],[-41.3828,-21.4985],[-41.3826,-21.4985]]]}},{"type":"Feature","properties":{"cod_tema":"AREA_SERVIDAO_ADMINISTRATIVA_TOTAL","cod_imovel":"RJ-3301009-25A3516E956545DAB9DFB3FC28C2B0DE","num_area":"0.4967000000000000000000000000000","ind_status":"AT"},"geometry":{"type":"Polygon","coordinates":[[[-41.3826,-21.4985],[-41.3854,-21.4932],[-41.3828,-21.4985],[-41.3826,-21.4985]]]}},{"type":"Feature","properties":{"cod_tema":"AREA_UTILIDADE_PUBLICA","cod_imovel":"RJ-3301009-269BD0A6323145B0A4315AAEABD4BC29","num_area":"0.1493000000000000000000000000000","ind_status":"AT"},"geometry":{"type":"Polygon","coordinates":[[[-41.41,-21.2446],[-41.4126,-21.2469],[-41.41,-21.2446],[-41.41,-21.2446]]]}},{"type":"Feature","properties":{"cod_tema":"AREA_SERVIDAO_ADMINISTRATIVA_TOTAL","cod_imovel":"RJ-3301009-269BD0A6323145B0A4315AAEABD4BC29","num_area":"0.1493000000000000000000000000000","ind_status":"AT"},"geometry":{"type":"Polygon","coordinates":[[[-41.41,-21.2446],[-41.4126,-21.2469],[-41.41,-21.2446],[-41.41,-21.2446]]]}},{"type":"Feature","properties":{"cod_tema":"AREA_UTILIDADE_PUBLICA","cod_imovel":"RJ-3301009-26CE0E7A9DDA4D1AA0B6BD9964037EAE","num_area":"0.2548000000000000000000000000000","ind_status":"AT"},"geometry":{"type":"Polygon","coordinates":[[[-41.5333,-21.2773],[-41.5294,-21.2793],[-41.5332,-21.2773],[-41.5333,-21.2773]]]}},{"type":"Feature","properties":{"cod_tema":"AREA_SERVIDAO_ADMINISTRATIVA_TOTAL","cod_imovel":"RJ-3301009-26CE0E7A9DDA4D1AA0B6BD9964037EAE","num_area":"0.2548000000000000000000000000000","ind_status":"AT"},"geometry":{"type":"Polygon","coordinates":[[[-41.5333,-21.2773],[-41.5294,-21.2793],[-41.5332,-21.2773],[-41.5333,-21.2773]]]}},{"type":"Feature","properties":{"cod_tema":"AREA_INFRAESTRUTURA_PUBLICA","cod_imovel":"RJ-3301009-279A8AE7C9544EE19E1DB91132596365","num_area":"1.6965000000000000000000000000000","ind_status":"AT"},"geometry":{"type":"Polygon","coordinates":[[[-41.5236,-21.3573],[-41.5279,-21.3534],[-41.525,-21.3566],[-41.5236,-21.3573]]]}},{"type":"Feature","properties":{"cod_tema":"AREA_SERVIDAO_ADMINISTRATIVA_TOTAL","cod_imovel":"RJ-3301009-279A8AE7C9544EE19E1DB91132596365","num_area":"1.6965000000000000000000000000000","ind_status":"AT"},"geometry":{"type":"Polygon","coordinates":[[[-41.5236,-21.3573],[-41.5279,-21.3534],[-41.525,-21.3566],[-41.5236,-21.3573]]]}},{"type":"Feature","properties":{"cod_tema":"AREA_INFRAESTRUTURA_PUBLICA","cod_imovel":"RJ-3301009-288D841F41D1416B8B4488916D4FE7E2","num_area":"0.9372000000000000000000000000000","ind_status":"AT"},"geometry":{"type":"Polygon","coordinates":[[[-41.7441,-22.0463],[-41.7437,-22.0411],[-41.7442,-22.046],[-41.7441,-22.0463]],[[-41.7438,-22.0359],[-41.7406,-22.0295],[-41.7438,-22.0359],[-41.7438,-22.0359]]]}},{"type":"Feature","properties":{"cod_tema":"AREA_SERVIDAO_ADMINISTRATIVA_TOTAL","cod_imovel":"RJ-3301009-288D841F41D1416B8B4488916D4FE7E2","num_area":"0.9372000000000000000000000000000","ind_status":"AT"},"geometry":{"type":"Polygon","coordinates":[[[-41.7441,-22.0463],[-41.7437,-22.0411],[-41.7442,-22.046],[-41.7441,-22.0463]],[[-41.7438,-22.0359],[-41.7406,-22.0295],[-41.7438,-22.0359],[-41.7438,-22.0359]]]}},{"type":"Feature","properties":{"cod_tema":"AREA_UTILIDADE_PUBLICA","cod_imovel":"RJ-3301009-2A85F5A5F8444E62BD2302F523543F63","num_area":"0.2191000000000000000000000000000","ind_status":"AT"},"geometry":{"type":"Polygon","coordinates":[[[-41.4291,-21.2298],[-41.4305,-21.2267],[-41.4292,-21.2297],[-41.4291,-21.2298]]]}},{"type":"Feature","properties":{"cod_tema":"AREA_SERVIDAO_ADMINISTRATIVA_TOTAL","cod_imovel":"RJ-3301009-2A85F5A5F8444E62BD2302F523543F63","num_area":"0.2191000000000000000000000000000","ind_status":"AT"},"geometry":{"type":"Polygon","coordinates":[[[-41.4291,-21.2298],[-41.4305,-21.2267],[-41.4292,-21.2297],[-41.4291,-21.2298]]]}},{"type":"Feature","properties":{"cod_tema":"AREA_INFRAESTRUTURA_PUBLICA","cod_imovel":"RJ-3301009-2B3A18F73BA240DDB46D9591F1E374B4","num_area":"0.3088000000000000000000000000000","ind_status":"AT"},"geometry":{"type":"Polygon","coordinates":[[[-41.6989,-22.0167],[-41.6962,-22.0185],[-41.6989,-22.0167],[-41.6989,-22.0167]]]}},{"type":"Feature","properties":{"cod_tema":"AREA_SERVIDAO_ADMINISTRATIVA_TOTAL","cod_imovel":"RJ-3301009-2B3A18F73BA240DDB46D9591F1E374B4","num_area":"0.3088000000000000000000000000000","ind_status":"AT"},"geometry":{"type":"Polygon","coordinates":[[[-41.6989,-22.0167],[-41.6962,-22.0185],[-41.6989,-22.0167],[-41.6989,-22.0167]]]}},{"type":"Feature","properties":{"cod_tema":"AREA_UTILIDADE_PUBLICA","cod_imovel":"RJ-3301009-2B92E3DBE35449F69DB5F0BE0BB5B3AE","num_area":"0.2093000000000000000000000000000","ind_status":"AT"},"geometry":{"type":"Polygon","coordinates":[[[-41.5914,-21.9087],[-41.5881,-21.9069],[-41.5914,-21.9087],[-41.5914,-21.9087]]]}},{"type":"Feature","properties":{"cod_tema":"AREA_SERVIDAO_ADMINISTRATIVA_TOTAL","cod_imovel":"RJ-3301009-2B92E3DBE35449F69DB5F0BE0BB5B3AE","num_area":"0.2093000000000000000000000000000","ind_status":"AT"},"geometry":{"type":"Polygon","coordinates":[[[-41.5914,-21.9087],[-41.5881,-21.9069],[-41.5914,-21.9087],[-41.5914,-21.9087]]]}},{"type":"Feature","properties":{"cod_tema":"AREA_UTILIDADE_PUBLICA","cod_imovel":"RJ-3301009-2B9377CB478949809CE1BB777EE828CA","num_area":"0.3742000000000000000000000000000","ind_status":"AT"},"geometry":{"type":"Polygon","coordinates":[[[-41.1901,-21.9884],[-41.1876,-21.9926],[-41.19,-21.9888],[-41.1901,-21.9884]]]}},{"type":"Feature","properties":{"cod_tema":"AREA_SERVIDAO_ADMINISTRATIVA_TOTAL","cod_imovel":"RJ-3301009-2B9377CB478949809CE1BB777EE828CA","num_area":"0.3742000000000000000000000000000","ind_status":"AT"},"geometry":{"type":"Polygon","coordinates":[[[-41.1901,-21.9884],[-41.1876,-21.9926],[-41.19,-21.9888],[-41.1901,-21.9884]]]}},{"type":"Feature","properties":{"cod_tema":"AREA_UTILIDADE_PUBLICA","cod_imovel":"RJ-3301009-2CEA51A788C34C5C8626192B9774BEBE","num_area":"1.8150000000000000000000000000000","ind_status":"AT"},"geometry":{"type":"Polygon","coordinates":[[[-41.4461,-21.7288],[-41.4432,-21.7304],[-41.4461,-21.7288],[-41.4461,-21.7288]]]}},{"type":"Feature","properties":{"cod_tema":"AREA_SERVIDAO_ADMINISTRATIVA_TOTAL","cod_imovel":"RJ-3301009-2CEA51A788C34C5C8626192B9774BEBE","num_area":"1.8150000000000000000000000000000","ind_status":"AT"},"geometry":{"type":"Polygon","coordinates":[[[-41.4461,-21.7288],[-41.4432,-21.7304],[-41.4461,-21.7288],[-41.4461,-21.7288]]]}},{"type":"Feature","properties":{"cod_tema":"AREA_INFRAESTRUTURA_PUBLICA","cod_imovel":"RJ-3301009-2DFCE7F9C9DA4D719E13CF3F12594028","num_area":"11.318800000000000000000000000000","ind_status":"CA"},"geometry":{"type":"Polygon","coordinates":[[[-41.6357,-21.7485],[-41.6353,-21.7607],[-41.6394,-21.7596],[-41.635,-21.7644],[-41.6396,-21.7595],[-41.6355,-21.7606],[-41.6357,-21.7486],[-41.6357,-21.7485]],[[-41.6527,-21.7624],[-41.6389,-21.7471],[-41.6527,-21.7624],[-41.6527,-21.7624]]]}},{"type":"Feature","properties":{"cod_tema":"AREA_SERVIDAO_ADMINISTRATIVA_TOTAL","cod_imovel":"RJ-3301009-2DFCE7F9C9DA4D719E13CF3F12594028","num_area":"11.318800000000000000000000000000","ind_status":"CA"},"geometry":{"type":"Polygon","coordinates":[[[-41.6357,-21.7485],[-41.6353,-21.7607],[-41.6394,-21.7596],[-41.635,-21.7644],[-41.6396,-21.7595],[-41.6355,-21.7606],[-41.6357,-21.7486],[-41.6357,-21.7485]],[[-41.6527,-21.7624],[-41.6389,-21.7471],[-41.6527,-21.7624],[-41.6527,-21.7624]]]}},{"type":"Feature","properties":{"cod_tema":"AREA_INFRAESTRUTURA_PUBLICA","cod_imovel":"RJ-3301009-3E8B81170AD44238B4E62C89B11A5685","num_area":"0.1885000000000000000000000000000","ind_status":"AT"},"geometry":{"type":"Polygon","coordinates":[[[-41.5045,-21.8156],[-41.503,-21.8129],[-41.5045,-21.8156],[-41.5045,-21.8156]]]}},{"type":"Feature","properties":{"cod_tema":"AREA_SERVIDAO_ADMINISTRATIVA_TOTAL","cod_imovel":"RJ-3301009-3E8B81170AD44238B4E62C89B11A5685","num_area":"0.1885000000000000000000000000000","ind_status":"AT"},"geometry":{"type":"Polygon","coordinates":[[[-41.5045,-21.8156],[-41.503,-21.8129],[-41.5045,-21.8156],[-41.5045,-21.8156]]]}},{"type":"Feature","properties":{"cod_tema":"AREA_INFRAESTRUTURA_PUBLICA","cod_imovel":"RJ-3301009-2EF953D80BBE4C1A82002DC0A2C69F37","num_area":"0.8020000000000000000000000000000","ind_status":"AT"},"geometry":{"type":"Polygon","coordinates":[[[-41.1511,-21.6949],[-41.1588,-21.6989],[-41.1529,-21.696],[-41.1511,-21.6949]]]}},{"type":"Feature","properties":{"cod_tema":"AREA_SERVIDAO_ADMINISTRATIVA_TOTAL","cod_imovel":"RJ-3301009-2EF953D80BBE4C1A82002DC0A2C69F37","num_area":"0.8020000000000000000000000000000","ind_status":"AT"},"geometry":{"type":"Polygon","coordinates":[[[-41.1511,-21.6949],[-41.1588,-21.6989],[-41.1529,-21.696],[-41.1511,-21.6949]]]}},{"type":"Feature","properties":{"cod_tema":"AREA_UTILIDADE_PUBLICA","cod_imovel":"RJ-3301009-2F95328360D444D4B76EE587286A9937","num_area":"0.2586000000000000000000000000000","ind_status":"AT"},"geometry":{"type":"Polygon","coordinates":[[[-41.5787,-21.9954],[-41.5823,-21.9968],[-41.5787,-21.9954],[-41.5787,-21.9954]]]}},{"type":"Feature","properties":{"cod_tema":"AREA_SERVIDAO_ADMINISTRATIVA_TOTAL","cod_imovel":"RJ-3301009-2F95328360D444D4B76EE587286A9937","num_area":"0.2586000000000000000000000000000","ind_status":"AT"},"geometry":{"type":"Polygon","coordinates":[[[-41.5787,-21.9954],[-41.5823,-21.9968],[-41.5787,-21.9954],[-41.5787,-21.9954]]]}},{"type":"Feature","properties":{"cod_tema":"AREA_INFRAESTRUTURA_PUBLICA","cod_imovel":"RJ-3301009-3024D94A7F1D410E97ECBE7806844C89","num_area":"0.3627000000000000000000000000000","ind_status":"AT"},"geometry":{"type":"Polygon","coordinates":[[[-41.5855,-21.9541],[-41.5805,-21.9517],[-41.5854,-21.954],[-41.5855,-21.9541]]]}},{"type":"Feature","properties":{"cod_tema":"AREA_SERVIDAO_ADMINISTRATIVA_TOTAL","cod_imovel":"RJ-3301009-3024D94A7F1D410E97ECBE7806844C89","num_area":"0.3627000000000000000000000000000","ind_status":"AT"},"geometry":{"type":"Polygon","coordinates":[[[-41.5855,-21.9541],[-41.5805,-21.9517],[-41.5854,-21.954],[-41.5855,-21.9541]]]}},{"type":"Feature","properties":{"cod_tema":"AREA_UTILIDADE_PUBLICA","cod_imovel":"RJ-3301009-3393FE6188A54103A91B339A5E014E0F","num_area":"0.4939000000000000000000000000000","ind_status":"AT"},"geometry":{"type":"Polygon","coordinates":[[[-41.4055,-21.4057],[-41.396,-21.4097],[-41.4053,-21.4055],[-41.4055,-21.4057]]]}},{"type":"Feature","properties":{"cod_tema":"AREA_SERVIDAO_ADMINISTRATIVA_TOTAL","cod_imovel":"RJ-3301009-3393FE6188A54103A91B339A5E014E0F","num_area":"0.4939000000000000000000000000000","ind_status":"AT"},"geometry":{"type":"Polygon","coordinates":[[[-41.4055,-21.4057],[-41.396,-21.4097],[-41.4053,-21.4055],[-41.4055,-21.4057]]]}},{"type":"Feature","properties":{"cod_tema":"AREA_INFRAESTRUTURA_PUBLICA","cod_imovel":"RJ-3301009-331C5CD751944357BFCC72ED60C175AA","num_area":"0.4699000000000000000000000000000","ind_status":"AT"},"geometry":{"type":"Polygon","coordinates":[[[-41.7407,-22.0064],[-41.7375,-22.0043],[-41.7406,-22.0063],[-41.7407,-22.0064]]]}},{"type":"Feature","properties":{"cod_tema":"AREA_SERVIDAO_ADMINISTRATIVA_TOTAL","cod_imovel":"RJ-3301009-331C5CD751944357BFCC72ED60C175AA","num_area":"0.4699000000000000000000000000000","ind_status":"AT"},"geometry":{"type":"Polygon","coordinates":[[[-41.7407,-22.0064],[-41.7375,-22.0043],[-41.7406,-22.0063],[-41.7407,-22.0064]]]}},{"type":"Feature","properties":{"cod_tema":"AREA_INFRAESTRUTURA_PUBLICA","cod_imovel":"RJ-3301009-341D918BC923457BA34FE70A845C84E6","num_area":"0.6787000000000000000000000000000","ind_status":"AT"},"geometry":{"type":"Polygon","coordinates":[[[-41.5286,-21.7317],[-41.5293,-21.7362],[-41.5286,-21.7321],[-41.5286,-21.7317]],[[-41.5247,-21.7355],[-41.5289,-21.7362],[-41.5247,-21.7355],[-41.5247,-21.7355]]]}},{"type":"Feature","properties":{"cod_tema":"AREA_SERVIDAO_ADMINISTRATIVA_TOTAL","cod_imovel":"RJ-3301009-341D918BC923457BA34FE70A845C84E6","num_area":"0.6787000000000000000000000000000","ind_status":"AT"},"geometry":{"type":"Polygon","coordinates":[[[-41.5286,-21.7317],[-41.5293,-21.7362],[-41.5286,-21.7321],[-41.5286,-21.7317]],[[-41.5247,-21.7355],[-41.5289,-21.7362],[-41.5247,-21.7355],[-41.5247,-21.7355]]]}},{"type":"Feature","properties":{"cod_tema":"AREA_UTILIDADE_PUBLICA","cod_imovel":"RJ-3301009-34C9D86C926F41D5AC5AC8358E674565","num_area":"0.4731000000000000000000000000000","ind_status":"AT"},"geometry":{"type":"Polygon","coordinates":[[[-41.3762,-21.2791],[-41.3717,-21.2785],[-41.3762,-21.2791],[-41.3762,-21.2791]]]}},{"type":"Feature","properties":{"cod_tema":"AREA_SERVIDAO_ADMINISTRATIVA_TOTAL","cod_imovel":"RJ-3301009-34C9D86C926F41D5AC5AC8358E674565","num_area":"0.4731000000000000000000000000000","ind_status":"AT"},"geometry":{"type":"Polygon","coordinates":[[[-41.3762,-21.2791],[-41.3717,-21.2785],[-41.3762,-21.2791],[-41.3762,-21.2791]]]}},{"type":"Feature","properties":{"cod_tema":"AREA_UTILIDADE_PUBLICA","cod_imovel":"RJ-3301009-34EA5D388B6D44B99F8CA1D58E0EA0C4","num_area":"0.1076000000000000000000000000000","ind_status":"AT"},"geometry":{"type":"Polygon","coordinates":[[[-41.5339,-21.4075],[-41.537,-21.4064],[-41.5341,-21.4074],[-41.5339,-21.4075]]]}},{"type":"Feature","properties":{"cod_tema":"AREA_SERVIDAO_ADMINISTRATIVA_TOTAL","cod_imovel":"RJ-3301009-34EA5D388B6D44B99F8CA1D58E0EA0C4","num_area":"0.1076000000000000000000000000000","ind_status":"AT"},"geometry":{"type":"Polygon","coordinates":[[[-41.5339,-21.4075],[-41.537,-21.4064],[-41.5341,-21.4074],[-41.5339,-21.4075]]]}},{"type":"Feature","properties":{"cod_tema":"AREA_INFRAESTRUTURA_PUBLICA","cod_imovel":"RJ-3301009-354BF45F9C634F99942FF38B6712782C","num_area":"1.4504000000000000000000000000000","ind_status":"AT"},"geometry":{"type":"Polygon","coordinates":[[[-41.2639,-21.5251],[-41.2585,-21.5223],[-41.2622,-21.5253],[-41.2639,-21.5251]]]}},{"type":"Feature","properties":{"cod_tema":"AREA_SERVIDAO_ADMINISTRATIVA_TOTAL","cod_imovel":"RJ-3301009-354BF45F9C634F99942FF38B6712782C","num_area":"1.4504000000000000000000000000000","ind_status":"AT"},"geometry":{"type":"Polygon","coordinates":[[[-41.2639,-21.5251],[-41.2585,-21.5223],[-41.2622,-21.5253],[-41.2639,-21.5251]]]}},{"type":"Feature","properties":{"cod_tema":"AREA_UTILIDADE_PUBLICA","cod_imovel":"RJ-3301009-35C7563B4A02494A95636B008D7F0A88","num_area":"70.830400000000000000000000000000","ind_status":"CA"},"geometry":{"type":"Polygon","coordinates":[[[-41.2879,-21.283],[-41.2883,-21.2916],[-41.2977,-21.287],[-41.2939,-21.2811],[-41.288,-21.2829],[-41.2879,-21.283]]]}},{"type":"Feature","properties":{"cod_tema":"AREA_SERVIDAO_ADMINISTRATIVA_TOTAL","cod_imovel":"RJ-3301009-35C7563B4A02494A95636B008D7F0A88","num_area":"70.830400000000000000000000000000","ind_status":"CA"},"geometry":{"type":"Polygon","coordinates":[[[-41.2879,-21.283],[-41.2883,-21.2916],[-41.2977,-21.287],[-41.2939,-21.2811],[-41.288,-21.2829],[-41.2879,-21.283]]]}},{"type":"Feature","properties":{"cod_tema":"AREA_UTILIDADE_PUBLICA","cod_imovel":"RJ-3301009-379EF78ED33B4DAEAA6B4E255B059297","num_area":"1.0361000000000000000000000000000","ind_status":"AT"},"geometry":{"type":"Polygon","coordinates":[[[-41.0852,-21.9797],[-41.08,-21.9845],[-41.0819,-21.982],[-41.0852,-21.9797]]]}},{"type":"Feature","properties":{"cod_tema":"AREA_SERVIDAO_ADMINISTRATIVA_TOTAL","cod_imovel":"RJ-3301009-379EF78ED33B4DAEAA6B4E255B059297","num_area":"1.0361000000000000000000000000000","ind_status":"AT"},"geometry":{"type":"Polygon","coordinates":[[[-41.0852,-21.9797],[-41.08,-21.9845],[-41.0819,-21.982],[-41.0852,-21.9797]]]}},{"type":"Feature","properties":{"cod_tema":"AREA_UTILIDADE_PUBLICA","cod_imovel":"RJ-3301009-37F47DCF090744C6AD488017E38AB504","num_area":"0.5386000000000000000000000000000","ind_status":"AT"},"geometry":{"type":"Polygon","coordinates":[[[-41.3263,-21.3227],[-41.318,-21.3286],[-41.3263,-21.3227],[-41.3263,-21.3227]]]}},{"type":"Feature","properties":{"cod_tema":"AREA_SERVIDAO_ADMINISTRATIVA_TOTAL","cod_imovel":"RJ-3301009-37F47DCF090744C6AD488017E38AB504","num_area":"0.5386000000000000000000000000000","ind_status":"AT"},"geometry":{"type":"Polygon","coordinates":[[[-41.3263,-21.3227],[-41.318,-21.3286],[-41.3263,-21.3227],[-41.3263,-21.3227]]]}},{"type":"Feature","properties":{"cod_tema":"AREA_UTILIDADE_PUBLICA","cod_imovel":"RJ-3301009-38D8F6A31B2B4C8D89347843F9FEB622","num_area":"0.1848000000000000000000000000000","ind_status":"AT"},"geometry":{"type":"Polygon","coordinates":[[[-41.2998,-21.4853],[-41.3029,-21.4837],[-41.3,-21.4852],[-41.2998,-21.4853]]]}},{"type":"Feature","properties":{"cod_tema":"AREA_SERVIDAO_ADMINISTRATIVA_TOTAL","cod_imovel":"RJ-3301009-38D8F6A31B2B4C8D89347843F9FEB622","num_area":"0.1848000000000000000000000000000","ind_status":"AT"},"geometry":{"type":"Polygon","coordinates":[[[-41.2998,-21.4853],[-41.3029,-21.4837],[-41.3,-21.4852],[-41.2998,-21.4853]]]}},{"type":"Feature","properties":{"cod_tema":"AREA_UTILIDADE_PUBLICA","cod_imovel":"RJ-3301009-3D64248E9BFB46808949DC79105CF669","num_area":"0.5453000000000000000000000000000","ind_status":"AT"},"geometry":{"type":"Polygon","coordinates":[[[-41.3655,-21.3019],[-41.3666,-21.3066],[-41.373,-21.3065],[-41.3658,-21.3017],[-41.3655,-21.3019]]]}},{"type":"Feature","properties":{"cod_tema":"AREA_SERVIDAO_ADMINISTRATIVA_TOTAL","cod_imovel":"RJ-3301009-3D64248E9BFB46808949DC79105CF669","num_area":"0.5453000000000000000000000000000","ind_status":"AT"},"geometry":{"type":"Polygon","coordinates":[[[-41.3655,-21.3019],[-41.3666,-21.3066],[-41.373,-21.3065],[-41.3658,-21.3017],[-41.3655,-21.3019]]]}},{"type":"Feature","properties":{"cod_tema":"AREA_UTILIDADE_PUBLICA","cod_imovel":"RJ-3301009-3E89A4042DED4E2EA7BBD9E6D42F0206","num_area":"0.3236000000000000000000000000000","ind_status":"AT"},"geometry":{"type":"Polygon","coordinates":[[[-41.3774,-21.3202],[-41.3839,-21.3169],[-41.3774,-21.3202],[-41.3774,-21.3202]]]}},{"type":"Feature","properties":{"cod_tema":"AREA_SERVIDAO_ADMINISTRATIVA_TOTAL","cod_imovel":"RJ-3301009-3E89A4042DED4E2EA7BBD9E6D42F0206","num_area":"0.3236000000000000000000000000000","ind_status":"AT"},"geometry":{"type":"Polygon","coordinates":[[[-41.3774,-21.3202],[-41.3839,-21.3169],[-41.3774,-21.3202],[-41.3774,-21.3202]]]}},{"type":"Feature","properties":{"cod_tema":"AREA_UTILIDADE_PUBLICA","cod_imovel":"RJ-3301009-3EBF531F0C2E4091B1F90D3408CA5575","num_area":"0.3140000000000000000000000000000","ind_status":"AT"},"geometry":{"type":"Polygon","coordinates":[[[-41.5084,-21.4005],[-41.5077,-21.4047],[-41.5084,-21.4005],[-41.5084,-21.4005]]]}},{"type":"Feature","properties":{"cod_tema":"AREA_SERVIDAO_ADMINISTRATIVA_TOTAL","cod_imovel":"RJ-3301009-3EBF531F0C2E4091B1F90D3408CA5575","num_area":"0.3140000000000000000000000000000","ind_status":"AT"},"geometry":{"type":"Polygon","coordinates":[[[-41.5084,-21.4005],[-41.5077,-21.4047],[-41.5084,-21.4005],[-41.5084,-21.4005]]]}},{"type":"Feature","properties":{"cod_tema":"AREA_UTILIDADE_PUBLICA","cod_imovel":"RJ-3301009-3F1B5BE746624173B11037549B038790","num_area":"0.8494000000000000000000000000000","ind_status":"AT"},"geometry":{"type":"Polygon","coordinates":[[[-41.4633,-21.2113],[-41.4663,-21.2059],[-41.4633,-21.2113],[-41.4633,-21.2113]]]}},{"type":"Feature","properties":{"cod_tema":"AREA_SERVIDAO_ADMINISTRATIVA_TOTAL","cod_imovel":"RJ-3301009-3F1B5BE746624173B11037549B038790","num_area":"0.8494000000000000000000000000000","ind_status":"AT"},"geometry":{"type":"Polygon","coordinates":[[[-41.4633,-21.2113],[-41.4663,-21.2059],[-41.4633,-21.2113],[-41.4633,-21.2113]]]}},{"type":"Feature","properties":{"cod_tema":"AREA_INFRAESTRUTURA_PUBLICA","cod_imovel":"RJ-3301009-3FBFE32A55E24E6E9AD9016F26CF88F2","num_area":"2.6659000000000000000000000000000","ind_status":"AT"},"geometry":{"type":"Polygon","coordinates":[[[-41.5511,-21.888],[-41.5443,-21.8838],[-41.551,-21.8879],[-41.5511,-21.888]]]}},{"type":"Feature","properties":{"cod_tema":"AREA_SERVIDAO_ADMINISTRATIVA_TOTAL","cod_imovel":"RJ-3301009-3FBFE32A55E24E6E9AD9016F26CF88F2","num_area":"2.8588000000000000000000000000000","ind_status":"AT"},"geometry":{"type":"Polygon","coordinates":[[[-41.5511,-21.888],[-41.5443,-21.8838],[-41.551,-21.8879],[-41.5511,-21.888]]]}},{"type":"Feature","properties":{"cod_tema":"AREA_UTILIDADE_PUBLICA","cod_imovel":"RJ-3301009-41851BA9A7A14E18AAAAA3E573D91700","num_area":"0.6784000000000000000000000000000","ind_status":"AT"},"geometry":{"type":"Polygon","coordinates":[[[-41.5426,-21.9594],[-41.5451,-21.9616],[-41.5427,-21.9594],[-41.5426,-21.9594]]]}},{"type":"Feature","properties":{"cod_tema":"AREA_SERVIDAO_ADMINISTRATIVA_TOTAL","cod_imovel":"RJ-3301009-41851BA9A7A14E18AAAAA3E573D91700","num_area":"0.6784000000000000000000000000000","ind_status":"AT"},"geometry":{"type":"Polygon","coordinates":[[[-41.5426,-21.9594],[-41.5451,-21.9616],[-41.5427,-21.9594],[-41.5426,-21.9594]]]}},{"type":"Feature","properties":{"cod_tema":"AREA_INFRAESTRUTURA_PUBLICA","cod_imovel":"RJ-3301009-4199C5AD7D334343ACBB9ECF19FE9146","num_area":"1.3916000000000000000000000000000","ind_status":"AT"},"geometry":{"type":"Polygon","coordinates":[[[-41.5515,-22.0136],[-41.5432,-22.0039],[-41.5515,-22.0136],[-41.5515,-22.0136]]]}},{"type":"Feature","properties":{"cod_tema":"AREA_SERVIDAO_ADMINISTRATIVA_TOTAL","cod_imovel":"RJ-3301009-4199C5AD7D334343ACBB9ECF19FE9146","num_area":"1.3916000000000000000000000000000","ind_status":"AT"},"geometry":{"type":"Polygon","coordinates":[[[-41.5515,-22.0136],[-41.5432,-22.0039],[-41.5515,-22.0136],[-41.5515,-22.0136]]]}},{"type":"Feature","properties":{"cod_tema":"AREA_UTILIDADE_PUBLICA","cod_imovel":"RJ-3301009-41E595D46A854D83842C03BA0D6E4F18","num_area":"0.4608000000000000000000000000000","ind_status":"AT"},"geometry":{"type":"Polygon","coordinates":[[[-41.5973,-21.8744],[-41.6039,-21.8778],[-41.5968,-21.8748],[-41.5973,-21.8744]]]}},{"type":"Feature","properties":{"cod_tema":"AREA_SERVIDAO_ADMINISTRATIVA_TOTAL","cod_imovel":"RJ-3301009-41E595D46A854D83842C03BA0D6E4F18","num_area":"0.4608000000000000000000000000000","ind_status":"AT"},"geometry":{"type":"Polygon","coordinates":[[[-41.5973,-21.8744],[-41.6039,-21.8778],[-41.5968,-21.8748],[-41.5973,-21.8744]]]}},{"type":"Feature","properties":{"cod_tema":"AREA_UTILIDADE_PUBLICA","cod_imovel":"RJ-3301009-444B4A000F5A4182BDB6103859826868","num_area":"0.1679000000000000000000000000000","ind_status":"AT"},"geometry":{"type":"Polygon","coordinates":[[[-41.5896,-21.9238],[-41.5875,-21.9271],[-41.5896,-21.9238],[-41.5896,-21.9238]]]}},{"type":"Feature","properties":{"cod_tema":"AREA_SERVIDAO_ADMINISTRATIVA_TOTAL","cod_imovel":"RJ-3301009-444B4A000F5A4182BDB6103859826868","num_area":"0.1679000000000000000000000000000","ind_status":"AT"},"geometry":{"type":"Polygon","coordinates":[[[-41.5896,-21.9238],[-41.5875,-21.9271],[-41.5896,-21.9238],[-41.5896,-21.9238]]]}},{"type":"Feature","properties":{"cod_tema":"AREA_INFRAESTRUTURA_PUBLICA","cod_imovel":"RJ-3301009-45D6499BB5664B6B97B4A2893B554B7C","num_area":"1.7835000000000000000000000000000","ind_status":"AT"},"geometry":{"type":"Polygon","coordinates":[[[-41.3591,-21.3823],[-41.3642,-21.3884],[-41.3591,-21.3824],[-41.3591,-21.3823]]]}},{"type":"Feature","properties":{"cod_tema":"AREA_SERVIDAO_ADMINISTRATIVA_TOTAL","cod_imovel":"RJ-3301009-45D6499BB5664B6B97B4A2893B554B7C","num_area":"1.7835000000000000000000000000000","ind_status":"AT"},"geometry":{"type":"Polygon","coordinates":[[[-41.3591,-21.3823],[-41.3642,-21.3884],[-41.3591,-21.3824],[-41.3591,-21.3823]]]}},{"type":"Feature","properties":{"cod_tema":"AREA_UTILIDADE_PUBLICA","cod_imovel":"RJ-3301009-4682083B6E4049A1B7612D3BA27B2EE6","num_area":"0.3343000000000000000000000000000","ind_status":"AT"},"geometry":{"type":"Polygon","coordinates":[[[-41.3168,-21.523],[-41.3229,-21.5284],[-41.3169,-21.5231],[-41.3168,-21.523]]]}},{"type":"Feature","properties":{"cod_tema":"AREA_SERVIDAO_ADMINISTRATIVA_TOTAL","cod_imovel":"RJ-3301009-4682083B6E4049A1B7612D3BA27B2EE6","num_area":"0.3343000000000000000000000000000","ind_status":"AT"},"geometry":{"type":"Polygon","coordinates":[[[-41.3168,-21.523],[-41.3229,-21.5284],[-41.3169,-21.5231],[-41.3168,-21.523]]]}},{"type":"Feature","properties":{"cod_tema":"AREA_INFRAESTRUTURA_PUBLICA","cod_imovel":"RJ-3301009-471FCA270B4D4440AE84345DCEC947E6","num_area":"0.1820000000000000000000000000000","ind_status":"AT"},"geometry":{"type":"Polygon","coordinates":[[[-41.3686,-21.5062],[-41.371,-21.5028],[-41.3693,-21.5052],[-41.3686,-21.5062]]]}},{"type":"Feature","properties":{"cod_tema":"AREA_UTILIDADE_PUBLICA","cod_imovel":"RJ-3301009-471FCA270B4D4440AE84345DCEC947E6","num_area":"0.1323000000000000000000000000000","ind_status":"AT"},"geometry":{"type":"Polygon","coordinates":[[[-41.3699,-21.5068],[-41.3699,-21.5024],[-41.3698,-21.5065],[-41.3699,-21.5068]]]}},{"type":"Feature","properties":{"cod_tema":"AREA_SERVIDAO_ADMINISTRATIVA_TOTAL","cod_imovel":"RJ-3301009-471FCA270B4D4440AE84345DCEC947E6","num_area":"0.3121000000000000000000000000000","ind_status":"AT"},"geometry":{"type":"Polygon","coordinates":[[[-41.3686,-21.5062],[-41.371,-21.5028],[-41.3693,-21.5052],[-41.3686,-21.5062]]]}},{"type":"Feature","properties":{"cod_tema":"AREA_INFRAESTRUTURA_PUBLICA","cod_imovel":"RJ-3301009-47295DAC0A8842768230172A6B4A44CC","num_area":"1.1405000000000000000000000000000","ind_status":"PE"},"geometry":{"type":"Polygon","coordinates":[[[-41.2571,-21.7624],[-41.2525,-21.7585],[-41.2571,-21.7623],[-41.2571,-21.7624]],[[-41.2572,-21.7621],[-41.2525,-21.7586],[-41.2572,-21.7619],[-41.2572,-21.7621]]]}},{"type":"Feature","properties":{"cod_tema":"AREA_SERVIDAO_ADMINISTRATIVA_TOTAL","cod_imovel":"RJ-3301009-47295DAC0A8842768230172A6B4A44CC","num_area":"1.1405000000000000000000000000000","ind_status":"PE"},"geometry":{"type":"Polygon","coordinates":[[[-41.2571,-21.7624],[-41.2525,-21.7585],[-41.2571,-21.7623],[-41.2571,-21.7624]],[[-41.2572,-21.7621],[-41.2525,-21.7586],[-41.2572,-21.7619],[-41.2572,-21.7621]]]}},{"type":"Feature","properties":{"cod_tema":"AREA_UTILIDADE_PUBLICA","cod_imovel":"RJ-3301009-47D53C5A14CB469DB3A8AE4A1C3C0940","num_area":"18.685000000000000000000000000000","ind_status":"AT"},"geometry":{"type":"Polygon","coordinates":[[[-41.694,-22.024],[-41.6971,-22.0124],[-41.6941,-22.0227],[-41.6882,-22.011],[-41.694,-22.024],[-41.694,-22.024]]]}},{"type":"Feature","properties":{"cod_tema":"AREA_SERVIDAO_ADMINISTRATIVA_TOTAL","cod_imovel":"RJ-3301009-47D53C5A14CB469DB3A8AE4A1C3C0940","num_area":"18.685000000000000000000000000000","ind_status":"AT"},"geometry":{"type":"Polygon","coordinates":[[[-41.694,-22.024],[-41.6971,-22.0124],[-41.6941,-22.0227],[-41.6882,-22.011],[-41.694,-22.024],[-41.694,-22.024]]]}},{"type":"Feature","properties":{"cod_tema":"AREA_UTILIDADE_PUBLICA","cod_imovel":"RJ-3301009-4A42DA3FD2A341DDB2C20EAE6C43CCD8","num_area":"0.4315000000000000000000000000000","ind_status":"AT"},"geometry":{"type":"Polygon","coordinates":[[[-41.4907,-21.365],[-41.4939,-21.3611],[-41.4907,-21.365],[-41.4907,-21.365]]]}},{"type":"Feature","properties":{"cod_tema":"AREA_SERVIDAO_ADMINISTRATIVA_TOTAL","cod_imovel":"RJ-3301009-4A42DA3FD2A341DDB2C20EAE6C43CCD8","num_area":"0.4315000000000000000000000000000","ind_status":"AT"},"geometry":{"type":"Polygon","coordinates":[[[-41.4907,-21.365],[-41.4939,-21.3611],[-41.4907,-21.365],[-41.4907,-21.365]]]}},{"type":"Feature","properties":{"cod_tema":"AREA_INFRAESTRUTURA_PUBLICA","cod_imovel":"RJ-3301009-4BAEDC72B2F546C3B58D24F87E9DCAD7","num_area":"0.2229000000000000000000000000000","ind_status":"AT"},"geometry":{"type":"Polygon","coordinates":[[[-41.4831,-21.4114],[-41.4866,-21.4108],[-41.4831,-21.4114],[-41.4831,-21.4114]]]}},{"type":"Feature","properties":{"cod_tema":"AREA_SERVIDAO_ADMINISTRATIVA_TOTAL","cod_imovel":"RJ-3301009-4BAEDC72B2F546C3B58D24F87E9DCAD7","num_area":"0.2229000000000000000000000000000","ind_status":"AT"},"geometry":{"type":"Polygon","coordinates":[[[-41.4831,-21.4114],[-41.4866,-21.4108],[-41.4831,-21.4114],[-41.4831,-21.4114]]]}},{"type":"Feature","properties":{"cod_tema":"AREA_INFRAESTRUTURA_PUBLICA","cod_imovel":"RJ-3301009-5C18283800FB494B992930A15202E329","num_area":"0.2125000000000000000000000000000","ind_status":"AT"},"geometry":{"type":"Polygon","coordinates":[[[-41.3141,-21.2969],[-41.3174,-21.299],[-41.3141,-21.2969],[-41.3141,-21.2969]]]}},{"type":"Feature","properties":{"cod_tema":"AREA_SERVIDAO_ADMINISTRATIVA_TOTAL","cod_imovel":"RJ-3301009-5C18283800FB494B992930A15202E329","num_area":"0.2125000000000000000000000000000","ind_status":"AT"},"geometry":{"type":"Polygon","coordinates":[[[-41.3141,-21.2969],[-41.3174,-21.299],[-41.3141,-21.2969],[-41.3141,-21.2969]]]}},{"type":"Feature","properties":{"cod_tema":"AREA_INFRAESTRUTURA_PUBLICA","cod_imovel":"RJ-3301009-4D6947999D704A89BEAC503EB736EE52","num_area":"0.2786000000000000000000000000000","ind_status":"AT"},"geometry":{"type":"Polygon","coordinates":[[[-41.526,-21.3048],[-41.5235,-21.3022],[-41.526,-21.3046],[-41.526,-21.3048]]]}},{"type":"Feature","properties":{"cod_tema":"AREA_SERVIDAO_ADMINISTRATIVA_TOTAL","cod_imovel":"RJ-3301009-4D6947999D704A89BEAC503EB736EE52","num_area":"0.2786000000000000000000000000000","ind_status":"AT"},"geometry":{"type":"Polygon","coordinates":[[[-41.526,-21.3048],[-41.5235,-21.3022],[-41.526,-21.3046],[-41.526,-21.3048]]]}},{"type":"Feature","properties":{"cod_tema":"AREA_INFRAESTRUTURA_PUBLICA","cod_imovel":"RJ-3301009-4EB5757D674C4142877A399085F9E0C9","num_area":"1.1042000000000000000000000000000","ind_status":"AT"},"geometry":{"type":"Polygon","coordinates":[[[-41.3078,-21.2875],[-41.3201,-21.2821],[-41.3084,-21.2865],[-41.3072,-21.2811],[-41.3078,-21.2875],[-41.3078,-21.2875]]]}},{"type":"Feature","properties":{"cod_tema":"AREA_SERVIDAO_ADMINISTRATIVA_TOTAL","cod_imovel":"RJ-3301009-4EB5757D674C4142877A399085F9E0C9","num_area":"1.1042000000000000000000000000000","ind_status":"AT"},"geometry":{"type":"Polygon","coordinates":[[[-41.3078,-21.2875],[-41.3201,-21.2821],[-41.3084,-21.2865],[-41.3072,-21.2811],[-41.3078,-21.2875],[-41.3078,-21.2875]]]}},{"type":"Feature","properties":{"cod_tema":"AREA_UTILIDADE_PUBLICA","cod_imovel":"RJ-3301009-4EE61A014ABE45DF9F27440EA7B0901A","num_area":"1.2540000000000000000000000000000","ind_status":"AT"},"geometry":{"type":"Polygon","coordinates":[[[-41.5791,-22.0338],[-41.5839,-22.0288],[-41.5753,-22.0321],[-41.5791,-22.0333],[-41.5791,-22.0338]]]}},{"type":"Feature","properties":{"cod_tema":"AREA_SERVIDAO_ADMINISTRATIVA_TOTAL","cod_imovel":"RJ-3301009-4EE61A014ABE45DF9F27440EA7B0901A","num_area":"1.2540000000000000000000000000000","ind_status":"AT"},"geometry":{"type":"Polygon","coordinates":[[[-41.5791,-22.0338],[-41.5839,-22.0288],[-41.5753,-22.0321],[-41.5791,-22.0333],[-41.5791,-22.0338]]]}},{"type":"Feature","properties":{"cod_tema":"AREA_INFRAESTRUTURA_PUBLICA","cod_imovel":"RJ-3301009-4F0404D0CD0E4E4AAFDD2557DF191764","num_area":"0.2424000000000000000000000000000","ind_status":"AT"},"geometry":{"type":"Polygon","coordinates":[[[-41.6275,-21.8745],[-41.6243,-21.8727],[-41.6275,-21.8744],[-41.6275,-21.8745]]]}},{"type":"Feature","properties":{"cod_tema":"AREA_SERVIDAO_ADMINISTRATIVA_TOTAL","cod_imovel":"RJ-3301009-4F0404D0CD0E4E4AAFDD2557DF191764","num_area":"0.2424000000000000000000000000000","ind_status":"AT"},"geometry":{"type":"Polygon","coordinates":[[[-41.6275,-21.8745],[-41.6243,-21.8727],[-41.6275,-21.8744],[-41.6275,-21.8745]]]}},{"type":"Feature","properties":{"cod_tema":"AREA_INFRAESTRUTURA_PUBLICA","cod_imovel":"RJ-3301009-51A673381BB042669C6F883BEC13B66E","num_area":"0.7304000000000000000000000000000","ind_status":"AT"},"geometry":{"type":"Polygon","coordinates":[[[-41.5003,-21.9789],[-41.5029,-21.9829],[-41.5005,-21.9792],[-41.5003,-21.9789]]]}},{"type":"Feature","properties":{"cod_tema":"AREA_SERVIDAO_ADMINISTRATIVA_TOTAL","cod_imovel":"RJ-3301009-51A673381BB042669C6F883BEC13B66E","num_area":"0.7304000000000000000000000000000","ind_status":"AT"},"geometry":{"type":"Polygon","coordinates":[[[-41.5003,-21.9789],[-41.5029,-21.9829],[-41.5005,-21.9792],[-41.5003,-21.9789]]]}},{"type":"Feature","properties":{"cod_tema":"AREA_UTILIDADE_PUBLICA","cod_imovel":"RJ-3301009-52209DB0EBF24B67804F141E4C986772","num_area":"1.6199000000000000000000000000000","ind_status":"AT"},"geometry":{"type":"Polygon","coordinates":[[[-41.1328,-21.9116],[-41.139,-21.9112],[-41.133,-21.9115],[-41.1328,-21.9116]]]}},{"type":"Feature","properties":{"cod_tema":"AREA_SERVIDAO_ADMINISTRATIVA_TOTAL","cod_imovel":"RJ-3301009-52209DB0EBF24B67804F141E4C986772","num_area":"1.6199000000000000000000000000000","ind_status":"AT"},"geometry":{"type":"Polygon","coordinates":[[[-41.1328,-21.9116],[-41.139,-21.9112],[-41.133,-21.9115],[-41.1328,-21.9116]]]}},{"type":"Feature","properties":{"cod_tema":"AREA_UTILIDADE_PUBLICA","cod_imovel":"RJ-3301009-54EDE6153BF145088BC4ACAD118605BF","num_area":"0.3969000000000000000000000000000","ind_status":"AT"},"geometry":{"type":"Polygon","coordinates":[[[-41.5112,-21.813],[-41.5118,-21.8092],[-41.5114,-21.8125],[-41.5112,-21.813]]]}},{"type":"Feature","properties":{"cod_tema":"AREA_SERVIDAO_ADMINISTRATIVA_TOTAL","cod_imovel":"RJ-3301009-54EDE6153BF145088BC4ACAD118605BF","num_area":"0.3969000000000000000000000000000","ind_status":"AT"},"geometry":{"type":"Polygon","coordinates":[[[-41.5112,-21.813],[-41.5118,-21.8092],[-41.5114,-21.8125],[-41.5112,-21.813]]]}},{"type":"Feature","properties":{"cod_tema":"AREA_UTILIDADE_PUBLICA","cod_imovel":"RJ-3301009-554C2A41F83E4DE898C48D6645B08206","num_area":"0.8086000000000000000000000000000","ind_status":"AT"},"geometry":{"type":"Polygon","coordinates":[[[-41.3109,-21.2939],[-41.3057,-21.2901],[-41.3078,-21.2875],[-41.3015,-21.2882],[-41.3109,-21.2939],[-41.3109,-21.2939]]]}},{"type":"Feature","properties":{"cod_tema":"AREA_SERVIDAO_ADMINISTRATIVA_TOTAL","cod_imovel":"RJ-3301009-554C2A41F83E4DE898C48D6645B08206","num_area":"0.8086000000000000000000000000000","ind_status":"AT"},"geometry":{"type":"Polygon","coordinates":[[[-41.3109,-21.2939],[-41.3057,-21.2901],[-41.3078,-21.2875],[-41.3015,-21.2882],[-41.3109,-21.2939],[-41.3109,-21.2939]]]}},{"type":"Feature","properties":{"cod_tema":"AREA_INFRAESTRUTURA_PUBLICA","cod_imovel":"RJ-3301009-566F1042CF2D4E83B67910E1BD21983F","num_area":"0.7515000000000000000000000000000","ind_status":"AT"},"geometry":{"type":"Polygon","coordinates":[[[-41.4784,-21.2449],[-41.4847,-21.2414],[-41.4785,-21.2448],[-41.4784,-21.2449]],[[-41.4804,-21.2379],[-41.4846,-21.2404],[-41.4804,-21.238],[-41.4804,-21.2379]]]}},{"type":"Feature","properties":{"cod_tema":"AREA_SERVIDAO_ADMINISTRATIVA_TOTAL","cod_imovel":"RJ-3301009-566F1042CF2D4E83B67910E1BD21983F","num_area":"0.7515000000000000000000000000000","ind_status":"AT"},"geometry":{"type":"Polygon","coordinates":[[[-41.4784,-21.2449],[-41.4847,-21.2414],[-41.4785,-21.2448],[-41.4784,-21.2449]],[[-41.4804,-21.2379],[-41.4846,-21.2404],[-41.4804,-21.238],[-41.4804,-21.2379]]]}},{"type":"Feature","properties":{"cod_tema":"AREA_UTILIDADE_PUBLICA","cod_imovel":"RJ-3301009-592250F4CDC54D61B0D19FBF43792D8E","num_area":"0.5632000000000000000000000000000","ind_status":"AT"},"geometry":{"type":"Polygon","coordinates":[[[-41.3834,-21.2175],[-41.3961,-21.2272],[-41.3834,-21.2175],[-41.3834,-21.2175]]]}},{"type":"Feature","properties":{"cod_tema":"AREA_SERVIDAO_ADMINISTRATIVA_TOTAL","cod_imovel":"RJ-3301009-592250F4CDC54D61B0D19FBF43792D8E","num_area":"0.5632000000000000000000000000000","ind_status":"AT"},"geometry":{"type":"Polygon","coordinates":[[[-41.3834,-21.2175],[-41.3961,-21.2272],[-41.3834,-21.2175],[-41.3834,-21.2175]]]}},{"type":"Feature","properties":{"cod_tema":"AREA_INFRAESTRUTURA_PUBLICA","cod_imovel":"RJ-3301009-5C3E91C6A4C44C148B98906E311317A5","num_area":"0.3918000000000000000000000000000","ind_status":"AT"},"geometry":{"type":"Polygon","coordinates":[[[-41.7272,-21.9501],[-41.724,-21.9554],[-41.727,-21.9503],[-41.7272,-21.9501]]]}},{"type":"Feature","properties":{"cod_tema":"AREA_SERVIDAO_ADMINISTRATIVA_TOTAL","cod_imovel":"RJ-3301009-5C3E91C6A4C44C148B98906E311317A5","num_area":"0.3918000000000000000000000000000","ind_status":"AT"},"geometry":{"type":"Polygon","coordinates":[[[-41.7272,-21.9501],[-41.724,-21.9554],[-41.727,-21.9503],[-41.7272,-21.9501]]]}},{"type":"Feature","properties":{"cod_tema":"AREA_INFRAESTRUTURA_PUBLICA","cod_imovel":"RJ-3301009-5DE2A7D9710D4B4F968F5F82FEB14C21","num_area":"1.0219000000000000000000000000000","ind_status":"AT"},"geometry":{"type":"Polygon","coordinates":[[[-41.3531,-21.4861],[-41.351,-21.4886],[-41.3532,-21.4863],[-41.3531,-21.4861]]]}},{"type":"Feature","properties":{"cod_tema":"AREA_UTILIDADE_PUBLICA","cod_imovel":"RJ-3301009-5DE2A7D9710D4B4F968F5F82FEB14C21","num_area":"4.3995000000000000000000000000000","ind_status":"AT"},"geometry":{"type":"Polygon","coordinates":[[[-41.3525,-21.4839],[-41.3519,-21.4901],[-41.3527,-21.4847],[-41.3525,-21.4839]]]}},{"type":"Feature","properties":{"cod_tema":"AREA_SERVIDAO_ADMINISTRATIVA_TOTAL","cod_imovel":"RJ-3301009-5DE2A7D9710D4B4F968F5F82FEB14C21","num_area":"5.1148000000000000000000000000000","ind_status":"AT"},"geometry":{"type":"Polygon","coordinates":[[[-41.3525,-21.4839],[-41.3519,-21.4901],[-41.3527,-21.4847],[-41.3525,-21.4839]]]}},{"type":"Feature","properties":{"cod_tema":"AREA_INFRAESTRUTURA_PUBLICA","cod_imovel":"RJ-3301009-5F247D6399114F49863F04D248FE2CA2","num_area":"1.5016000000000000000000000000000","ind_status":"AT"},"geometry":{"type":"Polygon","coordinates":[[[-41.4482,-21.834],[-41.4431,-21.8295],[-41.448,-21.8341],[-41.4482,-21.834]]]}},{"type":"Feature","properties":{"cod_tema":"AREA_SERVIDAO_ADMINISTRATIVA_TOTAL","cod_imovel":"RJ-3301009-5F247D6399114F49863F04D248FE2CA2","num_area":"1.8960000000000000000000000000000","ind_status":"AT"},"geometry":{"type":"Polygon","coordinates":[[[-41.4482,-21.834],[-41.4431,-21.8295],[-41.448,-21.8341],[-41.4482,-21.834]]]}},{"type":"Feature","properties":{"cod_tema":"AREA_UTILIDADE_PUBLICA","cod_imovel":"RJ-3301009-60D8EC916AAD4F498F34017FBBECFC7B","num_area":"0.2172000000000000000000000000000","ind_status":"AT"},"geometry":{"type":"Polygon","coordinates":[[[-41.3115,-21.3877],[-41.3151,-21.3914],[-41.3117,-21.3879],[-41.3115,-21.3877]]]}},{"type":"Feature","properties":{"cod_tema":"AREA_SERVIDAO_ADMINISTRATIVA_TOTAL","cod_imovel":"RJ-3301009-60D8EC916AAD4F498F34017FBBECFC7B","num_area":"0.2172000000000000000000000000000","ind_status":"AT"},"geometry":{"type":"Polygon","coordinates":[[[-41.3115,-21.3877],[-41.3151,-21.3914],[-41.3117,-21.3879],[-41.3115,-21.3877]]]}},{"type":"Feature","properties":{"cod_tema":"AREA_INFRAESTRUTURA_PUBLICA","cod_imovel":"RJ-3301009-61865180A7BB4D3ABE2917E6CF968B9F","num_area":"0.3200000000000000000000000000000","ind_status":"AT"},"geometry":{"type":"Polygon","coordinates":[[[-41.4177,-21.3908],[-41.4137,-21.3915],[-41.4175,-21.3907],[-41.4177,-21.3908]]]}},{"type":"Feature","properties":{"cod_tema":"AREA_SERVIDAO_ADMINISTRATIVA_TOTAL","cod_imovel":"RJ-3301009-61865180A7BB4D3ABE2917E6CF968B9F","num_area":"0.3200000000000000000000000000000","ind_status":"AT"},"geometry":{"type":"Polygon","coordinates":[[[-41.4177,-21.3908],[-41.4137,-21.3915],[-41.4175,-21.3907],[-41.4177,-21.3908]]]}},{"type":"Feature","properties":{"cod_tema":"AREA_INFRAESTRUTURA_PUBLICA","cod_imovel":"RJ-3301009-61DCFDE587EB457393581F3357CDCBB7","num_area":"0.3867000000000000000000000000000","ind_status":"AT"},"geometry":{"type":"Polygon","coordinates":[[[-41.614,-22.0132],[-41.6131,-22.0166],[-41.6139,-22.0133],[-41.614,-22.0132]]]}},{"type":"Feature","properties":{"cod_tema":"AREA_SERVIDAO_ADMINISTRATIVA_TOTAL","cod_imovel":"RJ-3301009-61DCFDE587EB457393581F3357CDCBB7","num_area":"0.3867000000000000000000000000000","ind_status":"AT"},"geometry":{"type":"Polygon","coordinates":[[[-41.614,-22.0132],[-41.6131,-22.0166],[-41.6139,-22.0133],[-41.614,-22.0132]]]}},{"type":"Feature","properties":{"cod_tema":"AREA_UTILIDADE_PUBLICA","cod_imovel":"RJ-3301009-61F684C12E90456097C27F78D542906B","num_area":"0.3567000000000000000000000000000","ind_status":"AT"},"geometry":{"type":"Polygon","coordinates":[[[-41.2706,-21.5872],[-41.2644,-21.5902],[-41.2704,-21.5873],[-41.2706,-21.5872]]]}},{"type":"Feature","properties":{"cod_tema":"AREA_SERVIDAO_ADMINISTRATIVA_TOTAL","cod_imovel":"RJ-3301009-61F684C12E90456097C27F78D542906B","num_area":"0.3567000000000000000000000000000","ind_status":"AT"},"geometry":{"type":"Polygon","coordinates":[[[-41.2706,-21.5872],[-41.2644,-21.5902],[-41.2704,-21.5873],[-41.2706,-21.5872]]]}},{"type":"Feature","properties":{"cod_tema":"AREA_UTILIDADE_PUBLICA","cod_imovel":"RJ-3301009-62229D853AB64E20AF0E740C844232E2","num_area":"0.2974000000000000000000000000000","ind_status":"AT"},"geometry":{"type":"Polygon","coordinates":[[[-41.5865,-22.02],[-41.5889,-22.024],[-41.5857,-22.0193],[-41.5865,-22.02]]]}},{"type":"Feature","properties":{"cod_tema":"AREA_SERVIDAO_ADMINISTRATIVA_TOTAL","cod_imovel":"RJ-3301009-62229D853AB64E20AF0E740C844232E2","num_area":"0.2974000000000000000000000000000","ind_status":"AT"},"geometry":{"type":"Polygon","coordinates":[[[-41.5865,-22.02],[-41.5889,-22.024],[-41.5857,-22.0193],[-41.5865,-22.02]]]}},{"type":"Feature","properties":{"cod_tema":"AREA_INFRAESTRUTURA_PUBLICA","cod_imovel":"RJ-3301009-6232C1A644B44E219E86F811C678EF3F","num_area":"1.1573000000000000000000000000000","ind_status":"AT"},"geometry":{"type":"Polygon","coordinates":[[[-41.3012,-21.5933],[-41.2988,-21.5887],[-41.3011,-21.5931],[-41.3012,-21.5933]]]}},{"type":"Feature","properties":{"cod_tema":"AREA_SERVIDAO_ADMINISTRATIVA_TOTAL","cod_imovel":"RJ-3301009-6232C1A644B44E219E86F811C678EF3F","num_area":"1.1573000000000000000000000000000","ind_status":"AT"},"geometry":{"type":"Polygon","coordinates":[[[-41.3012,-21.5933],[-41.2988,-21.5887],[-41.3011,-21.5931],[-41.3012,-21.5933]]]}},{"type":"Feature","properties":{"cod_tema":"AREA_UTILIDADE_PUBLICA","cod_imovel":"RJ-3301009-6482C9011B124E42B18EBD7F1715F6C9","num_area":"1.1013000000000000000000000000000","ind_status":"AT"},"geometry":{"type":"Polygon","coordinates":[[[-41.4202,-21.7521],[-41.4195,-21.7416],[-41.4202,-21.7521],[-41.4202,-21.7521]]]}},{"type":"Feature","properties":{"cod_tema":"AREA_SERVIDAO_ADMINISTRATIVA_TOTAL","cod_imovel":"RJ-3301009-6482C9011B124E42B18EBD7F1715F6C9","num_area":"1.1013000000000000000000000000000","ind_status":"AT"},"geometry":{"type":"Polygon","coordinates":[[[-41.4202,-21.7521],[-41.4195,-21.7416],[-41.4202,-21.7521],[-41.4202,-21.7521]]]}},{"type":"Feature","properties":{"cod_tema":"AREA_UTILIDADE_PUBLICA","cod_imovel":"RJ-3301009-649AF1093B274EA0A53BE25DCBFB17BC","num_area":"0.8104000000000000000000000000000","ind_status":"AT"},"geometry":{"type":"Polygon","coordinates":[[[-41.4854,-21.74],[-41.4775,-21.7368],[-41.4854,-21.74],[-41.4854,-21.74]]]}},{"type":"Feature","properties":{"cod_tema":"AREA_SERVIDAO_ADMINISTRATIVA_TOTAL","cod_imovel":"RJ-3301009-649AF1093B274EA0A53BE25DCBFB17BC","num_area":"0.8104000000000000000000000000000","ind_status":"AT"},"geometry":{"type":"Polygon","coordinates":[[[-41.4854,-21.74],[-41.4775,-21.7368],[-41.4854,-21.74],[-41.4854,-21.74]]]}},{"type":"Feature","properties":{"cod_tema":"AREA_INFRAESTRUTURA_PUBLICA","cod_imovel":"RJ-3301009-65345D9263AF4604B78C608C5BADC8B8","num_area":"0.4780000000000000000000000000000","ind_status":"AT"},"geometry":{"type":"Polygon","coordinates":[[[-41.2576,-21.3137],[-41.2582,-21.3169],[-41.2577,-21.3138],[-41.2576,-21.3137]]]}},{"type":"Feature","properties":{"cod_tema":"AREA_SERVIDAO_ADMINISTRATIVA_TOTAL","cod_imovel":"RJ-3301009-65345D9263AF4604B78C608C5BADC8B8","num_area":"0.4780000000000000000000000000000","ind_status":"AT"},"geometry":{"type":"Polygon","coordinates":[[[-41.2576,-21.3137],[-41.2582,-21.3169],[-41.2577,-21.3138],[-41.2576,-21.3137]]]}},{"type":"Feature","properties":{"cod_tema":"AREA_UTILIDADE_PUBLICA","cod_imovel":"RJ-3301009-685E011741B2402BB44C6BCB23428B0B","num_area":"0.1552000000000000000000000000000","ind_status":"AT"},"geometry":{"type":"Polygon","coordinates":[[[-41.2965,-21.4875],[-41.2995,-21.4855],[-41.2965,-21.4875],[-41.2965,-21.4875]]]}},{"type":"Feature","properties":{"cod_tema":"AREA_SERVIDAO_ADMINISTRATIVA_TOTAL","cod_imovel":"RJ-3301009-685E011741B2402BB44C6BCB23428B0B","num_area":"0.1552000000000000000000000000000","ind_status":"AT"},"geometry":{"type":"Polygon","coordinates":[[[-41.2965,-21.4875],[-41.2995,-21.4855],[-41.2965,-21.4875],[-41.2965,-21.4875]]]}},{"type":"Feature","properties":{"cod_tema":"AREA_UTILIDADE_PUBLICA","cod_imovel":"RJ-3301009-6888B45A131147CFB0DC39B479758436","num_area":"0.6574000000000000000000000000000","ind_status":"AT"},"geometry":{"type":"Polygon","coordinates":[[[-41.5119,-21.7285],[-41.5055,-21.7282],[-41.5118,-21.7286],[-41.5119,-21.7285]]]}},{"type":"Feature","properties":{"cod_tema":"AREA_SERVIDAO_ADMINISTRATIVA_TOTAL","cod_imovel":"RJ-3301009-6888B45A131147CFB0DC39B479758436","num_area":"0.6574000000000000000000000000000","ind_status":"AT"},"geometry":{"type":"Polygon","coordinates":[[[-41.5119,-21.7285],[-41.5055,-21.7282],[-41.5118,-21.7286],[-41.5119,-21.7285]]]}},{"type":"Feature","properties":{"cod_tema":"AREA_INFRAESTRUTURA_PUBLICA","cod_imovel":"RJ-3301009-69635C8BAB494D538EA58D16E9DDB994","num_area":"0.2066000000000000000000000000000","ind_status":"AT"},"geometry":{"type":"Polygon","coordinates":[[[-41.4128,-21.2351],[-41.4156,-21.2311],[-41.4128,-21.235],[-41.4128,-21.2351]]]}},{"type":"Feature","properties":{"cod_tema":"AREA_SERVIDAO_ADMINISTRATIVA_TOTAL","cod_imovel":"RJ-3301009-69635C8BAB494D538EA58D16E9DDB994","num_area":"0.2066000000000000000000000000000","ind_status":"AT"},"geometry":{"type":"Polygon","coordinates":[[[-41.4128,-21.2351],[-41.4156,-21.2311],[-41.4128,-21.235],[-41.4128,-21.2351]]]}},{"type":"Feature","properties":{"cod_tema":"AREA_UTILIDADE_PUBLICA","cod_imovel":"RJ-3301009-69FB42C05AF545B0B612272E7F3BC57A","num_area":"0.6651000000000000000000000000000","ind_status":"AT"},"geometry":{"type":"Polygon","coordinates":[[[-41.4166,-21.408],[-41.4126,-21.4049],[-41.4146,-21.4127],[-41.4166,-21.408],[-41.4166,-21.408]]]}},{"type":"Feature","properties":{"cod_tema":"AREA_SERVIDAO_ADMINISTRATIVA_TOTAL","cod_imovel":"RJ-3301009-69FB42C05AF545B0B612272E7F3BC57A","num_area":"0.6651000000000000000000000000000","ind_status":"AT"},"geometry":{"type":"Polygon","coordinates":[[[-41.4166,-21.408],[-41.4126,-21.4049],[-41.4146,-21.4127],[-41.4166,-21.408],[-41.4166,-21.408]]]}},{"type":"Feature","properties":{"cod_tema":"AREA_UTILIDADE_PUBLICA","cod_imovel":"RJ-3301009-6CD1B6A55B5942D2BF122E3E8F9ED8CA","num_area":"0.2924000000000000000000000000000","ind_status":"AT"},"geometry":{"type":"Polygon","coordinates":[[[-41.4024,-21.3955],[-41.3987,-21.3938],[-41.4023,-21.3955],[-41.4024,-21.3955]]]}},{"type":"Feature","properties":{"cod_tema":"AREA_SERVIDAO_ADMINISTRATIVA_TOTAL","cod_imovel":"RJ-3301009-6CD1B6A55B5942D2BF122E3E8F9ED8CA","num_area":"0.2924000000000000000000000000000","ind_status":"AT"},"geometry":{"type":"Polygon","coordinates":[[[-41.4024,-21.3955],[-41.3987,-21.3938],[-41.4023,-21.3955],[-41.4024,-21.3955]]]}},{"type":"Feature","properties":{"cod_tema":"AREA_INFRAESTRUTURA_PUBLICA","cod_imovel":"RJ-3301009-6D6D95AC6B854A1DA64DCC2F01A30390","num_area":"0.5574000000000000000000000000000","ind_status":"AT"},"geometry":{"type":"Polygon","coordinates":[[[-41.6973,-22.0372],[-41.7018,-22.0329],[-41.6973,-22.0371],[-41.6973,-22.0372]]]}},{"type":"Feature","properties":{"cod_tema":"AREA_SERVIDAO_ADMINISTRATIVA_TOTAL","cod_imovel":"RJ-3301009-6D6D95AC6B854A1DA64DCC2F01A30390","num_area":"0.5574000000000000000000000000000","ind_status":"AT"},"geometry":{"type":"Polygon","coordinates":[[[-41.6973,-22.0372],[-41.7018,-22.0329],[-41.6973,-22.0371],[-41.6973,-22.0372]]]}},{"type":"Feature","properties":{"cod_tema":"AREA_UTILIDADE_PUBLICA","cod_imovel":"RJ-3301009-6EC6B56221C649E49E4641B246D82782","num_area":"0.2619000000000000000000000000000","ind_status":"AT"},"geometry":{"type":"Polygon","coordinates":[[[-41.6385,-21.8171],[-41.6364,-21.8134],[-41.6381,-21.8161],[-41.6385,-21.8171]]]}},{"type":"Feature","properties":{"cod_tema":"AREA_SERVIDAO_ADMINISTRATIVA_TOTAL","cod_imovel":"RJ-3301009-6EC6B56221C649E49E4641B246D82782","num_area":"0.2619000000000000000000000000000","ind_status":"AT"},"geometry":{"type":"Polygon","coordinates":[[[-41.6385,-21.8171],[-41.6364,-21.8134],[-41.6381,-21.8161],[-41.6385,-21.8171]]]}},{"type":"Feature","properties":{"cod_tema":"AREA_UTILIDADE_PUBLICA","cod_imovel":"RJ-3301009-72BB58F0E15F4D76A3130495C1682116","num_area":"0.3288000000000000000000000000000","ind_status":"AT"},"geometry":{"type":"Polygon","coordinates":[[[-41.6014,-21.8359],[-41.6044,-21.8361],[-41.6014,-21.8359],[-41.6014,-21.8359]]]}},{"type":"Feature","properties":{"cod_tema":"AREA_SERVIDAO_ADMINISTRATIVA_TOTAL","cod_imovel":"RJ-3301009-72BB58F0E15F4D76A3130495C1682116","num_area":"0.3288000000000000000000000000000","ind_status":"AT"},"geometry":{"type":"Polygon","coordinates":[[[-41.6014,-21.8359],[-41.6044,-21.8361],[-41.6014,-21.8359],[-41.6014,-21.8359]]]}},{"type":"Feature","properties":{"cod_tema":"AREA_INFRAESTRUTURA_PUBLICA","cod_imovel":"RJ-3301009-739AC6A080C946ECB52F8429A4D323E5","num_area":"0.4461000000000000000000000000000","ind_status":"AT"},"geometry":{"type":"Polygon","coordinates":[[[-41.5515,-21.3543],[-41.5552,-21.3563],[-41.5526,-21.3592],[-41.5555,-21.3566],[-41.5517,-21.3543],[-41.5515,-21.3543]]]}},{"type":"Feature","properties":{"cod_tema":"AREA_SERVIDAO_ADMINISTRATIVA_TOTAL","cod_imovel":"RJ-3301009-739AC6A080C946ECB52F8429A4D323E5","num_area":"0.4461000000000000000000000000000","ind_status":"AT"},"geometry":{"type":"Polygon","coordinates":[[[-41.5515,-21.3543],[-41.5552,-21.3563],[-41.5526,-21.3592],[-41.5555,-21.3566],[-41.5517,-21.3543],[-41.5515,-21.3543]]]}},{"type":"Feature","properties":{"cod_tema":"AREA_INFRAESTRUTURA_PUBLICA","cod_imovel":"RJ-3301009-777D01AA9E7E46B182DE1ABB780E6476","num_area":"1.2401000000000000000000000000000","ind_status":"AT"},"geometry":{"type":"Polygon","coordinates":[[[-41.5305,-21.7232],[-41.5265,-21.725],[-41.531,-21.7257],[-41.5288,-21.7312],[-41.5302,-21.7234],[-41.5305,-21.7232]]]}},{"type":"Feature","properties":{"cod_tema":"AREA_SERVIDAO_ADMINISTRATIVA_TOTAL","cod_imovel":"RJ-3301009-777D01AA9E7E46B182DE1ABB780E6476","num_area":"1.2401000000000000000000000000000","ind_status":"AT"},"geometry":{"type":"Polygon","coordinates":[[[-41.5305,-21.7232],[-41.5265,-21.725],[-41.531,-21.7257],[-41.5288,-21.7312],[-41.5302,-21.7234],[-41.5305,-21.7232]]]}},{"type":"Feature","properties":{"cod_tema":"AREA_UTILIDADE_PUBLICA","cod_imovel":"RJ-3301009-77F72B5075524374B8664013A06450A2","num_area":"0.2663000000000000000000000000000","ind_status":"AT"},"geometry":{"type":"Polygon","coordinates":[[[-41.3152,-21.2564],[-41.3196,-21.2601],[-41.3152,-21.2565],[-41.3152,-21.2564]]]}},{"type":"Feature","properties":{"cod_tema":"AREA_SERVIDAO_ADMINISTRATIVA_TOTAL","cod_imovel":"RJ-3301009-77F72B5075524374B8664013A06450A2","num_area":"0.2663000000000000000000000000000","ind_status":"AT"},"geometry":{"type":"Polygon","coordinates":[[[-41.3152,-21.2564],[-41.3196,-21.2601],[-41.3152,-21.2565],[-41.3152,-21.2564]]]}},{"type":"Feature","properties":{"cod_tema":"AREA_INFRAESTRUTURA_PUBLICA","cod_imovel":"RJ-3301009-7A9EA100E66D468CBE0337A962BED4B1","num_area":"3.0314000000000000000000000000000","ind_status":"AT"},"geometry":{"type":"Polygon","coordinates":[[[-41.2606,-21.5378],[-41.2663,-21.5504],[-41.2606,-21.5378],[-41.2606,-21.5378]]]}},{"type":"Feature","properties":{"cod_tema":"AREA_SERVIDAO_ADMINISTRATIVA_TOTAL","cod_imovel":"RJ-3301009-7A9EA100E66D468CBE0337A962BED4B1","num_area":"3.0314000000000000000000000000000","ind_status":"AT"},"geometry":{"type":"Polygon","coordinates":[[[-41.2606,-21.5378],[-41.2663,-21.5504],[-41.2606,-21.5378],[-41.2606,-21.5378]]]}},{"type":"Feature","properties":{"cod_tema":"AREA_UTILIDADE_PUBLICA","cod_imovel":"RJ-3301009-7B4742D0A3EE44A3BF41FAD085BF4B15","num_area":"0.5077000000000000000000000000000","ind_status":"AT"},"geometry":{"type":"Polygon","coordinates":[[[-41.7341,-21.9961],[-41.7372,-22.0035],[-41.7341,-21.9965],[-41.7341,-21.9961]]]}},{"type":"Feature","properties":{"cod_tema":"AREA_SERVIDAO_ADMINISTRATIVA_TOTAL","cod_imovel":"RJ-3301009-7B4742D0A3EE44A3BF41FAD085BF4B15","num_area":"0.5077000000000000000000000000000","ind_status":"AT"},"geometry":{"type":"Polygon","coordinates":[[[-41.7341,-21.9961],[-41.7372,-22.0035],[-41.7341,-21.9965],[-41.7341,-21.9961]]]}},{"type":"Feature","properties":{"cod_tema":"AREA_INFRAESTRUTURA_PUBLICA","cod_imovel":"RJ-3301009-7BB4C13AFF8543A28155C4A921721468","num_area":"0.4285000000000000000000000000000","ind_status":"AT"},"geometry":{"type":"Polygon","coordinates":[[[-41.5109,-21.6618],[-41.5132,-21.6568],[-41.5109,-21.6618],[-41.5109,-21.6618]]]}},{"type":"Feature","properties":{"cod_tema":"AREA_SERVIDAO_ADMINISTRATIVA_TOTAL","cod_imovel":"RJ-3301009-7BB4C13AFF8543A28155C4A921721468","num_area":"0.4285000000000000000000000000000","ind_status":"AT"},"geometry":{"type":"Polygon","coordinates":[[[-41.5109,-21.6618],[-41.5132,-21.6568],[-41.5109,-21.6618],[-41.5109,-21.6618]]]}},{"type":"Feature","properties":{"cod_tema":"AREA_INFRAESTRUTURA_PUBLICA","cod_imovel":"RJ-3301009-7C39F8F5BA3D4C6DBE3369BA9D3E49EC","num_area":"0.3047000000000000000000000000000","ind_status":"AT"},"geometry":{"type":"Polygon","coordinates":[[[-41.4172,-21.2549],[-41.4126,-21.2526],[-41.4171,-21.2549],[-41.4172,-21.2549]]]}},{"type":"Feature","properties":{"cod_tema":"AREA_SERVIDAO_ADMINISTRATIVA_TOTAL","cod_imovel":"RJ-3301009-7C39F8F5BA3D4C6DBE3369BA9D3E49EC","num_area":"0.3047000000000000000000000000000","ind_status":"AT"},"geometry":{"type":"Polygon","coordinates":[[[-41.4172,-21.2549],[-41.4126,-21.2526],[-41.4171,-21.2549],[-41.4172,-21.2549]]]}},{"type":"Feature","properties":{"cod_tema":"AREA_INFRAESTRUTURA_PUBLICA","cod_imovel":"RJ-3301009-7D0BE8CB4020492EBFCB42A8822FBD5F","num_area":"0.5267000000000000000000000000000","ind_status":"AT"},"geometry":{"type":"Polygon","coordinates":[[[-41.4395,-21.4076],[-41.4357,-21.4088],[-41.4395,-21.4076],[-41.4395,-21.4076]]]}},{"type":"Feature","properties":{"cod_tema":"AREA_SERVIDAO_ADMINISTRATIVA_TOTAL","cod_imovel":"RJ-3301009-7D0BE8CB4020492EBFCB42A8822FBD5F","num_area":"0.6382000000000000000000000000000","ind_status":"AT"},"geometry":{"type":"Polygon","coordinates":[[[-41.4395,-21.4076],[-41.4357,-21.4088],[-41.4395,-21.4076],[-41.4395,-21.4076]]]}},{"type":"Feature","properties":{"cod_tema":"AREA_UTILIDADE_PUBLICA","cod_imovel":"RJ-3301009-7D0F192F478545939FEEE209652C95F6","num_area":"0.0850000000000000000000000000000","ind_status":"AT"},"geometry":{"type":"Polygon","coordinates":[[[-41.3349,-21.4144],[-41.3321,-21.4174],[-41.3348,-21.4144],[-41.3349,-21.4144]]]}},{"type":"Feature","properties":{"cod_tema":"AREA_SERVIDAO_ADMINISTRATIVA_TOTAL","cod_imovel":"RJ-3301009-7D0F192F478545939FEEE209652C95F6","num_area":"0.0850000000000000000000000000000","ind_status":"AT"},"geometry":{"type":"Polygon","coordinates":[[[-41.3349,-21.4144],[-41.3321,-21.4174],[-41.3348,-21.4144],[-41.3349,-21.4144]]]}},{"type":"Feature","properties":{"cod_tema":"AREA_INFRAESTRUTURA_PUBLICA","cod_imovel":"RJ-3301009-7D47493BB0164523848A52FD80635550","num_area":"0.2384000000000000000000000000000","ind_status":"AT"},"geometry":{"type":"Polygon","coordinates":[[[-41.5771,-21.9543],[-41.5798,-21.9523],[-41.577,-21.9543],[-41.5771,-21.9543]]]}},{"type":"Feature","properties":{"cod_tema":"AREA_SERVIDAO_ADMINISTRATIVA_TOTAL","cod_imovel":"RJ-3301009-7D47493BB0164523848A52FD80635550","num_area":"0.2384000000000000000000000000000","ind_status":"AT"},"geometry":{"type":"Polygon","coordinates":[[[-41.5771,-21.9543],[-41.5798,-21.9523],[-41.577,-21.9543],[-41.5771,-21.9543]]]}},{"type":"Feature","properties":{"cod_tema":"AREA_INFRAESTRUTURA_PUBLICA","cod_imovel":"RJ-3301009-801235EAEBC548D7946970A827A1D02A","num_area":"0.8640000000000000000000000000000","ind_status":"PE"},"geometry":{"type":"Polygon","coordinates":[[[-41.4874,-21.3557],[-41.4791,-21.3552],[-41.4874,-21.3557],[-41.4874,-21.3557]],[[-41.4807,-21.3617],[-41.4792,-21.3554],[-41.4806,-21.361],[-41.4807,-21.3617]]]}},{"type":"Feature","properties":{"cod_tema":"AREA_SERVIDAO_ADMINISTRATIVA_TOTAL","cod_imovel":"RJ-3301009-801235EAEBC548D7946970A827A1D02A","num_area":"0.8640000000000000000000000000000","ind_status":"PE"},"geometry":{"type":"Polygon","coordinates":[[[-41.4874,-21.3557],[-41.4791,-21.3552],[-41.4874,-21.3557],[-41.4874,-21.3557]],[[-41.4807,-21.3617],[-41.4792,-21.3554],[-41.4806,-21.361],[-41.4807,-21.3617]]]}},{"type":"Feature","properties":{"cod_tema":"AREA_INFRAESTRUTURA_PUBLICA","cod_imovel":"RJ-3301009-8022344002174D72B4C725A3D632DF6C","num_area":"0.3697000000000000000000000000000","ind_status":"AT"},"geometry":{"type":"Polygon","coordinates":[[[-41.7391,-22.07],[-41.7358,-22.0674],[-41.7391,-22.0699],[-41.7391,-22.07]]]}},{"type":"Feature","properties":{"cod_tema":"AREA_SERVIDAO_ADMINISTRATIVA_TOTAL","cod_imovel":"RJ-3301009-8022344002174D72B4C725A3D632DF6C","num_area":"0.3697000000000000000000000000000","ind_status":"AT"},"geometry":{"type":"Polygon","coordinates":[[[-41.7391,-22.07],[-41.7358,-22.0674],[-41.7391,-22.0699],[-41.7391,-22.07]]]}},{"type":"Feature","properties":{"cod_tema":"AREA_INFRAESTRUTURA_PUBLICA","cod_imovel":"RJ-3301009-82A629D61FC84BCF83C94A4C37E8F44D","num_area":"0.7604000000000000000000000000000","ind_status":"AT"},"geometry":{"type":"Polygon","coordinates":[[[-41.453,-21.9676],[-41.4558,-21.9656],[-41.453,-21.9675],[-41.453,-21.9676]]]}},{"type":"Feature","properties":{"cod_tema":"AREA_SERVIDAO_ADMINISTRATIVA_TOTAL","cod_imovel":"RJ-3301009-82A629D61FC84BCF83C94A4C37E8F44D","num_area":"0.7604000000000000000000000000000","ind_status":"AT"},"geometry":{"type":"Polygon","coordinates":[[[-41.453,-21.9676],[-41.4558,-21.9656],[-41.453,-21.9675],[-41.453,-21.9676]]]}},{"type":"Feature","properties":{"cod_tema":"AREA_UTILIDADE_PUBLICA","cod_imovel":"RJ-3301009-83C8865938434ADA82A3AC910831359B","num_area":"0.1631000000000000000000000000000","ind_status":"AT"},"geometry":{"type":"Polygon","coordinates":[[[-41.4042,-21.441],[-41.4005,-21.4392],[-41.4042,-21.4409],[-41.4042,-21.441]]]}},{"type":"Feature","properties":{"cod_tema":"AREA_SERVIDAO_ADMINISTRATIVA_TOTAL","cod_imovel":"RJ-3301009-83C8865938434ADA82A3AC910831359B","num_area":"0.1631000000000000000000000000000","ind_status":"AT"},"geometry":{"type":"Polygon","coordinates":[[[-41.4042,-21.441],[-41.4005,-21.4392],[-41.4042,-21.4409],[-41.4042,-21.441]]]}},{"type":"Feature","properties":{"cod_tema":"AREA_UTILIDADE_PUBLICA","cod_imovel":"RJ-3301009-86323BF4F5184C9B9F1FC98E7808E9F1","num_area":"0.1871000000000000000000000000000","ind_status":"AT"},"geometry":{"type":"Polygon","coordinates":[[[-41.545,-21.3604],[-41.5484,-21.3616],[-41.5452,-21.3605],[-41.545,-21.3604]]]}},{"type":"Feature","properties":{"cod_tema":"AREA_SERVIDAO_ADMINISTRATIVA_TOTAL","cod_imovel":"RJ-3301009-86323BF4F5184C9B9F1FC98E7808E9F1","num_area":"0.1871000000000000000000000000000","ind_status":"AT"},"geometry":{"type":"Polygon","coordinates":[[[-41.545,-21.3604],[-41.5484,-21.3616],[-41.5452,-21.3605],[-41.545,-21.3604]]]}},{"type":"Feature","properties":{"cod_tema":"AREA_INFRAESTRUTURA_PUBLICA","cod_imovel":"RJ-3301009-8810435B21304CC8B41DFD6E63966EE5","num_area":"0.9157000000000000000000000000000","ind_status":"AT"},"geometry":{"type":"Polygon","coordinates":[[[-41.3716,-21.6596],[-41.3754,-21.6577],[-41.3715,-21.6595],[-41.3716,-21.6596]]]}},{"type":"Feature","properties":{"cod_tema":"AREA_UTILIDADE_PUBLICA","cod_imovel":"RJ-3301009-8810435B21304CC8B41DFD6E63966EE5","num_area":"0.7104000000000000000000000000000","ind_status":"AT"},"geometry":{"type":"Polygon","coordinates":[[[-41.3639,-21.6483],[-41.3715,-21.6595],[-41.3641,-21.6486],[-41.3639,-21.6483]]]}},{"type":"Feature","properties":{"cod_tema":"AREA_SERVIDAO_ADMINISTRATIVA_TOTAL","cod_imovel":"RJ-3301009-8810435B21304CC8B41DFD6E63966EE5","num_area":"0.7104000000000000000000000000000","ind_status":"AT"},"geometry":{"type":"Polygon","coordinates":[[[-41.3639,-21.6483],[-41.3715,-21.6595],[-41.3641,-21.6486],[-41.3639,-21.6483]]]}},{"type":"Feature","properties":{"cod_tema":"AREA_SERVIDAO_ADMINISTRATIVA_TOTAL","cod_imovel":"RJ-3301009-8810435B21304CC8B41DFD6E63966EE5","num_area":"0.9157000000000000000000000000000","ind_status":"AT"},"geometry":{"type":"Polygon","coordinates":[[[-41.3716,-21.6596],[-41.3754,-21.6577],[-41.3715,-21.6595],[-41.3716,-21.6596]]]}},{"type":"Feature","properties":{"cod_tema":"AREA_UTILIDADE_PUBLICA","cod_imovel":"RJ-3301009-88B3358E32544ACF83F7DE558C5FF809","num_area":"0.1282000000000000000000000000000","ind_status":"AT"},"geometry":{"type":"Polygon","coordinates":[[[-41.2823,-21.5033],[-41.2798,-21.505],[-41.2823,-21.5033],[-41.2823,-21.5033]]]}},{"type":"Feature","properties":{"cod_tema":"AREA_SERVIDAO_ADMINISTRATIVA_TOTAL","cod_imovel":"RJ-3301009-88B3358E32544ACF83F7DE558C5FF809","num_area":"0.1282000000000000000000000000000","ind_status":"AT"},"geometry":{"type":"Polygon","coordinates":[[[-41.2823,-21.5033],[-41.2798,-21.505],[-41.2823,-21.5033],[-41.2823,-21.5033]]]}},{"type":"Feature","properties":{"cod_tema":"AREA_UTILIDADE_PUBLICA","cod_imovel":"RJ-3301009-89962471C8E44C328DA91BB10AD701BE","num_area":"1.1919000000000000000000000000000","ind_status":"AT"},"geometry":{"type":"Polygon","coordinates":[[[-41.5534,-21.7197],[-41.5464,-21.7202],[-41.5462,-21.7148],[-41.5463,-21.7203],[-41.5534,-21.7198],[-41.5534,-21.7197]]]}},{"type":"Feature","properties":{"cod_tema":"AREA_SERVIDAO_ADMINISTRATIVA_TOTAL","cod_imovel":"RJ-3301009-89962471C8E44C328DA91BB10AD701BE","num_area":"1.1919000000000000000000000000000","ind_status":"AT"},"geometry":{"type":"Polygon","coordinates":[[[-41.5534,-21.7197],[-41.5464,-21.7202],[-41.5462,-21.7148],[-41.5463,-21.7203],[-41.5534,-21.7198],[-41.5534,-21.7197]]]}},{"type":"Feature","properties":{"cod_tema":"AREA_UTILIDADE_PUBLICA","cod_imovel":"RJ-3301009-8BB7456823F2494CBC7136D2C816FB78","num_area":"0.1415000000000000000000000000000","ind_status":"AT"},"geometry":{"type":"Polygon","coordinates":[[[-41.3494,-21.3298],[-41.3462,-21.3329],[-41.3494,-21.3298],[-41.3494,-21.3298]]]}},{"type":"Feature","properties":{"cod_tema":"AREA_SERVIDAO_ADMINISTRATIVA_TOTAL","cod_imovel":"RJ-3301009-8BB7456823F2494CBC7136D2C816FB78","num_area":"0.1415000000000000000000000000000","ind_status":"AT"},"geometry":{"type":"Polygon","coordinates":[[[-41.3494,-21.3298],[-41.3462,-21.3329],[-41.3494,-21.3298],[-41.3494,-21.3298]]]}},{"type":"Feature","properties":{"cod_tema":"AREA_INFRAESTRUTURA_PUBLICA","cod_imovel":"RJ-3301009-8BC02D84ABCD4755BCD66C9E4D566854","num_area":"1.0468000000000000000000000000000","ind_status":"AT"},"geometry":{"type":"Polygon","coordinates":[[[-41.5088,-21.8377],[-41.5035,-21.8359],[-41.5088,-21.8377],[-41.5088,-21.8377]]]}},{"type":"Feature","properties":{"cod_tema":"AREA_SERVIDAO_ADMINISTRATIVA_TOTAL","cod_imovel":"RJ-3301009-8BC02D84ABCD4755BCD66C9E4D566854","num_area":"1.0468000000000000000000000000000","ind_status":"AT"},"geometry":{"type":"Polygon","coordinates":[[[-41.5088,-21.8377],[-41.5035,-21.8359],[-41.5088,-21.8377],[-41.5088,-21.8377]]]}},{"type":"Feature","properties":{"cod_tema":"AREA_UTILIDADE_PUBLICA","cod_imovel":"RJ-3301009-8C27B54F62D047AABCFF045AC6F04B87","num_area":"0.7734000000000000000000000000000","ind_status":"AT"},"geometry":{"type":"Polygon","coordinates":[[[-41.4956,-21.3105],[-41.4857,-21.3151],[-41.4956,-21.3105],[-41.4956,-21.3105]]]}},{"type":"Feature","properties":{"cod_tema":"AREA_SERVIDAO_ADMINISTRATIVA_TOTAL","cod_imovel":"RJ-3301009-8C27B54F62D047AABCFF045AC6F04B87","num_area":"0.7734000000000000000000000000000","ind_status":"AT"},"geometry":{"type":"Polygon","coordinates":[[[-41.4956,-21.3105],[-41.4857,-21.3151],[-41.4956,-21.3105],[-41.4956,-21.3105]]]}},{"type":"Feature","properties":{"cod_tema":"AREA_INFRAESTRUTURA_PUBLICA","cod_imovel":"RJ-3301009-8C46FEE679E947DCA8ED25B80159127E","num_area":"0.5406000000000000000000000000000","ind_status":"AT"},"geometry":{"type":"Polygon","coordinates":[[[-41.5204,-21.4073],[-41.518,-21.4037],[-41.5205,-21.4065],[-41.5204,-21.4073]]]}},{"type":"Feature","properties":{"cod_tema":"AREA_SERVIDAO_ADMINISTRATIVA_TOTAL","cod_imovel":"RJ-3301009-8C46FEE679E947DCA8ED25B80159127E","num_area":"0.5406000000000000000000000000000","ind_status":"AT"},"geometry":{"type":"Polygon","coordinates":[[[-41.5204,-21.4073],[-41.518,-21.4037],[-41.5205,-21.4065],[-41.5204,-21.4073]]]}},{"type":"Feature","properties":{"cod_tema":"AREA_INFRAESTRUTURA_PUBLICA","cod_imovel":"RJ-3301009-945FD81DA67F434883E6D5BA42FA61AD","num_area":"5.5883000000000000000000000000000","ind_status":"AT"},"geometry":{"type":"Polygon","coordinates":[[[-41.4672,-21.6963],[-41.4832,-21.6886],[-41.4769,-21.6924],[-41.4672,-21.6963]]]}},{"type":"Feature","properties":{"cod_tema":"AREA_SERVIDAO_ADMINISTRATIVA_TOTAL","cod_imovel":"RJ-3301009-945FD81DA67F434883E6D5BA42FA61AD","num_area":"5.5883000000000000000000000000000","ind_status":"AT"},"geometry":{"type":"Polygon","coordinates":[[[-41.4672,-21.6963],[-41.4832,-21.6886],[-41.4769,-21.6924],[-41.4672,-21.6963]]]}},{"type":"Feature","properties":{"cod_tema":"AREA_UTILIDADE_PUBLICA","cod_imovel":"RJ-3301009-94871B7B9E6D488CB2F2E65D44D7C8D2","num_area":"0.2416000000000000000000000000000","ind_status":"AT"},"geometry":{"type":"Polygon","coordinates":[[[-41.5129,-21.728],[-41.5158,-21.7307],[-41.513,-21.7281],[-41.5129,-21.728]]]}},{"type":"Feature","properties":{"cod_tema":"AREA_SERVIDAO_ADMINISTRATIVA_TOTAL","cod_imovel":"RJ-3301009-94871B7B9E6D488CB2F2E65D44D7C8D2","num_area":"0.2416000000000000000000000000000","ind_status":"AT"},"geometry":{"type":"Polygon","coordinates":[[[-41.5129,-21.728],[-41.5158,-21.7307],[-41.513,-21.7281],[-41.5129,-21.728]]]}},{"type":"Feature","properties":{"cod_tema":"AREA_INFRAESTRUTURA_PUBLICA","cod_imovel":"RJ-3301009-94D6F75E5F0B42C38BCDD0AA006DEFEA","num_area":"0.5850000000000000000000000000000","ind_status":"PE"},"geometry":{"type":"Polygon","coordinates":[[[-41.264,-21.7661],[-41.2573,-21.7621],[-41.2637,-21.7659],[-41.264,-21.7661]]]}},{"type":"Feature","properties":{"cod_tema":"AREA_SERVIDAO_ADMINISTRATIVA_TOTAL","cod_imovel":"RJ-3301009-94D6F75E5F0B42C38BCDD0AA006DEFEA","num_area":"0.5850000000000000000000000000000","ind_status":"PE"},"geometry":{"type":"Polygon","coordinates":[[[-41.264,-21.7661],[-41.2573,-21.7621],[-41.2637,-21.7659],[-41.264,-21.7661]]]}},{"type":"Feature","properties":{"cod_tema":"AREA_UTILIDADE_PUBLICA","cod_imovel":"RJ-3301009-95E961A0E4594AC6961A0C24F2704AC1","num_area":"0.3672000000000000000000000000000","ind_status":"AT"},"geometry":{"type":"Polygon","coordinates":[[[-41.5463,-21.3316],[-41.5493,-21.3291],[-41.5465,-21.3313],[-41.5463,-21.3316]]]}},{"type":"Feature","properties":{"cod_tema":"AREA_SERVIDAO_ADMINISTRATIVA_TOTAL","cod_imovel":"RJ-3301009-95E961A0E4594AC6961A0C24F2704AC1","num_area":"0.3672000000000000000000000000000","ind_status":"AT"},"geometry":{"type":"Polygon","coordinates":[[[-41.5463,-21.3316],[-41.5493,-21.3291],[-41.5465,-21.3313],[-41.5463,-21.3316]]]}},{"type":"Feature","properties":{"cod_tema":"AREA_INFRAESTRUTURA_PUBLICA","cod_imovel":"RJ-3301009-986C39B6DCAF4E8F9F2C9B11890B714F","num_area":"0.2750000000000000000000000000000","ind_status":"AT"},"geometry":{"type":"Polygon","coordinates":[[[-41.4333,-21.2232],[-41.4305,-21.2265],[-41.4332,-21.2233],[-41.4333,-21.2232]]]}},{"type":"Feature","properties":{"cod_tema":"AREA_SERVIDAO_ADMINISTRATIVA_TOTAL","cod_imovel":"RJ-3301009-986C39B6DCAF4E8F9F2C9B11890B714F","num_area":"0.2750000000000000000000000000000","ind_status":"AT"},"geometry":{"type":"Polygon","coordinates":[[[-41.4333,-21.2232],[-41.4305,-21.2265],[-41.4332,-21.2233],[-41.4333,-21.2232]]]}},{"type":"Feature","properties":{"cod_tema":"AREA_UTILIDADE_PUBLICA","cod_imovel":"RJ-3301009-98DDC4E492994BC8954893F83CAE8611","num_area":"1.1752000000000000000000000000000","ind_status":"PE"},"geometry":{"type":"Polygon","coordinates":[[[-41.3277,-21.8779],[-41.332,-21.8721],[-41.3277,-21.8779],[-41.3277,-21.8779]],[[-41.2981,-21.89],[-41.2947,-21.8931],[-41.2973,-21.8907],[-41.2981,-21.89]]]}},{"type":"Feature","properties":{"cod_tema":"AREA_SERVIDAO_ADMINISTRATIVA_TOTAL","cod_imovel":"RJ-3301009-98DDC4E492994BC8954893F83CAE8611","num_area":"1.1752000000000000000000000000000","ind_status":"PE"},"geometry":{"type":"Polygon","coordinates":[[[-41.3277,-21.8779],[-41.332,-21.8721],[-41.3277,-21.8779],[-41.3277,-21.8779]],[[-41.2981,-21.89],[-41.2947,-21.8931],[-41.2973,-21.8907],[-41.2981,-21.89]]]}},{"type":"Feature","properties":{"cod_tema":"AREA_UTILIDADE_PUBLICA","cod_imovel":"RJ-3301009-9A74E0A66E5C479186431F86FCEE92F1","num_area":"0.3138000000000000000000000000000","ind_status":"AT"},"geometry":{"type":"Polygon","coordinates":[[[-41.4115,-21.2377],[-41.407,-21.2408],[-41.4114,-21.2378],[-41.4115,-21.2377]]]}},{"type":"Feature","properties":{"cod_tema":"AREA_SERVIDAO_ADMINISTRATIVA_TOTAL","cod_imovel":"RJ-3301009-9A74E0A66E5C479186431F86FCEE92F1","num_area":"0.3138000000000000000000000000000","ind_status":"AT"},"geometry":{"type":"Polygon","coordinates":[[[-41.4115,-21.2377],[-41.407,-21.2408],[-41.4114,-21.2378],[-41.4115,-21.2377]]]}},{"type":"Feature","properties":{"cod_tema":"AREA_UTILIDADE_PUBLICA","cod_imovel":"RJ-3301009-9B860CD2C9F54A56A45C183651D49992","num_area":"0.6596000000000000000000000000000","ind_status":"AT"},"geometry":{"type":"Polygon","coordinates":[[[-41.4732,-21.7347],[-41.4684,-21.7321],[-41.473,-21.7344],[-41.4732,-21.7347]]]}},{"type":"Feature","properties":{"cod_tema":"AREA_SERVIDAO_ADMINISTRATIVA_TOTAL","cod_imovel":"RJ-3301009-9B860CD2C9F54A56A45C183651D49992","num_area":"0.6596000000000000000000000000000","ind_status":"AT"},"geometry":{"type":"Polygon","coordinates":[[[-41.4732,-21.7347],[-41.4684,-21.7321],[-41.473,-21.7344],[-41.4732,-21.7347]]]}},{"type":"Feature","properties":{"cod_tema":"AREA_UTILIDADE_PUBLICA","cod_imovel":"RJ-3301009-9CB2399F8FF24E4FA74969C8481479A8","num_area":"0.1832000000000000000000000000000","ind_status":"AT"},"geometry":{"type":"Polygon","coordinates":[[[-41.5449,-21.3059],[-41.5471,-21.3091],[-41.5449,-21.306],[-41.5449,-21.3059]]]}},{"type":"Feature","properties":{"cod_tema":"AREA_SERVIDAO_ADMINISTRATIVA_TOTAL","cod_imovel":"RJ-3301009-9CB2399F8FF24E4FA74969C8481479A8","num_area":"0.1832000000000000000000000000000","ind_status":"AT"},"geometry":{"type":"Polygon","coordinates":[[[-41.5449,-21.3059],[-41.5471,-21.3091],[-41.5449,-21.306],[-41.5449,-21.3059]]]}},{"type":"Feature","properties":{"cod_tema":"AREA_INFRAESTRUTURA_PUBLICA","cod_imovel":"RJ-3301009-9C53F186D5C34717B4587C4536178846","num_area":"1.1009000000000000000000000000000","ind_status":"AT"},"geometry":{"type":"Polygon","coordinates":[[[-41.6478,-21.9615],[-41.6508,-21.9653],[-41.6479,-21.9617],[-41.6478,-21.9615]]]}},{"type":"Feature","properties":{"cod_tema":"AREA_SERVIDAO_ADMINISTRATIVA_TOTAL","cod_imovel":"RJ-3301009-9C53F186D5C34717B4587C4536178846","num_area":"1.1009000000000000000000000000000","ind_status":"AT"},"geometry":{"type":"Polygon","coordinates":[[[-41.6478,-21.9615],[-41.6508,-21.9653],[-41.6479,-21.9617],[-41.6478,-21.9615]]]}},{"type":"Feature","properties":{"cod_tema":"AREA_UTILIDADE_PUBLICA","cod_imovel":"RJ-3301009-9C77779866964A9F92485A580C95AC1A","num_area":"0.3429000000000000000000000000000","ind_status":"AT"},"geometry":{"type":"Polygon","coordinates":[[[-41.2973,-21.4064],[-41.303,-21.4084],[-41.2973,-21.4064],[-41.2973,-21.4064]]]}},{"type":"Feature","properties":{"cod_tema":"AREA_SERVIDAO_ADMINISTRATIVA_TOTAL","cod_imovel":"RJ-3301009-9C77779866964A9F92485A580C95AC1A","num_area":"0.3429000000000000000000000000000","ind_status":"AT"},"geometry":{"type":"Polygon","coordinates":[[[-41.2973,-21.4064],[-41.303,-21.4084],[-41.2973,-21.4064],[-41.2973,-21.4064]]]}},{"type":"Feature","properties":{"cod_tema":"AREA_UTILIDADE_PUBLICA","cod_imovel":"RJ-3301009-9DD88E3DD23144A99E1E86DD178CF80E","num_area":"1.6274000000000000000000000000000","ind_status":"AT"},"geometry":{"type":"Polygon","coordinates":[[[-41.3378,-21.7976],[-41.3425,-21.7958],[-41.3378,-21.7975],[-41.3378,-21.7976]]]}},{"type":"Feature","properties":{"cod_tema":"AREA_SERVIDAO_ADMINISTRATIVA_TOTAL","cod_imovel":"RJ-3301009-9DD88E3DD23144A99E1E86DD178CF80E","num_area":"1.6274000000000000000000000000000","ind_status":"AT"},"geometry":{"type":"Polygon","coordinates":[[[-41.3378,-21.7976],[-41.3425,-21.7958],[-41.3378,-21.7975],[-41.3378,-21.7976]]]}},{"type":"Feature","properties":{"cod_tema":"AREA_INFRAESTRUTURA_PUBLICA","cod_imovel":"RJ-3301009-A03019BB28B8491C958CD0D6E2828BA5","num_area":"1.5128000000000000000000000000000","ind_status":"AT"},"geometry":{"type":"Polygon","coordinates":[[[-41.4272,-21.4162],[-41.4325,-21.4109],[-41.4284,-21.4143],[-41.4274,-21.4101],[-41.4273,-21.4161],[-41.4272,-21.4162]]]}},{"type":"Feature","properties":{"cod_tema":"AREA_SERVIDAO_ADMINISTRATIVA_TOTAL","cod_imovel":"RJ-3301009-A03019BB28B8491C958CD0D6E2828BA5","num_area":"1.5128000000000000000000000000000","ind_status":"AT"},"geometry":{"type":"Polygon","coordinates":[[[-41.4272,-21.4162],[-41.4325,-21.4109],[-41.4284,-21.4143],[-41.4274,-21.4101],[-41.4273,-21.4161],[-41.4272,-21.4162]]]}},{"type":"Feature","properties":{"cod_tema":"AREA_INFRAESTRUTURA_PUBLICA","cod_imovel":"RJ-3301009-A107C6080BF54833B5ED5B38FCDCE33E","num_area":"3.8787000000000000000000000000000","ind_status":"AT"},"geometry":{"type":"Polygon","coordinates":[[[-41.4702,-21.331],[-41.464,-21.3331],[-41.4703,-21.3316],[-41.4682,-21.3387],[-41.4704,-21.3313],[-41.4702,-21.331]]]}},{"type":"Feature","properties":{"cod_tema":"AREA_SERVIDAO_ADMINISTRATIVA_TOTAL","cod_imovel":"RJ-3301009-A107C6080BF54833B5ED5B38FCDCE33E","num_area":"3.8787000000000000000000000000000","ind_status":"AT"},"geometry":{"type":"Polygon","coordinates":[[[-41.4702,-21.331],[-41.464,-21.3331],[-41.4703,-21.3316],[-41.4682,-21.3387],[-41.4704,-21.3313],[-41.4702,-21.331]]]}},{"type":"Feature","properties":{"cod_tema":"AREA_UTILIDADE_PUBLICA","cod_imovel":"RJ-3301009-A1D7B4F112F54DF498017F1227D3A8E4","num_area":"1.1969000000000000000000000000000","ind_status":"AT"},"geometry":{"type":"Polygon","coordinates":[[[-41.5041,-21.3777],[-41.5062,-21.3885],[-41.5041,-21.3777],[-41.5041,-21.3777]]]}},{"type":"Feature","properties":{"cod_tema":"AREA_SERVIDAO_ADMINISTRATIVA_TOTAL","cod_imovel":"RJ-3301009-A1D7B4F112F54DF498017F1227D3A8E4","num_area":"1.1969000000000000000000000000000","ind_status":"AT"},"geometry":{"type":"Polygon","coordinates":[[[-41.5041,-21.3777],[-41.5062,-21.3885],[-41.5041,-21.3777],[-41.5041,-21.3777]]]}},{"type":"Feature","properties":{"cod_tema":"AREA_UTILIDADE_PUBLICA","cod_imovel":"RJ-3301009-A1F987990BD34037949F2B09D9C74187","num_area":"0.2177000000000000000000000000000","ind_status":"AT"},"geometry":{"type":"Polygon","coordinates":[[[-41.5404,-21.4194],[-41.5413,-21.4159],[-41.5404,-21.4194],[-41.5404,-21.4194]]]}},{"type":"Feature","properties":{"cod_tema":"AREA_SERVIDAO_ADMINISTRATIVA_TOTAL","cod_imovel":"RJ-3301009-A1F987990BD34037949F2B09D9C74187","num_area":"0.2177000000000000000000000000000","ind_status":"AT"},"geometry":{"type":"Polygon","coordinates":[[[-41.5404,-21.4194],[-41.5413,-21.4159],[-41.5404,-21.4194],[-41.5404,-21.4194]]]}},{"type":"Feature","properties":{"cod_tema":"AREA_UTILIDADE_PUBLICA","cod_imovel":"RJ-3301009-A57D9787C5614A10A864596B8FB104E5","num_area":"0.1620000000000000000000000000000","ind_status":"AT"},"geometry":{"type":"Polygon","coordinates":[[[-41.3689,-21.3109],[-41.3654,-21.3095],[-41.3688,-21.3109],[-41.3689,-21.3109]]]}},{"type":"Feature","properties":{"cod_tema":"AREA_SERVIDAO_ADMINISTRATIVA_TOTAL","cod_imovel":"RJ-3301009-A57D9787C5614A10A864596B8FB104E5","num_area":"0.1620000000000000000000000000000","ind_status":"AT"},"geometry":{"type":"Polygon","coordinates":[[[-41.3689,-21.3109],[-41.3654,-21.3095],[-41.3688,-21.3109],[-41.3689,-21.3109]]]}},{"type":"Feature","properties":{"cod_tema":"AREA_UTILIDADE_PUBLICA","cod_imovel":"RJ-3301009-A5ABEB140CD6479CB36F5973031FC362","num_area":"1.0149000000000000000000000000000","ind_status":"AT"},"geometry":{"type":"Polygon","coordinates":[[[-41.2874,-21.7093],[-41.2917,-21.7089],[-41.2874,-21.7093],[-41.2874,-21.7093]]]}},{"type":"Feature","properties":{"cod_tema":"AREA_SERVIDAO_ADMINISTRATIVA_TOTAL","cod_imovel":"RJ-3301009-A5ABEB140CD6479CB36F5973031FC362","num_area":"1.0149000000000000000000000000000","ind_status":"AT"},"geometry":{"type":"Polygon","coordinates":[[[-41.2874,-21.7093],[-41.2917,-21.7089],[-41.2874,-21.7093],[-41.2874,-21.7093]]]}},{"type":"Feature","properties":{"cod_tema":"AREA_UTILIDADE_PUBLICA","cod_imovel":"RJ-3301009-A747003CCB18421B9E5899B1DA0E9197","num_area":"0.2543000000000000000000000000000","ind_status":"AT"},"geometry":{"type":"Polygon","coordinates":[[[-41.5029,-21.3005],[-41.5016,-21.3036],[-41.5029,-21.3005],[-41.5029,-21.3005]]]}},{"type":"Feature","properties":{"cod_tema":"AREA_SERVIDAO_ADMINISTRATIVA_TOTAL","cod_imovel":"RJ-3301009-A747003CCB18421B9E5899B1DA0E9197","num_area":"0.2543000000000000000000000000000","ind_status":"AT"},"geometry":{"type":"Polygon","coordinates":[[[-41.5029,-21.3005],[-41.5016,-21.3036],[-41.5029,-21.3005],[-41.5029,-21.3005]]]}},{"type":"Feature","properties":{"cod_tema":"AREA_INFRAESTRUTURA_PUBLICA","cod_imovel":"RJ-3301009-A879859658D64258A0A502242A918DBD","num_area":"2.1887000000000000000000000000000","ind_status":"AT"},"geometry":{"type":"Polygon","coordinates":[[[-41.316,-21.2293],[-41.3092,-21.2223],[-41.3157,-21.2289],[-41.316,-21.2293]]]}},{"type":"Feature","properties":{"cod_tema":"AREA_SERVIDAO_ADMINISTRATIVA_TOTAL","cod_imovel":"RJ-3301009-A879859658D64258A0A502242A918DBD","num_area":"2.1887000000000000000000000000000","ind_status":"AT"},"geometry":{"type":"Polygon","coordinates":[[[-41.316,-21.2293],[-41.3092,-21.2223],[-41.3157,-21.2289],[-41.316,-21.2293]]]}},{"type":"Feature","properties":{"cod_tema":"AREA_UTILIDADE_PUBLICA","cod_imovel":"RJ-3301009-A880F56AE19A4BD39848A95263DA150E","num_area":"0.2122000000000000000000000000000","ind_status":"AT"},"geometry":{"type":"Polygon","coordinates":[[[-41.2803,-21.5585],[-41.2844,-21.5554],[-41.2803,-21.5585],[-41.2803,-21.5585]]]}},{"type":"Feature","properties":{"cod_tema":"AREA_SERVIDAO_ADMINISTRATIVA_TOTAL","cod_imovel":"RJ-3301009-A880F56AE19A4BD39848A95263DA150E","num_area":"0.2122000000000000000000000000000","ind_status":"AT"},"geometry":{"type":"Polygon","coordinates":[[[-41.2803,-21.5585],[-41.2844,-21.5554],[-41.2803,-21.5585],[-41.2803,-21.5585]]]}},{"type":"Feature","properties":{"cod_tema":"AREA_UTILIDADE_PUBLICA","cod_imovel":"RJ-3301009-A94C5B957BCD4266833FC8B8DA5672FE","num_area":"2.7314000000000000000000000000000","ind_status":"AT"},"geometry":{"type":"Polygon","coordinates":[[[-41.4774,-21.6904],[-41.4805,-21.6881],[-41.4777,-21.6902],[-41.4774,-21.6904]]]}},{"type":"Feature","properties":{"cod_tema":"AREA_SERVIDAO_ADMINISTRATIVA_TOTAL","cod_imovel":"RJ-3301009-A94C5B957BCD4266833FC8B8DA5672FE","num_area":"2.7314000000000000000000000000000","ind_status":"AT"},"geometry":{"type":"Polygon","coordinates":[[[-41.4774,-21.6904],[-41.4805,-21.6881],[-41.4777,-21.6902],[-41.4774,-21.6904]]]}},{"type":"Feature","properties":{"cod_tema":"AREA_UTILIDADE_PUBLICA","cod_imovel":"RJ-3301009-A960EB186BA54881AEB13DFC704759E4","num_area":"1.1134000000000000000000000000000","ind_status":"AT"},"geometry":{"type":"Polygon","coordinates":[[[-41.2998,-21.5331],[-41.3075,-21.54],[-41.3009,-21.5334],[-41.2998,-21.5331]]]}},{"type":"Feature","properties":{"cod_tema":"AREA_SERVIDAO_ADMINISTRATIVA_TOTAL","cod_imovel":"RJ-3301009-A960EB186BA54881AEB13DFC704759E4","num_area":"1.1134000000000000000000000000000","ind_status":"AT"},"geometry":{"type":"Polygon","coordinates":[[[-41.2998,-21.5331],[-41.3075,-21.54],[-41.3009,-21.5334],[-41.2998,-21.5331]]]}},{"type":"Feature","properties":{"cod_tema":"AREA_UTILIDADE_PUBLICA","cod_imovel":"RJ-3301009-A988FA0D9EB64DA9A8F14523F664CB0B","num_area":"13.833300000000000000000000000000","ind_status":"AT"},"geometry":{"type":"Polygon","coordinates":[[[-41.1942,-21.5927],[-41.202,-21.5864],[-41.1973,-21.5929],[-41.1864,-21.5872],[-41.194,-21.5927],[-41.1942,-21.5927]],[[-41.2439,-21.6478],[-41.2333,-21.6512],[-41.2439,-21.6478],[-41.2439,-21.6478]],[[-41.2323,-21.6514],[-41.2395,-21.6443],[-41.2323,-21.6514],[-41.2323,-21.6514]],[[-41.1964,-21.614],[-41.1915,-21.6162],[-41.2022,-21.6154],[-41.2074,-21.6251],[-41.2023,-21.6155],[-41.2164,-21.6151],[-41.2119,-21.618],[-41.1964,-21.614],[-41.1964,-21.614]],[[-41.2794,-21.734],[-41.2783,-21.7305],[-41.2792,-21.7335],[-41.2794,-21.734]],[[-41.2586,-21.6999],[-41.2496,-21.6942],[-41.2569,-21.6997],[-41.2586,-21.6999]]]}},{"type":"Feature","properties":{"cod_tema":"AREA_SERVIDAO_ADMINISTRATIVA_TOTAL","cod_imovel":"RJ-3301009-A988FA0D9EB64DA9A8F14523F664CB0B","num_area":"13.833300000000000000000000000000","ind_status":"AT"},"geometry":{"type":"Polygon","coordinates":[[[-41.1942,-21.5927],[-41.202,-21.5864],[-41.1973,-21.5929],[-41.1864,-21.5872],[-41.194,-21.5927],[-41.1942,-21.5927]],[[-41.2439,-21.6478],[-41.2333,-21.6512],[-41.2439,-21.6478],[-41.2439,-21.6478]],[[-41.2323,-21.6514],[-41.2395,-21.6443],[-41.2323,-21.6514],[-41.2323,-21.6514]],[[-41.1964,-21.614],[-41.1915,-21.6162],[-41.2022,-21.6154],[-41.2074,-21.6251],[-41.2023,-21.6155],[-41.2164,-21.6151],[-41.2119,-21.618],[-41.1964,-21.614],[-41.1964,-21.614]],[[-41.2794,-21.734],[-41.2783,-21.7305],[-41.2792,-21.7335],[-41.2794,-21.734]],[[-41.2586,-21.6999],[-41.2496,-21.6942],[-41.2569,-21.6997],[-41.2586,-21.6999]]]}},{"type":"Feature","properties":{"cod_tema":"AREA_UTILIDADE_PUBLICA","cod_imovel":"RJ-3301009-A98A43081364477E8738832122FDD6A8","num_area":"0.1456000000000000000000000000000","ind_status":"AT"},"geometry":{"type":"Polygon","coordinates":[[[-41.3614,-21.3005],[-41.3654,-21.302],[-41.3616,-21.3008],[-41.3614,-21.3005]]]}},{"type":"Feature","properties":{"cod_tema":"AREA_SERVIDAO_ADMINISTRATIVA_TOTAL","cod_imovel":"RJ-3301009-A98A43081364477E8738832122FDD6A8","num_area":"0.1456000000000000000000000000000","ind_status":"AT"},"geometry":{"type":"Polygon","coordinates":[[[-41.3614,-21.3005],[-41.3654,-21.302],[-41.3616,-21.3008],[-41.3614,-21.3005]]]}},{"type":"Feature","properties":{"cod_tema":"AREA_UTILIDADE_PUBLICA","cod_imovel":"RJ-3301009-AA0B5580635D41C09B54393AF8A656F7","num_area":"5.8555000000000000000000000000000","ind_status":"AT"},"geometry":{"type":"Polygon","coordinates":[[[-41.3525,-21.6227],[-41.3542,-21.6175],[-41.3528,-21.6208],[-41.3525,-21.6227]]]}},{"type":"Feature","properties":{"cod_tema":"AREA_SERVIDAO_ADMINISTRATIVA_TOTAL","cod_imovel":"RJ-3301009-AA0B5580635D41C09B54393AF8A656F7","num_area":"5.8555000000000000000000000000000","ind_status":"AT"},"geometry":{"type":"Polygon","coordinates":[[[-41.3525,-21.6227],[-41.3542,-21.6175],[-41.3528,-21.6208],[-41.3525,-21.6227]]]}},{"type":"Feature","properties":{"cod_tema":"AREA_INFRAESTRUTURA_PUBLICA","cod_imovel":"RJ-3301009-AA0FC7A2D00745ABB7F2849894FFE1B9","num_area":"0.2731000000000000000000000000000","ind_status":"AT"},"geometry":{"type":"Polygon","coordinates":[[[-41.24,-21.3708],[-41.2419,-21.3677],[-41.2401,-21.3705],[-41.24,-21.3708]]]}},{"type":"Feature","properties":{"cod_tema":"AREA_SERVIDAO_ADMINISTRATIVA_TOTAL","cod_imovel":"RJ-3301009-AA0FC7A2D00745ABB7F2849894FFE1B9","num_area":"0.2731000000000000000000000000000","ind_status":"AT"},"geometry":{"type":"Polygon","coordinates":[[[-41.24,-21.3708],[-41.2419,-21.3677],[-41.2401,-21.3705],[-41.24,-21.3708]]]}},{"type":"Feature","properties":{"cod_tema":"AREA_UTILIDADE_PUBLICA","cod_imovel":"RJ-3301009-AB7DF78A45AD423596D4352E6B26D7B7","num_area":"0.1621000000000000000000000000000","ind_status":"AT"},"geometry":{"type":"Polygon","coordinates":[[[-41.4186,-21.3704],[-41.4216,-21.3728],[-41.4187,-21.3705],[-41.4186,-21.3704]]]}},{"type":"Feature","properties":{"cod_tema":"AREA_SERVIDAO_ADMINISTRATIVA_TOTAL","cod_imovel":"RJ-3301009-AB7DF78A45AD423596D4352E6B26D7B7","num_area":"0.1621000000000000000000000000000","ind_status":"AT"},"geometry":{"type":"Polygon","coordinates":[[[-41.4186,-21.3704],[-41.4216,-21.3728],[-41.4187,-21.3705],[-41.4186,-21.3704]]]}},{"type":"Feature","properties":{"cod_tema":"AREA_UTILIDADE_PUBLICA","cod_imovel":"RJ-3301009-ABD37FCE86E943F98FDAC75530BBECA9","num_area":"0.7293000000000000000000000000000","ind_status":"AT"},"geometry":{"type":"Polygon","coordinates":[[[-41.2644,-21.5902],[-41.2705,-21.5871],[-41.2645,-21.5901],[-41.2644,-21.5902]]]}},{"type":"Feature","properties":{"cod_tema":"AREA_SERVIDAO_ADMINISTRATIVA_TOTAL","cod_imovel":"RJ-3301009-ABD37FCE86E943F98FDAC75530BBECA9","num_area":"0.7293000000000000000000000000000","ind_status":"AT"},"geometry":{"type":"Polygon","coordinates":[[[-41.2644,-21.5902],[-41.2705,-21.5871],[-41.2645,-21.5901],[-41.2644,-21.5902]]]}},{"type":"Feature","properties":{"cod_tema":"AREA_INFRAESTRUTURA_PUBLICA","cod_imovel":"RJ-3301009-AC0979589B2A4C068E011F4F6BE25F77","num_area":"7.4303000000000000000000000000000","ind_status":"AT"},"geometry":{"type":"Polygon","coordinates":[[[-41.5178,-21.3409],[-41.5444,-21.3512],[-41.5185,-21.3412],[-41.5178,-21.3409]]]}},{"type":"Feature","properties":{"cod_tema":"AREA_SERVIDAO_ADMINISTRATIVA_TOTAL","cod_imovel":"RJ-3301009-AC0979589B2A4C068E011F4F6BE25F77","num_area":"7.4303000000000000000000000000000","ind_status":"AT"},"geometry":{"type":"Polygon","coordinates":[[[-41.5178,-21.3409],[-41.5444,-21.3512],[-41.5185,-21.3412],[-41.5178,-21.3409]]]}},{"type":"Feature","properties":{"cod_tema":"AREA_UTILIDADE_PUBLICA","cod_imovel":"RJ-3301009-AC17DA3FA6594D75BEBEFBB0DAE2B6B6","num_area":"3.3213000000000000000000000000000","ind_status":"AT"},"geometry":{"type":"Polygon","coordinates":[[[-41.6479,-21.9615],[-41.6508,-21.9654],[-41.6481,-21.9616],[-41.6479,-21.9615]]]}},{"type":"Feature","properties":{"cod_tema":"AREA_SERVIDAO_ADMINISTRATIVA_TOTAL","cod_imovel":"RJ-3301009-AC17DA3FA6594D75BEBEFBB0DAE2B6B6","num_area":"3.3213000000000000000000000000000","ind_status":"AT"},"geometry":{"type":"Polygon","coordinates":[[[-41.6479,-21.9615],[-41.6508,-21.9654],[-41.6481,-21.9616],[-41.6479,-21.9615]]]}},{"type":"Feature","properties":{"cod_tema":"AREA_INFRAESTRUTURA_PUBLICA","cod_imovel":"RJ-3301009-AD1587AA4AB1431FAF5EAFEE06D4F006","num_area":"0.6587000000000000000000000000000","ind_status":"AT"},"geometry":{"type":"Polygon","coordinates":[[[-41.371,-21.2503],[-41.3762,-21.2447],[-41.3712,-21.2499],[-41.371,-21.2503]]]}},{"type":"Feature","properties":{"cod_tema":"AREA_SERVIDAO_ADMINISTRATIVA_TOTAL","cod_imovel":"RJ-3301009-AD1587AA4AB1431FAF5EAFEE06D4F006","num_area":"0.6587000000000000000000000000000","ind_status":"AT"},"geometry":{"type":"Polygon","coordinates":[[[-41.371,-21.2503],[-41.3762,-21.2447],[-41.3712,-21.2499],[-41.371,-21.2503]]]}},{"type":"Feature","properties":{"cod_tema":"AREA_UTILIDADE_PUBLICA","cod_imovel":"RJ-3301009-AD524158796748FC90640A5F539BBF26","num_area":"0.3900000000000000000000000000000","ind_status":"AT"},"geometry":{"type":"Polygon","coordinates":[[[-41.6304,-21.8475],[-41.6382,-21.8442],[-41.6305,-21.8473],[-41.6304,-21.8475]]]}},{"type":"Feature","properties":{"cod_tema":"AREA_SERVIDAO_ADMINISTRATIVA_TOTAL","cod_imovel":"RJ-3301009-AD524158796748FC90640A5F539BBF26","num_area":"0.3900000000000000000000000000000","ind_status":"AT"},"geometry":{"type":"Polygon","coordinates":[[[-41.6304,-21.8475],[-41.6382,-21.8442],[-41.6305,-21.8473],[-41.6304,-21.8475]]]}},{"type":"Feature","properties":{"cod_tema":"AREA_UTILIDADE_PUBLICA","cod_imovel":"RJ-3301009-AD59E72987DE4D99B5F9C9DE47A98868","num_area":"0.1544000000000000000000000000000","ind_status":"AT"},"geometry":{"type":"Polygon","coordinates":[[[-41.5413,-21.2978],[-41.5415,-21.2944],[-41.5413,-21.2978],[-41.5413,-21.2978]]]}},{"type":"Feature","properties":{"cod_tema":"AREA_SERVIDAO_ADMINISTRATIVA_TOTAL","cod_imovel":"RJ-3301009-AD59E72987DE4D99B5F9C9DE47A98868","num_area":"0.1544000000000000000000000000000","ind_status":"AT"},"geometry":{"type":"Polygon","coordinates":[[[-41.5413,-21.2978],[-41.5415,-21.2944],[-41.5413,-21.2978],[-41.5413,-21.2978]]]}},{"type":"Feature","properties":{"cod_tema":"AREA_UTILIDADE_PUBLICA","cod_imovel":"RJ-3301009-ADB74E6F659A443CADDA5E18FB6FCB45","num_area":"0.1139000000000000000000000000000","ind_status":"AT"},"geometry":{"type":"Polygon","coordinates":[[[-41.4165,-21.3478],[-41.4193,-21.3499],[-41.4166,-21.3479],[-41.4165,-21.3478]]]}},{"type":"Feature","properties":{"cod_tema":"AREA_SERVIDAO_ADMINISTRATIVA_TOTAL","cod_imovel":"RJ-3301009-ADB74E6F659A443CADDA5E18FB6FCB45","num_area":"0.1139000000000000000000000000000","ind_status":"AT"},"geometry":{"type":"Polygon","coordinates":[[[-41.4165,-21.3478],[-41.4193,-21.3499],[-41.4166,-21.3479],[-41.4165,-21.3478]]]}},{"type":"Feature","properties":{"cod_tema":"AREA_INFRAESTRUTURA_PUBLICA","cod_imovel":"RJ-3301009-AF27DF0F7BDA4EFBACE2DAD7042DDFBD","num_area":"0.3421000000000000000000000000000","ind_status":"AT"},"geometry":{"type":"Polygon","coordinates":[[[-41.6626,-21.8753],[-41.6596,-21.8743],[-41.6625,-21.8753],[-41.6626,-21.8753]]]}},{"type":"Feature","properties":{"cod_tema":"AREA_SERVIDAO_ADMINISTRATIVA_TOTAL","cod_imovel":"RJ-3301009-AF27DF0F7BDA4EFBACE2DAD7042DDFBD","num_area":"0.3421000000000000000000000000000","ind_status":"AT"},"geometry":{"type":"Polygon","coordinates":[[[-41.6626,-21.8753],[-41.6596,-21.8743],[-41.6625,-21.8753],[-41.6626,-21.8753]]]}},{"type":"Feature","properties":{"cod_tema":"AREA_INFRAESTRUTURA_PUBLICA","cod_imovel":"RJ-3301009-AFDF9F7D515B4DBE98B399ABBA1A161B","num_area":"12.594300000000000000000000000000","ind_status":"AT"},"geometry":{"type":"Polygon","coordinates":[[[-41.3161,-21.229],[-41.3229,-21.2387],[-41.3163,-21.2293],[-41.3161,-21.229]],[[-41.3205,-21.2142],[-41.3235,-21.2287],[-41.3209,-21.2141],[-41.3205,-21.2142]]]}},{"type":"Feature","properties":{"cod_tema":"AREA_SERVIDAO_ADMINISTRATIVA_TOTAL","cod_imovel":"RJ-3301009-AFDF9F7D515B4DBE98B399ABBA1A161B","num_area":"12.594300000000000000000000000000","ind_status":"AT"},"geometry":{"type":"Polygon","coordinates":[[[-41.3161,-21.229],[-41.3229,-21.2387],[-41.3163,-21.2293],[-41.3161,-21.229]],[[-41.3205,-21.2142],[-41.3235,-21.2287],[-41.3209,-21.2141],[-41.3205,-21.2142]]]}},{"type":"Feature","properties":{"cod_tema":"AREA_UTILIDADE_PUBLICA","cod_imovel":"RJ-3301009-B04D50053AF843FFA77F6DB1EF8ED746","num_area":"0.2375000000000000000000000000000","ind_status":"AT"},"geometry":{"type":"Polygon","coordinates":[[[-41.3968,-21.3701],[-41.4002,-21.3703],[-41.3968,-21.3701],[-41.3968,-21.3701]]]}},{"type":"Feature","properties":{"cod_tema":"AREA_SERVIDAO_ADMINISTRATIVA_TOTAL","cod_imovel":"RJ-3301009-B04D50053AF843FFA77F6DB1EF8ED746","num_area":"0.2375000000000000000000000000000","ind_status":"AT"},"geometry":{"type":"Polygon","coordinates":[[[-41.3968,-21.3701],[-41.4002,-21.3703],[-41.3968,-21.3701],[-41.3968,-21.3701]]]}},{"type":"Feature","properties":{"cod_tema":"AREA_UTILIDADE_PUBLICA","cod_imovel":"RJ-3301009-B0B5A0E89248410292BA0F8217AEAD15","num_area":"0.1144000000000000000000000000000","ind_status":"AT"},"geometry":{"type":"Polygon","coordinates":[[[-41.3752,-21.3097],[-41.3753,-21.306],[-41.3752,-21.3097],[-41.3752,-21.3097]]]}},{"type":"Feature","properties":{"cod_tema":"AREA_SERVIDAO_ADMINISTRATIVA_TOTAL","cod_imovel":"RJ-3301009-B0B5A0E89248410292BA0F8217AEAD15","num_area":"0.1144000000000000000000000000000","ind_status":"AT"},"geometry":{"type":"Polygon","coordinates":[[[-41.3752,-21.3097],[-41.3753,-21.306],[-41.3752,-21.3097],[-41.3752,-21.3097]]]}},{"type":"Feature","properties":{"cod_tema":"AREA_UTILIDADE_PUBLICA","cod_imovel":"RJ-3301009-B1C7E21FDEBB4FC0BA0D05A8847A6D10","num_area":"0.7963000000000000000000000000000","ind_status":"AT"},"geometry":{"type":"Polygon","coordinates":[[[-41.467,-21.3164],[-41.4614,-21.3124],[-41.4669,-21.3161],[-41.467,-21.3164]]]}},{"type":"Feature","properties":{"cod_tema":"AREA_SERVIDAO_ADMINISTRATIVA_TOTAL","cod_imovel":"RJ-3301009-B1C7E21FDEBB4FC0BA0D05A8847A6D10","num_area":"0.7963000000000000000000000000000","ind_status":"AT"},"geometry":{"type":"Polygon","coordinates":[[[-41.467,-21.3164],[-41.4614,-21.3124],[-41.4669,-21.3161],[-41.467,-21.3164]]]}},{"type":"Feature","properties":{"cod_tema":"AREA_INFRAESTRUTURA_PUBLICA","cod_imovel":"RJ-3301009-B284C344F5F247498700B7B9EE486B87","num_area":"0.5294000000000000000000000000000","ind_status":"AT"},"geometry":{"type":"Polygon","coordinates":[[[-41.5704,-21.7294],[-41.5665,-21.7292],[-41.5678,-21.7362],[-41.5704,-21.7294],[-41.5704,-21.7294]]]}},{"type":"Feature","properties":{"cod_tema":"AREA_SERVIDAO_ADMINISTRATIVA_TOTAL","cod_imovel":"RJ-3301009-B284C344F5F247498700B7B9EE486B87","num_area":"0.5294000000000000000000000000000","ind_status":"AT"},"geometry":{"type":"Polygon","coordinates":[[[-41.5704,-21.7294],[-41.5665,-21.7292],[-41.5678,-21.7362],[-41.5704,-21.7294],[-41.5704,-21.7294]]]}},{"type":"Feature","properties":{"cod_tema":"AREA_UTILIDADE_PUBLICA","cod_imovel":"RJ-3301009-B2A1E8FAB96A41018B83D0F22A13182B","num_area":"0.2453000000000000000000000000000","ind_status":"AT"},"geometry":{"type":"Polygon","coordinates":[[[-41.3806,-21.4677],[-41.3764,-21.4695],[-41.3806,-21.4677],[-41.3806,-21.4677]]]}},{"type":"Feature","properties":{"cod_tema":"AREA_SERVIDAO_ADMINISTRATIVA_TOTAL","cod_imovel":"RJ-3301009-B2A1E8FAB96A41018B83D0F22A13182B","num_area":"0.2453000000000000000000000000000","ind_status":"AT"},"geometry":{"type":"Polygon","coordinates":[[[-41.3806,-21.4677],[-41.3764,-21.4695],[-41.3806,-21.4677],[-41.3806,-21.4677]]]}},{"type":"Feature","properties":{"cod_tema":"AREA_INFRAESTRUTURA_PUBLICA","cod_imovel":"RJ-3301009-B2B6CD063BCD45FCAF07E14DC3C6B159","num_area":"0.9690000000000000000000000000000","ind_status":"AT"},"geometry":{"type":"Polygon","coordinates":[[[-41.3247,-21.2771],[-41.3204,-21.2816],[-41.3228,-21.2788],[-41.3247,-21.2771]]]}},{"type":"Feature","properties":{"cod_tema":"AREA_SERVIDAO_ADMINISTRATIVA_TOTAL","cod_imovel":"RJ-3301009-B2B6CD063BCD45FCAF07E14DC3C6B159","num_area":"0.9690000000000000000000000000000","ind_status":"AT"},"geometry":{"type":"Polygon","coordinates":[[[-41.3247,-21.2771],[-41.3204,-21.2816],[-41.3228,-21.2788],[-41.3247,-21.2771]]]}},{"type":"Feature","properties":{"cod_tema":"AREA_UTILIDADE_PUBLICA","cod_imovel":"RJ-3301009-B30C711FF2024F4381B4CFE7E996ED18","num_area":"0.7160000000000000000000000000000","ind_status":"AT"},"geometry":{"type":"Polygon","coordinates":[[[-41.7317,-22.0639],[-41.7233,-22.0578],[-41.7315,-22.0633],[-41.7317,-22.0639]]]}},{"type":"Feature","properties":{"cod_tema":"AREA_SERVIDAO_ADMINISTRATIVA_TOTAL","cod_imovel":"RJ-3301009-B30C711FF2024F4381B4CFE7E996ED18","num_area":"0.7160000000000000000000000000000","ind_status":"AT"},"geometry":{"type":"Polygon","coordinates":[[[-41.7317,-22.0639],[-41.7233,-22.0578],[-41.7315,-22.0633],[-41.7317,-22.0639]]]}},{"type":"Feature","properties":{"cod_tema":"AREA_INFRAESTRUTURA_PUBLICA","cod_imovel":"RJ-3301009-B36C276A024A44A8BBC036C4F372D73D","num_area":"0.2473000000000000000000000000000","ind_status":"AT"},"geometry":{"type":"Polygon","coordinates":[[[-41.6202,-21.9606],[-41.6171,-21.9587],[-41.6202,-21.9606],[-41.6202,-21.9606]]]}},{"type":"Feature","properties":{"cod_tema":"AREA_SERVIDAO_ADMINISTRATIVA_TOTAL","cod_imovel":"RJ-3301009-B36C276A024A44A8BBC036C4F372D73D","num_area":"0.2473000000000000000000000000000","ind_status":"AT"},"geometry":{"type":"Polygon","coordinates":[[[-41.6202,-21.9606],[-41.6171,-21.9587],[-41.6202,-21.9606],[-41.6202,-21.9606]]]}},{"type":"Feature","properties":{"cod_tema":"AREA_UTILIDADE_PUBLICA","cod_imovel":"RJ-3301009-B4A85C61265843A395BB5F95CF369970","num_area":"0.8536000000000000000000000000000","ind_status":"AT"},"geometry":{"type":"Polygon","coordinates":[[[-41.3933,-21.3707],[-41.3798,-21.3789],[-41.3933,-21.3707],[-41.3933,-21.3707]]]}},{"type":"Feature","properties":{"cod_tema":"AREA_SERVIDAO_ADMINISTRATIVA_TOTAL","cod_imovel":"RJ-3301009-B4A85C61265843A395BB5F95CF369970","num_area":"0.8536000000000000000000000000000","ind_status":"AT"},"geometry":{"type":"Polygon","coordinates":[[[-41.3933,-21.3707],[-41.3798,-21.3789],[-41.3933,-21.3707],[-41.3933,-21.3707]]]}},{"type":"Feature","properties":{"cod_tema":"AREA_UTILIDADE_PUBLICA","cod_imovel":"RJ-3301009-B570FC7052014DB2AA819F3BC687153E","num_area":"0.0863000000000000000000000000000","ind_status":"AT"},"geometry":{"type":"Polygon","coordinates":[[[-41.3345,-21.3215],[-41.3385,-21.3226],[-41.335,-21.3216],[-41.3345,-21.3215]]]}},{"type":"Feature","properties":{"cod_tema":"AREA_SERVIDAO_ADMINISTRATIVA_TOTAL","cod_imovel":"RJ-3301009-B570FC7052014DB2AA819F3BC687153E","num_area":"0.0863000000000000000000000000000","ind_status":"AT"},"geometry":{"type":"Polygon","coordinates":[[[-41.3345,-21.3215],[-41.3385,-21.3226],[-41.335,-21.3216],[-41.3345,-21.3215]]]}},{"type":"Feature","properties":{"cod_tema":"AREA_UTILIDADE_PUBLICA","cod_imovel":"RJ-3301009-B6A96E0E289541D089B2CE8AB32BBDBB","num_area":"1.3425000000000000000000000000000","ind_status":"AT"},"geometry":{"type":"Polygon","coordinates":[[[-41.2468,-21.3657],[-41.2595,-21.3645],[-41.2468,-21.3656],[-41.2468,-21.3657]]]}},{"type":"Feature","properties":{"cod_tema":"AREA_SERVIDAO_ADMINISTRATIVA_TOTAL","cod_imovel":"RJ-3301009-B6A96E0E289541D089B2CE8AB32BBDBB","num_area":"1.3425000000000000000000000000000","ind_status":"AT"},"geometry":{"type":"Polygon","coordinates":[[[-41.2468,-21.3657],[-41.2595,-21.3645],[-41.2468,-21.3656],[-41.2468,-21.3657]]]}},{"type":"Feature","properties":{"cod_tema":"AREA_UTILIDADE_PUBLICA","cod_imovel":"RJ-3301009-B658924270254B078D2C41E9459DCFE7","num_area":"0.2678000000000000000000000000000","ind_status":"AT"},"geometry":{"type":"Polygon","coordinates":[[[-41.395,-21.3674],[-41.3968,-21.3701],[-41.395,-21.3674],[-41.395,-21.3674]]]}},{"type":"Feature","properties":{"cod_tema":"AREA_SERVIDAO_ADMINISTRATIVA_TOTAL","cod_imovel":"RJ-3301009-B658924270254B078D2C41E9459DCFE7","num_area":"0.2678000000000000000000000000000","ind_status":"AT"},"geometry":{"type":"Polygon","coordinates":[[[-41.395,-21.3674],[-41.3968,-21.3701],[-41.395,-21.3674],[-41.395,-21.3674]]]}},{"type":"Feature","properties":{"cod_tema":"AREA_INFRAESTRUTURA_PUBLICA","cod_imovel":"RJ-3301009-B85BC888AE4A483B98A86056C94B072B","num_area":"1.1734000000000000000000000000000","ind_status":"PE"},"geometry":{"type":"Polygon","coordinates":[[[-41.3119,-21.7813],[-41.3087,-21.7793],[-41.3118,-21.7813],[-41.3119,-21.7813]]]}},{"type":"Feature","properties":{"cod_tema":"AREA_SERVIDAO_ADMINISTRATIVA_TOTAL","cod_imovel":"RJ-3301009-B85BC888AE4A483B98A86056C94B072B","num_area":"1.1734000000000000000000000000000","ind_status":"PE"},"geometry":{"type":"Polygon","coordinates":[[[-41.3119,-21.7813],[-41.3087,-21.7793],[-41.3118,-21.7813],[-41.3119,-21.7813]]]}},{"type":"Feature","properties":{"cod_tema":"AREA_INFRAESTRUTURA_PUBLICA","cod_imovel":"RJ-3301009-BB15F4284A294F729331B5E4EF353657","num_area":"1.7095000000000000000000000000000","ind_status":"AT"},"geometry":{"type":"Polygon","coordinates":[[[-41.4207,-21.8608],[-41.419,-21.8663],[-41.4207,-21.8608],[-41.4207,-21.8608]]]}},{"type":"Feature","properties":{"cod_tema":"AREA_SERVIDAO_ADMINISTRATIVA_TOTAL","cod_imovel":"RJ-3301009-BB15F4284A294F729331B5E4EF353657","num_area":"1.7095000000000000000000000000000","ind_status":"AT"},"geometry":{"type":"Polygon","coordinates":[[[-41.4207,-21.8608],[-41.419,-21.8663],[-41.4207,-21.8608],[-41.4207,-21.8608]]]}},{"type":"Feature","properties":{"cod_tema":"AREA_UTILIDADE_PUBLICA","cod_imovel":"RJ-3301009-BB43DAD1070549C8AE1131107480819C","num_area":"0.1763000000000000000000000000000","ind_status":"AT"},"geometry":{"type":"Polygon","coordinates":[[[-41.616,-21.9508],[-41.6188,-21.9537],[-41.6159,-21.9507],[-41.616,-21.9508]]]}},{"type":"Feature","properties":{"cod_tema":"AREA_SERVIDAO_ADMINISTRATIVA_TOTAL","cod_imovel":"RJ-3301009-BB43DAD1070549C8AE1131107480819C","num_area":"0.1763000000000000000000000000000","ind_status":"AT"},"geometry":{"type":"Polygon","coordinates":[[[-41.616,-21.9508],[-41.6188,-21.9537],[-41.6159,-21.9507],[-41.616,-21.9508]]]}},{"type":"Feature","properties":{"cod_tema":"AREA_INFRAESTRUTURA_PUBLICA","cod_imovel":"RJ-3301009-BCBA0A61F3974F9A87F43D746896E629","num_area":"0.2415000000000000000000000000000","ind_status":"AT"},"geometry":{"type":"Polygon","coordinates":[[[-41.5017,-21.9014],[-41.5068,-21.9],[-41.5018,-21.9014],[-41.5017,-21.9014]]]}},{"type":"Feature","properties":{"cod_tema":"AREA_SERVIDAO_ADMINISTRATIVA_TOTAL","cod_imovel":"RJ-3301009-BCBA0A61F3974F9A87F43D746896E629","num_area":"0.2415000000000000000000000000000","ind_status":"AT"},"geometry":{"type":"Polygon","coordinates":[[[-41.5017,-21.9014],[-41.5068,-21.9],[-41.5018,-21.9014],[-41.5017,-21.9014]]]}},{"type":"Feature","properties":{"cod_tema":"AREA_INFRAESTRUTURA_PUBLICA","cod_imovel":"RJ-3301009-BCF927950D8F4FCE86B5B26EE4833DD4","num_area":"9.1178000000000000000000000000000","ind_status":"PE"},"geometry":{"type":"Polygon","coordinates":[[[-41.4661,-21.9055],[-41.4842,-21.9029],[-41.5004,-21.9116],[-41.4842,-21.9028],[-41.4662,-21.9055],[-41.4661,-21.9055]]]}},{"type":"Feature","properties":{"cod_tema":"AREA_SERVIDAO_ADMINISTRATIVA_TOTAL","cod_imovel":"RJ-3301009-BCF927950D8F4FCE86B5B26EE4833DD4","num_area":"9.1178000000000000000000000000000","ind_status":"PE"},"geometry":{"type":"Polygon","coordinates":[[[-41.4661,-21.9055],[-41.4842,-21.9029],[-41.5004,-21.9116],[-41.4842,-21.9028],[-41.4662,-21.9055],[-41.4661,-21.9055]]]}},{"type":"Feature","properties":{"cod_tema":"AREA_INFRAESTRUTURA_PUBLICA","cod_imovel":"RJ-3301009-BCFE5A6D4FF348C0B3C9FAC27774DB67","num_area":"0.3503000000000000000000000000000","ind_status":"AT"},"geometry":{"type":"Polygon","coordinates":[[[-41.553,-21.3265],[-41.5493,-21.3291],[-41.5528,-21.3266],[-41.553,-21.3265]]]}},{"type":"Feature","properties":{"cod_tema":"AREA_SERVIDAO_ADMINISTRATIVA_TOTAL","cod_imovel":"RJ-3301009-BCFE5A6D4FF348C0B3C9FAC27774DB67","num_area":"0.3503000000000000000000000000000","ind_status":"AT"},"geometry":{"type":"Polygon","coordinates":[[[-41.553,-21.3265],[-41.5493,-21.3291],[-41.5528,-21.3266],[-41.553,-21.3265]]]}},{"type":"Feature","properties":{"cod_tema":"AREA_INFRAESTRUTURA_PUBLICA","cod_imovel":"RJ-3301009-BEE06F4B6F914380BD2ADAC92A43CC0B","num_area":"0.2193000000000000000000000000000","ind_status":"AT"},"geometry":{"type":"Polygon","coordinates":[[[-41.5632,-21.7025],[-41.56,-21.7042],[-41.5632,-21.7025],[-41.5632,-21.7025]]]}},{"type":"Feature","properties":{"cod_tema":"AREA_SERVIDAO_ADMINISTRATIVA_TOTAL","cod_imovel":"RJ-3301009-BEE06F4B6F914380BD2ADAC92A43CC0B","num_area":"0.2193000000000000000000000000000","ind_status":"AT"},"geometry":{"type":"Polygon","coordinates":[[[-41.5632,-21.7025],[-41.56,-21.7042],[-41.5632,-21.7025],[-41.5632,-21.7025]]]}},{"type":"Feature","properties":{"cod_tema":"AREA_INFRAESTRUTURA_PUBLICA","cod_imovel":"RJ-3301009-BFF7C6A4705C49859AC6ADDE58540FC0","num_area":"0.1311000000000000000000000000000","ind_status":"AT"},"geometry":{"type":"Polygon","coordinates":[[[-41.3343,-21.5336],[-41.3293,-21.5296],[-41.3343,-21.5337],[-41.3343,-21.5336]]]}},{"type":"Feature","properties":{"cod_tema":"AREA_SERVIDAO_ADMINISTRATIVA_TOTAL","cod_imovel":"RJ-3301009-BFF7C6A4705C49859AC6ADDE58540FC0","num_area":"0.1311000000000000000000000000000","ind_status":"AT"},"geometry":{"type":"Polygon","coordinates":[[[-41.3343,-21.5336],[-41.3293,-21.5296],[-41.3343,-21.5337],[-41.3343,-21.5336]]]}},{"type":"Feature","properties":{"cod_tema":"AREA_UTILIDADE_PUBLICA","cod_imovel":"RJ-3301009-C1B19EB5E0FD44DFA3F7F78E7D7FA819","num_area":"2.7509000000000000000000000000000","ind_status":"AT"},"geometry":{"type":"Polygon","coordinates":[[[-41.5804,-22.0485],[-41.5699,-22.046],[-41.5803,-22.0485],[-41.5804,-22.0485]],[[-41.5706,-22.0439],[-41.5794,-22.0339],[-41.5716,-22.0437],[-41.5706,-22.0439]]]}},{"type":"Feature","properties":{"cod_tema":"AREA_SERVIDAO_ADMINISTRATIVA_TOTAL","cod_imovel":"RJ-3301009-C1B19EB5E0FD44DFA3F7F78E7D7FA819","num_area":"2.7509000000000000000000000000000","ind_status":"AT"},"geometry":{"type":"Polygon","coordinates":[[[-41.5804,-22.0485],[-41.5699,-22.046],[-41.5803,-22.0485],[-41.5804,-22.0485]],[[-41.5706,-22.0439],[-41.5794,-22.0339],[-41.5716,-22.0437],[-41.5706,-22.0439]]]}},{"type":"Feature","properties":{"cod_tema":"AREA_SERVIDAO_ADMINISTRATIVA_TOTAL","cod_imovel":"RJ-3301009-C25B688FFD9041548150293A29E2B797","num_area":"0.4464000000000000000000000000000","ind_status":"AT"},"geometry":{"type":"Polygon","coordinates":[[[-41.3389,-21.3227],[-41.3404,-21.3255],[-41.339,-21.3228],[-41.3389,-21.3227]]]}},{"type":"Feature","properties":{"cod_tema":"AREA_INFRAESTRUTURA_PUBLICA","cod_imovel":"RJ-3301009-C57EFEBA73994BB0A6F9631FDDF6023B","num_area":"0.6475000000000000000000000000000","ind_status":"AT"},"geometry":{"type":"Polygon","coordinates":[[[-41.3415,-21.6299],[-41.3374,-21.623],[-41.3413,-21.6296],[-41.3415,-21.6299]]]}},{"type":"Feature","properties":{"cod_tema":"AREA_SERVIDAO_ADMINISTRATIVA_TOTAL","cod_imovel":"RJ-3301009-C57EFEBA73994BB0A6F9631FDDF6023B","num_area":"0.6475000000000000000000000000000","ind_status":"AT"},"geometry":{"type":"Polygon","coordinates":[[[-41.3415,-21.6299],[-41.3374,-21.623],[-41.3413,-21.6296],[-41.3415,-21.6299]]]}},{"type":"Feature","properties":{"cod_tema":"AREA_UTILIDADE_PUBLICA","cod_imovel":"RJ-3301009-C843C07F82D74D43BDEBB62C85D51196","num_area":"0.3179000000000000000000000000000","ind_status":"AT"},"geometry":{"type":"Polygon","coordinates":[[[-41.3553,-21.3437],[-41.3586,-21.3414],[-41.3554,-21.3436],[-41.3553,-21.3437]]]}},{"type":"Feature","properties":{"cod_tema":"AREA_SERVIDAO_ADMINISTRATIVA_TOTAL","cod_imovel":"RJ-3301009-C843C07F82D74D43BDEBB62C85D51196","num_area":"0.3179000000000000000000000000000","ind_status":"AT"},"geometry":{"type":"Polygon","coordinates":[[[-41.3553,-21.3437],[-41.3586,-21.3414],[-41.3554,-21.3436],[-41.3553,-21.3437]]]}},{"type":"Feature","properties":{"cod_tema":"AREA_INFRAESTRUTURA_PUBLICA","cod_imovel":"RJ-3301009-C8DB73EF9B1749F4BF2A8A6A96245895","num_area":"0.3731000000000000000000000000000","ind_status":"AT"},"geometry":{"type":"Polygon","coordinates":[[[-41.5907,-21.9552],[-41.5956,-21.9535],[-41.5912,-21.9553],[-41.5907,-21.9552]]]}},{"type":"Feature","properties":{"cod_tema":"AREA_SERVIDAO_ADMINISTRATIVA_TOTAL","cod_imovel":"RJ-3301009-C8DB73EF9B1749F4BF2A8A6A96245895","num_area":"0.3731000000000000000000000000000","ind_status":"AT"},"geometry":{"type":"Polygon","coordinates":[[[-41.5907,-21.9552],[-41.5956,-21.9535],[-41.5912,-21.9553],[-41.5907,-21.9552]]]}},{"type":"Feature","properties":{"cod_tema":"AREA_UTILIDADE_PUBLICA","cod_imovel":"RJ-3301009-CAA5CC4395DD4303831FFB5668CBC91A","num_area":"0.3925000000000000000000000000000","ind_status":"AT"},"geometry":{"type":"Polygon","coordinates":[[[-41.499,-21.3574],[-41.5039,-21.3563],[-41.499,-21.3574],[-41.499,-21.3574]]]}},{"type":"Feature","properties":{"cod_tema":"AREA_SERVIDAO_ADMINISTRATIVA_TOTAL","cod_imovel":"RJ-3301009-CAA5CC4395DD4303831FFB5668CBC91A","num_area":"0.3925000000000000000000000000000","ind_status":"AT"},"geometry":{"type":"Polygon","coordinates":[[[-41.499,-21.3574],[-41.5039,-21.3563],[-41.499,-21.3574],[-41.499,-21.3574]]]}},{"type":"Feature","properties":{"cod_tema":"AREA_INFRAESTRUTURA_PUBLICA","cod_imovel":"RJ-3301009-CAB10E8E5C724690AE4288A528C3BC87","num_area":"4.0746000000000000000000000000000","ind_status":"AT"},"geometry":{"type":"Polygon","coordinates":[[[-41.283,-21.5227],[-41.3056,-21.5252],[-41.2933,-21.5213],[-41.283,-21.5227]]]}},{"type":"Feature","properties":{"cod_tema":"AREA_SERVIDAO_ADMINISTRATIVA_TOTAL","cod_imovel":"RJ-3301009-CAB10E8E5C724690AE4288A528C3BC87","num_area":"4.0746000000000000000000000000000","ind_status":"AT"},"geometry":{"type":"Polygon","coordinates":[[[-41.283,-21.5227],[-41.3056,-21.5252],[-41.2933,-21.5213],[-41.283,-21.5227]]]}},{"type":"Feature","properties":{"cod_tema":"AREA_INFRAESTRUTURA_PUBLICA","cod_imovel":"RJ-3301009-CB7F0B4F9A114CC0A227F27E6A096528","num_area":"0.5041000000000000000000000000000","ind_status":"AT"},"geometry":{"type":"Polygon","coordinates":[[[-41.4624,-21.7575],[-41.4592,-21.7592],[-41.4622,-21.7577],[-41.4624,-21.7575]]]}},{"type":"Feature","properties":{"cod_tema":"AREA_SERVIDAO_ADMINISTRATIVA_TOTAL","cod_imovel":"RJ-3301009-CB7F0B4F9A114CC0A227F27E6A096528","num_area":"0.5041000000000000000000000000000","ind_status":"AT"},"geometry":{"type":"Polygon","coordinates":[[[-41.4624,-21.7575],[-41.4592,-21.7592],[-41.4622,-21.7577],[-41.4624,-21.7575]]]}},{"type":"Feature","properties":{"cod_tema":"AREA_INFRAESTRUTURA_PUBLICA","cod_imovel":"RJ-3301009-CBE2713CD495432FA45EEDF50D712A78","num_area":"7.4628000000000000000000000000000","ind_status":"AT"},"geometry":{"type":"Polygon","coordinates":[[[-41.4985,-21.8205],[-41.5071,-21.8277],[-41.4986,-21.8205],[-41.4985,-21.8205]]]}},{"type":"Feature","properties":{"cod_tema":"AREA_UTILIDADE_PUBLICA","cod_imovel":"RJ-3301009-CBE2713CD495432FA45EEDF50D712A78","num_area":"4.2175000000000000000000000000000","ind_status":"AT"},"geometry":{"type":"Polygon","coordinates":[[[-41.4971,-21.8272],[-41.5027,-21.8345],[-41.4972,-21.8271],[-41.4971,-21.8272]]]}},{"type":"Feature","properties":{"cod_tema":"AREA_SERVIDAO_ADMINISTRATIVA_TOTAL","cod_imovel":"RJ-3301009-CBE2713CD495432FA45EEDF50D712A78","num_area":"11.680300000000000000000000000000","ind_status":"AT"},"geometry":{"type":"Polygon","coordinates":[[[-41.4985,-21.8205],[-41.5071,-21.8277],[-41.4986,-21.8205],[-41.4985,-21.8205]],[[-41.4971,-21.8272],[-41.5027,-21.8345],[-41.4972,-21.8271],[-41.4971,-21.8272]]]}},{"type":"Feature","properties":{"cod_tema":"AREA_UTILIDADE_PUBLICA","cod_imovel":"RJ-3301009-CE1D80023BE042F4BEF1C18074F6077B","num_area":"0.2020000000000000000000000000000","ind_status":"AT"},"geometry":{"type":"Polygon","coordinates":[[[-41.4119,-21.369],[-41.4085,-21.3701],[-41.4116,-21.3689],[-41.4119,-21.369]]]}},{"type":"Feature","properties":{"cod_tema":"AREA_SERVIDAO_ADMINISTRATIVA_TOTAL","cod_imovel":"RJ-3301009-CE1D80023BE042F4BEF1C18074F6077B","num_area":"0.2020000000000000000000000000000","ind_status":"AT"},"geometry":{"type":"Polygon","coordinates":[[[-41.4119,-21.369],[-41.4085,-21.3701],[-41.4116,-21.3689],[-41.4119,-21.369]]]}},{"type":"Feature","properties":{"cod_tema":"AREA_UTILIDADE_PUBLICA","cod_imovel":"RJ-3301009-CF9EECFAFFEB41C5A3F3CB2F17182F01","num_area":"0.3125000000000000000000000000000","ind_status":"AT"},"geometry":{"type":"Polygon","coordinates":[[[-41.3824,-21.7111],[-41.3861,-21.7117],[-41.3825,-21.7112],[-41.3824,-21.7111]]]}},{"type":"Feature","properties":{"cod_tema":"AREA_SERVIDAO_ADMINISTRATIVA_TOTAL","cod_imovel":"RJ-3301009-CF9EECFAFFEB41C5A3F3CB2F17182F01","num_area":"0.3125000000000000000000000000000","ind_status":"AT"},"geometry":{"type":"Polygon","coordinates":[[[-41.3824,-21.7111],[-41.3861,-21.7117],[-41.3825,-21.7112],[-41.3824,-21.7111]]]}},{"type":"Feature","properties":{"cod_tema":"AREA_UTILIDADE_PUBLICA","cod_imovel":"RJ-3301009-D05AEA37D1E44B9188F8F5B26DA4EADB","num_area":"0.4853000000000000000000000000000","ind_status":"AT"},"geometry":{"type":"Polygon","coordinates":[[[-41.4852,-21.339],[-41.482,-21.3356],[-41.4852,-21.339],[-41.4852,-21.339]]]}},{"type":"Feature","properties":{"cod_tema":"AREA_SERVIDAO_ADMINISTRATIVA_TOTAL","cod_imovel":"RJ-3301009-D05AEA37D1E44B9188F8F5B26DA4EADB","num_area":"0.4853000000000000000000000000000","ind_status":"AT"},"geometry":{"type":"Polygon","coordinates":[[[-41.4852,-21.339],[-41.482,-21.3356],[-41.4852,-21.339],[-41.4852,-21.339]]]}},{"type":"Feature","properties":{"cod_tema":"AREA_UTILIDADE_PUBLICA","cod_imovel":"RJ-3301009-D18A371E40784DB8B7926FB6B2C7A7D3","num_area":"0.3811000000000000000000000000000","ind_status":"AT"},"geometry":{"type":"Polygon","coordinates":[[[-41.4483,-21.3806],[-41.4501,-21.3836],[-41.4483,-21.3805],[-41.4483,-21.3806]]]}},{"type":"Feature","properties":{"cod_tema":"AREA_SERVIDAO_ADMINISTRATIVA_TOTAL","cod_imovel":"RJ-3301009-D18A371E40784DB8B7926FB6B2C7A7D3","num_area":"0.3811000000000000000000000000000","ind_status":"AT"},"geometry":{"type":"Polygon","coordinates":[[[-41.4483,-21.3806],[-41.4501,-21.3836],[-41.4483,-21.3805],[-41.4483,-21.3806]]]}},{"type":"Feature","properties":{"cod_tema":"AREA_UTILIDADE_PUBLICA","cod_imovel":"RJ-3301009-D1DFE87B8A18486F9D875A2B70304F5D","num_area":"2.1256000000000000000000000000000","ind_status":"AT"},"geometry":{"type":"Polygon","coordinates":[[[-41.3109,-21.6463],[-41.3034,-21.6393],[-41.3107,-21.6463],[-41.3109,-21.6463]]]}},{"type":"Feature","properties":{"cod_tema":"AREA_SERVIDAO_ADMINISTRATIVA_TOTAL","cod_imovel":"RJ-3301009-D1DFE87B8A18486F9D875A2B70304F5D","num_area":"2.1256000000000000000000000000000","ind_status":"AT"},"geometry":{"type":"Polygon","coordinates":[[[-41.3109,-21.6463],[-41.3034,-21.6393],[-41.3107,-21.6463],[-41.3109,-21.6463]]]}},{"type":"Feature","properties":{"cod_tema":"AREA_UTILIDADE_PUBLICA","cod_imovel":"RJ-3301009-D306BDA4ADCC4DDB8CC2EE10050EBF53","num_area":"0.8388000000000000000000000000000","ind_status":"AT"},"geometry":{"type":"Polygon","coordinates":[[[-41.3373,-21.5413],[-41.3327,-21.5467],[-41.337,-21.5418],[-41.3373,-21.5413]]]}},{"type":"Feature","properties":{"cod_tema":"AREA_SERVIDAO_ADMINISTRATIVA_TOTAL","cod_imovel":"RJ-3301009-D306BDA4ADCC4DDB8CC2EE10050EBF53","num_area":"2.3141000000000000000000000000000","ind_status":"AT"},"geometry":{"type":"Polygon","coordinates":[[[-41.3373,-21.5413],[-41.3327,-21.5467],[-41.337,-21.5418],[-41.3373,-21.5413]]]}},{"type":"Feature","properties":{"cod_tema":"AREA_INFRAESTRUTURA_PUBLICA","cod_imovel":"RJ-3301009-D3E4F32D7AAE4B2DBDE6E144F2B1B4EF","num_area":"0.1747000000000000000000000000000","ind_status":"AT"},"geometry":{"type":"Polygon","coordinates":[[[-41.548,-21.3895],[-41.5444,-21.3882],[-41.5475,-21.3892],[-41.548,-21.3895]]]}},{"type":"Feature","properties":{"cod_tema":"AREA_SERVIDAO_ADMINISTRATIVA_TOTAL","cod_imovel":"RJ-3301009-D3E4F32D7AAE4B2DBDE6E144F2B1B4EF","num_area":"0.1747000000000000000000000000000","ind_status":"AT"},"geometry":{"type":"Polygon","coordinates":[[[-41.548,-21.3895],[-41.5444,-21.3882],[-41.5475,-21.3892],[-41.548,-21.3895]]]}},{"type":"Feature","properties":{"cod_tema":"AREA_INFRAESTRUTURA_PUBLICA","cod_imovel":"RJ-3301009-D7920AE1A2974CB2AF0492F083EDE911","num_area":"0.5238000000000000000000000000000","ind_status":"AT"},"geometry":{"type":"Polygon","coordinates":[[[-41.7469,-22.0097],[-41.7413,-22.0066],[-41.7468,-22.0097],[-41.7469,-22.0097]]]}},{"type":"Feature","properties":{"cod_tema":"AREA_SERVIDAO_ADMINISTRATIVA_TOTAL","cod_imovel":"RJ-3301009-D7920AE1A2974CB2AF0492F083EDE911","num_area":"0.5238000000000000000000000000000","ind_status":"AT"},"geometry":{"type":"Polygon","coordinates":[[[-41.7469,-22.0097],[-41.7413,-22.0066],[-41.7468,-22.0097],[-41.7469,-22.0097]]]}},{"type":"Feature","properties":{"cod_tema":"AREA_INFRAESTRUTURA_PUBLICA","cod_imovel":"RJ-3301009-D86433137E6F4ACDAA95B11BE065C664","num_area":"1.7640000000000000000000000000000","ind_status":"CA"},"geometry":{"type":"Polygon","coordinates":[[[-41.1746,-21.8081],[-41.1811,-21.8139],[-41.1762,-21.8051],[-41.1748,-21.8079],[-41.1746,-21.8081]]]}},{"type":"Feature","properties":{"cod_tema":"AREA_SERVIDAO_ADMINISTRATIVA_TOTAL","cod_imovel":"RJ-3301009-D86433137E6F4ACDAA95B11BE065C664","num_area":"1.7640000000000000000000000000000","ind_status":"CA"},"geometry":{"type":"Polygon","coordinates":[[[-41.1746,-21.8081],[-41.1811,-21.8139],[-41.1762,-21.8051],[-41.1748,-21.8079],[-41.1746,-21.8081]]]}},{"type":"Feature","properties":{"cod_tema":"AREA_INFRAESTRUTURA_PUBLICA","cod_imovel":"RJ-3301009-D8FFB0B0AECA4492834F5ABC1F3539D0","num_area":"1.0765000000000000000000000000000","ind_status":"AT"},"geometry":{"type":"Polygon","coordinates":[[[-41.3497,-21.3848],[-41.3483,-21.3878],[-41.3497,-21.385],[-41.3497,-21.3848]],[[-41.3479,-21.3893],[-41.3456,-21.3934],[-41.3478,-21.3894],[-41.3479,-21.3893]]]}},{"type":"Feature","properties":{"cod_tema":"AREA_SERVIDAO_ADMINISTRATIVA_TOTAL","cod_imovel":"RJ-3301009-D8FFB0B0AECA4492834F5ABC1F3539D0","num_area":"1.0765000000000000000000000000000","ind_status":"AT"},"geometry":{"type":"Polygon","coordinates":[[[-41.3497,-21.3848],[-41.3483,-21.3878],[-41.3497,-21.385],[-41.3497,-21.3848]],[[-41.3479,-21.3893],[-41.3456,-21.3934],[-41.3478,-21.3894],[-41.3479,-21.3893]]]}},{"type":"Feature","properties":{"cod_tema":"AREA_UTILIDADE_PUBLICA","cod_imovel":"RJ-3301009-D9C4D2F9EEB44AA19BFAA3702A0B88BF","num_area":"0.4037000000000000000000000000000","ind_status":"AT"},"geometry":{"type":"Polygon","coordinates":[[[-41.3976,-21.4387],[-41.4024,-21.4426],[-41.3979,-21.4391],[-41.3976,-21.4387]]]}},{"type":"Feature","properties":{"cod_tema":"AREA_SERVIDAO_ADMINISTRATIVA_TOTAL","cod_imovel":"RJ-3301009-D9C4D2F9EEB44AA19BFAA3702A0B88BF","num_area":"0.4037000000000000000000000000000","ind_status":"AT"},"geometry":{"type":"Polygon","coordinates":[[[-41.3976,-21.4387],[-41.4024,-21.4426],[-41.3979,-21.4391],[-41.3976,-21.4387]]]}},{"type":"Feature","properties":{"cod_tema":"AREA_INFRAESTRUTURA_PUBLICA","cod_imovel":"RJ-3301009-DB92B5958C67413C999FEDA168E0A055","num_area":"3.2230000000000000000000000000000","ind_status":"AT"},"geometry":{"type":"Polygon","coordinates":[[[-41.3473,-21.321],[-41.3472,-21.317],[-41.3473,-21.321],[-41.3473,-21.321]]]}},{"type":"Feature","properties":{"cod_tema":"AREA_UTILIDADE_PUBLICA","cod_imovel":"RJ-3301009-DE9D7BE5448A4D1882A44AB2F69C087B","num_area":"0.1894000000000000000000000000000","ind_status":"AT"},"geometry":{"type":"Polygon","coordinates":[[[-41.5617,-21.9626],[-41.5623,-21.9657],[-41.5617,-21.9626],[-41.5617,-21.9626]]]}},{"type":"Feature","properties":{"cod_tema":"AREA_SERVIDAO_ADMINISTRATIVA_TOTAL","cod_imovel":"RJ-3301009-DE9D7BE5448A4D1882A44AB2F69C087B","num_area":"0.1894000000000000000000000000000","ind_status":"AT"},"geometry":{"type":"Polygon","coordinates":[[[-41.5617,-21.9626],[-41.5623,-21.9657],[-41.5617,-21.9626],[-41.5617,-21.9626]]]}},{"type":"Feature","properties":{"cod_tema":"AREA_UTILIDADE_PUBLICA","cod_imovel":"RJ-3301009-DF878BDB053E45D59F3B12039EE9D0D6","num_area":"0.3950000000000000000000000000000","ind_status":"AT"},"geometry":{"type":"Polygon","coordinates":[[[-41.517,-21.3853],[-41.5187,-21.3816],[-41.5173,-21.3849],[-41.517,-21.3853]]]}},{"type":"Feature","properties":{"cod_tema":"AREA_SERVIDAO_ADMINISTRATIVA_TOTAL","cod_imovel":"RJ-3301009-DF878BDB053E45D59F3B12039EE9D0D6","num_area":"0.3950000000000000000000000000000","ind_status":"AT"},"geometry":{"type":"Polygon","coordinates":[[[-41.517,-21.3853],[-41.5187,-21.3816],[-41.5173,-21.3849],[-41.517,-21.3853]]]}},{"type":"Feature","properties":{"cod_tema":"AREA_INFRAESTRUTURA_PUBLICA","cod_imovel":"RJ-3301009-DF9AFAA0CE8848FF9E16E96F30B697DC","num_area":"0.6687000000000000000000000000000","ind_status":"AT"},"geometry":{"type":"Polygon","coordinates":[[[-41.1804,-21.8488],[-41.1818,-21.8554],[-41.1804,-21.8488],[-41.1804,-21.8488]]]}},{"type":"Feature","properties":{"cod_tema":"AREA_SERVIDAO_ADMINISTRATIVA_TOTAL","cod_imovel":"RJ-3301009-DF9AFAA0CE8848FF9E16E96F30B697DC","num_area":"6.2074000000000000000000000000000","ind_status":"AT"},"geometry":{"type":"Polygon","coordinates":[[[-41.179,-21.8494],[-41.1818,-21.8554],[-41.1806,-21.8497],[-41.1879,-21.8483],[-41.1804,-21.8492],[-41.179,-21.8494]]]}},{"type":"Feature","properties":{"cod_tema":"AREA_UTILIDADE_PUBLICA","cod_imovel":"RJ-3301009-E21D4E0693EF4211B057E1C849E3A9EF","num_area":"0.1749000000000000000000000000000","ind_status":"AT"},"geometry":{"type":"Polygon","coordinates":[[[-41.3318,-21.2625],[-41.3296,-21.2661],[-41.3317,-21.2625],[-41.3318,-21.2625]]]}},{"type":"Feature","properties":{"cod_tema":"AREA_SERVIDAO_ADMINISTRATIVA_TOTAL","cod_imovel":"RJ-3301009-E21D4E0693EF4211B057E1C849E3A9EF","num_area":"0.1749000000000000000000000000000","ind_status":"AT"},"geometry":{"type":"Polygon","coordinates":[[[-41.3318,-21.2625],[-41.3296,-21.2661],[-41.3317,-21.2625],[-41.3318,-21.2625]]]}},{"type":"Feature","properties":{"cod_tema":"AREA_UTILIDADE_PUBLICA","cod_imovel":"RJ-3301009-E22AA8B0B66A491D829670C505C5A2EB","num_area":"0.0978000000000000000000000000000","ind_status":"AT"},"geometry":{"type":"Polygon","coordinates":[[[-41.4445,-21.2766],[-41.4415,-21.2775],[-41.4445,-21.2766],[-41.4445,-21.2766]]]}},{"type":"Feature","properties":{"cod_tema":"AREA_SERVIDAO_ADMINISTRATIVA_TOTAL","cod_imovel":"RJ-3301009-E22AA8B0B66A491D829670C505C5A2EB","num_area":"0.0978000000000000000000000000000","ind_status":"AT"},"geometry":{"type":"Polygon","coordinates":[[[-41.4445,-21.2766],[-41.4415,-21.2775],[-41.4445,-21.2766],[-41.4445,-21.2766]]]}},{"type":"Feature","properties":{"cod_tema":"AREA_UTILIDADE_PUBLICA","cod_imovel":"RJ-3301009-E3616D94BA144DAD9A1F3DAAC65CC68E","num_area":"0.4868000000000000000000000000000","ind_status":"AT"},"geometry":{"type":"Polygon","coordinates":[[[-41.5003,-21.3574],[-41.5039,-21.3564],[-41.5008,-21.3574],[-41.5003,-21.3574]]]}},{"type":"Feature","properties":{"cod_tema":"AREA_SERVIDAO_ADMINISTRATIVA_TOTAL","cod_imovel":"RJ-3301009-E3616D94BA144DAD9A1F3DAAC65CC68E","num_area":"0.4868000000000000000000000000000","ind_status":"AT"},"geometry":{"type":"Polygon","coordinates":[[[-41.5003,-21.3574],[-41.5039,-21.3564],[-41.5008,-21.3574],[-41.5003,-21.3574]]]}},{"type":"Feature","properties":{"cod_tema":"AREA_INFRAESTRUTURA_PUBLICA","cod_imovel":"RJ-3301009-E4E002BDF3E74D4995A9019719A941E0","num_area":"2.1885000000000000000000000000000","ind_status":"AT"},"geometry":{"type":"Polygon","coordinates":[[[-41.3598,-21.8522],[-41.3568,-21.8578],[-41.3597,-21.8524],[-41.3598,-21.8522]],[[-41.3599,-21.8521],[-41.3664,-21.8517],[-41.3696,-21.8564],[-41.3665,-21.8516],[-41.36,-21.8522],[-41.3599,-21.8521]]]}},{"type":"Feature","properties":{"cod_tema":"AREA_SERVIDAO_ADMINISTRATIVA_TOTAL","cod_imovel":"RJ-3301009-E4E002BDF3E74D4995A9019719A941E0","num_area":"2.1885000000000000000000000000000","ind_status":"AT"},"geometry":{"type":"Polygon","coordinates":[[[-41.3598,-21.8522],[-41.3568,-21.8578],[-41.3597,-21.8524],[-41.3598,-21.8522]],[[-41.3599,-21.8521],[-41.3664,-21.8517],[-41.3696,-21.8564],[-41.3665,-21.8516],[-41.36,-21.8522],[-41.3599,-21.8521]]]}},{"type":"Feature","properties":{"cod_tema":"AREA_INFRAESTRUTURA_PUBLICA","cod_imovel":"RJ-3301009-E533C538E97B404C802173D51A6E18FE","num_area":"3.7793000000000000000000000000000","ind_status":"AT"},"geometry":{"type":"Polygon","coordinates":[[[-41.3441,-21.2781],[-41.3363,-21.276],[-41.3343,-21.2689],[-41.3361,-21.2761],[-41.344,-21.2781],[-41.3441,-21.2781]]]}},{"type":"Feature","properties":{"cod_tema":"AREA_SERVIDAO_ADMINISTRATIVA_TOTAL","cod_imovel":"RJ-3301009-E533C538E97B404C802173D51A6E18FE","num_area":"3.7793000000000000000000000000000","ind_status":"AT"},"geometry":{"type":"Polygon","coordinates":[[[-41.3441,-21.2781],[-41.3363,-21.276],[-41.3343,-21.2689],[-41.3361,-21.2761],[-41.344,-21.2781],[-41.3441,-21.2781]]]}},{"type":"Feature","properties":{"cod_tema":"AREA_UTILIDADE_PUBLICA","cod_imovel":"RJ-3301009-E5A279BC7BCE475E93C3039AC3D0152C","num_area":"2.4188000000000000000000000000000","ind_status":"AT"},"geometry":{"type":"Polygon","coordinates":[[[-41.5669,-21.8966],[-41.5706,-21.8996],[-41.5669,-21.8963],[-41.5669,-21.8966]],[[-41.5762,-21.8995],[-41.5792,-21.8896],[-41.5762,-21.8995],[-41.5762,-21.8995]]]}},{"type":"Feature","properties":{"cod_tema":"AREA_SERVIDAO_ADMINISTRATIVA_TOTAL","cod_imovel":"RJ-3301009-E5A279BC7BCE475E93C3039AC3D0152C","num_area":"2.4188000000000000000000000000000","ind_status":"AT"},"geometry":{"type":"Polygon","coordinates":[[[-41.5669,-21.8966],[-41.5706,-21.8996],[-41.5669,-21.8963],[-41.5669,-21.8966]],[[-41.5762,-21.8995],[-41.5792,-21.8896],[-41.5762,-21.8995],[-41.5762,-21.8995]]]}},{"type":"Feature","properties":{"cod_tema":"AREA_INFRAESTRUTURA_PUBLICA","cod_imovel":"RJ-3301009-E835617988464659B9E7A847502319C7","num_area":"0.2367000000000000000000000000000","ind_status":"AT"},"geometry":{"type":"Polygon","coordinates":[[[-41.4109,-21.218],[-41.4141,-21.2185],[-41.4109,-21.218],[-41.4109,-21.218]]]}},{"type":"Feature","properties":{"cod_tema":"AREA_SERVIDAO_ADMINISTRATIVA_TOTAL","cod_imovel":"RJ-3301009-E835617988464659B9E7A847502319C7","num_area":"0.2367000000000000000000000000000","ind_status":"AT"},"geometry":{"type":"Polygon","coordinates":[[[-41.4109,-21.218],[-41.4141,-21.2185],[-41.4109,-21.218],[-41.4109,-21.218]]]}},{"type":"Feature","properties":{"cod_tema":"AREA_UTILIDADE_PUBLICA","cod_imovel":"RJ-3301009-E83ED5A36BCC44C3BA6A5ABB3E70577D","num_area":"0.2483000000000000000000000000000","ind_status":"AT"},"geometry":{"type":"Polygon","coordinates":[[[-41.383,-21.3654],[-41.3864,-21.3656],[-41.3832,-21.3654],[-41.383,-21.3654]]]}},{"type":"Feature","properties":{"cod_tema":"AREA_SERVIDAO_ADMINISTRATIVA_TOTAL","cod_imovel":"RJ-3301009-E83ED5A36BCC44C3BA6A5ABB3E70577D","num_area":"0.2483000000000000000000000000000","ind_status":"AT"},"geometry":{"type":"Polygon","coordinates":[[[-41.383,-21.3654],[-41.3864,-21.3656],[-41.3832,-21.3654],[-41.383,-21.3654]]]}},{"type":"Feature","properties":{"cod_tema":"AREA_UTILIDADE_PUBLICA","cod_imovel":"RJ-3301009-E8F40F9103224A66A42FBC98D6E62AE7","num_area":"0.3772000000000000000000000000000","ind_status":"AT"},"geometry":{"type":"Polygon","coordinates":[[[-41.4139,-21.3805],[-41.4105,-21.3833],[-41.4139,-21.3805],[-41.4139,-21.3805]]]}},{"type":"Feature","properties":{"cod_tema":"AREA_SERVIDAO_ADMINISTRATIVA_TOTAL","cod_imovel":"RJ-3301009-E8F40F9103224A66A42FBC98D6E62AE7","num_area":"0.3772000000000000000000000000000","ind_status":"AT"},"geometry":{"type":"Polygon","coordinates":[[[-41.4139,-21.3805],[-41.4105,-21.3833],[-41.4139,-21.3805],[-41.4139,-21.3805]]]}},{"type":"Feature","properties":{"cod_tema":"AREA_INFRAESTRUTURA_PUBLICA","cod_imovel":"RJ-3301009-E9473DEB42694F29BFA40C3621F033F0","num_area":"1.9555000000000000000000000000000","ind_status":"AT"},"geometry":{"type":"Polygon","coordinates":[[[-41.2425,-21.9099],[-41.2281,-21.8989],[-41.242,-21.9096],[-41.2425,-21.9099]]]}},{"type":"Feature","properties":{"cod_tema":"AREA_SERVIDAO_ADMINISTRATIVA_TOTAL","cod_imovel":"RJ-3301009-E9473DEB42694F29BFA40C3621F033F0","num_area":"1.9555000000000000000000000000000","ind_status":"AT"},"geometry":{"type":"Polygon","coordinates":[[[-41.2425,-21.9099],[-41.2281,-21.8989],[-41.242,-21.9096],[-41.2425,-21.9099]]]}},{"type":"Feature","properties":{"cod_tema":"AREA_INFRAESTRUTURA_PUBLICA","cod_imovel":"RJ-3301009-E97268413EF744C6A5E9DF5989202579","num_area":"0.5781000000000000000000000000000","ind_status":"AT"},"geometry":{"type":"Polygon","coordinates":[[[-41.6066,-21.8159],[-41.6107,-21.8112],[-41.6061,-21.8154],[-41.6066,-21.8159]]]}},{"type":"Feature","properties":{"cod_tema":"AREA_SERVIDAO_ADMINISTRATIVA_TOTAL","cod_imovel":"RJ-3301009-E97268413EF744C6A5E9DF5989202579","num_area":"0.5781000000000000000000000000000","ind_status":"AT"},"geometry":{"type":"Polygon","coordinates":[[[-41.6066,-21.8159],[-41.6107,-21.8112],[-41.6061,-21.8154],[-41.6066,-21.8159]]]}},{"type":"Feature","properties":{"cod_tema":"AREA_UTILIDADE_PUBLICA","cod_imovel":"RJ-3301009-E9EA213A6FCD4D6C9AD31A9EF7A90EFF","num_area":"1.0092000000000000000000000000000","ind_status":"AT"},"geometry":{"type":"Polygon","coordinates":[[[-41.0965,-22.0063],[-41.0964,-22.0001],[-41.0986,-22.0044],[-41.0965,-22.0063]]]}},{"type":"Feature","properties":{"cod_tema":"AREA_SERVIDAO_ADMINISTRATIVA_TOTAL","cod_imovel":"RJ-3301009-E9EA213A6FCD4D6C9AD31A9EF7A90EFF","num_area":"1.0092000000000000000000000000000","ind_status":"AT"},"geometry":{"type":"Polygon","coordinates":[[[-41.0965,-22.0063],[-41.0964,-22.0001],[-41.0986,-22.0044],[-41.0965,-22.0063]]]}},{"type":"Feature","properties":{"cod_tema":"AREA_UTILIDADE_PUBLICA","cod_imovel":"RJ-3301009-EAAF3DB072B4459286FC5DFD501E56D0","num_area":"8.3019000000000000000000000000000","ind_status":"AT"},"geometry":{"type":"Polygon","coordinates":[[[-40.9907,-21.9868],[-40.9894,-21.9903],[-40.9909,-21.9872],[-40.9907,-21.9868]]]}},{"type":"Feature","properties":{"cod_tema":"AREA_SERVIDAO_ADMINISTRATIVA_TOTAL","cod_imovel":"RJ-3301009-EAAF3DB072B4459286FC5DFD501E56D0","num_area":"8.3019000000000000000000000000000","ind_status":"AT"},"geometry":{"type":"Polygon","coordinates":[[[-40.9907,-21.9868],[-40.9894,-21.9903],[-40.9909,-21.9872],[-40.9907,-21.9868]]]}},{"type":"Feature","properties":{"cod_tema":"AREA_INFRAESTRUTURA_PUBLICA","cod_imovel":"RJ-3301009-EB83ECF00772495CAB2F99B410C673EA","num_area":"10.734600000000000000000000000000","ind_status":"AT"},"geometry":{"type":"Polygon","coordinates":[[[-41.2761,-21.5517],[-41.2675,-21.5376],[-41.2758,-21.5517],[-41.2761,-21.5517]],[[-41.2743,-21.5521],[-41.2709,-21.5524],[-41.2718,-21.5653],[-41.2642,-21.5644],[-41.2765,-21.5693],[-41.272,-21.5654],[-41.2732,-21.5523],[-41.2743,-21.5521]]]}},{"type":"Feature","properties":{"cod_tema":"AREA_SERVIDAO_ADMINISTRATIVA_TOTAL","cod_imovel":"RJ-3301009-EB83ECF00772495CAB2F99B410C673EA","num_area":"10.734600000000000000000000000000","ind_status":"AT"},"geometry":{"type":"Polygon","coordinates":[[[-41.2761,-21.5517],[-41.2675,-21.5376],[-41.2758,-21.5517],[-41.2761,-21.5517]],[[-41.2743,-21.5521],[-41.2709,-21.5524],[-41.2718,-21.5653],[-41.2642,-21.5644],[-41.2765,-21.5693],[-41.272,-21.5654],[-41.2732,-21.5523],[-41.2743,-21.5521]]]}},{"type":"Feature","properties":{"cod_tema":"AREA_INFRAESTRUTURA_PUBLICA","cod_imovel":"RJ-3301009-ECD793A0D18E4FB78C9714E8A8596B35","num_area":"0.6451000000000000000000000000000","ind_status":"AT"},"geometry":{"type":"Polygon","coordinates":[[[-41.6743,-21.9543],[-41.6687,-21.9466],[-41.6743,-21.9543],[-41.6743,-21.9543]]]}},{"type":"Feature","properties":{"cod_tema":"AREA_SERVIDAO_ADMINISTRATIVA_TOTAL","cod_imovel":"RJ-3301009-ECD793A0D18E4FB78C9714E8A8596B35","num_area":"0.6451000000000000000000000000000","ind_status":"AT"},"geometry":{"type":"Polygon","coordinates":[[[-41.6743,-21.9543],[-41.6687,-21.9466],[-41.6743,-21.9543],[-41.6743,-21.9543]]]}},{"type":"Feature","properties":{"cod_tema":"AREA_UTILIDADE_PUBLICA","cod_imovel":"RJ-3301009-ED53426FCC914B538D61FA1498F17230","num_area":"1.0575000000000000000000000000000","ind_status":"AT"},"geometry":{"type":"Polygon","coordinates":[[[-41.4791,-21.3552],[-41.4811,-21.3426],[-41.4787,-21.3543],[-41.4791,-21.3552]]]}},{"type":"Feature","properties":{"cod_tema":"AREA_SERVIDAO_ADMINISTRATIVA_TOTAL","cod_imovel":"RJ-3301009-ED53426FCC914B538D61FA1498F17230","num_area":"1.0575000000000000000000000000000","ind_status":"AT"},"geometry":{"type":"Polygon","coordinates":[[[-41.4791,-21.3552],[-41.4811,-21.3426],[-41.4787,-21.3543],[-41.4791,-21.3552]]]}},{"type":"Feature","properties":{"cod_tema":"AREA_UTILIDADE_PUBLICA","cod_imovel":"RJ-3301009-EEEAB02D07CD4E0DAD96E7D334502515","num_area":"0.2950000000000000000000000000000","ind_status":"AT"},"geometry":{"type":"Polygon","coordinates":[[[-41.4159,-21.2852],[-41.4173,-21.2918],[-41.4158,-21.2854],[-41.4159,-21.2852]]]}},{"type":"Feature","properties":{"cod_tema":"AREA_SERVIDAO_ADMINISTRATIVA_TOTAL","cod_imovel":"RJ-3301009-EEEAB02D07CD4E0DAD96E7D334502515","num_area":"0.2950000000000000000000000000000","ind_status":"AT"},"geometry":{"type":"Polygon","coordinates":[[[-41.4159,-21.2852],[-41.4173,-21.2918],[-41.4158,-21.2854],[-41.4159,-21.2852]]]}},{"type":"Feature","properties":{"cod_tema":"AREA_UTILIDADE_PUBLICA","cod_imovel":"RJ-3301009-EF58633639D54031B00A55915C6A925E","num_area":"0.7112000000000000000000000000000","ind_status":"AT"},"geometry":{"type":"Polygon","coordinates":[[[-41.3619,-21.3713],[-41.3544,-21.3785],[-41.3616,-21.3714],[-41.3619,-21.3713]]]}},{"type":"Feature","properties":{"cod_tema":"AREA_SERVIDAO_ADMINISTRATIVA_TOTAL","cod_imovel":"RJ-3301009-EF58633639D54031B00A55915C6A925E","num_area":"0.7112000000000000000000000000000","ind_status":"AT"},"geometry":{"type":"Polygon","coordinates":[[[-41.3619,-21.3713],[-41.3544,-21.3785],[-41.3616,-21.3714],[-41.3619,-21.3713]]]}},{"type":"Feature","properties":{"cod_tema":"AREA_UTILIDADE_PUBLICA","cod_imovel":"RJ-3301009-EF6BADC698A043A08B557649E56EB535","num_area":"0.2487000000000000000000000000000","ind_status":"AT"},"geometry":{"type":"Polygon","coordinates":[[[-41.5539,-21.3947],[-41.55,-21.3909],[-41.5539,-21.3947],[-41.5539,-21.3947]]]}},{"type":"Feature","properties":{"cod_tema":"AREA_SERVIDAO_ADMINISTRATIVA_TOTAL","cod_imovel":"RJ-3301009-EF6BADC698A043A08B557649E56EB535","num_area":"0.2487000000000000000000000000000","ind_status":"AT"},"geometry":{"type":"Polygon","coordinates":[[[-41.5539,-21.3947],[-41.55,-21.3909],[-41.5539,-21.3947],[-41.5539,-21.3947]]]}},{"type":"Feature","properties":{"cod_tema":"AREA_UTILIDADE_PUBLICA","cod_imovel":"RJ-3301009-EFB6306FAEAB44038F20B11BE079C087","num_area":"0.4044000000000000000000000000000","ind_status":"AT"},"geometry":{"type":"Polygon","coordinates":[[[-41.7517,-21.8881],[-41.7568,-21.8883],[-41.7521,-21.8882],[-41.7517,-21.8881]]]}},{"type":"Feature","properties":{"cod_tema":"AREA_SERVIDAO_ADMINISTRATIVA_TOTAL","cod_imovel":"RJ-3301009-EFB6306FAEAB44038F20B11BE079C087","num_area":"0.4044000000000000000000000000000","ind_status":"AT"},"geometry":{"type":"Polygon","coordinates":[[[-41.7517,-21.8881],[-41.7568,-21.8883],[-41.7521,-21.8882],[-41.7517,-21.8881]]]}},{"type":"Feature","properties":{"cod_tema":"AREA_INFRAESTRUTURA_PUBLICA","cod_imovel":"RJ-3301009-F15DBABEC3924923AAE7F0169B1219A7","num_area":"0.6003000000000000000000000000000","ind_status":"AT"},"geometry":{"type":"Polygon","coordinates":[[[-41.4978,-21.8174],[-41.5005,-21.8109],[-41.4978,-21.8174],[-41.4978,-21.8174]]]}},{"type":"Feature","properties":{"cod_tema":"AREA_SERVIDAO_ADMINISTRATIVA_TOTAL","cod_imovel":"RJ-3301009-F15DBABEC3924923AAE7F0169B1219A7","num_area":"0.6003000000000000000000000000000","ind_status":"AT"},"geometry":{"type":"Polygon","coordinates":[[[-41.4978,-21.8174],[-41.5005,-21.8109],[-41.4978,-21.8174],[-41.4978,-21.8174]]]}},{"type":"Feature","properties":{"cod_tema":"AREA_UTILIDADE_PUBLICA","cod_imovel":"RJ-3301009-F18AFE934BF34E61A115A767B45B22F2","num_area":"0.5061000000000000000000000000000","ind_status":"AT"},"geometry":{"type":"Polygon","coordinates":[[[-41.1195,-22.0564],[-41.114,-22.0545],[-41.1217,-22.057],[-41.1195,-22.0564]]]}},{"type":"Feature","properties":{"cod_tema":"AREA_SERVIDAO_ADMINISTRATIVA_TOTAL","cod_imovel":"RJ-3301009-F18AFE934BF34E61A115A767B45B22F2","num_area":"0.5061000000000000000000000000000","ind_status":"AT"},"geometry":{"type":"Polygon","coordinates":[[[-41.1195,-22.0564],[-41.114,-22.0545],[-41.1217,-22.057],[-41.1195,-22.0564]]]}},{"type":"Feature","properties":{"cod_tema":"AREA_INFRAESTRUTURA_PUBLICA","cod_imovel":"RJ-3301009-F24512DB180D470AAB974D99C3E87FA3","num_area":"0.5301000000000000000000000000000","ind_status":"AT"},"geometry":{"type":"Polygon","coordinates":[[[-41.5851,-21.7686],[-41.5809,-21.7648],[-41.5846,-21.7684],[-41.5851,-21.7686]]]}},{"type":"Feature","properties":{"cod_tema":"AREA_SERVIDAO_ADMINISTRATIVA_TOTAL","cod_imovel":"RJ-3301009-F24512DB180D470AAB974D99C3E87FA3","num_area":"0.5301000000000000000000000000000","ind_status":"AT"},"geometry":{"type":"Polygon","coordinates":[[[-41.5851,-21.7686],[-41.5809,-21.7648],[-41.5846,-21.7684],[-41.5851,-21.7686]]]}},{"type":"Feature","properties":{"cod_tema":"AREA_UTILIDADE_PUBLICA","cod_imovel":"RJ-3301009-F3DE4F0B5B164E7BAD5B0D6280CD5E11","num_area":"20.021200000000000000000000000000","ind_status":"AT"},"geometry":{"type":"Polygon","coordinates":[[[-41.4425,-21.7748],[-41.4559,-21.7843],[-41.4444,-21.7759],[-41.4425,-21.7748]]]}},{"type":"Feature","properties":{"cod_tema":"AREA_SERVIDAO_ADMINISTRATIVA_TOTAL","cod_imovel":"RJ-3301009-F3DE4F0B5B164E7BAD5B0D6280CD5E11","num_area":"20.021200000000000000000000000000","ind_status":"AT"},"geometry":{"type":"Polygon","coordinates":[[[-41.4425,-21.7748],[-41.4559,-21.7843],[-41.4444,-21.7759],[-41.4425,-21.7748]]]}},{"type":"Feature","properties":{"cod_tema":"AREA_INFRAESTRUTURA_PUBLICA","cod_imovel":"RJ-3301009-F3FA36776AFE4CAAA12E9A30D1E811DC","num_area":"0.2308000000000000000000000000000","ind_status":"AT"},"geometry":{"type":"Polygon","coordinates":[[[-41.4524,-21.9674],[-41.4504,-21.9704],[-41.4524,-21.9674],[-41.4524,-21.9674]]]}},{"type":"Feature","properties":{"cod_tema":"AREA_SERVIDAO_ADMINISTRATIVA_TOTAL","cod_imovel":"RJ-3301009-F3FA36776AFE4CAAA12E9A30D1E811DC","num_area":"0.2308000000000000000000000000000","ind_status":"AT"},"geometry":{"type":"Polygon","coordinates":[[[-41.4524,-21.9674],[-41.4504,-21.9704],[-41.4524,-21.9674],[-41.4524,-21.9674]]]}},{"type":"Feature","properties":{"cod_tema":"AREA_INFRAESTRUTURA_PUBLICA","cod_imovel":"RJ-3301009-F42CA884F9BE437ABE001386B07C4BAD","num_area":"0.2382000000000000000000000000000","ind_status":"AT"},"geometry":{"type":"Polygon","coordinates":[[[-41.4625,-21.2982],[-41.4604,-21.2956],[-41.4624,-21.2979],[-41.4625,-21.2982]]]}},{"type":"Feature","properties":{"cod_tema":"AREA_SERVIDAO_ADMINISTRATIVA_TOTAL","cod_imovel":"RJ-3301009-F42CA884F9BE437ABE001386B07C4BAD","num_area":"0.2382000000000000000000000000000","ind_status":"AT"},"geometry":{"type":"Polygon","coordinates":[[[-41.4625,-21.2982],[-41.4604,-21.2956],[-41.4624,-21.2979],[-41.4625,-21.2982]]]}},{"type":"Feature","properties":{"cod_tema":"AREA_UTILIDADE_PUBLICA","cod_imovel":"RJ-3301009-F85529D7AFC444E8A6A24DDCE9BD48B9","num_area":"0.2427000000000000000000000000000","ind_status":"AT"},"geometry":{"type":"Polygon","coordinates":[[[-41.4205,-21.2178],[-41.4182,-21.2141],[-41.4205,-21.2178],[-41.4205,-21.2178]]]}},{"type":"Feature","properties":{"cod_tema":"AREA_SERVIDAO_ADMINISTRATIVA_TOTAL","cod_imovel":"RJ-3301009-F85529D7AFC444E8A6A24DDCE9BD48B9","num_area":"0.2427000000000000000000000000000","ind_status":"AT"},"geometry":{"type":"Polygon","coordinates":[[[-41.4205,-21.2178],[-41.4182,-21.2141],[-41.4205,-21.2178],[-41.4205,-21.2178]]]}},{"type":"Feature","properties":{"cod_tema":"AREA_INFRAESTRUTURA_PUBLICA","cod_imovel":"RJ-3301009-F9616622026043B7B0E2018DADC14C56","num_area":"4.8268000000000000000000000000000","ind_status":"AT"},"geometry":{"type":"Polygon","coordinates":[[[-41.2382,-21.3798],[-41.2399,-21.3708],[-41.2381,-21.3797],[-41.2382,-21.3798]]]}},{"type":"Feature","properties":{"cod_tema":"AREA_SERVIDAO_ADMINISTRATIVA_TOTAL","cod_imovel":"RJ-3301009-F9616622026043B7B0E2018DADC14C56","num_area":"4.8268000000000000000000000000000","ind_status":"AT"},"geometry":{"type":"Polygon","coordinates":[[[-41.2382,-21.3798],[-41.2399,-21.3708],[-41.2381,-21.3797],[-41.2382,-21.3798]]]}},{"type":"Feature","properties":{"cod_tema":"AREA_UTILIDADE_PUBLICA","cod_imovel":"RJ-3301009-FB5A716EA3104B3382B5D937739F1FCA","num_area":"5.5811000000000000000000000000000","ind_status":"AT"},"geometry":{"type":"Polygon","coordinates":[[[-41.3524,-21.6279],[-41.3534,-21.6229],[-41.352,-21.6277],[-41.3524,-21.6279]]]}},{"type":"Feature","properties":{"cod_tema":"AREA_SERVIDAO_ADMINISTRATIVA_TOTAL","cod_imovel":"RJ-3301009-FB5A716EA3104B3382B5D937739F1FCA","num_area":"5.5811000000000000000000000000000","ind_status":"AT"},"geometry":{"type":"Polygon","coordinates":[[[-41.3524,-21.6279],[-41.3534,-21.6229],[-41.352,-21.6277],[-41.3524,-21.6279]]]}},{"type":"Feature","properties":{"cod_tema":"AREA_INFRAESTRUTURA_PUBLICA","cod_imovel":"RJ-3301009-FB65A7E33B394A979853354E8BF32176","num_area":"0.3866000000000000000000000000000","ind_status":"AT"},"geometry":{"type":"Polygon","coordinates":[[[-41.1414,-21.9788],[-41.1452,-21.9828],[-41.1424,-21.98],[-41.1414,-21.9788]]]}},{"type":"Feature","properties":{"cod_tema":"AREA_SERVIDAO_ADMINISTRATIVA_TOTAL","cod_imovel":"RJ-3301009-FB65A7E33B394A979853354E8BF32176","num_area":"0.3866000000000000000000000000000","ind_status":"AT"},"geometry":{"type":"Polygon","coordinates":[[[-41.1414,-21.9788],[-41.1452,-21.9828],[-41.1424,-21.98],[-41.1414,-21.9788]]]}},{"type":"Feature","properties":{"cod_tema":"AREA_UTILIDADE_PUBLICA","cod_imovel":"RJ-3301009-FBFC02338428482780C63FB704B75FED","num_area":"0.4304000000000000000000000000000","ind_status":"AT"},"geometry":{"type":"Polygon","coordinates":[[[-41.5455,-21.3794],[-41.5483,-21.3758],[-41.545,-21.3795],[-41.5455,-21.3794]]]}},{"type":"Feature","properties":{"cod_tema":"AREA_SERVIDAO_ADMINISTRATIVA_TOTAL","cod_imovel":"RJ-3301009-FBFC02338428482780C63FB704B75FED","num_area":"0.4304000000000000000000000000000","ind_status":"AT"},"geometry":{"type":"Polygon","coordinates":[[[-41.5455,-21.3794],[-41.5483,-21.3758],[-41.545,-21.3795],[-41.5455,-21.3794]]]}},{"type":"Feature","properties":{"cod_tema":"AREA_UTILIDADE_PUBLICA","cod_imovel":"RJ-3301009-FC1A8CB1A63A44A5879FC7966F693763","num_area":"0.6614000000000000000000000000000","ind_status":"AT"},"geometry":{"type":"Polygon","coordinates":[[[-41.3194,-21.5201],[-41.3109,-21.5162],[-41.3189,-21.5196],[-41.3194,-21.5201]]]}},{"type":"Feature","properties":{"cod_tema":"AREA_SERVIDAO_ADMINISTRATIVA_TOTAL","cod_imovel":"RJ-3301009-FC1A8CB1A63A44A5879FC7966F693763","num_area":"0.6614000000000000000000000000000","ind_status":"AT"},"geometry":{"type":"Polygon","coordinates":[[[-41.3194,-21.5201],[-41.3109,-21.5162],[-41.3189,-21.5196],[-41.3194,-21.5201]]]}},{"type":"Feature","properties":{"cod_tema":"AREA_INFRAESTRUTURA_PUBLICA","cod_imovel":"RJ-3301009-FC6A3EB2555F4614B966FF6E9A459552","num_area":"0.9829000000000000000000000000000","ind_status":"AT"},"geometry":{"type":"Polygon","coordinates":[[[-41.3982,-21.4797],[-41.382,-21.479],[-41.3931,-21.4813],[-41.3894,-21.4853],[-41.3982,-21.4797],[-41.3982,-21.4797]]]}},{"type":"Feature","properties":{"cod_tema":"AREA_SERVIDAO_ADMINISTRATIVA_TOTAL","cod_imovel":"RJ-3301009-FC6A3EB2555F4614B966FF6E9A459552","num_area":"0.9829000000000000000000000000000","ind_status":"AT"},"geometry":{"type":"Polygon","coordinates":[[[-41.3982,-21.4797],[-41.382,-21.479],[-41.3931,-21.4813],[-41.3894,-21.4853],[-41.3982,-21.4797],[-41.3982,-21.4797]]]}},{"type":"Feature","properties":{"cod_tema":"AREA_INFRAESTRUTURA_PUBLICA","cod_imovel":"RJ-3301009-FD5377735CBD4842955343C55AF42266","num_area":"0.8166000000000000000000000000000","ind_status":"AT"},"geometry":{"type":"Polygon","coordinates":[[[-41.4618,-21.8494],[-41.4584,-21.8466],[-41.4618,-21.8494],[-41.4618,-21.8494]]]}},{"type":"Feature","properties":{"cod_tema":"AREA_SERVIDAO_ADMINISTRATIVA_TOTAL","cod_imovel":"RJ-3301009-FD5377735CBD4842955343C55AF42266","num_area":"0.8166000000000000000000000000000","ind_status":"AT"},"geometry":{"type":"Polygon","coordinates":[[[-41.4618,-21.8494],[-41.4584,-21.8466],[-41.4618,-21.8494],[-41.4618,-21.8494]]]}},{"type":"Feature","properties":{"cod_tema":"AREA_INFRAESTRUTURA_PUBLICA","cod_imovel":"RJ-3301009-FD9C7ACD75C2406D80707BCD64B6EF6D","num_area":"0.2008000000000000000000000000000","ind_status":"AT"},"geometry":{"type":"Polygon","coordinates":[[[-41.6654,-21.8379],[-41.6688,-21.8384],[-41.6657,-21.8381],[-41.6654,-21.8379]]]}},{"type":"Feature","properties":{"cod_tema":"AREA_SERVIDAO_ADMINISTRATIVA_TOTAL","cod_imovel":"RJ-3301009-FD9C7ACD75C2406D80707BCD64B6EF6D","num_area":"0.2008000000000000000000000000000","ind_status":"AT"},"geometry":{"type":"Polygon","coordinates":[[[-41.6654,-21.8379],[-41.6688,-21.8384],[-41.6657,-21.8381],[-41.6654,-21.8379]]]}},{"type":"Feature","properties":{"cod_tema":"AREA_INFRAESTRUTURA_PUBLICA","cod_imovel":"RJ-3301009-FF75922CB65E432490F92025C59B9141","num_area":"0.3971000000000000000000000000000","ind_status":"AT"},"geometry":{"type":"Polygon","coordinates":[[[-41.4468,-21.3933],[-41.4402,-21.3907],[-41.4468,-21.3933],[-41.4468,-21.3933]]]}},{"type":"Feature","properties":{"cod_tema":"AREA_SERVIDAO_ADMINISTRATIVA_TOTAL","cod_imovel":"RJ-3301009-FF75922CB65E432490F92025C59B9141","num_area":"0.3971000000000000000000000000000","ind_status":"AT"},"geometry":{"type":"Polygon","coordinates":[[[-41.4468,-21.3933],[-41.4402,-21.3907],[-41.4468,-21.3933],[-41.4468,-21.3933]]]}},{"type":"Feature","properties":{"cod_tema":"AREA_INFRAESTRUTURA_PUBLICA","cod_imovel":"RJ-3301009-E14B52BC1EC24D1CB869C83CA5274FBB","num_area":"0.5509000000000000000000000000000","ind_status":"AT"},"geometry":{"type":"Polygon","coordinates":[[[-41.4299,-21.7536],[-41.4328,-21.7574],[-41.43,-21.7539],[-41.4299,-21.7536]]]}},{"type":"Feature","properties":{"cod_tema":"AREA_SERVIDAO_ADMINISTRATIVA_TOTAL","cod_imovel":"RJ-3301009-E14B52BC1EC24D1CB869C83CA5274FBB","num_area":"0.5509000000000000000000000000000","ind_status":"AT"},"geometry":{"type":"Polygon","coordinates":[[[-41.4299,-21.7536],[-41.4328,-21.7574],[-41.43,-21.7539],[-41.4299,-21.7536]]]}},{"type":"Feature","properties":{"cod_tema":"AREA_UTILIDADE_PUBLICA","cod_imovel":"RJ-3301009-C503DB1FD9E6472DAAEC0186A9917AB1","num_area":"188.01130000000000000000000000000","ind_status":"AT"},"geometry":{"type":"Polygon","coordinates":[[[-41.388,-21.5032],[-41.3794,-21.4958],[-41.3811,-21.4925],[-41.3741,-21.5039],[-41.3888,-21.5139],[-41.3879,-21.5034],[-41.388,-21.5032]]]}},{"type":"Feature","properties":{"cod_tema":"AREA_SERVIDAO_ADMINISTRATIVA_TOTAL","cod_imovel":"RJ-3301009-C503DB1FD9E6472DAAEC0186A9917AB1","num_area":"188.01130000000000000000000000000","ind_status":"AT"},"geometry":{"type":"Polygon","coordinates":[[[-41.388,-21.5032],[-41.3794,-21.4958],[-41.3811,-21.4925],[-41.3741,-21.5039],[-41.3888,-21.5139],[-41.3879,-21.5034],[-41.388,-21.5032]]]}},{"type":"Feature","properties":{"cod_tema":"AREA_UTILIDADE_PUBLICA","cod_imovel":"RJ-3301009-66D8DAA8A24C4914818CD451D333E14E","num_area":"0.3401000000000000000000000000000","ind_status":"AT"},"geometry":{"type":"Polygon","coordinates":[[[-41.6777,-21.7336],[-41.6811,-21.736],[-41.6779,-21.7336],[-41.6777,-21.7336]]]}},{"type":"Feature","properties":{"cod_tema":"AREA_SERVIDAO_ADMINISTRATIVA_TOTAL","cod_imovel":"RJ-3301009-66D8DAA8A24C4914818CD451D333E14E","num_area":"0.3401000000000000000000000000000","ind_status":"AT"},"geometry":{"type":"Polygon","coordinates":[[[-41.6777,-21.7336],[-41.6811,-21.736],[-41.6779,-21.7336],[-41.6777,-21.7336]]]}},{"type":"Feature","properties":{"cod_tema":"AREA_INFRAESTRUTURA_PUBLICA","cod_imovel":"RJ-3301009-BB469DDC6AAF470EA84C0F3FA5ADBA1D","num_area":"0.5145000000000000000000000000000","ind_status":"AT"},"geometry":{"type":"Polygon","coordinates":[[[-41.1367,-22.072],[-41.1308,-22.0753],[-41.1365,-22.0721],[-41.1367,-22.072]]]}},{"type":"Feature","properties":{"cod_tema":"AREA_SERVIDAO_ADMINISTRATIVA_TOTAL","cod_imovel":"RJ-3301009-BB469DDC6AAF470EA84C0F3FA5ADBA1D","num_area":"0.5145000000000000000000000000000","ind_status":"AT"},"geometry":{"type":"Polygon","coordinates":[[[-41.1367,-22.072],[-41.1308,-22.0753],[-41.1365,-22.0721],[-41.1367,-22.072]]]}},{"type":"Feature","properties":{"cod_tema":"AREA_UTILIDADE_PUBLICA","cod_imovel":"RJ-3301009-1ECDDBC04F834CA48264DE43849F70D5","num_area":"8.0340000000000000000000000000000","ind_status":"AT"},"geometry":{"type":"Polygon","coordinates":[[[-41.3524,-21.6279],[-41.3503,-21.6367],[-41.3525,-21.628],[-41.3524,-21.6279]]]}},{"type":"Feature","properties":{"cod_tema":"AREA_SERVIDAO_ADMINISTRATIVA_TOTAL","cod_imovel":"RJ-3301009-1ECDDBC04F834CA48264DE43849F70D5","num_area":"8.0340000000000000000000000000000","ind_status":"AT"},"geometry":{"type":"Polygon","coordinates":[[[-41.3524,-21.6279],[-41.3503,-21.6367],[-41.3525,-21.628],[-41.3524,-21.6279]]]}},{"type":"Feature","properties":{"cod_tema":"AREA_INFRAESTRUTURA_PUBLICA","cod_imovel":"RJ-3301009-A91AEFF5EA68488BA516B3B0C7898BE6","num_area":"3.2459000000000000000000000000000","ind_status":"CA"},"geometry":{"type":"Polygon","coordinates":[[[-41.635,-21.7644],[-41.6395,-21.7593],[-41.6353,-21.7589],[-41.6394,-21.7596],[-41.635,-21.764],[-41.635,-21.7644]]]}},{"type":"Feature","properties":{"cod_tema":"AREA_SERVIDAO_ADMINISTRATIVA_TOTAL","cod_imovel":"RJ-3301009-A91AEFF5EA68488BA516B3B0C7898BE6","num_area":"3.2459000000000000000000000000000","ind_status":"CA"},"geometry":{"type":"Polygon","coordinates":[[[-41.635,-21.7644],[-41.6395,-21.7593],[-41.6353,-21.7589],[-41.6394,-21.7596],[-41.635,-21.764],[-41.635,-21.7644]]]}},{"type":"Feature","properties":{"cod_tema":"AREA_UTILIDADE_PUBLICA","cod_imovel":"RJ-3301009-5DF29830D319435C8D55A76308362132","num_area":"1.3160000000000000000000000000000","ind_status":"AT"},"geometry":{"type":"Polygon","coordinates":[[[-41.377,-21.6575],[-41.3715,-21.6594],[-41.3769,-21.6575],[-41.377,-21.6575]]]}},{"type":"Feature","properties":{"cod_tema":"AREA_SERVIDAO_ADMINISTRATIVA_TOTAL","cod_imovel":"RJ-3301009-5DF29830D319435C8D55A76308362132","num_area":"1.3160000000000000000000000000000","ind_status":"AT"},"geometry":{"type":"Polygon","coordinates":[[[-41.377,-21.6575],[-41.3715,-21.6594],[-41.3769,-21.6575],[-41.377,-21.6575]]]}},{"type":"Feature","properties":{"cod_tema":"AREA_UTILIDADE_PUBLICA","cod_imovel":"RJ-3301009-BB0F29F12F67401693DCBAC34378924B","num_area":"6.0771000000000000000000000000000","ind_status":"CA"},"geometry":{"type":"Polygon","coordinates":[[[-41.3773,-21.1985],[-41.3753,-21.2052],[-41.3641,-21.2056],[-41.3754,-21.2054],[-41.3772,-21.1986],[-41.3773,-21.1985]]]}},{"type":"Feature","properties":{"cod_tema":"RESERVATORIO_ENERGIA","cod_imovel":"RJ-3301009-BB0F29F12F67401693DCBAC34378924B","num_area":"6.8876000000000000000000000000000","ind_status":"CA"},"geometry":{"type":"Polygon","coordinates":[[[-41.3818,-21.2056],[-41.3799,-21.2],[-41.3817,-21.2056],[-41.3818,-21.2056]]]}},{"type":"Feature","properties":{"cod_tema":"AREA_ENTORNO_RESERVATORIO_ENERGIA","cod_imovel":"RJ-3301009-BB0F29F12F67401693DCBAC34378924B","num_area":"9.3000000000000000000000000000000","ind_status":"CA"},"geometry":{"type":"Polygon","coordinates":[[[-41.3811,-21.2064],[-41.3796,-21.1991],[-41.3811,-21.2064],[-41.3811,-21.2064]]]}},{"type":"Feature","properties":{"cod_tema":"AREA_ENTORNO_RESERVATORIO_ENERGIA","cod_imovel":"RJ-3301009-BB0F29F12F67401693DCBAC34378924B","num_area":"4.2364000000000000000000000000000","ind_status":"CA"},"geometry":{"type":"Polygon","coordinates":[[[-41.3771,-21.1985],[-41.3799,-21.2001],[-41.3773,-21.1985],[-41.3771,-21.1985]]]}},{"type":"Feature","properties":{"cod_tema":"AREA_SERVIDAO_ADMINISTRATIVA_TOTAL","cod_imovel":"RJ-3301009-BB0F29F12F67401693DCBAC34378924B","num_area":"26.118500000000000000000000000000","ind_status":"CA"},"geometry":{"type":"Polygon","coordinates":[[[-41.3768,-21.1993],[-41.3751,-21.2053],[-41.3641,-21.2056],[-41.3754,-21.2054],[-41.378,-21.199],[-41.3817,-21.2065],[-41.3822,-21.2005],[-41.3768,-21.1993],[-41.3768,-21.1993]]]}},{"type":"Feature","properties":{"cod_tema":"AREA_UTILIDADE_PUBLICA","cod_imovel":"RJ-3301009-FB5B407E31D3470EBEB54A5FDD62B144","num_area":"1.5698000000000000000000000000000","ind_status":"AT"},"geometry":{"type":"Polygon","coordinates":[[[-41.4126,-21.3356],[-41.4173,-21.3315],[-41.4128,-21.3354],[-41.4126,-21.3356]]]}},{"type":"Feature","properties":{"cod_tema":"AREA_SERVIDAO_ADMINISTRATIVA_TOTAL","cod_imovel":"RJ-3301009-FB5B407E31D3470EBEB54A5FDD62B144","num_area":"1.5698000000000000000000000000000","ind_status":"AT"},"geometry":{"type":"Polygon","coordinates":[[[-41.4126,-21.3356],[-41.4173,-21.3315],[-41.4128,-21.3354],[-41.4126,-21.3356]]]}},{"type":"Feature","properties":{"cod_tema":"AREA_INFRAESTRUTURA_PUBLICA","cod_imovel":"RJ-3301009-0451D67BD10C4E898FD3AA1AAEA2BA86","num_area":"2.5767000000000000000000000000000","ind_status":"AT"},"geometry":{"type":"Polygon","coordinates":[[[-41.3356,-21.67],[-41.3271,-21.6565],[-41.3346,-21.6691],[-41.3356,-21.67]]]}},{"type":"Feature","properties":{"cod_tema":"AREA_SERVIDAO_ADMINISTRATIVA_TOTAL","cod_imovel":"RJ-3301009-0451D67BD10C4E898FD3AA1AAEA2BA86","num_area":"2.5767000000000000000000000000000","ind_status":"AT"},"geometry":{"type":"Polygon","coordinates":[[[-41.3356,-21.67],[-41.3271,-21.6565],[-41.3346,-21.6691],[-41.3356,-21.67]]]}},{"type":"Feature","properties":{"cod_tema":"AREA_UTILIDADE_PUBLICA","cod_imovel":"RJ-3301009-8258A4B644D4457DB905D9070E3C907D","num_area":"0.1189000000000000000000000000000","ind_status":"AT"},"geometry":{"type":"Polygon","coordinates":[[[-41.3729,-21.3986],[-41.3714,-21.3955],[-41.3726,-21.3983],[-41.3729,-21.3986]],[[-41.3748,-21.4021],[-41.3732,-21.3989],[-41.3746,-21.4019],[-41.3748,-21.4021]]]}},{"type":"Feature","properties":{"cod_tema":"AREA_SERVIDAO_ADMINISTRATIVA_TOTAL","cod_imovel":"RJ-3301009-8258A4B644D4457DB905D9070E3C907D","num_area":"0.1189000000000000000000000000000","ind_status":"AT"},"geometry":{"type":"Polygon","coordinates":[[[-41.3729,-21.3986],[-41.3714,-21.3955],[-41.3726,-21.3983],[-41.3729,-21.3986]],[[-41.3748,-21.4021],[-41.3732,-21.3989],[-41.3746,-21.4019],[-41.3748,-21.4021]]]}},{"type":"Feature","properties":{"cod_tema":"AREA_UTILIDADE_PUBLICA","cod_imovel":"RJ-3301009-950C537B79A046E3B9BFBD7D800177BC","num_area":"0.3196000000000000000000000000000","ind_status":"AT"},"geometry":{"type":"Polygon","coordinates":[[[-41.385,-21.2739],[-41.379,-21.2692],[-41.385,-21.2739],[-41.385,-21.2739]]]}},{"type":"Feature","properties":{"cod_tema":"AREA_SERVIDAO_ADMINISTRATIVA_TOTAL","cod_imovel":"RJ-3301009-950C537B79A046E3B9BFBD7D800177BC","num_area":"0.3196000000000000000000000000000","ind_status":"AT"},"geometry":{"type":"Polygon","coordinates":[[[-41.385,-21.2739],[-41.379,-21.2692],[-41.385,-21.2739],[-41.385,-21.2739]]]}},{"type":"Feature","properties":{"cod_tema":"AREA_UTILIDADE_PUBLICA","cod_imovel":"RJ-3301009-FDE04C120A3E40F19C8B2DBF85B6BC67","num_area":"0.8708000000000000000000000000000","ind_status":"AT"},"geometry":{"type":"Polygon","coordinates":[[[-41.3043,-21.8276],[-41.3067,-21.8243],[-41.3041,-21.8275],[-41.3043,-21.8276]]]}},{"type":"Feature","properties":{"cod_tema":"AREA_SERVIDAO_ADMINISTRATIVA_TOTAL","cod_imovel":"RJ-3301009-FDE04C120A3E40F19C8B2DBF85B6BC67","num_area":"0.8708000000000000000000000000000","ind_status":"AT"},"geometry":{"type":"Polygon","coordinates":[[[-41.3043,-21.8276],[-41.3067,-21.8243],[-41.3041,-21.8275],[-41.3043,-21.8276]]]}},{"type":"Feature","properties":{"cod_tema":"AREA_UTILIDADE_PUBLICA","cod_imovel":"RJ-3301009-475D1122639545B8BF4127EC25FE9058","num_area":"0.5220000000000000000000000000000","ind_status":"AT"},"geometry":{"type":"Polygon","coordinates":[[[-41.4571,-21.6943],[-41.4613,-21.6936],[-41.4571,-21.6943],[-41.4571,-21.6943]]]}},{"type":"Feature","properties":{"cod_tema":"AREA_SERVIDAO_ADMINISTRATIVA_TOTAL","cod_imovel":"RJ-3301009-475D1122639545B8BF4127EC25FE9058","num_area":"0.5220000000000000000000000000000","ind_status":"AT"},"geometry":{"type":"Polygon","coordinates":[[[-41.4571,-21.6943],[-41.4613,-21.6936],[-41.4571,-21.6943],[-41.4571,-21.6943]]]}},{"type":"Feature","properties":{"cod_tema":"AREA_INFRAESTRUTURA_PUBLICA","cod_imovel":"RJ-3301009-D2DBBBE34B6D4811A8EAC48EF0B22F04","num_area":"0.2849000000000000000000000000000","ind_status":"AT"},"geometry":{"type":"Polygon","coordinates":[[[-41.1635,-21.8129],[-41.1611,-21.8151],[-41.1635,-21.8128],[-41.1635,-21.8129]]]}},{"type":"Feature","properties":{"cod_tema":"AREA_SERVIDAO_ADMINISTRATIVA_TOTAL","cod_imovel":"RJ-3301009-D2DBBBE34B6D4811A8EAC48EF0B22F04","num_area":"0.2849000000000000000000000000000","ind_status":"AT"},"geometry":{"type":"Polygon","coordinates":[[[-41.1635,-21.8129],[-41.1611,-21.8151],[-41.1635,-21.8128],[-41.1635,-21.8129]]]}},{"type":"Feature","properties":{"cod_tema":"AREA_UTILIDADE_PUBLICA","cod_imovel":"RJ-3301009-5D182E666FF64519B9A3224B4744A7D5","num_area":"0.3739000000000000000000000000000","ind_status":"AT"},"geometry":{"type":"Polygon","coordinates":[[[-41.3307,-21.2936],[-41.3229,-21.291],[-41.3304,-21.2935],[-41.3307,-21.2936]]]}},{"type":"Feature","properties":{"cod_tema":"AREA_SERVIDAO_ADMINISTRATIVA_TOTAL","cod_imovel":"RJ-3301009-5D182E666FF64519B9A3224B4744A7D5","num_area":"0.3739000000000000000000000000000","ind_status":"AT"},"geometry":{"type":"Polygon","coordinates":[[[-41.3307,-21.2936],[-41.3229,-21.291],[-41.3304,-21.2935],[-41.3307,-21.2936]]]}},{"type":"Feature","properties":{"cod_tema":"AREA_INFRAESTRUTURA_PUBLICA","cod_imovel":"RJ-3301009-14CFE76B6D9D4C289765AD62B689FAA7","num_area":"6.6185000000000000000000000000000","ind_status":"AT"},"geometry":{"type":"Polygon","coordinates":[[[-41.4663,-21.373],[-41.4677,-21.3797],[-41.4663,-21.3731],[-41.4663,-21.373]],[[-41.4659,-21.3726],[-41.4616,-21.3853],[-41.4672,-21.3819],[-41.4617,-21.3817],[-41.4659,-21.3726],[-41.4659,-21.3726]]]}},{"type":"Feature","properties":{"cod_tema":"AREA_SERVIDAO_ADMINISTRATIVA_TOTAL","cod_imovel":"RJ-3301009-14CFE76B6D9D4C289765AD62B689FAA7","num_area":"6.6185000000000000000000000000000","ind_status":"AT"},"geometry":{"type":"Polygon","coordinates":[[[-41.4663,-21.373],[-41.4677,-21.3797],[-41.4663,-21.3731],[-41.4663,-21.373]],[[-41.4659,-21.3726],[-41.4616,-21.3853],[-41.4672,-21.3819],[-41.4617,-21.3817],[-41.4659,-21.3726],[-41.4659,-21.3726]]]}},{"type":"Feature","properties":{"cod_tema":"AREA_UTILIDADE_PUBLICA","cod_imovel":"RJ-3301009-10BCDBCDCFAD4B2A83F369E42D585A1F","num_area":"0.3280000000000000000000000000000","ind_status":"AT"},"geometry":{"type":"Polygon","coordinates":[[[-41.5219,-21.315],[-41.5253,-21.3119],[-41.5219,-21.3149],[-41.5219,-21.315]]]}},{"type":"Feature","properties":{"cod_tema":"AREA_SERVIDAO_ADMINISTRATIVA_TOTAL","cod_imovel":"RJ-3301009-10BCDBCDCFAD4B2A83F369E42D585A1F","num_area":"0.3280000000000000000000000000000","ind_status":"AT"},"geometry":{"type":"Polygon","coordinates":[[[-41.5219,-21.315],[-41.5253,-21.3119],[-41.5219,-21.3149],[-41.5219,-21.315]]]}},{"type":"Feature","properties":{"cod_tema":"AREA_INFRAESTRUTURA_PUBLICA","cod_imovel":"RJ-3301009-407328BDB3C2451D974635744E35E5B2","num_area":"0.1420000000000000000000000000000","ind_status":"AT"},"geometry":{"type":"Polygon","coordinates":[[[-41.5597,-21.7263],[-41.5555,-21.722],[-41.5596,-21.7258],[-41.5597,-21.7263]]]}},{"type":"Feature","properties":{"cod_tema":"AREA_SERVIDAO_ADMINISTRATIVA_TOTAL","cod_imovel":"RJ-3301009-407328BDB3C2451D974635744E35E5B2","num_area":"0.1420000000000000000000000000000","ind_status":"AT"},"geometry":{"type":"Polygon","coordinates":[[[-41.5597,-21.7263],[-41.5555,-21.722],[-41.5596,-21.7258],[-41.5597,-21.7263]]]}},{"type":"Feature","properties":{"cod_tema":"AREA_UTILIDADE_PUBLICA","cod_imovel":"RJ-3301009-6CE120AB6CAE4DC18A7370232976C854","num_area":"6.3807000000000000000000000000000","ind_status":"PE"},"geometry":{"type":"Polygon","coordinates":[[[-41.3208,-21.8076],[-41.3307,-21.8008],[-41.3225,-21.8056],[-41.3208,-21.8076]]]}},{"type":"Feature","properties":{"cod_tema":"AREA_SERVIDAO_ADMINISTRATIVA_TOTAL","cod_imovel":"RJ-3301009-6CE120AB6CAE4DC18A7370232976C854","num_area":"6.3807000000000000000000000000000","ind_status":"PE"},"geometry":{"type":"Polygon","coordinates":[[[-41.3208,-21.8076],[-41.3307,-21.8008],[-41.3225,-21.8056],[-41.3208,-21.8076]]]}},{"type":"Feature","properties":{"cod_tema":"AREA_INFRAESTRUTURA_PUBLICA","cod_imovel":"RJ-3301009-196C22E0F77E4211AB07F3D74A82C392","num_area":"1.4205000000000000000000000000000","ind_status":"AT"},"geometry":{"type":"Polygon","coordinates":[[[-41.381,-21.3049],[-41.3868,-21.3022],[-41.3864,-21.2928],[-41.3867,-21.3022],[-41.3814,-21.3048],[-41.381,-21.3049]]]}},{"type":"Feature","properties":{"cod_tema":"AREA_UTILIDADE_PUBLICA","cod_imovel":"RJ-3301009-196C22E0F77E4211AB07F3D74A82C392","num_area":"0.3731000000000000000000000000000","ind_status":"AT"},"geometry":{"type":"Polygon","coordinates":[[[-41.3949,-21.3049],[-41.3864,-21.3029],[-41.3947,-21.3048],[-41.3949,-21.3049]]]}},{"type":"Feature","properties":{"cod_tema":"AREA_SERVIDAO_ADMINISTRATIVA_TOTAL","cod_imovel":"RJ-3301009-196C22E0F77E4211AB07F3D74A82C392","num_area":"1.7930000000000000000000000000000","ind_status":"AT"},"geometry":{"type":"Polygon","coordinates":[[[-41.381,-21.3049],[-41.3883,-21.3015],[-41.395,-21.3049],[-41.3864,-21.3029],[-41.3864,-21.2928],[-41.3867,-21.3022],[-41.3814,-21.3048],[-41.381,-21.3049]]]}},{"type":"Feature","properties":{"cod_tema":"AREA_INFRAESTRUTURA_PUBLICA","cod_imovel":"RJ-3301009-5EA5D30EF4CF493D97BAE5C22413053E","num_area":"2.6584000000000000000000000000000","ind_status":"AT"},"geometry":{"type":"Polygon","coordinates":[[[-41.294,-21.368],[-41.2847,-21.3622],[-41.2939,-21.3679],[-41.294,-21.368]]]}},{"type":"Feature","properties":{"cod_tema":"AREA_SERVIDAO_ADMINISTRATIVA_TOTAL","cod_imovel":"RJ-3301009-5EA5D30EF4CF493D97BAE5C22413053E","num_area":"2.6584000000000000000000000000000","ind_status":"AT"},"geometry":{"type":"Polygon","coordinates":[[[-41.294,-21.368],[-41.2847,-21.3622],[-41.2939,-21.3679],[-41.294,-21.368]]]}},{"type":"Feature","properties":{"cod_tema":"AREA_UTILIDADE_PUBLICA","cod_imovel":"RJ-3301009-BDC70A5C69CC46898BF9A92D8AD068C1","num_area":"0.3234000000000000000000000000000","ind_status":"AT"},"geometry":{"type":"Polygon","coordinates":[[[-41.335,-21.4852],[-41.3317,-21.4824],[-41.3349,-21.4853],[-41.335,-21.4852]]]}},{"type":"Feature","properties":{"cod_tema":"AREA_SERVIDAO_ADMINISTRATIVA_TOTAL","cod_imovel":"RJ-3301009-BDC70A5C69CC46898BF9A92D8AD068C1","num_area":"0.3234000000000000000000000000000","ind_status":"AT"},"geometry":{"type":"Polygon","coordinates":[[[-41.335,-21.4852],[-41.3317,-21.4824],[-41.3349,-21.4853],[-41.335,-21.4852]]]}},{"type":"Feature","properties":{"cod_tema":"AREA_UTILIDADE_PUBLICA","cod_imovel":"RJ-3301009-CC4DAD7035FF4C19AB55E5035F365E28","num_area":"0.3951000000000000000000000000000","ind_status":"CA"},"geometry":{"type":"Polygon","coordinates":[[[-41.615,-21.7273],[-41.6176,-21.723],[-41.615,-21.7273],[-41.615,-21.7273]]]}},{"type":"Feature","properties":{"cod_tema":"AREA_SERVIDAO_ADMINISTRATIVA_TOTAL","cod_imovel":"RJ-3301009-CC4DAD7035FF4C19AB55E5035F365E28","num_area":"0.3951000000000000000000000000000","ind_status":"CA"},"geometry":{"type":"Polygon","coordinates":[[[-41.615,-21.7273],[-41.6176,-21.723],[-41.615,-21.7273],[-41.615,-21.7273]]]}},{"type":"Feature","properties":{"cod_tema":"AREA_INFRAESTRUTURA_PUBLICA","cod_imovel":"RJ-3301009-EF6AF01809A04D058EE6726CC3C97165","num_area":"11.325800000000000000000000000000","ind_status":"AT"},"geometry":{"type":"Polygon","coordinates":[[[-41.2017,-22.0517],[-41.1938,-22.0546],[-41.2008,-22.0522],[-41.2017,-22.0517]]]}},{"type":"Feature","properties":{"cod_tema":"AREA_SERVIDAO_ADMINISTRATIVA_TOTAL","cod_imovel":"RJ-3301009-EF6AF01809A04D058EE6726CC3C97165","num_area":"11.325800000000000000000000000000","ind_status":"AT"},"geometry":{"type":"Polygon","coordinates":[[[-41.2017,-22.0517],[-41.1938,-22.0546],[-41.2008,-22.0522],[-41.2017,-22.0517]]]}},{"type":"Feature","properties":{"cod_tema":"AREA_UTILIDADE_PUBLICA","cod_imovel":"RJ-3301009-5143732054724CB19C87BCF7B833880F","num_area":"0.1573000000000000000000000000000","ind_status":"AT"},"geometry":{"type":"Polygon","coordinates":[[[-41.2407,-22.0418],[-41.2396,-22.0385],[-41.2409,-22.0426],[-41.2407,-22.0418]]]}},{"type":"Feature","properties":{"cod_tema":"AREA_SERVIDAO_ADMINISTRATIVA_TOTAL","cod_imovel":"RJ-3301009-5143732054724CB19C87BCF7B833880F","num_area":"0.1573000000000000000000000000000","ind_status":"AT"},"geometry":{"type":"Polygon","coordinates":[[[-41.2407,-22.0418],[-41.2396,-22.0385],[-41.2409,-22.0426],[-41.2407,-22.0418]]]}},{"type":"Feature","properties":{"cod_tema":"AREA_UTILIDADE_PUBLICA","cod_imovel":"RJ-3301009-E5F97C8D7FE34BC8A3AEB9CC5D21D558","num_area":"0.7030000000000000000000000000000","ind_status":"AT"},"geometry":{"type":"Polygon","coordinates":[[[-41.0752,-21.9252],[-41.0787,-21.9218],[-41.0756,-21.9245],[-41.0752,-21.9252]]]}},{"type":"Feature","properties":{"cod_tema":"AREA_SERVIDAO_ADMINISTRATIVA_TOTAL","cod_imovel":"RJ-3301009-E5F97C8D7FE34BC8A3AEB9CC5D21D558","num_area":"0.7030000000000000000000000000000","ind_status":"AT"},"geometry":{"type":"Polygon","coordinates":[[[-41.0752,-21.9252],[-41.0787,-21.9218],[-41.0756,-21.9245],[-41.0752,-21.9252]]]}},{"type":"Feature","properties":{"cod_tema":"AREA_UTILIDADE_PUBLICA","cod_imovel":"RJ-3301009-E982223F66644DB29F11127337845F0F","num_area":"0.8436000000000000000000000000000","ind_status":"AT"},"geometry":{"type":"Polygon","coordinates":[[[-41.3463,-21.259],[-41.3403,-21.2578],[-41.3462,-21.2591],[-41.3463,-21.259]]]}},{"type":"Feature","properties":{"cod_tema":"AREA_SERVIDAO_ADMINISTRATIVA_TOTAL","cod_imovel":"RJ-3301009-E982223F66644DB29F11127337845F0F","num_area":"0.8436000000000000000000000000000","ind_status":"AT"},"geometry":{"type":"Polygon","coordinates":[[[-41.3463,-21.259],[-41.3403,-21.2578],[-41.3462,-21.2591],[-41.3463,-21.259]]]}},{"type":"Feature","properties":{"cod_tema":"AREA_UTILIDADE_PUBLICA","cod_imovel":"RJ-3301009-4EB05300532F4EE1A0EC2D6600C7E1E7","num_area":"1.8232000000000000000000000000000","ind_status":"AT"},"geometry":{"type":"Polygon","coordinates":[[[-41.453,-21.9202],[-41.4677,-21.9164],[-41.4566,-21.9184],[-41.453,-21.9202]]]}},{"type":"Feature","properties":{"cod_tema":"AREA_SERVIDAO_ADMINISTRATIVA_TOTAL","cod_imovel":"RJ-3301009-4EB05300532F4EE1A0EC2D6600C7E1E7","num_area":"1.8232000000000000000000000000000","ind_status":"AT"},"geometry":{"type":"Polygon","coordinates":[[[-41.453,-21.9202],[-41.4677,-21.9164],[-41.4566,-21.9184],[-41.453,-21.9202]]]}},{"type":"Feature","properties":{"cod_tema":"AREA_INFRAESTRUTURA_PUBLICA","cod_imovel":"RJ-3301009-C47D35B497524299ABCC45B7AAD92027","num_area":"0.4046000000000000000000000000000","ind_status":"AT"},"geometry":{"type":"Polygon","coordinates":[[[-41.164,-22.0633],[-41.1672,-22.0609],[-41.1642,-22.0632],[-41.164,-22.0633]]]}},{"type":"Feature","properties":{"cod_tema":"AREA_SERVIDAO_ADMINISTRATIVA_TOTAL","cod_imovel":"RJ-3301009-C47D35B497524299ABCC45B7AAD92027","num_area":"0.4046000000000000000000000000000","ind_status":"AT"},"geometry":{"type":"Polygon","coordinates":[[[-41.164,-22.0633],[-41.1672,-22.0609],[-41.1642,-22.0632],[-41.164,-22.0633]]]}},{"type":"Feature","properties":{"cod_tema":"AREA_UTILIDADE_PUBLICA","cod_imovel":"RJ-3301009-7C002BAB27CC45BCA30B0467DDE86CEC","num_area":"0.1092000000000000000000000000000","ind_status":"AT"},"geometry":{"type":"Polygon","coordinates":[[[-41.4214,-21.3719],[-41.4248,-21.3722],[-41.4217,-21.372],[-41.4214,-21.3719]]]}},{"type":"Feature","properties":{"cod_tema":"AREA_SERVIDAO_ADMINISTRATIVA_TOTAL","cod_imovel":"RJ-3301009-7C002BAB27CC45BCA30B0467DDE86CEC","num_area":"0.1092000000000000000000000000000","ind_status":"AT"},"geometry":{"type":"Polygon","coordinates":[[[-41.4214,-21.3719],[-41.4248,-21.3722],[-41.4217,-21.372],[-41.4214,-21.3719]]]}},{"type":"Feature","properties":{"cod_tema":"AREA_UTILIDADE_PUBLICA","cod_imovel":"RJ-3301009-1837731A284543A4B42E3F906414DAA9","num_area":"6.2163000000000000000000000000000","ind_status":"AT"},"geometry":{"type":"Polygon","coordinates":[[[-41.4731,-21.8339],[-41.4768,-21.8359],[-41.4735,-21.8341],[-41.4731,-21.8339]],[[-41.4584,-21.8466],[-41.4523,-21.8415],[-41.458,-21.8462],[-41.4584,-21.8466]]]}},{"type":"Feature","properties":{"cod_tema":"AREA_SERVIDAO_ADMINISTRATIVA_TOTAL","cod_imovel":"RJ-3301009-1837731A284543A4B42E3F906414DAA9","num_area":"6.2163000000000000000000000000000","ind_status":"AT"},"geometry":{"type":"Polygon","coordinates":[[[-41.4731,-21.8339],[-41.4768,-21.8359],[-41.4735,-21.8341],[-41.4731,-21.8339]],[[-41.4584,-21.8466],[-41.4523,-21.8415],[-41.458,-21.8462],[-41.4584,-21.8466]]]}},{"type":"Feature","properties":{"cod_tema":"AREA_UTILIDADE_PUBLICA","cod_imovel":"RJ-3301009-6416AED48C624D9FADB5B870DA562E7E","num_area":"1.8378000000000000000000000000000","ind_status":"AT"},"geometry":{"type":"Polygon","coordinates":[[[-41.2955,-21.4306],[-41.2984,-21.432],[-41.2957,-21.4183],[-41.2956,-21.43],[-41.2955,-21.4306]]]}},{"type":"Feature","properties":{"cod_tema":"AREA_SERVIDAO_ADMINISTRATIVA_TOTAL","cod_imovel":"RJ-3301009-6416AED48C624D9FADB5B870DA562E7E","num_area":"1.8378000000000000000000000000000","ind_status":"AT"},"geometry":{"type":"Polygon","coordinates":[[[-41.2955,-21.4306],[-41.2984,-21.432],[-41.2957,-21.4183],[-41.2956,-21.43],[-41.2955,-21.4306]]]}},{"type":"Feature","properties":{"cod_tema":"AREA_UTILIDADE_PUBLICA","cod_imovel":"RJ-3301009-A53F2B1879AE4582A69403FB1C333297","num_area":"0.4244000000000000000000000000000","ind_status":"AT"},"geometry":{"type":"Polygon","coordinates":[[[-41.6082,-21.9478],[-41.604,-21.9518],[-41.6082,-21.9478],[-41.6082,-21.9478]]]}},{"type":"Feature","properties":{"cod_tema":"AREA_SERVIDAO_ADMINISTRATIVA_TOTAL","cod_imovel":"RJ-3301009-A53F2B1879AE4582A69403FB1C333297","num_area":"0.4244000000000000000000000000000","ind_status":"AT"},"geometry":{"type":"Polygon","coordinates":[[[-41.6082,-21.9478],[-41.604,-21.9518],[-41.6082,-21.9478],[-41.6082,-21.9478]]]}},{"type":"Feature","properties":{"cod_tema":"AREA_INFRAESTRUTURA_PUBLICA","cod_imovel":"RJ-3301009-351BC954160A49E6A3A223180DACFA96","num_area":"5.9581000000000000000000000000000","ind_status":"AT"},"geometry":{"type":"Polygon","coordinates":[[[-41.7297,-21.9952],[-41.7168,-21.9868],[-41.7183,-21.9915],[-41.7106,-21.9938],[-41.7055,-22.0035],[-41.7109,-21.9937],[-41.7208,-21.9914],[-41.7294,-21.9952],[-41.7297,-21.9952]]]}},{"type":"Feature","properties":{"cod_tema":"AREA_SERVIDAO_ADMINISTRATIVA_TOTAL","cod_imovel":"RJ-3301009-351BC954160A49E6A3A223180DACFA96","num_area":"5.9581000000000000000000000000000","ind_status":"AT"},"geometry":{"type":"Polygon","coordinates":[[[-41.7297,-21.9952],[-41.7168,-21.9868],[-41.7183,-21.9915],[-41.7106,-21.9938],[-41.7055,-22.0035],[-41.7109,-21.9937],[-41.7208,-21.9914],[-41.7294,-21.9952],[-41.7297,-21.9952]]]}},{"type":"Feature","properties":{"cod_tema":"AREA_INFRAESTRUTURA_PUBLICA","cod_imovel":"RJ-3301009-C7F57A0BEA6D4F50B377A2D8E47F1282","num_area":"0.8159000000000000000000000000000","ind_status":"AT"},"geometry":{"type":"Polygon","coordinates":[[[-41.5519,-21.9614],[-41.5616,-21.9626],[-41.5519,-21.9614],[-41.5519,-21.9614]]]}},{"type":"Feature","properties":{"cod_tema":"AREA_SERVIDAO_ADMINISTRATIVA_TOTAL","cod_imovel":"RJ-3301009-C7F57A0BEA6D4F50B377A2D8E47F1282","num_area":"0.8159000000000000000000000000000","ind_status":"AT"},"geometry":{"type":"Polygon","coordinates":[[[-41.5519,-21.9614],[-41.5616,-21.9626],[-41.5519,-21.9614],[-41.5519,-21.9614]]]}},{"type":"Feature","properties":{"cod_tema":"AREA_UTILIDADE_PUBLICA","cod_imovel":"RJ-3301009-BB76BFCE3F084C4DA8D5EB903AA65C7E","num_area":"0.4382000000000000000000000000000","ind_status":"AT"},"geometry":{"type":"Polygon","coordinates":[[[-41.5448,-21.743],[-41.5407,-21.7433],[-41.5434,-21.7471],[-41.5445,-21.7432],[-41.5448,-21.743]]]}},{"type":"Feature","properties":{"cod_tema":"AREA_SERVIDAO_ADMINISTRATIVA_TOTAL","cod_imovel":"RJ-3301009-BB76BFCE3F084C4DA8D5EB903AA65C7E","num_area":"0.4382000000000000000000000000000","ind_status":"AT"},"geometry":{"type":"Polygon","coordinates":[[[-41.5448,-21.743],[-41.5407,-21.7433],[-41.5434,-21.7471],[-41.5445,-21.7432],[-41.5448,-21.743]]]}},{"type":"Feature","properties":{"cod_tema":"AREA_UTILIDADE_PUBLICA","cod_imovel":"RJ-3301009-3C01D531858E49FEB4E94338A60FB971","num_area":"0.3473000000000000000000000000000","ind_status":"AT"},"geometry":{"type":"Polygon","coordinates":[[[-41.4562,-21.3902],[-41.4517,-21.3934],[-41.4557,-21.3908],[-41.4562,-21.3902]]]}},{"type":"Feature","properties":{"cod_tema":"AREA_SERVIDAO_ADMINISTRATIVA_TOTAL","cod_imovel":"RJ-3301009-3C01D531858E49FEB4E94338A60FB971","num_area":"0.3473000000000000000000000000000","ind_status":"AT"},"geometry":{"type":"Polygon","coordinates":[[[-41.4562,-21.3902],[-41.4517,-21.3934],[-41.4557,-21.3908],[-41.4562,-21.3902]]]}},{"type":"Feature","properties":{"cod_tema":"AREA_UTILIDADE_PUBLICA","cod_imovel":"RJ-3301009-066F8120BF2C4326BDCAB460A8C6629B","num_area":"1.2983000000000000000000000000000","ind_status":"AT"},"geometry":{"type":"Polygon","coordinates":[[[-41.5509,-21.764],[-41.5572,-21.7657],[-41.5525,-21.7649],[-41.5551,-21.759],[-41.5509,-21.764],[-41.5509,-21.764]]]}},{"type":"Feature","properties":{"cod_tema":"AREA_SERVIDAO_ADMINISTRATIVA_TOTAL","cod_imovel":"RJ-3301009-066F8120BF2C4326BDCAB460A8C6629B","num_area":"1.2983000000000000000000000000000","ind_status":"AT"},"geometry":{"type":"Polygon","coordinates":[[[-41.5509,-21.764],[-41.5572,-21.7657],[-41.5525,-21.7649],[-41.5551,-21.759],[-41.5509,-21.764],[-41.5509,-21.764]]]}},{"type":"Feature","properties":{"cod_tema":"AREA_INFRAESTRUTURA_PUBLICA","cod_imovel":"RJ-3301009-6DD6162CCC4741E1B9F97F83B2FDD1BF","num_area":"0.6006000000000000000000000000000","ind_status":"AT"},"geometry":{"type":"Polygon","coordinates":[[[-41.5704,-21.7293],[-41.5723,-21.7238],[-41.5704,-21.7293],[-41.5704,-21.7293]]]}},{"type":"Feature","properties":{"cod_tema":"AREA_SERVIDAO_ADMINISTRATIVA_TOTAL","cod_imovel":"RJ-3301009-6DD6162CCC4741E1B9F97F83B2FDD1BF","num_area":"0.6006000000000000000000000000000","ind_status":"AT"},"geometry":{"type":"Polygon","coordinates":[[[-41.5704,-21.7293],[-41.5723,-21.7238],[-41.5704,-21.7293],[-41.5704,-21.7293]]]}},{"type":"Feature","properties":{"cod_tema":"AREA_INFRAESTRUTURA_PUBLICA","cod_imovel":"RJ-3301009-CA746E2FE9D64F208D581324CE738CB0","num_area":"58.493000000000000000000000000000","ind_status":"AT"},"geometry":{"type":"Polygon","coordinates":[[[-41.4734,-21.3578],[-41.4771,-21.3544],[-41.4742,-21.3449],[-41.4683,-21.3487],[-41.4728,-21.3572],[-41.4734,-21.3578]]]}},{"type":"Feature","properties":{"cod_tema":"AREA_UTILIDADE_PUBLICA","cod_imovel":"RJ-3301009-CA746E2FE9D64F208D581324CE738CB0","num_area":"133.56450000000000000000000000000","ind_status":"AT"},"geometry":{"type":"Polygon","coordinates":[[[-41.4746,-21.3497],[-41.4733,-21.3456],[-41.4638,-21.353],[-41.47,-21.3641],[-41.4746,-21.3503],[-41.4746,-21.3497]]]}},{"type":"Feature","properties":{"cod_tema":"AREA_SERVIDAO_ADMINISTRATIVA_TOTAL","cod_imovel":"RJ-3301009-CA746E2FE9D64F208D581324CE738CB0","num_area":"144.52160000000000000000000000000","ind_status":"AT"},"geometry":{"type":"Polygon","coordinates":[[[-41.4734,-21.3578],[-41.4771,-21.3544],[-41.4742,-21.3449],[-41.4638,-21.353],[-41.47,-21.3641],[-41.4699,-21.3609],[-41.4734,-21.3578]]]}},{"type":"Feature","properties":{"cod_tema":"AREA_UTILIDADE_PUBLICA","cod_imovel":"RJ-3301009-EE65707A266140328A6EB177B7C25F4A","num_area":"0.5118000000000000000000000000000","ind_status":"AT"},"geometry":{"type":"Polygon","coordinates":[[[-41.4043,-21.4742],[-41.411,-21.4765],[-41.4044,-21.4743],[-41.4043,-21.4742]]]}},{"type":"Feature","properties":{"cod_tema":"AREA_UTILIDADE_PUBLICA","cod_imovel":"RJ-3301009-E09E6569043E463795BF4EC79E8853DC","num_area":"11.325800000000000000000000000000","ind_status":"AT"},"geometry":{"type":"Polygon","coordinates":[[[-41.2017,-22.0517],[-41.1938,-22.0546],[-41.2008,-22.0522],[-41.2017,-22.0517]]]}},{"type":"Feature","properties":{"cod_tema":"AREA_SERVIDAO_ADMINISTRATIVA_TOTAL","cod_imovel":"RJ-3301009-E09E6569043E463795BF4EC79E8853DC","num_area":"11.325800000000000000000000000000","ind_status":"AT"},"geometry":{"type":"Polygon","coordinates":[[[-41.2017,-22.0517],[-41.1938,-22.0546],[-41.2008,-22.0522],[-41.2017,-22.0517]]]}},{"type":"Feature","properties":{"cod_tema":"AREA_UTILIDADE_PUBLICA","cod_imovel":"RJ-3301009-CD33D0BFDE384A64BDF36D4E65339398","num_area":"9.3547000000000000000000000000000","ind_status":"AT"},"geometry":{"type":"Polygon","coordinates":[[[-41.4272,-21.3843],[-41.4245,-21.3889],[-41.4272,-21.3843],[-41.4272,-21.3843]]]}},{"type":"Feature","properties":{"cod_tema":"AREA_SERVIDAO_ADMINISTRATIVA_TOTAL","cod_imovel":"RJ-3301009-CD33D0BFDE384A64BDF36D4E65339398","num_area":"9.3547000000000000000000000000000","ind_status":"AT"},"geometry":{"type":"Polygon","coordinates":[[[-41.4272,-21.3843],[-41.4245,-21.3889],[-41.4272,-21.3843],[-41.4272,-21.3843]]]}},{"type":"Feature","properties":{"cod_tema":"AREA_UTILIDADE_PUBLICA","cod_imovel":"RJ-3301009-84E979D93FF94A9BAF256EB935AB6AC6","num_area":"0.3732000000000000000000000000000","ind_status":"AT"},"geometry":{"type":"Polygon","coordinates":[[[-41.3162,-21.3104],[-41.3133,-21.3073],[-41.3158,-21.3101],[-41.3162,-21.3104]]]}},{"type":"Feature","properties":{"cod_tema":"AREA_SERVIDAO_ADMINISTRATIVA_TOTAL","cod_imovel":"RJ-3301009-84E979D93FF94A9BAF256EB935AB6AC6","num_area":"0.3732000000000000000000000000000","ind_status":"AT"},"geometry":{"type":"Polygon","coordinates":[[[-41.3162,-21.3104],[-41.3133,-21.3073],[-41.3158,-21.3101],[-41.3162,-21.3104]]]}},{"type":"Feature","properties":{"cod_tema":"AREA_INFRAESTRUTURA_PUBLICA","cod_imovel":"RJ-3301009-8133AABE2E1746D3BD0B7493F4E19711","num_area":"2.0067000000000000000000000000000","ind_status":"AT"},"geometry":{"type":"Polygon","coordinates":[[[-41.3131,-21.5275],[-41.3204,-21.5283],[-41.3125,-21.5273],[-41.3131,-21.5275]]]}},{"type":"Feature","properties":{"cod_tema":"AREA_SERVIDAO_ADMINISTRATIVA_TOTAL","cod_imovel":"RJ-3301009-8133AABE2E1746D3BD0B7493F4E19711","num_area":"2.0067000000000000000000000000000","ind_status":"AT"},"geometry":{"type":"Polygon","coordinates":[[[-41.3131,-21.5275],[-41.3204,-21.5283],[-41.3125,-21.5273],[-41.3131,-21.5275]]]}},{"type":"Feature","properties":{"cod_tema":"AREA_INFRAESTRUTURA_PUBLICA","cod_imovel":"RJ-3301009-0D91AE1DD30F428CA4072123BC9171CA","num_area":"0.9344000000000000000000000000000","ind_status":"PE"},"geometry":{"type":"Polygon","coordinates":[[[-41.1992,-21.7996],[-41.2039,-21.8041],[-41.1993,-21.7998],[-41.1992,-21.7996]]]}},{"type":"Feature","properties":{"cod_tema":"AREA_SERVIDAO_ADMINISTRATIVA_TOTAL","cod_imovel":"RJ-3301009-0D91AE1DD30F428CA4072123BC9171CA","num_area":"0.9344000000000000000000000000000","ind_status":"PE"},"geometry":{"type":"Polygon","coordinates":[[[-41.1992,-21.7996],[-41.2039,-21.8041],[-41.1993,-21.7998],[-41.1992,-21.7996]]]}},{"type":"Feature","properties":{"cod_tema":"AREA_INFRAESTRUTURA_PUBLICA","cod_imovel":"RJ-3301009-50539D2DF9264F658BD62794DE606CE3","num_area":"0.7519000000000000000000000000000","ind_status":"AT"},"geometry":{"type":"Polygon","coordinates":[[[-41.6656,-21.838],[-41.6637,-21.8343],[-41.6655,-21.838],[-41.6656,-21.838]]]}},{"type":"Feature","properties":{"cod_tema":"AREA_SERVIDAO_ADMINISTRATIVA_TOTAL","cod_imovel":"RJ-3301009-50539D2DF9264F658BD62794DE606CE3","num_area":"0.7519000000000000000000000000000","ind_status":"AT"},"geometry":{"type":"Polygon","coordinates":[[[-41.6656,-21.838],[-41.6637,-21.8343],[-41.6655,-21.838],[-41.6656,-21.838]]]}},{"type":"Feature","properties":{"cod_tema":"AREA_UTILIDADE_PUBLICA","cod_imovel":"RJ-3301009-792A90B7E7574328A55916992FB6BDEE","num_area":"90.025600000000000000000000000000","ind_status":"AT"},"geometry":{"type":"Polygon","coordinates":[[[-41.3007,-21.8331],[-41.2878,-21.8382],[-41.3008,-21.8331],[-41.3007,-21.8331]],[[-41.3056,-21.8502],[-41.3055,-21.8466],[-41.2862,-21.8472],[-41.2841,-21.8509],[-41.3056,-21.8502]]]}},{"type":"Feature","properties":{"cod_tema":"AREA_SERVIDAO_ADMINISTRATIVA_TOTAL","cod_imovel":"RJ-3301009-792A90B7E7574328A55916992FB6BDEE","num_area":"90.025600000000000000000000000000","ind_status":"AT"},"geometry":{"type":"Polygon","coordinates":[[[-41.3007,-21.8331],[-41.2878,-21.8382],[-41.3008,-21.8331],[-41.3007,-21.8331]],[[-41.3056,-21.8502],[-41.3055,-21.8466],[-41.2862,-21.8472],[-41.2841,-21.8509],[-41.3056,-21.8502]]]}},{"type":"Feature","properties":{"cod_tema":"AREA_UTILIDADE_PUBLICA","cod_imovel":"RJ-3301009-61AE9AFE688E4BDFAD88C17060FEACB7","num_area":"1.8183000000000000000000000000000","ind_status":"AT"},"geometry":{"type":"Polygon","coordinates":[[[-41.4819,-21.3354],[-41.4746,-21.3354],[-41.4819,-21.3354],[-41.4819,-21.3354]],[[-41.4747,-21.3353],[-41.4821,-21.3352],[-41.4747,-21.3354],[-41.4747,-21.3353]]]}},{"type":"Feature","properties":{"cod_tema":"AREA_SERVIDAO_ADMINISTRATIVA_TOTAL","cod_imovel":"RJ-3301009-61AE9AFE688E4BDFAD88C17060FEACB7","num_area":"1.8183000000000000000000000000000","ind_status":"AT"},"geometry":{"type":"Polygon","coordinates":[[[-41.4819,-21.3354],[-41.4746,-21.3354],[-41.4819,-21.3354],[-41.4819,-21.3354]],[[-41.4747,-21.3353],[-41.4821,-21.3352],[-41.4747,-21.3354],[-41.4747,-21.3353]]]}},{"type":"Feature","properties":{"cod_tema":"AREA_INFRAESTRUTURA_PUBLICA","cod_imovel":"RJ-3301009-36B1F94CACD4457981B19524DD238865","num_area":"0.2820000000000000000000000000000","ind_status":"AT"},"geometry":{"type":"Polygon","coordinates":[[[-41.3871,-21.2128],[-41.3886,-21.216],[-41.3881,-21.2129],[-41.3871,-21.2128]]]}},{"type":"Feature","properties":{"cod_tema":"AREA_SERVIDAO_ADMINISTRATIVA_TOTAL","cod_imovel":"RJ-3301009-36B1F94CACD4457981B19524DD238865","num_area":"0.2820000000000000000000000000000","ind_status":"AT"},"geometry":{"type":"Polygon","coordinates":[[[-41.3871,-21.2128],[-41.3886,-21.216],[-41.3881,-21.2129],[-41.3871,-21.2128]]]}},{"type":"Feature","properties":{"cod_tema":"AREA_INFRAESTRUTURA_PUBLICA","cod_imovel":"RJ-3301009-A6B2E46F29E94A2FB518CC2D0C8B0D49","num_area":"5.0269000000000000000000000000000","ind_status":"PE"},"geometry":{"type":"Polygon","coordinates":[[[-41.4174,-21.7318],[-41.404,-21.7227],[-41.4155,-21.7319],[-41.4192,-21.7414],[-41.4156,-21.7319],[-41.4174,-21.7318]],[[-41.4041,-21.7222],[-41.4139,-21.7184],[-41.408,-21.7206],[-41.4041,-21.7222]]]}},{"type":"Feature","properties":{"cod_tema":"AREA_UTILIDADE_PUBLICA","cod_imovel":"RJ-3301009-A6B2E46F29E94A2FB518CC2D0C8B0D49","num_area":"1.4702000000000000000000000000000","ind_status":"PE"},"geometry":{"type":"Polygon","coordinates":[[[-41.4047,-21.7295],[-41.4003,-21.7422],[-41.4047,-21.7295],[-41.4047,-21.7295]]]}},{"type":"Feature","properties":{"cod_tema":"AREA_SERVIDAO_ADMINISTRATIVA_TOTAL","cod_imovel":"RJ-3301009-A6B2E46F29E94A2FB518CC2D0C8B0D49","num_area":"6.4970000000000000000000000000000","ind_status":"PE"},"geometry":{"type":"Polygon","coordinates":[[[-41.4047,-21.7295],[-41.4003,-21.7422],[-41.4047,-21.7295],[-41.4047,-21.7295]],[[-41.4174,-21.7318],[-41.404,-21.7227],[-41.4155,-21.7319],[-41.4192,-21.7414],[-41.4156,-21.7319],[-41.4174,-21.7318]],[[-41.4041,-21.7222],[-41.4139,-21.7184],[-41.408,-21.7206],[-41.4041,-21.7222]]]}},{"type":"Feature","properties":{"cod_tema":"AREA_UTILIDADE_PUBLICA","cod_imovel":"RJ-3301009-CDA6DE9EDCF54DB4B31D26F37971FF62","num_area":"1.9769000000000000000000000000000","ind_status":"AT"},"geometry":{"type":"Polygon","coordinates":[[[-41.4047,-21.2737],[-41.4014,-21.2735],[-41.4047,-21.2737],[-41.4047,-21.2737]],[[-41.4046,-21.2736],[-41.4016,-21.2735],[-41.4046,-21.2736],[-41.4046,-21.2736]],[[-41.4088,-21.2645],[-41.398,-21.2647],[-41.398,-21.2712],[-41.4081,-21.2647],[-41.4088,-21.2645]]]}},{"type":"Feature","properties":{"cod_tema":"AREA_SERVIDAO_ADMINISTRATIVA_TOTAL","cod_imovel":"RJ-3301009-CDA6DE9EDCF54DB4B31D26F37971FF62","num_area":"1.9769000000000000000000000000000","ind_status":"AT"},"geometry":{"type":"Polygon","coordinates":[[[-41.4047,-21.2737],[-41.4014,-21.2735],[-41.4047,-21.2737],[-41.4047,-21.2737]],[[-41.4046,-21.2736],[-41.4016,-21.2735],[-41.4046,-21.2736],[-41.4046,-21.2736]],[[-41.4088,-21.2645],[-41.398,-21.2647],[-41.398,-21.2712],[-41.4081,-21.2647],[-41.4088,-21.2645]]]}},{"type":"Feature","properties":{"cod_tema":"AREA_UTILIDADE_PUBLICA","cod_imovel":"RJ-3301009-F5C58FEEA8294FC693B5D4C0820DB2E3","num_area":"0.3561000000000000000000000000000","ind_status":"PE"},"geometry":{"type":"Polygon","coordinates":[[[-41.3419,-21.5499],[-41.3456,-21.546],[-41.3425,-21.5493],[-41.3419,-21.5499]]]}},{"type":"Feature","properties":{"cod_tema":"AREA_SERVIDAO_ADMINISTRATIVA_TOTAL","cod_imovel":"RJ-3301009-F5C58FEEA8294FC693B5D4C0820DB2E3","num_area":"0.3561000000000000000000000000000","ind_status":"PE"},"geometry":{"type":"Polygon","coordinates":[[[-41.3419,-21.5499],[-41.3456,-21.546],[-41.3425,-21.5493],[-41.3419,-21.5499]]]}},{"type":"Feature","properties":{"cod_tema":"AREA_UTILIDADE_PUBLICA","cod_imovel":"RJ-3301009-6F55B38E9D5B460C8DE615DF5C9B064B","num_area":"2.2820000000000000000000000000000","ind_status":"AT"},"geometry":{"type":"Polygon","coordinates":[[[-41.3435,-21.4085],[-41.347,-21.4255],[-41.3621,-21.412],[-41.3467,-21.4239],[-41.3437,-21.4087],[-41.3435,-21.4085]],[[-41.3447,-21.4038],[-41.3434,-21.4084],[-41.3446,-21.4039],[-41.3447,-21.4038]]]}},{"type":"Feature","properties":{"cod_tema":"AREA_SERVIDAO_ADMINISTRATIVA_TOTAL","cod_imovel":"RJ-3301009-6F55B38E9D5B460C8DE615DF5C9B064B","num_area":"11.954200000000000000000000000000","ind_status":"AT"},"geometry":{"type":"Polygon","coordinates":[[[-41.355,-21.4026],[-41.3542,-21.4168],[-41.3467,-21.4239],[-41.3435,-21.4085],[-41.347,-21.4255],[-41.3542,-21.4169],[-41.3543,-21.4233],[-41.3546,-21.4167],[-41.3621,-21.412],[-41.3546,-21.4167],[-41.355,-21.4026]],[[-41.3447,-21.4038],[-41.3434,-21.4084],[-41.3446,-21.4039],[-41.3447,-21.4038]]]}},{"type":"Feature","properties":{"cod_tema":"AREA_INFRAESTRUTURA_PUBLICA","cod_imovel":"RJ-3301009-B1BB6544B626489CB09F4262F9A27AA8","num_area":"1.9718000000000000000000000000000","ind_status":"CA"},"geometry":{"type":"Polygon","coordinates":[[[-41.3426,-21.4349],[-41.3432,-21.4475],[-41.3426,-21.4349],[-41.3426,-21.4349]],[[-41.3442,-21.4478],[-41.3448,-21.4423],[-41.3439,-21.4482],[-41.3442,-21.4478]]]}},{"type":"Feature","properties":{"cod_tema":"AREA_SERVIDAO_ADMINISTRATIVA_TOTAL","cod_imovel":"RJ-3301009-B1BB6544B626489CB09F4262F9A27AA8","num_area":"1.9718000000000000000000000000000","ind_status":"CA"},"geometry":{"type":"Polygon","coordinates":[[[-41.3426,-21.4349],[-41.3432,-21.4475],[-41.3426,-21.4349],[-41.3426,-21.4349]],[[-41.3442,-21.4478],[-41.3448,-21.4423],[-41.3439,-21.4482],[-41.3442,-21.4478]]]}},{"type":"Feature","properties":{"cod_tema":"AREA_INFRAESTRUTURA_PUBLICA","cod_imovel":"RJ-3301009-63D8543A22984BA3A27B441B62DD1563","num_area":"1.2964000000000000000000000000000","ind_status":"PE"},"geometry":{"type":"Polygon","coordinates":[[[-41.2432,-21.8265],[-41.2474,-21.8301],[-41.2431,-21.8265],[-41.2432,-21.8265]]]}},{"type":"Feature","properties":{"cod_tema":"AREA_SERVIDAO_ADMINISTRATIVA_TOTAL","cod_imovel":"RJ-3301009-63D8543A22984BA3A27B441B62DD1563","num_area":"1.2964000000000000000000000000000","ind_status":"PE"},"geometry":{"type":"Polygon","coordinates":[[[-41.2432,-21.8265],[-41.2474,-21.8301],[-41.2431,-21.8265],[-41.2432,-21.8265]]]}},{"type":"Feature","properties":{"cod_tema":"AREA_UTILIDADE_PUBLICA","cod_imovel":"RJ-3301009-788828AE8AF74535A93AC7F2A27E67C0","num_area":"0.2649000000000000000000000000000","ind_status":"AT"},"geometry":{"type":"Polygon","coordinates":[[[-41.706,-22.0046],[-41.7083,-22.009],[-41.706,-22.0046],[-41.706,-22.0046]]]}},{"type":"Feature","properties":{"cod_tema":"AREA_SERVIDAO_ADMINISTRATIVA_TOTAL","cod_imovel":"RJ-3301009-788828AE8AF74535A93AC7F2A27E67C0","num_area":"0.2649000000000000000000000000000","ind_status":"AT"},"geometry":{"type":"Polygon","coordinates":[[[-41.706,-22.0046],[-41.7083,-22.009],[-41.706,-22.0046],[-41.706,-22.0046]]]}},{"type":"Feature","properties":{"cod_tema":"AREA_INFRAESTRUTURA_PUBLICA","cod_imovel":"RJ-3301009-5E60088955644F1AA44C96613FCD3ECB","num_area":"0.5283000000000000000000000000000","ind_status":"AT"},"geometry":{"type":"Polygon","coordinates":[[[-41.5392,-21.3852],[-41.5446,-21.3795],[-41.5392,-21.3852],[-41.5392,-21.3852]]]}},{"type":"Feature","properties":{"cod_tema":"AREA_SERVIDAO_ADMINISTRATIVA_TOTAL","cod_imovel":"RJ-3301009-5E60088955644F1AA44C96613FCD3ECB","num_area":"0.5283000000000000000000000000000","ind_status":"AT"},"geometry":{"type":"Polygon","coordinates":[[[-41.5392,-21.3852],[-41.5446,-21.3795],[-41.5392,-21.3852],[-41.5392,-21.3852]]]}},{"type":"Feature","properties":{"cod_tema":"AREA_UTILIDADE_PUBLICA","cod_imovel":"RJ-3301009-CCC6FCAA303F46209F5C6F0DAF2BDAE5","num_area":"0.3158000000000000000000000000000","ind_status":"AT"},"geometry":{"type":"Polygon","coordinates":[[[-41.5855,-21.6915],[-41.5849,-21.6958],[-41.5857,-21.6918],[-41.5855,-21.6915]]]}},{"type":"Feature","properties":{"cod_tema":"AREA_SERVIDAO_ADMINISTRATIVA_TOTAL","cod_imovel":"RJ-3301009-CCC6FCAA303F46209F5C6F0DAF2BDAE5","num_area":"0.3158000000000000000000000000000","ind_status":"AT"},"geometry":{"type":"Polygon","coordinates":[[[-41.5855,-21.6915],[-41.5849,-21.6958],[-41.5857,-21.6918],[-41.5855,-21.6915]]]}},{"type":"Feature","properties":{"cod_tema":"AREA_INFRAESTRUTURA_PUBLICA","cod_imovel":"RJ-3301009-E96338A195F2429CABC2BEE017D1B99C","num_area":"1.0172000000000000000000000000000","ind_status":"AT"},"geometry":{"type":"Polygon","coordinates":[[[-41.384,-21.4582],[-41.3811,-21.464],[-41.3835,-21.4597],[-41.384,-21.4582]]]}},{"type":"Feature","properties":{"cod_tema":"AREA_SERVIDAO_ADMINISTRATIVA_TOTAL","cod_imovel":"RJ-3301009-E96338A195F2429CABC2BEE017D1B99C","num_area":"1.0172000000000000000000000000000","ind_status":"AT"},"geometry":{"type":"Polygon","coordinates":[[[-41.384,-21.4582],[-41.3811,-21.464],[-41.3835,-21.4597],[-41.384,-21.4582]]]}},{"type":"Feature","properties":{"cod_tema":"AREA_INFRAESTRUTURA_PUBLICA","cod_imovel":"RJ-3301009-9E9B41B8371C4B61980265DAF9F52BB8","num_area":"25.651500000000000000000000000000","ind_status":"AT"},"geometry":{"type":"Polygon","coordinates":[[[-41.3229,-21.2384],[-41.3262,-21.2447],[-41.3298,-21.2308],[-41.3389,-21.2359],[-41.3602,-21.2292],[-41.3727,-21.2345],[-41.3627,-21.2294],[-41.3611,-21.2221],[-41.3759,-21.2141],[-41.3619,-21.22],[-41.3623,-21.2294],[-41.3389,-21.2357],[-41.3296,-21.2306],[-41.3229,-21.2384],[-41.3229,-21.2384]]]}},{"type":"Feature","properties":{"cod_tema":"AREA_UTILIDADE_PUBLICA","cod_imovel":"RJ-3301009-9E9B41B8371C4B61980265DAF9F52BB8","num_area":"12.121000000000000000000000000000","ind_status":"AT"},"geometry":{"type":"Polygon","coordinates":[[[-41.3273,-21.241],[-41.3236,-21.2261],[-41.3269,-21.2397],[-41.3273,-21.241]]]}},{"type":"Feature","properties":{"cod_tema":"AREA_SERVIDAO_ADMINISTRATIVA_TOTAL","cod_imovel":"RJ-3301009-9E9B41B8371C4B61980265DAF9F52BB8","num_area":"37.348700000000000000000000000000","ind_status":"AT"},"geometry":{"type":"Polygon","coordinates":[[[-41.3273,-21.241],[-41.3298,-21.2308],[-41.3389,-21.2359],[-41.3602,-21.2292],[-41.3727,-21.2345],[-41.3627,-21.2294],[-41.3611,-21.2221],[-41.3759,-21.2141],[-41.3619,-21.22],[-41.3624,-21.2294],[-41.339,-21.2357],[-41.3333,-21.2307],[-41.326,-21.2347],[-41.3236,-21.2261],[-41.3262,-21.2447],[-41.3269,-21.2397],[-41.3273,-21.241]]]}},{"type":"Feature","properties":{"cod_tema":"AREA_UTILIDADE_PUBLICA","cod_imovel":"RJ-3301009-7536986964AE4515B50E80D6F3FE09FC","num_area":"0.1682000000000000000000000000000","ind_status":"AT"},"geometry":{"type":"Polygon","coordinates":[[[-41.5803,-21.7039],[-41.5814,-21.7002],[-41.5803,-21.7038],[-41.5803,-21.7039]],[[-41.5815,-21.7002],[-41.5838,-21.6961],[-41.5815,-21.7001],[-41.5815,-21.7002]]]}},{"type":"Feature","properties":{"cod_tema":"AREA_SERVIDAO_ADMINISTRATIVA_TOTAL","cod_imovel":"RJ-3301009-7536986964AE4515B50E80D6F3FE09FC","num_area":"0.1682000000000000000000000000000","ind_status":"AT"},"geometry":{"type":"Polygon","coordinates":[[[-41.5803,-21.7039],[-41.5814,-21.7002],[-41.5803,-21.7038],[-41.5803,-21.7039]],[[-41.5815,-21.7002],[-41.5838,-21.6961],[-41.5815,-21.7001],[-41.5815,-21.7002]]]}},{"type":"Feature","properties":{"cod_tema":"AREA_INFRAESTRUTURA_PUBLICA","cod_imovel":"RJ-3301009-281F87BAD4CB4CAD92E25E1A58CAE1B5","num_area":"4.1404000000000000000000000000000","ind_status":"AT"},"geometry":{"type":"Polygon","coordinates":[[[-41.5339,-21.7603],[-41.5234,-21.7584],[-41.5215,-21.7661],[-41.5311,-21.7633],[-41.5237,-21.76],[-41.5339,-21.7602],[-41.5339,-21.7603]],[[-41.5347,-21.7609],[-41.537,-21.764],[-41.5419,-21.7607],[-41.5442,-21.7521],[-41.5419,-21.7607],[-41.535,-21.7612],[-41.5347,-21.7609]],[[-41.5591,-21.7537],[-41.5624,-21.7522],[-41.5591,-21.7536],[-41.5591,-21.7537]]]}},{"type":"Feature","properties":{"cod_tema":"AREA_SERVIDAO_ADMINISTRATIVA_TOTAL","cod_imovel":"RJ-3301009-281F87BAD4CB4CAD92E25E1A58CAE1B5","num_area":"4.1404000000000000000000000000000","ind_status":"AT"},"geometry":{"type":"Polygon","coordinates":[[[-41.5339,-21.7603],[-41.5234,-21.7584],[-41.5215,-21.7661],[-41.5311,-21.7633],[-41.5237,-21.76],[-41.5339,-21.7602],[-41.5339,-21.7603]],[[-41.5347,-21.7609],[-41.537,-21.764],[-41.5419,-21.7607],[-41.5442,-21.7521],[-41.5419,-21.7607],[-41.535,-21.7612],[-41.5347,-21.7609]],[[-41.5591,-21.7537],[-41.5624,-21.7522],[-41.5591,-21.7536],[-41.5591,-21.7537]]]}},{"type":"Feature","properties":{"cod_tema":"AREA_INFRAESTRUTURA_PUBLICA","cod_imovel":"RJ-3301009-65176FCA078045F9BCEA54E8532B8054","num_area":"0.8579000000000000000000000000000","ind_status":"AT"},"geometry":{"type":"Polygon","coordinates":[[[-41.5545,-21.3666],[-41.5571,-21.3692],[-41.5515,-21.3636],[-41.5546,-21.3664],[-41.5545,-21.3666]]]}},{"type":"Feature","properties":{"cod_tema":"AREA_SERVIDAO_ADMINISTRATIVA_TOTAL","cod_imovel":"RJ-3301009-65176FCA078045F9BCEA54E8532B8054","num_area":"0.8579000000000000000000000000000","ind_status":"AT"},"geometry":{"type":"Polygon","coordinates":[[[-41.5545,-21.3666],[-41.5571,-21.3692],[-41.5515,-21.3636],[-41.5546,-21.3664],[-41.5545,-21.3666]]]}},{"type":"Feature","properties":{"cod_tema":"AREA_UTILIDADE_PUBLICA","cod_imovel":"RJ-3301009-FE9ED039262C48EE96AB3E824AE523EE","num_area":"0.8846000000000000000000000000000","ind_status":"AT"},"geometry":{"type":"Polygon","coordinates":[[[-41.4228,-21.3518],[-41.4373,-21.3586],[-41.4486,-21.3574],[-41.4373,-21.3586],[-41.423,-21.3519],[-41.4228,-21.3518]]]}},{"type":"Feature","properties":{"cod_tema":"AREA_SERVIDAO_ADMINISTRATIVA_TOTAL","cod_imovel":"RJ-3301009-FE9ED039262C48EE96AB3E824AE523EE","num_area":"0.8846000000000000000000000000000","ind_status":"AT"},"geometry":{"type":"Polygon","coordinates":[[[-41.4228,-21.3518],[-41.4373,-21.3586],[-41.4486,-21.3574],[-41.4373,-21.3586],[-41.423,-21.3519],[-41.4228,-21.3518]]]}},{"type":"Feature","properties":{"cod_tema":"AREA_UTILIDADE_PUBLICA","cod_imovel":"RJ-3301009-0D02F8ED8D1D4CD1ABA3C9A70F3FBF01","num_area":"1.5269000000000000000000000000000","ind_status":"AT"},"geometry":{"type":"Polygon","coordinates":[[[-41.4653,-21.2239],[-41.4699,-21.225],[-41.4654,-21.2238],[-41.4653,-21.2239]]]}},{"type":"Feature","properties":{"cod_tema":"AREA_SERVIDAO_ADMINISTRATIVA_TOTAL","cod_imovel":"RJ-3301009-0D02F8ED8D1D4CD1ABA3C9A70F3FBF01","num_area":"1.5269000000000000000000000000000","ind_status":"AT"},"geometry":{"type":"Polygon","coordinates":[[[-41.4653,-21.2239],[-41.4699,-21.225],[-41.4654,-21.2238],[-41.4653,-21.2239]]]}},{"type":"Feature","properties":{"cod_tema":"AREA_UTILIDADE_PUBLICA","cod_imovel":"RJ-3301009-A920DAD31CDB421281DB84AFC4680302","num_area":"16.628100000000000000000000000000","ind_status":"AT"},"geometry":{"type":"Polygon","coordinates":[[[-41.5332,-21.8477],[-41.5367,-21.8525],[-41.5341,-21.8487],[-41.544,-21.8515],[-41.5332,-21.8477],[-41.5332,-21.8477]]]}},{"type":"Feature","properties":{"cod_tema":"AREA_SERVIDAO_ADMINISTRATIVA_TOTAL","cod_imovel":"RJ-3301009-A920DAD31CDB421281DB84AFC4680302","num_area":"16.628100000000000000000000000000","ind_status":"AT"},"geometry":{"type":"Polygon","coordinates":[[[-41.5332,-21.8477],[-41.5367,-21.8525],[-41.5341,-21.8487],[-41.544,-21.8515],[-41.5332,-21.8477],[-41.5332,-21.8477]]]}},{"type":"Feature","properties":{"cod_tema":"AREA_UTILIDADE_PUBLICA","cod_imovel":"RJ-3301009-0DCC38BF0128414A84E58E91C8D70471","num_area":"0.8115000000000000000000000000000","ind_status":"AT"},"geometry":{"type":"Polygon","coordinates":[[[-41.5298,-21.7058],[-41.5238,-21.7058],[-41.5298,-21.7058],[-41.5298,-21.7058]],[[-41.5274,-21.7065],[-41.5243,-21.7056],[-41.5273,-21.7065],[-41.5274,-21.7065]]]}},{"type":"Feature","properties":{"cod_tema":"AREA_SERVIDAO_ADMINISTRATIVA_TOTAL","cod_imovel":"RJ-3301009-0DCC38BF0128414A84E58E91C8D70471","num_area":"0.8115000000000000000000000000000","ind_status":"AT"},"geometry":{"type":"Polygon","coordinates":[[[-41.5298,-21.7058],[-41.5238,-21.7058],[-41.5298,-21.7058],[-41.5298,-21.7058]],[[-41.5274,-21.7065],[-41.5243,-21.7056],[-41.5273,-21.7065],[-41.5274,-21.7065]]]}},{"type":"Feature","properties":{"cod_tema":"AREA_INFRAESTRUTURA_PUBLICA","cod_imovel":"RJ-3301009-51CB91F5AC304C1FBDCD32390148F5DC","num_area":"0.3582000000000000000000000000000","ind_status":"AT"},"geometry":{"type":"Polygon","coordinates":[[[-41.4855,-21.2672],[-41.4814,-21.2647],[-41.4853,-21.267],[-41.4855,-21.2672]]]}},{"type":"Feature","properties":{"cod_tema":"AREA_SERVIDAO_ADMINISTRATIVA_TOTAL","cod_imovel":"RJ-3301009-51CB91F5AC304C1FBDCD32390148F5DC","num_area":"0.3582000000000000000000000000000","ind_status":"AT"},"geometry":{"type":"Polygon","coordinates":[[[-41.4855,-21.2672],[-41.4814,-21.2647],[-41.4853,-21.267],[-41.4855,-21.2672]]]}},{"type":"Feature","properties":{"cod_tema":"AREA_UTILIDADE_PUBLICA","cod_imovel":"RJ-3301009-440E1213889A4B51A571671815B876CF","num_area":"0.3745000000000000000000000000000","ind_status":"AT"},"geometry":{"type":"Polygon","coordinates":[[[-41.245,-21.8951],[-41.2415,-21.8949],[-41.2451,-21.8952],[-41.245,-21.8951]]]}},{"type":"Feature","properties":{"cod_tema":"AREA_SERVIDAO_ADMINISTRATIVA_TOTAL","cod_imovel":"RJ-3301009-440E1213889A4B51A571671815B876CF","num_area":"0.5194000000000000000000000000000","ind_status":"AT"},"geometry":{"type":"Polygon","coordinates":[[[-41.245,-21.8951],[-41.2415,-21.8949],[-41.2451,-21.8952],[-41.245,-21.8951]]]}},{"type":"Feature","properties":{"cod_tema":"AREA_UTILIDADE_PUBLICA","cod_imovel":"RJ-3301009-0BD653B01B9B4E6AA8832CE0927E96F0","num_area":"35.490000000000000000000000000000","ind_status":"AT"},"geometry":{"type":"Polygon","coordinates":[[[-41.3265,-21.8125],[-41.3225,-21.82],[-41.3296,-21.819],[-41.3312,-21.8141],[-41.3269,-21.8123],[-41.3265,-21.8125]]]}},{"type":"Feature","properties":{"cod_tema":"AREA_SERVIDAO_ADMINISTRATIVA_TOTAL","cod_imovel":"RJ-3301009-0BD653B01B9B4E6AA8832CE0927E96F0","num_area":"35.972300000000000000000000000000","ind_status":"AT"},"geometry":{"type":"Polygon","coordinates":[[[-41.3265,-21.8125],[-41.3225,-21.82],[-41.3296,-21.819],[-41.3312,-21.8141],[-41.3269,-21.8123],[-41.3265,-21.8125]]]}},{"type":"Feature","properties":{"cod_tema":"AREA_INFRAESTRUTURA_PUBLICA","cod_imovel":"RJ-3301009-1A1400575ACF422F95F55B05B2DCA4B3","num_area":"5.0769000000000000000000000000000","ind_status":"AT"},"geometry":{"type":"Polygon","coordinates":[[[-41.363,-21.7346],[-41.3642,-21.7385],[-41.3624,-21.7297],[-41.363,-21.7346]]]}},{"type":"Feature","properties":{"cod_tema":"AREA_SERVIDAO_ADMINISTRATIVA_TOTAL","cod_imovel":"RJ-3301009-1A1400575ACF422F95F55B05B2DCA4B3","num_area":"5.0769000000000000000000000000000","ind_status":"AT"},"geometry":{"type":"Polygon","coordinates":[[[-41.363,-21.7346],[-41.3642,-21.7385],[-41.3624,-21.7297],[-41.363,-21.7346]]]}},{"type":"Feature","properties":{"cod_tema":"AREA_INFRAESTRUTURA_PUBLICA","cod_imovel":"RJ-3301009-A38629D48BCF4399BFF91CB32F3567EF","num_area":"0.7773000000000000000000000000000","ind_status":"AT"},"geometry":{"type":"Polygon","coordinates":[[[-41.7152,-21.759],[-41.7166,-21.7641],[-41.7148,-21.7595],[-41.7152,-21.759]],[[-41.7167,-21.7642],[-41.7108,-21.7625],[-41.7164,-21.7645],[-41.7167,-21.7642]]]}},{"type":"Feature","properties":{"cod_tema":"AREA_SERVIDAO_ADMINISTRATIVA_TOTAL","cod_imovel":"RJ-3301009-A38629D48BCF4399BFF91CB32F3567EF","num_area":"0.7773000000000000000000000000000","ind_status":"AT"},"geometry":{"type":"Polygon","coordinates":[[[-41.7152,-21.759],[-41.7166,-21.7641],[-41.7148,-21.7595],[-41.7152,-21.759]],[[-41.7167,-21.7642],[-41.7108,-21.7625],[-41.7164,-21.7645],[-41.7167,-21.7642]]]}},{"type":"Feature","properties":{"cod_tema":"AREA_UTILIDADE_PUBLICA","cod_imovel":"RJ-3301009-98C787223EBE4733BA80D7D6E0274C6E","num_area":"0.8963000000000000000000000000000","ind_status":"AT"},"geometry":{"type":"Polygon","coordinates":[[[-41.3865,-21.6546],[-41.3798,-21.6568],[-41.3865,-21.6546],[-41.3865,-21.6546]]]}},{"type":"Feature","properties":{"cod_tema":"AREA_SERVIDAO_ADMINISTRATIVA_TOTAL","cod_imovel":"RJ-3301009-98C787223EBE4733BA80D7D6E0274C6E","num_area":"0.8963000000000000000000000000000","ind_status":"AT"},"geometry":{"type":"Polygon","coordinates":[[[-41.3865,-21.6546],[-41.3798,-21.6568],[-41.3865,-21.6546],[-41.3865,-21.6546]]]}},{"type":"Feature","properties":{"cod_tema":"AREA_INFRAESTRUTURA_PUBLICA","cod_imovel":"RJ-3301009-B4581912DCD44AED8644EE88C56849F3","num_area":"0.9741000000000000000000000000000","ind_status":"AT"},"geometry":{"type":"Polygon","coordinates":[[[-41.7377,-21.8832],[-41.7403,-21.8874],[-41.7378,-21.8839],[-41.7377,-21.8832]],[[-41.7309,-21.8831],[-41.7365,-21.8822],[-41.7311,-21.883],[-41.7309,-21.8831]]]}},{"type":"Feature","properties":{"cod_tema":"AREA_SERVIDAO_ADMINISTRATIVA_TOTAL","cod_imovel":"RJ-3301009-B4581912DCD44AED8644EE88C56849F3","num_area":"0.9741000000000000000000000000000","ind_status":"AT"},"geometry":{"type":"Polygon","coordinates":[[[-41.7377,-21.8832],[-41.7403,-21.8874],[-41.7378,-21.8839],[-41.7377,-21.8832]],[[-41.7309,-21.8831],[-41.7365,-21.8822],[-41.7311,-21.883],[-41.7309,-21.8831]]]}},{"type":"Feature","properties":{"cod_tema":"AREA_UTILIDADE_PUBLICA","cod_imovel":"RJ-3301009-AF9ED49EE5504A6B92243FBF95772898","num_area":"0.3023000000000000000000000000000","ind_status":"AT"},"geometry":{"type":"Polygon","coordinates":[[[-41.6214,-21.9906],[-41.6249,-21.9898],[-41.6216,-21.9906],[-41.6214,-21.9906]]]}},{"type":"Feature","properties":{"cod_tema":"AREA_SERVIDAO_ADMINISTRATIVA_TOTAL","cod_imovel":"RJ-3301009-AF9ED49EE5504A6B92243FBF95772898","num_area":"0.3023000000000000000000000000000","ind_status":"AT"},"geometry":{"type":"Polygon","coordinates":[[[-41.6214,-21.9906],[-41.6249,-21.9898],[-41.6216,-21.9906],[-41.6214,-21.9906]]]}},{"type":"Feature","properties":{"cod_tema":"AREA_INFRAESTRUTURA_PUBLICA","cod_imovel":"RJ-3301009-BE0B20CEFD4A42C99C6DC4E6C451A284","num_area":"1.4052000000000000000000000000000","ind_status":"AT"},"geometry":{"type":"Polygon","coordinates":[[[-41.3642,-21.7385],[-41.3613,-21.7298],[-41.3642,-21.7385],[-41.3642,-21.7385]]]}},{"type":"Feature","properties":{"cod_tema":"AREA_SERVIDAO_ADMINISTRATIVA_TOTAL","cod_imovel":"RJ-3301009-BE0B20CEFD4A42C99C6DC4E6C451A284","num_area":"1.4052000000000000000000000000000","ind_status":"AT"},"geometry":{"type":"Polygon","coordinates":[[[-41.3642,-21.7385],[-41.3613,-21.7298],[-41.3642,-21.7385],[-41.3642,-21.7385]]]}},{"type":"Feature","properties":{"cod_tema":"AREA_INFRAESTRUTURA_PUBLICA","cod_imovel":"RJ-3301009-B79F01548D3F42A3B7F4B4CD1D17CE79","num_area":"30.855000000000000000000000000000","ind_status":"PE"},"geometry":{"type":"Polygon","coordinates":[[[-41.3786,-21.7562],[-41.3765,-21.7463],[-41.368,-21.7371],[-41.3784,-21.7561],[-41.3786,-21.7562]],[[-41.3811,-21.7522],[-41.3751,-21.7397],[-41.3806,-21.757],[-41.3775,-21.748],[-41.3811,-21.7522],[-41.3811,-21.7522]]]}},{"type":"Feature","properties":{"cod_tema":"AREA_SERVIDAO_ADMINISTRATIVA_TOTAL","cod_imovel":"RJ-3301009-B79F01548D3F42A3B7F4B4CD1D17CE79","num_area":"30.855000000000000000000000000000","ind_status":"PE"},"geometry":{"type":"Polygon","coordinates":[[[-41.3786,-21.7562],[-41.3765,-21.7463],[-41.368,-21.7371],[-41.3784,-21.7561],[-41.3786,-21.7562]],[[-41.3811,-21.7522],[-41.3751,-21.7397],[-41.3806,-21.757],[-41.3775,-21.748],[-41.3811,-21.7522],[-41.3811,-21.7522]]]}},{"type":"Feature","properties":{"cod_tema":"AREA_UTILIDADE_PUBLICA","cod_imovel":"RJ-3301009-8DDA1B671AE14F52B9B1D7DA5BB1263B","num_area":"187.23540000000000000000000000000","ind_status":"PE"},"geometry":{"type":"Polygon","coordinates":[[[-41.4896,-21.6274],[-41.4935,-21.6197],[-41.4871,-21.6148],[-41.4784,-21.6246],[-41.4826,-21.6324],[-41.4881,-21.6305],[-41.4896,-21.6274]],[[-41.4439,-21.6103],[-41.4488,-21.6202],[-41.4569,-21.6222],[-41.4489,-21.6202],[-41.4443,-21.6104],[-41.4439,-21.6103]],[[-41.426,-21.6174],[-41.4238,-21.6242],[-41.4258,-21.6177],[-41.426,-21.6174]],[[-41.4455,-21.5989],[-41.4491,-21.6053],[-41.4441,-21.6095],[-41.4492,-21.6053],[-41.4454,-21.5991],[-41.4455,-21.5989]]]}},{"type":"Feature","properties":{"cod_tema":"AREA_SERVIDAO_ADMINISTRATIVA_TOTAL","cod_imovel":"RJ-3301009-8DDA1B671AE14F52B9B1D7DA5BB1263B","num_area":"187.23540000000000000000000000000","ind_status":"PE"},"geometry":{"type":"Polygon","coordinates":[[[-41.4896,-21.6274],[-41.4935,-21.6197],[-41.4871,-21.6148],[-41.4784,-21.6246],[-41.4826,-21.6324],[-41.4881,-21.6305],[-41.4896,-21.6274]],[[-41.4439,-21.6103],[-41.4488,-21.6202],[-41.4569,-21.6222],[-41.4489,-21.6202],[-41.4443,-21.6104],[-41.4439,-21.6103]],[[-41.426,-21.6174],[-41.4238,-21.6242],[-41.4258,-21.6177],[-41.426,-21.6174]],[[-41.4455,-21.5989],[-41.4491,-21.6053],[-41.4441,-21.6095],[-41.4492,-21.6053],[-41.4454,-21.5991],[-41.4455,-21.5989]]]}},{"type":"Feature","properties":{"cod_tema":"AREA_INFRAESTRUTURA_PUBLICA","cod_imovel":"RJ-3301009-7D160E5F71DD490EA93CFED94CF3FCAD","num_area":"6.8514000000000000000000000000000","ind_status":"PE"},"geometry":{"type":"Polygon","coordinates":[[[-41.3682,-21.7369],[-41.3631,-21.729],[-41.368,-21.737],[-41.3682,-21.7369]]]}},{"type":"Feature","properties":{"cod_tema":"AREA_SERVIDAO_ADMINISTRATIVA_TOTAL","cod_imovel":"RJ-3301009-7D160E5F71DD490EA93CFED94CF3FCAD","num_area":"6.8514000000000000000000000000000","ind_status":"PE"},"geometry":{"type":"Polygon","coordinates":[[[-41.3682,-21.7369],[-41.3631,-21.729],[-41.368,-21.737],[-41.3682,-21.7369]]]}},{"type":"Feature","properties":{"cod_tema":"AREA_INFRAESTRUTURA_PUBLICA","cod_imovel":"RJ-3301009-83304ABF4D4E44A5898F8E9944A6B513","num_area":"0.5331000000000000000000000000000","ind_status":"AT"},"geometry":{"type":"Polygon","coordinates":[[[-41.6496,-21.8256],[-41.6443,-21.8224],[-41.6495,-21.8256],[-41.6496,-21.8256]]]}},{"type":"Feature","properties":{"cod_tema":"AREA_SERVIDAO_ADMINISTRATIVA_TOTAL","cod_imovel":"RJ-3301009-83304ABF4D4E44A5898F8E9944A6B513","num_area":"0.5331000000000000000000000000000","ind_status":"AT"},"geometry":{"type":"Polygon","coordinates":[[[-41.6496,-21.8256],[-41.6443,-21.8224],[-41.6495,-21.8256],[-41.6496,-21.8256]]]}},{"type":"Feature","properties":{"cod_tema":"AREA_INFRAESTRUTURA_PUBLICA","cod_imovel":"RJ-3301009-BF7FD5F8F00746FBB1B5E638590A8556","num_area":"3.3832000000000000000000000000000","ind_status":"AT"},"geometry":{"type":"Polygon","coordinates":[[[-41.6126,-21.7289],[-41.6197,-21.7231],[-41.6125,-21.7289],[-41.6126,-21.7289]]]}},{"type":"Feature","properties":{"cod_tema":"AREA_SERVIDAO_ADMINISTRATIVA_TOTAL","cod_imovel":"RJ-3301009-BF7FD5F8F00746FBB1B5E638590A8556","num_area":"3.3832000000000000000000000000000","ind_status":"AT"},"geometry":{"type":"Polygon","coordinates":[[[-41.6126,-21.7289],[-41.6197,-21.7231],[-41.6125,-21.7289],[-41.6126,-21.7289]]]}},{"type":"Feature","properties":{"cod_tema":"AREA_UTILIDADE_PUBLICA","cod_imovel":"RJ-3301009-A8F43235AA19447BA7861FA6F208CCD1","num_area":"0.1919000000000000000000000000000","ind_status":"AT"},"geometry":{"type":"Polygon","coordinates":[[[-41.6071,-21.7123],[-41.6056,-21.7097],[-41.6071,-21.7124],[-41.6071,-21.7123]]]}},{"type":"Feature","properties":{"cod_tema":"AREA_SERVIDAO_ADMINISTRATIVA_TOTAL","cod_imovel":"RJ-3301009-A8F43235AA19447BA7861FA6F208CCD1","num_area":"0.1919000000000000000000000000000","ind_status":"AT"},"geometry":{"type":"Polygon","coordinates":[[[-41.6071,-21.7123],[-41.6056,-21.7097],[-41.6071,-21.7124],[-41.6071,-21.7123]]]}},{"type":"Feature","properties":{"cod_tema":"AREA_UTILIDADE_PUBLICA","cod_imovel":"RJ-3301009-0B6E3235EE2F4A178AE626B9B211133E","num_area":"0.2731000000000000000000000000000","ind_status":"AT"},"geometry":{"type":"Polygon","coordinates":[[[-41.3106,-21.481],[-41.3139,-21.4781],[-41.3106,-21.481],[-41.3106,-21.481]],[[-41.294,-21.4668],[-41.2969,-21.4637],[-41.2941,-21.4667],[-41.294,-21.4668]]]}},{"type":"Feature","properties":{"cod_tema":"AREA_SERVIDAO_ADMINISTRATIVA_TOTAL","cod_imovel":"RJ-3301009-0B6E3235EE2F4A178AE626B9B211133E","num_area":"0.2731000000000000000000000000000","ind_status":"AT"},"geometry":{"type":"Polygon","coordinates":[[[-41.3106,-21.481],[-41.3139,-21.4781],[-41.3106,-21.481],[-41.3106,-21.481]],[[-41.294,-21.4668],[-41.2969,-21.4637],[-41.2941,-21.4667],[-41.294,-21.4668]]]}},{"type":"Feature","properties":{"cod_tema":"AREA_UTILIDADE_PUBLICA","cod_imovel":"RJ-3301009-583DB4D84FAD46029397F9B1FBAC19CD","num_area":"0.9133000000000000000000000000000","ind_status":"AT"},"geometry":{"type":"Polygon","coordinates":[[[-41.3045,-21.8941],[-41.3028,-21.8969],[-41.3044,-21.8942],[-41.3045,-21.8941]]]}},{"type":"Feature","properties":{"cod_tema":"AREA_SERVIDAO_ADMINISTRATIVA_TOTAL","cod_imovel":"RJ-3301009-583DB4D84FAD46029397F9B1FBAC19CD","num_area":"0.9133000000000000000000000000000","ind_status":"AT"},"geometry":{"type":"Polygon","coordinates":[[[-41.3045,-21.8941],[-41.3028,-21.8969],[-41.3044,-21.8942],[-41.3045,-21.8941]]]}},{"type":"Feature","properties":{"cod_tema":"AREA_INFRAESTRUTURA_PUBLICA","cod_imovel":"RJ-3301009-C67EA092DE7B4A45B32A7D56814869BA","num_area":"0.3655000000000000000000000000000","ind_status":"AT"},"geometry":{"type":"Polygon","coordinates":[[[-41.3894,-21.4853],[-41.3863,-21.4902],[-41.3894,-21.4853],[-41.3894,-21.4853]]]}},{"type":"Feature","properties":{"cod_tema":"AREA_SERVIDAO_ADMINISTRATIVA_TOTAL","cod_imovel":"RJ-3301009-C67EA092DE7B4A45B32A7D56814869BA","num_area":"0.3655000000000000000000000000000","ind_status":"AT"},"geometry":{"type":"Polygon","coordinates":[[[-41.3894,-21.4853],[-41.3863,-21.4902],[-41.3894,-21.4853],[-41.3894,-21.4853]]]}},{"type":"Feature","properties":{"cod_tema":"AREA_INFRAESTRUTURA_PUBLICA","cod_imovel":"RJ-3301009-A3BCB182982F467FA0603C539EE432A7","num_area":"0.3170000000000000000000000000000","ind_status":"AT"},"geometry":{"type":"Polygon","coordinates":[[[-41.4156,-21.231],[-41.4197,-21.2275],[-41.4158,-21.2309],[-41.4156,-21.231]]]}},{"type":"Feature","properties":{"cod_tema":"AREA_SERVIDAO_ADMINISTRATIVA_TOTAL","cod_imovel":"RJ-3301009-A3BCB182982F467FA0603C539EE432A7","num_area":"0.3170000000000000000000000000000","ind_status":"AT"},"geometry":{"type":"Polygon","coordinates":[[[-41.4156,-21.231],[-41.4197,-21.2275],[-41.4158,-21.2309],[-41.4156,-21.231]]]}},{"type":"Feature","properties":{"cod_tema":"AREA_INFRAESTRUTURA_PUBLICA","cod_imovel":"RJ-3301009-9F67E879331F4DDF8CC4053D8DC81FA6","num_area":"1.7470000000000000000000000000000","ind_status":"AT"},"geometry":{"type":"Polygon","coordinates":[[[-41.7883,-21.8792],[-41.7723,-21.8887],[-41.7881,-21.8793],[-41.7883,-21.8792]]]}},{"type":"Feature","properties":{"cod_tema":"AREA_SERVIDAO_ADMINISTRATIVA_TOTAL","cod_imovel":"RJ-3301009-9F67E879331F4DDF8CC4053D8DC81FA6","num_area":"1.7470000000000000000000000000000","ind_status":"AT"},"geometry":{"type":"Polygon","coordinates":[[[-41.7883,-21.8792],[-41.7723,-21.8887],[-41.7881,-21.8793],[-41.7883,-21.8792]]]}},{"type":"Feature","properties":{"cod_tema":"AREA_UTILIDADE_PUBLICA","cod_imovel":"RJ-3301009-1F3EEB7D26AF432A9028638B874B3A86","num_area":"3.2071000000000000000000000000000","ind_status":"AT"},"geometry":{"type":"Polygon","coordinates":[[[-41.2832,-21.8023],[-41.2889,-21.8098],[-41.2832,-21.8023],[-41.2832,-21.8023]]]}},{"type":"Feature","properties":{"cod_tema":"AREA_SERVIDAO_ADMINISTRATIVA_TOTAL","cod_imovel":"RJ-3301009-1F3EEB7D26AF432A9028638B874B3A86","num_area":"3.2071000000000000000000000000000","ind_status":"AT"},"geometry":{"type":"Polygon","coordinates":[[[-41.2832,-21.8023],[-41.2889,-21.8098],[-41.2832,-21.8023],[-41.2832,-21.8023]]]}},{"type":"Feature","properties":{"cod_tema":"AREA_UTILIDADE_PUBLICA","cod_imovel":"RJ-3301009-1F43BEAA8F1D4C8AA0136CAF8C849B14","num_area":"0.8050000000000000000000000000000","ind_status":"AT"},"geometry":{"type":"Polygon","coordinates":[[[-41.485,-21.2744],[-41.4847,-21.2697],[-41.4851,-21.2741],[-41.485,-21.2744]],[[-41.4945,-21.2681],[-41.4856,-21.2671],[-41.4945,-21.2681],[-41.4945,-21.2681]]]}},{"type":"Feature","properties":{"cod_tema":"AREA_SERVIDAO_ADMINISTRATIVA_TOTAL","cod_imovel":"RJ-3301009-1F43BEAA8F1D4C8AA0136CAF8C849B14","num_area":"0.8050000000000000000000000000000","ind_status":"AT"},"geometry":{"type":"Polygon","coordinates":[[[-41.485,-21.2744],[-41.4847,-21.2697],[-41.4851,-21.2741],[-41.485,-21.2744]],[[-41.4945,-21.2681],[-41.4856,-21.2671],[-41.4945,-21.2681],[-41.4945,-21.2681]]]}},{"type":"Feature","properties":{"cod_tema":"AREA_UTILIDADE_PUBLICA","cod_imovel":"RJ-3301009-898DABCEBD304BA3A51555E66D03CCCE","num_area":"2.7429000000000000000000000000000","ind_status":"PE"},"geometry":{"type":"Polygon","coordinates":[[[-41.2452,-21.7654],[-41.238,-21.7681],[-41.2426,-21.7652],[-41.2452,-21.7654]],[[-41.225,-21.7734],[-41.2299,-21.7827],[-41.2255,-21.7735],[-41.225,-21.7734]]]}},{"type":"Feature","properties":{"cod_tema":"AREA_SERVIDAO_ADMINISTRATIVA_TOTAL","cod_imovel":"RJ-3301009-898DABCEBD304BA3A51555E66D03CCCE","num_area":"2.7429000000000000000000000000000","ind_status":"PE"},"geometry":{"type":"Polygon","coordinates":[[[-41.2452,-21.7654],[-41.238,-21.7681],[-41.2426,-21.7652],[-41.2452,-21.7654]],[[-41.225,-21.7734],[-41.2299,-21.7827],[-41.2255,-21.7735],[-41.225,-21.7734]]]}},{"type":"Feature","properties":{"cod_tema":"AREA_UTILIDADE_PUBLICA","cod_imovel":"RJ-3301009-D603B93301BA4D088D4942BD1040D502","num_area":"0.3476000000000000000000000000000","ind_status":"AT"},"geometry":{"type":"Polygon","coordinates":[[[-41.4038,-21.3091],[-41.3973,-21.305],[-41.4038,-21.3091],[-41.4038,-21.3091]]]}},{"type":"Feature","properties":{"cod_tema":"AREA_SERVIDAO_ADMINISTRATIVA_TOTAL","cod_imovel":"RJ-3301009-D603B93301BA4D088D4942BD1040D502","num_area":"0.3476000000000000000000000000000","ind_status":"AT"},"geometry":{"type":"Polygon","coordinates":[[[-41.4038,-21.3091],[-41.3973,-21.305],[-41.4038,-21.3091],[-41.4038,-21.3091]]]}},{"type":"Feature","properties":{"cod_tema":"AREA_UTILIDADE_PUBLICA","cod_imovel":"RJ-3301009-3A79ADC3829D4653A3CF9A0DC7F1ECE3","num_area":"1.0029000000000000000000000000000","ind_status":"AT"},"geometry":{"type":"Polygon","coordinates":[[[-41.1468,-21.9019],[-41.1412,-21.9059],[-41.147,-21.902],[-41.1468,-21.9019]]]}},{"type":"Feature","properties":{"cod_tema":"AREA_SERVIDAO_ADMINISTRATIVA_TOTAL","cod_imovel":"RJ-3301009-3A79ADC3829D4653A3CF9A0DC7F1ECE3","num_area":"1.0029000000000000000000000000000","ind_status":"AT"},"geometry":{"type":"Polygon","coordinates":[[[-41.1468,-21.9019],[-41.1412,-21.9059],[-41.147,-21.902],[-41.1468,-21.9019]]]}},{"type":"Feature","properties":{"cod_tema":"AREA_INFRAESTRUTURA_PUBLICA","cod_imovel":"RJ-3301009-4BAD784BE35F493E9F0E33954E39486C","num_area":"0.8379000000000000000000000000000","ind_status":"AT"},"geometry":{"type":"Polygon","coordinates":[[[-41.5661,-21.9069],[-41.5771,-21.9161],[-41.5665,-21.9072],[-41.5661,-21.9069]]]}},{"type":"Feature","properties":{"cod_tema":"AREA_SERVIDAO_ADMINISTRATIVA_TOTAL","cod_imovel":"RJ-3301009-4BAD784BE35F493E9F0E33954E39486C","num_area":"0.8379000000000000000000000000000","ind_status":"AT"},"geometry":{"type":"Polygon","coordinates":[[[-41.5661,-21.9069],[-41.5771,-21.9161],[-41.5665,-21.9072],[-41.5661,-21.9069]]]}},{"type":"Feature","properties":{"cod_tema":"AREA_INFRAESTRUTURA_PUBLICA","cod_imovel":"RJ-3301009-508D5246F8B44648BB3626BEDD81F634","num_area":"0.1641000000000000000000000000000","ind_status":"AT"},"geometry":{"type":"Polygon","coordinates":[[[-41.5561,-21.3275],[-41.5529,-21.3264],[-41.556,-21.3274],[-41.5561,-21.3275]]]}},{"type":"Feature","properties":{"cod_tema":"AREA_SERVIDAO_ADMINISTRATIVA_TOTAL","cod_imovel":"RJ-3301009-508D5246F8B44648BB3626BEDD81F634","num_area":"0.1641000000000000000000000000000","ind_status":"AT"},"geometry":{"type":"Polygon","coordinates":[[[-41.5561,-21.3275],[-41.5529,-21.3264],[-41.556,-21.3274],[-41.5561,-21.3275]]]}},{"type":"Feature","properties":{"cod_tema":"AREA_INFRAESTRUTURA_PUBLICA","cod_imovel":"RJ-3301009-2CD18EBEC8304104A4EE630055C5DC32","num_area":"4.3288000000000000000000000000000","ind_status":"CA"},"geometry":{"type":"Polygon","coordinates":[[[-41.4075,-21.7772],[-41.4198,-21.7708],[-41.409,-21.7763],[-41.4075,-21.7772]]]}},{"type":"Feature","properties":{"cod_tema":"AREA_UTILIDADE_PUBLICA","cod_imovel":"RJ-3301009-2CD18EBEC8304104A4EE630055C5DC32","num_area":"11.024700000000000000000000000000","ind_status":"CA"},"geometry":{"type":"Polygon","coordinates":[[[-41.4127,-21.7894],[-41.4091,-21.7846],[-41.4127,-21.7894],[-41.4127,-21.7894]]]}},{"type":"Feature","properties":{"cod_tema":"AREA_SERVIDAO_ADMINISTRATIVA_TOTAL","cod_imovel":"RJ-3301009-2CD18EBEC8304104A4EE630055C5DC32","num_area":"15.353500000000000000000000000000","ind_status":"CA"},"geometry":{"type":"Polygon","coordinates":[[[-41.4127,-21.7894],[-41.4091,-21.7846],[-41.4127,-21.7894],[-41.4127,-21.7894]],[[-41.4154,-21.7731],[-41.4198,-21.7708],[-41.4076,-21.7775],[-41.4155,-21.7732],[-41.4154,-21.7731]]]}},{"type":"Feature","properties":{"cod_tema":"AREA_INFRAESTRUTURA_PUBLICA","cod_imovel":"RJ-3301009-5BAD731039F74D93BA8E47E9E3BEC091","num_area":"7.0831000000000000000000000000000","ind_status":"CA"},"geometry":{"type":"Polygon","coordinates":[[[-41.4024,-21.8076],[-41.4061,-21.8105],[-41.4026,-21.8078],[-41.4024,-21.8076]],[[-41.3936,-21.7984],[-41.397,-21.8053],[-41.3878,-21.7912],[-41.3931,-21.7976],[-41.3936,-21.7984]],[[-41.3972,-21.8052],[-41.3881,-21.791],[-41.3971,-21.805],[-41.3972,-21.8052]]]}},{"type":"Feature","properties":{"cod_tema":"AREA_SERVIDAO_ADMINISTRATIVA_TOTAL","cod_imovel":"RJ-3301009-5BAD731039F74D93BA8E47E9E3BEC091","num_area":"10.944000000000000000000000000000","ind_status":"CA"},"geometry":{"type":"Polygon","coordinates":[[[-41.4024,-21.8076],[-41.4061,-21.8105],[-41.4026,-21.8078],[-41.4024,-21.8076]],[[-41.3936,-21.7984],[-41.397,-21.8053],[-41.3878,-21.7912],[-41.3931,-21.7976],[-41.3936,-21.7984]],[[-41.3972,-21.8052],[-41.3881,-21.791],[-41.3971,-21.805],[-41.3972,-21.8052]]]}},{"type":"Feature","properties":{"cod_tema":"AREA_INFRAESTRUTURA_PUBLICA","cod_imovel":"RJ-3301009-69BFB7267DCC4CBF901F985CFDA754E1","num_area":"5.6386000000000000000000000000000","ind_status":"CA"},"geometry":{"type":"Polygon","coordinates":[[[-41.4308,-21.7887],[-41.4323,-21.7848],[-41.4444,-21.7939],[-41.4324,-21.7846],[-41.4308,-21.7884],[-41.4308,-21.7887]]]}},{"type":"Feature","properties":{"cod_tema":"AREA_UTILIDADE_PUBLICA","cod_imovel":"RJ-3301009-69BFB7267DCC4CBF901F985CFDA754E1","num_area":"12.491300000000000000000000000000","ind_status":"CA"},"geometry":{"type":"Polygon","coordinates":[[[-41.4365,-21.7717],[-41.4437,-21.7769],[-41.4383,-21.7722],[-41.4365,-21.7717]]]}},{"type":"Feature","properties":{"cod_tema":"AREA_SERVIDAO_ADMINISTRATIVA_TOTAL","cod_imovel":"RJ-3301009-69BFB7267DCC4CBF901F985CFDA754E1","num_area":"18.129900000000000000000000000000","ind_status":"CA"},"geometry":{"type":"Polygon","coordinates":[[[-41.4407,-21.7918],[-41.4444,-21.7939],[-41.4307,-21.7848],[-41.431,-21.7889],[-41.4323,-21.7848],[-41.4405,-21.7918],[-41.4407,-21.7918]],[[-41.4365,-21.7717],[-41.4437,-21.7769],[-41.4383,-21.7722],[-41.4365,-21.7717]]]}},{"type":"Feature","properties":{"cod_tema":"AREA_UTILIDADE_PUBLICA","cod_imovel":"RJ-3301009-8AD44895DB01478384C3CD564C7B0BB1","num_area":"8.9636000000000000000000000000000","ind_status":"CA"},"geometry":{"type":"Polygon","coordinates":[[[-41.4109,-21.7166],[-41.4255,-21.7098],[-41.4119,-21.7162],[-41.4109,-21.7166]],[[-41.4174,-21.7319],[-41.4217,-21.7353],[-41.4296,-21.7325],[-41.4217,-21.7352],[-41.4177,-21.7318],[-41.4174,-21.7319]]]}},{"type":"Feature","properties":{"cod_tema":"AREA_SERVIDAO_ADMINISTRATIVA_TOTAL","cod_imovel":"RJ-3301009-8AD44895DB01478384C3CD564C7B0BB1","num_area":"8.9636000000000000000000000000000","ind_status":"CA"},"geometry":{"type":"Polygon","coordinates":[[[-41.4109,-21.7166],[-41.4255,-21.7098],[-41.4119,-21.7162],[-41.4109,-21.7166]],[[-41.4174,-21.7319],[-41.4217,-21.7353],[-41.4296,-21.7325],[-41.4217,-21.7352],[-41.4177,-21.7318],[-41.4174,-21.7319]]]}},{"type":"Feature","properties":{"cod_tema":"AREA_UTILIDADE_PUBLICA","cod_imovel":"RJ-3301009-A762E9C75E4B45AC81D4FC3FFC682F06","num_area":"13.901600000000000000000000000000","ind_status":"CA"},"geometry":{"type":"Polygon","coordinates":[[[-41.3235,-21.227],[-41.3281,-21.241],[-41.3236,-21.2263],[-41.3235,-21.227]],[[-41.3735,-21.2061],[-41.3697,-21.2068],[-41.3766,-21.2058],[-41.3735,-21.2061]],[[-41.3254,-21.2412],[-41.3229,-21.2384],[-41.3251,-21.2406],[-41.3254,-21.2412]]]}},{"type":"Feature","properties":{"cod_tema":"AREA_SERVIDAO_ADMINISTRATIVA_TOTAL","cod_imovel":"RJ-3301009-A762E9C75E4B45AC81D4FC3FFC682F06","num_area":"13.901600000000000000000000000000","ind_status":"CA"},"geometry":{"type":"Polygon","coordinates":[[[-41.3235,-21.227],[-41.3281,-21.241],[-41.3236,-21.2263],[-41.3235,-21.227]],[[-41.3735,-21.2061],[-41.3697,-21.2068],[-41.3766,-21.2058],[-41.3735,-21.2061]],[[-41.3254,-21.2412],[-41.3229,-21.2384],[-41.3251,-21.2406],[-41.3254,-21.2412]]]}},{"type":"Feature","properties":{"cod_tema":"AREA_INFRAESTRUTURA_PUBLICA","cod_imovel":"RJ-3301009-B94BE8FD5B8149159ABA8D83ECAE3EEB","num_area":"26.330100000000000000000000000000","ind_status":"CA"},"geometry":{"type":"Polygon","coordinates":[[[-41.4054,-21.6525],[-41.4078,-21.6564],[-41.4036,-21.6614],[-41.4079,-21.6567],[-41.4148,-21.6754],[-41.408,-21.6566],[-41.4323,-21.6272],[-41.4244,-21.6363],[-41.4238,-21.6243],[-41.4242,-21.6365],[-41.4113,-21.6525],[-41.4055,-21.6528],[-41.4054,-21.6525]],[[-41.4111,-21.6526],[-41.4079,-21.6563],[-41.4098,-21.6526],[-41.4111,-21.6526]],[[-41.4119,-21.6522],[-41.4235,-21.638],[-41.4119,-21.6522],[-41.4119,-21.6522]]]}},{"type":"Feature","properties":{"cod_tema":"AREA_SERVIDAO_ADMINISTRATIVA_TOTAL","cod_imovel":"RJ-3301009-B94BE8FD5B8149159ABA8D83ECAE3EEB","num_area":"26.330100000000000000000000000000","ind_status":"CA"},"geometry":{"type":"Polygon","coordinates":[[[-41.4054,-21.6525],[-41.4078,-21.6564],[-41.4036,-21.6614],[-41.4079,-21.6567],[-41.4148,-21.6754],[-41.408,-21.6566],[-41.4323,-21.6272],[-41.4244,-21.6363],[-41.4238,-21.6243],[-41.4242,-21.6365],[-41.4113,-21.6525],[-41.4055,-21.6528],[-41.4054,-21.6525]],[[-41.4111,-21.6526],[-41.4079,-21.6563],[-41.4098,-21.6526],[-41.4111,-21.6526]],[[-41.4119,-21.6522],[-41.4235,-21.638],[-41.4119,-21.6522],[-41.4119,-21.6522]]]}},{"type":"Feature","properties":{"cod_tema":"AREA_UTILIDADE_PUBLICA","cod_imovel":"RJ-3301009-F0CA44CD6EED486D8F8C16420B6977AB","num_area":"0.7257000000000000000000000000000","ind_status":"CA"},"geometry":{"type":"Polygon","coordinates":[[[-41.5218,-21.7438],[-41.5186,-21.7389],[-41.5219,-21.744],[-41.5218,-21.7438]],[[-41.5246,-21.7352],[-41.5288,-21.7362],[-41.5246,-21.7352],[-41.5246,-21.7352]],[[-41.5289,-21.7361],[-41.5288,-21.7313],[-41.5289,-21.7361],[-41.5289,-21.7361]]]}},{"type":"Feature","properties":{"cod_tema":"AREA_SERVIDAO_ADMINISTRATIVA_TOTAL","cod_imovel":"RJ-3301009-F0CA44CD6EED486D8F8C16420B6977AB","num_area":"0.7257000000000000000000000000000","ind_status":"CA"},"geometry":{"type":"Polygon","coordinates":[[[-41.5218,-21.7438],[-41.5186,-21.7389],[-41.5219,-21.744],[-41.5218,-21.7438]],[[-41.5246,-21.7352],[-41.5288,-21.7362],[-41.5246,-21.7352],[-41.5246,-21.7352]],[[-41.5289,-21.7361],[-41.5288,-21.7313],[-41.5289,-21.7361],[-41.5289,-21.7361]]]}},{"type":"Feature","properties":{"cod_tema":"AREA_INFRAESTRUTURA_PUBLICA","cod_imovel":"RJ-3301009-F9D969DB2146419EBEC113BAA6A379A9","num_area":"4.4611000000000000000000000000000","ind_status":"PE"},"geometry":{"type":"Polygon","coordinates":[[[-41.2112,-21.7417],[-41.2287,-21.7531],[-41.2114,-21.7418],[-41.2112,-21.7417]]]}},{"type":"Feature","properties":{"cod_tema":"AREA_SERVIDAO_ADMINISTRATIVA_TOTAL","cod_imovel":"RJ-3301009-F9D969DB2146419EBEC113BAA6A379A9","num_area":"4.4611000000000000000000000000000","ind_status":"PE"},"geometry":{"type":"Polygon","coordinates":[[[-41.2112,-21.7417],[-41.2287,-21.7531],[-41.2114,-21.7418],[-41.2112,-21.7417]]]}},{"type":"Feature","properties":{"cod_tema":"AREA_INFRAESTRUTURA_PUBLICA","cod_imovel":"RJ-3301009-7FBE143E1E5F4890A7063E7E5047790A","num_area":"4.4059000000000000000000000000000","ind_status":"AT"},"geometry":{"type":"Polygon","coordinates":[[[-41.4613,-21.3124],[-41.4602,-21.3068],[-41.4577,-21.3138],[-41.4613,-21.3124],[-41.4613,-21.3124]],[[-41.4498,-21.3286],[-41.4547,-21.3271],[-41.4469,-21.3269],[-41.4498,-21.3284],[-41.4498,-21.3286]],[[-41.4556,-21.3263],[-41.4571,-21.3219],[-41.4556,-21.3262],[-41.4556,-21.3263]]]}},{"type":"Feature","properties":{"cod_tema":"AREA_SERVIDAO_ADMINISTRATIVA_TOTAL","cod_imovel":"RJ-3301009-7FBE143E1E5F4890A7063E7E5047790A","num_area":"4.4059000000000000000000000000000","ind_status":"AT"},"geometry":{"type":"Polygon","coordinates":[[[-41.4613,-21.3124],[-41.4602,-21.3068],[-41.4577,-21.3138],[-41.4613,-21.3124],[-41.4613,-21.3124]],[[-41.4498,-21.3286],[-41.4547,-21.3271],[-41.4469,-21.3269],[-41.4498,-21.3284],[-41.4498,-21.3286]],[[-41.4556,-21.3263],[-41.4571,-21.3219],[-41.4556,-21.3262],[-41.4556,-21.3263]]]}},{"type":"Feature","properties":{"cod_tema":"AREA_INFRAESTRUTURA_PUBLICA","cod_imovel":"RJ-3301009-1591018FF91B411B92A1E1FB5FF17095","num_area":"11.395900000000000000000000000000","ind_status":"PE"},"geometry":{"type":"Polygon","coordinates":[[[-41.636,-21.7465],[-41.6316,-21.7444],[-41.6358,-21.7465],[-41.6353,-21.7589],[-41.6359,-21.7468],[-41.636,-21.7465]],[[-41.6529,-21.7623],[-41.6389,-21.747],[-41.6529,-21.7623],[-41.6529,-21.7623]]]}},{"type":"Feature","properties":{"cod_tema":"AREA_SERVIDAO_ADMINISTRATIVA_TOTAL","cod_imovel":"RJ-3301009-1591018FF91B411B92A1E1FB5FF17095","num_area":"11.395900000000000000000000000000","ind_status":"PE"},"geometry":{"type":"Polygon","coordinates":[[[-41.636,-21.7465],[-41.6316,-21.7444],[-41.6358,-21.7465],[-41.6353,-21.7589],[-41.6359,-21.7468],[-41.636,-21.7465]],[[-41.6529,-21.7623],[-41.6389,-21.747],[-41.6529,-21.7623],[-41.6529,-21.7623]]]}},{"type":"Feature","properties":{"cod_tema":"AREA_UTILIDADE_PUBLICA","cod_imovel":"RJ-3301009-F836CA52E3B04BE7810B73A2F0C18711","num_area":"0.4151000000000000000000000000000","ind_status":"AT"},"geometry":{"type":"Polygon","coordinates":[[[-41.2551,-21.5859],[-41.258,-21.5885],[-41.2551,-21.5859],[-41.2551,-21.5859]]]}},{"type":"Feature","properties":{"cod_tema":"AREA_SERVIDAO_ADMINISTRATIVA_TOTAL","cod_imovel":"RJ-3301009-F836CA52E3B04BE7810B73A2F0C18711","num_area":"0.4151000000000000000000000000000","ind_status":"AT"},"geometry":{"type":"Polygon","coordinates":[[[-41.2551,-21.5859],[-41.258,-21.5885],[-41.2551,-21.5859],[-41.2551,-21.5859]]]}},{"type":"Feature","properties":{"cod_tema":"AREA_INFRAESTRUTURA_PUBLICA","cod_imovel":"RJ-3301009-88666A04426B40979C727EC8ED90660B","num_area":"0.3314000000000000000000000000000","ind_status":"AT"},"geometry":{"type":"Polygon","coordinates":[[[-41.5678,-21.7341],[-41.5665,-21.7292],[-41.5678,-21.7341],[-41.5678,-21.7341]]]}},{"type":"Feature","properties":{"cod_tema":"AREA_SERVIDAO_ADMINISTRATIVA_TOTAL","cod_imovel":"RJ-3301009-88666A04426B40979C727EC8ED90660B","num_area":"0.3314000000000000000000000000000","ind_status":"AT"},"geometry":{"type":"Polygon","coordinates":[[[-41.5678,-21.7341],[-41.5665,-21.7292],[-41.5678,-21.7341],[-41.5678,-21.7341]]]}},{"type":"Feature","properties":{"cod_tema":"AREA_UTILIDADE_PUBLICA","cod_imovel":"RJ-3301009-8B72BAE369154E2F93EA3542D39C94D5","num_area":"0.5127000000000000000000000000000","ind_status":"PE"},"geometry":{"type":"Polygon","coordinates":[[[-41.7176,-21.7638],[-41.7216,-21.7679],[-41.7176,-21.7638],[-41.7176,-21.7638]]]}},{"type":"Feature","properties":{"cod_tema":"AREA_SERVIDAO_ADMINISTRATIVA_TOTAL","cod_imovel":"RJ-3301009-8B72BAE369154E2F93EA3542D39C94D5","num_area":"0.5127000000000000000000000000000","ind_status":"PE"},"geometry":{"type":"Polygon","coordinates":[[[-41.7176,-21.7638],[-41.7216,-21.7679],[-41.7176,-21.7638],[-41.7176,-21.7638]]]}},{"type":"Feature","properties":{"cod_tema":"AREA_UTILIDADE_PUBLICA","cod_imovel":"RJ-3301009-FF8CF9C03B0348CFB84C7637C29DA2FA","num_area":"0.4051000000000000000000000000000","ind_status":"AT"},"geometry":{"type":"Polygon","coordinates":[[[-41.5427,-21.7702],[-41.5396,-21.7717],[-41.5425,-21.7702],[-41.5427,-21.7702]]]}},{"type":"Feature","properties":{"cod_tema":"AREA_SERVIDAO_ADMINISTRATIVA_TOTAL","cod_imovel":"RJ-3301009-FF8CF9C03B0348CFB84C7637C29DA2FA","num_area":"0.4051000000000000000000000000000","ind_status":"AT"},"geometry":{"type":"Polygon","coordinates":[[[-41.5427,-21.7702],[-41.5396,-21.7717],[-41.5425,-21.7702],[-41.5427,-21.7702]]]}},{"type":"Feature","properties":{"cod_tema":"AREA_UTILIDADE_PUBLICA","cod_imovel":"RJ-3301009-79324012EB5A4EB2ACB71FA5E5C71A70","num_area":"0.2278000000000000000000000000000","ind_status":"AT"},"geometry":{"type":"Polygon","coordinates":[[[-41.3978,-21.2341],[-41.3958,-21.2369],[-41.3976,-21.2344],[-41.3978,-21.2341]]]}},{"type":"Feature","properties":{"cod_tema":"AREA_SERVIDAO_ADMINISTRATIVA_TOTAL","cod_imovel":"RJ-3301009-79324012EB5A4EB2ACB71FA5E5C71A70","num_area":"0.2278000000000000000000000000000","ind_status":"AT"},"geometry":{"type":"Polygon","coordinates":[[[-41.3978,-21.2341],[-41.3958,-21.2369],[-41.3976,-21.2344],[-41.3978,-21.2341]]]}},{"type":"Feature","properties":{"cod_tema":"AREA_UTILIDADE_PUBLICA","cod_imovel":"RJ-3301009-F78F01DF123144FFB0C83BF2E52E5A61","num_area":"0.4374000000000000000000000000000","ind_status":"CA"},"geometry":{"type":"Polygon","coordinates":[[[-41.5048,-21.7259],[-41.5044,-21.7301],[-41.5047,-21.7262],[-41.5048,-21.7259]]]}},{"type":"Feature","properties":{"cod_tema":"AREA_SERVIDAO_ADMINISTRATIVA_TOTAL","cod_imovel":"RJ-3301009-F78F01DF123144FFB0C83BF2E52E5A61","num_area":"0.4374000000000000000000000000000","ind_status":"CA"},"geometry":{"type":"Polygon","coordinates":[[[-41.5048,-21.7259],[-41.5044,-21.7301],[-41.5047,-21.7262],[-41.5048,-21.7259]]]}},{"type":"Feature","properties":{"cod_tema":"AREA_INFRAESTRUTURA_PUBLICA","cod_imovel":"RJ-3301009-3FEF7CE5595A41888E4113458A16BF3E","num_area":"0.6143000000000000000000000000000","ind_status":"AT"},"geometry":{"type":"Polygon","coordinates":[[[-41.5261,-21.7864],[-41.5205,-21.7863],[-41.526,-21.7864],[-41.5261,-21.7864]]]}},{"type":"Feature","properties":{"cod_tema":"AREA_SERVIDAO_ADMINISTRATIVA_TOTAL","cod_imovel":"RJ-3301009-3FEF7CE5595A41888E4113458A16BF3E","num_area":"0.6143000000000000000000000000000","ind_status":"AT"},"geometry":{"type":"Polygon","coordinates":[[[-41.5261,-21.7864],[-41.5205,-21.7863],[-41.526,-21.7864],[-41.5261,-21.7864]]]}},{"type":"Feature","properties":{"cod_tema":"AREA_INFRAESTRUTURA_PUBLICA","cod_imovel":"RJ-3301009-4C4EA17F3A2744C6B2AC6CF05353C418","num_area":"39.479000000000000000000000000000","ind_status":"CA"},"geometry":{"type":"Polygon","coordinates":[[[-41.3621,-21.7275],[-41.3785,-21.7443],[-41.373,-21.7351],[-41.3761,-21.7336],[-41.3633,-21.727],[-41.3733,-21.7247],[-41.3603,-21.726],[-41.3621,-21.7275]]]}},{"type":"Feature","properties":{"cod_tema":"AREA_UTILIDADE_PUBLICA","cod_imovel":"RJ-3301009-4C4EA17F3A2744C6B2AC6CF05353C418","num_area":"18.348700000000000000000000000000","ind_status":"CA"},"geometry":{"type":"Polygon","coordinates":[[[-41.3668,-21.7315],[-41.3759,-21.7408],[-41.3632,-21.7236],[-41.3668,-21.7313],[-41.3668,-21.7315]]]}},{"type":"Feature","properties":{"cod_tema":"AREA_SERVIDAO_ADMINISTRATIVA_TOTAL","cod_imovel":"RJ-3301009-4C4EA17F3A2744C6B2AC6CF05353C418","num_area":"18.348700000000000000000000000000","ind_status":"CA"},"geometry":{"type":"Polygon","coordinates":[[[-41.3668,-21.7315],[-41.3759,-21.7408],[-41.3632,-21.7236],[-41.3668,-21.7313],[-41.3668,-21.7315]]]}},{"type":"Feature","properties":{"cod_tema":"AREA_SERVIDAO_ADMINISTRATIVA_TOTAL","cod_imovel":"RJ-3301009-4C4EA17F3A2744C6B2AC6CF05353C418","num_area":"39.479000000000000000000000000000","ind_status":"CA"},"geometry":{"type":"Polygon","coordinates":[[[-41.3621,-21.7275],[-41.3785,-21.7443],[-41.373,-21.7351],[-41.3761,-21.7336],[-41.3633,-21.727],[-41.3733,-21.7247],[-41.3603,-21.726],[-41.3621,-21.7275]]]}},{"type":"Feature","properties":{"cod_tema":"AREA_UTILIDADE_PUBLICA","cod_imovel":"RJ-3301009-9EA74A2D542C46AA88DE06A6DCDEFD9E","num_area":"1.3913000000000000000000000000000","ind_status":"AT"},"geometry":{"type":"Polygon","coordinates":[[[-41.1129,-22.0072],[-41.1099,-22.0123],[-41.1121,-22.0087],[-41.1129,-22.0072]]]}},{"type":"Feature","properties":{"cod_tema":"AREA_SERVIDAO_ADMINISTRATIVA_TOTAL","cod_imovel":"RJ-3301009-9EA74A2D542C46AA88DE06A6DCDEFD9E","num_area":"1.3913000000000000000000000000000","ind_status":"AT"},"geometry":{"type":"Polygon","coordinates":[[[-41.1129,-22.0072],[-41.1099,-22.0123],[-41.1121,-22.0087],[-41.1129,-22.0072]]]}},{"type":"Feature","properties":{"cod_tema":"AREA_UTILIDADE_PUBLICA","cod_imovel":"RJ-3301009-90CB81E34AC34DE38DF91AA8725C4306","num_area":"0.1301000000000000000000000000000","ind_status":"AT"},"geometry":{"type":"Polygon","coordinates":[[[-41.4889,-21.3769],[-41.4858,-21.3753],[-41.4888,-21.3769],[-41.4889,-21.3769]]]}},{"type":"Feature","properties":{"cod_tema":"AREA_SERVIDAO_ADMINISTRATIVA_TOTAL","cod_imovel":"RJ-3301009-90CB81E34AC34DE38DF91AA8725C4306","num_area":"0.1301000000000000000000000000000","ind_status":"AT"},"geometry":{"type":"Polygon","coordinates":[[[-41.4889,-21.3769],[-41.4858,-21.3753],[-41.4888,-21.3769],[-41.4889,-21.3769]]]}},{"type":"Feature","properties":{"cod_tema":"AREA_INFRAESTRUTURA_PUBLICA","cod_imovel":"RJ-3301009-386BC644390047D49846968F1F06722A","num_area":"3.4256000000000000000000000000000","ind_status":"PE"},"geometry":{"type":"Polygon","coordinates":[[[-41.467,-21.8053],[-41.4658,-21.8098],[-41.4748,-21.813],[-41.4659,-21.8097],[-41.4669,-21.8054],[-41.467,-21.8053]]]}},{"type":"Feature","properties":{"cod_tema":"AREA_SERVIDAO_ADMINISTRATIVA_TOTAL","cod_imovel":"RJ-3301009-386BC644390047D49846968F1F06722A","num_area":"3.4256000000000000000000000000000","ind_status":"PE"},"geometry":{"type":"Polygon","coordinates":[[[-41.467,-21.8053],[-41.4658,-21.8098],[-41.4748,-21.813],[-41.4659,-21.8097],[-41.4669,-21.8054],[-41.467,-21.8053]]]}},{"type":"Feature","properties":{"cod_tema":"AREA_UTILIDADE_PUBLICA","cod_imovel":"RJ-3301009-F8D20B5DA97C4075AD63263032BFC7AA","num_area":"16.485200000000000000000000000000","ind_status":"AT"},"geometry":{"type":"Polygon","coordinates":[[[-41.6459,-21.9214],[-41.6419,-21.9332],[-41.6334,-21.9235],[-41.6415,-21.9335],[-41.6384,-21.9404],[-41.6281,-21.9341],[-41.6384,-21.9408],[-41.6348,-21.942],[-41.6416,-21.9336],[-41.6446,-21.9362],[-41.6416,-21.9303],[-41.6458,-21.9215],[-41.6459,-21.9214]]]}},{"type":"Feature","properties":{"cod_tema":"AREA_SERVIDAO_ADMINISTRATIVA_TOTAL","cod_imovel":"RJ-3301009-F8D20B5DA97C4075AD63263032BFC7AA","num_area":"16.485200000000000000000000000000","ind_status":"AT"},"geometry":{"type":"Polygon","coordinates":[[[-41.6459,-21.9214],[-41.6419,-21.9332],[-41.6334,-21.9235],[-41.6415,-21.9335],[-41.6384,-21.9404],[-41.6281,-21.9341],[-41.6384,-21.9408],[-41.6348,-21.942],[-41.6416,-21.9336],[-41.6446,-21.9362],[-41.6416,-21.9303],[-41.6458,-21.9215],[-41.6459,-21.9214]]]}},{"type":"Feature","properties":{"cod_tema":"AREA_INFRAESTRUTURA_PUBLICA","cod_imovel":"RJ-3301009-9E077724D7044BE6AE16C075B0979560","num_area":"266.34810000000000000000000000000","ind_status":"AT"},"geometry":{"type":"Polygon","coordinates":[[[-41.361,-21.7103],[-41.3549,-21.6785],[-41.3605,-21.6718],[-41.3548,-21.6775],[-41.3602,-21.6967],[-41.3565,-21.7112],[-41.3439,-21.6795],[-41.3513,-21.6358],[-41.3429,-21.6794],[-41.3455,-21.6906],[-41.3376,-21.6716],[-41.3459,-21.6925],[-41.3427,-21.7099],[-41.3467,-21.6912],[-41.3545,-21.7079],[-41.3509,-21.7151],[-41.3462,-21.7135],[-41.3498,-21.721],[-41.3609,-21.7111],[-41.361,-21.7103]],[[-41.3539,-21.7163],[-41.351,-21.7151],[-41.3549,-21.7086],[-41.3523,-21.7157],[-41.3564,-21.7115],[-41.358,-21.7144],[-41.3548,-21.7158],[-41.3539,-21.7163]],[[-41.3572,-21.7127],[-41.3601,-21.7076],[-41.3581,-21.7143],[-41.3572,-21.7127]],[[-41.3405,-21.7038],[-41.3382,-21.7076],[-41.3454,-21.6983],[-41.3405,-21.7038]],[[-41.3606,-21.672],[-41.3698,-21.6613],[-41.3605,-21.6718],[-41.3606,-21.672]],[[-41.4053,-21.6523],[-41.3771,-21.6665],[-41.3669,-21.6767],[-41.3627,-21.7031],[-41.3673,-21.6765],[-41.3772,-21.6666],[-41.4053,-21.6527],[-41.4078,-21.6566],[-41.369,-21.6982],[-41.4078,-21.6568],[-41.424,-21.6948],[-41.4043,-21.7073],[-41.3861,-21.7117],[-41.4058,-21.7068],[-41.4389,-21.6856],[-41.4754,-21.6787],[-41.4543,-21.6802],[-41.424,-21.6948],[-41.408,-21.6566],[-41.4322,-21.6271],[-41.4245,-21.6364],[-41.4237,-21.6297],[-41.4243,-21.6366],[-41.4115,-21.6525],[-41.4054,-21.6526],[-41.4053,-21.6523]],[[-41.4113,-21.6526],[-41.4079,-21.6564],[-41.4055,-21.6527],[-41.4111,-21.6527],[-41.4113,-21.6526]],[[-41.4118,-21.6523],[-41.4242,-21.637],[-41.4121,-21.6522],[-41.4118,-21.6523]],[[-41.4073,-21.6371],[-41.402,-21.648],[-41.3889,-21.6469],[-41.3774,-21.6399],[-41.3712,-21.6278],[-41.3717,-21.6074],[-41.371,-21.6278],[-41.377,-21.6398],[-41.3888,-21.6471],[-41.4019,-21.6481],[-41.3796,-21.6569],[-41.4023,-21.648],[-41.4048,-21.6512],[-41.4023,-21.648],[-41.4067,-21.6404],[-41.4073,-21.6371]],[[-41.3759,-21.6024],[-41.3795,-21.6089],[-41.3766,-21.6034],[-41.3759,-21.6024]],[[-41.3825,-21.7113],[-41.3788,-21.7116],[-41.382,-21.7112],[-41.3825,-21.7113]],[[-41.4068,-21.6386],[-41.3866,-21.6199],[-41.3942,-21.6289],[-41.3888,-21.6256],[-41.3812,-21.612],[-41.3887,-21.6258],[-41.4067,-21.6388],[-41.4068,-21.6386]],[[-41.3847,-21.6378],[-41.3824,-21.6427],[-41.3835,-21.6372],[-41.3847,-21.6378]],[[-41.4005,-21.6448],[-41.3922,-21.6369],[-41.3981,-21.6428],[-41.3932,-21.6443],[-41.3946,-21.6475],[-41.3932,-21.6443],[-41.3982,-21.6429],[-41.4005,-21.6448]],[[-41.4432,-21.6798],[-41.4385,-21.6857],[-41.4395,-21.6815],[-41.4432,-21.6798]]]}},{"type":"Feature","properties":{"cod_tema":"AREA_SERVIDAO_ADMINISTRATIVA_TOTAL","cod_imovel":"RJ-3301009-9E077724D7044BE6AE16C075B0979560","num_area":"266.34810000000000000000000000000","ind_status":"AT"},"geometry":{"type":"Polygon","coordinates":[[[-41.361,-21.7103],[-41.3549,-21.6785],[-41.3605,-21.6718],[-41.3548,-21.6775],[-41.3602,-21.6967],[-41.3565,-21.7112],[-41.3439,-21.6795],[-41.3513,-21.6358],[-41.3429,-21.6794],[-41.3455,-21.6906],[-41.3376,-21.6716],[-41.3459,-21.6925],[-41.3427,-21.7099],[-41.3467,-21.6912],[-41.3545,-21.7079],[-41.3509,-21.7151],[-41.3462,-21.7135],[-41.3498,-21.721],[-41.3609,-21.7111],[-41.361,-21.7103]],[[-41.3539,-21.7163],[-41.351,-21.7151],[-41.3549,-21.7086],[-41.3523,-21.7157],[-41.3564,-21.7115],[-41.358,-21.7144],[-41.3548,-21.7158],[-41.3539,-21.7163]],[[-41.3572,-21.7127],[-41.3601,-21.7076],[-41.3581,-21.7143],[-41.3572,-21.7127]],[[-41.3405,-21.7038],[-41.3382,-21.7076],[-41.3454,-21.6983],[-41.3405,-21.7038]],[[-41.3606,-21.672],[-41.3698,-21.6613],[-41.3605,-21.6718],[-41.3606,-21.672]],[[-41.4053,-21.6523],[-41.3771,-21.6665],[-41.3669,-21.6767],[-41.3627,-21.7031],[-41.3673,-21.6765],[-41.3772,-21.6666],[-41.4053,-21.6527],[-41.4078,-21.6566],[-41.369,-21.6982],[-41.4078,-21.6568],[-41.424,-21.6948],[-41.4043,-21.7073],[-41.3861,-21.7117],[-41.4058,-21.7068],[-41.4389,-21.6856],[-41.4754,-21.6787],[-41.4543,-21.6802],[-41.424,-21.6948],[-41.408,-21.6566],[-41.4322,-21.6271],[-41.4245,-21.6364],[-41.4237,-21.6297],[-41.4243,-21.6366],[-41.4115,-21.6525],[-41.4054,-21.6526],[-41.4053,-21.6523]],[[-41.4113,-21.6526],[-41.4079,-21.6564],[-41.4055,-21.6527],[-41.4111,-21.6527],[-41.4113,-21.6526]],[[-41.4118,-21.6523],[-41.4242,-21.637],[-41.4121,-21.6522],[-41.4118,-21.6523]],[[-41.4073,-21.6371],[-41.402,-21.648],[-41.3889,-21.6469],[-41.3774,-21.6399],[-41.3712,-21.6278],[-41.3717,-21.6074],[-41.371,-21.6278],[-41.377,-21.6398],[-41.3888,-21.6471],[-41.4019,-21.6481],[-41.3796,-21.6569],[-41.4023,-21.648],[-41.4048,-21.6512],[-41.4023,-21.648],[-41.4067,-21.6404],[-41.4073,-21.6371]],[[-41.3759,-21.6024],[-41.3795,-21.6089],[-41.3766,-21.6034],[-41.3759,-21.6024]],[[-41.3825,-21.7113],[-41.3788,-21.7116],[-41.382,-21.7112],[-41.3825,-21.7113]],[[-41.4068,-21.6386],[-41.3866,-21.6199],[-41.3942,-21.6289],[-41.3888,-21.6256],[-41.3812,-21.612],[-41.3887,-21.6258],[-41.4067,-21.6388],[-41.4068,-21.6386]],[[-41.3847,-21.6378],[-41.3824,-21.6427],[-41.3835,-21.6372],[-41.3847,-21.6378]],[[-41.4005,-21.6448],[-41.3922,-21.6369],[-41.3981,-21.6428],[-41.3932,-21.6443],[-41.3946,-21.6475],[-41.3932,-21.6443],[-41.3982,-21.6429],[-41.4005,-21.6448]],[[-41.4432,-21.6798],[-41.4385,-21.6857],[-41.4395,-21.6815],[-41.4432,-21.6798]]]}},{"type":"Feature","properties":{"cod_tema":"AREA_INFRAESTRUTURA_PUBLICA","cod_imovel":"RJ-3301009-90EBF05C4F364301AAC22E7DB1AF96C5","num_area":"0.8668000000000000000000000000000","ind_status":"AT"},"geometry":{"type":"Polygon","coordinates":[[[-41.2779,-21.5713],[-41.2831,-21.571],[-41.2779,-21.5712],[-41.2779,-21.5713]]]}},{"type":"Feature","properties":{"cod_tema":"AREA_SERVIDAO_ADMINISTRATIVA_TOTAL","cod_imovel":"RJ-3301009-90EBF05C4F364301AAC22E7DB1AF96C5","num_area":"0.8668000000000000000000000000000","ind_status":"AT"},"geometry":{"type":"Polygon","coordinates":[[[-41.2779,-21.5713],[-41.2831,-21.571],[-41.2779,-21.5712],[-41.2779,-21.5713]]]}},{"type":"Feature","properties":{"cod_tema":"AREA_INFRAESTRUTURA_PUBLICA","cod_imovel":"RJ-3301009-99CF7F0522FC4024A5FF8736933F3856","num_area":"56.389200000000000000000000000000","ind_status":"AT"},"geometry":{"type":"Polygon","coordinates":[[[-41.3459,-21.693],[-41.3438,-21.6795],[-41.3513,-21.6358],[-41.3447,-21.6875],[-41.3459,-21.693]]]}},{"type":"Feature","properties":{"cod_tema":"AREA_UTILIDADE_PUBLICA","cod_imovel":"RJ-3301009-99CF7F0522FC4024A5FF8736933F3856","num_area":"6.9786000000000000000000000000000","ind_status":"AT"},"geometry":{"type":"Polygon","coordinates":[[[-41.37,-21.6614],[-41.3626,-21.6708],[-41.3697,-21.6619],[-41.37,-21.6614]],[[-41.3606,-21.6721],[-41.3549,-21.677],[-41.3565,-21.6866],[-41.355,-21.6771],[-41.3598,-21.6725],[-41.3606,-21.6721]]]}},{"type":"Feature","properties":{"cod_tema":"AREA_SERVIDAO_ADMINISTRATIVA_TOTAL","cod_imovel":"RJ-3301009-99CF7F0522FC4024A5FF8736933F3856","num_area":"63.367800000000000000000000000000","ind_status":"AT"},"geometry":{"type":"Polygon","coordinates":[[[-41.3459,-21.693],[-41.3438,-21.6795],[-41.3513,-21.6358],[-41.3447,-21.6875],[-41.3459,-21.693]],[[-41.37,-21.6614],[-41.3626,-21.6708],[-41.3697,-21.6619],[-41.37,-21.6614]],[[-41.3606,-21.6721],[-41.3549,-21.677],[-41.3565,-21.6866],[-41.355,-21.6771],[-41.3598,-21.6725],[-41.3606,-21.6721]]]}},{"type":"Feature","properties":{"cod_tema":"AREA_INFRAESTRUTURA_PUBLICA","cod_imovel":"RJ-3301009-AA26E025CBCC4529B0FFB656A8CAF71B","num_area":"0.3524000000000000000000000000000","ind_status":"AT"},"geometry":{"type":"Polygon","coordinates":[[[-41.2676,-21.847],[-41.2707,-21.8462],[-41.2676,-21.8469],[-41.2676,-21.847]]]}},{"type":"Feature","properties":{"cod_tema":"AREA_SERVIDAO_ADMINISTRATIVA_TOTAL","cod_imovel":"RJ-3301009-AA26E025CBCC4529B0FFB656A8CAF71B","num_area":"0.3524000000000000000000000000000","ind_status":"AT"},"geometry":{"type":"Polygon","coordinates":[[[-41.2676,-21.847],[-41.2707,-21.8462],[-41.2676,-21.8469],[-41.2676,-21.847]]]}},{"type":"Feature","properties":{"cod_tema":"AREA_INFRAESTRUTURA_PUBLICA","cod_imovel":"RJ-3301009-DFB7D803A85F4809A00E072FB84120E5","num_area":"0.9214000000000000000000000000000","ind_status":"AT"},"geometry":{"type":"Polygon","coordinates":[[[-41.5283,-21.8961],[-41.5234,-21.91],[-41.5284,-21.8961],[-41.5283,-21.8961]]]}},{"type":"Feature","properties":{"cod_tema":"AREA_SERVIDAO_ADMINISTRATIVA_TOTAL","cod_imovel":"RJ-3301009-DFB7D803A85F4809A00E072FB84120E5","num_area":"0.9214000000000000000000000000000","ind_status":"AT"},"geometry":{"type":"Polygon","coordinates":[[[-41.5283,-21.8961],[-41.5234,-21.91],[-41.5284,-21.8961],[-41.5283,-21.8961]]]}},{"type":"Feature","properties":{"cod_tema":"AREA_INFRAESTRUTURA_PUBLICA","cod_imovel":"RJ-3301009-40C4B095233F41D682FD74AF32B78C0D","num_area":"2.2384000000000000000000000000000","ind_status":"AT"},"geometry":{"type":"Polygon","coordinates":[[[-41.5586,-21.6151],[-41.5401,-21.6256],[-41.556,-21.6151],[-41.5586,-21.6151]]]}},{"type":"Feature","properties":{"cod_tema":"AREA_SERVIDAO_ADMINISTRATIVA_TOTAL","cod_imovel":"RJ-3301009-40C4B095233F41D682FD74AF32B78C0D","num_area":"2.2384000000000000000000000000000","ind_status":"AT"},"geometry":{"type":"Polygon","coordinates":[[[-41.5586,-21.6151],[-41.5401,-21.6256],[-41.556,-21.6151],[-41.5586,-21.6151]]]}},{"type":"Feature","properties":{"cod_tema":"AREA_INFRAESTRUTURA_PUBLICA","cod_imovel":"RJ-3301009-EA94F8D78BF4479C818F2707A7656B9C","num_area":"1.7254000000000000000000000000000","ind_status":"AT"},"geometry":{"type":"Polygon","coordinates":[[[-41.7227,-21.8757],[-41.7203,-21.8609],[-41.7169,-21.8626],[-41.7203,-21.861],[-41.7227,-21.8757],[-41.7227,-21.8757]],[[-41.7263,-21.8543],[-41.7203,-21.8609],[-41.7275,-21.8539],[-41.7263,-21.8543]]]}},{"type":"Feature","properties":{"cod_tema":"AREA_SERVIDAO_ADMINISTRATIVA_TOTAL","cod_imovel":"RJ-3301009-EA94F8D78BF4479C818F2707A7656B9C","num_area":"1.7254000000000000000000000000000","ind_status":"AT"},"geometry":{"type":"Polygon","coordinates":[[[-41.7227,-21.8757],[-41.7203,-21.8609],[-41.7169,-21.8626],[-41.7203,-21.861],[-41.7227,-21.8757],[-41.7227,-21.8757]],[[-41.7263,-21.8543],[-41.7203,-21.8609],[-41.7275,-21.8539],[-41.7263,-21.8543]]]}},{"type":"Feature","properties":{"cod_tema":"AREA_INFRAESTRUTURA_PUBLICA","cod_imovel":"RJ-3301009-46FA226252D94319B57D68FC1BD69C00","num_area":"18.003000000000000000000000000000","ind_status":"CA"},"geometry":{"type":"Polygon","coordinates":[[[-41.3965,-21.7498],[-41.4089,-21.7541],[-41.4056,-21.752],[-41.3965,-21.7498]]]}},{"type":"Feature","properties":{"cod_tema":"AREA_UTILIDADE_PUBLICA","cod_imovel":"RJ-3301009-46FA226252D94319B57D68FC1BD69C00","num_area":"4.4971000000000000000000000000000","ind_status":"CA"},"geometry":{"type":"Polygon","coordinates":[[[-41.3902,-21.7624],[-41.3827,-21.754],[-41.3899,-21.7625],[-41.3902,-21.7624]]]}},{"type":"Feature","properties":{"cod_tema":"AREA_SERVIDAO_ADMINISTRATIVA_TOTAL","cod_imovel":"RJ-3301009-46FA226252D94319B57D68FC1BD69C00","num_area":"22.500100000000000000000000000000","ind_status":"CA"},"geometry":{"type":"Polygon","coordinates":[[[-41.3902,-21.7624],[-41.3827,-21.754],[-41.3899,-21.7625],[-41.3902,-21.7624]],[[-41.3965,-21.7498],[-41.4089,-21.7541],[-41.4056,-21.752],[-41.3965,-21.7498]]]}},{"type":"Feature","properties":{"cod_tema":"AREA_INFRAESTRUTURA_PUBLICA","cod_imovel":"RJ-3301009-7048039041E24677BDA73F7E5C551409","num_area":"2.2048000000000000000000000000000","ind_status":"AT"},"geometry":{"type":"Polygon","coordinates":[[[-41.4783,-21.3775],[-41.4786,-21.3834],[-41.4786,-21.3778],[-41.4783,-21.3775]]]}},{"type":"Feature","properties":{"cod_tema":"AREA_SERVIDAO_ADMINISTRATIVA_TOTAL","cod_imovel":"RJ-3301009-7048039041E24677BDA73F7E5C551409","num_area":"2.2048000000000000000000000000000","ind_status":"AT"},"geometry":{"type":"Polygon","coordinates":[[[-41.4783,-21.3775],[-41.4786,-21.3834],[-41.4786,-21.3778],[-41.4783,-21.3775]]]}},{"type":"Feature","properties":{"cod_tema":"AREA_INFRAESTRUTURA_PUBLICA","cod_imovel":"RJ-3301009-5F77419C9A2444A28D767070E9D4BA24","num_area":"0.4009000000000000000000000000000","ind_status":"AT"},"geometry":{"type":"Polygon","coordinates":[[[-41.5393,-21.8318],[-41.5413,-21.8262],[-41.5396,-21.8313],[-41.5393,-21.8318]]]}},{"type":"Feature","properties":{"cod_tema":"AREA_SERVIDAO_ADMINISTRATIVA_TOTAL","cod_imovel":"RJ-3301009-5F77419C9A2444A28D767070E9D4BA24","num_area":"0.4009000000000000000000000000000","ind_status":"AT"},"geometry":{"type":"Polygon","coordinates":[[[-41.5393,-21.8318],[-41.5413,-21.8262],[-41.5396,-21.8313],[-41.5393,-21.8318]]]}},{"type":"Feature","properties":{"cod_tema":"AREA_UTILIDADE_PUBLICA","cod_imovel":"RJ-3301009-FA56182007BA4AE4974055E00DA5D5CF","num_area":"0.3104000000000000000000000000000","ind_status":"AT"},"geometry":{"type":"Polygon","coordinates":[[[-41.3973,-21.305],[-41.4021,-21.3079],[-41.3975,-21.3049],[-41.3973,-21.305]]]}},{"type":"Feature","properties":{"cod_tema":"AREA_SERVIDAO_ADMINISTRATIVA_TOTAL","cod_imovel":"RJ-3301009-FA56182007BA4AE4974055E00DA5D5CF","num_area":"0.3104000000000000000000000000000","ind_status":"AT"},"geometry":{"type":"Polygon","coordinates":[[[-41.3973,-21.305],[-41.4021,-21.3079],[-41.3975,-21.3049],[-41.3973,-21.305]]]}},{"type":"Feature","properties":{"cod_tema":"AREA_UTILIDADE_PUBLICA","cod_imovel":"RJ-3301009-CCBF380179F94C4485184519C02FE719","num_area":"2.0889000000000000000000000000000","ind_status":"AT"},"geometry":{"type":"Polygon","coordinates":[[[-41.4065,-21.3711],[-41.4091,-21.3696],[-41.4065,-21.3711],[-41.4065,-21.3711]]]}},{"type":"Feature","properties":{"cod_tema":"AREA_SERVIDAO_ADMINISTRATIVA_TOTAL","cod_imovel":"RJ-3301009-CCBF380179F94C4485184519C02FE719","num_area":"2.0889000000000000000000000000000","ind_status":"AT"},"geometry":{"type":"Polygon","coordinates":[[[-41.4065,-21.3711],[-41.4091,-21.3696],[-41.4065,-21.3711],[-41.4065,-21.3711]]]}},{"type":"Feature","properties":{"cod_tema":"AREA_INFRAESTRUTURA_PUBLICA","cod_imovel":"RJ-3301009-F9BE0395EB014BCB88E85071DAE5B154","num_area":"7.9085000000000000000000000000000","ind_status":"AT"},"geometry":{"type":"Polygon","coordinates":[[[-41.324,-21.5681],[-41.3274,-21.5567],[-41.3237,-21.5679],[-41.324,-21.5681]]]}},{"type":"Feature","properties":{"cod_tema":"AREA_UTILIDADE_PUBLICA","cod_imovel":"RJ-3301009-F9BE0395EB014BCB88E85071DAE5B154","num_area":"17.388500000000000000000000000000","ind_status":"AT"},"geometry":{"type":"Polygon","coordinates":[[[-41.359,-21.585],[-41.358,-21.5821],[-41.3583,-21.5857],[-41.359,-21.585]]]}},{"type":"Feature","properties":{"cod_tema":"AREA_SERVIDAO_ADMINISTRATIVA_TOTAL","cod_imovel":"RJ-3301009-F9BE0395EB014BCB88E85071DAE5B154","num_area":"25.297000000000000000000000000000","ind_status":"AT"},"geometry":{"type":"Polygon","coordinates":[[[-41.359,-21.585],[-41.358,-21.5821],[-41.3583,-21.5857],[-41.359,-21.585]],[[-41.324,-21.5681],[-41.3274,-21.5567],[-41.3237,-21.5679],[-41.324,-21.5681]]]}},{"type":"Feature","properties":{"cod_tema":"AREA_UTILIDADE_PUBLICA","cod_imovel":"RJ-3301009-1E1B0A0ED06E4008A7B68273CA380373","num_area":"0.6404000000000000000000000000000","ind_status":"AT"},"geometry":{"type":"Polygon","coordinates":[[[-41.1474,-21.6914],[-41.1444,-21.6837],[-41.1473,-21.6913],[-41.1474,-21.6914]]]}},{"type":"Feature","properties":{"cod_tema":"AREA_SERVIDAO_ADMINISTRATIVA_TOTAL","cod_imovel":"RJ-3301009-1E1B0A0ED06E4008A7B68273CA380373","num_area":"0.6404000000000000000000000000000","ind_status":"AT"},"geometry":{"type":"Polygon","coordinates":[[[-41.1474,-21.6914],[-41.1444,-21.6837],[-41.1473,-21.6913],[-41.1474,-21.6914]]]}},{"type":"Feature","properties":{"cod_tema":"AREA_UTILIDADE_PUBLICA","cod_imovel":"RJ-3301009-A3968560F50E410E930FBBB43BDEACBA","num_area":"0.3528000000000000000000000000000","ind_status":"AT"},"geometry":{"type":"Polygon","coordinates":[[[-41.4158,-21.2828],[-41.4156,-21.2765],[-41.4158,-21.2826],[-41.4158,-21.2828]]]}},{"type":"Feature","properties":{"cod_tema":"AREA_SERVIDAO_ADMINISTRATIVA_TOTAL","cod_imovel":"RJ-3301009-A3968560F50E410E930FBBB43BDEACBA","num_area":"0.3528000000000000000000000000000","ind_status":"AT"},"geometry":{"type":"Polygon","coordinates":[[[-41.4158,-21.2828],[-41.4156,-21.2765],[-41.4158,-21.2826],[-41.4158,-21.2828]]]}},{"type":"Feature","properties":{"cod_tema":"AREA_INFRAESTRUTURA_PUBLICA","cod_imovel":"RJ-3301009-7B785A2596024744911ACB42F7F2F601","num_area":"2.8008000000000000000000000000000","ind_status":"AT"},"geometry":{"type":"Polygon","coordinates":[[[-41.3621,-21.2761],[-41.3632,-21.2809],[-41.3693,-21.2776],[-41.3633,-21.2807],[-41.3622,-21.2762],[-41.3621,-21.2761]]]}},{"type":"Feature","properties":{"cod_tema":"AREA_SERVIDAO_ADMINISTRATIVA_TOTAL","cod_imovel":"RJ-3301009-7B785A2596024744911ACB42F7F2F601","num_area":"2.8008000000000000000000000000000","ind_status":"AT"},"geometry":{"type":"Polygon","coordinates":[[[-41.3621,-21.2761],[-41.3632,-21.2809],[-41.3693,-21.2776],[-41.3633,-21.2807],[-41.3622,-21.2762],[-41.3621,-21.2761]]]}},{"type":"Feature","properties":{"cod_tema":"AREA_INFRAESTRUTURA_PUBLICA","cod_imovel":"RJ-3301009-2F43A4D1EC9A488EB6A7DB3EE91DE9DF","num_area":"1.1675000000000000000000000000000","ind_status":"AT"},"geometry":{"type":"Polygon","coordinates":[[[-41.3847,-21.2795],[-41.3835,-21.2838],[-41.3846,-21.2795],[-41.3847,-21.2795]]]}},{"type":"Feature","properties":{"cod_tema":"AREA_SERVIDAO_ADMINISTRATIVA_TOTAL","cod_imovel":"RJ-3301009-2F43A4D1EC9A488EB6A7DB3EE91DE9DF","num_area":"1.1675000000000000000000000000000","ind_status":"AT"},"geometry":{"type":"Polygon","coordinates":[[[-41.3847,-21.2795],[-41.3835,-21.2838],[-41.3846,-21.2795],[-41.3847,-21.2795]]]}},{"type":"Feature","properties":{"cod_tema":"AREA_INFRAESTRUTURA_PUBLICA","cod_imovel":"RJ-3301009-552C52485F96442487ECDC1A9ECF38AB","num_area":"32.242200000000000000000000000000","ind_status":"CA"},"geometry":{"type":"Polygon","coordinates":[[[-41.3734,-21.725],[-41.3854,-21.7234],[-41.3734,-21.7247],[-41.3734,-21.725]],[[-41.3789,-21.7427],[-41.3805,-21.7471],[-41.3966,-21.75],[-41.3813,-21.746],[-41.3789,-21.7427]]]}},{"type":"Feature","properties":{"cod_tema":"AREA_SERVIDAO_ADMINISTRATIVA_TOTAL","cod_imovel":"RJ-3301009-552C52485F96442487ECDC1A9ECF38AB","num_area":"32.242200000000000000000000000000","ind_status":"CA"},"geometry":{"type":"Polygon","coordinates":[[[-41.3734,-21.725],[-41.3854,-21.7234],[-41.3734,-21.7247],[-41.3734,-21.725]],[[-41.3789,-21.7427],[-41.3805,-21.7471],[-41.3966,-21.75],[-41.3813,-21.746],[-41.3789,-21.7427]]]}},{"type":"Feature","properties":{"cod_tema":"AREA_INFRAESTRUTURA_PUBLICA","cod_imovel":"RJ-3301009-07942C7C8CDB4FFDB36843CA16A01D31","num_area":"18.274100000000000000000000000000","ind_status":"CA"},"geometry":{"type":"Polygon","coordinates":[[[-41.4199,-21.7709],[-41.4278,-21.7675],[-41.4201,-21.7707],[-41.4199,-21.7709]]]}},{"type":"Feature","properties":{"cod_tema":"AREA_SERVIDAO_ADMINISTRATIVA_TOTAL","cod_imovel":"RJ-3301009-07942C7C8CDB4FFDB36843CA16A01D31","num_area":"18.274100000000000000000000000000","ind_status":"CA"},"geometry":{"type":"Polygon","coordinates":[[[-41.4199,-21.7709],[-41.4278,-21.7675],[-41.4201,-21.7707],[-41.4199,-21.7709]]]}},{"type":"Feature","properties":{"cod_tema":"AREA_UTILIDADE_PUBLICA","cod_imovel":"RJ-3301009-CD2698DB7A9B42998E3F23B512A8B533","num_area":"1.8994000000000000000000000000000","ind_status":"CA"},"geometry":{"type":"Polygon","coordinates":[[[-41.3958,-21.7224],[-41.3916,-21.7224],[-41.3952,-21.7225],[-41.3958,-21.7224]]]}},{"type":"Feature","properties":{"cod_tema":"AREA_SERVIDAO_ADMINISTRATIVA_TOTAL","cod_imovel":"RJ-3301009-CD2698DB7A9B42998E3F23B512A8B533","num_area":"1.8994000000000000000000000000000","ind_status":"CA"},"geometry":{"type":"Polygon","coordinates":[[[-41.3958,-21.7224],[-41.3916,-21.7224],[-41.3952,-21.7225],[-41.3958,-21.7224]]]}},{"type":"Feature","properties":{"cod_tema":"AREA_INFRAESTRUTURA_PUBLICA","cod_imovel":"RJ-3301009-AF36E232AB594AC6BD83496355DF4578","num_area":"0.4688000000000000000000000000000","ind_status":"AT"},"geometry":{"type":"Polygon","coordinates":[[[-41.4077,-21.4642],[-41.4061,-21.4702],[-41.4077,-21.4642],[-41.4077,-21.4642]]]}},{"type":"Feature","properties":{"cod_tema":"AREA_SERVIDAO_ADMINISTRATIVA_TOTAL","cod_imovel":"RJ-3301009-AF36E232AB594AC6BD83496355DF4578","num_area":"0.4688000000000000000000000000000","ind_status":"AT"},"geometry":{"type":"Polygon","coordinates":[[[-41.4077,-21.4642],[-41.4061,-21.4702],[-41.4077,-21.4642],[-41.4077,-21.4642]]]}},{"type":"Feature","properties":{"cod_tema":"AREA_INFRAESTRUTURA_PUBLICA","cod_imovel":"RJ-3301009-61EC610ADF194D28ACC459858DFEBE75","num_area":"22.794400000000000000000000000000","ind_status":"AT"},"geometry":{"type":"Polygon","coordinates":[[[-41.4198,-21.7709],[-41.4278,-21.7675],[-41.42,-21.7708],[-41.4198,-21.7709]],[[-41.4041,-21.7222],[-41.4314,-21.7111],[-41.4265,-21.7131],[-41.4041,-21.7222]],[[-41.3716,-21.7355],[-41.39,-21.7279],[-41.3716,-21.7355],[-41.3716,-21.7355]],[[-41.4216,-21.7352],[-41.4296,-21.7323],[-41.4218,-21.7352],[-41.4216,-21.7352]],[[-41.4052,-21.7187],[-41.4275,-21.7088],[-41.4107,-21.7167],[-41.4052,-21.7187]],[[-41.3646,-21.7261],[-41.3829,-21.7238],[-41.3654,-21.7259],[-41.3646,-21.7261]],[[-41.3884,-21.7229],[-41.385,-21.7235],[-41.3884,-21.7229],[-41.3884,-21.7229]],[[-41.3951,-21.7225],[-41.3917,-21.7226],[-41.3947,-21.7225],[-41.3951,-21.7225]]]}},{"type":"Feature","properties":{"cod_tema":"AREA_UTILIDADE_PUBLICA","cod_imovel":"RJ-3301009-61EC610ADF194D28ACC459858DFEBE75","num_area":"152.39580000000000000000000000000","ind_status":"AT"},"geometry":{"type":"Polygon","coordinates":[[[-41.4115,-21.7571],[-41.4093,-21.75],[-41.4085,-21.7539],[-41.3811,-21.7458],[-41.3635,-21.7235],[-41.367,-21.7302],[-41.3602,-21.7259],[-41.3803,-21.7467],[-41.4051,-21.7532],[-41.4069,-21.7619],[-41.4089,-21.7555],[-41.4115,-21.7571],[-41.4115,-21.7571]],[[-41.4008,-21.7752],[-41.3804,-21.7508],[-41.4008,-21.7752],[-41.4008,-21.7752]],[[-41.4134,-21.7301],[-41.4103,-21.7142],[-41.4141,-21.7267],[-41.4134,-21.7301]]]}},{"type":"Feature","properties":{"cod_tema":"AREA_SERVIDAO_ADMINISTRATIVA_TOTAL","cod_imovel":"RJ-3301009-61EC610ADF194D28ACC459858DFEBE75","num_area":"174.63160000000000000000000000000","ind_status":"AT"},"geometry":{"type":"Polygon","coordinates":[[[-41.4115,-21.7571],[-41.4093,-21.75],[-41.4085,-21.7539],[-41.3811,-21.7458],[-41.3729,-21.7351],[-41.39,-21.7279],[-41.3728,-21.735],[-41.365,-21.7263],[-41.3827,-21.7235],[-41.3635,-21.7235],[-41.367,-21.7302],[-41.3602,-21.7259],[-41.3803,-21.7467],[-41.4051,-21.7532],[-41.4069,-21.7619],[-41.4089,-21.7555],[-41.4115,-21.7571],[-41.4115,-21.7571]],[[-41.4008,-21.7752],[-41.3804,-21.7508],[-41.4008,-21.7752],[-41.4008,-21.7752]],[[-41.4134,-21.7301],[-41.412,-21.7191],[-41.4314,-21.7111],[-41.412,-21.719],[-41.4275,-21.7088],[-41.4097,-21.7144],[-41.4053,-21.7189],[-41.4114,-21.7192],[-41.4041,-21.7222],[-41.4115,-21.7193],[-41.4141,-21.7267],[-41.4134,-21.7301]],[[-41.4198,-21.7709],[-41.4278,-21.7675],[-41.42,-21.7708],[-41.4198,-21.7709]],[[-41.4216,-21.7352],[-41.4296,-21.7323],[-41.4218,-21.7352],[-41.4216,-21.7352]],[[-41.3884,-21.7229],[-41.385,-21.7235],[-41.3884,-21.7229],[-41.3884,-21.7229]],[[-41.3951,-21.7225],[-41.3917,-21.7226],[-41.3947,-21.7225],[-41.3951,-21.7225]]]}},{"type":"Feature","properties":{"cod_tema":"AREA_UTILIDADE_PUBLICA","cod_imovel":"RJ-3301009-982CAB6A45A142849BCEF49B354B5CB6","num_area":"3.7024000000000000000000000000000","ind_status":"AT"},"geometry":{"type":"Polygon","coordinates":[[[-41.3944,-21.2766],[-41.3879,-21.2856],[-41.3844,-21.2841],[-41.3862,-21.2928],[-41.3942,-21.2769],[-41.3944,-21.2766]]]}},{"type":"Feature","properties":{"cod_tema":"AREA_SERVIDAO_ADMINISTRATIVA_TOTAL","cod_imovel":"RJ-3301009-982CAB6A45A142849BCEF49B354B5CB6","num_area":"3.7024000000000000000000000000000","ind_status":"AT"},"geometry":{"type":"Polygon","coordinates":[[[-41.3944,-21.2766],[-41.3879,-21.2856],[-41.3844,-21.2841],[-41.3862,-21.2928],[-41.3942,-21.2769],[-41.3944,-21.2766]]]}},{"type":"Feature","properties":{"cod_tema":"AREA_INFRAESTRUTURA_PUBLICA","cod_imovel":"RJ-3301009-ED8C2628DE89439186414CE4AE2AFAE6","num_area":"3.7516000000000000000000000000000","ind_status":"AT"},"geometry":{"type":"Polygon","coordinates":[[[-41.4657,-21.3724],[-41.4715,-21.3707],[-41.471,-21.3651],[-41.4668,-21.3722],[-41.4657,-21.3724]]]}},{"type":"Feature","properties":{"cod_tema":"AREA_SERVIDAO_ADMINISTRATIVA_TOTAL","cod_imovel":"RJ-3301009-ED8C2628DE89439186414CE4AE2AFAE6","num_area":"3.7516000000000000000000000000000","ind_status":"AT"},"geometry":{"type":"Polygon","coordinates":[[[-41.4657,-21.3724],[-41.4715,-21.3707],[-41.471,-21.3651],[-41.4668,-21.3722],[-41.4657,-21.3724]]]}},{"type":"Feature","properties":{"cod_tema":"AREA_INFRAESTRUTURA_PUBLICA","cod_imovel":"RJ-3301009-3B87FCC4166B43D1B538D7A5C97976A0","num_area":"4.7339000000000000000000000000000","ind_status":"AT"},"geometry":{"type":"Polygon","coordinates":[[[-41.7103,-21.8649],[-41.7002,-21.868],[-41.6885,-21.8633],[-41.6873,-21.8544],[-41.6754,-21.8424],[-41.6873,-21.8544],[-41.6884,-21.8633],[-41.7002,-21.8681],[-41.7103,-21.865],[-41.7103,-21.8649]]]}},{"type":"Feature","properties":{"cod_tema":"AREA_SERVIDAO_ADMINISTRATIVA_TOTAL","cod_imovel":"RJ-3301009-3B87FCC4166B43D1B538D7A5C97976A0","num_area":"4.7339000000000000000000000000000","ind_status":"AT"},"geometry":{"type":"Polygon","coordinates":[[[-41.7103,-21.8649],[-41.7002,-21.868],[-41.6885,-21.8633],[-41.6873,-21.8544],[-41.6754,-21.8424],[-41.6873,-21.8544],[-41.6884,-21.8633],[-41.7002,-21.8681],[-41.7103,-21.865],[-41.7103,-21.8649]]]}},{"type":"Feature","properties":{"cod_tema":"AREA_UTILIDADE_PUBLICA","cod_imovel":"RJ-3301009-5AE8F85C63074B868F7D2007636D83C5","num_area":"1.5527000000000000000000000000000","ind_status":"AT"},"geometry":{"type":"Polygon","coordinates":[[[-41.6257,-21.7459],[-41.6316,-21.744],[-41.6256,-21.7458],[-41.6257,-21.7459]]]}},{"type":"Feature","properties":{"cod_tema":"AREA_SERVIDAO_ADMINISTRATIVA_TOTAL","cod_imovel":"RJ-3301009-5AE8F85C63074B868F7D2007636D83C5","num_area":"1.5527000000000000000000000000000","ind_status":"AT"},"geometry":{"type":"Polygon","coordinates":[[[-41.6257,-21.7459],[-41.6316,-21.744],[-41.6256,-21.7458],[-41.6257,-21.7459]]]}},{"type":"Feature","properties":{"cod_tema":"AREA_UTILIDADE_PUBLICA","cod_imovel":"RJ-3301009-88DFC81311734B07BA53AA77F62AF71E","num_area":"0.5589000000000000000000000000000","ind_status":"AT"},"geometry":{"type":"Polygon","coordinates":[[[-41.7524,-21.8768],[-41.7538,-21.8676],[-41.7524,-21.8768],[-41.7524,-21.8768]]]}},{"type":"Feature","properties":{"cod_tema":"AREA_SERVIDAO_ADMINISTRATIVA_TOTAL","cod_imovel":"RJ-3301009-88DFC81311734B07BA53AA77F62AF71E","num_area":"0.5589000000000000000000000000000","ind_status":"AT"},"geometry":{"type":"Polygon","coordinates":[[[-41.7524,-21.8768],[-41.7538,-21.8676],[-41.7524,-21.8768],[-41.7524,-21.8768]]]}},{"type":"Feature","properties":{"cod_tema":"AREA_UTILIDADE_PUBLICA","cod_imovel":"RJ-3301009-7BA91B2FD471404585E1F6117CBB8004","num_area":"0.2736000000000000000000000000000","ind_status":"AT"},"geometry":{"type":"Polygon","coordinates":[[[-41.6192,-21.6951],[-41.6136,-21.6927],[-41.619,-21.6952],[-41.6192,-21.6951]]]}},{"type":"Feature","properties":{"cod_tema":"AREA_SERVIDAO_ADMINISTRATIVA_TOTAL","cod_imovel":"RJ-3301009-7BA91B2FD471404585E1F6117CBB8004","num_area":"0.2736000000000000000000000000000","ind_status":"AT"},"geometry":{"type":"Polygon","coordinates":[[[-41.6192,-21.6951],[-41.6136,-21.6927],[-41.619,-21.6952],[-41.6192,-21.6951]]]}},{"type":"Feature","properties":{"cod_tema":"AREA_UTILIDADE_PUBLICA","cod_imovel":"RJ-3301009-373963E8E4544F0AACEF42596EA05E68","num_area":"1.2444000000000000000000000000000","ind_status":"AT"},"geometry":{"type":"Polygon","coordinates":[[[-41.6999,-21.8978],[-41.7081,-21.8956],[-41.7,-21.8977],[-41.6999,-21.8978]]]}},{"type":"Feature","properties":{"cod_tema":"AREA_SERVIDAO_ADMINISTRATIVA_TOTAL","cod_imovel":"RJ-3301009-373963E8E4544F0AACEF42596EA05E68","num_area":"1.2444000000000000000000000000000","ind_status":"AT"},"geometry":{"type":"Polygon","coordinates":[[[-41.6999,-21.8978],[-41.7081,-21.8956],[-41.7,-21.8977],[-41.6999,-21.8978]]]}},{"type":"Feature","properties":{"cod_tema":"AREA_UTILIDADE_PUBLICA","cod_imovel":"RJ-3301009-BE052B15AA67473BA6521B1CB1301431","num_area":"3.7196000000000000000000000000000","ind_status":"AT"},"geometry":{"type":"Polygon","coordinates":[[[-41.7464,-21.8404],[-41.7397,-21.8355],[-41.7371,-21.8491],[-41.7275,-21.8538],[-41.7346,-21.8496],[-41.7446,-21.8535],[-41.7361,-21.8502],[-41.7365,-21.8444],[-41.7407,-21.8393],[-41.7464,-21.8404],[-41.7464,-21.8404]]]}},{"type":"Feature","properties":{"cod_tema":"AREA_SERVIDAO_ADMINISTRATIVA_TOTAL","cod_imovel":"RJ-3301009-BE052B15AA67473BA6521B1CB1301431","num_area":"3.7196000000000000000000000000000","ind_status":"AT"},"geometry":{"type":"Polygon","coordinates":[[[-41.7464,-21.8404],[-41.7397,-21.8355],[-41.7371,-21.8491],[-41.7275,-21.8538],[-41.7346,-21.8496],[-41.7446,-21.8535],[-41.7361,-21.8502],[-41.7365,-21.8444],[-41.7407,-21.8393],[-41.7464,-21.8404],[-41.7464,-21.8404]]]}},{"type":"Feature","properties":{"cod_tema":"AREA_INFRAESTRUTURA_PUBLICA","cod_imovel":"RJ-3301009-9DD99537A8CA4322AC481AD3D800A12E","num_area":"0.5264000000000000000000000000000","ind_status":"AT"},"geometry":{"type":"Polygon","coordinates":[[[-41.7267,-21.8772],[-41.7262,-21.8825],[-41.7267,-21.8772],[-41.7267,-21.8772]]]}},{"type":"Feature","properties":{"cod_tema":"AREA_SERVIDAO_ADMINISTRATIVA_TOTAL","cod_imovel":"RJ-3301009-9DD99537A8CA4322AC481AD3D800A12E","num_area":"0.5264000000000000000000000000000","ind_status":"AT"},"geometry":{"type":"Polygon","coordinates":[[[-41.7267,-21.8772],[-41.7262,-21.8825],[-41.7267,-21.8772],[-41.7267,-21.8772]]]}},{"type":"Feature","properties":{"cod_tema":"AREA_UTILIDADE_PUBLICA","cod_imovel":"RJ-3301009-6CC195E0F8BF4E7E87AC0C9FD32137FF","num_area":"1.3578000000000000000000000000000","ind_status":"AT"},"geometry":{"type":"Polygon","coordinates":[[[-41.6023,-21.8341],[-41.6061,-21.8233],[-41.5999,-21.8203],[-41.606,-21.8234],[-41.6024,-21.834],[-41.6023,-21.8341]]]}},{"type":"Feature","properties":{"cod_tema":"AREA_SERVIDAO_ADMINISTRATIVA_TOTAL","cod_imovel":"RJ-3301009-6CC195E0F8BF4E7E87AC0C9FD32137FF","num_area":"1.3578000000000000000000000000000","ind_status":"AT"},"geometry":{"type":"Polygon","coordinates":[[[-41.6023,-21.8341],[-41.6061,-21.8233],[-41.5999,-21.8203],[-41.606,-21.8234],[-41.6024,-21.834],[-41.6023,-21.8341]]]}},{"type":"Feature","properties":{"cod_tema":"AREA_UTILIDADE_PUBLICA","cod_imovel":"RJ-3301009-2898D38E40924BE9880C3A5FFF587E01","num_area":"1.5919000000000000000000000000000","ind_status":"CA"},"geometry":{"type":"Polygon","coordinates":[[[-41.4009,-21.7748],[-41.4041,-21.7786],[-41.4009,-21.7748],[-41.4009,-21.7748]]]}},{"type":"Feature","properties":{"cod_tema":"AREA_SERVIDAO_ADMINISTRATIVA_TOTAL","cod_imovel":"RJ-3301009-2898D38E40924BE9880C3A5FFF587E01","num_area":"1.5919000000000000000000000000000","ind_status":"CA"},"geometry":{"type":"Polygon","coordinates":[[[-41.4009,-21.7748],[-41.4041,-21.7786],[-41.4009,-21.7748],[-41.4009,-21.7748]]]}},{"type":"Feature","properties":{"cod_tema":"AREA_UTILIDADE_PUBLICA","cod_imovel":"RJ-3301009-8C8F3BB12EE04706964FE75A3649402A","num_area":"0.3187000000000000000000000000000","ind_status":"AT"},"geometry":{"type":"Polygon","coordinates":[[[-41.7609,-21.8874],[-41.7569,-21.8883],[-41.7606,-21.8875],[-41.7609,-21.8874]]]}},{"type":"Feature","properties":{"cod_tema":"AREA_SERVIDAO_ADMINISTRATIVA_TOTAL","cod_imovel":"RJ-3301009-8C8F3BB12EE04706964FE75A3649402A","num_area":"0.3187000000000000000000000000000","ind_status":"AT"},"geometry":{"type":"Polygon","coordinates":[[[-41.7609,-21.8874],[-41.7569,-21.8883],[-41.7606,-21.8875],[-41.7609,-21.8874]]]}},{"type":"Feature","properties":{"cod_tema":"AREA_INFRAESTRUTURA_PUBLICA","cod_imovel":"RJ-3301009-933499485D454606BCD8A0F5B612D181","num_area":"0.3026000000000000000000000000000","ind_status":"AT"},"geometry":{"type":"Polygon","coordinates":[[[-41.7457,-21.8283],[-41.7471,-21.8217],[-41.7472,-21.8276],[-41.7457,-21.8283]]]}},{"type":"Feature","properties":{"cod_tema":"AREA_SERVIDAO_ADMINISTRATIVA_TOTAL","cod_imovel":"RJ-3301009-933499485D454606BCD8A0F5B612D181","num_area":"0.3026000000000000000000000000000","ind_status":"AT"},"geometry":{"type":"Polygon","coordinates":[[[-41.7457,-21.8283],[-41.7471,-21.8217],[-41.7472,-21.8276],[-41.7457,-21.8283]]]}},{"type":"Feature","properties":{"cod_tema":"AREA_INFRAESTRUTURA_PUBLICA","cod_imovel":"RJ-3301009-4EAB306A808F442683D020D882D2B7BB","num_area":"1.7037000000000000000000000000000","ind_status":"AT"},"geometry":{"type":"Polygon","coordinates":[[[-41.6204,-21.7388],[-41.6221,-21.7438],[-41.6208,-21.7392],[-41.6204,-21.7388]]]}},{"type":"Feature","properties":{"cod_tema":"AREA_SERVIDAO_ADMINISTRATIVA_TOTAL","cod_imovel":"RJ-3301009-4EAB306A808F442683D020D882D2B7BB","num_area":"1.7037000000000000000000000000000","ind_status":"AT"},"geometry":{"type":"Polygon","coordinates":[[[-41.6204,-21.7388],[-41.6221,-21.7438],[-41.6208,-21.7392],[-41.6204,-21.7388]]]}},{"type":"Feature","properties":{"cod_tema":"AREA_UTILIDADE_PUBLICA","cod_imovel":"RJ-3301009-55FD0FF9C5F34CB6A88E002E55A4036F","num_area":"0.4517000000000000000000000000000","ind_status":"AT"},"geometry":{"type":"Polygon","coordinates":[[[-41.5894,-21.7909],[-41.589,-21.7857],[-41.5894,-21.7909],[-41.5894,-21.7909]]]}},{"type":"Feature","properties":{"cod_tema":"AREA_SERVIDAO_ADMINISTRATIVA_TOTAL","cod_imovel":"RJ-3301009-55FD0FF9C5F34CB6A88E002E55A4036F","num_area":"1.2991000000000000000000000000000","ind_status":"AT"},"geometry":{"type":"Polygon","coordinates":[[[-41.5915,-21.7877],[-41.589,-21.7857],[-41.5894,-21.7909],[-41.5915,-21.7877],[-41.5915,-21.7877]]]}},{"type":"Feature","properties":{"cod_tema":"AREA_INFRAESTRUTURA_PUBLICA","cod_imovel":"RJ-3301009-D1CF2CCFCD604AE4B29C616E352A913C","num_area":"6.6761000000000000000000000000000","ind_status":"AT"},"geometry":{"type":"Polygon","coordinates":[[[-41.3641,-21.2052],[-41.3753,-21.2055],[-41.3773,-21.1978],[-41.3751,-21.2052],[-41.3641,-21.2051],[-41.3641,-21.2052]]]}},{"type":"Feature","properties":{"cod_tema":"RESERVATORIO_ENERGIA","cod_imovel":"RJ-3301009-D1CF2CCFCD604AE4B29C616E352A913C","num_area":"156.29730000000000000000000000000","ind_status":"AT"},"geometry":{"type":"Polygon","coordinates":[[[-41.3762,-21.1961],[-41.3817,-21.2056],[-41.3822,-21.2006],[-41.3887,-21.2004],[-41.3965,-21.2139],[-41.3953,-21.2033],[-41.4013,-21.2059],[-41.4034,-21.1993],[-41.4206,-21.2045],[-41.4356,-21.2186],[-41.4404,-21.2141],[-41.4547,-21.2156],[-41.4507,-21.2129],[-41.4557,-21.209],[-41.4355,-21.2158],[-41.4027,-21.1983],[-41.3813,-21.2],[-41.3762,-21.1961],[-41.3762,-21.1961]]]}},{"type":"Feature","properties":{"cod_tema":"AREA_ENTORNO_RESERVATORIO_ENERGIA","cod_imovel":"RJ-3301009-D1CF2CCFCD604AE4B29C616E352A913C","num_area":"230.27910000000000000000000000000","ind_status":"AT"},"geometry":{"type":"Polygon","coordinates":[[[-41.3763,-21.199],[-41.3815,-21.2065],[-41.3852,-21.2045],[-41.3999,-21.2138],[-41.4058,-21.2046],[-41.4193,-21.2043],[-41.4362,-21.2202],[-41.442,-21.2157],[-41.4446,-21.2191],[-41.4529,-21.2168],[-41.4557,-21.209],[-41.4531,-21.2158],[-41.4375,-21.2172],[-41.4094,-21.2001],[-41.398,-21.2018],[-41.399,-21.2124],[-41.3931,-21.2051],[-41.3914,-21.2093],[-41.3903,-21.2015],[-41.3819,-21.2026],[-41.3772,-21.1973],[-41.3763,-21.199]],[[-41.4556,-21.209],[-41.452,-21.2108],[-41.4555,-21.209],[-41.4556,-21.209]],[[-41.4472,-21.2149],[-41.4434,-21.2147],[-41.4471,-21.215],[-41.4472,-21.2149]],[[-41.437,-21.2156],[-41.4332,-21.2142],[-41.4367,-21.2157],[-41.437,-21.2156]],[[-41.4095,-21.1988],[-41.4053,-21.2021],[-41.4095,-21.1988],[-41.4095,-21.1988]],[[-41.4053,-21.202],[-41.404,-21.1986],[-41.4051,-21.2015],[-41.4053,-21.202]],[[-41.3993,-21.2001],[-41.3946,-21.2008],[-41.3993,-21.2001],[-41.3993,-21.2001]],[[-41.3946,-21.2008],[-41.3917,-21.2022],[-41.3945,-21.2008],[-41.3946,-21.2008]],[[-41.3811,-21.1998],[-41.3806,-21.1966],[-41.381,-21.1996],[-41.3811,-21.1998]]]}},{"type":"Feature","properties":{"cod_tema":"AREA_SERVIDAO_ADMINISTRATIVA_TOTAL","cod_imovel":"RJ-3301009-D1CF2CCFCD604AE4B29C616E352A913C","num_area":"392.47680000000000000000000000000","ind_status":"AT"},"geometry":{"type":"Polygon","coordinates":[[[-41.4557,-21.2091],[-41.4462,-21.2155],[-41.4355,-21.2158],[-41.4168,-21.2002],[-41.4061,-21.2024],[-41.4027,-21.1983],[-41.3925,-21.2025],[-41.3788,-21.1956],[-41.3752,-21.2052],[-41.3639,-21.2056],[-41.3753,-21.2055],[-41.3778,-21.1989],[-41.3815,-21.2065],[-41.3885,-21.2015],[-41.3907,-21.21],[-41.3933,-21.2075],[-41.3981,-21.215],[-41.3997,-21.2026],[-41.4101,-21.2008],[-41.413,-21.2067],[-41.4213,-21.2053],[-41.4363,-21.2203],[-41.442,-21.2157],[-41.4446,-21.2191],[-41.451,-21.2141],[-41.4547,-21.2166],[-41.4557,-21.2091],[-41.4557,-21.2091]]]}},{"type":"Feature","properties":{"cod_tema":"AREA_INFRAESTRUTURA_PUBLICA","cod_imovel":"RJ-3301009-068F36E133264A84B3DF51EE9933DF3E","num_area":"1.2161000000000000000000000000000","ind_status":"PE"},"geometry":{"type":"Polygon","coordinates":[[[-41.5299,-21.4185],[-41.526,-21.4138],[-41.529,-21.4174],[-41.5299,-21.4185]],[[-41.5214,-21.4103],[-41.5144,-21.4148],[-41.5207,-21.4102],[-41.5214,-21.4103]]]}},{"type":"Feature","properties":{"cod_tema":"AREA_SERVIDAO_ADMINISTRATIVA_TOTAL","cod_imovel":"RJ-3301009-068F36E133264A84B3DF51EE9933DF3E","num_area":"1.2161000000000000000000000000000","ind_status":"PE"},"geometry":{"type":"Polygon","coordinates":[[[-41.5299,-21.4185],[-41.526,-21.4138],[-41.529,-21.4174],[-41.5299,-21.4185]],[[-41.5214,-21.4103],[-41.5144,-21.4148],[-41.5207,-21.4102],[-41.5214,-21.4103]]]}},{"type":"Feature","properties":{"cod_tema":"AREA_UTILIDADE_PUBLICA","cod_imovel":"RJ-3301009-6A41861975F846CBB3F5DFF670F528CD","num_area":"0.7227000000000000000000000000000","ind_status":"AT"},"geometry":{"type":"Polygon","coordinates":[[[-41.6653,-21.8764],[-41.6738,-21.8772],[-41.6653,-21.8764],[-41.6653,-21.8764]]]}},{"type":"Feature","properties":{"cod_tema":"AREA_SERVIDAO_ADMINISTRATIVA_TOTAL","cod_imovel":"RJ-3301009-6A41861975F846CBB3F5DFF670F528CD","num_area":"0.7227000000000000000000000000000","ind_status":"AT"},"geometry":{"type":"Polygon","coordinates":[[[-41.6653,-21.8764],[-41.6738,-21.8772],[-41.6653,-21.8764],[-41.6653,-21.8764]]]}},{"type":"Feature","properties":{"cod_tema":"AREA_INFRAESTRUTURA_PUBLICA","cod_imovel":"RJ-3301009-B486535DC7444FAA993B7BE2BC39017A","num_area":"1.4167000000000000000000000000000","ind_status":"AT"},"geometry":{"type":"Polygon","coordinates":[[[-41.6044,-21.6868],[-41.6009,-21.6817],[-41.5972,-21.6837],[-41.6008,-21.6818],[-41.6042,-21.6867],[-41.6044,-21.6868]]]}},{"type":"Feature","properties":{"cod_tema":"AREA_SERVIDAO_ADMINISTRATIVA_TOTAL","cod_imovel":"RJ-3301009-B486535DC7444FAA993B7BE2BC39017A","num_area":"1.4167000000000000000000000000000","ind_status":"AT"},"geometry":{"type":"Polygon","coordinates":[[[-41.6044,-21.6868],[-41.6009,-21.6817],[-41.5972,-21.6837],[-41.6008,-21.6818],[-41.6042,-21.6867],[-41.6044,-21.6868]]]}},{"type":"Feature","properties":{"cod_tema":"AREA_INFRAESTRUTURA_PUBLICA","cod_imovel":"RJ-3301009-784700D043004B91852E1319B55605FD","num_area":"23.215900000000000000000000000000","ind_status":"PE"},"geometry":{"type":"Polygon","coordinates":[[[-41.3679,-21.3314],[-41.3756,-21.3314],[-41.3843,-21.3398],[-41.3846,-21.3357],[-41.3908,-21.336],[-41.3679,-21.3314],[-41.3679,-21.3314]]]}},{"type":"Feature","properties":{"cod_tema":"AREA_SERVIDAO_ADMINISTRATIVA_TOTAL","cod_imovel":"RJ-3301009-784700D043004B91852E1319B55605FD","num_area":"23.215900000000000000000000000000","ind_status":"PE"},"geometry":{"type":"Polygon","coordinates":[[[-41.3679,-21.3314],[-41.3756,-21.3314],[-41.3843,-21.3398],[-41.3846,-21.3357],[-41.3908,-21.336],[-41.3679,-21.3314],[-41.3679,-21.3314]]]}},{"type":"Feature","properties":{"cod_tema":"AREA_UTILIDADE_PUBLICA","cod_imovel":"RJ-3301009-0D98B9F66FB04D87AAB348CC4C0085DF","num_area":"0.1661000000000000000000000000000","ind_status":"AT"},"geometry":{"type":"Polygon","coordinates":[[[-41.4291,-21.2297],[-41.4304,-21.2268],[-41.4291,-21.2297],[-41.4291,-21.2297]]]}},{"type":"Feature","properties":{"cod_tema":"AREA_SERVIDAO_ADMINISTRATIVA_TOTAL","cod_imovel":"RJ-3301009-0D98B9F66FB04D87AAB348CC4C0085DF","num_area":"0.1661000000000000000000000000000","ind_status":"AT"},"geometry":{"type":"Polygon","coordinates":[[[-41.4291,-21.2297],[-41.4304,-21.2268],[-41.4291,-21.2297],[-41.4291,-21.2297]]]}},{"type":"Feature","properties":{"cod_tema":"AREA_INFRAESTRUTURA_PUBLICA","cod_imovel":"RJ-3301009-A196178EC2574D8B96E85FA79F3CFD11","num_area":"6.7132000000000000000000000000000","ind_status":"AT"},"geometry":{"type":"Polygon","coordinates":[[[-41.6103,-21.8941],[-41.6067,-21.8886],[-41.6101,-21.8939],[-41.6103,-21.8941]],[[-41.6029,-21.8841],[-41.6057,-21.8874],[-41.603,-21.884],[-41.6029,-21.8841]]]}},{"type":"Feature","properties":{"cod_tema":"AREA_SERVIDAO_ADMINISTRATIVA_TOTAL","cod_imovel":"RJ-3301009-A196178EC2574D8B96E85FA79F3CFD11","num_area":"6.7132000000000000000000000000000","ind_status":"AT"},"geometry":{"type":"Polygon","coordinates":[[[-41.6103,-21.8941],[-41.6067,-21.8886],[-41.6101,-21.8939],[-41.6103,-21.8941]],[[-41.6029,-21.8841],[-41.6057,-21.8874],[-41.603,-21.884],[-41.6029,-21.8841]]]}},{"type":"Feature","properties":{"cod_tema":"AREA_INFRAESTRUTURA_PUBLICA","cod_imovel":"RJ-3301009-A0EB4A399BD549D497669AFDA6B26FF1","num_area":"0.8302000000000000000000000000000","ind_status":"PE"},"geometry":{"type":"Polygon","coordinates":[[[-41.4109,-21.2181],[-41.4038,-21.2248],[-41.4109,-21.2181],[-41.4109,-21.2181]]]}},{"type":"Feature","properties":{"cod_tema":"AREA_UTILIDADE_PUBLICA","cod_imovel":"RJ-3301009-A0EB4A399BD549D497669AFDA6B26FF1","num_area":"61.118000000000000000000000000000","ind_status":"PE"},"geometry":{"type":"Polygon","coordinates":[[[-41.4075,-21.2017],[-41.4057,-21.2045],[-41.4101,-21.2008],[-41.413,-21.2067],[-41.4215,-21.2064],[-41.4167,-21.2005],[-41.4077,-21.2015],[-41.4075,-21.2017]]]}},{"type":"Feature","properties":{"cod_tema":"AREA_SERVIDAO_ADMINISTRATIVA_TOTAL","cod_imovel":"RJ-3301009-A0EB4A399BD549D497669AFDA6B26FF1","num_area":"61.948200000000000000000000000000","ind_status":"PE"},"geometry":{"type":"Polygon","coordinates":[[[-41.4109,-21.2181],[-41.4038,-21.2248],[-41.4109,-21.2181],[-41.4109,-21.2181]],[[-41.4075,-21.2017],[-41.4057,-21.2045],[-41.4101,-21.2008],[-41.413,-21.2067],[-41.4215,-21.2064],[-41.4167,-21.2005],[-41.4077,-21.2015],[-41.4075,-21.2017]]]}},{"type":"Feature","properties":{"cod_tema":"AREA_INFRAESTRUTURA_PUBLICA","cod_imovel":"RJ-3301009-AD537AC3CBF548E1A2014F84BC1A8762","num_area":"0.8349000000000000000000000000000","ind_status":"PE"},"geometry":{"type":"Polygon","coordinates":[[[-41.3883,-21.7227],[-41.3917,-21.7227],[-41.3883,-21.7227],[-41.3883,-21.7227]]]}},{"type":"Feature","properties":{"cod_tema":"AREA_UTILIDADE_PUBLICA","cod_imovel":"RJ-3301009-AD537AC3CBF548E1A2014F84BC1A8762","num_area":"0.5075000000000000000000000000000","ind_status":"PE"},"geometry":{"type":"Polygon","coordinates":[[[-41.39,-21.7279],[-41.393,-21.7267],[-41.39,-21.7279],[-41.39,-21.7279]]]}},{"type":"Feature","properties":{"cod_tema":"AREA_SERVIDAO_ADMINISTRATIVA_TOTAL","cod_imovel":"RJ-3301009-AD537AC3CBF548E1A2014F84BC1A8762","num_area":"1.3424000000000000000000000000000","ind_status":"PE"},"geometry":{"type":"Polygon","coordinates":[[[-41.39,-21.7279],[-41.393,-21.7267],[-41.39,-21.7279],[-41.39,-21.7279]],[[-41.3883,-21.7227],[-41.3917,-21.7227],[-41.3883,-21.7227],[-41.3883,-21.7227]]]}},{"type":"Feature","properties":{"cod_tema":"AREA_INFRAESTRUTURA_PUBLICA","cod_imovel":"RJ-3301009-501D66A9FF83421AB0864870D45271EA","num_area":"4.1148000000000000000000000000000","ind_status":"PE"},"geometry":{"type":"Polygon","coordinates":[[[-41.2427,-21.7477],[-41.2066,-21.729],[-41.2427,-21.7477],[-41.2427,-21.7477]]]}},{"type":"Feature","properties":{"cod_tema":"AREA_UTILIDADE_PUBLICA","cod_imovel":"RJ-3301009-501D66A9FF83421AB0864870D45271EA","num_area":"10.378300000000000000000000000000","ind_status":"PE"},"geometry":{"type":"Polygon","coordinates":[[[-41.2046,-21.716],[-41.245,-21.7137],[-41.2046,-21.7159],[-41.2046,-21.716]]]}},{"type":"Feature","properties":{"cod_tema":"AREA_SERVIDAO_ADMINISTRATIVA_TOTAL","cod_imovel":"RJ-3301009-501D66A9FF83421AB0864870D45271EA","num_area":"14.493000000000000000000000000000","ind_status":"PE"},"geometry":{"type":"Polygon","coordinates":[[[-41.2046,-21.716],[-41.245,-21.7137],[-41.2046,-21.7159],[-41.2046,-21.716]],[[-41.2427,-21.7477],[-41.2066,-21.729],[-41.2427,-21.7477],[-41.2427,-21.7477]]]}},{"type":"Feature","properties":{"cod_tema":"AREA_UTILIDADE_PUBLICA","cod_imovel":"RJ-3301009-5F38774C75734AFF928610AFED36F97D","num_area":"0.1948000000000000000000000000000","ind_status":"AT"},"geometry":{"type":"Polygon","coordinates":[[[-41.5948,-21.7042],[-41.5972,-21.7066],[-41.5949,-21.7043],[-41.5948,-21.7042]]]}},{"type":"Feature","properties":{"cod_tema":"AREA_SERVIDAO_ADMINISTRATIVA_TOTAL","cod_imovel":"RJ-3301009-5F38774C75734AFF928610AFED36F97D","num_area":"0.1948000000000000000000000000000","ind_status":"AT"},"geometry":{"type":"Polygon","coordinates":[[[-41.5948,-21.7042],[-41.5972,-21.7066],[-41.5949,-21.7043],[-41.5948,-21.7042]]]}},{"type":"Feature","properties":{"cod_tema":"AREA_UTILIDADE_PUBLICA","cod_imovel":"RJ-3301009-FC70AB9EE8264D10874821472259E2BE","num_area":"1.0365000000000000000000000000000","ind_status":"AT"},"geometry":{"type":"Polygon","coordinates":[[[-41.5804,-21.704],[-41.5719,-21.6954],[-41.5819,-21.7069],[-41.5804,-21.7041],[-41.5804,-21.704]]]}},{"type":"Feature","properties":{"cod_tema":"AREA_SERVIDAO_ADMINISTRATIVA_TOTAL","cod_imovel":"RJ-3301009-FC70AB9EE8264D10874821472259E2BE","num_area":"1.0365000000000000000000000000000","ind_status":"AT"},"geometry":{"type":"Polygon","coordinates":[[[-41.5804,-21.704],[-41.5719,-21.6954],[-41.5819,-21.7069],[-41.5804,-21.7041],[-41.5804,-21.704]]]}},{"type":"Feature","properties":{"cod_tema":"AREA_UTILIDADE_PUBLICA","cod_imovel":"RJ-3301009-4F155B151A7D4C68B26A137AF39768A5","num_area":"1.2506000000000000000000000000000","ind_status":"AT"},"geometry":{"type":"Polygon","coordinates":[[[-41.7404,-21.8873],[-41.7517,-21.888],[-41.7404,-21.8874],[-41.7404,-21.8873]]]}},{"type":"Feature","properties":{"cod_tema":"AREA_SERVIDAO_ADMINISTRATIVA_TOTAL","cod_imovel":"RJ-3301009-4F155B151A7D4C68B26A137AF39768A5","num_area":"1.2506000000000000000000000000000","ind_status":"AT"},"geometry":{"type":"Polygon","coordinates":[[[-41.7404,-21.8873],[-41.7517,-21.888],[-41.7404,-21.8874],[-41.7404,-21.8873]]]}},{"type":"Feature","properties":{"cod_tema":"AREA_UTILIDADE_PUBLICA","cod_imovel":"RJ-3301009-3CC89EF567834DA480BDFFF3673A45D4","num_area":"2.5462000000000000000000000000000","ind_status":"AT"},"geometry":{"type":"Polygon","coordinates":[[[-41.6485,-21.6953],[-41.6388,-21.7018],[-41.6226,-21.6991],[-41.6285,-21.7039],[-41.6212,-21.7083],[-41.6286,-21.7039],[-41.6251,-21.7009],[-41.6283,-21.699],[-41.6387,-21.7038],[-41.6484,-21.6954],[-41.6485,-21.6953]]]}},{"type":"Feature","properties":{"cod_tema":"AREA_SERVIDAO_ADMINISTRATIVA_TOTAL","cod_imovel":"RJ-3301009-3CC89EF567834DA480BDFFF3673A45D4","num_area":"2.5462000000000000000000000000000","ind_status":"AT"},"geometry":{"type":"Polygon","coordinates":[[[-41.6485,-21.6953],[-41.6388,-21.7018],[-41.6226,-21.6991],[-41.6285,-21.7039],[-41.6212,-21.7083],[-41.6286,-21.7039],[-41.6251,-21.7009],[-41.6283,-21.699],[-41.6387,-21.7038],[-41.6484,-21.6954],[-41.6485,-21.6953]]]}},{"type":"Feature","properties":{"cod_tema":"AREA_INFRAESTRUTURA_PUBLICA","cod_imovel":"RJ-3301009-7B4D7D7C587146E3BAAF38E417C47F06","num_area":"0.9827000000000000000000000000000","ind_status":"AT"},"geometry":{"type":"Polygon","coordinates":[[[-41.4898,-21.2425],[-41.4957,-21.2527],[-41.4899,-21.2426],[-41.4898,-21.2425]]]}},{"type":"Feature","properties":{"cod_tema":"AREA_SERVIDAO_ADMINISTRATIVA_TOTAL","cod_imovel":"RJ-3301009-7B4D7D7C587146E3BAAF38E417C47F06","num_area":"0.9827000000000000000000000000000","ind_status":"AT"},"geometry":{"type":"Polygon","coordinates":[[[-41.4898,-21.2425],[-41.4957,-21.2527],[-41.4899,-21.2426],[-41.4898,-21.2425]]]}},{"type":"Feature","properties":{"cod_tema":"AREA_INFRAESTRUTURA_PUBLICA","cod_imovel":"RJ-3301009-E00613441B21437AB28F7819F32463A6","num_area":"1.3745000000000000000000000000000","ind_status":"AT"},"geometry":{"type":"Polygon","coordinates":[[[-41.5915,-21.6877],[-41.5795,-21.6932],[-41.5915,-21.6877],[-41.5915,-21.6877]]]}},{"type":"Feature","properties":{"cod_tema":"AREA_SERVIDAO_ADMINISTRATIVA_TOTAL","cod_imovel":"RJ-3301009-E00613441B21437AB28F7819F32463A6","num_area":"1.3745000000000000000000000000000","ind_status":"AT"},"geometry":{"type":"Polygon","coordinates":[[[-41.5915,-21.6877],[-41.5795,-21.6932],[-41.5915,-21.6877],[-41.5915,-21.6877]]]}},{"type":"Feature","properties":{"cod_tema":"AREA_INFRAESTRUTURA_PUBLICA","cod_imovel":"RJ-3301009-FA9AAE877644495D8313F1D0E71346E4","num_area":"1.2902000000000000000000000000000","ind_status":"AT"},"geometry":{"type":"Polygon","coordinates":[[[-41.4572,-21.6944],[-41.4479,-21.6972],[-41.4555,-21.6947],[-41.4572,-21.6944]],[[-41.4684,-21.7321],[-41.4579,-21.7284],[-41.4665,-21.7316],[-41.4684,-21.7321]]]}},{"type":"Feature","properties":{"cod_tema":"AREA_SERVIDAO_ADMINISTRATIVA_TOTAL","cod_imovel":"RJ-3301009-FA9AAE877644495D8313F1D0E71346E4","num_area":"1.2902000000000000000000000000000","ind_status":"AT"},"geometry":{"type":"Polygon","coordinates":[[[-41.4572,-21.6944],[-41.4479,-21.6972],[-41.4555,-21.6947],[-41.4572,-21.6944]],[[-41.4684,-21.7321],[-41.4579,-21.7284],[-41.4665,-21.7316],[-41.4684,-21.7321]]]}},{"type":"Feature","properties":{"cod_tema":"AREA_INFRAESTRUTURA_PUBLICA","cod_imovel":"RJ-3301009-29F97B80D48440CF8607E1297E9C3A74","num_area":"0.6852000000000000000000000000000","ind_status":"PE"},"geometry":{"type":"Polygon","coordinates":[[[-41.181,-21.7114],[-41.1904,-21.7172],[-41.1855,-21.7147],[-41.181,-21.7114]]]}},{"type":"Feature","properties":{"cod_tema":"AREA_UTILIDADE_PUBLICA","cod_imovel":"RJ-3301009-29F97B80D48440CF8607E1297E9C3A74","num_area":"3.4884000000000000000000000000000","ind_status":"PE"},"geometry":{"type":"Polygon","coordinates":[[[-41.1924,-21.7042],[-41.1866,-21.7095],[-41.1798,-21.6968],[-41.182,-21.7039],[-41.1787,-21.7033],[-41.1865,-21.7096],[-41.1831,-21.713],[-41.1875,-21.7104],[-41.1855,-21.7148],[-41.1924,-21.7042],[-41.1924,-21.7042]]]}},{"type":"Feature","properties":{"cod_tema":"AREA_SERVIDAO_ADMINISTRATIVA_TOTAL","cod_imovel":"RJ-3301009-29F97B80D48440CF8607E1297E9C3A74","num_area":"4.1685000000000000000000000000000","ind_status":"PE"},"geometry":{"type":"Polygon","coordinates":[[[-41.181,-21.7114],[-41.1904,-21.7172],[-41.1855,-21.7148],[-41.1924,-21.7042],[-41.1866,-21.7095],[-41.1799,-21.6968],[-41.182,-21.7039],[-41.1787,-21.7033],[-41.1865,-21.7096],[-41.1831,-21.713],[-41.181,-21.7114]]]}},{"type":"Feature","properties":{"cod_tema":"AREA_INFRAESTRUTURA_PUBLICA","cod_imovel":"RJ-3301009-2FF0F78521EF4B43B69DF65BCDB8CEA1","num_area":"0.2926000000000000000000000000000","ind_status":"AT"},"geometry":{"type":"Polygon","coordinates":[[[-41.657,-21.8362],[-41.654,-21.8328],[-41.6569,-21.8362],[-41.657,-21.8362]]]}},{"type":"Feature","properties":{"cod_tema":"AREA_SERVIDAO_ADMINISTRATIVA_TOTAL","cod_imovel":"RJ-3301009-2FF0F78521EF4B43B69DF65BCDB8CEA1","num_area":"0.2926000000000000000000000000000","ind_status":"AT"},"geometry":{"type":"Polygon","coordinates":[[[-41.657,-21.8362],[-41.654,-21.8328],[-41.6569,-21.8362],[-41.657,-21.8362]]]}},{"type":"Feature","properties":{"cod_tema":"AREA_UTILIDADE_PUBLICA","cod_imovel":"RJ-3301009-4E052D84933C4505B60BB20DB1B75E91","num_area":"0.3642000000000000000000000000000","ind_status":"AT"},"geometry":{"type":"Polygon","coordinates":[[[-41.7939,-21.8799],[-41.7885,-21.8787],[-41.7936,-21.8793],[-41.7939,-21.8799]]]}},{"type":"Feature","properties":{"cod_tema":"AREA_SERVIDAO_ADMINISTRATIVA_TOTAL","cod_imovel":"RJ-3301009-4E052D84933C4505B60BB20DB1B75E91","num_area":"0.3642000000000000000000000000000","ind_status":"AT"},"geometry":{"type":"Polygon","coordinates":[[[-41.7939,-21.8799],[-41.7885,-21.8787],[-41.7936,-21.8793],[-41.7939,-21.8799]]]}}]}