{"type":"FeatureCollection","features":[{"type":"Feature","properties":{"cod_tema":"AREA_USO_RESTRITO_DECLIVIDADE_25_A_45","cod_imovel":"RJ-3303401-8F28EF92821E458FB093D8D060FE7A57","num_area":"3.0892000000000000000000000000000","ind_status":"AT"},"geometry":{"type":"Polygon","coordinates":[[[-42.6689,-22.3146],[-42.6701,-22.313],[-42.6687,-22.3145],[-42.6689,-22.3146]]]}},{"type":"Feature","properties":{"cod_tema":"AREA_USO_RESTRITO_DECLIVIDADE_25_A_45","cod_imovel":"RJ-3303401-3820F64663F54262A3D0E19A5983AA5E","num_area":"6.3263000000000000000000000000000","ind_status":"AT"},"geometry":{"type":"Polygon","coordinates":[[[-42.3508,-22.3026],[-42.3482,-22.3052],[-42.3506,-22.3025],[-42.3508,-22.3026]]]}},{"type":"Feature","properties":{"cod_tema":"AREA_USO_RESTRITO_DECLIVIDADE_25_A_45","cod_imovel":"RJ-3303401-9C38EF3BDB1745CFB2C38D29B7CEC146","num_area":"17.028400000000000000000000000000","ind_status":"AT"},"geometry":{"type":"Polygon","coordinates":[[[-42.481,-22.3722],[-42.4811,-22.3753],[-42.4871,-22.3761],[-42.481,-22.3721],[-42.481,-22.3722]],[[-42.481,-22.3706],[-42.4828,-22.3728],[-42.4812,-22.3708],[-42.481,-22.3706]],[[-42.4868,-22.3733],[-42.4828,-22.3728],[-42.4868,-22.3734],[-42.4868,-22.3733]]]}},{"type":"Feature","properties":{"cod_tema":"AREA_USO_RESTRITO_DECLIVIDADE_25_A_45","cod_imovel":"RJ-3303401-DD33CC4E02AA4A0E9C262CF85FC58477","num_area":"131.05360000000000000000000000000","ind_status":"AT"},"geometry":{"type":"Polygon","coordinates":[[[-42.4225,-22.3928],[-42.4154,-22.3894],[-42.4054,-22.3966],[-42.4147,-22.4086],[-42.4168,-22.4054],[-42.4159,-22.4079],[-42.4159,-22.4039],[-42.4086,-22.3959],[-42.414,-22.397],[-42.4157,-22.3911],[-42.4177,-22.3927],[-42.4169,-22.397],[-42.4137,-22.3978],[-42.4179,-22.4045],[-42.4204,-22.3944],[-42.42,-22.3966],[-42.4225,-22.3928]],[[-42.4134,-22.3969],[-42.4106,-22.3955],[-42.4132,-22.3968],[-42.4134,-22.3969]],[[-42.4146,-22.3926],[-42.4138,-22.3905],[-42.4145,-22.3924],[-42.4146,-22.3926]],[[-42.416,-22.3939],[-42.4153,-22.3958],[-42.4159,-22.3939],[-42.416,-22.3939]],[[-42.4152,-22.3964],[-42.4165,-22.3939],[-42.4152,-22.3964],[-42.4152,-22.3964]]]}},{"type":"Feature","properties":{"cod_tema":"AREA_USO_RESTRITO_DECLIVIDADE_25_A_45","cod_imovel":"RJ-3303401-DBB43C8E6D1B4FE4AAB624FF581B7C7D","num_area":"2.7655000000000000000000000000000","ind_status":"AT"},"geometry":{"type":"Polygon","coordinates":[[[-42.3685,-22.3717],[-42.3701,-22.3733],[-42.3691,-22.3716],[-42.3685,-22.3717]]]}},{"type":"Feature","properties":{"cod_tema":"AREA_USO_RESTRITO_DECLIVIDADE_25_A_45","cod_imovel":"RJ-3303401-D34234D492D447E1BF20D5D1871FC4F0","num_area":"4.8069000000000000000000000000000","ind_status":"AT"},"geometry":{"type":"Polygon","coordinates":[[[-42.3064,-22.3314],[-42.3088,-22.3329],[-42.3064,-22.3315],[-42.3064,-22.3314]]]}},{"type":"Feature","properties":{"cod_tema":"AREA_USO_RESTRITO_DECLIVIDADE_25_A_45","cod_imovel":"RJ-3303401-85ED4933C1B14589952497E4BA9223FF","num_area":"51.235100000000000000000000000000","ind_status":"AT"},"geometry":{"type":"Polygon","coordinates":[[[-42.3709,-22.4254],[-42.3855,-22.4201],[-42.3725,-22.424],[-42.3709,-22.4254]],[[-42.3847,-22.4145],[-42.3753,-22.4145],[-42.3683,-22.4187],[-42.3854,-22.415],[-42.3847,-22.4145]]]}},{"type":"Feature","properties":{"cod_tema":"AREA_USO_RESTRITO_DECLIVIDADE_25_A_45","cod_imovel":"RJ-3303401-ADD987B5D8C24046A665EC8036ABB5B4","num_area":"4.8061000000000000000000000000000","ind_status":"AT"},"geometry":{"type":"Polygon","coordinates":[[[-42.6533,-22.2249],[-42.6534,-22.2272],[-42.6536,-22.2247],[-42.6533,-22.2249]]]}},{"type":"Feature","properties":{"cod_tema":"AREA_USO_RESTRITO_DECLIVIDADE_25_A_45","cod_imovel":"RJ-3303401-045CF0B7339F4F75BB4EBA5D7C751260","num_area":"3.9743000000000000000000000000000","ind_status":"PE"},"geometry":{"type":"Polygon","coordinates":[[[-42.5111,-22.3483],[-42.5144,-22.3483],[-42.5111,-22.3483],[-42.5111,-22.3483]]]}},{"type":"Feature","properties":{"cod_tema":"AREA_USO_RESTRITO_DECLIVIDADE_25_A_45","cod_imovel":"RJ-3303401-3DB6913AAB20428189C2EEC580B94649","num_area":"6.8795000000000000000000000000000","ind_status":"AT"},"geometry":{"type":"Polygon","coordinates":[[[-42.4899,-22.1922],[-42.4922,-22.1895],[-42.4899,-22.1922],[-42.4899,-22.1922]],[[-42.4934,-22.1882],[-42.4952,-22.1912],[-42.4935,-22.1881],[-42.4934,-22.1882]]]}},{"type":"Feature","properties":{"cod_tema":"AREA_USO_RESTRITO_DECLIVIDADE_25_A_45","cod_imovel":"RJ-3303401-C6AB28A6A3AA4CC68E99BC0273C2154C","num_area":"16.109000000000000000000000000000","ind_status":"AT"},"geometry":{"type":"Polygon","coordinates":[[[-42.4984,-22.4352],[-42.5012,-22.4351],[-42.5036,-22.4286],[-42.501,-22.4304],[-42.4984,-22.4352]]]}},{"type":"Feature","properties":{"cod_tema":"AREA_USO_RESTRITO_DECLIVIDADE_25_A_45","cod_imovel":"RJ-3303401-DD8566215AA84934B0626408B080397E","num_area":"19.773300000000000000000000000000","ind_status":"AT"},"geometry":{"type":"Polygon","coordinates":[[[-42.6666,-22.2195],[-42.669,-22.2233],[-42.6656,-22.2204],[-42.6655,-22.224],[-42.6713,-22.2244],[-42.6668,-22.22],[-42.6666,-22.2195]]]}},{"type":"Feature","properties":{"cod_tema":"AREA_USO_RESTRITO_DECLIVIDADE_25_A_45","cod_imovel":"RJ-3303401-38F87A5977E3474095D04E20448573E8","num_area":"4.6738000000000000000000000000000","ind_status":"AT"},"geometry":{"type":"Polygon","coordinates":[[[-42.6551,-22.3098],[-42.6527,-22.3075],[-42.6551,-22.3099],[-42.6551,-22.3098]]]}},{"type":"Feature","properties":{"cod_tema":"AREA_USO_RESTRITO_DECLIVIDADE_25_A_45","cod_imovel":"RJ-3303401-068AD46DDF22418698567B3F54871C80","num_area":"12.911900000000000000000000000000","ind_status":"AT"},"geometry":{"type":"Polygon","coordinates":[[[-42.4923,-22.1947],[-42.4953,-22.1938],[-42.4927,-22.1944],[-42.4923,-22.1947]],[[-42.4886,-22.1926],[-42.4937,-22.1927],[-42.4906,-22.1928],[-42.4911,-22.1901],[-42.4886,-22.1926],[-42.4886,-22.1926]]]}},{"type":"Feature","properties":{"cod_tema":"AREA_USO_RESTRITO_DECLIVIDADE_25_A_45","cod_imovel":"RJ-3303401-2944F60712104BB79C408C554434ECC8","num_area":"17.818400000000000000000000000000","ind_status":"AT"},"geometry":{"type":"Polygon","coordinates":[[[-42.4888,-22.3823],[-42.4855,-22.3836],[-42.4877,-22.3861],[-42.4887,-22.3824],[-42.4888,-22.3823]],[[-42.4854,-22.3835],[-42.4877,-22.3837],[-42.4827,-22.3843],[-42.4849,-22.3834],[-42.4854,-22.3835]],[[-42.4878,-22.3818],[-42.4811,-22.3838],[-42.4876,-22.382],[-42.4878,-22.3818]]]}},{"type":"Feature","properties":{"cod_tema":"AREA_USO_RESTRITO_DECLIVIDADE_25_A_45","cod_imovel":"RJ-3303401-B5EC2563975E4C00817B53839CCC6EEE","num_area":"9.0996000000000000000000000000000","ind_status":"AT"},"geometry":{"type":"Polygon","coordinates":[[[-42.3568,-22.314],[-42.3613,-22.3106],[-42.3569,-22.3139],[-42.3568,-22.314]]]}},{"type":"Feature","properties":{"cod_tema":"AREA_USO_RESTRITO_DECLIVIDADE_25_A_45","cod_imovel":"RJ-3303401-E09332136519458084E664FE299EDF82","num_area":"12.194500000000000000000000000000","ind_status":"AT"},"geometry":{"type":"Polygon","coordinates":[[[-42.3235,-22.3092],[-42.3292,-22.3085],[-42.3256,-22.3069],[-42.3235,-22.3092],[-42.3235,-22.3092]]]}},{"type":"Feature","properties":{"cod_tema":"AREA_USO_RESTRITO_DECLIVIDADE_25_A_45","cod_imovel":"RJ-3303401-8955C9BA41824083A0F39EF5788AC8AD","num_area":"3.6875000000000000000000000000000","ind_status":"AT"},"geometry":{"type":"Polygon","coordinates":[[[-42.4162,-22.3176],[-42.4148,-22.3148],[-42.4152,-22.3177],[-42.4162,-22.3176]]]}},{"type":"Feature","properties":{"cod_tema":"AREA_USO_RESTRITO_DECLIVIDADE_25_A_45","cod_imovel":"RJ-3303401-4EC85001EEEF46ACB17EA23E69FACB6D","num_area":"8.6002000000000000000000000000000","ind_status":"AT"},"geometry":{"type":"Polygon","coordinates":[[[-42.4066,-22.3085],[-42.4086,-22.3077],[-42.4064,-22.3078],[-42.4066,-22.3085]],[[-42.4036,-22.3064],[-42.4063,-22.3088],[-42.4036,-22.3064],[-42.4036,-22.3064]]]}},{"type":"Feature","properties":{"cod_tema":"AREA_USO_RESTRITO_DECLIVIDADE_25_A_45","cod_imovel":"RJ-3303401-39E502F849B340F68F8A5B57B4933AFB","num_area":"1.9814000000000000000000000000000","ind_status":"AT"},"geometry":{"type":"Polygon","coordinates":[[[-42.6914,-22.3252],[-42.6894,-22.3258],[-42.6916,-22.3257],[-42.6914,-22.3252]]]}},{"type":"Feature","properties":{"cod_tema":"AREA_USO_RESTRITO_DECLIVIDADE_25_A_45","cod_imovel":"RJ-3303401-48C0DD57A5B14301920207197A8D79FA","num_area":"90.114100000000000000000000000000","ind_status":"AT"},"geometry":{"type":"Polygon","coordinates":[[[-42.532,-22.4535],[-42.539,-22.4559],[-42.5346,-22.4556],[-42.5359,-22.4526],[-42.5322,-22.4535],[-42.532,-22.4535]],[[-42.5314,-22.4523],[-42.5343,-22.4515],[-42.5314,-22.4523],[-42.5314,-22.4523]],[[-42.5181,-22.4339],[-42.5164,-22.4371],[-42.5207,-22.435],[-42.5181,-22.4339],[-42.5181,-22.4339]],[[-42.5183,-22.4397],[-42.5236,-22.4469],[-42.5305,-22.4487],[-42.5275,-22.4499],[-42.5346,-22.4514],[-42.5237,-22.44],[-42.5195,-22.4406],[-42.5239,-22.4394],[-42.5229,-22.4368],[-42.5177,-22.4395],[-42.5183,-22.4397]],[[-42.5199,-22.4394],[-42.5229,-22.4379],[-42.5195,-22.4396],[-42.5199,-22.4394]]]}},{"type":"Feature","properties":{"cod_tema":"AREA_USO_RESTRITO_DECLIVIDADE_25_A_45","cod_imovel":"RJ-3303401-48AA37014B6841FF9817DE2801D105C3","num_area":"5.7770000000000000000000000000000","ind_status":"AT"},"geometry":{"type":"Polygon","coordinates":[[[-42.2708,-22.3064],[-42.2715,-22.3044],[-42.2674,-22.3045],[-42.2695,-22.3057],[-42.2708,-22.3064]]]}},{"type":"Feature","properties":{"cod_tema":"AREA_USO_RESTRITO_DECLIVIDADE_25_A_45","cod_imovel":"RJ-3303401-9A1B47C536524FE38DED28BFFEB63E63","num_area":"7.4106000000000000000000000000000","ind_status":"AT"},"geometry":{"type":"Polygon","coordinates":[[[-42.269,-22.3054],[-42.2674,-22.3084],[-42.2711,-22.307],[-42.2693,-22.3058],[-42.269,-22.3054]]]}},{"type":"Feature","properties":{"cod_tema":"AREA_USO_RESTRITO_DECLIVIDADE_25_A_45","cod_imovel":"RJ-3303401-AB0F9616D1F04114A8A761A7DA168B87","num_area":"1.9106000000000000000000000000000","ind_status":"AT"},"geometry":{"type":"Polygon","coordinates":[[[-42.4878,-22.3674],[-42.4873,-22.3651],[-42.4873,-22.3674],[-42.4878,-22.3674]]]}},{"type":"Feature","properties":{"cod_tema":"AREA_USO_RESTRITO_DECLIVIDADE_25_A_45","cod_imovel":"RJ-3303401-149FC02D0DB04A20A71EEFA8DFEEDDB9","num_area":"1.2766000000000000000000000000000","ind_status":"AT"},"geometry":{"type":"Polygon","coordinates":[[[-42.5708,-22.193],[-42.5722,-22.1944],[-42.5708,-22.193],[-42.5708,-22.193]]]}},{"type":"Feature","properties":{"cod_tema":"AREA_USO_RESTRITO_DECLIVIDADE_25_A_45","cod_imovel":"RJ-3303401-2EC33A556AFA4699925359F867F3CF69","num_area":"2.1694000000000000000000000000000","ind_status":"AT"},"geometry":{"type":"Polygon","coordinates":[[[-42.3122,-22.3245],[-42.3118,-22.322],[-42.312,-22.3245],[-42.3122,-22.3245]]]}},{"type":"Feature","properties":{"cod_tema":"AREA_USO_RESTRITO_DECLIVIDADE_25_A_45","cod_imovel":"RJ-3303401-B7A4A3D279794109947FBB4B58371F9E","num_area":"4.5480000000000000000000000000000","ind_status":"PE"},"geometry":{"type":"Polygon","coordinates":[[[-42.4695,-22.2382],[-42.4719,-22.2391],[-42.4695,-22.2382],[-42.4695,-22.2382]]]}},{"type":"Feature","properties":{"cod_tema":"AREA_USO_RESTRITO_DECLIVIDADE_25_A_45","cod_imovel":"RJ-3303401-A93508CDEB1C4D53BF686732C886C824","num_area":"6.4443000000000000000000000000000","ind_status":"AT"},"geometry":{"type":"Polygon","coordinates":[[[-42.4741,-22.3593],[-42.4728,-22.3612],[-42.4781,-22.3597],[-42.474,-22.3592],[-42.4741,-22.3593]]]}},{"type":"Feature","properties":{"cod_tema":"AREA_USO_RESTRITO_DECLIVIDADE_25_A_45","cod_imovel":"RJ-3303401-E9B5438BA1C2455DB90909FF4ECF07BC","num_area":"127.09060000000000000000000000000","ind_status":"AT"},"geometry":{"type":"Polygon","coordinates":[[[-42.416,-22.3818],[-42.4047,-22.3843],[-42.4041,-22.3799],[-42.4008,-22.3793],[-42.3998,-22.3834],[-42.4028,-22.386],[-42.4026,-22.3818],[-42.403,-22.386],[-42.4036,-22.3819],[-42.4048,-22.3851],[-42.416,-22.3818],[-42.416,-22.3818]],[[-42.4032,-22.3842],[-42.403,-22.3812],[-42.4029,-22.384],[-42.4032,-22.3842]],[[-42.4231,-22.3917],[-42.423,-22.3886],[-42.4197,-22.3886],[-42.423,-22.3885],[-42.4203,-22.3879],[-42.423,-22.387],[-42.4215,-22.3821],[-42.422,-22.3859],[-42.4184,-22.388],[-42.4198,-22.383],[-42.4148,-22.3837],[-42.4169,-22.3884],[-42.4142,-22.3834],[-42.4102,-22.3844],[-42.4139,-22.3838],[-42.4145,-22.3884],[-42.4132,-22.3845],[-42.4079,-22.385],[-42.413,-22.3879],[-42.4077,-22.3848],[-42.4042,-22.3865],[-42.4231,-22.3917],[-42.4231,-22.3917]],[[-42.4129,-22.3901],[-42.4105,-22.3889],[-42.4126,-22.3897],[-42.4129,-22.3901]],[[-42.4171,-22.387],[-42.4153,-22.3842],[-42.4171,-22.3866],[-42.4171,-22.387]],[[-42.4188,-22.3839],[-42.417,-22.385],[-42.4186,-22.3837],[-42.4188,-22.3839]],[[-42.4193,-22.386],[-42.4199,-22.3838],[-42.4193,-22.386],[-42.4193,-22.386]]]}},{"type":"Feature","properties":{"cod_tema":"AREA_USO_RESTRITO_DECLIVIDADE_25_A_45","cod_imovel":"RJ-3303401-5AFE4C56501345D18C7A9378B266DDAB","num_area":"28.931800000000000000000000000000","ind_status":"AT"},"geometry":{"type":"Polygon","coordinates":[[[-42.5669,-22.2301],[-42.5648,-22.2304],[-42.5671,-22.2301],[-42.5669,-22.2301]],[[-42.5716,-22.2263],[-42.572,-22.2241],[-42.5715,-22.2263],[-42.5716,-22.2263]],[[-42.5677,-22.2245],[-42.5669,-22.2267],[-42.5677,-22.2245],[-42.5677,-22.2245]],[[-42.5698,-22.2281],[-42.5697,-22.2234],[-42.563,-22.2315],[-42.5698,-22.2281],[-42.5698,-22.2281]]]}},{"type":"Feature","properties":{"cod_tema":"AREA_USO_RESTRITO_DECLIVIDADE_25_A_45","cod_imovel":"RJ-3303401-6262FC976159454AB8D2B9E6186D4DBB","num_area":"24.255200000000000000000000000000","ind_status":"AT"},"geometry":{"type":"Polygon","coordinates":[[[-42.6534,-22.2598],[-42.6561,-22.2615],[-42.6632,-22.2567],[-42.6589,-22.2543],[-42.6587,-22.2573],[-42.6628,-22.2568],[-42.6536,-22.2597],[-42.6534,-22.2598]]]}},{"type":"Feature","properties":{"cod_tema":"AREA_USO_RESTRITO_DECLIVIDADE_25_A_45","cod_imovel":"RJ-3303401-0D95B94F865E432CAB8580467A3D3ABE","num_area":"12.348300000000000000000000000000","ind_status":"AT"},"geometry":{"type":"Polygon","coordinates":[[[-42.4985,-22.4276],[-42.4901,-22.4339],[-42.4972,-22.4288],[-42.4985,-22.4276]],[[-42.4993,-22.4263],[-42.4973,-22.428],[-42.4994,-22.4268],[-42.4993,-22.4263]]]}},{"type":"Feature","properties":{"cod_tema":"AREA_USO_RESTRITO_DECLIVIDADE_25_A_45","cod_imovel":"RJ-3303401-B80CCDC6F8E74751AF3E52019AD74914","num_area":"7.7118000000000000000000000000000","ind_status":"AT"},"geometry":{"type":"Polygon","coordinates":[[[-42.6194,-22.212],[-42.6169,-22.2106],[-42.6187,-22.2128],[-42.6194,-22.212]],[[-42.6119,-22.2085],[-42.6144,-22.2096],[-42.6126,-22.2084],[-42.6119,-22.2085]]]}},{"type":"Feature","properties":{"cod_tema":"AREA_USO_RESTRITO_DECLIVIDADE_25_A_45","cod_imovel":"RJ-3303401-E90D9D44363948209FDB6E7938176996","num_area":"2.5715000000000000000000000000000","ind_status":"PE"},"geometry":{"type":"Polygon","coordinates":[[[-42.6331,-22.3041],[-42.631,-22.3041],[-42.6331,-22.3049],[-42.6331,-22.3041]]]}},{"type":"Feature","properties":{"cod_tema":"AREA_USO_RESTRITO_DECLIVIDADE_25_A_45","cod_imovel":"RJ-3303401-252B2945F11340428E0AA256FBCEE1A4","num_area":"16.871200000000000000000000000000","ind_status":"AT"},"geometry":{"type":"Polygon","coordinates":[[[-42.3048,-22.3518],[-42.3025,-22.3524],[-42.3062,-22.3536],[-42.3048,-22.3519],[-42.3048,-22.3518]],[[-42.3005,-22.3561],[-42.2934,-22.3566],[-42.2935,-22.3591],[-42.3,-22.3562],[-42.3005,-22.3561]]]}},{"type":"Feature","properties":{"cod_tema":"AREA_USO_RESTRITO_DECLIVIDADE_25_A_45","cod_imovel":"RJ-3303401-370028F977B14219AB24477D72196D9A","num_area":"6.8535000000000000000000000000000","ind_status":"AT"},"geometry":{"type":"Polygon","coordinates":[[[-42.5869,-22.3297],[-42.5844,-22.3255],[-42.586,-22.3288],[-42.5869,-22.3297]]]}},{"type":"Feature","properties":{"cod_tema":"AREA_USO_RESTRITO_DECLIVIDADE_25_A_45","cod_imovel":"RJ-3303401-A2A6E608547D4253A475180B32AEBB45","num_area":"34.371100000000000000000000000000","ind_status":"AT"},"geometry":{"type":"Polygon","coordinates":[[[-42.6848,-22.3463],[-42.6881,-22.3505],[-42.6938,-22.3487],[-42.6892,-22.3444],[-42.6853,-22.3459],[-42.6848,-22.3463]]]}},{"type":"Feature","properties":{"cod_tema":"AREA_USO_RESTRITO_DECLIVIDADE_25_A_45","cod_imovel":"RJ-3303401-FF0863F624F04CDE803AD321B8A4ED61","num_area":"88.700600000000000000000000000000","ind_status":"AT"},"geometry":{"type":"Polygon","coordinates":[[[-42.6313,-22.391],[-42.6271,-22.3911],[-42.6309,-22.3912],[-42.6313,-22.391]],[[-42.6321,-22.3926],[-42.6341,-22.3886],[-42.6318,-22.3924],[-42.6321,-22.3926]],[[-42.6379,-22.3926],[-42.6355,-22.3903],[-42.6367,-22.3927],[-42.6327,-22.3922],[-42.6361,-22.3927],[-42.6379,-22.3926]],[[-42.6395,-22.3857],[-42.6331,-22.3866],[-42.6361,-22.389],[-42.6397,-22.3861],[-42.6395,-22.3857]],[[-42.6393,-22.388],[-42.6365,-22.3903],[-42.639,-22.391],[-42.6395,-22.3878],[-42.6393,-22.388]],[[-42.6402,-22.3889],[-42.6392,-22.3917],[-42.6403,-22.389],[-42.6402,-22.3889]],[[-42.6416,-22.3889],[-42.6426,-22.3932],[-42.6448,-22.3921],[-42.6422,-22.3928],[-42.6421,-22.3888],[-42.6416,-22.3889]],[[-42.6446,-22.3847],[-42.6481,-22.3859],[-42.646,-22.3832],[-42.642,-22.3847],[-42.6444,-22.3847],[-42.6446,-22.3847]],[[-42.642,-22.394],[-42.6446,-22.3928],[-42.6425,-22.3937],[-42.642,-22.394]],[[-42.6491,-22.3817],[-42.6467,-22.3824],[-42.6487,-22.3822],[-42.6491,-22.3817]],[[-42.6493,-22.3822],[-42.6514,-22.3842],[-42.6483,-22.3875],[-42.6534,-22.3853],[-42.6493,-22.3822],[-42.6493,-22.3822]],[[-42.6495,-22.3903],[-42.6513,-22.389],[-42.6493,-22.3899],[-42.6495,-22.3903]],[[-42.6544,-22.3877],[-42.6525,-22.3882],[-42.6544,-22.3876],[-42.6544,-22.3877]]]}},{"type":"Feature","properties":{"cod_tema":"AREA_USO_RESTRITO_DECLIVIDADE_25_A_45","cod_imovel":"RJ-3303401-D0AEFBEDAD294021B65BF2D0E7CD8E45","num_area":"3.5089000000000000000000000000000","ind_status":"AT"},"geometry":{"type":"Polygon","coordinates":[[[-42.6903,-22.3385],[-42.6912,-22.3414],[-42.6908,-22.3386],[-42.6903,-22.3385]]]}},{"type":"Feature","properties":{"cod_tema":"AREA_USO_RESTRITO_DECLIVIDADE_25_A_45","cod_imovel":"RJ-3303401-C0A310F083274106BDF8A0252A1D4441","num_area":"2.0307000000000000000000000000000","ind_status":"AT"},"geometry":{"type":"Polygon","coordinates":[[[-42.7104,-22.336],[-42.7136,-22.3359],[-42.7107,-22.3358],[-42.7104,-22.336]]]}},{"type":"Feature","properties":{"cod_tema":"AREA_USO_RESTRITO_DECLIVIDADE_25_A_45","cod_imovel":"RJ-3303401-F2BE5F26343C4AF896EFF22DF8F9547C","num_area":"121.67390000000000000000000000000","ind_status":"AT"},"geometry":{"type":"Polygon","coordinates":[[[-42.6774,-22.3146],[-42.6803,-22.3159],[-42.6808,-22.3135],[-42.6776,-22.3143],[-42.6774,-22.3146]],[[-42.7045,-22.311],[-42.6992,-22.3089],[-42.6914,-22.3142],[-42.6837,-22.3083],[-42.6861,-22.3106],[-42.6806,-22.3148],[-42.6877,-22.3108],[-42.6855,-22.3176],[-42.6899,-22.3183],[-42.689,-22.3157],[-42.6928,-22.3168],[-42.6943,-22.3134],[-42.6948,-22.3168],[-42.6968,-22.3112],[-42.7004,-22.3103],[-42.692,-22.3194],[-42.6948,-22.3205],[-42.7045,-22.311],[-42.7045,-22.311]],[[-42.691,-22.3129],[-42.6893,-22.3154],[-42.6909,-22.3121],[-42.691,-22.3129]],[[-42.6972,-22.3123],[-42.6947,-22.3154],[-42.6961,-22.3122],[-42.6972,-22.3123]],[[-42.6997,-22.3167],[-42.6973,-22.319],[-42.6996,-22.3162],[-42.6997,-22.3167]],[[-42.7017,-22.3157],[-42.7039,-22.3134],[-42.7018,-22.3155],[-42.7017,-22.3157]]]}},{"type":"Feature","properties":{"cod_tema":"AREA_USO_RESTRITO_DECLIVIDADE_25_A_45","cod_imovel":"RJ-3303401-D06B0CBF27EA4FD6820BB8C160D4F87A","num_area":"6.5066000000000000000000000000000","ind_status":"AT"},"geometry":{"type":"Polygon","coordinates":[[[-42.4327,-22.2795],[-42.4305,-22.2802],[-42.433,-22.2795],[-42.4327,-22.2795]]]}},{"type":"Feature","properties":{"cod_tema":"AREA_USO_RESTRITO_DECLIVIDADE_25_A_45","cod_imovel":"RJ-3303401-C7358F8C01E84D38B9FECB8B8749A07F","num_area":"5.4725000000000000000000000000000","ind_status":"AT"},"geometry":{"type":"Polygon","coordinates":[[[-42.4554,-22.2857],[-42.4587,-22.2854],[-42.4552,-22.2837],[-42.4582,-22.2855],[-42.4553,-22.2858],[-42.4554,-22.2857]]]}},{"type":"Feature","properties":{"cod_tema":"AREA_USO_RESTRITO_DECLIVIDADE_25_A_45","cod_imovel":"RJ-3303401-EDA74F8968AB4A54862E073421B0E896","num_area":"3.3244000000000000000000000000000","ind_status":"AT"},"geometry":{"type":"Polygon","coordinates":[[[-42.4547,-22.2724],[-42.4512,-22.2747],[-42.4549,-22.2726],[-42.4547,-22.2724]]]}},{"type":"Feature","properties":{"cod_tema":"AREA_USO_RESTRITO_DECLIVIDADE_25_A_45","cod_imovel":"RJ-3303401-6A5F416529B547DA946DB78FD4B832F1","num_area":"6.2565000000000000000000000000000","ind_status":"AT"},"geometry":{"type":"Polygon","coordinates":[[[-42.4823,-22.3678],[-42.4802,-22.3656],[-42.482,-22.3678],[-42.4823,-22.3678]]]}},{"type":"Feature","properties":{"cod_tema":"AREA_USO_RESTRITO_DECLIVIDADE_25_A_45","cod_imovel":"RJ-3303401-6308CCA713AC42608577F14D4451BC54","num_area":"40.332900000000000000000000000000","ind_status":"AT"},"geometry":{"type":"Polygon","coordinates":[[[-42.6493,-22.3719],[-42.6478,-22.3744],[-42.6493,-22.3719],[-42.6493,-22.3719]],[[-42.6497,-22.3759],[-42.6471,-22.3776],[-42.6497,-22.3759],[-42.6497,-22.3759]],[[-42.6455,-22.3765],[-42.6454,-22.3786],[-42.6497,-22.3747],[-42.6456,-22.3764],[-42.6455,-22.3765]],[[-42.6582,-22.3772],[-42.6598,-22.3831],[-42.6582,-22.3772],[-42.6582,-22.3772]],[[-42.6532,-22.3729],[-42.6577,-22.3821],[-42.6536,-22.373],[-42.6532,-22.3729]]]}},{"type":"Feature","properties":{"cod_tema":"AREA_USO_RESTRITO_DECLIVIDADE_25_A_45","cod_imovel":"RJ-3303401-77D89E5BEC2E4DDAACFF240C2D0F69B7","num_area":"5.9063000000000000000000000000000","ind_status":"AT"},"geometry":{"type":"Polygon","coordinates":[[[-42.4843,-22.3491],[-42.4867,-22.349],[-42.4846,-22.3488],[-42.4843,-22.3491]]]}},{"type":"Feature","properties":{"cod_tema":"AREA_USO_RESTRITO_DECLIVIDADE_25_A_45","cod_imovel":"RJ-3303401-6A9DAE6C820E4B58B09BF4F83F2F40A1","num_area":"11.126800000000000000000000000000","ind_status":"AT"},"geometry":{"type":"Polygon","coordinates":[[[-42.4904,-22.3638],[-42.4881,-22.3641],[-42.4901,-22.3641],[-42.4904,-22.3638]],[[-42.4913,-22.3668],[-42.491,-22.3633],[-42.488,-22.3652],[-42.4903,-22.3668],[-42.4913,-22.3668]]]}},{"type":"Feature","properties":{"cod_tema":"AREA_USO_RESTRITO_DECLIVIDADE_25_A_45","cod_imovel":"RJ-3303401-AA44886B6B9043AD8A3FD61274D2447F","num_area":"26.365000000000000000000000000000","ind_status":"AT"},"geometry":{"type":"Polygon","coordinates":[[[-42.6952,-22.3435],[-42.696,-22.3481],[-42.6991,-22.3463],[-42.6957,-22.3434],[-42.6952,-22.3435]],[[-42.6982,-22.3438],[-42.6968,-22.3419],[-42.6982,-22.3434],[-42.6982,-22.3438]],[[-42.7,-22.3453],[-42.6967,-22.3386],[-42.6992,-22.3455],[-42.7,-22.3453]]]}},{"type":"Feature","properties":{"cod_tema":"AREA_USO_RESTRITO_DECLIVIDADE_25_A_45","cod_imovel":"RJ-3303401-AE3CCC7B0A6F48DF9F8ECB4851E9E4B3","num_area":"11.855400000000000000000000000000","ind_status":"AT"},"geometry":{"type":"Polygon","coordinates":[[[-42.4296,-22.4195],[-42.4355,-22.4163],[-42.4307,-22.417],[-42.4296,-22.4195]]]}},{"type":"Feature","properties":{"cod_tema":"AREA_USO_RESTRITO_DECLIVIDADE_25_A_45","cod_imovel":"RJ-3303401-13C168BFC9C64375B090FAE338706DB6","num_area":"2.1620000000000000000000000000000","ind_status":"AT"},"geometry":{"type":"Polygon","coordinates":[[[-42.6694,-22.308],[-42.6672,-22.3099],[-42.6697,-22.3079],[-42.6694,-22.308]]]}},{"type":"Feature","properties":{"cod_tema":"AREA_USO_RESTRITO_DECLIVIDADE_25_A_45","cod_imovel":"RJ-3303401-1018E6D036714DC694D5E2EAFAE1BA59","num_area":"6.9143000000000000000000000000000","ind_status":"AT"},"geometry":{"type":"Polygon","coordinates":[[[-42.4664,-22.3969],[-42.4652,-22.4003],[-42.4689,-22.4],[-42.4664,-22.3969]]]}},{"type":"Feature","properties":{"cod_tema":"AREA_USO_RESTRITO_DECLIVIDADE_25_A_45","cod_imovel":"RJ-3303401-F6A71A52378C4083B954A642423ABDEC","num_area":"5.9473000000000000000000000000000","ind_status":"AT"},"geometry":{"type":"Polygon","coordinates":[[[-42.4089,-22.3758],[-42.4079,-22.3739],[-42.4089,-22.3758],[-42.4089,-22.3758]],[[-42.4057,-22.3759],[-42.4091,-22.3766],[-42.4059,-22.3764],[-42.4057,-22.3759]]]}},{"type":"Feature","properties":{"cod_tema":"AREA_USO_RESTRITO_DECLIVIDADE_25_A_45","cod_imovel":"RJ-3303401-C5E0A3DC4D3F4528822388FABCC46DB7","num_area":"28.003200000000000000000000000000","ind_status":"AT"},"geometry":{"type":"Polygon","coordinates":[[[-42.6251,-22.3161],[-42.6276,-22.3176],[-42.6255,-22.316],[-42.6251,-22.3161]],[[-42.6236,-22.3099],[-42.6221,-22.3121],[-42.6245,-22.3101],[-42.6236,-22.3099]],[[-42.6321,-22.3153],[-42.6323,-22.3125],[-42.6263,-22.3145],[-42.6293,-22.3124],[-42.6251,-22.3114],[-42.6275,-22.3162],[-42.632,-22.3153],[-42.6321,-22.3153]]]}},{"type":"Feature","properties":{"cod_tema":"AREA_USO_RESTRITO_DECLIVIDADE_25_A_45","cod_imovel":"RJ-3303401-CD6FC07C961C42AD9653975C4F080248","num_area":"6.2483000000000000000000000000000","ind_status":"AT"},"geometry":{"type":"Polygon","coordinates":[[[-42.6546,-22.3527],[-42.6518,-22.3552],[-42.6548,-22.3523],[-42.6546,-22.3527]]]}},{"type":"Feature","properties":{"cod_tema":"AREA_USO_RESTRITO_DECLIVIDADE_25_A_45","cod_imovel":"RJ-3303401-091A5B119B63416486236402454887A9","num_area":"17.892900000000000000000000000000","ind_status":"AT"},"geometry":{"type":"Polygon","coordinates":[[[-42.6104,-22.3249],[-42.6125,-22.3238],[-42.6103,-22.3212],[-42.6071,-22.3236],[-42.6097,-22.3244],[-42.6104,-22.3249]],[[-42.6173,-22.3211],[-42.6169,-22.317],[-42.6141,-22.3184],[-42.6171,-22.3208],[-42.6173,-22.3211]]]}},{"type":"Feature","properties":{"cod_tema":"AREA_USO_RESTRITO_DECLIVIDADE_25_A_45","cod_imovel":"RJ-3303401-1AD30B3DA978439EB9D30545C42B9388","num_area":"4.2831000000000000000000000000000","ind_status":"AT"},"geometry":{"type":"Polygon","coordinates":[[[-42.655,-22.3476],[-42.6534,-22.3492],[-42.6549,-22.3477],[-42.655,-22.3476]]]}},{"type":"Feature","properties":{"cod_tema":"AREA_USO_RESTRITO_DECLIVIDADE_25_A_45","cod_imovel":"RJ-3303401-8EA632FF29364C8CA644E50DC494F630","num_area":"1.6104000000000000000000000000000","ind_status":"AT"},"geometry":{"type":"Polygon","coordinates":[[[-42.4684,-22.375],[-42.4694,-22.3731],[-42.4682,-22.375],[-42.4684,-22.375]]]}},{"type":"Feature","properties":{"cod_tema":"AREA_USO_RESTRITO_DECLIVIDADE_25_A_45","cod_imovel":"RJ-3303401-CD7AB286A0CC411D978E269885E7314D","num_area":"4.4124000000000000000000000000000","ind_status":"AT"},"geometry":{"type":"Polygon","coordinates":[[[-42.6964,-22.2744],[-42.6962,-22.271],[-42.6962,-22.2746],[-42.6964,-22.2744]]]}},{"type":"Feature","properties":{"cod_tema":"AREA_USO_RESTRITO_DECLIVIDADE_25_A_45","cod_imovel":"RJ-3303401-5A39ABA292D04643A9D615F174295403","num_area":"24.274300000000000000000000000000","ind_status":"AT"},"geometry":{"type":"Polygon","coordinates":[[[-42.6384,-22.3378],[-42.6382,-22.3442],[-42.6422,-22.3409],[-42.6398,-22.3372],[-42.6384,-22.3378]]]}},{"type":"Feature","properties":{"cod_tema":"AREA_USO_RESTRITO_DECLIVIDADE_25_A_45","cod_imovel":"RJ-3303401-D965797F0E1E4C95BF531AE88624E475","num_area":"14.612900000000000000000000000000","ind_status":"AT"},"geometry":{"type":"Polygon","coordinates":[[[-42.6469,-22.3404],[-42.6505,-22.3423],[-42.6526,-22.3398],[-42.6474,-22.3385],[-42.6469,-22.3404]]]}},{"type":"Feature","properties":{"cod_tema":"AREA_USO_RESTRITO_DECLIVIDADE_25_A_45","cod_imovel":"RJ-3303401-074F090563104B789BE89EDEAAF5B0CF","num_area":"7.7272000000000000000000000000000","ind_status":"AT"},"geometry":{"type":"Polygon","coordinates":[[[-42.6329,-22.3649],[-42.6352,-22.3648],[-42.6329,-22.3648],[-42.6329,-22.3649]],[[-42.632,-22.3681],[-42.6333,-22.3665],[-42.6321,-22.3681],[-42.632,-22.3681]],[[-42.6352,-22.3687],[-42.6337,-22.3666],[-42.6351,-22.3687],[-42.6352,-22.3687]]]}},{"type":"Feature","properties":{"cod_tema":"AREA_USO_RESTRITO_DECLIVIDADE_25_A_45","cod_imovel":"RJ-3303401-A738007C88F04A1FADF6D4EBC9177B3B","num_area":"2.0442000000000000000000000000000","ind_status":"AT"},"geometry":{"type":"Polygon","coordinates":[[[-42.7026,-22.3204],[-42.7053,-22.3205],[-42.7028,-22.3204],[-42.7026,-22.3204]]]}},{"type":"Feature","properties":{"cod_tema":"AREA_USO_RESTRITO_DECLIVIDADE_25_A_45","cod_imovel":"RJ-3303401-41F69DC590994B00A10DFF986A3CB927","num_area":"2.7373000000000000000000000000000","ind_status":"AT"},"geometry":{"type":"Polygon","coordinates":[[[-42.4232,-22.4002],[-42.4236,-22.4027],[-42.4232,-22.4007],[-42.4232,-22.4002]]]}},{"type":"Feature","properties":{"cod_tema":"AREA_USO_RESTRITO_DECLIVIDADE_25_A_45","cod_imovel":"RJ-3303401-4040E7036A5F4283A16E2AA7DCE39D47","num_area":"5.2895000000000000000000000000000","ind_status":"AT"},"geometry":{"type":"Polygon","coordinates":[[[-42.6584,-22.3274],[-42.6611,-22.3257],[-42.6582,-22.327],[-42.6584,-22.3274]],[[-42.6546,-22.3237],[-42.6544,-22.3263],[-42.6546,-22.3237],[-42.6546,-22.3237]]]}},{"type":"Feature","properties":{"cod_tema":"AREA_USO_RESTRITO_DECLIVIDADE_25_A_45","cod_imovel":"RJ-3303401-4E8EF86569D34D909BAB7B13D2A5F5A1","num_area":"74.187100000000000000000000000000","ind_status":"AT"},"geometry":{"type":"Polygon","coordinates":[[[-42.492,-22.3754],[-42.4833,-22.3763],[-42.492,-22.3754],[-42.492,-22.3754]],[[-42.5066,-22.3769],[-42.5012,-22.3773],[-42.5058,-22.3743],[-42.4995,-22.3762],[-42.497,-22.3729],[-42.4901,-22.3749],[-42.4941,-22.3751],[-42.4947,-22.3792],[-42.492,-22.3764],[-42.4837,-22.3784],[-42.4935,-22.3811],[-42.5066,-22.3769],[-42.5066,-22.3769]],[[-42.4868,-22.3776],[-42.4843,-22.3784],[-42.4866,-22.3775],[-42.4868,-22.3776]],[[-42.4943,-22.38],[-42.4919,-22.38],[-42.4943,-22.3799],[-42.4943,-22.38]],[[-42.5002,-22.3775],[-42.496,-22.3796],[-42.4942,-22.375],[-42.4965,-22.3738],[-42.4977,-22.3784],[-42.4999,-22.3776],[-42.5002,-22.3775]],[[-42.4956,-22.377],[-42.4949,-22.3792],[-42.4954,-22.377],[-42.4956,-22.377]]]}},{"type":"Feature","properties":{"cod_tema":"AREA_USO_RESTRITO_DECLIVIDADE_25_A_45","cod_imovel":"RJ-3303401-4643BA6378D94CBB841B221044BC0C0D","num_area":"5.1250000000000000000000000000000","ind_status":"AT"},"geometry":{"type":"Polygon","coordinates":[[[-42.4516,-22.333],[-42.4555,-22.3345],[-42.4516,-22.333],[-42.4516,-22.333]]]}},{"type":"Feature","properties":{"cod_tema":"AREA_USO_RESTRITO_DECLIVIDADE_25_A_45","cod_imovel":"RJ-3303401-9ABD21830FB045FEA76E4EB2701BE933","num_area":"3.5997000000000000000000000000000","ind_status":"AT"},"geometry":{"type":"Polygon","coordinates":[[[-42.666,-22.3059],[-42.6682,-22.3081],[-42.6677,-22.3053],[-42.666,-22.3059]]]}},{"type":"Feature","properties":{"cod_tema":"AREA_USO_RESTRITO_DECLIVIDADE_25_A_45","cod_imovel":"RJ-3303401-5F9B027D8D28474BB83E7A32FEA8B6C9","num_area":"3.9636000000000000000000000000000","ind_status":"AT"},"geometry":{"type":"Polygon","coordinates":[[[-42.647,-22.3248],[-42.6489,-22.3215],[-42.6474,-22.324],[-42.647,-22.3248]]]}},{"type":"Feature","properties":{"cod_tema":"AREA_USO_RESTRITO_DECLIVIDADE_25_A_45","cod_imovel":"RJ-3303401-B023818A05904089B2E71D1FD6D015AE","num_area":"1.3758000000000000000000000000000","ind_status":"AT"},"geometry":{"type":"Polygon","coordinates":[[[-42.5396,-22.3466],[-42.5398,-22.3446],[-42.5394,-22.3466],[-42.5396,-22.3466]]]}},{"type":"Feature","properties":{"cod_tema":"AREA_USO_RESTRITO_DECLIVIDADE_25_A_45","cod_imovel":"RJ-3303401-89B16110CE0E4C898C43B43C8C7D6867","num_area":"1.4974000000000000000000000000000","ind_status":"AT"},"geometry":{"type":"Polygon","coordinates":[[[-42.5663,-22.3268],[-42.5649,-22.3283],[-42.5663,-22.3267],[-42.5663,-22.3268]]]}},{"type":"Feature","properties":{"cod_tema":"AREA_USO_RESTRITO_DECLIVIDADE_25_A_45","cod_imovel":"RJ-3303401-7CC9EC38DE994ED8A07ED870368F5520","num_area":"8.3132000000000000000000000000000","ind_status":"AT"},"geometry":{"type":"Polygon","coordinates":[[[-42.4831,-22.3523],[-42.4839,-22.3485],[-42.481,-22.3495],[-42.4827,-22.3515],[-42.4831,-22.3523]]]}},{"type":"Feature","properties":{"cod_tema":"AREA_USO_RESTRITO_DECLIVIDADE_25_A_45","cod_imovel":"RJ-3303401-CE93D34D72E840F9B4077932C8039CEC","num_area":"2.3827000000000000000000000000000","ind_status":"AT"},"geometry":{"type":"Polygon","coordinates":[[[-42.6516,-22.3597],[-42.6538,-22.3595],[-42.6513,-22.3595],[-42.6516,-22.3597]]]}},{"type":"Feature","properties":{"cod_tema":"AREA_USO_RESTRITO_DECLIVIDADE_25_A_45","cod_imovel":"RJ-3303401-88A5A424EFE34233B93DA95876AE0072","num_area":"12.083000000000000000000000000000","ind_status":"AT"},"geometry":{"type":"Polygon","coordinates":[[[-42.6698,-22.3483],[-42.672,-22.3505],[-42.6775,-22.3484],[-42.6698,-22.348],[-42.6698,-22.3483]]]}},{"type":"Feature","properties":{"cod_tema":"AREA_USO_RESTRITO_DECLIVIDADE_25_A_45","cod_imovel":"RJ-3303401-E79ACA5A895D49A8990FDB799D2083EA","num_area":"11.065200000000000000000000000000","ind_status":"AT"},"geometry":{"type":"Polygon","coordinates":[[[-42.6775,-22.3484],[-42.6812,-22.3486],[-42.6777,-22.3482],[-42.6775,-22.3484]]]}},{"type":"Feature","properties":{"cod_tema":"AREA_USO_RESTRITO_DECLIVIDADE_25_A_45","cod_imovel":"RJ-3303401-490F46683EDE40879916C673D33408A5","num_area":"8.9491000000000000000000000000000","ind_status":"AT"},"geometry":{"type":"Polygon","coordinates":[[[-42.6968,-22.3383],[-42.6953,-22.3356],[-42.6968,-22.3383],[-42.6968,-22.3383]],[[-42.6963,-22.3395],[-42.6952,-22.3373],[-42.6962,-22.3395],[-42.6963,-22.3395]],[[-42.6958,-22.3413],[-42.6945,-22.3376],[-42.6957,-22.3413],[-42.6958,-22.3413]]]}},{"type":"Feature","properties":{"cod_tema":"AREA_USO_RESTRITO_DECLIVIDADE_25_A_45","cod_imovel":"RJ-3303401-91724F01D99D490DAC3359D9211E876B","num_area":"1.4330000000000000000000000000000","ind_status":"AT"},"geometry":{"type":"Polygon","coordinates":[[[-42.7014,-22.3381],[-42.6993,-22.3373],[-42.7012,-22.3382],[-42.7014,-22.3381]]]}},{"type":"Feature","properties":{"cod_tema":"AREA_USO_RESTRITO_DECLIVIDADE_25_A_45","cod_imovel":"RJ-3303401-E57683CC1E7B4C28BC4E2DFE51E97F70","num_area":"3.7038000000000000000000000000000","ind_status":"AT"},"geometry":{"type":"Polygon","coordinates":[[[-42.7007,-22.3375],[-42.7044,-22.3384],[-42.7011,-22.3376],[-42.7007,-22.3375]]]}},{"type":"Feature","properties":{"cod_tema":"AREA_USO_RESTRITO_DECLIVIDADE_25_A_45","cod_imovel":"RJ-3303401-2B84F3EB4D1248ACB02C92793E76C6CD","num_area":"3.9431000000000000000000000000000","ind_status":"AT"},"geometry":{"type":"Polygon","coordinates":[[[-42.6883,-22.3316],[-42.6867,-22.3288],[-42.6879,-22.3316],[-42.6883,-22.3316]]]}},{"type":"Feature","properties":{"cod_tema":"AREA_USO_RESTRITO_DECLIVIDADE_25_A_45","cod_imovel":"RJ-3303401-03E3929D95364085ACC559A0DF55C4E7","num_area":"11.446800000000000000000000000000","ind_status":"AT"},"geometry":{"type":"Polygon","coordinates":[[[-42.5822,-22.3104],[-42.5849,-22.3096],[-42.5831,-22.3071],[-42.5821,-22.3098],[-42.5822,-22.3104]],[[-42.5786,-22.3044],[-42.5825,-22.3064],[-42.5787,-22.3044],[-42.5786,-22.3044]]]}},{"type":"Feature","properties":{"cod_tema":"AREA_USO_RESTRITO_DECLIVIDADE_25_A_45","cod_imovel":"RJ-3303401-E24CE28E94EE43E9A26261782CFF0E79","num_area":"3.7191000000000000000000000000000","ind_status":"AT"},"geometry":{"type":"Polygon","coordinates":[[[-42.5873,-22.3071],[-42.5894,-22.3053],[-42.5874,-22.3068],[-42.5873,-22.3071]]]}},{"type":"Feature","properties":{"cod_tema":"AREA_USO_RESTRITO_DECLIVIDADE_25_A_45","cod_imovel":"RJ-3303401-2826A2336B21476D8772F2FBC0FF4F6E","num_area":"4.6344000000000000000000000000000","ind_status":"AT"},"geometry":{"type":"Polygon","coordinates":[[[-42.6913,-22.3286],[-42.6885,-22.3306],[-42.6913,-22.3286],[-42.6913,-22.3286]]]}},{"type":"Feature","properties":{"cod_tema":"AREA_USO_RESTRITO_DECLIVIDADE_25_A_45","cod_imovel":"RJ-3303401-FB9353854F9248F2B5173E3FBF88157E","num_area":"19.390400000000000000000000000000","ind_status":"AT"},"geometry":{"type":"Polygon","coordinates":[[[-42.5842,-22.2805],[-42.5814,-22.2793],[-42.5843,-22.2806],[-42.5842,-22.2805]],[[-42.5829,-22.2844],[-42.583,-22.2812],[-42.5829,-22.2843],[-42.5829,-22.2844]],[[-42.5853,-22.2843],[-42.5886,-22.2831],[-42.5846,-22.2822],[-42.5883,-22.2832],[-42.5852,-22.2841],[-42.5853,-22.2843]],[[-42.5814,-22.2864],[-42.5811,-22.2794],[-42.5814,-22.2864],[-42.5814,-22.2864]]]}},{"type":"Feature","properties":{"cod_tema":"AREA_USO_RESTRITO_DECLIVIDADE_25_A_45","cod_imovel":"RJ-3303401-A24562BF76214A8B9B4FC9CA0349198D","num_area":"11.297500000000000000000000000000","ind_status":"AT"},"geometry":{"type":"Polygon","coordinates":[[[-42.7012,-22.328],[-42.6973,-22.33],[-42.7017,-22.3309],[-42.7014,-22.328],[-42.7012,-22.328]]]}},{"type":"Feature","properties":{"cod_tema":"AREA_USO_RESTRITO_DECLIVIDADE_25_A_45","cod_imovel":"RJ-3303401-492483828D534665B622303E4BCA7248","num_area":"4.0089000000000000000000000000000","ind_status":"AT"},"geometry":{"type":"Polygon","coordinates":[[[-42.6917,-22.3233],[-42.6936,-22.3251],[-42.6943,-22.3228],[-42.6917,-22.3233]]]}},{"type":"Feature","properties":{"cod_tema":"AREA_USO_RESTRITO_DECLIVIDADE_25_A_45","cod_imovel":"RJ-3303401-9CBA373A449748B5B2E7B59C95813237","num_area":"2.1717000000000000000000000000000","ind_status":"AT"},"geometry":{"type":"Polygon","coordinates":[[[-42.5744,-22.3436],[-42.5751,-22.3457],[-42.5744,-22.3436],[-42.5744,-22.3436]]]}},{"type":"Feature","properties":{"cod_tema":"AREA_USO_RESTRITO_DECLIVIDADE_25_A_45","cod_imovel":"RJ-3303401-3DE92E1BEF9C4A7E99DDFB7E1C3AD629","num_area":"4.7021000000000000000000000000000","ind_status":"AT"},"geometry":{"type":"Polygon","coordinates":[[[-42.6836,-22.3212],[-42.6847,-22.3237],[-42.6836,-22.3212],[-42.6836,-22.3212]]]}},{"type":"Feature","properties":{"cod_tema":"AREA_USO_RESTRITO_DECLIVIDADE_25_A_45","cod_imovel":"RJ-3303401-C6CA45FCAB8243ECAE4CDE2115B8BCE5","num_area":"9.9292000000000000000000000000000","ind_status":"AT"},"geometry":{"type":"Polygon","coordinates":[[[-42.6764,-22.3131],[-42.6809,-22.3114],[-42.6765,-22.313],[-42.6764,-22.3131]],[[-42.6798,-22.3101],[-42.6761,-22.3114],[-42.6802,-22.3099],[-42.6798,-22.3101]]]}},{"type":"Feature","properties":{"cod_tema":"AREA_USO_RESTRITO_DECLIVIDADE_25_A_45","cod_imovel":"RJ-3303401-7D19E41E1C2B4603A179A91CA30B3578","num_area":"2.7902000000000000000000000000000","ind_status":"AT"},"geometry":{"type":"Polygon","coordinates":[[[-42.5727,-22.3437],[-42.5753,-22.3435],[-42.5728,-22.3432],[-42.5727,-22.3437]]]}},{"type":"Feature","properties":{"cod_tema":"AREA_USO_RESTRITO_DECLIVIDADE_25_A_45","cod_imovel":"RJ-3303401-78ECF6FAE859416EAA11DA139205BAEB","num_area":"16.155300000000000000000000000000","ind_status":"AT"},"geometry":{"type":"Polygon","coordinates":[[[-42.7086,-22.3296],[-42.7119,-22.331],[-42.709,-22.3296],[-42.7086,-22.3296]],[[-42.7123,-22.3253],[-42.7058,-22.3258],[-42.7116,-22.3274],[-42.7124,-22.3253],[-42.7123,-22.3253]],[[-42.7108,-22.3258],[-42.7086,-22.3259],[-42.7109,-22.3256],[-42.7108,-22.3258]]]}},{"type":"Feature","properties":{"cod_tema":"AREA_USO_RESTRITO_DECLIVIDADE_25_A_45","cod_imovel":"RJ-3303401-E0E8C9BD66DA460AA5E9B972E7B85781","num_area":"2.5608000000000000000000000000000","ind_status":"AT"},"geometry":{"type":"Polygon","coordinates":[[[-42.7087,-22.2889],[-42.706,-22.2896],[-42.7088,-22.2891],[-42.7087,-22.2889]]]}},{"type":"Feature","properties":{"cod_tema":"AREA_USO_RESTRITO_DECLIVIDADE_25_A_45","cod_imovel":"RJ-3303401-792BE1B8182A424C8560CAAA94B6D978","num_area":"6.2770000000000000000000000000000","ind_status":"AT"},"geometry":{"type":"Polygon","coordinates":[[[-42.6808,-22.2992],[-42.6838,-22.2988],[-42.6808,-22.2991],[-42.6808,-22.2992]],[[-42.6842,-22.2966],[-42.6821,-22.2983],[-42.6842,-22.2968],[-42.6842,-22.2966]],[[-42.6821,-22.2983],[-42.6817,-22.2962],[-42.6823,-22.2987],[-42.6821,-22.2983]],[[-42.6831,-22.3016],[-42.6849,-22.2992],[-42.6829,-22.3014],[-42.6831,-22.3016]]]}},{"type":"Feature","properties":{"cod_tema":"AREA_USO_RESTRITO_DECLIVIDADE_25_A_45","cod_imovel":"RJ-3303401-FC82B0AD054C412F9AC5753C16854356","num_area":"1.5013000000000000000000000000000","ind_status":"AT"},"geometry":{"type":"Polygon","coordinates":[[[-42.6919,-22.2812],[-42.6898,-22.2803],[-42.6917,-22.2812],[-42.6919,-22.2812]]]}},{"type":"Feature","properties":{"cod_tema":"AREA_USO_RESTRITO_DECLIVIDADE_25_A_45","cod_imovel":"RJ-3303401-EDBE2C0042D8409A8F460B13187F8321","num_area":"9.8908000000000000000000000000000","ind_status":"AT"},"geometry":{"type":"Polygon","coordinates":[[[-42.6944,-22.2977],[-42.6972,-22.2908],[-42.6943,-22.2977],[-42.6944,-22.2977]]]}},{"type":"Feature","properties":{"cod_tema":"AREA_USO_RESTRITO_DECLIVIDADE_25_A_45","cod_imovel":"RJ-3303401-F4920CB346304D928B6B719BD56D99AE","num_area":"7.5415000000000000000000000000000","ind_status":"AT"},"geometry":{"type":"Polygon","coordinates":[[[-42.7021,-22.2847],[-42.6999,-22.2858],[-42.7022,-22.2849],[-42.7021,-22.2847]],[[-42.7004,-22.2835],[-42.6985,-22.2855],[-42.7003,-22.2837],[-42.7004,-22.2835]],[[-42.7004,-22.2879],[-42.7036,-22.2857],[-42.7004,-22.2878],[-42.7004,-22.2879]],[[-42.704,-22.2826],[-42.7005,-22.2845],[-42.704,-22.283],[-42.704,-22.2826]]]}},{"type":"Feature","properties":{"cod_tema":"AREA_USO_RESTRITO_DECLIVIDADE_25_A_45","cod_imovel":"RJ-3303401-B37FA2CAD95E4AE7A99B6217DF930ED2","num_area":"0.8772000000000000000000000000000","ind_status":"AT"},"geometry":{"type":"Polygon","coordinates":[[[-42.671,-22.2902],[-42.6732,-22.2901],[-42.6711,-22.2902],[-42.671,-22.2902]]]}},{"type":"Feature","properties":{"cod_tema":"AREA_USO_RESTRITO_DECLIVIDADE_25_A_45","cod_imovel":"RJ-3303401-E2494B4537DA4E2F976C49319E71D94E","num_area":"10.765400000000000000000000000000","ind_status":"AT"},"geometry":{"type":"Polygon","coordinates":[[[-42.7158,-22.2862],[-42.7115,-22.287],[-42.7129,-22.2907],[-42.7158,-22.2862],[-42.7158,-22.2862]],[[-42.717,-22.2875],[-42.7148,-22.2876],[-42.7169,-22.2877],[-42.717,-22.2875]]]}},{"type":"Feature","properties":{"cod_tema":"AREA_USO_RESTRITO_DECLIVIDADE_25_A_45","cod_imovel":"RJ-3303401-F883FBCFF50D41F09A5BD67EBEA7391B","num_area":"3.3040000000000000000000000000000","ind_status":"AT"},"geometry":{"type":"Polygon","coordinates":[[[-42.669,-22.3051],[-42.6721,-22.3048],[-42.6694,-22.305],[-42.669,-22.3051]]]}},{"type":"Feature","properties":{"cod_tema":"AREA_USO_RESTRITO_DECLIVIDADE_25_A_45","cod_imovel":"RJ-3303401-D0B034971C0A48BA96788BCC49D45B4E","num_area":"5.2757000000000000000000000000000","ind_status":"AT"},"geometry":{"type":"Polygon","coordinates":[[[-42.6679,-22.315],[-42.6732,-22.3155],[-42.668,-22.315],[-42.6679,-22.315]]]}},{"type":"Feature","properties":{"cod_tema":"AREA_USO_RESTRITO_DECLIVIDADE_25_A_45","cod_imovel":"RJ-3303401-A4F6CADB4DAB479DB2570433AFDF9CFF","num_area":"2.7298000000000000000000000000000","ind_status":"AT"},"geometry":{"type":"Polygon","coordinates":[[[-42.7125,-22.2829],[-42.7147,-22.2824],[-42.7124,-22.2818],[-42.7125,-22.2829]]]}},{"type":"Feature","properties":{"cod_tema":"AREA_USO_RESTRITO_DECLIVIDADE_25_A_45","cod_imovel":"RJ-3303401-81EA65234ACD439CB0A047F1D2DC9173","num_area":"26.075300000000000000000000000000","ind_status":"AT"},"geometry":{"type":"Polygon","coordinates":[[[-42.6723,-22.3051],[-42.6707,-22.3086],[-42.6724,-22.3049],[-42.6723,-22.3051]],[[-42.6761,-22.3114],[-42.6759,-22.309],[-42.6735,-22.3101],[-42.6759,-22.3114],[-42.6761,-22.3114]],[[-42.6749,-22.3054],[-42.6701,-22.3108],[-42.6746,-22.306],[-42.6749,-22.3054]],[[-42.6702,-22.3128],[-42.6764,-22.3141],[-42.673,-22.311],[-42.6705,-22.3128],[-42.6702,-22.3128]]]}},{"type":"Feature","properties":{"cod_tema":"AREA_USO_RESTRITO_DECLIVIDADE_25_A_45","cod_imovel":"RJ-3303401-D0C5AD8ADE3D4C45A91648FEFEEAC268","num_area":"7.3945000000000000000000000000000","ind_status":"AT"},"geometry":{"type":"Polygon","coordinates":[[[-42.6911,-22.2881],[-42.6931,-22.2898],[-42.6907,-22.2917],[-42.6936,-22.2924],[-42.6911,-22.2881],[-42.6911,-22.2881]]]}},{"type":"Feature","properties":{"cod_tema":"AREA_USO_RESTRITO_DECLIVIDADE_25_A_45","cod_imovel":"RJ-3303401-465AFD65D6A040C381D52F631508FFB9","num_area":"4.6829000000000000000000000000000","ind_status":"AT"},"geometry":{"type":"Polygon","coordinates":[[[-42.7116,-22.2783],[-42.7153,-22.2792],[-42.7117,-22.2782],[-42.7116,-22.2783]]]}},{"type":"Feature","properties":{"cod_tema":"AREA_USO_RESTRITO_DECLIVIDADE_25_A_45","cod_imovel":"RJ-3303401-E4568F04EF2646B496391E3DE94EA15B","num_area":"3.1544000000000000000000000000000","ind_status":"AT"},"geometry":{"type":"Polygon","coordinates":[[[-42.6395,-22.3652],[-42.6403,-22.3624],[-42.6396,-22.3649],[-42.6395,-22.3652]]]}},{"type":"Feature","properties":{"cod_tema":"AREA_USO_RESTRITO_DECLIVIDADE_25_A_45","cod_imovel":"RJ-3303401-E62EFED1A0D94242976C084753FB34B6","num_area":"5.0996000000000000000000000000000","ind_status":"AT"},"geometry":{"type":"Polygon","coordinates":[[[-42.6016,-22.3013],[-42.5988,-22.3019],[-42.6018,-22.3013],[-42.6016,-22.3013]]]}},{"type":"Feature","properties":{"cod_tema":"AREA_USO_RESTRITO_DECLIVIDADE_25_A_45","cod_imovel":"RJ-3303401-4642E9DEFF824490968D1D784F2FA9ED","num_area":"7.1634000000000000000000000000000","ind_status":"AT"},"geometry":{"type":"Polygon","coordinates":[[[-42.6009,-22.2946],[-42.6,-22.2923],[-42.5971,-22.2949],[-42.6008,-22.2951],[-42.6009,-22.2946]],[[-42.599,-22.2928],[-42.5965,-22.2938],[-42.5989,-22.293],[-42.599,-22.2928]]]}},{"type":"Feature","properties":{"cod_tema":"AREA_USO_RESTRITO_DECLIVIDADE_25_A_45","cod_imovel":"RJ-3303401-94802E0E0D674665A779355D77B9918F","num_area":"28.258500000000000000000000000000","ind_status":"AT"},"geometry":{"type":"Polygon","coordinates":[[[-42.5996,-22.2976],[-42.5977,-22.2956],[-42.5994,-22.2974],[-42.5996,-22.2976]],[[-42.5952,-22.2949],[-42.5968,-22.2971],[-42.5953,-22.2949],[-42.5952,-22.2949]],[[-42.6009,-22.2983],[-42.6037,-22.3],[-42.6015,-22.2984],[-42.6009,-22.2983]],[[-42.6019,-22.296],[-42.6071,-22.2991],[-42.6022,-22.2961],[-42.6019,-22.296]],[[-42.6108,-22.3037],[-42.6082,-22.2997],[-42.6098,-22.3026],[-42.6043,-22.303],[-42.6108,-22.3037],[-42.6108,-22.3037]]]}},{"type":"Feature","properties":{"cod_tema":"AREA_USO_RESTRITO_DECLIVIDADE_25_A_45","cod_imovel":"RJ-3303401-36170112816F441B83F8DC2BA61DEC2A","num_area":"2.9275000000000000000000000000000","ind_status":"AT"},"geometry":{"type":"Polygon","coordinates":[[[-42.627,-22.3475],[-42.6255,-22.3498],[-42.627,-22.3475],[-42.627,-22.3475]]]}},{"type":"Feature","properties":{"cod_tema":"AREA_USO_RESTRITO_DECLIVIDADE_25_A_45","cod_imovel":"RJ-3303401-28F310878F9C4C478BE62BABBC88CD26","num_area":"13.868900000000000000000000000000","ind_status":"AT"},"geometry":{"type":"Polygon","coordinates":[[[-42.4219,-22.2878],[-42.4239,-22.2873],[-42.4216,-22.2875],[-42.4219,-22.2878]],[[-42.435,-22.2858],[-42.4375,-22.2839],[-42.4337,-22.2855],[-42.435,-22.2858]],[[-42.4285,-22.2869],[-42.4221,-22.2857],[-42.4282,-22.2869],[-42.4285,-22.2869]]]}},{"type":"Feature","properties":{"cod_tema":"AREA_USO_RESTRITO_DECLIVIDADE_25_A_45","cod_imovel":"RJ-3303401-C8677651D77E4E6E89C3930DBE08F45E","num_area":"23.210900000000000000000000000000","ind_status":"AT"},"geometry":{"type":"Polygon","coordinates":[[[-42.4443,-22.2712],[-42.4456,-22.2687],[-42.4425,-22.2685],[-42.4443,-22.2712],[-42.4443,-22.2712]],[[-42.449,-22.2699],[-42.4463,-22.2698],[-42.4487,-22.27],[-42.449,-22.2699]],[[-42.4444,-22.265],[-42.4422,-22.2633],[-42.4443,-22.2653],[-42.4444,-22.265]],[[-42.4417,-22.2667],[-42.4442,-22.2676],[-42.4417,-22.2667],[-42.4417,-22.2667]],[[-42.4469,-22.2676],[-42.4444,-22.2657],[-42.4466,-22.2678],[-42.4469,-22.2676]]]}},{"type":"Feature","properties":{"cod_tema":"AREA_USO_RESTRITO_DECLIVIDADE_25_A_45","cod_imovel":"RJ-3303401-146194E86DF34B929FB1DA7356A9263B","num_area":"6.3948000000000000000000000000000","ind_status":"AT"},"geometry":{"type":"Polygon","coordinates":[[[-42.4295,-22.2599],[-42.4323,-22.2595],[-42.4295,-22.2592],[-42.4295,-22.2599]]]}},{"type":"Feature","properties":{"cod_tema":"AREA_USO_RESTRITO_DECLIVIDADE_25_A_45","cod_imovel":"RJ-3303401-4CA8B5E87F334E5DB97267CB84C169E7","num_area":"4.8021000000000000000000000000000","ind_status":"AT"},"geometry":{"type":"Polygon","coordinates":[[[-42.6488,-22.2155],[-42.6491,-22.2189],[-42.6487,-22.2156],[-42.6488,-22.2155]]]}},{"type":"Feature","properties":{"cod_tema":"AREA_USO_RESTRITO_DECLIVIDADE_25_A_45","cod_imovel":"RJ-3303401-CC85938202B24A29BAFA30CEF63BD505","num_area":"3.0892000000000000000000000000000","ind_status":"AT"},"geometry":{"type":"Polygon","coordinates":[[[-42.5002,-22.3434],[-42.4996,-22.3413],[-42.5002,-22.3434],[-42.5002,-22.3434]]]}},{"type":"Feature","properties":{"cod_tema":"AREA_USO_RESTRITO_DECLIVIDADE_25_A_45","cod_imovel":"RJ-3303401-D77C09B6C52E4DDEB08CFE830B2B08B2","num_area":"20.829900000000000000000000000000","ind_status":"AT"},"geometry":{"type":"Polygon","coordinates":[[[-42.6756,-22.3392],[-42.672,-22.3374],[-42.6756,-22.3392],[-42.6756,-22.3392]],[[-42.6793,-22.341],[-42.6769,-22.3398],[-42.6789,-22.3408],[-42.6793,-22.341]],[[-42.6805,-22.3403],[-42.6817,-22.3386],[-42.6804,-22.3402],[-42.6805,-22.3403]],[[-42.6829,-22.3439],[-42.6874,-22.3435],[-42.6851,-22.3404],[-42.6832,-22.3434],[-42.6829,-22.3439]]]}},{"type":"Feature","properties":{"cod_tema":"AREA_USO_RESTRITO_DECLIVIDADE_25_A_45","cod_imovel":"RJ-3303401-10ABF1603A6C4D7AB62F3CC066458803","num_area":"18.431700000000000000000000000000","ind_status":"AT"},"geometry":{"type":"Polygon","coordinates":[[[-42.4142,-22.3567],[-42.4094,-22.3556],[-42.4142,-22.3567],[-42.4142,-22.3567]],[[-42.4088,-22.3564],[-42.4064,-22.3603],[-42.4124,-22.3585],[-42.4088,-22.3564],[-42.4088,-22.3564]]]}},{"type":"Feature","properties":{"cod_tema":"AREA_USO_RESTRITO_DECLIVIDADE_25_A_45","cod_imovel":"RJ-3303401-3C6BD12763BC4163A484FE1FD615C588","num_area":"3.1756000000000000000000000000000","ind_status":"AT"},"geometry":{"type":"Polygon","coordinates":[[[-42.6476,-22.3742],[-42.6487,-22.3723],[-42.6476,-22.3742],[-42.6476,-22.3742]],[[-42.6456,-22.3725],[-42.6483,-22.3719],[-42.6458,-22.3723],[-42.6456,-22.3725]]]}},{"type":"Feature","properties":{"cod_tema":"AREA_USO_RESTRITO_DECLIVIDADE_25_A_45","cod_imovel":"RJ-3303401-078EA59307E24E539D44162705117C5D","num_area":"3.3645000000000000000000000000000","ind_status":"AT"},"geometry":{"type":"Polygon","coordinates":[[[-42.5982,-22.3119],[-42.598,-22.3142],[-42.5982,-22.3118],[-42.5982,-22.3119]]]}},{"type":"Feature","properties":{"cod_tema":"AREA_USO_RESTRITO_DECLIVIDADE_25_A_45","cod_imovel":"RJ-3303401-1DEDAF612EB2433D8A72CD4A4F6C9269","num_area":"5.0120000000000000000000000000000","ind_status":"AT"},"geometry":{"type":"Polygon","coordinates":[[[-42.6292,-22.3557],[-42.6303,-22.3526],[-42.6292,-22.355],[-42.6292,-22.3557]],[[-42.6293,-22.3515],[-42.6316,-22.3511],[-42.6296,-22.3513],[-42.6293,-22.3515]]]}},{"type":"Feature","properties":{"cod_tema":"AREA_USO_RESTRITO_DECLIVIDADE_25_A_45","cod_imovel":"RJ-3303401-A919D6A18B234C34B8B5920EF6D9C7B7","num_area":"6.5285000000000000000000000000000","ind_status":"AT"},"geometry":{"type":"Polygon","coordinates":[[[-42.6174,-22.316],[-42.6127,-22.3176],[-42.618,-22.3158],[-42.6174,-22.316]]]}},{"type":"Feature","properties":{"cod_tema":"AREA_USO_RESTRITO_DECLIVIDADE_25_A_45","cod_imovel":"RJ-3303401-D5800B5B305D4FA1848059491A8C2E98","num_area":"1.6414000000000000000000000000000","ind_status":"AT"},"geometry":{"type":"Polygon","coordinates":[[[-42.6358,-22.3639],[-42.6367,-22.3618],[-42.6356,-22.3637],[-42.6358,-22.3639]]]}},{"type":"Feature","properties":{"cod_tema":"AREA_USO_RESTRITO_DECLIVIDADE_25_A_45","cod_imovel":"RJ-3303401-C6903572D43F4770B271A08792DDA70C","num_area":"6.7589000000000000000000000000000","ind_status":"AT"},"geometry":{"type":"Polygon","coordinates":[[[-42.6429,-22.3181],[-42.6412,-22.3164],[-42.6429,-22.3181],[-42.6429,-22.3181]],[[-42.6428,-22.3138],[-42.6454,-22.3143],[-42.6429,-22.3138],[-42.6428,-22.3138]],[[-42.6438,-22.3122],[-42.645,-22.3139],[-42.6438,-22.312],[-42.6438,-22.3122]]]}},{"type":"Feature","properties":{"cod_tema":"AREA_USO_RESTRITO_DECLIVIDADE_25_A_45","cod_imovel":"RJ-3303401-605B99D747BF4FAEACE750AFCE137817","num_area":"6.7589000000000000000000000000000","ind_status":"AT"},"geometry":{"type":"Polygon","coordinates":[[[-42.6429,-22.3181],[-42.6412,-22.3164],[-42.6429,-22.3181],[-42.6429,-22.3181]],[[-42.6428,-22.3138],[-42.6454,-22.3143],[-42.6429,-22.3138],[-42.6428,-22.3138]],[[-42.6438,-22.3122],[-42.645,-22.3139],[-42.6438,-22.312],[-42.6438,-22.3122]]]}},{"type":"Feature","properties":{"cod_tema":"AREA_USO_RESTRITO_DECLIVIDADE_25_A_45","cod_imovel":"RJ-3303401-DED33BA2235C4C35AD8332D3AB6A7F34","num_area":"6.7452000000000000000000000000000","ind_status":"AT"},"geometry":{"type":"Polygon","coordinates":[[[-42.6275,-22.3178],[-42.6314,-22.3172],[-42.6275,-22.3177],[-42.6275,-22.3178]]]}},{"type":"Feature","properties":{"cod_tema":"AREA_USO_RESTRITO_DECLIVIDADE_25_A_45","cod_imovel":"RJ-3303401-DB14135C19084E87BD0A4FEC50DCCA4E","num_area":"15.398400000000000000000000000000","ind_status":"AT"},"geometry":{"type":"Polygon","coordinates":[[[-42.6256,-22.3168],[-42.6228,-22.3182],[-42.6263,-22.3176],[-42.6256,-22.3168]],[[-42.6188,-22.3148],[-42.6241,-22.3159],[-42.6216,-22.3128],[-42.6189,-22.3141],[-42.6188,-22.3148]]]}},{"type":"Feature","properties":{"cod_tema":"AREA_USO_RESTRITO_DECLIVIDADE_25_A_45","cod_imovel":"RJ-3303401-C603531DA5294A88B32D1726D1679F7C","num_area":"12.663100000000000000000000000000","ind_status":"AT"},"geometry":{"type":"Polygon","coordinates":[[[-42.6317,-22.3235],[-42.6264,-22.3275],[-42.6256,-22.3249],[-42.6255,-22.3293],[-42.6309,-22.3243],[-42.6317,-22.3235]]]}},{"type":"Feature","properties":{"cod_tema":"AREA_USO_RESTRITO_DECLIVIDADE_25_A_45","cod_imovel":"RJ-3303401-24CD05FC87DF4FB1A8603422D174677D","num_area":"38.256000000000000000000000000000","ind_status":"AT"},"geometry":{"type":"Polygon","coordinates":[[[-42.6058,-22.3164],[-42.6062,-22.3139],[-42.6026,-22.3143],[-42.6023,-22.317],[-42.6056,-22.3166],[-42.6058,-22.3164]],[[-42.6195,-22.3077],[-42.6095,-22.3134],[-42.6147,-22.3133],[-42.6201,-22.308],[-42.6195,-22.3077]],[[-42.6147,-22.3111],[-42.6184,-22.3091],[-42.6142,-22.3117],[-42.6147,-22.3111]]]}},{"type":"Feature","properties":{"cod_tema":"AREA_USO_RESTRITO_DECLIVIDADE_25_A_45","cod_imovel":"RJ-3303401-F55A59C908134115AA3D54DB9D89DA75","num_area":"28.040000000000000000000000000000","ind_status":"AT"},"geometry":{"type":"Polygon","coordinates":[[[-42.6801,-22.3277],[-42.6834,-22.3288],[-42.6861,-22.3257],[-42.683,-22.3229],[-42.6801,-22.324],[-42.6827,-22.3235],[-42.6825,-22.3272],[-42.6767,-22.3261],[-42.6803,-22.3271],[-42.6801,-22.3277]],[[-42.683,-22.3257],[-42.6855,-22.3263],[-42.6824,-22.3256],[-42.683,-22.3257]],[[-42.6778,-22.3229],[-42.6802,-22.3235],[-42.678,-22.3229],[-42.6778,-22.3229]],[[-42.6761,-22.3268],[-42.6794,-22.3269],[-42.676,-22.3264],[-42.6761,-22.3268]]]}},{"type":"Feature","properties":{"cod_tema":"AREA_USO_RESTRITO_DECLIVIDADE_25_A_45","cod_imovel":"RJ-3303401-8134D1D220F649948D0C8DFD92F433BB","num_area":"4.4237000000000000000000000000000","ind_status":"AT"},"geometry":{"type":"Polygon","coordinates":[[[-42.6837,-22.3407],[-42.6793,-22.341],[-42.6833,-22.3407],[-42.6837,-22.3407]]]}},{"type":"Feature","properties":{"cod_tema":"AREA_USO_RESTRITO_DECLIVIDADE_25_A_45","cod_imovel":"RJ-3303401-AB80217891474E898AD0525B6A5A91E9","num_area":"11.431100000000000000000000000000","ind_status":"AT"},"geometry":{"type":"Polygon","coordinates":[[[-42.6606,-22.3423],[-42.662,-22.3468],[-42.6616,-22.3423],[-42.6606,-22.3423]]]}},{"type":"Feature","properties":{"cod_tema":"AREA_USO_RESTRITO_DECLIVIDADE_25_A_45","cod_imovel":"RJ-3303401-87DAB768E61C4ABF9FB2E20739ED3AB4","num_area":"4.8816000000000000000000000000000","ind_status":"AT"},"geometry":{"type":"Polygon","coordinates":[[[-42.6897,-22.3417],[-42.687,-22.3391],[-42.6894,-22.3439],[-42.6897,-22.3418],[-42.6897,-22.3417]]]}},{"type":"Feature","properties":{"cod_tema":"AREA_USO_RESTRITO_DECLIVIDADE_25_A_45","cod_imovel":"RJ-3303401-8247324BBA9945CDA0FCEB3814B7238E","num_area":"6.9451000000000000000000000000000","ind_status":"AT"},"geometry":{"type":"Polygon","coordinates":[[[-42.6317,-22.3653],[-42.6345,-22.3636],[-42.6319,-22.3652],[-42.6317,-22.3653]],[[-42.6335,-22.3631],[-42.6316,-22.3648],[-42.6336,-22.3632],[-42.6335,-22.3631]]]}},{"type":"Feature","properties":{"cod_tema":"AREA_USO_RESTRITO_DECLIVIDADE_25_A_45","cod_imovel":"RJ-3303401-E3C7854A47BC4A48AB998B15DE1493AC","num_area":"12.048800000000000000000000000000","ind_status":"AT"},"geometry":{"type":"Polygon","coordinates":[[[-42.6858,-22.294],[-42.6876,-22.2953],[-42.6879,-22.2925],[-42.6859,-22.2939],[-42.6858,-22.294]],[[-42.6895,-22.2901],[-42.6871,-22.2868],[-42.6895,-22.2901],[-42.6895,-22.2901]]]}},{"type":"Feature","properties":{"cod_tema":"AREA_USO_RESTRITO_DECLIVIDADE_25_A_45","cod_imovel":"RJ-3303401-D7EA78D0169B48D08F872D33DE1ED33F","num_area":"2.1078000000000000000000000000000","ind_status":"AT"},"geometry":{"type":"Polygon","coordinates":[[[-42.659,-22.3255],[-42.6612,-22.3256],[-42.6591,-22.3254],[-42.659,-22.3255]]]}},{"type":"Feature","properties":{"cod_tema":"AREA_USO_RESTRITO_DECLIVIDADE_25_A_45","cod_imovel":"RJ-3303401-D7255BF0B8564154BDEC076FB6BD8FA4","num_area":"5.2004000000000000000000000000000","ind_status":"AT"},"geometry":{"type":"Polygon","coordinates":[[[-42.6366,-22.3625],[-42.6362,-22.3646],[-42.6367,-22.3624],[-42.6366,-22.3625]],[[-42.6361,-22.3669],[-42.6371,-22.3645],[-42.6356,-22.3673],[-42.6361,-22.3669]]]}},{"type":"Feature","properties":{"cod_tema":"AREA_USO_RESTRITO_DECLIVIDADE_25_A_45","cod_imovel":"RJ-3303401-70D86D7023584515970EF9496201DFFF","num_area":"1.5298000000000000000000000000000","ind_status":"AT"},"geometry":{"type":"Polygon","coordinates":[[[-42.6447,-22.3519],[-42.6425,-22.3493],[-42.6447,-22.3519],[-42.6447,-22.3519]]]}},{"type":"Feature","properties":{"cod_tema":"AREA_USO_RESTRITO_DECLIVIDADE_25_A_45","cod_imovel":"RJ-3303401-5C92FEE03DBD4DAFB92B0E3ED7D68920","num_area":"3.4572000000000000000000000000000","ind_status":"AT"},"geometry":{"type":"Polygon","coordinates":[[[-42.4376,-22.4058],[-42.4402,-22.4064],[-42.4376,-22.4058],[-42.4376,-22.4058]]]}},{"type":"Feature","properties":{"cod_tema":"AREA_USO_RESTRITO_DECLIVIDADE_25_A_45","cod_imovel":"RJ-3303401-A9A51CE407644BECAFC7A73648262548","num_area":"23.961300000000000000000000000000","ind_status":"AT"},"geometry":{"type":"Polygon","coordinates":[[[-42.415,-22.3438],[-42.4111,-22.3444],[-42.4123,-22.3412],[-42.4086,-22.3394],[-42.4106,-22.3451],[-42.415,-22.3438],[-42.415,-22.3438]],[[-42.4113,-22.3471],[-42.415,-22.3443],[-42.4113,-22.3469],[-42.4113,-22.3471]],[[-42.412,-22.3459],[-42.4148,-22.3445],[-42.4121,-22.3459],[-42.412,-22.3459]],[[-42.4149,-22.3404],[-42.4126,-22.3393],[-42.4147,-22.3405],[-42.4149,-22.3404]],[[-42.415,-22.3441],[-42.4126,-22.3451],[-42.4147,-22.3441],[-42.415,-22.3441]]]}},{"type":"Feature","properties":{"cod_tema":"AREA_USO_RESTRITO_DECLIVIDADE_25_A_45","cod_imovel":"RJ-3303401-46E373F37028412ABB2CFFC91DE93118","num_area":"6.0023000000000000000000000000000","ind_status":"AT"},"geometry":{"type":"Polygon","coordinates":[[[-42.6853,-22.3228],[-42.6864,-22.3259],[-42.6857,-22.3223],[-42.6853,-22.3228]]]}},{"type":"Feature","properties":{"cod_tema":"AREA_USO_RESTRITO_DECLIVIDADE_25_A_45","cod_imovel":"RJ-3303401-98E6370259D54A8F973D16FB4EFF2F14","num_area":"12.581500000000000000000000000000","ind_status":"AT"},"geometry":{"type":"Polygon","coordinates":[[[-42.3608,-22.4121],[-42.3567,-22.4071],[-42.361,-22.4127],[-42.3608,-22.4121]]]}},{"type":"Feature","properties":{"cod_tema":"AREA_USO_RESTRITO_DECLIVIDADE_25_A_45","cod_imovel":"RJ-3303401-B3AB40052E424543A7959EE77001207D","num_area":"3.1618000000000000000000000000000","ind_status":"AT"},"geometry":{"type":"Polygon","coordinates":[[[-42.4851,-22.3702],[-42.4862,-22.3722],[-42.4851,-22.3699],[-42.4851,-22.3702]]]}},{"type":"Feature","properties":{"cod_tema":"AREA_USO_RESTRITO_DECLIVIDADE_25_A_45","cod_imovel":"RJ-3303401-F81E898444454F7E865838AEA26A26F5","num_area":"7.9983000000000000000000000000000","ind_status":"AT"},"geometry":{"type":"Polygon","coordinates":[[[-42.6244,-22.3056],[-42.6194,-22.3074],[-42.6246,-22.3056],[-42.6244,-22.3056]]]}},{"type":"Feature","properties":{"cod_tema":"AREA_USO_RESTRITO_DECLIVIDADE_25_A_45","cod_imovel":"RJ-3303401-C4BB95A76CAD412DB6DE454EE4A4D125","num_area":"3.9333000000000000000000000000000","ind_status":"AT"},"geometry":{"type":"Polygon","coordinates":[[[-42.6546,-22.3704],[-42.6563,-22.3735],[-42.655,-22.3704],[-42.6546,-22.3704]]]}},{"type":"Feature","properties":{"cod_tema":"AREA_USO_RESTRITO_DECLIVIDADE_25_A_45","cod_imovel":"RJ-3303401-6AF06B765D974706A06BAC10BCF8918D","num_area":"13.721300000000000000000000000000","ind_status":"AT"},"geometry":{"type":"Polygon","coordinates":[[[-42.4842,-22.3897],[-42.4834,-22.3874],[-42.4841,-22.3897],[-42.4842,-22.3897]],[[-42.4819,-22.3912],[-42.4785,-22.3902],[-42.4804,-22.3912],[-42.4819,-22.3912]],[[-42.4855,-22.3847],[-42.4873,-22.3873],[-42.486,-22.3844],[-42.4855,-22.3847]]]}},{"type":"Feature","properties":{"cod_tema":"AREA_USO_RESTRITO_DECLIVIDADE_25_A_45","cod_imovel":"RJ-3303401-95B7873E78284EB1B01D5D4A80ED4E68","num_area":"17.194200000000000000000000000000","ind_status":"AT"},"geometry":{"type":"Polygon","coordinates":[[[-42.6506,-22.3384],[-42.6567,-22.3343],[-42.6548,-22.3329],[-42.6507,-22.3373],[-42.6506,-22.3384]]]}},{"type":"Feature","properties":{"cod_tema":"AREA_USO_RESTRITO_DECLIVIDADE_25_A_45","cod_imovel":"RJ-3303401-4D8D94EE085946D4AA7A13CA34C9B07B","num_area":"5.2458000000000000000000000000000","ind_status":"AT"},"geometry":{"type":"Polygon","coordinates":[[[-42.4012,-22.3463],[-42.4027,-22.3487],[-42.4025,-22.3464],[-42.4012,-22.3463]]]}},{"type":"Feature","properties":{"cod_tema":"AREA_USO_RESTRITO_DECLIVIDADE_25_A_45","cod_imovel":"RJ-3303401-210A1AAAB6DD440BBF2F2B90177C9E29","num_area":"3.9131000000000000000000000000000","ind_status":"AT"},"geometry":{"type":"Polygon","coordinates":[[[-42.6828,-22.3305],[-42.6801,-22.3312],[-42.6831,-22.3309],[-42.6828,-22.3305]]]}},{"type":"Feature","properties":{"cod_tema":"AREA_USO_RESTRITO_DECLIVIDADE_25_A_45","cod_imovel":"RJ-3303401-7E5DDE3B62B345E882B78ECE22D41E94","num_area":"7.4667000000000000000000000000000","ind_status":"AT"},"geometry":{"type":"Polygon","coordinates":[[[-42.4729,-22.3847],[-42.4701,-22.3848],[-42.4729,-22.3856],[-42.4729,-22.3847]],[[-42.4673,-22.3877],[-42.4712,-22.3901],[-42.4673,-22.3884],[-42.4673,-22.3877]]]}},{"type":"Feature","properties":{"cod_tema":"AREA_USO_RESTRITO_DECLIVIDADE_25_A_45","cod_imovel":"RJ-3303401-383A0AD5FC594D55830DE99121482073","num_area":"30.060000000000000000000000000000","ind_status":"AT"},"geometry":{"type":"Polygon","coordinates":[[[-42.4573,-22.4286],[-42.4517,-22.4302],[-42.453,-22.4324],[-42.4556,-22.43],[-42.4573,-22.4286]],[[-42.4537,-22.4274],[-42.4491,-22.4286],[-42.4521,-22.4285],[-42.4537,-22.4274]],[[-42.4498,-22.4302],[-42.4451,-22.4321],[-42.4487,-22.4323],[-42.4498,-22.4302]],[[-42.4502,-22.4306],[-42.4498,-22.4339],[-42.4509,-22.4307],[-42.4502,-22.4306]]]}},{"type":"Feature","properties":{"cod_tema":"AREA_USO_RESTRITO_DECLIVIDADE_25_A_45","cod_imovel":"RJ-3303401-41A9ACC2728843E29A6AE7484AABA43E","num_area":"8.8888000000000000000000000000000","ind_status":"AT"},"geometry":{"type":"Polygon","coordinates":[[[-42.407,-22.4245],[-42.4094,-22.421],[-42.407,-22.4245],[-42.407,-22.4245]]]}},{"type":"Feature","properties":{"cod_tema":"AREA_USO_RESTRITO_DECLIVIDADE_25_A_45","cod_imovel":"RJ-3303401-D263D783E55E49218494A63E009B5C56","num_area":"4.6626000000000000000000000000000","ind_status":"AT"},"geometry":{"type":"Polygon","coordinates":[[[-42.442,-22.3745],[-42.4425,-22.3773],[-42.4424,-22.3745],[-42.442,-22.3745]]]}},{"type":"Feature","properties":{"cod_tema":"AREA_USO_RESTRITO_DECLIVIDADE_25_A_45","cod_imovel":"RJ-3303401-466373EF8E5C46978B12697F204AFA8A","num_area":"6.6786000000000000000000000000000","ind_status":"AT"},"geometry":{"type":"Polygon","coordinates":[[[-42.3757,-22.4095],[-42.376,-22.412],[-42.3793,-22.4106],[-42.3758,-22.4095],[-42.3757,-22.4095]]]}},{"type":"Feature","properties":{"cod_tema":"AREA_USO_RESTRITO_DECLIVIDADE_25_A_45","cod_imovel":"RJ-3303401-74EACF6C654E4F8A9A5415CAFC1FE2A5","num_area":"53.437500000000000000000000000000","ind_status":"AT"},"geometry":{"type":"Polygon","coordinates":[[[-42.3229,-22.3909],[-42.3242,-22.3882],[-42.3216,-22.3898],[-42.3229,-22.3909]],[[-42.3202,-22.3866],[-42.3185,-22.3845],[-42.3121,-22.3869],[-42.3197,-22.3832],[-42.3211,-22.3809],[-42.3183,-22.3796],[-42.311,-22.3869],[-42.3202,-22.3866],[-42.3202,-22.3866]]]}},{"type":"Feature","properties":{"cod_tema":"AREA_USO_RESTRITO_DECLIVIDADE_25_A_45","cod_imovel":"RJ-3303401-666D79E4DC904BC0A55AADEB21C3B615","num_area":"119.35350000000000000000000000000","ind_status":"AT"},"geometry":{"type":"Polygon","coordinates":[[[-42.4108,-22.3901],[-42.4048,-22.3868],[-42.4087,-22.3915],[-42.4035,-22.3872],[-42.403,-22.3901],[-42.4,-22.3861],[-42.3922,-22.3956],[-42.4011,-22.3894],[-42.4032,-22.3969],[-42.3974,-22.3952],[-42.3988,-22.3923],[-42.3945,-22.3965],[-42.4022,-22.3985],[-42.4106,-22.3906],[-42.4108,-22.3901]],[[-42.4012,-22.3962],[-42.3975,-22.3966],[-42.4009,-22.396],[-42.4012,-22.3962]],[[-42.4047,-22.3932],[-42.402,-22.3929],[-42.402,-22.3892],[-42.4047,-22.3929],[-42.4047,-22.3932]],[[-42.4052,-22.3933],[-42.403,-22.3902],[-42.4051,-22.3931],[-42.4052,-22.3933]],[[-42.3997,-22.3848],[-42.3986,-22.3825],[-42.3972,-22.388],[-42.3997,-22.385],[-42.3997,-22.3848]],[[-42.4027,-22.3863],[-42.4002,-22.3849],[-42.4026,-22.3864],[-42.4027,-22.3863]]]}},{"type":"Feature","properties":{"cod_tema":"AREA_USO_RESTRITO_DECLIVIDADE_25_A_45","cod_imovel":"RJ-3303401-0C60015AE7494A10AC34D4D192880E01","num_area":"2.8937000000000000000000000000000","ind_status":"AT"},"geometry":{"type":"Polygon","coordinates":[[[-42.5238,-22.4119],[-42.5254,-22.4142],[-42.5238,-22.4119],[-42.5238,-22.4119]]]}},{"type":"Feature","properties":{"cod_tema":"AREA_USO_RESTRITO_DECLIVIDADE_25_A_45","cod_imovel":"RJ-3303401-0F32DEA9B5D2457AA1501993E33361DF","num_area":"10.937300000000000000000000000000","ind_status":"AT"},"geometry":{"type":"Polygon","coordinates":[[[-42.3169,-22.3954],[-42.3149,-22.3931],[-42.3131,-22.3959],[-42.3169,-22.3954],[-42.3169,-22.3954]]]}},{"type":"Feature","properties":{"cod_tema":"AREA_USO_RESTRITO_DECLIVIDADE_25_A_45","cod_imovel":"RJ-3303401-A14CE562B05C463A9EFB01A759BFC0E8","num_area":"8.4623000000000000000000000000000","ind_status":"AT"},"geometry":{"type":"Polygon","coordinates":[[[-42.3322,-22.3314],[-42.33,-22.332],[-42.332,-22.3347],[-42.3355,-22.3316],[-42.3325,-22.3314],[-42.3322,-22.3314]]]}},{"type":"Feature","properties":{"cod_tema":"AREA_USO_RESTRITO_DECLIVIDADE_25_A_45","cod_imovel":"RJ-3303401-D2D6549AA6E34B25B9C9C168AA61CC28","num_area":"24.531600000000000000000000000000","ind_status":"AT"},"geometry":{"type":"Polygon","coordinates":[[[-42.4504,-22.4029],[-42.4484,-22.4036],[-42.4509,-22.4039],[-42.4504,-22.4029]],[[-42.4545,-22.4063],[-42.4502,-22.4045],[-42.4544,-22.4064],[-42.4545,-22.4063]],[[-42.4408,-22.4085],[-42.4492,-22.4092],[-42.4376,-22.4057],[-42.4407,-22.4083],[-42.4408,-22.4085]]]}},{"type":"Feature","properties":{"cod_tema":"AREA_USO_RESTRITO_DECLIVIDADE_25_A_45","cod_imovel":"RJ-3303401-B74A9522D0DB4830884A8F0C26A6419B","num_area":"9.0205000000000000000000000000000","ind_status":"AT"},"geometry":{"type":"Polygon","coordinates":[[[-42.2882,-22.303],[-42.2931,-22.302],[-42.2883,-22.3016],[-42.2882,-22.303]]]}},{"type":"Feature","properties":{"cod_tema":"AREA_USO_RESTRITO_DECLIVIDADE_25_A_45","cod_imovel":"RJ-3303401-4D6E30C36DB747F7B93AE6E102EA087C","num_area":"24.032500000000000000000000000000","ind_status":"AT"},"geometry":{"type":"Polygon","coordinates":[[[-42.3916,-22.3471],[-42.3909,-22.3453],[-42.3916,-22.3473],[-42.3916,-22.3471]],[[-42.3885,-22.3344],[-42.3878,-22.3432],[-42.3879,-22.34],[-42.391,-22.3413],[-42.389,-22.3344],[-42.3885,-22.3344]]]}},{"type":"Feature","properties":{"cod_tema":"AREA_USO_RESTRITO_DECLIVIDADE_25_A_45","cod_imovel":"RJ-3303401-F3D21967545844E083A564A9A0D0FDF1","num_area":"5.8671000000000000000000000000000","ind_status":"AT"},"geometry":{"type":"Polygon","coordinates":[[[-42.3835,-22.3554],[-42.3862,-22.3545],[-42.3835,-22.3553],[-42.3835,-22.3554]],[[-42.3834,-22.3542],[-42.3856,-22.3527],[-42.3834,-22.3539],[-42.3834,-22.3542]]]}},{"type":"Feature","properties":{"cod_tema":"AREA_USO_RESTRITO_DECLIVIDADE_25_A_45","cod_imovel":"RJ-3303401-67358DE7617548458623C1BACE30EC7F","num_area":"22.515800000000000000000000000000","ind_status":"AT"},"geometry":{"type":"Polygon","coordinates":[[[-42.3173,-22.4103],[-42.3198,-22.4085],[-42.3173,-22.4101],[-42.3173,-22.4103]],[[-42.3249,-22.4068],[-42.3227,-22.4069],[-42.3249,-22.4071],[-42.3249,-22.4068]],[[-42.3257,-22.4127],[-42.3279,-22.4111],[-42.3251,-22.4077],[-42.3229,-22.4109],[-42.3257,-22.4124],[-42.3257,-22.4127]]]}},{"type":"Feature","properties":{"cod_tema":"AREA_USO_RESTRITO_DECLIVIDADE_25_A_45","cod_imovel":"RJ-3303401-9EACD2B02C1A4C799739FBBC48DA9F05","num_area":"2.2393000000000000000000000000000","ind_status":"AT"},"geometry":{"type":"Polygon","coordinates":[[[-42.4328,-22.362],[-42.4322,-22.3598],[-42.4325,-22.3618],[-42.4328,-22.362]]]}},{"type":"Feature","properties":{"cod_tema":"AREA_USO_RESTRITO_DECLIVIDADE_25_A_45","cod_imovel":"RJ-3303401-54F6CAE0A79F44A5BD59599D1CD3B5C8","num_area":"7.7392000000000000000000000000000","ind_status":"AT"},"geometry":{"type":"Polygon","coordinates":[[[-42.4271,-22.3605],[-42.4277,-22.3633],[-42.4299,-22.3622],[-42.4271,-22.3605],[-42.4271,-22.3605]]]}},{"type":"Feature","properties":{"cod_tema":"AREA_USO_RESTRITO_DECLIVIDADE_25_A_45","cod_imovel":"RJ-3303401-BADD7D1BBFBF4CE2B7030F7CC1290D89","num_area":"4.9205000000000000000000000000000","ind_status":"AT"},"geometry":{"type":"Polygon","coordinates":[[[-42.3821,-22.3718],[-42.3793,-22.3722],[-42.3821,-22.3718],[-42.3821,-22.3718]]]}},{"type":"Feature","properties":{"cod_tema":"AREA_USO_RESTRITO_DECLIVIDADE_25_A_45","cod_imovel":"RJ-3303401-8CB959B01FAD482D9C5032D823E7CDC0","num_area":"13.154100000000000000000000000000","ind_status":"AT"},"geometry":{"type":"Polygon","coordinates":[[[-42.33,-22.3416],[-42.3278,-22.3412],[-42.3299,-22.342],[-42.33,-22.3416]],[[-42.3327,-22.3424],[-42.3305,-22.3418],[-42.3327,-22.3424],[-42.3327,-22.3424]],[[-42.3322,-22.3465],[-42.3357,-22.3453],[-42.3329,-22.3429],[-42.3322,-22.3463],[-42.3322,-22.3465]]]}},{"type":"Feature","properties":{"cod_tema":"AREA_USO_RESTRITO_DECLIVIDADE_25_A_45","cod_imovel":"RJ-3303401-E3EA6215B9AF48FA9EAE9EDBFB224C6B","num_area":"11.134000000000000000000000000000","ind_status":"AT"},"geometry":{"type":"Polygon","coordinates":[[[-42.2728,-22.3079],[-42.275,-22.3061],[-42.2735,-22.3019],[-42.2726,-22.3078],[-42.2728,-22.3079]]]}},{"type":"Feature","properties":{"cod_tema":"AREA_USO_RESTRITO_DECLIVIDADE_25_A_45","cod_imovel":"RJ-3303401-5144BC05AEEB4463BFCD8A72811C4BE9","num_area":"8.8153000000000000000000000000000","ind_status":"AT"},"geometry":{"type":"Polygon","coordinates":[[[-42.2415,-22.3409],[-42.2452,-22.3428],[-42.2446,-22.3388],[-42.2417,-22.3406],[-42.2415,-22.3409]]]}},{"type":"Feature","properties":{"cod_tema":"AREA_USO_RESTRITO_DECLIVIDADE_25_A_45","cod_imovel":"RJ-3303401-76032E72612F445CB474A75EB2670025","num_area":"18.391100000000000000000000000000","ind_status":"AT"},"geometry":{"type":"Polygon","coordinates":[[[-42.4102,-22.3333],[-42.4131,-22.3336],[-42.4102,-22.3332],[-42.4102,-22.3333]],[[-42.4105,-22.3359],[-42.4142,-22.3369],[-42.4106,-22.3358],[-42.4105,-22.3359]],[[-42.4159,-22.3346],[-42.4111,-22.334],[-42.416,-22.3351],[-42.4159,-22.3346]],[[-42.4123,-22.3302],[-42.4152,-22.3313],[-42.4122,-22.3301],[-42.4123,-22.3302]],[[-42.4158,-22.3359],[-42.4139,-22.3382],[-42.4152,-22.3362],[-42.4158,-22.3359]],[[-42.4163,-22.3362],[-42.4142,-22.3379],[-42.4161,-22.3362],[-42.4163,-22.3362]]]}},{"type":"Feature","properties":{"cod_tema":"AREA_USO_RESTRITO_DECLIVIDADE_25_A_45","cod_imovel":"RJ-3303401-4AAB9BFFE8184D6E98593B44EB36CE17","num_area":"16.407900000000000000000000000000","ind_status":"AT"},"geometry":{"type":"Polygon","coordinates":[[[-42.2356,-22.3506],[-42.242,-22.3489],[-42.2402,-22.347],[-42.2349,-22.3494],[-42.2356,-22.3506]]]}},{"type":"Feature","properties":{"cod_tema":"AREA_USO_RESTRITO_DECLIVIDADE_25_A_45","cod_imovel":"RJ-3303401-F64E54CB132747F09740513FDC6C1A27","num_area":"45.302200000000000000000000000000","ind_status":"AT"},"geometry":{"type":"Polygon","coordinates":[[[-42.3386,-22.3948],[-42.3234,-22.4008],[-42.3313,-22.3978],[-42.3342,-22.399],[-42.3248,-22.4021],[-42.3351,-22.4012],[-42.3386,-22.3948],[-42.3386,-22.3948]]]}},{"type":"Feature","properties":{"cod_tema":"AREA_USO_RESTRITO_DECLIVIDADE_25_A_45","cod_imovel":"RJ-3303401-D00CEAC57FC34DFB8A0AF75985109BC2","num_area":"10.418300000000000000000000000000","ind_status":"AT"},"geometry":{"type":"Polygon","coordinates":[[[-42.3839,-22.3893],[-42.3813,-22.3898],[-42.3841,-22.39],[-42.3839,-22.3893]],[[-42.3844,-22.3846],[-42.3818,-22.3818],[-42.3841,-22.3846],[-42.3844,-22.3846]]]}},{"type":"Feature","properties":{"cod_tema":"AREA_USO_RESTRITO_DECLIVIDADE_25_A_45","cod_imovel":"RJ-3303401-CA5C9542CC5142F3AFE7C63D07E2ADF2","num_area":"9.2770000000000000000000000000000","ind_status":"AT"},"geometry":{"type":"Polygon","coordinates":[[[-42.3746,-22.3762],[-42.3795,-22.3761],[-42.3745,-22.376],[-42.3746,-22.3762]]]}},{"type":"Feature","properties":{"cod_tema":"AREA_USO_RESTRITO_DECLIVIDADE_25_A_45","cod_imovel":"RJ-3303401-9C01CC502D1B463F8D64D3B36DBB9097","num_area":"6.3952000000000000000000000000000","ind_status":"AT"},"geometry":{"type":"Polygon","coordinates":[[[-42.329,-22.3363],[-42.3306,-22.3387],[-42.3293,-22.3363],[-42.329,-22.3363]]]}},{"type":"Feature","properties":{"cod_tema":"AREA_USO_RESTRITO_DECLIVIDADE_25_A_45","cod_imovel":"RJ-3303401-98F67ED8E96B42A9BC18886C5B506110","num_area":"24.612000000000000000000000000000","ind_status":"AT"},"geometry":{"type":"Polygon","coordinates":[[[-42.3088,-22.303],[-42.3063,-22.3],[-42.3038,-22.3044],[-42.307,-22.307],[-42.3083,-22.3042],[-42.3088,-22.303]]]}},{"type":"Feature","properties":{"cod_tema":"AREA_USO_RESTRITO_DECLIVIDADE_25_A_45","cod_imovel":"RJ-3303401-BD66C092A82447CDB9743AA9EED22884","num_area":"24.537200000000000000000000000000","ind_status":"AT"},"geometry":{"type":"Polygon","coordinates":[[[-42.2493,-22.3543],[-42.2471,-22.3531],[-42.2483,-22.3577],[-42.2492,-22.3543],[-42.2493,-22.3543]],[[-42.2503,-22.361],[-42.2549,-22.362],[-42.2559,-22.3587],[-42.2504,-22.361],[-42.2503,-22.361]],[[-42.2558,-22.3582],[-42.2505,-22.3578],[-42.2545,-22.3582],[-42.2558,-22.3582]]]}},{"type":"Feature","properties":{"cod_tema":"AREA_USO_RESTRITO_DECLIVIDADE_25_A_45","cod_imovel":"RJ-3303401-0022E6933FCE49BEB35F457D0960939F","num_area":"11.848700000000000000000000000000","ind_status":"AT"},"geometry":{"type":"Polygon","coordinates":[[[-42.2827,-22.3242],[-42.2785,-22.3246],[-42.2847,-22.3261],[-42.2829,-22.3243],[-42.2827,-22.3242]],[[-42.2806,-22.3285],[-42.2824,-22.3298],[-42.2806,-22.3284],[-42.2806,-22.3285]]]}},{"type":"Feature","properties":{"cod_tema":"AREA_USO_RESTRITO_DECLIVIDADE_25_A_45","cod_imovel":"RJ-3303401-0199D0A46B104C34903AAFFD1FA8C003","num_area":"6.0285000000000000000000000000000","ind_status":"AT"},"geometry":{"type":"Polygon","coordinates":[[[-42.4847,-22.3266],[-42.4878,-22.3273],[-42.4847,-22.3266],[-42.4847,-22.3266]]]}},{"type":"Feature","properties":{"cod_tema":"AREA_USO_RESTRITO_DECLIVIDADE_25_A_45","cod_imovel":"RJ-3303401-8F3527B8E3DC4ECF8D6AC243585F1153","num_area":"6.6675000000000000000000000000000","ind_status":"AT"},"geometry":{"type":"Polygon","coordinates":[[[-42.344,-22.3252],[-42.3511,-22.3267],[-42.3441,-22.3249],[-42.344,-22.3252]]]}},{"type":"Feature","properties":{"cod_tema":"AREA_USO_RESTRITO_DECLIVIDADE_25_A_45","cod_imovel":"RJ-3303401-091F48DBC48248A1A7570A47BAC2C217","num_area":"9.5875000000000000000000000000000","ind_status":"AT"},"geometry":{"type":"Polygon","coordinates":[[[-42.357,-22.4013],[-42.3605,-22.4003],[-42.3575,-22.3967],[-42.357,-22.401],[-42.357,-22.4013]]]}},{"type":"Feature","properties":{"cod_tema":"AREA_USO_RESTRITO_DECLIVIDADE_25_A_45","cod_imovel":"RJ-3303401-6449F3C4FB7E49BC9A0CD12D2B6CE7C1","num_area":"74.881500000000000000000000000000","ind_status":"AT"},"geometry":{"type":"Polygon","coordinates":[[[-42.3757,-22.3307],[-42.3806,-22.332],[-42.3753,-22.3303],[-42.3762,-22.3353],[-42.3758,-22.3315],[-42.3757,-22.3307]],[[-42.3651,-22.3382],[-42.3649,-22.3357],[-42.363,-22.3369],[-42.3652,-22.3379],[-42.3651,-22.3382]],[[-42.3734,-22.3336],[-42.3753,-22.3379],[-42.3719,-22.338],[-42.3651,-22.3291],[-42.3641,-22.3311],[-42.3661,-22.3365],[-42.3765,-22.3399],[-42.3727,-22.3306],[-42.3652,-22.3288],[-42.369,-22.3332],[-42.3734,-22.3332],[-42.3734,-22.3336]],[[-42.3779,-22.3272],[-42.3687,-22.3293],[-42.3737,-22.3309],[-42.378,-22.3273],[-42.3779,-22.3272]],[[-42.3746,-22.3337],[-42.3762,-22.3363],[-42.3746,-22.3332],[-42.3746,-22.3337]]]}},{"type":"Feature","properties":{"cod_tema":"AREA_USO_RESTRITO_DECLIVIDADE_25_A_45","cod_imovel":"RJ-3303401-DEB5CCB193DA4E36AFEBCBA272871A74","num_area":"61.105300000000000000000000000000","ind_status":"AT"},"geometry":{"type":"Polygon","coordinates":[[[-42.2777,-22.3598],[-42.2751,-22.3621],[-42.2756,-22.359],[-42.274,-22.3614],[-42.2747,-22.3588],[-42.2697,-22.3599],[-42.2741,-22.3625],[-42.2775,-22.36],[-42.2777,-22.3598]],[[-42.2759,-22.3622],[-42.283,-22.3625],[-42.2801,-22.3585],[-42.2797,-22.3623],[-42.276,-22.3622],[-42.2759,-22.3622]],[[-42.2809,-22.3572],[-42.2785,-22.3541],[-42.2704,-22.3576],[-42.2731,-22.3564],[-42.2724,-22.3597],[-42.2769,-22.3555],[-42.2782,-22.3592],[-42.2809,-22.3574],[-42.2809,-22.3572]],[[-42.2729,-22.3556],[-42.275,-22.3561],[-42.2729,-22.3558],[-42.2729,-22.3556]],[[-42.2796,-22.3584],[-42.2773,-22.3612],[-42.2798,-22.3582],[-42.2796,-22.3584]]]}},{"type":"Feature","properties":{"cod_tema":"AREA_USO_RESTRITO_DECLIVIDADE_25_A_45","cod_imovel":"RJ-3303401-EBC563FE172841D69B53536ECEDB074F","num_area":"10.367000000000000000000000000000","ind_status":"AT"},"geometry":{"type":"Polygon","coordinates":[[[-42.2714,-22.363],[-42.2743,-22.3681],[-42.2715,-22.3629],[-42.2714,-22.363]]]}},{"type":"Feature","properties":{"cod_tema":"AREA_USO_RESTRITO_DECLIVIDADE_25_A_45","cod_imovel":"RJ-3303401-B52698C7E0F24275B67ADF8319F72768","num_area":"3.6856000000000000000000000000000","ind_status":"AT"},"geometry":{"type":"Polygon","coordinates":[[[-42.3551,-22.3117],[-42.3559,-22.3094],[-42.3544,-22.3117],[-42.3551,-22.3117]]]}},{"type":"Feature","properties":{"cod_tema":"AREA_USO_RESTRITO_DECLIVIDADE_25_A_45","cod_imovel":"RJ-3303401-0006D485A1DC40B39FB131B43891F466","num_area":"3.3112000000000000000000000000000","ind_status":"AT"},"geometry":{"type":"Polygon","coordinates":[[[-42.3154,-22.3337],[-42.3175,-22.3309],[-42.3154,-22.3332],[-42.3154,-22.3337]]]}},{"type":"Feature","properties":{"cod_tema":"AREA_USO_RESTRITO_DECLIVIDADE_25_A_45","cod_imovel":"RJ-3303401-674264B0882D45AC829AD7C4DDCCC43F","num_area":"3.7185000000000000000000000000000","ind_status":"AT"},"geometry":{"type":"Polygon","coordinates":[[[-42.4393,-22.4234],[-42.4378,-22.427],[-42.4392,-22.4247],[-42.4393,-22.4234]]]}},{"type":"Feature","properties":{"cod_tema":"AREA_USO_RESTRITO_DECLIVIDADE_25_A_45","cod_imovel":"RJ-3303401-A3A71D37AA504CD29397A9A70EE78A0F","num_area":"6.5238000000000000000000000000000","ind_status":"AT"},"geometry":{"type":"Polygon","coordinates":[[[-42.5984,-22.3206],[-42.6017,-22.3194],[-42.5984,-22.3186],[-42.5984,-22.3206]]]}},{"type":"Feature","properties":{"cod_tema":"AREA_USO_RESTRITO_DECLIVIDADE_25_A_45","cod_imovel":"RJ-3303401-55A2C31205764327A36998C483AF4525","num_area":"1.8009000000000000000000000000000","ind_status":"AT"},"geometry":{"type":"Polygon","coordinates":[[[-42.3774,-22.3361],[-42.3787,-22.3338],[-42.3771,-22.3364],[-42.3774,-22.3361]]]}},{"type":"Feature","properties":{"cod_tema":"AREA_USO_RESTRITO_DECLIVIDADE_25_A_45","cod_imovel":"RJ-3303401-17CD4F15FBE04D5ABD538362CF8A1485","num_area":"5.0980000000000000000000000000000","ind_status":"AT"},"geometry":{"type":"Polygon","coordinates":[[[-42.3764,-22.3384],[-42.3784,-22.3408],[-42.3764,-22.3381],[-42.3764,-22.3384]],[[-42.3806,-22.3412],[-42.3785,-22.3401],[-42.3804,-22.3413],[-42.3806,-22.3412]]]}},{"type":"Feature","properties":{"cod_tema":"AREA_USO_RESTRITO_DECLIVIDADE_25_A_45","cod_imovel":"RJ-3303401-A92AB06CB8C848468B3E4A8ED2FF0D1E","num_area":"2.1904000000000000000000000000000","ind_status":"AT"},"geometry":{"type":"Polygon","coordinates":[[[-42.3811,-22.3258],[-42.3803,-22.3229],[-42.381,-22.3258],[-42.3811,-22.3258]]]}},{"type":"Feature","properties":{"cod_tema":"AREA_USO_RESTRITO_DECLIVIDADE_25_A_45","cod_imovel":"RJ-3303401-0F282978FE1448BBAD2C7502D137FEF6","num_area":"7.7210000000000000000000000000000","ind_status":"AT"},"geometry":{"type":"Polygon","coordinates":[[[-42.3559,-22.3339],[-42.3583,-22.3384],[-42.3563,-22.3339],[-42.3559,-22.3339]]]}},{"type":"Feature","properties":{"cod_tema":"AREA_USO_RESTRITO_DECLIVIDADE_25_A_45","cod_imovel":"RJ-3303401-B3A8721F3610490BACC4AB58FDB59514","num_area":"10.293900000000000000000000000000","ind_status":"AT"},"geometry":{"type":"Polygon","coordinates":[[[-42.5973,-22.3227],[-42.6027,-22.3214],[-42.6015,-22.3195],[-42.5969,-22.3221],[-42.5973,-22.3227]]]}},{"type":"Feature","properties":{"cod_tema":"AREA_USO_RESTRITO_DECLIVIDADE_25_A_45","cod_imovel":"RJ-3303401-DAE402C9128E44F59C49EAF600E75B6B","num_area":"2.9894000000000000000000000000000","ind_status":"AT"},"geometry":{"type":"Polygon","coordinates":[[[-42.3497,-22.3213],[-42.3503,-22.325],[-42.3498,-22.3213],[-42.3497,-22.3213]]]}},{"type":"Feature","properties":{"cod_tema":"AREA_USO_RESTRITO_DECLIVIDADE_25_A_45","cod_imovel":"RJ-3303401-46DF9E5B29814E81AB5117886F7C9ED8","num_area":"1.8931000000000000000000000000000","ind_status":"AT"},"geometry":{"type":"Polygon","coordinates":[[[-42.3152,-22.3284],[-42.3122,-22.3287],[-42.3148,-22.3284],[-42.3152,-22.3284]]]}},{"type":"Feature","properties":{"cod_tema":"AREA_USO_RESTRITO_DECLIVIDADE_25_A_45","cod_imovel":"RJ-3303401-1E68C15BB0D945C599800DE48BC772B9","num_area":"11.020800000000000000000000000000","ind_status":"AT"},"geometry":{"type":"Polygon","coordinates":[[[-42.2867,-22.2954],[-42.285,-22.2939],[-42.2864,-22.2954],[-42.2867,-22.2954]],[[-42.2862,-22.3006],[-42.2843,-22.2968],[-42.2857,-22.3006],[-42.2862,-22.3006]]]}},{"type":"Feature","properties":{"cod_tema":"AREA_USO_RESTRITO_DECLIVIDADE_25_A_45","cod_imovel":"RJ-3303401-714474347ABC449FB0764569763D8A22","num_area":"3.9433000000000000000000000000000","ind_status":"AT"},"geometry":{"type":"Polygon","coordinates":[[[-42.5208,-22.4014],[-42.5191,-22.4039],[-42.5208,-22.4014],[-42.5208,-22.4014]]]}},{"type":"Feature","properties":{"cod_tema":"AREA_USO_RESTRITO_DECLIVIDADE_25_A_45","cod_imovel":"RJ-3303401-5F1A5C75D01E434BB0BA6B569191AD23","num_area":"12.325300000000000000000000000000","ind_status":"AT"},"geometry":{"type":"Polygon","coordinates":[[[-42.319,-22.3342],[-42.3179,-22.3315],[-42.3154,-22.3336],[-42.3178,-22.3354],[-42.319,-22.3342]]]}},{"type":"Feature","properties":{"cod_tema":"AREA_USO_RESTRITO_DECLIVIDADE_25_A_45","cod_imovel":"RJ-3303401-0A301319F3E7466C9C623F6ECCF16618","num_area":"3.4840000000000000000000000000000","ind_status":"AT"},"geometry":{"type":"Polygon","coordinates":[[[-42.3114,-22.3236],[-42.3121,-22.3213],[-42.3113,-22.3236],[-42.3114,-22.3236]]]}},{"type":"Feature","properties":{"cod_tema":"AREA_USO_RESTRITO_DECLIVIDADE_25_A_45","cod_imovel":"RJ-3303401-98BD46A5E5284E7FBCB8532D039CECFF","num_area":"2.4853000000000000000000000000000","ind_status":"AT"},"geometry":{"type":"Polygon","coordinates":[[[-42.3372,-22.3438],[-42.3398,-22.3434],[-42.3372,-22.3436],[-42.3372,-22.3438]]]}},{"type":"Feature","properties":{"cod_tema":"AREA_USO_RESTRITO_DECLIVIDADE_25_A_45","cod_imovel":"RJ-3303401-B0CE9E82AC6B45129203CBAEE0E0D99B","num_area":"6.0764000000000000000000000000000","ind_status":"AT"},"geometry":{"type":"Polygon","coordinates":[[[-42.3364,-22.3319],[-42.3342,-22.335],[-42.3376,-22.3324],[-42.3364,-22.3319]]]}},{"type":"Feature","properties":{"cod_tema":"AREA_USO_RESTRITO_DECLIVIDADE_25_A_45","cod_imovel":"RJ-3303401-C7E1EF8D120A4258B7E2F43DA1D01FE4","num_area":"6.8965000000000000000000000000000","ind_status":"AT"},"geometry":{"type":"Polygon","coordinates":[[[-42.346,-22.3456],[-42.3465,-22.3422],[-42.3456,-22.3456],[-42.346,-22.3456]]]}},{"type":"Feature","properties":{"cod_tema":"AREA_USO_RESTRITO_DECLIVIDADE_25_A_45","cod_imovel":"RJ-3303401-E32C38F2D1E54FBDB1F2EBE3CD2CEABD","num_area":"4.6305000000000000000000000000000","ind_status":"AT"},"geometry":{"type":"Polygon","coordinates":[[[-42.3227,-22.3099],[-42.3261,-22.3128],[-42.3232,-22.3099],[-42.3227,-22.3099]]]}},{"type":"Feature","properties":{"cod_tema":"AREA_USO_RESTRITO_DECLIVIDADE_25_A_45","cod_imovel":"RJ-3303401-E78FE01800374F5F8DC90027E9BC8313","num_area":"18.914500000000000000000000000000","ind_status":"AT"},"geometry":{"type":"Polygon","coordinates":[[[-42.3028,-22.353],[-42.2977,-22.3528],[-42.2975,-22.3555],[-42.2959,-22.353],[-42.293,-22.356],[-42.2997,-22.3563],[-42.301,-22.353],[-42.3028,-22.353]]]}},{"type":"Feature","properties":{"cod_tema":"AREA_USO_RESTRITO_DECLIVIDADE_25_A_45","cod_imovel":"RJ-3303401-E8FA9066D6324F098555A04924E3FBE9","num_area":"7.6607000000000000000000000000000","ind_status":"AT"},"geometry":{"type":"Polygon","coordinates":[[[-42.2934,-22.3042],[-42.2882,-22.3057],[-42.2929,-22.3068],[-42.2934,-22.3042]]]}},{"type":"Feature","properties":{"cod_tema":"AREA_USO_RESTRITO_DECLIVIDADE_25_A_45","cod_imovel":"RJ-3303401-1B4DD7A1FA5142EFA704959E65C579DC","num_area":"16.615300000000000000000000000000","ind_status":"AT"},"geometry":{"type":"Polygon","coordinates":[[[-42.3543,-22.3249],[-42.3555,-22.323],[-42.3543,-22.3249],[-42.3543,-22.3249]],[[-42.3577,-22.3197],[-42.3563,-22.3149],[-42.3543,-22.318],[-42.3573,-22.3196],[-42.3577,-22.3197]]]}},{"type":"Feature","properties":{"cod_tema":"AREA_USO_RESTRITO_DECLIVIDADE_25_A_45","cod_imovel":"RJ-3303401-16D97216773B49E5AC8686D8FB6393BE","num_area":"3.7459000000000000000000000000000","ind_status":"AT"},"geometry":{"type":"Polygon","coordinates":[[[-42.3111,-22.3439],[-42.3104,-22.3464],[-42.3112,-22.3442],[-42.3111,-22.3439]]]}},{"type":"Feature","properties":{"cod_tema":"AREA_USO_RESTRITO_DECLIVIDADE_25_A_45","cod_imovel":"RJ-3303401-6B5FB0CA5A174D2C90290DE640FB221D","num_area":"24.867600000000000000000000000000","ind_status":"AT"},"geometry":{"type":"Polygon","coordinates":[[[-42.2321,-22.3453],[-42.2315,-22.3384],[-42.2289,-22.3378],[-42.2292,-22.3449],[-42.2313,-22.3473],[-42.2321,-22.3453],[-42.2321,-22.3453]]]}},{"type":"Feature","properties":{"cod_tema":"AREA_USO_RESTRITO_DECLIVIDADE_25_A_45","cod_imovel":"RJ-3303401-2753A11DC352417EBD6D14FE86C27564","num_area":"7.7215000000000000000000000000000","ind_status":"AT"},"geometry":{"type":"Polygon","coordinates":[[[-42.3529,-22.3087],[-42.3528,-22.3125],[-42.3533,-22.3088],[-42.3529,-22.3087]]]}},{"type":"Feature","properties":{"cod_tema":"AREA_USO_RESTRITO_DECLIVIDADE_25_A_45","cod_imovel":"RJ-3303401-690F5E6A30FA41289263E8C99B9A601F","num_area":"9.0523000000000000000000000000000","ind_status":"AT"},"geometry":{"type":"Polygon","coordinates":[[[-42.3309,-22.3032],[-42.3331,-22.2994],[-42.3298,-22.2997],[-42.3309,-22.3026],[-42.3309,-22.3032]]]}},{"type":"Feature","properties":{"cod_tema":"AREA_USO_RESTRITO_DECLIVIDADE_25_A_45","cod_imovel":"RJ-3303401-E683F5B4B5094B0FA4D5C7E487DA3E88","num_area":"2.0728000000000000000000000000000","ind_status":"AT"},"geometry":{"type":"Polygon","coordinates":[[[-42.3375,-22.3448],[-42.3378,-22.3475],[-42.3375,-22.3444],[-42.3375,-22.3448]]]}},{"type":"Feature","properties":{"cod_tema":"AREA_USO_RESTRITO_DECLIVIDADE_25_A_45","cod_imovel":"RJ-3303401-B88A96A0F1B54309A00652F9D5AF2160","num_area":"2.6606000000000000000000000000000","ind_status":"AT"},"geometry":{"type":"Polygon","coordinates":[[[-42.3445,-22.3137],[-42.3417,-22.3149],[-42.3443,-22.3137],[-42.3445,-22.3137]]]}},{"type":"Feature","properties":{"cod_tema":"AREA_USO_RESTRITO_DECLIVIDADE_25_A_45","cod_imovel":"RJ-3303401-0AB526427B10414EACCF042B586C27E7","num_area":"6.1900000000000000000000000000000","ind_status":"AT"},"geometry":{"type":"Polygon","coordinates":[[[-42.2817,-22.3066],[-42.2793,-22.3073],[-42.2817,-22.3066],[-42.2817,-22.3066]],[[-42.285,-22.3056],[-42.2821,-22.3088],[-42.285,-22.3058],[-42.285,-22.3056]]]}},{"type":"Feature","properties":{"cod_tema":"AREA_USO_RESTRITO_DECLIVIDADE_25_A_45","cod_imovel":"RJ-3303401-75E17421759D40A1ACB02CBFD0DEA5C3","num_area":"0.8549000000000000000000000000000","ind_status":"AT"},"geometry":{"type":"Polygon","coordinates":[[[-42.3257,-22.3605],[-42.3265,-22.3626],[-42.3259,-22.3605],[-42.3257,-22.3605]]]}},{"type":"Feature","properties":{"cod_tema":"AREA_USO_RESTRITO_DECLIVIDADE_25_A_45","cod_imovel":"RJ-3303401-7531B5A97CAA44E5A91D0729C921D474","num_area":"8.3837000000000000000000000000000","ind_status":"AT"},"geometry":{"type":"Polygon","coordinates":[[[-42.377,-22.365],[-42.3736,-22.3661],[-42.3757,-22.3676],[-42.377,-22.3651],[-42.377,-22.365]]]}},{"type":"Feature","properties":{"cod_tema":"AREA_USO_RESTRITO_DECLIVIDADE_25_A_45","cod_imovel":"RJ-3303401-2C3D0ACDC5354B428838F04F3EE24B96","num_area":"5.1582000000000000000000000000000","ind_status":"AT"},"geometry":{"type":"Polygon","coordinates":[[[-42.5921,-22.3121],[-42.5943,-22.3101],[-42.5921,-22.3118],[-42.5921,-22.3121]]]}},{"type":"Feature","properties":{"cod_tema":"AREA_USO_RESTRITO_DECLIVIDADE_25_A_45","cod_imovel":"RJ-3303401-B4E94A7A088B4CCDA874714ACDFA224A","num_area":"8.6403000000000000000000000000000","ind_status":"AT"},"geometry":{"type":"Polygon","coordinates":[[[-42.7074,-22.2785],[-42.7019,-22.279],[-42.7073,-22.2785],[-42.7074,-22.2785]]]}},{"type":"Feature","properties":{"cod_tema":"AREA_USO_RESTRITO_DECLIVIDADE_25_A_45","cod_imovel":"RJ-3303401-1038FAA8C60E42A38210CB75393C106D","num_area":"2.1960000000000000000000000000000","ind_status":"AT"},"geometry":{"type":"Polygon","coordinates":[[[-42.3373,-22.3477],[-42.3369,-22.3448],[-42.3373,-22.3478],[-42.3373,-22.3477]]]}},{"type":"Feature","properties":{"cod_tema":"AREA_USO_RESTRITO_DECLIVIDADE_25_A_45","cod_imovel":"RJ-3303401-D418639B0289471AB1705A0D19D2EDFB","num_area":"4.8299000000000000000000000000000","ind_status":"AT"},"geometry":{"type":"Polygon","coordinates":[[[-42.3834,-22.3531],[-42.3859,-22.3539],[-42.3834,-22.3531],[-42.3834,-22.3531]]]}},{"type":"Feature","properties":{"cod_tema":"AREA_USO_RESTRITO_DECLIVIDADE_25_A_45","cod_imovel":"RJ-3303401-ADF38FD0A95A4D35985E8692DA731169","num_area":"4.4798000000000000000000000000000","ind_status":"AT"},"geometry":{"type":"Polygon","coordinates":[[[-42.4014,-22.37],[-42.4003,-22.3676],[-42.4009,-22.37],[-42.4014,-22.37]]]}},{"type":"Feature","properties":{"cod_tema":"AREA_USO_RESTRITO_DECLIVIDADE_25_A_45","cod_imovel":"RJ-3303401-DB60291CD2DE4777853D9995323A447C","num_area":"7.5645000000000000000000000000000","ind_status":"AT"},"geometry":{"type":"Polygon","coordinates":[[[-42.3346,-22.3014],[-42.3329,-22.2994],[-42.3309,-22.3035],[-42.334,-22.3014],[-42.3346,-22.3014]]]}},{"type":"Feature","properties":{"cod_tema":"AREA_USO_RESTRITO_DECLIVIDADE_25_A_45","cod_imovel":"RJ-3303401-54B26DF070B0444C84E69C2FFD438DF9","num_area":"8.2459000000000000000000000000000","ind_status":"AT"},"geometry":{"type":"Polygon","coordinates":[[[-42.3994,-22.3492],[-42.3998,-22.3467],[-42.3938,-22.348],[-42.399,-22.3492],[-42.3994,-22.3492]]]}},{"type":"Feature","properties":{"cod_tema":"AREA_USO_RESTRITO_DECLIVIDADE_25_A_45","cod_imovel":"RJ-3303401-24D287B4837347D1978CFC61684084E0","num_area":"26.925400000000000000000000000000","ind_status":"AT"},"geometry":{"type":"Polygon","coordinates":[[[-42.4797,-22.3951],[-42.4782,-22.3926],[-42.4714,-22.3935],[-42.4797,-22.3951],[-42.4797,-22.3951]],[[-42.4706,-22.3924],[-42.4778,-22.3915],[-42.4736,-22.3894],[-42.4711,-22.3923],[-42.4706,-22.3924]]]}},{"type":"Feature","properties":{"cod_tema":"AREA_USO_RESTRITO_DECLIVIDADE_25_A_45","cod_imovel":"RJ-3303401-634D470E02AF4713BC3ECB80CBB4C272","num_area":"4.6986000000000000000000000000000","ind_status":"AT"},"geometry":{"type":"Polygon","coordinates":[[[-42.3259,-22.4131],[-42.3223,-22.4129],[-42.3259,-22.4131],[-42.3259,-22.4131]]]}},{"type":"Feature","properties":{"cod_tema":"AREA_USO_RESTRITO_DECLIVIDADE_25_A_45","cod_imovel":"RJ-3303401-977A9EBF7E094ADEACD04C9F583AD5F1","num_area":"3.1038000000000000000000000000000","ind_status":"AT"},"geometry":{"type":"Polygon","coordinates":[[[-42.5074,-22.3544],[-42.5046,-22.3558],[-42.5078,-22.3548],[-42.5074,-22.3544]]]}},{"type":"Feature","properties":{"cod_tema":"AREA_USO_RESTRITO_DECLIVIDADE_25_A_45","cod_imovel":"RJ-3303401-74288D0C27504AAE9D8FA9871A17BF46","num_area":"28.356000000000000000000000000000","ind_status":"AT"},"geometry":{"type":"Polygon","coordinates":[[[-42.4014,-22.3559],[-42.4005,-22.3584],[-42.4058,-22.3605],[-42.4079,-22.3576],[-42.4035,-22.3561],[-42.4051,-22.3537],[-42.4019,-22.3559],[-42.4014,-22.3559]],[[-42.4049,-22.3525],[-42.41,-22.3545],[-42.4054,-22.3518],[-42.4049,-22.3525]]]}},{"type":"Feature","properties":{"cod_tema":"AREA_USO_RESTRITO_DECLIVIDADE_25_A_45","cod_imovel":"RJ-3303401-F54A447A6F274256A24E5F5A332E841E","num_area":"9.1622000000000000000000000000000","ind_status":"AT"},"geometry":{"type":"Polygon","coordinates":[[[-42.444,-22.3438],[-42.4472,-22.3431],[-42.4441,-22.3437],[-42.444,-22.3438]],[[-42.445,-22.3412],[-42.4484,-22.3408],[-42.4437,-22.3395],[-42.4472,-22.3421],[-42.4451,-22.3412],[-42.445,-22.3412]],[[-42.4473,-22.3422],[-42.444,-22.343],[-42.4474,-22.3423],[-42.4473,-22.3422]]]}},{"type":"Feature","properties":{"cod_tema":"AREA_USO_RESTRITO_DECLIVIDADE_25_A_45","cod_imovel":"RJ-3303401-CE5334079D6D401A8AE0C056CD1A5248","num_area":"12.594500000000000000000000000000","ind_status":"AT"},"geometry":{"type":"Polygon","coordinates":[[[-42.4543,-22.4029],[-42.461,-22.4054],[-42.4614,-22.4032],[-42.4547,-22.4031],[-42.4543,-22.4029]]]}},{"type":"Feature","properties":{"cod_tema":"AREA_USO_RESTRITO_DECLIVIDADE_25_A_45","cod_imovel":"RJ-3303401-6B4095D42ED547B5B44D9D352BE5CB9F","num_area":"7.3421000000000000000000000000000","ind_status":"AT"},"geometry":{"type":"Polygon","coordinates":[[[-42.5069,-22.3983],[-42.5035,-22.4001],[-42.5068,-22.3982],[-42.5069,-22.3983]]]}},{"type":"Feature","properties":{"cod_tema":"AREA_USO_RESTRITO_DECLIVIDADE_25_A_45","cod_imovel":"RJ-3303401-1804F8EBFE7942DEAE7AF6F971D989FE","num_area":"15.984100000000000000000000000000","ind_status":"AT"},"geometry":{"type":"Polygon","coordinates":[[[-42.3795,-22.3866],[-42.3757,-22.3795],[-42.3784,-22.3887],[-42.3795,-22.3866],[-42.3795,-22.3866]],[[-42.3783,-22.3859],[-42.3751,-22.3815],[-42.3781,-22.3855],[-42.3783,-22.3859]]]}},{"type":"Feature","properties":{"cod_tema":"AREA_USO_RESTRITO_DECLIVIDADE_25_A_45","cod_imovel":"RJ-3303401-8F8D1AE7A9B940F69E73E86FC1759C02","num_area":"34.205300000000000000000000000000","ind_status":"AT"},"geometry":{"type":"Polygon","coordinates":[[[-42.3677,-22.411],[-42.3689,-22.4094],[-42.3638,-22.4069],[-42.3608,-22.41],[-42.3631,-22.4144],[-42.3677,-22.411],[-42.3677,-22.411]]]}},{"type":"Feature","properties":{"cod_tema":"AREA_USO_RESTRITO_DECLIVIDADE_25_A_45","cod_imovel":"RJ-3303401-01E43EAE3B964E3381B2455FB510363A","num_area":"21.727200000000000000000000000000","ind_status":"AT"},"geometry":{"type":"Polygon","coordinates":[[[-42.342,-22.3313],[-42.3396,-22.3311],[-42.3411,-22.3337],[-42.3448,-22.3324],[-42.3426,-22.3299],[-42.342,-22.3313]],[[-42.343,-22.3353],[-42.3486,-22.3382],[-42.3434,-22.3353],[-42.343,-22.3353]],[[-42.3476,-22.3403],[-42.3496,-22.3389],[-42.3476,-22.3401],[-42.3476,-22.3403]]]}},{"type":"Feature","properties":{"cod_tema":"AREA_USO_RESTRITO_DECLIVIDADE_25_A_45","cod_imovel":"RJ-3303401-B32BF922AABC449DBF41BDE5ECB8B320","num_area":"20.507300000000000000000000000000","ind_status":"AT"},"geometry":{"type":"Polygon","coordinates":[[[-42.4412,-22.3765],[-42.4435,-22.3771],[-42.4434,-22.3743],[-42.4381,-22.3749],[-42.4412,-22.3761],[-42.4412,-22.3765]],[[-42.4372,-22.3711],[-42.4374,-22.3738],[-42.4424,-22.3733],[-42.4374,-22.3711],[-42.4372,-22.3711]]]}},{"type":"Feature","properties":{"cod_tema":"AREA_USO_RESTRITO_DECLIVIDADE_25_A_45","cod_imovel":"RJ-3303401-797FA2448F8545B7984C423FE41D596A","num_area":"3.7565000000000000000000000000000","ind_status":"AT"},"geometry":{"type":"Polygon","coordinates":[[[-42.4546,-22.4061],[-42.4504,-22.4043],[-42.4546,-22.4061],[-42.4546,-22.4061]]]}},{"type":"Feature","properties":{"cod_tema":"AREA_USO_RESTRITO_DECLIVIDADE_25_A_45","cod_imovel":"RJ-3303401-96E275E9F07A4A35B3B83254E553F5CE","num_area":"4.1583000000000000000000000000000","ind_status":"AT"},"geometry":{"type":"Polygon","coordinates":[[[-42.4408,-22.4086],[-42.4424,-22.4071],[-42.4408,-22.4086],[-42.4408,-22.4086]]]}},{"type":"Feature","properties":{"cod_tema":"AREA_USO_RESTRITO_DECLIVIDADE_25_A_45","cod_imovel":"RJ-3303401-941E699C59344F09B380FB179108F82C","num_area":"134.87320000000000000000000000000","ind_status":"AT"},"geometry":{"type":"Polygon","coordinates":[[[-42.282,-22.3362],[-42.2738,-22.339],[-42.2721,-22.3354],[-42.2622,-22.3427],[-42.2688,-22.3426],[-42.2669,-22.3469],[-42.2702,-22.3428],[-42.2715,-22.3456],[-42.2672,-22.3475],[-42.2721,-22.3481],[-42.2829,-22.3439],[-42.2773,-22.3418],[-42.2743,-22.345],[-42.2696,-22.3413],[-42.2833,-22.3392],[-42.2861,-22.3336],[-42.282,-22.3362],[-42.282,-22.3362]],[[-42.2835,-22.3435],[-42.2888,-22.3376],[-42.2818,-22.3398],[-42.283,-22.3435],[-42.2835,-22.3435]],[[-42.2886,-22.3326],[-42.2869,-22.3342],[-42.2891,-22.3326],[-42.2886,-22.3326]],[[-42.2905,-22.3343],[-42.2895,-22.3361],[-42.2909,-22.3346],[-42.2905,-22.3343]]]}},{"type":"Feature","properties":{"cod_tema":"AREA_USO_RESTRITO_DECLIVIDADE_25_A_45","cod_imovel":"RJ-3303401-9DEA30F46C7B44EA9507B364DE54831C","num_area":"3.4752000000000000000000000000000","ind_status":"AT"},"geometry":{"type":"Polygon","coordinates":[[[-42.3653,-22.389],[-42.3683,-22.3905],[-42.3658,-22.3883],[-42.3653,-22.389]]]}},{"type":"Feature","properties":{"cod_tema":"AREA_USO_RESTRITO_DECLIVIDADE_25_A_45","cod_imovel":"RJ-3303401-99195357BDCC4A44BEB76B2FC58711FE","num_area":"9.1008000000000000000000000000000","ind_status":"AT"},"geometry":{"type":"Polygon","coordinates":[[[-42.3724,-22.3919],[-42.3741,-22.3871],[-42.3704,-22.3832],[-42.3708,-22.3893],[-42.3708,-22.3838],[-42.3735,-22.3871],[-42.3722,-22.392],[-42.3724,-22.3919]]]}},{"type":"Feature","properties":{"cod_tema":"AREA_USO_RESTRITO_DECLIVIDADE_25_A_45","cod_imovel":"RJ-3303401-0987FD96E22241D3B1DFD262839958F6","num_area":"7.1184000000000000000000000000000","ind_status":"AT"},"geometry":{"type":"Polygon","coordinates":[[[-42.5782,-22.226],[-42.5756,-22.2223],[-42.5781,-22.226],[-42.5782,-22.226]],[[-42.5762,-22.2187],[-42.5766,-22.2213],[-42.5763,-22.2187],[-42.5762,-22.2187]]]}},{"type":"Feature","properties":{"cod_tema":"AREA_USO_RESTRITO_DECLIVIDADE_25_A_45","cod_imovel":"RJ-3303401-1B023734416A46A6BE523EA6D783470F","num_area":"19.084100000000000000000000000000","ind_status":"AT"},"geometry":{"type":"Polygon","coordinates":[[[-42.5737,-22.2235],[-42.5724,-22.2258],[-42.5738,-22.2235],[-42.5737,-22.2235]],[[-42.5791,-22.2311],[-42.581,-22.2298],[-42.5746,-22.2242],[-42.5791,-22.231],[-42.5791,-22.2311]]]}},{"type":"Feature","properties":{"cod_tema":"AREA_USO_RESTRITO_DECLIVIDADE_25_A_45","cod_imovel":"RJ-3303401-84E4BE27EFFC4ADEBD9B72694C1CF1D4","num_area":"15.879400000000000000000000000000","ind_status":"AT"},"geometry":{"type":"Polygon","coordinates":[[[-42.5734,-22.223],[-42.5805,-22.2294],[-42.5734,-22.223],[-42.5734,-22.223]],[[-42.5782,-22.2257],[-42.5821,-22.2292],[-42.5782,-22.2246],[-42.5782,-22.2257]]]}},{"type":"Feature","properties":{"cod_tema":"AREA_USO_RESTRITO_DECLIVIDADE_25_A_45","cod_imovel":"RJ-3303401-0F3688F5D88B4524847141FDF7439D58","num_area":"6.1959000000000000000000000000000","ind_status":"AT"},"geometry":{"type":"Polygon","coordinates":[[[-42.3184,-22.3243],[-42.3222,-22.3265],[-42.3185,-22.3243],[-42.3184,-22.3243]]]}},{"type":"Feature","properties":{"cod_tema":"AREA_USO_RESTRITO_DECLIVIDADE_25_A_45","cod_imovel":"RJ-3303401-3C1F122E06E9421A87F28F998BD75624","num_area":"34.430700000000000000000000000000","ind_status":"AT"},"geometry":{"type":"Polygon","coordinates":[[[-42.5526,-22.2064],[-42.5493,-22.2056],[-42.5516,-22.2065],[-42.5526,-22.2064]],[[-42.548,-22.2028],[-42.5447,-22.203],[-42.5448,-22.2057],[-42.5471,-22.2036],[-42.548,-22.2028]],[[-42.5538,-22.2086],[-42.5555,-22.206],[-42.5522,-22.209],[-42.5538,-22.2086]],[[-42.5576,-22.2008],[-42.5513,-22.203],[-42.5591,-22.2032],[-42.5603,-22.1988],[-42.5576,-22.2008]]]}},{"type":"Feature","properties":{"cod_tema":"AREA_USO_RESTRITO_DECLIVIDADE_25_A_45","cod_imovel":"RJ-3303401-60E3730FA9E440D086D88CB1E6346890","num_area":"4.6856000000000000000000000000000","ind_status":"AT"},"geometry":{"type":"Polygon","coordinates":[[[-42.4247,-22.3695],[-42.4239,-22.3724],[-42.4254,-22.3688],[-42.4247,-22.3695]]]}},{"type":"Feature","properties":{"cod_tema":"AREA_USO_RESTRITO_DECLIVIDADE_25_A_45","cod_imovel":"RJ-3303401-D5DA9A6580304D56B7B5BF9384B8ED23","num_area":"3.6684000000000000000000000000000","ind_status":"AT"},"geometry":{"type":"Polygon","coordinates":[[[-42.3468,-22.4049],[-42.3503,-22.4028],[-42.3472,-22.4044],[-42.3468,-22.4049]]]}},{"type":"Feature","properties":{"cod_tema":"AREA_USO_RESTRITO_DECLIVIDADE_25_A_45","cod_imovel":"RJ-3303401-C29D34DAB6CA40FA8A139878B11F23EA","num_area":"11.434800000000000000000000000000","ind_status":"AT"},"geometry":{"type":"Polygon","coordinates":[[[-42.5714,-22.2278],[-42.5697,-22.23],[-42.5714,-22.2278],[-42.5714,-22.2278]],[[-42.5682,-22.2333],[-42.5696,-22.2352],[-42.5728,-22.2309],[-42.5682,-22.2333],[-42.5682,-22.2333]]]}},{"type":"Feature","properties":{"cod_tema":"AREA_USO_RESTRITO_DECLIVIDADE_25_A_45","cod_imovel":"RJ-3303401-30B3352841824C1784930A7F52497496","num_area":"7.9712000000000000000000000000000","ind_status":"AT"},"geometry":{"type":"Polygon","coordinates":[[[-42.3206,-22.3374],[-42.3179,-22.3393],[-42.3205,-22.3407],[-42.3201,-22.3383],[-42.3206,-22.3374]]]}},{"type":"Feature","properties":{"cod_tema":"AREA_USO_RESTRITO_DECLIVIDADE_25_A_45","cod_imovel":"RJ-3303401-DB956F26D57144C596634F0103D58BE4","num_area":"3.2066000000000000000000000000000","ind_status":"AT"},"geometry":{"type":"Polygon","coordinates":[[[-42.5228,-22.4158],[-42.5248,-22.4174],[-42.5233,-22.4155],[-42.5228,-22.4158]]]}},{"type":"Feature","properties":{"cod_tema":"AREA_USO_RESTRITO_DECLIVIDADE_25_A_45","cod_imovel":"RJ-3303401-0D14BD63F01A4CF7878C7B3BF3002F76","num_area":"15.689400000000000000000000000000","ind_status":"AT"},"geometry":{"type":"Polygon","coordinates":[[[-42.3608,-22.3785],[-42.3574,-22.3755],[-42.354,-22.3774],[-42.3595,-22.3805],[-42.361,-22.3786],[-42.3608,-22.3785]]]}},{"type":"Feature","properties":{"cod_tema":"AREA_USO_RESTRITO_DECLIVIDADE_25_A_45","cod_imovel":"RJ-3303401-8D59C01FD21244ABB00DB8453E566C09","num_area":"6.5607000000000000000000000000000","ind_status":"AT"},"geometry":{"type":"Polygon","coordinates":[[[-42.3139,-22.3263],[-42.3184,-22.3265],[-42.3141,-22.3263],[-42.3139,-22.3263]]]}},{"type":"Feature","properties":{"cod_tema":"AREA_USO_RESTRITO_DECLIVIDADE_25_A_45","cod_imovel":"RJ-3303401-08A20468A0354DF7B8142EED5246414C","num_area":"16.799600000000000000000000000000","ind_status":"AT"},"geometry":{"type":"Polygon","coordinates":[[[-42.6946,-22.3451],[-42.6942,-22.3413],[-42.6898,-22.3412],[-42.6894,-22.3438],[-42.6946,-22.3451],[-42.6946,-22.3451]]]}},{"type":"Feature","properties":{"cod_tema":"AREA_USO_RESTRITO_DECLIVIDADE_25_A_45","cod_imovel":"RJ-3303401-2370DE88E9A94B56935E0A6665A1C5F5","num_area":"4.6699000000000000000000000000000","ind_status":"AT"},"geometry":{"type":"Polygon","coordinates":[[[-42.304,-22.3373],[-42.306,-22.3355],[-42.3014,-22.3368],[-42.3039,-22.3374],[-42.304,-22.3373]]]}},{"type":"Feature","properties":{"cod_tema":"AREA_USO_RESTRITO_DECLIVIDADE_25_A_45","cod_imovel":"RJ-3303401-984D6B63260244BCB513631442EC91AD","num_area":"14.266600000000000000000000000000","ind_status":"AT"},"geometry":{"type":"Polygon","coordinates":[[[-42.301,-22.3149],[-42.3047,-22.3132],[-42.301,-22.3117],[-42.301,-22.3149],[-42.301,-22.3149]],[[-42.3035,-22.3158],[-42.3057,-22.3135],[-42.3035,-22.3153],[-42.3035,-22.3158]],[[-42.3035,-22.3161],[-42.3058,-22.3137],[-42.3035,-22.3159],[-42.3035,-22.3161]]]}},{"type":"Feature","properties":{"cod_tema":"AREA_USO_RESTRITO_DECLIVIDADE_25_A_45","cod_imovel":"RJ-3303401-4D3A61F4217045E2884DC65F5FFF6ACD","num_area":"10.329400000000000000000000000000","ind_status":"AT"},"geometry":{"type":"Polygon","coordinates":[[[-42.4883,-22.4054],[-42.4862,-22.4028],[-42.4837,-22.4067],[-42.4883,-22.4054],[-42.4883,-22.4054]]]}},{"type":"Feature","properties":{"cod_tema":"AREA_USO_RESTRITO_DECLIVIDADE_25_A_45","cod_imovel":"RJ-3303401-EEA81A0677DB49AAA911B167AEB502EC","num_area":"8.9643000000000000000000000000000","ind_status":"AT"},"geometry":{"type":"Polygon","coordinates":[[[-42.2661,-22.3102],[-42.265,-22.3126],[-42.2696,-22.3087],[-42.2661,-22.3102]]]}},{"type":"Feature","properties":{"cod_tema":"AREA_USO_RESTRITO_DECLIVIDADE_25_A_45","cod_imovel":"RJ-3303401-6CDB66BD5C3B407196DE3064F63FA5F7","num_area":"43.495200000000000000000000000000","ind_status":"AT"},"geometry":{"type":"Polygon","coordinates":[[[-42.6052,-22.3424],[-42.6034,-22.3449],[-42.6075,-22.3476],[-42.6092,-22.3449],[-42.6067,-22.3417],[-42.6052,-22.3424]],[[-42.6067,-22.3515],[-42.6024,-22.3512],[-42.6074,-22.3522],[-42.6067,-22.3515]],[[-42.6068,-22.3494],[-42.6005,-22.3458],[-42.6057,-22.3495],[-42.6068,-22.3494]]]}},{"type":"Feature","properties":{"cod_tema":"AREA_USO_RESTRITO_DECLIVIDADE_25_A_45","cod_imovel":"RJ-3303401-ED7802E8952343678F2CA1E64813C61C","num_area":"8.0679000000000000000000000000000","ind_status":"AT"},"geometry":{"type":"Polygon","coordinates":[[[-42.3509,-22.3437],[-42.3489,-22.3425],[-42.3506,-22.3436],[-42.3509,-22.3437]],[[-42.3507,-22.3459],[-42.3487,-22.3441],[-42.3507,-22.3459],[-42.3507,-22.3459]]]}},{"type":"Feature","properties":{"cod_tema":"AREA_USO_RESTRITO_DECLIVIDADE_25_A_45","cod_imovel":"RJ-3303401-9FB75CDBA5F94AFAB5BE70B71BBB9731","num_area":"7.7366000000000000000000000000000","ind_status":"AT"},"geometry":{"type":"Polygon","coordinates":[[[-42.5139,-22.4022],[-42.518,-22.3996],[-42.5139,-22.4021],[-42.5139,-22.4022]],[[-42.5122,-22.4064],[-42.5172,-22.407],[-42.5122,-22.4063],[-42.5122,-22.4064]]]}},{"type":"Feature","properties":{"cod_tema":"AREA_USO_RESTRITO_DECLIVIDADE_25_A_45","cod_imovel":"RJ-3303401-A4F219C29D1D4FBA9E8BDC2F5E64C722","num_area":"6.0042000000000000000000000000000","ind_status":"AT"},"geometry":{"type":"Polygon","coordinates":[[[-42.6091,-22.2425],[-42.6079,-22.2402],[-42.6088,-22.2426],[-42.6091,-22.2425]]]}},{"type":"Feature","properties":{"cod_tema":"AREA_USO_RESTRITO_DECLIVIDADE_25_A_45","cod_imovel":"RJ-3303401-06D6175DE7AC4FCF966F2E731DB0D6BB","num_area":"69.717300000000000000000000000000","ind_status":"AT"},"geometry":{"type":"Polygon","coordinates":[[[-42.6117,-22.363],[-42.6142,-22.3581],[-42.61,-22.3619],[-42.6117,-22.363]],[[-42.6172,-22.3552],[-42.6077,-22.3563],[-42.6042,-22.3609],[-42.6069,-22.3606],[-42.6172,-22.3552]],[[-42.6215,-22.353],[-42.6072,-22.3606],[-42.6218,-22.3559],[-42.6218,-22.3528],[-42.6215,-22.353]]]}},{"type":"Feature","properties":{"cod_tema":"AREA_USO_RESTRITO_DECLIVIDADE_25_A_45","cod_imovel":"RJ-3303401-50DF8ED44DAC48758BE1E401C632F112","num_area":"1.7074000000000000000000000000000","ind_status":"AT"},"geometry":{"type":"Polygon","coordinates":[[[-42.6523,-22.3604],[-42.6546,-22.3603],[-42.652,-22.3599],[-42.6523,-22.3604]]]}},{"type":"Feature","properties":{"cod_tema":"AREA_USO_RESTRITO_DECLIVIDADE_25_A_45","cod_imovel":"RJ-3303401-978805EA14D34CAABB65722CD22CC48B","num_area":"10.407200000000000000000000000000","ind_status":"AT"},"geometry":{"type":"Polygon","coordinates":[[[-42.4883,-22.1891],[-42.4851,-22.1907],[-42.4901,-22.1908],[-42.4883,-22.1891]]]}},{"type":"Feature","properties":{"cod_tema":"AREA_USO_RESTRITO_DECLIVIDADE_25_A_45","cod_imovel":"RJ-3303401-F24BDE51BBD2417FA77271B93E5C21B5","num_area":"3.7491000000000000000000000000000","ind_status":"AT"},"geometry":{"type":"Polygon","coordinates":[[[-42.5874,-22.1943],[-42.5909,-22.1929],[-42.5873,-22.1943],[-42.5874,-22.1943]]]}},{"type":"Feature","properties":{"cod_tema":"AREA_USO_RESTRITO_DECLIVIDADE_25_A_45","cod_imovel":"RJ-3303401-FB11A77E57A34D10B9C8F28F1F774C18","num_area":"2.8334000000000000000000000000000","ind_status":"PE"},"geometry":{"type":"Polygon","coordinates":[[[-42.3035,-22.3187],[-42.3011,-22.3205],[-42.3035,-22.3187],[-42.3035,-22.3187]]]}},{"type":"Feature","properties":{"cod_tema":"AREA_USO_RESTRITO_DECLIVIDADE_25_A_45","cod_imovel":"RJ-3303401-672F38D2C00442CAB0EAA33BE26368EE","num_area":"11.799200000000000000000000000000","ind_status":"AT"},"geometry":{"type":"Polygon","coordinates":[[[-42.5539,-22.2084],[-42.5576,-22.2059],[-42.5543,-22.2079],[-42.5539,-22.2084]],[[-42.5627,-22.208],[-42.5578,-22.21],[-42.5603,-22.2096],[-42.5627,-22.208]]]}},{"type":"Feature","properties":{"cod_tema":"AREA_USO_RESTRITO_DECLIVIDADE_25_A_45","cod_imovel":"RJ-3303401-379E8B2624AE4A8C9134F782648A0C12","num_area":"11.542300000000000000000000000000","ind_status":"AT"},"geometry":{"type":"Polygon","coordinates":[[[-42.4243,-22.4272],[-42.4262,-22.4284],[-42.4258,-22.4232],[-42.4243,-22.4272]]]}},{"type":"Feature","properties":{"cod_tema":"AREA_USO_RESTRITO_DECLIVIDADE_25_A_45","cod_imovel":"RJ-3303401-01238AAA3DCA491DABF21AD413235CD7","num_area":"4.8300000000000000000000000000000","ind_status":"AT"},"geometry":{"type":"Polygon","coordinates":[[[-42.5282,-22.1904],[-42.5311,-22.1874],[-42.5281,-22.1902],[-42.5282,-22.1904]]]}},{"type":"Feature","properties":{"cod_tema":"AREA_USO_RESTRITO_DECLIVIDADE_25_A_45","cod_imovel":"RJ-3303401-C10199BBB4DE4D88831AA9FA99BB2014","num_area":"9.4894000000000000000000000000000","ind_status":"AT"},"geometry":{"type":"Polygon","coordinates":[[[-42.606,-22.3528],[-42.6012,-22.3517],[-42.6008,-22.3552],[-42.606,-22.3528],[-42.606,-22.3528]]]}},{"type":"Feature","properties":{"cod_tema":"AREA_USO_RESTRITO_DECLIVIDADE_25_A_45","cod_imovel":"RJ-3303401-05D8224B9E8B421B97321DD102718061","num_area":"3.9324000000000000000000000000000","ind_status":"AT"},"geometry":{"type":"Polygon","coordinates":[[[-42.4953,-22.2586],[-42.4984,-22.2593],[-42.4957,-22.2586],[-42.4953,-22.2586]]]}},{"type":"Feature","properties":{"cod_tema":"AREA_USO_RESTRITO_DECLIVIDADE_25_A_45","cod_imovel":"RJ-3303401-EBF4178AEC274B36BC7A31898EDD2940","num_area":"1.9516000000000000000000000000000","ind_status":"AT"},"geometry":{"type":"Polygon","coordinates":[[[-42.6341,-22.3633],[-42.6362,-22.3617],[-42.6342,-22.363],[-42.6341,-22.3633]]]}},{"type":"Feature","properties":{"cod_tema":"AREA_USO_RESTRITO_DECLIVIDADE_25_A_45","cod_imovel":"RJ-3303401-9875ABEF10644F6EA3D8B4B2B7C77C13","num_area":"12.795300000000000000000000000000","ind_status":"AT"},"geometry":{"type":"Polygon","coordinates":[[[-42.4067,-22.4015],[-42.4037,-22.4012],[-42.4038,-22.4061],[-42.4062,-22.4033],[-42.4073,-22.4054],[-42.4065,-22.4018],[-42.4067,-22.4015]]]}},{"type":"Feature","properties":{"cod_tema":"AREA_USO_RESTRITO_DECLIVIDADE_25_A_45","cod_imovel":"RJ-3303401-7DABDE993AC34514969DDD6A0307708E","num_area":"1.7837000000000000000000000000000","ind_status":"CA"},"geometry":{"type":"Polygon","coordinates":[[[-42.385,-22.3303],[-42.3858,-22.3335],[-42.3852,-22.3304],[-42.385,-22.3303]]]}},{"type":"Feature","properties":{"cod_tema":"AREA_USO_RESTRITO_DECLIVIDADE_25_A_45","cod_imovel":"RJ-3303401-3F4C2F780C7E4CE28C55DEE9AFA32000","num_area":"10.638600000000000000000000000000","ind_status":"AT"},"geometry":{"type":"Polygon","coordinates":[[[-42.5829,-22.2702],[-42.5812,-22.2662],[-42.579,-22.2668],[-42.5819,-22.2688],[-42.5776,-22.2694],[-42.5824,-22.2702],[-42.5829,-22.2702]]]}},{"type":"Feature","properties":{"cod_tema":"AREA_USO_RESTRITO_DECLIVIDADE_25_A_45","cod_imovel":"RJ-3303401-4E97851E8E594202B94A1C37B565E1D7","num_area":"9.1767000000000000000000000000000","ind_status":"AT"},"geometry":{"type":"Polygon","coordinates":[[[-42.2997,-22.324],[-42.2991,-22.3207],[-42.2932,-22.3222],[-42.2992,-22.3244],[-42.2997,-22.324]]]}},{"type":"Feature","properties":{"cod_tema":"AREA_USO_RESTRITO_DECLIVIDADE_25_A_45","cod_imovel":"RJ-3303401-F000C5FD45024FE6A9CE86648BA9E0C6","num_area":"4.2003000000000000000000000000000","ind_status":"AT"},"geometry":{"type":"Polygon","coordinates":[[[-42.5083,-22.3995],[-42.5051,-22.4012],[-42.5083,-22.3994],[-42.5083,-22.3995]]]}},{"type":"Feature","properties":{"cod_tema":"AREA_USO_RESTRITO_DECLIVIDADE_25_A_45","cod_imovel":"RJ-3303401-2BDFEB2380304F70A0C3F4178E1FF948","num_area":"4.4375000000000000000000000000000","ind_status":"AT"},"geometry":{"type":"Polygon","coordinates":[[[-42.6544,-22.2791],[-42.6566,-22.281],[-42.6542,-22.2788],[-42.6544,-22.2791]]]}},{"type":"Feature","properties":{"cod_tema":"AREA_USO_RESTRITO_DECLIVIDADE_25_A_45","cod_imovel":"RJ-3303401-D52828A4ECC84A28ADCB8C3E9BC9BFE1","num_area":"2.2307000000000000000000000000000","ind_status":"AT"},"geometry":{"type":"Polygon","coordinates":[[[-42.5998,-22.3141],[-42.5995,-22.3165],[-42.5998,-22.3139],[-42.5998,-22.3141]]]}},{"type":"Feature","properties":{"cod_tema":"AREA_USO_RESTRITO_DECLIVIDADE_25_A_45","cod_imovel":"RJ-3303401-3F5FA9889E1240438AA6A1AFD606099E","num_area":"2.5761000000000000000000000000000","ind_status":"AT"},"geometry":{"type":"Polygon","coordinates":[[[-42.3873,-22.373],[-42.3868,-22.371],[-42.3873,-22.373],[-42.3873,-22.373]]]}},{"type":"Feature","properties":{"cod_tema":"AREA_USO_RESTRITO_DECLIVIDADE_25_A_45","cod_imovel":"RJ-3303401-40F9C5CF70104027ACB01932666AAB1D","num_area":"10.899900000000000000000000000000","ind_status":"AT"},"geometry":{"type":"Polygon","coordinates":[[[-42.3489,-22.4102],[-42.3465,-22.408],[-42.3448,-22.4107],[-42.3473,-22.4128],[-42.3489,-22.4102],[-42.3489,-22.4102]]]}},{"type":"Feature","properties":{"cod_tema":"AREA_USO_RESTRITO_DECLIVIDADE_25_A_45","cod_imovel":"RJ-3303401-042C6666D6574549ACAA606B5BD04C26","num_area":"22.260600000000000000000000000000","ind_status":"AT"},"geometry":{"type":"Polygon","coordinates":[[[-42.3234,-22.3775],[-42.3168,-22.3729],[-42.3134,-22.3779],[-42.3152,-22.3792],[-42.3167,-22.3739],[-42.3172,-22.3767],[-42.3234,-22.3775],[-42.3234,-22.3775]]]}},{"type":"Feature","properties":{"cod_tema":"AREA_USO_RESTRITO_DECLIVIDADE_25_A_45","cod_imovel":"RJ-3303401-49551228050F40F8B3E238CD2EA5D993","num_area":"9.5473000000000000000000000000000","ind_status":"AT"},"geometry":{"type":"Polygon","coordinates":[[[-42.3367,-22.3272],[-42.338,-22.3291],[-42.337,-22.3271],[-42.3367,-22.3272]],[[-42.3378,-22.3217],[-42.3357,-22.3197],[-42.3343,-22.3233],[-42.3378,-22.3217],[-42.3378,-22.3217]]]}},{"type":"Feature","properties":{"cod_tema":"AREA_USO_RESTRITO_DECLIVIDADE_25_A_45","cod_imovel":"RJ-3303401-95DE201398B440678293E844BCAA1B22","num_area":"5.5418000000000000000000000000000","ind_status":"AT"},"geometry":{"type":"Polygon","coordinates":[[[-42.6926,-22.299],[-42.6908,-22.3025],[-42.6926,-22.2998],[-42.6926,-22.299]]]}},{"type":"Feature","properties":{"cod_tema":"AREA_USO_RESTRITO_DECLIVIDADE_25_A_45","cod_imovel":"RJ-3303401-C4C2E121AE2C495EA202F0A3C10E0832","num_area":"4.7591000000000000000000000000000","ind_status":"AT"},"geometry":{"type":"Polygon","coordinates":[[[-42.4544,-22.3357],[-42.4504,-22.3334],[-42.4544,-22.3357],[-42.4544,-22.3357]]]}},{"type":"Feature","properties":{"cod_tema":"AREA_USO_RESTRITO_DECLIVIDADE_25_A_45","cod_imovel":"RJ-3303401-9FD942F6E10F45C0B21F978DD4E7E996","num_area":"9.9283000000000000000000000000000","ind_status":"AT"},"geometry":{"type":"Polygon","coordinates":[[[-42.3544,-22.375],[-42.351,-22.3723],[-42.3538,-22.3755],[-42.3544,-22.375]],[[-42.3535,-22.3758],[-42.3507,-22.3731],[-42.3529,-22.3762],[-42.3535,-22.3758]]]}},{"type":"Feature","properties":{"cod_tema":"AREA_USO_RESTRITO_DECLIVIDADE_25_A_45","cod_imovel":"RJ-3303401-C7CDC38D731F425FBD4D37638AA7B734","num_area":"2.1048000000000000000000000000000","ind_status":"AT"},"geometry":{"type":"Polygon","coordinates":[[[-42.7059,-22.2649],[-42.7084,-22.2665],[-42.7059,-22.2647],[-42.7059,-22.2649]]]}},{"type":"Feature","properties":{"cod_tema":"AREA_USO_RESTRITO_DECLIVIDADE_25_A_45","cod_imovel":"RJ-3303401-C352CF2EA440479EBB0C745FD7777025","num_area":"11.961600000000000000000000000000","ind_status":"AT"},"geometry":{"type":"Polygon","coordinates":[[[-42.324,-22.3743],[-42.3167,-22.3725],[-42.3238,-22.3768],[-42.3239,-22.3743],[-42.324,-22.3743]]]}},{"type":"Feature","properties":{"cod_tema":"AREA_USO_RESTRITO_DECLIVIDADE_25_A_45","cod_imovel":"RJ-3303401-27D5345078F84874BB0E93AEA13F6CD8","num_area":"15.597500000000000000000000000000","ind_status":"AT"},"geometry":{"type":"Polygon","coordinates":[[[-42.6594,-22.2692],[-42.6552,-22.2665],[-42.6558,-22.2717],[-42.6533,-22.2688],[-42.6497,-22.2725],[-42.6529,-22.2693],[-42.6569,-22.2723],[-42.6553,-22.2673],[-42.6583,-22.2695],[-42.6594,-22.2692]]]}},{"type":"Feature","properties":{"cod_tema":"AREA_USO_RESTRITO_DECLIVIDADE_25_A_45","cod_imovel":"RJ-3303401-70E15441C41F411FAEEE2626AF0E29D8","num_area":"28.945100000000000000000000000000","ind_status":"AT"},"geometry":{"type":"Polygon","coordinates":[[[-42.6469,-22.3406],[-42.6424,-22.3358],[-42.6398,-22.3372],[-42.6422,-22.3409],[-42.6468,-22.3411],[-42.6469,-22.3406]]]}},{"type":"Feature","properties":{"cod_tema":"AREA_USO_RESTRITO_DECLIVIDADE_25_A_45","cod_imovel":"RJ-3303401-06CD1902BA0341C29B3AD4C468BA4FA3","num_area":"3.2423000000000000000000000000000","ind_status":"AT"},"geometry":{"type":"Polygon","coordinates":[[[-42.3152,-22.3177],[-42.3191,-22.3207],[-42.3158,-22.3181],[-42.3152,-22.3177]]]}},{"type":"Feature","properties":{"cod_tema":"AREA_USO_RESTRITO_DECLIVIDADE_25_A_45","cod_imovel":"RJ-3303401-E52E1C3F03E64533BE87AEB4DD29B430","num_area":"5.1017000000000000000000000000000","ind_status":"AT"},"geometry":{"type":"Polygon","coordinates":[[[-42.323,-22.3958],[-42.3253,-22.3968],[-42.324,-22.3938],[-42.323,-22.3956],[-42.323,-22.3958]]]}},{"type":"Feature","properties":{"cod_tema":"AREA_USO_RESTRITO_DECLIVIDADE_25_A_45","cod_imovel":"RJ-3303401-4AF70AB059354B44BF2EC566A0F1D768","num_area":"11.423300000000000000000000000000","ind_status":"AT"},"geometry":{"type":"Polygon","coordinates":[[[-42.4716,-22.4304],[-42.4696,-22.4309],[-42.4723,-22.4308],[-42.4716,-22.4304]],[[-42.4661,-22.4305],[-42.4717,-22.4287],[-42.4696,-22.4277],[-42.4661,-22.4305]]]}},{"type":"Feature","properties":{"cod_tema":"AREA_USO_RESTRITO_DECLIVIDADE_25_A_45","cod_imovel":"RJ-3303401-5015BAA8B17644EB8BF0CAD57B11CCE6","num_area":"2.8608000000000000000000000000000","ind_status":"AT"},"geometry":{"type":"Polygon","coordinates":[[[-42.5193,-22.4112],[-42.5169,-22.412],[-42.519,-22.4114],[-42.5193,-22.4112]]]}},{"type":"Feature","properties":{"cod_tema":"AREA_USO_RESTRITO_DECLIVIDADE_25_A_45","cod_imovel":"RJ-3303401-C75BD7127DB34E6F9486CCD27BEDCC7D","num_area":"5.5550000000000000000000000000000","ind_status":"AT"},"geometry":{"type":"Polygon","coordinates":[[[-42.4585,-22.3169],[-42.4555,-22.319],[-42.4597,-22.319],[-42.4594,-22.3166],[-42.4566,-22.3181],[-42.4594,-22.3166],[-42.4585,-22.3169]]]}},{"type":"Feature","properties":{"cod_tema":"AREA_USO_RESTRITO_DECLIVIDADE_25_A_45","cod_imovel":"RJ-3303401-8A61FA6F38D14A2DBE9331581F9E7897","num_area":"1.6333000000000000000000000000000","ind_status":"AT"},"geometry":{"type":"Polygon","coordinates":[[[-42.2897,-22.3081],[-42.2937,-22.3067],[-42.2897,-22.3076],[-42.2897,-22.3081]]]}},{"type":"Feature","properties":{"cod_tema":"AREA_USO_RESTRITO_DECLIVIDADE_25_A_45","cod_imovel":"RJ-3303401-FE103E42EF744AFEB82C89C9F78D08C3","num_area":"10.546200000000000000000000000000","ind_status":"AT"},"geometry":{"type":"Polygon","coordinates":[[[-42.3365,-22.3949],[-42.3331,-22.3944],[-42.3364,-22.3951],[-42.3365,-22.3949]],[[-42.3336,-22.3947],[-42.3362,-22.3945],[-42.3344,-22.3917],[-42.3333,-22.3944],[-42.3336,-22.3947]]]}},{"type":"Feature","properties":{"cod_tema":"AREA_USO_RESTRITO_DECLIVIDADE_25_A_45","cod_imovel":"RJ-3303401-E52E1AADF8414A229C2C43DA1E52EFB1","num_area":"6.4800000000000000000000000000000","ind_status":"AT"},"geometry":{"type":"Polygon","coordinates":[[[-42.3302,-22.3888],[-42.3335,-22.3909],[-42.3302,-22.3888],[-42.3302,-22.3888]]]}},{"type":"Feature","properties":{"cod_tema":"AREA_USO_RESTRITO_DECLIVIDADE_25_A_45","cod_imovel":"RJ-3303401-9E0A86EF680A48DEB57849FC71E60983","num_area":"4.6242000000000000000000000000000","ind_status":"AT"},"geometry":{"type":"Polygon","coordinates":[[[-42.6471,-22.2466],[-42.648,-22.2424],[-42.647,-22.2464],[-42.6471,-22.2466]]]}},{"type":"Feature","properties":{"cod_tema":"AREA_USO_RESTRITO_DECLIVIDADE_25_A_45","cod_imovel":"RJ-3303401-54F9AFAE592A42E7947DA8A5C1605462","num_area":"23.395400000000000000000000000000","ind_status":"AT"},"geometry":{"type":"Polygon","coordinates":[[[-42.316,-22.4104],[-42.3137,-22.4082],[-42.3058,-22.4142],[-42.3159,-22.4106],[-42.316,-22.4104]],[[-42.3125,-22.409],[-42.3104,-22.4106],[-42.3125,-22.4091],[-42.3125,-22.409]]]}},{"type":"Feature","properties":{"cod_tema":"AREA_USO_RESTRITO_DECLIVIDADE_25_A_45","cod_imovel":"RJ-3303401-F34E58014C544E1282BADA98D0F28876","num_area":"90.325700000000000000000000000000","ind_status":"AT"},"geometry":{"type":"Polygon","coordinates":[[[-42.6252,-22.2884],[-42.6304,-22.294],[-42.628,-22.2895],[-42.6312,-22.2904],[-42.629,-22.2879],[-42.6346,-22.2867],[-42.6252,-22.288],[-42.6252,-22.2884]],[[-42.6291,-22.2842],[-42.6319,-22.2848],[-42.6285,-22.284],[-42.6291,-22.2842]],[[-42.6375,-22.2793],[-42.6369,-22.2771],[-42.6314,-22.2777],[-42.6287,-22.2824],[-42.6375,-22.2793],[-42.6375,-22.2793]],[[-42.6337,-22.2778],[-42.6323,-22.2795],[-42.6335,-22.2774],[-42.6337,-22.2778]],[[-42.6351,-22.2799],[-42.6328,-22.2803],[-42.635,-22.2795],[-42.6351,-22.2799]],[[-42.6369,-22.2896],[-42.6337,-22.2923],[-42.6371,-22.2899],[-42.6369,-22.2896]],[[-42.6381,-22.2864],[-42.6352,-22.283],[-42.6378,-22.2864],[-42.6381,-22.2864]],[[-42.6424,-22.2853],[-42.636,-22.2822],[-42.6424,-22.2853],[-42.6424,-22.2853]],[[-42.6414,-22.2907],[-42.6435,-22.2893],[-42.6414,-22.2907],[-42.6414,-22.2907]],[[-42.6462,-22.2883],[-42.6422,-22.2874],[-42.646,-22.2879],[-42.6462,-22.2883]]]}},{"type":"Feature","properties":{"cod_tema":"AREA_USO_RESTRITO_DECLIVIDADE_25_A_45","cod_imovel":"RJ-3303401-6D63B261B87D4733A4A6D3DE2478917D","num_area":"9.6203000000000000000000000000000","ind_status":"AT"},"geometry":{"type":"Polygon","coordinates":[[[-42.4565,-22.3322],[-42.4588,-22.3344],[-42.4595,-22.3312],[-42.4566,-22.3321],[-42.4565,-22.3322]]]}},{"type":"Feature","properties":{"cod_tema":"AREA_USO_RESTRITO_DECLIVIDADE_25_A_45","cod_imovel":"RJ-3303401-3A6FE32103194B569C57922B71EAC2C8","num_area":"4.0714000000000000000000000000000","ind_status":"AT"},"geometry":{"type":"Polygon","coordinates":[[[-42.4178,-22.3211],[-42.4156,-22.3204],[-42.4178,-22.3212],[-42.4178,-22.3211]]]}},{"type":"Feature","properties":{"cod_tema":"AREA_USO_RESTRITO_DECLIVIDADE_25_A_45","cod_imovel":"RJ-3303401-F87D876F9673414599296D0EB3D34892","num_area":"12.722400000000000000000000000000","ind_status":"AT"},"geometry":{"type":"Polygon","coordinates":[[[-42.7194,-22.2942],[-42.7156,-22.2947],[-42.7178,-22.2917],[-42.7132,-22.2951],[-42.7163,-22.2969],[-42.7143,-22.2941],[-42.7164,-22.2962],[-42.7194,-22.2944],[-42.7194,-22.2942]]]}},{"type":"Feature","properties":{"cod_tema":"AREA_USO_RESTRITO_DECLIVIDADE_25_A_45","cod_imovel":"RJ-3303401-4DDE2B1091FB4C1782CECD7785792A87","num_area":"10.582900000000000000000000000000","ind_status":"AT"},"geometry":{"type":"Polygon","coordinates":[[[-42.4001,-22.4251],[-42.3983,-22.4262],[-42.4013,-22.4263],[-42.4001,-22.4251]],[[-42.4071,-22.4225],[-42.4045,-22.4229],[-42.4067,-22.4226],[-42.4071,-22.4225]]]}},{"type":"Feature","properties":{"cod_tema":"AREA_USO_RESTRITO_DECLIVIDADE_25_A_45","cod_imovel":"RJ-3303401-D7BC29EA01BB47E1BB188D0FF40B8978","num_area":"10.472500000000000000000000000000","ind_status":"AT"},"geometry":{"type":"Polygon","coordinates":[[[-42.6563,-22.254],[-42.6585,-22.2539],[-42.6564,-22.2535],[-42.6563,-22.254]],[[-42.6534,-22.2465],[-42.6566,-22.2507],[-42.6542,-22.2466],[-42.6534,-22.2465]]]}},{"type":"Feature","properties":{"cod_tema":"AREA_USO_RESTRITO_DECLIVIDADE_25_A_45","cod_imovel":"RJ-3303401-7A31458EBD76465CA73010244ED1932F","num_area":"6.1964000000000000000000000000000","ind_status":"AT"},"geometry":{"type":"Polygon","coordinates":[[[-42.4927,-22.3669],[-42.4916,-22.3637],[-42.4917,-22.3671],[-42.4927,-22.3669]]]}},{"type":"Feature","properties":{"cod_tema":"AREA_USO_RESTRITO_DECLIVIDADE_25_A_45","cod_imovel":"RJ-3303401-96EE852789A34AC5A1D70717000AD1A7","num_area":"8.4647000000000000000000000000000","ind_status":"AT"},"geometry":{"type":"Polygon","coordinates":[[[-42.6538,-22.3761],[-42.657,-22.3789],[-42.6542,-22.3749],[-42.6538,-22.3761]]]}},{"type":"Feature","properties":{"cod_tema":"AREA_USO_RESTRITO_DECLIVIDADE_25_A_45","cod_imovel":"RJ-3303401-E67B15C6C32A478C8D331F2E15F79356","num_area":"21.487400000000000000000000000000","ind_status":"AT"},"geometry":{"type":"Polygon","coordinates":[[[-42.4743,-22.297],[-42.4712,-22.2949],[-42.4767,-22.2979],[-42.4743,-22.297]],[[-42.4706,-22.3007],[-42.4762,-22.3043],[-42.4743,-22.3026],[-42.4768,-22.3002],[-42.4717,-22.2977],[-42.4706,-22.3006],[-42.4706,-22.3007]]]}},{"type":"Feature","properties":{"cod_tema":"AREA_USO_RESTRITO_DECLIVIDADE_25_A_45","cod_imovel":"RJ-3303401-C5F74E876BD346E497EFD2CD4C80D85C","num_area":"6.4260000000000000000000000000000","ind_status":"CA"},"geometry":{"type":"Polygon","coordinates":[[[-42.4126,-22.4067],[-42.4166,-22.4075],[-42.4126,-22.4065],[-42.4126,-22.4067]]]}},{"type":"Feature","properties":{"cod_tema":"AREA_USO_RESTRITO_DECLIVIDADE_25_A_45","cod_imovel":"RJ-3303401-1833B4806ECE402FA3D80014988AC0E7","num_area":"4.6436000000000000000000000000000","ind_status":"AT"},"geometry":{"type":"Polygon","coordinates":[[[-42.3959,-22.2979],[-42.3956,-22.3002],[-42.3963,-22.2981],[-42.3959,-22.2979]]]}},{"type":"Feature","properties":{"cod_tema":"AREA_USO_RESTRITO_DECLIVIDADE_25_A_45","cod_imovel":"RJ-3303401-B239A312CEE54741BC9E96A9931FB35F","num_area":"29.246300000000000000000000000000","ind_status":"AT"},"geometry":{"type":"Polygon","coordinates":[[[-42.6474,-22.266],[-42.6427,-22.2711],[-42.6459,-22.2672],[-42.648,-22.2685],[-42.6475,-22.2659],[-42.6474,-22.266]],[[-42.6494,-22.2681],[-42.6531,-22.2645],[-42.6494,-22.2681],[-42.6494,-22.2681]],[[-42.6427,-22.2722],[-42.6493,-22.2682],[-42.6433,-22.2718],[-42.6427,-22.2722]],[[-42.6509,-22.2624],[-42.6489,-22.2667],[-42.6513,-22.2619],[-42.6509,-22.2624]]]}},{"type":"Feature","properties":{"cod_tema":"AREA_USO_RESTRITO_DECLIVIDADE_25_A_45","cod_imovel":"RJ-3303401-1321AAD96AA645D19030F6E5DA7CE9F4","num_area":"76.288600000000000000000000000000","ind_status":"AT"},"geometry":{"type":"Polygon","coordinates":[[[-42.584,-22.2093],[-42.5851,-22.2077],[-42.584,-22.2094],[-42.584,-22.2093]],[[-42.5954,-22.2143],[-42.5954,-22.2167],[-42.5967,-22.215],[-42.5954,-22.2143]],[[-42.5968,-22.1996],[-42.5894,-22.2036],[-42.5948,-22.2018],[-42.5968,-22.1996]],[[-42.5904,-22.2043],[-42.5895,-22.2064],[-42.59,-22.2042],[-42.5904,-22.2043]],[[-42.5904,-22.2153],[-42.5873,-22.2166],[-42.5907,-22.2157],[-42.5904,-22.2153]],[[-42.5989,-22.1985],[-42.5934,-22.2042],[-42.5981,-22.2007],[-42.5957,-22.2041],[-42.5996,-22.2026],[-42.6007,-22.206],[-42.5999,-22.1992],[-42.5989,-22.1985]],[[-42.5948,-22.2116],[-42.5988,-22.2103],[-42.586,-22.2099],[-42.5941,-22.2116],[-42.5948,-22.2116]]]}},{"type":"Feature","properties":{"cod_tema":"AREA_USO_RESTRITO_DECLIVIDADE_25_A_45","cod_imovel":"RJ-3303401-65A5B7673DBB437A97BE76E9E63E4559","num_area":"3.8562000000000000000000000000000","ind_status":"AT"},"geometry":{"type":"Polygon","coordinates":[[[-42.6793,-22.2491],[-42.6773,-22.2497],[-42.6794,-22.2491],[-42.6793,-22.2491]],[[-42.6767,-22.2471],[-42.6755,-22.2496],[-42.6769,-22.2472],[-42.6767,-22.2471]]]}},{"type":"Feature","properties":{"cod_tema":"AREA_USO_RESTRITO_DECLIVIDADE_25_A_45","cod_imovel":"RJ-3303401-9F346A882A924FAA97CC8D45775194EC","num_area":"6.1846000000000000000000000000000","ind_status":"AT"},"geometry":{"type":"Polygon","coordinates":[[[-42.4916,-22.2183],[-42.4942,-22.2196],[-42.4932,-22.217],[-42.4916,-22.2183]]]}},{"type":"Feature","properties":{"cod_tema":"AREA_USO_RESTRITO_DECLIVIDADE_25_A_45","cod_imovel":"RJ-3303401-C219CC1684414011871804A1906E0348","num_area":"2.6658000000000000000000000000000","ind_status":"AT"},"geometry":{"type":"Polygon","coordinates":[[[-42.6472,-22.2617],[-42.6444,-22.263],[-42.6472,-22.2618],[-42.6472,-22.2617]]]}},{"type":"Feature","properties":{"cod_tema":"AREA_USO_RESTRITO_DECLIVIDADE_25_A_45","cod_imovel":"RJ-3303401-EB78A2A4B32245668970B893E44B66CE","num_area":"3.1116000000000000000000000000000","ind_status":"AT"},"geometry":{"type":"Polygon","coordinates":[[[-42.6623,-22.2937],[-42.6618,-22.2918],[-42.6622,-22.2938],[-42.6623,-22.2937]],[[-42.6601,-22.2932],[-42.6623,-22.2944],[-42.6602,-22.2931],[-42.6601,-22.2932]]]}},{"type":"Feature","properties":{"cod_tema":"AREA_USO_RESTRITO_DECLIVIDADE_25_A_45","cod_imovel":"RJ-3303401-DFDCE03637354DF49E944CFF83BB4B87","num_area":"17.370600000000000000000000000000","ind_status":"AT"},"geometry":{"type":"Polygon","coordinates":[[[-42.5813,-22.2497],[-42.5762,-22.2474],[-42.5812,-22.2496],[-42.5813,-22.2497]],[[-42.5761,-22.2509],[-42.58,-22.2515],[-42.576,-22.2476],[-42.5763,-22.2507],[-42.5761,-22.2509]]]}},{"type":"Feature","properties":{"cod_tema":"AREA_USO_RESTRITO_DECLIVIDADE_25_A_45","cod_imovel":"RJ-3303401-3AE8B191D007424BBE7C78FBE86E88DC","num_area":"1.8349000000000000000000000000000","ind_status":"AT"},"geometry":{"type":"Polygon","coordinates":[[[-42.5891,-22.301],[-42.5888,-22.2987],[-42.5889,-22.3008],[-42.5891,-22.301]]]}},{"type":"Feature","properties":{"cod_tema":"AREA_USO_RESTRITO_DECLIVIDADE_25_A_45","cod_imovel":"RJ-3303401-645B7C3D15BA479CA6E70AF59281B5B1","num_area":"3.5056000000000000000000000000000","ind_status":"AT"},"geometry":{"type":"Polygon","coordinates":[[[-42.5647,-22.3243],[-42.5676,-22.3249],[-42.5649,-22.3242],[-42.5647,-22.3243]]]}},{"type":"Feature","properties":{"cod_tema":"AREA_USO_RESTRITO_DECLIVIDADE_25_A_45","cod_imovel":"RJ-3303401-7E0CC6612115438CBE085031BCF899EC","num_area":"10.208800000000000000000000000000","ind_status":"AT"},"geometry":{"type":"Polygon","coordinates":[[[-42.462,-22.4092],[-42.4666,-22.4114],[-42.4615,-22.4087],[-42.462,-22.4092]]]}},{"type":"Feature","properties":{"cod_tema":"AREA_USO_RESTRITO_DECLIVIDADE_25_A_45","cod_imovel":"RJ-3303401-14CC34244B7B43B38270BD4FE7C31A6D","num_area":"22.908500000000000000000000000000","ind_status":"AT"},"geometry":{"type":"Polygon","coordinates":[[[-42.4668,-22.3166],[-42.4712,-22.3111],[-42.4677,-22.3102],[-42.4636,-22.3154],[-42.4668,-22.3166]]]}},{"type":"Feature","properties":{"cod_tema":"AREA_USO_RESTRITO_DECLIVIDADE_25_A_45","cod_imovel":"RJ-3303401-FB98C1AE8F964567B5C207782550FEC1","num_area":"8.0311000000000000000000000000000","ind_status":"AT"},"geometry":{"type":"Polygon","coordinates":[[[-42.5987,-22.271],[-42.6016,-22.2731],[-42.5988,-22.2708],[-42.5987,-22.271]]]}},{"type":"Feature","properties":{"cod_tema":"AREA_USO_RESTRITO_DECLIVIDADE_25_A_45","cod_imovel":"RJ-3303401-65243141B3984569830A36D8E85D2003","num_area":"2.2912000000000000000000000000000","ind_status":"AT"},"geometry":{"type":"Polygon","coordinates":[[[-42.5329,-22.2492],[-42.531,-22.2474],[-42.5327,-22.2492],[-42.5329,-22.2492]]]}},{"type":"Feature","properties":{"cod_tema":"AREA_USO_RESTRITO_DECLIVIDADE_25_A_45","cod_imovel":"RJ-3303401-0153EB8D25C543B983BF8576649DE513","num_area":"7.0083000000000000000000000000000","ind_status":"AT"},"geometry":{"type":"Polygon","coordinates":[[[-42.4847,-22.2933],[-42.4825,-22.2931],[-42.4847,-22.2936],[-42.4847,-22.2933]],[[-42.4814,-22.2966],[-42.4809,-22.2929],[-42.4813,-22.2964],[-42.4814,-22.2966]]]}},{"type":"Feature","properties":{"cod_tema":"AREA_USO_RESTRITO_DECLIVIDADE_25_A_45","cod_imovel":"RJ-3303401-0170CC1FBE3C46829C1C6F7BAF39BD90","num_area":"7.4135000000000000000000000000000","ind_status":"AT"},"geometry":{"type":"Polygon","coordinates":[[[-42.47,-22.4022],[-42.4732,-22.4017],[-42.4695,-22.4011],[-42.47,-22.4022]]]}},{"type":"Feature","properties":{"cod_tema":"AREA_USO_RESTRITO_DECLIVIDADE_25_A_45","cod_imovel":"RJ-3303401-007203458AFB49CA8BE1A0F90B1A5A92","num_area":"6.6783000000000000000000000000000","ind_status":"AT"},"geometry":{"type":"Polygon","coordinates":[[[-42.5209,-22.1833],[-42.517,-22.1836],[-42.5209,-22.1833],[-42.5209,-22.1833]]]}},{"type":"Feature","properties":{"cod_tema":"AREA_USO_RESTRITO_DECLIVIDADE_25_A_45","cod_imovel":"RJ-3303401-0075158F0ECE4F2CAA738659BB5F2EF8","num_area":"4.0008000000000000000000000000000","ind_status":"AT"},"geometry":{"type":"Polygon","coordinates":[[[-42.3723,-22.3055],[-42.3744,-22.3036],[-42.3723,-22.3055],[-42.3723,-22.3055]]]}},{"type":"Feature","properties":{"cod_tema":"AREA_USO_RESTRITO_DECLIVIDADE_25_A_45","cod_imovel":"RJ-3303401-012269E09E61420EA8EE61A2EAE25D0B","num_area":"3.6983000000000000000000000000000","ind_status":"AT"},"geometry":{"type":"Polygon","coordinates":[[[-42.5308,-22.1846],[-42.5335,-22.1844],[-42.5309,-22.1839],[-42.5308,-22.1846]]]}},{"type":"Feature","properties":{"cod_tema":"AREA_USO_RESTRITO_DECLIVIDADE_25_A_45","cod_imovel":"RJ-3303401-0205611825644990AFC859EDA7246EE2","num_area":"2.2542000000000000000000000000000","ind_status":"AT"},"geometry":{"type":"Polygon","coordinates":[[[-42.4189,-22.3185],[-42.4188,-22.3161],[-42.4188,-22.3185],[-42.4189,-22.3185]]]}},{"type":"Feature","properties":{"cod_tema":"AREA_USO_RESTRITO_DECLIVIDADE_25_A_45","cod_imovel":"RJ-3303401-024EFD7FA60C4496B22C0BFAA7B17781","num_area":"3.5037000000000000000000000000000","ind_status":"AT"},"geometry":{"type":"Polygon","coordinates":[[[-42.4002,-22.3001],[-42.3979,-22.3016],[-42.4002,-22.3001],[-42.4002,-22.3001]]]}},{"type":"Feature","properties":{"cod_tema":"AREA_USO_RESTRITO_DECLIVIDADE_25_A_45","cod_imovel":"RJ-3303401-9E7EABECEBC64FAE9181CF1430F82CCE","num_area":"3.8756000000000000000000000000000","ind_status":"AT"},"geometry":{"type":"Polygon","coordinates":[[[-42.6022,-22.3252],[-42.6029,-22.3224],[-42.602,-22.3252],[-42.6022,-22.3252]]]}},{"type":"Feature","properties":{"cod_tema":"AREA_USO_RESTRITO_DECLIVIDADE_25_A_45","cod_imovel":"RJ-3303401-03BC42D231F545B197522116AA6F0E72","num_area":"8.1493000000000000000000000000000","ind_status":"AT"},"geometry":{"type":"Polygon","coordinates":[[[-42.6019,-22.2561],[-42.5971,-22.254],[-42.6017,-22.256],[-42.6019,-22.2561]]]}},{"type":"Feature","properties":{"cod_tema":"AREA_USO_RESTRITO_DECLIVIDADE_25_A_45","cod_imovel":"RJ-3303401-05D87F5887424418BCDC51C7CBB6E470","num_area":"7.7758000000000000000000000000000","ind_status":"AT"},"geometry":{"type":"Polygon","coordinates":[[[-42.5349,-22.2],[-42.5363,-22.1977],[-42.5334,-22.1978],[-42.5343,-22.2],[-42.5349,-22.2]]]}},{"type":"Feature","properties":{"cod_tema":"AREA_USO_RESTRITO_DECLIVIDADE_25_A_45","cod_imovel":"RJ-3303401-06E7BC7AA62E427B834554379BF5B85C","num_area":"4.9319000000000000000000000000000","ind_status":"AT"},"geometry":{"type":"Polygon","coordinates":[[[-42.6581,-22.3115],[-42.6549,-22.3126],[-42.6581,-22.3115],[-42.6581,-22.3115]]]}},{"type":"Feature","properties":{"cod_tema":"AREA_USO_RESTRITO_DECLIVIDADE_25_A_45","cod_imovel":"RJ-3303401-06E972AB2A3B42A1B4C74E703FC75E83","num_area":"2.8303000000000000000000000000000","ind_status":"AT"},"geometry":{"type":"Polygon","coordinates":[[[-42.3661,-22.3889],[-42.3683,-22.3905],[-42.3662,-22.389],[-42.3661,-22.3889]]]}},{"type":"Feature","properties":{"cod_tema":"AREA_USO_RESTRITO_DECLIVIDADE_25_A_45","cod_imovel":"RJ-3303401-0778D2076BF3401D8F46C8C6BEA08F0E","num_area":"11.247100000000000000000000000000","ind_status":"AT"},"geometry":{"type":"Polygon","coordinates":[[[-42.4179,-22.2981],[-42.4148,-22.296],[-42.4156,-22.3],[-42.4181,-22.2982],[-42.4179,-22.2981]]]}},{"type":"Feature","properties":{"cod_tema":"AREA_USO_RESTRITO_DECLIVIDADE_25_A_45","cod_imovel":"RJ-3303401-08062C9418A04AC39F4500283791C1C4","num_area":"6.3898000000000000000000000000000","ind_status":"AT"},"geometry":{"type":"Polygon","coordinates":[[[-42.6773,-22.2688],[-42.6792,-22.2722],[-42.6774,-22.2685],[-42.6773,-22.2688]]]}},{"type":"Feature","properties":{"cod_tema":"AREA_USO_RESTRITO_DECLIVIDADE_25_A_45","cod_imovel":"RJ-3303401-0F8A482F2D3640C3803358C798319415","num_area":"2.5051000000000000000000000000000","ind_status":"AT"},"geometry":{"type":"Polygon","coordinates":[[[-42.3083,-22.3421],[-42.314,-22.3414],[-42.3093,-22.342],[-42.3083,-22.3421]]]}},{"type":"Feature","properties":{"cod_tema":"AREA_USO_RESTRITO_DECLIVIDADE_25_A_45","cod_imovel":"RJ-3303401-0A139876B53747AF81F5ADDDFEC850ED","num_area":"2.9998000000000000000000000000000","ind_status":"AT"},"geometry":{"type":"Polygon","coordinates":[[[-42.3922,-22.3166],[-42.3895,-22.3146],[-42.3911,-22.3168],[-42.3922,-22.3166]]]}},{"type":"Feature","properties":{"cod_tema":"AREA_USO_RESTRITO_DECLIVIDADE_25_A_45","cod_imovel":"RJ-3303401-0A7BA2CA33924F12AB6DCE3762FC218E","num_area":"3.6353000000000000000000000000000","ind_status":"AT"},"geometry":{"type":"Polygon","coordinates":[[[-42.4529,-22.4062],[-42.449,-22.403],[-42.4529,-22.4063],[-42.4529,-22.4062]]]}},{"type":"Feature","properties":{"cod_tema":"AREA_USO_RESTRITO_DECLIVIDADE_25_A_45","cod_imovel":"RJ-3303401-0C1FD752C5F34CDFA069A5DEFA109C7C","num_area":"20.258300000000000000000000000000","ind_status":"AT"},"geometry":{"type":"Polygon","coordinates":[[[-42.5881,-22.2599],[-42.5936,-22.2615],[-42.5914,-22.2581],[-42.5887,-22.2596],[-42.5881,-22.2599]],[[-42.5966,-22.2593],[-42.5968,-22.2571],[-42.5943,-22.2587],[-42.5968,-22.2599],[-42.5966,-22.2593]],[[-42.595,-22.2558],[-42.59,-22.257],[-42.5951,-22.256],[-42.595,-22.2558]]]}},{"type":"Feature","properties":{"cod_tema":"AREA_USO_RESTRITO_DECLIVIDADE_25_A_45","cod_imovel":"RJ-3303401-0C234702FC064FEEACF65F9495501BEF","num_area":"3.7756000000000000000000000000000","ind_status":"AT"},"geometry":{"type":"Polygon","coordinates":[[[-42.7003,-22.272],[-42.6988,-22.2742],[-42.7001,-22.2721],[-42.7003,-22.272]]]}},{"type":"Feature","properties":{"cod_tema":"AREA_USO_RESTRITO_DECLIVIDADE_25_A_45","cod_imovel":"RJ-3303401-0C5DCD15092B4BF3A186AF1BFA4A1953","num_area":"6.4527000000000000000000000000000","ind_status":"AT"},"geometry":{"type":"Polygon","coordinates":[[[-42.392,-22.289],[-42.3886,-22.2864],[-42.3922,-22.2891],[-42.392,-22.289]]]}},{"type":"Feature","properties":{"cod_tema":"AREA_USO_RESTRITO_DECLIVIDADE_25_A_45","cod_imovel":"RJ-3303401-0CE4B20D2239497D9F8A25703EE044D9","num_area":"7.4225000000000000000000000000000","ind_status":"AT"},"geometry":{"type":"Polygon","coordinates":[[[-42.693,-22.271],[-42.6894,-22.271],[-42.6935,-22.2718],[-42.693,-22.271]]]}},{"type":"Feature","properties":{"cod_tema":"AREA_USO_RESTRITO_DECLIVIDADE_25_A_45","cod_imovel":"RJ-3303401-0CFA168F02FA41EAAD2553C82AC998F1","num_area":"18.568300000000000000000000000000","ind_status":"AT"},"geometry":{"type":"Polygon","coordinates":[[[-42.583,-22.2861],[-42.5863,-22.2888],[-42.583,-22.2849],[-42.583,-22.2861]],[[-42.5896,-22.2865],[-42.5873,-22.2843],[-42.587,-22.2883],[-42.5901,-22.2875],[-42.5896,-22.2865]]]}},{"type":"Feature","properties":{"cod_tema":"AREA_USO_RESTRITO_DECLIVIDADE_25_A_45","cod_imovel":"RJ-3303401-0D364EF82B574AA2A4E9D8054DB1E092","num_area":"4.6575000000000000000000000000000","ind_status":"AT"},"geometry":{"type":"Polygon","coordinates":[[[-42.6234,-22.2056],[-42.6227,-22.2076],[-42.6242,-22.2058],[-42.6234,-22.2056]]]}},{"type":"Feature","properties":{"cod_tema":"AREA_USO_RESTRITO_DECLIVIDADE_25_A_45","cod_imovel":"RJ-3303401-0D6DE72346F6465D9704C3BF4058E55D","num_area":"2.7843000000000000000000000000000","ind_status":"AT"},"geometry":{"type":"Polygon","coordinates":[[[-42.4544,-22.3136],[-42.4558,-22.3117],[-42.454,-22.3136],[-42.4544,-22.3136]]]}},{"type":"Feature","properties":{"cod_tema":"AREA_USO_RESTRITO_DECLIVIDADE_25_A_45","cod_imovel":"RJ-3303401-0E052217945C486D8D94ECCC21B98D16","num_area":"7.5532000000000000000000000000000","ind_status":"AT"},"geometry":{"type":"Polygon","coordinates":[[[-42.6199,-22.2518],[-42.6221,-22.2545],[-42.6204,-22.2519],[-42.6199,-22.2518]]]}},{"type":"Feature","properties":{"cod_tema":"AREA_USO_RESTRITO_DECLIVIDADE_25_A_45","cod_imovel":"RJ-3303401-0E6E4E0795AA4E1CA59F74C21668F1FE","num_area":"4.1541000000000000000000000000000","ind_status":"AT"},"geometry":{"type":"Polygon","coordinates":[[[-42.4424,-22.4066],[-42.4448,-22.4094],[-42.443,-22.4067],[-42.4424,-22.4066]]]}},{"type":"Feature","properties":{"cod_tema":"AREA_USO_RESTRITO_DECLIVIDADE_25_A_45","cod_imovel":"RJ-3303401-0ED3D349EFD64C8097C7EED2ABD4A621","num_area":"2.0124000000000000000000000000000","ind_status":"AT"},"geometry":{"type":"Polygon","coordinates":[[[-42.6325,-22.2285],[-42.6315,-22.2304],[-42.6326,-22.2286],[-42.6325,-22.2285]]]}},{"type":"Feature","properties":{"cod_tema":"AREA_USO_RESTRITO_DECLIVIDADE_25_A_45","cod_imovel":"RJ-3303401-109DB57F671D417FA924FC15956E523A","num_area":"27.748100000000000000000000000000","ind_status":"AT"},"geometry":{"type":"Polygon","coordinates":[[[-42.5891,-22.1996],[-42.5984,-22.1976],[-42.5969,-22.1957],[-42.5908,-22.198],[-42.5891,-22.1996]]]}},{"type":"Feature","properties":{"cod_tema":"AREA_USO_RESTRITO_DECLIVIDADE_25_A_45","cod_imovel":"RJ-3303401-1328D21BFAB242DF9FD0A186478C0C23","num_area":"5.0468000000000000000000000000000","ind_status":"AT"},"geometry":{"type":"Polygon","coordinates":[[[-42.4774,-22.2575],[-42.4792,-22.2593],[-42.4818,-22.2569],[-42.4779,-22.2574],[-42.4774,-22.2575]]]}},{"type":"Feature","properties":{"cod_tema":"AREA_USO_RESTRITO_DECLIVIDADE_25_A_45","cod_imovel":"RJ-3303401-13510250FE66432C97E8DA056766BD13","num_area":"49.935900000000000000000000000000","ind_status":"AT"},"geometry":{"type":"Polygon","coordinates":[[[-42.5738,-22.1955],[-42.5743,-22.1996],[-42.5706,-22.2024],[-42.5762,-22.202],[-42.5749,-22.1953],[-42.5738,-22.1955]],[[-42.5695,-22.1962],[-42.5714,-22.1976],[-42.5697,-22.196],[-42.5695,-22.1962]],[[-42.5711,-22.1965],[-42.5728,-22.1989],[-42.5703,-22.1964],[-42.5711,-22.1965]],[[-42.5757,-22.1952],[-42.5788,-22.1964],[-42.5759,-22.1951],[-42.5757,-22.1952]],[[-42.5706,-22.1998],[-42.5686,-22.2012],[-42.5711,-22.2],[-42.5706,-22.1998]],[[-42.5723,-22.1926],[-42.5685,-22.1933],[-42.5724,-22.1938],[-42.5723,-22.1926]],[[-42.5768,-22.2041],[-42.5733,-22.2035],[-42.5766,-22.2043],[-42.5768,-22.2041]],[[-42.5769,-22.2024],[-42.5806,-22.1998],[-42.5774,-22.2024],[-42.5769,-22.2024]],[[-42.583,-22.199],[-42.5802,-22.1948],[-42.5826,-22.1982],[-42.5783,-22.1963],[-42.5765,-22.1984],[-42.5827,-22.1991],[-42.583,-22.199]]]}},{"type":"Feature","properties":{"cod_tema":"AREA_USO_RESTRITO_DECLIVIDADE_25_A_45","cod_imovel":"RJ-3303401-136E329AA19F4397B95CD9726A97A3C7","num_area":"6.7678000000000000000000000000000","ind_status":"AT"},"geometry":{"type":"Polygon","coordinates":[[[-42.5544,-22.1892],[-42.5513,-22.1877],[-42.5544,-22.1892],[-42.5544,-22.1892]],[[-42.5562,-22.1876],[-42.5541,-22.1877],[-42.5562,-22.1876],[-42.5562,-22.1876]]]}},{"type":"Feature","properties":{"cod_tema":"AREA_USO_RESTRITO_DECLIVIDADE_25_A_45","cod_imovel":"RJ-3303401-137F412E9AA44B5AA4ACD325E7F3DE1C","num_area":"2.4615000000000000000000000000000","ind_status":"AT"},"geometry":{"type":"Polygon","coordinates":[[[-42.6435,-22.2337],[-42.6418,-22.2349],[-42.6437,-22.2335],[-42.6435,-22.2337]]]}},{"type":"Feature","properties":{"cod_tema":"AREA_USO_RESTRITO_DECLIVIDADE_25_A_45","cod_imovel":"RJ-3303401-138BAFF6D4234C188C036588F0DA7C1D","num_area":"3.7850000000000000000000000000000","ind_status":"AT"},"geometry":{"type":"Polygon","coordinates":[[[-42.6744,-22.2711],[-42.6766,-22.2713],[-42.6754,-22.2675],[-42.6744,-22.2711],[-42.6744,-22.2711]]]}},{"type":"Feature","properties":{"cod_tema":"AREA_USO_RESTRITO_DECLIVIDADE_25_A_45","cod_imovel":"RJ-3303401-13CF29E816924D0489F1C1292118DBA1","num_area":"4.4071000000000000000000000000000","ind_status":"AT"},"geometry":{"type":"Polygon","coordinates":[[[-42.4542,-22.3225],[-42.453,-22.3197],[-42.4525,-22.3229],[-42.4542,-22.3225]]]}},{"type":"Feature","properties":{"cod_tema":"AREA_USO_RESTRITO_DECLIVIDADE_25_A_45","cod_imovel":"RJ-3303401-1408D2B1B5944379A4821B83923349FF","num_area":"6.7042000000000000000000000000000","ind_status":"AT"},"geometry":{"type":"Polygon","coordinates":[[[-42.675,-22.3455],[-42.6796,-22.3462],[-42.6751,-22.3454],[-42.675,-22.3455]]]}},{"type":"Feature","properties":{"cod_tema":"AREA_USO_RESTRITO_DECLIVIDADE_25_A_45","cod_imovel":"RJ-3303401-152BA20CFFBA427F8E7E86FC7D8D0F2F","num_area":"3.2308000000000000000000000000000","ind_status":"AT"},"geometry":{"type":"Polygon","coordinates":[[[-42.5287,-22.1963],[-42.5318,-22.2001],[-42.5286,-22.1957],[-42.5287,-22.1963]]]}},{"type":"Feature","properties":{"cod_tema":"AREA_USO_RESTRITO_DECLIVIDADE_25_A_45","cod_imovel":"RJ-3303401-1530DFE34FD54A1DB225099A1BD5C986","num_area":"7.0791000000000000000000000000000","ind_status":"AT"},"geometry":{"type":"Polygon","coordinates":[[[-42.6831,-22.2897],[-42.6856,-22.2919],[-42.6832,-22.2896],[-42.6831,-22.2897]],[[-42.6858,-22.2945],[-42.6833,-22.292],[-42.6858,-22.2945],[-42.6858,-22.2945]]]}},{"type":"Feature","properties":{"cod_tema":"AREA_USO_RESTRITO_DECLIVIDADE_25_A_45","cod_imovel":"RJ-3303401-169AD2EDFC4B4226A7B69C285CB2E9AB","num_area":"8.0542000000000000000000000000000","ind_status":"AT"},"geometry":{"type":"Polygon","coordinates":[[[-42.504,-22.3303],[-42.5015,-22.3264],[-42.504,-22.3303],[-42.504,-22.3303]]]}},{"type":"Feature","properties":{"cod_tema":"AREA_USO_RESTRITO_DECLIVIDADE_25_A_45","cod_imovel":"RJ-3303401-16A870B87D0C4C178B785F20B5F09C8F","num_area":"5.1767000000000000000000000000000","ind_status":"AT"},"geometry":{"type":"Polygon","coordinates":[[[-42.3619,-22.39],[-42.3657,-22.3888],[-42.3613,-22.3899],[-42.3619,-22.39]]]}},{"type":"Feature","properties":{"cod_tema":"AREA_USO_RESTRITO_DECLIVIDADE_25_A_45","cod_imovel":"RJ-3303401-177743627E5A4068A68035552EC475EC","num_area":"2.4345000000000000000000000000000","ind_status":"AT"},"geometry":{"type":"Polygon","coordinates":[[[-42.2797,-22.3202],[-42.2821,-22.3191],[-42.2802,-22.3199],[-42.2797,-22.3202]]]}},{"type":"Feature","properties":{"cod_tema":"AREA_USO_RESTRITO_DECLIVIDADE_25_A_45","cod_imovel":"RJ-3303401-1B7FECBE3AC04E409FE963AFE9EDEF4E","num_area":"29.970200000000000000000000000000","ind_status":"AT"},"geometry":{"type":"Polygon","coordinates":[[[-42.5932,-22.3328],[-42.5944,-22.3303],[-42.5932,-22.3328],[-42.5932,-22.3328]],[[-42.5943,-22.3301],[-42.592,-22.3287],[-42.594,-22.3302],[-42.5943,-22.3301]],[[-42.5842,-22.3323],[-42.5853,-22.3345],[-42.5847,-22.332],[-42.5842,-22.3323]],[[-42.591,-22.3288],[-42.5895,-22.3312],[-42.591,-22.3292],[-42.591,-22.3288]],[[-42.5884,-22.3338],[-42.588,-22.3361],[-42.5888,-22.3336],[-42.5884,-22.3338]],[[-42.5916,-22.3337],[-42.5933,-22.3317],[-42.5882,-22.3318],[-42.5916,-22.3337],[-42.5916,-22.3337]],[[-42.5853,-22.3285],[-42.5852,-22.3315],[-42.5888,-22.331],[-42.5887,-22.3282],[-42.5874,-22.331],[-42.5855,-22.3284],[-42.5853,-22.3285]]]}},{"type":"Feature","properties":{"cod_tema":"AREA_USO_RESTRITO_DECLIVIDADE_25_A_45","cod_imovel":"RJ-3303401-1E250AA6F05A4EDEAC3FEF692451D25D","num_area":"1.6475000000000000000000000000000","ind_status":"AT"},"geometry":{"type":"Polygon","coordinates":[[[-42.3552,-22.3117],[-42.3561,-22.3094],[-42.3552,-22.3117],[-42.3552,-22.3117]]]}},{"type":"Feature","properties":{"cod_tema":"AREA_USO_RESTRITO_DECLIVIDADE_25_A_45","cod_imovel":"RJ-3303401-1ED7B4309AFB47128A58F0D675A06BE2","num_area":"3.1451000000000000000000000000000","ind_status":"AT"},"geometry":{"type":"Polygon","coordinates":[[[-42.4916,-22.2241],[-42.489,-22.2256],[-42.4916,-22.2242],[-42.4916,-22.2241]]]}},{"type":"Feature","properties":{"cod_tema":"AREA_USO_RESTRITO_DECLIVIDADE_25_A_45","cod_imovel":"RJ-3303401-209A731808934154B0A939F8ED1972CD","num_area":"4.2348000000000000000000000000000","ind_status":"AT"},"geometry":{"type":"Polygon","coordinates":[[[-42.6014,-22.2326],[-42.6049,-22.2316],[-42.6014,-22.2319],[-42.6014,-22.2326]]]}},{"type":"Feature","properties":{"cod_tema":"AREA_USO_RESTRITO_DECLIVIDADE_25_A_45","cod_imovel":"RJ-3303401-213AC8FA012E4F4E9DF70313C061DFD5","num_area":"1.5309000000000000000000000000000","ind_status":"AT"},"geometry":{"type":"Polygon","coordinates":[[[-42.6157,-22.288],[-42.6177,-22.2877],[-42.6157,-22.2879],[-42.6157,-22.288]]]}},{"type":"Feature","properties":{"cod_tema":"AREA_USO_RESTRITO_DECLIVIDADE_25_A_45","cod_imovel":"RJ-3303401-218AAEE31FA54436AA00F2F2579DF661","num_area":"2.6269000000000000000000000000000","ind_status":"AT"},"geometry":{"type":"Polygon","coordinates":[[[-42.6379,-22.3501],[-42.6396,-22.3484],[-42.6378,-22.35],[-42.6379,-22.3501]]]}},{"type":"Feature","properties":{"cod_tema":"AREA_USO_RESTRITO_DECLIVIDADE_25_A_45","cod_imovel":"RJ-3303401-2713C7AB58184CBF8CF025A115A7BE10","num_area":"6.1078000000000000000000000000000","ind_status":"AT"},"geometry":{"type":"Polygon","coordinates":[[[-42.7021,-22.3368],[-42.7043,-22.3382],[-42.704,-22.3355],[-42.7021,-22.3368],[-42.7021,-22.3368]]]}},{"type":"Feature","properties":{"cod_tema":"AREA_USO_RESTRITO_DECLIVIDADE_25_A_45","cod_imovel":"RJ-3303401-24D57DB90BFE488DBDC2A9C0AFA83FF6","num_area":"8.4982000000000000000000000000000","ind_status":"AT"},"geometry":{"type":"Polygon","coordinates":[[[-42.6524,-22.3039],[-42.6552,-22.3045],[-42.6569,-22.3006],[-42.6524,-22.3039],[-42.6524,-22.3039]]]}},{"type":"Feature","properties":{"cod_tema":"AREA_USO_RESTRITO_DECLIVIDADE_25_A_45","cod_imovel":"RJ-3303401-2538880E03314E19A082989EE07FCA03","num_area":"9.5667000000000000000000000000000","ind_status":"AT"},"geometry":{"type":"Polygon","coordinates":[[[-42.5394,-22.2241],[-42.5417,-22.2251],[-42.5394,-22.224],[-42.5394,-22.2241]],[[-42.5444,-22.2268],[-42.5419,-22.2235],[-42.5443,-22.2268],[-42.5444,-22.2268]]]}},{"type":"Feature","properties":{"cod_tema":"AREA_USO_RESTRITO_DECLIVIDADE_25_A_45","cod_imovel":"RJ-3303401-25E945E7B91B4B70A74692F10DD692A1","num_area":"2.5105000000000000000000000000000","ind_status":"AT"},"geometry":{"type":"Polygon","coordinates":[[[-42.5989,-22.2993],[-42.6012,-22.299],[-42.5989,-22.2992],[-42.5989,-22.2993]]]}},{"type":"Feature","properties":{"cod_tema":"AREA_USO_RESTRITO_DECLIVIDADE_25_A_45","cod_imovel":"RJ-3303401-28D4E3679DA343BDA78CC7B4DF6E6D0A","num_area":"24.084600000000000000000000000000","ind_status":"AT"},"geometry":{"type":"Polygon","coordinates":[[[-42.5794,-22.2039],[-42.574,-22.2057],[-42.5766,-22.2074],[-42.5798,-22.2039],[-42.5794,-22.2039]],[[-42.5815,-22.2072],[-42.5791,-22.2075],[-42.5806,-22.2038],[-42.5782,-22.2079],[-42.5808,-22.2074],[-42.5815,-22.2072]]]}},{"type":"Feature","properties":{"cod_tema":"AREA_USO_RESTRITO_DECLIVIDADE_25_A_45","cod_imovel":"RJ-3303401-295F77188AAF41B88F3B33AFA3DE026D","num_area":"4.6364000000000000000000000000000","ind_status":"AT"},"geometry":{"type":"Polygon","coordinates":[[[-42.6768,-22.2578],[-42.6731,-22.2596],[-42.6758,-22.2585],[-42.6768,-22.2578]],[[-42.673,-22.26],[-42.6765,-22.2601],[-42.6734,-22.2597],[-42.673,-22.26]]]}},{"type":"Feature","properties":{"cod_tema":"AREA_USO_RESTRITO_DECLIVIDADE_25_A_45","cod_imovel":"RJ-3303401-296ADD17B7094DF6A908D2605AC769E3","num_area":"3.8496000000000000000000000000000","ind_status":"AT"},"geometry":{"type":"Polygon","coordinates":[[[-42.663,-22.3259],[-42.6679,-22.3263],[-42.663,-22.3257],[-42.663,-22.3259]]]}},{"type":"Feature","properties":{"cod_tema":"AREA_USO_RESTRITO_DECLIVIDADE_25_A_45","cod_imovel":"RJ-3303401-2B44BF85B0D3418DAC91FBB389F867EC","num_area":"12.779000000000000000000000000000","ind_status":"AT"},"geometry":{"type":"Polygon","coordinates":[[[-42.5921,-22.2821],[-42.5946,-22.2803],[-42.5902,-22.2773],[-42.5921,-22.2821],[-42.5921,-22.2821]]]}},{"type":"Feature","properties":{"cod_tema":"AREA_USO_RESTRITO_DECLIVIDADE_25_A_45","cod_imovel":"RJ-3303401-2BBC2648166D4B80AE835BA640AC668E","num_area":"2.1030000000000000000000000000000","ind_status":"AT"},"geometry":{"type":"Polygon","coordinates":[[[-42.4423,-22.4258],[-42.4434,-22.4232],[-42.4415,-22.4256],[-42.4423,-22.4258]]]}},{"type":"Feature","properties":{"cod_tema":"AREA_USO_RESTRITO_DECLIVIDADE_25_A_45","cod_imovel":"RJ-3303401-2D4A455463FD4D4B909F4F8F93445E12","num_area":"6.7593000000000000000000000000000","ind_status":"AT"},"geometry":{"type":"Polygon","coordinates":[[[-42.4948,-22.4317],[-42.4931,-22.4334],[-42.4948,-22.4318],[-42.4948,-22.4317]],[[-42.4978,-22.4293],[-42.4952,-22.4315],[-42.4976,-22.4293],[-42.4978,-22.4293]]]}},{"type":"Feature","properties":{"cod_tema":"AREA_USO_RESTRITO_DECLIVIDADE_25_A_45","cod_imovel":"RJ-3303401-2E2DAD1B15EF43818566E3EF059108F4","num_area":"2.7237000000000000000000000000000","ind_status":"AT"},"geometry":{"type":"Polygon","coordinates":[[[-42.3633,-22.4021],[-42.3643,-22.4001],[-42.3633,-22.4021],[-42.3633,-22.4021]]]}},{"type":"Feature","properties":{"cod_tema":"AREA_USO_RESTRITO_DECLIVIDADE_25_A_45","cod_imovel":"RJ-3303401-2EAFD29059984A2D9DB12B6D63DEAE9E","num_area":"3.3663000000000000000000000000000","ind_status":"AT"},"geometry":{"type":"Polygon","coordinates":[[[-42.3902,-22.3702],[-42.3924,-22.3695],[-42.3903,-22.3702],[-42.3902,-22.3702]]]}},{"type":"Feature","properties":{"cod_tema":"AREA_USO_RESTRITO_DECLIVIDADE_25_A_45","cod_imovel":"RJ-3303401-3032372A02CC4D58B27B32A2C38DFA5A","num_area":"11.492100000000000000000000000000","ind_status":"AT"},"geometry":{"type":"Polygon","coordinates":[[[-42.6748,-22.2803],[-42.6743,-22.278],[-42.6747,-22.2801],[-42.6748,-22.2803]],[[-42.6684,-22.2758],[-42.6732,-22.2775],[-42.6684,-22.2758],[-42.6684,-22.2758]],[[-42.675,-22.2816],[-42.6714,-22.2792],[-42.6746,-22.2817],[-42.675,-22.2816]]]}},{"type":"Feature","properties":{"cod_tema":"AREA_USO_RESTRITO_DECLIVIDADE_25_A_45","cod_imovel":"RJ-3303401-30DA21E8AF4E4D4C9A35FA02FEBE01D9","num_area":"2.8431000000000000000000000000000","ind_status":"AT"},"geometry":{"type":"Polygon","coordinates":[[[-42.475,-22.2868],[-42.4723,-22.2869],[-42.4745,-22.2867],[-42.475,-22.2868]]]}},{"type":"Feature","properties":{"cod_tema":"AREA_USO_RESTRITO_DECLIVIDADE_25_A_45","cod_imovel":"RJ-3303401-31AB2A8998C644549A1C33A0EBCBCC07","num_area":"6.2759000000000000000000000000000","ind_status":"AT"},"geometry":{"type":"Polygon","coordinates":[[[-42.3287,-22.3017],[-42.3269,-22.304],[-42.3309,-22.2995],[-42.3287,-22.3015],[-42.3287,-22.3017]]]}},{"type":"Feature","properties":{"cod_tema":"AREA_USO_RESTRITO_DECLIVIDADE_25_A_45","cod_imovel":"RJ-3303401-31F2D2D9516446B4841BB56DAD233225","num_area":"18.862000000000000000000000000000","ind_status":"AT"},"geometry":{"type":"Polygon","coordinates":[[[-42.3769,-22.3379],[-42.3793,-22.3392],[-42.3767,-22.3377],[-42.3769,-22.3379]],[[-42.3801,-22.3397],[-42.3816,-22.3323],[-42.3772,-22.3364],[-42.3796,-22.3394],[-42.3801,-22.3397]]]}},{"type":"Feature","properties":{"cod_tema":"AREA_USO_RESTRITO_DECLIVIDADE_25_A_45","cod_imovel":"RJ-3303401-325426A71456453FBFDF183106872B7A","num_area":"15.171100000000000000000000000000","ind_status":"AT"},"geometry":{"type":"Polygon","coordinates":[[[-42.4948,-22.2605],[-42.4935,-22.2571],[-42.4946,-22.26],[-42.4948,-22.2605]],[[-42.4873,-22.2583],[-42.4943,-22.2606],[-42.4928,-22.2571],[-42.4873,-22.2582],[-42.4873,-22.2583]]]}},{"type":"Feature","properties":{"cod_tema":"AREA_USO_RESTRITO_DECLIVIDADE_25_A_45","cod_imovel":"RJ-3303401-33AC5F3E8D9E4CF39AF32FF1B1B9E444","num_area":"9.4451000000000000000000000000000","ind_status":"AT"},"geometry":{"type":"Polygon","coordinates":[[[-42.4824,-22.2056],[-42.4867,-22.2033],[-42.4818,-22.2041],[-42.4824,-22.2056]]]}},{"type":"Feature","properties":{"cod_tema":"AREA_USO_RESTRITO_DECLIVIDADE_25_A_45","cod_imovel":"RJ-3303401-33C530B1ED494C46B74300EA76B0068F","num_area":"8.0542000000000000000000000000000","ind_status":"AT"},"geometry":{"type":"Polygon","coordinates":[[[-42.504,-22.3303],[-42.5015,-22.3264],[-42.504,-22.3303],[-42.504,-22.3303]]]}},{"type":"Feature","properties":{"cod_tema":"AREA_USO_RESTRITO_DECLIVIDADE_25_A_45","cod_imovel":"RJ-3303401-348EC0BE14FA4E789D325B51DBF331B0","num_area":"11.503000000000000000000000000000","ind_status":"AT"},"geometry":{"type":"Polygon","coordinates":[[[-42.7144,-22.2825],[-42.7137,-22.2856],[-42.7168,-22.2841],[-42.7147,-22.2824],[-42.7144,-22.2825]]]}},{"type":"Feature","properties":{"cod_tema":"AREA_USO_RESTRITO_DECLIVIDADE_25_A_45","cod_imovel":"RJ-3303401-34ECECBFE30942288668A781117482D1","num_area":"6.2883000000000000000000000000000","ind_status":"AT"},"geometry":{"type":"Polygon","coordinates":[[[-42.3801,-22.3865],[-42.38,-22.3818],[-42.3772,-22.3817],[-42.3798,-22.3865],[-42.3801,-22.3865]]]}},{"type":"Feature","properties":{"cod_tema":"AREA_USO_RESTRITO_DECLIVIDADE_25_A_45","cod_imovel":"RJ-3303401-34F7982B265B4EE188CE90D5D22686FE","num_area":"8.5664000000000000000000000000000","ind_status":"AT"},"geometry":{"type":"Polygon","coordinates":[[[-42.3314,-22.3274],[-42.3322,-22.3249],[-42.3261,-22.3249],[-42.3314,-22.3275],[-42.3314,-22.3274]]]}},{"type":"Feature","properties":{"cod_tema":"AREA_USO_RESTRITO_DECLIVIDADE_25_A_45","cod_imovel":"RJ-3303401-36276097833D4607A1484F96BFFEB4A5","num_area":"7.9786000000000000000000000000000","ind_status":"AT"},"geometry":{"type":"Polygon","coordinates":[[[-42.3984,-22.3056],[-42.4031,-22.3064],[-42.3987,-22.3054],[-42.3984,-22.3056]]]}},{"type":"Feature","properties":{"cod_tema":"AREA_USO_RESTRITO_DECLIVIDADE_25_A_45","cod_imovel":"RJ-3303401-3687EB0E0BFB4ADA96865FC17CB0B3CF","num_area":"11.541900000000000000000000000000","ind_status":"AT"},"geometry":{"type":"Polygon","coordinates":[[[-42.6832,-22.2617],[-42.6831,-22.2565],[-42.6762,-22.2589],[-42.6824,-22.2577],[-42.6825,-22.2615],[-42.6832,-22.2617]]]}},{"type":"Feature","properties":{"cod_tema":"AREA_USO_RESTRITO_DECLIVIDADE_25_A_45","cod_imovel":"RJ-3303401-36917CF5AB184640B2C07B080C23D96C","num_area":"128.30790000000000000000000000000","ind_status":"AT"},"geometry":{"type":"Polygon","coordinates":[[[-42.4568,-22.4191],[-42.4516,-22.4203],[-42.4489,-22.4255],[-42.4573,-22.4239],[-42.4678,-22.4278],[-42.4661,-22.4181],[-42.46,-22.4185],[-42.4568,-22.4191]]]}},{"type":"Feature","properties":{"cod_tema":"AREA_USO_RESTRITO_DECLIVIDADE_25_A_45","cod_imovel":"RJ-3303401-37ACA11EB4CD468789DBB8621EA54679","num_area":"6.1851000000000000000000000000000","ind_status":"AT"},"geometry":{"type":"Polygon","coordinates":[[[-42.6029,-22.2289],[-42.6068,-22.2301],[-42.6027,-22.2283],[-42.6029,-22.2289]]]}},{"type":"Feature","properties":{"cod_tema":"AREA_USO_RESTRITO_DECLIVIDADE_25_A_45","cod_imovel":"RJ-3303401-37B88413B4414AEC893B0F09553B182C","num_area":"4.4263000000000000000000000000000","ind_status":"AT"},"geometry":{"type":"Polygon","coordinates":[[[-42.6353,-22.3246],[-42.6392,-22.3238],[-42.636,-22.3237],[-42.6353,-22.3246]]]}},{"type":"Feature","properties":{"cod_tema":"AREA_USO_RESTRITO_DECLIVIDADE_25_A_45","cod_imovel":"RJ-3303401-39316933E14847BD8F519C9E2092DDEC","num_area":"3.3669000000000000000000000000000","ind_status":"AT"},"geometry":{"type":"Polygon","coordinates":[[[-42.3709,-22.2955],[-42.3729,-22.297],[-42.3716,-22.2949],[-42.3709,-22.2955]]]}},{"type":"Feature","properties":{"cod_tema":"AREA_USO_RESTRITO_DECLIVIDADE_25_A_45","cod_imovel":"RJ-3303401-3B44AAB5F333482E9CC84EA7302698E5","num_area":"10.341200000000000000000000000000","ind_status":"AT"},"geometry":{"type":"Polygon","coordinates":[[[-42.2724,-22.312],[-42.2724,-22.3092],[-42.2683,-22.3128],[-42.2718,-22.3096],[-42.2724,-22.312],[-42.2724,-22.312]]]}},{"type":"Feature","properties":{"cod_tema":"AREA_USO_RESTRITO_DECLIVIDADE_25_A_45","cod_imovel":"RJ-3303401-3B7F846E7B4D4486B988221B21BD1EF7","num_area":"12.976200000000000000000000000000","ind_status":"AT"},"geometry":{"type":"Polygon","coordinates":[[[-42.4732,-22.3471],[-42.473,-22.3433],[-42.4738,-22.3464],[-42.4732,-22.3471]],[[-42.4708,-22.3394],[-42.4749,-22.341],[-42.4734,-22.3394],[-42.4708,-22.3394]]]}},{"type":"Feature","properties":{"cod_tema":"AREA_USO_RESTRITO_DECLIVIDADE_25_A_45","cod_imovel":"RJ-3303401-3B97B5D09F8B4197A7B796C716C37878","num_area":"20.757600000000000000000000000000","ind_status":"AT"},"geometry":{"type":"Polygon","coordinates":[[[-42.5862,-22.2114],[-42.5841,-22.2087],[-42.5798,-22.2101],[-42.5862,-22.2114],[-42.5862,-22.2114]],[[-42.5835,-22.2144],[-42.5809,-22.2154],[-42.584,-22.2144],[-42.5835,-22.2144]],[[-42.5809,-22.2154],[-42.5834,-22.2138],[-42.5799,-22.2145],[-42.5809,-22.2154]]]}},{"type":"Feature","properties":{"cod_tema":"AREA_USO_RESTRITO_DECLIVIDADE_25_A_45","cod_imovel":"RJ-3303401-3C210016E6A4414FADC86D380A388530","num_area":"4.3282000000000000000000000000000","ind_status":"AT"},"geometry":{"type":"Polygon","coordinates":[[[-42.6631,-22.2621],[-42.6625,-22.2642],[-42.6634,-22.2623],[-42.6631,-22.2621]],[[-42.6617,-22.2647],[-42.6648,-22.2635],[-42.6618,-22.2646],[-42.6617,-22.2647]]]}},{"type":"Feature","properties":{"cod_tema":"AREA_USO_RESTRITO_DECLIVIDADE_25_A_45","cod_imovel":"RJ-3303401-3DB9736807F74F288D04E8DCE3B400D6","num_area":"31.747100000000000000000000000000","ind_status":"AT"},"geometry":{"type":"Polygon","coordinates":[[[-42.4462,-22.2851],[-42.4378,-22.2802],[-42.4447,-22.2868],[-42.4488,-22.2887],[-42.449,-22.2866],[-42.4462,-22.2851]]]}},{"type":"Feature","properties":{"cod_tema":"AREA_USO_RESTRITO_DECLIVIDADE_25_A_45","cod_imovel":"RJ-3303401-3DCBBCF4EBE644E4A02B121A4F797846","num_area":"8.3967000000000000000000000000000","ind_status":"AT"},"geometry":{"type":"Polygon","coordinates":[[[-42.5571,-22.1931],[-42.5544,-22.1915],[-42.5571,-22.1931],[-42.5571,-22.1931]],[[-42.559,-22.1916],[-42.5564,-22.19],[-42.559,-22.1916],[-42.559,-22.1916]]]}},{"type":"Feature","properties":{"cod_tema":"AREA_USO_RESTRITO_DECLIVIDADE_25_A_45","cod_imovel":"RJ-3303401-3E01F78D224C42188CEA510C29067619","num_area":"18.510300000000000000000000000000","ind_status":"AT"},"geometry":{"type":"Polygon","coordinates":[[[-42.3873,-22.3107],[-42.3892,-22.3091],[-42.3854,-22.306],[-42.3851,-22.3104],[-42.3878,-22.3102],[-42.3873,-22.3107]],[[-42.3873,-22.3026],[-42.3849,-22.3049],[-42.3873,-22.3031],[-42.3873,-22.3026]],[[-42.3909,-22.3102],[-42.3884,-22.3083],[-42.3907,-22.3104],[-42.3909,-22.3102]]]}},{"type":"Feature","properties":{"cod_tema":"AREA_USO_RESTRITO_DECLIVIDADE_25_A_45","cod_imovel":"RJ-3303401-3E5F9C836A294581A08C8C554CBD1A69","num_area":"5.1411000000000000000000000000000","ind_status":"AT"},"geometry":{"type":"Polygon","coordinates":[[[-42.3636,-22.3964],[-42.3595,-22.3962],[-42.363,-22.3965],[-42.3636,-22.3964]]]}},{"type":"Feature","properties":{"cod_tema":"AREA_USO_RESTRITO_DECLIVIDADE_25_A_45","cod_imovel":"RJ-3303401-3EDEAEA90FE7407D9B311EAE5E723154","num_area":"4.2910000000000000000000000000000","ind_status":"AT"},"geometry":{"type":"Polygon","coordinates":[[[-42.4816,-22.387],[-42.4792,-22.3852],[-42.4802,-22.387],[-42.4816,-22.387]]]}},{"type":"Feature","properties":{"cod_tema":"AREA_USO_RESTRITO_DECLIVIDADE_25_A_45","cod_imovel":"RJ-3303401-3FDBCBDC9E754B6D80A5B8CD08A13DD7","num_area":"10.378800000000000000000000000000","ind_status":"AT"},"geometry":{"type":"Polygon","coordinates":[[[-42.6424,-22.2771],[-42.6479,-22.2734],[-42.6423,-22.2766],[-42.6424,-22.2771]]]}},{"type":"Feature","properties":{"cod_tema":"AREA_USO_RESTRITO_DECLIVIDADE_25_A_45","cod_imovel":"RJ-3303401-40A69DC4ED1B4E14B3FF512ADB32B463","num_area":"5.6798000000000000000000000000000","ind_status":"AT"},"geometry":{"type":"Polygon","coordinates":[[[-42.454,-22.3039],[-42.4543,-22.3013],[-42.452,-22.3033],[-42.454,-22.3039]]]}},{"type":"Feature","properties":{"cod_tema":"AREA_USO_RESTRITO_DECLIVIDADE_25_A_45","cod_imovel":"RJ-3303401-419C0A429B64488585C57158E892BB34","num_area":"2.6198000000000000000000000000000","ind_status":"AT"},"geometry":{"type":"Polygon","coordinates":[[[-42.6617,-22.2465],[-42.6618,-22.249],[-42.6617,-22.2465],[-42.6617,-22.2465]]]}},{"type":"Feature","properties":{"cod_tema":"AREA_USO_RESTRITO_DECLIVIDADE_25_A_45","cod_imovel":"RJ-3303401-42AF3C0B4AC1414392443FBA07F8BAB1","num_area":"3.5371000000000000000000000000000","ind_status":"AT"},"geometry":{"type":"Polygon","coordinates":[[[-42.4205,-22.3095],[-42.4213,-22.3121],[-42.4222,-22.3099],[-42.4205,-22.3095]]]}},{"type":"Feature","properties":{"cod_tema":"AREA_USO_RESTRITO_DECLIVIDADE_25_A_45","cod_imovel":"RJ-3303401-43D2B48BC9384AC4B1A22B46022C468B","num_area":"14.166200000000000000000000000000","ind_status":"AT"},"geometry":{"type":"Polygon","coordinates":[[[-42.4833,-22.4061],[-42.4846,-22.4046],[-42.48,-22.404],[-42.4833,-22.4058],[-42.4833,-22.4061]],[[-42.4781,-22.4038],[-42.4744,-22.4054],[-42.4808,-22.4089],[-42.4767,-22.4059],[-42.4781,-22.4041],[-42.4781,-22.4038]]]}},{"type":"Feature","properties":{"cod_tema":"AREA_USO_RESTRITO_DECLIVIDADE_25_A_45","cod_imovel":"RJ-3303401-443E3CA53C944F2EA1ED69221D274297","num_area":"39.828600000000000000000000000000","ind_status":"AT"},"geometry":{"type":"Polygon","coordinates":[[[-42.6493,-22.3822],[-42.6514,-22.3842],[-42.6483,-22.3875],[-42.6534,-22.3853],[-42.6493,-22.3822],[-42.6493,-22.3822]],[[-42.6544,-22.3876],[-42.6525,-22.3882],[-42.6544,-22.3876],[-42.6544,-22.3876]],[[-42.6491,-22.3817],[-42.6468,-22.3824],[-42.6487,-22.3822],[-42.6491,-22.3817]],[[-42.6495,-22.3903],[-42.6513,-22.389],[-42.6493,-22.3899],[-42.6495,-22.3903]],[[-42.6446,-22.3847],[-42.6481,-22.3859],[-42.6444,-22.3847],[-42.6446,-22.3847]]]}},{"type":"Feature","properties":{"cod_tema":"AREA_USO_RESTRITO_DECLIVIDADE_25_A_45","cod_imovel":"RJ-3303401-445A4170586546FFA39DFA0FAD402DC2","num_area":"3.0733000000000000000000000000000","ind_status":"AT"},"geometry":{"type":"Polygon","coordinates":[[[-42.3352,-22.3708],[-42.3385,-22.3695],[-42.3349,-22.3707],[-42.3352,-22.3708]]]}},{"type":"Feature","properties":{"cod_tema":"AREA_USO_RESTRITO_DECLIVIDADE_25_A_45","cod_imovel":"RJ-3303401-4486E3C8C09A43A391F8EC52B369CA3D","num_area":"1.2766000000000000000000000000000","ind_status":"AT"},"geometry":{"type":"Polygon","coordinates":[[[-42.3547,-22.3116],[-42.3556,-22.3093],[-42.3544,-22.3115],[-42.3547,-22.3116]]]}},{"type":"Feature","properties":{"cod_tema":"AREA_USO_RESTRITO_DECLIVIDADE_25_A_45","cod_imovel":"RJ-3303401-448B3AF21F304517B8681D5DACEB6DDA","num_area":"13.702900000000000000000000000000","ind_status":"AT"},"geometry":{"type":"Polygon","coordinates":[[[-42.6205,-22.3158],[-42.6179,-22.3163],[-42.6185,-22.3195],[-42.6208,-22.3161],[-42.6205,-22.3158]],[[-42.6191,-22.3204],[-42.6234,-22.3189],[-42.6193,-22.3202],[-42.6191,-22.3204]]]}},{"type":"Feature","properties":{"cod_tema":"AREA_USO_RESTRITO_DECLIVIDADE_25_A_45","cod_imovel":"RJ-3303401-459787171C8F4704B7CD83771C7CB0C2","num_area":"5.0965000000000000000000000000000","ind_status":"AT"},"geometry":{"type":"Polygon","coordinates":[[[-42.399,-22.3197],[-42.4012,-22.3211],[-42.399,-22.3197],[-42.399,-22.3197]]]}},{"type":"Feature","properties":{"cod_tema":"AREA_USO_RESTRITO_DECLIVIDADE_25_A_45","cod_imovel":"RJ-3303401-461A148AF7234E349902076267DE6B6D","num_area":"6.6325000000000000000000000000000","ind_status":"AT"},"geometry":{"type":"Polygon","coordinates":[[[-42.4088,-22.3161],[-42.4074,-22.3114],[-42.4087,-22.3155],[-42.4088,-22.3161]],[[-42.4061,-22.3122],[-42.4071,-22.315],[-42.4063,-22.3121],[-42.4061,-22.3122]]]}},{"type":"Feature","properties":{"cod_tema":"AREA_USO_RESTRITO_DECLIVIDADE_25_A_45","cod_imovel":"RJ-3303401-4625182A46E048B7A661CE41DCA1BF0D","num_area":"1.4763000000000000000000000000000","ind_status":"AT"},"geometry":{"type":"Polygon","coordinates":[[[-42.2982,-22.3729],[-42.2972,-22.3748],[-42.2985,-22.3729],[-42.2982,-22.3729]]]}},{"type":"Feature","properties":{"cod_tema":"AREA_USO_RESTRITO_DECLIVIDADE_25_A_45","cod_imovel":"RJ-3303401-465EA8064AE0456682D6AA2246C25C41","num_area":"8.0434000000000000000000000000000","ind_status":"AT"},"geometry":{"type":"Polygon","coordinates":[[[-42.6612,-22.2485],[-42.6605,-22.2446],[-42.656,-22.2447],[-42.6609,-22.2479],[-42.6612,-22.2485]]]}},{"type":"Feature","properties":{"cod_tema":"AREA_USO_RESTRITO_DECLIVIDADE_25_A_45","cod_imovel":"RJ-3303401-4A9145D2765D432B9F38A39C7F438727","num_area":"21.291900000000000000000000000000","ind_status":"AT"},"geometry":{"type":"Polygon","coordinates":[[[-42.6168,-22.204],[-42.6196,-22.2045],[-42.6172,-22.2035],[-42.6168,-22.204]],[[-42.6229,-22.2056],[-42.6204,-22.2041],[-42.6231,-22.2056],[-42.6229,-22.2056]],[[-42.6133,-22.2022],[-42.6179,-22.2034],[-42.6162,-22.2013],[-42.6194,-22.2],[-42.6135,-22.2017],[-42.6133,-22.2022]]]}},{"type":"Feature","properties":{"cod_tema":"AREA_USO_RESTRITO_DECLIVIDADE_25_A_45","cod_imovel":"RJ-3303401-4A583E5C3EBC4586B01D9C750F16BB7A","num_area":"5.4222000000000000000000000000000","ind_status":"AT"},"geometry":{"type":"Polygon","coordinates":[[[-42.4002,-22.301],[-42.395,-22.3011],[-42.4,-22.301],[-42.4002,-22.301]]]}},{"type":"Feature","properties":{"cod_tema":"AREA_USO_RESTRITO_DECLIVIDADE_25_A_45","cod_imovel":"RJ-3303401-4A7491C01358485BBB23AB4FB48AE9BC","num_area":"3.4022000000000000000000000000000","ind_status":"AT"},"geometry":{"type":"Polygon","coordinates":[[[-42.6027,-22.2518],[-42.5997,-22.2535],[-42.6026,-22.2522],[-42.6027,-22.2518]]]}},{"type":"Feature","properties":{"cod_tema":"AREA_USO_RESTRITO_DECLIVIDADE_25_A_45","cod_imovel":"RJ-3303401-4AF110514FDD4CDD9DEC624B160DD83D","num_area":"7.2034000000000000000000000000000","ind_status":"AT"},"geometry":{"type":"Polygon","coordinates":[[[-42.7081,-22.2859],[-42.7125,-22.2859],[-42.7036,-22.2862],[-42.708,-22.2859],[-42.7081,-22.2859]]]}},{"type":"Feature","properties":{"cod_tema":"AREA_USO_RESTRITO_DECLIVIDADE_25_A_45","cod_imovel":"RJ-3303401-4E3EF1018C8C4776AA36AF360708D929","num_area":"6.2674000000000000000000000000000","ind_status":"AT"},"geometry":{"type":"Polygon","coordinates":[[[-42.4562,-22.2857],[-42.4586,-22.2859],[-42.4564,-22.2858],[-42.4562,-22.2857]],[[-42.4568,-22.2879],[-42.4599,-22.2861],[-42.4566,-22.2871],[-42.4568,-22.2879]]]}},{"type":"Feature","properties":{"cod_tema":"AREA_USO_RESTRITO_DECLIVIDADE_25_A_45","cod_imovel":"RJ-3303401-4FC070DAD14F4B4DB5E59A03651F7155","num_area":"17.172600000000000000000000000000","ind_status":"AT"},"geometry":{"type":"Polygon","coordinates":[[[-42.5713,-22.3324],[-42.5665,-22.3373],[-42.572,-22.3334],[-42.5713,-22.3324]],[[-42.5728,-22.335],[-42.5699,-22.3362],[-42.5729,-22.3353],[-42.5728,-22.335]]]}},{"type":"Feature","properties":{"cod_tema":"AREA_USO_RESTRITO_DECLIVIDADE_25_A_45","cod_imovel":"RJ-3303401-4F736CDF690849AC8A81F77C011DA392","num_area":"2.6208000000000000000000000000000","ind_status":"AT"},"geometry":{"type":"Polygon","coordinates":[[[-42.3704,-22.2949],[-42.3726,-22.295],[-42.3704,-22.2948],[-42.3704,-22.2949]]]}},{"type":"Feature","properties":{"cod_tema":"AREA_USO_RESTRITO_DECLIVIDADE_25_A_45","cod_imovel":"RJ-3303401-4FCBB53114004E9A849858EB1C1FBA2E","num_area":"9.4121000000000000000000000000000","ind_status":"AT"},"geometry":{"type":"Polygon","coordinates":[[[-42.6422,-22.2186],[-42.6447,-22.2202],[-42.6434,-22.2181],[-42.6422,-22.2186]],[[-42.646,-22.2172],[-42.6439,-22.2178],[-42.6474,-22.2201],[-42.6461,-22.2172],[-42.646,-22.2172]]]}},{"type":"Feature","properties":{"cod_tema":"AREA_USO_RESTRITO_DECLIVIDADE_25_A_45","cod_imovel":"RJ-3303401-5030EE23130048F9B044A4F979322B82","num_area":"3.6738000000000000000000000000000","ind_status":"AT"},"geometry":{"type":"Polygon","coordinates":[[[-42.6051,-22.2601],[-42.608,-22.2612],[-42.6056,-22.26],[-42.6051,-22.2601]]]}},{"type":"Feature","properties":{"cod_tema":"AREA_USO_RESTRITO_DECLIVIDADE_25_A_45","cod_imovel":"RJ-3303401-51304FA559994760BC7F0E09A725582C","num_area":"21.086900000000000000000000000000","ind_status":"AT"},"geometry":{"type":"Polygon","coordinates":[[[-42.3089,-22.3202],[-42.3136,-22.3202],[-42.3145,-22.3172],[-42.3089,-22.3202],[-42.3089,-22.3202]],[[-42.3137,-22.315],[-42.3087,-22.3165],[-42.3124,-22.3149],[-42.313,-22.3179],[-42.3137,-22.315],[-42.3137,-22.315]]]}},{"type":"Feature","properties":{"cod_tema":"AREA_USO_RESTRITO_DECLIVIDADE_25_A_45","cod_imovel":"RJ-3303401-528E25B80A0944ED989F37BBF88C321A","num_area":"17.013200000000000000000000000000","ind_status":"AT"},"geometry":{"type":"Polygon","coordinates":[[[-42.4057,-22.4152],[-42.4121,-22.4176],[-42.4086,-22.4135],[-42.4059,-22.415],[-42.4057,-22.4152]],[[-42.4063,-22.4102],[-42.4044,-22.4121],[-42.4091,-22.4109],[-42.4066,-22.4102],[-42.4063,-22.4102]],[[-42.4062,-22.4123],[-42.4087,-22.4123],[-42.4062,-22.4123],[-42.4062,-22.4123]]]}},{"type":"Feature","properties":{"cod_tema":"AREA_USO_RESTRITO_DECLIVIDADE_25_A_45","cod_imovel":"RJ-3303401-539158D12D004A50A933F5E5F0654C5E","num_area":"9.3632000000000000000000000000000","ind_status":"AT"},"geometry":{"type":"Polygon","coordinates":[[[-42.5998,-22.2339],[-42.598,-22.232],[-42.5991,-22.2349],[-42.5998,-22.2339]]]}},{"type":"Feature","properties":{"cod_tema":"AREA_USO_RESTRITO_DECLIVIDADE_25_A_45","cod_imovel":"RJ-3303401-53ADE09BE3EF41A3BDAC65C959BDEE46","num_area":"9.4902000000000000000000000000000","ind_status":"AT"},"geometry":{"type":"Polygon","coordinates":[[[-42.4036,-22.2934],[-42.4027,-22.2909],[-42.4035,-22.2933],[-42.4036,-22.2934]],[[-42.4082,-22.2934],[-42.4038,-22.2903],[-42.4074,-22.2934],[-42.4082,-22.2934]]]}},{"type":"Feature","properties":{"cod_tema":"AREA_USO_RESTRITO_DECLIVIDADE_25_A_45","cod_imovel":"RJ-3303401-53C7647817594DD4888294B27C68E09E","num_area":"3.8576000000000000000000000000000","ind_status":"AT"},"geometry":{"type":"Polygon","coordinates":[[[-42.6538,-22.2149],[-42.6581,-22.2163],[-42.654,-22.2148],[-42.6538,-22.2149]]]}},{"type":"Feature","properties":{"cod_tema":"AREA_USO_RESTRITO_DECLIVIDADE_25_A_45","cod_imovel":"RJ-3303401-5583797BE54A482DA4C0B4E8B0C98E61","num_area":"3.1009000000000000000000000000000","ind_status":"AT"},"geometry":{"type":"Polygon","coordinates":[[[-42.4712,-22.2535],[-42.4723,-22.2557],[-42.4713,-22.2535],[-42.4712,-22.2535]]]}},{"type":"Feature","properties":{"cod_tema":"AREA_USO_RESTRITO_DECLIVIDADE_25_A_45","cod_imovel":"RJ-3303401-5595365C87B643F9A97D245FCF1E3EBA","num_area":"9.0499000000000000000000000000000","ind_status":"AT"},"geometry":{"type":"Polygon","coordinates":[[[-42.3874,-22.3194],[-42.3836,-22.3159],[-42.3873,-22.3194],[-42.3874,-22.3194]]]}},{"type":"Feature","properties":{"cod_tema":"AREA_USO_RESTRITO_DECLIVIDADE_25_A_45","cod_imovel":"RJ-3303401-56471EC3980D4F928D79E35446F0BADD","num_area":"6.9325000000000000000000000000000","ind_status":"AT"},"geometry":{"type":"Polygon","coordinates":[[[-42.6797,-22.2782],[-42.6781,-22.2727],[-42.6793,-22.2779],[-42.6797,-22.2782]]]}},{"type":"Feature","properties":{"cod_tema":"AREA_USO_RESTRITO_DECLIVIDADE_25_A_45","cod_imovel":"RJ-3303401-5676547B1ED94302B54B154D99AB14DB","num_area":"12.342200000000000000000000000000","ind_status":"AT"},"geometry":{"type":"Polygon","coordinates":[[[-42.5272,-22.1998],[-42.5293,-22.1986],[-42.5255,-22.195],[-42.5266,-22.1995],[-42.5272,-22.1998]]]}},{"type":"Feature","properties":{"cod_tema":"AREA_USO_RESTRITO_DECLIVIDADE_25_A_45","cod_imovel":"RJ-3303401-572B43B64CE045D9BE4E05073950CD34","num_area":"4.3753000000000000000000000000000","ind_status":"AT"},"geometry":{"type":"Polygon","coordinates":[[[-42.6598,-22.3296],[-42.6648,-22.3315],[-42.6616,-22.3294],[-42.6598,-22.3296]]]}},{"type":"Feature","properties":{"cod_tema":"AREA_USO_RESTRITO_DECLIVIDADE_25_A_45","cod_imovel":"RJ-3303401-5854F9C99F5E4B06A3C726A54BB77180","num_area":"6.0635000000000000000000000000000","ind_status":"AT"},"geometry":{"type":"Polygon","coordinates":[[[-42.4495,-22.4069],[-42.4476,-22.4046],[-42.4485,-22.4071],[-42.4495,-22.4069]]]}},{"type":"Feature","properties":{"cod_tema":"AREA_USO_RESTRITO_DECLIVIDADE_25_A_45","cod_imovel":"RJ-3303401-5AA74B8488814E64B049EB43050F368B","num_area":"4.1339000000000000000000000000000","ind_status":"AT"},"geometry":{"type":"Polygon","coordinates":[[[-42.6632,-22.2886],[-42.6662,-22.2882],[-42.6636,-22.2882],[-42.6632,-22.2886]]]}},{"type":"Feature","properties":{"cod_tema":"AREA_USO_RESTRITO_DECLIVIDADE_25_A_45","cod_imovel":"RJ-3303401-5BF24706139E4BCFA5BB7A00122C2C48","num_area":"8.8175000000000000000000000000000","ind_status":"AT"},"geometry":{"type":"Polygon","coordinates":[[[-42.6351,-22.318],[-42.6341,-22.3139],[-42.6357,-22.3165],[-42.632,-22.3173],[-42.6348,-22.3181],[-42.6351,-22.318]]]}},{"type":"Feature","properties":{"cod_tema":"AREA_USO_RESTRITO_DECLIVIDADE_25_A_45","cod_imovel":"RJ-3303401-60530344DC21481F939E58A6A769F1B1","num_area":"6.5272000000000000000000000000000","ind_status":"AT"},"geometry":{"type":"Polygon","coordinates":[[[-42.3614,-22.3306],[-42.3582,-22.3285],[-42.357,-22.3309],[-42.3598,-22.3304],[-42.3614,-22.3306]]]}},{"type":"Feature","properties":{"cod_tema":"AREA_USO_RESTRITO_DECLIVIDADE_25_A_45","cod_imovel":"RJ-3303401-5D8E4657A0CB45D2A50BE6C817A8F327","num_area":"3.4623000000000000000000000000000","ind_status":"AT"},"geometry":{"type":"Polygon","coordinates":[[[-42.6134,-22.2081],[-42.6165,-22.2078],[-42.6137,-22.2081],[-42.6134,-22.2081]]]}},{"type":"Feature","properties":{"cod_tema":"AREA_USO_RESTRITO_DECLIVIDADE_25_A_45","cod_imovel":"RJ-3303401-5DBFAF19E98A416AA3F08BA3CB2A3971","num_area":"11.458700000000000000000000000000","ind_status":"AT"},"geometry":{"type":"Polygon","coordinates":[[[-42.4147,-22.2925],[-42.4123,-22.2894],[-42.4141,-22.2944],[-42.4181,-22.2951],[-42.4163,-22.2926],[-42.4147,-22.2925]]]}},{"type":"Feature","properties":{"cod_tema":"AREA_USO_RESTRITO_DECLIVIDADE_25_A_45","cod_imovel":"RJ-3303401-5DEC603B840342DEA53D56C5FBFEC908","num_area":"9.1231000000000000000000000000000","ind_status":"AT"},"geometry":{"type":"Polygon","coordinates":[[[-42.4974,-22.1913],[-42.4971,-22.1889],[-42.4974,-22.1911],[-42.4974,-22.1913]],[[-42.4992,-22.1884],[-42.4971,-22.1858],[-42.4988,-22.1884],[-42.4992,-22.1884]]]}},{"type":"Feature","properties":{"cod_tema":"AREA_USO_RESTRITO_DECLIVIDADE_25_A_45","cod_imovel":"RJ-3303401-5E439A3D4CC741FEB1534957A0E54496","num_area":"12.237800000000000000000000000000","ind_status":"AT"},"geometry":{"type":"Polygon","coordinates":[[[-42.5341,-22.1614],[-42.5335,-22.158],[-42.5339,-22.1613],[-42.5341,-22.1614]]]}},{"type":"Feature","properties":{"cod_tema":"AREA_USO_RESTRITO_DECLIVIDADE_25_A_45","cod_imovel":"RJ-3303401-5E479A85B0E544708EFD22EB82F01301","num_area":"2.9119000000000000000000000000000","ind_status":"AT"},"geometry":{"type":"Polygon","coordinates":[[[-42.5833,-22.3245],[-42.5859,-22.3271],[-42.5839,-22.325],[-42.5833,-22.3245]]]}},{"type":"Feature","properties":{"cod_tema":"AREA_USO_RESTRITO_DECLIVIDADE_25_A_45","cod_imovel":"RJ-3303401-5E9CA259AFFD4D8D9D60B8990F4F8B68","num_area":"12.889900000000000000000000000000","ind_status":"AT"},"geometry":{"type":"Polygon","coordinates":[[[-42.2892,-22.297],[-42.2899,-22.2934],[-42.2873,-22.2932],[-42.2889,-22.297],[-42.2892,-22.297]]]}},{"type":"Feature","properties":{"cod_tema":"AREA_USO_RESTRITO_DECLIVIDADE_25_A_45","cod_imovel":"RJ-3303401-602AAEBEF3734B3AAB348CFF04656C3C","num_area":"0.9970000000000000000000000000000","ind_status":"AT"},"geometry":{"type":"Polygon","coordinates":[[[-42.4566,-22.253],[-42.4544,-22.2535],[-42.4573,-22.2536],[-42.4566,-22.253]]]}},{"type":"Feature","properties":{"cod_tema":"AREA_USO_RESTRITO_DECLIVIDADE_25_A_45","cod_imovel":"RJ-3303401-649A2C9AF8754C4CA171290F6FDC8500","num_area":"3.2531000000000000000000000000000","ind_status":"AT"},"geometry":{"type":"Polygon","coordinates":[[[-42.4952,-22.3452],[-42.4924,-22.3467],[-42.4952,-22.3453],[-42.4952,-22.3452]]]}},{"type":"Feature","properties":{"cod_tema":"AREA_USO_RESTRITO_DECLIVIDADE_25_A_45","cod_imovel":"RJ-3303401-65F855274C3640D0AACCA53E329DCEC7","num_area":"1.6211000000000000000000000000000","ind_status":"AT"},"geometry":{"type":"Polygon","coordinates":[[[-42.6173,-22.2794],[-42.6203,-22.2816],[-42.6172,-22.2793],[-42.6173,-22.2794]]]}},{"type":"Feature","properties":{"cod_tema":"AREA_USO_RESTRITO_DECLIVIDADE_25_A_45","cod_imovel":"RJ-3303401-6799BD52143C46BAAC74188C27A1F554","num_area":"4.0732000000000000000000000000000","ind_status":"AT"},"geometry":{"type":"Polygon","coordinates":[[[-42.4462,-22.2528],[-42.4446,-22.251],[-42.446,-22.2525],[-42.4462,-22.2528]]]}},{"type":"Feature","properties":{"cod_tema":"AREA_USO_RESTRITO_DECLIVIDADE_25_A_45","cod_imovel":"RJ-3303401-6BB80D71A3A047D6A39FEA2FB646A44B","num_area":"8.0106000000000000000000000000000","ind_status":"AT"},"geometry":{"type":"Polygon","coordinates":[[[-42.4571,-22.3675],[-42.4552,-22.3639],[-42.4567,-22.3675],[-42.4571,-22.3675]]]}},{"type":"Feature","properties":{"cod_tema":"AREA_USO_RESTRITO_DECLIVIDADE_25_A_45","cod_imovel":"RJ-3303401-6D09652D6751412FA756838EC9F96846","num_area":"24.167700000000000000000000000000","ind_status":"AT"},"geometry":{"type":"Polygon","coordinates":[[[-42.5013,-22.3357],[-42.4976,-22.34],[-42.5028,-22.3371],[-42.5013,-22.3357],[-42.5013,-22.3357]],[[-42.4996,-22.3413],[-42.5057,-22.3419],[-42.5055,-22.339],[-42.5029,-22.3378],[-42.4996,-22.3411],[-42.4996,-22.3413]]]}},{"type":"Feature","properties":{"cod_tema":"AREA_USO_RESTRITO_DECLIVIDADE_25_A_45","cod_imovel":"RJ-3303401-6D8B74DCB7A043B69454B775400AB9CE","num_area":"4.1461000000000000000000000000000","ind_status":"AT"},"geometry":{"type":"Polygon","coordinates":[[[-42.3644,-22.3322],[-42.3633,-22.3357],[-42.3668,-22.3349],[-42.3648,-22.3327],[-42.3644,-22.3322]]]}},{"type":"Feature","properties":{"cod_tema":"AREA_USO_RESTRITO_DECLIVIDADE_25_A_45","cod_imovel":"RJ-3303401-6DD2FF58412941F5921FB26586762694","num_area":"2.4343000000000000000000000000000","ind_status":"AT"},"geometry":{"type":"Polygon","coordinates":[[[-42.5331,-22.3298],[-42.5357,-22.3313],[-42.5332,-22.3297],[-42.5331,-22.3298]]]}},{"type":"Feature","properties":{"cod_tema":"AREA_USO_RESTRITO_DECLIVIDADE_25_A_45","cod_imovel":"RJ-3303401-6DD3E30350544825B816364EBFD889C7","num_area":"55.622300000000000000000000000000","ind_status":"AT"},"geometry":{"type":"Polygon","coordinates":[[[-42.633,-22.3547],[-42.6231,-22.3586],[-42.6329,-22.3551],[-42.633,-22.3547]],[[-42.6163,-22.3627],[-42.6119,-22.3648],[-42.6267,-22.3635],[-42.618,-22.3622],[-42.6216,-22.36],[-42.6172,-22.3616],[-42.6186,-22.359],[-42.6163,-22.3626],[-42.6163,-22.3627]]]}},{"type":"Feature","properties":{"cod_tema":"AREA_USO_RESTRITO_DECLIVIDADE_25_A_45","cod_imovel":"RJ-3303401-733360785B84413EB7DDB88EE9B141C8","num_area":"36.996400000000000000000000000000","ind_status":"AT"},"geometry":{"type":"Polygon","coordinates":[[[-42.3549,-22.395],[-42.3585,-22.3946],[-42.3542,-22.392],[-42.3535,-22.3947],[-42.3549,-22.395]],[[-42.3546,-22.3895],[-42.3589,-22.3941],[-42.3627,-22.392],[-42.3559,-22.3896],[-42.3546,-22.3895]]]}},{"type":"Feature","properties":{"cod_tema":"AREA_USO_RESTRITO_DECLIVIDADE_25_A_45","cod_imovel":"RJ-3303401-6FF50EAB27EB492AA97841168541447D","num_area":"8.1197000000000000000000000000000","ind_status":"AT"},"geometry":{"type":"Polygon","coordinates":[[[-42.6569,-22.2211],[-42.66,-22.2208],[-42.657,-22.221],[-42.6569,-22.2211]]]}},{"type":"Feature","properties":{"cod_tema":"AREA_USO_RESTRITO_DECLIVIDADE_25_A_45","cod_imovel":"RJ-3303401-702C50CFEAA14170AB876AB110EA9FEE","num_area":"10.450900000000000000000000000000","ind_status":"AT"},"geometry":{"type":"Polygon","coordinates":[[[-42.465,-22.3108],[-42.4645,-22.3074],[-42.465,-22.3107],[-42.465,-22.3108]],[[-42.4664,-22.3081],[-42.4674,-22.3062],[-42.4659,-22.3079],[-42.4664,-22.3081]]]}},{"type":"Feature","properties":{"cod_tema":"AREA_USO_RESTRITO_DECLIVIDADE_25_A_45","cod_imovel":"RJ-3303401-720E01FE3D4542FCACEC1030AFE62E60","num_area":"7.0954000000000000000000000000000","ind_status":"AT"},"geometry":{"type":"Polygon","coordinates":[[[-42.4308,-22.4299],[-42.4333,-22.4291],[-42.4297,-22.4295],[-42.4308,-22.4299]]]}},{"type":"Feature","properties":{"cod_tema":"AREA_USO_RESTRITO_DECLIVIDADE_25_A_45","cod_imovel":"RJ-3303401-723757E21EF14DEBA82602357729F18C","num_area":"17.440500000000000000000000000000","ind_status":"AT"},"geometry":{"type":"Polygon","coordinates":[[[-42.6262,-22.2949],[-42.623,-22.2889],[-42.6221,-22.2944],[-42.6256,-22.295],[-42.6262,-22.2949]]]}},{"type":"Feature","properties":{"cod_tema":"AREA_USO_RESTRITO_DECLIVIDADE_25_A_45","cod_imovel":"RJ-3303401-74514EEF0ECC45C89AAE3285EAA9A6D8","num_area":"7.6413000000000000000000000000000","ind_status":"AT"},"geometry":{"type":"Polygon","coordinates":[[[-42.2815,-22.3187],[-42.2799,-22.317],[-42.2773,-22.3198],[-42.2812,-22.3187],[-42.2815,-22.3187]],[[-42.2811,-22.3159],[-42.2841,-22.317],[-42.2811,-22.3159],[-42.2811,-22.3159]]]}},{"type":"Feature","properties":{"cod_tema":"AREA_USO_RESTRITO_DECLIVIDADE_25_A_45","cod_imovel":"RJ-3303401-768DDD7B1F164881A35E3F70C943330D","num_area":"12.933500000000000000000000000000","ind_status":"AT"},"geometry":{"type":"Polygon","coordinates":[[[-42.5009,-22.3072],[-42.4989,-22.3054],[-42.5004,-22.3073],[-42.5009,-22.3072]],[[-42.4949,-22.3084],[-42.5009,-22.3083],[-42.4961,-22.3054],[-42.4948,-22.3075],[-42.4949,-22.3084]]]}},{"type":"Feature","properties":{"cod_tema":"AREA_USO_RESTRITO_DECLIVIDADE_25_A_45","cod_imovel":"RJ-3303401-76E3EC42780140D3BD6028A1DEECB89A","num_area":"38.099800000000000000000000000000","ind_status":"AT"},"geometry":{"type":"Polygon","coordinates":[[[-42.6375,-22.2793],[-42.6353,-22.2811],[-42.6373,-22.2793],[-42.6375,-22.2793]],[[-42.6282,-22.2864],[-42.6331,-22.2861],[-42.6288,-22.2864],[-42.6282,-22.2864]],[[-42.6289,-22.2926],[-42.6273,-22.2864],[-42.6287,-22.2926],[-42.6289,-22.2926]],[[-42.63,-22.279],[-42.6293,-22.2812],[-42.6338,-22.2811],[-42.634,-22.2782],[-42.6303,-22.279],[-42.63,-22.279]]]}},{"type":"Feature","properties":{"cod_tema":"AREA_USO_RESTRITO_DECLIVIDADE_25_A_45","cod_imovel":"RJ-3303401-775F130EE3094ACFB581322C1705877A","num_area":"4.2165000000000000000000000000000","ind_status":"AT"},"geometry":{"type":"Polygon","coordinates":[[[-42.6534,-22.2513],[-42.657,-22.2524],[-42.6528,-22.2504],[-42.6534,-22.2513]]]}},{"type":"Feature","properties":{"cod_tema":"AREA_USO_RESTRITO_DECLIVIDADE_25_A_45","cod_imovel":"RJ-3303401-7937BD10CB6E43FC8D705341669C8577","num_area":"7.3701000000000000000000000000000","ind_status":"AT"},"geometry":{"type":"Polygon","coordinates":[[[-42.6045,-22.2548],[-42.603,-22.2572],[-42.6047,-22.2548],[-42.6045,-22.2548]],[[-42.6032,-22.2573],[-42.6062,-22.2554],[-42.6033,-22.2568],[-42.6032,-22.2573]]]}},{"type":"Feature","properties":{"cod_tema":"AREA_USO_RESTRITO_DECLIVIDADE_25_A_45","cod_imovel":"RJ-3303401-7998A98091B04B209C8BABDCAA84B701","num_area":"4.6228000000000000000000000000000","ind_status":"AT"},"geometry":{"type":"Polygon","coordinates":[[[-42.6625,-22.3107],[-42.66,-22.3116],[-42.6632,-22.3109],[-42.6625,-22.3107]]]}},{"type":"Feature","properties":{"cod_tema":"AREA_USO_RESTRITO_DECLIVIDADE_25_A_45","cod_imovel":"RJ-3303401-7A39F66C9804463BB8097A2D4C2D90AC","num_area":"5.4396000000000000000000000000000","ind_status":"AT"},"geometry":{"type":"Polygon","coordinates":[[[-42.4758,-22.2336],[-42.4774,-22.2305],[-42.4757,-22.2334],[-42.4758,-22.2336]]]}},{"type":"Feature","properties":{"cod_tema":"AREA_USO_RESTRITO_DECLIVIDADE_25_A_45","cod_imovel":"RJ-3303401-7B7184D613CC46BE82E119F9362713FD","num_area":"38.220400000000000000000000000000","ind_status":"AT"},"geometry":{"type":"Polygon","coordinates":[[[-42.6047,-22.2217],[-42.6026,-22.2224],[-42.6047,-22.2221],[-42.6047,-22.2217]],[[-42.6048,-22.2196],[-42.6028,-22.2204],[-42.6052,-22.2196],[-42.6048,-22.2196]],[[-42.5959,-22.2183],[-42.592,-22.2192],[-42.5961,-22.2185],[-42.5959,-22.2183]],[[-42.5982,-22.2204],[-42.5977,-22.2276],[-42.6063,-22.2221],[-42.6013,-22.2217],[-42.5969,-22.2258],[-42.5992,-22.2215],[-42.5982,-22.2204]]]}},{"type":"Feature","properties":{"cod_tema":"AREA_USO_RESTRITO_DECLIVIDADE_25_A_45","cod_imovel":"RJ-3303401-7E117CB6D80D4649BF5A60D80C4EB614","num_area":"6.1010000000000000000000000000000","ind_status":"AT"},"geometry":{"type":"Polygon","coordinates":[[[-42.6704,-22.2691],[-42.6685,-22.2665],[-42.6704,-22.2695],[-42.6704,-22.2691]]]}},{"type":"Feature","properties":{"cod_tema":"AREA_USO_RESTRITO_DECLIVIDADE_25_A_45","cod_imovel":"RJ-3303401-7E22AEF4D67643C79E465B97471AA5BB","num_area":"10.278800000000000000000000000000","ind_status":"AT"},"geometry":{"type":"Polygon","coordinates":[[[-42.3757,-22.3307],[-42.3766,-22.3362],[-42.3801,-22.3319],[-42.376,-22.3308],[-42.3757,-22.3307]]]}},{"type":"Feature","properties":{"cod_tema":"AREA_USO_RESTRITO_DECLIVIDADE_25_A_45","cod_imovel":"RJ-3303401-7E8D373145DA4854A1EA61CDAC1C677A","num_area":"14.154600000000000000000000000000","ind_status":"AT"},"geometry":{"type":"Polygon","coordinates":[[[-42.5576,-22.2435],[-42.5577,-22.2412],[-42.5525,-22.243],[-42.5577,-22.2435],[-42.5576,-22.2435]]]}},{"type":"Feature","properties":{"cod_tema":"AREA_USO_RESTRITO_DECLIVIDADE_25_A_45","cod_imovel":"RJ-3303401-7FD4115634034609B6A44D515D2565B8","num_area":"7.7074000000000000000000000000000","ind_status":"AT"},"geometry":{"type":"Polygon","coordinates":[[[-42.2296,-22.3455],[-42.2289,-22.349],[-42.2326,-22.3482],[-42.2297,-22.3458],[-42.2296,-22.3455]]]}},{"type":"Feature","properties":{"cod_tema":"AREA_USO_RESTRITO_DECLIVIDADE_25_A_45","cod_imovel":"RJ-3303401-807193B961FC46A993F555AF2674B132","num_area":"2.1592000000000000000000000000000","ind_status":"AT"},"geometry":{"type":"Polygon","coordinates":[[[-42.4823,-22.2562],[-42.4843,-22.2568],[-42.4823,-22.2561],[-42.4823,-22.2562]]]}},{"type":"Feature","properties":{"cod_tema":"AREA_USO_RESTRITO_DECLIVIDADE_25_A_45","cod_imovel":"RJ-3303401-8225470F0A1B4BA6B9DB2A1C3951E8D9","num_area":"6.2304000000000000000000000000000","ind_status":"AT"},"geometry":{"type":"Polygon","coordinates":[[[-42.6013,-22.2635],[-42.6003,-22.2666],[-42.6035,-22.2649],[-42.6013,-22.2635],[-42.6013,-22.2635]]]}},{"type":"Feature","properties":{"cod_tema":"AREA_USO_RESTRITO_DECLIVIDADE_25_A_45","cod_imovel":"RJ-3303401-8345E85B95E2455B9CAF4483A57FD271","num_area":"3.1156000000000000000000000000000","ind_status":"AT"},"geometry":{"type":"Polygon","coordinates":[[[-42.5741,-22.2902],[-42.5759,-22.2889],[-42.5741,-22.29],[-42.5741,-22.2902]]]}},{"type":"Feature","properties":{"cod_tema":"AREA_USO_RESTRITO_DECLIVIDADE_25_A_45","cod_imovel":"RJ-3303401-834F7B420E824FE9845E4A3BF32AFD10","num_area":"3.9509000000000000000000000000000","ind_status":"AT"},"geometry":{"type":"Polygon","coordinates":[[[-42.6272,-22.354],[-42.6272,-22.351],[-42.6269,-22.3539],[-42.6272,-22.354]]]}},{"type":"Feature","properties":{"cod_tema":"AREA_USO_RESTRITO_DECLIVIDADE_25_A_45","cod_imovel":"RJ-3303401-83D543E0B345497BB2DB020438AF8510","num_area":"6.7282000000000000000000000000000","ind_status":"AT"},"geometry":{"type":"Polygon","coordinates":[[[-42.4696,-22.4109],[-42.4689,-22.4071],[-42.4677,-22.4099],[-42.4696,-22.4109]]]}},{"type":"Feature","properties":{"cod_tema":"AREA_USO_RESTRITO_DECLIVIDADE_25_A_45","cod_imovel":"RJ-3303401-83F67A6B5F634A44ADB9A84E25765DE7","num_area":"3.1229000000000000000000000000000","ind_status":"AT"},"geometry":{"type":"Polygon","coordinates":[[[-42.6784,-22.3053],[-42.6806,-22.3066],[-42.6784,-22.3052],[-42.6784,-22.3053]]]}},{"type":"Feature","properties":{"cod_tema":"AREA_USO_RESTRITO_DECLIVIDADE_25_A_45","cod_imovel":"RJ-3303401-8469AD45C4C94E44B3AF4E6161D368C8","num_area":"6.7156000000000000000000000000000","ind_status":"AT"},"geometry":{"type":"Polygon","coordinates":[[[-42.6829,-22.2774],[-42.6806,-22.2754],[-42.6797,-22.2782],[-42.6821,-22.2779],[-42.6829,-22.2774]]]}},{"type":"Feature","properties":{"cod_tema":"AREA_USO_RESTRITO_DECLIVIDADE_25_A_45","cod_imovel":"RJ-3303401-84ADFA8756D74B769B8A134064FFF243","num_area":"4.7760000000000000000000000000000","ind_status":"AT"},"geometry":{"type":"Polygon","coordinates":[[[-42.5174,-22.359],[-42.5147,-22.3604],[-42.5178,-22.3591],[-42.5174,-22.359]]]}},{"type":"Feature","properties":{"cod_tema":"AREA_USO_RESTRITO_DECLIVIDADE_25_A_45","cod_imovel":"RJ-3303401-84B724DEBA084A2EA355E83C5070A636","num_area":"2.9364000000000000000000000000000","ind_status":"AT"},"geometry":{"type":"Polygon","coordinates":[[[-42.4068,-22.3221],[-42.4089,-22.3218],[-42.4069,-22.3221],[-42.4068,-22.3221]]]}},{"type":"Feature","properties":{"cod_tema":"AREA_USO_RESTRITO_DECLIVIDADE_25_A_45","cod_imovel":"RJ-3303401-869E801BE60D47B69399740AF4D2D399","num_area":"36.069900000000000000000000000000","ind_status":"AT"},"geometry":{"type":"Polygon","coordinates":[[[-42.4805,-22.1867],[-42.4882,-22.1939],[-42.4805,-22.1867],[-42.4805,-22.1867]],[[-42.4822,-22.1864],[-42.4873,-22.1921],[-42.4897,-22.1904],[-42.4822,-22.1864]]]}},{"type":"Feature","properties":{"cod_tema":"AREA_USO_RESTRITO_DECLIVIDADE_25_A_45","cod_imovel":"RJ-3303401-86A3FA4F5E6048B3A3AC6DBB359E4929","num_area":"15.192300000000000000000000000000","ind_status":"AT"},"geometry":{"type":"Polygon","coordinates":[[[-42.4897,-22.3023],[-42.4943,-22.2999],[-42.4891,-22.2991],[-42.4897,-22.302],[-42.4897,-22.3023]]]}},{"type":"Feature","properties":{"cod_tema":"AREA_USO_RESTRITO_DECLIVIDADE_25_A_45","cod_imovel":"RJ-3303401-885E75C6348C4759A3F4809320C26EA9","num_area":"9.9662000000000000000000000000000","ind_status":"AT"},"geometry":{"type":"Polygon","coordinates":[[[-42.4619,-22.2874],[-42.4652,-22.2882],[-42.4625,-22.2874],[-42.4619,-22.2874]],[[-42.4611,-22.2874],[-42.4652,-22.2893],[-42.4613,-22.2874],[-42.4611,-22.2874]],[[-42.4678,-22.2885],[-42.465,-22.2884],[-42.4676,-22.2887],[-42.4678,-22.2885]]]}},{"type":"Feature","properties":{"cod_tema":"AREA_USO_RESTRITO_DECLIVIDADE_25_A_45","cod_imovel":"RJ-3303401-889EAEF605EF4EE7982AACFFCA0AC66B","num_area":"7.7347000000000000000000000000000","ind_status":"AT"},"geometry":{"type":"Polygon","coordinates":[[[-42.5801,-22.2313],[-42.58,-22.2344],[-42.5804,-22.2312],[-42.5801,-22.2313]]]}},{"type":"Feature","properties":{"cod_tema":"AREA_USO_RESTRITO_DECLIVIDADE_25_A_45","cod_imovel":"RJ-3303401-88FB827536234682ACE337F37A85E2C2","num_area":"8.9239000000000000000000000000000","ind_status":"AT"},"geometry":{"type":"Polygon","coordinates":[[[-42.3839,-22.3017],[-42.3817,-22.3045],[-42.3849,-22.303],[-42.3839,-22.3017]]]}},{"type":"Feature","properties":{"cod_tema":"AREA_USO_RESTRITO_DECLIVIDADE_25_A_45","cod_imovel":"RJ-3303401-8A3CE211FADA43B7B6105ED94F6CDAFC","num_area":"1.5930000000000000000000000000000","ind_status":"AT"},"geometry":{"type":"Polygon","coordinates":[[[-42.4942,-22.2045],[-42.493,-22.2065],[-42.4947,-22.2042],[-42.4942,-22.2045]]]}},{"type":"Feature","properties":{"cod_tema":"AREA_USO_RESTRITO_DECLIVIDADE_25_A_45","cod_imovel":"RJ-3303401-8B77A416D1D44EED93D90797BCB6E52D","num_area":"1.4240000000000000000000000000000","ind_status":"AT"},"geometry":{"type":"Polygon","coordinates":[[[-42.6572,-22.2954],[-42.6599,-22.2955],[-42.6578,-22.2952],[-42.6572,-22.2954]]]}},{"type":"Feature","properties":{"cod_tema":"AREA_USO_RESTRITO_DECLIVIDADE_25_A_45","cod_imovel":"RJ-3303401-8CAD583518C449DEAFC7EFD18F4AAC5A","num_area":"2.2911000000000000000000000000000","ind_status":"AT"},"geometry":{"type":"Polygon","coordinates":[[[-42.5753,-22.3454],[-42.5778,-22.3445],[-42.5753,-22.3452],[-42.5753,-22.3454]]]}},{"type":"Feature","properties":{"cod_tema":"AREA_USO_RESTRITO_DECLIVIDADE_25_A_45","cod_imovel":"RJ-3303401-8D68A77F8205492B95660F701E521EF3","num_area":"6.0334000000000000000000000000000","ind_status":"AT"},"geometry":{"type":"Polygon","coordinates":[[[-42.6523,-22.2146],[-42.6486,-22.2158],[-42.651,-22.2155],[-42.6523,-22.2146]]]}},{"type":"Feature","properties":{"cod_tema":"AREA_USO_RESTRITO_DECLIVIDADE_25_A_45","cod_imovel":"RJ-3303401-8E6B99D63C194604BE0BE6BD16FF3607","num_area":"1.4158000000000000000000000000000","ind_status":"AT"},"geometry":{"type":"Polygon","coordinates":[[[-42.6189,-22.2804],[-42.6158,-22.2798],[-42.6184,-22.2803],[-42.6189,-22.2804]]]}},{"type":"Feature","properties":{"cod_tema":"AREA_USO_RESTRITO_DECLIVIDADE_25_A_45","cod_imovel":"RJ-3303401-9121E47C1F8D42E18A0F8EEB23482968","num_area":"8.2662000000000000000000000000000","ind_status":"AT"},"geometry":{"type":"Polygon","coordinates":[[[-42.6427,-22.3055],[-42.6405,-22.3039],[-42.6427,-22.3055],[-42.6427,-22.3055]],[[-42.6461,-22.3076],[-42.642,-22.3079],[-42.6453,-22.3072],[-42.6461,-22.3076]]]}},{"type":"Feature","properties":{"cod_tema":"AREA_USO_RESTRITO_DECLIVIDADE_25_A_45","cod_imovel":"RJ-3303401-92C0A1124FB340A29C1803B8D28C1F5A","num_area":"22.663400000000000000000000000000","ind_status":"AT"},"geometry":{"type":"Polygon","coordinates":[[[-42.5465,-22.3585],[-42.5483,-22.3607],[-42.5524,-22.3546],[-42.5469,-22.3585],[-42.5465,-22.3585]]]}},{"type":"Feature","properties":{"cod_tema":"AREA_USO_RESTRITO_DECLIVIDADE_25_A_45","cod_imovel":"RJ-3303401-94E53555C2034B5293269629446E22A0","num_area":"14.364600000000000000000000000000","ind_status":"AT"},"geometry":{"type":"Polygon","coordinates":[[[-42.556,-22.2266],[-42.5502,-22.2257],[-42.5524,-22.2289],[-42.5532,-22.2252],[-42.556,-22.2266],[-42.556,-22.2266]],[[-42.5577,-22.2294],[-42.5567,-22.227],[-42.5576,-22.2293],[-42.5577,-22.2294]]]}},{"type":"Feature","properties":{"cod_tema":"AREA_USO_RESTRITO_DECLIVIDADE_25_A_45","cod_imovel":"RJ-3303401-95BA1DE0EEB14AE8901332D2FDB667C5","num_area":"8.9731000000000000000000000000000","ind_status":"AT"},"geometry":{"type":"Polygon","coordinates":[[[-42.4328,-22.2563],[-42.435,-22.2534],[-42.4318,-22.2538],[-42.4327,-22.2562],[-42.4328,-22.2563]],[[-42.4331,-22.2567],[-42.4351,-22.2539],[-42.4332,-22.2565],[-42.4331,-22.2567]]]}},{"type":"Feature","properties":{"cod_tema":"AREA_USO_RESTRITO_DECLIVIDADE_25_A_45","cod_imovel":"RJ-3303401-96B1068441364407A86C231865892033","num_area":"3.8613000000000000000000000000000","ind_status":"AT"},"geometry":{"type":"Polygon","coordinates":[[[-42.5807,-22.3016],[-42.5851,-22.303],[-42.5811,-22.3015],[-42.5807,-22.3016]]]}},{"type":"Feature","properties":{"cod_tema":"AREA_USO_RESTRITO_DECLIVIDADE_25_A_45","cod_imovel":"RJ-3303401-974616687027474EB0E44E27AEB67C77","num_area":"5.6327000000000000000000000000000","ind_status":"AT"},"geometry":{"type":"Polygon","coordinates":[[[-42.6525,-22.3648],[-42.6505,-22.364],[-42.6524,-22.3648],[-42.6525,-22.3648]]]}},{"type":"Feature","properties":{"cod_tema":"AREA_USO_RESTRITO_DECLIVIDADE_25_A_45","cod_imovel":"RJ-3303401-983A92736C3B4443B32D937281F846CB","num_area":"2.1535000000000000000000000000000","ind_status":"AT"},"geometry":{"type":"Polygon","coordinates":[[[-42.697,-22.3218],[-42.6958,-22.3243],[-42.6971,-22.322],[-42.697,-22.3218]]]}},{"type":"Feature","properties":{"cod_tema":"AREA_USO_RESTRITO_DECLIVIDADE_25_A_45","cod_imovel":"RJ-3303401-98D4FD9A2F7C4DE98CDC8178621E64FE","num_area":"5.0577000000000000000000000000000","ind_status":"AT"},"geometry":{"type":"Polygon","coordinates":[[[-42.6812,-22.2751],[-42.6838,-22.2761],[-42.6813,-22.275],[-42.6812,-22.2751]]]}},{"type":"Feature","properties":{"cod_tema":"AREA_USO_RESTRITO_DECLIVIDADE_25_A_45","cod_imovel":"RJ-3303401-9A1140904712407AB411E70AFDB324F4","num_area":"1.8207000000000000000000000000000","ind_status":"AT"},"geometry":{"type":"Polygon","coordinates":[[[-42.6578,-22.2865],[-42.6599,-22.287],[-42.6579,-22.2864],[-42.6578,-22.2865]]]}},{"type":"Feature","properties":{"cod_tema":"AREA_USO_RESTRITO_DECLIVIDADE_25_A_45","cod_imovel":"RJ-3303401-9D879E22697B433B8A97820E2928A88F","num_area":"25.019400000000000000000000000000","ind_status":"AT"},"geometry":{"type":"Polygon","coordinates":[[[-42.5044,-22.3294],[-42.5057,-22.3269],[-42.4977,-22.3257],[-42.5044,-22.3295],[-42.5044,-22.3294]]]}},{"type":"Feature","properties":{"cod_tema":"AREA_USO_RESTRITO_DECLIVIDADE_25_A_45","cod_imovel":"RJ-3303401-9BCC408C673D4CA1B519CB88F0B6175A","num_area":"3.4073000000000000000000000000000","ind_status":"AT"},"geometry":{"type":"Polygon","coordinates":[[[-42.3872,-22.3674],[-42.3857,-22.3689],[-42.3898,-22.3669],[-42.3875,-22.3674],[-42.3872,-22.3674]]]}},{"type":"Feature","properties":{"cod_tema":"AREA_USO_RESTRITO_DECLIVIDADE_25_A_45","cod_imovel":"RJ-3303401-9CBA983BD88B47BC988F913748FA7CF4","num_area":"17.910700000000000000000000000000","ind_status":"AT"},"geometry":{"type":"Polygon","coordinates":[[[-42.63,-22.2174],[-42.6354,-22.2202],[-42.6325,-22.216],[-42.6325,-22.2183],[-42.6269,-22.2154],[-42.6297,-22.2173],[-42.63,-22.2174]]]}},{"type":"Feature","properties":{"cod_tema":"AREA_USO_RESTRITO_DECLIVIDADE_25_A_45","cod_imovel":"RJ-3303401-9D45A4EAC7FA4F71BFFEFD6D678FB57D","num_area":"11.166000000000000000000000000000","ind_status":"AT"},"geometry":{"type":"Polygon","coordinates":[[[-42.5722,-22.3101],[-42.5679,-22.3101],[-42.5713,-22.3136],[-42.5699,-22.3102],[-42.5772,-22.3125],[-42.5725,-22.3101],[-42.5722,-22.3101]]]}},{"type":"Feature","properties":{"cod_tema":"AREA_USO_RESTRITO_DECLIVIDADE_25_A_45","cod_imovel":"RJ-3303401-9E5F5DF99E4B4B8EB706E8999E288DE6","num_area":"3.4097000000000000000000000000000","ind_status":"AT"},"geometry":{"type":"Polygon","coordinates":[[[-42.4975,-22.1882],[-42.4968,-22.1857],[-42.4974,-22.1882],[-42.4975,-22.1882]]]}},{"type":"Feature","properties":{"cod_tema":"AREA_USO_RESTRITO_DECLIVIDADE_25_A_45","cod_imovel":"RJ-3303401-9F738A2E5E784347A8808CD0572A366E","num_area":"7.1050000000000000000000000000000","ind_status":"AT"},"geometry":{"type":"Polygon","coordinates":[[[-42.2923,-22.3169],[-42.2891,-22.3153],[-42.2919,-22.3167],[-42.2923,-22.3169]],[[-42.2889,-22.3144],[-42.2873,-22.3115],[-42.2867,-22.3157],[-42.2888,-22.3144],[-42.2889,-22.3144]]]}},{"type":"Feature","properties":{"cod_tema":"AREA_USO_RESTRITO_DECLIVIDADE_25_A_45","cod_imovel":"RJ-3303401-A052F4D2B010435683EDC5EF1A2E009C","num_area":"1.4061000000000000000000000000000","ind_status":"AT"},"geometry":{"type":"Polygon","coordinates":[[[-42.6514,-22.3281],[-42.654,-22.3278],[-42.6512,-22.328],[-42.6514,-22.3281]]]}},{"type":"Feature","properties":{"cod_tema":"AREA_USO_RESTRITO_DECLIVIDADE_25_A_45","cod_imovel":"RJ-3303401-A094C50A7778451D9BF4930B2F5F3B36","num_area":"32.089800000000000000000000000000","ind_status":"AT"},"geometry":{"type":"Polygon","coordinates":[[[-42.5685,-22.1933],[-42.5648,-22.1929],[-42.5686,-22.1934],[-42.5685,-22.1933]],[[-42.5629,-22.1968],[-42.5653,-22.2015],[-42.5631,-22.1998],[-42.5602,-22.2058],[-42.5667,-22.2012],[-42.563,-22.1966],[-42.5629,-22.1968]],[[-42.5608,-22.2034],[-42.5635,-22.2017],[-42.5603,-22.2028],[-42.5608,-22.2034]]]}},{"type":"Feature","properties":{"cod_tema":"AREA_USO_RESTRITO_DECLIVIDADE_25_A_45","cod_imovel":"RJ-3303401-A126CEA0E8774A058476A85AE5D103B7","num_area":"2.6988000000000000000000000000000","ind_status":"AT"},"geometry":{"type":"Polygon","coordinates":[[[-42.6099,-22.2852],[-42.6121,-22.2821],[-42.6099,-22.2851],[-42.6099,-22.2852]]]}},{"type":"Feature","properties":{"cod_tema":"AREA_USO_RESTRITO_DECLIVIDADE_25_A_45","cod_imovel":"RJ-3303401-A196B50FF0914BC6B7201DF49E548B30","num_area":"1.3858000000000000000000000000000","ind_status":"AT"},"geometry":{"type":"Polygon","coordinates":[[[-42.2755,-22.2983],[-42.2737,-22.3006],[-42.2754,-22.2984],[-42.2755,-22.2983]]]}},{"type":"Feature","properties":{"cod_tema":"AREA_USO_RESTRITO_DECLIVIDADE_25_A_45","cod_imovel":"RJ-3303401-A1E44FD5F395433DA10556F36BB03B6D","num_area":"7.2177000000000000000000000000000","ind_status":"AT"},"geometry":{"type":"Polygon","coordinates":[[[-42.5023,-22.3304],[-42.5058,-22.334],[-42.5037,-22.3313],[-42.5023,-22.3304]]]}},{"type":"Feature","properties":{"cod_tema":"AREA_USO_RESTRITO_DECLIVIDADE_25_A_45","cod_imovel":"RJ-3303401-A3140A411C224647815CE6A7FDD3BF8E","num_area":"4.0618000000000000000000000000000","ind_status":"AT"},"geometry":{"type":"Polygon","coordinates":[[[-42.5298,-22.3271],[-42.5317,-22.3254],[-42.5298,-22.327],[-42.5298,-22.3271]]]}},{"type":"Feature","properties":{"cod_tema":"AREA_USO_RESTRITO_DECLIVIDADE_25_A_45","cod_imovel":"RJ-3303401-A67B44AB12B242F98A4078E60BC8196C","num_area":"15.902800000000000000000000000000","ind_status":"AT"},"geometry":{"type":"Polygon","coordinates":[[[-42.6174,-22.254],[-42.6216,-22.255],[-42.6185,-22.2548],[-42.6199,-22.2518],[-42.6176,-22.2538],[-42.6174,-22.254]],[[-42.6171,-22.2515],[-42.6196,-22.2513],[-42.6178,-22.2477],[-42.6171,-22.2512],[-42.6171,-22.2515]]]}},{"type":"Feature","properties":{"cod_tema":"AREA_USO_RESTRITO_DECLIVIDADE_25_A_45","cod_imovel":"RJ-3303401-A6CDBA1E382C42909BC141E7B64D5536","num_area":"16.528400000000000000000000000000","ind_status":"AT"},"geometry":{"type":"Polygon","coordinates":[[[-42.5389,-22.203],[-42.5407,-22.1987],[-42.5383,-22.1966],[-42.536,-22.2029],[-42.5388,-22.203],[-42.5389,-22.203]]]}},{"type":"Feature","properties":{"cod_tema":"AREA_USO_RESTRITO_DECLIVIDADE_25_A_45","cod_imovel":"RJ-3303401-A6E8C4BA85A043E9983738ED23B49097","num_area":"19.282200000000000000000000000000","ind_status":"AT"},"geometry":{"type":"Polygon","coordinates":[[[-42.5096,-22.2155],[-42.5064,-22.2131],[-42.5091,-22.2158],[-42.5096,-22.2155]],[[-42.5032,-22.2125],[-42.5068,-22.2185],[-42.5094,-22.218],[-42.5097,-22.2158],[-42.5076,-22.2184],[-42.5034,-22.2143],[-42.5082,-22.2112],[-42.5035,-22.211],[-42.5032,-22.2125]]]}},{"type":"Feature","properties":{"cod_tema":"AREA_USO_RESTRITO_DECLIVIDADE_25_A_45","cod_imovel":"RJ-3303401-A71088DDCB0047FE878A6976D5F3312E","num_area":"7.7436000000000000000000000000000","ind_status":"AT"},"geometry":{"type":"Polygon","coordinates":[[[-42.4787,-22.2296],[-42.4819,-22.2323],[-42.4798,-22.2301],[-42.4787,-22.2296]]]}},{"type":"Feature","properties":{"cod_tema":"AREA_USO_RESTRITO_DECLIVIDADE_25_A_45","cod_imovel":"RJ-3303401-A77B5D35C64D43989FB9AFF846077F1F","num_area":"15.324000000000000000000000000000","ind_status":"AT"},"geometry":{"type":"Polygon","coordinates":[[[-42.601,-22.3364],[-42.6026,-22.3384],[-42.6088,-22.3319],[-42.6011,-22.3363],[-42.601,-22.3364]]]}},{"type":"Feature","properties":{"cod_tema":"AREA_USO_RESTRITO_DECLIVIDADE_25_A_45","cod_imovel":"RJ-3303401-A936BB5558964A7A9B6FB0C96D2AA8AA","num_area":"3.9607000000000000000000000000000","ind_status":"AT"},"geometry":{"type":"Polygon","coordinates":[[[-42.3849,-22.2926],[-42.3836,-22.2901],[-42.3843,-22.2924],[-42.3849,-22.2926]]]}},{"type":"Feature","properties":{"cod_tema":"AREA_USO_RESTRITO_DECLIVIDADE_25_A_45","cod_imovel":"RJ-3303401-A95B0CE148184D6182E55A3B8078FC79","num_area":"2.2226000000000000000000000000000","ind_status":"AT"},"geometry":{"type":"Polygon","coordinates":[[[-42.4396,-22.3363],[-42.4377,-22.3378],[-42.4396,-22.3365],[-42.4396,-22.3363]]]}},{"type":"Feature","properties":{"cod_tema":"AREA_USO_RESTRITO_DECLIVIDADE_25_A_45","cod_imovel":"RJ-3303401-A96CDDE7C8E04B10B4A1F1CB3E46960E","num_area":"5.3873000000000000000000000000000","ind_status":"AT"},"geometry":{"type":"Polygon","coordinates":[[[-42.3874,-22.2952],[-42.3851,-22.2917],[-42.3867,-22.2952],[-42.3874,-22.2952]]]}},{"type":"Feature","properties":{"cod_tema":"AREA_USO_RESTRITO_DECLIVIDADE_25_A_45","cod_imovel":"RJ-3303401-AABF93900ADA494AB47E31BC4092BCE0","num_area":"4.6047000000000000000000000000000","ind_status":"AT"},"geometry":{"type":"Polygon","coordinates":[[[-42.4486,-22.4048],[-42.4525,-22.4062],[-42.4487,-22.4047],[-42.4486,-22.4048]]]}},{"type":"Feature","properties":{"cod_tema":"AREA_USO_RESTRITO_DECLIVIDADE_25_A_45","cod_imovel":"RJ-3303401-AAF87BEC3BCA4686A0E2EDCBBC9DECBC","num_area":"6.6440000000000000000000000000000","ind_status":"AT"},"geometry":{"type":"Polygon","coordinates":[[[-42.4675,-22.2179],[-42.4674,-22.2201],[-42.4702,-22.2184],[-42.4675,-22.2179]]]}},{"type":"Feature","properties":{"cod_tema":"AREA_USO_RESTRITO_DECLIVIDADE_25_A_45","cod_imovel":"RJ-3303401-AB54519D90F6416A91650FE084A474E8","num_area":"6.6343000000000000000000000000000","ind_status":"AT"},"geometry":{"type":"Polygon","coordinates":[[[-42.3509,-22.3084],[-42.3456,-22.3087],[-42.3509,-22.3087],[-42.3509,-22.3084]]]}},{"type":"Feature","properties":{"cod_tema":"AREA_USO_RESTRITO_DECLIVIDADE_25_A_45","cod_imovel":"RJ-3303401-AC245E786582455C8A4C8CD533168050","num_area":"3.1214000000000000000000000000000","ind_status":"AT"},"geometry":{"type":"Polygon","coordinates":[[[-42.4885,-22.2374],[-42.4892,-22.235],[-42.4884,-22.2373],[-42.4885,-22.2374]]]}},{"type":"Feature","properties":{"cod_tema":"AREA_USO_RESTRITO_DECLIVIDADE_25_A_45","cod_imovel":"RJ-3303401-AC7C66A6A0C74873957D6F6ADB3F1602","num_area":"10.988800000000000000000000000000","ind_status":"AT"},"geometry":{"type":"Polygon","coordinates":[[[-42.6213,-22.2127],[-42.6179,-22.2137],[-42.6189,-22.2164],[-42.6232,-22.2153],[-42.6191,-22.2149],[-42.6239,-22.2137],[-42.6215,-22.2128],[-42.6213,-22.2127]]]}},{"type":"Feature","properties":{"cod_tema":"AREA_USO_RESTRITO_DECLIVIDADE_25_A_45","cod_imovel":"RJ-3303401-AD87540ABFD640FE98C0745706F0124B","num_area":"2.0543000000000000000000000000000","ind_status":"AT"},"geometry":{"type":"Polygon","coordinates":[[[-42.6518,-22.3604],[-42.6542,-22.3603],[-42.6518,-22.3602],[-42.6518,-22.3604]]]}},{"type":"Feature","properties":{"cod_tema":"AREA_USO_RESTRITO_DECLIVIDADE_25_A_45","cod_imovel":"RJ-3303401-B284086FA2E84C0DBB97A65B111A8156","num_area":"15.728200000000000000000000000000","ind_status":"AT"},"geometry":{"type":"Polygon","coordinates":[[[-42.4524,-22.3226],[-42.453,-22.3196],[-42.4495,-22.3187],[-42.4511,-22.3226],[-42.4524,-22.3226]]]}},{"type":"Feature","properties":{"cod_tema":"AREA_USO_RESTRITO_DECLIVIDADE_25_A_45","cod_imovel":"RJ-3303401-B422A0CA982047F090C06A7F48AF1C8C","num_area":"17.038500000000000000000000000000","ind_status":"AT"},"geometry":{"type":"Polygon","coordinates":[[[-42.6169,-22.2237],[-42.62,-22.2249],[-42.617,-22.2232],[-42.6169,-22.2237]],[[-42.6212,-22.2243],[-42.6255,-22.2174],[-42.6229,-22.2171],[-42.621,-22.2242],[-42.6212,-22.2243]]]}},{"type":"Feature","properties":{"cod_tema":"AREA_USO_RESTRITO_DECLIVIDADE_25_A_45","cod_imovel":"RJ-3303401-B4505AED44E540E196067FE21A57BEC8","num_area":"2.3156000000000000000000000000000","ind_status":"AT"},"geometry":{"type":"Polygon","coordinates":[[[-42.3192,-22.3344],[-42.3199,-22.3324],[-42.3191,-22.3345],[-42.3192,-22.3344]]]}},{"type":"Feature","properties":{"cod_tema":"AREA_USO_RESTRITO_DECLIVIDADE_25_A_45","cod_imovel":"RJ-3303401-B490C5CB1BF4494ABD8AC7BEF4FCE15D","num_area":"20.050800000000000000000000000000","ind_status":"AT"},"geometry":{"type":"Polygon","coordinates":[[[-42.6365,-22.3448],[-42.635,-22.342],[-42.6363,-22.3444],[-42.6365,-22.3448]],[[-42.6407,-22.3369],[-42.6364,-22.3385],[-42.6371,-22.3438],[-42.6412,-22.3366],[-42.6407,-22.3369]]]}},{"type":"Feature","properties":{"cod_tema":"AREA_USO_RESTRITO_DECLIVIDADE_25_A_45","cod_imovel":"RJ-3303401-B5CBA575BE6D42409CB0D5E2BF967825","num_area":"22.670700000000000000000000000000","ind_status":"AT"},"geometry":{"type":"Polygon","coordinates":[[[-42.3916,-22.3576],[-42.3881,-22.3582],[-42.3916,-22.3579],[-42.3916,-22.3576]],[[-42.3914,-22.36],[-42.3991,-22.359],[-42.3928,-22.3574],[-42.3914,-22.3597],[-42.3914,-22.36]],[[-42.3897,-22.3544],[-42.3871,-22.3541],[-42.3876,-22.3571],[-42.3901,-22.3545],[-42.3897,-22.3544]]]}},{"type":"Feature","properties":{"cod_tema":"AREA_USO_RESTRITO_DECLIVIDADE_25_A_45","cod_imovel":"RJ-3303401-B8DB9DFE59E04EBAB706D72C90A664E1","num_area":"0.9461000000000000000000000000000","ind_status":"AT"},"geometry":{"type":"Polygon","coordinates":[[[-42.3106,-22.3406],[-42.3082,-22.3415],[-42.3106,-22.3407],[-42.3106,-22.3406]]]}},{"type":"Feature","properties":{"cod_tema":"AREA_USO_RESTRITO_DECLIVIDADE_25_A_45","cod_imovel":"RJ-3303401-BA651AD2D2944C1F8C511F30698C4AFF","num_area":"5.1020000000000000000000000000000","ind_status":"AT"},"geometry":{"type":"Polygon","coordinates":[[[-42.4841,-22.3288],[-42.4833,-22.3253],[-42.4837,-22.3288],[-42.4841,-22.3288]]]}},{"type":"Feature","properties":{"cod_tema":"AREA_USO_RESTRITO_DECLIVIDADE_25_A_45","cod_imovel":"RJ-3303401-B9E422D253404EB2B46155229DB190B3","num_area":"30.386200000000000000000000000000","ind_status":"AT"},"geometry":{"type":"Polygon","coordinates":[[[-42.3885,-22.3145],[-42.3839,-22.3121],[-42.3858,-22.3107],[-42.3786,-22.3115],[-42.3836,-22.3159],[-42.389,-22.3146],[-42.3885,-22.3145]],[[-42.385,-22.3147],[-42.3805,-22.3109],[-42.3853,-22.3146],[-42.385,-22.3147]],[[-42.3836,-22.3151],[-42.3815,-22.3139],[-42.3843,-22.315],[-42.3836,-22.3151]]]}},{"type":"Feature","properties":{"cod_tema":"AREA_USO_RESTRITO_DECLIVIDADE_25_A_45","cod_imovel":"RJ-3303401-B9F01D58B2204C84A032B007F6FD1D93","num_area":"4.6853000000000000000000000000000","ind_status":"AT"},"geometry":{"type":"Polygon","coordinates":[[[-42.5555,-22.1907],[-42.5532,-22.1901],[-42.5555,-22.1907],[-42.5555,-22.1907]],[[-42.5573,-22.1894],[-42.5551,-22.1887],[-42.5573,-22.1894],[-42.5573,-22.1894]]]}},{"type":"Feature","properties":{"cod_tema":"AREA_USO_RESTRITO_DECLIVIDADE_25_A_45","cod_imovel":"RJ-3303401-BC7AD805D5B84714BB36C9B03341D2B0","num_area":"3.7473000000000000000000000000000","ind_status":"AT"},"geometry":{"type":"Polygon","coordinates":[[[-42.6256,-22.2033],[-42.6288,-22.2037],[-42.6258,-22.2032],[-42.6256,-22.2033]]]}},{"type":"Feature","properties":{"cod_tema":"AREA_USO_RESTRITO_DECLIVIDADE_25_A_45","cod_imovel":"RJ-3303401-BCC48DCE3DD24B1781BA397DDEB8CB2A","num_area":"6.5542000000000000000000000000000","ind_status":"AT"},"geometry":{"type":"Polygon","coordinates":[[[-42.6,-22.2923],[-42.5951,-22.2913],[-42.5965,-22.2938],[-42.5999,-22.2923],[-42.6,-22.2923]]]}},{"type":"Feature","properties":{"cod_tema":"AREA_USO_RESTRITO_DECLIVIDADE_25_A_45","cod_imovel":"RJ-3303401-BCE70B1CC3BD42ACBFFCE087025F1C74","num_area":"14.256100000000000000000000000000","ind_status":"AT"},"geometry":{"type":"Polygon","coordinates":[[[-42.4432,-22.4215],[-42.4407,-22.425],[-42.4436,-22.4257],[-42.4448,-22.4218],[-42.4432,-22.4215]]]}},{"type":"Feature","properties":{"cod_tema":"AREA_USO_RESTRITO_DECLIVIDADE_25_A_45","cod_imovel":"RJ-3303401-BD7D2A42F1D4432180202F0C1BCE10EF","num_area":"10.769100000000000000000000000000","ind_status":"AT"},"geometry":{"type":"Polygon","coordinates":[[[-42.6153,-22.2445],[-42.6178,-22.2431],[-42.6154,-22.2443],[-42.6153,-22.2445]],[[-42.6131,-22.2457],[-42.6168,-22.2429],[-42.6095,-22.2451],[-42.6129,-22.2456],[-42.6131,-22.2457]]]}},{"type":"Feature","properties":{"cod_tema":"AREA_USO_RESTRITO_DECLIVIDADE_25_A_45","cod_imovel":"RJ-3303401-BE233808FCE84B59858814EEDE5AEAA8","num_area":"2.8680000000000000000000000000000","ind_status":"AT"},"geometry":{"type":"Polygon","coordinates":[[[-42.6507,-22.3143],[-42.6527,-22.3159],[-42.6507,-22.3141],[-42.6507,-22.3143]]]}},{"type":"Feature","properties":{"cod_tema":"AREA_USO_RESTRITO_DECLIVIDADE_25_A_45","cod_imovel":"RJ-3303401-BE6D0C8BD6084E7DA0FCE4625FCA4901","num_area":"2.7485000000000000000000000000000","ind_status":"AT"},"geometry":{"type":"Polygon","coordinates":[[[-42.5417,-22.2366],[-42.5411,-22.2343],[-42.5407,-22.2363],[-42.5417,-22.2366]]]}},{"type":"Feature","properties":{"cod_tema":"AREA_USO_RESTRITO_DECLIVIDADE_25_A_45","cod_imovel":"RJ-3303401-BF109DEA38E84430BECA87944823B550","num_area":"3.9704000000000000000000000000000","ind_status":"AT"},"geometry":{"type":"Polygon","coordinates":[[[-42.4983,-22.2059],[-42.4964,-22.2045],[-42.4981,-22.2057],[-42.4983,-22.2059]]]}},{"type":"Feature","properties":{"cod_tema":"AREA_USO_RESTRITO_DECLIVIDADE_25_A_45","cod_imovel":"RJ-3303401-BF8390C42E504839A0436D3D4C426A99","num_area":"3.5689000000000000000000000000000","ind_status":"AT"},"geometry":{"type":"Polygon","coordinates":[[[-42.6438,-22.301],[-42.6442,-22.303],[-42.6438,-22.301],[-42.6438,-22.301]]]}},{"type":"Feature","properties":{"cod_tema":"AREA_USO_RESTRITO_DECLIVIDADE_25_A_45","cod_imovel":"RJ-3303401-C2EBC06122C843C5BF58A64D4706245F","num_area":"3.4750000000000000000000000000000","ind_status":"AT"},"geometry":{"type":"Polygon","coordinates":[[[-42.6643,-22.2188],[-42.6613,-22.22],[-42.6639,-22.2187],[-42.6643,-22.2188]]]}},{"type":"Feature","properties":{"cod_tema":"AREA_USO_RESTRITO_DECLIVIDADE_25_A_45","cod_imovel":"RJ-3303401-C2F7C3778E9C46F2864C9DD3FEF8C78F","num_area":"9.3937000000000000000000000000000","ind_status":"AT"},"geometry":{"type":"Polygon","coordinates":[[[-42.5195,-22.3691],[-42.5203,-22.3642],[-42.5196,-22.3689],[-42.5195,-22.3691]]]}},{"type":"Feature","properties":{"cod_tema":"AREA_USO_RESTRITO_DECLIVIDADE_25_A_45","cod_imovel":"RJ-3303401-C39ED6E4162044388F50F64B7E96256E","num_area":"4.7058000000000000000000000000000","ind_status":"AT"},"geometry":{"type":"Polygon","coordinates":[[[-42.6768,-22.2706],[-42.6773,-22.2681],[-42.6765,-22.2702],[-42.6768,-22.2706]]]}},{"type":"Feature","properties":{"cod_tema":"AREA_USO_RESTRITO_DECLIVIDADE_25_A_45","cod_imovel":"RJ-3303401-C3ADBAB5ACE6456195CA1659D749E56C","num_area":"22.557900000000000000000000000000","ind_status":"AT"},"geometry":{"type":"Polygon","coordinates":[[[-42.461,-22.2942],[-42.4595,-22.2918],[-42.4587,-22.2943],[-42.4619,-22.2945],[-42.461,-22.2942]],[[-42.4603,-22.2992],[-42.4621,-22.2972],[-42.4604,-22.2988],[-42.4603,-22.2992]],[[-42.4576,-22.2993],[-42.459,-22.2958],[-42.462,-22.2965],[-42.4574,-22.2953],[-42.4575,-22.299],[-42.4576,-22.2993]]]}},{"type":"Feature","properties":{"cod_tema":"AREA_USO_RESTRITO_DECLIVIDADE_25_A_45","cod_imovel":"RJ-3303401-C514DDD113C342639D7C593495A50E44","num_area":"12.240000000000000000000000000000","ind_status":"AT"},"geometry":{"type":"Polygon","coordinates":[[[-42.6684,-22.2919],[-42.6678,-22.2891],[-42.6658,-22.2916],[-42.6682,-22.2919],[-42.6684,-22.2919]],[[-42.6631,-22.2915],[-42.6649,-22.29],[-42.6633,-22.2916],[-42.6631,-22.2915]]]}},{"type":"Feature","properties":{"cod_tema":"AREA_USO_RESTRITO_DECLIVIDADE_25_A_45","cod_imovel":"RJ-3303401-C590B8DD848C4A02A5FEB8994AE46A0D","num_area":"2.6856000000000000000000000000000","ind_status":"AT"},"geometry":{"type":"Polygon","coordinates":[[[-42.5255,-22.1955],[-42.5272,-22.194],[-42.5253,-22.1952],[-42.5255,-22.1955]]]}},{"type":"Feature","properties":{"cod_tema":"AREA_USO_RESTRITO_DECLIVIDADE_25_A_45","cod_imovel":"RJ-3303401-C59D0BBFC41F42209D1901857F12D231","num_area":"6.3794000000000000000000000000000","ind_status":"AT"},"geometry":{"type":"Polygon","coordinates":[[[-42.5961,-22.2755],[-42.5995,-22.2752],[-42.5981,-22.2722],[-42.5963,-22.2743],[-42.5961,-22.2755]]]}},{"type":"Feature","properties":{"cod_tema":"AREA_USO_RESTRITO_DECLIVIDADE_25_A_45","cod_imovel":"RJ-3303401-C682E655C61F4DBBB62076CA37562475","num_area":"5.4711000000000000000000000000000","ind_status":"AT"},"geometry":{"type":"Polygon","coordinates":[[[-42.632,-22.3208],[-42.6295,-22.3215],[-42.6319,-22.3212],[-42.632,-22.3208]],[[-42.6294,-22.319],[-42.6273,-22.318],[-42.6295,-22.3192],[-42.6294,-22.319]]]}},{"type":"Feature","properties":{"cod_tema":"AREA_USO_RESTRITO_DECLIVIDADE_25_A_45","cod_imovel":"RJ-3303401-C7DE1974A98A43CA918435BC1E9654CA","num_area":"9.1516000000000000000000000000000","ind_status":"AT"},"geometry":{"type":"Polygon","coordinates":[[[-42.3558,-22.3956],[-42.3581,-22.3943],[-42.3558,-22.3945],[-42.3558,-22.3956]],[[-42.3593,-22.3928],[-42.3566,-22.3916],[-42.3593,-22.3927],[-42.3593,-22.3928]]]}},{"type":"Feature","properties":{"cod_tema":"AREA_USO_RESTRITO_DECLIVIDADE_25_A_45","cod_imovel":"RJ-3303401-C82B9B87F5BB49BAB45CA2A88D912A91","num_area":"7.9495000000000000000000000000000","ind_status":"AT"},"geometry":{"type":"Polygon","coordinates":[[[-42.4482,-22.3157],[-42.4508,-22.3158],[-42.4478,-22.3138],[-42.4482,-22.3157]]]}},{"type":"Feature","properties":{"cod_tema":"AREA_USO_RESTRITO_DECLIVIDADE_25_A_45","cod_imovel":"RJ-3303401-C8CF31E3CBDB4CB4BC754635CD7299A0","num_area":"23.490200000000000000000000000000","ind_status":"AT"},"geometry":{"type":"Polygon","coordinates":[[[-42.4486,-22.28],[-42.4535,-22.2793],[-42.4485,-22.2792],[-42.4486,-22.28]],[[-42.4567,-22.2788],[-42.4542,-22.2789],[-42.457,-22.2825],[-42.4531,-22.2814],[-42.4576,-22.2836],[-42.4572,-22.279],[-42.4567,-22.2788]]]}},{"type":"Feature","properties":{"cod_tema":"AREA_USO_RESTRITO_DECLIVIDADE_25_A_45","cod_imovel":"RJ-3303401-C956E156622B4A7C9F554589B2C4B265","num_area":"3.2803000000000000000000000000000","ind_status":"AT"},"geometry":{"type":"Polygon","coordinates":[[[-42.3542,-22.312],[-42.3539,-22.3092],[-42.3542,-22.312],[-42.3542,-22.312]]]}},{"type":"Feature","properties":{"cod_tema":"AREA_USO_RESTRITO_DECLIVIDADE_25_A_45","cod_imovel":"RJ-3303401-CCCA80F6F93B4F9189647F1E6E17412D","num_area":"2.7240000000000000000000000000000","ind_status":"AT"},"geometry":{"type":"Polygon","coordinates":[[[-42.4817,-22.25],[-42.4808,-22.2536],[-42.4823,-22.2501],[-42.4817,-22.25]]]}},{"type":"Feature","properties":{"cod_tema":"AREA_USO_RESTRITO_DECLIVIDADE_25_A_45","cod_imovel":"RJ-3303401-C97B5CF6E59B4F9CA5EC9E57E419ABB8","num_area":"6.8865000000000000000000000000000","ind_status":"AT"},"geometry":{"type":"Polygon","coordinates":[[[-42.6623,-22.3072],[-42.6597,-22.3101],[-42.6622,-22.3077],[-42.6623,-22.3072]]]}},{"type":"Feature","properties":{"cod_tema":"AREA_USO_RESTRITO_DECLIVIDADE_25_A_45","cod_imovel":"RJ-3303401-C9B60B8C98514837AACB6EBE8B8BF18D","num_area":"33.470500000000000000000000000000","ind_status":"AT"},"geometry":{"type":"Polygon","coordinates":[[[-42.3325,-22.3848],[-42.3222,-22.3846],[-42.3223,-22.3808],[-42.3195,-22.3842],[-42.3242,-22.3877],[-42.3325,-22.3848],[-42.3325,-22.3848]],[[-42.3268,-22.3837],[-42.324,-22.3832],[-42.3268,-22.3836],[-42.3268,-22.3837]],[[-42.3298,-22.3844],[-42.3278,-22.3844],[-42.3298,-22.3844],[-42.3298,-22.3844]]]}},{"type":"Feature","properties":{"cod_tema":"AREA_USO_RESTRITO_DECLIVIDADE_25_A_45","cod_imovel":"RJ-3303401-CA166BE5EE4C46BD9CB8A7A01FE3FA6A","num_area":"16.113600000000000000000000000000","ind_status":"AT"},"geometry":{"type":"Polygon","coordinates":[[[-42.5313,-22.3325],[-42.5346,-22.332],[-42.5327,-22.3295],[-42.53,-22.3329],[-42.5369,-22.3336],[-42.5314,-22.3326],[-42.5313,-22.3325]]]}},{"type":"Feature","properties":{"cod_tema":"AREA_USO_RESTRITO_DECLIVIDADE_25_A_45","cod_imovel":"RJ-3303401-CA3B2C13ABC944C99270C2F1BCB7E67C","num_area":"5.9624000000000000000000000000000","ind_status":"AT"},"geometry":{"type":"Polygon","coordinates":[[[-42.5171,-22.1877],[-42.5149,-22.1842],[-42.5168,-22.1881],[-42.5171,-22.1877]]]}},{"type":"Feature","properties":{"cod_tema":"AREA_USO_RESTRITO_DECLIVIDADE_25_A_45","cod_imovel":"RJ-3303401-CA4289222E2E4DE89156A17A6A72E0B9","num_area":"4.0288000000000000000000000000000","ind_status":"AT"},"geometry":{"type":"Polygon","coordinates":[[[-42.6989,-22.3325],[-42.7002,-22.3308],[-42.6987,-22.3324],[-42.6989,-22.3325]],[[-42.698,-22.3335],[-42.6953,-22.3331],[-42.6978,-22.3335],[-42.698,-22.3335]]]}},{"type":"Feature","properties":{"cod_tema":"AREA_USO_RESTRITO_DECLIVIDADE_25_A_45","cod_imovel":"RJ-3303401-CAB782A836A84344A6BF9A9D388906F1","num_area":"26.358200000000000000000000000000","ind_status":"AT"},"geometry":{"type":"Polygon","coordinates":[[[-42.2688,-22.3603],[-42.2614,-22.3561],[-42.2647,-22.3638],[-42.2694,-22.3605],[-42.2688,-22.3603]]]}},{"type":"Feature","properties":{"cod_tema":"AREA_USO_RESTRITO_DECLIVIDADE_25_A_45","cod_imovel":"RJ-3303401-CB7FDA0CB7654AF188642A7908D25C05","num_area":"10.362600000000000000000000000000","ind_status":"AT"},"geometry":{"type":"Polygon","coordinates":[[[-42.4613,-22.327],[-42.4603,-22.3297],[-42.464,-22.3268],[-42.4614,-22.327],[-42.4613,-22.327]],[[-42.4607,-22.3335],[-42.4633,-22.3329],[-42.4608,-22.3333],[-42.4607,-22.3335]]]}},{"type":"Feature","properties":{"cod_tema":"AREA_USO_RESTRITO_DECLIVIDADE_25_A_45","cod_imovel":"RJ-3303401-CC0AD314883E49C99A15EC0593C67237","num_area":"12.518500000000000000000000000000","ind_status":"AT"},"geometry":{"type":"Polygon","coordinates":[[[-42.6508,-22.2338],[-42.6529,-22.2337],[-42.6509,-22.2334],[-42.6508,-22.2338]],[[-42.6579,-22.2324],[-42.6533,-22.2337],[-42.6581,-22.2325],[-42.6579,-22.2324]],[[-42.6512,-22.2314],[-42.6483,-22.2307],[-42.6512,-22.2315],[-42.6512,-22.2314]]]}},{"type":"Feature","properties":{"cod_tema":"AREA_USO_RESTRITO_DECLIVIDADE_25_A_45","cod_imovel":"RJ-3303401-CC26114FD27940278D1881A21CD7BC29","num_area":"15.021900000000000000000000000000","ind_status":"AT"},"geometry":{"type":"Polygon","coordinates":[[[-42.4716,-22.3115],[-42.4694,-22.3153],[-42.4736,-22.313],[-42.4716,-22.3115]]]}},{"type":"Feature","properties":{"cod_tema":"AREA_USO_RESTRITO_DECLIVIDADE_25_A_45","cod_imovel":"RJ-3303401-CE5F316BFE01435689D0AB33A75CA428","num_area":"14.814600000000000000000000000000","ind_status":"AT"},"geometry":{"type":"Polygon","coordinates":[[[-42.2679,-22.3],[-42.2689,-22.3027],[-42.2683,-22.3],[-42.2679,-22.3]],[[-42.2732,-22.2969],[-42.2711,-22.2974],[-42.2732,-22.2975],[-42.2732,-22.2969]],[[-42.2698,-22.2956],[-42.2715,-22.3017],[-42.27,-22.2955],[-42.2698,-22.2956]]]}},{"type":"Feature","properties":{"cod_tema":"AREA_USO_RESTRITO_DECLIVIDADE_25_A_45","cod_imovel":"RJ-3303401-CF2D8FC471DD430EBB62D440E9AF5925","num_area":"1.8770000000000000000000000000000","ind_status":"AT"},"geometry":{"type":"Polygon","coordinates":[[[-42.4481,-22.2544],[-42.4506,-22.2547],[-42.4481,-22.2539],[-42.4481,-22.2544]]]}},{"type":"Feature","properties":{"cod_tema":"AREA_USO_RESTRITO_DECLIVIDADE_25_A_45","cod_imovel":"RJ-3303401-CF31F1F63C0649F0A39AA7770EEDE735","num_area":"35.724000000000000000000000000000","ind_status":"AT"},"geometry":{"type":"Polygon","coordinates":[[[-42.2719,-22.3626],[-42.2685,-22.3628],[-42.2695,-22.3652],[-42.2781,-22.3692],[-42.2756,-22.3627],[-42.2726,-22.3626],[-42.2719,-22.3626]]]}},{"type":"Feature","properties":{"cod_tema":"AREA_USO_RESTRITO_DECLIVIDADE_25_A_45","cod_imovel":"RJ-3303401-D0B54AD3781C4A879653884233D14F96","num_area":"15.277700000000000000000000000000","ind_status":"AT"},"geometry":{"type":"Polygon","coordinates":[[[-42.6147,-22.2182],[-42.6169,-22.2202],[-42.6147,-22.2164],[-42.6167,-22.2158],[-42.6127,-22.2157],[-42.6145,-22.2179],[-42.6147,-22.2182]],[[-42.6156,-22.2125],[-42.6129,-22.2146],[-42.6166,-22.2154],[-42.6161,-22.2131],[-42.6156,-22.2125]]]}},{"type":"Feature","properties":{"cod_tema":"AREA_USO_RESTRITO_DECLIVIDADE_25_A_45","cod_imovel":"RJ-3303401-D0B6CF791E89477B9F1233A5EA3A1AF3","num_area":"14.214500000000000000000000000000","ind_status":"AT"},"geometry":{"type":"Polygon","coordinates":[[[-42.4146,-22.3096],[-42.4141,-22.313],[-42.4147,-22.3102],[-42.4146,-22.3096]],[[-42.4134,-22.3151],[-42.4138,-22.3079],[-42.4115,-22.3103],[-42.4134,-22.3151],[-42.4134,-22.3151]]]}},{"type":"Feature","properties":{"cod_tema":"AREA_USO_RESTRITO_DECLIVIDADE_25_A_45","cod_imovel":"RJ-3303401-D137EE7B379B49A28DEE08EBABA9856C","num_area":"3.5870000000000000000000000000000","ind_status":"AT"},"geometry":{"type":"Polygon","coordinates":[[[-42.7052,-22.2624],[-42.7031,-22.2623],[-42.7052,-22.2624],[-42.7052,-22.2624]],[[-42.7065,-22.2655],[-42.7026,-22.2624],[-42.7066,-22.2656],[-42.7065,-22.2655]]]}},{"type":"Feature","properties":{"cod_tema":"AREA_USO_RESTRITO_DECLIVIDADE_25_A_45","cod_imovel":"RJ-3303401-D243E25D31554F3F99F80DF503149ED0","num_area":"8.3408000000000000000000000000000","ind_status":"AT"},"geometry":{"type":"Polygon","coordinates":[[[-42.4114,-22.3114],[-42.4104,-22.3092],[-42.4112,-22.3117],[-42.4114,-22.3114]],[[-42.409,-22.3089],[-42.4064,-22.3088],[-42.4071,-22.3113],[-42.4091,-22.3089],[-42.409,-22.3089]]]}},{"type":"Feature","properties":{"cod_tema":"AREA_USO_RESTRITO_DECLIVIDADE_25_A_45","cod_imovel":"RJ-3303401-D24FF18E44B24D83A63F3A406C6684EE","num_area":"3.8557000000000000000000000000000","ind_status":"AT"},"geometry":{"type":"Polygon","coordinates":[[[-42.4453,-22.2542],[-42.4447,-22.2562],[-42.4453,-22.2542],[-42.4453,-22.2542]],[[-42.4399,-22.2549],[-42.4426,-22.2562],[-42.4399,-22.2548],[-42.4399,-22.2549]]]}},{"type":"Feature","properties":{"cod_tema":"AREA_USO_RESTRITO_DECLIVIDADE_25_A_45","cod_imovel":"RJ-3303401-D3BAF1B244D54C8E8ACC70A3EB2C4574","num_area":"2.3126000000000000000000000000000","ind_status":"AT"},"geometry":{"type":"Polygon","coordinates":[[[-42.5968,-22.3137],[-42.5981,-22.3117],[-42.5965,-22.3135],[-42.5968,-22.3137]]]}},{"type":"Feature","properties":{"cod_tema":"AREA_USO_RESTRITO_DECLIVIDADE_25_A_45","cod_imovel":"RJ-3303401-D43401C3D08D40A69E38C9BCE7D0B93A","num_area":"136.47060000000000000000000000000","ind_status":"AT"},"geometry":{"type":"Polygon","coordinates":[[[-42.2697,-22.3968],[-42.2705,-22.3998],[-42.27,-22.3977],[-42.2697,-22.3968]],[[-42.2814,-22.3869],[-42.2842,-22.3882],[-42.28,-22.3867],[-42.2814,-22.3869]],[[-42.2781,-22.3818],[-42.2727,-22.3842],[-42.2781,-22.3829],[-42.2781,-22.3818]],[[-42.2645,-22.3931],[-42.2672,-22.3964],[-42.2653,-22.3902],[-42.2648,-22.393],[-42.2645,-22.3931]],[[-42.281,-22.3932],[-42.2835,-22.3885],[-42.277,-22.3884],[-42.2807,-22.393],[-42.281,-22.3932]],[[-42.2621,-22.3879],[-42.2677,-22.3882],[-42.2649,-22.3892],[-42.2679,-22.3895],[-42.2684,-22.3958],[-42.2682,-22.3914],[-42.276,-22.4009],[-42.2749,-22.3987],[-42.279,-22.3961],[-42.2762,-22.3932],[-42.2795,-22.3955],[-42.2797,-22.3918],[-42.2752,-22.3933],[-42.2762,-22.3913],[-42.2741,-22.3924],[-42.2709,-22.3876],[-42.2731,-22.389],[-42.271,-22.3919],[-42.2673,-22.3875],[-42.2716,-22.3851],[-42.2629,-22.3876],[-42.2621,-22.3879]],[[-42.2766,-22.3941],[-42.277,-22.3962],[-42.276,-22.3939],[-42.2766,-22.3941]]]}},{"type":"Feature","properties":{"cod_tema":"AREA_USO_RESTRITO_DECLIVIDADE_25_A_45","cod_imovel":"RJ-3303401-D47548EA24104E45B2A1D782F20713A6","num_area":"4.9146000000000000000000000000000","ind_status":"AT"},"geometry":{"type":"Polygon","coordinates":[[[-42.5358,-22.2461],[-42.5331,-22.2469],[-42.5357,-22.2462],[-42.5358,-22.2461]]]}},{"type":"Feature","properties":{"cod_tema":"AREA_USO_RESTRITO_DECLIVIDADE_25_A_45","cod_imovel":"RJ-3303401-D4DB7F0DB1674FEE8EEF848221D8AEDA","num_area":"9.6809000000000000000000000000000","ind_status":"AT"},"geometry":{"type":"Polygon","coordinates":[[[-42.5876,-22.2204],[-42.5915,-22.2237],[-42.5877,-22.2203],[-42.5876,-22.2204]]]}},{"type":"Feature","properties":{"cod_tema":"AREA_USO_RESTRITO_DECLIVIDADE_25_A_45","cod_imovel":"RJ-3303401-D4FC944AB0A941B093575407E03D130F","num_area":"9.6344000000000000000000000000000","ind_status":"AT"},"geometry":{"type":"Polygon","coordinates":[[[-42.4442,-22.2509],[-42.4406,-22.2481],[-42.4436,-22.2494],[-42.4442,-22.2509]]]}},{"type":"Feature","properties":{"cod_tema":"AREA_USO_RESTRITO_DECLIVIDADE_25_A_45","cod_imovel":"RJ-3303401-D547FC466CA6407CA8D5BBFAE20E43AF","num_area":"30.131000000000000000000000000000","ind_status":"AT"},"geometry":{"type":"Polygon","coordinates":[[[-42.5498,-22.1698],[-42.5469,-22.1695],[-42.5496,-22.1699],[-42.5498,-22.1698]],[[-42.5461,-22.169],[-42.5478,-22.1673],[-42.546,-22.1689],[-42.5461,-22.169]],[[-42.5436,-22.1637],[-42.5466,-22.1637],[-42.5435,-22.1635],[-42.5436,-22.1637]],[[-42.5493,-22.1711],[-42.5517,-22.1742],[-42.5494,-22.1711],[-42.5493,-22.1711]],[[-42.5514,-22.1672],[-42.5472,-22.1646],[-42.5514,-22.1672],[-42.5514,-22.1672]],[[-42.5517,-22.167],[-42.5537,-22.1745],[-42.5559,-22.1661],[-42.5518,-22.1671],[-42.5517,-22.167]]]}},{"type":"Feature","properties":{"cod_tema":"AREA_USO_RESTRITO_DECLIVIDADE_25_A_45","cod_imovel":"RJ-3303401-D6C3EAA7D0274F478F504D5E7AD37436","num_area":"2.9889000000000000000000000000000","ind_status":"AT"},"geometry":{"type":"Polygon","coordinates":[[[-42.3357,-22.3349],[-42.3367,-22.3325],[-42.3339,-22.3366],[-42.3357,-22.3349],[-42.3357,-22.3349]]]}},{"type":"Feature","properties":{"cod_tema":"AREA_USO_RESTRITO_DECLIVIDADE_25_A_45","cod_imovel":"RJ-3303401-D83AA37855784BD89C12BFFF8695701D","num_area":"4.3012000000000000000000000000000","ind_status":"AT"},"geometry":{"type":"Polygon","coordinates":[[[-42.4915,-22.1976],[-42.4941,-22.1953],[-42.4915,-22.1975],[-42.4915,-22.1976]]]}},{"type":"Feature","properties":{"cod_tema":"AREA_USO_RESTRITO_DECLIVIDADE_25_A_45","cod_imovel":"RJ-3303401-DAE8B8D5B9C14E6AB224B973389936F3","num_area":"5.6501000000000000000000000000000","ind_status":"AT"},"geometry":{"type":"Polygon","coordinates":[[[-42.4441,-22.2479],[-42.4413,-22.2446],[-42.4432,-22.248],[-42.4441,-22.2479]]]}},{"type":"Feature","properties":{"cod_tema":"AREA_USO_RESTRITO_DECLIVIDADE_25_A_45","cod_imovel":"RJ-3303401-D9192F8A8016425C9A2A381F901ADD42","num_area":"4.5372000000000000000000000000000","ind_status":"AT"},"geometry":{"type":"Polygon","coordinates":[[[-42.5771,-22.3448],[-42.5798,-22.3449],[-42.5773,-22.3447],[-42.5771,-22.3448]]]}},{"type":"Feature","properties":{"cod_tema":"AREA_USO_RESTRITO_DECLIVIDADE_25_A_45","cod_imovel":"RJ-3303401-DC5BB1A9672448B1AED503EE077AB437","num_area":"8.2917000000000000000000000000000","ind_status":"AT"},"geometry":{"type":"Polygon","coordinates":[[[-42.6516,-22.3403],[-42.6519,-22.3445],[-42.6518,-22.3417],[-42.6557,-22.3425],[-42.6518,-22.3403],[-42.6516,-22.3403]]]}},{"type":"Feature","properties":{"cod_tema":"AREA_USO_RESTRITO_DECLIVIDADE_25_A_45","cod_imovel":"RJ-3303401-DC9B587DB035446898603FD767D6D529","num_area":"11.133200000000000000000000000000","ind_status":"AT"},"geometry":{"type":"Polygon","coordinates":[[[-42.591,-22.2357],[-42.5906,-22.2414],[-42.5912,-22.2359],[-42.591,-22.2357]],[[-42.5875,-22.2417],[-42.5898,-22.2427],[-42.5876,-22.2417],[-42.5875,-22.2417]],[[-42.592,-22.2404],[-42.5923,-22.2384],[-42.592,-22.2404],[-42.592,-22.2404]]]}},{"type":"Feature","properties":{"cod_tema":"AREA_USO_RESTRITO_DECLIVIDADE_25_A_45","cod_imovel":"RJ-3303401-DE41147FCD1A47FDA789DA5FC1FF34B7","num_area":"6.5334000000000000000000000000000","ind_status":"AT"},"geometry":{"type":"Polygon","coordinates":[[[-42.4937,-22.1984],[-42.4994,-22.2015],[-42.494,-22.1981],[-42.4937,-22.1984]]]}},{"type":"Feature","properties":{"cod_tema":"AREA_USO_RESTRITO_DECLIVIDADE_25_A_45","cod_imovel":"RJ-3303401-DE6025F8A5C442C39551BBEA6AC9F6AA","num_area":"2.5702000000000000000000000000000","ind_status":"AT"},"geometry":{"type":"Polygon","coordinates":[[[-42.3973,-22.3638],[-42.3977,-22.3609],[-42.3972,-22.3638],[-42.3973,-22.3638]]]}},{"type":"Feature","properties":{"cod_tema":"AREA_USO_RESTRITO_DECLIVIDADE_25_A_45","cod_imovel":"RJ-3303401-E2D5100CE8ED46B6B58943E0DA2CCAF5","num_area":"3.7592000000000000000000000000000","ind_status":"AT"},"geometry":{"type":"Polygon","coordinates":[[[-42.4142,-22.3662],[-42.4119,-22.3669],[-42.4142,-22.3663],[-42.4142,-22.3662]]]}},{"type":"Feature","properties":{"cod_tema":"AREA_USO_RESTRITO_DECLIVIDADE_25_A_45","cod_imovel":"RJ-3303401-E36777AF19294C2D9CDFEDA9D44A2EFC","num_area":"2.3243000000000000000000000000000","ind_status":"AT"},"geometry":{"type":"Polygon","coordinates":[[[-42.5273,-22.1998],[-42.53,-22.2019],[-42.5274,-22.1998],[-42.5273,-22.1998]]]}},{"type":"Feature","properties":{"cod_tema":"AREA_USO_RESTRITO_DECLIVIDADE_25_A_45","cod_imovel":"RJ-3303401-E7FAA105B3D344DEB1FBD3790E8951FA","num_area":"14.449700000000000000000000000000","ind_status":"AT"},"geometry":{"type":"Polygon","coordinates":[[[-42.5068,-22.4345],[-42.5066,-22.4265],[-42.5047,-22.4316],[-42.5067,-22.4345],[-42.5068,-22.4345]],[[-42.5061,-22.4358],[-42.5042,-22.4341],[-42.506,-22.4358],[-42.5061,-22.4358]]]}},{"type":"Feature","properties":{"cod_tema":"AREA_USO_RESTRITO_DECLIVIDADE_25_A_45","cod_imovel":"RJ-3303401-E7533A46CE5F4161978E590A5987C9C2","num_area":"4.5222000000000000000000000000000","ind_status":"AT"},"geometry":{"type":"Polygon","coordinates":[[[-42.5065,-22.2617],[-42.5095,-22.2622],[-42.5067,-22.2617],[-42.5065,-22.2617]]]}},{"type":"Feature","properties":{"cod_tema":"AREA_USO_RESTRITO_DECLIVIDADE_25_A_45","cod_imovel":"RJ-3303401-E7979F9F153541258449CABDD3D47CEB","num_area":"3.4895000000000000000000000000000","ind_status":"AT"},"geometry":{"type":"Polygon","coordinates":[[[-42.6033,-22.2615],[-42.6012,-22.2601],[-42.6034,-22.2616],[-42.6033,-22.2615]]]}},{"type":"Feature","properties":{"cod_tema":"AREA_USO_RESTRITO_DECLIVIDADE_25_A_45","cod_imovel":"RJ-3303401-E87DDADFA06E4CF390532B696EE1A8F3","num_area":"9.5281000000000000000000000000000","ind_status":"AT"},"geometry":{"type":"Polygon","coordinates":[[[-42.6177,-22.3166],[-42.6133,-22.319],[-42.6178,-22.3172],[-42.6177,-22.3166]],[[-42.6058,-22.3216],[-42.6096,-22.32],[-42.606,-22.3214],[-42.6058,-22.3216]]]}},{"type":"Feature","properties":{"cod_tema":"AREA_USO_RESTRITO_DECLIVIDADE_25_A_45","cod_imovel":"RJ-3303401-EB5DA5E4D1DC4F0FB7EA147305FE2E38","num_area":"5.3616000000000000000000000000000","ind_status":"AT"},"geometry":{"type":"Polygon","coordinates":[[[-42.5604,-22.2469],[-42.5646,-22.2462],[-42.561,-22.2458],[-42.5604,-22.2469]]]}},{"type":"Feature","properties":{"cod_tema":"AREA_USO_RESTRITO_DECLIVIDADE_25_A_45","cod_imovel":"RJ-3303401-EE0DBD6FC48E4BBF92C5CB95998AAD2C","num_area":"6.6879000000000000000000000000000","ind_status":"AT"},"geometry":{"type":"Polygon","coordinates":[[[-42.5071,-22.4285],[-42.511,-22.4335],[-42.5087,-22.4286],[-42.5071,-22.4285]]]}},{"type":"Feature","properties":{"cod_tema":"AREA_USO_RESTRITO_DECLIVIDADE_25_A_45","cod_imovel":"RJ-3303401-EE1E3A8D669D480C840CD76C5E167262","num_area":"7.0640000000000000000000000000000","ind_status":"AT"},"geometry":{"type":"Polygon","coordinates":[[[-42.4938,-22.3662],[-42.4921,-22.3634],[-42.4916,-22.3668],[-42.4938,-22.3662]]]}},{"type":"Feature","properties":{"cod_tema":"AREA_USO_RESTRITO_DECLIVIDADE_25_A_45","cod_imovel":"RJ-3303401-EEE6572B440F42378DCCB989E1F6E512","num_area":"2.8881000000000000000000000000000","ind_status":"AT"},"geometry":{"type":"Polygon","coordinates":[[[-42.5644,-22.3244],[-42.5633,-22.3262],[-42.5645,-22.3244],[-42.5644,-22.3244]]]}},{"type":"Feature","properties":{"cod_tema":"AREA_USO_RESTRITO_DECLIVIDADE_25_A_45","cod_imovel":"RJ-3303401-EF9F33953C044A5FB61623A46351FD94","num_area":"8.5969000000000000000000000000000","ind_status":"AT"},"geometry":{"type":"Polygon","coordinates":[[[-42.3149,-22.3218],[-42.3122,-22.3209],[-42.3136,-22.3245],[-42.3151,-22.3221],[-42.3149,-22.3218]]]}},{"type":"Feature","properties":{"cod_tema":"AREA_USO_RESTRITO_DECLIVIDADE_25_A_45","cod_imovel":"RJ-3303401-EFA48F82A914477C8AD5ED077278538B","num_area":"35.724000000000000000000000000000","ind_status":"AT"},"geometry":{"type":"Polygon","coordinates":[[[-42.2719,-22.3626],[-42.2685,-22.3628],[-42.2695,-22.3652],[-42.2781,-22.3692],[-42.2756,-22.3627],[-42.2726,-22.3626],[-42.2719,-22.3626]]]}},{"type":"Feature","properties":{"cod_tema":"AREA_USO_RESTRITO_DECLIVIDADE_25_A_45","cod_imovel":"RJ-3303401-F1306C591989456DA44D72120B9FDE04","num_area":"13.742800000000000000000000000000","ind_status":"AT"},"geometry":{"type":"Polygon","coordinates":[[[-42.3341,-22.352],[-42.34,-22.3547],[-42.3342,-22.352],[-42.3341,-22.352]]]}},{"type":"Feature","properties":{"cod_tema":"AREA_USO_RESTRITO_DECLIVIDADE_25_A_45","cod_imovel":"RJ-3303401-F2834670B1B94DDCA059B56683D28A63","num_area":"2.9393000000000000000000000000000","ind_status":"AT"},"geometry":{"type":"Polygon","coordinates":[[[-42.4048,-22.285],[-42.4022,-22.2838],[-42.4047,-22.285],[-42.4048,-22.285]]]}},{"type":"Feature","properties":{"cod_tema":"AREA_USO_RESTRITO_DECLIVIDADE_25_A_45","cod_imovel":"RJ-3303401-F2D8DB2B757342589FE2EB6EEBEF365F","num_area":"20.527200000000000000000000000000","ind_status":"AT"},"geometry":{"type":"Polygon","coordinates":[[[-42.6534,-22.3031],[-42.6567,-22.3005],[-42.6536,-22.3028],[-42.6534,-22.3031]],[[-42.6523,-22.2954],[-42.6547,-22.2961],[-42.6523,-22.2952],[-42.6523,-22.2954]],[[-42.6479,-22.298],[-42.6514,-22.2955],[-42.649,-22.2967],[-42.6479,-22.298]],[[-42.6567,-22.2952],[-42.6543,-22.2983],[-42.6569,-22.2955],[-42.6567,-22.2952]],[[-42.6537,-22.3015],[-42.6556,-22.2979],[-42.6525,-22.3009],[-42.6504,-22.299],[-42.652,-22.3034],[-42.6543,-22.3015],[-42.6537,-22.3015]]]}},{"type":"Feature","properties":{"cod_tema":"AREA_USO_RESTRITO_DECLIVIDADE_25_A_45","cod_imovel":"RJ-3303401-F71C218FFB604432AEE20EEE81F3CF44","num_area":"5.3985000000000000000000000000000","ind_status":"AT"},"geometry":{"type":"Polygon","coordinates":[[[-42.5505,-22.2281],[-42.5481,-22.2274],[-42.5498,-22.2288],[-42.5505,-22.2281]]]}},{"type":"Feature","properties":{"cod_tema":"AREA_USO_RESTRITO_DECLIVIDADE_25_A_45","cod_imovel":"RJ-3303401-F387ABC554A1487CB679C690C5D74A48","num_area":"24.266800000000000000000000000000","ind_status":"AT"},"geometry":{"type":"Polygon","coordinates":[[[-42.6334,-22.2206],[-42.6295,-22.2191],[-42.6246,-22.2271],[-42.6294,-22.2247],[-42.6297,-22.2209],[-42.6336,-22.2207],[-42.6334,-22.2206]]]}},{"type":"Feature","properties":{"cod_tema":"AREA_USO_RESTRITO_DECLIVIDADE_25_A_45","cod_imovel":"RJ-3303401-F40A4CB65965461897F87B0C0A37362E","num_area":"48.542200000000000000000000000000","ind_status":"AT"},"geometry":{"type":"Polygon","coordinates":[[[-42.623,-22.3878],[-42.627,-22.3881],[-42.623,-22.3876],[-42.623,-22.3878]],[[-42.634,-22.3826],[-42.6264,-22.387],[-42.6344,-22.3824],[-42.634,-22.3826]],[[-42.6313,-22.3909],[-42.6284,-22.3885],[-42.6275,-22.3906],[-42.6313,-22.391],[-42.6313,-22.3909]],[[-42.6292,-22.3869],[-42.6314,-22.3894],[-42.6296,-22.3871],[-42.6292,-22.3869]],[[-42.6284,-22.3912],[-42.6307,-22.3916],[-42.6287,-22.391],[-42.6284,-22.3912]],[[-42.634,-22.3882],[-42.6323,-22.3857],[-42.6339,-22.3883],[-42.634,-22.3882]],[[-42.6338,-22.3766],[-42.6344,-22.3794],[-42.634,-22.377],[-42.6338,-22.3766]],[[-42.6338,-22.3766],[-42.6355,-22.375],[-42.6339,-22.3763],[-42.6338,-22.3766]],[[-42.6353,-22.3811],[-42.6346,-22.3842],[-42.6356,-22.3811],[-42.6353,-22.3811]],[[-42.6356,-22.3791],[-42.6358,-22.3762],[-42.6354,-22.3788],[-42.6356,-22.3791]],[[-42.6366,-22.37],[-42.639,-22.372],[-42.6366,-22.37],[-42.6366,-22.37]],[[-42.6379,-22.3781],[-42.6382,-22.375],[-42.6378,-22.3782],[-42.6379,-22.3781]],[[-42.6381,-22.3822],[-42.6401,-22.3784],[-42.6379,-22.3821],[-42.6381,-22.3822]]]}},{"type":"Feature","properties":{"cod_tema":"AREA_USO_RESTRITO_DECLIVIDADE_25_A_45","cod_imovel":"RJ-3303401-F43786C648D847C4915BD26A3A47EF60","num_area":"1.4080000000000000000000000000000","ind_status":"AT"},"geometry":{"type":"Polygon","coordinates":[[[-42.5663,-22.3186],[-42.5659,-22.3162],[-42.5662,-22.3185],[-42.5663,-22.3186]]]}},{"type":"Feature","properties":{"cod_tema":"AREA_USO_RESTRITO_DECLIVIDADE_25_A_45","cod_imovel":"RJ-3303401-F45914F3D71444169C69B31DB9D11069","num_area":"15.321100000000000000000000000000","ind_status":"AT"},"geometry":{"type":"Polygon","coordinates":[[[-42.6306,-22.342],[-42.6296,-22.3392],[-42.6258,-22.3411],[-42.6304,-22.342],[-42.6306,-22.342]]]}},{"type":"Feature","properties":{"cod_tema":"AREA_USO_RESTRITO_DECLIVIDADE_25_A_45","cod_imovel":"RJ-3303401-F65661A49EF8445DB87F1E53E0530037","num_area":"8.8386000000000000000000000000000","ind_status":"AT"},"geometry":{"type":"Polygon","coordinates":[[[-42.6032,-22.2373],[-42.6024,-22.235],[-42.6031,-22.2373],[-42.6032,-22.2373]],[[-42.6028,-22.2337],[-42.6061,-22.2331],[-42.6027,-22.2337],[-42.6028,-22.2337]]]}},{"type":"Feature","properties":{"cod_tema":"AREA_USO_RESTRITO_DECLIVIDADE_25_A_45","cod_imovel":"RJ-3303401-F6F889462E264251913DEF2BE9222E82","num_area":"5.8006000000000000000000000000000","ind_status":"AT"},"geometry":{"type":"Polygon","coordinates":[[[-42.3636,-22.3743],[-42.3648,-22.3767],[-42.3637,-22.374],[-42.3636,-22.3743]]]}},{"type":"Feature","properties":{"cod_tema":"AREA_USO_RESTRITO_DECLIVIDADE_25_A_45","cod_imovel":"RJ-3303401-F7D032BE4E874AF9B4502759BCFBBBB7","num_area":"8.4133000000000000000000000000000","ind_status":"AT"},"geometry":{"type":"Polygon","coordinates":[[[-42.632,-22.2443],[-42.6337,-22.2428],[-42.632,-22.2443],[-42.632,-22.2443]],[[-42.6333,-22.2387],[-42.6347,-22.2411],[-42.6337,-22.2387],[-42.6333,-22.2387]]]}},{"type":"Feature","properties":{"cod_tema":"AREA_USO_RESTRITO_DECLIVIDADE_25_A_45","cod_imovel":"RJ-3303401-F9829A11463B4C679229B5AD3583F23F","num_area":"4.4598000000000000000000000000000","ind_status":"AT"},"geometry":{"type":"Polygon","coordinates":[[[-42.6241,-22.344],[-42.6247,-22.3477],[-42.624,-22.3442],[-42.6241,-22.344]],[[-42.627,-22.3448],[-42.6245,-22.3452],[-42.6268,-22.345],[-42.627,-22.3448]]]}},{"type":"Feature","properties":{"cod_tema":"AREA_USO_RESTRITO_DECLIVIDADE_25_A_45","cod_imovel":"RJ-3303401-FA03538EA913408D9A6A132472754769","num_area":"5.7326000000000000000000000000000","ind_status":"AT"},"geometry":{"type":"Polygon","coordinates":[[[-42.5974,-22.2462],[-42.5953,-22.2492],[-42.5981,-22.2477],[-42.5974,-22.2462]]]}},{"type":"Feature","properties":{"cod_tema":"AREA_USO_RESTRITO_DECLIVIDADE_25_A_45","cod_imovel":"RJ-3303401-FA287C34D21049B18E371336FF1B7BFB","num_area":"4.1060000000000000000000000000000","ind_status":"AT"},"geometry":{"type":"Polygon","coordinates":[[[-42.3148,-22.333],[-42.318,-22.3294],[-42.3144,-22.333],[-42.3148,-22.333]]]}},{"type":"Feature","properties":{"cod_tema":"AREA_USO_RESTRITO_DECLIVIDADE_25_A_45","cod_imovel":"RJ-3303401-FB28451C8EFE44F582A924D7E1154E73","num_area":"1.5536000000000000000000000000000","ind_status":"AT"},"geometry":{"type":"Polygon","coordinates":[[[-42.6294,-22.3049],[-42.6296,-22.3028],[-42.6292,-22.305],[-42.6294,-22.3049]]]}},{"type":"Feature","properties":{"cod_tema":"AREA_USO_RESTRITO_DECLIVIDADE_25_A_45","cod_imovel":"RJ-3303401-FB2E9C03F54D4D5BA9709D4C656350FA","num_area":"9.7853000000000000000000000000000","ind_status":"AT"},"geometry":{"type":"Polygon","coordinates":[[[-42.6239,-22.1993],[-42.6243,-22.197],[-42.6239,-22.1992],[-42.6239,-22.1993]],[[-42.6186,-22.2004],[-42.6235,-22.1998],[-42.6194,-22.2],[-42.6186,-22.2004]]]}},{"type":"Feature","properties":{"cod_tema":"AREA_USO_RESTRITO_DECLIVIDADE_25_A_45","cod_imovel":"RJ-3303401-FB7B11E47A0040CA8B926942225BB7BC","num_area":"6.3139000000000000000000000000000","ind_status":"AT"},"geometry":{"type":"Polygon","coordinates":[[[-42.7021,-22.3367],[-42.7044,-22.3384],[-42.7024,-22.3362],[-42.7021,-22.3367]],[[-42.7032,-22.3313],[-42.7014,-22.3324],[-42.7033,-22.3317],[-42.7032,-22.3313]]]}},{"type":"Feature","properties":{"cod_tema":"AREA_USO_RESTRITO_DECLIVIDADE_25_A_45","cod_imovel":"RJ-3303401-FBA5C376CE2444C2BF4A5A78BE06E507","num_area":"9.4971000000000000000000000000000","ind_status":"AT"},"geometry":{"type":"Polygon","coordinates":[[[-42.5728,-22.2871],[-42.5736,-22.2825],[-42.5704,-22.2888],[-42.5723,-22.288],[-42.5728,-22.2871]]]}},{"type":"Feature","properties":{"cod_tema":"AREA_USO_RESTRITO_DECLIVIDADE_25_A_45","cod_imovel":"RJ-3303401-FD04D4275AEA496887F3754B14D6A8E8","num_area":"4.2580000000000000000000000000000","ind_status":"AT"},"geometry":{"type":"Polygon","coordinates":[[[-42.6547,-22.2934],[-42.6595,-22.293],[-42.6547,-22.2932],[-42.6547,-22.2934]]]}},{"type":"Feature","properties":{"cod_tema":"AREA_USO_RESTRITO_DECLIVIDADE_25_A_45","cod_imovel":"RJ-3303401-FE374A28448A4738A0226CE8EFAD8E7B","num_area":"3.9350000000000000000000000000000","ind_status":"AT"},"geometry":{"type":"Polygon","coordinates":[[[-42.3572,-22.4063],[-42.3597,-22.4081],[-42.3574,-22.4062],[-42.3572,-22.4063]]]}},{"type":"Feature","properties":{"cod_tema":"AREA_USO_RESTRITO_DECLIVIDADE_25_A_45","cod_imovel":"RJ-3303401-FE3DD87BB69845938FC5118E43B9F9AC","num_area":"2.6306000000000000000000000000000","ind_status":"AT"},"geometry":{"type":"Polygon","coordinates":[[[-42.3885,-22.3738],[-42.3894,-22.372],[-42.3882,-22.3738],[-42.3885,-22.3738]]]}},{"type":"Feature","properties":{"cod_tema":"AREA_USO_RESTRITO_DECLIVIDADE_25_A_45","cod_imovel":"RJ-3303401-FEC717DCF1B6441C96D3F21DF9803C7B","num_area":"29.249600000000000000000000000000","ind_status":"AT"},"geometry":{"type":"Polygon","coordinates":[[[-42.6558,-22.2781],[-42.6577,-22.2754],[-42.6557,-22.2776],[-42.6558,-22.2781]],[[-42.6583,-22.2779],[-42.6615,-22.2774],[-42.6607,-22.2746],[-42.6584,-22.2774],[-42.6583,-22.2779]],[[-42.6435,-22.278],[-42.6398,-22.2778],[-42.6519,-22.2782],[-42.6438,-22.278],[-42.6435,-22.278]]]}},{"type":"Feature","properties":{"cod_tema":"AREA_USO_RESTRITO_DECLIVIDADE_25_A_45","cod_imovel":"RJ-3303401-FFCA8F6783AC4A0D82B2D7EA065CF3EB","num_area":"53.998800000000000000000000000000","ind_status":"AT"},"geometry":{"type":"Polygon","coordinates":[[[-42.7144,-22.32],[-42.7105,-22.3245],[-42.7197,-22.3217],[-42.7173,-22.3233],[-42.7217,-22.3172],[-42.7177,-22.3154],[-42.7191,-22.3121],[-42.7167,-22.3167],[-42.7105,-22.319],[-42.7203,-22.3174],[-42.7144,-22.3199],[-42.7144,-22.32]],[[-42.7143,-22.3212],[-42.7163,-22.322],[-42.714,-22.321],[-42.7143,-22.3212]],[[-42.7123,-22.3191],[-42.7107,-22.3206],[-42.7126,-22.3192],[-42.7123,-22.3191]]]}},{"type":"Feature","properties":{"cod_tema":"AREA_USO_RESTRITO_DECLIVIDADE_25_A_45","cod_imovel":"RJ-3303401-FFE5F061F47843078D3F340B245C41F8","num_area":"3.0918000000000000000000000000000","ind_status":"AT"},"geometry":{"type":"Polygon","coordinates":[[[-42.5833,-22.3005],[-42.5877,-22.2993],[-42.5833,-22.3003],[-42.5833,-22.3005]]]}},{"type":"Feature","properties":{"cod_tema":"AREA_USO_RESTRITO_DECLIVIDADE_25_A_45","cod_imovel":"RJ-3303401-FFF8560651FB445BB88A1B7ADE7FE4DF","num_area":"12.896300000000000000000000000000","ind_status":"AT"},"geometry":{"type":"Polygon","coordinates":[[[-42.3444,-22.3086],[-42.3395,-22.3103],[-42.3444,-22.3088],[-42.3444,-22.3086]],[[-42.345,-22.3122],[-42.3441,-22.3102],[-42.3447,-22.3122],[-42.345,-22.3122]],[[-42.3403,-22.3087],[-42.3421,-22.3071],[-42.3403,-22.3085],[-42.3403,-22.3087]],[[-42.3422,-22.3074],[-42.3446,-22.3086],[-42.3423,-22.3069],[-42.3422,-22.3074]]]}}]}