{"type":"FeatureCollection","features":[{"type":"Feature","properties":{"cod_tema":"AREA_USO_RESTRITO_DECLIVIDADE_25_A_45","cod_imovel":"RJ-3304607-84F1CE97A57C45F682762BF0942E7425","num_area":"118.95000000000000000000000000000","ind_status":"AT"},"geometry":{"type":"Polygon","coordinates":[[[-42.0113,-21.9248],[-42.0076,-21.9273],[-42.0064,-21.9248],[-42.0072,-21.9287],[-42.0147,-21.9268],[-42.0119,-21.9325],[-42.0163,-21.9266],[-42.0114,-21.9243],[-42.0113,-21.9248]],[[-42.0099,-21.9225],[-42.0089,-21.9243],[-42.0103,-21.9226],[-42.0099,-21.9225]],[[-42.0182,-21.9212],[-42.0132,-21.9196],[-42.0109,-21.9222],[-42.0169,-21.9251],[-42.0177,-21.9222],[-42.0146,-21.9216],[-42.0181,-21.9212],[-42.0182,-21.9212]],[[-42.0165,-21.9279],[-42.0119,-21.9333],[-42.0162,-21.9362],[-42.012,-21.9371],[-42.0148,-21.9383],[-42.0195,-21.9356],[-42.0139,-21.9333],[-42.0181,-21.9335],[-42.0162,-21.9305],[-42.0195,-21.9323],[-42.0175,-21.9278],[-42.0165,-21.9279]],[[-42.0185,-21.9352],[-42.0163,-21.9364],[-42.0181,-21.9352],[-42.0185,-21.9352]],[[-42.018,-21.9311],[-42.0165,-21.9289],[-42.018,-21.9309],[-42.018,-21.9311]],[[-42.0256,-21.9243],[-42.0161,-21.9218],[-42.025,-21.9246],[-42.0256,-21.9243]],[[-42.0184,-21.9239],[-42.0186,-21.926],[-42.0186,-21.9238],[-42.0184,-21.9239]]]}},{"type":"Feature","properties":{"cod_tema":"AREA_USO_RESTRITO_DECLIVIDADE_25_A_45","cod_imovel":"RJ-3304607-0F649D10808D4094A718BB0B7A947772","num_area":"4.0090000000000000000000000000000","ind_status":"AT"},"geometry":{"type":"Polygon","coordinates":[[[-41.9305,-22.0107],[-41.9266,-22.0082],[-41.9304,-22.0107],[-41.9305,-22.0107]]]}},{"type":"Feature","properties":{"cod_tema":"AREA_USO_RESTRITO_DECLIVIDADE_25_A_45","cod_imovel":"RJ-3304607-CF87868F6BC04009BDD9E4BECC7AD14A","num_area":"32.161800000000000000000000000000","ind_status":"AT"},"geometry":{"type":"Polygon","coordinates":[[[-42.0722,-21.9435],[-42.0724,-21.9472],[-42.0723,-21.9436],[-42.0722,-21.9435]],[[-42.0816,-21.9455],[-42.0794,-21.9407],[-42.0776,-21.9439],[-42.0742,-21.9416],[-42.0748,-21.9476],[-42.0724,-21.9415],[-42.0748,-21.9484],[-42.0816,-21.9455],[-42.0816,-21.9455]],[[-42.0781,-21.9447],[-42.0759,-21.9443],[-42.078,-21.9446],[-42.0781,-21.9447]]]}},{"type":"Feature","properties":{"cod_tema":"AREA_USO_RESTRITO_DECLIVIDADE_25_A_45","cod_imovel":"RJ-3304607-DA9F1F5E45DE427F8DC06AA2F04D87AD","num_area":"68.514200000000000000000000000000","ind_status":"AT"},"geometry":{"type":"Polygon","coordinates":[[[-42.0104,-21.8636],[-42.0075,-21.8643],[-42.0112,-21.8639],[-42.0104,-21.8636]],[[-42.0171,-21.8578],[-42.0142,-21.8569],[-42.0168,-21.8578],[-42.0171,-21.8578]],[[-42.0085,-21.859],[-42.0132,-21.8606],[-42.0085,-21.8592],[-42.0085,-21.859]],[[-42.0085,-21.859],[-42.0137,-21.8595],[-42.0106,-21.8581],[-42.0123,-21.8537],[-42.0084,-21.8587],[-42.0085,-21.859]],[[-42.0104,-21.8687],[-42.0092,-21.8666],[-42.0104,-21.8687],[-42.0104,-21.8687]],[[-41.9972,-21.8621],[-42.0042,-21.864],[-42.0014,-21.8617],[-42.0058,-21.8626],[-42.0076,-21.8599],[-41.997,-21.862],[-41.9972,-21.8621]],[[-42.0139,-21.862],[-42.0164,-21.8669],[-42.0137,-21.8619],[-42.0139,-21.862]]]}},{"type":"Feature","properties":{"cod_tema":"AREA_USO_RESTRITO_DECLIVIDADE_25_A_45","cod_imovel":"RJ-3304607-1DBF674FD1F54438B2D55D32DA500CF9","num_area":"60.701600000000000000000000000000","ind_status":"AT"},"geometry":{"type":"Polygon","coordinates":[[[-41.8132,-22.0605],[-41.8046,-22.0593],[-41.813,-22.0604],[-41.8132,-22.0605]],[[-41.8206,-22.0648],[-41.8184,-22.0622],[-41.8163,-22.0634],[-41.8199,-22.0641],[-41.8182,-22.0665],[-41.811,-22.064],[-41.8135,-22.0621],[-41.8061,-22.0624],[-41.8078,-22.0649],[-41.8097,-22.0617],[-41.8127,-22.0719],[-41.8145,-22.0655],[-41.82,-22.0654],[-41.8206,-22.0648]],[[-41.8141,-22.0727],[-41.8154,-22.0709],[-41.814,-22.0726],[-41.8141,-22.0727]]]}},{"type":"Feature","properties":{"cod_tema":"AREA_USO_RESTRITO_DECLIVIDADE_25_A_45","cod_imovel":"RJ-3304607-3AB04A609DB84AC39911293C88554CAD","num_area":"12.507300000000000000000000000000","ind_status":"AT"},"geometry":{"type":"Polygon","coordinates":[[[-42.0023,-21.9952],[-42.0013,-21.9976],[-42.0027,-21.9951],[-42.0023,-21.9952]],[[-42.0054,-21.999],[-42.0049,-21.9959],[-42.0052,-21.9988],[-42.0054,-21.999]],[[-42.0061,-21.9956],[-42.0038,-21.9941],[-42.003,-21.9977],[-42.006,-21.9955],[-42.0061,-21.9956]]]}},{"type":"Feature","properties":{"cod_tema":"AREA_USO_RESTRITO_DECLIVIDADE_25_A_45","cod_imovel":"RJ-3304607-AFDF26A2E75047ACA6D587740420A0E0","num_area":"14.832200000000000000000000000000","ind_status":"AT"},"geometry":{"type":"Polygon","coordinates":[[[-42.0913,-22.0482],[-42.0887,-22.0493],[-42.0915,-22.0486],[-42.0913,-22.0482]],[[-42.0882,-22.0508],[-42.0908,-22.0501],[-42.0882,-22.0507],[-42.0882,-22.0508]],[[-42.0947,-22.0467],[-42.0921,-22.0491],[-42.0974,-22.049],[-42.0948,-22.0466],[-42.0947,-22.0467]]]}},{"type":"Feature","properties":{"cod_tema":"AREA_USO_RESTRITO_DECLIVIDADE_25_A_45","cod_imovel":"RJ-3304607-30E2E8F34F3D40B7B777E55758E26A8D","num_area":"19.908000000000000000000000000000","ind_status":"PE"},"geometry":{"type":"Polygon","coordinates":[[[-41.9295,-21.9579],[-41.9237,-21.9569],[-41.9276,-21.9582],[-41.9295,-21.9579]],[[-41.9091,-21.9567],[-41.9107,-21.9585],[-41.9119,-21.9544],[-41.9098,-21.9565],[-41.9091,-21.9567]],[[-41.9087,-21.9611],[-41.9171,-21.9539],[-41.9089,-21.9612],[-41.9087,-21.9611]]]}},{"type":"Feature","properties":{"cod_tema":"AREA_USO_RESTRITO_DECLIVIDADE_25_A_45","cod_imovel":"RJ-3304607-E184EBB6F7F24AFCAD67A442B0C69297","num_area":"246.21830000000000000000000000000","ind_status":"PE"},"geometry":{"type":"Polygon","coordinates":[[[-41.9016,-21.8886],[-41.8946,-21.8807],[-41.8929,-21.8838],[-41.8969,-21.8852],[-41.8922,-21.8842],[-41.8908,-21.8877],[-41.8883,-21.8843],[-41.89,-21.8817],[-41.8912,-21.8848],[-41.8902,-21.8798],[-41.8805,-21.8835],[-41.886,-21.886],[-41.8821,-21.8855],[-41.8858,-21.8903],[-41.889,-21.8869],[-41.887,-21.8903],[-41.8946,-21.8945],[-41.8865,-21.8924],[-41.8934,-21.8953],[-41.901,-21.8909],[-41.8909,-21.8904],[-41.8891,-21.8875],[-41.8971,-21.8864],[-41.8966,-21.8888],[-41.9008,-21.8891],[-41.9016,-21.8886]],[[-41.8908,-21.8799],[-41.8916,-21.8843],[-41.8912,-21.8802],[-41.8908,-21.8799]],[[-41.8941,-21.8777],[-41.8958,-21.8802],[-41.8944,-21.8777],[-41.8941,-21.8777]],[[-41.9025,-21.8779],[-41.8994,-21.8779],[-41.9027,-21.878],[-41.9025,-21.8779]],[[-41.9149,-21.88],[-41.9142,-21.8779],[-41.9126,-21.8803],[-41.9126,-21.8779],[-41.9102,-21.8802],[-41.906,-21.8787],[-41.9074,-21.8806],[-41.9028,-21.8826],[-41.9052,-21.8816],[-41.9033,-21.8799],[-41.8997,-21.8839],[-41.9046,-21.8865],[-41.9019,-21.8836],[-41.9148,-21.8803],[-41.9149,-21.88]],[[-41.9013,-21.8854],[-41.904,-21.8867],[-41.902,-21.8851],[-41.9013,-21.8854]],[[-41.9073,-21.8883],[-41.9043,-21.887],[-41.9067,-21.8884],[-41.9073,-21.8883]],[[-41.9064,-21.893],[-41.9096,-21.896],[-41.9068,-21.8927],[-41.9064,-21.893]],[[-41.9137,-21.8852],[-41.9111,-21.8856],[-41.9137,-21.8854],[-41.9137,-21.8852]],[[-41.9137,-21.8863],[-41.9112,-21.8865],[-41.9134,-21.8866],[-41.9137,-21.8863]],[[-41.9154,-21.8821],[-41.9141,-21.8845],[-41.9154,-21.8829],[-41.9154,-21.8821]],[[-41.9191,-21.8879],[-41.9173,-21.884],[-41.9187,-21.8881],[-41.9191,-21.8879]],[[-41.9211,-21.8863],[-41.9206,-21.8822],[-41.9173,-21.8821],[-41.9211,-21.8863],[-41.9211,-21.8863]],[[-41.9235,-21.8842],[-41.9225,-21.8822],[-41.9234,-21.8841],[-41.9235,-21.8842]]]}},{"type":"Feature","properties":{"cod_tema":"AREA_USO_RESTRITO_DECLIVIDADE_25_A_45","cod_imovel":"RJ-3304607-0B32DC5F57E7412690C79174EFCB39D9","num_area":"147.99880000000000000000000000000","ind_status":"PE"},"geometry":{"type":"Polygon","coordinates":[[[-41.9853,-21.9817],[-41.9725,-21.9747],[-41.9718,-21.9808],[-41.9672,-21.9791],[-41.9689,-21.9772],[-41.9659,-21.9746],[-41.9647,-21.9777],[-41.9717,-21.9815],[-41.9673,-21.9844],[-41.9745,-21.9792],[-41.9754,-21.9832],[-41.9759,-21.9803],[-41.9776,-21.9847],[-41.9814,-21.9844],[-41.9781,-21.9858],[-41.9817,-21.9861],[-41.9853,-21.9817],[-41.9853,-21.9817]],[[-41.9812,-21.982],[-41.9784,-21.9829],[-41.9811,-21.9813],[-41.9812,-21.982]],[[-41.9832,-21.9834],[-41.982,-21.9805],[-41.9832,-21.9833],[-41.9832,-21.9834]],[[-41.9667,-21.973],[-41.9707,-21.9768],[-41.972,-21.9747],[-41.9673,-21.9731],[-41.9667,-21.973]],[[-41.9673,-21.985],[-41.9766,-21.9886],[-41.9736,-21.9851],[-41.9674,-21.9849],[-41.9673,-21.985]],[[-41.9691,-21.9786],[-41.9713,-21.979],[-41.9693,-21.9777],[-41.9691,-21.9786]],[[-41.9786,-21.9931],[-41.9762,-21.9955],[-41.9785,-21.9934],[-41.9786,-21.9931]],[[-41.9772,-21.991],[-41.9769,-21.9877],[-41.9772,-21.9904],[-41.9772,-21.991]],[[-41.9816,-21.9875],[-41.9791,-21.9893],[-41.9787,-21.9863],[-41.9792,-21.9905],[-41.9815,-21.9873],[-41.9816,-21.9875]]]}},{"type":"Feature","properties":{"cod_tema":"AREA_USO_RESTRITO_DECLIVIDADE_25_A_45","cod_imovel":"RJ-3304607-7B0ED13378A94E4B862D5C125B38A106","num_area":"6.5529000000000000000000000000000","ind_status":"PE"},"geometry":{"type":"Polygon","coordinates":[[[-41.9655,-21.9843],[-41.9612,-21.9845],[-41.9645,-21.9843],[-41.9655,-21.9843]]]}},{"type":"Feature","properties":{"cod_tema":"AREA_USO_RESTRITO_DECLIVIDADE_25_A_45","cod_imovel":"RJ-3304607-97EE157241634F098A93D5DFCC2595DC","num_area":"116.21000000000000000000000000000","ind_status":"PE"},"geometry":{"type":"Polygon","coordinates":[[[-41.938,-21.9847],[-41.9402,-21.9852],[-41.938,-21.9846],[-41.938,-21.9847]],[[-41.9393,-21.9884],[-41.94,-21.9913],[-41.9391,-21.9881],[-41.9393,-21.9884]],[[-41.9367,-21.9828],[-41.9334,-21.9832],[-41.9369,-21.9826],[-41.9367,-21.9828]],[[-41.946,-21.9864],[-41.9491,-21.978],[-41.9459,-21.9802],[-41.9453,-21.9729],[-41.9406,-21.9745],[-41.9414,-21.9717],[-41.935,-21.971],[-41.9333,-21.9762],[-41.9365,-21.9748],[-41.9364,-21.9785],[-41.9443,-21.9791],[-41.9465,-21.9834],[-41.9402,-21.9849],[-41.9459,-21.9863],[-41.946,-21.9864]],[[-41.9446,-21.9783],[-41.9454,-21.9802],[-41.9443,-21.9785],[-41.9446,-21.9783]]]}},{"type":"Feature","properties":{"cod_tema":"AREA_USO_RESTRITO_DECLIVIDADE_25_A_45","cod_imovel":"RJ-3304607-FC508502A6A543CD9CAA2C155EAA5B3A","num_area":"35.226100000000000000000000000000","ind_status":"PE"},"geometry":{"type":"Polygon","coordinates":[[[-41.9464,-21.879],[-41.9431,-21.8778],[-41.9462,-21.8794],[-41.9464,-21.879]],[[-41.9467,-21.878],[-41.944,-21.8775],[-41.9467,-21.8781],[-41.9467,-21.878]],[[-41.9365,-21.8762],[-41.9428,-21.8781],[-41.9302,-21.8727],[-41.9269,-21.8779],[-41.9305,-21.8739],[-41.9362,-21.8756],[-41.9365,-21.8762]]]}},{"type":"Feature","properties":{"cod_tema":"AREA_USO_RESTRITO_DECLIVIDADE_25_A_45","cod_imovel":"RJ-3304607-5A1362B540484803B206A5DAC8915D05","num_area":"16.318700000000000000000000000000","ind_status":"PE"},"geometry":{"type":"Polygon","coordinates":[[[-41.9269,-21.8779],[-41.9334,-21.8757],[-41.9305,-21.8739],[-41.9269,-21.8779]],[[-41.9374,-21.8765],[-41.946,-21.8797],[-41.94,-21.8775],[-41.9374,-21.8765]]]}},{"type":"Feature","properties":{"cod_tema":"AREA_USO_RESTRITO_DECLIVIDADE_25_A_45","cod_imovel":"RJ-3304607-18588BAF658F4BB1875A96D1CC29BFAC","num_area":"91.039800000000000000000000000000","ind_status":"AT"},"geometry":{"type":"Polygon","coordinates":[[[-41.9228,-21.8585],[-41.9314,-21.866],[-41.9348,-21.8599],[-41.9303,-21.855],[-41.9226,-21.8571],[-41.9228,-21.8585]]]}},{"type":"Feature","properties":{"cod_tema":"AREA_USO_RESTRITO_DECLIVIDADE_25_A_45","cod_imovel":"RJ-3304607-D79D3E54F09F416D93D0CAC3F1E39BEB","num_area":"69.098300000000000000000000000000","ind_status":"AT"},"geometry":{"type":"Polygon","coordinates":[[[-41.933,-21.8749],[-41.9275,-21.8772],[-41.9274,-21.8795],[-41.9301,-21.8788],[-41.9276,-21.8837],[-41.9351,-21.8852],[-41.9339,-21.8819],[-41.9306,-21.8822],[-41.9325,-21.8804],[-41.9377,-21.8824],[-41.9362,-21.8861],[-41.9396,-21.8857],[-41.9406,-21.8815],[-41.9326,-21.8798],[-41.9339,-21.8761],[-41.9299,-21.8768],[-41.933,-21.8751],[-41.933,-21.8749]],[[-41.9299,-21.8833],[-41.928,-21.8818],[-41.9304,-21.8833],[-41.9299,-21.8833]],[[-41.9374,-21.8861],[-41.9384,-21.8824],[-41.9376,-21.8861],[-41.9374,-21.8861]],[[-41.9393,-21.8772],[-41.9362,-21.8768],[-41.9392,-21.8772],[-41.9393,-21.8772]]]}},{"type":"Feature","properties":{"cod_tema":"AREA_USO_RESTRITO_DECLIVIDADE_25_A_45","cod_imovel":"RJ-3304607-AE482E8FB2CA4E1384BAD47D533B9FBB","num_area":"4007.7373000000000000000000000000","ind_status":"AT"},"geometry":{"type":"Polygon","coordinates":[[[-41.9146,-21.9233],[-41.8995,-21.9116],[-41.8965,-21.9129],[-41.9015,-21.9188],[-41.8952,-21.9148],[-41.8855,-21.9171],[-41.8832,-21.9162],[-41.8857,-21.9125],[-41.8826,-21.916],[-41.8787,-21.9105],[-41.8759,-21.9135],[-41.8695,-21.9068],[-41.8505,-21.9029],[-41.8462,-21.9],[-41.8534,-21.8966],[-41.8496,-21.8919],[-41.8424,-21.8946],[-41.8402,-21.901],[-41.8327,-21.8923],[-41.8361,-21.8976],[-41.8212,-21.8971],[-41.8301,-21.9035],[-41.837,-21.9022],[-41.8383,-21.9173],[-41.8424,-21.917],[-41.8482,-21.9237],[-41.8582,-21.9234],[-41.8631,-21.9201],[-41.8733,-21.926],[-41.883,-21.919],[-41.8797,-21.9245],[-41.8854,-21.922],[-41.8844,-21.929],[-41.8883,-21.9308],[-41.8895,-21.94],[-41.8964,-21.9386],[-41.8939,-21.9433],[-41.902,-21.9399],[-41.9058,-21.9259],[-41.9111,-21.9221],[-41.9146,-21.9233]],[[-41.8385,-21.9112],[-41.8402,-21.9082],[-41.848,-21.9122],[-41.8387,-21.9116],[-41.8385,-21.9112]],[[-41.8627,-21.92],[-41.8621,-21.9159],[-41.8626,-21.9198],[-41.8627,-21.92]],[[-41.8262,-21.8973],[-41.8246,-21.8991],[-41.826,-21.897],[-41.8262,-21.8973]],[[-41.8368,-21.8995],[-41.8323,-21.898],[-41.8303,-21.9012],[-41.8306,-21.8975],[-41.8356,-21.8993],[-41.8368,-21.8995]],[[-41.8403,-21.9046],[-41.8374,-21.9058],[-41.8402,-21.9045],[-41.8403,-21.9046]],[[-41.8403,-21.9042],[-41.8381,-21.9046],[-41.8402,-21.9039],[-41.8403,-21.9042]],[[-41.8424,-21.9129],[-41.8402,-21.9148],[-41.8423,-21.9127],[-41.8424,-21.9129]],[[-41.8437,-21.9056],[-41.8401,-21.9049],[-41.8434,-21.9048],[-41.8437,-21.9056]],[[-41.8472,-21.9058],[-41.8417,-21.9043],[-41.847,-21.9052],[-41.8472,-21.9058]],[[-41.8459,-21.8997],[-41.844,-21.896],[-41.8457,-21.8992],[-41.8459,-21.8997]],[[-41.8469,-21.9133],[-41.8447,-21.9144],[-41.8464,-21.9132],[-41.8469,-21.9133]],[[-41.8504,-21.9097],[-41.8449,-21.9096],[-41.8497,-21.9089],[-41.8504,-21.9097]],[[-41.8498,-21.8937],[-41.8457,-21.8932],[-41.8487,-21.893],[-41.8498,-21.8937]],[[-41.8483,-21.8967],[-41.8463,-21.8991],[-41.8481,-21.8964],[-41.8483,-21.8967]],[[-41.8488,-21.9188],[-41.8464,-21.9167],[-41.8486,-21.9175],[-41.8488,-21.9188]],[[-41.8503,-21.9143],[-41.8466,-21.915],[-41.8501,-21.9142],[-41.8503,-21.9143]],[[-41.8512,-21.9175],[-41.8491,-21.9159],[-41.8511,-21.9172],[-41.8512,-21.9175]],[[-41.8524,-21.912],[-41.8497,-21.9141],[-41.8522,-21.9112],[-41.8524,-21.912]],[[-41.8535,-21.9189],[-41.8523,-21.9218],[-41.853,-21.9189],[-41.8535,-21.9189]],[[-41.8586,-21.9158],[-41.8576,-21.9196],[-41.8537,-21.9187],[-41.8574,-21.9174],[-41.8565,-21.9134],[-41.8583,-21.9147],[-41.8586,-21.9158]],[[-41.8563,-21.9129],[-41.854,-21.9137],[-41.8563,-21.9123],[-41.8563,-21.9129]],[[-41.8562,-21.9163],[-41.854,-21.9153],[-41.8561,-21.9161],[-41.8562,-21.9163]],[[-41.8713,-21.9108],[-41.8661,-21.9111],[-41.8602,-21.9061],[-41.8708,-21.9103],[-41.8713,-21.9108]],[[-41.8651,-21.911],[-41.8631,-21.9096],[-41.865,-21.9108],[-41.8651,-21.911]],[[-41.8713,-21.9135],[-41.8691,-21.9146],[-41.8712,-21.9133],[-41.8713,-21.9135]],[[-41.8769,-21.9151],[-41.874,-21.9159],[-41.8767,-21.9147],[-41.8769,-21.9151]],[[-41.8817,-21.915],[-41.8771,-21.9136],[-41.8807,-21.9149],[-41.8817,-21.915]],[[-41.8885,-21.9196],[-41.8861,-21.9219],[-41.8842,-21.9199],[-41.888,-21.9198],[-41.8885,-21.9196]],[[-41.895,-21.9179],[-41.892,-21.924],[-41.8864,-21.9168],[-41.8907,-21.9176],[-41.892,-21.9148],[-41.8916,-21.9178],[-41.8938,-21.9135],[-41.8947,-21.9173],[-41.895,-21.9179]],[[-41.8919,-21.9318],[-41.8893,-21.9303],[-41.8916,-21.9315],[-41.8919,-21.9318]],[[-41.8939,-21.9308],[-41.8915,-21.9306],[-41.8938,-21.9304],[-41.8939,-21.9308]],[[-41.9025,-21.9321],[-41.8954,-21.9331],[-41.895,-21.9276],[-41.8937,-21.9301],[-41.8925,-21.9283],[-41.8969,-21.9252],[-41.8963,-21.9296],[-41.9024,-21.9313],[-41.9025,-21.9321]],[[-41.8961,-21.9127],[-41.8942,-21.9113],[-41.896,-21.9125],[-41.8961,-21.9127]],[[-41.8976,-21.9256],[-41.8953,-21.9234],[-41.8975,-21.9254],[-41.8976,-21.9256]],[[-41.8995,-21.9209],[-41.8972,-21.9189],[-41.8993,-21.9198],[-41.8995,-21.9209]],[[-41.8989,-21.9131],[-41.8977,-21.9157],[-41.8986,-21.9126],[-41.8989,-21.9131]],[[-41.9037,-21.921],[-41.9015,-21.9191],[-41.9035,-21.9209],[-41.9037,-21.921]],[[-41.9065,-21.9229],[-41.9033,-21.9203],[-41.9063,-21.922],[-41.9065,-21.9229]],[[-41.9059,-21.9234],[-41.9036,-21.9213],[-41.9057,-21.9226],[-41.9059,-21.9234]],[[-41.8801,-21.9072],[-41.8893,-21.9122],[-41.8935,-21.9047],[-41.886,-21.8984],[-41.875,-21.9011],[-41.877,-21.8971],[-41.8797,-21.8986],[-41.8777,-21.8961],[-41.8829,-21.8966],[-41.8799,-21.8899],[-41.8718,-21.8844],[-41.866,-21.8885],[-41.8543,-21.8897],[-41.8715,-21.9072],[-41.8749,-21.9043],[-41.8766,-21.9069],[-41.8784,-21.9032],[-41.8734,-21.9027],[-41.8762,-21.9054],[-41.8781,-21.9023],[-41.8801,-21.9072]],[[-41.8659,-21.8927],[-41.8588,-21.8921],[-41.8606,-21.8964],[-41.8565,-21.892],[-41.8656,-21.892],[-41.8659,-21.8927]],[[-41.8691,-21.897],[-41.8654,-21.8984],[-41.8674,-21.8974],[-41.8691,-21.897]],[[-41.8783,-21.8903],[-41.8661,-21.8921],[-41.8773,-21.8899],[-41.8783,-21.8903]],[[-41.8703,-21.896],[-41.8661,-21.8955],[-41.8701,-21.8956],[-41.8703,-21.896]],[[-41.8703,-21.8867],[-41.8663,-21.8873],[-41.8699,-21.8865],[-41.8703,-21.8867]],[[-41.8702,-21.8988],[-41.8666,-21.9],[-41.8698,-21.8985],[-41.8702,-21.8988]],[[-41.8708,-21.8896],[-41.8678,-21.8888],[-41.8706,-21.8893],[-41.8708,-21.8896]],[[-41.8726,-21.9009],[-41.8705,-21.9014],[-41.8724,-21.9006],[-41.8726,-21.9009]],[[-41.875,-21.8979],[-41.8713,-21.8983],[-41.8748,-21.8973],[-41.875,-21.8979]],[[-41.8856,-21.905],[-41.8792,-21.9003],[-41.8848,-21.9016],[-41.8855,-21.9046],[-41.8856,-21.905]],[[-41.8883,-21.9018],[-41.8819,-21.9001],[-41.888,-21.9012],[-41.8883,-21.9018]],[[-41.8921,-21.9039],[-41.8879,-21.9056],[-41.8854,-21.9019],[-41.8921,-21.9036],[-41.8921,-21.9039]],[[-41.8892,-21.9053],[-41.8859,-21.9084],[-41.8887,-21.9056],[-41.8892,-21.9053]],[[-41.9113,-21.9241],[-41.9094,-21.9228],[-41.9114,-21.925],[-41.9113,-21.9241]],[[-41.8894,-21.9093],[-41.8867,-21.9103],[-41.8893,-21.9093],[-41.8894,-21.9093]],[[-41.8404,-21.8953],[-41.8391,-21.8931],[-41.8413,-21.8982],[-41.8405,-21.8952],[-41.8404,-21.8953]],[[-41.8418,-21.9121],[-41.8461,-21.9115],[-41.8415,-21.912],[-41.8418,-21.9121]],[[-41.8461,-21.8891],[-41.8437,-21.889],[-41.8462,-21.8893],[-41.8461,-21.8891]],[[-41.8874,-21.8796],[-41.8762,-21.8692],[-41.866,-21.8682],[-41.8639,-21.8697],[-41.869,-21.8719],[-41.8633,-21.8697],[-41.8663,-21.8733],[-41.8626,-21.8736],[-41.8636,-21.8757],[-41.8612,-21.8719],[-41.8617,-21.8756],[-41.858,-21.8727],[-41.8538,-21.8751],[-41.855,-21.8789],[-41.8516,-21.8794],[-41.8488,-21.8865],[-41.853,-21.8819],[-41.8511,-21.886],[-41.8546,-21.8852],[-41.8516,-21.8864],[-41.8627,-21.8851],[-41.8621,-21.8764],[-41.8656,-21.8779],[-41.8617,-21.8811],[-41.8656,-21.8847],[-41.8693,-21.8789],[-41.873,-21.883],[-41.8872,-21.8797],[-41.8874,-21.8796]],[[-41.8549,-21.8799],[-41.8513,-21.8813],[-41.8542,-21.8791],[-41.8549,-21.8799]],[[-41.8566,-21.8789],[-41.8555,-21.8766],[-41.8561,-21.8788],[-41.8566,-21.8789]],[[-41.8668,-21.8771],[-41.8657,-21.8749],[-41.8667,-21.8767],[-41.8668,-21.8771]],[[-41.8691,-21.8746],[-41.8668,-21.8723],[-41.8687,-21.8744],[-41.8691,-21.8746]],[[-41.8764,-21.8786],[-41.8683,-21.8776],[-41.8763,-21.8783],[-41.8764,-21.8786]],[[-41.8728,-21.8751],[-41.8697,-21.8745],[-41.8726,-21.8746],[-41.8728,-21.8751]],[[-41.8742,-21.8803],[-41.8717,-21.8794],[-41.8741,-21.8801],[-41.8742,-21.8803]],[[-41.8862,-21.8791],[-41.8758,-21.8825],[-41.8743,-21.8797],[-41.8856,-21.8793],[-41.8862,-21.8791]],[[-41.8783,-21.873],[-41.8747,-21.8716],[-41.8779,-21.8726],[-41.8783,-21.873]],[[-41.8799,-21.8784],[-41.8775,-21.8779],[-41.8798,-21.8783],[-41.8799,-21.8784]],[[-41.8856,-21.8771],[-41.8814,-21.8756],[-41.8853,-21.8768],[-41.8856,-21.8771]],[[-41.8601,-21.8858],[-41.8565,-21.8852],[-41.859,-21.8858],[-41.8601,-21.8858]],[[-41.8586,-21.8984],[-41.8612,-21.9004],[-41.8592,-21.8988],[-41.8586,-21.8984]],[[-41.8614,-21.903],[-41.8589,-21.901],[-41.8609,-21.9027],[-41.8614,-21.903]],[[-41.8656,-21.9016],[-41.8621,-21.8998],[-41.8649,-21.9016],[-41.8656,-21.9016]],[[-41.8628,-21.9078],[-41.865,-21.9092],[-41.8633,-21.9077],[-41.8628,-21.9078]],[[-41.8639,-21.9015],[-41.8652,-21.9036],[-41.864,-21.9017],[-41.8639,-21.9015]],[[-41.9018,-21.8886],[-41.8908,-21.88],[-41.8915,-21.8843],[-41.8968,-21.8852],[-41.8921,-21.8842],[-41.8907,-21.8866],[-41.8883,-21.8843],[-41.89,-21.8817],[-41.8912,-21.8848],[-41.8902,-21.8798],[-41.8736,-21.8833],[-41.8837,-21.8923],[-41.899,-21.8966],[-41.9002,-21.8947],[-41.8968,-21.8935],[-41.9014,-21.8888],[-41.9018,-21.8886]],[[-41.8817,-21.8851],[-41.8794,-21.8853],[-41.8815,-21.885],[-41.8817,-21.8851]],[[-41.886,-21.8878],[-41.884,-21.8897],[-41.8798,-21.8869],[-41.8853,-21.8884],[-41.886,-21.8878]],[[-41.8856,-21.8839],[-41.8805,-21.8835],[-41.8855,-21.8833],[-41.8856,-21.8839]],[[-41.8871,-21.8866],[-41.8821,-21.8848],[-41.8868,-21.8863],[-41.8871,-21.8866]],[[-41.8927,-21.8888],[-41.8884,-21.8886],[-41.8927,-21.8888],[-41.8927,-21.8888]],[[-41.8999,-21.8898],[-41.8927,-21.8908],[-41.8928,-21.8865],[-41.8997,-21.8896],[-41.8999,-21.8898]],[[-41.8955,-21.8916],[-41.8947,-21.8938],[-41.8954,-21.8914],[-41.8955,-21.8916]],[[-41.8978,-21.8858],[-41.8954,-21.8862],[-41.8975,-21.8857],[-41.8978,-21.8858]],[[-41.8984,-21.8882],[-41.8957,-21.887],[-41.8981,-21.8874],[-41.8984,-21.8882]],[[-41.8761,-21.9103],[-41.8738,-21.9081],[-41.8759,-21.9102],[-41.8761,-21.9103]],[[-41.8815,-21.8724],[-41.8816,-21.8698],[-41.8774,-21.8694],[-41.8814,-21.872],[-41.8815,-21.8724]],[[-41.8802,-21.9129],[-41.8792,-21.9104],[-41.8803,-21.9125],[-41.8802,-21.9129]],[[-41.8837,-21.8988],[-41.8843,-21.8965],[-41.8837,-21.8987],[-41.8837,-21.8988]],[[-41.8856,-21.9121],[-41.8829,-21.9115],[-41.8847,-21.9127],[-41.8856,-21.9121]],[[-41.8897,-21.8984],[-41.8853,-21.8964],[-41.8894,-21.8986],[-41.8897,-21.8984]],[[-41.8872,-21.9416],[-41.8878,-21.9397],[-41.8868,-21.9418],[-41.8872,-21.9416]],[[-41.9022,-21.9092],[-41.8993,-21.9083],[-41.9017,-21.9056],[-41.8979,-21.9093],[-41.9026,-21.9096],[-41.9022,-21.9092]],[[-41.9354,-21.9152],[-41.9209,-21.9111],[-41.9326,-21.9128],[-41.9244,-21.9085],[-41.9332,-21.9081],[-41.9229,-21.8997],[-41.9241,-21.9102],[-41.9196,-21.8951],[-41.9296,-21.9031],[-41.9321,-21.9029],[-41.9237,-21.8952],[-41.9334,-21.8976],[-41.9276,-21.8956],[-41.9306,-21.8917],[-41.9191,-21.8842],[-41.9166,-21.8852],[-41.92,-21.8925],[-41.9068,-21.8927],[-41.9043,-21.8991],[-41.9036,-21.8955],[-41.9011,-21.8982],[-41.9089,-21.9055],[-41.9117,-21.8974],[-41.9168,-21.8985],[-41.9213,-21.9054],[-41.9166,-21.9039],[-41.9147,-21.9072],[-41.9309,-21.9171],[-41.9354,-21.9152]],[[-41.92,-21.8925],[-41.922,-21.8944],[-41.9201,-21.8932],[-41.92,-21.8925]],[[-41.9085,-21.8982],[-41.9063,-21.9],[-41.9046,-21.8978],[-41.9085,-21.8981],[-41.9085,-21.8982]],[[-41.9087,-21.8948],[-41.9072,-21.8965],[-41.9081,-21.8941],[-41.9087,-21.8948]],[[-41.9134,-21.9018],[-41.911,-21.9035],[-41.9081,-21.9002],[-41.9132,-21.9016],[-41.9134,-21.9018]],[[-41.9136,-21.9012],[-41.9116,-21.8988],[-41.9135,-21.9008],[-41.9136,-21.9012]],[[-41.9209,-21.9083],[-41.9155,-21.9081],[-41.9205,-21.908],[-41.9209,-21.9083]],[[-41.9269,-21.8964],[-41.9246,-21.8952],[-41.9267,-21.896],[-41.9269,-21.8964]],[[-41.9301,-21.9118],[-41.9271,-21.9102],[-41.9297,-21.9116],[-41.9301,-21.9118]],[[-41.9031,-21.8957],[-41.9059,-21.8918],[-41.9001,-21.8917],[-41.9032,-21.895],[-41.8992,-21.8979],[-41.9027,-21.896],[-41.9031,-21.8957]],[[-41.9261,-21.8983],[-41.9334,-21.9035],[-41.9266,-21.8985],[-41.9261,-21.8983]],[[-41.9016,-21.9358],[-41.9017,-21.938],[-41.9017,-21.9354],[-41.9016,-21.9358]],[[-41.9023,-21.8855],[-41.904,-21.8867],[-41.9015,-21.8854],[-41.9023,-21.8855]],[[-41.904,-21.8862],[-41.9017,-21.8844],[-41.9037,-21.8861],[-41.904,-21.8862]],[[-41.9043,-21.91],[-41.9099,-21.9118],[-41.9123,-21.9084],[-41.9101,-21.9101],[-41.9052,-21.9064],[-41.9037,-21.9091],[-41.9043,-21.91]],[[-41.9096,-21.8815],[-41.9024,-21.8837],[-41.9096,-21.8818],[-41.9096,-21.8815]],[[-41.9025,-21.9418],[-41.906,-21.9434],[-41.9025,-21.9415],[-41.9025,-21.9418]],[[-41.9712,-21.9806],[-41.951,-21.966],[-41.9671,-21.9747],[-41.9519,-21.9655],[-41.9568,-21.9649],[-41.9543,-21.9615],[-41.9571,-21.9598],[-41.9456,-21.9507],[-41.9494,-21.951],[-41.9473,-21.946],[-41.9355,-21.9387],[-41.9376,-21.9441],[-41.9347,-21.9415],[-41.9315,-21.9431],[-41.9426,-21.9466],[-41.9285,-21.9481],[-41.931,-21.952],[-41.9333,-21.9508],[-41.9318,-21.9534],[-41.9224,-21.9427],[-41.907,-21.937],[-41.9178,-21.9407],[-41.9133,-21.9464],[-41.9107,-21.9445],[-41.9156,-21.9478],[-41.9124,-21.9505],[-41.9192,-21.9492],[-41.9256,-21.9616],[-41.9323,-21.9639],[-41.9375,-21.9703],[-41.9416,-21.9685],[-41.9429,-21.9737],[-41.9394,-21.9723],[-41.9451,-21.9738],[-41.9474,-21.9715],[-41.9486,-21.9755],[-41.948,-21.9728],[-41.9625,-21.9787],[-41.9712,-21.9806]],[[-41.9207,-21.9417],[-41.917,-21.9392],[-41.9198,-21.9412],[-41.9207,-21.9417]],[[-41.923,-21.9436],[-41.9213,-21.9453],[-41.9228,-21.9432],[-41.923,-21.9436]],[[-41.9266,-21.9582],[-41.9236,-21.9573],[-41.9262,-21.958],[-41.9266,-21.9582]],[[-41.9284,-21.958],[-41.9238,-21.9568],[-41.9277,-21.9573],[-41.9284,-21.958]],[[-41.9293,-21.9601],[-41.9258,-21.9617],[-41.9291,-21.9594],[-41.9293,-21.9601]],[[-41.9314,-21.9543],[-41.9298,-21.9556],[-41.9311,-21.954],[-41.9314,-21.9543]],[[-41.937,-21.9569],[-41.9322,-21.9582],[-41.9357,-21.9568],[-41.937,-21.9569]],[[-41.938,-21.9447],[-41.9342,-21.9439],[-41.9377,-21.9444],[-41.938,-21.9447]],[[-41.9383,-21.9624],[-41.9362,-21.9604],[-41.9382,-21.9615],[-41.9383,-21.9624]],[[-41.9453,-21.9466],[-41.938,-21.9428],[-41.9448,-21.9463],[-41.9453,-21.9466]],[[-41.9428,-21.9613],[-41.938,-21.9631],[-41.9427,-21.9614],[-41.9428,-21.9613]],[[-41.9521,-21.9645],[-41.9467,-21.961],[-41.9507,-21.9649],[-41.9481,-21.9657],[-41.9419,-21.9581],[-41.943,-21.9605],[-41.9387,-21.9609],[-41.9416,-21.9577],[-41.94,-21.9522],[-41.9423,-21.9577],[-41.952,-21.9643],[-41.9521,-21.9645]],[[-41.9459,-21.9611],[-41.9424,-21.9589],[-41.9449,-21.9605],[-41.9459,-21.9611]],[[-41.9438,-21.9653],[-41.9405,-21.9673],[-41.9434,-21.9652],[-41.9438,-21.9653]],[[-41.9468,-21.9663],[-41.9437,-21.9678],[-41.9465,-21.9656],[-41.9468,-21.9663]],[[-41.9482,-21.9667],[-41.9466,-21.9644],[-41.9478,-21.9665],[-41.9482,-21.9667]],[[-41.949,-21.9696],[-41.9469,-21.9682],[-41.9488,-21.969],[-41.949,-21.9696]],[[-41.9517,-21.9699],[-41.9481,-21.9683],[-41.9514,-21.9696],[-41.9517,-21.9699]],[[-41.961,-21.9743],[-41.9539,-21.9747],[-41.9485,-21.9709],[-41.9605,-21.9741],[-41.961,-21.9743]],[[-41.9125,-21.9351],[-41.9069,-21.9333],[-41.9133,-21.9372],[-41.9123,-21.9312],[-41.9155,-21.9344],[-41.9181,-21.9343],[-41.9156,-21.9317],[-41.919,-21.9334],[-41.9102,-21.9309],[-41.9122,-21.935],[-41.9125,-21.9351]],[[-41.9081,-21.9278],[-41.908,-21.9299],[-41.9101,-21.9267],[-41.9081,-21.9276],[-41.9081,-21.9278]],[[-41.9137,-21.8813],[-41.9092,-21.8808],[-41.913,-21.8814],[-41.9137,-21.8813]],[[-41.9111,-21.9307],[-41.9148,-21.9305],[-41.91,-21.9307],[-41.9111,-21.9307]],[[-41.9177,-21.9137],[-41.9159,-21.9093],[-41.9166,-21.9136],[-41.9122,-21.9147],[-41.913,-21.9174],[-41.9162,-21.9175],[-41.9178,-21.9138],[-41.9177,-21.9137]],[[-41.914,-21.8825],[-41.9157,-21.8836],[-41.9154,-21.8801],[-41.9137,-21.8824],[-41.914,-21.8825]],[[-41.9281,-21.9347],[-41.9192,-21.9309],[-41.9183,-21.9367],[-41.9147,-21.9357],[-41.9184,-21.9384],[-41.9235,-21.9354],[-41.9212,-21.9395],[-41.9242,-21.941],[-41.9277,-21.9353],[-41.9281,-21.9347]],[[-41.925,-21.9349],[-41.9199,-21.9331],[-41.9243,-21.9341],[-41.925,-21.9349]],[[-41.9183,-21.9283],[-41.921,-21.9293],[-41.9157,-21.9255],[-41.918,-21.9282],[-41.9183,-21.9283]],[[-41.9183,-21.9213],[-41.9189,-21.9174],[-41.9181,-21.9221],[-41.9183,-21.9213]],[[-41.9194,-21.9125],[-41.9194,-21.9149],[-41.9196,-21.9129],[-41.9194,-21.9125]],[[-41.9323,-21.9204],[-41.9318,-21.9224],[-41.9251,-21.916],[-41.9212,-21.9181],[-41.92,-21.9149],[-41.9268,-21.9248],[-41.9226,-21.9198],[-41.9191,-21.9238],[-41.9219,-21.9225],[-41.9301,-21.9296],[-41.9323,-21.9206],[-41.9323,-21.9204]],[[-41.9308,-21.9255],[-41.9267,-21.922],[-41.9307,-21.9253],[-41.9308,-21.9255]],[[-41.9292,-21.9236],[-41.9276,-21.9224],[-41.9295,-21.9237],[-41.9292,-21.9236]],[[-41.9271,-21.9259],[-41.924,-21.9237],[-41.9266,-21.9251],[-41.9271,-21.9259]],[[-41.9237,-21.9457],[-41.9205,-21.9506],[-41.9249,-21.9481],[-41.9238,-21.9459],[-41.9237,-21.9457]],[[-41.9253,-21.945],[-41.9241,-21.9433],[-41.9255,-21.9453],[-41.9253,-21.945]],[[-41.923,-21.9084],[-41.9217,-21.9102],[-41.9233,-21.9084],[-41.923,-21.9084]],[[-41.9278,-21.9458],[-41.9257,-21.9443],[-41.9276,-21.9451],[-41.9278,-21.9458]],[[-41.9313,-21.9393],[-41.9289,-21.9363],[-41.9265,-21.94],[-41.9296,-21.9432],[-41.9313,-21.9397],[-41.9313,-21.9393]],[[-41.9331,-21.9374],[-41.9302,-21.9378],[-41.9331,-21.9379],[-41.9331,-21.9374]],[[-41.9314,-21.9453],[-41.9286,-21.944],[-41.9317,-21.9456],[-41.9314,-21.9453]],[[-41.9403,-21.9399],[-41.9431,-21.9412],[-41.9404,-21.9396],[-41.9403,-21.9399]],[[-41.9454,-21.9527],[-41.9433,-21.9527],[-41.9456,-21.953],[-41.9454,-21.9527]],[[-41.947,-21.9525],[-41.9443,-21.9545],[-41.9489,-21.952],[-41.9452,-21.9513],[-41.9472,-21.9524],[-41.947,-21.9525]],[[-41.9495,-21.9773],[-41.9505,-21.9741],[-41.9495,-21.9773],[-41.9495,-21.9773]],[[-41.9522,-21.9529],[-41.9503,-21.9517],[-41.9523,-21.9534],[-41.9522,-21.9529]]]}},{"type":"Feature","properties":{"cod_tema":"AREA_USO_RESTRITO_DECLIVIDADE_25_A_45","cod_imovel":"RJ-3304607-3F37C3595D624E44B0C8131AD49E70D2","num_area":"79.446600000000000000000000000000","ind_status":"AT"},"geometry":{"type":"Polygon","coordinates":[[[-41.8498,-21.9494],[-41.8532,-21.9475],[-41.8513,-21.9455],[-41.8496,-21.9493],[-41.8498,-21.9494]],[[-41.8541,-21.9472],[-41.8593,-21.9469],[-41.8612,-21.9518],[-41.8657,-21.9511],[-41.8609,-21.9489],[-41.862,-21.9463],[-41.8517,-21.9447],[-41.854,-21.9471],[-41.8541,-21.9472]],[[-41.8616,-21.9444],[-41.8621,-21.9417],[-41.8652,-21.9433],[-41.8635,-21.9405],[-41.8515,-21.9418],[-41.8519,-21.9443],[-41.866,-21.9439],[-41.8616,-21.9442],[-41.8616,-21.9444]],[[-41.8563,-21.9412],[-41.86,-21.9424],[-41.8562,-21.9415],[-41.8563,-21.9412]]]}},{"type":"Feature","properties":{"cod_tema":"AREA_USO_RESTRITO_DECLIVIDADE_25_A_45","cod_imovel":"RJ-3304607-00A8C51DA3F14105A43CCB5A03A15EAF","num_area":"53.053100000000000000000000000000","ind_status":"AT"},"geometry":{"type":"Polygon","coordinates":[[[-41.9559,-21.8426],[-41.9548,-21.8462],[-41.956,-21.8426],[-41.9559,-21.8426]],[[-41.9646,-21.8488],[-41.9586,-21.8479],[-41.9563,-21.8435],[-41.9593,-21.8506],[-41.9646,-21.8488],[-41.9646,-21.8488]],[[-41.9597,-21.8361],[-41.9574,-21.842],[-41.9597,-21.8361],[-41.9597,-21.8361]],[[-41.9599,-21.8386],[-41.9589,-21.8427],[-41.9602,-21.8383],[-41.9599,-21.8386]],[[-41.9676,-21.8466],[-41.968,-21.8434],[-41.9636,-21.8446],[-41.9635,-21.8404],[-41.9613,-21.841],[-41.9622,-21.8451],[-41.9648,-21.8437],[-41.9676,-21.8465],[-41.9676,-21.8466]],[[-41.962,-21.8373],[-41.9634,-21.8395],[-41.9669,-21.8372],[-41.962,-21.8373],[-41.962,-21.8373]]]}},{"type":"Feature","properties":{"cod_tema":"AREA_USO_RESTRITO_DECLIVIDADE_25_A_45","cod_imovel":"RJ-3304607-8810028EC1E640FAA88E267C7DAA5B8E","num_area":"58.294700000000000000000000000000","ind_status":"AT"},"geometry":{"type":"Polygon","coordinates":[[[-41.9964,-21.9304],[-41.992,-21.9273],[-41.994,-21.9321],[-41.9904,-21.9433],[-41.9923,-21.94],[-41.9913,-21.9433],[-41.9934,-21.9429],[-41.9951,-21.9365],[-41.9936,-21.9382],[-41.9957,-21.9333],[-41.9936,-21.9291],[-41.9964,-21.9304],[-41.9964,-21.9304]],[[-41.9947,-21.9337],[-41.9938,-21.9358],[-41.9945,-21.9336],[-41.9947,-21.9337]],[[-41.9916,-21.9219],[-41.995,-21.9259],[-41.9924,-21.9214],[-41.9916,-21.9219]],[[-41.9981,-21.9203],[-41.9957,-21.9158],[-41.9932,-21.9177],[-41.998,-21.9203],[-41.9981,-21.9203]],[[-41.9954,-21.9248],[-41.9967,-21.9208],[-41.9953,-21.9247],[-41.9954,-21.9248]]]}},{"type":"Feature","properties":{"cod_tema":"AREA_USO_RESTRITO_DECLIVIDADE_25_A_45","cod_imovel":"RJ-3304607-9DCFB4A9A83B4ED1A0C45125D0E4E6C8","num_area":"8.3356000000000000000000000000000","ind_status":"AT"},"geometry":{"type":"Polygon","coordinates":[[[-41.9878,-21.9454],[-41.986,-21.9418],[-41.9881,-21.9458],[-41.9878,-21.9454]]]}},{"type":"Feature","properties":{"cod_tema":"AREA_USO_RESTRITO_DECLIVIDADE_25_A_45","cod_imovel":"RJ-3304607-F353812B44CA47EBAF44053326DE3D8F","num_area":"16.842200000000000000000000000000","ind_status":"AT"},"geometry":{"type":"Polygon","coordinates":[[[-41.9472,-21.8881],[-41.9444,-21.8865],[-41.9464,-21.8853],[-41.9418,-21.886],[-41.9443,-21.8892],[-41.9474,-21.888],[-41.9472,-21.8881]]]}},{"type":"Feature","properties":{"cod_tema":"AREA_USO_RESTRITO_DECLIVIDADE_25_A_45","cod_imovel":"RJ-3304607-AE6290F379374C9BBC43F1CD1DB9F288","num_area":"23.837900000000000000000000000000","ind_status":"AT"},"geometry":{"type":"Polygon","coordinates":[[[-41.957,-21.9414],[-41.9592,-21.9427],[-41.9574,-21.9413],[-41.957,-21.9414]],[[-41.9583,-21.9446],[-41.9608,-21.944],[-41.9583,-21.9446],[-41.9583,-21.9446]],[[-41.963,-21.9375],[-41.9672,-21.94],[-41.963,-21.9375],[-41.963,-21.9375]],[[-41.9633,-21.9393],[-41.9571,-21.9337],[-41.9628,-21.9389],[-41.9633,-21.9393]]]}},{"type":"Feature","properties":{"cod_tema":"AREA_USO_RESTRITO_DECLIVIDADE_25_A_45","cod_imovel":"RJ-3304607-E6BD1ADCA039469F9ADDBF13F8937873","num_area":"275.52320000000000000000000000000","ind_status":"PE"},"geometry":{"type":"Polygon","coordinates":[[[-41.9388,-21.8743],[-41.9543,-21.8787],[-41.9554,-21.8815],[-41.9609,-21.8783],[-41.9468,-21.8705],[-41.9393,-21.8741],[-41.9388,-21.8743]],[[-41.9548,-21.8765],[-41.9422,-21.8754],[-41.9547,-21.8763],[-41.9548,-21.8765]],[[-41.9483,-21.8735],[-41.9456,-21.8709],[-41.9484,-21.8736],[-41.9483,-21.8735]],[[-41.9534,-21.8923],[-41.9483,-21.8891],[-41.946,-21.8895],[-41.95,-21.8926],[-41.9459,-21.892],[-41.9407,-21.8858],[-41.9468,-21.8982],[-41.9499,-21.8954],[-41.9444,-21.8924],[-41.9502,-21.8954],[-41.9482,-21.8936],[-41.9534,-21.8923],[-41.9534,-21.8923]],[[-41.948,-21.8933],[-41.945,-21.8925],[-41.9477,-21.8932],[-41.948,-21.8933]],[[-41.9492,-21.8954],[-41.9481,-21.8971],[-41.9491,-21.8952],[-41.9492,-21.8954]],[[-41.9411,-21.8888],[-41.9432,-21.8926],[-41.9412,-21.8886],[-41.9411,-21.8888]],[[-41.9464,-21.8853],[-41.9445,-21.883],[-41.9409,-21.885],[-41.9464,-21.8853],[-41.9464,-21.8853]],[[-41.9559,-21.8831],[-41.947,-21.8779],[-41.9535,-21.8838],[-41.9449,-21.8832],[-41.9543,-21.8923],[-41.9521,-21.8887],[-41.9559,-21.8831],[-41.9559,-21.8831]],[[-41.9462,-21.8793],[-41.9503,-21.8823],[-41.9467,-21.8796],[-41.9462,-21.8793]],[[-41.9514,-21.8987],[-41.9542,-21.8997],[-41.9507,-21.8978],[-41.9514,-21.8987]],[[-41.9544,-21.8984],[-41.9554,-21.8957],[-41.9518,-21.8963],[-41.954,-21.8983],[-41.9544,-21.8984]],[[-41.9535,-21.8939],[-41.9522,-21.8959],[-41.9537,-21.8939],[-41.9535,-21.8939]],[[-41.9566,-21.8937],[-41.954,-21.8934],[-41.9565,-21.8934],[-41.9566,-21.8937]],[[-41.9577,-21.8858],[-41.9557,-21.887],[-41.9579,-21.886],[-41.9577,-21.8858]],[[-41.9571,-21.8896],[-41.9564,-21.8922],[-41.9572,-21.8892],[-41.9571,-21.8896]],[[-41.959,-21.8911],[-41.9636,-21.8889],[-41.9592,-21.8867],[-41.9601,-21.8895],[-41.957,-21.8879],[-41.959,-21.8911],[-41.959,-21.8911]],[[-41.9648,-21.8808],[-41.9611,-21.884],[-41.9607,-21.8813],[-41.9596,-21.8848],[-41.9656,-21.8874],[-41.9625,-21.8835],[-41.9693,-21.8843],[-41.9656,-21.8823],[-41.9689,-21.881],[-41.9645,-21.8809],[-41.9648,-21.8808]],[[-41.9641,-21.8898],[-41.9637,-21.8871],[-41.9641,-21.8893],[-41.9641,-21.8898]]]}},{"type":"Feature","properties":{"cod_tema":"AREA_USO_RESTRITO_DECLIVIDADE_25_A_45","cod_imovel":"RJ-3304607-322E8524A0334B7B9B44C39B7ADA9F9E","num_area":"4.3075000000000000000000000000000","ind_status":"AT"},"geometry":{"type":"Polygon","coordinates":[[[-41.7935,-21.8951],[-41.7961,-21.8949],[-41.7934,-21.8945],[-41.7935,-21.8951]]]}},{"type":"Feature","properties":{"cod_tema":"AREA_USO_RESTRITO_DECLIVIDADE_25_A_45","cod_imovel":"RJ-3304607-D53C0D4CF77E4B458431309E6D51BCD1","num_area":"16.808800000000000000000000000000","ind_status":"AT"},"geometry":{"type":"Polygon","coordinates":[[[-41.9655,-21.9583],[-41.9614,-21.9663],[-41.9678,-21.9602],[-41.9636,-21.9619],[-41.9661,-21.9585],[-41.9655,-21.9583]]]}},{"type":"Feature","properties":{"cod_tema":"AREA_USO_RESTRITO_DECLIVIDADE_25_A_45","cod_imovel":"RJ-3304607-D53C0D4CF77E4B458431309E6D51BCD1","num_area":"4.2264000000000000000000000000000","ind_status":"AT"},"geometry":{"type":"Polygon","coordinates":[[[-41.9685,-21.9573],[-41.9679,-21.9595],[-41.9686,-21.9571],[-41.9685,-21.9573]]]}},{"type":"Feature","properties":{"cod_tema":"AREA_USO_RESTRITO_DECLIVIDADE_25_A_45","cod_imovel":"RJ-3304607-D53C0D4CF77E4B458431309E6D51BCD1","num_area":"13.777300000000000000000000000000","ind_status":"AT"},"geometry":{"type":"Polygon","coordinates":[[[-41.9698,-21.9606],[-41.9725,-21.9567],[-41.9701,-21.9535],[-41.9694,-21.9603],[-41.9698,-21.9606]]]}},{"type":"Feature","properties":{"cod_tema":"AREA_USO_RESTRITO_DECLIVIDADE_25_A_45","cod_imovel":"RJ-3304607-DE67CD4402E7442EBC43CB21BFD47B6F","num_area":"3.1009000000000000000000000000000","ind_status":"AT"},"geometry":{"type":"Polygon","coordinates":[[[-41.9729,-21.8884],[-41.97,-21.8878],[-41.9726,-21.8893],[-41.9729,-21.8884]]]}},{"type":"Feature","properties":{"cod_tema":"AREA_USO_RESTRITO_DECLIVIDADE_25_A_45","cod_imovel":"RJ-3304607-59EEF45FFCEB4B5985C74380EA5D64CA","num_area":"2.9814000000000000000000000000000","ind_status":"AT"},"geometry":{"type":"Polygon","coordinates":[[[-41.9832,-21.8881],[-41.985,-21.8867],[-41.9832,-21.8881],[-41.9832,-21.8881]]]}},{"type":"Feature","properties":{"cod_tema":"AREA_USO_RESTRITO_DECLIVIDADE_25_A_45","cod_imovel":"RJ-3304607-3E253CE454B24131AE4E8AB88F183652","num_area":"12.088900000000000000000000000000","ind_status":"AT"},"geometry":{"type":"Polygon","coordinates":[[[-41.9484,-21.9002],[-41.9535,-21.904],[-41.949,-21.9007],[-41.9484,-21.9002]],[[-41.9494,-21.9036],[-41.9473,-21.9017],[-41.9494,-21.9035],[-41.9494,-21.9036]]]}},{"type":"Feature","properties":{"cod_tema":"AREA_USO_RESTRITO_DECLIVIDADE_25_A_45","cod_imovel":"RJ-3304607-C7B225D1A0814361838099AE196A0A2E","num_area":"6.4135000000000000000000000000000","ind_status":"AT"},"geometry":{"type":"Polygon","coordinates":[[[-42.0888,-21.9428],[-42.0867,-21.9431],[-42.09,-21.9429],[-42.0888,-21.9428]],[[-42.0849,-21.9407],[-42.0839,-21.9425],[-42.085,-21.9404],[-42.0849,-21.9407]]]}},{"type":"Feature","properties":{"cod_tema":"AREA_USO_RESTRITO_DECLIVIDADE_25_A_45","cod_imovel":"RJ-3304607-6BDEACD3E1C84521857A0099B922A762","num_area":"19.623600000000000000000000000000","ind_status":"AT"},"geometry":{"type":"Polygon","coordinates":[[[-41.9973,-21.9543],[-41.9947,-21.9538],[-41.9993,-21.9568],[-41.9979,-21.955],[-41.9973,-21.9543]],[[-41.9882,-21.9449],[-41.9949,-21.9459],[-41.9929,-21.9432],[-41.9885,-21.9441],[-41.9882,-21.9449]]]}},{"type":"Feature","properties":{"cod_tema":"AREA_USO_RESTRITO_DECLIVIDADE_25_A_45","cod_imovel":"RJ-3304607-50A7C459C11A4506BDE7E78B7265AFFF","num_area":"0.7313000000000000000000000000000","ind_status":"AT"},"geometry":{"type":"Polygon","coordinates":[[[-41.958,-21.9306],[-41.9563,-21.9289],[-41.9579,-21.9307],[-41.958,-21.9306]]]}},{"type":"Feature","properties":{"cod_tema":"AREA_USO_RESTRITO_DECLIVIDADE_25_A_45","cod_imovel":"RJ-3304607-A68218CCF6A34CDE9B0BEEFB99934A1E","num_area":"22.898000000000000000000000000000","ind_status":"AT"},"geometry":{"type":"Polygon","coordinates":[[[-41.837,-21.9477],[-41.8378,-21.943],[-41.8351,-21.9421],[-41.837,-21.9474],[-41.837,-21.9477]],[[-41.8289,-21.948],[-41.8342,-21.9484],[-41.831,-21.947],[-41.835,-21.9421],[-41.8324,-21.9414],[-41.83,-21.9461],[-41.8289,-21.948]]]}},{"type":"Feature","properties":{"cod_tema":"AREA_USO_RESTRITO_DECLIVIDADE_25_A_45","cod_imovel":"RJ-3304607-C93A9385D29D473BB7731F5E2C00FB52","num_area":"2.3210000000000000000000000000000","ind_status":"AT"},"geometry":{"type":"Polygon","coordinates":[[[-41.9842,-21.9432],[-41.9846,-21.9408],[-41.9842,-21.9433],[-41.9842,-21.9432]]]}},{"type":"Feature","properties":{"cod_tema":"AREA_USO_RESTRITO_DECLIVIDADE_25_A_45","cod_imovel":"RJ-3304607-08631F5C3DB144F8B3F6F4D192746C3B","num_area":"3.1420000000000000000000000000000","ind_status":"AT"},"geometry":{"type":"Polygon","coordinates":[[[-42.0244,-22.0132],[-42.0238,-22.0107],[-42.0243,-22.0132],[-42.0244,-22.0132]]]}},{"type":"Feature","properties":{"cod_tema":"AREA_USO_RESTRITO_DECLIVIDADE_25_A_45","cod_imovel":"RJ-3304607-62EE5271E69447879D788BE57E045A80","num_area":"21.342600000000000000000000000000","ind_status":"AT"},"geometry":{"type":"Polygon","coordinates":[[[-42.0225,-22.0059],[-42.0247,-22.0035],[-42.0225,-22.0059],[-42.0225,-22.0059]],[[-42.016,-22.0071],[-42.0171,-22.0102],[-42.0159,-22.0072],[-42.016,-22.0071]],[[-42.0232,-22.0125],[-42.0174,-22.0093],[-42.0229,-22.0124],[-42.0232,-22.0125]]]}},{"type":"Feature","properties":{"cod_tema":"AREA_USO_RESTRITO_DECLIVIDADE_25_A_45","cod_imovel":"RJ-3304607-8CFF3EAC20EA4EF0BCCC2C47EA76E557","num_area":"49.824000000000000000000000000000","ind_status":"AT"},"geometry":{"type":"Polygon","coordinates":[[[-41.9973,-21.9215],[-41.9963,-21.9242],[-41.9974,-21.9217],[-41.9973,-21.9215]],[[-41.9951,-21.9272],[-41.9975,-21.9285],[-41.9952,-21.9272],[-41.9951,-21.9272]],[[-42.0052,-21.9359],[-42.0103,-21.9335],[-42.0054,-21.9358],[-42.0052,-21.9359]],[[-42.0108,-21.9318],[-42.0121,-21.9296],[-42.0082,-21.9292],[-42.0106,-21.9312],[-42.0108,-21.9318]],[[-42.002,-21.9257],[-41.9984,-21.9225],[-41.9955,-21.9248],[-41.999,-21.927],[-41.9971,-21.9296],[-41.9995,-21.9265],[-42.004,-21.9279],[-42.0022,-21.9259],[-42.002,-21.9257]],[[-42.0042,-21.9235],[-42.0016,-21.9249],[-42.0061,-21.9289],[-42.0055,-21.9235],[-42.0042,-21.9235]]]}},{"type":"Feature","properties":{"cod_tema":"AREA_USO_RESTRITO_DECLIVIDADE_25_A_45","cod_imovel":"RJ-3304607-9E03DDE8469D43C08DC7D047EC525945","num_area":"4.9771000000000000000000000000000","ind_status":"AT"},"geometry":{"type":"Polygon","coordinates":[[[-41.9838,-21.9475],[-41.9799,-21.9477],[-41.9834,-21.9469],[-41.9838,-21.9475]]]}},{"type":"Feature","properties":{"cod_tema":"AREA_USO_RESTRITO_DECLIVIDADE_25_A_45","cod_imovel":"RJ-3304607-A60E5F11183C465A8F7979C9B0F29A1C","num_area":"2.8226000000000000000000000000000","ind_status":"AT"},"geometry":{"type":"Polygon","coordinates":[[[-41.9611,-21.8372],[-41.9622,-21.8347],[-41.9611,-21.8371],[-41.9611,-21.8372]]]}},{"type":"Feature","properties":{"cod_tema":"AREA_USO_RESTRITO_DECLIVIDADE_25_A_45","cod_imovel":"RJ-3304607-A35B3A65AB964DC1BD03A700FED291FB","num_area":"14.530800000000000000000000000000","ind_status":"PE"},"geometry":{"type":"Polygon","coordinates":[[[-41.9607,-21.9693],[-41.9639,-21.9631],[-41.9669,-21.9637],[-41.9635,-21.9629],[-41.9593,-21.9684],[-41.9607,-21.9693]]]}},{"type":"Feature","properties":{"cod_tema":"AREA_USO_RESTRITO_DECLIVIDADE_25_A_45","cod_imovel":"RJ-3304607-4C52985C51174758A78AF910698478B2","num_area":"14.527400000000000000000000000000","ind_status":"AT"},"geometry":{"type":"Polygon","coordinates":[[[-41.9717,-21.8557],[-41.971,-21.8533],[-41.9715,-21.8554],[-41.9717,-21.8557]],[[-41.9693,-21.8508],[-41.9724,-21.8495],[-41.9695,-21.8506],[-41.9693,-21.8508]],[[-41.9697,-21.849],[-41.9723,-21.8489],[-41.97,-21.8489],[-41.9697,-21.849]],[[-41.9701,-21.8539],[-41.9669,-21.8543],[-41.97,-21.8545],[-41.9701,-21.8539]]]}},{"type":"Feature","properties":{"cod_tema":"AREA_USO_RESTRITO_DECLIVIDADE_25_A_45","cod_imovel":"RJ-3304607-43688137C14147B8A3EEB37E19933B32","num_area":"1.0676000000000000000000000000000","ind_status":"AT"},"geometry":{"type":"Polygon","coordinates":[[[-41.9597,-21.9811],[-41.9595,-21.9832],[-41.9601,-21.9812],[-41.9597,-21.9811]]]}},{"type":"Feature","properties":{"cod_tema":"AREA_USO_RESTRITO_DECLIVIDADE_25_A_45","cod_imovel":"RJ-3304607-11997D14887D402880EE93324BF1EF73","num_area":"7.0830000000000000000000000000000","ind_status":"AT"},"geometry":{"type":"Polygon","coordinates":[[[-41.8054,-21.8834],[-41.8097,-21.8857],[-41.8059,-21.8826],[-41.8054,-21.8834]]]}},{"type":"Feature","properties":{"cod_tema":"AREA_USO_RESTRITO_DECLIVIDADE_25_A_45","cod_imovel":"RJ-3304607-D9C35D73FAC74E80AE9CCBC4B72814F8","num_area":"58.768100000000000000000000000000","ind_status":"PE"},"geometry":{"type":"Polygon","coordinates":[[[-41.9502,-21.9582],[-41.9486,-21.9624],[-41.9592,-21.9686],[-41.962,-21.9654],[-41.9582,-21.9638],[-41.9502,-21.9582]]]}},{"type":"Feature","properties":{"cod_tema":"AREA_USO_RESTRITO_DECLIVIDADE_25_A_45","cod_imovel":"RJ-3304607-A8A67F86BA4D42869AAE95D76A3DBA08","num_area":"5.5359000000000000000000000000000","ind_status":"AT"},"geometry":{"type":"Polygon","coordinates":[[[-41.9821,-21.9341],[-41.9796,-21.9334],[-41.981,-21.935],[-41.9821,-21.9341]]]}},{"type":"Feature","properties":{"cod_tema":"AREA_USO_RESTRITO_DECLIVIDADE_25_A_45","cod_imovel":"RJ-3304607-2A2FFAB814964BB3B907EB4AC87893F1","num_area":"51.571700000000000000000000000000","ind_status":"AT"},"geometry":{"type":"Polygon","coordinates":[[[-41.9684,-21.9273],[-41.9687,-21.9225],[-41.9629,-21.9185],[-41.9651,-21.921],[-41.961,-21.9206],[-41.9617,-21.9239],[-41.9684,-21.9278],[-41.9684,-21.9273]]]}},{"type":"Feature","properties":{"cod_tema":"AREA_USO_RESTRITO_DECLIVIDADE_25_A_45","cod_imovel":"RJ-3304607-2A2FFAB814964BB3B907EB4AC87893F1","num_area":"37.210700000000000000000000000000","ind_status":"AT"},"geometry":{"type":"Polygon","coordinates":[[[-41.9594,-21.9286],[-41.9657,-21.9297],[-41.9597,-21.9257],[-41.9615,-21.9237],[-41.9523,-21.9204],[-41.9577,-21.9275],[-41.9594,-21.9286]]]}},{"type":"Feature","properties":{"cod_tema":"AREA_USO_RESTRITO_DECLIVIDADE_25_A_45","cod_imovel":"RJ-3304607-94CB6B2536084AC69EBDA7F0364A5AB6","num_area":"3.0658000000000000000000000000000","ind_status":"PE"},"geometry":{"type":"Polygon","coordinates":[[[-42.0155,-22.0073],[-42.016,-22.0107],[-42.0158,-22.0077],[-42.0155,-22.0073]]]}},{"type":"Feature","properties":{"cod_tema":"AREA_USO_RESTRITO_DECLIVIDADE_25_A_45","cod_imovel":"RJ-3304607-11E846CD560E4F86B2D5ED1DC62C8F07","num_area":"2.6727000000000000000000000000000","ind_status":"AT"},"geometry":{"type":"Polygon","coordinates":[[[-41.9207,-21.9677],[-41.917,-21.9674],[-41.9206,-21.9684],[-41.9207,-21.9677]]]}},{"type":"Feature","properties":{"cod_tema":"AREA_USO_RESTRITO_DECLIVIDADE_25_A_45","cod_imovel":"RJ-3304607-1F4F8DF0BFD546DC9D6246C3399977AD","num_area":"4.5000000000000000000000000000000","ind_status":"AT"},"geometry":{"type":"Polygon","coordinates":[[[-41.9801,-21.9773],[-41.9797,-21.9742],[-41.979,-21.9771],[-41.9801,-21.9773]]]}},{"type":"Feature","properties":{"cod_tema":"AREA_USO_RESTRITO_DECLIVIDADE_25_A_45","cod_imovel":"RJ-3304607-D518D56E064E41129944AC30FCDEACD2","num_area":"2.9615000000000000000000000000000","ind_status":"AT"},"geometry":{"type":"Polygon","coordinates":[[[-41.9811,-21.9269],[-41.9822,-21.925],[-41.981,-21.927],[-41.9811,-21.9269]]]}},{"type":"Feature","properties":{"cod_tema":"AREA_USO_RESTRITO_DECLIVIDADE_25_A_45","cod_imovel":"RJ-3304607-1311BC15F82B43BCB54967DBF388ED2E","num_area":"16.591100000000000000000000000000","ind_status":"AT"},"geometry":{"type":"Polygon","coordinates":[[[-42.0781,-22.0165],[-42.0756,-22.0155],[-42.0782,-22.0166],[-42.0781,-22.0165]],[[-42.0527,-21.9982],[-42.0497,-21.9987],[-42.0582,-22.0015],[-42.0529,-21.9982],[-42.0527,-21.9982]]]}},{"type":"Feature","properties":{"cod_tema":"AREA_USO_RESTRITO_DECLIVIDADE_25_A_45","cod_imovel":"RJ-3304607-9447AF3D0ACA48D8BD9F19F3EBCB841A","num_area":"27.509400000000000000000000000000","ind_status":"AT"},"geometry":{"type":"Polygon","coordinates":[[[-41.9128,-22.0649],[-41.9159,-22.0657],[-41.9138,-22.0648],[-41.9128,-22.0649]],[[-41.9164,-22.0637],[-41.9159,-22.0659],[-41.9167,-22.0637],[-41.9164,-22.0637]],[[-41.9181,-22.0593],[-41.9164,-22.0604],[-41.9182,-22.0594],[-41.9181,-22.0593]],[[-41.9087,-22.0651],[-41.9181,-22.0592],[-41.9171,-22.0566],[-41.909,-22.065],[-41.9087,-22.0651]]]}},{"type":"Feature","properties":{"cod_tema":"AREA_USO_RESTRITO_DECLIVIDADE_25_A_45","cod_imovel":"RJ-3304607-8FF37E8E60B448D4ADE8C5CF9885DFAB","num_area":"4.8385000000000000000000000000000","ind_status":"AT"},"geometry":{"type":"Polygon","coordinates":[[[-41.986,-21.9887],[-41.9909,-21.9898],[-41.986,-21.9884],[-41.986,-21.9887]],[[-41.9911,-21.99],[-41.9897,-21.9885],[-41.9912,-21.9898],[-41.9911,-21.99]]]}},{"type":"Feature","properties":{"cod_tema":"AREA_USO_RESTRITO_DECLIVIDADE_25_A_45","cod_imovel":"RJ-3304607-BE7A5422ED434E99AE6D59EC56500D89","num_area":"11.848800000000000000000000000000","ind_status":"AT"},"geometry":{"type":"Polygon","coordinates":[[[-41.9705,-21.904],[-41.9664,-21.9005],[-41.9665,-21.9034],[-41.9705,-21.904]]]}},{"type":"Feature","properties":{"cod_tema":"AREA_USO_RESTRITO_DECLIVIDADE_25_A_45","cod_imovel":"RJ-3304607-142C81DFEEFC4DF0BD4078625BA0FE8A","num_area":"5.0074000000000000000000000000000","ind_status":"AT"},"geometry":{"type":"Polygon","coordinates":[[[-41.9958,-21.9656],[-41.9923,-21.9657],[-41.9956,-21.9658],[-41.9958,-21.9656]]]}},{"type":"Feature","properties":{"cod_tema":"AREA_USO_RESTRITO_DECLIVIDADE_25_A_45","cod_imovel":"RJ-3304607-6E01E02F07584E788954195F932C2239","num_area":"4.1036000000000000000000000000000","ind_status":"AT"},"geometry":{"type":"Polygon","coordinates":[[[-42.0192,-21.9939],[-42.0163,-21.9938],[-42.0191,-21.9941],[-42.0192,-21.9939]],[[-42.0306,-21.9998],[-42.0258,-21.9975],[-42.0301,-22.0002],[-42.0306,-21.9998]]]}},{"type":"Feature","properties":{"cod_tema":"AREA_USO_RESTRITO_DECLIVIDADE_25_A_45","cod_imovel":"RJ-3304607-E6781C7AFC8143FB9FD7EC0035E2E634","num_area":"5.2946000000000000000000000000000","ind_status":"AT"},"geometry":{"type":"Polygon","coordinates":[[[-42.0277,-21.9582],[-42.0305,-21.9571],[-42.0269,-21.9582],[-42.0277,-21.9582]]]}},{"type":"Feature","properties":{"cod_tema":"AREA_USO_RESTRITO_DECLIVIDADE_25_A_45","cod_imovel":"RJ-3304607-BFC9019BBFFD4358B252F75EC3006991","num_area":"2.1806000000000000000000000000000","ind_status":"AT"},"geometry":{"type":"Polygon","coordinates":[[[-41.9532,-21.9103],[-41.9552,-21.9114],[-41.9534,-21.9095],[-41.9532,-21.9103]]]}},{"type":"Feature","properties":{"cod_tema":"AREA_USO_RESTRITO_DECLIVIDADE_25_A_45","cod_imovel":"RJ-3304607-03727B2276F64A15A76769891EA5C71C","num_area":"30.584400000000000000000000000000","ind_status":"AT"},"geometry":{"type":"Polygon","coordinates":[[[-41.9946,-21.9817],[-42.0004,-21.9796],[-41.9946,-21.9816],[-41.9946,-21.9817]],[[-41.9971,-21.9814],[-41.9999,-21.9877],[-42.0017,-21.9841],[-41.9971,-21.9813],[-41.9971,-21.9814]],[[-42.0011,-21.9793],[-41.9989,-21.9772],[-42.0007,-21.9789],[-42.0011,-21.9793]],[[-42.0002,-21.9822],[-41.9992,-21.9796],[-42.0001,-21.9822],[-42.0002,-21.9822]],[[-42.0011,-21.9793],[-41.9993,-21.9773],[-42.0011,-21.9793],[-42.0011,-21.9793]]]}},{"type":"Feature","properties":{"cod_tema":"AREA_USO_RESTRITO_DECLIVIDADE_25_A_45","cod_imovel":"RJ-3304607-3DB394AD2F044F4DA98C68C983496C6F","num_area":"4.4304000000000000000000000000000","ind_status":"AT"},"geometry":{"type":"Polygon","coordinates":[[[-42.0298,-21.9481],[-42.0277,-21.9505],[-42.0307,-21.9491],[-42.0298,-21.9481]]]}},{"type":"Feature","properties":{"cod_tema":"AREA_USO_RESTRITO_DECLIVIDADE_25_A_45","cod_imovel":"RJ-3304607-E6EB69B47D2841FB968827F67CA990DF","num_area":"5.5739000000000000000000000000000","ind_status":"AT"},"geometry":{"type":"Polygon","coordinates":[[[-41.9654,-21.9583],[-41.9682,-21.9538],[-41.9651,-21.9581],[-41.9654,-21.9583]]]}},{"type":"Feature","properties":{"cod_tema":"AREA_USO_RESTRITO_DECLIVIDADE_25_A_45","cod_imovel":"RJ-3304607-90D93FDFD57C4D438A654E641925158C","num_area":"6.7454000000000000000000000000000","ind_status":"AT"},"geometry":{"type":"Polygon","coordinates":[[[-42.0262,-21.9752],[-42.0259,-21.9714],[-42.0245,-21.9747],[-42.0262,-21.9752]]]}},{"type":"Feature","properties":{"cod_tema":"AREA_USO_RESTRITO_DECLIVIDADE_25_A_45","cod_imovel":"RJ-3304607-553A1D3223814CEA819C233C8B47939C","num_area":"39.494400000000000000000000000000","ind_status":"AT"},"geometry":{"type":"Polygon","coordinates":[[[-41.7805,-22.0638],[-41.7826,-22.0651],[-41.7805,-22.0638],[-41.7805,-22.0638]],[[-41.7896,-22.0678],[-41.7935,-22.0687],[-41.7898,-22.0675],[-41.7896,-22.0678]],[[-41.7902,-22.0696],[-41.796,-22.0696],[-41.7906,-22.0696],[-41.7902,-22.0696]],[[-41.7964,-22.0682],[-41.7942,-22.06],[-41.79,-22.0607],[-41.7932,-22.0608],[-41.7954,-22.0667],[-41.7884,-22.0653],[-41.7962,-22.0681],[-41.7964,-22.0682]]]}},{"type":"Feature","properties":{"cod_tema":"AREA_USO_RESTRITO_DECLIVIDADE_25_A_45","cod_imovel":"RJ-3304607-7958A7A7157649498C47D160E573E00D","num_area":"29.363000000000000000000000000000","ind_status":"AT"},"geometry":{"type":"Polygon","coordinates":[[[-41.9666,-21.9287],[-41.9743,-21.9354],[-41.9659,-21.9258],[-41.9666,-21.9287]]]}},{"type":"Feature","properties":{"cod_tema":"AREA_USO_RESTRITO_DECLIVIDADE_25_A_45","cod_imovel":"RJ-3304607-D2563AE926F44D0CB44E3967BB5EE9B9","num_area":"2.0080000000000000000000000000000","ind_status":"AT"},"geometry":{"type":"Polygon","coordinates":[[[-41.7952,-22.0207],[-41.7978,-22.0206],[-41.7953,-22.0205],[-41.7952,-22.0207]]]}},{"type":"Feature","properties":{"cod_tema":"AREA_USO_RESTRITO_DECLIVIDADE_25_A_45","cod_imovel":"RJ-3304607-CE1443EE7D2B4033A32421D7A6AF5973","num_area":"11.285800000000000000000000000000","ind_status":"AT"},"geometry":{"type":"Polygon","coordinates":[[[-41.9654,-22.0028],[-41.9649,-22.0052],[-41.9657,-22.0029],[-41.9654,-22.0028]],[[-41.9693,-22.0003],[-41.967,-22.0005],[-41.9692,-22.0001],[-41.9693,-22.0003]],[[-41.9689,-22.0062],[-41.9712,-22.0036],[-41.9687,-22.0061],[-41.9689,-22.0062]]]}},{"type":"Feature","properties":{"cod_tema":"AREA_USO_RESTRITO_DECLIVIDADE_25_A_45","cod_imovel":"RJ-3304607-6D18C37857684E1984FBB5D0BF2000A7","num_area":"30.557900000000000000000000000000","ind_status":"AT"},"geometry":{"type":"Polygon","coordinates":[[[-41.9108,-22.0587],[-41.908,-22.0618],[-41.9164,-22.0565],[-41.9108,-22.0587],[-41.9108,-22.0587]],[[-41.9145,-22.0489],[-41.9157,-22.0512],[-41.9146,-22.0489],[-41.9145,-22.0489]],[[-41.9123,-22.0501],[-41.9133,-22.0542],[-41.9167,-22.054],[-41.9128,-22.0501],[-41.9123,-22.0501]],[[-41.9151,-22.0514],[-41.9136,-22.0496],[-41.9149,-22.0514],[-41.9151,-22.0514]],[[-41.9064,-22.0621],[-41.9089,-22.0668],[-41.9074,-22.0609],[-41.9064,-22.0621]]]}},{"type":"Feature","properties":{"cod_tema":"AREA_USO_RESTRITO_DECLIVIDADE_25_A_45","cod_imovel":"RJ-3304607-4D29B196F8764117ABBD9E1CF94FD408","num_area":"13.558600000000000000000000000000","ind_status":"AT"},"geometry":{"type":"Polygon","coordinates":[[[-42.0397,-21.9066],[-42.0344,-21.9069],[-42.0394,-21.9096],[-42.0397,-21.9066]]]}},{"type":"Feature","properties":{"cod_tema":"AREA_USO_RESTRITO_DECLIVIDADE_25_A_45","cod_imovel":"RJ-3304607-98A8D79BCD7E461E99E65832301D9DCE","num_area":"157.99570000000000000000000000000","ind_status":"AT"},"geometry":{"type":"Polygon","coordinates":[[[-41.86,-21.9718],[-41.8567,-21.9697],[-41.8599,-21.972],[-41.86,-21.9718]],[[-41.8565,-21.9887],[-41.859,-21.984],[-41.8565,-21.9886],[-41.8565,-21.9887]],[[-41.8511,-21.9788],[-41.8492,-21.9904],[-41.8555,-21.9917],[-41.8555,-21.987],[-41.8517,-21.986],[-41.8557,-21.9858],[-41.856,-21.981],[-41.8512,-21.9787],[-41.8511,-21.9788]],[[-41.8674,-21.9808],[-41.8629,-21.974],[-41.8527,-21.9687],[-41.8524,-21.9766],[-41.8551,-21.9749],[-41.8543,-21.97],[-41.8558,-21.9752],[-41.8599,-21.9758],[-41.8547,-21.9774],[-41.8564,-21.9793],[-41.8675,-21.981],[-41.8674,-21.9808]],[[-41.8618,-21.9754],[-41.8638,-21.9778],[-41.8588,-21.9777],[-41.8617,-21.976],[-41.8618,-21.9754]]]}},{"type":"Feature","properties":{"cod_tema":"AREA_USO_RESTRITO_DECLIVIDADE_25_A_45","cod_imovel":"RJ-3304607-ADC324CB294D4F948C925B0CED89A56D","num_area":"4.4822000000000000000000000000000","ind_status":"AT"},"geometry":{"type":"Polygon","coordinates":[[[-41.9555,-22.0385],[-41.9551,-22.0351],[-41.9555,-22.0384],[-41.9555,-22.0385]]]}},{"type":"Feature","properties":{"cod_tema":"AREA_USO_RESTRITO_DECLIVIDADE_25_A_45","cod_imovel":"RJ-3304607-23884ECF9ED342D39DD9D96EF9CE1CE4","num_area":"6.5162000000000000000000000000000","ind_status":"AT"},"geometry":{"type":"Polygon","coordinates":[[[-41.9791,-21.9482],[-41.9815,-21.9466],[-41.9791,-21.9481],[-41.9791,-21.9482]],[[-41.9775,-21.9492],[-41.9728,-21.9502],[-41.9775,-21.9489],[-41.9775,-21.9492]]]}},{"type":"Feature","properties":{"cod_tema":"AREA_USO_RESTRITO_DECLIVIDADE_25_A_45","cod_imovel":"RJ-3304607-0285407A2535464E8CC2CF0190DF0701","num_area":"189.22820000000000000000000000000","ind_status":"PE"},"geometry":{"type":"Polygon","coordinates":[[[-41.827,-21.9184],[-41.8236,-21.9145],[-41.827,-21.9184],[-41.827,-21.9184]],[[-41.8435,-21.9226],[-41.8498,-21.9225],[-41.8525,-21.9163],[-41.8505,-21.9144],[-41.8349,-21.9179],[-41.8264,-21.912],[-41.8318,-21.9186],[-41.8287,-21.9215],[-41.8433,-21.9226],[-41.8435,-21.9226]]]}},{"type":"Feature","properties":{"cod_tema":"AREA_USO_RESTRITO_DECLIVIDADE_25_A_45","cod_imovel":"RJ-3304607-376FB76BFB9540DCB608982C97F7DA35","num_area":"3.6600000000000000000000000000000","ind_status":"AT"},"geometry":{"type":"Polygon","coordinates":[[[-41.8552,-22.0413],[-41.8566,-22.0429],[-41.8551,-22.0408],[-41.8552,-22.0413]]]}},{"type":"Feature","properties":{"cod_tema":"AREA_USO_RESTRITO_DECLIVIDADE_25_A_45","cod_imovel":"RJ-3304607-D3E5B69AFA6B46778D726FF0EDF4966D","num_area":"26.093600000000000000000000000000","ind_status":"AT"},"geometry":{"type":"Polygon","coordinates":[[[-42.0734,-21.9562],[-42.0678,-21.9544],[-42.0733,-21.9564],[-42.0734,-21.9562]],[[-42.0743,-21.9601],[-42.0681,-21.9609],[-42.0681,-21.9639],[-42.0743,-21.9601],[-42.0743,-21.9601]],[[-42.0707,-21.9597],[-42.0741,-21.9581],[-42.0707,-21.9596],[-42.0707,-21.9597]],[[-42.0707,-21.9597],[-42.0716,-21.9567],[-42.0685,-21.9568],[-42.0681,-21.9602],[-42.0706,-21.9598],[-42.0707,-21.9597]],[[-42.0734,-21.9541],[-42.0698,-21.9549],[-42.0735,-21.9541],[-42.0734,-21.9541]]]}},{"type":"Feature","properties":{"cod_tema":"AREA_USO_RESTRITO_DECLIVIDADE_25_A_45","cod_imovel":"RJ-3304607-EC34AAE0F4C14877BF614024F306D13A","num_area":"3.4821000000000000000000000000000","ind_status":"AT"},"geometry":{"type":"Polygon","coordinates":[[[-41.8267,-22.031],[-41.8296,-22.0293],[-41.8265,-22.0309],[-41.8267,-22.031]]]}},{"type":"Feature","properties":{"cod_tema":"AREA_USO_RESTRITO_DECLIVIDADE_25_A_45","cod_imovel":"RJ-3304607-63B96B23667B42F5A95714FCC584FD84","num_area":"8.4773000000000000000000000000000","ind_status":"AT"},"geometry":{"type":"Polygon","coordinates":[[[-41.79,-22.0607],[-41.7937,-22.06],[-41.7874,-22.0586],[-41.7897,-22.0606],[-41.79,-22.0607]],[[-41.7898,-22.0585],[-41.7879,-22.0572],[-41.7898,-22.0584],[-41.7898,-22.0585]]]}},{"type":"Feature","properties":{"cod_tema":"AREA_USO_RESTRITO_DECLIVIDADE_25_A_45","cod_imovel":"RJ-3304607-CB22AC38368B48C985C010CA3927C521","num_area":"44.810100000000000000000000000000","ind_status":"AT"},"geometry":{"type":"Polygon","coordinates":[[[-41.8311,-21.9817],[-41.829,-21.9788],[-41.8311,-21.9817],[-41.8311,-21.9817]],[[-41.8267,-21.9752],[-41.8304,-21.9772],[-41.8274,-21.9759],[-41.8291,-21.9741],[-41.8267,-21.9752],[-41.8267,-21.9752]],[[-41.8343,-21.9825],[-41.8344,-21.9784],[-41.8342,-21.9824],[-41.8343,-21.9825]],[[-41.8326,-21.9821],[-41.8331,-21.9788],[-41.8289,-21.9776],[-41.8324,-21.9814],[-41.8326,-21.9821]],[[-41.8277,-21.9808],[-41.829,-21.9772],[-41.8259,-21.9764],[-41.8292,-21.9805],[-41.8251,-21.9784],[-41.8266,-21.9804],[-41.8277,-21.9808]],[[-41.8338,-21.9747],[-41.8294,-21.9744],[-41.8309,-21.977],[-41.8338,-21.9748],[-41.8338,-21.9747]]]}},{"type":"Feature","properties":{"cod_tema":"AREA_USO_RESTRITO_DECLIVIDADE_25_A_45","cod_imovel":"RJ-3304607-F682384567CF4E3A95F0C85B7B9BA059","num_area":"3.0121000000000000000000000000000","ind_status":"AT"},"geometry":{"type":"Polygon","coordinates":[[[-41.8418,-21.9642],[-41.8432,-21.9626],[-41.8417,-21.9642],[-41.8418,-21.9642]],[[-41.8393,-21.9616],[-41.8428,-21.9625],[-41.8402,-21.9618],[-41.8393,-21.9616]]]}},{"type":"Feature","properties":{"cod_tema":"AREA_USO_RESTRITO_DECLIVIDADE_25_A_45","cod_imovel":"RJ-3304607-EE34D645663A40ED8D51FDC517166ECF","num_area":"7.4530000000000000000000000000000","ind_status":"AT"},"geometry":{"type":"Polygon","coordinates":[[[-41.9693,-21.9638],[-41.966,-21.9616],[-41.9692,-21.9635],[-41.9693,-21.9638]],[[-41.9691,-21.96],[-41.9662,-21.9614],[-41.9689,-21.9602],[-41.9691,-21.96]]]}},{"type":"Feature","properties":{"cod_tema":"AREA_USO_RESTRITO_DECLIVIDADE_25_A_45","cod_imovel":"RJ-3304607-627E0140055249D79EB8845640F3A1A0","num_area":"7.3846000000000000000000000000000","ind_status":"AT"},"geometry":{"type":"Polygon","coordinates":[[[-41.8205,-22.0342],[-41.8225,-22.0324],[-41.8203,-22.0342],[-41.8205,-22.0342]],[[-41.8229,-22.0331],[-41.828,-22.0306],[-41.8229,-22.0329],[-41.8229,-22.0331]]]}},{"type":"Feature","properties":{"cod_tema":"AREA_USO_RESTRITO_DECLIVIDADE_25_A_45","cod_imovel":"RJ-3304607-84C8512666B34058A221559546687620","num_area":"61.796000000000000000000000000000","ind_status":"AT"},"geometry":{"type":"Polygon","coordinates":[[[-42.0132,-22.0213],[-42.0189,-22.0212],[-42.0192,-22.0242],[-42.024,-22.0195],[-42.0209,-22.0152],[-42.0237,-22.0174],[-42.0249,-22.0151],[-42.0179,-22.0123],[-42.0196,-22.0162],[-42.0163,-22.0175],[-42.0166,-22.015],[-42.0134,-22.0212],[-42.0132,-22.0213]],[[-42.0186,-22.0173],[-42.0167,-22.0187],[-42.0197,-22.0153],[-42.0214,-22.0184],[-42.0186,-22.0173],[-42.0186,-22.0173]],[[-42.0147,-22.0183],[-42.0138,-22.0206],[-42.0145,-22.0186],[-42.0147,-22.0183]]]}},{"type":"Feature","properties":{"cod_tema":"AREA_USO_RESTRITO_DECLIVIDADE_25_A_45","cod_imovel":"RJ-3304607-0D4A7961C1014F169304D5EC6A2E880B","num_area":"17.744400000000000000000000000000","ind_status":"AT"},"geometry":{"type":"Polygon","coordinates":[[[-41.7933,-21.9757],[-41.7957,-21.9766],[-41.7933,-21.9756],[-41.7933,-21.9757]],[[-41.8009,-21.9713],[-41.7957,-21.9764],[-41.7916,-21.974],[-41.7957,-21.9766],[-41.8009,-21.9719],[-41.8009,-21.9713]]]}},{"type":"Feature","properties":{"cod_tema":"AREA_USO_RESTRITO_DECLIVIDADE_25_A_45","cod_imovel":"RJ-3304607-930423D63C7D4A0390086C2D80CFD11D","num_area":"138.66090000000000000000000000000","ind_status":"AT"},"geometry":{"type":"Polygon","coordinates":[[[-41.8257,-21.9805],[-41.8267,-21.9838],[-41.8402,-21.9853],[-41.8258,-21.9805],[-41.8257,-21.9805]],[[-41.849,-21.9899],[-41.8473,-21.9843],[-41.8332,-21.9873],[-41.8393,-21.989],[-41.8412,-21.9865],[-41.8404,-21.9938],[-41.8431,-21.987],[-41.8472,-21.9858],[-41.8486,-21.9899],[-41.849,-21.9899]],[[-41.8311,-21.9817],[-41.829,-21.9788],[-41.8305,-21.9813],[-41.8311,-21.9817]],[[-41.8454,-21.9949],[-41.8484,-21.9958],[-41.8456,-21.9947],[-41.8454,-21.9949]],[[-41.8461,-21.984],[-41.8422,-21.9821],[-41.8459,-21.984],[-41.8461,-21.984]],[[-41.8457,-21.9879],[-41.8445,-21.9904],[-41.8458,-21.988],[-41.8457,-21.9879]],[[-41.8436,-21.99],[-41.8435,-21.9941],[-41.8438,-21.9903],[-41.8436,-21.99]],[[-41.8413,-21.9833],[-41.8382,-21.9839],[-41.8434,-21.984],[-41.8413,-21.983],[-41.8413,-21.9833]],[[-41.8276,-21.9769],[-41.8292,-21.9805],[-41.8261,-21.9799],[-41.8291,-21.9809],[-41.8278,-21.977],[-41.8276,-21.9769]],[[-41.8289,-21.9776],[-41.8339,-21.9822],[-41.829,-21.9776],[-41.8289,-21.9776]],[[-41.8425,-21.9819],[-41.8379,-21.9778],[-41.8336,-21.9792],[-41.8349,-21.9836],[-41.8367,-21.9799],[-41.8419,-21.9816],[-41.8425,-21.9819]],[[-41.8368,-21.9768],[-41.834,-21.9729],[-41.8296,-21.9752],[-41.8355,-21.9769],[-41.8368,-21.9768]]]}},{"type":"Feature","properties":{"cod_tema":"AREA_USO_RESTRITO_DECLIVIDADE_25_A_45","cod_imovel":"RJ-3304607-2C65C9FFEB794E62A9CE0D5727CF4183","num_area":"9.4511000000000000000000000000000","ind_status":"AT"},"geometry":{"type":"Polygon","coordinates":[[[-41.8827,-22.0071],[-41.8808,-22.0113],[-41.8841,-22.01],[-41.8827,-22.0071],[-41.8827,-22.0071]]]}},{"type":"Feature","properties":{"cod_tema":"AREA_USO_RESTRITO_DECLIVIDADE_25_A_45","cod_imovel":"RJ-3304607-8AA1908EFEB34FB6985BFDC3A43A75CA","num_area":"9.2475000000000000000000000000000","ind_status":"AT"},"geometry":{"type":"Polygon","coordinates":[[[-41.8093,-22.0733],[-41.8106,-22.0754],[-41.8137,-22.0735],[-41.8091,-22.0743],[-41.8093,-22.0733]]]}},{"type":"Feature","properties":{"cod_tema":"AREA_USO_RESTRITO_DECLIVIDADE_25_A_45","cod_imovel":"RJ-3304607-A67354DEE18E4B3EA9CA606254039807","num_area":"2.8490000000000000000000000000000","ind_status":"AT"},"geometry":{"type":"Polygon","coordinates":[[[-41.7873,-22.0147],[-41.7844,-22.0132],[-41.7874,-22.0147],[-41.7873,-22.0147]]]}},{"type":"Feature","properties":{"cod_tema":"AREA_USO_RESTRITO_DECLIVIDADE_25_A_45","cod_imovel":"RJ-3304607-98E9481941014274B38A0835913ED246","num_area":"2.3822000000000000000000000000000","ind_status":"AT"},"geometry":{"type":"Polygon","coordinates":[[[-41.7843,-22.0147],[-41.7877,-22.0161],[-41.7843,-22.0146],[-41.7843,-22.0147]]]}},{"type":"Feature","properties":{"cod_tema":"AREA_USO_RESTRITO_DECLIVIDADE_25_A_45","cod_imovel":"RJ-3304607-6A038608B9E144D0A921BDF9EED612D1","num_area":"8.3751000000000000000000000000000","ind_status":"AT"},"geometry":{"type":"Polygon","coordinates":[[[-41.9398,-22.0124],[-41.9407,-22.0147],[-41.9438,-22.0126],[-41.94,-22.0124],[-41.9398,-22.0124]]]}},{"type":"Feature","properties":{"cod_tema":"AREA_USO_RESTRITO_DECLIVIDADE_25_A_45","cod_imovel":"RJ-3304607-197A76E89D794937A76B90B9EBCEF4BC","num_area":"20.241200000000000000000000000000","ind_status":"AT"},"geometry":{"type":"Polygon","coordinates":[[[-42.0316,-22.0476],[-42.0348,-22.0485],[-42.032,-22.0475],[-42.0316,-22.0476]],[[-42.0296,-22.0526],[-42.0364,-22.0527],[-42.0315,-22.0541],[-42.0311,-22.0478],[-42.0294,-22.0521],[-42.0296,-22.0526]]]}},{"type":"Feature","properties":{"cod_tema":"AREA_USO_RESTRITO_DECLIVIDADE_25_A_45","cod_imovel":"RJ-3304607-B008AF0BC71345FE924F2B1B9FBA5008","num_area":"67.772100000000000000000000000000","ind_status":"AT"},"geometry":{"type":"Polygon","coordinates":[[[-41.9682,-22.0154],[-41.9712,-22.0198],[-41.9731,-22.0142],[-41.965,-22.0098],[-41.9664,-22.0133],[-41.9641,-22.0126],[-41.9703,-22.0154],[-41.9682,-22.0154],[-41.9682,-22.0154]],[[-41.9679,-22.0126],[-41.9696,-22.014],[-41.9675,-22.0125],[-41.9679,-22.0126]],[[-41.9661,-22.015],[-41.9637,-22.0127],[-41.9656,-22.0147],[-41.9661,-22.015]],[[-41.9629,-22.0134],[-41.9606,-22.0196],[-41.9656,-22.0223],[-41.9681,-22.0197],[-41.9632,-22.0129],[-41.9629,-22.0134]],[[-41.9654,-22.0194],[-41.9632,-22.0173],[-41.9655,-22.0194],[-41.9654,-22.0194]]]}},{"type":"Feature","properties":{"cod_tema":"AREA_USO_RESTRITO_DECLIVIDADE_25_A_45","cod_imovel":"RJ-3304607-B77D08E2CE624B4A9DE8A377C911B81D","num_area":"5.0685000000000000000000000000000","ind_status":"AT"},"geometry":{"type":"Polygon","coordinates":[[[-42.0479,-21.9531],[-42.0491,-21.9515],[-42.0478,-21.9531],[-42.0479,-21.9531]]]}},{"type":"Feature","properties":{"cod_tema":"AREA_USO_RESTRITO_DECLIVIDADE_25_A_45","cod_imovel":"RJ-3304607-304AAC4D3FC847E08AAC081EFF4F7DDE","num_area":"62.201400000000000000000000000000","ind_status":"CA"},"geometry":{"type":"Polygon","coordinates":[[[-41.9521,-21.8877],[-41.9498,-21.8877],[-41.9526,-21.8882],[-41.9521,-21.8877]],[[-41.939,-21.8759],[-41.9433,-21.8777],[-41.9389,-21.8758],[-41.939,-21.8759]],[[-41.9548,-21.8754],[-41.9404,-21.8751],[-41.9555,-21.8772],[-41.9548,-21.8754]],[[-41.9409,-21.8818],[-41.943,-21.8813],[-41.9406,-21.8811],[-41.9409,-21.8818]],[[-41.9455,-21.8842],[-41.941,-21.8816],[-41.9455,-21.8843],[-41.9455,-21.8842]]]}},{"type":"Feature","properties":{"cod_tema":"AREA_USO_RESTRITO_DECLIVIDADE_25_A_45","cod_imovel":"RJ-3304607-97D7149FCA5A447A94B31A4EBD17CE06","num_area":"4.5667000000000000000000000000000","ind_status":"AT"},"geometry":{"type":"Polygon","coordinates":[[[-41.8075,-22.0391],[-41.8049,-22.0357],[-41.8075,-22.0391],[-41.8075,-22.0391]]]}},{"type":"Feature","properties":{"cod_tema":"AREA_USO_RESTRITO_DECLIVIDADE_25_A_45","cod_imovel":"RJ-3304607-2B1414AC09DF4E0DB5445E16F581DC17","num_area":"119.16290000000000000000000000000","ind_status":"AT"},"geometry":{"type":"Polygon","coordinates":[[[-41.8757,-21.9926],[-41.8744,-21.9907],[-41.8755,-21.9923],[-41.8757,-21.9926]],[[-41.8625,-21.9871],[-41.8598,-21.9884],[-41.8625,-21.9867],[-41.8625,-21.9871]],[[-41.8565,-21.9871],[-41.8594,-21.9884],[-41.8565,-21.9871],[-41.8565,-21.9871]],[[-41.8628,-21.9905],[-41.8646,-21.9875],[-41.865,-21.9897],[-41.8604,-21.9887],[-41.8628,-21.9904],[-41.8628,-21.9905]],[[-41.8747,-21.9966],[-41.8775,-22.0016],[-41.8739,-21.9909],[-41.8746,-21.9964],[-41.8747,-21.9966]],[[-41.8592,-21.9838],[-41.8567,-21.9867],[-41.8621,-21.9854],[-41.8592,-21.9838],[-41.8592,-21.9838]],[[-41.8709,-22.0037],[-41.8772,-22.0069],[-41.8774,-22.0021],[-41.8748,-22.006],[-41.8739,-22.0026],[-41.8707,-22.0034],[-41.8709,-22.0037]],[[-41.8701,-21.9875],[-41.8644,-21.9847],[-41.8695,-21.9898],[-41.8675,-21.994],[-41.8719,-21.9983],[-41.8708,-22.0024],[-41.8746,-22.0],[-41.8701,-21.9874],[-41.8701,-21.9875]],[[-41.8703,-21.9927],[-41.8723,-21.9943],[-41.8698,-21.9928],[-41.8703,-21.9927]]]}},{"type":"Feature","properties":{"cod_tema":"AREA_USO_RESTRITO_DECLIVIDADE_25_A_45","cod_imovel":"RJ-3304607-FAE5E46B1C3E472CBEBA8B2863956B93","num_area":"131.47390000000000000000000000000","ind_status":"AT"},"geometry":{"type":"Polygon","coordinates":[[[-41.958,-21.85],[-41.9548,-21.8462],[-41.9541,-21.8542],[-41.9508,-21.8562],[-41.9536,-21.8509],[-41.949,-21.8505],[-41.9506,-21.8548],[-41.9475,-21.8548],[-41.9432,-21.865],[-41.9473,-21.8627],[-41.9445,-21.8656],[-41.9547,-21.8661],[-41.9504,-21.8633],[-41.9519,-21.8618],[-41.9484,-21.8632],[-41.9534,-21.8575],[-41.9552,-21.8596],[-41.958,-21.85],[-41.958,-21.85]],[[-41.9498,-21.8577],[-41.9466,-21.862],[-41.9496,-21.8574],[-41.9498,-21.8577]],[[-41.9503,-21.8477],[-41.9529,-21.8492],[-41.9506,-21.8478],[-41.9503,-21.8477]],[[-41.9528,-21.8481],[-41.9496,-21.8469],[-41.9527,-21.8481],[-41.9528,-21.8481]],[[-41.9504,-21.8471],[-41.9528,-21.848],[-41.9505,-21.8471],[-41.9504,-21.8471]],[[-41.9549,-21.8636],[-41.9526,-21.8624],[-41.9549,-21.8636],[-41.9549,-21.8636]],[[-41.958,-21.8543],[-41.9582,-21.8517],[-41.958,-21.8543],[-41.958,-21.8543]]]}},{"type":"Feature","properties":{"cod_tema":"AREA_USO_RESTRITO_DECLIVIDADE_25_A_45","cod_imovel":"RJ-3304607-63A546279682424D8700D78A8EB2DFBB","num_area":"2.4180000000000000000000000000000","ind_status":"AT"},"geometry":{"type":"Polygon","coordinates":[[[-41.9128,-21.9729],[-41.9106,-21.9749],[-41.9128,-21.9731],[-41.9128,-21.9729]]]}},{"type":"Feature","properties":{"cod_tema":"AREA_USO_RESTRITO_DECLIVIDADE_25_A_45","cod_imovel":"RJ-3304607-FABEEFF9141649048A9E3A094DD538A6","num_area":"21.366600000000000000000000000000","ind_status":"AT"},"geometry":{"type":"Polygon","coordinates":[[[-42.0123,-21.9937],[-42.0088,-21.9914],[-42.0122,-21.993],[-42.0123,-21.9937]],[[-42.0079,-21.9937],[-42.0061,-21.9971],[-42.011,-21.9993],[-42.0086,-21.9965],[-42.011,-21.9948],[-42.0081,-21.9937],[-42.0079,-21.9937]]]}},{"type":"Feature","properties":{"cod_tema":"AREA_USO_RESTRITO_DECLIVIDADE_25_A_45","cod_imovel":"RJ-3304607-0828E73FB15D4C79A769A448A06D6545","num_area":"19.121400000000000000000000000000","ind_status":"AT"},"geometry":{"type":"Polygon","coordinates":[[[-42.0708,-21.9351],[-42.0682,-21.9369],[-42.074,-21.9368],[-42.0754,-21.9339],[-42.0728,-21.9336],[-42.0751,-21.9329],[-42.0718,-21.9336],[-42.0737,-21.9364],[-42.0708,-21.9351],[-42.0708,-21.9351]],[[-42.0752,-21.9348],[-42.0741,-21.9369],[-42.0752,-21.9352],[-42.0752,-21.9348]],[[-42.0761,-21.9368],[-42.0743,-21.9385],[-42.0764,-21.9369],[-42.0761,-21.9368]]]}},{"type":"Feature","properties":{"cod_tema":"AREA_USO_RESTRITO_DECLIVIDADE_25_A_45","cod_imovel":"RJ-3304607-688011236EBA44C2838B3E00414963C9","num_area":"114.88030000000000000000000000000","ind_status":"AT"},"geometry":{"type":"Polygon","coordinates":[[[-41.9124,-22.0186],[-41.9099,-22.0134],[-41.9136,-22.0198],[-41.9108,-22.0203],[-41.9103,-22.0253],[-41.9152,-22.0233],[-41.9093,-22.0269],[-41.91,-22.0292],[-41.9125,-22.0301],[-41.9129,-22.0265],[-41.9177,-22.0247],[-41.9147,-22.0328],[-41.9177,-22.0345],[-41.9155,-22.0327],[-41.9194,-22.0309],[-41.9188,-22.0231],[-41.9138,-22.0202],[-41.9188,-22.0224],[-41.9186,-22.0132],[-41.9161,-22.0128],[-41.9179,-22.0194],[-41.9098,-22.0129],[-41.9124,-22.0186],[-41.9124,-22.0186]],[[-41.9106,-22.0264],[-41.912,-22.0288],[-41.9115,-22.0267],[-41.9106,-22.0264]],[[-41.9132,-22.0301],[-41.9151,-22.0287],[-41.9134,-22.0301],[-41.9132,-22.0301]]]}},{"type":"Feature","properties":{"cod_tema":"AREA_USO_RESTRITO_DECLIVIDADE_25_A_45","cod_imovel":"RJ-3304607-A0F25CFDA5E24E439E07CD4C64406719","num_area":"24.697000000000000000000000000000","ind_status":"AT"},"geometry":{"type":"Polygon","coordinates":[[[-42.0407,-21.9172],[-42.0448,-21.9197],[-42.0406,-21.917],[-42.0407,-21.9172]],[[-42.0532,-21.9273],[-42.0478,-21.9217],[-42.0505,-21.9288],[-42.0532,-21.9273],[-42.0532,-21.9273]]]}},{"type":"Feature","properties":{"cod_tema":"AREA_USO_RESTRITO_DECLIVIDADE_25_A_45","cod_imovel":"RJ-3304607-B94093C7F3E546B4AE189A8D9D8B4EEA","num_area":"71.134000000000000000000000000000","ind_status":"AT"},"geometry":{"type":"Polygon","coordinates":[[[-42.0401,-21.9129],[-42.047,-21.9135],[-42.0476,-21.9103],[-42.0444,-21.9135],[-42.0431,-21.9101],[-42.0499,-21.9078],[-42.041,-21.9102],[-42.0401,-21.9129]],[[-42.0436,-21.9147],[-42.0452,-21.9177],[-42.0436,-21.9147],[-42.0436,-21.9147]],[[-42.0475,-21.9045],[-42.0435,-21.907],[-42.0476,-21.9048],[-42.0475,-21.9045]],[[-42.0481,-21.9149],[-42.0475,-21.9172],[-42.0482,-21.9147],[-42.0481,-21.9149]],[[-42.0478,-21.9206],[-42.0507,-21.9243],[-42.0479,-21.9206],[-42.0478,-21.9206]],[[-42.0526,-21.9103],[-42.0504,-21.9084],[-42.0484,-21.9107],[-42.0521,-21.9091],[-42.0506,-21.9135],[-42.0526,-21.9103],[-42.0526,-21.9103]],[[-42.0487,-21.9132],[-42.0505,-21.9151],[-42.0485,-21.9129],[-42.0487,-21.9132]],[[-42.0501,-21.9206],[-42.0521,-21.9241],[-42.0499,-21.9204],[-42.0501,-21.9206]],[[-42.0535,-21.9113],[-42.0517,-21.9125],[-42.0539,-21.9109],[-42.0535,-21.9113]]]}},{"type":"Feature","properties":{"cod_tema":"AREA_USO_RESTRITO_DECLIVIDADE_25_A_45","cod_imovel":"RJ-3304607-6D7FD9AAE87347CC8994ADDE61F62707","num_area":"12.085200000000000000000000000000","ind_status":"AT"},"geometry":{"type":"Polygon","coordinates":[[[-41.7451,-21.9678],[-41.7484,-21.9713],[-41.7526,-21.9707],[-41.7466,-21.9689],[-41.7451,-21.9678]]]}},{"type":"Feature","properties":{"cod_tema":"AREA_USO_RESTRITO_DECLIVIDADE_25_A_45","cod_imovel":"RJ-3304607-C2B9177A85574DD2A74D3F4466F7D10B","num_area":"9.7223000000000000000000000000000","ind_status":"AT"},"geometry":{"type":"Polygon","coordinates":[[[-41.8209,-22.0601],[-41.8181,-22.0568],[-41.8178,-22.06],[-41.8206,-22.0604],[-41.8209,-22.0601]]]}},{"type":"Feature","properties":{"cod_tema":"AREA_USO_RESTRITO_DECLIVIDADE_25_A_45","cod_imovel":"RJ-3304607-16C1C5D0B9A64165B22D70D1BD488443","num_area":"42.497000000000000000000000000000","ind_status":"AT"},"geometry":{"type":"Polygon","coordinates":[[[-41.9968,-22.0587],[-41.9938,-22.058],[-41.9959,-22.0591],[-41.9968,-22.0587]],[[-41.9887,-22.0604],[-41.9923,-22.0608],[-41.9884,-22.0576],[-41.989,-22.06],[-41.9887,-22.0604]],[[-41.9826,-22.0635],[-41.9887,-22.0629],[-41.9836,-22.0599],[-41.9881,-22.0602],[-41.9877,-22.0573],[-41.9827,-22.059],[-41.9829,-22.063],[-41.9826,-22.0635]]]}},{"type":"Feature","properties":{"cod_tema":"AREA_USO_RESTRITO_DECLIVIDADE_25_A_45","cod_imovel":"RJ-3304607-845DA2F93FF04A9A9BA18C5FF3BCCA20","num_area":"3.1143000000000000000000000000000","ind_status":"AT"},"geometry":{"type":"Polygon","coordinates":[[[-41.821,-22.0665],[-41.8234,-22.0647],[-41.8213,-22.0661],[-41.821,-22.0665]]]}},{"type":"Feature","properties":{"cod_tema":"AREA_USO_RESTRITO_DECLIVIDADE_25_A_45","cod_imovel":"RJ-3304607-C955D0550F7E441EB9727FE92AFD8D3C","num_area":"38.965300000000000000000000000000","ind_status":"AT"},"geometry":{"type":"Polygon","coordinates":[[[-41.9977,-22.0582],[-41.9959,-22.0591],[-41.9981,-22.0584],[-41.9977,-22.0582]],[[-41.9896,-22.0624],[-41.988,-22.0656],[-41.9898,-22.0629],[-41.9896,-22.0624]],[[-41.9907,-22.0653],[-41.9935,-22.0627],[-41.9984,-22.067],[-41.9979,-22.0627],[-42.0022,-22.0636],[-41.998,-22.0588],[-42.0002,-22.0607],[-41.9905,-22.062],[-41.9905,-22.0651],[-41.9907,-22.0653]]]}},{"type":"Feature","properties":{"cod_tema":"AREA_USO_RESTRITO_DECLIVIDADE_25_A_45","cod_imovel":"RJ-3304607-F7E85E0B822A433BA689B4618FB9A14E","num_area":"12.658800000000000000000000000000","ind_status":"AT"},"geometry":{"type":"Polygon","coordinates":[[[-42.0845,-22.031],[-42.0864,-22.0239],[-42.0836,-22.0246],[-42.0847,-22.0308],[-42.0845,-22.031]]]}},{"type":"Feature","properties":{"cod_tema":"AREA_USO_RESTRITO_DECLIVIDADE_25_A_45","cod_imovel":"RJ-3304607-ADAABD81FEB34B1C84CCCE0EC32583D0","num_area":"12.322400000000000000000000000000","ind_status":"AT"},"geometry":{"type":"Polygon","coordinates":[[[-41.9445,-21.936],[-41.9459,-21.931],[-41.9428,-21.9339],[-41.9444,-21.9359],[-41.9445,-21.936]],[[-41.9439,-21.9378],[-41.9425,-21.9344],[-41.9395,-21.9369],[-41.9439,-21.9378],[-41.9439,-21.9378]]]}},{"type":"Feature","properties":{"cod_tema":"AREA_USO_RESTRITO_DECLIVIDADE_25_A_45","cod_imovel":"RJ-3304607-A42CBFAA54F24A3694D79D1C2ED5E864","num_area":"5.0373000000000000000000000000000","ind_status":"AT"},"geometry":{"type":"Polygon","coordinates":[[[-41.8219,-22.0437],[-41.82,-22.0474],[-41.8219,-22.0437],[-41.8219,-22.0437]]]}},{"type":"Feature","properties":{"cod_tema":"AREA_USO_RESTRITO_DECLIVIDADE_25_A_45","cod_imovel":"RJ-3304607-6A7C43E28D45481795BF7A55398FC8AB","num_area":"18.289300000000000000000000000000","ind_status":"AT"},"geometry":{"type":"Polygon","coordinates":[[[-42.034,-21.9886],[-42.0322,-21.9913],[-42.034,-21.9887],[-42.034,-21.9886]],[[-42.0325,-21.9936],[-42.0348,-21.9957],[-42.0367,-21.9878],[-42.0388,-21.9884],[-42.0325,-21.9936],[-42.0325,-21.9936]]]}},{"type":"Feature","properties":{"cod_tema":"AREA_USO_RESTRITO_DECLIVIDADE_25_A_45","cod_imovel":"RJ-3304607-D490EBC15A6B4C1D886A60B25F04494F","num_area":"7.1725000000000000000000000000000","ind_status":"AT"},"geometry":{"type":"Polygon","coordinates":[[[-41.9999,-21.8901],[-42.0018,-21.893],[-42.0001,-21.8899],[-41.9999,-21.8901]]]}},{"type":"Feature","properties":{"cod_tema":"AREA_USO_RESTRITO_DECLIVIDADE_25_A_45","cod_imovel":"RJ-3304607-139F0A50527C4F688218467CF6607BCB","num_area":"8.1070000000000000000000000000000","ind_status":"AT"},"geometry":{"type":"Polygon","coordinates":[[[-42.0055,-21.9143],[-42.0073,-21.9174],[-42.0061,-21.9141],[-42.0055,-21.9143]],[[-42.0045,-21.9152],[-42.0071,-21.9173],[-42.0046,-21.9152],[-42.0045,-21.9152]],[[-42.0069,-21.9173],[-42.0041,-21.9154],[-42.0068,-21.9174],[-42.0069,-21.9173]]]}},{"type":"Feature","properties":{"cod_tema":"AREA_USO_RESTRITO_DECLIVIDADE_25_A_45","cod_imovel":"RJ-3304607-4851816342854E8B9E4134B9A391C64B","num_area":"11.445500000000000000000000000000","ind_status":"AT"},"geometry":{"type":"Polygon","coordinates":[[[-41.8296,-22.0677],[-41.8291,-22.0643],[-41.8294,-22.0674],[-41.8296,-22.0677]],[[-41.8283,-22.0615],[-41.827,-22.0634],[-41.83,-22.0638],[-41.8284,-22.0618],[-41.8283,-22.0615]],[[-41.8281,-22.0699],[-41.8269,-22.0672],[-41.8279,-22.0698],[-41.8281,-22.0699]]]}},{"type":"Feature","properties":{"cod_tema":"AREA_USO_RESTRITO_DECLIVIDADE_25_A_45","cod_imovel":"RJ-3304607-D6663AA211854496A0083E2BC100899B","num_area":"136.06470000000000000000000000000","ind_status":"AT"},"geometry":{"type":"Polygon","coordinates":[[[-42.0201,-22.0334],[-42.0222,-22.0361],[-42.0242,-22.0346],[-42.0206,-22.0331],[-42.0201,-22.0334]],[[-42.0211,-22.0318],[-42.0282,-22.0344],[-42.0213,-22.0314],[-42.0211,-22.0318]],[[-42.0256,-22.0379],[-42.026,-22.0348],[-42.0251,-22.037],[-42.0256,-22.0379]],[[-42.039,-22.0289],[-42.0245,-22.022],[-42.0244,-22.0289],[-42.0289,-22.0298],[-42.0246,-22.0314],[-42.0287,-22.0307],[-42.0286,-22.0337],[-42.0343,-22.0343],[-42.0273,-22.0243],[-42.039,-22.0289],[-42.039,-22.0289]],[[-42.0275,-22.0238],[-42.025,-22.0227],[-42.0269,-22.0237],[-42.0275,-22.0238]],[[-42.0307,-22.0366],[-42.0349,-22.0391],[-42.0371,-22.0369],[-42.029,-22.0354],[-42.0307,-22.0365],[-42.0307,-22.0366]],[[-42.0318,-22.0369],[-42.0341,-22.0379],[-42.0318,-22.0372],[-42.0318,-22.0369]],[[-42.0387,-22.0306],[-42.0312,-22.0283],[-42.0346,-22.0343],[-42.0367,-22.03],[-42.0364,-22.0337],[-42.0394,-22.034],[-42.0382,-22.0307],[-42.0387,-22.0306]],[[-42.0342,-22.0236],[-42.0326,-22.0254],[-42.0367,-22.0266],[-42.0342,-22.0237],[-42.0342,-22.0236]],[[-42.0399,-22.0244],[-42.0354,-22.0225],[-42.0396,-22.0241],[-42.0399,-22.0244]],[[-42.0398,-22.0251],[-42.0365,-22.0241],[-42.0394,-22.0269],[-42.0398,-22.0251]]]}},{"type":"Feature","properties":{"cod_tema":"AREA_USO_RESTRITO_DECLIVIDADE_25_A_45","cod_imovel":"RJ-3304607-8D4EEE539AA443B281AA612774901CCB","num_area":"18.267200000000000000000000000000","ind_status":"AT"},"geometry":{"type":"Polygon","coordinates":[[[-41.8867,-22.0218],[-41.8892,-22.0237],[-41.8866,-22.0216],[-41.8867,-22.0218]],[[-41.8899,-22.0211],[-41.8898,-22.0238],[-41.8902,-22.0213],[-41.8899,-22.0211]],[[-41.8859,-22.0221],[-41.8874,-22.0322],[-41.8861,-22.022],[-41.8859,-22.0221]]]}},{"type":"Feature","properties":{"cod_tema":"AREA_USO_RESTRITO_DECLIVIDADE_25_A_45","cod_imovel":"RJ-3304607-904D4B25DA004B5A94F6955B1A4C5489","num_area":"2.8350000000000000000000000000000","ind_status":"AT"},"geometry":{"type":"Polygon","coordinates":[[[-41.9993,-21.945],[-42.0004,-21.9429],[-41.9995,-21.9447],[-41.9993,-21.945]]]}},{"type":"Feature","properties":{"cod_tema":"AREA_USO_RESTRITO_DECLIVIDADE_25_A_45","cod_imovel":"RJ-3304607-12B6A2B99A26490EA197366A79314EF5","num_area":"1.8113000000000000000000000000000","ind_status":"AT"},"geometry":{"type":"Polygon","coordinates":[[[-41.8037,-22.0355],[-41.8047,-22.0383],[-41.8046,-22.0357],[-41.8037,-22.0355]]]}},{"type":"Feature","properties":{"cod_tema":"AREA_USO_RESTRITO_DECLIVIDADE_25_A_45","cod_imovel":"RJ-3304607-2D9EA99392E74F2B80092407E06FDDDA","num_area":"11.515900000000000000000000000000","ind_status":"AT"},"geometry":{"type":"Polygon","coordinates":[[[-41.9382,-22.0328],[-41.9399,-22.0288],[-41.9369,-22.0289],[-41.9354,-22.0327],[-41.938,-22.0329],[-41.9382,-22.0328]]]}},{"type":"Feature","properties":{"cod_tema":"AREA_USO_RESTRITO_DECLIVIDADE_25_A_45","cod_imovel":"RJ-3304607-B237E48F44A64F9FB6EE7F9A9A5794D5","num_area":"4.6383000000000000000000000000000","ind_status":"AT"},"geometry":{"type":"Polygon","coordinates":[[[-42.0022,-21.9746],[-42.0043,-21.9772],[-42.0023,-21.9746],[-42.0022,-21.9746]]]}},{"type":"Feature","properties":{"cod_tema":"AREA_USO_RESTRITO_DECLIVIDADE_25_A_45","cod_imovel":"RJ-3304607-4F424C198F15441A8ACA50B2A6C563E5","num_area":"1.0455000000000000000000000000000","ind_status":"AT"},"geometry":{"type":"Polygon","coordinates":[[[-41.9908,-21.9708],[-41.991,-21.9687],[-41.9907,-21.9708],[-41.9908,-21.9708]]]}},{"type":"Feature","properties":{"cod_tema":"AREA_USO_RESTRITO_DECLIVIDADE_25_A_45","cod_imovel":"RJ-3304607-02A82DF2652245F1AF05FC5C946F7F36","num_area":"9.6279000000000000000000000000000","ind_status":"AT"},"geometry":{"type":"Polygon","coordinates":[[[-41.9564,-22.0744],[-41.9495,-22.0697],[-41.9556,-22.074],[-41.9564,-22.0744]]]}},{"type":"Feature","properties":{"cod_tema":"AREA_USO_RESTRITO_DECLIVIDADE_25_A_45","cod_imovel":"RJ-3304607-00F4AA6CF7FB499FB2DA85E80F9DF9B7","num_area":"0.8711000000000000000000000000000","ind_status":"AT"},"geometry":{"type":"Polygon","coordinates":[[[-42.0063,-21.9488],[-42.0082,-21.95],[-42.0067,-21.9486],[-42.0063,-21.9488]]]}},{"type":"Feature","properties":{"cod_tema":"AREA_USO_RESTRITO_DECLIVIDADE_25_A_45","cod_imovel":"RJ-3304607-021B358058FB4B7F80711414DAC60CF3","num_area":"5.1524000000000000000000000000000","ind_status":"PE"},"geometry":{"type":"Polygon","coordinates":[[[-41.9451,-21.9444],[-41.9479,-21.9465],[-41.9469,-21.9438],[-41.9451,-21.9444]]]}},{"type":"Feature","properties":{"cod_tema":"AREA_USO_RESTRITO_DECLIVIDADE_25_A_45","cod_imovel":"RJ-3304607-027B0F9EEF0C49169B79B1EED2C00D79","num_area":"8.0489000000000000000000000000000","ind_status":"AT"},"geometry":{"type":"Polygon","coordinates":[[[-41.9296,-22.02],[-41.935,-22.0193],[-41.9305,-22.0185],[-41.9296,-22.02]]]}},{"type":"Feature","properties":{"cod_tema":"AREA_USO_RESTRITO_DECLIVIDADE_25_A_45","cod_imovel":"RJ-3304607-09B9B5F03CD3489F9A6AA03994D67095","num_area":"16.309600000000000000000000000000","ind_status":"PE"},"geometry":{"type":"Polygon","coordinates":[[[-41.9694,-21.9698],[-41.9627,-21.9701],[-41.9689,-21.9719],[-41.9694,-21.9698]]]}},{"type":"Feature","properties":{"cod_tema":"AREA_USO_RESTRITO_DECLIVIDADE_25_A_45","cod_imovel":"RJ-3304607-0460561C0FBD43C9A1A96D1D1D5A73F5","num_area":"12.238300000000000000000000000000","ind_status":"AT"},"geometry":{"type":"Polygon","coordinates":[[[-41.9469,-22.0512],[-41.95,-22.0559],[-41.9469,-22.0511],[-41.9469,-22.0512]],[[-41.9529,-22.0555],[-41.953,-22.0492],[-41.9529,-22.0555],[-41.9529,-22.0555]]]}},{"type":"Feature","properties":{"cod_tema":"AREA_USO_RESTRITO_DECLIVIDADE_25_A_45","cod_imovel":"RJ-3304607-0AE202FD013B4404AA43C2B93A3DEA78","num_area":"12.511000000000000000000000000000","ind_status":"AT"},"geometry":{"type":"Polygon","coordinates":[[[-41.9886,-21.8846],[-41.9878,-21.8867],[-41.9885,-21.8843],[-41.9886,-21.8846]],[[-41.9901,-21.8869],[-41.9926,-21.8878],[-41.9928,-21.8848],[-41.9901,-21.8865],[-41.9901,-21.8869]]]}},{"type":"Feature","properties":{"cod_tema":"AREA_USO_RESTRITO_DECLIVIDADE_25_A_45","cod_imovel":"RJ-3304607-0B1CEB93437141328F5E58E7E4F533EE","num_area":"7.0883000000000000000000000000000","ind_status":"AT"},"geometry":{"type":"Polygon","coordinates":[[[-41.9942,-21.8739],[-41.9913,-21.8731],[-41.9943,-21.8774],[-41.9941,-21.8745],[-41.9942,-21.8739]]]}},{"type":"Feature","properties":{"cod_tema":"AREA_USO_RESTRITO_DECLIVIDADE_25_A_45","cod_imovel":"RJ-3304607-0F2AF1F57BAF42DB90184CC78DBC4BA1","num_area":"17.187800000000000000000000000000","ind_status":"AT"},"geometry":{"type":"Polygon","coordinates":[[[-42.0627,-21.9517],[-42.0595,-21.9542],[-42.0639,-21.9534],[-42.0627,-21.9517]],[[-42.0567,-21.9499],[-42.0603,-21.9513],[-42.0564,-21.9494],[-42.0567,-21.9499]]]}},{"type":"Feature","properties":{"cod_tema":"AREA_USO_RESTRITO_DECLIVIDADE_25_A_45","cod_imovel":"RJ-3304607-12C26D6CDE2C4FDCA8843F237D17B3B9","num_area":"14.481600000000000000000000000000","ind_status":"AT"},"geometry":{"type":"Polygon","coordinates":[[[-42.1043,-22.0488],[-42.1051,-22.046],[-42.1043,-22.0484],[-42.1043,-22.0488]],[[-42.1025,-22.0492],[-42.1048,-22.0456],[-42.1031,-22.0482],[-42.1007,-22.046],[-42.1025,-22.0491],[-42.1025,-22.0492]],[[-42.1006,-22.0483],[-42.0999,-22.0462],[-42.1007,-22.0482],[-42.1006,-22.0483]]]}},{"type":"Feature","properties":{"cod_tema":"AREA_USO_RESTRITO_DECLIVIDADE_25_A_45","cod_imovel":"RJ-3304607-14D72598DD394577AEDCE427FD6E11C0","num_area":"9.0272000000000000000000000000000","ind_status":"AT"},"geometry":{"type":"Polygon","coordinates":[[[-41.9653,-22.0507],[-41.9635,-22.0532],[-41.9666,-22.0508],[-41.9653,-22.0507]]]}},{"type":"Feature","properties":{"cod_tema":"AREA_USO_RESTRITO_DECLIVIDADE_25_A_45","cod_imovel":"RJ-3304607-1972CF840DF04B0AA1C6D99656C0C97C","num_area":"13.468700000000000000000000000000","ind_status":"AT"},"geometry":{"type":"Polygon","coordinates":[[[-41.8725,-22.0294],[-41.8749,-22.0308],[-41.872,-22.029],[-41.8725,-22.0294]],[[-41.8664,-22.0266],[-41.8672,-22.0301],[-41.867,-22.0264],[-41.8664,-22.0266]],[[-41.877,-22.0327],[-41.8779,-22.0297],[-41.8751,-22.03],[-41.877,-22.0327],[-41.877,-22.0327]]]}},{"type":"Feature","properties":{"cod_tema":"AREA_USO_RESTRITO_DECLIVIDADE_25_A_45","cod_imovel":"RJ-3304607-1B38470E1BD44A9595DE752172A145EF","num_area":"4.0383000000000000000000000000000","ind_status":"AT"},"geometry":{"type":"Polygon","coordinates":[[[-41.8948,-21.9971],[-41.8905,-21.9978],[-41.8941,-21.9981],[-41.8948,-21.9971]]]}},{"type":"Feature","properties":{"cod_tema":"AREA_USO_RESTRITO_DECLIVIDADE_25_A_45","cod_imovel":"RJ-3304607-1B5C278876334AC9896EBEC37277BD2D","num_area":"4.0058000000000000000000000000000","ind_status":"AT"},"geometry":{"type":"Polygon","coordinates":[[[-41.9906,-21.8987],[-41.993,-21.8985],[-41.9901,-21.8971],[-41.9906,-21.8987]]]}},{"type":"Feature","properties":{"cod_tema":"AREA_USO_RESTRITO_DECLIVIDADE_25_A_45","cod_imovel":"RJ-3304607-1FE102B35138467FBC3BE54F8DEF373F","num_area":"3.0931000000000000000000000000000","ind_status":"AT"},"geometry":{"type":"Polygon","coordinates":[[[-41.8226,-22.0323],[-41.8245,-22.0302],[-41.8226,-22.0322],[-41.8226,-22.0323]]]}},{"type":"Feature","properties":{"cod_tema":"AREA_USO_RESTRITO_DECLIVIDADE_25_A_45","cod_imovel":"RJ-3304607-1C0693930FE74EE881E42D1ADEFC00CF","num_area":"27.806200000000000000000000000000","ind_status":"AT"},"geometry":{"type":"Polygon","coordinates":[[[-42.0631,-21.9901],[-42.0597,-21.9964],[-42.0654,-21.9946],[-42.0607,-21.9922],[-42.0646,-21.9915],[-42.0654,-21.9946],[-42.0674,-21.9928],[-42.0632,-21.99],[-42.0631,-21.9901]]]}},{"type":"Feature","properties":{"cod_tema":"AREA_USO_RESTRITO_DECLIVIDADE_25_A_45","cod_imovel":"RJ-3304607-1DFD5FAF64534E499487E31496E0A380","num_area":"16.300700000000000000000000000000","ind_status":"AT"},"geometry":{"type":"Polygon","coordinates":[[[-41.8811,-22.0121],[-41.8852,-22.0103],[-41.881,-22.0116],[-41.8811,-22.0121]],[[-41.8879,-22.012],[-41.8913,-22.0089],[-41.8858,-22.0094],[-41.8878,-22.0117],[-41.8879,-22.012]]]}},{"type":"Feature","properties":{"cod_tema":"AREA_USO_RESTRITO_DECLIVIDADE_25_A_45","cod_imovel":"RJ-3304607-2002748F734040E08FA6F873273FB1BA","num_area":"42.769900000000000000000000000000","ind_status":"AT"},"geometry":{"type":"Polygon","coordinates":[[[-41.906,-22.018],[-41.9105,-22.0237],[-41.9106,-22.0172],[-41.906,-22.0181],[-41.906,-22.018]],[[-41.9035,-22.0204],[-41.9016,-22.0218],[-41.9046,-22.0203],[-41.9035,-22.0204]],[[-41.8989,-22.0221],[-41.9029,-22.0239],[-41.8991,-22.0221],[-41.8989,-22.0221]],[[-41.8987,-22.0239],[-41.9025,-22.0249],[-41.8988,-22.0239],[-41.8987,-22.0239]],[[-41.9012,-22.0259],[-41.9104,-22.0248],[-41.9014,-22.0259],[-41.9012,-22.0259]]]}},{"type":"Feature","properties":{"cod_tema":"AREA_USO_RESTRITO_DECLIVIDADE_25_A_45","cod_imovel":"RJ-3304607-20FC0FD8CB19435FBB3ACD8BEDEA5809","num_area":"8.4584000000000000000000000000000","ind_status":"AT"},"geometry":{"type":"Polygon","coordinates":[[[-42.0536,-21.9201],[-42.0547,-21.9167],[-42.0529,-21.92],[-42.0536,-21.9201]]]}},{"type":"Feature","properties":{"cod_tema":"AREA_USO_RESTRITO_DECLIVIDADE_25_A_45","cod_imovel":"RJ-3304607-23F0A7556E1441449CEF9760F98BC021","num_area":"10.101200000000000000000000000000","ind_status":"AT"},"geometry":{"type":"Polygon","coordinates":[[[-42.0054,-21.9785],[-42.0085,-21.9777],[-42.0081,-21.9749],[-42.0058,-21.9788],[-42.0054,-21.9785]],[[-42.0104,-21.975],[-42.0102,-21.9788],[-42.0107,-21.9749],[-42.0104,-21.975]]]}},{"type":"Feature","properties":{"cod_tema":"AREA_USO_RESTRITO_DECLIVIDADE_25_A_45","cod_imovel":"RJ-3304607-246A65E5CC564A72A2CAF3ADDC89336D","num_area":"2.8151000000000000000000000000000","ind_status":"AT"},"geometry":{"type":"Polygon","coordinates":[[[-41.8807,-21.9731],[-41.8832,-21.9732],[-41.8811,-21.973],[-41.8807,-21.9731]]]}},{"type":"Feature","properties":{"cod_tema":"AREA_USO_RESTRITO_DECLIVIDADE_25_A_45","cod_imovel":"RJ-3304607-26F6591833894152B0B16D614E6D9DFF","num_area":"7.4287000000000000000000000000000","ind_status":"AT"},"geometry":{"type":"Polygon","coordinates":[[[-42.0374,-22.0051],[-42.0424,-22.0045],[-42.0375,-22.005],[-42.0374,-22.0051]]]}},{"type":"Feature","properties":{"cod_tema":"AREA_USO_RESTRITO_DECLIVIDADE_25_A_45","cod_imovel":"RJ-3304607-3652D417651541EB8539D5F466A076C5","num_area":"11.802500000000000000000000000000","ind_status":"AT"},"geometry":{"type":"Polygon","coordinates":[[[-42.0379,-22.0147],[-42.0451,-22.0156],[-42.0384,-22.0132],[-42.0379,-22.0147]]]}},{"type":"Feature","properties":{"cod_tema":"AREA_USO_RESTRITO_DECLIVIDADE_25_A_45","cod_imovel":"RJ-3304607-2A04472F1C5B40AFA0FB89EDF3759893","num_area":"53.890300000000000000000000000000","ind_status":"AT"},"geometry":{"type":"Polygon","coordinates":[[[-42.0165,-22.0509],[-42.0143,-22.0498],[-42.0161,-22.0508],[-42.0165,-22.0509]],[[-42.0193,-22.0446],[-42.0159,-22.0427],[-42.0185,-22.0442],[-42.0193,-22.0446]],[[-42.0131,-22.0529],[-42.0163,-22.0512],[-42.0128,-22.0506],[-42.0128,-22.0529],[-42.0131,-22.0529]],[[-42.0081,-22.0493],[-42.0155,-22.0475],[-42.0171,-22.0498],[-42.0191,-22.0453],[-42.0123,-22.0416],[-42.013,-22.0487],[-42.0083,-22.0491],[-42.0081,-22.0493]],[[-42.0138,-22.0482],[-42.0168,-22.0455],[-42.0136,-22.0478],[-42.0138,-22.0482]],[[-42.0114,-22.052],[-42.0125,-22.05],[-42.0088,-22.05],[-42.0113,-22.0523],[-42.0114,-22.052]]]}},{"type":"Feature","properties":{"cod_tema":"AREA_USO_RESTRITO_DECLIVIDADE_25_A_45","cod_imovel":"RJ-3304607-2C27DE1527954334AABC8FC8EDDD64C6","num_area":"3.4857000000000000000000000000000","ind_status":"AT"},"geometry":{"type":"Polygon","coordinates":[[[-42.1212,-22.0288],[-42.1187,-22.0302],[-42.1212,-22.0288],[-42.1212,-22.0288]]]}},{"type":"Feature","properties":{"cod_tema":"AREA_USO_RESTRITO_DECLIVIDADE_25_A_45","cod_imovel":"RJ-3304607-2F27386244E74D3691FABE0F5A4FD57D","num_area":"4.1719000000000000000000000000000","ind_status":"AT"},"geometry":{"type":"Polygon","coordinates":[[[-42.0063,-21.944],[-42.0066,-21.9414],[-42.0062,-21.9439],[-42.0063,-21.944]]]}},{"type":"Feature","properties":{"cod_tema":"AREA_USO_RESTRITO_DECLIVIDADE_25_A_45","cod_imovel":"RJ-3304607-32FF3A55C30F4CB1979FEB577876D61D","num_area":"10.726400000000000000000000000000","ind_status":"AT"},"geometry":{"type":"Polygon","coordinates":[[[-42.0324,-22.0221],[-42.0302,-22.0208],[-42.0288,-22.0239],[-42.0323,-22.0224],[-42.0324,-22.0221]]]}},{"type":"Feature","properties":{"cod_tema":"AREA_USO_RESTRITO_DECLIVIDADE_25_A_45","cod_imovel":"RJ-3304607-3428654BE98C4E6483DC109180E8D3FC","num_area":"32.587100000000000000000000000000","ind_status":"AT"},"geometry":{"type":"Polygon","coordinates":[[[-42.0938,-22.0373],[-42.0976,-22.0406],[-42.0944,-22.0375],[-42.0938,-22.0373]],[[-42.0904,-22.0414],[-42.0925,-22.0422],[-42.0894,-22.0404],[-42.0904,-22.0414]],[[-42.0957,-22.0453],[-42.1005,-22.0497],[-42.0982,-22.0431],[-42.0957,-22.0431],[-42.0969,-22.0458],[-42.0925,-22.0411],[-42.0954,-22.0449],[-42.0957,-22.0453]],[[-42.0985,-22.0444],[-42.0995,-22.0478],[-42.0984,-22.0446],[-42.0985,-22.0444]]]}},{"type":"Feature","properties":{"cod_tema":"AREA_USO_RESTRITO_DECLIVIDADE_25_A_45","cod_imovel":"RJ-3304607-376A29AF30B748E2A458889DF1F9A825","num_area":"3.1636000000000000000000000000000","ind_status":"AT"},"geometry":{"type":"Polygon","coordinates":[[[-42.0112,-21.9431],[-42.0086,-21.9414],[-42.0112,-21.9428],[-42.0112,-21.9431]]]}},{"type":"Feature","properties":{"cod_tema":"AREA_USO_RESTRITO_DECLIVIDADE_25_A_45","cod_imovel":"RJ-3304607-6F434EF49BC545DD91D61B611DBFA4C3","num_area":"3.3583000000000000000000000000000","ind_status":"AT"},"geometry":{"type":"Polygon","coordinates":[[[-42.0372,-21.9095],[-42.0368,-21.912],[-42.0383,-21.91],[-42.0372,-21.9095]]]}},{"type":"Feature","properties":{"cod_tema":"AREA_USO_RESTRITO_DECLIVIDADE_25_A_45","cod_imovel":"RJ-3304607-3C461BBFDF4142F28C7AEA54507CD62E","num_area":"3.1940000000000000000000000000000","ind_status":"AT"},"geometry":{"type":"Polygon","coordinates":[[[-42.0457,-21.9547],[-42.0464,-21.9568],[-42.0459,-21.9542],[-42.0457,-21.9547]]]}},{"type":"Feature","properties":{"cod_tema":"AREA_USO_RESTRITO_DECLIVIDADE_25_A_45","cod_imovel":"RJ-3304607-4076D59FCC124864BAB5F460FA763077","num_area":"2.8273000000000000000000000000000","ind_status":"AT"},"geometry":{"type":"Polygon","coordinates":[[[-41.988,-21.8801],[-41.9915,-21.8794],[-41.9886,-21.8795],[-41.988,-21.8801]]]}},{"type":"Feature","properties":{"cod_tema":"AREA_USO_RESTRITO_DECLIVIDADE_25_A_45","cod_imovel":"RJ-3304607-3F09A47EC4B34151B3778CE9AFA37128","num_area":"12.635400000000000000000000000000","ind_status":"AT"},"geometry":{"type":"Polygon","coordinates":[[[-41.776,-22.0524],[-41.7741,-22.0512],[-41.776,-22.0524],[-41.776,-22.0524]],[[-41.7783,-22.0474],[-41.7763,-22.0442],[-41.7758,-22.0485],[-41.7781,-22.0483],[-41.7783,-22.0474]]]}},{"type":"Feature","properties":{"cod_tema":"AREA_USO_RESTRITO_DECLIVIDADE_25_A_45","cod_imovel":"RJ-3304607-3F4FC9954BC84D6CA434635B99B3A50B","num_area":"101.53830000000000000000000000000","ind_status":"AT"},"geometry":{"type":"Polygon","coordinates":[[[-41.7368,-21.915],[-41.7324,-21.9167],[-41.7397,-21.9197],[-41.7408,-21.9173],[-41.7372,-21.9149],[-41.7368,-21.915]],[[-41.7455,-21.9298],[-41.7494,-21.9317],[-41.752,-21.9273],[-41.7407,-21.9246],[-41.7403,-21.9276],[-41.7445,-21.9294],[-41.7455,-21.9298]],[[-41.7467,-21.9372],[-41.7371,-21.9337],[-41.7427,-21.9399],[-41.7455,-21.9379],[-41.7467,-21.9372]]]}},{"type":"Feature","properties":{"cod_tema":"AREA_USO_RESTRITO_DECLIVIDADE_25_A_45","cod_imovel":"RJ-3304607-411A5023F09D4F0BA46425DD1A1C776C","num_area":"32.986800000000000000000000000000","ind_status":"AT"},"geometry":{"type":"Polygon","coordinates":[[[-41.9679,-22.0414],[-41.9705,-22.0354],[-41.9655,-22.033],[-41.9641,-22.0396],[-41.9679,-22.0414],[-41.9679,-22.0414]]]}},{"type":"Feature","properties":{"cod_tema":"AREA_USO_RESTRITO_DECLIVIDADE_25_A_45","cod_imovel":"RJ-3304607-414A10D8D284488999D226540092E4A5","num_area":"26.551800000000000000000000000000","ind_status":"AT"},"geometry":{"type":"Polygon","coordinates":[[[-41.996,-22.0591],[-41.9947,-22.0572],[-41.9954,-22.0592],[-41.996,-22.0591]],[[-41.9898,-22.0585],[-41.9895,-22.0619],[-41.9923,-22.0608],[-41.9904,-22.0587],[-41.9898,-22.0585]],[[-41.9869,-22.0638],[-41.9887,-22.0628],[-41.986,-22.0604],[-41.983,-22.0626],[-41.9845,-22.0649],[-41.9866,-22.063],[-41.9869,-22.0638]]]}},{"type":"Feature","properties":{"cod_tema":"AREA_USO_RESTRITO_DECLIVIDADE_25_A_45","cod_imovel":"RJ-3304607-4173B874D41645EE80B754074C7CDF75","num_area":"11.100100000000000000000000000000","ind_status":"AT"},"geometry":{"type":"Polygon","coordinates":[[[-41.9722,-21.8951],[-41.9718,-21.8973],[-41.9724,-21.8952],[-41.9722,-21.8951]],[[-41.9766,-21.8962],[-41.9791,-21.8959],[-41.9745,-21.8943],[-41.9762,-21.896],[-41.9766,-21.8962]]]}},{"type":"Feature","properties":{"cod_tema":"AREA_USO_RESTRITO_DECLIVIDADE_25_A_45","cod_imovel":"RJ-3304607-44880C3B68AD46388835A87D9E926BA2","num_area":"8.7463000000000000000000000000000","ind_status":"AT"},"geometry":{"type":"Polygon","coordinates":[[[-42.0915,-22.0132],[-42.0945,-22.0159],[-42.0944,-22.0133],[-42.0915,-22.0132]]]}},{"type":"Feature","properties":{"cod_tema":"AREA_USO_RESTRITO_DECLIVIDADE_25_A_45","cod_imovel":"RJ-3304607-427C245472ED47BBA3FDEB03254FCBE1","num_area":"4.0476000000000000000000000000000","ind_status":"AT"},"geometry":{"type":"Polygon","coordinates":[[[-41.9492,-21.9333],[-41.9468,-21.9331],[-41.9485,-21.9351],[-41.9492,-21.9333]]]}},{"type":"Feature","properties":{"cod_tema":"AREA_USO_RESTRITO_DECLIVIDADE_25_A_45","cod_imovel":"RJ-3304607-440324F092C04DA5A00440146FA29D85","num_area":"35.984100000000000000000000000000","ind_status":"AT"},"geometry":{"type":"Polygon","coordinates":[[[-42.0249,-21.9818],[-42.0178,-21.9783],[-42.0133,-21.9803],[-42.0155,-21.984],[-42.0163,-21.9798],[-42.0191,-21.9815],[-42.0175,-21.9833],[-42.0249,-21.9818],[-42.0249,-21.9818]],[[-42.0163,-21.9806],[-42.0151,-21.9831],[-42.0163,-21.9806],[-42.0163,-21.9806]],[[-42.022,-21.9847],[-42.0161,-21.9848],[-42.0217,-21.9849],[-42.022,-21.9847]],[[-42.023,-21.9857],[-42.0235,-21.9836],[-42.0229,-21.9856],[-42.023,-21.9857]]]}},{"type":"Feature","properties":{"cod_tema":"AREA_USO_RESTRITO_DECLIVIDADE_25_A_45","cod_imovel":"RJ-3304607-450A0184C4704AA4A5B7CD16DCD30CE4","num_area":"2.1069000000000000000000000000000","ind_status":"AT"},"geometry":{"type":"Polygon","coordinates":[[[-41.8249,-22.0342],[-41.8217,-22.0351],[-41.8251,-22.0347],[-41.8249,-22.0342]]]}},{"type":"Feature","properties":{"cod_tema":"AREA_USO_RESTRITO_DECLIVIDADE_25_A_45","cod_imovel":"RJ-3304607-45F15759B31D4D1CBEC94CB7F89FB1FD","num_area":"3.1228000000000000000000000000000","ind_status":"AT"},"geometry":{"type":"Polygon","coordinates":[[[-41.996,-21.9864],[-41.9962,-21.9838],[-41.9954,-21.9863],[-41.996,-21.9864]]]}},{"type":"Feature","properties":{"cod_tema":"AREA_USO_RESTRITO_DECLIVIDADE_25_A_45","cod_imovel":"RJ-3304607-4BF42B6E65E74F7E9BEA488DF15D6D09","num_area":"103.92960000000000000000000000000","ind_status":"AT"},"geometry":{"type":"Polygon","coordinates":[[[-42.0309,-21.947],[-42.0257,-21.9488],[-42.0248,-21.9441],[-42.0169,-21.9424],[-42.0177,-21.946],[-42.0145,-21.9468],[-42.0246,-21.9501],[-42.0309,-21.947],[-42.0309,-21.947]],[[-42.0253,-21.9459],[-42.0223,-21.9457],[-42.0252,-21.9457],[-42.0253,-21.9459]],[[-42.0169,-21.94],[-42.0191,-21.9402],[-42.0169,-21.9399],[-42.0169,-21.94]],[[-42.031,-21.9467],[-42.0306,-21.9421],[-42.0232,-21.9364],[-42.0178,-21.9373],[-42.0228,-21.9394],[-42.022,-21.9368],[-42.0229,-21.9407],[-42.0261,-21.9409],[-42.0254,-21.9444],[-42.0305,-21.9445],[-42.0267,-21.947],[-42.0308,-21.9466],[-42.031,-21.9467]],[[-42.0265,-21.9402],[-42.0238,-21.9376],[-42.0268,-21.9402],[-42.0265,-21.9402]],[[-42.0267,-21.9394],[-42.0243,-21.9373],[-42.0266,-21.9394],[-42.0267,-21.9394]]]}},{"type":"Feature","properties":{"cod_tema":"AREA_USO_RESTRITO_DECLIVIDADE_25_A_45","cod_imovel":"RJ-3304607-465540CA48E047A6A4BC7D52445F45AC","num_area":"103.11780000000000000000000000000","ind_status":"AT"},"geometry":{"type":"Polygon","coordinates":[[[-41.7912,-22.0323],[-41.7892,-22.0371],[-41.7938,-22.0342],[-41.7917,-22.0318],[-41.7912,-22.0323]],[[-41.7892,-22.039],[-41.7931,-22.0426],[-41.7992,-22.0421],[-41.7957,-22.036],[-41.7909,-22.0371],[-41.7949,-22.0388],[-41.7893,-22.0385],[-41.7892,-22.039]],[[-41.8018,-22.0339],[-41.7941,-22.0267],[-41.7923,-22.0318],[-41.7968,-22.0341],[-41.7973,-22.0306],[-41.8016,-22.038],[-41.8038,-22.0367],[-41.8017,-22.0343],[-41.8018,-22.0339]]]}},{"type":"Feature","properties":{"cod_tema":"AREA_USO_RESTRITO_DECLIVIDADE_25_A_45","cod_imovel":"RJ-3304607-4871F115ABC943F38C212F43F53E4916","num_area":"4.4549000000000000000000000000000","ind_status":"AT"},"geometry":{"type":"Polygon","coordinates":[[[-41.9585,-21.9095],[-41.9556,-21.9087],[-41.9581,-21.9095],[-41.9585,-21.9095]]]}},{"type":"Feature","properties":{"cod_tema":"AREA_USO_RESTRITO_DECLIVIDADE_25_A_45","cod_imovel":"RJ-3304607-49CAE687E281488C8224D5DF400EA495","num_area":"47.953300000000000000000000000000","ind_status":"AT"},"geometry":{"type":"Polygon","coordinates":[[[-41.9183,-22.0429],[-41.9213,-22.0403],[-41.9185,-22.0427],[-41.9183,-22.0429]],[[-41.9401,-22.0448],[-41.9359,-22.0415],[-41.9377,-22.0432],[-41.9322,-22.0439],[-41.9401,-22.0448],[-41.9401,-22.0448]],[[-41.9205,-22.0432],[-41.9265,-22.0456],[-41.9275,-22.0435],[-41.9232,-22.0379],[-41.9206,-22.0424],[-41.9205,-22.0432]],[[-41.9251,-22.0432],[-41.9259,-22.0407],[-41.9254,-22.0433],[-41.9251,-22.0432]]]}},{"type":"Feature","properties":{"cod_tema":"AREA_USO_RESTRITO_DECLIVIDADE_25_A_45","cod_imovel":"RJ-3304607-49F6CDDCC5D3482A9F3BF7A0B14434A9","num_area":"10.057800000000000000000000000000","ind_status":"AT"},"geometry":{"type":"Polygon","coordinates":[[[-41.7865,-22.0417],[-41.791,-22.0413],[-41.7871,-22.0385],[-41.7865,-22.0407],[-41.7865,-22.0417]]]}},{"type":"Feature","properties":{"cod_tema":"AREA_USO_RESTRITO_DECLIVIDADE_25_A_45","cod_imovel":"RJ-3304607-55979689FB464C4F9A441C8E28330D55","num_area":"4.6349000000000000000000000000000","ind_status":"AT"},"geometry":{"type":"Polygon","coordinates":[[[-41.9633,-22.0375],[-41.9642,-22.0335],[-41.9632,-22.0375],[-41.9633,-22.0375]]]}},{"type":"Feature","properties":{"cod_tema":"AREA_USO_RESTRITO_DECLIVIDADE_25_A_45","cod_imovel":"RJ-3304607-4ABF1D9D38D7411A9371C0509CBA690C","num_area":"23.159600000000000000000000000000","ind_status":"AT"},"geometry":{"type":"Polygon","coordinates":[[[-42.0861,-21.9631],[-42.0901,-21.9648],[-42.0862,-21.9628],[-42.0861,-21.9631]],[[-42.0857,-21.9649],[-42.0829,-21.9689],[-42.0903,-21.9651],[-42.0857,-21.9649],[-42.0857,-21.9649]]]}},{"type":"Feature","properties":{"cod_tema":"AREA_USO_RESTRITO_DECLIVIDADE_25_A_45","cod_imovel":"RJ-3304607-4DE9C1B3ABB8460490FA31B1AE7576C3","num_area":"6.8070000000000000000000000000000","ind_status":"AT"},"geometry":{"type":"Polygon","coordinates":[[[-42.0343,-21.9411],[-42.0378,-21.9385],[-42.0333,-21.9397],[-42.0343,-21.9411]]]}},{"type":"Feature","properties":{"cod_tema":"AREA_USO_RESTRITO_DECLIVIDADE_25_A_45","cod_imovel":"RJ-3304607-4DF1ECAB6545438F8FC63B6868198A56","num_area":"3.8930000000000000000000000000000","ind_status":"AT"},"geometry":{"type":"Polygon","coordinates":[[[-42.0898,-22.0425],[-42.0881,-22.0399],[-42.0897,-22.0423],[-42.0898,-22.0425]]]}},{"type":"Feature","properties":{"cod_tema":"AREA_USO_RESTRITO_DECLIVIDADE_25_A_45","cod_imovel":"RJ-3304607-45D7F2CE96FB417CB1383A9A10F447E5","num_area":"5.5488000000000000000000000000000","ind_status":"AT"},"geometry":{"type":"Polygon","coordinates":[[[-41.7937,-22.0424],[-41.7956,-22.0469],[-41.7942,-22.0431],[-41.7937,-22.0424]]]}},{"type":"Feature","properties":{"cod_tema":"AREA_USO_RESTRITO_DECLIVIDADE_25_A_45","cod_imovel":"RJ-3304607-BFD2D71D92664325B917EB2B52C76CDC","num_area":"22.880800000000000000000000000000","ind_status":"AT"},"geometry":{"type":"Polygon","coordinates":[[[-41.8382,-21.9592],[-41.8315,-21.9589],[-41.8377,-21.9594],[-41.8382,-21.9592]],[[-41.8376,-21.9648],[-41.8376,-21.9599],[-41.8369,-21.9646],[-41.8376,-21.9648]],[[-41.8378,-21.9609],[-41.8377,-21.9636],[-41.8377,-21.9607],[-41.8378,-21.9609]]]}},{"type":"Feature","properties":{"cod_tema":"AREA_USO_RESTRITO_DECLIVIDADE_25_A_45","cod_imovel":"RJ-3304607-50279DE64D3846C49A4CC8E1425EC094","num_area":"1.2094000000000000000000000000000","ind_status":"AT"},"geometry":{"type":"Polygon","coordinates":[[[-41.9907,-21.9693],[-41.9888,-21.9711],[-41.9905,-21.9694],[-41.9907,-21.9693]]]}},{"type":"Feature","properties":{"cod_tema":"AREA_USO_RESTRITO_DECLIVIDADE_25_A_45","cod_imovel":"RJ-3304607-50E14AAD452E43FEBFA12016CBE7DFF1","num_area":"6.0794000000000000000000000000000","ind_status":"AT"},"geometry":{"type":"Polygon","coordinates":[[[-42.0141,-21.9674],[-42.0125,-21.9696],[-42.0161,-21.9689],[-42.0144,-21.9677],[-42.0141,-21.9674]]]}},{"type":"Feature","properties":{"cod_tema":"AREA_USO_RESTRITO_DECLIVIDADE_25_A_45","cod_imovel":"RJ-3304607-52E908D636C74EC6AF8A5C1EEE60F839","num_area":"27.966400000000000000000000000000","ind_status":"CA"},"geometry":{"type":"Polygon","coordinates":[[[-41.8005,-21.9532],[-41.7973,-21.9579],[-41.8057,-21.9548],[-41.8039,-21.9526],[-41.8005,-21.9532]]]}},{"type":"Feature","properties":{"cod_tema":"AREA_USO_RESTRITO_DECLIVIDADE_25_A_45","cod_imovel":"RJ-3304607-5808C8A1D4FD4DF49F6EAF95D3CB694C","num_area":"59.453900000000000000000000000000","ind_status":"AT"},"geometry":{"type":"Polygon","coordinates":[[[-41.7873,-22.0147],[-41.7866,-22.0115],[-41.7842,-22.0133],[-41.7836,-22.0073],[-41.7815,-22.0072],[-41.7837,-22.0121],[-41.7789,-22.0096],[-41.7836,-22.0144],[-41.7788,-22.0126],[-41.7789,-22.0159],[-41.7886,-22.0182],[-41.7874,-22.0147],[-41.7873,-22.0147]],[[-41.7902,-22.0195],[-41.7902,-22.0172],[-41.7901,-22.0193],[-41.7902,-22.0195]]]}},{"type":"Feature","properties":{"cod_tema":"AREA_USO_RESTRITO_DECLIVIDADE_25_A_45","cod_imovel":"RJ-3304607-596DB06A8D114E21B664E7A629297BAA","num_area":"10.541300000000000000000000000000","ind_status":"AT"},"geometry":{"type":"Polygon","coordinates":[[[-41.7994,-22.0083],[-41.8017,-22.0094],[-41.7994,-22.0083],[-41.7994,-22.0083]],[[-41.803,-22.0011],[-41.8042,-22.0029],[-41.8031,-22.0011],[-41.803,-22.0011]],[[-41.8032,-22.0099],[-41.8026,-22.0068],[-41.8032,-22.0101],[-41.8032,-22.0099]]]}},{"type":"Feature","properties":{"cod_tema":"AREA_USO_RESTRITO_DECLIVIDADE_25_A_45","cod_imovel":"RJ-3304607-59A69E003FB34D94B6375008AB56ED7F","num_area":"7.6181000000000000000000000000000","ind_status":"AT"},"geometry":{"type":"Polygon","coordinates":[[[-42.1273,-22.0175],[-42.1259,-22.0157],[-42.1273,-22.0175],[-42.1273,-22.0175]],[[-42.125,-22.0172],[-42.1272,-22.0191],[-42.125,-22.0172],[-42.125,-22.0172]],[[-42.1246,-22.0191],[-42.1287,-22.0218],[-42.1246,-22.019],[-42.1246,-22.0191]]]}},{"type":"Feature","properties":{"cod_tema":"AREA_USO_RESTRITO_DECLIVIDADE_25_A_45","cod_imovel":"RJ-3304607-5B725FC2DEFA44929B3B36FA7B13D6CE","num_area":"15.328900000000000000000000000000","ind_status":"AT"},"geometry":{"type":"Polygon","coordinates":[[[-41.9813,-21.946],[-41.9812,-21.9412],[-41.9773,-21.9455],[-41.9805,-21.9433],[-41.9806,-21.9461],[-41.9813,-21.946]],[[-41.9744,-21.9466],[-41.9765,-21.9473],[-41.9746,-21.9464],[-41.9744,-21.9466]],[[-41.972,-21.947],[-41.9742,-21.9458],[-41.9721,-21.9468],[-41.972,-21.947]]]}},{"type":"Feature","properties":{"cod_tema":"AREA_USO_RESTRITO_DECLIVIDADE_25_A_45","cod_imovel":"RJ-3304607-5B788CE09FEA40DAB4DB4EEF67BECA7E","num_area":"10.067300000000000000000000000000","ind_status":"AT"},"geometry":{"type":"Polygon","coordinates":[[[-41.9881,-21.889],[-41.9886,-21.887],[-41.9847,-21.8879],[-41.988,-21.8889],[-41.9881,-21.889]]]}},{"type":"Feature","properties":{"cod_tema":"AREA_USO_RESTRITO_DECLIVIDADE_25_A_45","cod_imovel":"RJ-3304607-5C6DF70E0CD34C9B985814D39E505934","num_area":"25.421000000000000000000000000000","ind_status":"AT"},"geometry":{"type":"Polygon","coordinates":[[[-41.789,-22.0054],[-41.7932,-22.01],[-41.789,-22.0054],[-41.789,-22.0054]],[[-41.7866,-22.0115],[-41.787,-22.0144],[-41.7896,-22.0128],[-41.7885,-22.0072],[-41.7907,-22.0073],[-41.7886,-22.0062],[-41.7867,-22.0114],[-41.7866,-22.0115]]]}},{"type":"Feature","properties":{"cod_tema":"AREA_USO_RESTRITO_DECLIVIDADE_25_A_45","cod_imovel":"RJ-3304607-5E923AC5BD5C4CA8A7F3E30B55F32BE7","num_area":"4.2394000000000000000000000000000","ind_status":"AT"},"geometry":{"type":"Polygon","coordinates":[[[-41.9128,-22.0003],[-41.9158,-22.002],[-41.9142,-21.9997],[-41.9128,-22.0003]]]}},{"type":"Feature","properties":{"cod_tema":"AREA_USO_RESTRITO_DECLIVIDADE_25_A_45","cod_imovel":"RJ-3304607-5E972243D3354B4DBB06EA59ECE66829","num_area":"4.6955000000000000000000000000000","ind_status":"AT"},"geometry":{"type":"Polygon","coordinates":[[[-41.9867,-21.8808],[-41.9861,-21.8782],[-41.9865,-21.8808],[-41.9867,-21.8808]]]}},{"type":"Feature","properties":{"cod_tema":"AREA_USO_RESTRITO_DECLIVIDADE_25_A_45","cod_imovel":"RJ-3304607-62CED186D57E4786997B3AC2292D8458","num_area":"161.82810000000000000000000000000","ind_status":"AT"},"geometry":{"type":"Polygon","coordinates":[[[-42.0879,-22.0118],[-42.0849,-22.0108],[-42.088,-22.0123],[-42.0879,-22.0118]],[[-42.09,-22.0257],[-42.0924,-22.0268],[-42.0902,-22.0253],[-42.09,-22.0257]],[[-42.0923,-22.0049],[-42.0904,-22.0034],[-42.0917,-22.0056],[-42.0923,-22.0049]],[[-42.0752,-21.9944],[-42.073,-21.9954],[-42.0756,-21.9945],[-42.0752,-21.9944]],[[-42.0813,-22.0113],[-42.0835,-22.0129],[-42.0816,-22.0117],[-42.0813,-22.0113]],[[-42.0912,-22.0217],[-42.0875,-22.0192],[-42.0904,-22.0216],[-42.0912,-22.0217]],[[-42.1013,-22.017],[-42.1031,-22.0158],[-42.101,-22.0167],[-42.1013,-22.017]],[[-42.0964,-22.0248],[-42.0929,-22.025],[-42.0949,-22.0256],[-42.0964,-22.0248]],[[-42.0881,-22.0034],[-42.0899,-22.0005],[-42.0854,-22.0004],[-42.0871,-22.0023],[-42.0881,-22.0034]],[[-42.092,-21.9997],[-42.0947,-21.9992],[-42.0919,-21.9995],[-42.092,-21.9997]],[[-42.0954,-22.006],[-42.097,-22.0073],[-42.0951,-22.0058],[-42.0954,-22.006]],[[-42.0996,-22.0164],[-42.0986,-22.0186],[-42.0998,-22.0163],[-42.0996,-22.0164]],[[-42.0932,-22.0233],[-42.0938,-22.021],[-42.0929,-22.0234],[-42.0932,-22.0233]],[[-42.0873,-22.0151],[-42.0894,-22.0176],[-42.0872,-22.0157],[-42.0873,-22.0151]],[[-42.1016,-22.0112],[-42.1039,-22.0133],[-42.1017,-22.0112],[-42.1016,-22.0112]],[[-42.0963,-22.0145],[-42.0941,-22.0146],[-42.0979,-22.0167],[-42.0966,-22.0148],[-42.0963,-22.0145]],[[-42.0912,-22.0153],[-42.0879,-22.0136],[-42.0915,-22.0153],[-42.0912,-22.0153]],[[-42.0836,-21.9945],[-42.0793,-21.9944],[-42.0908,-21.9992],[-42.0838,-21.995],[-42.0836,-21.9945]],[[-42.0955,-22.0101],[-42.0988,-22.0121],[-42.0959,-22.0101],[-42.0955,-22.0101]],[[-42.0824,-22.0064],[-42.0747,-21.9981],[-42.0816,-22.0062],[-42.0824,-22.0064]],[[-42.1036,-22.0225],[-42.1014,-22.0183],[-42.0995,-22.0212],[-42.1023,-22.0229],[-42.1036,-22.0225]],[[-42.0861,-22.0035],[-42.082,-22.0001],[-42.085,-21.9994],[-42.0765,-21.9951],[-42.0796,-21.9984],[-42.0774,-21.9998],[-42.0861,-22.004],[-42.0861,-22.0035]],[[-42.0866,-22.0242],[-42.0836,-22.0191],[-42.0872,-22.0196],[-42.0765,-22.0148],[-42.0857,-22.0239],[-42.0866,-22.0242]]]}},{"type":"Feature","properties":{"cod_tema":"AREA_USO_RESTRITO_DECLIVIDADE_25_A_45","cod_imovel":"RJ-3304607-E16A20145A334303BAEA7FDFA6637E59","num_area":"3.4383000000000000000000000000000","ind_status":"AT"},"geometry":{"type":"Polygon","coordinates":[[[-41.9591,-22.0399],[-41.9584,-22.0377],[-41.959,-22.0398],[-41.9591,-22.0399]]]}},{"type":"Feature","properties":{"cod_tema":"AREA_USO_RESTRITO_DECLIVIDADE_25_A_45","cod_imovel":"RJ-3304607-62FE75CE8E524521AF358093468CEE0D","num_area":"1.0716000000000000000000000000000","ind_status":"AT"},"geometry":{"type":"Polygon","coordinates":[[[-41.7144,-21.9085],[-41.7174,-21.9094],[-41.7146,-21.9082],[-41.7144,-21.9085]]]}},{"type":"Feature","properties":{"cod_tema":"AREA_USO_RESTRITO_DECLIVIDADE_25_A_45","cod_imovel":"RJ-3304607-63C829739049410DB9521F8CD3028E8D","num_area":"6.6143000000000000000000000000000","ind_status":"AT"},"geometry":{"type":"Polygon","coordinates":[[[-41.8434,-22.0283],[-41.8418,-22.0309],[-41.8452,-22.0298],[-41.8436,-22.0284],[-41.8434,-22.0283]]]}},{"type":"Feature","properties":{"cod_tema":"AREA_USO_RESTRITO_DECLIVIDADE_25_A_45","cod_imovel":"RJ-3304607-67049D755BDC471E9A58EF707BBD47B0","num_area":"4.9410000000000000000000000000000","ind_status":"AT"},"geometry":{"type":"Polygon","coordinates":[[[-42.1138,-22.0112],[-42.1155,-22.0099],[-42.1121,-22.0082],[-42.1137,-22.0109],[-42.1138,-22.0112]]]}},{"type":"Feature","properties":{"cod_tema":"AREA_USO_RESTRITO_DECLIVIDADE_25_A_45","cod_imovel":"RJ-3304607-67049D755BDC471E9A58EF707BBD47B0","num_area":"95.010200000000000000000000000000","ind_status":"AT"},"geometry":{"type":"Polygon","coordinates":[[[-42.1143,-22.014],[-42.115,-22.0171],[-42.1107,-22.0192],[-42.1135,-22.0268],[-42.1214,-22.0275],[-42.1135,-22.0234],[-42.1128,-22.0199],[-42.1195,-22.0205],[-42.1191,-22.0242],[-42.1215,-22.0222],[-42.1201,-22.0124],[-42.1155,-22.0127],[-42.1202,-22.0196],[-42.1147,-22.0139],[-42.1143,-22.014]]]}},{"type":"Feature","properties":{"cod_tema":"AREA_USO_RESTRITO_DECLIVIDADE_25_A_45","cod_imovel":"RJ-3304607-6981F85EFB8B4D398915F61D3F37C4D2","num_area":"5.3672000000000000000000000000000","ind_status":"AT"},"geometry":{"type":"Polygon","coordinates":[[[-42.0047,-21.9796],[-42.0011,-21.9791],[-42.0039,-21.9794],[-42.0047,-21.9796]]]}},{"type":"Feature","properties":{"cod_tema":"AREA_USO_RESTRITO_DECLIVIDADE_25_A_45","cod_imovel":"RJ-3304607-689F3FFEC012439F9FD97AA41C98743A","num_area":"20.599900000000000000000000000000","ind_status":"AT"},"geometry":{"type":"Polygon","coordinates":[[[-41.9548,-21.9942],[-41.9613,-21.9973],[-41.9561,-21.9929],[-41.9548,-21.9942]]]}},{"type":"Feature","properties":{"cod_tema":"AREA_USO_RESTRITO_DECLIVIDADE_25_A_45","cod_imovel":"RJ-3304607-69638CA920A8488CADDDCDAF4EE71EF8","num_area":"2.4030000000000000000000000000000","ind_status":"AT"},"geometry":{"type":"Polygon","coordinates":[[[-42.0038,-21.9207],[-42.0041,-21.9182],[-42.0036,-21.9202],[-42.0038,-21.9207]]]}},{"type":"Feature","properties":{"cod_tema":"AREA_USO_RESTRITO_DECLIVIDADE_25_A_45","cod_imovel":"RJ-3304607-6B82E048D5164AE9AEE3A9E9C5CC60D1","num_area":"2.5619000000000000000000000000000","ind_status":"AT"},"geometry":{"type":"Polygon","coordinates":[[[-42.0101,-22.0021],[-42.0106,-21.9999],[-42.0098,-22.0019],[-42.0101,-22.0021]]]}},{"type":"Feature","properties":{"cod_tema":"AREA_USO_RESTRITO_DECLIVIDADE_25_A_45","cod_imovel":"RJ-3304607-6D16566A0C9D48FBB7B21D5C5BFA54A5","num_area":"39.165000000000000000000000000000","ind_status":"AT"},"geometry":{"type":"Polygon","coordinates":[[[-42.1137,-22.011],[-42.1108,-22.0077],[-42.1053,-22.0078],[-42.1103,-22.0072],[-42.1086,-22.0052],[-42.1045,-22.0067],[-42.1043,-22.0106],[-42.1139,-22.0117],[-42.1137,-22.011]]]}},{"type":"Feature","properties":{"cod_tema":"AREA_USO_RESTRITO_DECLIVIDADE_25_A_45","cod_imovel":"RJ-3304607-6D16566A0C9D48FBB7B21D5C5BFA54A5","num_area":"22.129200000000000000000000000000","ind_status":"AT"},"geometry":{"type":"Polygon","coordinates":[[[-42.104,-22.0195],[-42.1039,-22.0224],[-42.0969,-22.0255],[-42.1039,-22.026],[-42.1048,-22.0207],[-42.1071,-22.0213],[-42.1049,-22.0201],[-42.104,-22.0195]]]}},{"type":"Feature","properties":{"cod_tema":"AREA_USO_RESTRITO_DECLIVIDADE_25_A_45","cod_imovel":"RJ-3304607-6D16566A0C9D48FBB7B21D5C5BFA54A5","num_area":"40.858100000000000000000000000000","ind_status":"AT"},"geometry":{"type":"Polygon","coordinates":[[[-42.1144,-22.016],[-42.1107,-22.0131],[-42.1041,-22.0269],[-42.1076,-22.0281],[-42.1117,-22.0164],[-42.1144,-22.0165],[-42.1144,-22.016]]]}},{"type":"Feature","properties":{"cod_tema":"AREA_USO_RESTRITO_DECLIVIDADE_25_A_45","cod_imovel":"RJ-3304607-6D16566A0C9D48FBB7B21D5C5BFA54A5","num_area":"11.788400000000000000000000000000","ind_status":"AT"},"geometry":{"type":"Polygon","coordinates":[[[-42.1042,-22.0127],[-42.1092,-22.0157],[-42.105,-22.0122],[-42.1042,-22.0127]]]}},{"type":"Feature","properties":{"cod_tema":"AREA_USO_RESTRITO_DECLIVIDADE_25_A_45","cod_imovel":"RJ-3304607-6DD26C7839664EACBA4498ADC7FAB64E","num_area":"2.8932000000000000000000000000000","ind_status":"AT"},"geometry":{"type":"Polygon","coordinates":[[[-41.979,-21.9621],[-41.9812,-21.9634],[-41.979,-21.962],[-41.979,-21.9621]],[[-41.9837,-21.9632],[-41.9802,-21.9615],[-41.9834,-21.9632],[-41.9837,-21.9632]]]}},{"type":"Feature","properties":{"cod_tema":"AREA_USO_RESTRITO_DECLIVIDADE_25_A_45","cod_imovel":"RJ-3304607-71DC956B2D824BA0BC0AF73F087C4D1E","num_area":"4.9434000000000000000000000000000","ind_status":"AT"},"geometry":{"type":"Polygon","coordinates":[[[-41.821,-22.0592],[-41.8232,-22.0616],[-41.8211,-22.0585],[-41.821,-22.0592]]]}},{"type":"Feature","properties":{"cod_tema":"AREA_USO_RESTRITO_DECLIVIDADE_25_A_45","cod_imovel":"RJ-3304607-721F42FB2B834EEFBD40811CD5244147","num_area":"17.019200000000000000000000000000","ind_status":"AT"},"geometry":{"type":"Polygon","coordinates":[[[-42.0995,-22.0384],[-42.0978,-22.0404],[-42.0996,-22.0384],[-42.0995,-22.0384]],[[-42.0979,-22.0411],[-42.1015,-22.0459],[-42.098,-22.0409],[-42.0979,-22.0411]],[[-42.1028,-22.0458],[-42.1019,-22.0412],[-42.1028,-22.0456],[-42.1028,-22.0458]]]}},{"type":"Feature","properties":{"cod_tema":"AREA_USO_RESTRITO_DECLIVIDADE_25_A_45","cod_imovel":"RJ-3304607-730C9C4611BA4167850D6C4162235A48","num_area":"10.286700000000000000000000000000","ind_status":"AT"},"geometry":{"type":"Polygon","coordinates":[[[-41.9826,-21.9597],[-41.989,-21.9599],[-41.9823,-21.9595],[-41.9826,-21.9597]]]}},{"type":"Feature","properties":{"cod_tema":"AREA_USO_RESTRITO_DECLIVIDADE_25_A_45","cod_imovel":"RJ-3304607-731759B14D7645D3A1D2031A189BEB4F","num_area":"1.1773000000000000000000000000000","ind_status":"AT"},"geometry":{"type":"Polygon","coordinates":[[[-41.9699,-21.961],[-41.9724,-21.9598],[-41.97,-21.9607],[-41.9699,-21.961]]]}},{"type":"Feature","properties":{"cod_tema":"AREA_USO_RESTRITO_DECLIVIDADE_25_A_45","cod_imovel":"RJ-3304607-76ECB15382EA443F8C41BCD5B9E3FD89","num_area":"49.221500000000000000000000000000","ind_status":"AT"},"geometry":{"type":"Polygon","coordinates":[[[-41.8981,-22.0021],[-41.8991,-21.9983],[-41.8939,-21.9993],[-41.898,-22.002],[-41.8981,-22.0021]],[[-41.8936,-22.0085],[-41.8965,-22.005],[-41.8994,-22.0067],[-41.8976,-22.0038],[-41.8936,-22.0029],[-41.8953,-22.0062],[-41.8897,-22.004],[-41.8934,-22.0085],[-41.8936,-22.0085]],[[-41.9025,-22.0003],[-41.9016,-21.9969],[-41.8949,-21.9971],[-41.9024,-22.0002],[-41.9025,-22.0003]]]}},{"type":"Feature","properties":{"cod_tema":"AREA_USO_RESTRITO_DECLIVIDADE_25_A_45","cod_imovel":"RJ-3304607-77667D51064D484BBE59197BC43729BD","num_area":"8.8204000000000000000000000000000","ind_status":"AT"},"geometry":{"type":"Polygon","coordinates":[[[-41.9355,-22.0288],[-41.9293,-22.0325],[-41.9348,-22.0294],[-41.9355,-22.0288]]]}},{"type":"Feature","properties":{"cod_tema":"AREA_USO_RESTRITO_DECLIVIDADE_25_A_45","cod_imovel":"RJ-3304607-7774319E020A42F28EE430A35149AC4B","num_area":"10.813400000000000000000000000000","ind_status":"AT"},"geometry":{"type":"Polygon","coordinates":[[[-42.0664,-21.9364],[-42.0707,-21.9337],[-42.0684,-21.9324],[-42.0677,-21.9357],[-42.0664,-21.9364]]]}},{"type":"Feature","properties":{"cod_tema":"AREA_USO_RESTRITO_DECLIVIDADE_25_A_45","cod_imovel":"RJ-3304607-791917AA23444E1B83FB2B5CBAB17F21","num_area":"23.997500000000000000000000000000","ind_status":"AT"},"geometry":{"type":"Polygon","coordinates":[[[-42.0432,-21.9028],[-42.0471,-21.9023],[-42.0403,-21.9039],[-42.0401,-21.9129],[-42.0432,-21.9022],[-42.0432,-21.9028]]]}},{"type":"Feature","properties":{"cod_tema":"AREA_USO_RESTRITO_DECLIVIDADE_25_A_45","cod_imovel":"RJ-3304607-79A6C26929564969AEEB491A03AE9064","num_area":"37.589300000000000000000000000000","ind_status":"AT"},"geometry":{"type":"Polygon","coordinates":[[[-41.8579,-22.0318],[-41.8593,-22.0298],[-41.858,-22.0316],[-41.8579,-22.0318]],[[-41.867,-22.0197],[-41.868,-22.0174],[-41.867,-22.0197],[-41.867,-22.0197]],[[-41.8662,-22.0238],[-41.8652,-22.0215],[-41.8663,-22.0237],[-41.8662,-22.0238]],[[-41.8615,-22.022],[-41.8581,-22.0199],[-41.8571,-22.0239],[-41.8606,-22.0301],[-41.8582,-22.0242],[-41.8618,-22.0245],[-41.8616,-22.0221],[-41.8615,-22.022]]]}},{"type":"Feature","properties":{"cod_tema":"AREA_USO_RESTRITO_DECLIVIDADE_25_A_45","cod_imovel":"RJ-3304607-7B3746D3C98F4D60B769D5E75E149E9F","num_area":"2.8571000000000000000000000000000","ind_status":"AT"},"geometry":{"type":"Polygon","coordinates":[[[-41.8518,-21.9349],[-41.854,-21.9359],[-41.8529,-21.9341],[-41.8518,-21.9349]]]}},{"type":"Feature","properties":{"cod_tema":"AREA_USO_RESTRITO_DECLIVIDADE_25_A_45","cod_imovel":"RJ-3304607-7EB4FA48505F4BBF84959CDA80A987FE","num_area":"12.493800000000000000000000000000","ind_status":"AT"},"geometry":{"type":"Polygon","coordinates":[[[-42.0507,-21.9854],[-42.053,-21.9841],[-42.0482,-21.9847],[-42.0505,-21.9853],[-42.0507,-21.9854]],[[-42.0423,-21.9902],[-42.0399,-21.9889],[-42.0422,-21.9902],[-42.0423,-21.9902]],[[-42.045,-21.9887],[-42.0462,-21.986],[-42.0426,-21.9887],[-42.0449,-21.9886],[-42.045,-21.9887]]]}},{"type":"Feature","properties":{"cod_tema":"AREA_USO_RESTRITO_DECLIVIDADE_25_A_45","cod_imovel":"RJ-3304607-7F87FE7362364A6FA3C8D2892B982640","num_area":"10.439500000000000000000000000000","ind_status":"AT"},"geometry":{"type":"Polygon","coordinates":[[[-42.0275,-22.0053],[-42.0237,-22.0051],[-42.0257,-22.0051],[-42.0275,-22.0053]],[[-42.0294,-22.01],[-42.0281,-22.0054],[-42.0263,-22.008],[-42.0288,-22.0064],[-42.0292,-22.0097],[-42.0294,-22.01]]]}},{"type":"Feature","properties":{"cod_tema":"AREA_USO_RESTRITO_DECLIVIDADE_25_A_45","cod_imovel":"RJ-3304607-8253A433C6D2493CB7A39266278E8B35","num_area":"4.2409000000000000000000000000000","ind_status":"AT"},"geometry":{"type":"Polygon","coordinates":[[[-41.985,-21.8471],[-41.9861,-21.8452],[-41.9847,-21.8472],[-41.985,-21.8471]]]}},{"type":"Feature","properties":{"cod_tema":"AREA_USO_RESTRITO_DECLIVIDADE_25_A_45","cod_imovel":"RJ-3304607-85ABAFAFB87146B88CDF59F2F7FFC642","num_area":"10.677100000000000000000000000000","ind_status":"AT"},"geometry":{"type":"Polygon","coordinates":[[[-42.0608,-21.9239],[-42.0588,-21.9223],[-42.0563,-21.9253],[-42.0603,-21.9242],[-42.0608,-21.9239]]]}},{"type":"Feature","properties":{"cod_tema":"AREA_USO_RESTRITO_DECLIVIDADE_25_A_45","cod_imovel":"RJ-3304607-85EE6B9426A54A1381D1C662BFD5B8F5","num_area":"19.809100000000000000000000000000","ind_status":"AT"},"geometry":{"type":"Polygon","coordinates":[[[-41.8552,-21.998],[-41.8619,-22.0029],[-41.8606,-22.0004],[-41.8638,-22.0014],[-41.8591,-21.9971],[-41.8593,-22.0007],[-41.8556,-21.9979],[-41.8552,-21.998]]]}},{"type":"Feature","properties":{"cod_tema":"AREA_USO_RESTRITO_PANTANEIRA","cod_imovel":"RJ-3304607-8A7C42A1289342119D682C12407D5198","num_area":"1.7891000000000000000000000000000","ind_status":"AT"},"geometry":{"type":"Polygon","coordinates":[[[-42.0397,-22.0281],[-42.0367,-22.0281],[-42.0397,-22.0286],[-42.0397,-22.0281]]]}},{"type":"Feature","properties":{"cod_tema":"AREA_USO_RESTRITO_DECLIVIDADE_25_A_45","cod_imovel":"RJ-3304607-8EC26154904246F0A21591E0EE16CE91","num_area":"9.0739000000000000000000000000000","ind_status":"AT"},"geometry":{"type":"Polygon","coordinates":[[[-42.0351,-21.9212],[-42.0391,-21.9244],[-42.0365,-21.9207],[-42.0351,-21.9212]]]}},{"type":"Feature","properties":{"cod_tema":"AREA_USO_RESTRITO_DECLIVIDADE_25_A_45","cod_imovel":"RJ-3304607-8B4332D8063646AC8BBC7A0554DDA80F","num_area":"9.0284000000000000000000000000000","ind_status":"AT"},"geometry":{"type":"Polygon","coordinates":[[[-42.0879,-22.0394],[-42.0923,-22.0367],[-42.0882,-22.039],[-42.0879,-22.0394]]]}},{"type":"Feature","properties":{"cod_tema":"AREA_USO_RESTRITO_DECLIVIDADE_25_A_45","cod_imovel":"RJ-3304607-8F43311118704372A2B80D900283A3C3","num_area":"9.7190000000000000000000000000000","ind_status":"AT"},"geometry":{"type":"Polygon","coordinates":[[[-41.9648,-22.0471],[-41.9705,-22.0483],[-41.9675,-22.0467],[-41.97,-22.0459],[-41.965,-22.0458],[-41.9648,-22.0471]]]}},{"type":"Feature","properties":{"cod_tema":"AREA_USO_RESTRITO_DECLIVIDADE_25_A_45","cod_imovel":"RJ-3304607-EAD0F1619C084F708583E98C6AAE3B9A","num_area":"1.7381000000000000000000000000000","ind_status":"AT"},"geometry":{"type":"Polygon","coordinates":[[[-41.8529,-21.9286],[-41.8507,-21.9288],[-41.8529,-21.9293],[-41.8529,-21.9286]]]}},{"type":"Feature","properties":{"cod_tema":"AREA_USO_RESTRITO_DECLIVIDADE_25_A_45","cod_imovel":"RJ-3304607-93BA034139144F9CB57216373877B3A3","num_area":"3.8741000000000000000000000000000","ind_status":"AT"},"geometry":{"type":"Polygon","coordinates":[[[-42.0127,-22.0026],[-42.0101,-22.0021],[-42.0126,-22.0025],[-42.0127,-22.0026]]]}},{"type":"Feature","properties":{"cod_tema":"AREA_USO_RESTRITO_DECLIVIDADE_25_A_45","cod_imovel":"RJ-3304607-94752DABC96A4F9EA8A9D0DD4285720F","num_area":"5.7678000000000000000000000000000","ind_status":"AT"},"geometry":{"type":"Polygon","coordinates":[[[-42.0835,-21.9773],[-42.0805,-21.9781],[-42.0838,-21.9775],[-42.0835,-21.9773]]]}},{"type":"Feature","properties":{"cod_tema":"AREA_USO_RESTRITO_DECLIVIDADE_25_A_45","cod_imovel":"RJ-3304607-973A8B1F9622404881705330E95A6339","num_area":"6.7395000000000000000000000000000","ind_status":"AT"},"geometry":{"type":"Polygon","coordinates":[[[-41.7993,-22.0616],[-41.7993,-22.0577],[-41.7985,-22.062],[-41.7993,-22.0616]]]}},{"type":"Feature","properties":{"cod_tema":"AREA_USO_RESTRITO_DECLIVIDADE_25_A_45","cod_imovel":"RJ-3304607-99FF041292564FAB98587C81BDD2F4B7","num_area":"19.068000000000000000000000000000","ind_status":"AT"},"geometry":{"type":"Polygon","coordinates":[[[-41.9618,-21.9968],[-41.964,-21.9938],[-41.9615,-21.9964],[-41.9618,-21.9968]],[[-41.9673,-21.9946],[-41.9716,-21.9885],[-41.965,-21.9939],[-41.9671,-21.9942],[-41.9673,-21.9946]]]}},{"type":"Feature","properties":{"cod_tema":"AREA_USO_RESTRITO_DECLIVIDADE_25_A_45","cod_imovel":"RJ-3304607-9C21BB6633CC4B3889DCD13A6DBE207B","num_area":"2.1491000000000000000000000000000","ind_status":"AT"},"geometry":{"type":"Polygon","coordinates":[[[-41.7832,-21.9956],[-41.7855,-21.9965],[-41.7833,-21.9956],[-41.7832,-21.9956]]]}},{"type":"Feature","properties":{"cod_tema":"AREA_USO_RESTRITO_DECLIVIDADE_25_A_45","cod_imovel":"RJ-3304607-9E8EC19238114D4B9FA8A5EC89A92E0A","num_area":"2.9963000000000000000000000000000","ind_status":"AT"},"geometry":{"type":"Polygon","coordinates":[[[-42.0041,-21.9701],[-42.0063,-21.9712],[-42.0041,-21.9698],[-42.0041,-21.9701]]]}},{"type":"Feature","properties":{"cod_tema":"AREA_USO_RESTRITO_DECLIVIDADE_25_A_45","cod_imovel":"RJ-3304607-9DA2544D8D56448BBB3F437F455B303A","num_area":"4.5629000000000000000000000000000","ind_status":"AT"},"geometry":{"type":"Polygon","coordinates":[[[-41.8869,-22.0489],[-41.8853,-22.0461],[-41.8865,-22.0491],[-41.8869,-22.0489]]]}},{"type":"Feature","properties":{"cod_tema":"AREA_USO_RESTRITO_DECLIVIDADE_25_A_45","cod_imovel":"RJ-3304607-9FF8A6CEC39E4B229AF969FDD6B7C0AE","num_area":"6.3182000000000000000000000000000","ind_status":"AT"},"geometry":{"type":"Polygon","coordinates":[[[-42.0438,-21.9859],[-42.0433,-21.9835],[-42.0436,-21.9857],[-42.0438,-21.9859]]]}},{"type":"Feature","properties":{"cod_tema":"AREA_USO_RESTRITO_DECLIVIDADE_25_A_45","cod_imovel":"RJ-3304607-A0FA0851A48A4137908F73833598906D","num_area":"8.9348000000000000000000000000000","ind_status":"AT"},"geometry":{"type":"Polygon","coordinates":[[[-41.7844,-22.0165],[-41.7834,-22.0184],[-41.7888,-22.0195],[-41.7852,-22.0167],[-41.7844,-22.0165]]]}},{"type":"Feature","properties":{"cod_tema":"AREA_USO_RESTRITO_DECLIVIDADE_25_A_45","cod_imovel":"RJ-3304607-A3B44778DD6D4AD9BD986B58DE76F6AD","num_area":"7.3505000000000000000000000000000","ind_status":"AT"},"geometry":{"type":"Polygon","coordinates":[[[-42.0038,-21.9881],[-42.0014,-21.9861],[-42.0036,-21.9884],[-42.0038,-21.9881]],[[-42.0059,-21.9876],[-42.004,-21.9839],[-42.0056,-21.9872],[-42.0059,-21.9876]]]}},{"type":"Feature","properties":{"cod_tema":"AREA_USO_RESTRITO_DECLIVIDADE_25_A_45","cod_imovel":"RJ-3304607-A52CC20038C246B382164B4F4EE9D43C","num_area":"27.411500000000000000000000000000","ind_status":"AT"},"geometry":{"type":"Polygon","coordinates":[[[-41.8523,-21.9744],[-41.8494,-21.9762],[-41.8523,-21.9748],[-41.8523,-21.9744]],[[-41.8465,-21.9793],[-41.8419,-21.9779],[-41.8473,-21.9822],[-41.8512,-21.9787],[-41.8464,-21.9795],[-41.8465,-21.9793]]]}},{"type":"Feature","properties":{"cod_tema":"AREA_USO_RESTRITO_DECLIVIDADE_25_A_45","cod_imovel":"RJ-3304607-A576EB3F5ABA458A8F49128DEC2244C2","num_area":"5.6749000000000000000000000000000","ind_status":"AT"},"geometry":{"type":"Polygon","coordinates":[[[-42.0604,-21.9631],[-42.0623,-21.9606],[-42.0594,-21.9616],[-42.0604,-21.9631]]]}},{"type":"Feature","properties":{"cod_tema":"AREA_USO_RESTRITO_DECLIVIDADE_25_A_45","cod_imovel":"RJ-3304607-A7A49AA41A7C4602B7C6F25D6C90C083","num_area":"38.394700000000000000000000000000","ind_status":"AT"},"geometry":{"type":"Polygon","coordinates":[[[-42.0423,-21.9712],[-42.0476,-21.975],[-42.0503,-21.9707],[-42.0367,-21.9662],[-42.0423,-21.9712],[-42.0423,-21.9712]]]}},{"type":"Feature","properties":{"cod_tema":"AREA_USO_RESTRITO_DECLIVIDADE_25_A_45","cod_imovel":"RJ-3304607-A7BBCAFAEBBD4FA88DC292A32A906352","num_area":"36.733500000000000000000000000000","ind_status":"AT"},"geometry":{"type":"Polygon","coordinates":[[[-41.9011,-22.0484],[-41.8974,-22.0443],[-41.9025,-22.0471],[-41.9052,-22.0446],[-41.9022,-22.0465],[-41.8967,-22.0439],[-41.9008,-22.0484],[-41.9011,-22.0484]],[[-41.9104,-22.0407],[-41.9039,-22.0406],[-41.9057,-22.0436],[-41.9105,-22.0404],[-41.9104,-22.0407]]]}},{"type":"Feature","properties":{"cod_tema":"AREA_USO_RESTRITO_DECLIVIDADE_25_A_45","cod_imovel":"RJ-3304607-A915905CB02243D099A6F8CB2171D8D8","num_area":"5.0385000000000000000000000000000","ind_status":"AT"},"geometry":{"type":"Polygon","coordinates":[[[-42.085,-22.0306],[-42.0887,-22.0322],[-42.0851,-22.0306],[-42.085,-22.0306]]]}},{"type":"Feature","properties":{"cod_tema":"AREA_USO_RESTRITO_DECLIVIDADE_25_A_45","cod_imovel":"RJ-3304607-AE076F4CD5C246529FEFB57A2E665C71","num_area":"8.7761000000000000000000000000000","ind_status":"AT"},"geometry":{"type":"Polygon","coordinates":[[[-41.9894,-21.8819],[-41.9946,-21.8816],[-41.995,-21.8775],[-41.9942,-21.8814],[-41.9912,-21.8811],[-41.9926,-21.8785],[-41.9894,-21.8819]]]}},{"type":"Feature","properties":{"cod_tema":"AREA_USO_RESTRITO_DECLIVIDADE_25_A_45","cod_imovel":"RJ-3304607-AF7BC08F479A416AA6B73611359A5171","num_area":"13.256700000000000000000000000000","ind_status":"AT"},"geometry":{"type":"Polygon","coordinates":[[[-41.8328,-22.0005],[-41.8332,-21.9983],[-41.8327,-22.0005],[-41.8328,-22.0005]],[[-41.8286,-21.9986],[-41.8321,-21.9983],[-41.8284,-21.9985],[-41.8286,-21.9986]],[[-41.8361,-21.994],[-41.8321,-21.9983],[-41.8371,-21.9948],[-41.8361,-21.994]]]}},{"type":"Feature","properties":{"cod_tema":"AREA_USO_RESTRITO_DECLIVIDADE_25_A_45","cod_imovel":"RJ-3304607-B05E4E7188DE4455BA1CF7677BD0857C","num_area":"21.696000000000000000000000000000","ind_status":"AT"},"geometry":{"type":"Polygon","coordinates":[[[-41.8665,-22.0212],[-41.8697,-22.0226],[-41.8665,-22.021],[-41.8665,-22.0212]],[[-41.8674,-22.0192],[-41.8714,-22.0198],[-41.8687,-22.0191],[-41.8674,-22.0192]],[[-41.8676,-22.0256],[-41.8703,-22.0231],[-41.8686,-22.026],[-41.8667,-22.0233],[-41.8678,-22.0253],[-41.8676,-22.0256]],[[-41.873,-22.0181],[-41.8714,-22.0159],[-41.8683,-22.0181],[-41.8722,-22.0178],[-41.873,-22.0181]]]}},{"type":"Feature","properties":{"cod_tema":"AREA_USO_RESTRITO_DECLIVIDADE_25_A_45","cod_imovel":"RJ-3304607-B1EFB7639639484589F8A1D22A94CEEB","num_area":"6.6155000000000000000000000000000","ind_status":"AT"},"geometry":{"type":"Polygon","coordinates":[[[-42.0289,-22.0094],[-42.0325,-22.0107],[-42.0307,-22.0089],[-42.0289,-22.0094]]]}},{"type":"Feature","properties":{"cod_tema":"AREA_USO_RESTRITO_DECLIVIDADE_25_A_45","cod_imovel":"RJ-3304607-B32C1A2C93C743369F8873DB8AF0A1BD","num_area":"27.329200000000000000000000000000","ind_status":"AT"},"geometry":{"type":"Polygon","coordinates":[[[-41.8669,-22.039],[-41.8698,-22.0362],[-41.8671,-22.0384],[-41.8669,-22.039]],[[-41.8782,-22.0373],[-41.8747,-22.0401],[-41.8789,-22.0372],[-41.8782,-22.0373]],[[-41.8783,-22.0323],[-41.8714,-22.0351],[-41.8772,-22.0333],[-41.8798,-22.0365],[-41.8784,-22.0326],[-41.8783,-22.0323]]]}},{"type":"Feature","properties":{"cod_tema":"AREA_USO_RESTRITO_DECLIVIDADE_25_A_45","cod_imovel":"RJ-3304607-B3D88C5A2C0B437BA4D13691D7411D6A","num_area":"7.4471000000000000000000000000000","ind_status":"AT"},"geometry":{"type":"Polygon","coordinates":[[[-42.1287,-22.0218],[-42.1318,-22.0269],[-42.1287,-22.0217],[-42.1287,-22.0218]]]}},{"type":"Feature","properties":{"cod_tema":"AREA_USO_RESTRITO_DECLIVIDADE_25_A_45","cod_imovel":"RJ-3304607-B4773C0755214A7897387CBB8FA6803D","num_area":"9.4728000000000000000000000000000","ind_status":"AT"},"geometry":{"type":"Polygon","coordinates":[[[-42.0916,-22.045],[-42.0951,-22.0451],[-42.0906,-22.0419],[-42.0913,-22.0447],[-42.0916,-22.045]]]}},{"type":"Feature","properties":{"cod_tema":"AREA_USO_RESTRITO_DECLIVIDADE_25_A_45","cod_imovel":"RJ-3304607-B6DEA8ED627D405F9FDABDDEA163F592","num_area":"5.8724000000000000000000000000000","ind_status":"AT"},"geometry":{"type":"Polygon","coordinates":[[[-41.9859,-21.886],[-41.9841,-21.8831],[-41.9867,-21.8813],[-41.9841,-21.8828],[-41.9858,-21.8859],[-41.9859,-21.886]]]}},{"type":"Feature","properties":{"cod_tema":"AREA_USO_RESTRITO_DECLIVIDADE_25_A_45","cod_imovel":"RJ-3304607-B962AE1F83FB42D2919529205FED6301","num_area":"7.5174000000000000000000000000000","ind_status":"AT"},"geometry":{"type":"Polygon","coordinates":[[[-41.8657,-22.0483],[-41.8682,-22.0492],[-41.8658,-22.0477],[-41.8657,-22.0483]],[[-41.8713,-22.0484],[-41.8674,-22.0503],[-41.8713,-22.0486],[-41.8713,-22.0484]]]}},{"type":"Feature","properties":{"cod_tema":"AREA_USO_RESTRITO_DECLIVIDADE_25_A_45","cod_imovel":"RJ-3304607-BBD28FC5F17C4EE3A719A3853540C003","num_area":"5.3875000000000000000000000000000","ind_status":"AT"},"geometry":{"type":"Polygon","coordinates":[[[-41.8281,-22.0727],[-41.8295,-22.0712],[-41.8254,-22.0708],[-41.8281,-22.0727]]]}},{"type":"Feature","properties":{"cod_tema":"AREA_USO_RESTRITO_DECLIVIDADE_25_A_45","cod_imovel":"RJ-3304607-BD4E32DC8E3D46D1BB9D3CCD216BEF3D","num_area":"4.6212000000000000000000000000000","ind_status":"AT"},"geometry":{"type":"Polygon","coordinates":[[[-41.9487,-21.9293],[-41.9529,-21.9325],[-41.9487,-21.9289],[-41.9487,-21.9293]]]}},{"type":"Feature","properties":{"cod_tema":"AREA_USO_RESTRITO_DECLIVIDADE_25_A_45","cod_imovel":"RJ-3304607-C33A3C23B9C4448FA012C0F5B20E7D97","num_area":"3.3638000000000000000000000000000","ind_status":"AT"},"geometry":{"type":"Polygon","coordinates":[[[-41.8799,-22.0076],[-41.8827,-22.0056],[-41.8809,-22.007],[-41.8799,-22.0076]]]}},{"type":"Feature","properties":{"cod_tema":"AREA_USO_RESTRITO_DECLIVIDADE_25_A_45","cod_imovel":"RJ-3304607-C3C0954F3119431BBA6233EC6214DD87","num_area":"5.8380000000000000000000000000000","ind_status":"AT"},"geometry":{"type":"Polygon","coordinates":[[[-42.0257,-21.9693],[-42.03,-21.9691],[-42.0261,-21.9684],[-42.0257,-21.9693]]]}},{"type":"Feature","properties":{"cod_tema":"AREA_USO_RESTRITO_DECLIVIDADE_25_A_45","cod_imovel":"RJ-3304607-C4AF70A0D2764EEAA40F9DD3767B697B","num_area":"71.921000000000000000000000000000","ind_status":"AT"},"geometry":{"type":"Polygon","coordinates":[[[-41.9432,-22.0167],[-41.9561,-22.0181],[-41.9558,-22.0095],[-41.9495,-22.0066],[-41.954,-22.0146],[-41.9422,-22.0167],[-41.9432,-22.0167]]]}},{"type":"Feature","properties":{"cod_tema":"AREA_USO_RESTRITO_DECLIVIDADE_25_A_45","cod_imovel":"RJ-3304607-C4AF70A0D2764EEAA40F9DD3767B697B","num_area":"12.942000000000000000000000000000","ind_status":"AT"},"geometry":{"type":"Polygon","coordinates":[[[-41.9428,-22.0087],[-41.9439,-22.0128],[-41.9451,-22.0076],[-41.9428,-22.0087]]]}},{"type":"Feature","properties":{"cod_tema":"AREA_USO_RESTRITO_DECLIVIDADE_25_A_45","cod_imovel":"RJ-3304607-C979E21D4EAA4C7A937F2A4E66C18D80","num_area":"5.0612000000000000000000000000000","ind_status":"AT"},"geometry":{"type":"Polygon","coordinates":[[[-41.9953,-21.8302],[-41.9969,-21.8279],[-41.9944,-21.8296],[-41.9953,-21.8302]]]}},{"type":"Feature","properties":{"cod_tema":"AREA_USO_RESTRITO_DECLIVIDADE_25_A_45","cod_imovel":"RJ-3304607-C9DCED9556574880B5C422F5CFA07592","num_area":"4.4618000000000000000000000000000","ind_status":"AT"},"geometry":{"type":"Polygon","coordinates":[[[-42.0492,-21.9673],[-42.052,-21.9672],[-42.049,-21.967],[-42.0492,-21.9673]]]}},{"type":"Feature","properties":{"cod_tema":"AREA_USO_RESTRITO_DECLIVIDADE_25_A_45","cod_imovel":"RJ-3304607-C6CDA3B7B74946CAAC67A4A3865BE575","num_area":"13.058800000000000000000000000000","ind_status":"AT"},"geometry":{"type":"Polygon","coordinates":[[[-42.0325,-21.8965],[-42.026,-21.8995],[-42.0325,-21.8965],[-42.0325,-21.8965]]]}},{"type":"Feature","properties":{"cod_tema":"AREA_USO_RESTRITO_DECLIVIDADE_25_A_45","cod_imovel":"RJ-3304607-C6CDA3B7B74946CAAC67A4A3865BE575","num_area":"4.3622000000000000000000000000000","ind_status":"AT"},"geometry":{"type":"Polygon","coordinates":[[[-42.038,-21.89],[-42.0384,-21.8925],[-42.0406,-21.891],[-42.0382,-21.8899],[-42.038,-21.89]]]}},{"type":"Feature","properties":{"cod_tema":"AREA_USO_RESTRITO_DECLIVIDADE_25_A_45","cod_imovel":"RJ-3304607-C6CDA3B7B74946CAAC67A4A3865BE575","num_area":"5.0227000000000000000000000000000","ind_status":"AT"},"geometry":{"type":"Polygon","coordinates":[[[-42.0277,-21.902],[-42.0311,-21.9009],[-42.0273,-21.9023],[-42.0277,-21.902]]]}},{"type":"Feature","properties":{"cod_tema":"AREA_USO_RESTRITO_DECLIVIDADE_25_A_45","cod_imovel":"RJ-3304607-CCA6AEAB542B47E5A681E9FB959B699F","num_area":"14.800700000000000000000000000000","ind_status":"AT"},"geometry":{"type":"Polygon","coordinates":[[[-41.932,-22.0361],[-41.9311,-22.0407],[-41.9359,-22.0373],[-41.9345,-22.0343],[-41.9352,-22.0364],[-41.9322,-22.0361],[-41.932,-22.0361]]]}},{"type":"Feature","properties":{"cod_tema":"AREA_USO_RESTRITO_DECLIVIDADE_25_A_45","cod_imovel":"RJ-3304607-E57BB5802A4943A6B9A00FF5A90C9F50","num_area":"9.9669000000000000000000000000000","ind_status":"AT"},"geometry":{"type":"Polygon","coordinates":[[[-42.0916,-22.0461],[-42.0884,-22.0492],[-42.0917,-22.0461],[-42.0916,-22.0461]]]}},{"type":"Feature","properties":{"cod_tema":"AREA_USO_RESTRITO_DECLIVIDADE_25_A_45","cod_imovel":"RJ-3304607-CF7158559C98440587E81475D7A4DD01","num_area":"30.444300000000000000000000000000","ind_status":"AT"},"geometry":{"type":"Polygon","coordinates":[[[-42.0184,-21.9143],[-42.0295,-21.9188],[-42.0283,-21.9137],[-42.0196,-21.9145],[-42.0184,-21.9143]]]}},{"type":"Feature","properties":{"cod_tema":"AREA_USO_RESTRITO_DECLIVIDADE_25_A_45","cod_imovel":"RJ-3304607-CD95F2D19C704EA1818F960E0D4C13D8","num_area":"5.2374000000000000000000000000000","ind_status":"AT"},"geometry":{"type":"Polygon","coordinates":[[[-41.8799,-22.0176],[-41.8774,-22.0173],[-41.8798,-22.0177],[-41.8799,-22.0176]],[[-41.8781,-22.0206],[-41.8799,-22.0181],[-41.8777,-22.0202],[-41.8781,-22.0206]]]}},{"type":"Feature","properties":{"cod_tema":"AREA_USO_RESTRITO_DECLIVIDADE_25_A_45","cod_imovel":"RJ-3304607-CE3B6AE138014F01ADE0FFD983FC04B7","num_area":"2.2310000000000000000000000000000","ind_status":"AT"},"geometry":{"type":"Polygon","coordinates":[[[-41.9988,-21.913],[-42.0013,-21.9144],[-41.9989,-21.913],[-41.9988,-21.913]]]}},{"type":"Feature","properties":{"cod_tema":"AREA_USO_RESTRITO_DECLIVIDADE_25_A_45","cod_imovel":"RJ-3304607-CF33F25E92D747179F36E1DE86927EBC","num_area":"42.378100000000000000000000000000","ind_status":"AT"},"geometry":{"type":"Polygon","coordinates":[[[-41.7702,-21.9724],[-41.7724,-21.9725],[-41.7703,-21.9723],[-41.7702,-21.9724]],[[-41.7582,-21.9713],[-41.767,-21.9767],[-41.7794,-21.9742],[-41.767,-21.9748],[-41.7582,-21.9713],[-41.7582,-21.9713]]]}},{"type":"Feature","properties":{"cod_tema":"AREA_USO_RESTRITO_DECLIVIDADE_25_A_45","cod_imovel":"RJ-3304607-CFC11E01C8DD4F75935D366D7A69AD02","num_area":"26.151700000000000000000000000000","ind_status":"AT"},"geometry":{"type":"Polygon","coordinates":[[[-42.0318,-21.9886],[-42.0301,-21.9859],[-42.0288,-21.9892],[-42.0239,-21.987],[-42.0297,-21.9908],[-42.0275,-21.9897],[-42.0315,-21.989],[-42.0318,-21.9886]],[[-42.0274,-21.985],[-42.0328,-21.9863],[-42.0274,-21.985],[-42.0274,-21.985]]]}},{"type":"Feature","properties":{"cod_tema":"AREA_USO_RESTRITO_DECLIVIDADE_25_A_45","cod_imovel":"RJ-3304607-CFC747013A76402A984D4DCF2A3E3850","num_area":"8.8232000000000000000000000000000","ind_status":"AT"},"geometry":{"type":"Polygon","coordinates":[[[-41.8828,-22.014],[-41.8807,-22.0144],[-41.8827,-22.014],[-41.8828,-22.014]],[[-41.8803,-22.0172],[-41.8841,-22.0155],[-41.8807,-22.0147],[-41.8803,-22.0172]]]}},{"type":"Feature","properties":{"cod_tema":"AREA_USO_RESTRITO_DECLIVIDADE_25_A_45","cod_imovel":"RJ-3304607-D05A6ABD86B547DB9C200BA3ADB162BB","num_area":"195.99430000000000000000000000000","ind_status":"AT"},"geometry":{"type":"Polygon","coordinates":[[[-41.7993,-21.971],[-41.8006,-21.9725],[-41.7997,-21.9706],[-41.7993,-21.971]],[[-41.7918,-21.9545],[-41.7944,-21.9538],[-41.7919,-21.9544],[-41.7918,-21.9545]],[[-41.7893,-21.9523],[-41.792,-21.9522],[-41.7889,-21.9522],[-41.7893,-21.9523]],[[-41.7967,-21.9485],[-41.7963,-21.9465],[-41.7964,-21.9486],[-41.7967,-21.9485]],[[-41.7966,-21.9669],[-41.7995,-21.9663],[-41.797,-21.9667],[-41.7966,-21.9669]],[[-41.8062,-21.9836],[-41.8058,-21.979],[-41.8061,-21.9835],[-41.8062,-21.9836]],[[-41.7858,-21.952],[-41.791,-21.954],[-41.7854,-21.9511],[-41.7858,-21.952]],[[-41.8014,-21.9706],[-41.8034,-21.9785],[-41.8053,-21.9766],[-41.8,-21.9673],[-41.8009,-21.9697],[-41.8014,-21.9706]],[[-41.7892,-21.9481],[-41.7893,-21.9502],[-41.7851,-21.9496],[-41.7936,-21.9513],[-41.7891,-21.9483],[-41.7892,-21.9481]],[[-41.7866,-21.9561],[-41.7947,-21.9625],[-41.7901,-21.9552],[-41.7846,-21.953],[-41.7867,-21.9561],[-41.7866,-21.9561]],[[-41.8067,-21.957],[-41.8062,-21.9594],[-41.8072,-21.9538],[-41.8042,-21.9521],[-41.8035,-21.9585],[-41.8008,-21.9589],[-41.8031,-21.9518],[-41.7971,-21.9554],[-41.795,-21.9502],[-41.7925,-21.9552],[-41.797,-21.9642],[-41.8044,-21.9632],[-41.8016,-21.9657],[-41.8062,-21.9617],[-41.7979,-21.9594],[-41.8064,-21.9616],[-41.8069,-21.957],[-41.8067,-21.957]],[[-41.7971,-21.9554],[-41.7967,-21.958],[-41.7947,-21.9565],[-41.7968,-21.9555],[-41.7971,-21.9554]]]}},{"type":"Feature","properties":{"cod_tema":"AREA_USO_RESTRITO_DECLIVIDADE_25_A_45","cod_imovel":"RJ-3304607-D14D1BF1B61A47D88BBF02BCAE18D2AA","num_area":"3.9343000000000000000000000000000","ind_status":"AT"},"geometry":{"type":"Polygon","coordinates":[[[-42.0057,-21.975],[-42.0036,-21.975],[-42.0065,-21.9755],[-42.0057,-21.975]]]}},{"type":"Feature","properties":{"cod_tema":"AREA_USO_RESTRITO_DECLIVIDADE_25_A_45","cod_imovel":"RJ-3304607-D1C29280567149808DC00608DAFFAB5A","num_area":"6.1553000000000000000000000000000","ind_status":"AT"},"geometry":{"type":"Polygon","coordinates":[[[-41.9641,-22.0379],[-41.9653,-22.0336],[-41.9639,-22.0379],[-41.9641,-22.0379]]]}},{"type":"Feature","properties":{"cod_tema":"AREA_USO_RESTRITO_DECLIVIDADE_25_A_45","cod_imovel":"RJ-3304607-D1D021E6B76E4F418E46D35303D956A6","num_area":"7.0269000000000000000000000000000","ind_status":"AT"},"geometry":{"type":"Polygon","coordinates":[[[-42.0554,-21.9391],[-42.0544,-21.9413],[-42.0569,-21.9391],[-42.0554,-21.9391]]]}},{"type":"Feature","properties":{"cod_tema":"AREA_USO_RESTRITO_DECLIVIDADE_25_A_45","cod_imovel":"RJ-3304607-D2CFE344EE8D4B909AC1442660D5E3AA","num_area":"27.564000000000000000000000000000","ind_status":"AT"},"geometry":{"type":"Polygon","coordinates":[[[-42.0329,-21.903],[-42.0271,-21.9027],[-42.0252,-21.9068],[-42.0286,-21.9079],[-42.0323,-21.9034],[-42.0329,-21.903]]]}},{"type":"Feature","properties":{"cod_tema":"AREA_USO_RESTRITO_DECLIVIDADE_25_A_45","cod_imovel":"RJ-3304607-D2CFE344EE8D4B909AC1442660D5E3AA","num_area":"20.019900000000000000000000000000","ind_status":"AT"},"geometry":{"type":"Polygon","coordinates":[[[-42.0292,-21.9092],[-42.0284,-21.913],[-42.0324,-21.9154],[-42.029,-21.9088],[-42.0292,-21.9092]]]}},{"type":"Feature","properties":{"cod_tema":"AREA_USO_RESTRITO_DECLIVIDADE_25_A_45","cod_imovel":"RJ-3304607-D2CFE344EE8D4B909AC1442660D5E3AA","num_area":"28.984300000000000000000000000000","ind_status":"AT"},"geometry":{"type":"Polygon","coordinates":[[[-42.034,-21.9083],[-42.0365,-21.9076],[-42.0323,-21.9041],[-42.0319,-21.9087],[-42.034,-21.9082],[-42.034,-21.9083]],[[-42.0356,-21.9144],[-42.0323,-21.9041],[-42.0311,-21.9089],[-42.0351,-21.9141],[-42.0356,-21.9144]]]}},{"type":"Feature","properties":{"cod_tema":"AREA_USO_RESTRITO_DECLIVIDADE_25_A_45","cod_imovel":"RJ-3304607-D52C728532B5473ABC5EBF7290DDFF91","num_area":"203.16960000000000000000000000000","ind_status":"AT"},"geometry":{"type":"Polygon","coordinates":[[[-41.8226,-21.9618],[-41.8229,-21.9595],[-41.818,-21.9623],[-41.8194,-21.9566],[-41.8183,-21.9599],[-41.8119,-21.9615],[-41.8135,-21.9587],[-41.8088,-21.9632],[-41.8113,-21.9572],[-41.8085,-21.9584],[-41.8085,-21.9557],[-41.8056,-21.9654],[-41.8017,-21.9673],[-41.8087,-21.9667],[-41.806,-21.9766],[-41.8079,-21.9702],[-41.8111,-21.9744],[-41.8122,-21.9661],[-41.8112,-21.9733],[-41.8152,-21.972],[-41.8148,-21.9754],[-41.8194,-21.9694],[-41.815,-21.9675],[-41.8212,-21.963],[-41.8226,-21.9618]],[[-41.8085,-21.9655],[-41.8069,-21.9672],[-41.8082,-21.9652],[-41.8085,-21.9655]],[[-41.8122,-21.9638],[-41.8093,-21.9634],[-41.812,-21.9637],[-41.8122,-21.9638]],[[-41.815,-21.9662],[-41.8125,-21.9651],[-41.8147,-21.9659],[-41.815,-21.9662]],[[-41.8154,-21.9684],[-41.8136,-21.9667],[-41.8152,-21.9683],[-41.8154,-21.9684]],[[-41.8063,-21.9532],[-41.8076,-21.9557],[-41.8127,-21.954],[-41.8068,-21.9524],[-41.8063,-21.9532]],[[-41.8068,-21.9758],[-41.8079,-21.973],[-41.8066,-21.9751],[-41.8068,-21.9758]],[[-41.8115,-21.9812],[-41.8096,-21.9794],[-41.8116,-21.9813],[-41.8115,-21.9812]],[[-41.8122,-21.955],[-41.8102,-21.9563],[-41.8124,-21.9547],[-41.8122,-21.955]],[[-41.8112,-21.9787],[-41.8127,-21.9766],[-41.8116,-21.9785],[-41.8112,-21.9787]],[[-41.8165,-21.9764],[-41.813,-21.9771],[-41.8165,-21.9764],[-41.8165,-21.9764]],[[-41.8244,-21.96],[-41.8204,-21.9566],[-41.8204,-21.9597],[-41.8239,-21.9599],[-41.8244,-21.96]],[[-41.8248,-21.9599],[-41.824,-21.9573],[-41.8245,-21.9594],[-41.8248,-21.9599]]]}},{"type":"Feature","properties":{"cod_tema":"AREA_USO_RESTRITO_DECLIVIDADE_25_A_45","cod_imovel":"RJ-3304607-D5933F7D062249418B6F076A581A03BF","num_area":"6.4407000000000000000000000000000","ind_status":"AT"},"geometry":{"type":"Polygon","coordinates":[[[-41.9532,-22.0483],[-41.9484,-22.0462],[-41.9522,-22.048],[-41.9532,-22.0483]]]}},{"type":"Feature","properties":{"cod_tema":"AREA_USO_RESTRITO_DECLIVIDADE_25_A_45","cod_imovel":"RJ-3304607-D92C086B876A496A94012B17CC5D5669","num_area":"5.3696000000000000000000000000000","ind_status":"AT"},"geometry":{"type":"Polygon","coordinates":[[[-41.985,-21.8335],[-41.9836,-21.836],[-41.9855,-21.8352],[-41.985,-21.8335]]]}},{"type":"Feature","properties":{"cod_tema":"AREA_USO_RESTRITO_DECLIVIDADE_25_A_45","cod_imovel":"RJ-3304607-DD62CFA4B0BA4E08845F40D0191E088D","num_area":"21.757800000000000000000000000000","ind_status":"AT"},"geometry":{"type":"Polygon","coordinates":[[[-41.9788,-21.9157],[-41.9823,-21.9147],[-41.9793,-21.9148],[-41.9788,-21.9157]],[[-41.9801,-21.913],[-41.9793,-21.9104],[-41.9798,-21.9132],[-41.9801,-21.913]],[[-41.9765,-21.91],[-41.9733,-21.914],[-41.9764,-21.9148],[-41.977,-21.9102],[-41.9765,-21.91]]]}},{"type":"Feature","properties":{"cod_tema":"AREA_USO_RESTRITO_DECLIVIDADE_25_A_45","cod_imovel":"RJ-3304607-DA3F1F119CA84F9AB2D35075F44BFC5A","num_area":"19.015200000000000000000000000000","ind_status":"AT"},"geometry":{"type":"Polygon","coordinates":[[[-42.0862,-21.9705],[-42.0822,-21.975],[-42.0882,-21.9748],[-42.0874,-21.9727],[-42.0862,-21.9705]]]}},{"type":"Feature","properties":{"cod_tema":"AREA_USO_RESTRITO_DECLIVIDADE_25_A_45","cod_imovel":"RJ-3304607-DA6C554A303F4377BB5F98DBD611FE3C","num_area":"141.76160000000000000000000000000","ind_status":"AT"},"geometry":{"type":"Polygon","coordinates":[[[-42.0263,-22.023],[-42.0245,-22.0272],[-42.0444,-22.0298],[-42.0467,-22.0236],[-42.0365,-22.0216],[-42.0263,-22.023]]]}},{"type":"Feature","properties":{"cod_tema":"AREA_USO_RESTRITO_DECLIVIDADE_25_A_45","cod_imovel":"RJ-3304607-F84B4FDB17A94DB0A917D1D710515007","num_area":"6.8632000000000000000000000000000","ind_status":"AT"},"geometry":{"type":"Polygon","coordinates":[[[-42.0103,-22.0057],[-42.0143,-22.0063],[-42.0112,-22.0046],[-42.0103,-22.0057]],[[-42.015,-22.0021],[-42.0127,-22.0026],[-42.015,-22.0021],[-42.015,-22.0021]]]}},{"type":"Feature","properties":{"cod_tema":"AREA_USO_RESTRITO_DECLIVIDADE_25_A_45","cod_imovel":"RJ-3304607-DA3D0AAA914C4EC2970AC8E826B51230","num_area":"43.902500000000000000000000000000","ind_status":"AT"},"geometry":{"type":"Polygon","coordinates":[[[-42.0732,-22.0055],[-42.0807,-22.0097],[-42.0744,-22.001],[-42.0696,-22.0041],[-42.0729,-22.0056],[-42.0732,-22.0055]],[[-42.0785,-22.0099],[-42.0754,-22.009],[-42.0784,-22.0098],[-42.0785,-22.0099]],[[-42.0753,-22.0016],[-42.0772,-22.0034],[-42.0755,-22.0018],[-42.0753,-22.0016]],[[-42.0674,-22.0039],[-42.0726,-22.0065],[-42.0686,-22.004],[-42.0674,-22.0039]]]}},{"type":"Feature","properties":{"cod_tema":"AREA_USO_RESTRITO_DECLIVIDADE_25_A_45","cod_imovel":"RJ-3304607-DBE9ACFE4A004F098EF600536FDCE967","num_area":"60.591100000000000000000000000000","ind_status":"AT"},"geometry":{"type":"Polygon","coordinates":[[[-42.0413,-21.9236],[-42.0449,-21.9217],[-42.0414,-21.9236],[-42.0413,-21.9236]],[[-42.0423,-21.9194],[-42.0443,-21.9207],[-42.0425,-21.9195],[-42.0423,-21.9194]],[[-42.0502,-21.9288],[-42.0463,-21.9218],[-42.0466,-21.9288],[-42.0434,-21.9245],[-42.0451,-21.9337],[-42.047,-21.9271],[-42.0502,-21.9288],[-42.0502,-21.9288]],[[-42.0492,-21.9292],[-42.0478,-21.9264],[-42.0491,-21.9283],[-42.0492,-21.9292]],[[-42.0532,-21.93],[-42.0459,-21.9328],[-42.0521,-21.9347],[-42.0544,-21.931],[-42.0488,-21.9319],[-42.0527,-21.93],[-42.0532,-21.93]]]}},{"type":"Feature","properties":{"cod_tema":"AREA_USO_RESTRITO_DECLIVIDADE_25_A_45","cod_imovel":"RJ-3304607-DC22DF82C9674D13B75FC64956EFAF5F","num_area":"2.9715000000000000000000000000000","ind_status":"AT"},"geometry":{"type":"Polygon","coordinates":[[[-42.064,-21.9444],[-42.0619,-21.9461],[-42.0648,-21.9441],[-42.064,-21.9444]]]}},{"type":"Feature","properties":{"cod_tema":"AREA_USO_RESTRITO_DECLIVIDADE_25_A_45","cod_imovel":"RJ-3304607-DC386187745E4B238429C2F7BEF946E6","num_area":"3.1890000000000000000000000000000","ind_status":"AT"},"geometry":{"type":"Polygon","coordinates":[[[-42.0618,-21.9454],[-42.0656,-21.9441],[-42.0622,-21.9453],[-42.0618,-21.9454]],[[-42.0623,-21.9472],[-42.0664,-21.9478],[-42.0641,-21.9472],[-42.0623,-21.9472]]]}},{"type":"Feature","properties":{"cod_tema":"AREA_USO_RESTRITO_DECLIVIDADE_25_A_45","cod_imovel":"RJ-3304607-DCCBC41396854A209E6ABF0A6CCBC889","num_area":"2.7215000000000000000000000000000","ind_status":"AT"},"geometry":{"type":"Polygon","coordinates":[[[-42.011,-21.9724],[-42.0095,-21.9706],[-42.0107,-21.9724],[-42.011,-21.9724]]]}},{"type":"Feature","properties":{"cod_tema":"AREA_USO_RESTRITO_DECLIVIDADE_25_A_45","cod_imovel":"RJ-3304607-E08B1EFC85074EE78C8C7D249FA13ABA","num_area":"5.0645000000000000000000000000000","ind_status":"AT"},"geometry":{"type":"Polygon","coordinates":[[[-42.002,-21.9645],[-42.0065,-21.9661],[-42.0022,-21.9646],[-42.002,-21.9645]]]}},{"type":"Feature","properties":{"cod_tema":"AREA_USO_RESTRITO_DECLIVIDADE_25_A_45","cod_imovel":"RJ-3304607-E1EC46450FC94CDFACAC3A26AD8E15E8","num_area":"7.9702000000000000000000000000000","ind_status":"AT"},"geometry":{"type":"Polygon","coordinates":[[[-41.8438,-22.0363],[-41.845,-22.0384],[-41.8462,-22.0346],[-41.8438,-22.0362],[-41.8438,-22.0363]]]}},{"type":"Feature","properties":{"cod_tema":"AREA_USO_RESTRITO_DECLIVIDADE_25_A_45","cod_imovel":"RJ-3304607-E95D131808804A5CA00F3FE5569D8B31","num_area":"2.1105000000000000000000000000000","ind_status":"AT"},"geometry":{"type":"Polygon","coordinates":[[[-41.9887,-21.9661],[-41.9863,-21.9644],[-41.9887,-21.9661],[-41.9887,-21.9661]]]}},{"type":"Feature","properties":{"cod_tema":"AREA_USO_RESTRITO_DECLIVIDADE_25_A_45","cod_imovel":"RJ-3304607-E6E2997B200242A1A2533BA35CA308E0","num_area":"2.0357000000000000000000000000000","ind_status":"AT"},"geometry":{"type":"Polygon","coordinates":[[[-41.8047,-21.99],[-41.8077,-21.9918],[-41.8053,-21.9901],[-41.8047,-21.99]]]}},{"type":"Feature","properties":{"cod_tema":"AREA_USO_RESTRITO_DECLIVIDADE_25_A_45","cod_imovel":"RJ-3304607-E7E43793971B4D7B9EBB53BAF62C9147","num_area":"4.9455000000000000000000000000000","ind_status":"AT"},"geometry":{"type":"Polygon","coordinates":[[[-42.0089,-21.9997],[-42.0052,-21.9988],[-42.0087,-21.9997],[-42.0089,-21.9997]]]}},{"type":"Feature","properties":{"cod_tema":"AREA_USO_RESTRITO_DECLIVIDADE_25_A_45","cod_imovel":"RJ-3304607-E7EC427B77B843B0A74F7ED6910A9177","num_area":"5.4153000000000000000000000000000","ind_status":"AT"},"geometry":{"type":"Polygon","coordinates":[[[-42.0927,-22.0492],[-42.0943,-22.051],[-42.0928,-22.0492],[-42.0927,-22.0492]],[[-42.0947,-22.0494],[-42.0961,-22.0516],[-42.0952,-22.0494],[-42.0947,-22.0494]]]}},{"type":"Feature","properties":{"cod_tema":"AREA_USO_RESTRITO_DECLIVIDADE_25_A_45","cod_imovel":"RJ-3304607-EE94CB6B0D87433392D13E0B7FC15AF5","num_area":"7.8478000000000000000000000000000","ind_status":"AT"},"geometry":{"type":"Polygon","coordinates":[[[-41.9558,-22.0421],[-41.9575,-22.04],[-41.9543,-22.0417],[-41.9558,-22.0421]]]}},{"type":"Feature","properties":{"cod_tema":"AREA_USO_RESTRITO_DECLIVIDADE_25_A_45","cod_imovel":"RJ-3304607-F00EEC3AF6A14A2B801CA1270AD00929","num_area":"12.072900000000000000000000000000","ind_status":"AT"},"geometry":{"type":"Polygon","coordinates":[[[-42.0063,-21.9824],[-42.0066,-21.9795],[-42.0061,-21.9823],[-42.0063,-21.9824]],[[-42.0048,-21.9844],[-42.0022,-21.9806],[-42.004,-21.9839],[-42.0048,-21.9844]]]}},{"type":"Feature","properties":{"cod_tema":"AREA_USO_RESTRITO_DECLIVIDADE_25_A_45","cod_imovel":"RJ-3304607-F6C9D8EC6EA744AC9191C1F574AB382D","num_area":"6.6988000000000000000000000000000","ind_status":"AT"},"geometry":{"type":"Polygon","coordinates":[[[-42.0288,-21.9758],[-42.0282,-21.9724],[-42.0263,-21.9758],[-42.0288,-21.9758]]]}},{"type":"Feature","properties":{"cod_tema":"AREA_USO_RESTRITO_DECLIVIDADE_25_A_45","cod_imovel":"RJ-3304607-F15CD5F1AA694F87A6C5E49817E8F3CC","num_area":"24.425500000000000000000000000000","ind_status":"AT"},"geometry":{"type":"Polygon","coordinates":[[[-42.0514,-21.9379],[-42.058,-21.9384],[-42.058,-21.9359],[-42.0518,-21.9374],[-42.056,-21.9312],[-42.0513,-21.9377],[-42.0514,-21.9379]]]}},{"type":"Feature","properties":{"cod_tema":"AREA_USO_RESTRITO_DECLIVIDADE_25_A_45","cod_imovel":"RJ-3304607-F15CD5F1AA694F87A6C5E49817E8F3CC","num_area":"26.011000000000000000000000000000","ind_status":"AT"},"geometry":{"type":"Polygon","coordinates":[[[-42.0589,-21.9351],[-42.0588,-21.9381],[-42.0661,-21.9365],[-42.0618,-21.9325],[-42.0596,-21.934],[-42.0589,-21.9351]]]}},{"type":"Feature","properties":{"cod_tema":"AREA_USO_RESTRITO_DECLIVIDADE_25_A_45","cod_imovel":"RJ-3304607-F15CD5F1AA694F87A6C5E49817E8F3CC","num_area":"24.811000000000000000000000000000","ind_status":"AT"},"geometry":{"type":"Polygon","coordinates":[[[-42.0528,-21.9286],[-42.0541,-21.9306],[-42.0612,-21.9271],[-42.0546,-21.9271],[-42.0528,-21.9286]]]}},{"type":"Feature","properties":{"cod_tema":"AREA_USO_RESTRITO_DECLIVIDADE_25_A_45","cod_imovel":"RJ-3304607-F189550D17AA4DC792FC5FE926CD0568","num_area":"3.7549000000000000000000000000000","ind_status":"AT"},"geometry":{"type":"Polygon","coordinates":[[[-42.0178,-21.8634],[-42.0183,-21.8678],[-42.0182,-21.8643],[-42.0178,-21.8634]]]}},{"type":"Feature","properties":{"cod_tema":"AREA_USO_RESTRITO_DECLIVIDADE_25_A_45","cod_imovel":"RJ-3304607-F7A711EE3EE4404698CC21CC60013B7D","num_area":"6.3288000000000000000000000000000","ind_status":"AT"},"geometry":{"type":"Polygon","coordinates":[[[-41.8263,-22.0681],[-41.8239,-22.0648],[-41.8261,-22.0679],[-41.8263,-22.0681]]]}},{"type":"Feature","properties":{"cod_tema":"AREA_USO_RESTRITO_DECLIVIDADE_25_A_45","cod_imovel":"RJ-3304607-F26CB4556FFF4943B8DACE0C985F55FA","num_area":"35.310600000000000000000000000000","ind_status":"AT"},"geometry":{"type":"Polygon","coordinates":[[[-41.8589,-21.997],[-41.8626,-21.9983],[-41.8592,-21.997],[-41.8589,-21.997]],[[-41.8645,-21.9999],[-41.8676,-22.0023],[-41.8648,-21.9998],[-41.8645,-21.9999]],[[-41.8663,-22.0042],[-41.8703,-22.0062],[-41.8719,-22.0003],[-41.8652,-21.9959],[-41.8642,-21.9988],[-41.8713,-21.9996],[-41.8687,-22.0004],[-41.8698,-22.0044],[-41.8665,-22.004],[-41.8663,-22.0042]]]}},{"type":"Feature","properties":{"cod_tema":"AREA_USO_RESTRITO_DECLIVIDADE_25_A_45","cod_imovel":"RJ-3304607-F6DDED3D3DE14D609CCB36CA30798370","num_area":"13.203700000000000000000000000000","ind_status":"AT"},"geometry":{"type":"Polygon","coordinates":[[[-42.0172,-21.8741],[-42.0204,-21.881],[-42.0178,-21.8737],[-42.0172,-21.8741]]]}},{"type":"Feature","properties":{"cod_tema":"AREA_USO_RESTRITO_DECLIVIDADE_25_A_45","cod_imovel":"RJ-3304607-F4F9324FC3AB4E72A0B8B3CE67E1E4C2","num_area":"26.217000000000000000000000000000","ind_status":"AT"},"geometry":{"type":"Polygon","coordinates":[[[-41.7653,-21.9384],[-41.7678,-21.9434],[-41.7698,-21.9424],[-41.7659,-21.9374],[-41.7653,-21.9384]],[[-41.7639,-21.9429],[-41.7678,-21.9435],[-41.7641,-21.9402],[-41.7636,-21.9427],[-41.7639,-21.9429]]]}},{"type":"Feature","properties":{"cod_tema":"AREA_USO_RESTRITO_DECLIVIDADE_25_A_45","cod_imovel":"RJ-3304607-FC4088F3656E459D904A5D2E6AADEC51","num_area":"2.1390000000000000000000000000000","ind_status":"AT"},"geometry":{"type":"Polygon","coordinates":[[[-41.9717,-21.9603],[-41.97,-21.9617],[-41.9722,-21.9599],[-41.9717,-21.9603]]]}},{"type":"Feature","properties":{"cod_tema":"AREA_USO_RESTRITO_DECLIVIDADE_25_A_45","cod_imovel":"RJ-3304607-FDD0A7B3CB7E483292EA8600B4620E6F","num_area":"0.9392000000000000000000000000000","ind_status":"AT"},"geometry":{"type":"Polygon","coordinates":[[[-41.877,-22.0451],[-41.8751,-22.046],[-41.877,-22.0451],[-41.877,-22.0451]]]}},{"type":"Feature","properties":{"cod_tema":"AREA_USO_RESTRITO_DECLIVIDADE_25_A_45","cod_imovel":"RJ-3304607-FFB2F56CC3C2469990B800C74A798A56","num_area":"3.4753000000000000000000000000000","ind_status":"AT"},"geometry":{"type":"Polygon","coordinates":[[[-41.9774,-22.043],[-41.9796,-22.0452],[-41.979,-22.0428],[-41.9774,-22.043]]]}}]}