{"type":"FeatureCollection","features":[{"type":"Feature","properties":{"cod_tema":"AREA_USO_RESTRITO_DECLIVIDADE_25_A_45","cod_imovel":"RJ-3305406-ACB12A7D89D74D4480AA6F9CB48D7280","num_area":"4.7126000000000000000000000000000","ind_status":"PE"},"geometry":{"type":"Polygon","coordinates":[[[-42.8329,-21.9677],[-42.8302,-21.9661],[-42.8324,-21.9677],[-42.8329,-21.9677]]]}},{"type":"Feature","properties":{"cod_tema":"AREA_USO_RESTRITO_DECLIVIDADE_25_A_45","cod_imovel":"RJ-3305406-1C3BE8C12A614398A7CD77DFA7124D7B","num_area":"5.7223000000000000000000000000000","ind_status":"AT"},"geometry":{"type":"Polygon","coordinates":[[[-42.7915,-22.0547],[-42.7896,-22.0611],[-42.7919,-22.0547],[-42.7915,-22.0547]]]}},{"type":"Feature","properties":{"cod_tema":"AREA_USO_RESTRITO_DECLIVIDADE_25_A_45","cod_imovel":"RJ-3305406-7778835DECA248F493FA7C7D7E098910","num_area":"20.930700000000000000000000000000","ind_status":"AT"},"geometry":{"type":"Polygon","coordinates":[[[-42.7952,-21.9434],[-42.7925,-21.9426],[-42.7912,-21.947],[-42.7972,-21.9483],[-42.7942,-21.9434],[-42.7952,-21.9434]],[[-42.7965,-21.9474],[-42.7944,-21.9463],[-42.7963,-21.9474],[-42.7965,-21.9474]]]}},{"type":"Feature","properties":{"cod_tema":"AREA_USO_RESTRITO_DECLIVIDADE_25_A_45","cod_imovel":"RJ-3305406-F322701E56AA468582E957058AFD356F","num_area":"5.2862000000000000000000000000000","ind_status":"AT"},"geometry":{"type":"Polygon","coordinates":[[[-42.7507,-22.0273],[-42.7497,-22.0299],[-42.7539,-22.0264],[-42.7511,-22.0272],[-42.7507,-22.0273]]]}},{"type":"Feature","properties":{"cod_tema":"AREA_USO_RESTRITO_DECLIVIDADE_25_A_45","cod_imovel":"RJ-3305406-358BC021299945E495C954FFBFE0347B","num_area":"45.385800000000000000000000000000","ind_status":"AT"},"geometry":{"type":"Polygon","coordinates":[[[-42.8104,-21.959],[-42.8083,-21.9582],[-42.8144,-21.9619],[-42.8112,-21.9595],[-42.8104,-21.959]],[[-42.7986,-21.9569],[-42.7928,-21.9576],[-42.8082,-21.9591],[-42.7993,-21.9569],[-42.7986,-21.9569]],[[-42.8064,-21.9682],[-42.7911,-21.9642],[-42.806,-21.968],[-42.8064,-21.9682]]]}},{"type":"Feature","properties":{"cod_tema":"AREA_USO_RESTRITO_DECLIVIDADE_25_A_45","cod_imovel":"RJ-3305406-130518D7E5D048C5BAFE3165B967B400","num_area":"18.843800000000000000000000000000","ind_status":"AT"},"geometry":{"type":"Polygon","coordinates":[[[-42.9341,-22.0543],[-42.9372,-22.0557],[-42.9341,-22.0547],[-42.9341,-22.0543]],[[-42.9449,-22.0588],[-42.9445,-22.0622],[-42.9449,-22.059],[-42.9449,-22.0588]],[[-42.943,-22.0559],[-42.94,-22.0587],[-42.943,-22.0562],[-42.943,-22.0559]],[[-42.9365,-22.0529],[-42.9395,-22.0549],[-42.9374,-22.0524],[-42.9365,-22.0529]]]}},{"type":"Feature","properties":{"cod_tema":"AREA_USO_RESTRITO_DECLIVIDADE_25_A_45","cod_imovel":"RJ-3305406-7EDCB5A827764E52BB05831D5BD1CE6C","num_area":"41.091500000000000000000000000000","ind_status":"AT"},"geometry":{"type":"Polygon","coordinates":[[[-42.8072,-21.9779],[-42.8079,-21.9811],[-42.8072,-21.9781],[-42.8072,-21.9779]],[[-42.8025,-21.978],[-42.7989,-21.9799],[-42.7983,-21.9877],[-42.8032,-21.9849],[-42.8001,-21.9852],[-42.8031,-21.9825],[-42.7986,-21.9826],[-42.8026,-21.978],[-42.8025,-21.978]]]}},{"type":"Feature","properties":{"cod_tema":"AREA_USO_RESTRITO_DECLIVIDADE_25_A_45","cod_imovel":"RJ-3305406-6E87182F58ED4487A19109C75DDFBB98","num_area":"10.305000000000000000000000000000","ind_status":"AT"},"geometry":{"type":"Polygon","coordinates":[[[-42.8659,-22.0034],[-42.862,-22.0041],[-42.8667,-22.0035],[-42.8659,-22.0034]],[[-42.8691,-22.0006],[-42.863,-22.0033],[-42.8692,-22.001],[-42.8691,-22.0006]]]}},{"type":"Feature","properties":{"cod_tema":"AREA_USO_RESTRITO_DECLIVIDADE_25_A_45","cod_imovel":"RJ-3305406-CCB253B7F37C49FBAB39F801FCA6BD92","num_area":"8.0912000000000000000000000000000","ind_status":"AT"},"geometry":{"type":"Polygon","coordinates":[[[-42.7432,-22.0944],[-42.7422,-22.0969],[-42.7432,-22.0946],[-42.7432,-22.0944]],[[-42.7463,-22.0985],[-42.748,-22.0957],[-42.7463,-22.0984],[-42.7463,-22.0985]]]}},{"type":"Feature","properties":{"cod_tema":"AREA_USO_RESTRITO_DECLIVIDADE_25_A_45","cod_imovel":"RJ-3305406-E760645CBABD4CDEB5264D0314CC7716","num_area":"5.1702000000000000000000000000000","ind_status":"AT"},"geometry":{"type":"Polygon","coordinates":[[[-42.9616,-22.0421],[-42.9611,-22.0488],[-42.9618,-22.0419],[-42.9616,-22.0421]]]}},{"type":"Feature","properties":{"cod_tema":"AREA_USO_RESTRITO_DECLIVIDADE_25_A_45","cod_imovel":"RJ-3305406-75871ABB88EA4EE193075E75437FE3ED","num_area":"2.0695000000000000000000000000000","ind_status":"AT"},"geometry":{"type":"Polygon","coordinates":[[[-42.7773,-22.0219],[-42.7746,-22.0237],[-42.7773,-22.0224],[-42.7773,-22.0219]]]}},{"type":"Feature","properties":{"cod_tema":"AREA_USO_RESTRITO_DECLIVIDADE_25_A_45","cod_imovel":"RJ-3305406-B6C6114665E844908DDEB6BE3E25C65A","num_area":"4.6893000000000000000000000000000","ind_status":"AT"},"geometry":{"type":"Polygon","coordinates":[[[-42.7658,-22.1232],[-42.7669,-22.1254],[-42.7666,-22.1233],[-42.7658,-22.1232]]]}},{"type":"Feature","properties":{"cod_tema":"AREA_USO_RESTRITO_DECLIVIDADE_25_A_45","cod_imovel":"RJ-3305406-72245EF7F125425CBA2A8F82ADB13A04","num_area":"14.425100000000000000000000000000","ind_status":"AT"},"geometry":{"type":"Polygon","coordinates":[[[-42.9984,-22.0744],[-43.0003,-22.0723],[-42.9953,-22.072],[-42.9948,-22.0749],[-42.9983,-22.0744],[-42.9984,-22.0744]],[[-42.9956,-22.0778],[-42.9968,-22.0758],[-42.9956,-22.0775],[-42.9956,-22.0778]]]}},{"type":"Feature","properties":{"cod_tema":"AREA_USO_RESTRITO_DECLIVIDADE_25_A_45","cod_imovel":"RJ-3305406-9EF7E65D70A64B51B0068683F483A1F9","num_area":"7.0079000000000000000000000000000","ind_status":"AT"},"geometry":{"type":"Polygon","coordinates":[[[-42.793,-22.0198],[-42.7884,-22.0215],[-42.7912,-22.0232],[-42.7928,-22.0198],[-42.793,-22.0198]]]}},{"type":"Feature","properties":{"cod_tema":"AREA_USO_RESTRITO_DECLIVIDADE_25_A_45","cod_imovel":"RJ-3305406-505725B86B584785BDAD4780FEC22F4D","num_area":"6.0722000000000000000000000000000","ind_status":"AT"},"geometry":{"type":"Polygon","coordinates":[[[-42.761,-22.0986],[-42.7596,-22.1006],[-42.761,-22.099],[-42.761,-22.0986]],[[-42.7648,-22.1005],[-42.7617,-22.1015],[-42.7648,-22.1007],[-42.7648,-22.1005]],[[-42.7586,-22.1006],[-42.758,-22.0973],[-42.7582,-22.1005],[-42.7586,-22.1006]]]}},{"type":"Feature","properties":{"cod_tema":"AREA_USO_RESTRITO_DECLIVIDADE_25_A_45","cod_imovel":"RJ-3305406-E523DE5CFCB243CD979587F30FF5A9FB","num_area":"15.293300000000000000000000000000","ind_status":"AT"},"geometry":{"type":"Polygon","coordinates":[[[-42.9704,-22.067],[-42.9696,-22.0649],[-42.9692,-22.067],[-42.9704,-22.067]],[[-42.9721,-22.0638],[-42.9716,-22.0616],[-42.9719,-22.0638],[-42.9721,-22.0638]],[[-42.9709,-22.0659],[-42.9706,-22.0633],[-42.971,-22.0656],[-42.9709,-22.0659]],[[-42.9736,-22.054],[-42.9701,-22.0558],[-42.9736,-22.0544],[-42.9736,-22.054]],[[-42.9714,-22.0571],[-42.9706,-22.06],[-42.9714,-22.0573],[-42.9714,-22.0571]]]}},{"type":"Feature","properties":{"cod_tema":"AREA_USO_RESTRITO_DECLIVIDADE_25_A_45","cod_imovel":"RJ-3305406-7DA2848BD77E49F4BBA3D035942A4EFC","num_area":"1.3237000000000000000000000000000","ind_status":"AT"},"geometry":{"type":"Polygon","coordinates":[[[-42.7845,-22.0758],[-42.7831,-22.0728],[-42.7844,-22.0758],[-42.7845,-22.0758]]]}},{"type":"Feature","properties":{"cod_tema":"AREA_USO_RESTRITO_DECLIVIDADE_25_A_45","cod_imovel":"RJ-3305406-87A5B7DE1C544FA89E16651616B0743E","num_area":"1.3068000000000000000000000000000","ind_status":"AT"},"geometry":{"type":"Polygon","coordinates":[[[-42.7873,-22.0774],[-42.7846,-22.0757],[-42.7874,-22.0777],[-42.7873,-22.0774]]]}},{"type":"Feature","properties":{"cod_tema":"AREA_USO_RESTRITO_DECLIVIDADE_25_A_45","cod_imovel":"RJ-3305406-FBCB5896BBA74AA4ADE3586E50CC1697","num_area":"3.5426000000000000000000000000000","ind_status":"AT"},"geometry":{"type":"Polygon","coordinates":[[[-42.7841,-22.085],[-42.7825,-22.0866],[-42.7841,-22.0852],[-42.7841,-22.085]]]}},{"type":"Feature","properties":{"cod_tema":"AREA_USO_RESTRITO_DECLIVIDADE_25_A_45","cod_imovel":"RJ-3305406-88C32695466746A2BC4F83EDC1006473","num_area":"12.329700000000000000000000000000","ind_status":"AT"},"geometry":{"type":"Polygon","coordinates":[[[-42.8051,-22.0922],[-42.8036,-22.0936],[-42.8054,-22.0926],[-42.8051,-22.0922]],[[-42.8068,-22.088],[-42.8107,-22.0874],[-42.8075,-22.0877],[-42.8068,-22.088]]]}},{"type":"Feature","properties":{"cod_tema":"AREA_USO_RESTRITO_DECLIVIDADE_25_A_45","cod_imovel":"RJ-3305406-9E709EFA8EBA4018829CAB10AFD46F0C","num_area":"8.3232000000000000000000000000000","ind_status":"AT"},"geometry":{"type":"Polygon","coordinates":[[[-42.7767,-22.017],[-42.776,-22.0147],[-42.7727,-22.0177],[-42.7764,-22.017],[-42.7767,-22.017]]]}},{"type":"Feature","properties":{"cod_tema":"AREA_USO_RESTRITO_DECLIVIDADE_25_A_45","cod_imovel":"RJ-3305406-0B880F02C98D4316871A1605D8DCB894","num_area":"5.4546000000000000000000000000000","ind_status":"AT"},"geometry":{"type":"Polygon","coordinates":[[[-42.7875,-22.0397],[-42.7881,-22.0361],[-42.7875,-22.0396],[-42.7875,-22.0397]],[[-42.7874,-22.0344],[-42.7846,-22.0348],[-42.7874,-22.0345],[-42.7874,-22.0344]]]}},{"type":"Feature","properties":{"cod_tema":"AREA_USO_RESTRITO_DECLIVIDADE_25_A_45","cod_imovel":"RJ-3305406-73AAA3BF56BF4C619F46EAF262C526AC","num_area":"3.8534000000000000000000000000000","ind_status":"AT"},"geometry":{"type":"Polygon","coordinates":[[[-42.7783,-22.1038],[-42.7757,-22.1043],[-42.7817,-22.1041],[-42.7788,-22.1038],[-42.7783,-22.1038]]]}},{"type":"Feature","properties":{"cod_tema":"AREA_USO_RESTRITO_DECLIVIDADE_25_A_45","cod_imovel":"RJ-3305406-099AFC7F0C4B492F900250C5DBEE824A","num_area":"4.8650000000000000000000000000000","ind_status":"AT"},"geometry":{"type":"Polygon","coordinates":[[[-42.7694,-22.0219],[-42.7721,-22.0204],[-42.7694,-22.0218],[-42.7694,-22.0219]]]}},{"type":"Feature","properties":{"cod_tema":"AREA_USO_RESTRITO_DECLIVIDADE_25_A_45","cod_imovel":"RJ-3305406-669F714485CA42A4A224017AD3C8DC67","num_area":"13.204400000000000000000000000000","ind_status":"AT"},"geometry":{"type":"Polygon","coordinates":[[[-42.9399,-22.0443],[-42.9356,-22.0466],[-42.9399,-22.0444],[-42.9399,-22.0443]],[[-42.9424,-22.0461],[-42.9399,-22.0456],[-42.9445,-22.0476],[-42.9424,-22.0461],[-42.9424,-22.0461]]]}},{"type":"Feature","properties":{"cod_tema":"AREA_USO_RESTRITO_DECLIVIDADE_25_A_45","cod_imovel":"RJ-3305406-B7439466F3914CC9A4D98429AA902A7C","num_area":"6.9140000000000000000000000000000","ind_status":"AT"},"geometry":{"type":"Polygon","coordinates":[[[-42.8095,-22.0724],[-42.8076,-22.0699],[-42.8096,-22.073],[-42.8095,-22.0724]],[[-42.8007,-22.0844],[-42.8021,-22.0811],[-42.8005,-22.0843],[-42.8007,-22.0844]]]}},{"type":"Feature","properties":{"cod_tema":"AREA_USO_RESTRITO_DECLIVIDADE_25_A_45","cod_imovel":"RJ-3305406-635D8CA1D73B4A0097105A954659C545","num_area":"5.0826000000000000000000000000000","ind_status":"AT"},"geometry":{"type":"Polygon","coordinates":[[[-42.7783,-22.0168],[-42.7761,-22.0147],[-42.7783,-22.0169],[-42.7783,-22.0168]]]}},{"type":"Feature","properties":{"cod_tema":"AREA_USO_RESTRITO_DECLIVIDADE_25_A_45","cod_imovel":"RJ-3305406-3E92B77544874131B3F48E04006689B7","num_area":"2.0064000000000000000000000000000","ind_status":"AT"},"geometry":{"type":"Polygon","coordinates":[[[-43.0098,-22.0578],[-43.009,-22.0601],[-43.0098,-22.0581],[-43.0098,-22.0578]]]}},{"type":"Feature","properties":{"cod_tema":"AREA_USO_RESTRITO_DECLIVIDADE_25_A_45","cod_imovel":"RJ-3305406-D31E3339FFC64FCDA9ECE8A9893D2CBF","num_area":"3.8073000000000000000000000000000","ind_status":"AT"},"geometry":{"type":"Polygon","coordinates":[[[-42.763,-22.1194],[-42.7603,-22.1185],[-42.763,-22.1194],[-42.763,-22.1194]]]}},{"type":"Feature","properties":{"cod_tema":"AREA_USO_RESTRITO_DECLIVIDADE_25_A_45","cod_imovel":"RJ-3305406-83A8A2624E4D49BEAA623BC0802B22EF","num_area":"8.6734000000000000000000000000000","ind_status":"AT"},"geometry":{"type":"Polygon","coordinates":[[[-42.789,-22.0903],[-42.7869,-22.0957],[-42.789,-22.0905],[-42.789,-22.0903]]]}},{"type":"Feature","properties":{"cod_tema":"AREA_USO_RESTRITO_DECLIVIDADE_25_A_45","cod_imovel":"RJ-3305406-B116E42D8B92473EACAA2642EEB023D4","num_area":"17.578200000000000000000000000000","ind_status":"AT"},"geometry":{"type":"Polygon","coordinates":[[[-42.9828,-22.0508],[-42.9847,-22.0515],[-42.9828,-22.0509],[-42.9828,-22.0508]],[[-42.9763,-22.0451],[-42.9759,-22.0492],[-42.9763,-22.0453],[-42.9763,-22.0451]],[[-42.983,-22.0543],[-42.9853,-22.053],[-42.98,-22.0529],[-42.9827,-22.0542],[-42.983,-22.0543]]]}},{"type":"Feature","properties":{"cod_tema":"AREA_USO_RESTRITO_DECLIVIDADE_25_A_45","cod_imovel":"RJ-3305406-4A36B61914B749148F48A95A6281A01B","num_area":"13.834100000000000000000000000000","ind_status":"AT"},"geometry":{"type":"Polygon","coordinates":[[[-42.7643,-22.02],[-42.7609,-22.0202],[-42.7644,-22.0201],[-42.7643,-22.02]],[[-42.766,-22.0224],[-42.763,-22.0217],[-42.766,-22.0227],[-42.766,-22.0224]],[[-42.7575,-22.0218],[-42.7614,-22.0208],[-42.7593,-22.019],[-42.7575,-22.0218],[-42.7575,-22.0218]]]}},{"type":"Feature","properties":{"cod_tema":"AREA_USO_RESTRITO_DECLIVIDADE_25_A_45","cod_imovel":"RJ-3305406-0A5E51921E4F47ACBB2BD2407CE0DAF0","num_area":"7.5280000000000000000000000000000","ind_status":"AT"},"geometry":{"type":"Polygon","coordinates":[[[-42.7594,-22.0267],[-42.7647,-22.0239],[-42.7598,-22.0266],[-42.7594,-22.0267]]]}},{"type":"Feature","properties":{"cod_tema":"AREA_USO_RESTRITO_DECLIVIDADE_25_A_45","cod_imovel":"RJ-3305406-DCCDB1C87D2B46DD839E39EB34044ADC","num_area":"8.7150000000000000000000000000000","ind_status":"AT"},"geometry":{"type":"Polygon","coordinates":[[[-42.7702,-22.0202],[-42.7654,-22.0216],[-42.7702,-22.0205],[-42.7702,-22.0202]]]}},{"type":"Feature","properties":{"cod_tema":"AREA_USO_RESTRITO_DECLIVIDADE_25_A_45","cod_imovel":"RJ-3305406-221DBF7C54A84446A20023FF3C9CC818","num_area":"64.804300000000000000000000000000","ind_status":"AT"},"geometry":{"type":"Polygon","coordinates":[[[-42.7619,-22.0993],[-42.7644,-22.0965],[-42.7623,-22.0924],[-42.7607,-22.0945],[-42.7619,-22.0993]],[[-42.7471,-22.0634],[-42.7469,-22.0659],[-42.7484,-22.0631],[-42.7471,-22.0634]],[[-42.7658,-22.045],[-42.7608,-22.0482],[-42.7663,-22.0447],[-42.7658,-22.045]],[[-42.7552,-22.0868],[-42.7557,-22.09],[-42.7577,-22.0874],[-42.7564,-22.0835],[-42.7552,-22.0854],[-42.7552,-22.0868]],[[-42.7737,-22.074],[-42.7681,-22.0581],[-42.772,-22.0738],[-42.7696,-22.0759],[-42.7737,-22.074]]]}},{"type":"Feature","properties":{"cod_tema":"AREA_USO_RESTRITO_DECLIVIDADE_25_A_45","cod_imovel":"RJ-3305406-E98ABF624B2B43A1B529285D1F7B3FB7","num_area":"17.390000000000000000000000000000","ind_status":"AT"},"geometry":{"type":"Polygon","coordinates":[[[-42.7908,-22.1092],[-42.7913,-22.1122],[-42.7907,-22.1095],[-42.7908,-22.1092]],[[-42.7859,-22.1089],[-42.7888,-22.1077],[-42.7859,-22.1086],[-42.7859,-22.1089]],[[-42.7917,-22.1093],[-42.7944,-22.1117],[-42.7914,-22.1048],[-42.7915,-22.1086],[-42.7917,-22.1093]]]}},{"type":"Feature","properties":{"cod_tema":"AREA_USO_RESTRITO_DECLIVIDADE_25_A_45","cod_imovel":"RJ-3305406-4FF24A720A924C0A9FC8A8F6131B7D65","num_area":"8.1827000000000000000000000000000","ind_status":"AT"},"geometry":{"type":"Polygon","coordinates":[[[-42.7788,-22.1119],[-42.7777,-22.1153],[-42.7821,-22.1117],[-42.779,-22.1119],[-42.7788,-22.1119]]]}},{"type":"Feature","properties":{"cod_tema":"AREA_USO_RESTRITO_DECLIVIDADE_25_A_45","cod_imovel":"RJ-3305406-881E6B9B10A441BB85DD81EC8D0A1E70","num_area":"17.493300000000000000000000000000","ind_status":"AT"},"geometry":{"type":"Polygon","coordinates":[[[-42.7349,-22.0947],[-42.7385,-22.094],[-42.7349,-22.0941],[-42.7349,-22.0947]],[[-42.7332,-22.0907],[-42.7341,-22.093],[-42.7332,-22.0907],[-42.7332,-22.0907]],[[-42.7326,-22.0891],[-42.7343,-22.086],[-42.7325,-22.0889],[-42.7326,-22.0891]],[[-42.7376,-22.088],[-42.7356,-22.0894],[-42.7371,-22.088],[-42.7376,-22.088]]]}},{"type":"Feature","properties":{"cod_tema":"AREA_USO_RESTRITO_DECLIVIDADE_25_A_45","cod_imovel":"RJ-3305406-60DF4194DDE540C587273F49B77382DF","num_area":"6.2095000000000000000000000000000","ind_status":"AT"},"geometry":{"type":"Polygon","coordinates":[[[-42.7404,-22.0949],[-42.7383,-22.0961],[-42.7401,-22.0949],[-42.7404,-22.0949]],[[-42.7386,-22.094],[-42.7368,-22.0958],[-42.7394,-22.094],[-42.7386,-22.094]]]}},{"type":"Feature","properties":{"cod_tema":"AREA_USO_RESTRITO_DECLIVIDADE_25_A_45","cod_imovel":"RJ-3305406-39BECCB8C0B84FF78F6CB5E91786FA9F","num_area":"2.8711000000000000000000000000000","ind_status":"AT"},"geometry":{"type":"Polygon","coordinates":[[[-42.7645,-22.11],[-42.7623,-22.1109],[-42.7645,-22.1106],[-42.7645,-22.11]]]}},{"type":"Feature","properties":{"cod_tema":"AREA_USO_RESTRITO_DECLIVIDADE_25_A_45","cod_imovel":"RJ-3305406-D258388B8E274599A2405DD841E1A78B","num_area":"19.279300000000000000000000000000","ind_status":"AT"},"geometry":{"type":"Polygon","coordinates":[[[-42.9352,-22.0459],[-42.9327,-22.0471],[-42.9352,-22.046],[-42.9352,-22.0459]],[[-42.9312,-22.0554],[-42.9322,-22.0519],[-42.9312,-22.055],[-42.9312,-22.0554]],[[-42.944,-22.0536],[-42.9453,-22.0566],[-42.945,-22.0539],[-42.944,-22.0536]],[[-42.9314,-22.0512],[-42.9297,-22.0541],[-42.9314,-22.0519],[-42.9314,-22.0512]],[[-42.9322,-22.0474],[-42.9332,-22.0496],[-42.9323,-22.0474],[-42.9322,-22.0474]],[[-42.9364,-22.0489],[-42.9349,-22.0507],[-42.9369,-22.0501],[-42.9364,-22.0489]],[[-42.9333,-22.0546],[-42.9363,-22.0514],[-42.9333,-22.0543],[-42.9333,-22.0546]]]}},{"type":"Feature","properties":{"cod_tema":"AREA_USO_RESTRITO_DECLIVIDADE_25_A_45","cod_imovel":"RJ-3305406-2258A73DA0F24A29A98AD6A0CE565286","num_area":"24.292000000000000000000000000000","ind_status":"AT"},"geometry":{"type":"Polygon","coordinates":[[[-42.7953,-22.1024],[-42.7963,-22.1045],[-42.7987,-22.1022],[-42.7957,-22.1023],[-42.7953,-22.1024]],[[-42.7914,-22.1046],[-42.7936,-22.1038],[-42.7915,-22.1046],[-42.7914,-22.1046]],[[-42.7945,-22.098],[-42.7936,-22.101],[-42.7946,-22.0981],[-42.7945,-22.098]],[[-42.7958,-22.0968],[-42.8013,-22.1],[-42.7957,-22.0965],[-42.7958,-22.0968]]]}},{"type":"Feature","properties":{"cod_tema":"AREA_USO_RESTRITO_DECLIVIDADE_25_A_45","cod_imovel":"RJ-3305406-3CC0A636B1284106813C05A319B0182F","num_area":"13.300200000000000000000000000000","ind_status":"AT"},"geometry":{"type":"Polygon","coordinates":[[[-42.7885,-22.094],[-42.7908,-22.0987],[-42.7945,-22.098],[-42.7898,-22.0922],[-42.7885,-22.094]]]}},{"type":"Feature","properties":{"cod_tema":"AREA_USO_RESTRITO_DECLIVIDADE_25_A_45","cod_imovel":"RJ-3305406-658BFD7ACE00406FA8F2617AD3DC17B3","num_area":"9.7613000000000000000000000000000","ind_status":"AT"},"geometry":{"type":"Polygon","coordinates":[[[-42.7641,-22.1073],[-42.7682,-22.1079],[-42.7641,-22.1075],[-42.7641,-22.1073]]]}},{"type":"Feature","properties":{"cod_tema":"AREA_USO_RESTRITO_DECLIVIDADE_25_A_45","cod_imovel":"RJ-3305406-1113C97DE00840C1BD02D42AF3DFE4C2","num_area":"15.736100000000000000000000000000","ind_status":"AT"},"geometry":{"type":"Polygon","coordinates":[[[-42.9704,-22.0528],[-42.969,-22.0546],[-42.9704,-22.0529],[-42.9704,-22.0528]],[[-42.971,-22.0495],[-42.9692,-22.051],[-42.971,-22.0497],[-42.971,-22.0495]],[[-42.9689,-22.0587],[-42.9668,-22.0591],[-42.9689,-22.0593],[-42.9689,-22.0587]],[[-42.9673,-22.0504],[-42.9702,-22.0517],[-42.9683,-22.05],[-42.9673,-22.0504]]]}},{"type":"Feature","properties":{"cod_tema":"AREA_USO_RESTRITO_DECLIVIDADE_25_A_45","cod_imovel":"RJ-3305406-3C9EE2B783BC4E70BA57B3A4FBA5700F","num_area":"1.9600000000000000000000000000000","ind_status":"AT"},"geometry":{"type":"Polygon","coordinates":[[[-42.7654,-22.0981],[-42.7635,-22.0992],[-42.7654,-22.0983],[-42.7654,-22.0981]]]}},{"type":"Feature","properties":{"cod_tema":"AREA_USO_RESTRITO_DECLIVIDADE_25_A_45","cod_imovel":"RJ-3305406-3B00C087584A4F658D31C1F57DED8934","num_area":"4.3958000000000000000000000000000","ind_status":"AT"},"geometry":{"type":"Polygon","coordinates":[[[-42.9444,-22.0447],[-42.9488,-22.0444],[-42.9449,-22.0447],[-42.9444,-22.0447]]]}},{"type":"Feature","properties":{"cod_tema":"AREA_USO_RESTRITO_DECLIVIDADE_25_A_45","cod_imovel":"RJ-3305406-345F187FAA1240DDAC9CB7CA2FC2D137","num_area":"21.674300000000000000000000000000","ind_status":"AT"},"geometry":{"type":"Polygon","coordinates":[[[-42.9465,-22.0422],[-42.9458,-22.0373],[-42.9465,-22.0422],[-42.9465,-22.0422]],[[-42.9389,-22.04],[-42.9417,-22.0411],[-42.9413,-22.0371],[-42.9395,-22.0388],[-42.9389,-22.04]],[[-42.9419,-22.0412],[-42.9444,-22.042],[-42.9417,-22.0394],[-42.9444,-22.0382],[-42.9431,-22.0362],[-42.9416,-22.041],[-42.9419,-22.0412]]]}},{"type":"Feature","properties":{"cod_tema":"AREA_USO_RESTRITO_DECLIVIDADE_25_A_45","cod_imovel":"RJ-3305406-3F8982691D49437ABC9A1F473803F7F3","num_area":"17.541000000000000000000000000000","ind_status":"AT"},"geometry":{"type":"Polygon","coordinates":[[[-42.8061,-22.1012],[-42.8057,-22.1036],[-42.8061,-22.1014],[-42.8061,-22.1012]],[[-42.8079,-22.0999],[-42.807,-22.103],[-42.8079,-22.1002],[-42.8079,-22.0999]],[[-42.8108,-22.1015],[-42.8082,-22.1005],[-42.8109,-22.1016],[-42.8108,-22.1015]],[[-42.8051,-22.0983],[-42.8021,-22.0986],[-42.805,-22.0983],[-42.8051,-22.0983]]]}},{"type":"Feature","properties":{"cod_tema":"AREA_USO_RESTRITO_DECLIVIDADE_25_A_45","cod_imovel":"RJ-3305406-914B235D364E42D697E8CC28B555E71D","num_area":"25.389800000000000000000000000000","ind_status":"AT"},"geometry":{"type":"Polygon","coordinates":[[[-42.969,-22.0285],[-42.9712,-22.0306],[-42.9691,-22.0334],[-42.972,-22.0304],[-42.9689,-22.0287],[-42.969,-22.0285]],[[-42.9619,-22.0184],[-42.9682,-22.0256],[-42.9683,-22.0226],[-42.9619,-22.0187],[-42.9619,-22.0184]]]}},{"type":"Feature","properties":{"cod_tema":"AREA_USO_RESTRITO_DECLIVIDADE_25_A_45","cod_imovel":"RJ-3305406-F4590D191C7345E39687C84F78275B7D","num_area":"10.682000000000000000000000000000","ind_status":"AT"},"geometry":{"type":"Polygon","coordinates":[[[-42.9985,-22.0564],[-42.9938,-22.0531],[-42.9982,-22.0564],[-42.9985,-22.0564]]]}},{"type":"Feature","properties":{"cod_tema":"AREA_USO_RESTRITO_DECLIVIDADE_25_A_45","cod_imovel":"RJ-3305406-570E0CAD15FD4BAFB3ED394299127EF0","num_area":"12.915000000000000000000000000000","ind_status":"AT"},"geometry":{"type":"Polygon","coordinates":[[[-42.96,-22.0592],[-42.9552,-22.0573],[-42.9593,-22.0599],[-42.96,-22.0592]],[[-42.954,-22.0568],[-42.9573,-22.0613],[-42.954,-22.0569],[-42.954,-22.0568]]]}},{"type":"Feature","properties":{"cod_tema":"AREA_USO_RESTRITO_DECLIVIDADE_25_A_45","cod_imovel":"RJ-3305406-C9EE1E05C29148AA936CCD653CBE9C8A","num_area":"14.579900000000000000000000000000","ind_status":"AT"},"geometry":{"type":"Polygon","coordinates":[[[-42.9534,-22.0567],[-42.9488,-22.0554],[-42.9466,-22.0583],[-42.9532,-22.0571],[-42.9534,-22.0567]]]}},{"type":"Feature","properties":{"cod_tema":"AREA_USO_RESTRITO_DECLIVIDADE_25_A_45","cod_imovel":"RJ-3305406-A4F79C30F66340CE96E0614EF68B7083","num_area":"12.184100000000000000000000000000","ind_status":"AT"},"geometry":{"type":"Polygon","coordinates":[[[-42.953,-22.046],[-42.9526,-22.0414],[-42.9516,-22.0457],[-42.953,-22.046]]]}},{"type":"Feature","properties":{"cod_tema":"AREA_USO_RESTRITO_DECLIVIDADE_25_A_45","cod_imovel":"RJ-3305406-822A4567606A4900AF51CCA6B97163A8","num_area":"80.043700000000000000000000000000","ind_status":"AT"},"geometry":{"type":"Polygon","coordinates":[[[-42.9615,-22.0774],[-42.9598,-22.0729],[-42.9615,-22.0774],[-42.9615,-22.0774]],[[-42.961,-22.0675],[-42.9614,-22.0696],[-42.961,-22.0677],[-42.961,-22.0675]],[[-42.962,-22.0709],[-42.9613,-22.0734],[-42.962,-22.0711],[-42.962,-22.0709]],[[-42.9606,-22.0591],[-42.9627,-22.0613],[-42.9606,-22.0591],[-42.9606,-22.0591]],[[-42.9623,-22.0766],[-42.9617,-22.0745],[-42.9623,-22.0765],[-42.9623,-22.0766]],[[-42.9645,-22.0709],[-42.9652,-22.0737],[-42.9645,-22.0711],[-42.9645,-22.0709]],[[-42.9582,-22.0619],[-42.9603,-22.0637],[-42.9642,-22.0606],[-42.959,-22.0609],[-42.9582,-22.0619]],[[-42.9562,-22.0674],[-42.9577,-22.0737],[-42.9596,-22.0705],[-42.9564,-22.0674],[-42.9562,-22.0674]],[[-42.9719,-22.068],[-42.9675,-22.0614],[-42.9694,-22.0663],[-42.9652,-22.0623],[-42.9617,-22.0637],[-42.9629,-22.0709],[-42.9659,-22.0681],[-42.9636,-22.0644],[-42.9719,-22.0671],[-42.9719,-22.068]]]}},{"type":"Feature","properties":{"cod_tema":"AREA_USO_RESTRITO_DECLIVIDADE_25_A_45","cod_imovel":"RJ-3305406-17AF9528C37F47C28B2BF84AA73875E6","num_area":"24.238200000000000000000000000000","ind_status":"AT"},"geometry":{"type":"Polygon","coordinates":[[[-42.7743,-22.0154],[-42.7705,-22.0095],[-42.7683,-22.0128],[-42.7722,-22.0108],[-42.7708,-22.0139],[-42.7741,-22.0154],[-42.7743,-22.0154]],[[-42.7666,-22.0113],[-42.7683,-22.0144],[-42.7668,-22.0112],[-42.7666,-22.0113]]]}},{"type":"Feature","properties":{"cod_tema":"AREA_USO_RESTRITO_DECLIVIDADE_25_A_45","cod_imovel":"RJ-3305406-CF5B47B70C54446187409088FBEE1178","num_area":"10.925100000000000000000000000000","ind_status":"AT"},"geometry":{"type":"Polygon","coordinates":[[[-42.7821,-22.031],[-42.7841,-22.0318],[-42.7811,-22.031],[-42.7821,-22.031]],[[-42.7857,-22.0218],[-42.786,-22.0249],[-42.7894,-22.0228],[-42.7866,-22.0217],[-42.7857,-22.0218]]]}},{"type":"Feature","properties":{"cod_tema":"AREA_USO_RESTRITO_DECLIVIDADE_25_A_45","cod_imovel":"RJ-3305406-F81B3CD78AC24DF998E39D927694266C","num_area":"12.563400000000000000000000000000","ind_status":"AT"},"geometry":{"type":"Polygon","coordinates":[[[-42.7869,-22.1032],[-42.785,-22.1049],[-42.7914,-22.1027],[-42.787,-22.1031],[-42.7869,-22.1032]]]}},{"type":"Feature","properties":{"cod_tema":"AREA_USO_RESTRITO_DECLIVIDADE_25_A_45","cod_imovel":"RJ-3305406-A0A4EBF8502E447A8EE063EB682E483F","num_area":"10.928800000000000000000000000000","ind_status":"AT"},"geometry":{"type":"Polygon","coordinates":[[[-42.7788,-22.0334],[-42.7766,-22.0336],[-42.7791,-22.034],[-42.7788,-22.0334]],[[-42.7751,-22.0389],[-42.7777,-22.0363],[-42.7756,-22.0379],[-42.7751,-22.0389]],[[-42.7768,-22.034],[-42.7752,-22.0292],[-42.7767,-22.0344],[-42.7768,-22.034]]]}},{"type":"Feature","properties":{"cod_tema":"AREA_USO_RESTRITO_DECLIVIDADE_25_A_45","cod_imovel":"RJ-3305406-B21358C8805442F8B064D7B62451B45F","num_area":"23.017100000000000000000000000000","ind_status":"AT"},"geometry":{"type":"Polygon","coordinates":[[[-42.7607,-22.0352],[-42.7609,-22.0383],[-42.7648,-22.037],[-42.763,-22.0313],[-42.7621,-22.0373],[-42.7612,-22.0355],[-42.7607,-22.0352]],[[-42.7669,-22.0314],[-42.7702,-22.0284],[-42.7676,-22.0303],[-42.7669,-22.0314]]]}},{"type":"Feature","properties":{"cod_tema":"AREA_USO_RESTRITO_DECLIVIDADE_25_A_45","cod_imovel":"RJ-3305406-43E26CCF4F6F4A239587B2DF54B0B846","num_area":"15.023900000000000000000000000000","ind_status":"AT"},"geometry":{"type":"Polygon","coordinates":[[[-42.7721,-22.0404],[-42.7749,-22.0322],[-42.7718,-22.0395],[-42.7721,-22.0404]],[[-42.7687,-22.0381],[-42.7696,-22.034],[-42.7689,-22.0379],[-42.7687,-22.0381]]]}},{"type":"Feature","properties":{"cod_tema":"AREA_USO_RESTRITO_DECLIVIDADE_25_A_45","cod_imovel":"RJ-3305406-06440340C7AB4C5FB68C785967A8805A","num_area":"7.2730000000000000000000000000000","ind_status":"AT"},"geometry":{"type":"Polygon","coordinates":[[[-42.7728,-22.1205],[-42.7698,-22.1163],[-42.7726,-22.1205],[-42.7728,-22.1205]]]}},{"type":"Feature","properties":{"cod_tema":"AREA_USO_RESTRITO_DECLIVIDADE_25_A_45","cod_imovel":"RJ-3305406-9B061F58F19945ED87B4147269E8B79B","num_area":"14.116800000000000000000000000000","ind_status":"AT"},"geometry":{"type":"Polygon","coordinates":[[[-42.744,-22.0525],[-42.7469,-22.0504],[-42.7439,-22.0522],[-42.744,-22.0525]],[[-42.7472,-22.0452],[-42.7496,-22.0446],[-42.7468,-22.0453],[-42.7472,-22.0452]],[[-42.7465,-22.0525],[-42.7505,-22.0469],[-42.748,-22.0466],[-42.7464,-22.0519],[-42.7465,-22.0525]]]}},{"type":"Feature","properties":{"cod_tema":"AREA_USO_RESTRITO_DECLIVIDADE_25_A_45","cod_imovel":"RJ-3305406-178B09F0FAEF4914AA887ADE9E179BD4","num_area":"16.884000000000000000000000000000","ind_status":"AT"},"geometry":{"type":"Polygon","coordinates":[[[-42.7613,-22.019],[-42.7688,-22.0186],[-42.7614,-22.019],[-42.7613,-22.019]],[[-42.7614,-22.0166],[-42.7637,-22.0175],[-42.7621,-22.0162],[-42.7614,-22.0166]],[[-42.7675,-22.0185],[-42.7644,-22.0165],[-42.767,-22.0184],[-42.7675,-22.0185]]]}},{"type":"Feature","properties":{"cod_tema":"AREA_USO_RESTRITO_DECLIVIDADE_25_A_45","cod_imovel":"RJ-3305406-4BC3402CA9C14D458A3A9F53267BE1D1","num_area":"7.4150000000000000000000000000000","ind_status":"AT"},"geometry":{"type":"Polygon","coordinates":[[[-42.9475,-22.035],[-42.9448,-22.0337],[-42.9464,-22.0356],[-42.9475,-22.035]]]}},{"type":"Feature","properties":{"cod_tema":"AREA_USO_RESTRITO_DECLIVIDADE_25_A_45","cod_imovel":"RJ-3305406-FD70CC5351F547C5800FF32613077C11","num_area":"9.0915000000000000000000000000000","ind_status":"AT"},"geometry":{"type":"Polygon","coordinates":[[[-42.7434,-22.0708],[-42.7457,-22.0719],[-42.7438,-22.0699],[-42.7434,-22.0708]],[[-42.7424,-22.0702],[-42.74,-22.0719],[-42.7427,-22.0694],[-42.7424,-22.0702]]]}},{"type":"Feature","properties":{"cod_tema":"AREA_USO_RESTRITO_DECLIVIDADE_25_A_45","cod_imovel":"RJ-3305406-513647225AAA4B8B80E2ED2B79384897","num_area":"34.429300000000000000000000000000","ind_status":"AT"},"geometry":{"type":"Polygon","coordinates":[[[-42.7353,-22.0351],[-42.74,-22.0366],[-42.7416,-22.0352],[-42.7385,-22.0347],[-42.7459,-22.0314],[-42.738,-22.0316],[-42.7356,-22.0357],[-42.7353,-22.0351]]]}},{"type":"Feature","properties":{"cod_tema":"AREA_USO_RESTRITO_DECLIVIDADE_25_A_45","cod_imovel":"RJ-3305406-535B0A90C8984EDE87567C0829F2D327","num_area":"44.103600000000000000000000000000","ind_status":"AT"},"geometry":{"type":"Polygon","coordinates":[[[-42.6927,-21.9142],[-42.6919,-21.9121],[-42.6926,-21.9141],[-42.6927,-21.9142]],[[-42.687,-21.9187],[-42.6894,-21.9178],[-42.6872,-21.9182],[-42.687,-21.9187]],[[-42.6904,-21.9149],[-42.6882,-21.9134],[-42.6903,-21.9148],[-42.6904,-21.9149]],[[-42.6764,-21.9277],[-42.6798,-21.9257],[-42.6765,-21.9274],[-42.6764,-21.9277]],[[-42.684,-21.9206],[-42.6872,-21.9198],[-42.6835,-21.9182],[-42.6839,-21.9206],[-42.684,-21.9206]],[[-42.6784,-21.9218],[-42.6802,-21.9157],[-42.6758,-21.9211],[-42.6784,-21.9215],[-42.6784,-21.9218]],[[-42.674,-21.9302],[-42.6723,-21.9249],[-42.6754,-21.9214],[-42.6714,-21.9245],[-42.6734,-21.9299],[-42.674,-21.9302]]]}},{"type":"Feature","properties":{"cod_tema":"AREA_USO_RESTRITO_DECLIVIDADE_25_A_45","cod_imovel":"RJ-3305406-12F6B1A784D44B568B0B8D7F62D7F8AE","num_area":"1.2611000000000000000000000000000","ind_status":"AT"},"geometry":{"type":"Polygon","coordinates":[[[-42.869,-22.1442],[-42.8707,-22.1428],[-42.869,-22.1442],[-42.869,-22.1442]]]}},{"type":"Feature","properties":{"cod_tema":"AREA_USO_RESTRITO_DECLIVIDADE_25_A_45","cod_imovel":"RJ-3305406-568C90D2D8D445CB99BC9F806F714114","num_area":"7.9361000000000000000000000000000","ind_status":"AT"},"geometry":{"type":"Polygon","coordinates":[[[-43.0009,-22.0484],[-43.005,-22.0512],[-43.0058,-22.0492],[-43.0013,-22.0475],[-43.0009,-22.0484]]]}},{"type":"Feature","properties":{"cod_tema":"AREA_USO_RESTRITO_DECLIVIDADE_25_A_45","cod_imovel":"RJ-3305406-55E3ECC6A5BA44AE88B8AD61ACC67C99","num_area":"6.5621000000000000000000000000000","ind_status":"AT"},"geometry":{"type":"Polygon","coordinates":[[[-42.6738,-21.9349],[-42.6768,-21.9359],[-42.674,-21.9343],[-42.6738,-21.9349]]]}},{"type":"Feature","properties":{"cod_tema":"AREA_USO_RESTRITO_DECLIVIDADE_25_A_45","cod_imovel":"RJ-3305406-6E242396332A49DDB03C1AF8D6DC5FA7","num_area":"10.418300000000000000000000000000","ind_status":"AT"},"geometry":{"type":"Polygon","coordinates":[[[-42.6998,-21.9112],[-42.7024,-21.9102],[-42.6999,-21.9108],[-42.6998,-21.9112]],[[-42.7073,-21.9082],[-42.7116,-21.9046],[-42.7075,-21.9077],[-42.7073,-21.9082]]]}},{"type":"Feature","properties":{"cod_tema":"AREA_USO_RESTRITO_DECLIVIDADE_25_A_45","cod_imovel":"RJ-3305406-66E80B50843F4368B5EE3C9F82D1056D","num_area":"14.144600000000000000000000000000","ind_status":"CA"},"geometry":{"type":"Polygon","coordinates":[[[-42.7657,-22.0121],[-42.7638,-22.0093],[-42.7657,-22.0121],[-42.7657,-22.0121]],[[-42.7683,-22.0105],[-42.7711,-22.0056],[-42.7667,-22.0073],[-42.7682,-22.0105],[-42.7683,-22.0105]]]}},{"type":"Feature","properties":{"cod_tema":"AREA_USO_RESTRITO_DECLIVIDADE_25_A_45","cod_imovel":"RJ-3305406-0A6C90550E09491ABA514ECBF1AE75E7","num_area":"8.5213000000000000000000000000000","ind_status":"CA"},"geometry":{"type":"Polygon","coordinates":[[[-42.7639,-21.9355],[-42.7644,-21.9329],[-42.7634,-21.9353],[-42.7639,-21.9355]],[[-42.766,-21.9361],[-42.7705,-21.9357],[-42.766,-21.9358],[-42.766,-21.9361]]]}},{"type":"Feature","properties":{"cod_tema":"AREA_USO_RESTRITO_DECLIVIDADE_25_A_45","cod_imovel":"RJ-3305406-0308C384920747509D2E86424B089B49","num_area":"57.523300000000000000000000000000","ind_status":"AT"},"geometry":{"type":"Polygon","coordinates":[[[-42.7737,-21.99],[-42.7712,-21.9884],[-42.7736,-21.9901],[-42.7737,-21.99]],[[-42.7726,-21.9776],[-42.7702,-21.9806],[-42.7726,-21.9778],[-42.7726,-21.9776]],[[-42.7818,-21.9844],[-42.781,-21.981],[-42.7814,-21.9844],[-42.7818,-21.9844]],[[-42.7626,-21.9852],[-42.7651,-21.9862],[-42.7665,-21.9831],[-42.7628,-21.9852],[-42.7626,-21.9852]],[[-42.7698,-21.9917],[-42.7731,-21.991],[-42.7679,-21.9876],[-42.7696,-21.9917],[-42.7698,-21.9917]],[[-42.7757,-21.9875],[-42.7793,-21.9818],[-42.7723,-21.9799],[-42.7769,-21.9824],[-42.7736,-21.985],[-42.7754,-21.9879],[-42.7757,-21.9875]]]}},{"type":"Feature","properties":{"cod_tema":"AREA_USO_RESTRITO_DECLIVIDADE_25_A_45","cod_imovel":"RJ-3305406-EDA16311AB4045B8A8160688DEB34CB7","num_area":"9.2554000000000000000000000000000","ind_status":"AT"},"geometry":{"type":"Polygon","coordinates":[[[-42.8489,-21.9969],[-42.8449,-21.9973],[-42.8491,-22.0],[-42.8507,-21.9969],[-42.8489,-21.9969]]]}},{"type":"Feature","properties":{"cod_tema":"AREA_USO_RESTRITO_DECLIVIDADE_25_A_45","cod_imovel":"RJ-3305406-8B7CA57A01984917A2BCCAB728B62668","num_area":"6.1440000000000000000000000000000","ind_status":"AT"},"geometry":{"type":"Polygon","coordinates":[[[-42.7877,-22.0144],[-42.786,-22.0117],[-42.7876,-22.0144],[-42.7877,-22.0144]]]}},{"type":"Feature","properties":{"cod_tema":"AREA_USO_RESTRITO_DECLIVIDADE_25_A_45","cod_imovel":"RJ-3305406-6F0BFCBF25FF4CF5A9EDC9D5F65A4D40","num_area":"5.6182000000000000000000000000000","ind_status":"AT"},"geometry":{"type":"Polygon","coordinates":[[[-42.7977,-21.9777],[-42.7931,-21.98],[-42.7976,-21.9782],[-42.7977,-21.9777]]]}},{"type":"Feature","properties":{"cod_tema":"AREA_USO_RESTRITO_DECLIVIDADE_25_A_45","cod_imovel":"RJ-3305406-932557B236BF44B9850499F3AA9D1D9A","num_area":"32.941400000000000000000000000000","ind_status":"AT"},"geometry":{"type":"Polygon","coordinates":[[[-42.9746,-22.0718],[-42.978,-22.0709],[-42.9777,-22.0678],[-42.9748,-22.0698],[-42.9748,-22.0648],[-42.9719,-22.0673],[-42.9745,-22.0717],[-42.9746,-22.0718]],[[-42.9757,-22.0638],[-42.9783,-22.0655],[-42.9803,-22.063],[-42.9762,-22.0639],[-42.9757,-22.0638]]]}},{"type":"Feature","properties":{"cod_tema":"AREA_USO_RESTRITO_DECLIVIDADE_25_A_45","cod_imovel":"RJ-3305406-FFD1AC0FF8784EED986050B7D6E668A7","num_area":"16.549300000000000000000000000000","ind_status":"AT"},"geometry":{"type":"Polygon","coordinates":[[[-42.7532,-22.024],[-42.7579,-22.0266],[-42.7577,-22.0218],[-42.7539,-22.0234],[-42.7537,-22.0201],[-42.7533,-22.024],[-42.7532,-22.024]]]}},{"type":"Feature","properties":{"cod_tema":"AREA_USO_RESTRITO_DECLIVIDADE_25_A_45","cod_imovel":"RJ-3305406-783BE90296944439A0C3F8659C20D410","num_area":"13.513400000000000000000000000000","ind_status":"AT"},"geometry":{"type":"Polygon","coordinates":[[[-42.78,-21.9306],[-42.7741,-21.929],[-42.7799,-21.9306],[-42.78,-21.9306]],[[-42.7806,-21.9292],[-42.7774,-21.9276],[-42.7795,-21.9288],[-42.7806,-21.9292]]]}},{"type":"Feature","properties":{"cod_tema":"AREA_USO_RESTRITO_DECLIVIDADE_25_A_45","cod_imovel":"RJ-3305406-6ED9F158557E48F5A1A6FE6343E7A979","num_area":"3.1525000000000000000000000000000","ind_status":"AT"},"geometry":{"type":"Polygon","coordinates":[[[-42.8644,-22.0543],[-42.8637,-22.0563],[-42.8644,-22.0543],[-42.8644,-22.0543]]]}},{"type":"Feature","properties":{"cod_tema":"AREA_USO_RESTRITO_DECLIVIDADE_25_A_45","cod_imovel":"RJ-3305406-53F4BB4D40F44F578A3669D55F59544F","num_area":"34.379400000000000000000000000000","ind_status":"AT"},"geometry":{"type":"Polygon","coordinates":[[[-42.8262,-22.0041],[-42.8307,-22.0042],[-42.8263,-22.0042],[-42.8262,-22.0041]],[[-42.832,-22.0127],[-42.8349,-22.0087],[-42.8251,-22.0053],[-42.8248,-22.0085],[-42.8336,-22.0115],[-42.832,-22.0127],[-42.832,-22.0127]]]}},{"type":"Feature","properties":{"cod_tema":"AREA_USO_RESTRITO_DECLIVIDADE_25_A_45","cod_imovel":"RJ-3305406-288830E0530349BC90ADD0F0696BC8BE","num_area":"68.528400000000000000000000000000","ind_status":"AT"},"geometry":{"type":"Polygon","coordinates":[[[-42.8793,-22.036],[-42.873,-22.0355],[-42.879,-22.0363],[-42.8793,-22.036]],[[-42.8668,-22.0233],[-42.8695,-22.0239],[-42.8673,-22.0233],[-42.8668,-22.0233]],[[-42.8704,-22.0209],[-42.87,-22.0235],[-42.8714,-22.0214],[-42.8704,-22.0209]],[[-42.8693,-22.0205],[-42.8662,-22.023],[-42.8695,-22.0205],[-42.8693,-22.0205]],[[-42.8748,-22.038],[-42.877,-22.0373],[-42.8747,-22.0378],[-42.8748,-22.038]],[[-42.8818,-22.0244],[-42.8746,-22.0299],[-42.8781,-22.0323],[-42.8821,-22.0247],[-42.8818,-22.0244]],[[-42.8797,-22.0263],[-42.8775,-22.029],[-42.8795,-22.0263],[-42.8797,-22.0263]],[[-42.8706,-22.028],[-42.8699,-22.0351],[-42.8722,-22.0356],[-42.8715,-22.0309],[-42.8754,-22.0274],[-42.8714,-22.025],[-42.8706,-22.0284],[-42.8706,-22.028]]]}},{"type":"Feature","properties":{"cod_tema":"AREA_USO_RESTRITO_DECLIVIDADE_25_A_45","cod_imovel":"RJ-3305406-CF4FB73C83654771978250AE83C5FF0C","num_area":"16.370400000000000000000000000000","ind_status":"AT"},"geometry":{"type":"Polygon","coordinates":[[[-42.8174,-22.1114],[-42.8135,-22.1141],[-42.8183,-22.1144],[-42.8174,-22.1115],[-42.8174,-22.1114]]]}},{"type":"Feature","properties":{"cod_tema":"AREA_USO_RESTRITO_DECLIVIDADE_25_A_45","cod_imovel":"RJ-3305406-19713E588A5644678A52468A34BC1290","num_area":"21.970600000000000000000000000000","ind_status":"AT"},"geometry":{"type":"Polygon","coordinates":[[[-42.7701,-22.0262],[-42.7657,-22.0299],[-42.7701,-22.0263],[-42.7701,-22.0262]],[[-42.7713,-22.0222],[-42.7629,-22.0281],[-42.7657,-22.0295],[-42.7656,-22.0257],[-42.7713,-22.0227],[-42.7713,-22.0222]]]}},{"type":"Feature","properties":{"cod_tema":"AREA_USO_RESTRITO_DECLIVIDADE_25_A_45","cod_imovel":"RJ-3305406-9D4EBF77E9324C6DBF3E1691F0591B39","num_area":"50.368600000000000000000000000000","ind_status":"AT"},"geometry":{"type":"Polygon","coordinates":[[[-42.7627,-21.9379],[-42.7595,-21.9388],[-42.7608,-21.9417],[-42.7629,-21.9379],[-42.7627,-21.9379]],[[-42.7598,-21.9368],[-42.7634,-21.9303],[-42.7597,-21.9365],[-42.7598,-21.9368]],[[-42.7691,-21.9458],[-42.7681,-21.9401],[-42.7654,-21.9393],[-42.7671,-21.9441],[-42.7614,-21.9419],[-42.7686,-21.9458],[-42.7691,-21.9458]],[[-42.7686,-21.9275],[-42.7674,-21.9229],[-42.7682,-21.9277],[-42.7686,-21.9275]]]}},{"type":"Feature","properties":{"cod_tema":"AREA_USO_RESTRITO_DECLIVIDADE_25_A_45","cod_imovel":"RJ-3305406-5201A43E742A4E488BBD6A8539229FBD","num_area":"11.672000000000000000000000000000","ind_status":"AT"},"geometry":{"type":"Polygon","coordinates":[[[-42.6867,-21.9201],[-42.6829,-21.919],[-42.6847,-21.9223],[-42.6892,-21.922],[-42.6846,-21.92],[-42.6867,-21.9201]]]}},{"type":"Feature","properties":{"cod_tema":"AREA_USO_RESTRITO_DECLIVIDADE_25_A_45","cod_imovel":"RJ-3305406-18899366D9574E8894FCC778DE41E495","num_area":"26.492600000000000000000000000000","ind_status":"AT"},"geometry":{"type":"Polygon","coordinates":[[[-42.9896,-22.0855],[-42.986,-22.0873],[-42.9889,-22.0855],[-42.9896,-22.0855]],[[-42.9845,-22.0912],[-42.983,-22.0894],[-42.9843,-22.0912],[-42.9845,-22.0912]],[[-42.9864,-22.0819],[-42.987,-22.0848],[-42.9864,-22.082],[-42.9864,-22.0819]],[[-42.9838,-22.0844],[-42.981,-22.0919],[-42.9848,-22.0882],[-42.9838,-22.0845],[-42.9838,-22.0844]]]}},{"type":"Feature","properties":{"cod_tema":"AREA_USO_RESTRITO_DECLIVIDADE_25_A_45","cod_imovel":"RJ-3305406-BEDF85194DD5439CAB7CFAD27C276A6B","num_area":"3.6137000000000000000000000000000","ind_status":"AT"},"geometry":{"type":"Polygon","coordinates":[[[-42.917,-22.0915],[-42.9202,-22.0931],[-42.9177,-22.0915],[-42.917,-22.0915]]]}},{"type":"Feature","properties":{"cod_tema":"AREA_USO_RESTRITO_DECLIVIDADE_25_A_45","cod_imovel":"RJ-3305406-F3602955F75E4DA9B91E373A96347F2F","num_area":"3.9144000000000000000000000000000","ind_status":"AT"},"geometry":{"type":"Polygon","coordinates":[[[-42.7999,-22.0293],[-42.8028,-22.0293],[-42.8,-22.0293],[-42.7999,-22.0293]]]}},{"type":"Feature","properties":{"cod_tema":"AREA_USO_RESTRITO_DECLIVIDADE_25_A_45","cod_imovel":"RJ-3305406-70321B7A4F66410B8046F13C377DFA23","num_area":"12.791700000000000000000000000000","ind_status":"AT"},"geometry":{"type":"Polygon","coordinates":[[[-42.8922,-21.9958],[-42.892,-21.9925],[-42.8922,-21.9954],[-42.8922,-21.9958]],[[-42.8868,-21.9894],[-42.8845,-21.9894],[-42.8869,-21.9894],[-42.8868,-21.9894]],[[-42.8885,-21.9947],[-42.8908,-21.9927],[-42.8882,-21.9909],[-42.8885,-21.9945],[-42.8885,-21.9947]]]}},{"type":"Feature","properties":{"cod_tema":"AREA_USO_RESTRITO_DECLIVIDADE_25_A_45","cod_imovel":"RJ-3305406-03907F152CD9434BB009BD68DC1460A7","num_area":"5.8714000000000000000000000000000","ind_status":"AT"},"geometry":{"type":"Polygon","coordinates":[[[-42.9954,-22.071],[-42.9922,-22.0713],[-42.9953,-22.071],[-42.9954,-22.071]]]}},{"type":"Feature","properties":{"cod_tema":"AREA_USO_RESTRITO_DECLIVIDADE_25_A_45","cod_imovel":"RJ-3305406-CA468CCFB25F4B7BB9C803E77BA4FEDD","num_area":"5.8247000000000000000000000000000","ind_status":"AT"},"geometry":{"type":"Polygon","coordinates":[[[-42.8711,-22.1436],[-42.867,-22.1463],[-42.8711,-22.1436],[-42.8711,-22.1436]]]}},{"type":"Feature","properties":{"cod_tema":"AREA_USO_RESTRITO_DECLIVIDADE_25_A_45","cod_imovel":"RJ-3305406-E86581834266439DB2CF909CBE045AA7","num_area":"10.618600000000000000000000000000","ind_status":"AT"},"geometry":{"type":"Polygon","coordinates":[[[-42.8445,-22.0066],[-42.8474,-22.0121],[-42.8449,-22.0068],[-42.8445,-22.0066]]]}},{"type":"Feature","properties":{"cod_tema":"AREA_USO_RESTRITO_DECLIVIDADE_25_A_45","cod_imovel":"RJ-3305406-CC7ECD970DDB42BDA4D30627A205F6BC","num_area":"1.4312000000000000000000000000000","ind_status":"AT"},"geometry":{"type":"Polygon","coordinates":[[[-42.9971,-22.0716],[-42.9991,-22.0701],[-42.9969,-22.0716],[-42.9971,-22.0716]]]}},{"type":"Feature","properties":{"cod_tema":"AREA_USO_RESTRITO_DECLIVIDADE_25_A_45","cod_imovel":"RJ-3305406-E380371AEBEF4026B15FB677F7D7B9FA","num_area":"5.5508000000000000000000000000000","ind_status":"AT"},"geometry":{"type":"Polygon","coordinates":[[[-42.8833,-22.0229],[-42.8807,-22.0219],[-42.8829,-22.0237],[-42.8833,-22.0229]]]}},{"type":"Feature","properties":{"cod_tema":"AREA_USO_RESTRITO_DECLIVIDADE_25_A_45","cod_imovel":"RJ-3305406-8FDB22E08A7349B99B5384F39E88842B","num_area":"13.362000000000000000000000000000","ind_status":"AT"},"geometry":{"type":"Polygon","coordinates":[[[-42.9555,-22.0292],[-42.9615,-22.0299],[-42.9615,-22.0272],[-42.9569,-22.0292],[-42.9555,-22.0292]]]}},{"type":"Feature","properties":{"cod_tema":"AREA_USO_RESTRITO_DECLIVIDADE_25_A_45","cod_imovel":"RJ-3305406-E153E41FB3C642669CEA4A19BA00A726","num_area":"18.571400000000000000000000000000","ind_status":"AT"},"geometry":{"type":"Polygon","coordinates":[[[-42.7706,-21.9775],[-42.7743,-21.9752],[-42.7706,-21.9766],[-42.7706,-21.9775]],[[-42.7698,-21.9639],[-42.7703,-21.9671],[-42.7702,-21.9639],[-42.7698,-21.9639]],[[-42.7671,-21.9646],[-42.7695,-21.9667],[-42.7682,-21.9643],[-42.7671,-21.9646]],[[-42.7646,-21.9752],[-42.7671,-21.9707],[-42.7659,-21.9734],[-42.7646,-21.9752]]]}},{"type":"Feature","properties":{"cod_tema":"AREA_USO_RESTRITO_DECLIVIDADE_25_A_45","cod_imovel":"RJ-3305406-929C4F4E67AD43EF919B5EFF2F0436E8","num_area":"6.0246000000000000000000000000000","ind_status":"AT"},"geometry":{"type":"Polygon","coordinates":[[[-42.815,-22.1008],[-42.8131,-22.1031],[-42.8166,-22.1014],[-42.815,-22.1008]]]}},{"type":"Feature","properties":{"cod_tema":"AREA_USO_RESTRITO_DECLIVIDADE_25_A_45","cod_imovel":"RJ-3305406-A1FC54CF48FA47E39C099768E4EE8F8E","num_area":"32.958200000000000000000000000000","ind_status":"AT"},"geometry":{"type":"Polygon","coordinates":[[[-42.7846,-22.0187],[-42.7878,-22.0195],[-42.7854,-22.0133],[-42.7853,-22.0188],[-42.7846,-22.0187]],[[-42.7762,-22.0147],[-42.7795,-22.0163],[-42.7852,-22.0108],[-42.7774,-22.0147],[-42.7762,-22.0147]]]}},{"type":"Feature","properties":{"cod_tema":"AREA_USO_RESTRITO_DECLIVIDADE_25_A_45","cod_imovel":"RJ-3305406-E2778C39D51441F2BCDBC741C890FDC2","num_area":"5.0761000000000000000000000000000","ind_status":"AT"},"geometry":{"type":"Polygon","coordinates":[[[-42.8461,-22.1086],[-42.8505,-22.1074],[-42.8465,-22.1086],[-42.8461,-22.1086]]]}},{"type":"Feature","properties":{"cod_tema":"AREA_USO_RESTRITO_DECLIVIDADE_25_A_45","cod_imovel":"RJ-3305406-FAB23A99785C45FE9113AA9C7257ED34","num_area":"2.3167000000000000000000000000000","ind_status":"AT"},"geometry":{"type":"Polygon","coordinates":[[[-42.7903,-22.0165],[-42.7902,-22.0143],[-42.7896,-22.0165],[-42.7903,-22.0165]]]}},{"type":"Feature","properties":{"cod_tema":"AREA_USO_RESTRITO_DECLIVIDADE_25_A_45","cod_imovel":"RJ-3305406-6A22D2A9216B4A98B71B328A868A87A0","num_area":"8.7433000000000000000000000000000","ind_status":"CA"},"geometry":{"type":"Polygon","coordinates":[[[-42.9173,-22.0648],[-42.92,-22.0639],[-42.9169,-22.0645],[-42.9173,-22.0648]],[[-42.9134,-22.0629],[-42.9141,-22.0605],[-42.9132,-22.0628],[-42.9134,-22.0629]]]}},{"type":"Feature","properties":{"cod_tema":"AREA_USO_RESTRITO_DECLIVIDADE_25_A_45","cod_imovel":"RJ-3305406-B0CA2C3BB9CB4FDCA5C32A84CB75B054","num_area":"14.770600000000000000000000000000","ind_status":"AT"},"geometry":{"type":"Polygon","coordinates":[[[-42.8432,-22.0032],[-42.8433,-22.0083],[-42.8463,-22.0041],[-42.8431,-22.0032],[-42.8432,-22.0032]],[[-42.8422,-22.0014],[-42.8471,-22.0013],[-42.8423,-22.0008],[-42.8422,-22.0014]],[[-42.8422,-22.0026],[-42.8419,-22.0006],[-42.8417,-22.0032],[-42.8422,-22.0026]]]}},{"type":"Feature","properties":{"cod_tema":"AREA_USO_RESTRITO_DECLIVIDADE_25_A_45","cod_imovel":"RJ-3305406-302EFC15BD3848AC85E3730895849E0F","num_area":"12.112800000000000000000000000000","ind_status":"AT"},"geometry":{"type":"Polygon","coordinates":[[[-42.8787,-21.9852],[-42.8838,-21.9875],[-42.8788,-21.985],[-42.8787,-21.9852]]]}},{"type":"Feature","properties":{"cod_tema":"AREA_USO_RESTRITO_DECLIVIDADE_25_A_45","cod_imovel":"RJ-3305406-C2E133D8AC61453D8A0CDFD3CCE56AFF","num_area":"14.401400000000000000000000000000","ind_status":"AT"},"geometry":{"type":"Polygon","coordinates":[[[-42.9144,-22.0602],[-42.9136,-22.0633],[-42.9145,-22.0602],[-42.9144,-22.0602]],[[-42.9165,-22.065],[-42.9206,-22.0641],[-42.9165,-22.0646],[-42.9165,-22.065]]]}},{"type":"Feature","properties":{"cod_tema":"AREA_USO_RESTRITO_DECLIVIDADE_25_A_45","cod_imovel":"RJ-3305406-A1C41CD15A9740D8A3F37BC325E314E8","num_area":"10.814000000000000000000000000000","ind_status":"AT"},"geometry":{"type":"Polygon","coordinates":[[[-42.8652,-22.0159],[-42.8678,-22.0173],[-42.8653,-22.0159],[-42.8652,-22.0159]],[[-42.867,-22.0097],[-42.8664,-22.0119],[-42.8689,-22.0102],[-42.867,-22.0097]],[[-42.8661,-22.013],[-42.8682,-22.0152],[-42.8661,-22.013],[-42.8661,-22.013]]]}},{"type":"Feature","properties":{"cod_tema":"AREA_USO_RESTRITO_DECLIVIDADE_25_A_45","cod_imovel":"RJ-3305406-18AB004E02004D2C8CEC1560D534E602","num_area":"2.2834000000000000000000000000000","ind_status":"AT"},"geometry":{"type":"Polygon","coordinates":[[[-42.9489,-22.0852],[-42.9494,-22.083],[-42.9486,-22.0852],[-42.9489,-22.0852]]]}},{"type":"Feature","properties":{"cod_tema":"AREA_USO_RESTRITO_DECLIVIDADE_25_A_45","cod_imovel":"RJ-3305406-6F5DE0AA5DA44D5895EFFA0E885F12E9","num_area":"7.9394000000000000000000000000000","ind_status":"AT"},"geometry":{"type":"Polygon","coordinates":[[[-42.7029,-21.9223],[-42.7042,-21.9205],[-42.6994,-21.9201],[-42.7022,-21.9226],[-42.7029,-21.9223]]]}},{"type":"Feature","properties":{"cod_tema":"AREA_USO_RESTRITO_DECLIVIDADE_25_A_45","cod_imovel":"RJ-3305406-4FC5AA2C64064A7CA0C631CBD8E7A467","num_area":"2.2277000000000000000000000000000","ind_status":"AT"},"geometry":{"type":"Polygon","coordinates":[[[-42.8067,-22.0993],[-42.8087,-22.0993],[-42.8067,-22.0991],[-42.8067,-22.0993]]]}},{"type":"Feature","properties":{"cod_tema":"AREA_USO_RESTRITO_DECLIVIDADE_25_A_45","cod_imovel":"RJ-3305406-06FDE5260CF84061BD56B7E75E7124B6","num_area":"8.2591000000000000000000000000000","ind_status":"AT"},"geometry":{"type":"Polygon","coordinates":[[[-42.9468,-22.0287],[-42.9447,-22.0306],[-42.9476,-22.0297],[-42.9468,-22.0287]]]}},{"type":"Feature","properties":{"cod_tema":"AREA_USO_RESTRITO_DECLIVIDADE_25_A_45","cod_imovel":"RJ-3305406-01621A82F09D4FCAB2A59FE4DC8988BB","num_area":"8.7008000000000000000000000000000","ind_status":"AT"},"geometry":{"type":"Polygon","coordinates":[[[-42.9232,-22.0855],[-42.9217,-22.0831],[-42.9232,-22.0858],[-42.9232,-22.0855]],[[-42.9211,-22.0832],[-42.9172,-22.0857],[-42.9211,-22.0836],[-42.9211,-22.0832]]]}},{"type":"Feature","properties":{"cod_tema":"AREA_USO_RESTRITO_DECLIVIDADE_25_A_45","cod_imovel":"RJ-3305406-0167931B830C4164BACD1A83521BADAB","num_area":"28.547300000000000000000000000000","ind_status":"AT"},"geometry":{"type":"Polygon","coordinates":[[[-42.9779,-22.0272],[-42.9754,-22.0232],[-42.9789,-22.0244],[-42.9749,-22.0227],[-42.9779,-22.0274],[-42.9779,-22.0272]],[[-42.9706,-22.0226],[-42.9743,-22.0221],[-42.9708,-22.0226],[-42.9706,-22.0226]],[[-42.9822,-22.026],[-42.9783,-22.0263],[-42.9822,-22.026],[-42.9822,-22.026]],[[-42.9747,-22.0214],[-42.9712,-22.0211],[-42.9747,-22.0216],[-42.9747,-22.0214]],[[-42.9734,-22.0291],[-42.9771,-22.0279],[-42.9734,-22.029],[-42.9734,-22.0291]]]}},{"type":"Feature","properties":{"cod_tema":"AREA_USO_RESTRITO_DECLIVIDADE_25_A_45","cod_imovel":"RJ-3305406-052D20AF644F4C2A87C67C53628C8C15","num_area":"8.6759000000000000000000000000000","ind_status":"AT"},"geometry":{"type":"Polygon","coordinates":[[[-42.9302,-22.0168],[-42.9321,-22.0176],[-42.9303,-22.0165],[-42.9302,-22.0168]],[[-42.9251,-22.0295],[-42.926,-22.0253],[-42.9253,-22.0289],[-42.9251,-22.0295]]]}},{"type":"Feature","properties":{"cod_tema":"AREA_USO_RESTRITO_DECLIVIDADE_25_A_45","cod_imovel":"RJ-3305406-0658E15E43B24ACBA00B6C15CD1E5065","num_area":"17.412000000000000000000000000000","ind_status":"AT"},"geometry":{"type":"Polygon","coordinates":[[[-42.9429,-22.0675],[-42.9339,-22.0669],[-42.9469,-22.0689],[-42.943,-22.0676],[-42.9429,-22.0675]]]}},{"type":"Feature","properties":{"cod_tema":"AREA_USO_RESTRITO_DECLIVIDADE_25_A_45","cod_imovel":"RJ-3305406-0705D9EB641A4D7F9BFD57CD95B3FA8B","num_area":"8.9602000000000000000000000000000","ind_status":"AT"},"geometry":{"type":"Polygon","coordinates":[[[-42.8466,-21.9883],[-42.8448,-21.9905],[-42.8475,-21.9907],[-42.8468,-21.9884],[-42.8466,-21.9883]],[[-42.8451,-21.9972],[-42.8475,-21.9974],[-42.8451,-21.9969],[-42.8451,-21.9972]]]}},{"type":"Feature","properties":{"cod_tema":"AREA_USO_RESTRITO_DECLIVIDADE_25_A_45","cod_imovel":"RJ-3305406-08245B1812F8400AA47AEE19A12F5F9B","num_area":"4.2190000000000000000000000000000","ind_status":"AT"},"geometry":{"type":"Polygon","coordinates":[[[-42.9491,-22.0602],[-42.9511,-22.0609],[-42.9491,-22.0598],[-42.9491,-22.0602]]]}},{"type":"Feature","properties":{"cod_tema":"AREA_USO_RESTRITO_DECLIVIDADE_25_A_45","cod_imovel":"RJ-3305406-088304E8936840F0A3B2F4C1B38AA380","num_area":"6.4094000000000000000000000000000","ind_status":"AT"},"geometry":{"type":"Polygon","coordinates":[[[-42.7576,-22.0079],[-42.7579,-22.0112],[-42.758,-22.0076],[-42.7576,-22.0079]]]}},{"type":"Feature","properties":{"cod_tema":"AREA_USO_RESTRITO_DECLIVIDADE_25_A_45","cod_imovel":"RJ-3305406-08FCD358E4E744E58EA32F93E29AFB21","num_area":"26.266700000000000000000000000000","ind_status":"AT"},"geometry":{"type":"Polygon","coordinates":[[[-42.7508,-21.9943],[-42.7547,-21.9927],[-42.7509,-21.9943],[-42.7508,-21.9943]],[[-42.7615,-21.9847],[-42.7575,-21.9826],[-42.7606,-21.9847],[-42.7615,-21.9847]],[[-42.7612,-21.9876],[-42.7615,-21.985],[-42.7573,-21.9875],[-42.7562,-21.9828],[-42.7569,-21.9879],[-42.7608,-21.9875],[-42.7612,-21.9876]]]}},{"type":"Feature","properties":{"cod_tema":"AREA_USO_RESTRITO_DECLIVIDADE_25_A_45","cod_imovel":"RJ-3305406-0E5C9B589B364708AF777147BEE79F82","num_area":"2.3209000000000000000000000000000","ind_status":"AT"},"geometry":{"type":"Polygon","coordinates":[[[-42.8192,-22.1106],[-42.8188,-22.1084],[-42.8192,-22.1106],[-42.8192,-22.1106]]]}},{"type":"Feature","properties":{"cod_tema":"AREA_USO_RESTRITO_DECLIVIDADE_25_A_45","cod_imovel":"RJ-3305406-0F279FD8EA9B4D0681DD3532EAC4F401","num_area":"11.920800000000000000000000000000","ind_status":"AT"},"geometry":{"type":"Polygon","coordinates":[[[-42.9081,-22.0771],[-42.9109,-22.0755],[-42.9076,-22.0767],[-42.9092,-22.0731],[-42.9069,-22.072],[-42.9078,-22.0771],[-42.9081,-22.0771]]]}},{"type":"Feature","properties":{"cod_tema":"AREA_USO_RESTRITO_DECLIVIDADE_25_A_45","cod_imovel":"RJ-3305406-11DE577E391B450A87BFC098BEE721EF","num_area":"19.478900000000000000000000000000","ind_status":"AT"},"geometry":{"type":"Polygon","coordinates":[[[-42.7677,-21.9397],[-42.765,-21.9455],[-42.7692,-21.9458],[-42.7679,-21.9398],[-42.7677,-21.9397]]]}},{"type":"Feature","properties":{"cod_tema":"AREA_USO_RESTRITO_DECLIVIDADE_25_A_45","cod_imovel":"RJ-3305406-1296BFC5098A40EF8C11E1E1C112C52B","num_area":"7.1777000000000000000000000000000","ind_status":"AT"},"geometry":{"type":"Polygon","coordinates":[[[-42.8059,-22.1288],[-42.8029,-22.1295],[-42.8038,-22.1332],[-42.8058,-22.1294],[-42.8059,-22.1288]]]}},{"type":"Feature","properties":{"cod_tema":"AREA_USO_RESTRITO_DECLIVIDADE_25_A_45","cod_imovel":"RJ-3305406-1352D3C97ADD4959A994D1E43B606E00","num_area":"22.312500000000000000000000000000","ind_status":"AT"},"geometry":{"type":"Polygon","coordinates":[[[-42.8756,-22.0375],[-42.8698,-22.0381],[-42.876,-22.038],[-42.8756,-22.0375]],[[-42.8619,-22.0349],[-42.8609,-22.0382],[-42.8644,-22.0377],[-42.8629,-22.0355],[-42.8619,-22.0349]],[[-42.8704,-22.0389],[-42.87,-22.0414],[-42.8704,-22.039],[-42.8704,-22.0389]]]}},{"type":"Feature","properties":{"cod_tema":"AREA_USO_RESTRITO_DECLIVIDADE_25_A_45","cod_imovel":"RJ-3305406-14C6728160C648C389D02AD975AB7827","num_area":"8.9543000000000000000000000000000","ind_status":"AT"},"geometry":{"type":"Polygon","coordinates":[[[-42.8944,-22.0171],[-42.8973,-22.019],[-42.894,-22.0152],[-42.8944,-22.0171]]]}},{"type":"Feature","properties":{"cod_tema":"AREA_USO_RESTRITO_DECLIVIDADE_25_A_45","cod_imovel":"RJ-3305406-1666D0BE40864FEBAED36F331E933E08","num_area":"29.647600000000000000000000000000","ind_status":"AT"},"geometry":{"type":"Polygon","coordinates":[[[-42.8571,-21.9825],[-42.8666,-21.9766],[-42.8602,-21.9769],[-42.857,-21.9825],[-42.8571,-21.9825]]]}},{"type":"Feature","properties":{"cod_tema":"AREA_USO_RESTRITO_DECLIVIDADE_25_A_45","cod_imovel":"RJ-3305406-18AA5E3DA7544FAD8012E297A62C962C","num_area":"25.442400000000000000000000000000","ind_status":"AT"},"geometry":{"type":"Polygon","coordinates":[[[-42.8697,-21.9968],[-42.8674,-21.9969],[-42.8697,-21.9969],[-42.8697,-21.9968]],[[-42.8603,-21.9918],[-42.8699,-21.9966],[-42.8608,-21.9918],[-42.8603,-21.9918]]]}},{"type":"Feature","properties":{"cod_tema":"AREA_USO_RESTRITO_DECLIVIDADE_25_A_45","cod_imovel":"RJ-3305406-178FA2F635DE47FF99BD00151966D933","num_area":"22.350000000000000000000000000000","ind_status":"AT"},"geometry":{"type":"Polygon","coordinates":[[[-42.898,-22.0047],[-42.8916,-22.0019],[-42.8989,-22.0093],[-42.898,-22.0047],[-42.898,-22.0047]],[[-42.9027,-22.0077],[-42.8998,-22.0054],[-42.9034,-22.007],[-42.9027,-22.0077]],[[-42.8916,-22.0052],[-42.8913,-22.0022],[-42.8916,-22.0049],[-42.8916,-22.0052]]]}},{"type":"Feature","properties":{"cod_tema":"AREA_USO_RESTRITO_DECLIVIDADE_25_A_45","cod_imovel":"RJ-3305406-1A01C5783BA74EBE8F1BDFF7778EF509","num_area":"28.227200000000000000000000000000","ind_status":"AT"},"geometry":{"type":"Polygon","coordinates":[[[-42.8439,-22.1378],[-42.8451,-22.1348],[-42.8422,-22.1331],[-42.8429,-22.1378],[-42.8439,-22.1378]],[[-42.8469,-22.1414],[-42.843,-22.1431],[-42.8423,-22.1394],[-42.8402,-22.143],[-42.8469,-22.1419],[-42.8469,-22.1414]]]}},{"type":"Feature","properties":{"cod_tema":"AREA_USO_RESTRITO_DECLIVIDADE_25_A_45","cod_imovel":"RJ-3305406-1A04AC5F33674EA3B49410CE667BFFB8","num_area":"6.2944000000000000000000000000000","ind_status":"AT"},"geometry":{"type":"Polygon","coordinates":[[[-42.845,-22.112],[-42.8485,-22.1133],[-42.8455,-22.112],[-42.845,-22.112]]]}},{"type":"Feature","properties":{"cod_tema":"AREA_USO_RESTRITO_DECLIVIDADE_25_A_45","cod_imovel":"RJ-3305406-1A83E77016C24F8D93332EA7BE3CF2C7","num_area":"3.0579000000000000000000000000000","ind_status":"AT"},"geometry":{"type":"Polygon","coordinates":[[[-42.9381,-22.0408],[-42.9407,-22.0407],[-42.9382,-22.0398],[-42.9381,-22.0408]]]}},{"type":"Feature","properties":{"cod_tema":"AREA_USO_RESTRITO_DECLIVIDADE_25_A_45","cod_imovel":"RJ-3305406-1F0C66AF34714CD3AB41BEE33CDCB4FE","num_area":"12.604300000000000000000000000000","ind_status":"AT"},"geometry":{"type":"Polygon","coordinates":[[[-42.8447,-22.1099],[-42.8418,-22.1116],[-42.8445,-22.1099],[-42.8447,-22.1099]],[[-42.8454,-22.116],[-42.8425,-22.1133],[-42.845,-22.116],[-42.8454,-22.116]]]}},{"type":"Feature","properties":{"cod_tema":"AREA_USO_RESTRITO_DECLIVIDADE_25_A_45","cod_imovel":"RJ-3305406-20C08FF949D94953ACB0371ADA77BF01","num_area":"10.516900000000000000000000000000","ind_status":"AT"},"geometry":{"type":"Polygon","coordinates":[[[-42.9419,-22.0157],[-42.9398,-22.0203],[-42.9431,-22.0199],[-42.942,-22.0154],[-42.9419,-22.0157]]]}},{"type":"Feature","properties":{"cod_tema":"AREA_USO_RESTRITO_DECLIVIDADE_25_A_45","cod_imovel":"RJ-3305406-20D3C950FD4A41B4AED322710B931730","num_area":"9.3896000000000000000000000000000","ind_status":"AT"},"geometry":{"type":"Polygon","coordinates":[[[-42.8139,-22.0775],[-42.8109,-22.0796],[-42.8148,-22.0775],[-42.8139,-22.0775]]]}},{"type":"Feature","properties":{"cod_tema":"AREA_USO_RESTRITO_DECLIVIDADE_25_A_45","cod_imovel":"RJ-3305406-20FD34E5D5C74702BC36C3FD5B422333","num_area":"12.309800000000000000000000000000","ind_status":"AT"},"geometry":{"type":"Polygon","coordinates":[[[-42.8407,-22.1436],[-42.8416,-22.1376],[-42.8399,-22.1436],[-42.8407,-22.1436]]]}},{"type":"Feature","properties":{"cod_tema":"AREA_USO_RESTRITO_DECLIVIDADE_25_A_45","cod_imovel":"RJ-3305406-2722299B5A1A4468BF7F451753E236C1","num_area":"9.6790000000000000000000000000000","ind_status":"AT"},"geometry":{"type":"Polygon","coordinates":[[[-42.8099,-22.1067],[-42.807,-22.1081],[-42.8099,-22.1071],[-42.8099,-22.1067]],[[-42.8145,-22.1058],[-42.8097,-22.1063],[-42.8145,-22.106],[-42.8145,-22.1058]]]}},{"type":"Feature","properties":{"cod_tema":"AREA_USO_RESTRITO_DECLIVIDADE_25_A_45","cod_imovel":"RJ-3305406-279511BFBFA34F86AD9435AB2A6788B9","num_area":"30.862500000000000000000000000000","ind_status":"AT"},"geometry":{"type":"Polygon","coordinates":[[[-42.698,-22.0016],[-42.7054,-22.0012],[-42.6998,-22.001],[-42.7043,-21.9954],[-42.6993,-21.9961],[-42.698,-22.0013],[-42.698,-22.0016]]]}},{"type":"Feature","properties":{"cod_tema":"AREA_USO_RESTRITO_DECLIVIDADE_25_A_45","cod_imovel":"RJ-3305406-2D6A12661A504B11B24E77327BD43602","num_area":"18.577400000000000000000000000000","ind_status":"AT"},"geometry":{"type":"Polygon","coordinates":[[[-42.9564,-22.08],[-42.9545,-22.0782],[-42.9564,-22.0799],[-42.9564,-22.08]],[[-42.9546,-22.0742],[-42.9572,-22.0784],[-42.9547,-22.0742],[-42.9546,-22.0742]],[[-42.9524,-22.0766],[-42.951,-22.0803],[-42.9524,-22.0771],[-42.9524,-22.0766]]]}},{"type":"Feature","properties":{"cod_tema":"AREA_USO_RESTRITO_DECLIVIDADE_25_A_45","cod_imovel":"RJ-3305406-2E583DFA99134FC0BBC8D6251D1A938D","num_area":"3.4065000000000000000000000000000","ind_status":"AT"},"geometry":{"type":"Polygon","coordinates":[[[-42.9232,-22.0035],[-42.9218,-22.0017],[-42.9232,-22.0035],[-42.9232,-22.0035]]]}},{"type":"Feature","properties":{"cod_tema":"AREA_USO_RESTRITO_DECLIVIDADE_25_A_45","cod_imovel":"RJ-3305406-32E2967CE5EB4952B914FA686E61A6C4","num_area":"7.9383000000000000000000000000000","ind_status":"AT"},"geometry":{"type":"Polygon","coordinates":[[[-42.7996,-22.1073],[-42.7953,-22.1108],[-42.7994,-22.1073],[-42.7996,-22.1073]]]}},{"type":"Feature","properties":{"cod_tema":"AREA_USO_RESTRITO_DECLIVIDADE_25_A_45","cod_imovel":"RJ-3305406-52E7956F0AAF435CBD45AF8D4D454F5E","num_area":"23.943200000000000000000000000000","ind_status":"AT"},"geometry":{"type":"Polygon","coordinates":[[[-42.8212,-21.9492],[-42.8207,-21.9553],[-42.8222,-21.9497],[-42.8212,-21.9492]],[[-42.8164,-21.9572],[-42.822,-21.9566],[-42.8186,-21.9582],[-42.8168,-21.9524],[-42.8165,-21.9565],[-42.8164,-21.9572]]]}},{"type":"Feature","properties":{"cod_tema":"AREA_USO_RESTRITO_DECLIVIDADE_25_A_45","cod_imovel":"RJ-3305406-30EFA2278F3F45D59BD06965CD2809B3","num_area":"42.760000000000000000000000000000","ind_status":"AT"},"geometry":{"type":"Polygon","coordinates":[[[-42.8068,-21.9988],[-42.8101,-22.0022],[-42.807,-21.9987],[-42.8068,-21.9988]],[[-42.8176,-21.9957],[-42.8214,-21.9989],[-42.8184,-21.9951],[-42.8176,-21.9957]],[[-42.8146,-22.001],[-42.8177,-22.0039],[-42.8142,-22.0],[-42.8146,-22.001]],[[-42.818,-22.006],[-42.8231,-22.0072],[-42.8231,-22.0008],[-42.8218,-22.0059],[-42.8188,-22.0054],[-42.818,-22.006]]]}},{"type":"Feature","properties":{"cod_tema":"AREA_USO_RESTRITO_DECLIVIDADE_25_A_45","cod_imovel":"RJ-3305406-312D2C478C2C40879221050AF0896A03","num_area":"3.8153000000000000000000000000000","ind_status":"AT"},"geometry":{"type":"Polygon","coordinates":[[[-42.9216,-22.0042],[-42.9201,-22.002],[-42.9211,-22.0042],[-42.9216,-22.0042]],[[-42.918,-22.0022],[-42.9191,-22.0041],[-42.918,-22.0022],[-42.918,-22.0022]]]}},{"type":"Feature","properties":{"cod_tema":"AREA_USO_RESTRITO_DECLIVIDADE_25_A_45","cod_imovel":"RJ-3305406-31636606D9FF4DE2B463D41E50AA0BF6","num_area":"13.719400000000000000000000000000","ind_status":"AT"},"geometry":{"type":"Polygon","coordinates":[[[-42.8743,-21.9601],[-42.8724,-21.9613],[-42.8742,-21.9599],[-42.8743,-21.9601]],[[-42.872,-21.9581],[-42.8674,-21.9556],[-42.8718,-21.9586],[-42.872,-21.9581]],[[-42.8643,-21.9608],[-42.867,-21.9624],[-42.8648,-21.9605],[-42.8643,-21.9608]]]}},{"type":"Feature","properties":{"cod_tema":"AREA_USO_RESTRITO_DECLIVIDADE_25_A_45","cod_imovel":"RJ-3305406-33ADC9E5A22A497A9B41393A6C5C5BBC","num_area":"8.1006000000000000000000000000000","ind_status":"AT"},"geometry":{"type":"Polygon","coordinates":[[[-42.7701,-21.9234],[-42.7728,-21.9249],[-42.7705,-21.9231],[-42.7701,-21.9234]]]}},{"type":"Feature","properties":{"cod_tema":"AREA_USO_RESTRITO_DECLIVIDADE_25_A_45","cod_imovel":"RJ-3305406-33E646D4F3B94D67B6AA5CA6394991C6","num_area":"1.5658000000000000000000000000000","ind_status":"AT"},"geometry":{"type":"Polygon","coordinates":[[[-42.9687,-22.0269],[-42.9713,-22.0273],[-42.969,-22.0264],[-42.9687,-22.0269]]]}},{"type":"Feature","properties":{"cod_tema":"AREA_USO_RESTRITO_DECLIVIDADE_25_A_45","cod_imovel":"RJ-3305406-3575409EEBE840FBA75F2E9CCF19D709","num_area":"16.223900000000000000000000000000","ind_status":"AT"},"geometry":{"type":"Polygon","coordinates":[[[-42.9243,-22.0271],[-42.9247,-22.0237],[-42.9242,-22.0271],[-42.9243,-22.0271]],[[-42.925,-22.0178],[-42.9233,-22.0242],[-42.925,-22.0179],[-42.925,-22.0178]]]}},{"type":"Feature","properties":{"cod_tema":"AREA_USO_RESTRITO_DECLIVIDADE_25_A_45","cod_imovel":"RJ-3305406-35B0E0E35D0B42C0B2FDB7CBE098B29B","num_area":"5.1551000000000000000000000000000","ind_status":"AT"},"geometry":{"type":"Polygon","coordinates":[[[-42.843,-21.9959],[-42.8409,-21.9912],[-42.843,-21.9959],[-42.843,-21.9959]]]}},{"type":"Feature","properties":{"cod_tema":"AREA_USO_RESTRITO_DECLIVIDADE_25_A_45","cod_imovel":"RJ-3305406-35D6B673409245E0BD20736AC1DE4E9F","num_area":"4.9015000000000000000000000000000","ind_status":"AT"},"geometry":{"type":"Polygon","coordinates":[[[-42.7502,-22.0226],[-42.7516,-22.021],[-42.7496,-22.0224],[-42.7502,-22.0226]],[[-42.7481,-22.0222],[-42.7461,-22.0245],[-42.7484,-22.0222],[-42.7481,-22.0222]]]}},{"type":"Feature","properties":{"cod_tema":"AREA_USO_RESTRITO_DECLIVIDADE_25_A_45","cod_imovel":"RJ-3305406-37BD3D2B33254F8D94DC446CD30B188C","num_area":"14.856200000000000000000000000000","ind_status":"AT"},"geometry":{"type":"Polygon","coordinates":[[[-42.8933,-22.0312],[-42.8898,-22.0334],[-42.8936,-22.0314],[-42.8933,-22.0312]],[[-42.8944,-22.0365],[-42.8926,-22.0335],[-42.8941,-22.0364],[-42.8944,-22.0365]],[[-42.8857,-22.0405],[-42.8882,-22.0409],[-42.8857,-22.0404],[-42.8857,-22.0405]]]}},{"type":"Feature","properties":{"cod_tema":"AREA_USO_RESTRITO_DECLIVIDADE_25_A_45","cod_imovel":"RJ-3305406-39552F4FDB454014BDE288F5429EB708","num_area":"10.222100000000000000000000000000","ind_status":"AT"},"geometry":{"type":"Polygon","coordinates":[[[-42.8124,-22.1155],[-42.8082,-22.1135],[-42.8117,-22.116],[-42.8124,-22.1155]]]}},{"type":"Feature","properties":{"cod_tema":"AREA_USO_RESTRITO_DECLIVIDADE_25_A_45","cod_imovel":"RJ-3305406-642E8010FF3C4212827F32C0FCA11084","num_area":"4.5569000000000000000000000000000","ind_status":"AT"},"geometry":{"type":"Polygon","coordinates":[[[-42.9076,-22.0726],[-42.9118,-22.0722],[-42.9084,-22.0715],[-42.9076,-22.0726]]]}},{"type":"Feature","properties":{"cod_tema":"AREA_USO_RESTRITO_DECLIVIDADE_25_A_45","cod_imovel":"RJ-3305406-3A6F09C59621406794F3CCCF9D4B155B","num_area":"11.602200000000000000000000000000","ind_status":"AT"},"geometry":{"type":"Polygon","coordinates":[[[-42.8818,-21.9886],[-42.8857,-21.9873],[-42.8818,-21.9886],[-42.8818,-21.9886]],[[-42.8853,-21.9895],[-42.8882,-21.9852],[-42.8854,-21.9894],[-42.8853,-21.9895]]]}},{"type":"Feature","properties":{"cod_tema":"AREA_USO_RESTRITO_DECLIVIDADE_25_A_45","cod_imovel":"RJ-3305406-3B372BFECF344C558A4C0F6CA629A02D","num_area":"27.217300000000000000000000000000","ind_status":"AT"},"geometry":{"type":"Polygon","coordinates":[[[-42.8359,-22.0167],[-42.8376,-22.02],[-42.8359,-22.0166],[-42.8359,-22.0167]],[[-42.8415,-22.0181],[-42.845,-22.0164],[-42.8371,-22.0142],[-42.8403,-22.0182],[-42.8415,-22.0181]]]}},{"type":"Feature","properties":{"cod_tema":"AREA_USO_RESTRITO_DECLIVIDADE_25_A_45","cod_imovel":"RJ-3305406-3C0703175842477AA3942DDD436DF17B","num_area":"12.275800000000000000000000000000","ind_status":"AT"},"geometry":{"type":"Polygon","coordinates":[[[-42.8406,-22.1253],[-42.8462,-22.1272],[-42.8433,-22.1239],[-42.8406,-22.1252],[-42.8406,-22.1253]],[[-42.8381,-22.1212],[-42.8426,-22.1217],[-42.8383,-22.1212],[-42.8381,-22.1212]]]}},{"type":"Feature","properties":{"cod_tema":"AREA_USO_RESTRITO_DECLIVIDADE_25_A_45","cod_imovel":"RJ-3305406-3CE65C374E794E3E8F7739B495CA8B5F","num_area":"12.775500000000000000000000000000","ind_status":"AT"},"geometry":{"type":"Polygon","coordinates":[[[-42.8662,-22.0078],[-42.8637,-22.0063],[-42.8662,-22.0077],[-42.8662,-22.0078]],[[-42.8676,-22.0035],[-42.865,-22.0045],[-42.8697,-22.0056],[-42.8676,-22.0036],[-42.8676,-22.0035]]]}},{"type":"Feature","properties":{"cod_tema":"AREA_USO_RESTRITO_DECLIVIDADE_25_A_45","cod_imovel":"RJ-3305406-3D7882FE03B74618B9AC1C79C7AB98B6","num_area":"16.969900000000000000000000000000","ind_status":"AT"},"geometry":{"type":"Polygon","coordinates":[[[-42.8344,-22.0029],[-42.8371,-22.0018],[-42.8338,-22.0026],[-42.8344,-22.0029]],[[-42.8393,-22.0047],[-42.8382,-22.002],[-42.8368,-22.0065],[-42.8393,-22.0052],[-42.8393,-22.0047]]]}},{"type":"Feature","properties":{"cod_tema":"AREA_USO_RESTRITO_DECLIVIDADE_25_A_45","cod_imovel":"RJ-3305406-3F39D53D446240E0A02EB29466895843","num_area":"7.0082000000000000000000000000000","ind_status":"AT"},"geometry":{"type":"Polygon","coordinates":[[[-42.9271,-22.0163],[-42.9288,-22.0181],[-42.9308,-22.0149],[-42.9273,-22.0163],[-42.9271,-22.0163]]]}},{"type":"Feature","properties":{"cod_tema":"AREA_USO_RESTRITO_DECLIVIDADE_25_A_45","cod_imovel":"RJ-3305406-44D651004E9E4A149F508707ABA2A1E1","num_area":"4.7889000000000000000000000000000","ind_status":"AT"},"geometry":{"type":"Polygon","coordinates":[[[-42.7869,-21.9414],[-42.7903,-21.9422],[-42.7867,-21.9413],[-42.7869,-21.9414]]]}},{"type":"Feature","properties":{"cod_tema":"AREA_USO_RESTRITO_DECLIVIDADE_25_A_45","cod_imovel":"RJ-3305406-4262C65EA4C3444E8AF1D52D360122DF","num_area":"5.5665000000000000000000000000000","ind_status":"AT"},"geometry":{"type":"Polygon","coordinates":[[[-42.9203,-22.0123],[-42.9205,-22.0157],[-42.9203,-22.0123],[-42.9203,-22.0123]]]}},{"type":"Feature","properties":{"cod_tema":"AREA_USO_RESTRITO_DECLIVIDADE_25_A_45","cod_imovel":"RJ-3305406-426943E0E6004DF4BC5EB741ABD16B23","num_area":"4.4117000000000000000000000000000","ind_status":"AT"},"geometry":{"type":"Polygon","coordinates":[[[-42.9457,-22.0747],[-42.9488,-22.0724],[-42.9461,-22.0742],[-42.9457,-22.0747]]]}},{"type":"Feature","properties":{"cod_tema":"AREA_USO_RESTRITO_DECLIVIDADE_25_A_45","cod_imovel":"RJ-3305406-43EE2F5F636F4D80A7F73C919FD740A6","num_area":"42.804600000000000000000000000000","ind_status":"AT"},"geometry":{"type":"Polygon","coordinates":[[[-42.8769,-21.9839],[-42.877,-21.9796],[-42.8712,-21.9794],[-42.8721,-21.9864],[-42.8708,-21.9803],[-42.8762,-21.9837],[-42.8769,-21.9839]],[[-42.8796,-21.9833],[-42.8729,-21.9879],[-42.8797,-21.9834],[-42.8796,-21.9833]]]}},{"type":"Feature","properties":{"cod_tema":"AREA_USO_RESTRITO_DECLIVIDADE_25_A_45","cod_imovel":"RJ-3305406-47E7216F5BB94BF493F91333909EF172","num_area":"13.232700000000000000000000000000","ind_status":"AT"},"geometry":{"type":"Polygon","coordinates":[[[-42.8429,-21.959],[-42.841,-21.9599],[-42.8429,-21.9592],[-42.8429,-21.959]],[[-42.8392,-21.9636],[-42.8448,-21.9632],[-42.8394,-21.9608],[-42.8392,-21.9635],[-42.8392,-21.9636]]]}},{"type":"Feature","properties":{"cod_tema":"AREA_USO_RESTRITO_DECLIVIDADE_25_A_45","cod_imovel":"RJ-3305406-48BEDDA3C59942718A98143D2EC1152B","num_area":"2.0297000000000000000000000000000","ind_status":"AT"},"geometry":{"type":"Polygon","coordinates":[[[-42.8789,-21.9986],[-42.877,-21.9972],[-42.8789,-21.9987],[-42.8789,-21.9986]]]}},{"type":"Feature","properties":{"cod_tema":"AREA_USO_RESTRITO_DECLIVIDADE_25_A_45","cod_imovel":"RJ-3305406-4954F4973B3B4410A75761E54B55B54E","num_area":"5.6704000000000000000000000000000","ind_status":"AT"},"geometry":{"type":"Polygon","coordinates":[[[-42.9232,-22.0867],[-42.9265,-22.0871],[-42.9237,-22.0867],[-42.9232,-22.0867]]]}},{"type":"Feature","properties":{"cod_tema":"AREA_USO_RESTRITO_DECLIVIDADE_25_A_45","cod_imovel":"RJ-3305406-4992727D754240798295057D34060DE9","num_area":"6.3868000000000000000000000000000","ind_status":"AT"},"geometry":{"type":"Polygon","coordinates":[[[-42.8156,-22.1114],[-42.8141,-22.1092],[-42.8156,-22.1115],[-42.8156,-22.1114]]]}},{"type":"Feature","properties":{"cod_tema":"AREA_USO_RESTRITO_DECLIVIDADE_25_A_45","cod_imovel":"RJ-3305406-4E07142255CE48468B2493D91A59114D","num_area":"1.8555000000000000000000000000000","ind_status":"AT"},"geometry":{"type":"Polygon","coordinates":[[[-42.7084,-21.935],[-42.7095,-21.9308],[-42.7079,-21.9348],[-42.7084,-21.935]]]}},{"type":"Feature","properties":{"cod_tema":"AREA_USO_RESTRITO_DECLIVIDADE_25_A_45","cod_imovel":"RJ-3305406-4E9AFF18AC2D4EA6941109F9BF7C13F1","num_area":"22.294600000000000000000000000000","ind_status":"AT"},"geometry":{"type":"Polygon","coordinates":[[[-42.8666,-21.993],[-42.8697,-21.9959],[-42.8738,-21.9949],[-42.8666,-21.9929],[-42.8666,-21.993]],[[-42.874,-21.9899],[-42.8697,-21.9879],[-42.874,-21.9914],[-42.874,-21.9899]]]}},{"type":"Feature","properties":{"cod_tema":"AREA_USO_RESTRITO_DECLIVIDADE_25_A_45","cod_imovel":"RJ-3305406-4F1E8A500954451D84C7AD075B0DAAD9","num_area":"17.735400000000000000000000000000","ind_status":"AT"},"geometry":{"type":"Polygon","coordinates":[[[-42.7777,-21.9307],[-42.7749,-21.9314],[-42.7777,-21.9309],[-42.7777,-21.9307]],[[-42.7717,-21.947],[-42.7702,-21.9434],[-42.7717,-21.9469],[-42.7717,-21.947]],[[-42.7742,-21.9411],[-42.7736,-21.9382],[-42.7727,-21.9437],[-42.7741,-21.9411],[-42.7742,-21.9411]]]}},{"type":"Feature","properties":{"cod_tema":"AREA_USO_RESTRITO_DECLIVIDADE_25_A_45","cod_imovel":"RJ-3305406-5008201B6DCA43A19645646D6B774F82","num_area":"1.4794000000000000000000000000000","ind_status":"AT"},"geometry":{"type":"Polygon","coordinates":[[[-42.7879,-22.0378],[-42.7886,-22.0397],[-42.7879,-22.0376],[-42.7879,-22.0378]]]}},{"type":"Feature","properties":{"cod_tema":"AREA_USO_RESTRITO_DECLIVIDADE_25_A_45","cod_imovel":"RJ-3305406-5025591076AD42BD9D60758CDE3B9F3F","num_area":"31.529300000000000000000000000000","ind_status":"AT"},"geometry":{"type":"Polygon","coordinates":[[[-42.7256,-22.0353],[-42.721,-22.0424],[-42.7256,-22.0355],[-42.7256,-22.0353]],[[-42.731,-22.0332],[-42.7277,-22.0341],[-42.7302,-22.0332],[-42.731,-22.0332]],[[-42.7223,-22.0358],[-42.7201,-22.039],[-42.7234,-22.0358],[-42.7223,-22.0358]],[[-42.7261,-22.0263],[-42.7224,-22.0266],[-42.7285,-22.0304],[-42.7276,-22.0263],[-42.7261,-22.0263]]]}},{"type":"Feature","properties":{"cod_tema":"AREA_USO_RESTRITO_DECLIVIDADE_25_A_45","cod_imovel":"RJ-3305406-508C7E0B79F842A2A679000324F04C56","num_area":"2.0289000000000000000000000000000","ind_status":"AT"},"geometry":{"type":"Polygon","coordinates":[[[-42.9452,-22.0823],[-42.946,-22.0787],[-42.9451,-22.0823],[-42.9452,-22.0823]]]}},{"type":"Feature","properties":{"cod_tema":"AREA_USO_RESTRITO_DECLIVIDADE_25_A_45","cod_imovel":"RJ-3305406-5143EC9CA9BE4939B1B60A988FB6FBF6","num_area":"2.9987000000000000000000000000000","ind_status":"AT"},"geometry":{"type":"Polygon","coordinates":[[[-42.8188,-22.096],[-42.8219,-22.0944],[-42.8188,-22.0958],[-42.8188,-22.096]]]}},{"type":"Feature","properties":{"cod_tema":"AREA_USO_RESTRITO_DECLIVIDADE_25_A_45","cod_imovel":"RJ-3305406-524192E4D03A48D59339C7E56FE3231B","num_area":"2.6621000000000000000000000000000","ind_status":"AT"},"geometry":{"type":"Polygon","coordinates":[[[-42.7459,-22.0835],[-42.7427,-22.0837],[-42.7459,-22.0838],[-42.7459,-22.0835]]]}},{"type":"Feature","properties":{"cod_tema":"AREA_USO_RESTRITO_DECLIVIDADE_25_A_45","cod_imovel":"RJ-3305406-549D6DFCFA6F4FAE8E0ED18FD66BA9C7","num_area":"3.5421000000000000000000000000000","ind_status":"AT"},"geometry":{"type":"Polygon","coordinates":[[[-42.8658,-22.1446],[-42.8621,-22.1457],[-42.8658,-22.1448],[-42.8658,-22.1446]]]}},{"type":"Feature","properties":{"cod_tema":"AREA_USO_RESTRITO_DECLIVIDADE_25_A_45","cod_imovel":"RJ-3305406-5602B314CD6D48D69C44974A29941FE5","num_area":"11.773500000000000000000000000000","ind_status":"AT"},"geometry":{"type":"Polygon","coordinates":[[[-42.7279,-21.992],[-42.7283,-21.9976],[-42.728,-21.9917],[-42.7279,-21.992]]]}},{"type":"Feature","properties":{"cod_tema":"AREA_USO_RESTRITO_DECLIVIDADE_25_A_45","cod_imovel":"RJ-3305406-575133305B364DDCACE524D39FD2799E","num_area":"29.078500000000000000000000000000","ind_status":"AT"},"geometry":{"type":"Polygon","coordinates":[[[-42.8596,-22.0283],[-42.8622,-22.0315],[-42.8691,-22.0302],[-42.8685,-22.0269],[-42.8649,-22.0294],[-42.8605,-22.027],[-42.8596,-22.0283]],[[-42.8605,-22.0279],[-42.8608,-22.0299],[-42.8599,-22.0279],[-42.8605,-22.0279]]]}},{"type":"Feature","properties":{"cod_tema":"AREA_USO_RESTRITO_DECLIVIDADE_25_A_45","cod_imovel":"RJ-3305406-5861574879BA4801ABD03A9D3C4E1F8C","num_area":"27.749300000000000000000000000000","ind_status":"AT"},"geometry":{"type":"Polygon","coordinates":[[[-42.9492,-22.0273],[-42.9536,-22.0233],[-42.9494,-22.0203],[-42.9497,-22.0245],[-42.9483,-22.0261],[-42.9482,-22.0225],[-42.9463,-22.0258],[-42.9492,-22.0273],[-42.9492,-22.0273]]]}},{"type":"Feature","properties":{"cod_tema":"AREA_USO_RESTRITO_DECLIVIDADE_25_A_45","cod_imovel":"RJ-3305406-587B3EEC93B740B2907282B18CC9268B","num_area":"2.4925000000000000000000000000000","ind_status":"AT"},"geometry":{"type":"Polygon","coordinates":[[[-42.8046,-22.1136],[-42.8022,-22.1136],[-42.8049,-22.1157],[-42.8047,-22.1137],[-42.8046,-22.1136]]]}},{"type":"Feature","properties":{"cod_tema":"AREA_USO_RESTRITO_DECLIVIDADE_25_A_45","cod_imovel":"RJ-3305406-58F2260F9E3F4ACF95ED23CF66527068","num_area":"13.510200000000000000000000000000","ind_status":"AT"},"geometry":{"type":"Polygon","coordinates":[[[-42.7823,-22.1252],[-42.7883,-22.1237],[-42.7823,-22.1252],[-42.7823,-22.1252]]]}},{"type":"Feature","properties":{"cod_tema":"AREA_USO_RESTRITO_DECLIVIDADE_25_A_45","cod_imovel":"RJ-3305406-5A1FE02B65C147539F85E72D13309910","num_area":"6.7806000000000000000000000000000","ind_status":"AT"},"geometry":{"type":"Polygon","coordinates":[[[-42.7476,-21.9265],[-42.7519,-21.9249],[-42.7477,-21.9264],[-42.7476,-21.9265]]]}},{"type":"Feature","properties":{"cod_tema":"AREA_USO_RESTRITO_DECLIVIDADE_25_A_45","cod_imovel":"RJ-3305406-5A42B39B63D342949AA337E1B01B4355","num_area":"2.7318000000000000000000000000000","ind_status":"AT"},"geometry":{"type":"Polygon","coordinates":[[[-42.9497,-22.0756],[-42.9483,-22.0778],[-42.9505,-22.0767],[-42.9497,-22.0756]]]}},{"type":"Feature","properties":{"cod_tema":"AREA_USO_RESTRITO_DECLIVIDADE_25_A_45","cod_imovel":"RJ-3305406-5DD5CC1011DD418E87B8805E3983B579","num_area":"19.456700000000000000000000000000","ind_status":"AT"},"geometry":{"type":"Polygon","coordinates":[[[-42.8844,-22.0349],[-42.8804,-22.037],[-42.8845,-22.0416],[-42.8844,-22.0353],[-42.8844,-22.0349]]]}},{"type":"Feature","properties":{"cod_tema":"AREA_USO_RESTRITO_DECLIVIDADE_25_A_45","cod_imovel":"RJ-3305406-5E3FD0E02B9E4BF08E04E0D2F6FD2252","num_area":"11.241200000000000000000000000000","ind_status":"AT"},"geometry":{"type":"Polygon","coordinates":[[[-42.9145,-22.0006],[-42.9163,-22.0017],[-42.9145,-22.0004],[-42.9145,-22.0006]],[[-42.9154,-21.9965],[-42.9165,-22.0013],[-42.9186,-22.0001],[-42.9161,-21.9976],[-42.9207,-21.9989],[-42.9162,-21.9973],[-42.9154,-21.9965]]]}},{"type":"Feature","properties":{"cod_tema":"AREA_USO_RESTRITO_DECLIVIDADE_25_A_45","cod_imovel":"RJ-3305406-5EC61EE21F3F4C828AC87E63153355BE","num_area":"2.1219000000000000000000000000000","ind_status":"AT"},"geometry":{"type":"Polygon","coordinates":[[[-42.9464,-22.0281],[-42.9482,-22.0299],[-42.947,-22.0283],[-42.9464,-22.0281]]]}},{"type":"Feature","properties":{"cod_tema":"AREA_USO_RESTRITO_DECLIVIDADE_25_A_45","cod_imovel":"RJ-3305406-5FC88CED3DA34AE2ABC0C693357DC367","num_area":"25.407400000000000000000000000000","ind_status":"AT"},"geometry":{"type":"Polygon","coordinates":[[[-42.8506,-22.0617],[-42.8484,-22.0602],[-42.8468,-22.0634],[-42.8504,-22.062],[-42.8506,-22.0617]],[[-42.8421,-22.0607],[-42.8469,-22.0582],[-42.8419,-22.0601],[-42.8421,-22.0607]]]}},{"type":"Feature","properties":{"cod_tema":"AREA_USO_RESTRITO_DECLIVIDADE_25_A_45","cod_imovel":"RJ-3305406-60D13EAC720141D4981DDD797C71D76D","num_area":"6.0340000000000000000000000000000","ind_status":"AT"},"geometry":{"type":"Polygon","coordinates":[[[-42.9087,-22.0025],[-42.9106,-22.002],[-42.9062,-22.0005],[-42.9085,-22.0025],[-42.9087,-22.0025]]]}},{"type":"Feature","properties":{"cod_tema":"AREA_USO_RESTRITO_DECLIVIDADE_25_A_45","cod_imovel":"RJ-3305406-621B1D155E504E07A94F23B90D50D3AA","num_area":"31.910200000000000000000000000000","ind_status":"AT"},"geometry":{"type":"Polygon","coordinates":[[[-42.8363,-21.9905],[-42.8382,-21.9922],[-42.8363,-21.9907],[-42.8363,-21.9905]],[[-42.8428,-21.9961],[-42.8374,-21.9951],[-42.8426,-21.9961],[-42.8428,-21.9961]],[[-42.8356,-21.9972],[-42.8402,-21.9983],[-42.8356,-21.9972],[-42.8356,-21.9972]],[[-42.8334,-21.9894],[-42.8309,-21.9892],[-42.8307,-21.9954],[-42.8345,-21.9925],[-42.8338,-21.9894],[-42.8334,-21.9894]]]}},{"type":"Feature","properties":{"cod_tema":"AREA_USO_RESTRITO_DECLIVIDADE_25_A_45","cod_imovel":"RJ-3305406-631C6AC4C7A14E26929BA694FAB73639","num_area":"39.526600000000000000000000000000","ind_status":"AT"},"geometry":{"type":"Polygon","coordinates":[[[-42.8379,-22.0407],[-42.8419,-22.0394],[-42.8381,-22.0396],[-42.8372,-22.0358],[-42.8371,-22.0397],[-42.8379,-22.0407]],[[-42.8456,-22.0369],[-42.8409,-22.0378],[-42.8454,-22.0379],[-42.8456,-22.0369]],[[-42.8317,-22.0332],[-42.8325,-22.0398],[-42.8369,-22.0352],[-42.8332,-22.0368],[-42.8326,-22.0297],[-42.8319,-22.0332],[-42.8317,-22.0332]]]}},{"type":"Feature","properties":{"cod_tema":"AREA_USO_RESTRITO_DECLIVIDADE_25_A_45","cod_imovel":"RJ-3305406-6345BA5C3BE6492896F785BE955F6C36","num_area":"9.2424000000000000000000000000000","ind_status":"AT"},"geometry":{"type":"Polygon","coordinates":[[[-42.8668,-22.0322],[-42.8639,-22.0345],[-42.869,-22.0349],[-42.867,-22.0322],[-42.8668,-22.0322]]]}},{"type":"Feature","properties":{"cod_tema":"AREA_USO_RESTRITO_DECLIVIDADE_25_A_45","cod_imovel":"RJ-3305406-639854129F8D45DE85C9B5BA0388F620","num_area":"8.9119000000000000000000000000000","ind_status":"AT"},"geometry":{"type":"Polygon","coordinates":[[[-42.8345,-22.1339],[-42.8347,-22.1319],[-42.8302,-22.1331],[-42.8341,-22.1343],[-42.8345,-22.1339]]]}},{"type":"Feature","properties":{"cod_tema":"AREA_USO_RESTRITO_DECLIVIDADE_25_A_45","cod_imovel":"RJ-3305406-667F08C04F3940FD920B951B200CE2A2","num_area":"1.8992000000000000000000000000000","ind_status":"AT"},"geometry":{"type":"Polygon","coordinates":[[[-42.8115,-21.9415],[-42.8099,-21.9402],[-42.8115,-21.9415],[-42.8115,-21.9415]]]}},{"type":"Feature","properties":{"cod_tema":"AREA_USO_RESTRITO_DECLIVIDADE_25_A_45","cod_imovel":"RJ-3305406-650BC8119AB34FC694160151D6ED9F40","num_area":"20.855300000000000000000000000000","ind_status":"AT"},"geometry":{"type":"Polygon","coordinates":[[[-42.8818,-22.0802],[-42.8815,-22.0836],[-42.8818,-22.0804],[-42.8818,-22.0802]],[[-42.8871,-22.0764],[-42.8842,-22.0773],[-42.8851,-22.0813],[-42.8859,-22.0773],[-42.8882,-22.0792],[-42.8871,-22.0764],[-42.8871,-22.0764]]]}},{"type":"Feature","properties":{"cod_tema":"AREA_USO_RESTRITO_DECLIVIDADE_25_A_45","cod_imovel":"RJ-3305406-651239AE86D3495A8C7771A56E899C1D","num_area":"5.6939000000000000000000000000000","ind_status":"AT"},"geometry":{"type":"Polygon","coordinates":[[[-42.8673,-21.9785],[-42.8668,-21.9764],[-42.8641,-21.979],[-42.867,-21.9785],[-42.8673,-21.9785]]]}},{"type":"Feature","properties":{"cod_tema":"AREA_USO_RESTRITO_DECLIVIDADE_25_A_45","cod_imovel":"RJ-3305406-665279B74273430891305E0AE6A7634E","num_area":"10.108000000000000000000000000000","ind_status":"AT"},"geometry":{"type":"Polygon","coordinates":[[[-42.7099,-21.9191],[-42.7051,-21.9174],[-42.7084,-21.919],[-42.7099,-21.9191]],[[-42.7097,-21.9199],[-42.7052,-21.9208],[-42.7084,-21.9198],[-42.7097,-21.9199]]]}},{"type":"Feature","properties":{"cod_tema":"AREA_USO_RESTRITO_DECLIVIDADE_25_A_45","cod_imovel":"RJ-3305406-67030D7BCA3349109B46C8C8F53A1D2E","num_area":"2.9345000000000000000000000000000","ind_status":"AT"},"geometry":{"type":"Polygon","coordinates":[[[-42.8094,-22.1278],[-42.808,-22.1301],[-42.8094,-22.128],[-42.8094,-22.1278]]]}},{"type":"Feature","properties":{"cod_tema":"AREA_USO_RESTRITO_DECLIVIDADE_25_A_45","cod_imovel":"RJ-3305406-67FCB61D90FB4AA79B23C829236D07ED","num_area":"2.6300000000000000000000000000000","ind_status":"AT"},"geometry":{"type":"Polygon","coordinates":[[[-42.7575,-21.9781],[-42.7594,-21.9752],[-42.757,-21.9781],[-42.7575,-21.9781]]]}},{"type":"Feature","properties":{"cod_tema":"AREA_USO_RESTRITO_DECLIVIDADE_25_A_45","cod_imovel":"RJ-3305406-695DCAFAC9E54514B1008B06CA06B7D6","num_area":"25.703700000000000000000000000000","ind_status":"AT"},"geometry":{"type":"Polygon","coordinates":[[[-42.8924,-22.0012],[-42.8905,-21.9997],[-42.8924,-22.0014],[-42.8924,-22.0012]],[[-42.8877,-21.9986],[-42.8845,-21.9986],[-42.8883,-21.9986],[-42.8877,-21.9986]],[[-42.8834,-22.0006],[-42.8816,-22.002],[-42.8889,-22.0039],[-42.884,-21.9997],[-42.8834,-22.0006]]]}},{"type":"Feature","properties":{"cod_tema":"AREA_USO_RESTRITO_DECLIVIDADE_25_A_45","cod_imovel":"RJ-3305406-6BE4B3DF3ECB42D89FC4D785CE9FDE1A","num_area":"3.6037000000000000000000000000000","ind_status":"AT"},"geometry":{"type":"Polygon","coordinates":[[[-42.7989,-22.1105],[-42.7983,-22.113],[-42.7989,-22.1105],[-42.7989,-22.1105]]]}},{"type":"Feature","properties":{"cod_tema":"AREA_USO_RESTRITO_DECLIVIDADE_25_A_45","cod_imovel":"RJ-3305406-6EC779664C8E412689652C51869DB1ED","num_area":"8.6217000000000000000000000000000","ind_status":"AT"},"geometry":{"type":"Polygon","coordinates":[[[-42.7531,-22.0247],[-42.7549,-22.0225],[-42.7521,-22.0205],[-42.7502,-22.0226],[-42.7527,-22.0247],[-42.7531,-22.0247]]]}},{"type":"Feature","properties":{"cod_tema":"AREA_USO_RESTRITO_DECLIVIDADE_25_A_45","cod_imovel":"RJ-3305406-70B82FBBFB3C4D05A2416242EF3F7EAD","num_area":"9.2307000000000000000000000000000","ind_status":"AT"},"geometry":{"type":"Polygon","coordinates":[[[-42.9249,-22.0141],[-42.926,-22.0113],[-42.9249,-22.0142],[-42.9249,-22.0141]],[[-42.9216,-22.0183],[-42.922,-22.0142],[-42.9203,-22.0161],[-42.9216,-22.0183]]]}},{"type":"Feature","properties":{"cod_tema":"AREA_USO_RESTRITO_DECLIVIDADE_25_A_45","cod_imovel":"RJ-3305406-71FA54E74E86409A841BEE53E65399CE","num_area":"5.3790000000000000000000000000000","ind_status":"AT"},"geometry":{"type":"Polygon","coordinates":[[[-42.8047,-22.1081],[-42.8036,-22.1036],[-42.8045,-22.1078],[-42.8047,-22.1081]]]}},{"type":"Feature","properties":{"cod_tema":"AREA_USO_RESTRITO_DECLIVIDADE_25_A_45","cod_imovel":"RJ-3305406-8726CB69455D4CDDB050FCED77CDD384","num_area":"2.7916000000000000000000000000000","ind_status":"AT"},"geometry":{"type":"Polygon","coordinates":[[[-42.7362,-22.0427],[-42.7338,-22.0406],[-42.7363,-22.0429],[-42.7362,-22.0427]]]}},{"type":"Feature","properties":{"cod_tema":"AREA_USO_RESTRITO_DECLIVIDADE_25_A_45","cod_imovel":"RJ-3305406-73F54828C20F41DD9FE64B6E764FE88A","num_area":"11.958700000000000000000000000000","ind_status":"AT"},"geometry":{"type":"Polygon","coordinates":[[[-42.9352,-22.0166],[-42.9392,-22.0166],[-42.9352,-22.0164],[-42.9352,-22.0166]],[[-42.9355,-22.0139],[-42.9393,-22.016],[-42.9397,-22.0136],[-42.9356,-22.013],[-42.9355,-22.0139]]]}},{"type":"Feature","properties":{"cod_tema":"AREA_USO_RESTRITO_DECLIVIDADE_25_A_45","cod_imovel":"RJ-3305406-7462BC94E3DE4251B00C64599C99099A","num_area":"14.278500000000000000000000000000","ind_status":"AT"},"geometry":{"type":"Polygon","coordinates":[[[-42.8763,-21.9978],[-42.8764,-21.9946],[-42.8708,-21.998],[-42.8754,-21.9978],[-42.8763,-21.9978]],[[-42.877,-21.9971],[-42.8783,-21.9949],[-42.8768,-21.9964],[-42.877,-21.9971]]]}},{"type":"Feature","properties":{"cod_tema":"AREA_USO_RESTRITO_DECLIVIDADE_25_A_45","cod_imovel":"RJ-3305406-7571A83375B444DF9E4F896FD4D206D6","num_area":"3.9545000000000000000000000000000","ind_status":"AT"},"geometry":{"type":"Polygon","coordinates":[[[-42.8003,-22.0173],[-42.8026,-22.0155],[-42.8004,-22.017],[-42.8003,-22.0173]]]}},{"type":"Feature","properties":{"cod_tema":"AREA_USO_RESTRITO_DECLIVIDADE_25_A_45","cod_imovel":"RJ-3305406-872A6E149CC14C1999E92AF25677579F","num_area":"5.1534000000000000000000000000000","ind_status":"AT"},"geometry":{"type":"Polygon","coordinates":[[[-42.7564,-21.9782],[-42.7583,-21.9733],[-42.756,-21.9782],[-42.7564,-21.9782]]]}},{"type":"Feature","properties":{"cod_tema":"AREA_USO_RESTRITO_DECLIVIDADE_25_A_45","cod_imovel":"RJ-3305406-75875D7F9975405EA577907E0A7D9F34","num_area":"9.5204000000000000000000000000000","ind_status":"AT"},"geometry":{"type":"Polygon","coordinates":[[[-42.8703,-21.9832],[-42.8696,-21.9879],[-42.8723,-21.9872],[-42.8703,-21.983],[-42.8703,-21.9832]]]}},{"type":"Feature","properties":{"cod_tema":"AREA_USO_RESTRITO_DECLIVIDADE_25_A_45","cod_imovel":"RJ-3305406-75F206280FC14E9780350BB184589742","num_area":"20.702700000000000000000000000000","ind_status":"AT"},"geometry":{"type":"Polygon","coordinates":[[[-42.9251,-22.0797],[-42.9192,-22.0803],[-42.9166,-22.0841],[-42.9253,-22.0798],[-42.9251,-22.0797]],[[-42.9147,-22.0823],[-42.9162,-22.0837],[-42.9147,-22.0822],[-42.9147,-22.0823]]]}},{"type":"Feature","properties":{"cod_tema":"AREA_USO_RESTRITO_DECLIVIDADE_25_A_45","cod_imovel":"RJ-3305406-76AC57012BB5460888CE56898A8222E7","num_area":"12.792200000000000000000000000000","ind_status":"AT"},"geometry":{"type":"Polygon","coordinates":[[[-42.8798,-21.9812],[-42.8773,-21.9795],[-42.8758,-21.9825],[-42.8798,-21.9808],[-42.8798,-21.9812]]]}},{"type":"Feature","properties":{"cod_tema":"AREA_USO_RESTRITO_DECLIVIDADE_25_A_45","cod_imovel":"RJ-3305406-89762FFCA06A4E8793004948045397B0","num_area":"13.216700000000000000000000000000","ind_status":"AT"},"geometry":{"type":"Polygon","coordinates":[[[-42.7614,-21.9373],[-42.7643,-21.9356],[-42.7614,-21.9371],[-42.7614,-21.9373]],[[-42.7659,-21.9365],[-42.7652,-21.9388],[-42.7687,-21.9369],[-42.7659,-21.9363],[-42.7659,-21.9365]],[[-42.7653,-21.9388],[-42.7683,-21.9399],[-42.7672,-21.9378],[-42.7653,-21.9388]]]}},{"type":"Feature","properties":{"cod_tema":"AREA_USO_RESTRITO_DECLIVIDADE_25_A_45","cod_imovel":"RJ-3305406-774AE13B294F482E970A24C7ABFD4F70","num_area":"15.530500000000000000000000000000","ind_status":"AT"},"geometry":{"type":"Polygon","coordinates":[[[-42.8948,-22.0542],[-42.8923,-22.0516],[-42.8905,-22.0554],[-42.8948,-22.0547],[-42.8948,-22.0542]]]}},{"type":"Feature","properties":{"cod_tema":"AREA_USO_RESTRITO_DECLIVIDADE_25_A_45","cod_imovel":"RJ-3305406-777F577C991547048B73700FF319FD69","num_area":"3.7435000000000000000000000000000","ind_status":"AT"},"geometry":{"type":"Polygon","coordinates":[[[-42.9517,-22.0627],[-42.9488,-22.0617],[-42.9487,-22.0644],[-42.9516,-22.0629],[-42.9517,-22.0627]]]}},{"type":"Feature","properties":{"cod_tema":"AREA_USO_RESTRITO_DECLIVIDADE_25_A_45","cod_imovel":"RJ-3305406-77E7693004F54E9498DEBFF9D43E11D9","num_area":"67.496400000000000000000000000000","ind_status":"AT"},"geometry":{"type":"Polygon","coordinates":[[[-42.7523,-21.9972],[-42.7494,-21.997],[-42.7517,-21.9972],[-42.7523,-21.9972]],[[-42.7437,-21.9931],[-42.7423,-21.9949],[-42.7437,-21.9933],[-42.7437,-21.9931]],[[-42.7455,-21.998],[-42.7448,-22.0038],[-42.748,-21.9993],[-42.7457,-21.9973],[-42.7449,-22.0032],[-42.7455,-21.9982],[-42.7455,-21.998]],[[-42.7475,-22.0048],[-42.7487,-22.0026],[-42.7475,-22.0045],[-42.7475,-22.0048]],[[-42.7425,-21.9972],[-42.745,-21.9976],[-42.7428,-21.9972],[-42.7425,-21.9972]],[[-42.7409,-21.9989],[-42.7369,-22.0002],[-42.7409,-21.9992],[-42.7409,-21.9989]],[[-42.7469,-21.9935],[-42.7494,-21.995],[-42.7469,-21.9935],[-42.7469,-21.9935]],[[-42.754,-22.0032],[-42.7531,-21.999],[-42.7509,-22.0013],[-42.7538,-22.0032],[-42.754,-22.0032]],[[-42.7381,-22.0024],[-42.7367,-22.0046],[-42.7395,-22.0003],[-42.7335,-22.0023],[-42.7381,-22.0021],[-42.7381,-22.0024]],[[-42.7494,-21.9991],[-42.7475,-21.996],[-42.7494,-21.9991],[-42.7494,-21.9991]],[[-42.7503,-21.9988],[-42.7488,-21.9973],[-42.7498,-21.9997],[-42.7535,-21.9985],[-42.7509,-21.9988],[-42.7503,-21.9988]]]}},{"type":"Feature","properties":{"cod_tema":"AREA_USO_RESTRITO_DECLIVIDADE_25_A_45","cod_imovel":"RJ-3305406-78857DDB6C734B9DB498A6D07083840D","num_area":"2.5215000000000000000000000000000","ind_status":"AT"},"geometry":{"type":"Polygon","coordinates":[[[-42.9544,-22.0836],[-42.9532,-22.086],[-42.9544,-22.0838],[-42.9544,-22.0836]]]}},{"type":"Feature","properties":{"cod_tema":"AREA_USO_RESTRITO_DECLIVIDADE_25_A_45","cod_imovel":"RJ-3305406-78F442E7ED4644638DD9885F7E87BD8A","num_area":"30.077700000000000000000000000000","ind_status":"AT"},"geometry":{"type":"Polygon","coordinates":[[[-42.8919,-21.9979],[-42.8949,-21.9955],[-42.8914,-21.9939],[-42.8919,-21.9979],[-42.8919,-21.9979]],[[-42.8922,-22.0003],[-42.8977,-22.0046],[-42.8993,-22.0028],[-42.8927,-21.9993],[-42.8922,-22.0003]]]}},{"type":"Feature","properties":{"cod_tema":"AREA_USO_RESTRITO_DECLIVIDADE_25_A_45","cod_imovel":"RJ-3305406-7A5634D963F749B3A3419FE2BA26861E","num_area":"5.5550000000000000000000000000000","ind_status":"AT"},"geometry":{"type":"Polygon","coordinates":[[[-42.7496,-21.9866],[-42.7486,-21.9846],[-42.7496,-21.9865],[-42.7496,-21.9866]]]}},{"type":"Feature","properties":{"cod_tema":"AREA_USO_RESTRITO_DECLIVIDADE_25_A_45","cod_imovel":"RJ-3305406-7BC7BC3D14A246908DF0A932D42AA5F0","num_area":"4.2388000000000000000000000000000","ind_status":"AT"},"geometry":{"type":"Polygon","coordinates":[[[-42.824,-22.1264],[-42.8214,-22.1247],[-42.823,-22.1263],[-42.824,-22.1264]]]}},{"type":"Feature","properties":{"cod_tema":"AREA_USO_RESTRITO_DECLIVIDADE_25_A_45","cod_imovel":"RJ-3305406-7C02B43B812F455A9864E8F400E01A8B","num_area":"18.998700000000000000000000000000","ind_status":"AT"},"geometry":{"type":"Polygon","coordinates":[[[-42.7203,-22.0312],[-42.7227,-22.0336],[-42.7206,-22.0312],[-42.7203,-22.0312]],[[-42.7197,-22.0263],[-42.7206,-22.0284],[-42.7218,-22.0263],[-42.7197,-22.0263]],[[-42.7269,-22.0299],[-42.726,-22.0271],[-42.7212,-22.0282],[-42.7264,-22.0299],[-42.7269,-22.0299]]]}},{"type":"Feature","properties":{"cod_tema":"AREA_USO_RESTRITO_DECLIVIDADE_25_A_45","cod_imovel":"RJ-3305406-7C2A957540574564AE02A98EA65933AB","num_area":"24.248600000000000000000000000000","ind_status":"AT"},"geometry":{"type":"Polygon","coordinates":[[[-42.9288,-22.0406],[-42.9298,-22.0385],[-42.9254,-22.0375],[-42.9283,-22.0403],[-42.9288,-22.0406]],[[-42.9236,-22.0365],[-42.9235,-22.0391],[-42.926,-22.0353],[-42.9238,-22.0365],[-42.9236,-22.0365]],[[-42.9191,-22.0407],[-42.9242,-22.0413],[-42.919,-22.0404],[-42.9191,-22.0407]],[[-42.9271,-22.0347],[-42.9287,-22.036],[-42.9269,-22.034],[-42.9271,-22.0347]]]}},{"type":"Feature","properties":{"cod_tema":"AREA_USO_RESTRITO_DECLIVIDADE_25_A_45","cod_imovel":"RJ-3305406-7D385221333848BDB117FC56F9A7BF5A","num_area":"10.753600000000000000000000000000","ind_status":"AT"},"geometry":{"type":"Polygon","coordinates":[[[-42.9535,-22.026],[-42.9556,-22.0293],[-42.9536,-22.0258],[-42.9535,-22.026]]]}},{"type":"Feature","properties":{"cod_tema":"AREA_USO_RESTRITO_DECLIVIDADE_25_A_45","cod_imovel":"RJ-3305406-7DEB9E44FBAA4429B542FBA765EC3509","num_area":"3.9445000000000000000000000000000","ind_status":"AT"},"geometry":{"type":"Polygon","coordinates":[[[-42.6703,-21.9223],[-42.6688,-21.9205],[-42.6703,-21.9221],[-42.6703,-21.9223]]]}},{"type":"Feature","properties":{"cod_tema":"AREA_USO_RESTRITO_DECLIVIDADE_25_A_45","cod_imovel":"RJ-3305406-7E6F38286FC64852A0EBBF597A570624","num_area":"13.133200000000000000000000000000","ind_status":"AT"},"geometry":{"type":"Polygon","coordinates":[[[-42.9234,-22.0205],[-42.9233,-22.0169],[-42.9228,-22.0207],[-42.9234,-22.0205]]]}},{"type":"Feature","properties":{"cod_tema":"AREA_USO_RESTRITO_DECLIVIDADE_25_A_45","cod_imovel":"RJ-3305406-7FE48566F867440F8A81C4138CD6F88C","num_area":"4.1164000000000000000000000000000","ind_status":"AT"},"geometry":{"type":"Polygon","coordinates":[[[-42.8886,-22.0671],[-42.8897,-22.0693],[-42.8888,-22.0671],[-42.8886,-22.0671]]]}},{"type":"Feature","properties":{"cod_tema":"AREA_USO_RESTRITO_DECLIVIDADE_25_A_45","cod_imovel":"RJ-3305406-8218D6241C9A43F4B3DCC3BECBCA8BCF","num_area":"2.6904000000000000000000000000000","ind_status":"AT"},"geometry":{"type":"Polygon","coordinates":[[[-42.8413,-22.0723],[-42.8439,-22.0722],[-42.8417,-22.0721],[-42.8413,-22.0723]]]}},{"type":"Feature","properties":{"cod_tema":"AREA_USO_RESTRITO_DECLIVIDADE_25_A_45","cod_imovel":"RJ-3305406-8682C92C031846F887F0FD0923848256","num_area":"4.8456000000000000000000000000000","ind_status":"AT"},"geometry":{"type":"Polygon","coordinates":[[[-42.7462,-21.9845],[-42.7414,-21.9826],[-42.7456,-21.9842],[-42.7462,-21.9845]]]}},{"type":"Feature","properties":{"cod_tema":"AREA_USO_RESTRITO_DECLIVIDADE_25_A_45","cod_imovel":"RJ-3305406-82BD67CB016044FC9DE5A225E70B3155","num_area":"2.0613000000000000000000000000000","ind_status":"AT"},"geometry":{"type":"Polygon","coordinates":[[[-42.7488,-21.9838],[-42.7508,-21.9829],[-42.7488,-21.9838],[-42.7488,-21.9838]]]}},{"type":"Feature","properties":{"cod_tema":"AREA_USO_RESTRITO_DECLIVIDADE_25_A_45","cod_imovel":"RJ-3305406-85723726943249B296E967195E35F119","num_area":"6.5632000000000000000000000000000","ind_status":"AT"},"geometry":{"type":"Polygon","coordinates":[[[-42.8485,-22.1144],[-42.8459,-22.1138],[-42.8485,-22.1148],[-42.8485,-22.1144]]]}},{"type":"Feature","properties":{"cod_tema":"AREA_USO_RESTRITO_DECLIVIDADE_25_A_45","cod_imovel":"RJ-3305406-863C7855A7E346A2B05F3CE56DA4EF4D","num_area":"13.573900000000000000000000000000","ind_status":"AT"},"geometry":{"type":"Polygon","coordinates":[[[-42.8575,-22.0415],[-42.8609,-22.0425],[-42.8653,-22.039],[-42.8576,-22.0415],[-42.8575,-22.0415]]]}},{"type":"Feature","properties":{"cod_tema":"AREA_USO_RESTRITO_DECLIVIDADE_25_A_45","cod_imovel":"RJ-3305406-88EC825902C74910952F8AD916C82E6C","num_area":"13.978700000000000000000000000000","ind_status":"AT"},"geometry":{"type":"Polygon","coordinates":[[[-42.899,-22.0548],[-42.9022,-22.0575],[-42.9056,-22.0561],[-42.8992,-22.0546],[-42.899,-22.0548]]]}},{"type":"Feature","properties":{"cod_tema":"AREA_USO_RESTRITO_DECLIVIDADE_25_A_45","cod_imovel":"RJ-3305406-8B9CD93AD5C94C6CBDB6DF5937583A5A","num_area":"8.4512000000000000000000000000000","ind_status":"AT"},"geometry":{"type":"Polygon","coordinates":[[[-42.8026,-21.9545],[-42.8008,-21.9569],[-42.8033,-21.9573],[-42.8032,-21.9533],[-42.8026,-21.9545]]]}},{"type":"Feature","properties":{"cod_tema":"AREA_USO_RESTRITO_DECLIVIDADE_25_A_45","cod_imovel":"RJ-3305406-8BF614E51D9D4DBD99DC05D5D960A32C","num_area":"8.3724000000000000000000000000000","ind_status":"AT"},"geometry":{"type":"Polygon","coordinates":[[[-42.8514,-22.0237],[-42.8548,-22.0188],[-42.8517,-22.0231],[-42.8514,-22.0237]]]}},{"type":"Feature","properties":{"cod_tema":"AREA_USO_RESTRITO_DECLIVIDADE_25_A_45","cod_imovel":"RJ-3305406-8DED99996A4E462BB91ADCA1D9F498C0","num_area":"21.525800000000000000000000000000","ind_status":"AT"},"geometry":{"type":"Polygon","coordinates":[[[-42.9037,-22.021],[-42.8988,-22.0197],[-42.9034,-22.021],[-42.9037,-22.021]],[[-42.8976,-22.0189],[-42.8955,-22.0195],[-42.8976,-22.0222],[-42.9035,-22.0214],[-42.8976,-22.0193],[-42.8976,-22.0189]]]}},{"type":"Feature","properties":{"cod_tema":"AREA_USO_RESTRITO_DECLIVIDADE_25_A_45","cod_imovel":"RJ-3305406-933D543D02EC4714AA989CAB508E45DD","num_area":"3.6124000000000000000000000000000","ind_status":"AT"},"geometry":{"type":"Polygon","coordinates":[[[-42.8366,-22.1279],[-42.839,-22.1286],[-42.8365,-22.1278],[-42.8366,-22.1279]]]}},{"type":"Feature","properties":{"cod_tema":"AREA_USO_RESTRITO_DECLIVIDADE_25_A_45","cod_imovel":"RJ-3305406-972DF8BD2DE14175911916095985AADC","num_area":"3.4594000000000000000000000000000","ind_status":"AT"},"geometry":{"type":"Polygon","coordinates":[[[-42.7717,-21.9471],[-42.7731,-21.9449],[-42.7717,-21.947],[-42.7717,-21.9471]]]}},{"type":"Feature","properties":{"cod_tema":"AREA_USO_RESTRITO_DECLIVIDADE_25_A_45","cod_imovel":"RJ-3305406-977FF7DC09AD466C8703766EFF0A95D8","num_area":"4.3352000000000000000000000000000","ind_status":"AT"},"geometry":{"type":"Polygon","coordinates":[[[-42.9112,-22.0976],[-42.9134,-22.095],[-42.9112,-22.097],[-42.9112,-22.0976]]]}},{"type":"Feature","properties":{"cod_tema":"AREA_USO_RESTRITO_DECLIVIDADE_25_A_45","cod_imovel":"RJ-3305406-987BD422D66041E09BDD6C6BBD94B706","num_area":"3.4698000000000000000000000000000","ind_status":"AT"},"geometry":{"type":"Polygon","coordinates":[[[-42.7985,-22.1143],[-42.8022,-22.114],[-42.8001,-22.1143],[-42.7985,-22.1143]]]}},{"type":"Feature","properties":{"cod_tema":"AREA_USO_RESTRITO_DECLIVIDADE_25_A_45","cod_imovel":"RJ-3305406-995AE19E06E9493EB7B400BE54B0287B","num_area":"19.234600000000000000000000000000","ind_status":"AT"},"geometry":{"type":"Polygon","coordinates":[[[-42.7354,-22.0242],[-42.7315,-22.026],[-42.7354,-22.0242],[-42.7354,-22.0242]],[[-42.7288,-22.0283],[-42.7319,-22.0269],[-42.7288,-22.0283],[-42.7288,-22.0283]],[[-42.7356,-22.0261],[-42.7353,-22.0325],[-42.7376,-22.0309],[-42.736,-22.0266],[-42.7356,-22.0261]]]}},{"type":"Feature","properties":{"cod_tema":"AREA_USO_RESTRITO_DECLIVIDADE_25_A_45","cod_imovel":"RJ-3305406-9C2C8CDBFF7D45549B16E8F642374CCF","num_area":"39.334000000000000000000000000000","ind_status":"AT"},"geometry":{"type":"Polygon","coordinates":[[[-42.8233,-21.9837],[-42.8247,-21.9866],[-42.8291,-21.9777],[-42.8248,-21.9814],[-42.8233,-21.9837]],[[-42.8301,-21.9895],[-42.8323,-21.9894],[-42.8315,-21.9849],[-42.8282,-21.9832],[-42.8301,-21.9892],[-42.8301,-21.9895]],[[-42.8289,-21.9874],[-42.8261,-21.9866],[-42.8288,-21.9874],[-42.8289,-21.9874]]]}},{"type":"Feature","properties":{"cod_tema":"AREA_USO_RESTRITO_DECLIVIDADE_25_A_45","cod_imovel":"RJ-3305406-9C553F048F4543E3B6BADEF64206EF65","num_area":"18.709100000000000000000000000000","ind_status":"AT"},"geometry":{"type":"Polygon","coordinates":[[[-42.9014,-22.0687],[-42.9021,-22.0721],[-42.905,-22.0687],[-42.9017,-22.0687],[-42.9014,-22.0687]],[[-42.9047,-22.0648],[-42.9026,-22.0629],[-42.9,-22.0659],[-42.9045,-22.0648],[-42.9047,-22.0648]]]}},{"type":"Feature","properties":{"cod_tema":"AREA_USO_RESTRITO_DECLIVIDADE_25_A_45","cod_imovel":"RJ-3305406-9CBAFFAC11B04CC38E6931B1E4EB3057","num_area":"2.1732000000000000000000000000000","ind_status":"AT"},"geometry":{"type":"Polygon","coordinates":[[[-42.8305,-21.9474],[-42.8314,-21.9456],[-42.8302,-21.9474],[-42.8305,-21.9474]]]}},{"type":"Feature","properties":{"cod_tema":"AREA_USO_RESTRITO_DECLIVIDADE_25_A_45","cod_imovel":"RJ-3305406-9EC9BF0F29614C0D88F4AAEFFB2F9A36","num_area":"4.8907000000000000000000000000000","ind_status":"AT"},"geometry":{"type":"Polygon","coordinates":[[[-42.8542,-22.0196],[-42.8572,-22.0152],[-42.8542,-22.0195],[-42.8542,-22.0196]]]}},{"type":"Feature","properties":{"cod_tema":"AREA_USO_RESTRITO_DECLIVIDADE_25_A_45","cod_imovel":"RJ-3305406-9DC905EE5A2C4F808E31847BEE687F42","num_area":"6.2746000000000000000000000000000","ind_status":"AT"},"geometry":{"type":"Polygon","coordinates":[[[-42.8077,-22.1193],[-42.806,-22.1213],[-42.8077,-22.1195],[-42.8077,-22.1193]]]}},{"type":"Feature","properties":{"cod_tema":"AREA_USO_RESTRITO_DECLIVIDADE_25_A_45","cod_imovel":"RJ-3305406-9EF96BB1231344B7AEC71D47B1F78659","num_area":"14.144600000000000000000000000000","ind_status":"AT"},"geometry":{"type":"Polygon","coordinates":[[[-42.7657,-22.0121],[-42.7638,-22.0093],[-42.7657,-22.0121],[-42.7657,-22.0121]],[[-42.7683,-22.0105],[-42.7711,-22.0056],[-42.7667,-22.0073],[-42.7682,-22.0105],[-42.7683,-22.0105]]]}},{"type":"Feature","properties":{"cod_tema":"AREA_USO_RESTRITO_DECLIVIDADE_25_A_45","cod_imovel":"RJ-3305406-9F3D045904B2416DBFF443A608A63457","num_area":"6.1328000000000000000000000000000","ind_status":"AT"},"geometry":{"type":"Polygon","coordinates":[[[-42.7989,-22.1166],[-42.8007,-22.1185],[-42.7989,-22.1168],[-42.7989,-22.1166]]]}},{"type":"Feature","properties":{"cod_tema":"AREA_USO_RESTRITO_DECLIVIDADE_25_A_45","cod_imovel":"RJ-3305406-A0BF20B58A184C35B479FAEA1609CB22","num_area":"31.578400000000000000000000000000","ind_status":"AT"},"geometry":{"type":"Polygon","coordinates":[[[-42.7231,-22.0416],[-42.7229,-22.0463],[-42.7249,-22.0409],[-42.7231,-22.0416]],[[-42.7309,-22.0469],[-42.727,-22.0514],[-42.7315,-22.05],[-42.7308,-22.0469],[-42.7309,-22.0469]],[[-42.7247,-22.0526],[-42.7261,-22.0494],[-42.7231,-22.0466],[-42.7247,-22.0524],[-42.7247,-22.0526]]]}},{"type":"Feature","properties":{"cod_tema":"AREA_USO_RESTRITO_DECLIVIDADE_25_A_45","cod_imovel":"RJ-3305406-A114CC9B0B694CF4B6EB4A26DA9C6C64","num_area":"22.694800000000000000000000000000","ind_status":"AT"},"geometry":{"type":"Polygon","coordinates":[[[-42.7972,-22.1285],[-42.7991,-22.1307],[-42.7983,-22.1282],[-42.7972,-22.1285]],[[-42.7914,-22.1248],[-42.7999,-22.1285],[-42.7927,-22.1245],[-42.7914,-22.1248]]]}},{"type":"Feature","properties":{"cod_tema":"AREA_USO_RESTRITO_DECLIVIDADE_25_A_45","cod_imovel":"RJ-3305406-A1D635B71BD74190B7D7DA7B8F6DF1B6","num_area":"3.7103000000000000000000000000000","ind_status":"AT"},"geometry":{"type":"Polygon","coordinates":[[[-42.8808,-21.9923],[-42.8825,-21.9901],[-42.8808,-21.9922],[-42.8808,-21.9923]],[[-42.8807,-21.9872],[-42.8787,-21.9852],[-42.8812,-21.9879],[-42.8807,-21.9872]]]}},{"type":"Feature","properties":{"cod_tema":"AREA_USO_RESTRITO_DECLIVIDADE_25_A_45","cod_imovel":"RJ-3305406-A2E751287FCB42B2903328EE0C8004FF","num_area":"3.9167000000000000000000000000000","ind_status":"AT"},"geometry":{"type":"Polygon","coordinates":[[[-42.7698,-22.1164],[-42.7709,-22.1145],[-42.7698,-22.1163],[-42.7698,-22.1164]]]}},{"type":"Feature","properties":{"cod_tema":"AREA_USO_RESTRITO_DECLIVIDADE_25_A_45","cod_imovel":"RJ-3305406-A331CF00A89E4FEC8A2EC0D70C9B49F5","num_area":"5.1340000000000000000000000000000","ind_status":"AT"},"geometry":{"type":"Polygon","coordinates":[[[-42.8933,-21.9901],[-42.8905,-21.9864],[-42.8932,-21.9902],[-42.8933,-21.9901]]]}},{"type":"Feature","properties":{"cod_tema":"AREA_USO_RESTRITO_DECLIVIDADE_25_A_45","cod_imovel":"RJ-3305406-A3807B278AB14927981D9BFF5901C324","num_area":"14.414600000000000000000000000000","ind_status":"AT"},"geometry":{"type":"Polygon","coordinates":[[[-42.8942,-22.0157],[-42.8977,-22.0138],[-42.8942,-22.0153],[-42.8942,-22.0157]],[[-42.9078,-22.0129],[-42.9028,-22.0111],[-42.9076,-22.0134],[-42.9078,-22.0129]]]}},{"type":"Feature","properties":{"cod_tema":"AREA_USO_RESTRITO_DECLIVIDADE_25_A_45","cod_imovel":"RJ-3305406-AB91671CE47D4C048C877CE73A7BC72A","num_area":"6.4336000000000000000000000000000","ind_status":"AT"},"geometry":{"type":"Polygon","coordinates":[[[-42.7691,-22.1094],[-42.7668,-22.1103],[-42.7685,-22.1126],[-42.7689,-22.1094],[-42.7691,-22.1094]]]}},{"type":"Feature","properties":{"cod_tema":"AREA_USO_RESTRITO_DECLIVIDADE_25_A_45","cod_imovel":"RJ-3305406-A86A426FE2A94913B0973281A13A77B1","num_area":"4.6073000000000000000000000000000","ind_status":"AT"},"geometry":{"type":"Polygon","coordinates":[[[-42.8631,-22.0128],[-42.8614,-22.0117],[-42.8628,-22.0155],[-42.8632,-22.0128],[-42.8631,-22.0128]]]}},{"type":"Feature","properties":{"cod_tema":"AREA_USO_RESTRITO_DECLIVIDADE_25_A_45","cod_imovel":"RJ-3305406-AB312C8432C44F20AC40518E34DA2B43","num_area":"18.001400000000000000000000000000","ind_status":"AT"},"geometry":{"type":"Polygon","coordinates":[[[-42.8191,-22.1369],[-42.8161,-22.1305],[-42.8148,-22.137],[-42.819,-22.1371],[-42.8191,-22.1369]],[[-42.8202,-22.1336],[-42.8203,-22.1362],[-42.8203,-22.1335],[-42.8202,-22.1336]]]}},{"type":"Feature","properties":{"cod_tema":"AREA_USO_RESTRITO_DECLIVIDADE_25_A_45","cod_imovel":"RJ-3305406-AB98B973E67C421187287718101C3756","num_area":"3.2018000000000000000000000000000","ind_status":"AT"},"geometry":{"type":"Polygon","coordinates":[[[-42.8563,-21.9809],[-42.8555,-21.9781],[-42.8562,-21.981],[-42.8563,-21.9809]]]}},{"type":"Feature","properties":{"cod_tema":"AREA_USO_RESTRITO_DECLIVIDADE_25_A_45","cod_imovel":"RJ-3305406-AA330FD291AF419785690ABBE967B8BF","num_area":"10.356000000000000000000000000000","ind_status":"AT"},"geometry":{"type":"Polygon","coordinates":[[[-42.8115,-22.1161],[-42.8132,-22.1179],[-42.8151,-22.1151],[-42.8115,-22.1161],[-42.8115,-22.1161]]]}},{"type":"Feature","properties":{"cod_tema":"AREA_USO_RESTRITO_DECLIVIDADE_25_A_45","cod_imovel":"RJ-3305406-AADE6CCA7E4D472F9BF156A01C08CBE6","num_area":"16.167200000000000000000000000000","ind_status":"AT"},"geometry":{"type":"Polygon","coordinates":[[[-42.8026,-22.0132],[-42.8036,-22.0103],[-42.8026,-22.0125],[-42.8026,-22.0132]],[[-42.7972,-22.0139],[-42.7966,-22.0164],[-42.7972,-22.0141],[-42.7972,-22.0139]],[[-42.8014,-22.0067],[-42.8026,-22.0103],[-42.8015,-22.0067],[-42.8014,-22.0067]],[[-42.8006,-22.0161],[-42.7983,-22.013],[-42.7981,-22.0164],[-42.8004,-22.0161],[-42.8006,-22.0161]]]}},{"type":"Feature","properties":{"cod_tema":"AREA_USO_RESTRITO_DECLIVIDADE_25_A_45","cod_imovel":"RJ-3305406-ADD74DBA2D6B468CA06EB1E79F5F1F07","num_area":"3.3578000000000000000000000000000","ind_status":"AT"},"geometry":{"type":"Polygon","coordinates":[[[-42.9651,-22.0285],[-42.966,-22.0307],[-42.9651,-22.0287],[-42.9651,-22.0285]]]}},{"type":"Feature","properties":{"cod_tema":"AREA_USO_RESTRITO_DECLIVIDADE_25_A_45","cod_imovel":"RJ-3305406-AB81CF9AF1F8464995952A3DE4A00A74","num_area":"5.6987000000000000000000000000000","ind_status":"AT"},"geometry":{"type":"Polygon","coordinates":[[[-42.8604,-22.1202],[-42.8599,-22.1169],[-42.8603,-22.1201],[-42.8604,-22.1202]]]}},{"type":"Feature","properties":{"cod_tema":"AREA_USO_RESTRITO_DECLIVIDADE_25_A_45","cod_imovel":"RJ-3305406-AD4EAD72C10F4EDBA59463B9AC2DEC7E","num_area":"5.5038000000000000000000000000000","ind_status":"AT"},"geometry":{"type":"Polygon","coordinates":[[[-42.8709,-21.9773],[-42.8693,-21.9796],[-42.8709,-21.9775],[-42.8709,-21.9773]],[[-42.874,-21.9789],[-42.8773,-21.9795],[-42.874,-21.9788],[-42.874,-21.9789]]]}},{"type":"Feature","properties":{"cod_tema":"AREA_USO_RESTRITO_DECLIVIDADE_25_A_45","cod_imovel":"RJ-3305406-ADF4E3B5750D40FAB1DA6FAFA181A3A3","num_area":"8.5213000000000000000000000000000","ind_status":"AT"},"geometry":{"type":"Polygon","coordinates":[[[-42.7639,-21.9355],[-42.7644,-21.9329],[-42.7634,-21.9353],[-42.7639,-21.9355]],[[-42.766,-21.9361],[-42.7705,-21.9357],[-42.766,-21.9358],[-42.766,-21.9361]]]}},{"type":"Feature","properties":{"cod_tema":"AREA_USO_RESTRITO_DECLIVIDADE_25_A_45","cod_imovel":"RJ-3305406-AEF47ECCDE0A42D0A236817A9C4D0C90","num_area":"4.7757000000000000000000000000000","ind_status":"AT"},"geometry":{"type":"Polygon","coordinates":[[[-42.8325,-22.0278],[-42.8321,-22.0254],[-42.8315,-22.0277],[-42.8325,-22.0278]]]}},{"type":"Feature","properties":{"cod_tema":"AREA_USO_RESTRITO_DECLIVIDADE_25_A_45","cod_imovel":"RJ-3305406-B02F6DEBB7954C8FA4AD0E76F9630A47","num_area":"5.4392000000000000000000000000000","ind_status":"AT"},"geometry":{"type":"Polygon","coordinates":[[[-42.922,-22.0071],[-42.9218,-22.0101],[-42.9225,-22.0068],[-42.922,-22.0071]]]}},{"type":"Feature","properties":{"cod_tema":"AREA_USO_RESTRITO_DECLIVIDADE_25_A_45","cod_imovel":"RJ-3305406-B14B6B0BDC3F47EDACE2782AB4CD5F29","num_area":"5.2377000000000000000000000000000","ind_status":"AT"},"geometry":{"type":"Polygon","coordinates":[[[-42.667,-21.9133],[-42.6666,-21.9164],[-42.6693,-21.9152],[-42.6675,-21.9135],[-42.667,-21.9133]]]}},{"type":"Feature","properties":{"cod_tema":"AREA_USO_RESTRITO_DECLIVIDADE_25_A_45","cod_imovel":"RJ-3305406-B43C489BE387497AB5402D26DE6FED79","num_area":"6.7893000000000000000000000000000","ind_status":"AT"},"geometry":{"type":"Polygon","coordinates":[[[-42.8186,-22.1189],[-42.8176,-22.1162],[-42.8186,-22.1189],[-42.8186,-22.1189]]]}},{"type":"Feature","properties":{"cod_tema":"AREA_USO_RESTRITO_DECLIVIDADE_25_A_45","cod_imovel":"RJ-3305406-B2CE46AC957541C99A92BF54D4F6BF82","num_area":"7.8748000000000000000000000000000","ind_status":"AT"},"geometry":{"type":"Polygon","coordinates":[[[-42.9702,-22.0484],[-42.9679,-22.047],[-42.9696,-22.0484],[-42.9702,-22.0484]],[[-42.9665,-22.0476],[-42.9684,-22.0441],[-42.9665,-22.0475],[-42.9665,-22.0476]],[[-42.964,-22.0488],[-42.9667,-22.0478],[-42.964,-22.0487],[-42.964,-22.0488]]]}},{"type":"Feature","properties":{"cod_tema":"AREA_USO_RESTRITO_DECLIVIDADE_25_A_45","cod_imovel":"RJ-3305406-B485540495C64837A4C5B46B70694EAC","num_area":"2.1969000000000000000000000000000","ind_status":"AT"},"geometry":{"type":"Polygon","coordinates":[[[-42.7575,-21.9741],[-42.7587,-21.9722],[-42.7575,-21.974],[-42.7575,-21.9741]]]}},{"type":"Feature","properties":{"cod_tema":"AREA_USO_RESTRITO_DECLIVIDADE_25_A_45","cod_imovel":"RJ-3305406-B4A53486260D4A019E6B0845BDEC5962","num_area":"13.677000000000000000000000000000","ind_status":"AT"},"geometry":{"type":"Polygon","coordinates":[[[-42.7595,-21.9751],[-42.7575,-21.9781],[-42.7596,-21.9751],[-42.7595,-21.9751]],[[-42.7576,-21.9819],[-42.7616,-21.9842],[-42.7628,-21.9802],[-42.7603,-21.9807],[-42.7614,-21.983],[-42.7576,-21.9819],[-42.7576,-21.9819]]]}},{"type":"Feature","properties":{"cod_tema":"AREA_USO_RESTRITO_DECLIVIDADE_25_A_45","cod_imovel":"RJ-3305406-B5189B3025BE44B2BA398D271E5A2DAB","num_area":"2.0407000000000000000000000000000","ind_status":"AT"},"geometry":{"type":"Polygon","coordinates":[[[-42.8154,-22.0873],[-42.8154,-22.0897],[-42.8154,-22.0873],[-42.8154,-22.0873]]]}},{"type":"Feature","properties":{"cod_tema":"AREA_USO_RESTRITO_DECLIVIDADE_25_A_45","cod_imovel":"RJ-3305406-B59E465D9C3947FABE2E3E417172F75A","num_area":"34.994600000000000000000000000000","ind_status":"AT"},"geometry":{"type":"Polygon","coordinates":[[[-42.9089,-22.015],[-42.9068,-22.0166],[-42.9089,-22.0153],[-42.9089,-22.015]],[[-42.9063,-22.0233],[-42.9153,-22.0174],[-42.9092,-22.0217],[-42.9043,-22.02],[-42.9029,-22.0225],[-42.9058,-22.0232],[-42.9063,-22.0233]]]}},{"type":"Feature","properties":{"cod_tema":"AREA_USO_RESTRITO_DECLIVIDADE_25_A_45","cod_imovel":"RJ-3305406-B6086C3A80784F87A64864A864D2B623","num_area":"9.4172000000000000000000000000000","ind_status":"AT"},"geometry":{"type":"Polygon","coordinates":[[[-42.7455,-22.0118],[-42.7457,-22.0138],[-42.7505,-22.0117],[-42.7466,-22.0117],[-42.7455,-22.0118]],[[-42.7459,-22.0156],[-42.7478,-22.0179],[-42.7493,-22.0153],[-42.746,-22.0156],[-42.7459,-22.0156]]]}},{"type":"Feature","properties":{"cod_tema":"AREA_USO_RESTRITO_DECLIVIDADE_25_A_45","cod_imovel":"RJ-3305406-DF22A66A4A424767829D93CB4A93D3F5","num_area":"8.8244000000000000000000000000000","ind_status":"AT"},"geometry":{"type":"Polygon","coordinates":[[[-42.8444,-22.0008],[-42.8476,-21.9987],[-42.8436,-21.9969],[-42.8441,-21.9999],[-42.8444,-22.0008]]]}},{"type":"Feature","properties":{"cod_tema":"AREA_USO_RESTRITO_DECLIVIDADE_25_A_45","cod_imovel":"RJ-3305406-B78425054606471F81D12E2A114874A2","num_area":"12.376400000000000000000000000000","ind_status":"AT"},"geometry":{"type":"Polygon","coordinates":[[[-42.7329,-22.0372],[-42.7321,-22.0403],[-42.7329,-22.0375],[-42.7329,-22.0372]],[[-42.7313,-22.0379],[-42.7237,-22.0402],[-42.7309,-22.0379],[-42.7313,-22.0379]]]}},{"type":"Feature","properties":{"cod_tema":"AREA_USO_RESTRITO_DECLIVIDADE_25_A_45","cod_imovel":"RJ-3305406-B8916121A3E64D398BD091DAF15300E0","num_area":"5.1293000000000000000000000000000","ind_status":"AT"},"geometry":{"type":"Polygon","coordinates":[[[-42.8827,-22.024],[-42.8788,-22.0202],[-42.8827,-22.0241],[-42.8827,-22.024]]]}},{"type":"Feature","properties":{"cod_tema":"AREA_USO_RESTRITO_DECLIVIDADE_25_A_45","cod_imovel":"RJ-3305406-B8FDD0CE5F684BC6B173AA8584DA3F4A","num_area":"8.8634000000000000000000000000000","ind_status":"AT"},"geometry":{"type":"Polygon","coordinates":[[[-42.79,-22.1005],[-42.7935,-22.1019],[-42.7904,-22.1005],[-42.79,-22.1005]]]}},{"type":"Feature","properties":{"cod_tema":"AREA_USO_RESTRITO_DECLIVIDADE_25_A_45","cod_imovel":"RJ-3305406-B9665CD37D694750A7F9883FC98250F4","num_area":"30.975100000000000000000000000000","ind_status":"AT"},"geometry":{"type":"Polygon","coordinates":[[[-42.842,-22.1185],[-42.8444,-22.1178],[-42.8419,-22.1185],[-42.842,-22.1185]],[[-42.842,-22.1151],[-42.8376,-22.1181],[-42.8421,-22.1152],[-42.842,-22.1151]],[[-42.8506,-22.1206],[-42.8465,-22.1209],[-42.8506,-22.1206],[-42.8506,-22.1206]],[[-42.8384,-22.1186],[-42.8413,-22.1178],[-42.8384,-22.1186],[-42.8384,-22.1186]],[[-42.8397,-22.1185],[-42.8378,-22.1202],[-42.8397,-22.1188],[-42.8397,-22.1185]]]}},{"type":"Feature","properties":{"cod_tema":"AREA_USO_RESTRITO_DECLIVIDADE_25_A_45","cod_imovel":"RJ-3305406-B9D4E75C140843DEA99D2D0092332922","num_area":"22.119600000000000000000000000000","ind_status":"AT"},"geometry":{"type":"Polygon","coordinates":[[[-42.8376,-22.0198],[-42.8425,-22.0211],[-42.8386,-22.0187],[-42.8376,-22.0198]],[[-42.8414,-22.0222],[-42.8436,-22.0253],[-42.8443,-22.0211],[-42.842,-22.0219],[-42.8414,-22.0222]],[[-42.8441,-22.0179],[-42.8398,-22.0183],[-42.8439,-22.0179],[-42.8441,-22.0179]]]}},{"type":"Feature","properties":{"cod_tema":"AREA_USO_RESTRITO_DECLIVIDADE_25_A_45","cod_imovel":"RJ-3305406-BA24B5CA05104AEC972E4AA6E9F246B7","num_area":"2.1766000000000000000000000000000","ind_status":"AT"},"geometry":{"type":"Polygon","coordinates":[[[-42.7128,-21.9828],[-42.7143,-21.9848],[-42.7126,-21.983],[-42.7128,-21.9828]]]}},{"type":"Feature","properties":{"cod_tema":"AREA_USO_RESTRITO_DECLIVIDADE_25_A_45","cod_imovel":"RJ-3305406-BCEF7A539DB045CB90FC81688D4190F7","num_area":"24.707600000000000000000000000000","ind_status":"AT"},"geometry":{"type":"Polygon","coordinates":[[[-42.802,-21.989],[-42.8037,-21.9905],[-42.802,-21.9892],[-42.802,-21.989]],[[-42.7947,-21.9876],[-42.7971,-21.9925],[-42.797,-21.988],[-42.7947,-21.9876]],[[-42.8022,-21.9908],[-42.8004,-21.9944],[-42.8033,-21.9957],[-42.8022,-21.991],[-42.8022,-21.9908]]]}},{"type":"Feature","properties":{"cod_tema":"AREA_USO_RESTRITO_DECLIVIDADE_25_A_45","cod_imovel":"RJ-3305406-BD24BA7501094FF3B737930D5800DC04","num_area":"2.2010000000000000000000000000000","ind_status":"AT"},"geometry":{"type":"Polygon","coordinates":[[[-42.8223,-22.1048],[-42.8244,-22.1065],[-42.8223,-22.1047],[-42.8223,-22.1048]]]}},{"type":"Feature","properties":{"cod_tema":"AREA_USO_RESTRITO_DECLIVIDADE_25_A_45","cod_imovel":"RJ-3305406-BE37AD96D8484BF28A5697789069C791","num_area":"3.8282000000000000000000000000000","ind_status":"AT"},"geometry":{"type":"Polygon","coordinates":[[[-42.935,-22.0184],[-42.9325,-22.0169],[-42.9346,-22.0179],[-42.935,-22.0184]]]}},{"type":"Feature","properties":{"cod_tema":"AREA_USO_RESTRITO_DECLIVIDADE_25_A_45","cod_imovel":"RJ-3305406-C1BD5995B6ED4A9AA08FF4C19F4DDCD0","num_area":"4.1446000000000000000000000000000","ind_status":"AT"},"geometry":{"type":"Polygon","coordinates":[[[-42.9235,-22.0431],[-42.9209,-22.0433],[-42.9235,-22.0431],[-42.9235,-22.0431]]]}},{"type":"Feature","properties":{"cod_tema":"AREA_USO_RESTRITO_DECLIVIDADE_25_A_45","cod_imovel":"RJ-3305406-BF502D6586584B4AA5247E0ECE6999B1","num_area":"10.805300000000000000000000000000","ind_status":"AT"},"geometry":{"type":"Polygon","coordinates":[[[-42.9138,-22.0811],[-42.9163,-22.0817],[-42.9175,-22.0767],[-42.9141,-22.0811],[-42.9138,-22.0811]]]}},{"type":"Feature","properties":{"cod_tema":"AREA_USO_RESTRITO_DECLIVIDADE_25_A_45","cod_imovel":"RJ-3305406-C0F0D50D28364825870F3C9EF24F1022","num_area":"8.8931000000000000000000000000000","ind_status":"AT"},"geometry":{"type":"Polygon","coordinates":[[[-42.966,-22.0186],[-42.9685,-22.0208],[-42.966,-22.0188],[-42.966,-22.0186]],[[-42.9715,-22.0196],[-42.967,-22.0168],[-42.9718,-22.0199],[-42.9715,-22.0196]]]}},{"type":"Feature","properties":{"cod_tema":"AREA_USO_RESTRITO_DECLIVIDADE_25_A_45","cod_imovel":"RJ-3305406-BFBE46D1D230460887135724213679C1","num_area":"2.3463000000000000000000000000000","ind_status":"AT"},"geometry":{"type":"Polygon","coordinates":[[[-42.8667,-22.1147],[-42.8672,-22.1121],[-42.8667,-22.1147],[-42.8667,-22.1147]]]}},{"type":"Feature","properties":{"cod_tema":"AREA_USO_RESTRITO_DECLIVIDADE_25_A_45","cod_imovel":"RJ-3305406-C0666E41759144B5885FA2805DD74FE1","num_area":"15.584600000000000000000000000000","ind_status":"AT"},"geometry":{"type":"Polygon","coordinates":[[[-42.8021,-22.1234],[-42.8048,-22.1247],[-42.8021,-22.1236],[-42.8021,-22.1234]],[[-42.8007,-22.1185],[-42.7981,-22.1197],[-42.8008,-22.1185],[-42.8007,-22.1185]],[[-42.8007,-22.1219],[-42.798,-22.1251],[-42.8007,-22.1225],[-42.8007,-22.1219]]]}},{"type":"Feature","properties":{"cod_tema":"AREA_USO_RESTRITO_DECLIVIDADE_25_A_45","cod_imovel":"RJ-3305406-C0F6FB1A30AC4D25A1E234C31ED7D055","num_area":"3.9716000000000000000000000000000","ind_status":"AT"},"geometry":{"type":"Polygon","coordinates":[[[-42.9457,-22.081],[-42.9455,-22.0846],[-42.9457,-22.0814],[-42.9457,-22.081]]]}},{"type":"Feature","properties":{"cod_tema":"AREA_USO_RESTRITO_DECLIVIDADE_25_A_45","cod_imovel":"RJ-3305406-C121320162C04DD3A94140B658CAF070","num_area":"5.1262000000000000000000000000000","ind_status":"AT"},"geometry":{"type":"Polygon","coordinates":[[[-42.9496,-22.0839],[-42.9519,-22.0847],[-42.9497,-22.0838],[-42.9496,-22.0839]]]}},{"type":"Feature","properties":{"cod_tema":"AREA_USO_RESTRITO_DECLIVIDADE_25_A_45","cod_imovel":"RJ-3305406-C1304625850A4D209B1E19493EFD2635","num_area":"16.592900000000000000000000000000","ind_status":"AT"},"geometry":{"type":"Polygon","coordinates":[[[-42.9099,-22.011],[-42.9075,-22.0137],[-42.9099,-22.011],[-42.9099,-22.011]],[[-42.9165,-22.0136],[-42.9175,-22.0099],[-42.9118,-22.0141],[-42.9161,-22.0136],[-42.9165,-22.0136]],[[-42.9172,-22.0112],[-42.9165,-22.0136],[-42.9173,-22.0113],[-42.9172,-22.0112]]]}},{"type":"Feature","properties":{"cod_tema":"AREA_USO_RESTRITO_DECLIVIDADE_25_A_45","cod_imovel":"RJ-3305406-C18E74E672AB492DBB67548301BA66B4","num_area":"9.7094000000000000000000000000000","ind_status":"AT"},"geometry":{"type":"Polygon","coordinates":[[[-42.9272,-22.0331],[-42.9257,-22.0293],[-42.9271,-22.0329],[-42.9272,-22.0331]]]}},{"type":"Feature","properties":{"cod_tema":"AREA_USO_RESTRITO_DECLIVIDADE_25_A_45","cod_imovel":"RJ-3305406-C1B2C4B4ABF64FA89EDB9EA3427F4252","num_area":"11.924400000000000000000000000000","ind_status":"AT"},"geometry":{"type":"Polygon","coordinates":[[[-42.8586,-22.0039],[-42.8565,-22.0031],[-42.8586,-22.004],[-42.8586,-22.0039]],[[-42.8507,-22.0089],[-42.8534,-22.0087],[-42.8533,-22.0054],[-42.8515,-22.0085],[-42.8507,-22.0089]],[[-42.8583,-22.0066],[-42.8573,-22.0043],[-42.8573,-22.0063],[-42.8583,-22.0066]]]}},{"type":"Feature","properties":{"cod_tema":"AREA_USO_RESTRITO_DECLIVIDADE_25_A_45","cod_imovel":"RJ-3305406-D7E845307B6049AD934464C507BF6F72","num_area":"7.3990000000000000000000000000000","ind_status":"AT"},"geometry":{"type":"Polygon","coordinates":[[[-42.8706,-21.9765],[-42.8668,-21.9794],[-42.8706,-21.9771],[-42.8706,-21.9765]]]}},{"type":"Feature","properties":{"cod_tema":"AREA_USO_RESTRITO_DECLIVIDADE_25_A_45","cod_imovel":"RJ-3305406-C335800426FE46BB96D5717147F625BC","num_area":"30.384400000000000000000000000000","ind_status":"AT"},"geometry":{"type":"Polygon","coordinates":[[[-42.7748,-22.0913],[-42.7719,-22.0946],[-42.7762,-22.0972],[-42.7798,-22.0951],[-42.7756,-22.0904],[-42.7748,-22.0913]]]}},{"type":"Feature","properties":{"cod_tema":"AREA_USO_RESTRITO_DECLIVIDADE_25_A_45","cod_imovel":"RJ-3305406-C8334E8C799A4A22B8A766915D004FAE","num_area":"5.7282000000000000000000000000000","ind_status":"AT"},"geometry":{"type":"Polygon","coordinates":[[[-42.6715,-21.888],[-42.6701,-21.8898],[-42.6736,-21.8887],[-42.6715,-21.888]]]}},{"type":"Feature","properties":{"cod_tema":"AREA_USO_RESTRITO_DECLIVIDADE_25_A_45","cod_imovel":"RJ-3305406-C8BC680053BA4486834D45BB451A43B3","num_area":"14.909200000000000000000000000000","ind_status":"AT"},"geometry":{"type":"Polygon","coordinates":[[[-42.8224,-22.0831],[-42.8203,-22.083],[-42.8225,-22.0835],[-42.8224,-22.0831]],[[-42.8285,-22.0869],[-42.8231,-22.0864],[-42.828,-22.0875],[-42.8285,-22.0869]]]}},{"type":"Feature","properties":{"cod_tema":"AREA_USO_RESTRITO_DECLIVIDADE_25_A_45","cod_imovel":"RJ-3305406-C95440B4B664452D9D506EEC7DBAEA97","num_area":"9.6054000000000000000000000000000","ind_status":"AT"},"geometry":{"type":"Polygon","coordinates":[[[-42.7888,-21.9534],[-42.785,-21.953],[-42.7884,-21.9559],[-42.7892,-21.9537],[-42.7888,-21.9534]]]}},{"type":"Feature","properties":{"cod_tema":"AREA_USO_RESTRITO_DECLIVIDADE_25_A_45","cod_imovel":"RJ-3305406-CEB48362DEA143029E7D0098F77A09B3","num_area":"12.162800000000000000000000000000","ind_status":"AT"},"geometry":{"type":"Polygon","coordinates":[[[-42.8097,-22.1264],[-42.8041,-22.1265],[-42.8096,-22.1264],[-42.8097,-22.1264]],[[-42.8017,-22.1255],[-42.8008,-22.1284],[-42.8057,-22.1279],[-42.8017,-22.1255],[-42.8017,-22.1255]]]}},{"type":"Feature","properties":{"cod_tema":"AREA_USO_RESTRITO_DECLIVIDADE_25_A_45","cod_imovel":"RJ-3305406-D1491A74ECCE4E9DB9F8035C11F244AC","num_area":"10.838500000000000000000000000000","ind_status":"AT"},"geometry":{"type":"Polygon","coordinates":[[[-42.8144,-21.9415],[-42.8153,-21.9435],[-42.8144,-21.9417],[-42.8144,-21.9415]]]}},{"type":"Feature","properties":{"cod_tema":"AREA_USO_RESTRITO_DECLIVIDADE_25_A_45","cod_imovel":"RJ-3305406-D17797C3E83F41BFA3634956A3E1B0F0","num_area":"80.749100000000000000000000000000","ind_status":"AT"},"geometry":{"type":"Polygon","coordinates":[[[-42.7167,-21.9209],[-42.7164,-21.9243],[-42.7201,-21.9222],[-42.7167,-21.9209]],[[-42.7157,-21.9201],[-42.7134,-21.9194],[-42.7143,-21.9242],[-42.7161,-21.9206],[-42.7157,-21.9201]],[[-42.71,-21.9201],[-42.7071,-21.9266],[-42.7117,-21.9216],[-42.71,-21.9201]],[[-42.7223,-21.9241],[-42.7147,-21.9239],[-42.7059,-21.9305],[-42.7215,-21.9271],[-42.7223,-21.9241]]]}},{"type":"Feature","properties":{"cod_tema":"AREA_USO_RESTRITO_DECLIVIDADE_25_A_45","cod_imovel":"RJ-3305406-D23FC2BA3EC44373B9826F0285524A13","num_area":"9.8735000000000000000000000000000","ind_status":"AT"},"geometry":{"type":"Polygon","coordinates":[[[-42.8443,-22.026],[-42.8495,-22.0274],[-42.8487,-22.0245],[-42.8443,-22.026],[-42.8443,-22.026]]]}},{"type":"Feature","properties":{"cod_tema":"AREA_USO_RESTRITO_DECLIVIDADE_25_A_45","cod_imovel":"RJ-3305406-D7A85D79073C4FDBB2C7E2C4B156EC6E","num_area":"4.5745000000000000000000000000000","ind_status":"AT"},"geometry":{"type":"Polygon","coordinates":[[[-42.8985,-22.0039],[-42.9025,-22.0051],[-42.8994,-22.0028],[-42.8985,-22.0039]]]}},{"type":"Feature","properties":{"cod_tema":"AREA_USO_RESTRITO_DECLIVIDADE_25_A_45","cod_imovel":"RJ-3305406-D8823F4941C444D0BFD42B9D0A777902","num_area":"4.6821000000000000000000000000000","ind_status":"AT"},"geometry":{"type":"Polygon","coordinates":[[[-42.7463,-21.9864],[-42.7447,-21.9886],[-42.7471,-21.9866],[-42.7463,-21.9864]]]}},{"type":"Feature","properties":{"cod_tema":"AREA_USO_RESTRITO_DECLIVIDADE_25_A_45","cod_imovel":"RJ-3305406-DA506F5E52E24089B42CE771EAC82A24","num_area":"3.1355000000000000000000000000000","ind_status":"AT"},"geometry":{"type":"Polygon","coordinates":[[[-42.9743,-22.0297],[-42.9718,-22.0322],[-42.9742,-22.0303],[-42.9743,-22.0297]]]}},{"type":"Feature","properties":{"cod_tema":"AREA_USO_RESTRITO_DECLIVIDADE_25_A_45","cod_imovel":"RJ-3305406-DA5C044B194B4E788100F76F8DEEDF9D","num_area":"26.651500000000000000000000000000","ind_status":"AT"},"geometry":{"type":"Polygon","coordinates":[[[-42.9019,-22.0718],[-42.9014,-22.0687],[-42.8996,-22.0714],[-42.8955,-22.0703],[-42.902,-22.0721],[-42.9019,-22.0718]],[[-42.9,-22.0659],[-42.8937,-22.0717],[-42.901,-22.0676],[-42.9,-22.0659]]]}},{"type":"Feature","properties":{"cod_tema":"AREA_USO_RESTRITO_DECLIVIDADE_25_A_45","cod_imovel":"RJ-3305406-DA78E0DAC92F4C7086ECA3F401737881","num_area":"18.678600000000000000000000000000","ind_status":"AT"},"geometry":{"type":"Polygon","coordinates":[[[-42.9501,-22.0446],[-42.9529,-22.0416],[-42.9481,-22.04],[-42.9499,-22.0433],[-42.9501,-22.0446]]]}},{"type":"Feature","properties":{"cod_tema":"AREA_USO_RESTRITO_DECLIVIDADE_25_A_45","cod_imovel":"RJ-3305406-DAE50B9B76174A71ABF60ED7863814FE","num_area":"3.5532000000000000000000000000000","ind_status":"AT"},"geometry":{"type":"Polygon","coordinates":[[[-42.7676,-22.0973],[-42.7649,-22.0967],[-42.7676,-22.0976],[-42.7676,-22.0973]]]}},{"type":"Feature","properties":{"cod_tema":"AREA_USO_RESTRITO_DECLIVIDADE_25_A_45","cod_imovel":"RJ-3305406-DCBCB0241F5D49C4A9894A3228E9DAC5","num_area":"18.033900000000000000000000000000","ind_status":"AT"},"geometry":{"type":"Polygon","coordinates":[[[-42.7633,-22.0151],[-42.7628,-22.0122],[-42.7632,-22.0151],[-42.7633,-22.0151]],[[-42.7584,-22.0129],[-42.7579,-22.0167],[-42.7613,-22.0162],[-42.7618,-22.0122],[-42.7602,-22.0154],[-42.7588,-22.0126],[-42.7584,-22.0129]]]}},{"type":"Feature","properties":{"cod_tema":"AREA_USO_RESTRITO_DECLIVIDADE_25_A_45","cod_imovel":"RJ-3305406-DDA6C4CC2C304971ACB66BE635E6B157","num_area":"10.220800000000000000000000000000","ind_status":"AT"},"geometry":{"type":"Polygon","coordinates":[[[-42.9196,-22.0183],[-42.9202,-22.0125],[-42.9174,-22.0135],[-42.9195,-22.018],[-42.9196,-22.0183]]]}},{"type":"Feature","properties":{"cod_tema":"AREA_USO_RESTRITO_DECLIVIDADE_25_A_45","cod_imovel":"RJ-3305406-DDEA043DB00040E88552BDAD06BF6F4E","num_area":"8.3285000000000000000000000000000","ind_status":"AT"},"geometry":{"type":"Polygon","coordinates":[[[-42.7939,-22.0104],[-42.7968,-22.0101],[-42.7946,-22.0096],[-42.7939,-22.0104]],[[-42.7922,-22.0116],[-42.7903,-22.013],[-42.7935,-22.0113],[-42.7922,-22.0116]]]}},{"type":"Feature","properties":{"cod_tema":"AREA_USO_RESTRITO_DECLIVIDADE_25_A_45","cod_imovel":"RJ-3305406-DE199BA11137485E9C70FF192FACAB26","num_area":"8.8949000000000000000000000000000","ind_status":"AT"},"geometry":{"type":"Polygon","coordinates":[[[-42.7162,-21.9797],[-42.7142,-21.9767],[-42.7087,-21.9766],[-42.7162,-21.9797],[-42.7162,-21.9797]],[[-42.7129,-21.9759],[-42.7108,-21.9762],[-42.7129,-21.976],[-42.7129,-21.9759]],[[-42.7156,-21.9747],[-42.7139,-21.9762],[-42.7155,-21.9749],[-42.7156,-21.9747]]]}},{"type":"Feature","properties":{"cod_tema":"AREA_USO_RESTRITO_DECLIVIDADE_25_A_45","cod_imovel":"RJ-3305406-DED08C9FBD4A465788030A99FB280861","num_area":"12.354600000000000000000000000000","ind_status":"AT"},"geometry":{"type":"Polygon","coordinates":[[[-42.8372,-22.128],[-42.8366,-22.1307],[-42.8417,-22.132],[-42.8411,-22.1286],[-42.8403,-22.1306],[-42.8374,-22.1282],[-42.8372,-22.128]]]}},{"type":"Feature","properties":{"cod_tema":"AREA_USO_RESTRITO_DECLIVIDADE_25_A_45","cod_imovel":"RJ-3305406-DF1ED67B25AC48BBAC0FE6349E4F8EC6","num_area":"22.114800000000000000000000000000","ind_status":"AT"},"geometry":{"type":"Polygon","coordinates":[[[-42.7307,-21.9742],[-42.7317,-21.9718],[-42.7303,-21.9738],[-42.7307,-21.9742]],[[-42.7334,-21.9755],[-42.7355,-21.9739],[-42.7337,-21.9749],[-42.7334,-21.9755]],[[-42.7261,-21.9735],[-42.7258,-21.9703],[-42.7252,-21.9741],[-42.7261,-21.9735]],[[-42.7317,-21.9568],[-42.7275,-21.955],[-42.7293,-21.9591],[-42.733,-21.9573],[-42.7317,-21.9568]]]}},{"type":"Feature","properties":{"cod_tema":"AREA_USO_RESTRITO_DECLIVIDADE_25_A_45","cod_imovel":"RJ-3305406-E4FDE9DD4387401C9BD663091C23813D","num_area":"32.662400000000000000000000000000","ind_status":"AT"},"geometry":{"type":"Polygon","coordinates":[[[-42.891,-22.0122],[-42.889,-22.0108],[-42.8909,-22.0122],[-42.891,-22.0122]],[[-42.8924,-22.016],[-42.8909,-22.0128],[-42.8922,-22.016],[-42.8924,-22.016]],[[-42.889,-22.0227],[-42.8858,-22.0208],[-42.889,-22.0227],[-42.889,-22.0227]],[[-42.8876,-22.015],[-42.8885,-22.0174],[-42.8894,-22.0133],[-42.8876,-22.0149],[-42.8876,-22.015]],[[-42.8842,-22.0214],[-42.8877,-22.0255],[-42.8844,-22.0211],[-42.8842,-22.0214]],[[-42.8828,-22.0238],[-42.882,-22.0275],[-42.8862,-22.0286],[-42.883,-22.0233],[-42.8828,-22.0238]]]}},{"type":"Feature","properties":{"cod_tema":"AREA_USO_RESTRITO_DECLIVIDADE_25_A_45","cod_imovel":"RJ-3305406-E6A3C7D435514698B3BE691A58D749F0","num_area":"3.4396000000000000000000000000000","ind_status":"AT"},"geometry":{"type":"Polygon","coordinates":[[[-42.9981,-22.0748],[-43.0007,-22.0737],[-42.9981,-22.0748],[-42.9981,-22.0748]]]}},{"type":"Feature","properties":{"cod_tema":"AREA_USO_RESTRITO_DECLIVIDADE_25_A_45","cod_imovel":"RJ-3305406-E89FA28676D045B7A9BBA65FD9254528","num_area":"11.149700000000000000000000000000","ind_status":"AT"},"geometry":{"type":"Polygon","coordinates":[[[-42.813,-21.9536],[-42.8129,-21.9568],[-42.8132,-21.9536],[-42.813,-21.9536]],[[-42.8129,-21.958],[-42.8156,-21.9603],[-42.8157,-21.9565],[-42.8129,-21.9576],[-42.8129,-21.958]]]}},{"type":"Feature","properties":{"cod_tema":"AREA_USO_RESTRITO_DECLIVIDADE_25_A_45","cod_imovel":"RJ-3305406-E918246DCBC24250A7270FB4DC41EFEB","num_area":"11.826100000000000000000000000000","ind_status":"AT"},"geometry":{"type":"Polygon","coordinates":[[[-42.8118,-22.1405],[-42.815,-22.1385],[-42.8115,-22.1403],[-42.8118,-22.1405]]]}},{"type":"Feature","properties":{"cod_tema":"AREA_USO_RESTRITO_DECLIVIDADE_25_A_45","cod_imovel":"RJ-3305406-EC08FADF809D4D0DAC5F5F6416EB5ED8","num_area":"6.1055000000000000000000000000000","ind_status":"AT"},"geometry":{"type":"Polygon","coordinates":[[[-42.9269,-22.0115],[-42.9296,-22.0079],[-42.9267,-22.011],[-42.9269,-22.0115]]]}},{"type":"Feature","properties":{"cod_tema":"AREA_USO_RESTRITO_DECLIVIDADE_25_A_45","cod_imovel":"RJ-3305406-EA5AFB67C28048D3BD4D5EB3B44FAD20","num_area":"16.127500000000000000000000000000","ind_status":"AT"},"geometry":{"type":"Polygon","coordinates":[[[-42.7779,-21.9425],[-42.7746,-21.9481],[-42.7775,-21.9499],[-42.7779,-21.9425],[-42.7779,-21.9425]]]}},{"type":"Feature","properties":{"cod_tema":"AREA_USO_RESTRITO_DECLIVIDADE_25_A_45","cod_imovel":"RJ-3305406-EE933E6E939B4405962F757DE9D9503D","num_area":"2.8896000000000000000000000000000","ind_status":"AT"},"geometry":{"type":"Polygon","coordinates":[[[-42.6829,-21.9292],[-42.6797,-21.9278],[-42.6829,-21.9292],[-42.6829,-21.9292]]]}},{"type":"Feature","properties":{"cod_tema":"AREA_USO_RESTRITO_DECLIVIDADE_25_A_45","cod_imovel":"RJ-3305406-EF3EA2F634E844EA9FA9BDEAB6AB2692","num_area":"17.560200000000000000000000000000","ind_status":"AT"},"geometry":{"type":"Polygon","coordinates":[[[-42.8508,-22.0302],[-42.8525,-22.0334],[-42.8525,-22.0285],[-42.8508,-22.0297],[-42.8508,-22.0302]],[[-42.8479,-22.0311],[-42.8454,-22.0368],[-42.8465,-22.0329],[-42.85,-22.0326],[-42.848,-22.031],[-42.8479,-22.0311]]]}},{"type":"Feature","properties":{"cod_tema":"AREA_USO_RESTRITO_DECLIVIDADE_25_A_45","cod_imovel":"RJ-3305406-EF686E3FBC514A35A88316607C63B1E0","num_area":"4.7780000000000000000000000000000","ind_status":"AT"},"geometry":{"type":"Polygon","coordinates":[[[-42.7746,-21.9475],[-42.7752,-21.9442],[-42.7746,-21.9476],[-42.7746,-21.9475]],[[-42.776,-21.9442],[-42.7781,-21.9399],[-42.776,-21.9439],[-42.776,-21.9442]]]}},{"type":"Feature","properties":{"cod_tema":"AREA_USO_RESTRITO_DECLIVIDADE_25_A_45","cod_imovel":"RJ-3305406-F0CA95FB3E7A4A8C8430EADDE8D13F95","num_area":"12.651900000000000000000000000000","ind_status":"AT"},"geometry":{"type":"Polygon","coordinates":[[[-42.7955,-22.1257],[-42.7997,-22.1284],[-42.7955,-22.1257],[-42.7955,-22.1257]]]}},{"type":"Feature","properties":{"cod_tema":"AREA_USO_RESTRITO_DECLIVIDADE_25_A_45","cod_imovel":"RJ-3305406-F170B14C64794D359B87F076DDEC2A0C","num_area":"3.7775000000000000000000000000000","ind_status":"AT"},"geometry":{"type":"Polygon","coordinates":[[[-42.8573,-22.1107],[-42.8557,-22.1086],[-42.8542,-22.1114],[-42.8569,-22.1107],[-42.8573,-22.1107]]]}},{"type":"Feature","properties":{"cod_tema":"AREA_USO_RESTRITO_DECLIVIDADE_25_A_45","cod_imovel":"RJ-3305406-F3EBC861413D4F6E990B5E51AB6706A8","num_area":"6.8690000000000000000000000000000","ind_status":"AT"},"geometry":{"type":"Polygon","coordinates":[[[-42.7988,-22.1365],[-42.8013,-22.1324],[-42.7988,-22.1365],[-42.7988,-22.1365]],[[-42.8023,-22.1326],[-42.8021,-22.1357],[-42.8031,-22.1326],[-42.8023,-22.1326]]]}},{"type":"Feature","properties":{"cod_tema":"AREA_USO_RESTRITO_DECLIVIDADE_25_A_45","cod_imovel":"RJ-3305406-F26000BECF5D436CAE729A2D640D5C3B","num_area":"14.947500000000000000000000000000","ind_status":"AT"},"geometry":{"type":"Polygon","coordinates":[[[-42.8223,-21.9936],[-42.8113,-21.9896],[-42.8215,-21.9936],[-42.8223,-21.9936]]]}},{"type":"Feature","properties":{"cod_tema":"AREA_USO_RESTRITO_DECLIVIDADE_25_A_45","cod_imovel":"RJ-3305406-F29314EDB69C4DF9B8207B3C65B32DCC","num_area":"10.511800000000000000000000000000","ind_status":"AT"},"geometry":{"type":"Polygon","coordinates":[[[-42.8263,-22.1176],[-42.8224,-22.1162],[-42.8224,-22.113],[-42.8209,-22.1169],[-42.8252,-22.1181],[-42.8263,-22.1176]]]}},{"type":"Feature","properties":{"cod_tema":"AREA_USO_RESTRITO_DECLIVIDADE_25_A_45","cod_imovel":"RJ-3305406-F50206FEC82A4A2EBACB5EB113EF62C1","num_area":"3.9137000000000000000000000000000","ind_status":"AT"},"geometry":{"type":"Polygon","coordinates":[[[-42.7869,-22.0957],[-42.7876,-22.0905],[-42.7868,-22.0957],[-42.7869,-22.0957]]]}},{"type":"Feature","properties":{"cod_tema":"AREA_USO_RESTRITO_DECLIVIDADE_25_A_45","cod_imovel":"RJ-3305406-F67D2139704C4DEE8CD5D06BAEE91C4D","num_area":"7.6042000000000000000000000000000","ind_status":"AT"},"geometry":{"type":"Polygon","coordinates":[[[-42.7461,-22.0244],[-42.7441,-22.0234],[-42.7461,-22.0244],[-42.7461,-22.0244]],[[-42.7416,-22.0272],[-42.7439,-22.028],[-42.7438,-22.024],[-42.7416,-22.0272],[-42.7416,-22.0272]]]}},{"type":"Feature","properties":{"cod_tema":"AREA_USO_RESTRITO_DECLIVIDADE_25_A_45","cod_imovel":"RJ-3305406-F6E8258B515A44E89A9A0F449E357095","num_area":"13.194700000000000000000000000000","ind_status":"AT"},"geometry":{"type":"Polygon","coordinates":[[[-42.8372,-22.0778],[-42.8376,-22.0805],[-42.8415,-22.0776],[-42.8385,-22.0776],[-42.8372,-22.0778]]]}},{"type":"Feature","properties":{"cod_tema":"AREA_USO_RESTRITO_DECLIVIDADE_25_A_45","cod_imovel":"RJ-3305406-F738C5E2FE254A7090431C64633F1261","num_area":"12.729900000000000000000000000000","ind_status":"AT"},"geometry":{"type":"Polygon","coordinates":[[[-42.8216,-22.1271],[-42.8206,-22.1292],[-42.8246,-22.1311],[-42.8216,-22.1273],[-42.8216,-22.1271]]]}},{"type":"Feature","properties":{"cod_tema":"AREA_USO_RESTRITO_DECLIVIDADE_25_A_45","cod_imovel":"RJ-3305406-F7C0A1AF326C4FCEB035B29085932255","num_area":"1.7478000000000000000000000000000","ind_status":"AT"},"geometry":{"type":"Polygon","coordinates":[[[-42.9267,-22.0714],[-42.9286,-22.0723],[-42.9267,-22.0714],[-42.9267,-22.0714]]]}},{"type":"Feature","properties":{"cod_tema":"AREA_USO_RESTRITO_DECLIVIDADE_25_A_45","cod_imovel":"RJ-3305406-FA2053CED4C84E51ADE3F10A6AADC917","num_area":"32.796800000000000000000000000000","ind_status":"AT"},"geometry":{"type":"Polygon","coordinates":[[[-42.8473,-21.983],[-42.8441,-21.984],[-42.8498,-21.9891],[-42.8467,-21.988],[-42.8474,-21.9905],[-42.8525,-21.9908],[-42.8484,-21.984],[-42.8473,-21.983]]]}},{"type":"Feature","properties":{"cod_tema":"AREA_USO_RESTRITO_DECLIVIDADE_25_A_45","cod_imovel":"RJ-3305406-FE02FC4397DC402490DBDAE2344B8BB8","num_area":"17.335400000000000000000000000000","ind_status":"AT"},"geometry":{"type":"Polygon","coordinates":[[[-42.7199,-22.0333],[-42.7173,-22.0295],[-42.7198,-22.0333],[-42.7199,-22.0333]],[[-42.7143,-22.0319],[-42.714,-22.0342],[-42.7148,-22.0319],[-42.7143,-22.0319]],[[-42.7129,-22.0338],[-42.715,-22.03],[-42.7123,-22.0339],[-42.7129,-22.0338]]]}},{"type":"Feature","properties":{"cod_tema":"AREA_USO_RESTRITO_DECLIVIDADE_25_A_45","cod_imovel":"RJ-3305406-FEAC42B71FFD40E0A102BC0B79C5E35D","num_area":"5.5357000000000000000000000000000","ind_status":"AT"},"geometry":{"type":"Polygon","coordinates":[[[-42.848,-22.031],[-42.8447,-22.0309],[-42.8479,-22.0311],[-42.848,-22.031]],[[-42.845,-22.0286],[-42.8426,-22.03],[-42.845,-22.0288],[-42.845,-22.0286]]]}},{"type":"Feature","properties":{"cod_tema":"AREA_USO_RESTRITO_DECLIVIDADE_25_A_45","cod_imovel":"RJ-3305406-FDFA641311394A80A757299FFB036A1A","num_area":"2.0826000000000000000000000000000","ind_status":"AT"},"geometry":{"type":"Polygon","coordinates":[[[-42.7762,-21.9436],[-42.7756,-21.9459],[-42.7769,-21.9443],[-42.7762,-21.9436]]]}}]}