{"type":"FeatureCollection","features":[{"type":"Feature","properties":{"cod_tema":"RIO_ATE_10","cod_imovel":"RJ-3303906-A61DFBCDA95D478CBA035148B2CD13B9","ind_status":"PE"},"geometry":{"type":"Polygon","coordinates":[[[-43.1119,-22.2942],[-43.1117,-22.2897],[-43.1117,-22.2945],[-43.1119,-22.2942]]]}},{"type":"Feature","properties":{"cod_tema":"RIO_ATE_10","cod_imovel":"RJ-3303906-340780C84145413AAF66986D28B87563","ind_status":"AT"},"geometry":{"type":"Polygon","coordinates":[[[-43.122,-22.2965],[-43.1237,-22.2898],[-43.1219,-22.2968],[-43.122,-22.2965]]]}},{"type":"Feature","properties":{"cod_tema":"RIO_ATE_10","cod_imovel":"RJ-3303906-5108FDC81D7C4982ADD8DFA27D0FF967","ind_status":"AT"},"geometry":{"type":"Polygon","coordinates":[[[-43.1332,-22.4887],[-43.134,-22.4939],[-43.1332,-22.4886],[-43.1332,-22.4887]]]}},{"type":"Feature","properties":{"cod_tema":"RIO_ATE_10","cod_imovel":"RJ-3303906-513A68D4E2214236832295718D882510","ind_status":"AT"},"geometry":{"type":"Polygon","coordinates":[[[-43.0604,-22.3772],[-43.0601,-22.3684],[-43.0489,-22.3675],[-43.0593,-22.3684],[-43.053,-22.3713],[-43.0601,-22.3684],[-43.0535,-22.3759],[-43.0504,-22.3734],[-43.0549,-22.374],[-43.0529,-22.3778],[-43.0565,-22.3732],[-43.0587,-22.3787],[-43.0581,-22.3712],[-43.0605,-22.3773],[-43.0604,-22.3772]]]}},{"type":"Feature","properties":{"cod_tema":"RIO_ATE_10","cod_imovel":"RJ-3303906-E829C2CC091743B89D8E845BA0478E4F","ind_status":"AT"},"geometry":{"type":"Polygon","coordinates":[[[-43.0562,-22.2846],[-43.0445,-22.2815],[-43.0564,-22.2846],[-43.0562,-22.2846]]]}},{"type":"Feature","properties":{"cod_tema":"RIO_ATE_10","cod_imovel":"RJ-3303906-D7B26B7E2C8B40E3A02F2E5A1F9CBA20","ind_status":"AT"},"geometry":{"type":"Polygon","coordinates":[[[-43.0369,-22.372],[-43.0525,-22.3761],[-43.0368,-22.372],[-43.0369,-22.372]]]}},{"type":"Feature","properties":{"cod_tema":"RIO_ATE_10","cod_imovel":"RJ-3303906-E471B379DF614970AF1FA851522589A1","ind_status":"AT"},"geometry":{"type":"Polygon","coordinates":[[[-43.0291,-22.301],[-43.0351,-22.3027],[-43.029,-22.301],[-43.0291,-22.301]]]}},{"type":"Feature","properties":{"cod_tema":"RIO_ATE_10","cod_imovel":"RJ-3303906-E200D958EA6E4A47B8C29C0357CB004E","ind_status":"AT"},"geometry":{"type":"Polygon","coordinates":[[[-43.1975,-22.3271],[-43.1867,-22.3273],[-43.1878,-22.3304],[-43.1975,-22.3273],[-43.1975,-22.3271]]]}},{"type":"Feature","properties":{"cod_tema":"RIO_ATE_10","cod_imovel":"RJ-3303906-F414051F5ABD46AAA9BBD12379AF3653","ind_status":"AT"},"geometry":{"type":"Polygon","coordinates":[[[-43.0887,-22.3582],[-43.0932,-22.3543],[-43.0881,-22.3581],[-43.0887,-22.3582]]]}},{"type":"Feature","properties":{"cod_tema":"RIO_ATE_10","cod_imovel":"RJ-3303906-F30221D494AD4C3BBC5297E643B5B90C","ind_status":"AT"},"geometry":{"type":"Polygon","coordinates":[[[-43.0905,-22.386],[-43.1018,-22.388],[-43.0903,-22.386],[-43.0905,-22.386]]]}},{"type":"Feature","properties":{"cod_tema":"RIO_ATE_10","cod_imovel":"RJ-3303906-072EA646A1AF48778001BC47FB4D7873","ind_status":"AT"},"geometry":{"type":"Polygon","coordinates":[[[-43.0364,-22.2763],[-43.0309,-22.2677],[-43.0366,-22.2766],[-43.0364,-22.2763]]]}},{"type":"Feature","properties":{"cod_tema":"RIO_ATE_10","cod_imovel":"RJ-3303906-09B6CD51326243858C5C56389797B8D6","ind_status":"AT"},"geometry":{"type":"Polygon","coordinates":[[[-43.0931,-22.3115],[-43.0847,-22.3172],[-43.0917,-22.3126],[-43.0917,-22.3225],[-43.093,-22.3116],[-43.0931,-22.3115]]]}},{"type":"Feature","properties":{"cod_tema":"RIO_ATE_10","cod_imovel":"RJ-3303906-3209DAFDE359447D90FFD2B545747ED5","ind_status":"AT"},"geometry":{"type":"Polygon","coordinates":[[[-42.9789,-22.2518],[-42.9802,-22.2477],[-42.9781,-22.2585],[-42.9789,-22.2518],[-42.9789,-22.2518]],[[-42.983,-22.2608],[-42.9794,-22.2611],[-42.9832,-22.2609],[-42.983,-22.2608]]]}},{"type":"Feature","properties":{"cod_tema":"RIO_10_A_50","cod_imovel":"RJ-3303906-641D944E983649DB94B40EBF22142638","ind_status":"PE"},"geometry":{"type":"Polygon","coordinates":[[[-43.1152,-22.2915],[-43.1059,-22.288],[-43.1151,-22.2916],[-43.1152,-22.2915]]]}},{"type":"Feature","properties":{"cod_tema":"RIO_ATE_10","cod_imovel":"RJ-3303906-221B4D43A80E4541B7F2DB6857E7B114","ind_status":"AT"},"geometry":{"type":"Polygon","coordinates":[[[-43.2198,-22.3197],[-43.2214,-22.3171],[-43.2198,-22.3197],[-43.2198,-22.3197]],[[-43.2263,-22.3198],[-43.2245,-22.3232],[-43.2263,-22.3196],[-43.2263,-22.3198]]]}},{"type":"Feature","properties":{"cod_tema":"RIO_ATE_10","cod_imovel":"RJ-3303906-263EF8428DF541A48433A53A2849018F","ind_status":"AT"},"geometry":{"type":"Polygon","coordinates":[[[-43.0482,-22.2347],[-43.0383,-22.2433],[-43.0489,-22.2389],[-43.0482,-22.2347],[-43.0482,-22.2347]],[[-43.2189,-22.2704],[-43.2108,-22.269],[-43.2204,-22.2689],[-43.2189,-22.2704]]]}},{"type":"Feature","properties":{"cod_tema":"RIO_ATE_10","cod_imovel":"RJ-3303906-2B500F126E524725914AFF54BB57CF73","ind_status":"AT"},"geometry":{"type":"Polygon","coordinates":[[[-43.0337,-22.2767],[-43.0305,-22.2791],[-43.0337,-22.2767],[-43.0337,-22.2767]]]}},{"type":"Feature","properties":{"cod_tema":"RIO_ATE_10","cod_imovel":"RJ-3303906-448CC18C333C409E84B7836058472E81","ind_status":"AT"},"geometry":{"type":"Polygon","coordinates":[[[-43.324,-22.3973],[-43.3154,-22.3991],[-43.3249,-22.3975],[-43.324,-22.3973]]]}},{"type":"Feature","properties":{"cod_tema":"RIO_ATE_10","cod_imovel":"RJ-3303906-49F813BCCBC542A998286D7EF563B052","ind_status":"AT"},"geometry":{"type":"Polygon","coordinates":[[[-43.2281,-22.3543],[-43.2206,-22.356],[-43.2288,-22.3542],[-43.2281,-22.3543]],[[-43.2273,-22.3609],[-43.2205,-22.3576],[-43.2285,-22.3614],[-43.2273,-22.3609]],[[-43.2285,-22.3675],[-43.2203,-22.3581],[-43.2302,-22.3674],[-43.2285,-22.3675]]]}},{"type":"Feature","properties":{"cod_tema":"RIO_ATE_10","cod_imovel":"RJ-3303906-6629BCC8E3AC4D63B7B683DECE5FD63D","ind_status":"AT"},"geometry":{"type":"Polygon","coordinates":[[[-43.0313,-22.3013],[-43.0351,-22.3027],[-43.0312,-22.3013],[-43.0313,-22.3013]]]}},{"type":"Feature","properties":{"cod_tema":"RIO_ATE_10","cod_imovel":"RJ-3303906-822B09B0674B4A94A2F52D2C874A4575","ind_status":"AT"},"geometry":{"type":"Polygon","coordinates":[[[-43.2142,-22.3082],[-43.2145,-22.3033],[-43.2094,-22.309],[-43.2134,-22.3055],[-43.2142,-22.3089],[-43.2142,-22.3082]]]}},{"type":"Feature","properties":{"cod_tema":"RIO_ATE_10","cod_imovel":"RJ-3303906-8A99A2BB79B7409CA9B5555236A7EB56","ind_status":"AT"},"geometry":{"type":"Polygon","coordinates":[[[-43.0541,-22.2329],[-43.0633,-22.2293],[-43.0533,-22.2335],[-43.0541,-22.2329]]]}},{"type":"Feature","properties":{"cod_tema":"RIO_ATE_10","cod_imovel":"RJ-3303906-936C3752DDF64D24B9783385E51E58B7","ind_status":"AT"},"geometry":{"type":"Polygon","coordinates":[[[-43.1661,-22.3291],[-43.1619,-22.3282],[-43.1661,-22.3292],[-43.1661,-22.3291]]]}},{"type":"Feature","properties":{"cod_tema":"RIO_ATE_10","cod_imovel":"RJ-3303906-995A51F761DA43F3921D78148911421D","ind_status":"AT"},"geometry":{"type":"Polygon","coordinates":[[[-43.2294,-22.339],[-43.232,-22.3362],[-43.2293,-22.339],[-43.2294,-22.339]],[[-43.2332,-22.3402],[-43.2324,-22.3364],[-43.2332,-22.3405],[-43.2332,-22.3402]]]}},{"type":"Feature","properties":{"cod_tema":"RIO_ATE_10","cod_imovel":"RJ-3303906-BEF574A5FFAB470FB03F7E71BF4A3F45","ind_status":"AT"},"geometry":{"type":"Polygon","coordinates":[[[-43.233,-22.3263],[-43.2345,-22.3221],[-43.233,-22.3264],[-43.233,-22.3263]]]}},{"type":"Feature","properties":{"cod_tema":"RIO_ATE_10","cod_imovel":"RJ-3303906-D3B357EA279E43A0AAB7C6D2F146B2DD","ind_status":"AT"},"geometry":{"type":"Polygon","coordinates":[[[-43.2946,-22.4027],[-43.2909,-22.4034],[-43.295,-22.4026],[-43.2946,-22.4027]]]}},{"type":"Feature","properties":{"cod_tema":"RIO_ATE_10","cod_imovel":"RJ-3303906-DA7385327781454F9F6EA22E89A1744D","ind_status":"AT"},"geometry":{"type":"Polygon","coordinates":[[[-43.1039,-22.3275],[-43.0954,-22.3213],[-43.1007,-22.325],[-43.0919,-22.3233],[-43.0986,-22.3256],[-43.0961,-22.3292],[-43.1007,-22.325],[-43.1032,-22.3276],[-43.0992,-22.328],[-43.104,-22.3275],[-43.1039,-22.3275]]]}},{"type":"Feature","properties":{"cod_tema":"RIO_ATE_10","cod_imovel":"RJ-3303906-E87DC831EA674A83AFBE8A496318BD27","ind_status":"AT"},"geometry":{"type":"Polygon","coordinates":[[[-43.1594,-22.3271],[-43.1575,-22.3227],[-43.1593,-22.3269],[-43.1594,-22.3271]]]}},{"type":"Feature","properties":{"cod_tema":"RIO_ATE_10","cod_imovel":"RJ-3303906-EBB777F0531348CFA7CA2696E250D0EB","ind_status":"AT"},"geometry":{"type":"Polygon","coordinates":[[[-43.0615,-22.311],[-43.0584,-22.3121],[-43.0666,-22.313],[-43.0617,-22.3111],[-43.0615,-22.311]]]}},{"type":"Feature","properties":{"cod_tema":"RIO_ATE_10","cod_imovel":"RJ-3303906-FB2EDD6B3CF14F01BFA598065AB7C9F5","ind_status":"AT"},"geometry":{"type":"Polygon","coordinates":[[[-43.2872,-22.4017],[-43.2899,-22.4],[-43.2871,-22.4017],[-43.2872,-22.4017]]]}},{"type":"Feature","properties":{"cod_tema":"RIO_ATE_10","cod_imovel":"RJ-3303906-6DB7C1A0E5A54D869310D47EFB92A5A7","ind_status":"AT"},"geometry":{"type":"Polygon","coordinates":[[[-43.1234,-22.3755],[-43.1276,-22.3748],[-43.123,-22.3756],[-43.1234,-22.3755]]]}},{"type":"Feature","properties":{"cod_tema":"RIO_ATE_10","cod_imovel":"RJ-3303906-18D9F4665F624EFAB4F95A19E9864B42","ind_status":"AT"},"geometry":{"type":"Polygon","coordinates":[[[-43.0605,-22.3241],[-43.0578,-22.3224],[-43.0605,-22.3242],[-43.0605,-22.3241]],[[-43.0524,-22.3201],[-43.0507,-22.3169],[-43.0527,-22.3203],[-43.0524,-22.3201]],[[-43.0403,-22.3281],[-43.0371,-22.3249],[-43.0405,-22.3281],[-43.0403,-22.3281]],[[-43.0424,-22.2982],[-43.046,-22.2986],[-43.0385,-22.3],[-43.0422,-22.2982],[-43.0424,-22.2982]],[[-43.0524,-22.3016],[-43.0496,-22.2999],[-43.0524,-22.3017],[-43.0524,-22.3016]],[[-43.0314,-22.3014],[-43.0351,-22.3027],[-43.0314,-22.3014],[-43.0314,-22.3014]],[[-43.0602,-22.3288],[-43.056,-22.3222],[-43.0602,-22.3289],[-43.0602,-22.3288]],[[-43.0518,-22.308],[-43.048,-22.3059],[-43.0462,-22.31],[-43.0499,-22.3066],[-43.0544,-22.3133],[-43.0474,-22.3161],[-43.0544,-22.3134],[-43.052,-22.3082],[-43.0518,-22.308]],[[-43.0483,-22.3197],[-43.0501,-22.3163],[-43.0461,-22.3245],[-43.0482,-22.3198],[-43.0514,-22.3252],[-43.0484,-22.3199],[-43.0483,-22.3197]],[[-43.0351,-22.3052],[-43.0277,-22.3035],[-43.0387,-22.3083],[-43.0347,-22.3053],[-43.0351,-22.3052]],[[-43.0361,-22.3104],[-43.0253,-22.3051],[-43.0363,-22.3105],[-43.0361,-22.3104]],[[-43.0448,-22.3262],[-43.0382,-22.318],[-43.0447,-22.3202],[-43.0374,-22.3158],[-43.0427,-22.3163],[-43.0369,-22.3157],[-43.0451,-22.3263],[-43.0448,-22.3262]]]}},{"type":"Feature","properties":{"cod_tema":"RIO_ATE_10","cod_imovel":"RJ-3303906-187781E201E44092B6131BA2518EC7E7","ind_status":"AT"},"geometry":{"type":"Polygon","coordinates":[[[-43.0752,-22.3223],[-43.0778,-22.3181],[-43.0753,-22.3223],[-43.0752,-22.3223]]]}},{"type":"Feature","properties":{"cod_tema":"RIO_ATE_10","cod_imovel":"RJ-3303906-0232D5A330ED4AEDB72B815A25E72ED0","ind_status":"AT"},"geometry":{"type":"Polygon","coordinates":[[[-43.0299,-22.2407],[-43.0279,-22.2462],[-43.0299,-22.2408],[-43.0299,-22.2407]]]}},{"type":"Feature","properties":{"cod_tema":"RIO_ATE_10","cod_imovel":"RJ-3303906-0D02B059ACC14D17A5846EAFE2C1B205","ind_status":"AT"},"geometry":{"type":"Polygon","coordinates":[[[-42.9962,-22.2441],[-42.9948,-22.2413],[-42.9962,-22.2442],[-42.9962,-22.2441]],[[-42.9936,-22.2481],[-42.9964,-22.2448],[-42.9935,-22.2479],[-42.9936,-22.2481]]]}},{"type":"Feature","properties":{"cod_tema":"RIO_ATE_10","cod_imovel":"RJ-3303906-0D7DF815FCBE4BB9912EE1B9CF9A3ADD","ind_status":"AT"},"geometry":{"type":"Polygon","coordinates":[[[-43.0493,-22.28],[-43.0465,-22.2782],[-43.0493,-22.28],[-43.0493,-22.28]],[[-43.0548,-22.2801],[-43.0513,-22.2797],[-43.0548,-22.2801],[-43.0548,-22.2801]],[[-43.0563,-22.2813],[-43.0579,-22.2842],[-43.0563,-22.2813],[-43.0563,-22.2813]]]}},{"type":"Feature","properties":{"cod_tema":"RIO_ATE_10","cod_imovel":"RJ-3303906-12A7F6742B584517A09E18D06A1AA11C","ind_status":"AT"},"geometry":{"type":"Polygon","coordinates":[[[-43.0505,-22.3066],[-43.0467,-22.3108],[-43.0506,-22.3066],[-43.0505,-22.3066]]]}},{"type":"Feature","properties":{"cod_tema":"RIO_ATE_10","cod_imovel":"RJ-3303906-15EF2C74A25844179AC84BDD67DC83FC","ind_status":"AT"},"geometry":{"type":"Polygon","coordinates":[[[-43.1341,-22.4951],[-43.1337,-22.4897],[-43.1341,-22.4952],[-43.1341,-22.4951]]]}},{"type":"Feature","properties":{"cod_tema":"RIO_ATE_10","cod_imovel":"RJ-3303906-17E2B7B779CC47ACA3AB45E4559B271F","ind_status":"AT"},"geometry":{"type":"Polygon","coordinates":[[[-43.205,-22.4112],[-43.2033,-22.414],[-43.2051,-22.4109],[-43.205,-22.4112]]]}},{"type":"Feature","properties":{"cod_tema":"RIO_ATE_10","cod_imovel":"RJ-3303906-190DCD3F7D514CDFB7B2EE716833E3D1","ind_status":"AT"},"geometry":{"type":"Polygon","coordinates":[[[-43.098,-22.3109],[-43.1,-22.3177],[-43.0977,-22.3111],[-43.098,-22.3109]]]}},{"type":"Feature","properties":{"cod_tema":"RIO_ATE_10","cod_imovel":"RJ-3303906-192519C8334C40C69BA5A298AEA21167","ind_status":"AT"},"geometry":{"type":"Polygon","coordinates":[[[-43.0624,-22.3022],[-43.059,-22.2991],[-43.0624,-22.3023],[-43.0624,-22.3022]]]}},{"type":"Feature","properties":{"cod_tema":"RIO_ATE_10","cod_imovel":"RJ-3303906-1992CF79353A44A49A32634C8C53B809","ind_status":"AT"},"geometry":{"type":"Polygon","coordinates":[[[-43.0808,-22.3233],[-43.0827,-22.3199],[-43.0808,-22.3233],[-43.0808,-22.3233]]]}},{"type":"Feature","properties":{"cod_tema":"RIO_ATE_10","cod_imovel":"RJ-3303906-1B0B6B71E91B49459D92693B48DA8435","ind_status":"AT"},"geometry":{"type":"Polygon","coordinates":[[[-43.0338,-22.2405],[-43.0325,-22.2331],[-43.0379,-22.2344],[-43.0301,-22.2324],[-43.0338,-22.2407],[-43.0338,-22.2405]]]}},{"type":"Feature","properties":{"cod_tema":"RIO_ATE_10","cod_imovel":"RJ-3303906-1D63412E6B78466196477A29E7790CB6","ind_status":"AT"},"geometry":{"type":"Polygon","coordinates":[[[-43.0299,-22.2397],[-43.0276,-22.2342],[-43.0249,-22.2388],[-43.0294,-22.2394],[-43.0299,-22.2397]],[[-43.0286,-22.2449],[-43.0298,-22.2419],[-43.0286,-22.2448],[-43.0286,-22.2449]],[[-43.0318,-22.2372],[-43.0295,-22.2346],[-43.0318,-22.2372],[-43.0318,-22.2372]]]}},{"type":"Feature","properties":{"cod_tema":"RIO_ATE_10","cod_imovel":"RJ-3303906-1F9CD787F8024C9F95C6942A0804CDB3","ind_status":"AT"},"geometry":{"type":"Polygon","coordinates":[[[-43.0812,-22.3356],[-43.086,-22.3357],[-43.081,-22.3357],[-43.0812,-22.3356]]]}},{"type":"Feature","properties":{"cod_tema":"RIO_ATE_10","cod_imovel":"RJ-3303906-255E2CA7FB7D44E19F1E26308ADBDAB5","ind_status":"AT"},"geometry":{"type":"Polygon","coordinates":[[[-43.3206,-22.439],[-43.3082,-22.4496],[-43.3206,-22.4391],[-43.3206,-22.439]],[[-43.322,-22.4407],[-43.3193,-22.4431],[-43.3219,-22.4411],[-43.322,-22.4407]]]}},{"type":"Feature","properties":{"cod_tema":"RIO_ATE_10","cod_imovel":"RJ-3303906-29687FBF092845248EA347AEDCD207F5","ind_status":"AT"},"geometry":{"type":"Polygon","coordinates":[[[-43.3042,-22.3918],[-43.3015,-22.3954],[-43.304,-22.3915],[-43.3042,-22.3918]]]}},{"type":"Feature","properties":{"cod_tema":"RIO_ATE_10","cod_imovel":"RJ-3303906-35B78244CE79462A9F6735893C96490A","ind_status":"AT"},"geometry":{"type":"Polygon","coordinates":[[[-42.9957,-22.2496],[-42.9964,-22.2448],[-42.9956,-22.2496],[-42.9957,-22.2496]],[[-42.9962,-22.2441],[-42.9936,-22.2393],[-42.9962,-22.2442],[-42.9962,-22.2441]]]}},{"type":"Feature","properties":{"cod_tema":"RIO_ATE_10","cod_imovel":"RJ-3303906-35CD185DE9D645C0B82F9FA41AE5340E","ind_status":"AT"},"geometry":{"type":"Polygon","coordinates":[[[-43.0895,-22.3474],[-43.0927,-22.3486],[-43.091,-22.3443],[-43.0856,-22.3465],[-43.0894,-22.3474],[-43.0895,-22.3474]]]}},{"type":"Feature","properties":{"cod_tema":"RIO_ATE_10","cod_imovel":"RJ-3303906-44630DD5ED854483BF63F6E58C753843","ind_status":"AT"},"geometry":{"type":"Polygon","coordinates":[[[-43.0725,-22.272],[-43.0778,-22.2749],[-43.0724,-22.2718],[-43.0725,-22.272]]]}},{"type":"Feature","properties":{"cod_tema":"RIO_ATE_10","cod_imovel":"RJ-3303906-45A985923C3441F2B8DC37E4CFDC9ED8","ind_status":"AT"},"geometry":{"type":"Polygon","coordinates":[[[-43.0563,-22.2813],[-43.0579,-22.2842],[-43.0563,-22.2813],[-43.0563,-22.2813]],[[-43.0592,-22.2839],[-43.0572,-22.2808],[-43.0592,-22.284],[-43.0592,-22.2839]]]}},{"type":"Feature","properties":{"cod_tema":"RIO_ATE_10","cod_imovel":"RJ-3303906-4506859894014561B01B1FB5B57C4076","ind_status":"AT"},"geometry":{"type":"Polygon","coordinates":[[[-42.9846,-22.2467],[-42.9869,-22.2422],[-42.9846,-22.2468],[-42.9846,-22.2467]]]}},{"type":"Feature","properties":{"cod_tema":"RIO_ATE_10","cod_imovel":"RJ-3303906-47033776443647E2A9873CD54348F58D","ind_status":"AT"},"geometry":{"type":"Polygon","coordinates":[[[-43.0314,-22.2678],[-43.0342,-22.2714],[-43.0313,-22.2677],[-43.0314,-22.2678]]]}},{"type":"Feature","properties":{"cod_tema":"RIO_ATE_10","cod_imovel":"RJ-3303906-4D5444EC8F154D5BAC34CA73A643E7E6","ind_status":"AT"},"geometry":{"type":"Polygon","coordinates":[[[-43.0416,-22.3416],[-43.0452,-22.3423],[-43.0416,-22.3416],[-43.0416,-22.3416]],[[-43.0407,-22.3461],[-43.0454,-22.3425],[-43.0407,-22.3461],[-43.0407,-22.3461]]]}},{"type":"Feature","properties":{"cod_tema":"RIO_ATE_10","cod_imovel":"RJ-3303906-4EA374A810E34DC58FEAEA4DFCADA9D1","ind_status":"AT"},"geometry":{"type":"Polygon","coordinates":[[[-43.2871,-22.4018],[-43.2899,-22.4],[-43.287,-22.4018],[-43.2871,-22.4018]]]}},{"type":"Feature","properties":{"cod_tema":"RIO_ATE_10","cod_imovel":"RJ-3303906-5282B3707DCD4DA6B7AF9D7206664B82","ind_status":"AT"},"geometry":{"type":"Polygon","coordinates":[[[-43.2182,-22.3365],[-43.2188,-22.3272],[-43.2205,-22.3328],[-43.2081,-22.3301],[-43.2182,-22.3368],[-43.2182,-22.3365]]]}},{"type":"Feature","properties":{"cod_tema":"RIO_ATE_10","cod_imovel":"RJ-3303906-55729ED042B8482791368151B5BBB922","ind_status":"AT"},"geometry":{"type":"Polygon","coordinates":[[[-43.086,-22.3338],[-43.0903,-22.3325],[-43.086,-22.3338],[-43.086,-22.3338]]]}},{"type":"Feature","properties":{"cod_tema":"RIO_ATE_10","cod_imovel":"RJ-3303906-564C7D2155054A0BAC435DCD32FA5F03","ind_status":"AT"},"geometry":{"type":"Polygon","coordinates":[[[-43.094,-22.321],[-43.1,-22.3243],[-43.0939,-22.3209],[-43.094,-22.321]]]}},{"type":"Feature","properties":{"cod_tema":"RIO_ATE_10","cod_imovel":"RJ-3303906-60715E12BF854D26989CDD63D9409A74","ind_status":"AT"},"geometry":{"type":"Polygon","coordinates":[[[-43.0953,-22.3054],[-43.092,-22.3048],[-43.0953,-22.3054],[-43.0953,-22.3054]]]}},{"type":"Feature","properties":{"cod_tema":"RIO_ATE_10","cod_imovel":"RJ-3303906-66802DA7F79C42B3BCB3F72E3A3849FE","ind_status":"AT"},"geometry":{"type":"Polygon","coordinates":[[[-43.3086,-22.4001],[-43.305,-22.4018],[-43.3087,-22.4],[-43.3086,-22.4001]],[[-43.3145,-22.398],[-43.3097,-22.3947],[-43.3146,-22.398],[-43.3145,-22.398]]]}},{"type":"Feature","properties":{"cod_tema":"RIO_ATE_10","cod_imovel":"RJ-3303906-7183A595B6024D5EB3D9E1C1AFB55F2C","ind_status":"AT"},"geometry":{"type":"Polygon","coordinates":[[[-43.0504,-22.2794],[-43.0459,-22.2773],[-43.0504,-22.2794],[-43.0504,-22.2794]]]}},{"type":"Feature","properties":{"cod_tema":"RIO_ATE_10","cod_imovel":"RJ-3303906-72A78FDE9016448A9AFD60E798ADB34F","ind_status":"AT"},"geometry":{"type":"Polygon","coordinates":[[[-43.0949,-22.3632],[-43.0896,-22.3605],[-43.0949,-22.3632],[-43.0949,-22.3632]],[[-43.094,-22.3633],[-43.0912,-22.3647],[-43.094,-22.3633],[-43.094,-22.3633]]]}},{"type":"Feature","properties":{"cod_tema":"RIO_ATE_10","cod_imovel":"RJ-3303906-7B1FBEEB79A147F6A6392A3A0BBEE3CD","ind_status":"AT"},"geometry":{"type":"Polygon","coordinates":[[[-43.3158,-22.4343],[-43.3101,-22.4385],[-43.3156,-22.4338],[-43.3158,-22.4343]]]}},{"type":"Feature","properties":{"cod_tema":"RIO_ATE_10","cod_imovel":"RJ-3303906-76BE265B919642DDAA98ACFD68B01976","ind_status":"AT"},"geometry":{"type":"Polygon","coordinates":[[[-43.0897,-22.2858],[-43.0838,-22.286],[-43.0897,-22.2858],[-43.0897,-22.2858]]]}},{"type":"Feature","properties":{"cod_tema":"RIO_ATE_10","cod_imovel":"RJ-3303906-7DB1866CC1404A059BF1C12E5A1FB522","ind_status":"AT"},"geometry":{"type":"Polygon","coordinates":[[[-43.2976,-22.3926],[-43.2976,-22.3956],[-43.2977,-22.3925],[-43.2976,-22.3926]]]}},{"type":"Feature","properties":{"cod_tema":"RIO_ATE_10","cod_imovel":"RJ-3303906-8A1CFD60C83544D585B0ECECD9340471","ind_status":"SU"},"geometry":{"type":"Polygon","coordinates":[[[-43.0629,-22.2289],[-43.0611,-22.219],[-43.0629,-22.2289],[-43.0629,-22.2289]]]}},{"type":"Feature","properties":{"cod_tema":"RIO_ATE_10","cod_imovel":"RJ-3303906-84406C1B644B46F5B62CBD1A884EDAC7","ind_status":"AT"},"geometry":{"type":"Polygon","coordinates":[[[-43.2533,-22.3283],[-43.2442,-22.3293],[-43.2529,-22.3286],[-43.2533,-22.3283]]]}},{"type":"Feature","properties":{"cod_tema":"RIO_ATE_10","cod_imovel":"RJ-3303906-84FD4D295B2548F999069A1EB5BB7EF5","ind_status":"AT"},"geometry":{"type":"Polygon","coordinates":[[[-43.0261,-22.213],[-43.0291,-22.2182],[-43.026,-22.2129],[-43.0261,-22.213]]]}},{"type":"Feature","properties":{"cod_tema":"RIO_ATE_10","cod_imovel":"RJ-3303906-8EB10787026D4823B0296FEB143BF75F","ind_status":"AT"},"geometry":{"type":"Polygon","coordinates":[[[-43.0864,-22.3343],[-43.0834,-22.3316],[-43.0862,-22.3344],[-43.0864,-22.3343]]]}},{"type":"Feature","properties":{"cod_tema":"RIO_ATE_10","cod_imovel":"RJ-3303906-95F2ED464C8C49578C3B6FA3A07643F8","ind_status":"AT"},"geometry":{"type":"Polygon","coordinates":[[[-43.3141,-22.3922],[-43.3087,-22.3943],[-43.3116,-22.397],[-43.3097,-22.3938],[-43.3154,-22.392],[-43.3141,-22.3922]]]}},{"type":"Feature","properties":{"cod_tema":"RIO_ATE_10","cod_imovel":"RJ-3303906-95F1C6A14528435998D506945AFA9F7F","ind_status":"AT"},"geometry":{"type":"Polygon","coordinates":[[[-43.2146,-22.3769],[-43.2102,-22.3771],[-43.2147,-22.3767],[-43.2146,-22.3769]]]}},{"type":"Feature","properties":{"cod_tema":"RIO_ATE_10","cod_imovel":"RJ-3303906-9490906E577C450CB05F7EB8ED3EFACB","ind_status":"AT"},"geometry":{"type":"Polygon","coordinates":[[[-43.0937,-22.4624],[-43.09,-22.4639],[-43.0941,-22.4626],[-43.0937,-22.4624]]]}},{"type":"Feature","properties":{"cod_tema":"RIO_ATE_10","cod_imovel":"RJ-3303906-A79D5C058301422DB2880F221AEE17A2","ind_status":"AT"},"geometry":{"type":"Polygon","coordinates":[[[-43.139,-22.5155],[-43.1412,-22.512],[-43.139,-22.5156],[-43.139,-22.5155]]]}},{"type":"Feature","properties":{"cod_tema":"RIO_ATE_10","cod_imovel":"RJ-3303906-A21CED57CCC74F42B0CE56867144108A","ind_status":"AT"},"geometry":{"type":"Polygon","coordinates":[[[-42.9928,-22.2546],[-42.9856,-22.2486],[-42.9928,-22.2547],[-42.9928,-22.2546]]]}},{"type":"Feature","properties":{"cod_tema":"RIO_ATE_10","cod_imovel":"RJ-3303906-A4ED01244BC24C7BA1ACD5408059A88F","ind_status":"AT"},"geometry":{"type":"Polygon","coordinates":[[[-43.0473,-22.3144],[-43.0478,-22.3111],[-43.0473,-22.3146],[-43.0473,-22.3144]]]}},{"type":"Feature","properties":{"cod_tema":"RIO_ATE_10","cod_imovel":"RJ-3303906-AA5CEA17D3E04A37BBCD23043D310B27","ind_status":"AT"},"geometry":{"type":"Polygon","coordinates":[[[-43.1069,-22.4585],[-43.1045,-22.456],[-43.1071,-22.4587],[-43.1069,-22.4585]]]}},{"type":"Feature","properties":{"cod_tema":"RIO_ATE_10","cod_imovel":"RJ-3303906-AC0AC431D49B479CB7E41A56855F713B","ind_status":"AT"},"geometry":{"type":"Polygon","coordinates":[[[-43.2958,-22.4313],[-43.2944,-22.428],[-43.2964,-22.4316],[-43.2958,-22.4313]],[[-43.2929,-22.4271],[-43.2992,-22.4274],[-43.2928,-22.4273],[-43.2929,-22.4271]]]}},{"type":"Feature","properties":{"cod_tema":"RIO_ATE_10","cod_imovel":"RJ-3303906-B07A83CA270A4537B27928444F37C2AE","ind_status":"AT"},"geometry":{"type":"Polygon","coordinates":[[[-43.0886,-22.2934],[-43.0921,-22.2916],[-43.0884,-22.2933],[-43.0886,-22.2934]]]}},{"type":"Feature","properties":{"cod_tema":"RIO_ATE_10","cod_imovel":"RJ-3303906-B21978AFA7694548A89A57BA6B76D818","ind_status":"AT"},"geometry":{"type":"Polygon","coordinates":[[[-43.2029,-22.3338],[-43.1998,-22.3327],[-43.2034,-22.3341],[-43.2029,-22.3338]],[[-43.2082,-22.3301],[-43.1993,-22.3275],[-43.2093,-22.3298],[-43.2082,-22.3301]]]}},{"type":"Feature","properties":{"cod_tema":"RESERVATORIO_ARTIFICIAL_DECORRENTE_BARRAMENTO","cod_imovel":"RJ-3303906-B21978AFA7694548A89A57BA6B76D818","ind_status":"AT"},"geometry":{"type":"Polygon","coordinates":[[[-43.2082,-22.3361],[-43.2018,-22.3355],[-43.2028,-22.3395],[-43.2078,-22.3362],[-43.2082,-22.3361]]]}},{"type":"Feature","properties":{"cod_tema":"RIO_ATE_10","cod_imovel":"RJ-3303906-B59A90055ADA420589042DB26FE18DDC","ind_status":"AT"},"geometry":{"type":"Polygon","coordinates":[[[-43.0365,-22.303],[-43.0387,-22.2998],[-43.0364,-22.3033],[-43.0365,-22.303]]]}},{"type":"Feature","properties":{"cod_tema":"RIO_ATE_10","cod_imovel":"RJ-3303906-BF521A4D024A4886AE53E7DE4C2BA967","ind_status":"AT"},"geometry":{"type":"Polygon","coordinates":[[[-43.0447,-22.2709],[-43.0349,-22.2725],[-43.0447,-22.2709],[-43.0447,-22.2709]]]}},{"type":"Feature","properties":{"cod_tema":"RIO_ATE_10","cod_imovel":"RJ-3303906-BFC2ADD7925947F685CA57BAB88B90BF","ind_status":"AT"},"geometry":{"type":"Polygon","coordinates":[[[-43.0628,-22.2976],[-43.0588,-22.2983],[-43.0629,-22.2975],[-43.0628,-22.2976]]]}},{"type":"Feature","properties":{"cod_tema":"RIO_ATE_10","cod_imovel":"RJ-3303906-C2A9F633649540BAB01D5FF5FBBF7DE7","ind_status":"AT"},"geometry":{"type":"Polygon","coordinates":[[[-43.043,-22.3395],[-43.0506,-22.3448],[-43.047,-22.3388],[-43.0427,-22.3395],[-43.043,-22.3395]]]}},{"type":"Feature","properties":{"cod_tema":"RIO_ATE_10","cod_imovel":"RJ-3303906-C3784E1606344A26AF56A78D2DFAF4E2","ind_status":"AT"},"geometry":{"type":"Polygon","coordinates":[[[-43.0608,-22.3243],[-43.0578,-22.3224],[-43.0609,-22.3243],[-43.0608,-22.3243]],[[-43.0602,-22.3288],[-43.056,-22.3222],[-43.0602,-22.3289],[-43.0602,-22.3288]]]}},{"type":"Feature","properties":{"cod_tema":"RIO_ATE_10","cod_imovel":"RJ-3303906-C7D19710EA4F4262924670BC54E875FB","ind_status":"AT"},"geometry":{"type":"Polygon","coordinates":[[[-43.0407,-22.2739],[-43.0352,-22.2741],[-43.0408,-22.2739],[-43.0407,-22.2739]]]}},{"type":"Feature","properties":{"cod_tema":"RIO_ATE_10","cod_imovel":"RJ-3303906-C87992721DFD405C863D79A1A71469B9","ind_status":"AT"},"geometry":{"type":"Polygon","coordinates":[[[-43.2426,-22.5511],[-43.2392,-22.549],[-43.2432,-22.5514],[-43.2426,-22.5511]]]}},{"type":"Feature","properties":{"cod_tema":"RIO_ATE_10","cod_imovel":"RJ-3303906-CC653C7AF1DF448EA7A0A11335FAC80E","ind_status":"AT"},"geometry":{"type":"Polygon","coordinates":[[[-43.1035,-22.3296],[-43.1059,-22.327],[-43.1034,-22.3299],[-43.1035,-22.3296]]]}},{"type":"Feature","properties":{"cod_tema":"RIO_ATE_10","cod_imovel":"RJ-3303906-CF23423D621F45039D85360F60182035","ind_status":"AT"},"geometry":{"type":"Polygon","coordinates":[[[-43.0953,-22.3015],[-43.0999,-22.3019],[-43.0953,-22.3016],[-43.0953,-22.3015]]]}},{"type":"Feature","properties":{"cod_tema":"RIO_ATE_10","cod_imovel":"RJ-3303906-CF5A0C38EFA54D2989FF650B74C758D4","ind_status":"CA"},"geometry":{"type":"Polygon","coordinates":[[[-43.1302,-22.4474],[-43.1219,-22.4464],[-43.1256,-22.4564],[-43.1219,-22.4465],[-43.1302,-22.4475],[-43.1302,-22.4474]]]}},{"type":"Feature","properties":{"cod_tema":"RIO_ATE_10","cod_imovel":"RJ-3303906-D09E734E6EE44D1AA483E4CF0C5A3F6F","ind_status":"AT"},"geometry":{"type":"Polygon","coordinates":[[[-43.0518,-22.308],[-43.048,-22.3059],[-43.0544,-22.3133],[-43.0474,-22.3161],[-43.0544,-22.3134],[-43.052,-22.3082],[-43.0518,-22.308]]]}},{"type":"Feature","properties":{"cod_tema":"RIO_ATE_10","cod_imovel":"RJ-3303906-D6CFF0A8F3E7490E9BFE3D8A3C5FE1C0","ind_status":"AT"},"geometry":{"type":"Polygon","coordinates":[[[-43.0889,-22.2934],[-43.0917,-22.292],[-43.0846,-22.2934],[-43.0808,-22.2893],[-43.0888,-22.2934],[-43.0889,-22.2934]]]}},{"type":"Feature","properties":{"cod_tema":"RIO_ATE_10","cod_imovel":"RJ-3303906-D96C27688E8B47CF8E28E6375A11AF2F","ind_status":"AT"},"geometry":{"type":"Polygon","coordinates":[[[-43.2561,-22.4325],[-43.2606,-22.4298],[-43.2561,-22.4325],[-43.2561,-22.4325]]]}},{"type":"Feature","properties":{"cod_tema":"RIO_ATE_10","cod_imovel":"RJ-3303906-DD4674D3BA1A436F8C9EDC7829DA5982","ind_status":"AT"},"geometry":{"type":"Polygon","coordinates":[[[-43.0194,-22.242],[-43.0192,-22.2455],[-43.0274,-22.2456],[-43.0194,-22.2418],[-43.0194,-22.242]]]}},{"type":"Feature","properties":{"cod_tema":"RIO_ATE_10","cod_imovel":"RJ-3303906-DDCD0039CBA14E47923D552F1DD28EA2","ind_status":"AT"},"geometry":{"type":"Polygon","coordinates":[[[-43.0496,-22.2748],[-43.0475,-22.2787],[-43.0498,-22.2746],[-43.0496,-22.2748]],[[-43.0491,-22.2697],[-43.0442,-22.2711],[-43.0493,-22.2696],[-43.0491,-22.2697]]]}},{"type":"Feature","properties":{"cod_tema":"RIO_ATE_10","cod_imovel":"RJ-3303906-DE1463A21F754B55A372376FBDB549AA","ind_status":"AT"},"geometry":{"type":"Polygon","coordinates":[[[-43.053,-22.3139],[-43.0538,-22.3106],[-43.0561,-22.3186],[-43.053,-22.314],[-43.053,-22.3139]],[[-43.0611,-22.3171],[-43.056,-22.3112],[-43.0611,-22.3172],[-43.0611,-22.3171]]]}},{"type":"Feature","properties":{"cod_tema":"RIO_ATE_10","cod_imovel":"RJ-3303906-DF165F69F6874E4DA67A92D72215C4A7","ind_status":"AT"},"geometry":{"type":"Polygon","coordinates":[[[-43.2909,-22.3739],[-43.2883,-22.3703],[-43.2908,-22.3742],[-43.2909,-22.3739]]]}},{"type":"Feature","properties":{"cod_tema":"RIO_ATE_10","cod_imovel":"RJ-3303906-DF62F6D0B72545ECBEB62F9E9278F02C","ind_status":"AT"},"geometry":{"type":"Polygon","coordinates":[[[-43.1959,-22.4459],[-43.1924,-22.4415],[-43.1959,-22.4459],[-43.1959,-22.4459]]]}},{"type":"Feature","properties":{"cod_tema":"RIO_ATE_10","cod_imovel":"RJ-3303906-E14C3D1CE7454BA9B3A5B386F47E0B40","ind_status":"AT"},"geometry":{"type":"Polygon","coordinates":[[[-43.0524,-22.3016],[-43.0496,-22.2999],[-43.0524,-22.3017],[-43.0524,-22.3016]]]}},{"type":"Feature","properties":{"cod_tema":"RIO_10_A_50","cod_imovel":"RJ-3303906-E14D6EDA0ECE4D8E975E64A9EF5DE89B","ind_status":"AT"},"geometry":{"type":"Polygon","coordinates":[[[-43.1152,-22.2915],[-43.1059,-22.288],[-43.1151,-22.2916],[-43.1152,-22.2915]]]}},{"type":"Feature","properties":{"cod_tema":"RIO_ATE_10","cod_imovel":"RJ-3303906-E24B19A6919C485383AA4E906773E967","ind_status":"AT"},"geometry":{"type":"Polygon","coordinates":[[[-43.1277,-22.5169],[-43.1255,-22.5191],[-43.1276,-22.5169],[-43.1277,-22.5169]]]}},{"type":"Feature","properties":{"cod_tema":"RIO_ATE_10","cod_imovel":"RJ-3303906-E6F6AE1CEB074D259C24B5C25AB2F1E1","ind_status":"CA"},"geometry":{"type":"Polygon","coordinates":[[[-43.1302,-22.4474],[-43.1231,-22.4455],[-43.1165,-22.4511],[-43.1203,-22.4558],[-43.1173,-22.4514],[-43.1215,-22.4476],[-43.1265,-22.4558],[-43.1219,-22.4465],[-43.1302,-22.4475],[-43.1302,-22.4474]]]}},{"type":"Feature","properties":{"cod_tema":"RIO_ATE_10","cod_imovel":"RJ-3303906-EAC75000E1704B3E85D26EE079F43A89","ind_status":"AT"},"geometry":{"type":"Polygon","coordinates":[[[-43.0294,-22.2518],[-43.0259,-22.2576],[-43.0297,-22.2514],[-43.0294,-22.2518]],[[-43.03,-22.2549],[-43.0269,-22.2551],[-43.0302,-22.2549],[-43.03,-22.2549]]]}},{"type":"Feature","properties":{"cod_tema":"RIO_ATE_10","cod_imovel":"RJ-3303906-EAB328036AD44A5290D1C9D3AF52CACF","ind_status":"AT"},"geometry":{"type":"Polygon","coordinates":[[[-43.074,-22.4225],[-43.0784,-22.4268],[-43.074,-22.4225],[-43.0794,-22.4226],[-43.074,-22.4225],[-43.074,-22.4225]]]}},{"type":"Feature","properties":{"cod_tema":"RIO_ATE_10","cod_imovel":"RJ-3303906-EC1AAE9ED23D4918AC2C6467543BA96D","ind_status":"AT"},"geometry":{"type":"Polygon","coordinates":[[[-43.0996,-22.3065],[-43.096,-22.3049],[-43.0998,-22.3067],[-43.0996,-22.3065]]]}},{"type":"Feature","properties":{"cod_tema":"RIO_ATE_10","cod_imovel":"RJ-3303906-EFA1BF85D0F441A5A925B8CED3CADD73","ind_status":"AT"},"geometry":{"type":"Polygon","coordinates":[[[-43.1119,-22.3456],[-43.1084,-22.3467],[-43.1119,-22.3454],[-43.1119,-22.3456]]]}},{"type":"Feature","properties":{"cod_tema":"RIO_ATE_10","cod_imovel":"RJ-3303906-8E489759CD59407F9A6605FC144155A6","ind_status":"AT"},"geometry":{"type":"Polygon","coordinates":[[[-43.3443,-22.4241],[-43.3452,-22.4274],[-43.3443,-22.4238],[-43.3443,-22.4241]]]}},{"type":"Feature","properties":{"cod_tema":"RIO_ATE_10","cod_imovel":"RJ-3303906-F043F91BA3EE4A39A8AA1DE60B90F8D4","ind_status":"AT"},"geometry":{"type":"Polygon","coordinates":[[[-43.1943,-22.4024],[-43.1895,-22.4077],[-43.1943,-22.4024],[-43.1943,-22.4024]]]}},{"type":"Feature","properties":{"cod_tema":"RIO_ATE_10","cod_imovel":"RJ-3303906-B31B6C913072470692A9CB30671E5E2F","ind_status":"AT"},"geometry":{"type":"Polygon","coordinates":[[[-43.0196,-22.2976],[-43.0266,-22.3011],[-43.0127,-22.295],[-43.0208,-22.2991],[-43.014,-22.3011],[-43.0167,-22.3025],[-43.0195,-22.2977],[-43.0196,-22.2976]]]}},{"type":"Feature","properties":{"cod_tema":"RIO_ATE_10","cod_imovel":"RJ-3303906-90124036B6184FC2AD6512FDBBF2D066","ind_status":"AT"},"geometry":{"type":"Polygon","coordinates":[[[-43.0518,-22.4184],[-43.0419,-22.414],[-43.0483,-22.4179],[-43.0364,-22.4196],[-43.0519,-22.4184],[-43.0518,-22.4184]],[[-43.0647,-22.4222],[-43.0568,-22.4209],[-43.0599,-22.4238],[-43.0549,-22.4288],[-43.0647,-22.4222],[-43.0647,-22.4222]],[[-43.078,-22.4489],[-43.0762,-22.438],[-43.0669,-22.4323],[-43.0701,-22.4403],[-43.0618,-22.4457],[-43.0682,-22.4428],[-43.0618,-22.4519],[-43.0683,-22.4427],[-43.073,-22.4491],[-43.0683,-22.4447],[-43.0701,-22.4398],[-43.0751,-22.4484],[-43.0692,-22.4438],[-43.071,-22.4359],[-43.0749,-22.4413],[-43.0712,-22.4355],[-43.078,-22.4489],[-43.078,-22.4489]],[[-43.0656,-22.423],[-43.0619,-22.4284],[-43.0657,-22.423],[-43.0656,-22.423]],[[-43.0673,-22.4247],[-43.066,-22.4291],[-43.0677,-22.4245],[-43.0673,-22.4247]],[[-43.0769,-22.4305],[-43.0701,-22.4256],[-43.0781,-22.4312],[-43.0769,-22.4305]]]}},{"type":"Feature","properties":{"cod_tema":"RIO_ATE_10","cod_imovel":"RJ-3303906-3DBC2BA7010043BDB7436C7FA89EB4E5","ind_status":"AT"},"geometry":{"type":"Polygon","coordinates":[[[-43.1064,-22.4154],[-43.1099,-22.4113],[-43.1061,-22.4159],[-43.1064,-22.4154]]]}},{"type":"Feature","properties":{"cod_tema":"RIO_ATE_10","cod_imovel":"RJ-3303906-80F649B5213D45F984AF09FD3DD1224C","ind_status":"AT"},"geometry":{"type":"Polygon","coordinates":[[[-43.0585,-22.4002],[-43.0567,-22.3963],[-43.0615,-22.3953],[-43.0536,-22.392],[-43.0585,-22.3959],[-43.0473,-22.3921],[-43.0551,-22.3968],[-43.0434,-22.3946],[-43.0501,-22.3976],[-43.0438,-22.4001],[-43.0398,-22.3932],[-43.0423,-22.4004],[-43.0343,-22.3905],[-43.0393,-22.3982],[-43.0296,-22.3921],[-43.0409,-22.3993],[-43.0309,-22.3952],[-43.0353,-22.3985],[-43.0308,-22.3982],[-43.0429,-22.4004],[-43.0369,-22.4051],[-43.0435,-22.4004],[-43.0381,-22.4075],[-43.0455,-22.3991],[-43.0475,-22.4058],[-43.0489,-22.3982],[-43.0546,-22.3969],[-43.0486,-22.3997],[-43.0501,-22.4059],[-43.0496,-22.3989],[-43.0551,-22.3969],[-43.0531,-22.4016],[-43.0567,-22.3964],[-43.0585,-22.4004],[-43.0585,-22.4002]],[[-43.063,-22.3947],[-43.0589,-22.3914],[-43.0629,-22.3948],[-43.063,-22.3947]],[[-43.0595,-22.3901],[-43.0632,-22.3943],[-43.0592,-22.3899],[-43.0595,-22.3901]]]}},{"type":"Feature","properties":{"cod_tema":"RIO_ATE_10","cod_imovel":"RJ-3303906-747BA7CACD1A44E480371227E708599D","ind_status":"AT"},"geometry":{"type":"Polygon","coordinates":[[[-43.0876,-22.4322],[-43.0961,-22.4296],[-43.0795,-22.4319],[-43.0875,-22.4322],[-43.0791,-22.4403],[-43.087,-22.4348],[-43.0843,-22.4431],[-43.0862,-22.4374],[-43.0906,-22.4402],[-43.0861,-22.4396],[-43.0874,-22.4325],[-43.0876,-22.4322]]]}},{"type":"Feature","properties":{"cod_tema":"RIO_ATE_10","cod_imovel":"RJ-3303906-9DCF468B98534AEDB4BF6DAC5B657F2D","ind_status":"AT"},"geometry":{"type":"Polygon","coordinates":[[[-43.3437,-22.4378],[-43.3413,-22.4428],[-43.3437,-22.4378],[-43.3437,-22.4378]]]}},{"type":"Feature","properties":{"cod_tema":"RIO_ATE_10","cod_imovel":"RJ-3303906-7251F12098BD4CC7BB6E8BEAA8E778D2","ind_status":"AT"},"geometry":{"type":"Polygon","coordinates":[[[-43.3247,-22.4479],[-43.3208,-22.4528],[-43.3254,-22.4448],[-43.3252,-22.4481],[-43.3247,-22.4479]]]}},{"type":"Feature","properties":{"cod_tema":"RIO_ATE_10","cod_imovel":"RJ-3303906-9236C6B433604E0592EF67F027942E81","ind_status":"AT"},"geometry":{"type":"Polygon","coordinates":[[[-43.2945,-22.4404],[-43.2919,-22.4387],[-43.2946,-22.4404],[-43.2945,-22.4404]],[[-43.2989,-22.4359],[-43.2975,-22.4326],[-43.2989,-22.443],[-43.2989,-22.4361],[-43.2989,-22.4359]],[[-43.3043,-22.439],[-43.3014,-22.4361],[-43.2999,-22.4411],[-43.3015,-22.436],[-43.3007,-22.4409],[-43.3043,-22.439],[-43.3011,-22.4437],[-43.3043,-22.439],[-43.3043,-22.439]],[[-43.3122,-22.4339],[-43.3153,-22.4289],[-43.3108,-22.4352],[-43.3051,-22.4352],[-43.3121,-22.4341],[-43.3122,-22.4339]]]}},{"type":"Feature","properties":{"cod_tema":"RIO_ATE_10","cod_imovel":"RJ-3303906-222FFC0C47624297B134AAC79C17AD9F","ind_status":"CA"},"geometry":{"type":"Polygon","coordinates":[[[-43.3057,-22.3822],[-43.3039,-22.3868],[-43.2989,-22.3853],[-43.3094,-22.3838],[-43.3058,-22.381],[-43.3057,-22.3822]]]}},{"type":"Feature","properties":{"cod_tema":"RIO_ATE_10","cod_imovel":"RJ-3303906-4113C77F7AF84DE1ACF7D9D2B330D85C","ind_status":"CA"},"geometry":{"type":"Polygon","coordinates":[[[-43.0984,-22.4117],[-43.0945,-22.4091],[-43.0983,-22.4115],[-43.0984,-22.4117]]]}},{"type":"Feature","properties":{"cod_tema":"RIO_ATE_10","cod_imovel":"RJ-3303906-C637B129D6244D03A959C5B6D1E7CEF4","ind_status":"AT"},"geometry":{"type":"Polygon","coordinates":[[[-43.0738,-22.3272],[-43.0789,-22.3246],[-43.0736,-22.3274],[-43.0738,-22.3272]]]}},{"type":"Feature","properties":{"cod_tema":"RIO_ATE_10","cod_imovel":"RJ-3303906-A6CDE3F6EDE14D6F95DAB0D1243930EB","ind_status":"AT"},"geometry":{"type":"Polygon","coordinates":[[[-43.0704,-22.3803],[-43.0758,-22.3785],[-43.0703,-22.3804],[-43.0704,-22.3803]]]}},{"type":"Feature","properties":{"cod_tema":"RIO_ATE_10","cod_imovel":"RJ-3303906-B68BE64CD08B4927AB63E6A8CAFECAEE","ind_status":"AT"},"geometry":{"type":"Polygon","coordinates":[[[-43.0311,-22.3332],[-43.0223,-22.3287],[-43.0208,-22.3206],[-43.0202,-22.3312],[-43.0311,-22.3332],[-43.0311,-22.3332]],[[-43.0393,-22.3256],[-43.0277,-22.3212],[-43.0323,-22.3286],[-43.0316,-22.3257],[-43.0395,-22.3256],[-43.0393,-22.3256]]]}},{"type":"Feature","properties":{"cod_tema":"RIO_ATE_10","cod_imovel":"RJ-3303906-AA6D2A013831457F8E9A73CDCFA634E1","ind_status":"AT"},"geometry":{"type":"Polygon","coordinates":[[[-43.2945,-22.4156],[-43.298,-22.4148],[-43.2938,-22.4157],[-43.2945,-22.4156]]]}},{"type":"Feature","properties":{"cod_tema":"RIO_ATE_10","cod_imovel":"RJ-3303906-65DD099B715E4E0B9CD8149EB6925CCE","ind_status":"AT"},"geometry":{"type":"Polygon","coordinates":[[[-43.0788,-22.3574],[-43.0669,-22.3664],[-43.0643,-22.3616],[-43.0742,-22.3572],[-43.0658,-22.3617],[-43.0613,-22.3587],[-43.065,-22.3641],[-43.0594,-22.3635],[-43.0655,-22.3649],[-43.0604,-22.3688],[-43.0648,-22.3652],[-43.0649,-22.3701],[-43.0655,-22.3649],[-43.0701,-22.3711],[-43.0669,-22.3664],[-43.0701,-22.3636],[-43.0774,-22.3695],[-43.072,-22.3639],[-43.0783,-22.3682],[-43.0745,-22.3639],[-43.0817,-22.362],[-43.0752,-22.3631],[-43.0788,-22.3574],[-43.0788,-22.3574]]]}},{"type":"Feature","properties":{"cod_tema":"RIO_ATE_10","cod_imovel":"RJ-3303906-7ECB3D7AD2214B2398FE6A7DFE5738B7","ind_status":"AT"},"geometry":{"type":"Polygon","coordinates":[[[-43.0821,-22.4184],[-43.0863,-22.4144],[-43.0818,-22.4184],[-43.0821,-22.4184]]]}},{"type":"Feature","properties":{"cod_tema":"RIO_ATE_10","cod_imovel":"RJ-3303906-F1187ECFE7D143B3A36CE8D9F576D690","ind_status":"PE"},"geometry":{"type":"Polygon","coordinates":[[[-43.1415,-22.3265],[-43.138,-22.3297],[-43.1416,-22.3265],[-43.1415,-22.3265]]]}},{"type":"Feature","properties":{"cod_tema":"RIO_ATE_10","cod_imovel":"RJ-3303906-14127F66DB3443DCBEB6DE958E56FF7C","ind_status":"AT"},"geometry":{"type":"Polygon","coordinates":[[[-43.0611,-22.256],[-43.0519,-22.2586],[-43.0586,-22.2565],[-43.0552,-22.2666],[-43.0584,-22.2634],[-43.0593,-22.2679],[-43.0613,-22.256],[-43.0611,-22.256]]]}},{"type":"Feature","properties":{"cod_tema":"RIO_ATE_10","cod_imovel":"RJ-3303906-4D7820FC6AC94781A1FEA38F10DE4810","ind_status":"AT"},"geometry":{"type":"Polygon","coordinates":[[[-43.0417,-22.2797],[-43.0401,-22.2858],[-43.0418,-22.2796],[-43.0417,-22.2797]]]}},{"type":"Feature","properties":{"cod_tema":"RIO_ATE_10","cod_imovel":"RJ-3303906-19267E6C4AE24862AC7CE2B11B7EB490","ind_status":"AT"},"geometry":{"type":"Polygon","coordinates":[[[-43.0642,-22.3064],[-43.0647,-22.311],[-43.0643,-22.3065],[-43.0702,-22.3115],[-43.0641,-22.3062],[-43.0642,-22.3064]],[[-43.0656,-22.3056],[-43.0728,-22.3108],[-43.0655,-22.3055],[-43.0656,-22.3056]]]}},{"type":"Feature","properties":{"cod_tema":"RIO_ATE_10","cod_imovel":"RJ-3303906-5A520C3E83D342B292986162F4CD51DC","ind_status":"AT"},"geometry":{"type":"Polygon","coordinates":[[[-43.0201,-22.2575],[-43.0233,-22.2601],[-43.0201,-22.2575],[-43.0201,-22.2575]]]}},{"type":"Feature","properties":{"cod_tema":"RIO_ATE_10","cod_imovel":"RJ-3303906-16A86877A00748579EE8ABA8DD0DE61A","ind_status":"AT"},"geometry":{"type":"Polygon","coordinates":[[[-43.2154,-22.3677],[-43.2258,-22.376],[-43.2153,-22.3676],[-43.2154,-22.3677]]]}},{"type":"Feature","properties":{"cod_tema":"RIO_ATE_10","cod_imovel":"RJ-3303906-41A530A0BC584F338B0FA43FD07C919D","ind_status":"AT"},"geometry":{"type":"Polygon","coordinates":[[[-43.3078,-22.3912],[-43.3116,-22.386],[-43.3077,-22.3913],[-43.3078,-22.3912]]]}},{"type":"Feature","properties":{"cod_tema":"RIO_ATE_10","cod_imovel":"RJ-3303906-9E7FF68371C44E409EB1B7DD7F458721","ind_status":"AT"},"geometry":{"type":"Polygon","coordinates":[[[-43.0838,-22.4365],[-43.0812,-22.4381],[-43.0849,-22.436],[-43.0838,-22.4365]]]}},{"type":"Feature","properties":{"cod_tema":"RIO_ATE_10","cod_imovel":"RJ-3303906-829EBB70079447C8B289745F5FC6DFBA","ind_status":"AT"},"geometry":{"type":"Polygon","coordinates":[[[-43.0089,-22.2395],[-43.0073,-22.2438],[-43.0007,-22.2429],[-43.0073,-22.2438],[-43.0104,-22.2383],[-43.0089,-22.2395]]]}},{"type":"Feature","properties":{"cod_tema":"RIO_10_A_50","cod_imovel":"RJ-3303906-829EBB70079447C8B289745F5FC6DFBA","ind_status":"AT"},"geometry":{"type":"Polygon","coordinates":[[[-43.0176,-22.2402],[-43.0131,-22.2385],[-43.0175,-22.2403],[-43.0176,-22.2402]]]}},{"type":"Feature","properties":{"cod_tema":"RIO_ATE_10","cod_imovel":"RJ-3303906-4DD9A93667704B7FB20A1EBD58F714D7","ind_status":"PE"},"geometry":{"type":"Polygon","coordinates":[[[-43.1363,-22.3189],[-43.1431,-22.3255],[-43.1363,-22.3189],[-43.1363,-22.3189]]]}},{"type":"Feature","properties":{"cod_tema":"RIO_ATE_10","cod_imovel":"RJ-3303906-080943E922CE4D37B864267CE3E5F07F","ind_status":"AT"},"geometry":{"type":"Polygon","coordinates":[[[-43.0394,-22.4584],[-43.0426,-22.4608],[-43.0392,-22.4583],[-43.0394,-22.4584]],[[-43.0529,-22.4323],[-43.0552,-22.428],[-43.0468,-22.4414],[-43.0515,-22.4497],[-43.0453,-22.4572],[-43.0407,-22.4557],[-43.0476,-22.4598],[-43.0515,-22.4497],[-43.0495,-22.4602],[-43.0546,-22.4644],[-43.0582,-22.4613],[-43.0527,-22.4595],[-43.0528,-22.4546],[-43.0581,-22.4593],[-43.0512,-22.4483],[-43.0633,-22.4452],[-43.0512,-22.4483],[-43.0489,-22.4413],[-43.0548,-22.4439],[-43.0492,-22.441],[-43.0543,-22.4405],[-43.0495,-22.435],[-43.0525,-22.4322],[-43.0581,-22.4385],[-43.0529,-22.4323],[-43.0529,-22.4323]],[[-43.052,-22.4568],[-43.0581,-22.4612],[-43.0547,-22.4643],[-43.0495,-22.4605],[-43.0518,-22.4565],[-43.052,-22.4568]],[[-43.0554,-22.4671],[-43.0585,-22.4663],[-43.0552,-22.4671],[-43.0554,-22.4671]],[[-43.0565,-22.4313],[-43.0572,-22.4271],[-43.0566,-22.4315],[-43.0565,-22.4313]],[[-43.0692,-22.4328],[-43.0659,-22.4262],[-43.0675,-22.4349],[-43.0613,-22.4355],[-43.0566,-22.4439],[-43.0695,-22.4329],[-43.0692,-22.4328]],[[-43.0584,-22.4334],[-43.0573,-22.4267],[-43.0582,-22.4336],[-43.0584,-22.4334]],[[-43.0583,-22.4583],[-43.0585,-22.454],[-43.0583,-22.4583],[-43.0583,-22.4583]],[[-43.0585,-22.4364],[-43.0636,-22.4256],[-43.0584,-22.4364],[-43.0585,-22.4364]],[[-43.0642,-22.4398],[-43.0682,-22.4386],[-43.0641,-22.4398],[-43.0642,-22.4398]]]}},{"type":"Feature","properties":{"cod_tema":"RIO_ATE_10","cod_imovel":"RJ-3303906-73D7E4146E5340C486F46AEF4549348C","ind_status":"AT"},"geometry":{"type":"Polygon","coordinates":[[[-43.0843,-22.3569],[-43.0923,-22.3539],[-43.0828,-22.3579],[-43.0843,-22.3569]]]}},{"type":"Feature","properties":{"cod_tema":"RIO_ATE_10","cod_imovel":"RJ-3303906-E01E2DD80FFA4E088C614EC0B0D5015F","ind_status":"AT"},"geometry":{"type":"Polygon","coordinates":[[[-43.051,-22.298],[-43.0585,-22.3063],[-43.051,-22.298],[-43.051,-22.298]]]}},{"type":"Feature","properties":{"cod_tema":"RIO_ATE_10","cod_imovel":"RJ-3303906-F59BB907FDAB42F19536E315B12A258A","ind_status":"AT"},"geometry":{"type":"Polygon","coordinates":[[[-43.2447,-22.4484],[-43.2409,-22.4522],[-43.2372,-22.4489],[-43.2416,-22.4537],[-43.2375,-22.4594],[-43.2437,-22.4577],[-43.2403,-22.4567],[-43.2447,-22.4484],[-43.2447,-22.4484]]]}},{"type":"Feature","properties":{"cod_tema":"RIO_ATE_10","cod_imovel":"RJ-3303906-CB5B20C27FE34613BCD471C12336E286","ind_status":"AT"},"geometry":{"type":"Polygon","coordinates":[[[-43.1985,-22.3903],[-43.2012,-22.3963],[-43.1998,-22.3924],[-43.2045,-22.3924],[-43.1942,-22.3885],[-43.1987,-22.391],[-43.1966,-22.3962],[-43.1987,-22.391],[-43.1985,-22.3903]]]}},{"type":"Feature","properties":{"cod_tema":"RIO_ATE_10","cod_imovel":"RJ-3303906-F9F4BE13981442AF9F0D3279FECF70C3","ind_status":"AT"},"geometry":{"type":"Polygon","coordinates":[[[-43.201,-22.3367],[-43.1984,-22.3386],[-43.2011,-22.3365],[-43.201,-22.3367]],[[-43.197,-22.3294],[-43.195,-22.3334],[-43.2005,-22.3322],[-43.1971,-22.3295],[-43.197,-22.3294]],[[-43.1877,-22.3397],[-43.1866,-22.3344],[-43.1941,-22.3348],[-43.1878,-22.334],[-43.1879,-22.3301],[-43.1874,-22.3371],[-43.1786,-22.3402],[-43.1879,-22.3396],[-43.1877,-22.3397]]]}},{"type":"Feature","properties":{"cod_tema":"RIO_ATE_10","cod_imovel":"RJ-3303906-8D73E7C3A79E496CBC8CA843C1300D90","ind_status":"AT"},"geometry":{"type":"Polygon","coordinates":[[[-43.3295,-22.4536],[-43.3257,-22.4491],[-43.3298,-22.4537],[-43.3295,-22.4536]],[[-43.3326,-22.446],[-43.3287,-22.4441],[-43.3327,-22.4461],[-43.3326,-22.446]]]}},{"type":"Feature","properties":{"cod_tema":"RIO_ATE_10","cod_imovel":"RJ-3303906-4FF8D387F1D848AFBBFA7C857A028812","ind_status":"AT"},"geometry":{"type":"Polygon","coordinates":[[[-43.0702,-22.3524],[-43.0629,-22.3555],[-43.0702,-22.3524],[-43.0702,-22.3524]]]}},{"type":"Feature","properties":{"cod_tema":"RIO_ATE_10","cod_imovel":"RJ-3303906-1956B4C09EE34FBD9A05E9BCAF2A08AC","ind_status":"AT"},"geometry":{"type":"Polygon","coordinates":[[[-43.2245,-22.374],[-43.2203,-22.3707],[-43.2248,-22.3743],[-43.2245,-22.374]]]}},{"type":"Feature","properties":{"cod_tema":"RIO_ATE_10","cod_imovel":"RJ-3303906-523F78A7A53147E19ED5B0C2DA88C544","ind_status":"AT"},"geometry":{"type":"Polygon","coordinates":[[[-43.1,-22.4088],[-43.103,-22.4044],[-43.0996,-22.4092],[-43.1,-22.4088]]]}},{"type":"Feature","properties":{"cod_tema":"RIO_ATE_10","cod_imovel":"RJ-3303906-BEFAD7DE83E1468083AFFEAC4994E859","ind_status":"PE"},"geometry":{"type":"Polygon","coordinates":[[[-43.2233,-22.338],[-43.2247,-22.3429],[-43.2233,-22.338],[-43.2233,-22.338]],[[-43.2189,-22.3401],[-43.2232,-22.3431],[-43.2182,-22.3362],[-43.2189,-22.3401],[-43.2189,-22.3401]],[[-43.2113,-22.3393],[-43.2143,-22.3416],[-43.2092,-22.3368],[-43.2075,-22.3442],[-43.2112,-22.3392],[-43.2113,-22.3393]]]}},{"type":"Feature","properties":{"cod_tema":"RIO_ATE_10","cod_imovel":"RJ-3303906-D2E9B44A6D45468494C81CCABA97E5C9","ind_status":"AT"},"geometry":{"type":"Polygon","coordinates":[[[-43.2639,-22.3498],[-43.2673,-22.3418],[-43.2633,-22.3499],[-43.2639,-22.3498]]]}},{"type":"Feature","properties":{"cod_tema":"RIO_ATE_10","cod_imovel":"RJ-3303906-58260EE287614E0AA9AF280F97D0F7A2","ind_status":"AT"},"geometry":{"type":"Polygon","coordinates":[[[-43.0678,-22.3719],[-43.0634,-22.3733],[-43.0677,-22.372],[-43.0652,-22.3791],[-43.0678,-22.3719],[-43.0678,-22.3719]]]}},{"type":"Feature","properties":{"cod_tema":"RIO_ATE_10","cod_imovel":"RJ-3303906-6AF004D7325E43D986EDEB8C6910B66D","ind_status":"AT"},"geometry":{"type":"Polygon","coordinates":[[[-43.0436,-22.3715],[-43.0521,-22.377],[-43.0433,-22.3715],[-43.0436,-22.3715]]]}},{"type":"Feature","properties":{"cod_tema":"RIO_ATE_10","cod_imovel":"RJ-3303906-B83B04BB14714F259755C40FBC57B9E8","ind_status":"AT"},"geometry":{"type":"Polygon","coordinates":[[[-43.0327,-22.3794],[-43.0368,-22.3825],[-43.0322,-22.3779],[-43.0327,-22.3794]],[[-43.0362,-22.3767],[-43.0423,-22.3798],[-43.0354,-22.3762],[-43.0362,-22.3767]],[[-43.0354,-22.3842],[-43.0494,-22.3789],[-43.0347,-22.3852],[-43.0354,-22.3842]]]}},{"type":"Feature","properties":{"cod_tema":"RIO_ATE_10","cod_imovel":"RJ-3303906-3A1F2775A3774CB6A4339B0CE8BF5625","ind_status":"AT"},"geometry":{"type":"Polygon","coordinates":[[[-43.0957,-22.4216],[-43.0929,-22.4237],[-43.0958,-22.4216],[-43.0957,-22.4216]]]}},{"type":"Feature","properties":{"cod_tema":"RIO_ATE_10","cod_imovel":"RJ-3303906-5CE0CAAE5556466283FAC5C9A283D246","ind_status":"AT"},"geometry":{"type":"Polygon","coordinates":[[[-43.0742,-22.3866],[-43.0717,-22.3913],[-43.0799,-22.3857],[-43.0685,-22.385],[-43.0738,-22.3865],[-43.0742,-22.3866]]]}},{"type":"Feature","properties":{"cod_tema":"RIO_ATE_10","cod_imovel":"RJ-3303906-FAE50529BC7C4102AD5BC083CA5EA5CA","ind_status":"AT"},"geometry":{"type":"Polygon","coordinates":[[[-43.0493,-22.4271],[-43.0552,-22.428],[-43.0493,-22.4271],[-43.0493,-22.4271]],[[-43.0502,-22.4255],[-43.0565,-22.4272],[-43.0502,-22.4255],[-43.0502,-22.4255]]]}},{"type":"Feature","properties":{"cod_tema":"RIO_ATE_10","cod_imovel":"RJ-3303906-0C3A2B1D7D8A4F83AA8DEFC1504A93EA","ind_status":"AT"},"geometry":{"type":"Polygon","coordinates":[[[-43.0604,-22.3772],[-43.0581,-22.3712],[-43.0626,-22.3736],[-43.0597,-22.3696],[-43.0648,-22.3652],[-43.058,-22.3712],[-43.0605,-22.3773],[-43.0604,-22.3772]]]}},{"type":"Feature","properties":{"cod_tema":"RIO_ATE_10","cod_imovel":"RJ-3303906-AEED00D321ED43D0AC6BF68E94C809DF","ind_status":"AT"},"geometry":{"type":"Polygon","coordinates":[[[-43.0604,-22.3772],[-43.058,-22.3712],[-43.0605,-22.3773],[-43.0604,-22.3772]]]}},{"type":"Feature","properties":{"cod_tema":"RIO_ATE_10","cod_imovel":"RJ-3303906-6B87AA20BDF44DA5A74A1B8F4B1B89F5","ind_status":"AT"},"geometry":{"type":"Polygon","coordinates":[[[-43.0773,-22.3694],[-43.072,-22.3639],[-43.0783,-22.3682],[-43.0745,-22.3639],[-43.0787,-22.3617],[-43.0752,-22.3631],[-43.0767,-22.3586],[-43.0745,-22.3639],[-43.0744,-22.3591],[-43.074,-22.3637],[-43.0655,-22.3649],[-43.0701,-22.3711],[-43.0748,-22.3701],[-43.0688,-22.3701],[-43.07,-22.3636],[-43.0774,-22.3695],[-43.0773,-22.3694]]]}},{"type":"Feature","properties":{"cod_tema":"RIO_ATE_10","cod_imovel":"RJ-3303906-07EBAF14D8C14F2FADF16CA16106EC14","ind_status":"AT"},"geometry":{"type":"Polygon","coordinates":[[[-43.1765,-22.3193],[-43.1717,-22.3212],[-43.1765,-22.3193],[-43.1765,-22.3193]],[[-43.1705,-22.3161],[-43.1669,-22.3166],[-43.1744,-22.3194],[-43.1676,-22.315],[-43.1705,-22.3161],[-43.1705,-22.3161]]]}},{"type":"Feature","properties":{"cod_tema":"RIO_ATE_10","cod_imovel":"RJ-3303906-43ED123147264A95961A7F4444FB9241","ind_status":"AT"},"geometry":{"type":"Polygon","coordinates":[[[-43.0698,-22.386],[-43.0738,-22.3865],[-43.0692,-22.3861],[-43.0698,-22.386]],[[-43.066,-22.3869],[-43.0717,-22.3913],[-43.0659,-22.3869],[-43.066,-22.3869]],[[-43.0601,-22.3812],[-43.0621,-22.3853],[-43.0538,-22.3829],[-43.0616,-22.3855],[-43.0758,-22.3785],[-43.0632,-22.3847],[-43.06,-22.3811],[-43.0601,-22.3812]]]}},{"type":"Feature","properties":{"cod_tema":"RIO_ATE_10","cod_imovel":"RJ-3303906-71C66FFD930A4D08B732FF9745D60D2C","ind_status":"AT"},"geometry":{"type":"Polygon","coordinates":[[[-43.146,-22.3108],[-43.1489,-22.3066],[-43.1461,-22.3108],[-43.146,-22.3108]],[[-43.1483,-22.3177],[-43.1467,-22.3139],[-43.1482,-22.3172],[-43.1483,-22.3177]],[[-43.1448,-22.3134],[-43.1391,-22.3152],[-43.1448,-22.3133],[-43.1448,-22.3134]]]}},{"type":"Feature","properties":{"cod_tema":"RIO_ATE_10","cod_imovel":"RJ-3303906-B98AC5B2848447A190869A0F80012F3C","ind_status":"AT"},"geometry":{"type":"Polygon","coordinates":[[[-43.0486,-22.4428],[-43.0466,-22.4456],[-43.0487,-22.4427],[-43.0499,-22.446],[-43.05,-22.4347],[-43.0487,-22.4427],[-43.0486,-22.4428]],[[-43.0525,-22.4317],[-43.0491,-22.4323],[-43.0549,-22.4287],[-43.0525,-22.4316],[-43.0525,-22.4317]]]}},{"type":"Feature","properties":{"cod_tema":"RIO_ATE_10","cod_imovel":"RJ-3303906-33AF238D2B454748810614208243F957","ind_status":"AT"},"geometry":{"type":"Polygon","coordinates":[[[-43.0218,-22.2731],[-43.0217,-22.2664],[-43.0181,-22.2764],[-42.9993,-22.2792],[-43.0091,-22.2836],[-43.0078,-22.2799],[-43.0215,-22.272],[-43.0218,-22.2731]]]}},{"type":"Feature","properties":{"cod_tema":"RIO_ATE_10","cod_imovel":"RJ-3303906-70AC9B8E82714A0586471897EA2A7A40","ind_status":"AT"},"geometry":{"type":"Polygon","coordinates":[[[-43.083,-22.4373],[-43.0871,-22.4347],[-43.0791,-22.4403],[-43.0829,-22.4374],[-43.083,-22.4373]],[[-43.0799,-22.4318],[-43.0961,-22.4296],[-43.0796,-22.4319],[-43.0799,-22.4318]]]}},{"type":"Feature","properties":{"cod_tema":"RIO_ATE_10","cod_imovel":"RJ-3303906-DB164A205DA141C4B84C5554E472E0C4","ind_status":"AT"},"geometry":{"type":"Polygon","coordinates":[[[-43.0854,-22.4222],[-43.0936,-22.4152],[-43.0854,-22.4222],[-43.0854,-22.4222]]]}},{"type":"Feature","properties":{"cod_tema":"RIO_ATE_10","cod_imovel":"RJ-3303906-23C357F47059412FACCCF85575C7B31C","ind_status":"AT"},"geometry":{"type":"Polygon","coordinates":[[[-43.0306,-22.2791],[-43.0266,-22.2761],[-43.0308,-22.2788],[-43.027,-22.2811],[-43.0306,-22.2792],[-43.0306,-22.2791]]]}},{"type":"Feature","properties":{"cod_tema":"RIO_ATE_10","cod_imovel":"RJ-3303906-C2DB488FDCC04DC8B2720CC84798DB5C","ind_status":"PE"},"geometry":{"type":"Polygon","coordinates":[[[-43.1681,-22.3439],[-43.1623,-22.3426],[-43.1679,-22.3439],[-43.1681,-22.3439]],[[-43.1594,-22.3433],[-43.1507,-22.3496],[-43.1593,-22.3434],[-43.1594,-22.3433]]]}},{"type":"Feature","properties":{"cod_tema":"RIO_ATE_10","cod_imovel":"RJ-3303906-1B208D798D2B4839B972D5CA58831945","ind_status":"PE"},"geometry":{"type":"Polygon","coordinates":[[[-43.1549,-22.3343],[-43.1589,-22.3299],[-43.155,-22.3343],[-43.1549,-22.3343]],[[-43.1596,-22.3336],[-43.1593,-22.3277],[-43.1551,-22.3288],[-43.1593,-22.3277],[-43.1596,-22.3333],[-43.1596,-22.3336]],[[-43.1496,-22.3372],[-43.1598,-22.3405],[-43.1496,-22.3372],[-43.1496,-22.3372]]]}},{"type":"Feature","properties":{"cod_tema":"RIO_ATE_10","cod_imovel":"RJ-3303906-222FFC0C47624297B134AAC79C17AD9F","ind_status":"AT"},"geometry":{"type":"Polygon","coordinates":[[[-43.3058,-22.3822],[-43.3039,-22.3868],[-43.2989,-22.3853],[-43.3094,-22.3838],[-43.3058,-22.381],[-43.3058,-22.3822]]]}},{"type":"Feature","properties":{"cod_tema":"RIO_ATE_10","cod_imovel":"RJ-3303906-9F3F82922F72457E9D43E0A7B2198FB8","ind_status":"AT"},"geometry":{"type":"Polygon","coordinates":[[[-43.0739,-22.3271],[-43.0722,-22.331],[-43.0738,-22.3272],[-43.0739,-22.3271]],[[-43.0694,-22.3325],[-43.0693,-22.3292],[-43.0694,-22.3325],[-43.0694,-22.3325]],[[-43.0745,-22.325],[-43.0695,-22.3292],[-43.0746,-22.325],[-43.0745,-22.325]]]}},{"type":"Feature","properties":{"cod_tema":"RIO_ATE_10","cod_imovel":"RJ-3303906-CB551F601A054509A7D095C4399047D0","ind_status":"AT"},"geometry":{"type":"Polygon","coordinates":[[[-43.0581,-22.3712],[-43.0605,-22.3773],[-43.0581,-22.3712],[-43.0581,-22.3712]]]}},{"type":"Feature","properties":{"cod_tema":"RIO_ATE_10","cod_imovel":"RJ-3303906-9E60335484934BFEA76FA2FC12BF26B8","ind_status":"AT"},"geometry":{"type":"Polygon","coordinates":[[[-43.055,-22.374],[-43.0506,-22.3729],[-43.0514,-22.377],[-43.0455,-22.3718],[-43.0514,-22.3771],[-43.0549,-22.374],[-43.0498,-22.3828],[-43.055,-22.374],[-43.055,-22.374]],[[-43.0497,-22.3843],[-43.0628,-22.3845],[-43.0496,-22.3843],[-43.0497,-22.3843]],[[-43.0587,-22.3786],[-43.0566,-22.3732],[-43.0587,-22.3787],[-43.0587,-22.3786]]]}},{"type":"Feature","properties":{"cod_tema":"RIO_ATE_10","cod_imovel":"RJ-3303906-12BD3103D51F431A8943C86F61696B46","ind_status":"AT"},"geometry":{"type":"Polygon","coordinates":[[[-43.0574,-22.3325],[-43.0497,-22.337],[-43.054,-22.3293],[-43.0451,-22.3398],[-43.0574,-22.3325],[-43.0574,-22.3325]]]}},{"type":"Feature","properties":{"cod_tema":"RIO_ATE_10","cod_imovel":"RJ-3303906-BCD0E8E3ACBE450693BA916CA6C31234","ind_status":"AT"},"geometry":{"type":"Polygon","coordinates":[[[-43.0547,-22.3398],[-43.0513,-22.3453],[-43.0547,-22.3397],[-43.0547,-22.3398]]]}},{"type":"Feature","properties":{"cod_tema":"RIO_ATE_10","cod_imovel":"RJ-3303906-24CD965CB1C6474288EC8A20D228F171","ind_status":"AT"},"geometry":{"type":"Polygon","coordinates":[[[-43.0758,-22.3785],[-43.08,-22.3845],[-43.0758,-22.3785],[-43.0758,-22.3785]]]}},{"type":"Feature","properties":{"cod_tema":"RIO_ATE_10","cod_imovel":"RJ-3303906-5E37AEEDC1784E619AAEF79F4F37F42B","ind_status":"AT"},"geometry":{"type":"Polygon","coordinates":[[[-43.0503,-22.4222],[-43.0577,-22.4261],[-43.0501,-22.4221],[-43.0503,-22.4222]]]}},{"type":"Feature","properties":{"cod_tema":"RIO_ATE_10","cod_imovel":"RJ-3303906-ACDA4A45F53F4923ABE2E5247E87A50E","ind_status":"AT"},"geometry":{"type":"Polygon","coordinates":[[[-43.0423,-22.4258],[-43.0493,-22.4271],[-43.042,-22.4256],[-43.0423,-22.4258]]]}},{"type":"Feature","properties":{"cod_tema":"RIO_ATE_10","cod_imovel":"RJ-3303906-C036F16E7C0E4549AB5663748F749E25","ind_status":"AT"},"geometry":{"type":"Polygon","coordinates":[[[-43.0798,-22.3949],[-43.0862,-22.3946],[-43.0917,-22.4023],[-43.0862,-22.3945],[-43.0798,-22.3948],[-43.0798,-22.3949]]]}},{"type":"Feature","properties":{"cod_tema":"RIO_ATE_10","cod_imovel":"RJ-3303906-1A59CB8D842546A5BD7AB4298AD871D0","ind_status":"AT"},"geometry":{"type":"Polygon","coordinates":[[[-43.0477,-22.4333],[-43.045,-22.4351],[-43.0489,-22.4327],[-43.0477,-22.4333]]]}},{"type":"Feature","properties":{"cod_tema":"RIO_ATE_10","cod_imovel":"RJ-3303906-27F07A1D92DF4F96AD8156D2E679B3B0","ind_status":"AT"},"geometry":{"type":"Polygon","coordinates":[[[-43.0464,-22.4319],[-43.0494,-22.4324],[-43.0417,-22.4277],[-43.0462,-22.4317],[-43.0401,-22.4319],[-43.0462,-22.4318],[-43.0464,-22.4319]]]}},{"type":"Feature","properties":{"cod_tema":"RIO_ATE_10","cod_imovel":"RJ-3303906-4C95AF7AA8714E7189FC21EE37943DCE","ind_status":"AT"},"geometry":{"type":"Polygon","coordinates":[[[-43.0484,-22.4181],[-43.0519,-22.4184],[-43.0483,-22.4181],[-43.0484,-22.4181]]]}},{"type":"Feature","properties":{"cod_tema":"RIO_ATE_10","cod_imovel":"RJ-3303906-FE57DD33288F4EEE96C422BB86094974","ind_status":"AT"},"geometry":{"type":"Polygon","coordinates":[[[-43.0702,-22.3712],[-43.0758,-22.3785],[-43.0701,-22.3711],[-43.0702,-22.3712]]]}},{"type":"Feature","properties":{"cod_tema":"RIO_ATE_10","cod_imovel":"RJ-3303906-62DE435864D54FA89576AB6E13B18B66","ind_status":"AT"},"geometry":{"type":"Polygon","coordinates":[[[-43.0505,-22.373],[-43.0525,-22.3761],[-43.0506,-22.3729],[-43.0505,-22.373]]]}},{"type":"Feature","properties":{"cod_tema":"RIO_ATE_10","cod_imovel":"RJ-3303906-1E5541406F5149FBA88D2508B2B49D40","ind_status":"AT"},"geometry":{"type":"Polygon","coordinates":[[[-43.0879,-22.4276],[-43.0967,-22.4212],[-43.0879,-22.4275],[-43.0879,-22.4276]]]}},{"type":"Feature","properties":{"cod_tema":"RIO_ATE_10","cod_imovel":"RJ-3303906-354F7B987D66410990E4A3CC6346DBC7","ind_status":"AT"},"geometry":{"type":"Polygon","coordinates":[[[-43.0961,-22.4294],[-43.1024,-22.4336],[-43.0964,-22.4286],[-43.0902,-22.431],[-43.0961,-22.4296],[-43.0961,-22.4294]]]}},{"type":"Feature","properties":{"cod_tema":"RIO_ATE_10","cod_imovel":"RJ-3303906-E323A3EEFEA747BFA64649E683DCCB25","ind_status":"AT"},"geometry":{"type":"Polygon","coordinates":[[[-43.0976,-22.4126],[-43.094,-22.4148],[-43.0975,-22.4128],[-43.1,-22.4183],[-43.0975,-22.4127],[-43.0976,-22.4126]]]}},{"type":"Feature","properties":{"cod_tema":"RIO_ATE_10","cod_imovel":"RJ-3303906-6BAF8F2C91C44B879174CB678E07C388","ind_status":"AT"},"geometry":{"type":"Polygon","coordinates":[[[-43.0604,-22.3772],[-43.058,-22.3712],[-43.0549,-22.374],[-43.0587,-22.3787],[-43.0581,-22.3712],[-43.0605,-22.3773],[-43.0604,-22.3772]]]}},{"type":"Feature","properties":{"cod_tema":"RIO_ATE_10","cod_imovel":"RJ-3303906-FEB199C57F6D4ECE9B9AAE41D3F8B94B","ind_status":"CA"},"geometry":{"type":"Polygon","coordinates":[[[-43.1108,-22.2891],[-43.1063,-22.2884],[-43.1142,-22.2908],[-43.1108,-22.2891]]]}},{"type":"Feature","properties":{"cod_tema":"RIO_ATE_10","cod_imovel":"RJ-3303906-47AC3ED2501D4183B830986F4A3E8D0F","ind_status":"AT"},"geometry":{"type":"Polygon","coordinates":[[[-43.2026,-22.3619],[-43.2087,-22.3653],[-43.2024,-22.3617],[-43.2026,-22.3619]]]}},{"type":"Feature","properties":{"cod_tema":"RIO_ATE_10","cod_imovel":"RJ-3303906-7B8A3129C4374B2590AFEE7354014994","ind_status":"AT"},"geometry":{"type":"Polygon","coordinates":[[[-43.1327,-22.4954],[-43.1313,-22.4916],[-43.1327,-22.4954],[-43.1327,-22.4954]]]}},{"type":"Feature","properties":{"cod_tema":"RIO_ATE_10","cod_imovel":"RJ-3303906-4375CE777D4F48CEB50B43F2546FBAF0","ind_status":"AT"},"geometry":{"type":"Polygon","coordinates":[[[-43.2045,-22.3812],[-43.2055,-22.378],[-43.2045,-22.3811],[-43.2045,-22.3812]]]}},{"type":"Feature","properties":{"cod_tema":"RIO_ATE_10","cod_imovel":"RJ-3303906-07AEDA5C4E384455B7F02D0C4E80F253","ind_status":"AT"},"geometry":{"type":"Polygon","coordinates":[[[-43.2407,-22.4524],[-43.2404,-22.4565],[-43.245,-22.4484],[-43.2407,-22.4523],[-43.2371,-22.4486],[-43.2407,-22.4523],[-43.2407,-22.4524]]]}},{"type":"Feature","properties":{"cod_tema":"RIO_ATE_10","cod_imovel":"RJ-3303906-3B1D98576555438DA8E85CA49D89EFD3","ind_status":"AT"},"geometry":{"type":"Polygon","coordinates":[[[-43.103,-22.3277],[-43.0992,-22.328],[-43.1034,-22.3275],[-43.103,-22.3277]]]}},{"type":"Feature","properties":{"cod_tema":"RIO_ATE_10","cod_imovel":"RJ-3303906-3AE36A8BF5C74C37B83883E64A0D9A1E","ind_status":"AT"},"geometry":{"type":"Polygon","coordinates":[[[-43.1985,-22.3903],[-43.2012,-22.3963],[-43.1998,-22.3924],[-43.2045,-22.3924],[-43.1942,-22.3885],[-43.1987,-22.391],[-43.1966,-22.3962],[-43.1987,-22.391],[-43.1985,-22.3903]]]}},{"type":"Feature","properties":{"cod_tema":"RIO_ATE_10","cod_imovel":"RJ-3303906-7EF24A4639A04D0F9ADC4D52D01AAAEB","ind_status":"AT"},"geometry":{"type":"Polygon","coordinates":[[[-43.1985,-22.3903],[-43.2013,-22.3963],[-43.1998,-22.3924],[-43.2035,-22.3922],[-43.1942,-22.3885],[-43.1987,-22.391],[-43.1966,-22.3962],[-43.1987,-22.391],[-43.1985,-22.3903]]]}},{"type":"Feature","properties":{"cod_tema":"RIO_ATE_10","cod_imovel":"RJ-3303906-B7D517D95941444B8DB3ABE39AFA7C4E","ind_status":"AT"},"geometry":{"type":"Polygon","coordinates":[[[-43.1256,-22.3585],[-43.1332,-22.3606],[-43.1256,-22.3585],[-43.1256,-22.3585]]]}},{"type":"Feature","properties":{"cod_tema":"RIO_ATE_10","cod_imovel":"RJ-3303906-E989BF9957AA4EB4A8D6A8D92638BE3E","ind_status":"AT"},"geometry":{"type":"Polygon","coordinates":[[[-43.0507,-22.4275],[-43.0456,-22.4258],[-43.051,-22.4275],[-43.0507,-22.4275]]]}},{"type":"Feature","properties":{"cod_tema":"RIO_ATE_10","cod_imovel":"RJ-3303906-79D27C6892704AF08A94357380E44711","ind_status":"AT"},"geometry":{"type":"Polygon","coordinates":[[[-43.2718,-22.3909],[-43.2752,-22.3881],[-43.268,-22.3829],[-43.2628,-22.3876],[-43.268,-22.383],[-43.2752,-22.3881],[-43.2716,-22.391],[-43.2718,-22.3909]]]}},{"type":"Feature","properties":{"cod_tema":"RIO_ATE_10","cod_imovel":"RJ-3303906-206CDAE601E541BC9AB2F8ECFDA84F7A","ind_status":"AT"},"geometry":{"type":"Polygon","coordinates":[[[-43.1985,-22.3903],[-43.2012,-22.3963],[-43.1998,-22.3924],[-43.2045,-22.3924],[-43.1942,-22.3885],[-43.1987,-22.391],[-43.1966,-22.3962],[-43.1987,-22.391],[-43.1985,-22.3903]]]}},{"type":"Feature","properties":{"cod_tema":"RIO_ATE_10","cod_imovel":"RJ-3303906-C68FCB472D794992B055275C688803FE","ind_status":"AT"},"geometry":{"type":"Polygon","coordinates":[[[-43.1985,-22.3903],[-43.2012,-22.3963],[-43.1998,-22.3924],[-43.2045,-22.3924],[-43.1942,-22.3885],[-43.1987,-22.391],[-43.1966,-22.3962],[-43.1987,-22.391],[-43.1985,-22.3903]]]}},{"type":"Feature","properties":{"cod_tema":"RIO_ATE_10","cod_imovel":"RJ-3303906-D525A1734AD14426AE2E63F7AEFB1448","ind_status":"AT"},"geometry":{"type":"Polygon","coordinates":[[[-43.3022,-22.4266],[-43.2985,-22.4241],[-43.3017,-22.4267],[-43.2948,-22.4287],[-43.2964,-22.4331],[-43.2948,-22.4288],[-43.3017,-22.4267],[-43.3022,-22.4266]],[[-43.303,-22.4218],[-43.3058,-22.4245],[-43.3023,-22.4212],[-43.303,-22.4218]],[[-43.3051,-22.42],[-43.3109,-22.4169],[-43.3049,-22.4204],[-43.3051,-22.42]]]}},{"type":"Feature","properties":{"cod_tema":"RIO_ATE_10","cod_imovel":"RJ-3303906-7C5CAA87F5564960B775F29AC6EC1130","ind_status":"AT"},"geometry":{"type":"Polygon","coordinates":[[[-43.0631,-22.3847],[-43.0758,-22.3785],[-43.0631,-22.3847],[-43.0631,-22.3847]]]}},{"type":"Feature","properties":{"cod_tema":"RIO_ATE_10","cod_imovel":"RJ-3303906-D895A18C27934CB399B2E3D422D6649F","ind_status":"AT"},"geometry":{"type":"Polygon","coordinates":[[[-43.2665,-22.3426],[-43.2676,-22.3331],[-43.2663,-22.343],[-43.2665,-22.3426]]]}},{"type":"Feature","properties":{"cod_tema":"RIO_ATE_10","cod_imovel":"RJ-3303906-D507A1273C2943768D34A06ADCFDBB3D","ind_status":"AT"},"geometry":{"type":"Polygon","coordinates":[[[-43.0879,-22.4321],[-43.0961,-22.4296],[-43.0876,-22.4322],[-43.0879,-22.4321]]]}},{"type":"Feature","properties":{"cod_tema":"RIO_ATE_10","cod_imovel":"RJ-3303906-E866BD02EC6946EB8053B9B56395A14D","ind_status":"AT"},"geometry":{"type":"Polygon","coordinates":[[[-43.1023,-22.4667],[-43.1008,-22.4625],[-43.1023,-22.4668],[-43.1023,-22.4667]]]}},{"type":"Feature","properties":{"cod_tema":"RIO_ATE_10","cod_imovel":"RJ-3303906-2C7F3D4513EF42529BE26606AF6D83EC","ind_status":"AT"},"geometry":{"type":"Polygon","coordinates":[[[-43.1357,-22.5113],[-43.1377,-22.509],[-43.1358,-22.5115],[-43.1357,-22.5113]]]}},{"type":"Feature","properties":{"cod_tema":"RIO_ATE_10","cod_imovel":"RJ-3303906-F8FAF6F0CB624091B4B00F18CB311DBD","ind_status":"AT"},"geometry":{"type":"Polygon","coordinates":[[[-43.1357,-22.5101],[-43.1389,-22.508],[-43.1357,-22.5102],[-43.1357,-22.5101]]]}},{"type":"Feature","properties":{"cod_tema":"RIO_ATE_10","cod_imovel":"RJ-3303906-6701057DF77B4C1290612EDA4965D75A","ind_status":"AT"},"geometry":{"type":"Polygon","coordinates":[[[-43.1369,-22.4896],[-43.1362,-22.4938],[-43.1365,-22.4891],[-43.1369,-22.4896]],[[-43.141,-22.4978],[-43.1365,-22.4971],[-43.1412,-22.4976],[-43.141,-22.4978]]]}},{"type":"Feature","properties":{"cod_tema":"RIO_ATE_10","cod_imovel":"RJ-3303906-7F79288EC89940C980B40AF921A5F882","ind_status":"AT"},"geometry":{"type":"Polygon","coordinates":[[[-43.1465,-22.4999],[-43.1427,-22.5023],[-43.1465,-22.4999],[-43.1465,-22.4999]]]}},{"type":"Feature","properties":{"cod_tema":"RIO_ATE_10","cod_imovel":"RJ-3303906-38D73BFCCF5740A482123DE866CFEC08","ind_status":"AT"},"geometry":{"type":"Polygon","coordinates":[[[-43.2286,-22.3478],[-43.2195,-22.3456],[-43.2286,-22.3478],[-43.2286,-22.3478]],[[-43.2358,-22.3578],[-43.2321,-22.3603],[-43.2355,-22.3583],[-43.2358,-22.3578]],[[-43.2388,-22.3567],[-43.2422,-22.3576],[-43.2388,-22.3567],[-43.2388,-22.3567]],[[-43.2323,-22.3825],[-43.2357,-22.386],[-43.2306,-22.3792],[-43.2323,-22.3823],[-43.2323,-22.3825]],[[-43.2619,-22.3792],[-43.2594,-22.3837],[-43.2624,-22.3759],[-43.262,-22.379],[-43.2619,-22.3792]],[[-43.2537,-22.3432],[-43.2464,-22.3382],[-43.247,-22.3472],[-43.2429,-22.3463],[-43.2471,-22.3481],[-43.247,-22.342],[-43.2531,-22.3428],[-43.2537,-22.3432]],[[-43.2545,-22.3689],[-43.2513,-22.3713],[-43.2546,-22.3688],[-43.2545,-22.3689]],[[-43.2417,-22.3748],[-43.2383,-22.3769],[-43.2457,-22.3759],[-43.2451,-22.3801],[-43.2458,-22.3713],[-43.2465,-22.3755],[-43.2419,-22.3749],[-43.2417,-22.3748]],[[-43.2549,-22.3752],[-43.2507,-22.3723],[-43.2551,-22.3796],[-43.251,-22.3728],[-43.2579,-22.3778],[-43.2551,-22.3753],[-43.2549,-22.3752]],[[-43.2322,-22.3868],[-43.2263,-22.3841],[-43.229,-22.3807],[-43.2233,-22.3839],[-43.23,-22.3935],[-43.2237,-22.3956],[-43.2316,-22.4014],[-43.23,-22.3935],[-43.2364,-22.4038],[-43.2325,-22.3961],[-43.2357,-22.3972],[-43.2247,-22.3882],[-43.2263,-22.3841],[-43.2403,-22.3905],[-43.2336,-22.3873],[-43.2322,-22.3868]],[[-43.2437,-22.3817],[-43.2498,-22.3786],[-43.2504,-22.3837],[-43.2434,-22.3862],[-43.2509,-22.3839],[-43.2461,-22.3925],[-43.2513,-22.3866],[-43.2509,-22.3973],[-43.2515,-22.3864],[-43.2576,-22.3919],[-43.2511,-22.4045],[-43.2398,-22.3993],[-43.2511,-22.4045],[-43.2489,-22.41],[-43.2521,-22.4032],[-43.2603,-22.4033],[-43.2521,-22.4032],[-43.2546,-22.3983],[-43.2609,-22.399],[-43.2546,-22.3983],[-43.2591,-22.3954],[-43.2504,-22.3837],[-43.2499,-22.3793],[-43.2549,-22.3819],[-43.249,-22.378],[-43.2472,-22.3618],[-43.2538,-22.3625],[-43.2472,-22.3618],[-43.2469,-22.35],[-43.2474,-22.3577],[-43.2432,-22.3577],[-43.2472,-22.3613],[-43.2351,-22.3671],[-43.2472,-22.3613],[-43.2481,-22.3688],[-43.2328,-22.3711],[-43.2477,-22.3689],[-43.2488,-22.3805],[-43.2438,-22.3815],[-43.2437,-22.3817]]]}},{"type":"Feature","properties":{"cod_tema":"RESERVATORIO_ARTIFICIAL_DECORRENTE_BARRAMENTO","cod_imovel":"RJ-3303906-38D73BFCCF5740A482123DE866CFEC08","ind_status":"AT"},"geometry":{"type":"Polygon","coordinates":[[[-43.2384,-22.3564],[-43.2354,-22.3576],[-43.2386,-22.3565],[-43.2384,-22.3564]]]}},{"type":"Feature","properties":{"cod_tema":"RIO_ATE_10","cod_imovel":"RJ-3303906-B3323A9388674862B7FF4ABE7A45F7C7","ind_status":"AT"},"geometry":{"type":"Polygon","coordinates":[[[-43.3561,-22.4388],[-43.3536,-22.4363],[-43.353,-22.4426],[-43.3561,-22.4388],[-43.3561,-22.4388]]]}},{"type":"Feature","properties":{"cod_tema":"RIO_ATE_10","cod_imovel":"RJ-3303906-B7AABE38FFB246C88A38DF9AC204B15E","ind_status":"AT"},"geometry":{"type":"Polygon","coordinates":[[[-43.0392,-22.2986],[-43.0445,-22.2984],[-43.0392,-22.2986],[-43.0392,-22.2986]]]}},{"type":"Feature","properties":{"cod_tema":"RIO_ATE_10","cod_imovel":"RJ-3303906-7B86A006F9C54C8B916310C9C9976864","ind_status":"AT"},"geometry":{"type":"Polygon","coordinates":[[[-43.0878,-22.4018],[-43.0917,-22.4023],[-43.0862,-22.3945],[-43.0916,-22.4024],[-43.0875,-22.4017],[-43.0878,-22.4018]]]}},{"type":"Feature","properties":{"cod_tema":"RIO_ATE_10","cod_imovel":"RJ-3303906-DA1C570F8C4341B094B21A4B4A3F809C","ind_status":"AT"},"geometry":{"type":"Polygon","coordinates":[[[-43.2758,-22.3908],[-43.2698,-22.3845],[-43.2758,-22.3908],[-43.2758,-22.3908]],[[-43.2709,-22.372],[-43.2698,-22.3755],[-43.2709,-22.372],[-43.2709,-22.372]],[[-43.2805,-22.372],[-43.2717,-22.3815],[-43.2805,-22.372],[-43.2805,-22.372]],[[-43.2749,-22.372],[-43.2717,-22.3752],[-43.2749,-22.372],[-43.2749,-22.372]],[[-43.2762,-22.372],[-43.2727,-22.3795],[-43.2762,-22.372],[-43.2762,-22.372]],[[-43.2919,-22.3758],[-43.2897,-22.372],[-43.2767,-22.384],[-43.2847,-22.3786],[-43.2863,-22.3822],[-43.2847,-22.3786],[-43.2909,-22.3748],[-43.2902,-22.3814],[-43.2919,-22.3758],[-43.2919,-22.3758]],[[-43.291,-22.3863],[-43.2786,-22.3865],[-43.2856,-22.3891],[-43.2948,-22.3849],[-43.291,-22.3863],[-43.291,-22.3863]],[[-43.2831,-22.372],[-43.2804,-22.377],[-43.2831,-22.372],[-43.2831,-22.372]],[[-43.2948,-22.3878],[-43.2927,-22.3904],[-43.2948,-22.3879],[-43.2948,-22.3878]]]}},{"type":"Feature","properties":{"cod_tema":"RIO_ATE_10","cod_imovel":"RJ-3303906-58D0CC4E40A14D36B9471F479CBB487D","ind_status":"AT"},"geometry":{"type":"Polygon","coordinates":[[[-43.2206,-22.347],[-43.2067,-22.3476],[-43.2017,-22.3444],[-43.2032,-22.3383],[-43.2017,-22.3444],[-43.2103,-22.3528],[-43.2096,-22.3481],[-43.2144,-22.3516],[-43.2109,-22.3484],[-43.2206,-22.347],[-43.2206,-22.347]]]}},{"type":"Feature","properties":{"cod_tema":"RIO_ATE_10","cod_imovel":"RJ-3303906-0CEBE6F805DC450CB66AF713504DCAC8","ind_status":"AT"},"geometry":{"type":"Polygon","coordinates":[[[-43.1723,-22.3286],[-43.1656,-22.3358],[-43.1722,-22.3286],[-43.1723,-22.3286]]]}},{"type":"Feature","properties":{"cod_tema":"RIO_ATE_10","cod_imovel":"RJ-3303906-14DADAEF7D61426EB25AF42482C92059","ind_status":"CA"},"geometry":{"type":"Polygon","coordinates":[[[-43.1263,-22.4555],[-43.1235,-22.4523],[-43.1241,-22.4627],[-43.1263,-22.4556],[-43.1285,-22.4587],[-43.1263,-22.4556],[-43.1263,-22.4555]]]}},{"type":"Feature","properties":{"cod_tema":"RIO_ATE_10","cod_imovel":"RJ-3303906-6724921F3BE844D0B8FB799E4C7757EC","ind_status":"CA"},"geometry":{"type":"Polygon","coordinates":[[[-43.1247,-22.4453],[-43.1151,-22.449],[-43.1203,-22.4596],[-43.1175,-22.4506],[-43.1215,-22.4476],[-43.1247,-22.4541],[-43.1215,-22.4489],[-43.1247,-22.4454],[-43.1247,-22.4453]],[[-43.1242,-22.4605],[-43.1247,-22.4574],[-43.1242,-22.4605],[-43.1242,-22.4605]]]}},{"type":"Feature","properties":{"cod_tema":"RIO_ATE_10","cod_imovel":"RJ-3303906-955BD1362B3543038CE3D5A2B9DF2B64","ind_status":"CA"},"geometry":{"type":"Polygon","coordinates":[[[-43.1319,-22.4478],[-43.1231,-22.4455],[-43.1184,-22.4497],[-43.1215,-22.4476],[-43.126,-22.4551],[-43.122,-22.4463],[-43.1319,-22.4478],[-43.1319,-22.4478]]]}},{"type":"Feature","properties":{"cod_tema":"RIO_ATE_10","cod_imovel":"RJ-3303906-785F387C106A465A92FE0085883A0491","ind_status":"CA"},"geometry":{"type":"Polygon","coordinates":[[[-43.1302,-22.4474],[-43.1225,-22.4459],[-43.1302,-22.4475],[-43.1302,-22.4474]],[[-43.1245,-22.4538],[-43.1225,-22.451],[-43.1244,-22.4538],[-43.1245,-22.4538]]]}},{"type":"Feature","properties":{"cod_tema":"RIO_ATE_10","cod_imovel":"RJ-3303906-78F317DE59DB491899AFC54BC5387449","ind_status":"CA"},"geometry":{"type":"Polygon","coordinates":[[[-43.121,-22.4567],[-43.1162,-22.4499],[-43.1211,-22.4568],[-43.121,-22.4567]],[[-43.1285,-22.4586],[-43.1216,-22.4499],[-43.1263,-22.4554],[-43.1219,-22.4593],[-43.1241,-22.4627],[-43.1263,-22.4556],[-43.1285,-22.4587],[-43.1285,-22.4586]]]}},{"type":"Feature","properties":{"cod_tema":"RIO_ATE_10","cod_imovel":"RJ-3303906-8972E8D8588C450BA1A43A0D804C6BA3","ind_status":"CA"},"geometry":{"type":"Polygon","coordinates":[[[-43.121,-22.4567],[-43.118,-22.4531],[-43.1211,-22.4568],[-43.121,-22.4567]],[[-43.1263,-22.4555],[-43.1241,-22.4531],[-43.1241,-22.4627],[-43.1263,-22.4556],[-43.1285,-22.4587],[-43.1263,-22.4556],[-43.1263,-22.4555]]]}},{"type":"Feature","properties":{"cod_tema":"RIO_ATE_10","cod_imovel":"RJ-3303906-C6B21B3F3F0F4C649F2C640EC4A4F0BE","ind_status":"CA"},"geometry":{"type":"Polygon","coordinates":[[[-43.1258,-22.4598],[-43.1219,-22.4593],[-43.1241,-22.4627],[-43.1258,-22.4598],[-43.1258,-22.4598]]]}},{"type":"Feature","properties":{"cod_tema":"RIO_ATE_10","cod_imovel":"RJ-3303906-B3B6319280854C0BACD6C39E747F7106","ind_status":"CA"},"geometry":{"type":"Polygon","coordinates":[[[-43.121,-22.4567],[-43.1172,-22.4514],[-43.121,-22.4479],[-43.1159,-22.4495],[-43.1211,-22.4568],[-43.121,-22.4567]],[[-43.1285,-22.4586],[-43.1215,-22.4479],[-43.1263,-22.4555],[-43.1219,-22.4593],[-43.1263,-22.4556],[-43.1285,-22.4587],[-43.1285,-22.4586]]]}},{"type":"Feature","properties":{"cod_tema":"RIO_ATE_10","cod_imovel":"RJ-3303906-E5319F9660FC4A28B70C7713C973DAC1","ind_status":"CA"},"geometry":{"type":"Polygon","coordinates":[[[-43.1309,-22.448],[-43.1231,-22.4455],[-43.1161,-22.4511],[-43.119,-22.4542],[-43.1215,-22.4476],[-43.1249,-22.4542],[-43.122,-22.4463],[-43.1308,-22.448],[-43.1309,-22.448]]]}},{"type":"Feature","properties":{"cod_tema":"RIO_ATE_10","cod_imovel":"RJ-3303906-8CD4CC8B6CF34552BD13AD3E4A7EFAD0","ind_status":"AT"},"geometry":{"type":"Polygon","coordinates":[[[-43.3166,-22.4006],[-43.3147,-22.398],[-43.3198,-22.3979],[-43.3132,-22.3974],[-43.3128,-22.4032],[-43.3173,-22.401],[-43.3166,-22.4006]]]}},{"type":"Feature","properties":{"cod_tema":"RIO_ATE_10","cod_imovel":"RJ-3303906-00F2C0C7CB514915A5DA09C37F53FD72","ind_status":"AT"},"geometry":{"type":"Polygon","coordinates":[[[-43.0266,-22.2732],[-43.03,-22.2687],[-43.0265,-22.2732],[-43.0266,-22.2732]]]}},{"type":"Feature","properties":{"cod_tema":"RIO_ATE_10","cod_imovel":"RJ-3303906-323BE6807B544ED4B1C1D316B2EEF9F3","ind_status":"AT"},"geometry":{"type":"Polygon","coordinates":[[[-43.09,-22.3678],[-43.0905,-22.3728],[-43.0901,-22.3678],[-43.09,-22.3678]]]}},{"type":"Feature","properties":{"cod_tema":"RIO_ATE_10","cod_imovel":"RJ-3303906-D2DD1076764B4FEBADA2A2F652C5F105","ind_status":"AT"},"geometry":{"type":"Polygon","coordinates":[[[-43.0829,-22.2482],[-43.0793,-22.248],[-43.0834,-22.2481],[-43.0829,-22.2482]]]}},{"type":"Feature","properties":{"cod_tema":"LAGO_NATURAL","cod_imovel":"RJ-3303906-2C7C2F6832C04CE694051D272083A1B1","ind_status":"AT"},"geometry":{"type":"Polygon","coordinates":[[[-43.0409,-22.2077],[-43.0385,-22.2124],[-43.0408,-22.2081],[-43.0409,-22.2077]]]}},{"type":"Feature","properties":{"cod_tema":"RIO_ATE_10","cod_imovel":"RJ-3303906-518762B102864392B85F82192121DE56","ind_status":"AT"},"geometry":{"type":"Polygon","coordinates":[[[-43.2333,-22.3194],[-43.234,-22.3235],[-43.2333,-22.3188],[-43.2333,-22.3194]]]}},{"type":"Feature","properties":{"cod_tema":"RIO_ATE_10","cod_imovel":"RJ-3303906-8DCA27F3C98645958B3AD0988693BA50","ind_status":"AT"},"geometry":{"type":"Polygon","coordinates":[[[-43.0448,-22.2815],[-43.0417,-22.2792],[-43.0451,-22.2817],[-43.0448,-22.2815]],[[-43.0449,-22.2828],[-43.0432,-22.2919],[-43.0451,-22.282],[-43.0449,-22.2828]]]}},{"type":"Feature","properties":{"cod_tema":"RIO_ATE_10","cod_imovel":"RJ-3303906-82A899025A824EDE81D36B67737696A3","ind_status":"AT"},"geometry":{"type":"Polygon","coordinates":[[[-42.991,-22.2589],[-42.9847,-22.2553],[-42.9895,-22.2591],[-42.9827,-22.2617],[-42.991,-22.2602],[-42.9928,-22.2554],[-42.9911,-22.2589],[-42.991,-22.2589]]]}},{"type":"Feature","properties":{"cod_tema":"RIO_ATE_10","cod_imovel":"RJ-3303906-E1D3D2E6EFD248BEA520DB4EBBCA5BCF","ind_status":"PE"},"geometry":{"type":"Polygon","coordinates":[[[-43.112,-22.3882],[-43.1141,-22.3947],[-43.112,-22.3878],[-43.112,-22.3882]]]}},{"type":"Feature","properties":{"cod_tema":"RIO_ATE_10","cod_imovel":"RJ-3303906-D8B657A1778A46148C8C4E69411856BF","ind_status":"AT"},"geometry":{"type":"Polygon","coordinates":[[[-43.0828,-22.3158],[-43.071,-22.3126],[-43.0782,-22.3176],[-43.0742,-22.323],[-43.0828,-22.3158],[-43.0828,-22.3158]]]}},{"type":"Feature","properties":{"cod_tema":"RIO_ATE_10","cod_imovel":"RJ-3303906-244C5ADC95ED4DAF861E74CD16B3DDB5","ind_status":"AT"},"geometry":{"type":"Polygon","coordinates":[[[-43.0914,-22.432],[-43.0947,-22.4317],[-43.0912,-22.432],[-43.0914,-22.432]]]}},{"type":"Feature","properties":{"cod_tema":"RIO_ATE_10","cod_imovel":"RJ-3303906-992994EF66D54D5B801E43DF5585D7E3","ind_status":"AT"},"geometry":{"type":"Polygon","coordinates":[[[-43.1029,-22.4538],[-43.1021,-22.4578],[-43.103,-22.454],[-43.1029,-22.4538]]]}},{"type":"Feature","properties":{"cod_tema":"RIO_ATE_10","cod_imovel":"RJ-3303906-1722547D33024961ACD5F8B6360296CF","ind_status":"AT"},"geometry":{"type":"Polygon","coordinates":[[[-43.3618,-22.4425],[-43.3653,-22.4421],[-43.362,-22.4429],[-43.3618,-22.4425]]]}},{"type":"Feature","properties":{"cod_tema":"RIO_ATE_10","cod_imovel":"RJ-3303906-B2C744F0329747F48B493EA9DCE130DE","ind_status":"AT"},"geometry":{"type":"Polygon","coordinates":[[[-43.2826,-22.4117],[-43.2806,-22.406],[-43.2731,-22.4068],[-43.2662,-22.3999],[-43.2735,-22.4071],[-43.2563,-22.412],[-43.2636,-22.4177],[-43.2585,-22.4108],[-43.2764,-22.4069],[-43.2708,-22.4117],[-43.2779,-22.4065],[-43.2792,-22.4121],[-43.2806,-22.4061],[-43.283,-22.4116],[-43.2826,-22.4117]]]}},{"type":"Feature","properties":{"cod_tema":"RIO_ATE_10","cod_imovel":"RJ-3303906-7F5BFA2500DB4539818C9B43087968D6","ind_status":"AT"},"geometry":{"type":"Polygon","coordinates":[[[-43.1534,-22.3078],[-43.1574,-22.3217],[-43.1526,-22.3074],[-43.1534,-22.3078]]]}},{"type":"Feature","properties":{"cod_tema":"RIO_ATE_10","cod_imovel":"RJ-3303906-BCC73A2ABBE94ED0A173A453141588C7","ind_status":"AT"},"geometry":{"type":"Polygon","coordinates":[[[-42.9853,-22.2682],[-42.9856,-22.2745],[-42.9853,-22.2682],[-42.9853,-22.2682]],[[-43.0051,-22.2683],[-43.0004,-22.2633],[-43.0049,-22.2682],[-42.9946,-22.2746],[-42.9887,-22.2717],[-42.9945,-22.2746],[-42.9901,-22.277],[-42.9961,-22.28],[-42.9936,-22.2756],[-42.9997,-22.2706],[-43.0006,-22.2751],[-42.9997,-22.2706],[-43.005,-22.2683],[-43.0051,-22.2683]],[[-42.9923,-22.268],[-42.9962,-22.2675],[-42.9923,-22.268],[-42.9923,-22.268]],[[-43.0017,-22.2674],[-42.9938,-22.2633],[-43.0016,-22.2674],[-43.0017,-22.2674]],[[-43.0013,-22.2575],[-43.01,-22.2622],[-43.001,-22.2573],[-43.0013,-22.2575]],[[-43.005,-22.2726],[-43.0041,-22.2757],[-43.005,-22.2722],[-43.005,-22.2726]],[[-43.0173,-22.2638],[-43.0083,-22.2678],[-43.0113,-22.2658],[-43.0125,-22.2707],[-43.0113,-22.2658],[-43.0173,-22.2639],[-43.0163,-22.2675],[-43.0173,-22.2639],[-43.0173,-22.2638]]]}},{"type":"Feature","properties":{"cod_tema":"RIO_ATE_10","cod_imovel":"RJ-3303906-9C36A56F7D624CE4B6CB9A95810DD13E","ind_status":"AT"},"geometry":{"type":"Polygon","coordinates":[[[-43.2704,-22.3546],[-43.2707,-22.3583],[-43.2703,-22.3543],[-43.2704,-22.3546]],[[-43.2708,-22.3589],[-43.2667,-22.3635],[-43.2708,-22.3585],[-43.2708,-22.3589]],[[-43.2691,-22.3543],[-43.2618,-22.3647],[-43.2696,-22.354],[-43.2691,-22.3543]]]}},{"type":"Feature","properties":{"cod_tema":"RIO_ATE_10","cod_imovel":"RJ-3303906-6DD401371329412A991E30A2FCF67F4F","ind_status":"AT"},"geometry":{"type":"Polygon","coordinates":[[[-43.1211,-22.404],[-43.112,-22.4006],[-43.1213,-22.4041],[-43.1211,-22.404]]]}},{"type":"Feature","properties":{"cod_tema":"RIO_ATE_10","cod_imovel":"RJ-3303906-6160D74B391745B48C524762236E31B0","ind_status":"AT"},"geometry":{"type":"Polygon","coordinates":[[[-43.0808,-22.4197],[-43.094,-22.4073],[-43.0805,-22.4197],[-43.0808,-22.4197]]]}},{"type":"Feature","properties":{"cod_tema":"RIO_ATE_10","cod_imovel":"RJ-3303906-6DA452384A084B89AE0ED75C4D7A6DFC","ind_status":"AT"},"geometry":{"type":"Polygon","coordinates":[[[-43.2953,-22.3848],[-43.2988,-22.3847],[-43.2955,-22.3787],[-43.2947,-22.385],[-43.2953,-22.3848]]]}},{"type":"Feature","properties":{"cod_tema":"RIO_ATE_10","cod_imovel":"RJ-3303906-4C000BBCEDF44B878E3EBF2C9AB68AA0","ind_status":"AT"},"geometry":{"type":"Polygon","coordinates":[[[-43.0505,-22.373],[-43.052,-22.377],[-43.0432,-22.3714],[-43.052,-22.3771],[-43.0506,-22.3729],[-43.0505,-22.373]]]}},{"type":"Feature","properties":{"cod_tema":"RIO_ATE_10","cod_imovel":"RJ-3303906-1478C0EB006446C49224AACECB8BCE42","ind_status":"PE"},"geometry":{"type":"Polygon","coordinates":[[[-43.2087,-22.3854],[-43.2087,-22.3962],[-43.2113,-22.3886],[-43.2159,-22.3933],[-43.2087,-22.3853],[-43.2087,-22.3854]]]}},{"type":"Feature","properties":{"cod_tema":"RIO_ATE_10","cod_imovel":"RJ-3303906-D4602193FAE54EB1A51039031D7D78C3","ind_status":"AT"},"geometry":{"type":"Polygon","coordinates":[[[-43.0632,-22.4106],[-43.0558,-22.4108],[-43.0632,-22.4106],[-43.0632,-22.4106]],[[-43.0624,-22.4135],[-43.0638,-22.4106],[-43.0623,-22.4138],[-43.0624,-22.4135]]]}},{"type":"Feature","properties":{"cod_tema":"RIO_ATE_10","cod_imovel":"RJ-3303906-AD6ABA424F54407AAC3BAC67E7B9862C","ind_status":"AT"},"geometry":{"type":"Polygon","coordinates":[[[-43.0235,-22.2601],[-43.0202,-22.2577],[-43.0236,-22.2601],[-43.0235,-22.2601]]]}},{"type":"Feature","properties":{"cod_tema":"RIO_ATE_10","cod_imovel":"RJ-3303906-B392BA5168954FEB8043A588A64AD8A7","ind_status":"AT"},"geometry":{"type":"Polygon","coordinates":[[[-43.2714,-22.4259],[-43.2679,-22.4236],[-43.2719,-22.426],[-43.2714,-22.4259]]]}},{"type":"Feature","properties":{"cod_tema":"RIO_ATE_10","cod_imovel":"RJ-3302908-22591179F7204B17B4DD4289D1F9B6C7","ind_status":"AT"},"geometry":{"type":"Polygon","coordinates":[[[-43.3458,-22.4417],[-43.3517,-22.4465],[-43.3457,-22.4417],[-43.3458,-22.4417]]]}},{"type":"Feature","properties":{"cod_tema":"RIO_ATE_10","cod_imovel":"RJ-3303906-FBC03CB18EC8413C9C0EFFD77E24E043","ind_status":"AT"},"geometry":{"type":"Polygon","coordinates":[[[-43.1306,-22.495],[-43.1335,-22.4956],[-43.1297,-22.4949],[-43.1306,-22.495]]]}},{"type":"Feature","properties":{"cod_tema":"RIO_ATE_10","cod_imovel":"RJ-3303906-BF6B9495A02347218DFC55CF0CF7DEEF","ind_status":"AT"},"geometry":{"type":"Polygon","coordinates":[[[-43.193,-22.3836],[-43.1944,-22.3884],[-43.193,-22.3835],[-43.193,-22.3836]]]}},{"type":"Feature","properties":{"cod_tema":"RIO_ATE_10","cod_imovel":"RJ-3303906-426447C2CF0C45F4B4ED6DE7F3CBF1E7","ind_status":"AT"},"geometry":{"type":"Polygon","coordinates":[[[-43.3579,-22.4481],[-43.3564,-22.4449],[-43.3578,-22.4483],[-43.3579,-22.4481]],[[-43.3543,-22.4484],[-43.3564,-22.4437],[-43.3539,-22.4489],[-43.3543,-22.4484]]]}},{"type":"Feature","properties":{"cod_tema":"RIO_ATE_10","cod_imovel":"RJ-3303906-ED571FD850234084B5A1A855201E4C1E","ind_status":"AT"},"geometry":{"type":"Polygon","coordinates":[[[-43.13,-22.2873],[-43.1256,-22.2887],[-43.135,-22.2883],[-43.1302,-22.2875],[-43.13,-22.2873]]]}},{"type":"Feature","properties":{"cod_tema":"RIO_ATE_10","cod_imovel":"RJ-3303906-3A5F7CE88E384F2C975BBBE1F6B539D7","ind_status":"AT"},"geometry":{"type":"Polygon","coordinates":[[[-43.1786,-22.4363],[-43.1642,-22.4271],[-43.1958,-22.4458],[-43.1788,-22.4364],[-43.1786,-22.4363]]]}},{"type":"Feature","properties":{"cod_tema":"RIO_ATE_10","cod_imovel":"RJ-3303906-4CB4335E70254AE4B0F91B2333200B4C","ind_status":"AT"},"geometry":{"type":"Polygon","coordinates":[[[-43.1989,-22.3909],[-43.1941,-22.3883],[-43.1989,-22.3909],[-43.1989,-22.3909]]]}},{"type":"Feature","properties":{"cod_tema":"RIO_ATE_10","cod_imovel":"RJ-3303906-8EBB461E72334321B70EBC1BA37961D8","ind_status":"AT"},"geometry":{"type":"Polygon","coordinates":[[[-43.1059,-22.4722],[-43.1021,-22.4754],[-43.1088,-22.474],[-43.106,-22.4724],[-43.1059,-22.4722]]]}},{"type":"Feature","properties":{"cod_tema":"RIO_ATE_10","cod_imovel":"RJ-3303906-CF70A3BD440A490E9A88B183815D37E4","ind_status":"AT"},"geometry":{"type":"Polygon","coordinates":[[[-43.2807,-22.3713],[-43.2741,-22.3699],[-43.281,-22.3714],[-43.2783,-22.377],[-43.2815,-22.3705],[-43.2885,-22.3704],[-43.2811,-22.3713],[-43.2807,-22.3713]]]}},{"type":"Feature","properties":{"cod_tema":"RIO_ATE_10","cod_imovel":"RJ-3303906-633CBA3649A64D9699170BCCAF1B05C7","ind_status":"AT"},"geometry":{"type":"Polygon","coordinates":[[[-43.1573,-22.3221],[-43.162,-22.3285],[-43.1568,-22.3214],[-43.1573,-22.3221]]]}},{"type":"Feature","properties":{"cod_tema":"RIO_ATE_10","cod_imovel":"RJ-3303906-DB5759342B6E4C65B06E6AC25BCBE0B7","ind_status":"AT"},"geometry":{"type":"Polygon","coordinates":[[[-43.0049,-22.2562],[-43.0096,-22.2519],[-43.0047,-22.2562],[-43.0049,-22.2562]]]}},{"type":"Feature","properties":{"cod_tema":"RIO_ATE_10","cod_imovel":"RJ-3303906-F770BB2425C74154B459DF8335383265","ind_status":"AT"},"geometry":{"type":"Polygon","coordinates":[[[-43.0262,-22.289],[-43.0232,-22.2942],[-43.0172,-22.2909],[-43.0231,-22.2942],[-43.0195,-22.2977],[-43.0262,-22.2892],[-43.0262,-22.289]]]}},{"type":"Feature","properties":{"cod_tema":"RIO_ATE_10","cod_imovel":"RJ-3303906-EAB969C090F64A73872D2B0164B10AB7","ind_status":"AT"},"geometry":{"type":"Polygon","coordinates":[[[-42.9911,-22.2497],[-42.9911,-22.2532],[-42.9917,-22.2495],[-42.9911,-22.2497]]]}},{"type":"Feature","properties":{"cod_tema":"RIO_ATE_10","cod_imovel":"RJ-3303906-F358458D5A654EE9BFA9D7AF380DFDE3","ind_status":"AT"},"geometry":{"type":"Polygon","coordinates":[[[-43.1927,-22.4418],[-43.171,-22.4328],[-43.1926,-22.442],[-43.1927,-22.4418]]]}},{"type":"Feature","properties":{"cod_tema":"RIO_ATE_10","cod_imovel":"RJ-3303906-F1D28CBF5F5E4793B8152FCAE70271A4","ind_status":"PE"},"geometry":{"type":"Polygon","coordinates":[[[-43.0908,-22.3442],[-43.0894,-22.3474],[-43.0932,-22.34],[-43.0908,-22.3442],[-43.0908,-22.3442]]]}},{"type":"Feature","properties":{"cod_tema":"RIO_ATE_10","cod_imovel":"RJ-3303906-2AE448EFE42A4A298E824CE4CE07CD3E","ind_status":"AT"},"geometry":{"type":"Polygon","coordinates":[[[-43.0066,-22.2694],[-43.0045,-22.2725],[-43.0066,-22.2695],[-43.0092,-22.2734],[-43.0066,-22.2695],[-43.0066,-22.2694]]]}},{"type":"Feature","properties":{"cod_tema":"RIO_ATE_10","cod_imovel":"RJ-3303906-C139358252094766AEC2EB30991E422A","ind_status":"AT"},"geometry":{"type":"Polygon","coordinates":[[[-43.1142,-22.4114],[-43.109,-22.3995],[-43.1142,-22.4114],[-43.1142,-22.4114]]]}},{"type":"Feature","properties":{"cod_tema":"RIO_ATE_10","cod_imovel":"RJ-3303906-BF6F41E79D464CD2AE48C5D37EC2F72B","ind_status":"AT"},"geometry":{"type":"Polygon","coordinates":[[[-43.1859,-22.3138],[-43.1858,-22.3095],[-43.186,-22.3139],[-43.1859,-22.3138]]]}},{"type":"Feature","properties":{"cod_tema":"RIO_ATE_10","cod_imovel":"RJ-3303906-3449893709AB4E9DAA51A4FE0611C48C","ind_status":"AT"},"geometry":{"type":"Polygon","coordinates":[[[-43.1275,-22.4029],[-43.1315,-22.4012],[-43.1275,-22.4029],[-43.1275,-22.4029]],[[-43.1257,-22.4062],[-43.1322,-22.4075],[-43.1256,-22.4062],[-43.1257,-22.4062]]]}},{"type":"Feature","properties":{"cod_tema":"RIO_ATE_10","cod_imovel":"RJ-3303906-BC1201E8877A450894B21EC1EE99CA3C","ind_status":"AT"},"geometry":{"type":"Polygon","coordinates":[[[-43.1042,-22.4712],[-43.1026,-22.4675],[-43.1045,-22.4714],[-43.1042,-22.4712]]]}},{"type":"Feature","properties":{"cod_tema":"RIO_ATE_10","cod_imovel":"RJ-3303906-24C9ACFE013E4A8E9A7C95AB61A29E00","ind_status":"AT"},"geometry":{"type":"Polygon","coordinates":[[[-43.1763,-22.4618],[-43.171,-22.4595],[-43.1763,-22.4619],[-43.1763,-22.4618]],[[-43.1738,-22.4639],[-43.165,-22.4668],[-43.174,-22.4638],[-43.1738,-22.4639]],[[-43.178,-22.4637],[-43.1751,-22.4685],[-43.1783,-22.4637],[-43.178,-22.4637]]]}},{"type":"Feature","properties":{"cod_tema":"RIO_ATE_10","cod_imovel":"RJ-3303906-E043B21A3E844776857643C98E4D6EA9","ind_status":"AT"},"geometry":{"type":"Polygon","coordinates":[[[-43.0778,-22.2853],[-43.0705,-22.2854],[-43.0844,-22.2863],[-43.0786,-22.2856],[-43.0778,-22.2853]]]}},{"type":"Feature","properties":{"cod_tema":"RIO_ATE_10","cod_imovel":"RJ-3303906-62BEB8A13FEB489CA8AC68DF67CFAEAA","ind_status":"AT"},"geometry":{"type":"Polygon","coordinates":[[[-43.0741,-22.3573],[-43.0658,-22.3617],[-43.0601,-22.3569],[-43.0655,-22.3649],[-43.0604,-22.3688],[-43.0577,-22.3652],[-43.0539,-22.3672],[-43.0593,-22.3684],[-43.0489,-22.3675],[-43.0593,-22.3684],[-43.0502,-22.371],[-43.06,-22.3684],[-43.058,-22.3712],[-43.0626,-22.3736],[-43.0597,-22.3696],[-43.0648,-22.3652],[-43.0649,-22.3701],[-43.0655,-22.3649],[-43.0701,-22.3711],[-43.0669,-22.3663],[-43.072,-22.3639],[-43.0669,-22.3664],[-43.0643,-22.3616],[-43.0742,-22.3572],[-43.0741,-22.3573]]]}},{"type":"Feature","properties":{"cod_tema":"RIO_ATE_10","cod_imovel":"RJ-3303906-B798B56ED7914F57B53D9559ADA185BF","ind_status":"AT"},"geometry":{"type":"Polygon","coordinates":[[[-43.356,-22.4245],[-43.3585,-22.4219],[-43.3521,-22.4209],[-43.3564,-22.4249],[-43.356,-22.4245]]]}},{"type":"Feature","properties":{"cod_tema":"RIO_ATE_10","cod_imovel":"RJ-3303906-942B50F32F234E0280BE03C70514A24F","ind_status":"AT"},"geometry":{"type":"Polygon","coordinates":[[[-43.2848,-22.4029],[-43.2813,-22.4061],[-43.2848,-22.403],[-43.2848,-22.4029]]]}},{"type":"Feature","properties":{"cod_tema":"RIO_ATE_10","cod_imovel":"RJ-3303906-4A605E4178D54AA5889E4E9B77646F03","ind_status":"AT"},"geometry":{"type":"Polygon","coordinates":[[[-43.2848,-22.412],[-43.2812,-22.4085],[-43.2849,-22.412],[-43.2848,-22.412]],[[-43.2955,-22.3958],[-43.3045,-22.3919],[-43.2947,-22.396],[-43.2813,-22.3925],[-43.2954,-22.3958],[-43.2827,-22.3971],[-43.2917,-22.3988],[-43.2853,-22.4024],[-43.2955,-22.3958],[-43.2955,-22.3958]],[[-43.2844,-22.4136],[-43.2884,-22.4164],[-43.2842,-22.4135],[-43.2844,-22.4136]],[[-43.2891,-22.4091],[-43.2844,-22.4034],[-43.2892,-22.4093],[-43.2891,-22.4091]],[[-43.295,-22.4026],[-43.3018,-22.4007],[-43.2911,-22.4035],[-43.2949,-22.4027],[-43.2929,-22.4089],[-43.286,-22.4124],[-43.2949,-22.4027],[-43.295,-22.4026]],[[-43.2952,-22.4081],[-43.2982,-22.4047],[-43.2951,-22.4083],[-43.2952,-22.4081]]]}},{"type":"Feature","properties":{"cod_tema":"RIO_ATE_10","cod_imovel":"RJ-3303906-A0B994BFBDFF4C9B99E38649E031785F","ind_status":"AT"},"geometry":{"type":"Polygon","coordinates":[[[-43.1897,-22.3584],[-43.187,-22.3607],[-43.1897,-22.3584],[-43.1897,-22.3584]]]}},{"type":"Feature","properties":{"cod_tema":"RIO_ATE_10","cod_imovel":"RJ-3303906-18B8C9B172CB4CDE87DD4F79843CD61C","ind_status":"AT"},"geometry":{"type":"Polygon","coordinates":[[[-43.2602,-22.3423],[-43.2603,-22.3377],[-43.26,-22.3426],[-43.2602,-22.3423]],[[-43.2595,-22.3363],[-43.2561,-22.3422],[-43.2596,-22.3362],[-43.2595,-22.3363]],[[-43.2571,-22.3462],[-43.2514,-22.3419],[-43.2572,-22.3464],[-43.2571,-22.3462]]]}},{"type":"Feature","properties":{"cod_tema":"RIO_ATE_10","cod_imovel":"RJ-3303906-0C227A008A7B41BB859DCCF24817966A","ind_status":"AT"},"geometry":{"type":"Polygon","coordinates":[[[-43.3373,-22.448],[-43.3322,-22.4459],[-43.3376,-22.4482],[-43.3373,-22.448]]]}},{"type":"Feature","properties":{"cod_tema":"RIO_ATE_10","cod_imovel":"RJ-3303906-EB1D2EB3D75745BBB55E64833A45D604","ind_status":"AT"},"geometry":{"type":"Polygon","coordinates":[[[-43.1277,-22.4949],[-43.1311,-22.4948],[-43.1274,-22.4949],[-43.1277,-22.4949]]]}},{"type":"Feature","properties":{"cod_tema":"RIO_ATE_10","cod_imovel":"RJ-3303906-CFF864F0706044F5AA2E31CB077ABECD","ind_status":"AT"},"geometry":{"type":"Polygon","coordinates":[[[-43.1607,-22.3824],[-43.1531,-22.3833],[-43.1606,-22.3824],[-43.1607,-22.3824]],[[-43.1641,-22.3872],[-43.1591,-22.3904],[-43.1641,-22.3873],[-43.1641,-22.3872]],[[-43.1667,-22.3842],[-43.1597,-22.3906],[-43.1666,-22.3842],[-43.1667,-22.3842]],[[-43.1704,-22.3881],[-43.1648,-22.3898],[-43.1701,-22.3881],[-43.1704,-22.3881]],[[-43.1705,-22.3896],[-43.1662,-22.3891],[-43.1741,-22.3913],[-43.1705,-22.3897],[-43.1705,-22.3896]]]}},{"type":"Feature","properties":{"cod_tema":"RIO_ATE_10","cod_imovel":"RJ-3303906-FBA23266C37E49A586D03FE22A5D1E72","ind_status":"AT"},"geometry":{"type":"Polygon","coordinates":[[[-43.2095,-22.3607],[-43.2118,-22.3578],[-43.2093,-22.361],[-43.2095,-22.3607]],[[-43.2048,-22.3565],[-43.2102,-22.3522],[-43.2043,-22.3565],[-43.2048,-22.3565]]]}},{"type":"Feature","properties":{"cod_tema":"RIO_ATE_10","cod_imovel":"RJ-3300225-EFD0B7B477AF42B5A4925ECA040A978C","ind_status":"AT"},"geometry":{"type":"Polygon","coordinates":[[[-43.0957,-22.2765],[-43.1018,-22.2773],[-43.0934,-22.2749],[-43.096,-22.2769],[-43.0957,-22.2765]]]}},{"type":"Feature","properties":{"cod_tema":"RIO_10_A_50","cod_imovel":"RJ-3300225-EFD0B7B477AF42B5A4925ECA040A978C","ind_status":"AT"},"geometry":{"type":"Polygon","coordinates":[[[-43.0924,-22.281],[-43.0934,-22.2747],[-43.0853,-22.2715],[-43.0931,-22.2748],[-43.0922,-22.2809],[-43.0924,-22.281]]]}},{"type":"Feature","properties":{"cod_tema":"RIO_ATE_10","cod_imovel":"RJ-3303906-3357C9D185124B4CA500CE5E8E35E752","ind_status":"AT"},"geometry":{"type":"Polygon","coordinates":[[[-43.2148,-22.3544],[-43.2139,-22.3505],[-43.2148,-22.3544],[-43.2148,-22.3544]]]}},{"type":"Feature","properties":{"cod_tema":"RIO_ATE_10","cod_imovel":"RJ-3303906-85F95C1A0CAF49AE816B2CC14CF28A54","ind_status":"AT"},"geometry":{"type":"Polygon","coordinates":[[[-43.266,-22.3426],[-43.2622,-22.3439],[-43.2661,-22.3425],[-43.266,-22.3426]]]}},{"type":"Feature","properties":{"cod_tema":"RIO_ATE_10","cod_imovel":"RJ-3303906-42516B273C864093B0EF85BF1C30C34F","ind_status":"AT"},"geometry":{"type":"Polygon","coordinates":[[[-43.266,-22.3426],[-43.2622,-22.3439],[-43.2661,-22.3425],[-43.266,-22.3426]]]}},{"type":"Feature","properties":{"cod_tema":"RIO_ATE_10","cod_imovel":"RJ-3303906-376D17BD80834BF5B9C7E907AEB65C72","ind_status":"PE"},"geometry":{"type":"Polygon","coordinates":[[[-43.2416,-22.327],[-43.2373,-22.3223],[-43.2421,-22.327],[-43.2416,-22.327]]]}},{"type":"Feature","properties":{"cod_tema":"RIO_ATE_10","cod_imovel":"RJ-3303906-1184FA2116544E5698AF919C6BB7EE6A","ind_status":"PE"},"geometry":{"type":"Polygon","coordinates":[[[-43.0936,-22.4074],[-43.0923,-22.4022],[-43.0935,-22.4074],[-43.0936,-22.4074]]]}},{"type":"Feature","properties":{"cod_tema":"RIO_ATE_10","cod_imovel":"RJ-3303906-5C83A5FB42B642EBBF134D8A31D58F4D","ind_status":"AT"},"geometry":{"type":"Polygon","coordinates":[[[-43.3295,-22.4551],[-43.3287,-22.4519],[-43.3293,-22.4553],[-43.3295,-22.4551]]]}},{"type":"Feature","properties":{"cod_tema":"RIO_ATE_10","cod_imovel":"RJ-3303906-666260C17ABF4AE49F8FBCA1A249D26E","ind_status":"AT"},"geometry":{"type":"Polygon","coordinates":[[[-43.298,-22.3773],[-43.2876,-22.3704],[-43.2902,-22.3815],[-43.292,-22.3757],[-43.2979,-22.3773],[-43.298,-22.3773]]]}},{"type":"Feature","properties":{"cod_tema":"RIO_ATE_10","cod_imovel":"RJ-3303906-2888A5FEF0A6407E8E40667CFF9EE48C","ind_status":"AT"},"geometry":{"type":"Polygon","coordinates":[[[-43.0735,-22.4179],[-43.0576,-22.4175],[-43.0703,-22.4193],[-43.0625,-22.4231],[-43.0697,-22.4206],[-43.0684,-22.4251],[-43.0735,-22.418],[-43.0735,-22.4179]]]}},{"type":"Feature","properties":{"cod_tema":"RIO_ATE_10","cod_imovel":"RJ-3303906-6EE6DAA554844C619BDFC8C2B442D439","ind_status":"AT"},"geometry":{"type":"Polygon","coordinates":[[[-43.1001,-22.4618],[-43.1026,-22.4671],[-43.1001,-22.4616],[-43.1001,-22.4618]]]}},{"type":"Feature","properties":{"cod_tema":"RIO_ATE_10","cod_imovel":"RJ-3303906-694CBA37F51644D6BF897DDC7698F9ED","ind_status":"AT"},"geometry":{"type":"Polygon","coordinates":[[[-43.2465,-22.5537],[-43.2359,-22.5493],[-43.2465,-22.5537],[-43.2465,-22.5537]]]}},{"type":"Feature","properties":{"cod_tema":"RIO_ATE_10","cod_imovel":"RJ-3303906-C9CEDB6220AC45768703343CD6762ED6","ind_status":"AT"},"geometry":{"type":"Polygon","coordinates":[[[-43.1684,-22.4874],[-43.1638,-22.4873],[-43.1686,-22.4874],[-43.1684,-22.4874]],[[-43.1689,-22.4933],[-43.161,-22.4949],[-43.1691,-22.4932],[-43.1689,-22.4933]]]}},{"type":"Feature","properties":{"cod_tema":"RIO_10_A_50","cod_imovel":"RJ-3303906-EA45DAF909AA418C842B451189F4A1BE","ind_status":"AT"},"geometry":{"type":"Polygon","coordinates":[[[-43.2017,-22.3429],[-43.1996,-22.3475],[-43.2083,-22.3486],[-43.2027,-22.3395],[-43.2017,-22.3428],[-43.2017,-22.3429]]]}},{"type":"Feature","properties":{"cod_tema":"RIO_ATE_10","cod_imovel":"RJ-3303906-EAF6BD917721479590453DAA089DF970","ind_status":"AT"},"geometry":{"type":"Polygon","coordinates":[[[-43.3573,-22.4339],[-43.3541,-22.4341],[-43.3577,-22.4338],[-43.3573,-22.4339]]]}},{"type":"Feature","properties":{"cod_tema":"RESERVATORIO_ARTIFICIAL_DECORRENTE_BARRAMENTO","cod_imovel":"RJ-3303906-6C134548F97441688C8297B5B61D411A","ind_status":"AT"},"geometry":{"type":"Polygon","coordinates":[[[-43.0506,-22.2115],[-43.0449,-22.2123],[-43.0499,-22.2114],[-43.0506,-22.2115]]]}},{"type":"Feature","properties":{"cod_tema":"RIO_ATE_10","cod_imovel":"RJ-3303906-9A75DD98D6DD4902BF74103F9CB4F2EE","ind_status":"AT"},"geometry":{"type":"Polygon","coordinates":[[[-43.3501,-22.4394],[-43.3469,-22.4386],[-43.3507,-22.4392],[-43.3501,-22.4394]]]}},{"type":"Feature","properties":{"cod_tema":"RIO_ATE_10","cod_imovel":"RJ-3303906-A742BA75007D4D9083A25EDAAB54A9AB","ind_status":"AT"},"geometry":{"type":"Polygon","coordinates":[[[-43.3606,-22.4287],[-43.3576,-22.4304],[-43.3607,-22.4284],[-43.3606,-22.4287]]]}},{"type":"Feature","properties":{"cod_tema":"RIO_ATE_10","cod_imovel":"RJ-3303906-AF3A1F2D043142AFAE0D0ED8DBB34940","ind_status":"AT"},"geometry":{"type":"Polygon","coordinates":[[[-43.3603,-22.4304],[-43.3577,-22.4338],[-43.3602,-22.4301],[-43.3603,-22.4304]]]}},{"type":"Feature","properties":{"cod_tema":"RIO_ATE_10","cod_imovel":"RJ-3303906-7FF832843F2643F38E88D0172BD002F9","ind_status":"AT"},"geometry":{"type":"Polygon","coordinates":[[[-42.9947,-22.2527],[-42.991,-22.2592],[-42.995,-22.2525],[-42.9947,-22.2527]],[[-42.9977,-22.2556],[-42.9929,-22.2554],[-42.9981,-22.2555],[-42.9977,-22.2556]]]}},{"type":"Feature","properties":{"cod_tema":"RIO_ATE_10","cod_imovel":"RJ-3303906-DBEDCE7F44B94DCAB3409306332FC02E","ind_status":"AT"},"geometry":{"type":"Polygon","coordinates":[[[-43.1921,-22.381],[-43.1908,-22.376],[-43.1921,-22.381],[-43.1921,-22.381]]]}},{"type":"Feature","properties":{"cod_tema":"RIO_ATE_10","cod_imovel":"RJ-3303906-E1E78EE6D3D24E24A64B4063585CF552","ind_status":"AT"},"geometry":{"type":"Polygon","coordinates":[[[-43.0755,-22.3915],[-43.081,-22.3877],[-43.0753,-22.3917],[-43.0755,-22.3915]],[[-43.088,-22.3865],[-43.0859,-22.3824],[-43.0906,-22.3816],[-43.08,-22.3844],[-43.0758,-22.3785],[-43.08,-22.3839],[-43.0762,-22.3877],[-43.0806,-22.3862],[-43.0862,-22.3943],[-43.0853,-22.386],[-43.0836,-22.3898],[-43.08,-22.3844],[-43.0859,-22.3824],[-43.088,-22.3868],[-43.088,-22.3865]],[[-43.0912,-22.3759],[-43.0901,-22.3677],[-43.0911,-22.3761],[-43.0883,-22.3747],[-43.0944,-22.3775],[-43.0912,-22.3759],[-43.0912,-22.3759]],[[-43.1044,-22.3832],[-43.1009,-22.3788],[-43.1041,-22.375],[-43.098,-22.3792],[-43.0945,-22.3761],[-43.0989,-22.3721],[-43.0949,-22.3744],[-43.1046,-22.3834],[-43.1044,-22.3832]],[[-43.0963,-22.3819],[-43.1018,-22.388],[-43.0964,-22.3818],[-43.0963,-22.3819]]]}},{"type":"Feature","properties":{"cod_tema":"RIO_ATE_10","cod_imovel":"RJ-3303906-7F85F80185694D8FB7E39C1FBDD910AB","ind_status":"AT"},"geometry":{"type":"Polygon","coordinates":[[[-43.1198,-22.455],[-43.1178,-22.45],[-43.1204,-22.4609],[-43.1198,-22.455],[-43.1198,-22.455]],[[-43.1288,-22.4591],[-43.1215,-22.4477],[-43.1262,-22.4554],[-43.1222,-22.4569],[-43.1253,-22.4567],[-43.1229,-22.4656],[-43.124,-22.4577],[-43.129,-22.4591],[-43.1288,-22.4591]]]}},{"type":"Feature","properties":{"cod_tema":"RIO_10_A_50","cod_imovel":"RJ-3303906-7F85F80185694D8FB7E39C1FBDD910AB","ind_status":"AT"},"geometry":{"type":"Polygon","coordinates":[[[-43.1319,-22.4479],[-43.1232,-22.4454],[-43.115,-22.4496],[-43.1231,-22.4455],[-43.1318,-22.4479],[-43.1319,-22.4479]]]}},{"type":"Feature","properties":{"cod_tema":"RIO_ATE_10","cod_imovel":"RJ-3303906-08278A75586A450CA752483CBE212A0E","ind_status":"AT"},"geometry":{"type":"Polygon","coordinates":[[[-43.1731,-22.3547],[-43.1716,-22.3503],[-43.1733,-22.3559],[-43.1731,-22.3547]],[[-43.1823,-22.3466],[-43.183,-22.3434],[-43.1771,-22.3477],[-43.1823,-22.3466],[-43.1778,-22.3542],[-43.1806,-22.356],[-43.1823,-22.3466],[-43.1823,-22.3466]],[[-43.1874,-22.3496],[-43.1905,-22.3474],[-43.187,-22.3498],[-43.1874,-22.3496]],[[-43.1887,-22.3484],[-43.1924,-22.3482],[-43.1883,-22.3429],[-43.1883,-22.3485],[-43.1887,-22.3484]]]}},{"type":"Feature","properties":{"cod_tema":"RIO_ATE_10","cod_imovel":"RJ-3303906-23B523A7B9BB4CD9BB1ADFAECF9A163D","ind_status":"AT"},"geometry":{"type":"Polygon","coordinates":[[[-43.2531,-22.4685],[-43.2497,-22.4672],[-43.2534,-22.4713],[-43.2533,-22.4675],[-43.2531,-22.4685]],[[-43.257,-22.4682],[-43.2544,-22.4725],[-43.2624,-22.4676],[-43.2553,-22.4715],[-43.2569,-22.4679],[-43.257,-22.4682]]]}},{"type":"Feature","properties":{"cod_tema":"RIO_ATE_10","cod_imovel":"RJ-3303906-F2D0D622FC624A68BFE5C921E8BD69EB","ind_status":"AT"},"geometry":{"type":"Polygon","coordinates":[[[-43.0963,-22.4283],[-43.0966,-22.4212],[-43.0964,-22.4286],[-43.0963,-22.4283]]]}},{"type":"Feature","properties":{"cod_tema":"RIO_ATE_10","cod_imovel":"RJ-3303906-F05F26D1017E4F529C925AC3C94B2739","ind_status":"AT"},"geometry":{"type":"Polygon","coordinates":[[[-43.0745,-22.3051],[-43.0681,-22.3039],[-43.0696,-22.3],[-43.0681,-22.3039],[-43.0615,-22.3013],[-43.0712,-22.3092],[-43.0623,-22.3022],[-43.0745,-22.3051],[-43.0745,-22.3051]]]}},{"type":"Feature","properties":{"cod_tema":"RIO_ATE_10","cod_imovel":"RJ-3303906-F5D7839CBD1C42E1BF4FA452ABA73D18","ind_status":"CA"},"geometry":{"type":"Polygon","coordinates":[[[-43.1285,-22.4586],[-43.1226,-22.4511],[-43.1263,-22.4554],[-43.1226,-22.4569],[-43.1241,-22.4627],[-43.1263,-22.4556],[-43.1285,-22.4587],[-43.1285,-22.4586]]]}},{"type":"Feature","properties":{"cod_tema":"RIO_ATE_10","cod_imovel":"RJ-3303906-82AFA10764BB4166964A4BC20E3E7E77","ind_status":"CA"},"geometry":{"type":"Polygon","coordinates":[[[-43.1263,-22.4555],[-43.1235,-22.4522],[-43.1241,-22.4627],[-43.1263,-22.4556],[-43.1285,-22.4587],[-43.1263,-22.4556],[-43.1263,-22.4555]]]}},{"type":"Feature","properties":{"cod_tema":"RIO_ATE_10","cod_imovel":"RJ-3303906-0C50DC70BF124ED0A64825D20CFEF69A","ind_status":"CA"},"geometry":{"type":"Polygon","coordinates":[[[-43.1322,-22.4476],[-43.1231,-22.4455],[-43.1185,-22.4497],[-43.1215,-22.4476],[-43.1236,-22.4522],[-43.1231,-22.4455],[-43.1322,-22.4476],[-43.1322,-22.4476]]]}},{"type":"Feature","properties":{"cod_tema":"RIO_ATE_10","cod_imovel":"RJ-3303906-16E7FF8AD82E4E43BDE521B732058742","ind_status":"AT"},"geometry":{"type":"Polygon","coordinates":[[[-43.086,-22.2514],[-43.0853,-22.2483],[-43.086,-22.2519],[-43.086,-22.2514]]]}},{"type":"Feature","properties":{"cod_tema":"RIO_10_A_50","cod_imovel":"RJ-3303906-16E7FF8AD82E4E43BDE521B732058742","ind_status":"AT"},"geometry":{"type":"Polygon","coordinates":[[[-43.0866,-22.2467],[-43.0783,-22.2472],[-43.077,-22.2512],[-43.0866,-22.2469],[-43.0866,-22.2467]]]}},{"type":"Feature","properties":{"cod_tema":"RIO_ATE_10","cod_imovel":"RJ-3303906-C32E7C94C8A04CF39824603982653E07","ind_status":"AT"},"geometry":{"type":"Polygon","coordinates":[[[-43.024,-22.2096],[-43.0217,-22.2142],[-43.0242,-22.2094],[-43.024,-22.2096]]]}},{"type":"Feature","properties":{"cod_tema":"RIO_ATE_10","cod_imovel":"RJ-3303906-D14A0D15C525420DBB26D550BF4B4B40","ind_status":"AT"},"geometry":{"type":"Polygon","coordinates":[[[-43.0545,-22.2211],[-43.0521,-22.2228],[-43.0545,-22.2211],[-43.0545,-22.2211]]]}},{"type":"Feature","properties":{"cod_tema":"RIO_ATE_10","cod_imovel":"RJ-3303906-D0130D7333AD42299B4B183B7680EF1E","ind_status":"AT"},"geometry":{"type":"Polygon","coordinates":[[[-43.1925,-22.3699],[-43.1978,-22.3728],[-43.1928,-22.3704],[-43.1925,-22.3699]]]}},{"type":"Feature","properties":{"cod_tema":"RIO_ATE_10","cod_imovel":"RJ-3303906-43F2ABA1D26D49D4AFF21C08409D813E","ind_status":"AT"},"geometry":{"type":"Polygon","coordinates":[[[-43.1601,-22.4072],[-43.1584,-22.4134],[-43.1602,-22.4071],[-43.1601,-22.4072]]]}},{"type":"Feature","properties":{"cod_tema":"RIO_10_A_50","cod_imovel":"RJ-3303906-96F6CDEBD599413D970DEB3587A5AB6D","ind_status":"AT"},"geometry":{"type":"Polygon","coordinates":[[[-43.119,-22.3549],[-43.1136,-22.3584],[-43.119,-22.3549],[-43.119,-22.3549]],[[-43.1178,-22.3515],[-43.1134,-22.353],[-43.1177,-22.3515],[-43.1178,-22.3515]],[[-43.1238,-22.3577],[-43.1202,-22.3517],[-43.1237,-22.3578],[-43.1238,-22.3577]]]}},{"type":"Feature","properties":{"cod_tema":"RIO_ATE_10","cod_imovel":"RJ-3303906-DD0CD5FEBDF64A65BF3A1EBBF234E9CB","ind_status":"AT"},"geometry":{"type":"Polygon","coordinates":[[[-43.1051,-22.4117],[-43.1013,-22.4061],[-43.1052,-22.4119],[-43.1051,-22.4117]]]}},{"type":"Feature","properties":{"cod_tema":"RIO_ATE_10","cod_imovel":"RJ-3303906-F58C1AF13C6745A18E3FEA79F110087D","ind_status":"AT"},"geometry":{"type":"Polygon","coordinates":[[[-43.0799,-22.4318],[-43.0871,-22.4319],[-43.0796,-22.4319],[-43.0799,-22.4318]],[[-43.0841,-22.4296],[-43.0928,-22.424],[-43.0836,-22.4298],[-43.0841,-22.4296]],[[-43.0833,-22.4232],[-43.0913,-22.4195],[-43.083,-22.4234],[-43.0833,-22.4232]]]}},{"type":"Feature","properties":{"cod_tema":"RIO_ATE_10","cod_imovel":"RJ-3303906-99CE18FB2F9542C1955FAE5708846BE8","ind_status":"AT"},"geometry":{"type":"Polygon","coordinates":[[[-43.3468,-22.421],[-43.3423,-22.4234],[-43.3469,-22.4209],[-43.3468,-22.421]]]}},{"type":"Feature","properties":{"cod_tema":"RIO_ATE_10","cod_imovel":"RJ-3303906-99CE18FB2F9542C1955FAE5708846BE8","ind_status":"AT"},"geometry":{"type":"Polygon","coordinates":[[[-43.3468,-22.421],[-43.3423,-22.4234],[-43.3469,-22.4209],[-43.3468,-22.421]]]}},{"type":"Feature","properties":{"cod_tema":"RIO_ATE_10","cod_imovel":"RJ-3303906-34E93B7696BD476DBCA5AC9C07E6C80C","ind_status":"AT"},"geometry":{"type":"Polygon","coordinates":[[[-43.3377,-22.4475],[-43.3347,-22.4468],[-43.338,-22.4476],[-43.3377,-22.4475]]]}},{"type":"Feature","properties":{"cod_tema":"RIO_ATE_10","cod_imovel":"RJ-3303906-541502ED270C4F23B829A25BC2EDEB57","ind_status":"AT"},"geometry":{"type":"Polygon","coordinates":[[[-42.9911,-22.2606],[-42.9856,-22.2655],[-42.9911,-22.2606],[-42.9911,-22.2606]]]}},{"type":"Feature","properties":{"cod_tema":"RIO_10_A_50","cod_imovel":"RJ-3303906-CCA0C1BB593A4B7FAA240B16E75974C2","ind_status":"AT"},"geometry":{"type":"Polygon","coordinates":[[[-43.0866,-22.2456],[-43.0866,-22.241],[-43.0864,-22.2455],[-43.0866,-22.2456]]]}},{"type":"Feature","properties":{"cod_tema":"RIO_ATE_10","cod_imovel":"RJ-3303906-1840DF5131894F3D854E2FA90E8C1785","ind_status":"AT"},"geometry":{"type":"Polygon","coordinates":[[[-43.207,-22.3206],[-43.1969,-22.3175],[-43.2009,-22.3145],[-43.1928,-22.3181],[-43.207,-22.3206],[-43.207,-22.3206]],[[-43.2145,-22.3104],[-43.211,-22.3181],[-43.2146,-22.3102],[-43.2145,-22.3104]],[[-43.2201,-22.3222],[-43.2114,-22.3225],[-43.2201,-22.3223],[-43.2201,-22.3222]]]}},{"type":"Feature","properties":{"cod_tema":"RIO_ATE_10","cod_imovel":"RJ-3303906-59C7EAEB01CC40878A7816B8CCAF26B5","ind_status":"AT"},"geometry":{"type":"Polygon","coordinates":[[[-43.2683,-22.3934],[-43.2729,-22.3905],[-43.265,-22.3891],[-43.2718,-22.3909],[-43.2684,-22.3934],[-43.2683,-22.3934]]]}},{"type":"Feature","properties":{"cod_tema":"RIO_ATE_10","cod_imovel":"RJ-3303906-E8AC18D9C3144CF5BF900DBE45E52066","ind_status":"AT"},"geometry":{"type":"Polygon","coordinates":[[[-43.2241,-22.3139],[-43.2269,-22.3154],[-43.2241,-22.3138],[-43.2241,-22.3139]],[[-43.2237,-22.3134],[-43.2214,-22.3171],[-43.2234,-22.314],[-43.2237,-22.3134]],[[-43.2264,-22.3101],[-43.2317,-22.3163],[-43.2265,-22.3101],[-43.2264,-22.3101]],[[-43.2234,-22.3101],[-43.2189,-22.3058],[-43.2236,-22.3132],[-43.2234,-22.3102],[-43.2234,-22.3101]],[[-43.2366,-22.3113],[-43.2182,-22.3058],[-43.2361,-22.3115],[-43.2366,-22.3113]]]}},{"type":"Feature","properties":{"cod_tema":"RIO_ATE_10","cod_imovel":"RJ-3303906-6CBB93CEE61A4E49BC554C16EFEC53E4","ind_status":"AT"},"geometry":{"type":"Polygon","coordinates":[[[-43.2103,-22.3785],[-43.2163,-22.3765],[-43.2178,-22.3696],[-43.208,-22.3631],[-43.2177,-22.3696],[-43.2162,-22.3765],[-43.2099,-22.3786],[-43.2103,-22.3785]]]}},{"type":"Feature","properties":{"cod_tema":"RIO_ATE_10","cod_imovel":"RJ-3303906-3429B430D29B4494BCEB845CC85EA2AB","ind_status":"AT"},"geometry":{"type":"Polygon","coordinates":[[[-43.2974,-22.4112],[-43.3068,-22.4076],[-43.2967,-22.4116],[-43.2974,-22.4112]]]}},{"type":"Feature","properties":{"cod_tema":"RIO_ATE_10","cod_imovel":"RJ-3303906-3429B430D29B4494BCEB845CC85EA2AB","ind_status":"AT"},"geometry":{"type":"Polygon","coordinates":[[[-43.2968,-22.415],[-43.3084,-22.4101],[-43.3064,-22.4072],[-43.3079,-22.4111],[-43.2961,-22.4151],[-43.2968,-22.415]]]}},{"type":"Feature","properties":{"cod_tema":"RIO_ATE_10","cod_imovel":"RJ-3303906-90D94CF63FFA431FB1D6585DD4F425A0","ind_status":"AT"},"geometry":{"type":"Polygon","coordinates":[[[-43.2946,-22.4086],[-43.2982,-22.4047],[-43.2944,-22.4088],[-43.2946,-22.4086]]]}},{"type":"Feature","properties":{"cod_tema":"RIO_ATE_10","cod_imovel":"RJ-3303906-90D94CF63FFA431FB1D6585DD4F425A0","ind_status":"AT"},"geometry":{"type":"Polygon","coordinates":[[[-43.3065,-22.407],[-43.3034,-22.4044],[-43.3066,-22.4072],[-43.3065,-22.407]]]}},{"type":"Feature","properties":{"cod_tema":"RIO_ATE_10","cod_imovel":"RJ-3303906-A3E6294DFDEC48908BA7856011BC0E50","ind_status":"AT"},"geometry":{"type":"Polygon","coordinates":[[[-43.1317,-22.3601],[-43.1256,-22.3585],[-43.1317,-22.3601],[-43.1317,-22.3601]]]}},{"type":"Feature","properties":{"cod_tema":"RIO_ATE_10","cod_imovel":"RJ-3303906-A3E6294DFDEC48908BA7856011BC0E50","ind_status":"AT"},"geometry":{"type":"Polygon","coordinates":[[[-43.1317,-22.3601],[-43.1256,-22.3585],[-43.1317,-22.3601],[-43.1317,-22.3601]]]}},{"type":"Feature","properties":{"cod_tema":"RIO_ATE_10","cod_imovel":"RJ-3303906-E54E0665DA024D19A9F0CC706ABF0AE0","ind_status":"AT"},"geometry":{"type":"Polygon","coordinates":[[[-43.1257,-22.4062],[-43.1322,-22.4075],[-43.1256,-22.4062],[-43.1257,-22.4062]]]}},{"type":"Feature","properties":{"cod_tema":"RIO_ATE_10","cod_imovel":"RJ-3303906-E54E0665DA024D19A9F0CC706ABF0AE0","ind_status":"AT"},"geometry":{"type":"Polygon","coordinates":[[[-43.1275,-22.4029],[-43.1315,-22.4012],[-43.1275,-22.4029],[-43.1275,-22.4029]]]}},{"type":"Feature","properties":{"cod_tema":"RIO_ATE_10","cod_imovel":"RJ-3303906-C67A43AB32D64F4D9CC66A0376AC401C","ind_status":"AT"},"geometry":{"type":"Polygon","coordinates":[[[-43.0272,-22.2456],[-43.0135,-22.2473],[-43.0192,-22.2456],[-43.0213,-22.2525],[-43.0196,-22.2435],[-43.0275,-22.2456],[-43.0272,-22.2456]],[[-43.0244,-22.252],[-43.02,-22.2571],[-43.0245,-22.2518],[-43.0244,-22.252]]]}},{"type":"Feature","properties":{"cod_tema":"RIO_ATE_10","cod_imovel":"RJ-3303906-9F225B192A0240BEAD27A76DF4892AC3","ind_status":"PE"},"geometry":{"type":"Polygon","coordinates":[[[-43.0865,-22.2803],[-43.0884,-22.2776],[-43.0865,-22.2803],[-43.0865,-22.2803]]]}},{"type":"Feature","properties":{"cod_tema":"RIO_ATE_10","cod_imovel":"RJ-3303906-D8AF72C4977A4B1BAE32733A2B0D4064","ind_status":"AT"},"geometry":{"type":"Polygon","coordinates":[[[-43.073,-22.3472],[-43.0772,-22.3492],[-43.0733,-22.3453],[-43.073,-22.3472]]]}},{"type":"Feature","properties":{"cod_tema":"RIO_ATE_10","cod_imovel":"RJ-3303906-16294A7970B443C9AB3465D0620CBDB1","ind_status":"AT"},"geometry":{"type":"Polygon","coordinates":[[[-42.9983,-22.248],[-43.0087,-22.2504],[-42.9982,-22.248],[-42.9983,-22.248]]]}}]}